model,subject,y,pred,level,config,phenotype,fingerprint
enet,HR_S03,1,0.428571428571429,modules,acute,HR_LR,5e6bd8f1d315
enet,HR_S10,1,0.428571428571429,modules,acute,HR_LR,5e6bd8f1d315
enet,HR_S16,1,0.428571428571429,modules,acute,HR_LR,5e6bd8f1d315
enet,HR_S22,1,0.428571428571429,modules,acute,HR_LR,5e6bd8f1d315
enet,HR_S24,1,0.428571428571429,modules,acute,HR_LR,5e6bd8f1d315
enet,HR_S27,1,0.428571428571429,modules,acute,HR_LR,5e6bd8f1d315
enet,HR_S29,1,0.363765504326543,modules,acute,HR_LR,5e6bd8f1d315
enet,LR_S04,0,0.5,modules,acute,HR_LR,5e6bd8f1d315
enet,LR_S05,0,0.5,modules,acute,HR_LR,5e6bd8f1d315
enet,LR_S06,0,0.5,modules,acute,HR_LR,5e6bd8f1d315
enet,LR_S12,0,0.5,modules,acute,HR_LR,5e6bd8f1d315
enet,LR_S14,0,0.908087530553088,modules,acute,HR_LR,5e6bd8f1d315
enet,LR_S17,0,0.5,modules,acute,HR_LR,5e6bd8f1d315
enet,LR_S21,0,0.5,modules,acute,HR_LR,5e6bd8f1d315
enet,LR_S30,0,0.631799110894246,modules,acute,HR_LR,5e6bd8f1d315
lasso,HR_S03,1,0.428571428571429,modules,acute,HR_LR,5e6bd8f1d315
lasso,HR_S10,1,0.428571428571429,modules,acute,HR_LR,5e6bd8f1d315
lasso,HR_S16,1,0.428571428571429,modules,acute,HR_LR,5e6bd8f1d315
lasso,HR_S22,1,0.428571428571429,modules,acute,HR_LR,5e6bd8f1d315
lasso,HR_S24,1,0.428571428571429,modules,acute,HR_LR,5e6bd8f1d315
lasso,HR_S27,1,0.428571428571429,modules,acute,HR_LR,5e6bd8f1d315
lasso,HR_S29,1,0.364248942292074,modules,acute,HR_LR,5e6bd8f1d315
lasso,LR_S04,0,0.5,modules,acute,HR_LR,5e6bd8f1d315
lasso,LR_S05,0,0.5,modules,acute,HR_LR,5e6bd8f1d315
lasso,LR_S06,0,0.5,modules,acute,HR_LR,5e6bd8f1d315
lasso,LR_S12,0,0.5,modules,acute,HR_LR,5e6bd8f1d315
lasso,LR_S14,0,0.77914286935037,modules,acute,HR_LR,5e6bd8f1d315
lasso,LR_S17,0,0.5,modules,acute,HR_LR,5e6bd8f1d315
lasso,LR_S21,0,0.5,modules,acute,HR_LR,5e6bd8f1d315
lasso,LR_S30,0,0.729746502667441,modules,acute,HR_LR,5e6bd8f1d315
pam,HR_S03,1,0.428571428571429,modules,acute,HR_LR,5e6bd8f1d315
pam,HR_S10,1,0.415983181649908,modules,acute,HR_LR,5e6bd8f1d315
pam,HR_S16,1,0.306067073810794,modules,acute,HR_LR,5e6bd8f1d315
pam,HR_S22,1,0.434174893565282,modules,acute,HR_LR,5e6bd8f1d315
pam,HR_S24,1,0.428571428571429,modules,acute,HR_LR,5e6bd8f1d315
pam,HR_S27,1,0.289749567011996,modules,acute,HR_LR,5e6bd8f1d315
pam,HR_S29,1,0.348587347398358,modules,acute,HR_LR,5e6bd8f1d315
pam,LR_S04,0,0.610215241101947,modules,acute,HR_LR,5e6bd8f1d315
pam,LR_S05,0,0.386764720629801,modules,acute,HR_LR,5e6bd8f1d315
pam,LR_S06,0,0.471639630174667,modules,acute,HR_LR,5e6bd8f1d315
pam,LR_S12,0,0.503605889250537,modules,acute,HR_LR,5e6bd8f1d315
pam,LR_S14,0,0.547950536443936,modules,acute,HR_LR,5e6bd8f1d315
pam,LR_S17,0,0.156382804301553,modules,acute,HR_LR,5e6bd8f1d315
pam,LR_S21,0,0.455003914150573,modules,acute,HR_LR,5e6bd8f1d315
pam,LR_S30,0,0.507317511369583,modules,acute,HR_LR,5e6bd8f1d315
plain,HR_S03,1,1,modules,acute,HR_LR,5e6bd8f1d315
plain,HR_S10,1,2.22044604925031e-16,modules,acute,HR_LR,5e6bd8f1d315
plain,HR_S16,1,3.44505851855596e-11,modules,acute,HR_LR,5e6bd8f1d315
plain,HR_S22,1,2.22044604925031e-16,modules,acute,HR_LR,5e6bd8f1d315
plain,HR_S24,1,1,modules,acute,HR_LR,5e6bd8f1d315
plain,HR_S27,1,1,modules,acute,HR_LR,5e6bd8f1d315
plain,HR_S29,1,2.22044604925031e-16,modules,acute,HR_LR,5e6bd8f1d315
plain,LR_S04,0,1,modules,acute,HR_LR,5e6bd8f1d315
plain,LR_S05,0,2.22044604925031e-16,modules,acute,HR_LR,5e6bd8f1d315
plain,LR_S06,0,0.999999999998889,modules,acute,HR_LR,5e6bd8f1d315
plain,LR_S12,0,2.22044604925031e-16,modules,acute,HR_LR,5e6bd8f1d315
plain,LR_S14,0,1,modules,acute,HR_LR,5e6bd8f1d315
plain,LR_S17,0,1,modules,acute,HR_LR,5e6bd8f1d315
plain,LR_S21,0,2.22044604925031e-16,modules,acute,HR_LR,5e6bd8f1d315
plain,LR_S30,0,1,modules,acute,HR_LR,5e6bd8f1d315
rf,HR_S03,1,0.47085,modules,acute,HR_LR,5e6bd8f1d315
rf,HR_S10,1,0.480390476190476,modules,acute,HR_LR,5e6bd8f1d315
rf,HR_S16,1,0.335340476190476,modules,acute,HR_LR,5e6bd8f1d315
rf,HR_S22,1,0.299246031746032,modules,acute,HR_LR,5e6bd8f1d315
rf,HR_S24,1,0.687076984126984,modules,acute,HR_LR,5e6bd8f1d315
rf,HR_S27,1,0.396904761904762,modules,acute,HR_LR,5e6bd8f1d315
rf,HR_S29,1,0.518803174603174,modules,acute,HR_LR,5e6bd8f1d315
rf,LR_S04,0,0.548609523809524,modules,acute,HR_LR,5e6bd8f1d315
rf,LR_S05,0,0.242419841269841,modules,acute,HR_LR,5e6bd8f1d315
rf,LR_S06,0,0.431549206349207,modules,acute,HR_LR,5e6bd8f1d315
rf,LR_S12,0,0.470487301587302,modules,acute,HR_LR,5e6bd8f1d315
rf,LR_S14,0,0.579796825396825,modules,acute,HR_LR,5e6bd8f1d315
rf,LR_S17,0,0.311276190476191,modules,acute,HR_LR,5e6bd8f1d315
rf,LR_S21,0,0.435753174603175,modules,acute,HR_LR,5e6bd8f1d315
rf,LR_S30,0,0.534405555555556,modules,acute,HR_LR,5e6bd8f1d315
ridge,HR_S03,1,0.428571428571429,modules,acute,HR_LR,5e6bd8f1d315
ridge,HR_S10,1,0.428571428571429,modules,acute,HR_LR,5e6bd8f1d315
ridge,HR_S16,1,0.428571428571429,modules,acute,HR_LR,5e6bd8f1d315
ridge,HR_S22,1,0.428571428571429,modules,acute,HR_LR,5e6bd8f1d315
ridge,HR_S24,1,0.428571428571429,modules,acute,HR_LR,5e6bd8f1d315
ridge,HR_S27,1,0.428571428571429,modules,acute,HR_LR,5e6bd8f1d315
ridge,HR_S29,1,0.428571428571429,modules,acute,HR_LR,5e6bd8f1d315
ridge,LR_S04,0,0.5,modules,acute,HR_LR,5e6bd8f1d315
ridge,LR_S05,0,0.5,modules,acute,HR_LR,5e6bd8f1d315
ridge,LR_S06,0,0.5,modules,acute,HR_LR,5e6bd8f1d315
ridge,LR_S12,0,0.5,modules,acute,HR_LR,5e6bd8f1d315
ridge,LR_S14,0,0.788757613126643,modules,acute,HR_LR,5e6bd8f1d315
ridge,LR_S17,0,0.5,modules,acute,HR_LR,5e6bd8f1d315
ridge,LR_S21,0,0.5,modules,acute,HR_LR,5e6bd8f1d315
ridge,LR_S30,0,0.5,modules,acute,HR_LR,5e6bd8f1d315
spls,HR_S03,1,0.59623898754104,modules,acute,HR_LR,5e6bd8f1d315
spls,HR_S10,1,0.501114476426901,modules,acute,HR_LR,5e6bd8f1d315
spls,HR_S16,1,0.306498341854072,modules,acute,HR_LR,5e6bd8f1d315
spls,HR_S22,1,0.291849989547882,modules,acute,HR_LR,5e6bd8f1d315
spls,HR_S24,1,1.93481483687874,modules,acute,HR_LR,5e6bd8f1d315
spls,HR_S27,1,0.430892884181187,modules,acute,HR_LR,5e6bd8f1d315
spls,HR_S29,1,0.230510437575601,modules,acute,HR_LR,5e6bd8f1d315
spls,LR_S04,0,0.782603924991183,modules,acute,HR_LR,5e6bd8f1d315
spls,LR_S05,0,0.208846840655384,modules,acute,HR_LR,5e6bd8f1d315
spls,LR_S06,0,0.452744570820903,modules,acute,HR_LR,5e6bd8f1d315
spls,LR_S12,0,0.349603577945792,modules,acute,HR_LR,5e6bd8f1d315
spls,LR_S14,0,0.663450647583815,modules,acute,HR_LR,5e6bd8f1d315
spls,LR_S17,0,-0.0679573191483265,modules,acute,HR_LR,5e6bd8f1d315
spls,LR_S21,0,0.40078862087421,modules,acute,HR_LR,5e6bd8f1d315
spls,LR_S30,0,0.853131418311412,modules,acute,HR_LR,5e6bd8f1d315
svm,HR_S03,1,0.451747953546191,modules,acute,HR_LR,5e6bd8f1d315
svm,HR_S10,1,0.441483216069244,modules,acute,HR_LR,5e6bd8f1d315
svm,HR_S16,1,0.359137997779499,modules,acute,HR_LR,5e6bd8f1d315
svm,HR_S22,1,0.42224145650884,modules,acute,HR_LR,5e6bd8f1d315
svm,HR_S24,1,0.735086011308923,modules,acute,HR_LR,5e6bd8f1d315
svm,HR_S27,1,0.452185715417763,modules,acute,HR_LR,5e6bd8f1d315
svm,HR_S29,1,0.272565326806641,modules,acute,HR_LR,5e6bd8f1d315
svm,LR_S04,0,0.518782258483731,modules,acute,HR_LR,5e6bd8f1d315
svm,LR_S05,0,0.444401283472496,modules,acute,HR_LR,5e6bd8f1d315
svm,LR_S06,0,0.543363388260503,modules,acute,HR_LR,5e6bd8f1d315
svm,LR_S12,0,0.363979540869657,modules,acute,HR_LR,5e6bd8f1d315
svm,LR_S14,0,0.701325781640421,modules,acute,HR_LR,5e6bd8f1d315
svm,LR_S17,0,0.449366248362119,modules,acute,HR_LR,5e6bd8f1d315
svm,LR_S21,0,0.422494453490098,modules,acute,HR_LR,5e6bd8f1d315
svm,LR_S30,0,0.585936947486572,modules,acute,HR_LR,5e6bd8f1d315
enet,HR_S03,1,0.428571428571429,modules,T1,HR_LR,5e6bd8f1d315
enet,HR_S10,1,0.428571428571429,modules,T1,HR_LR,5e6bd8f1d315
enet,HR_S16,1,0.428571428571429,modules,T1,HR_LR,5e6bd8f1d315
enet,HR_S22,1,0.428571428571429,modules,T1,HR_LR,5e6bd8f1d315
enet,HR_S24,1,0.428571428571429,modules,T1,HR_LR,5e6bd8f1d315
enet,HR_S27,1,0.428571428571429,modules,T1,HR_LR,5e6bd8f1d315
enet,HR_S28,1,0.428571428571429,modules,T1,HR_LR,5e6bd8f1d315
enet,LR_S04,0,0.5,modules,T1,HR_LR,5e6bd8f1d315
enet,LR_S05,0,0.5,modules,T1,HR_LR,5e6bd8f1d315
enet,LR_S06,0,0.5,modules,T1,HR_LR,5e6bd8f1d315
enet,LR_S12,0,0.5,modules,T1,HR_LR,5e6bd8f1d315
enet,LR_S14,0,0.5,modules,T1,HR_LR,5e6bd8f1d315
enet,LR_S17,0,0.5,modules,T1,HR_LR,5e6bd8f1d315
enet,LR_S21,0,0.5,modules,T1,HR_LR,5e6bd8f1d315
enet,LR_S30,0,0.5,modules,T1,HR_LR,5e6bd8f1d315
lasso,HR_S03,1,0.428571428571429,modules,T1,HR_LR,5e6bd8f1d315
lasso,HR_S10,1,0.428571428571429,modules,T1,HR_LR,5e6bd8f1d315
lasso,HR_S16,1,0.428571428571429,modules,T1,HR_LR,5e6bd8f1d315
lasso,HR_S22,1,0.428571428571429,modules,T1,HR_LR,5e6bd8f1d315
lasso,HR_S24,1,0.428571428571429,modules,T1,HR_LR,5e6bd8f1d315
lasso,HR_S27,1,0.428571428571429,modules,T1,HR_LR,5e6bd8f1d315
lasso,HR_S28,1,0.428571428571429,modules,T1,HR_LR,5e6bd8f1d315
lasso,LR_S04,0,0.5,modules,T1,HR_LR,5e6bd8f1d315
lasso,LR_S05,0,0.5,modules,T1,HR_LR,5e6bd8f1d315
lasso,LR_S06,0,0.5,modules,T1,HR_LR,5e6bd8f1d315
lasso,LR_S12,0,0.5,modules,T1,HR_LR,5e6bd8f1d315
lasso,LR_S14,0,0.5,modules,T1,HR_LR,5e6bd8f1d315
lasso,LR_S17,0,0.5,modules,T1,HR_LR,5e6bd8f1d315
lasso,LR_S21,0,0.5,modules,T1,HR_LR,5e6bd8f1d315
lasso,LR_S30,0,0.5,modules,T1,HR_LR,5e6bd8f1d315
pam,HR_S03,1,0.428571428571429,modules,T1,HR_LR,5e6bd8f1d315
pam,HR_S10,1,0.428571428571429,modules,T1,HR_LR,5e6bd8f1d315
pam,HR_S16,1,0.428571428571429,modules,T1,HR_LR,5e6bd8f1d315
pam,HR_S22,1,0.428571428571429,modules,T1,HR_LR,5e6bd8f1d315
pam,HR_S24,1,0.428571428571429,modules,T1,HR_LR,5e6bd8f1d315
pam,HR_S27,1,0.428571428571429,modules,T1,HR_LR,5e6bd8f1d315
pam,HR_S28,1,0.428571428571429,modules,T1,HR_LR,5e6bd8f1d315
pam,LR_S04,0,0.665032147430457,modules,T1,HR_LR,5e6bd8f1d315
pam,LR_S05,0,0.473198951147257,modules,T1,HR_LR,5e6bd8f1d315
pam,LR_S06,0,0.481239496347718,modules,T1,HR_LR,5e6bd8f1d315
pam,LR_S12,0,0.454134297945083,modules,T1,HR_LR,5e6bd8f1d315
pam,LR_S14,0,0.534891435028842,modules,T1,HR_LR,5e6bd8f1d315
pam,LR_S17,0,0.513501463862367,modules,T1,HR_LR,5e6bd8f1d315
pam,LR_S21,0,0.546514220144167,modules,T1,HR_LR,5e6bd8f1d315
pam,LR_S30,0,0.481931751168214,modules,T1,HR_LR,5e6bd8f1d315
plain,HR_S03,1,1,modules,T1,HR_LR,5e6bd8f1d315
plain,HR_S10,1,0.999946233904566,modules,T1,HR_LR,5e6bd8f1d315
plain,HR_S16,1,1,modules,T1,HR_LR,5e6bd8f1d315
plain,HR_S22,1,1,modules,T1,HR_LR,5e6bd8f1d315
plain,HR_S24,1,1,modules,T1,HR_LR,5e6bd8f1d315
plain,HR_S27,1,0.999861978549158,modules,T1,HR_LR,5e6bd8f1d315
plain,HR_S28,1,1,modules,T1,HR_LR,5e6bd8f1d315
plain,LR_S04,0,2.22044604925031e-16,modules,T1,HR_LR,5e6bd8f1d315
plain,LR_S05,0,0.999999999939098,modules,T1,HR_LR,5e6bd8f1d315
plain,LR_S06,0,1,modules,T1,HR_LR,5e6bd8f1d315
plain,LR_S12,0,2.22044604925031e-16,modules,T1,HR_LR,5e6bd8f1d315
plain,LR_S14,0,0.999999999912594,modules,T1,HR_LR,5e6bd8f1d315
plain,LR_S17,0,1,modules,T1,HR_LR,5e6bd8f1d315
plain,LR_S21,0,0.999999999987021,modules,T1,HR_LR,5e6bd8f1d315
plain,LR_S30,0,2.22044604925031e-16,modules,T1,HR_LR,5e6bd8f1d315
rf,HR_S03,1,0.242976190476191,modules,T1,HR_LR,5e6bd8f1d315
rf,HR_S10,1,0.205625396825397,modules,T1,HR_LR,5e6bd8f1d315
rf,HR_S16,1,0.38109126984127,modules,T1,HR_LR,5e6bd8f1d315
rf,HR_S22,1,0.550173809523809,modules,T1,HR_LR,5e6bd8f1d315
rf,HR_S24,1,0.48578253968254,modules,T1,HR_LR,5e6bd8f1d315
rf,HR_S27,1,0.458663492063492,modules,T1,HR_LR,5e6bd8f1d315
rf,HR_S28,1,0.410865873015873,modules,T1,HR_LR,5e6bd8f1d315
rf,LR_S04,0,0.633696825396825,modules,T1,HR_LR,5e6bd8f1d315
rf,LR_S05,0,0.368870634920635,modules,T1,HR_LR,5e6bd8f1d315
rf,LR_S06,0,0.418181746031746,modules,T1,HR_LR,5e6bd8f1d315
rf,LR_S12,0,0.353885714285714,modules,T1,HR_LR,5e6bd8f1d315
rf,LR_S14,0,0.665550793650793,modules,T1,HR_LR,5e6bd8f1d315
rf,LR_S17,0,0.534884126984127,modules,T1,HR_LR,5e6bd8f1d315
rf,LR_S21,0,0.625399206349206,modules,T1,HR_LR,5e6bd8f1d315
rf,LR_S30,0,0.462780952380952,modules,T1,HR_LR,5e6bd8f1d315
ridge,HR_S03,1,0.428571428571429,modules,T1,HR_LR,5e6bd8f1d315
ridge,HR_S10,1,0.428571428571429,modules,T1,HR_LR,5e6bd8f1d315
ridge,HR_S16,1,0.428571428571429,modules,T1,HR_LR,5e6bd8f1d315
ridge,HR_S22,1,0.428571428571429,modules,T1,HR_LR,5e6bd8f1d315
ridge,HR_S24,1,0.428571428571429,modules,T1,HR_LR,5e6bd8f1d315
ridge,HR_S27,1,0.428571428571429,modules,T1,HR_LR,5e6bd8f1d315
ridge,HR_S28,1,0.428571428571429,modules,T1,HR_LR,5e6bd8f1d315
ridge,LR_S04,0,0.5,modules,T1,HR_LR,5e6bd8f1d315
ridge,LR_S05,0,0.5,modules,T1,HR_LR,5e6bd8f1d315
ridge,LR_S06,0,0.5,modules,T1,HR_LR,5e6bd8f1d315
ridge,LR_S12,0,0.5,modules,T1,HR_LR,5e6bd8f1d315
ridge,LR_S14,0,0.5,modules,T1,HR_LR,5e6bd8f1d315
ridge,LR_S17,0,0.5,modules,T1,HR_LR,5e6bd8f1d315
ridge,LR_S21,0,0.5,modules,T1,HR_LR,5e6bd8f1d315
ridge,LR_S30,0,0.5,modules,T1,HR_LR,5e6bd8f1d315
spls,HR_S03,1,-0.135104058692972,modules,T1,HR_LR,5e6bd8f1d315
spls,HR_S10,1,0.216147083080241,modules,T1,HR_LR,5e6bd8f1d315
spls,HR_S16,1,0.449201445628007,modules,T1,HR_LR,5e6bd8f1d315
spls,HR_S22,1,0.625507196752947,modules,T1,HR_LR,5e6bd8f1d315
spls,HR_S24,1,0.346769558165089,modules,T1,HR_LR,5e6bd8f1d315
spls,HR_S27,1,0.384391901727967,modules,T1,HR_LR,5e6bd8f1d315
spls,HR_S28,1,0.326245816641794,modules,T1,HR_LR,5e6bd8f1d315
spls,LR_S04,0,1.22512109952494,modules,T1,HR_LR,5e6bd8f1d315
spls,LR_S05,0,0.33604613154857,modules,T1,HR_LR,5e6bd8f1d315
spls,LR_S06,0,0.285959493320009,modules,T1,HR_LR,5e6bd8f1d315
spls,LR_S12,0,0.120156441143266,modules,T1,HR_LR,5e6bd8f1d315
spls,LR_S14,0,0.872700996114212,modules,T1,HR_LR,5e6bd8f1d315
spls,LR_S17,0,0.663871437668306,modules,T1,HR_LR,5e6bd8f1d315
spls,LR_S21,0,0.793419095430666,modules,T1,HR_LR,5e6bd8f1d315
spls,LR_S30,0,0.397046438624408,modules,T1,HR_LR,5e6bd8f1d315
svm,HR_S03,1,0.518382477291195,modules,T1,HR_LR,5e6bd8f1d315
svm,HR_S10,1,0.464089635129401,modules,T1,HR_LR,5e6bd8f1d315
svm,HR_S16,1,0.480031785055086,modules,T1,HR_LR,5e6bd8f1d315
svm,HR_S22,1,0.293537966784324,modules,T1,HR_LR,5e6bd8f1d315
svm,HR_S24,1,0.461431790907187,modules,T1,HR_LR,5e6bd8f1d315
svm,HR_S27,1,0.421031983493208,modules,T1,HR_LR,5e6bd8f1d315
svm,HR_S28,1,0.507611054085923,modules,T1,HR_LR,5e6bd8f1d315
svm,LR_S04,0,0.579674599335266,modules,T1,HR_LR,5e6bd8f1d315
svm,LR_S05,0,0.540507170823094,modules,T1,HR_LR,5e6bd8f1d315
svm,LR_S06,0,0.605545027905156,modules,T1,HR_LR,5e6bd8f1d315
svm,LR_S12,0,0.488881000336295,modules,T1,HR_LR,5e6bd8f1d315
svm,LR_S14,0,0.460567345267533,modules,T1,HR_LR,5e6bd8f1d315
svm,LR_S17,0,0.558138199703314,modules,T1,HR_LR,5e6bd8f1d315
svm,LR_S21,0,0.50726058491782,modules,T1,HR_LR,5e6bd8f1d315
svm,LR_S30,0,0.532079024109038,modules,T1,HR_LR,5e6bd8f1d315
enet,HR_S03,1,0.428571428571429,modules,T2,HR_LR,5e6bd8f1d315
enet,HR_S10,1,0.428571428571429,modules,T2,HR_LR,5e6bd8f1d315
enet,HR_S16,1,0.428571428571429,modules,T2,HR_LR,5e6bd8f1d315
enet,HR_S22,1,0.428571428571429,modules,T2,HR_LR,5e6bd8f1d315
enet,HR_S24,1,0.428571428571429,modules,T2,HR_LR,5e6bd8f1d315
enet,HR_S27,1,0.428571428571429,modules,T2,HR_LR,5e6bd8f1d315
enet,HR_S29,1,0.428571428571429,modules,T2,HR_LR,5e6bd8f1d315
enet,LR_S04,0,0.5,modules,T2,HR_LR,5e6bd8f1d315
enet,LR_S05,0,0.5,modules,T2,HR_LR,5e6bd8f1d315
enet,LR_S06,0,0.5,modules,T2,HR_LR,5e6bd8f1d315
enet,LR_S12,0,0.5,modules,T2,HR_LR,5e6bd8f1d315
enet,LR_S14,0,0.5,modules,T2,HR_LR,5e6bd8f1d315
enet,LR_S17,0,0.5,modules,T2,HR_LR,5e6bd8f1d315
enet,LR_S21,0,0.5,modules,T2,HR_LR,5e6bd8f1d315
enet,LR_S30,0,0.538374901673177,modules,T2,HR_LR,5e6bd8f1d315
lasso,HR_S03,1,0.428571428571429,modules,T2,HR_LR,5e6bd8f1d315
lasso,HR_S10,1,0.428571428571429,modules,T2,HR_LR,5e6bd8f1d315
lasso,HR_S16,1,0.428571428571429,modules,T2,HR_LR,5e6bd8f1d315
lasso,HR_S22,1,0.428571428571429,modules,T2,HR_LR,5e6bd8f1d315
lasso,HR_S24,1,0.428571428571429,modules,T2,HR_LR,5e6bd8f1d315
lasso,HR_S27,1,0.428571428571429,modules,T2,HR_LR,5e6bd8f1d315
lasso,HR_S29,1,0.428571428571429,modules,T2,HR_LR,5e6bd8f1d315
lasso,LR_S04,0,0.5,modules,T2,HR_LR,5e6bd8f1d315
lasso,LR_S05,0,0.5,modules,T2,HR_LR,5e6bd8f1d315
lasso,LR_S06,0,0.5,modules,T2,HR_LR,5e6bd8f1d315
lasso,LR_S12,0,0.5,modules,T2,HR_LR,5e6bd8f1d315
lasso,LR_S14,0,0.5,modules,T2,HR_LR,5e6bd8f1d315
lasso,LR_S17,0,0.5,modules,T2,HR_LR,5e6bd8f1d315
lasso,LR_S21,0,0.5,modules,T2,HR_LR,5e6bd8f1d315
lasso,LR_S30,0,0.551280201696672,modules,T2,HR_LR,5e6bd8f1d315
pam,HR_S03,1,0.428571428571429,modules,T2,HR_LR,5e6bd8f1d315
pam,HR_S10,1,0.257152998462494,modules,T2,HR_LR,5e6bd8f1d315
pam,HR_S16,1,0.428571428571429,modules,T2,HR_LR,5e6bd8f1d315
pam,HR_S22,1,0.428571428571429,modules,T2,HR_LR,5e6bd8f1d315
pam,HR_S24,1,0.428571428571429,modules,T2,HR_LR,5e6bd8f1d315
pam,HR_S27,1,0.428571428571429,modules,T2,HR_LR,5e6bd8f1d315
pam,HR_S29,1,0.428571428571429,modules,T2,HR_LR,5e6bd8f1d315
pam,LR_S04,0,0.499299167517627,modules,T2,HR_LR,5e6bd8f1d315
pam,LR_S05,0,0.49538344232672,modules,T2,HR_LR,5e6bd8f1d315
pam,LR_S06,0,0.498854856536683,modules,T2,HR_LR,5e6bd8f1d315
pam,LR_S12,0,0.518161601824187,modules,T2,HR_LR,5e6bd8f1d315
pam,LR_S14,0,0.931008366487883,modules,T2,HR_LR,5e6bd8f1d315
pam,LR_S17,0,0.478145084322946,modules,T2,HR_LR,5e6bd8f1d315
pam,LR_S21,0,0.502354246018742,modules,T2,HR_LR,5e6bd8f1d315
pam,LR_S30,0,0.505485150861106,modules,T2,HR_LR,5e6bd8f1d315
plain,HR_S03,1,2.22044604925031e-16,modules,T2,HR_LR,5e6bd8f1d315
plain,HR_S10,1,2.22044604925031e-16,modules,T2,HR_LR,5e6bd8f1d315
plain,HR_S16,1,2.22044604925031e-16,modules,T2,HR_LR,5e6bd8f1d315
plain,HR_S22,1,2.22044604925031e-16,modules,T2,HR_LR,5e6bd8f1d315
plain,HR_S24,1,2.22044604925031e-16,modules,T2,HR_LR,5e6bd8f1d315
plain,HR_S27,1,1,modules,T2,HR_LR,5e6bd8f1d315
plain,HR_S29,1,2.22044604925031e-16,modules,T2,HR_LR,5e6bd8f1d315
plain,LR_S04,0,2.22044604925031e-16,modules,T2,HR_LR,5e6bd8f1d315
plain,LR_S05,0,1,modules,T2,HR_LR,5e6bd8f1d315
plain,LR_S06,0,1,modules,T2,HR_LR,5e6bd8f1d315
plain,LR_S12,0,2.22044604925031e-16,modules,T2,HR_LR,5e6bd8f1d315
plain,LR_S14,0,1,modules,T2,HR_LR,5e6bd8f1d315
plain,LR_S17,0,2.22044604925031e-16,modules,T2,HR_LR,5e6bd8f1d315
plain,LR_S21,0,2.22044604925031e-16,modules,T2,HR_LR,5e6bd8f1d315
plain,LR_S30,0,1,modules,T2,HR_LR,5e6bd8f1d315
rf,HR_S03,1,0.47996746031746,modules,T2,HR_LR,5e6bd8f1d315
rf,HR_S10,1,0.221707936507937,modules,T2,HR_LR,5e6bd8f1d315
rf,HR_S16,1,0.458713492063492,modules,T2,HR_LR,5e6bd8f1d315
rf,HR_S22,1,0.507633333333333,modules,T2,HR_LR,5e6bd8f1d315
rf,HR_S24,1,0.200553174603175,modules,T2,HR_LR,5e6bd8f1d315
rf,HR_S27,1,0.627715873015873,modules,T2,HR_LR,5e6bd8f1d315
rf,HR_S29,1,0.608390476190476,modules,T2,HR_LR,5e6bd8f1d315
rf,LR_S04,0,0.397692857142857,modules,T2,HR_LR,5e6bd8f1d315
rf,LR_S05,0,0.402214285714286,modules,T2,HR_LR,5e6bd8f1d315
rf,LR_S06,0,0.512462698412699,modules,T2,HR_LR,5e6bd8f1d315
rf,LR_S12,0,0.53271746031746,modules,T2,HR_LR,5e6bd8f1d315
rf,LR_S14,0,0.757280952380952,modules,T2,HR_LR,5e6bd8f1d315
rf,LR_S17,0,0.392733333333334,modules,T2,HR_LR,5e6bd8f1d315
rf,LR_S21,0,0.719584126984127,modules,T2,HR_LR,5e6bd8f1d315
rf,LR_S30,0,0.688379365079365,modules,T2,HR_LR,5e6bd8f1d315
ridge,HR_S03,1,0.428571428571429,modules,T2,HR_LR,5e6bd8f1d315
ridge,HR_S10,1,0.428571428571429,modules,T2,HR_LR,5e6bd8f1d315
ridge,HR_S16,1,0.428571428571429,modules,T2,HR_LR,5e6bd8f1d315
ridge,HR_S22,1,0.428571428571429,modules,T2,HR_LR,5e6bd8f1d315
ridge,HR_S24,1,0.428571428571429,modules,T2,HR_LR,5e6bd8f1d315
ridge,HR_S27,1,0.428571428571429,modules,T2,HR_LR,5e6bd8f1d315
ridge,HR_S29,1,0.428571428571429,modules,T2,HR_LR,5e6bd8f1d315
ridge,LR_S04,0,0.5,modules,T2,HR_LR,5e6bd8f1d315
ridge,LR_S05,0,0.5,modules,T2,HR_LR,5e6bd8f1d315
ridge,LR_S06,0,0.5,modules,T2,HR_LR,5e6bd8f1d315
ridge,LR_S12,0,0.5,modules,T2,HR_LR,5e6bd8f1d315
ridge,LR_S14,0,0.5,modules,T2,HR_LR,5e6bd8f1d315
ridge,LR_S17,0,0.5,modules,T2,HR_LR,5e6bd8f1d315
ridge,LR_S21,0,0.5,modules,T2,HR_LR,5e6bd8f1d315
ridge,LR_S30,0,0.5,modules,T2,HR_LR,5e6bd8f1d315
spls,HR_S03,1,0.578758165687975,modules,T2,HR_LR,5e6bd8f1d315
spls,HR_S10,1,0.191915674033422,modules,T2,HR_LR,5e6bd8f1d315
spls,HR_S16,1,0.558733977362307,modules,T2,HR_LR,5e6bd8f1d315
spls,HR_S22,1,0.440342623518212,modules,T2,HR_LR,5e6bd8f1d315
spls,HR_S24,1,0.188412883366318,modules,T2,HR_LR,5e6bd8f1d315
spls,HR_S27,1,0.537072113084589,modules,T2,HR_LR,5e6bd8f1d315
spls,HR_S29,1,0.708635522295128,modules,T2,HR_LR,5e6bd8f1d315
spls,LR_S04,0,0.781785704715249,modules,T2,HR_LR,5e6bd8f1d315
spls,LR_S05,0,0.376202056447161,modules,T2,HR_LR,5e6bd8f1d315
spls,LR_S06,0,0.523419598006886,modules,T2,HR_LR,5e6bd8f1d315
spls,LR_S12,0,0.618014510098723,modules,T2,HR_LR,5e6bd8f1d315
spls,LR_S14,0,1.60713312195369,modules,T2,HR_LR,5e6bd8f1d315
spls,LR_S17,0,-0.421111823935867,modules,T2,HR_LR,5e6bd8f1d315
spls,LR_S21,0,0.621777738226984,modules,T2,HR_LR,5e6bd8f1d315
spls,LR_S30,0,0.7389933180928,modules,T2,HR_LR,5e6bd8f1d315
svm,HR_S03,1,0.30691380083832,modules,T2,HR_LR,5e6bd8f1d315
svm,HR_S10,1,0.38377808564453,modules,T2,HR_LR,5e6bd8f1d315
svm,HR_S16,1,0.377730611228819,modules,T2,HR_LR,5e6bd8f1d315
svm,HR_S22,1,0.414358516215168,modules,T2,HR_LR,5e6bd8f1d315
svm,HR_S24,1,0.518746961503896,modules,T2,HR_LR,5e6bd8f1d315
svm,HR_S27,1,0.432064005942565,modules,T2,HR_LR,5e6bd8f1d315
svm,HR_S29,1,0.361655810194229,modules,T2,HR_LR,5e6bd8f1d315
svm,LR_S04,0,0.596318489131331,modules,T2,HR_LR,5e6bd8f1d315
svm,LR_S05,0,0.545180801588,modules,T2,HR_LR,5e6bd8f1d315
svm,LR_S06,0,0.494185468916367,modules,T2,HR_LR,5e6bd8f1d315
svm,LR_S12,0,0.47335959533198,modules,T2,HR_LR,5e6bd8f1d315
svm,LR_S14,0,0.657377611489765,modules,T2,HR_LR,5e6bd8f1d315
svm,LR_S17,0,0.768452089944841,modules,T2,HR_LR,5e6bd8f1d315
svm,LR_S21,0,0.482811108484233,modules,T2,HR_LR,5e6bd8f1d315
svm,LR_S30,0,0.496315580961793,modules,T2,HR_LR,5e6bd8f1d315
enet,HR_S03,1,0.428571428571429,modules,T3,HR_LR,5e6bd8f1d315
enet,HR_S10,1,0.428571428571429,modules,T3,HR_LR,5e6bd8f1d315
enet,HR_S16,1,0.428571428571429,modules,T3,HR_LR,5e6bd8f1d315
enet,HR_S22,1,0.428571428571429,modules,T3,HR_LR,5e6bd8f1d315
enet,HR_S24,1,0.428571428571429,modules,T3,HR_LR,5e6bd8f1d315
enet,HR_S27,1,0.428571428571429,modules,T3,HR_LR,5e6bd8f1d315
enet,HR_S29,1,0.428571428571429,modules,T3,HR_LR,5e6bd8f1d315
enet,LR_S04,0,0.5,modules,T3,HR_LR,5e6bd8f1d315
enet,LR_S05,0,0.5,modules,T3,HR_LR,5e6bd8f1d315
enet,LR_S06,0,0.5,modules,T3,HR_LR,5e6bd8f1d315
enet,LR_S12,0,0.5,modules,T3,HR_LR,5e6bd8f1d315
enet,LR_S14,0,0.5,modules,T3,HR_LR,5e6bd8f1d315
enet,LR_S17,0,0.5,modules,T3,HR_LR,5e6bd8f1d315
enet,LR_S21,0,0.5,modules,T3,HR_LR,5e6bd8f1d315
enet,LR_S30,0,0.5,modules,T3,HR_LR,5e6bd8f1d315
lasso,HR_S03,1,0.428571428571429,modules,T3,HR_LR,5e6bd8f1d315
lasso,HR_S10,1,0.428571428571429,modules,T3,HR_LR,5e6bd8f1d315
lasso,HR_S16,1,0.428571428571429,modules,T3,HR_LR,5e6bd8f1d315
lasso,HR_S22,1,0.0499485774723909,modules,T3,HR_LR,5e6bd8f1d315
lasso,HR_S24,1,0.428571428571429,modules,T3,HR_LR,5e6bd8f1d315
lasso,HR_S27,1,0.428571428571429,modules,T3,HR_LR,5e6bd8f1d315
lasso,HR_S29,1,0.428571428571429,modules,T3,HR_LR,5e6bd8f1d315
lasso,LR_S04,0,0.5,modules,T3,HR_LR,5e6bd8f1d315
lasso,LR_S05,0,0.5,modules,T3,HR_LR,5e6bd8f1d315
lasso,LR_S06,0,0.5,modules,T3,HR_LR,5e6bd8f1d315
lasso,LR_S12,0,0.5,modules,T3,HR_LR,5e6bd8f1d315
lasso,LR_S14,0,0.643529629900239,modules,T3,HR_LR,5e6bd8f1d315
lasso,LR_S17,0,0.5,modules,T3,HR_LR,5e6bd8f1d315
lasso,LR_S21,0,0.5,modules,T3,HR_LR,5e6bd8f1d315
lasso,LR_S30,0,0.5,modules,T3,HR_LR,5e6bd8f1d315
pam,HR_S03,1,0.412310536863551,modules,T3,HR_LR,5e6bd8f1d315
pam,HR_S10,1,0.428571428571429,modules,T3,HR_LR,5e6bd8f1d315
pam,HR_S16,1,0.357647551562273,modules,T3,HR_LR,5e6bd8f1d315
pam,HR_S22,1,0.427896571510907,modules,T3,HR_LR,5e6bd8f1d315
pam,HR_S24,1,0.428571428571429,modules,T3,HR_LR,5e6bd8f1d315
pam,HR_S27,1,0.222192993988619,modules,T3,HR_LR,5e6bd8f1d315
pam,HR_S29,1,0.327587587930551,modules,T3,HR_LR,5e6bd8f1d315
pam,LR_S04,0,0.485590100397498,modules,T3,HR_LR,5e6bd8f1d315
pam,LR_S05,0,0.4648529943878,modules,T3,HR_LR,5e6bd8f1d315
pam,LR_S06,0,0.473873594221259,modules,T3,HR_LR,5e6bd8f1d315
pam,LR_S12,0,0.35108418300072,modules,T3,HR_LR,5e6bd8f1d315
pam,LR_S14,0,0.549439132423927,modules,T3,HR_LR,5e6bd8f1d315
pam,LR_S17,0,0.501881240979921,modules,T3,HR_LR,5e6bd8f1d315
pam,LR_S21,0,0.494744633653815,modules,T3,HR_LR,5e6bd8f1d315
pam,LR_S30,0,0.499340574961213,modules,T3,HR_LR,5e6bd8f1d315
plain,HR_S03,1,3.12523221796673e-10,modules,T3,HR_LR,5e6bd8f1d315
plain,HR_S10,1,1,modules,T3,HR_LR,5e6bd8f1d315
plain,HR_S16,1,2.22044604925031e-16,modules,T3,HR_LR,5e6bd8f1d315
plain,HR_S22,1,2.22044604925031e-16,modules,T3,HR_LR,5e6bd8f1d315
plain,HR_S24,1,1,modules,T3,HR_LR,5e6bd8f1d315
plain,HR_S27,1,2.22044604925031e-16,modules,T3,HR_LR,5e6bd8f1d315
plain,HR_S29,1,1,modules,T3,HR_LR,5e6bd8f1d315
plain,LR_S04,0,1,modules,T3,HR_LR,5e6bd8f1d315
plain,LR_S05,0,1,modules,T3,HR_LR,5e6bd8f1d315
plain,LR_S06,0,2.22044604925031e-16,modules,T3,HR_LR,5e6bd8f1d315
plain,LR_S12,0,1,modules,T3,HR_LR,5e6bd8f1d315
plain,LR_S14,0,1,modules,T3,HR_LR,5e6bd8f1d315
plain,LR_S17,0,2.22044604925031e-16,modules,T3,HR_LR,5e6bd8f1d315
plain,LR_S21,0,0.999999996162998,modules,T3,HR_LR,5e6bd8f1d315
plain,LR_S30,0,1,modules,T3,HR_LR,5e6bd8f1d315
rf,HR_S03,1,0.382007936507937,modules,T3,HR_LR,5e6bd8f1d315
rf,HR_S10,1,0.501625396825397,modules,T3,HR_LR,5e6bd8f1d315
rf,HR_S16,1,0.384330952380952,modules,T3,HR_LR,5e6bd8f1d315
rf,HR_S22,1,0.373842857142857,modules,T3,HR_LR,5e6bd8f1d315
rf,HR_S24,1,0.646907142857143,modules,T3,HR_LR,5e6bd8f1d315
rf,HR_S27,1,0.42945,modules,T3,HR_LR,5e6bd8f1d315
rf,HR_S29,1,0.369253968253968,modules,T3,HR_LR,5e6bd8f1d315
rf,LR_S04,0,0.475642063492064,modules,T3,HR_LR,5e6bd8f1d315
rf,LR_S05,0,0.389800793650794,modules,T3,HR_LR,5e6bd8f1d315
rf,LR_S06,0,0.455279365079365,modules,T3,HR_LR,5e6bd8f1d315
rf,LR_S12,0,0.319692063492064,modules,T3,HR_LR,5e6bd8f1d315
rf,LR_S14,0,0.735562698412699,modules,T3,HR_LR,5e6bd8f1d315
rf,LR_S17,0,0.513246825396826,modules,T3,HR_LR,5e6bd8f1d315
rf,LR_S21,0,0.474368253968254,modules,T3,HR_LR,5e6bd8f1d315
rf,LR_S30,0,0.587735714285714,modules,T3,HR_LR,5e6bd8f1d315
ridge,HR_S03,1,0.428571428571429,modules,T3,HR_LR,5e6bd8f1d315
ridge,HR_S10,1,0.428571428571429,modules,T3,HR_LR,5e6bd8f1d315
ridge,HR_S16,1,0.428571428571429,modules,T3,HR_LR,5e6bd8f1d315
ridge,HR_S22,1,0.428571428571429,modules,T3,HR_LR,5e6bd8f1d315
ridge,HR_S24,1,0.428571428571429,modules,T3,HR_LR,5e6bd8f1d315
ridge,HR_S27,1,0.428571428571429,modules,T3,HR_LR,5e6bd8f1d315
ridge,HR_S29,1,0.428571428571429,modules,T3,HR_LR,5e6bd8f1d315
ridge,LR_S04,0,0.5,modules,T3,HR_LR,5e6bd8f1d315
ridge,LR_S05,0,0.5,modules,T3,HR_LR,5e6bd8f1d315
ridge,LR_S06,0,0.5,modules,T3,HR_LR,5e6bd8f1d315
ridge,LR_S12,0,0.5,modules,T3,HR_LR,5e6bd8f1d315
ridge,LR_S14,0,0.5,modules,T3,HR_LR,5e6bd8f1d315
ridge,LR_S17,0,0.5,modules,T3,HR_LR,5e6bd8f1d315
ridge,LR_S21,0,0.5,modules,T3,HR_LR,5e6bd8f1d315
ridge,LR_S30,0,0.5,modules,T3,HR_LR,5e6bd8f1d315
spls,HR_S03,1,0.422154540208533,modules,T3,HR_LR,5e6bd8f1d315
spls,HR_S10,1,0.5867065898872,modules,T3,HR_LR,5e6bd8f1d315
spls,HR_S16,1,0.280994665965511,modules,T3,HR_LR,5e6bd8f1d315
spls,HR_S22,1,0.450369766285156,modules,T3,HR_LR,5e6bd8f1d315
spls,HR_S24,1,1.17758514892124,modules,T3,HR_LR,5e6bd8f1d315
spls,HR_S27,1,0.275526366314315,modules,T3,HR_LR,5e6bd8f1d315
spls,HR_S29,1,0.100947446299498,modules,T3,HR_LR,5e6bd8f1d315
spls,LR_S04,0,0.460784027852322,modules,T3,HR_LR,5e6bd8f1d315
spls,LR_S05,0,0.406381303791057,modules,T3,HR_LR,5e6bd8f1d315
spls,LR_S06,0,0.270953128048197,modules,T3,HR_LR,5e6bd8f1d315
spls,LR_S12,0,0.354314293662829,modules,T3,HR_LR,5e6bd8f1d315
spls,LR_S14,0,0.711266191688954,modules,T3,HR_LR,5e6bd8f1d315
spls,LR_S17,0,0.437012841574608,modules,T3,HR_LR,5e6bd8f1d315
spls,LR_S21,0,0.430515883333314,modules,T3,HR_LR,5e6bd8f1d315
spls,LR_S30,0,0.525423615776362,modules,T3,HR_LR,5e6bd8f1d315
svm,HR_S03,1,0.410930945037927,modules,T3,HR_LR,5e6bd8f1d315
svm,HR_S10,1,0.418653870059805,modules,T3,HR_LR,5e6bd8f1d315
svm,HR_S16,1,0.403607716375188,modules,T3,HR_LR,5e6bd8f1d315
svm,HR_S22,1,0.341702476627226,modules,T3,HR_LR,5e6bd8f1d315
svm,HR_S24,1,0.0590896192654906,modules,T3,HR_LR,5e6bd8f1d315
svm,HR_S27,1,0.432298487471793,modules,T3,HR_LR,5e6bd8f1d315
svm,HR_S29,1,0.381119072376508,modules,T3,HR_LR,5e6bd8f1d315
svm,LR_S04,0,0.50551254897618,modules,T3,HR_LR,5e6bd8f1d315
svm,LR_S05,0,0.477714013269682,modules,T3,HR_LR,5e6bd8f1d315
svm,LR_S06,0,0.523011679988498,modules,T3,HR_LR,5e6bd8f1d315
svm,LR_S12,0,0.452160798730579,modules,T3,HR_LR,5e6bd8f1d315
svm,LR_S14,0,0.611609164329632,modules,T3,HR_LR,5e6bd8f1d315
svm,LR_S17,0,0.506451563304725,modules,T3,HR_LR,5e6bd8f1d315
svm,LR_S21,0,0.501090450319197,modules,T3,HR_LR,5e6bd8f1d315
svm,LR_S30,0,0.495374586413504,modules,T3,HR_LR,5e6bd8f1d315
enet,HR_S03,1,0.384615384615385,modules,total,HR_LR,5e6bd8f1d315
enet,HR_S10,1,0.384615384615385,modules,total,HR_LR,5e6bd8f1d315
enet,HR_S16,1,0.384615384615385,modules,total,HR_LR,5e6bd8f1d315
enet,HR_S22,1,0.384615384615385,modules,total,HR_LR,5e6bd8f1d315
enet,HR_S24,1,0.384615384615385,modules,total,HR_LR,5e6bd8f1d315
enet,HR_S27,1,0.384615384615385,modules,total,HR_LR,5e6bd8f1d315
enet,LR_S04,0,0.461538461538462,modules,total,HR_LR,5e6bd8f1d315
enet,LR_S05,0,0.461538461538462,modules,total,HR_LR,5e6bd8f1d315
enet,LR_S06,0,0.461538461538462,modules,total,HR_LR,5e6bd8f1d315
enet,LR_S12,0,0.461538461538462,modules,total,HR_LR,5e6bd8f1d315
enet,LR_S14,0,0.585206462637416,modules,total,HR_LR,5e6bd8f1d315
enet,LR_S17,0,0.461538461538462,modules,total,HR_LR,5e6bd8f1d315
enet,LR_S21,0,0.461538461538462,modules,total,HR_LR,5e6bd8f1d315
enet,LR_S30,0,0.461538461538462,modules,total,HR_LR,5e6bd8f1d315
lasso,HR_S03,1,0.384615384615385,modules,total,HR_LR,5e6bd8f1d315
lasso,HR_S10,1,0.384615384615385,modules,total,HR_LR,5e6bd8f1d315
lasso,HR_S16,1,0.384615384615385,modules,total,HR_LR,5e6bd8f1d315
lasso,HR_S22,1,0.384615384615385,modules,total,HR_LR,5e6bd8f1d315
lasso,HR_S24,1,0.384615384615385,modules,total,HR_LR,5e6bd8f1d315
lasso,HR_S27,1,0.384615384615385,modules,total,HR_LR,5e6bd8f1d315
lasso,LR_S04,0,0.461538461538462,modules,total,HR_LR,5e6bd8f1d315
lasso,LR_S05,0,0.461538461538462,modules,total,HR_LR,5e6bd8f1d315
lasso,LR_S06,0,0.461538461538462,modules,total,HR_LR,5e6bd8f1d315
lasso,LR_S12,0,0.461538461538462,modules,total,HR_LR,5e6bd8f1d315
lasso,LR_S14,0,0.649434791768149,modules,total,HR_LR,5e6bd8f1d315
lasso,LR_S17,0,0.461538461538462,modules,total,HR_LR,5e6bd8f1d315
lasso,LR_S21,0,0.461538461538462,modules,total,HR_LR,5e6bd8f1d315
lasso,LR_S30,0,0.461538461538462,modules,total,HR_LR,5e6bd8f1d315
pam,HR_S03,1,0.384615384615385,modules,total,HR_LR,5e6bd8f1d315
pam,HR_S10,1,0.384615384615385,modules,total,HR_LR,5e6bd8f1d315
pam,HR_S16,1,0.384615384615385,modules,total,HR_LR,5e6bd8f1d315
pam,HR_S22,1,0.384615384615385,modules,total,HR_LR,5e6bd8f1d315
pam,HR_S24,1,0.384615384615385,modules,total,HR_LR,5e6bd8f1d315
pam,HR_S27,1,0.229664151887898,modules,total,HR_LR,5e6bd8f1d315
pam,LR_S04,0,0.461538461538462,modules,total,HR_LR,5e6bd8f1d315
pam,LR_S05,0,0.433341258223257,modules,total,HR_LR,5e6bd8f1d315
pam,LR_S06,0,0.461538461538462,modules,total,HR_LR,5e6bd8f1d315
pam,LR_S12,0,0.461538461538462,modules,total,HR_LR,5e6bd8f1d315
pam,LR_S14,0,0.596276606939866,modules,total,HR_LR,5e6bd8f1d315
pam,LR_S17,0,0.471826134465413,modules,total,HR_LR,5e6bd8f1d315
pam,LR_S21,0,0.461538461538462,modules,total,HR_LR,5e6bd8f1d315
pam,LR_S30,0,0.418766691261252,modules,total,HR_LR,5e6bd8f1d315
plain,HR_S03,1,2.22044604925031e-16,modules,total,HR_LR,5e6bd8f1d315
plain,HR_S10,1,1,modules,total,HR_LR,5e6bd8f1d315
plain,HR_S16,1,1,modules,total,HR_LR,5e6bd8f1d315
plain,HR_S22,1,2.22044604925031e-16,modules,total,HR_LR,5e6bd8f1d315
plain,HR_S24,1,2.22044604925031e-16,modules,total,HR_LR,5e6bd8f1d315
plain,HR_S27,1,2.22044604925031e-16,modules,total,HR_LR,5e6bd8f1d315
plain,LR_S04,0,1,modules,total,HR_LR,5e6bd8f1d315
plain,LR_S05,0,1,modules,total,HR_LR,5e6bd8f1d315
plain,LR_S06,0,2.22044604925031e-16,modules,total,HR_LR,5e6bd8f1d315
plain,LR_S12,0,1,modules,total,HR_LR,5e6bd8f1d315
plain,LR_S14,0,1,modules,total,HR_LR,5e6bd8f1d315
plain,LR_S17,0,1,modules,total,HR_LR,5e6bd8f1d315
plain,LR_S21,0,2.22044604925031e-16,modules,total,HR_LR,5e6bd8f1d315
plain,LR_S30,0,2.22044604925031e-16,modules,total,HR_LR,5e6bd8f1d315
rf,HR_S03,1,0.441030952380952,modules,total,HR_LR,5e6bd8f1d315
rf,HR_S10,1,0.448143650793651,modules,total,HR_LR,5e6bd8f1d315
rf,HR_S16,1,0.182531746031746,modules,total,HR_LR,5e6bd8f1d315
rf,HR_S22,1,0.208385714285714,modules,total,HR_LR,5e6bd8f1d315
rf,HR_S24,1,0.344570634920635,modules,total,HR_LR,5e6bd8f1d315
rf,HR_S27,1,0.403278571428572,modules,total,HR_LR,5e6bd8f1d315
rf,LR_S04,0,0.327771428571429,modules,total,HR_LR,5e6bd8f1d315
rf,LR_S05,0,0.24230873015873,modules,total,HR_LR,5e6bd8f1d315
rf,LR_S06,0,0.277934920634921,modules,total,HR_LR,5e6bd8f1d315
rf,LR_S12,0,0.38242380952381,modules,total,HR_LR,5e6bd8f1d315
rf,LR_S14,0,0.723807142857143,modules,total,HR_LR,5e6bd8f1d315
rf,LR_S17,0,0.61426507936508,modules,total,HR_LR,5e6bd8f1d315
rf,LR_S21,0,0.350365079365079,modules,total,HR_LR,5e6bd8f1d315
rf,LR_S30,0,0.354699206349206,modules,total,HR_LR,5e6bd8f1d315
ridge,HR_S03,1,0.384615384615385,modules,total,HR_LR,5e6bd8f1d315
ridge,HR_S10,1,0.384615384615385,modules,total,HR_LR,5e6bd8f1d315
ridge,HR_S16,1,0.384615384615385,modules,total,HR_LR,5e6bd8f1d315
ridge,HR_S22,1,0.384615384615385,modules,total,HR_LR,5e6bd8f1d315
ridge,HR_S24,1,0.384615384615385,modules,total,HR_LR,5e6bd8f1d315
ridge,HR_S27,1,0.384615384615385,modules,total,HR_LR,5e6bd8f1d315
ridge,LR_S04,0,0.461538461538462,modules,total,HR_LR,5e6bd8f1d315
ridge,LR_S05,0,0.461538461538462,modules,total,HR_LR,5e6bd8f1d315
ridge,LR_S06,0,0.461538461538462,modules,total,HR_LR,5e6bd8f1d315
ridge,LR_S12,0,0.461538461538462,modules,total,HR_LR,5e6bd8f1d315
ridge,LR_S14,0,0.461538461538462,modules,total,HR_LR,5e6bd8f1d315
ridge,LR_S17,0,0.461538461538462,modules,total,HR_LR,5e6bd8f1d315
ridge,LR_S21,0,0.461538461538462,modules,total,HR_LR,5e6bd8f1d315
ridge,LR_S30,0,0.461538461538462,modules,total,HR_LR,5e6bd8f1d315
spls,HR_S03,1,0.295389033130689,modules,total,HR_LR,5e6bd8f1d315
spls,HR_S10,1,0.543889133379187,modules,total,HR_LR,5e6bd8f1d315
spls,HR_S16,1,0.154390123523877,modules,total,HR_LR,5e6bd8f1d315
spls,HR_S22,1,0.29219480363009,modules,total,HR_LR,5e6bd8f1d315
spls,HR_S24,1,-0.031935949026389,modules,total,HR_LR,5e6bd8f1d315
spls,HR_S27,1,0.0874758730603124,modules,total,HR_LR,5e6bd8f1d315
spls,LR_S04,0,0.212532467368809,modules,total,HR_LR,5e6bd8f1d315
spls,LR_S05,0,0.383376477404696,modules,total,HR_LR,5e6bd8f1d315
spls,LR_S06,0,-0.00874167539614062,modules,total,HR_LR,5e6bd8f1d315
spls,LR_S12,0,0.419288747287875,modules,total,HR_LR,5e6bd8f1d315
spls,LR_S14,0,1.32722503066739,modules,total,HR_LR,5e6bd8f1d315
spls,LR_S17,0,0.537132447477954,modules,total,HR_LR,5e6bd8f1d315
spls,LR_S21,0,0.374745663240897,modules,total,HR_LR,5e6bd8f1d315
spls,LR_S30,0,0.384160748817574,modules,total,HR_LR,5e6bd8f1d315
svm,HR_S03,1,0.449577337037077,modules,total,HR_LR,5e6bd8f1d315
svm,HR_S10,1,0.072171980838928,modules,total,HR_LR,5e6bd8f1d315
svm,HR_S16,1,0.196792032482897,modules,total,HR_LR,5e6bd8f1d315
svm,HR_S22,1,0.458194179011295,modules,total,HR_LR,5e6bd8f1d315
svm,HR_S24,1,0.645104513954775,modules,total,HR_LR,5e6bd8f1d315
svm,HR_S27,1,0.581612755856771,modules,total,HR_LR,5e6bd8f1d315
svm,LR_S04,0,0.397297607445007,modules,total,HR_LR,5e6bd8f1d315
svm,LR_S05,0,0.490389486878029,modules,total,HR_LR,5e6bd8f1d315
svm,LR_S06,0,0.684290625913651,modules,total,HR_LR,5e6bd8f1d315
svm,LR_S12,0,0.496796896629907,modules,total,HR_LR,5e6bd8f1d315
svm,LR_S14,0,0.582519561251814,modules,total,HR_LR,5e6bd8f1d315
svm,LR_S17,0,0.348468267174758,modules,total,HR_LR,5e6bd8f1d315
svm,LR_S21,0,0.456745398052053,modules,total,HR_LR,5e6bd8f1d315
svm,LR_S30,0,0.568305435618548,modules,total,HR_LR,5e6bd8f1d315
enet,HR_S03,1,0.384615384615385,modules,training,HR_LR,5e6bd8f1d315
enet,HR_S10,1,0.384615384615385,modules,training,HR_LR,5e6bd8f1d315
enet,HR_S16,1,0.384615384615385,modules,training,HR_LR,5e6bd8f1d315
enet,HR_S22,1,0.384615384615385,modules,training,HR_LR,5e6bd8f1d315
enet,HR_S24,1,0.384615384615385,modules,training,HR_LR,5e6bd8f1d315
enet,HR_S27,1,0.384615384615385,modules,training,HR_LR,5e6bd8f1d315
enet,LR_S04,0,0.461538461538462,modules,training,HR_LR,5e6bd8f1d315
enet,LR_S05,0,0.461538461538462,modules,training,HR_LR,5e6bd8f1d315
enet,LR_S06,0,0.461538461538462,modules,training,HR_LR,5e6bd8f1d315
enet,LR_S12,0,0.461538461538462,modules,training,HR_LR,5e6bd8f1d315
enet,LR_S14,0,0.461538461538462,modules,training,HR_LR,5e6bd8f1d315
enet,LR_S17,0,0.461538461538462,modules,training,HR_LR,5e6bd8f1d315
enet,LR_S21,0,0.461538461538462,modules,training,HR_LR,5e6bd8f1d315
enet,LR_S30,0,0.461538461538462,modules,training,HR_LR,5e6bd8f1d315
lasso,HR_S03,1,0.384615384615385,modules,training,HR_LR,5e6bd8f1d315
lasso,HR_S10,1,0.384615384615385,modules,training,HR_LR,5e6bd8f1d315
lasso,HR_S16,1,0.384615384615385,modules,training,HR_LR,5e6bd8f1d315
lasso,HR_S22,1,0.384615384615385,modules,training,HR_LR,5e6bd8f1d315
lasso,HR_S24,1,0.384615384615385,modules,training,HR_LR,5e6bd8f1d315
lasso,HR_S27,1,0.384615384615385,modules,training,HR_LR,5e6bd8f1d315
lasso,LR_S04,0,0.461538461538462,modules,training,HR_LR,5e6bd8f1d315
lasso,LR_S05,0,0.461538461538462,modules,training,HR_LR,5e6bd8f1d315
lasso,LR_S06,0,0.461538461538462,modules,training,HR_LR,5e6bd8f1d315
lasso,LR_S12,0,0.461538461538462,modules,training,HR_LR,5e6bd8f1d315
lasso,LR_S14,0,0.461538461538462,modules,training,HR_LR,5e6bd8f1d315
lasso,LR_S17,0,0.461538461538462,modules,training,HR_LR,5e6bd8f1d315
lasso,LR_S21,0,0.461538461538462,modules,training,HR_LR,5e6bd8f1d315
lasso,LR_S30,0,0.461538461538462,modules,training,HR_LR,5e6bd8f1d315
pam,HR_S03,1,0.384615384615385,modules,training,HR_LR,5e6bd8f1d315
pam,HR_S10,1,0.384615384615385,modules,training,HR_LR,5e6bd8f1d315
pam,HR_S16,1,0.335005056713179,modules,training,HR_LR,5e6bd8f1d315
pam,HR_S22,1,0.384615384615385,modules,training,HR_LR,5e6bd8f1d315
pam,HR_S24,1,0.2250383137684,modules,training,HR_LR,5e6bd8f1d315
pam,HR_S27,1,0.384615384615385,modules,training,HR_LR,5e6bd8f1d315
pam,LR_S04,0,0.461538461538462,modules,training,HR_LR,5e6bd8f1d315
pam,LR_S05,0,0.461538461538462,modules,training,HR_LR,5e6bd8f1d315
pam,LR_S06,0,0.461538461538462,modules,training,HR_LR,5e6bd8f1d315
pam,LR_S12,0,0.461538461538462,modules,training,HR_LR,5e6bd8f1d315
pam,LR_S14,0,0.461538461538462,modules,training,HR_LR,5e6bd8f1d315
pam,LR_S17,0,0.461538461538462,modules,training,HR_LR,5e6bd8f1d315
pam,LR_S21,0,0.461538461538462,modules,training,HR_LR,5e6bd8f1d315
pam,LR_S30,0,0.461538461538462,modules,training,HR_LR,5e6bd8f1d315
plain,HR_S03,1,2.22044604925031e-16,modules,training,HR_LR,5e6bd8f1d315
plain,HR_S10,1,1,modules,training,HR_LR,5e6bd8f1d315
plain,HR_S16,1,2.22044604925031e-16,modules,training,HR_LR,5e6bd8f1d315
plain,HR_S22,1,1,modules,training,HR_LR,5e6bd8f1d315
plain,HR_S24,1,2.37793038316207e-8,modules,training,HR_LR,5e6bd8f1d315
plain,HR_S27,1,1,modules,training,HR_LR,5e6bd8f1d315
plain,LR_S04,0,1,modules,training,HR_LR,5e6bd8f1d315
plain,LR_S05,0,1,modules,training,HR_LR,5e6bd8f1d315
plain,LR_S06,0,2.22044604925031e-16,modules,training,HR_LR,5e6bd8f1d315
plain,LR_S12,0,0.291435879394545,modules,training,HR_LR,5e6bd8f1d315
plain,LR_S14,0,2.22044604925031e-16,modules,training,HR_LR,5e6bd8f1d315
plain,LR_S17,0,2.22044604925031e-16,modules,training,HR_LR,5e6bd8f1d315
plain,LR_S21,0,2.22044604925031e-16,modules,training,HR_LR,5e6bd8f1d315
plain,LR_S30,0,2.22044604925031e-16,modules,training,HR_LR,5e6bd8f1d315
rf,HR_S03,1,0.394133333333333,modules,training,HR_LR,5e6bd8f1d315
rf,HR_S10,1,0.204862698412699,modules,training,HR_LR,5e6bd8f1d315
rf,HR_S16,1,0.240565873015873,modules,training,HR_LR,5e6bd8f1d315
rf,HR_S22,1,0.470125396825397,modules,training,HR_LR,5e6bd8f1d315
rf,HR_S24,1,0.187924603174603,modules,training,HR_LR,5e6bd8f1d315
rf,HR_S27,1,0.358597619047619,modules,training,HR_LR,5e6bd8f1d315
rf,LR_S04,0,0.610675396825398,modules,training,HR_LR,5e6bd8f1d315
rf,LR_S05,0,0.413834920634921,modules,training,HR_LR,5e6bd8f1d315
rf,LR_S06,0,0.42155,modules,training,HR_LR,5e6bd8f1d315
rf,LR_S12,0,0.361038888888889,modules,training,HR_LR,5e6bd8f1d315
rf,LR_S14,0,0.576705555555556,modules,training,HR_LR,5e6bd8f1d315
rf,LR_S17,0,0.450303174603175,modules,training,HR_LR,5e6bd8f1d315
rf,LR_S21,0,0.56946507936508,modules,training,HR_LR,5e6bd8f1d315
rf,LR_S30,0,0.562523015873016,modules,training,HR_LR,5e6bd8f1d315
ridge,HR_S03,1,0.384615384615385,modules,training,HR_LR,5e6bd8f1d315
ridge,HR_S10,1,0.384615384615385,modules,training,HR_LR,5e6bd8f1d315
ridge,HR_S16,1,0.384615384615385,modules,training,HR_LR,5e6bd8f1d315
ridge,HR_S22,1,0.384615384615385,modules,training,HR_LR,5e6bd8f1d315
ridge,HR_S24,1,0.384615384615385,modules,training,HR_LR,5e6bd8f1d315
ridge,HR_S27,1,0.384615384615385,modules,training,HR_LR,5e6bd8f1d315
ridge,LR_S04,0,0.461538461538462,modules,training,HR_LR,5e6bd8f1d315
ridge,LR_S05,0,0.461538461538462,modules,training,HR_LR,5e6bd8f1d315
ridge,LR_S06,0,0.461538461538462,modules,training,HR_LR,5e6bd8f1d315
ridge,LR_S12,0,0.461538461538462,modules,training,HR_LR,5e6bd8f1d315
ridge,LR_S14,0,0.461538461538462,modules,training,HR_LR,5e6bd8f1d315
ridge,LR_S17,0,0.461538461538462,modules,training,HR_LR,5e6bd8f1d315
ridge,LR_S21,0,0.461538461538462,modules,training,HR_LR,5e6bd8f1d315
ridge,LR_S30,0,0.461538461538462,modules,training,HR_LR,5e6bd8f1d315
spls,HR_S03,1,0.220714243074798,modules,training,HR_LR,5e6bd8f1d315
spls,HR_S10,1,0.0894694746358375,modules,training,HR_LR,5e6bd8f1d315
spls,HR_S16,1,0.32208590072866,modules,training,HR_LR,5e6bd8f1d315
spls,HR_S22,1,0.7682672711038,modules,training,HR_LR,5e6bd8f1d315
spls,HR_S24,1,0.0791335844111218,modules,training,HR_LR,5e6bd8f1d315
spls,HR_S27,1,0.365058939048056,modules,training,HR_LR,5e6bd8f1d315
spls,LR_S04,0,0.677786494147823,modules,training,HR_LR,5e6bd8f1d315
spls,LR_S05,0,0.27371569609976,modules,training,HR_LR,5e6bd8f1d315
spls,LR_S06,0,0.3039094780779,modules,training,HR_LR,5e6bd8f1d315
spls,LR_S12,0,0.40642944510012,modules,training,HR_LR,5e6bd8f1d315
spls,LR_S14,0,0.665070625606998,modules,training,HR_LR,5e6bd8f1d315
spls,LR_S17,0,0.433947751754169,modules,training,HR_LR,5e6bd8f1d315
spls,LR_S21,0,0.786057828818141,modules,training,HR_LR,5e6bd8f1d315
spls,LR_S30,0,0.607515874960645,modules,training,HR_LR,5e6bd8f1d315
svm,HR_S03,1,0.520566797921015,modules,training,HR_LR,5e6bd8f1d315
svm,HR_S10,1,0.327585284568222,modules,training,HR_LR,5e6bd8f1d315
svm,HR_S16,1,0.265896803612534,modules,training,HR_LR,5e6bd8f1d315
svm,HR_S22,1,0.137642850369958,modules,training,HR_LR,5e6bd8f1d315
svm,HR_S24,1,0.354890661396359,modules,training,HR_LR,5e6bd8f1d315
svm,HR_S27,1,0.422351627624247,modules,training,HR_LR,5e6bd8f1d315
svm,LR_S04,0,0.426544962610951,modules,training,HR_LR,5e6bd8f1d315
svm,LR_S05,0,0.459626178000301,modules,training,HR_LR,5e6bd8f1d315
svm,LR_S06,0,0.69618646260949,modules,training,HR_LR,5e6bd8f1d315
svm,LR_S12,0,0.489523577395424,modules,training,HR_LR,5e6bd8f1d315
svm,LR_S14,0,0.78092370455124,modules,training,HR_LR,5e6bd8f1d315
svm,LR_S17,0,0.429332165363964,modules,training,HR_LR,5e6bd8f1d315
svm,LR_S21,0,0.275620911830975,modules,training,HR_LR,5e6bd8f1d315
svm,LR_S30,0,0.524967530683804,modules,training,HR_LR,5e6bd8f1d315
enet,HR_S03,1,0.384615384615385,modules,trajectory,HR_LR,5e6bd8f1d315
enet,HR_S10,1,0.384615384615385,modules,trajectory,HR_LR,5e6bd8f1d315
enet,HR_S16,1,0.384615384615385,modules,trajectory,HR_LR,5e6bd8f1d315
enet,HR_S22,1,0.384615384615385,modules,trajectory,HR_LR,5e6bd8f1d315
enet,HR_S24,1,0.384615384615385,modules,trajectory,HR_LR,5e6bd8f1d315
enet,HR_S27,1,0.384615384615385,modules,trajectory,HR_LR,5e6bd8f1d315
enet,LR_S04,0,0.461538461538462,modules,trajectory,HR_LR,5e6bd8f1d315
enet,LR_S05,0,0.461538461538462,modules,trajectory,HR_LR,5e6bd8f1d315
enet,LR_S06,0,0.461538461538462,modules,trajectory,HR_LR,5e6bd8f1d315
enet,LR_S12,0,0.461538461538462,modules,trajectory,HR_LR,5e6bd8f1d315
enet,LR_S14,0,0.910546493031324,modules,trajectory,HR_LR,5e6bd8f1d315
enet,LR_S17,0,0.461538461538462,modules,trajectory,HR_LR,5e6bd8f1d315
enet,LR_S21,0,0.461538461538462,modules,trajectory,HR_LR,5e6bd8f1d315
enet,LR_S30,0,0.478154596162234,modules,trajectory,HR_LR,5e6bd8f1d315
lasso,HR_S03,1,0.384615384615385,modules,trajectory,HR_LR,5e6bd8f1d315
lasso,HR_S10,1,0.384615384615385,modules,trajectory,HR_LR,5e6bd8f1d315
lasso,HR_S16,1,0.352595868229471,modules,trajectory,HR_LR,5e6bd8f1d315
lasso,HR_S22,1,0.384615384615385,modules,trajectory,HR_LR,5e6bd8f1d315
lasso,HR_S24,1,0.342784741638631,modules,trajectory,HR_LR,5e6bd8f1d315
lasso,HR_S27,1,0.384615384615385,modules,trajectory,HR_LR,5e6bd8f1d315
lasso,LR_S04,0,0.461538461538462,modules,trajectory,HR_LR,5e6bd8f1d315
lasso,LR_S05,0,0.461538461538462,modules,trajectory,HR_LR,5e6bd8f1d315
lasso,LR_S06,0,0.461538461538462,modules,trajectory,HR_LR,5e6bd8f1d315
lasso,LR_S12,0,0.461538461538462,modules,trajectory,HR_LR,5e6bd8f1d315
lasso,LR_S14,0,0.461538461538462,modules,trajectory,HR_LR,5e6bd8f1d315
lasso,LR_S17,0,0.461538461538462,modules,trajectory,HR_LR,5e6bd8f1d315
lasso,LR_S21,0,0.461538461538462,modules,trajectory,HR_LR,5e6bd8f1d315
lasso,LR_S30,0,0.50010463262411,modules,trajectory,HR_LR,5e6bd8f1d315
pam,HR_S03,1,0.384615384615385,modules,trajectory,HR_LR,5e6bd8f1d315
pam,HR_S10,1,0.384615384615385,modules,trajectory,HR_LR,5e6bd8f1d315
pam,HR_S16,1,0.384615384615385,modules,trajectory,HR_LR,5e6bd8f1d315
pam,HR_S22,1,0.384615384615385,modules,trajectory,HR_LR,5e6bd8f1d315
pam,HR_S24,1,0.384615384615385,modules,trajectory,HR_LR,5e6bd8f1d315
pam,HR_S27,1,0.248264358826054,modules,trajectory,HR_LR,5e6bd8f1d315
pam,LR_S04,0,0.659767345231574,modules,trajectory,HR_LR,5e6bd8f1d315
pam,LR_S05,0,0.461538461538462,modules,trajectory,HR_LR,5e6bd8f1d315
pam,LR_S06,0,0.461538461538462,modules,trajectory,HR_LR,5e6bd8f1d315
pam,LR_S12,0,0.461538461538462,modules,trajectory,HR_LR,5e6bd8f1d315
pam,LR_S14,0,0.866970244195917,modules,trajectory,HR_LR,5e6bd8f1d315
pam,LR_S17,0,0.461538461538462,modules,trajectory,HR_LR,5e6bd8f1d315
pam,LR_S21,0,0.461538461538462,modules,trajectory,HR_LR,5e6bd8f1d315
pam,LR_S30,0,0.461538461538462,modules,trajectory,HR_LR,5e6bd8f1d315
rf,HR_S03,1,0.306736507936508,modules,trajectory,HR_LR,5e6bd8f1d315
rf,HR_S10,1,0.259295238095238,modules,trajectory,HR_LR,5e6bd8f1d315
rf,HR_S16,1,0.271886507936508,modules,trajectory,HR_LR,5e6bd8f1d315
rf,HR_S22,1,0.458038095238095,modules,trajectory,HR_LR,5e6bd8f1d315
rf,HR_S24,1,0.444813492063492,modules,trajectory,HR_LR,5e6bd8f1d315
rf,HR_S27,1,0.414150793650793,modules,trajectory,HR_LR,5e6bd8f1d315
rf,LR_S04,0,0.485986507936508,modules,trajectory,HR_LR,5e6bd8f1d315
rf,LR_S05,0,0.328122222222222,modules,trajectory,HR_LR,5e6bd8f1d315
rf,LR_S06,0,0.352630952380952,modules,trajectory,HR_LR,5e6bd8f1d315
rf,LR_S12,0,0.367820634920635,modules,trajectory,HR_LR,5e6bd8f1d315
rf,LR_S14,0,0.771869047619048,modules,trajectory,HR_LR,5e6bd8f1d315
rf,LR_S17,0,0.480833333333333,modules,trajectory,HR_LR,5e6bd8f1d315
rf,LR_S21,0,0.51842380952381,modules,trajectory,HR_LR,5e6bd8f1d315
rf,LR_S30,0,0.586685714285714,modules,trajectory,HR_LR,5e6bd8f1d315
ridge,HR_S03,1,0.384615384615385,modules,trajectory,HR_LR,5e6bd8f1d315
ridge,HR_S10,1,0.384615384615385,modules,trajectory,HR_LR,5e6bd8f1d315
ridge,HR_S16,1,0.384615384615385,modules,trajectory,HR_LR,5e6bd8f1d315
ridge,HR_S22,1,0.384615384615385,modules,trajectory,HR_LR,5e6bd8f1d315
ridge,HR_S24,1,0.384615384615385,modules,trajectory,HR_LR,5e6bd8f1d315
ridge,HR_S27,1,0.384615384615385,modules,trajectory,HR_LR,5e6bd8f1d315
ridge,LR_S04,0,0.461538461538462,modules,trajectory,HR_LR,5e6bd8f1d315
ridge,LR_S05,0,0.461538461538462,modules,trajectory,HR_LR,5e6bd8f1d315
ridge,LR_S06,0,0.461538461538462,modules,trajectory,HR_LR,5e6bd8f1d315
ridge,LR_S12,0,0.461538461538462,modules,trajectory,HR_LR,5e6bd8f1d315
ridge,LR_S14,0,0.537424145636967,modules,trajectory,HR_LR,5e6bd8f1d315
ridge,LR_S17,0,0.461538461538462,modules,trajectory,HR_LR,5e6bd8f1d315
ridge,LR_S21,0,0.461538461538462,modules,trajectory,HR_LR,5e6bd8f1d315
ridge,LR_S30,0,0.461538461538462,modules,trajectory,HR_LR,5e6bd8f1d315
spls,HR_S03,1,0.244867341690129,modules,trajectory,HR_LR,5e6bd8f1d315
spls,HR_S10,1,0.394867202299585,modules,trajectory,HR_LR,5e6bd8f1d315
spls,HR_S16,1,0.135999763087869,modules,trajectory,HR_LR,5e6bd8f1d315
spls,HR_S22,1,0.370020454595101,modules,trajectory,HR_LR,5e6bd8f1d315
spls,HR_S24,1,0.964045830644525,modules,trajectory,HR_LR,5e6bd8f1d315
spls,HR_S27,1,0.248744863754413,modules,trajectory,HR_LR,5e6bd8f1d315
spls,LR_S04,0,0.798242867128272,modules,trajectory,HR_LR,5e6bd8f1d315
spls,LR_S05,0,0.340804155727786,modules,trajectory,HR_LR,5e6bd8f1d315
spls,LR_S06,0,0.0585756364873306,modules,trajectory,HR_LR,5e6bd8f1d315
spls,LR_S12,0,0.398661478192859,modules,trajectory,HR_LR,5e6bd8f1d315
spls,LR_S14,0,1.68352996529809,modules,trajectory,HR_LR,5e6bd8f1d315
spls,LR_S17,0,0.344642625948115,modules,trajectory,HR_LR,5e6bd8f1d315
spls,LR_S21,0,0.549613482356827,modules,trajectory,HR_LR,5e6bd8f1d315
spls,LR_S30,0,0.463300007688762,modules,trajectory,HR_LR,5e6bd8f1d315
svm,HR_S03,1,0.340440269677958,modules,trajectory,HR_LR,5e6bd8f1d315
svm,HR_S10,1,0.478430891280192,modules,trajectory,HR_LR,5e6bd8f1d315
svm,HR_S16,1,0.334116469806307,modules,trajectory,HR_LR,5e6bd8f1d315
svm,HR_S22,1,0.336941410419219,modules,trajectory,HR_LR,5e6bd8f1d315
svm,HR_S24,1,0.0783891859822544,modules,trajectory,HR_LR,5e6bd8f1d315
svm,HR_S27,1,0.386373518210843,modules,trajectory,HR_LR,5e6bd8f1d315
svm,LR_S04,0,0.528946524774683,modules,trajectory,HR_LR,5e6bd8f1d315
svm,LR_S05,0,0.58453040831552,modules,trajectory,HR_LR,5e6bd8f1d315
svm,LR_S06,0,0.546807199254594,modules,trajectory,HR_LR,5e6bd8f1d315
svm,LR_S12,0,0.530443943888044,modules,trajectory,HR_LR,5e6bd8f1d315
svm,LR_S14,0,0.684972071454597,modules,trajectory,HR_LR,5e6bd8f1d315
svm,LR_S17,0,0.858037988031971,modules,trajectory,HR_LR,5e6bd8f1d315
svm,LR_S21,0,0.469616047583199,modules,trajectory,HR_LR,5e6bd8f1d315
svm,LR_S30,0,0.469468006772337,modules,trajectory,HR_LR,5e6bd8f1d315
enet,HR_S03,1,0.428571428571429,pathways,acute,HR_LR,5e6bd8f1d315
enet,HR_S10,1,0.428571428571429,pathways,acute,HR_LR,5e6bd8f1d315
enet,HR_S16,1,0.428571428571429,pathways,acute,HR_LR,5e6bd8f1d315
enet,HR_S22,1,0.4082579098886,pathways,acute,HR_LR,5e6bd8f1d315
enet,HR_S24,1,0.727784774637199,pathways,acute,HR_LR,5e6bd8f1d315
enet,HR_S27,1,0.428571428571429,pathways,acute,HR_LR,5e6bd8f1d315
enet,HR_S29,1,0.428571428571429,pathways,acute,HR_LR,5e6bd8f1d315
enet,LR_S04,0,0.470057433050471,pathways,acute,HR_LR,5e6bd8f1d315
enet,LR_S05,0,0.449778075820633,pathways,acute,HR_LR,5e6bd8f1d315
enet,LR_S06,0,0.524542351279223,pathways,acute,HR_LR,5e6bd8f1d315
enet,LR_S12,0,0.429984769410583,pathways,acute,HR_LR,5e6bd8f1d315
enet,LR_S14,0,0.5,pathways,acute,HR_LR,5e6bd8f1d315
enet,LR_S17,0,0.435702160020431,pathways,acute,HR_LR,5e6bd8f1d315
enet,LR_S21,0,0.490455554542229,pathways,acute,HR_LR,5e6bd8f1d315
enet,LR_S30,0,0.5,pathways,acute,HR_LR,5e6bd8f1d315
lasso,HR_S03,1,0.428571428571429,pathways,acute,HR_LR,5e6bd8f1d315
lasso,HR_S10,1,0.428571428571429,pathways,acute,HR_LR,5e6bd8f1d315
lasso,HR_S16,1,0.342272875481449,pathways,acute,HR_LR,5e6bd8f1d315
lasso,HR_S22,1,0.37391106226023,pathways,acute,HR_LR,5e6bd8f1d315
lasso,HR_S24,1,0.904486425411975,pathways,acute,HR_LR,5e6bd8f1d315
lasso,HR_S27,1,0.428571428571429,pathways,acute,HR_LR,5e6bd8f1d315
lasso,HR_S29,1,0.428571428571429,pathways,acute,HR_LR,5e6bd8f1d315
lasso,LR_S04,0,0.457030257673328,pathways,acute,HR_LR,5e6bd8f1d315
lasso,LR_S05,0,0.450164971196014,pathways,acute,HR_LR,5e6bd8f1d315
lasso,LR_S06,0,0.538372877755426,pathways,acute,HR_LR,5e6bd8f1d315
lasso,LR_S12,0,0.370498949856174,pathways,acute,HR_LR,5e6bd8f1d315
lasso,LR_S14,0,0.5,pathways,acute,HR_LR,5e6bd8f1d315
lasso,LR_S17,0,0.366990140510627,pathways,acute,HR_LR,5e6bd8f1d315
lasso,LR_S21,0,0.487288998938476,pathways,acute,HR_LR,5e6bd8f1d315
lasso,LR_S30,0,0.5,pathways,acute,HR_LR,5e6bd8f1d315
pam,HR_S03,1,0.428571428571429,pathways,acute,HR_LR,5e6bd8f1d315
pam,HR_S10,1,0.446854068581389,pathways,acute,HR_LR,5e6bd8f1d315
pam,HR_S16,1,0.359530194606727,pathways,acute,HR_LR,5e6bd8f1d315
pam,HR_S22,1,0.419245042439507,pathways,acute,HR_LR,5e6bd8f1d315
pam,HR_S24,1,0.71241515392824,pathways,acute,HR_LR,5e6bd8f1d315
pam,HR_S27,1,0.156570791539263,pathways,acute,HR_LR,5e6bd8f1d315
pam,HR_S29,1,0.227744547190808,pathways,acute,HR_LR,5e6bd8f1d315
pam,LR_S04,0,0.497913329582051,pathways,acute,HR_LR,5e6bd8f1d315
pam,LR_S05,0,0.5,pathways,acute,HR_LR,5e6bd8f1d315
pam,LR_S06,0,0.502341343811721,pathways,acute,HR_LR,5e6bd8f1d315
pam,LR_S12,0,0.496129686246303,pathways,acute,HR_LR,5e6bd8f1d315
pam,LR_S14,0,0.872604977289968,pathways,acute,HR_LR,5e6bd8f1d315
pam,LR_S17,0,0.5,pathways,acute,HR_LR,5e6bd8f1d315
pam,LR_S21,0,0.499999294194362,pathways,acute,HR_LR,5e6bd8f1d315
pam,LR_S30,0,0.498328929150962,pathways,acute,HR_LR,5e6bd8f1d315
rf,HR_S03,1,0.640643650793651,pathways,acute,HR_LR,5e6bd8f1d315
rf,HR_S10,1,0.578660317460318,pathways,acute,HR_LR,5e6bd8f1d315
rf,HR_S16,1,0.159953968253968,pathways,acute,HR_LR,5e6bd8f1d315
rf,HR_S22,1,0.481889682539683,pathways,acute,HR_LR,5e6bd8f1d315
rf,HR_S24,1,0.685594444444444,pathways,acute,HR_LR,5e6bd8f1d315
rf,HR_S27,1,0.470969841269841,pathways,acute,HR_LR,5e6bd8f1d315
rf,HR_S29,1,0.389244444444444,pathways,acute,HR_LR,5e6bd8f1d315
rf,LR_S04,0,0.367762698412698,pathways,acute,HR_LR,5e6bd8f1d315
rf,LR_S05,0,0.314046825396825,pathways,acute,HR_LR,5e6bd8f1d315
rf,LR_S06,0,0.667242857142857,pathways,acute,HR_LR,5e6bd8f1d315
rf,LR_S12,0,0.31795873015873,pathways,acute,HR_LR,5e6bd8f1d315
rf,LR_S14,0,0.492453174603174,pathways,acute,HR_LR,5e6bd8f1d315
rf,LR_S17,0,0.43663253968254,pathways,acute,HR_LR,5e6bd8f1d315
rf,LR_S21,0,0.418371428571429,pathways,acute,HR_LR,5e6bd8f1d315
rf,LR_S30,0,0.40199126984127,pathways,acute,HR_LR,5e6bd8f1d315
ridge,HR_S03,1,0.428571428571429,pathways,acute,HR_LR,5e6bd8f1d315
ridge,HR_S10,1,0.428571428571429,pathways,acute,HR_LR,5e6bd8f1d315
ridge,HR_S16,1,0.419719922956045,pathways,acute,HR_LR,5e6bd8f1d315
ridge,HR_S22,1,0.428571428571429,pathways,acute,HR_LR,5e6bd8f1d315
ridge,HR_S24,1,0.428571428571429,pathways,acute,HR_LR,5e6bd8f1d315
ridge,HR_S27,1,0.428571428571429,pathways,acute,HR_LR,5e6bd8f1d315
ridge,HR_S29,1,0.416962647171892,pathways,acute,HR_LR,5e6bd8f1d315
ridge,LR_S04,0,0.5,pathways,acute,HR_LR,5e6bd8f1d315
ridge,LR_S05,0,0.5,pathways,acute,HR_LR,5e6bd8f1d315
ridge,LR_S06,0,0.524716028078749,pathways,acute,HR_LR,5e6bd8f1d315
ridge,LR_S12,0,0.5,pathways,acute,HR_LR,5e6bd8f1d315
ridge,LR_S14,0,0.518440306101715,pathways,acute,HR_LR,5e6bd8f1d315
ridge,LR_S17,0,0.5,pathways,acute,HR_LR,5e6bd8f1d315
ridge,LR_S21,0,0.5,pathways,acute,HR_LR,5e6bd8f1d315
ridge,LR_S30,0,0.5,pathways,acute,HR_LR,5e6bd8f1d315
spls,HR_S03,1,0.814939508203436,pathways,acute,HR_LR,5e6bd8f1d315
spls,HR_S10,1,0.511043667158301,pathways,acute,HR_LR,5e6bd8f1d315
spls,HR_S16,1,0.0992657538974954,pathways,acute,HR_LR,5e6bd8f1d315
spls,HR_S22,1,0.413994074315753,pathways,acute,HR_LR,5e6bd8f1d315
spls,HR_S24,1,2.01388084245352,pathways,acute,HR_LR,5e6bd8f1d315
spls,HR_S27,1,0.367222829258517,pathways,acute,HR_LR,5e6bd8f1d315
spls,HR_S29,1,0.126227704580616,pathways,acute,HR_LR,5e6bd8f1d315
spls,LR_S04,0,0.28890277093788,pathways,acute,HR_LR,5e6bd8f1d315
spls,LR_S05,0,0.168687436960223,pathways,acute,HR_LR,5e6bd8f1d315
spls,LR_S06,0,0.645823909022463,pathways,acute,HR_LR,5e6bd8f1d315
spls,LR_S12,0,-0.0193527493187519,pathways,acute,HR_LR,5e6bd8f1d315
spls,LR_S14,0,0.713496493228077,pathways,acute,HR_LR,5e6bd8f1d315
spls,LR_S17,0,0.0551874391537492,pathways,acute,HR_LR,5e6bd8f1d315
spls,LR_S21,0,0.476967325133895,pathways,acute,HR_LR,5e6bd8f1d315
spls,LR_S30,0,0.17255209557657,pathways,acute,HR_LR,5e6bd8f1d315
svm,HR_S03,1,0.445507565733415,pathways,acute,HR_LR,5e6bd8f1d315
svm,HR_S10,1,0.0690562010600614,pathways,acute,HR_LR,5e6bd8f1d315
svm,HR_S16,1,0.389417116207177,pathways,acute,HR_LR,5e6bd8f1d315
svm,HR_S22,1,0.440793732968345,pathways,acute,HR_LR,5e6bd8f1d315
svm,HR_S24,1,0.0224201808615351,pathways,acute,HR_LR,5e6bd8f1d315
svm,HR_S27,1,0.31966911704075,pathways,acute,HR_LR,5e6bd8f1d315
svm,HR_S29,1,0.413408705000883,pathways,acute,HR_LR,5e6bd8f1d315
svm,LR_S04,0,0.509595756130368,pathways,acute,HR_LR,5e6bd8f1d315
svm,LR_S05,0,0.495397840574803,pathways,acute,HR_LR,5e6bd8f1d315
svm,LR_S06,0,0.598707145566534,pathways,acute,HR_LR,5e6bd8f1d315
svm,LR_S12,0,0.488990794727005,pathways,acute,HR_LR,5e6bd8f1d315
svm,LR_S14,0,0.579917743751404,pathways,acute,HR_LR,5e6bd8f1d315
svm,LR_S17,0,0.515847668738497,pathways,acute,HR_LR,5e6bd8f1d315
svm,LR_S21,0,0.500386815400014,pathways,acute,HR_LR,5e6bd8f1d315
svm,LR_S30,0,0.516837400933769,pathways,acute,HR_LR,5e6bd8f1d315
enet,HR_S03,1,0.434463237220778,pathways,T1,HR_LR,5e6bd8f1d315
enet,HR_S10,1,0.430403988978059,pathways,T1,HR_LR,5e6bd8f1d315
enet,HR_S16,1,0.428571428571429,pathways,T1,HR_LR,5e6bd8f1d315
enet,HR_S22,1,0.44197576947202,pathways,T1,HR_LR,5e6bd8f1d315
enet,HR_S24,1,0.433620108224816,pathways,T1,HR_LR,5e6bd8f1d315
enet,HR_S27,1,0.428571428571429,pathways,T1,HR_LR,5e6bd8f1d315
enet,HR_S28,1,0.428571428571429,pathways,T1,HR_LR,5e6bd8f1d315
enet,LR_S04,0,0.808033704726109,pathways,T1,HR_LR,5e6bd8f1d315
enet,LR_S05,0,0.5,pathways,T1,HR_LR,5e6bd8f1d315
enet,LR_S06,0,0.490927184379126,pathways,T1,HR_LR,5e6bd8f1d315
enet,LR_S12,0,0.5,pathways,T1,HR_LR,5e6bd8f1d315
enet,LR_S14,0,0.5,pathways,T1,HR_LR,5e6bd8f1d315
enet,LR_S17,0,0.538802830001344,pathways,T1,HR_LR,5e6bd8f1d315
enet,LR_S21,0,0.504087590647161,pathways,T1,HR_LR,5e6bd8f1d315
enet,LR_S30,0,0.5,pathways,T1,HR_LR,5e6bd8f1d315
lasso,HR_S03,1,0.428571428571429,pathways,T1,HR_LR,5e6bd8f1d315
lasso,HR_S10,1,0.430823869081601,pathways,T1,HR_LR,5e6bd8f1d315
lasso,HR_S16,1,0.495144549793118,pathways,T1,HR_LR,5e6bd8f1d315
lasso,HR_S22,1,0.45152842716098,pathways,T1,HR_LR,5e6bd8f1d315
lasso,HR_S24,1,0.449760207522801,pathways,T1,HR_LR,5e6bd8f1d315
lasso,HR_S27,1,0.428571428571429,pathways,T1,HR_LR,5e6bd8f1d315
lasso,HR_S28,1,0.493363837987824,pathways,T1,HR_LR,5e6bd8f1d315
lasso,LR_S04,0,0.880220229024019,pathways,T1,HR_LR,5e6bd8f1d315
lasso,LR_S05,0,0.471196401805112,pathways,T1,HR_LR,5e6bd8f1d315
lasso,LR_S06,0,0.44977922191958,pathways,T1,HR_LR,5e6bd8f1d315
lasso,LR_S12,0,0.408754038717924,pathways,T1,HR_LR,5e6bd8f1d315
lasso,LR_S14,0,0.364843531502921,pathways,T1,HR_LR,5e6bd8f1d315
lasso,LR_S17,0,0.568809961930524,pathways,T1,HR_LR,5e6bd8f1d315
lasso,LR_S21,0,0.5,pathways,T1,HR_LR,5e6bd8f1d315
lasso,LR_S30,0,0.486435836917171,pathways,T1,HR_LR,5e6bd8f1d315
pam,HR_S03,1,0.379575249100772,pathways,T1,HR_LR,5e6bd8f1d315
pam,HR_S10,1,0.375234497782438,pathways,T1,HR_LR,5e6bd8f1d315
pam,HR_S16,1,0.428571428571429,pathways,T1,HR_LR,5e6bd8f1d315
pam,HR_S22,1,0.460190956148852,pathways,T1,HR_LR,5e6bd8f1d315
pam,HR_S24,1,0.428571428571429,pathways,T1,HR_LR,5e6bd8f1d315
pam,HR_S27,1,0.44676706779009,pathways,T1,HR_LR,5e6bd8f1d315
pam,HR_S28,1,0.428571428571429,pathways,T1,HR_LR,5e6bd8f1d315
pam,LR_S04,0,0.561288804719385,pathways,T1,HR_LR,5e6bd8f1d315
pam,LR_S05,0,0.493379910297655,pathways,T1,HR_LR,5e6bd8f1d315
pam,LR_S06,0,0.494004481499887,pathways,T1,HR_LR,5e6bd8f1d315
pam,LR_S12,0,0.48566502032756,pathways,T1,HR_LR,5e6bd8f1d315
pam,LR_S14,0,0.5,pathways,T1,HR_LR,5e6bd8f1d315
pam,LR_S17,0,0.502190818797227,pathways,T1,HR_LR,5e6bd8f1d315
pam,LR_S21,0,0.498074432948679,pathways,T1,HR_LR,5e6bd8f1d315
pam,LR_S30,0,0.494256392303691,pathways,T1,HR_LR,5e6bd8f1d315
rf,HR_S03,1,0.390037301587301,pathways,T1,HR_LR,5e6bd8f1d315
rf,HR_S10,1,0.390197619047619,pathways,T1,HR_LR,5e6bd8f1d315
rf,HR_S16,1,0.463381746031746,pathways,T1,HR_LR,5e6bd8f1d315
rf,HR_S22,1,0.464140476190476,pathways,T1,HR_LR,5e6bd8f1d315
rf,HR_S24,1,0.394507142857143,pathways,T1,HR_LR,5e6bd8f1d315
rf,HR_S27,1,0.311634126984127,pathways,T1,HR_LR,5e6bd8f1d315
rf,HR_S28,1,0.563334920634921,pathways,T1,HR_LR,5e6bd8f1d315
rf,LR_S04,0,0.719814285714286,pathways,T1,HR_LR,5e6bd8f1d315
rf,LR_S05,0,0.515849206349206,pathways,T1,HR_LR,5e6bd8f1d315
rf,LR_S06,0,0.319007936507936,pathways,T1,HR_LR,5e6bd8f1d315
rf,LR_S12,0,0.404279365079365,pathways,T1,HR_LR,5e6bd8f1d315
rf,LR_S14,0,0.452980952380952,pathways,T1,HR_LR,5e6bd8f1d315
rf,LR_S17,0,0.470515873015873,pathways,T1,HR_LR,5e6bd8f1d315
rf,LR_S21,0,0.640328571428571,pathways,T1,HR_LR,5e6bd8f1d315
rf,LR_S30,0,0.549580158730159,pathways,T1,HR_LR,5e6bd8f1d315
ridge,HR_S03,1,0.428571428571429,pathways,T1,HR_LR,5e6bd8f1d315
ridge,HR_S10,1,0.428571428571429,pathways,T1,HR_LR,5e6bd8f1d315
ridge,HR_S16,1,0.428571428571429,pathways,T1,HR_LR,5e6bd8f1d315
ridge,HR_S22,1,0.428571428571429,pathways,T1,HR_LR,5e6bd8f1d315
ridge,HR_S24,1,0.428571428571429,pathways,T1,HR_LR,5e6bd8f1d315
ridge,HR_S27,1,0.428571428571429,pathways,T1,HR_LR,5e6bd8f1d315
ridge,HR_S28,1,0.428571428571429,pathways,T1,HR_LR,5e6bd8f1d315
ridge,LR_S04,0,0.5,pathways,T1,HR_LR,5e6bd8f1d315
ridge,LR_S05,0,0.5,pathways,T1,HR_LR,5e6bd8f1d315
ridge,LR_S06,0,0.5,pathways,T1,HR_LR,5e6bd8f1d315
ridge,LR_S12,0,0.5,pathways,T1,HR_LR,5e6bd8f1d315
ridge,LR_S14,0,0.5,pathways,T1,HR_LR,5e6bd8f1d315
ridge,LR_S17,0,0.5,pathways,T1,HR_LR,5e6bd8f1d315
ridge,LR_S21,0,0.5,pathways,T1,HR_LR,5e6bd8f1d315
ridge,LR_S30,0,0.5,pathways,T1,HR_LR,5e6bd8f1d315
spls,HR_S03,1,0.519947379428477,pathways,T1,HR_LR,5e6bd8f1d315
spls,HR_S10,1,0.389275544261271,pathways,T1,HR_LR,5e6bd8f1d315
spls,HR_S16,1,1.01834215797053,pathways,T1,HR_LR,5e6bd8f1d315
spls,HR_S22,1,0.571679409375274,pathways,T1,HR_LR,5e6bd8f1d315
spls,HR_S24,1,0.601846535479843,pathways,T1,HR_LR,5e6bd8f1d315
spls,HR_S27,1,0.576943527387089,pathways,T1,HR_LR,5e6bd8f1d315
spls,HR_S28,1,0.841506793304579,pathways,T1,HR_LR,5e6bd8f1d315
spls,LR_S04,0,1.12569947255003,pathways,T1,HR_LR,5e6bd8f1d315
spls,LR_S05,0,0.122376668741085,pathways,T1,HR_LR,5e6bd8f1d315
spls,LR_S06,0,0.175606866091112,pathways,T1,HR_LR,5e6bd8f1d315
spls,LR_S12,0,0.0371290914227112,pathways,T1,HR_LR,5e6bd8f1d315
spls,LR_S14,0,0.222138100255369,pathways,T1,HR_LR,5e6bd8f1d315
spls,LR_S17,0,0.639316551691267,pathways,T1,HR_LR,5e6bd8f1d315
spls,LR_S21,0,0.709148915110114,pathways,T1,HR_LR,5e6bd8f1d315
spls,LR_S30,0,0.490704900366306,pathways,T1,HR_LR,5e6bd8f1d315
svm,HR_S03,1,0.474109624560539,pathways,T1,HR_LR,5e6bd8f1d315
svm,HR_S10,1,0.65300965568759906,pathways,T1,HR_LR,5e6bd8f1d315
svm,HR_S16,1,0.580718236115521,pathways,T1,HR_LR,5e6bd8f1d315
svm,HR_S22,1,0.452180691815129,pathways,T1,HR_LR,5e6bd8f1d315
svm,HR_S24,1,0.643193557717378,pathways,T1,HR_LR,5e6bd8f1d315
svm,HR_S27,1,0.488286235132619,pathways,T1,HR_LR,5e6bd8f1d315
svm,HR_S28,1,0.154741571841339,pathways,T1,HR_LR,5e6bd8f1d315
svm,LR_S04,0,0.827910264178892,pathways,T1,HR_LR,5e6bd8f1d315
svm,LR_S05,0,0.457815909324298,pathways,T1,HR_LR,5e6bd8f1d315
svm,LR_S06,0,0.599391401485592,pathways,T1,HR_LR,5e6bd8f1d315
svm,LR_S12,0,0.863759564608038,pathways,T1,HR_LR,5e6bd8f1d315
svm,LR_S14,0,0.540985428710101,pathways,T1,HR_LR,5e6bd8f1d315
svm,LR_S17,0,0.506361911553703,pathways,T1,HR_LR,5e6bd8f1d315
svm,LR_S21,0,0.441311136579017,pathways,T1,HR_LR,5e6bd8f1d315
svm,LR_S30,0,0.19022564728164,pathways,T1,HR_LR,5e6bd8f1d315
enet,HR_S03,1,0.428571428571429,pathways,T2,HR_LR,5e6bd8f1d315
enet,HR_S10,1,0.428571428571429,pathways,T2,HR_LR,5e6bd8f1d315
enet,HR_S16,1,0.428571428571429,pathways,T2,HR_LR,5e6bd8f1d315
enet,HR_S22,1,0.428571428571429,pathways,T2,HR_LR,5e6bd8f1d315
enet,HR_S24,1,0.428571428571429,pathways,T2,HR_LR,5e6bd8f1d315
enet,HR_S27,1,0.428571428571429,pathways,T2,HR_LR,5e6bd8f1d315
enet,HR_S29,1,0.428571428571429,pathways,T2,HR_LR,5e6bd8f1d315
enet,LR_S04,0,0.5,pathways,T2,HR_LR,5e6bd8f1d315
enet,LR_S05,0,0.5,pathways,T2,HR_LR,5e6bd8f1d315
enet,LR_S06,0,0.5,pathways,T2,HR_LR,5e6bd8f1d315
enet,LR_S12,0,0.5,pathways,T2,HR_LR,5e6bd8f1d315
enet,LR_S14,0,0.5,pathways,T2,HR_LR,5e6bd8f1d315
enet,LR_S17,0,0.5,pathways,T2,HR_LR,5e6bd8f1d315
enet,LR_S21,0,0.5,pathways,T2,HR_LR,5e6bd8f1d315
enet,LR_S30,0,0.5,pathways,T2,HR_LR,5e6bd8f1d315
lasso,HR_S03,1,0.428571428571429,pathways,T2,HR_LR,5e6bd8f1d315
lasso,HR_S10,1,0.428571428571429,pathways,T2,HR_LR,5e6bd8f1d315
lasso,HR_S16,1,0.428571428571429,pathways,T2,HR_LR,5e6bd8f1d315
lasso,HR_S22,1,0.428571428571429,pathways,T2,HR_LR,5e6bd8f1d315
lasso,HR_S24,1,0.428571428571429,pathways,T2,HR_LR,5e6bd8f1d315
lasso,HR_S27,1,0.428571428571429,pathways,T2,HR_LR,5e6bd8f1d315
lasso,HR_S29,1,0.428571428571429,pathways,T2,HR_LR,5e6bd8f1d315
lasso,LR_S04,0,0.5,pathways,T2,HR_LR,5e6bd8f1d315
lasso,LR_S05,0,0.5,pathways,T2,HR_LR,5e6bd8f1d315
lasso,LR_S06,0,0.5,pathways,T2,HR_LR,5e6bd8f1d315
lasso,LR_S12,0,0.5,pathways,T2,HR_LR,5e6bd8f1d315
lasso,LR_S14,0,0.5,pathways,T2,HR_LR,5e6bd8f1d315
lasso,LR_S17,0,0.5,pathways,T2,HR_LR,5e6bd8f1d315
lasso,LR_S21,0,0.5,pathways,T2,HR_LR,5e6bd8f1d315
lasso,LR_S30,0,0.5,pathways,T2,HR_LR,5e6bd8f1d315
pam,HR_S03,1,0.428571428571429,pathways,T2,HR_LR,5e6bd8f1d315
pam,HR_S10,1,0.428571428571429,pathways,T2,HR_LR,5e6bd8f1d315
pam,HR_S16,1,0.428571428571429,pathways,T2,HR_LR,5e6bd8f1d315
pam,HR_S22,1,0.428571428571429,pathways,T2,HR_LR,5e6bd8f1d315
pam,HR_S24,1,0.428571428571429,pathways,T2,HR_LR,5e6bd8f1d315
pam,HR_S27,1,0.428571428571429,pathways,T2,HR_LR,5e6bd8f1d315
pam,HR_S29,1,0.428571428571429,pathways,T2,HR_LR,5e6bd8f1d315
pam,LR_S04,0,0.523172524374723,pathways,T2,HR_LR,5e6bd8f1d315
pam,LR_S05,0,0.499585811534442,pathways,T2,HR_LR,5e6bd8f1d315
pam,LR_S06,0,0.5,pathways,T2,HR_LR,5e6bd8f1d315
pam,LR_S12,0,0.551531538193446,pathways,T2,HR_LR,5e6bd8f1d315
pam,LR_S14,0,0.946321092495819,pathways,T2,HR_LR,5e6bd8f1d315
pam,LR_S17,0,0.338917967360037,pathways,T2,HR_LR,5e6bd8f1d315
pam,LR_S21,0,0.637331068049421,pathways,T2,HR_LR,5e6bd8f1d315
pam,LR_S30,0,0.566397222102457,pathways,T2,HR_LR,5e6bd8f1d315
rf,HR_S03,1,0.361086507936508,pathways,T2,HR_LR,5e6bd8f1d315
rf,HR_S10,1,0.398085714285714,pathways,T2,HR_LR,5e6bd8f1d315
rf,HR_S16,1,0.375733333333333,pathways,T2,HR_LR,5e6bd8f1d315
rf,HR_S22,1,0.539025396825397,pathways,T2,HR_LR,5e6bd8f1d315
rf,HR_S24,1,0.417777777777777,pathways,T2,HR_LR,5e6bd8f1d315
rf,HR_S27,1,0.474473015873016,pathways,T2,HR_LR,5e6bd8f1d315
rf,HR_S29,1,0.45975,pathways,T2,HR_LR,5e6bd8f1d315
rf,LR_S04,0,0.520989682539682,pathways,T2,HR_LR,5e6bd8f1d315
rf,LR_S05,0,0.457724603174603,pathways,T2,HR_LR,5e6bd8f1d315
rf,LR_S06,0,0.56745,pathways,T2,HR_LR,5e6bd8f1d315
rf,LR_S12,0,0.452165873015873,pathways,T2,HR_LR,5e6bd8f1d315
rf,LR_S14,0,0.770015873015873,pathways,T2,HR_LR,5e6bd8f1d315
rf,LR_S17,0,0.473821428571428,pathways,T2,HR_LR,5e6bd8f1d315
rf,LR_S21,0,0.646574603174603,pathways,T2,HR_LR,5e6bd8f1d315
rf,LR_S30,0,0.517577777777778,pathways,T2,HR_LR,5e6bd8f1d315
ridge,HR_S03,1,0.428571428571429,pathways,T2,HR_LR,5e6bd8f1d315
ridge,HR_S10,1,0.428571428571429,pathways,T2,HR_LR,5e6bd8f1d315
ridge,HR_S16,1,0.428571428571429,pathways,T2,HR_LR,5e6bd8f1d315
ridge,HR_S22,1,0.428571428571429,pathways,T2,HR_LR,5e6bd8f1d315
ridge,HR_S24,1,0.428571428571429,pathways,T2,HR_LR,5e6bd8f1d315
ridge,HR_S27,1,0.428571428571429,pathways,T2,HR_LR,5e6bd8f1d315
ridge,HR_S29,1,0.428571428571429,pathways,T2,HR_LR,5e6bd8f1d315
ridge,LR_S04,0,0.5,pathways,T2,HR_LR,5e6bd8f1d315
ridge,LR_S05,0,0.5,pathways,T2,HR_LR,5e6bd8f1d315
ridge,LR_S06,0,0.5,pathways,T2,HR_LR,5e6bd8f1d315
ridge,LR_S12,0,0.5,pathways,T2,HR_LR,5e6bd8f1d315
ridge,LR_S14,0,0.577595779203054,pathways,T2,HR_LR,5e6bd8f1d315
ridge,LR_S17,0,0.5,pathways,T2,HR_LR,5e6bd8f1d315
ridge,LR_S21,0,0.5,pathways,T2,HR_LR,5e6bd8f1d315
ridge,LR_S30,0,0.5,pathways,T2,HR_LR,5e6bd8f1d315
spls,HR_S03,1,0.171448901375863,pathways,T2,HR_LR,5e6bd8f1d315
spls,HR_S10,1,0.157067511883059,pathways,T2,HR_LR,5e6bd8f1d315
spls,HR_S16,1,0.110918763775674,pathways,T2,HR_LR,5e6bd8f1d315
spls,HR_S22,1,0.720487523963129,pathways,T2,HR_LR,5e6bd8f1d315
spls,HR_S24,1,0.442240723700622,pathways,T2,HR_LR,5e6bd8f1d315
spls,HR_S27,1,0.293007024724821,pathways,T2,HR_LR,5e6bd8f1d315
spls,HR_S29,1,0.54442488992055,pathways,T2,HR_LR,5e6bd8f1d315
spls,LR_S04,0,0.95765095793122,pathways,T2,HR_LR,5e6bd8f1d315
spls,LR_S05,0,0.310667770754633,pathways,T2,HR_LR,5e6bd8f1d315
spls,LR_S06,0,0.891210281665794,pathways,T2,HR_LR,5e6bd8f1d315
spls,LR_S12,0,0.614186882429326,pathways,T2,HR_LR,5e6bd8f1d315
spls,LR_S14,0,2.00476457551924,pathways,T2,HR_LR,5e6bd8f1d315
spls,LR_S17,0,-0.0644926627748911,pathways,T2,HR_LR,5e6bd8f1d315
spls,LR_S21,0,0.62255393701358,pathways,T2,HR_LR,5e6bd8f1d315
spls,LR_S30,0,0.786926903339452,pathways,T2,HR_LR,5e6bd8f1d315
svm,HR_S03,1,0.437108607590541,pathways,T2,HR_LR,5e6bd8f1d315
svm,HR_S10,1,0.44793263403197,pathways,T2,HR_LR,5e6bd8f1d315
svm,HR_S16,1,0.460440100400488,pathways,T2,HR_LR,5e6bd8f1d315
svm,HR_S22,1,0.35899648443695,pathways,T2,HR_LR,5e6bd8f1d315
svm,HR_S24,1,0.200830696394068,pathways,T2,HR_LR,5e6bd8f1d315
svm,HR_S27,1,0.416401725265137,pathways,T2,HR_LR,5e6bd8f1d315
svm,HR_S29,1,0.439264805804442,pathways,T2,HR_LR,5e6bd8f1d315
svm,LR_S04,0,0.411184639193415,pathways,T2,HR_LR,5e6bd8f1d315
svm,LR_S05,0,0.681760559970255,pathways,T2,HR_LR,5e6bd8f1d315
svm,LR_S06,0,0.505343722778213,pathways,T2,HR_LR,5e6bd8f1d315
svm,LR_S12,0,0.663281031581991,pathways,T2,HR_LR,5e6bd8f1d315
svm,LR_S14,0,0.954345787858465,pathways,T2,HR_LR,5e6bd8f1d315
svm,LR_S17,0,0.764072043702515,pathways,T2,HR_LR,5e6bd8f1d315
svm,LR_S21,0,0.457769589333518,pathways,T2,HR_LR,5e6bd8f1d315
svm,LR_S30,0,0.51535664868539,pathways,T2,HR_LR,5e6bd8f1d315
enet,HR_S03,1,0.428571428571429,pathways,T3,HR_LR,5e6bd8f1d315
enet,HR_S10,1,0.377646623671505,pathways,T3,HR_LR,5e6bd8f1d315
enet,HR_S16,1,0.430730724375049,pathways,T3,HR_LR,5e6bd8f1d315
enet,HR_S22,1,0.0248671575611383,pathways,T3,HR_LR,5e6bd8f1d315
enet,HR_S24,1,0.428571428571429,pathways,T3,HR_LR,5e6bd8f1d315
enet,HR_S27,1,0.44688801976407,pathways,T3,HR_LR,5e6bd8f1d315
enet,HR_S29,1,0.364941462260716,pathways,T3,HR_LR,5e6bd8f1d315
enet,LR_S04,0,0.5,pathways,T3,HR_LR,5e6bd8f1d315
enet,LR_S05,0,0.540688717947587,pathways,T3,HR_LR,5e6bd8f1d315
enet,LR_S06,0,0.559499293496803,pathways,T3,HR_LR,5e6bd8f1d315
enet,LR_S12,0,0.195911980292457,pathways,T3,HR_LR,5e6bd8f1d315
enet,LR_S14,0,0.497883107192552,pathways,T3,HR_LR,5e6bd8f1d315
enet,LR_S17,0,0.483355002470441,pathways,T3,HR_LR,5e6bd8f1d315
enet,LR_S21,0,0.497150672010645,pathways,T3,HR_LR,5e6bd8f1d315
enet,LR_S30,0,0.5,pathways,T3,HR_LR,5e6bd8f1d315
lasso,HR_S03,1,0.428571428571429,pathways,T3,HR_LR,5e6bd8f1d315
lasso,HR_S10,1,0.337057391603767,pathways,T3,HR_LR,5e6bd8f1d315
lasso,HR_S16,1,0.428571428571429,pathways,T3,HR_LR,5e6bd8f1d315
lasso,HR_S22,1,0.16456571039298,pathways,T3,HR_LR,5e6bd8f1d315
lasso,HR_S24,1,0.428571428571429,pathways,T3,HR_LR,5e6bd8f1d315
lasso,HR_S27,1,0.428571428571429,pathways,T3,HR_LR,5e6bd8f1d315
lasso,HR_S29,1,0.428571428571429,pathways,T3,HR_LR,5e6bd8f1d315
lasso,LR_S04,0,0.5,pathways,T3,HR_LR,5e6bd8f1d315
lasso,LR_S05,0,0.5,pathways,T3,HR_LR,5e6bd8f1d315
lasso,LR_S06,0,0.5,pathways,T3,HR_LR,5e6bd8f1d315
lasso,LR_S12,0,0.160150971111334,pathways,T3,HR_LR,5e6bd8f1d315
lasso,LR_S14,0,0.5,pathways,T3,HR_LR,5e6bd8f1d315
lasso,LR_S17,0,0.5,pathways,T3,HR_LR,5e6bd8f1d315
lasso,LR_S21,0,0.5,pathways,T3,HR_LR,5e6bd8f1d315
lasso,LR_S30,0,0.5,pathways,T3,HR_LR,5e6bd8f1d315
pam,HR_S03,1,0.56577513902343,pathways,T3,HR_LR,5e6bd8f1d315
pam,HR_S10,1,0.418263131300464,pathways,T3,HR_LR,5e6bd8f1d315
pam,HR_S16,1,0.428877853307772,pathways,T3,HR_LR,5e6bd8f1d315
pam,HR_S22,1,0.400137697117263,pathways,T3,HR_LR,5e6bd8f1d315
pam,HR_S24,1,0.428571428571429,pathways,T3,HR_LR,5e6bd8f1d315
pam,HR_S27,1,0.46093303404942,pathways,T3,HR_LR,5e6bd8f1d315
pam,HR_S29,1,0.371242411577723,pathways,T3,HR_LR,5e6bd8f1d315
pam,LR_S04,0,0.498444887453885,pathways,T3,HR_LR,5e6bd8f1d315
pam,LR_S05,0,0.496971857501776,pathways,T3,HR_LR,5e6bd8f1d315
pam,LR_S06,0,0.547767873887698,pathways,T3,HR_LR,5e6bd8f1d315
pam,LR_S12,0,0.482510504433541,pathways,T3,HR_LR,5e6bd8f1d315
pam,LR_S14,0,0.500354787067656,pathways,T3,HR_LR,5e6bd8f1d315
pam,LR_S17,0,0.498345977766104,pathways,T3,HR_LR,5e6bd8f1d315
pam,LR_S21,0,0.499679647690826,pathways,T3,HR_LR,5e6bd8f1d315
pam,LR_S30,0,0.351128958826676,pathways,T3,HR_LR,5e6bd8f1d315
rf,HR_S03,1,0.521836507936508,pathways,T3,HR_LR,5e6bd8f1d315
rf,HR_S10,1,0.53660396825396794,pathways,T3,HR_LR,5e6bd8f1d315
rf,HR_S16,1,0.303988888888889,pathways,T3,HR_LR,5e6bd8f1d315
rf,HR_S22,1,0.37944126984127,pathways,T3,HR_LR,5e6bd8f1d315
rf,HR_S24,1,0.680340476190476,pathways,T3,HR_LR,5e6bd8f1d315
rf,HR_S27,1,0.462042063492063,pathways,T3,HR_LR,5e6bd8f1d315
rf,HR_S29,1,0.304580952380952,pathways,T3,HR_LR,5e6bd8f1d315
rf,LR_S04,0,0.445757936507937,pathways,T3,HR_LR,5e6bd8f1d315
rf,LR_S05,0,0.552649206349206,pathways,T3,HR_LR,5e6bd8f1d315
rf,LR_S06,0,0.475611904761905,pathways,T3,HR_LR,5e6bd8f1d315
rf,LR_S12,0,0.315526984126984,pathways,T3,HR_LR,5e6bd8f1d315
rf,LR_S14,0,0.559262698412698,pathways,T3,HR_LR,5e6bd8f1d315
rf,LR_S17,0,0.329721428571429,pathways,T3,HR_LR,5e6bd8f1d315
rf,LR_S21,0,0.437969841269841,pathways,T3,HR_LR,5e6bd8f1d315
rf,LR_S30,0,0.398012698412698,pathways,T3,HR_LR,5e6bd8f1d315
ridge,HR_S03,1,0.428571428571429,pathways,T3,HR_LR,5e6bd8f1d315
ridge,HR_S10,1,0.428571428571429,pathways,T3,HR_LR,5e6bd8f1d315
ridge,HR_S16,1,0.428571428571429,pathways,T3,HR_LR,5e6bd8f1d315
ridge,HR_S22,1,0.421344237096219,pathways,T3,HR_LR,5e6bd8f1d315
ridge,HR_S24,1,0.428571428571429,pathways,T3,HR_LR,5e6bd8f1d315
ridge,HR_S27,1,0.428571428571429,pathways,T3,HR_LR,5e6bd8f1d315
ridge,HR_S29,1,0.406971018402183,pathways,T3,HR_LR,5e6bd8f1d315
ridge,LR_S04,0,0.5,pathways,T3,HR_LR,5e6bd8f1d315
ridge,LR_S05,0,0.498950387884653,pathways,T3,HR_LR,5e6bd8f1d315
ridge,LR_S06,0,0.5,pathways,T3,HR_LR,5e6bd8f1d315
ridge,LR_S12,0,0.5,pathways,T3,HR_LR,5e6bd8f1d315
ridge,LR_S14,0,0.522521291010025,pathways,T3,HR_LR,5e6bd8f1d315
ridge,LR_S17,0,0.5,pathways,T3,HR_LR,5e6bd8f1d315
ridge,LR_S21,0,0.5,pathways,T3,HR_LR,5e6bd8f1d315
ridge,LR_S30,0,0.5,pathways,T3,HR_LR,5e6bd8f1d315
spls,HR_S03,1,0.971821136885586,pathways,T3,HR_LR,5e6bd8f1d315
spls,HR_S10,1,0.3721813506769,pathways,T3,HR_LR,5e6bd8f1d315
spls,HR_S16,1,0.434582295290278,pathways,T3,HR_LR,5e6bd8f1d315
spls,HR_S22,1,0.282204654934297,pathways,T3,HR_LR,5e6bd8f1d315
spls,HR_S24,1,1.41644754965899,pathways,T3,HR_LR,5e6bd8f1d315
spls,HR_S27,1,0.518768464644703,pathways,T3,HR_LR,5e6bd8f1d315
spls,HR_S29,1,0.278577151122865,pathways,T3,HR_LR,5e6bd8f1d315
spls,LR_S04,0,0.230989372895777,pathways,T3,HR_LR,5e6bd8f1d315
spls,LR_S05,0,0.491629363769443,pathways,T3,HR_LR,5e6bd8f1d315
spls,LR_S06,0,0.72280015114382,pathways,T3,HR_LR,5e6bd8f1d315
spls,LR_S12,0,-0.0510729301850341,pathways,T3,HR_LR,5e6bd8f1d315
spls,LR_S14,0,0.560574153839526,pathways,T3,HR_LR,5e6bd8f1d315
spls,LR_S17,0,0.184173511348732,pathways,T3,HR_LR,5e6bd8f1d315
spls,LR_S21,0,0.479329355823258,pathways,T3,HR_LR,5e6bd8f1d315
spls,LR_S30,0,-0.1253130365946,pathways,T3,HR_LR,5e6bd8f1d315
svm,HR_S03,1,0.564735982880012,pathways,T3,HR_LR,5e6bd8f1d315
svm,HR_S10,1,0.477573900403279,pathways,T3,HR_LR,5e6bd8f1d315
svm,HR_S16,1,0.462908470937182,pathways,T3,HR_LR,5e6bd8f1d315
svm,HR_S22,1,0.0722507651497937,pathways,T3,HR_LR,5e6bd8f1d315
svm,HR_S24,1,0.240552810944122,pathways,T3,HR_LR,5e6bd8f1d315
svm,HR_S27,1,0.42620397771963,pathways,T3,HR_LR,5e6bd8f1d315
svm,HR_S29,1,0.318741543540253,pathways,T3,HR_LR,5e6bd8f1d315
svm,LR_S04,0,0.469872376807957,pathways,T3,HR_LR,5e6bd8f1d315
svm,LR_S05,0,0.63567576890288,pathways,T3,HR_LR,5e6bd8f1d315
svm,LR_S06,0,0.50611239273008,pathways,T3,HR_LR,5e6bd8f1d315
svm,LR_S12,0,0.420874480171317,pathways,T3,HR_LR,5e6bd8f1d315
svm,LR_S14,0,0.572343000105825,pathways,T3,HR_LR,5e6bd8f1d315
svm,LR_S17,0,0.423209780214911,pathways,T3,HR_LR,5e6bd8f1d315
svm,LR_S21,0,0.438740592513918,pathways,T3,HR_LR,5e6bd8f1d315
svm,LR_S30,0,0.390972248651417,pathways,T3,HR_LR,5e6bd8f1d315
enet,HR_S03,1,0.384615384615385,pathways,total,HR_LR,5e6bd8f1d315
enet,HR_S10,1,0.384615384615385,pathways,total,HR_LR,5e6bd8f1d315
enet,HR_S16,1,0.384615384615385,pathways,total,HR_LR,5e6bd8f1d315
enet,HR_S22,1,0.384615384615385,pathways,total,HR_LR,5e6bd8f1d315
enet,HR_S24,1,0.384615384615385,pathways,total,HR_LR,5e6bd8f1d315
enet,HR_S27,1,0.384615384615385,pathways,total,HR_LR,5e6bd8f1d315
enet,LR_S04,0,0.454000658929803,pathways,total,HR_LR,5e6bd8f1d315
enet,LR_S05,0,0.454153403654169,pathways,total,HR_LR,5e6bd8f1d315
enet,LR_S06,0,0.461538461538462,pathways,total,HR_LR,5e6bd8f1d315
enet,LR_S12,0,0.461538461538462,pathways,total,HR_LR,5e6bd8f1d315
enet,LR_S14,0,0.732865356860594,pathways,total,HR_LR,5e6bd8f1d315
enet,LR_S17,0,0.461538461538462,pathways,total,HR_LR,5e6bd8f1d315
enet,LR_S21,0,0.461538461538462,pathways,total,HR_LR,5e6bd8f1d315
enet,LR_S30,0,0.461538461538462,pathways,total,HR_LR,5e6bd8f1d315
lasso,HR_S03,1,0.384615384615385,pathways,total,HR_LR,5e6bd8f1d315
lasso,HR_S10,1,0.384615384615385,pathways,total,HR_LR,5e6bd8f1d315
lasso,HR_S16,1,0.384615384615385,pathways,total,HR_LR,5e6bd8f1d315
lasso,HR_S22,1,0.384615384615385,pathways,total,HR_LR,5e6bd8f1d315
lasso,HR_S24,1,0.370398793495119,pathways,total,HR_LR,5e6bd8f1d315
lasso,HR_S27,1,0.384615384615385,pathways,total,HR_LR,5e6bd8f1d315
lasso,LR_S04,0,0.446359419781671,pathways,total,HR_LR,5e6bd8f1d315
lasso,LR_S05,0,0.444305220545021,pathways,total,HR_LR,5e6bd8f1d315
lasso,LR_S06,0,0.461538461538462,pathways,total,HR_LR,5e6bd8f1d315
lasso,LR_S12,0,0.461538461538462,pathways,total,HR_LR,5e6bd8f1d315
lasso,LR_S14,0,0.461538461538462,pathways,total,HR_LR,5e6bd8f1d315
lasso,LR_S17,0,0.461538461538462,pathways,total,HR_LR,5e6bd8f1d315
lasso,LR_S21,0,0.492808794988023,pathways,total,HR_LR,5e6bd8f1d315
lasso,LR_S30,0,0.461538461538462,pathways,total,HR_LR,5e6bd8f1d315
pam,HR_S03,1,0.384615384615385,pathways,total,HR_LR,5e6bd8f1d315
pam,HR_S10,1,0.384615384615385,pathways,total,HR_LR,5e6bd8f1d315
pam,HR_S16,1,0.384615384615385,pathways,total,HR_LR,5e6bd8f1d315
pam,HR_S22,1,0.384615384615385,pathways,total,HR_LR,5e6bd8f1d315
pam,HR_S24,1,0.384615384615385,pathways,total,HR_LR,5e6bd8f1d315
pam,HR_S27,1,0.384615384615385,pathways,total,HR_LR,5e6bd8f1d315
pam,LR_S04,0,0.461538461538462,pathways,total,HR_LR,5e6bd8f1d315
pam,LR_S05,0,0.461538461538462,pathways,total,HR_LR,5e6bd8f1d315
pam,LR_S06,0,0.461538461538462,pathways,total,HR_LR,5e6bd8f1d315
pam,LR_S12,0,0.461538461538462,pathways,total,HR_LR,5e6bd8f1d315
pam,LR_S14,0,0.617732153363411,pathways,total,HR_LR,5e6bd8f1d315
pam,LR_S17,0,0.461538461538462,pathways,total,HR_LR,5e6bd8f1d315
pam,LR_S21,0,0.563393134147673,pathways,total,HR_LR,5e6bd8f1d315
pam,LR_S30,0,0.461538461538462,pathways,total,HR_LR,5e6bd8f1d315
rf,HR_S03,1,0.358846825396825,pathways,total,HR_LR,5e6bd8f1d315
rf,HR_S10,1,0.40573253968254003,pathways,total,HR_LR,5e6bd8f1d315
rf,HR_S16,1,0.452771428571428,pathways,total,HR_LR,5e6bd8f1d315
rf,HR_S22,1,0.202968253968254,pathways,total,HR_LR,5e6bd8f1d315
rf,HR_S24,1,0.482969047619048,pathways,total,HR_LR,5e6bd8f1d315
rf,HR_S27,1,0.355898412698413,pathways,total,HR_LR,5e6bd8f1d315
rf,LR_S04,0,0.391261904761905,pathways,total,HR_LR,5e6bd8f1d315
rf,LR_S05,0,0.371577777777778,pathways,total,HR_LR,5e6bd8f1d315
rf,LR_S06,0,0.373774603174603,pathways,total,HR_LR,5e6bd8f1d315
rf,LR_S12,0,0.336072222222222,pathways,total,HR_LR,5e6bd8f1d315
rf,LR_S14,0,0.54242380952381,pathways,total,HR_LR,5e6bd8f1d315
rf,LR_S17,0,0.375071428571429,pathways,total,HR_LR,5e6bd8f1d315
rf,LR_S21,0,0.641559523809524,pathways,total,HR_LR,5e6bd8f1d315
rf,LR_S30,0,0.378616666666667,pathways,total,HR_LR,5e6bd8f1d315
ridge,HR_S03,1,0.384615384615385,pathways,total,HR_LR,5e6bd8f1d315
ridge,HR_S10,1,0.384615384615385,pathways,total,HR_LR,5e6bd8f1d315
ridge,HR_S16,1,0.384615384615385,pathways,total,HR_LR,5e6bd8f1d315
ridge,HR_S22,1,0.384615384615385,pathways,total,HR_LR,5e6bd8f1d315
ridge,HR_S24,1,0.384615384615385,pathways,total,HR_LR,5e6bd8f1d315
ridge,HR_S27,1,0.384615384615385,pathways,total,HR_LR,5e6bd8f1d315
ridge,LR_S04,0,0.461538461538462,pathways,total,HR_LR,5e6bd8f1d315
ridge,LR_S05,0,0.461538461538462,pathways,total,HR_LR,5e6bd8f1d315
ridge,LR_S06,0,0.461538461538462,pathways,total,HR_LR,5e6bd8f1d315
ridge,LR_S12,0,0.461538461538462,pathways,total,HR_LR,5e6bd8f1d315
ridge,LR_S14,0,0.461538461538462,pathways,total,HR_LR,5e6bd8f1d315
ridge,LR_S17,0,0.461538461538462,pathways,total,HR_LR,5e6bd8f1d315
ridge,LR_S21,0,0.461538461538462,pathways,total,HR_LR,5e6bd8f1d315
ridge,LR_S30,0,0.461538461538462,pathways,total,HR_LR,5e6bd8f1d315
spls,HR_S03,1,0.31922908664530403,pathways,total,HR_LR,5e6bd8f1d315
spls,HR_S10,1,0.1557324419705,pathways,total,HR_LR,5e6bd8f1d315
spls,HR_S16,1,0.432581322367338,pathways,total,HR_LR,5e6bd8f1d315
spls,HR_S22,1,-0.281436744771188,pathways,total,HR_LR,5e6bd8f1d315
spls,HR_S24,1,0.483383699126277,pathways,total,HR_LR,5e6bd8f1d315
spls,HR_S27,1,0.031764013553404,pathways,total,HR_LR,5e6bd8f1d315
spls,LR_S04,0,0.577385382582343,pathways,total,HR_LR,5e6bd8f1d315
spls,LR_S05,0,0.37495881579238,pathways,total,HR_LR,5e6bd8f1d315
spls,LR_S06,0,0.301746512812169,pathways,total,HR_LR,5e6bd8f1d315
spls,LR_S12,0,0.233840499266979,pathways,total,HR_LR,5e6bd8f1d315
spls,LR_S14,0,1.37231627961224,pathways,total,HR_LR,5e6bd8f1d315
spls,LR_S17,0,0.387459084241468,pathways,total,HR_LR,5e6bd8f1d315
spls,LR_S21,0,0.626472712082256,pathways,total,HR_LR,5e6bd8f1d315
spls,LR_S30,0,0.142301513202787,pathways,total,HR_LR,5e6bd8f1d315
svm,HR_S03,1,0.325405942049905,pathways,total,HR_LR,5e6bd8f1d315
svm,HR_S10,1,0.377464587112164,pathways,total,HR_LR,5e6bd8f1d315
svm,HR_S16,1,0.199576506822044,pathways,total,HR_LR,5e6bd8f1d315
svm,HR_S22,1,0.186455450676649,pathways,total,HR_LR,5e6bd8f1d315
svm,HR_S24,1,0.354099023803114,pathways,total,HR_LR,5e6bd8f1d315
svm,HR_S27,1,0.418085318516213,pathways,total,HR_LR,5e6bd8f1d315
svm,LR_S04,0,0.412208454988497,pathways,total,HR_LR,5e6bd8f1d315
svm,LR_S05,0,0.50833535814227,pathways,total,HR_LR,5e6bd8f1d315
svm,LR_S06,0,0.508846796121781,pathways,total,HR_LR,5e6bd8f1d315
svm,LR_S12,0,0.475674774729183,pathways,total,HR_LR,5e6bd8f1d315
svm,LR_S14,0,0.739148206144839,pathways,total,HR_LR,5e6bd8f1d315
svm,LR_S17,0,0.467560805422619,pathways,total,HR_LR,5e6bd8f1d315
svm,LR_S21,0,0.35060057608278,pathways,total,HR_LR,5e6bd8f1d315
svm,LR_S30,0,0.543957069342935,pathways,total,HR_LR,5e6bd8f1d315
enet,HR_S03,1,0.384615384615385,pathways,training,HR_LR,5e6bd8f1d315
enet,HR_S10,1,0.384615384615385,pathways,training,HR_LR,5e6bd8f1d315
enet,HR_S16,1,0.384615384615385,pathways,training,HR_LR,5e6bd8f1d315
enet,HR_S22,1,0.384615384615385,pathways,training,HR_LR,5e6bd8f1d315
enet,HR_S24,1,0.384615384615385,pathways,training,HR_LR,5e6bd8f1d315
enet,HR_S27,1,0.384615384615385,pathways,training,HR_LR,5e6bd8f1d315
enet,LR_S04,0,0.461538461538462,pathways,training,HR_LR,5e6bd8f1d315
enet,LR_S05,0,0.461538461538462,pathways,training,HR_LR,5e6bd8f1d315
enet,LR_S06,0,0.461538461538462,pathways,training,HR_LR,5e6bd8f1d315
enet,LR_S12,0,0.461538461538462,pathways,training,HR_LR,5e6bd8f1d315
enet,LR_S14,0,0.461538461538462,pathways,training,HR_LR,5e6bd8f1d315
enet,LR_S17,0,0.461538461538462,pathways,training,HR_LR,5e6bd8f1d315
enet,LR_S21,0,0.461538461538462,pathways,training,HR_LR,5e6bd8f1d315
enet,LR_S30,0,0.461538461538462,pathways,training,HR_LR,5e6bd8f1d315
lasso,HR_S03,1,0.384615384615385,pathways,training,HR_LR,5e6bd8f1d315
lasso,HR_S10,1,0.384615384615385,pathways,training,HR_LR,5e6bd8f1d315
lasso,HR_S16,1,0.384615384615385,pathways,training,HR_LR,5e6bd8f1d315
lasso,HR_S22,1,0.384615384615385,pathways,training,HR_LR,5e6bd8f1d315
lasso,HR_S24,1,0.384615384615385,pathways,training,HR_LR,5e6bd8f1d315
lasso,HR_S27,1,0.384615384615385,pathways,training,HR_LR,5e6bd8f1d315
lasso,LR_S04,0,0.461538461538462,pathways,training,HR_LR,5e6bd8f1d315
lasso,LR_S05,0,0.461538461538462,pathways,training,HR_LR,5e6bd8f1d315
lasso,LR_S06,0,0.461538461538462,pathways,training,HR_LR,5e6bd8f1d315
lasso,LR_S12,0,0.461538461538462,pathways,training,HR_LR,5e6bd8f1d315
lasso,LR_S14,0,0.461538461538462,pathways,training,HR_LR,5e6bd8f1d315
lasso,LR_S17,0,0.461538461538462,pathways,training,HR_LR,5e6bd8f1d315
lasso,LR_S21,0,0.461538461538462,pathways,training,HR_LR,5e6bd8f1d315
lasso,LR_S30,0,0.461538461538462,pathways,training,HR_LR,5e6bd8f1d315
pam,HR_S03,1,0.384615384615385,pathways,training,HR_LR,5e6bd8f1d315
pam,HR_S10,1,0.384615384615385,pathways,training,HR_LR,5e6bd8f1d315
pam,HR_S16,1,0.0340955041048302,pathways,training,HR_LR,5e6bd8f1d315
pam,HR_S22,1,0.384615384615385,pathways,training,HR_LR,5e6bd8f1d315
pam,HR_S24,1,0.384615384615385,pathways,training,HR_LR,5e6bd8f1d315
pam,HR_S27,1,0.384615384615385,pathways,training,HR_LR,5e6bd8f1d315
pam,LR_S04,0,0.739727641379397,pathways,training,HR_LR,5e6bd8f1d315
pam,LR_S05,0,0.334094491033722,pathways,training,HR_LR,5e6bd8f1d315
pam,LR_S06,0,0.58743745224172506,pathways,training,HR_LR,5e6bd8f1d315
pam,LR_S12,0,0.392436750977623,pathways,training,HR_LR,5e6bd8f1d315
pam,LR_S14,0,0.461538461538462,pathways,training,HR_LR,5e6bd8f1d315
pam,LR_S17,0,0.461538461538462,pathways,training,HR_LR,5e6bd8f1d315
pam,LR_S21,0,0.461538461538462,pathways,training,HR_LR,5e6bd8f1d315
pam,LR_S30,0,0.461538461538462,pathways,training,HR_LR,5e6bd8f1d315
rf,HR_S03,1,0.365534126984127,pathways,training,HR_LR,5e6bd8f1d315
rf,HR_S10,1,0.409600793650793,pathways,training,HR_LR,5e6bd8f1d315
rf,HR_S16,1,0.251147619047619,pathways,training,HR_LR,5e6bd8f1d315
rf,HR_S22,1,0.54009126984127,pathways,training,HR_LR,5e6bd8f1d315
rf,HR_S24,1,0.407601587301587,pathways,training,HR_LR,5e6bd8f1d315
rf,HR_S27,1,0.200903968253968,pathways,training,HR_LR,5e6bd8f1d315
rf,LR_S04,0,0.480751587301587,pathways,training,HR_LR,5e6bd8f1d315
rf,LR_S05,0,0.481884920634921,pathways,training,HR_LR,5e6bd8f1d315
rf,LR_S06,0,0.550703174603175,pathways,training,HR_LR,5e6bd8f1d315
rf,LR_S12,0,0.385492063492063,pathways,training,HR_LR,5e6bd8f1d315
rf,LR_S14,0,0.406609523809524,pathways,training,HR_LR,5e6bd8f1d315
rf,LR_S17,0,0.40189126984127,pathways,training,HR_LR,5e6bd8f1d315
rf,LR_S21,0,0.55804126984127,pathways,training,HR_LR,5e6bd8f1d315
rf,LR_S30,0,0.505802380952381,pathways,training,HR_LR,5e6bd8f1d315
ridge,HR_S03,1,0.384615384615385,pathways,training,HR_LR,5e6bd8f1d315
ridge,HR_S10,1,0.384615384615385,pathways,training,HR_LR,5e6bd8f1d315
ridge,HR_S16,1,0.384615384615385,pathways,training,HR_LR,5e6bd8f1d315
ridge,HR_S22,1,0.384615384615385,pathways,training,HR_LR,5e6bd8f1d315
ridge,HR_S24,1,0.384615384615385,pathways,training,HR_LR,5e6bd8f1d315
ridge,HR_S27,1,0.384615384615385,pathways,training,HR_LR,5e6bd8f1d315
ridge,LR_S04,0,0.461538461538462,pathways,training,HR_LR,5e6bd8f1d315
ridge,LR_S05,0,0.461538461538462,pathways,training,HR_LR,5e6bd8f1d315
ridge,LR_S06,0,0.461538461538462,pathways,training,HR_LR,5e6bd8f1d315
ridge,LR_S12,0,0.461538461538462,pathways,training,HR_LR,5e6bd8f1d315
ridge,LR_S14,0,0.461538461538462,pathways,training,HR_LR,5e6bd8f1d315
ridge,LR_S17,0,0.461538461538462,pathways,training,HR_LR,5e6bd8f1d315
ridge,LR_S21,0,0.461538461538462,pathways,training,HR_LR,5e6bd8f1d315
ridge,LR_S30,0,0.461538461538462,pathways,training,HR_LR,5e6bd8f1d315
spls,HR_S03,1,0.494768773501999,pathways,training,HR_LR,5e6bd8f1d315
spls,HR_S10,1,0.406832100261754,pathways,training,HR_LR,5e6bd8f1d315
spls,HR_S16,1,-0.0391315145664463,pathways,training,HR_LR,5e6bd8f1d315
spls,HR_S22,1,-0.0844452804043769,pathways,training,HR_LR,5e6bd8f1d315
spls,HR_S24,1,0.441053634509262,pathways,training,HR_LR,5e6bd8f1d315
spls,HR_S27,1,-0.0053323684333117,pathways,training,HR_LR,5e6bd8f1d315
spls,LR_S04,0,0.6106737039902,pathways,training,HR_LR,5e6bd8f1d315
spls,LR_S05,0,0.363433115056499,pathways,training,HR_LR,5e6bd8f1d315
spls,LR_S06,0,0.555565164577382,pathways,training,HR_LR,5e6bd8f1d315
spls,LR_S12,0,0.432456350455693,pathways,training,HR_LR,5e6bd8f1d315
spls,LR_S14,0,0.16632477138805,pathways,training,HR_LR,5e6bd8f1d315
spls,LR_S17,0,0.229126058722329,pathways,training,HR_LR,5e6bd8f1d315
spls,LR_S21,0,0.706302559085098,pathways,training,HR_LR,5e6bd8f1d315
spls,LR_S30,0,0.462097455422336,pathways,training,HR_LR,5e6bd8f1d315
svm,HR_S03,1,0.446405291182839,pathways,training,HR_LR,5e6bd8f1d315
svm,HR_S10,1,0.454238987283,pathways,training,HR_LR,5e6bd8f1d315
svm,HR_S16,1,0.142917280649385,pathways,training,HR_LR,5e6bd8f1d315
svm,HR_S22,1,0.0185232937739151,pathways,training,HR_LR,5e6bd8f1d315
svm,HR_S24,1,0.15285718889074,pathways,training,HR_LR,5e6bd8f1d315
svm,HR_S27,1,0.417663270700213,pathways,training,HR_LR,5e6bd8f1d315
svm,LR_S04,0,0.440074889882437,pathways,training,HR_LR,5e6bd8f1d315
svm,LR_S05,0,0.39866171661765,pathways,training,HR_LR,5e6bd8f1d315
svm,LR_S06,0,0.460152367720307,pathways,training,HR_LR,5e6bd8f1d315
svm,LR_S12,0,0.450977280215313,pathways,training,HR_LR,5e6bd8f1d315
svm,LR_S14,0,0.47383677605702,pathways,training,HR_LR,5e6bd8f1d315
svm,LR_S17,0,0.526294498676697,pathways,training,HR_LR,5e6bd8f1d315
svm,LR_S21,0,0.489951681465357,pathways,training,HR_LR,5e6bd8f1d315
svm,LR_S30,0,0.455940375263836,pathways,training,HR_LR,5e6bd8f1d315
enet,HR_S03,1,0.384615384615385,pathways,trajectory,HR_LR,5e6bd8f1d315
enet,HR_S10,1,0.384615384615385,pathways,trajectory,HR_LR,5e6bd8f1d315
enet,HR_S16,1,0.384615384615385,pathways,trajectory,HR_LR,5e6bd8f1d315
enet,HR_S22,1,0.387333774158913,pathways,trajectory,HR_LR,5e6bd8f1d315
enet,HR_S24,1,0.384615384615385,pathways,trajectory,HR_LR,5e6bd8f1d315
enet,HR_S27,1,0.384615384615385,pathways,trajectory,HR_LR,5e6bd8f1d315
enet,LR_S04,0,0.735773792744755,pathways,trajectory,HR_LR,5e6bd8f1d315
enet,LR_S05,0,0.464452992284877,pathways,trajectory,HR_LR,5e6bd8f1d315
enet,LR_S06,0,0.462531574528194,pathways,trajectory,HR_LR,5e6bd8f1d315
enet,LR_S12,0,0.461538461538462,pathways,trajectory,HR_LR,5e6bd8f1d315
enet,LR_S14,0,0.461538461538462,pathways,trajectory,HR_LR,5e6bd8f1d315
enet,LR_S17,0,0.421370451818159,pathways,trajectory,HR_LR,5e6bd8f1d315
enet,LR_S21,0,0.451214352487865,pathways,trajectory,HR_LR,5e6bd8f1d315
enet,LR_S30,0,0.461538461538462,pathways,trajectory,HR_LR,5e6bd8f1d315
lasso,HR_S03,1,0.384615384615385,pathways,trajectory,HR_LR,5e6bd8f1d315
lasso,HR_S10,1,0.344968729515207,pathways,trajectory,HR_LR,5e6bd8f1d315
lasso,HR_S16,1,0.360942310405316,pathways,trajectory,HR_LR,5e6bd8f1d315
lasso,HR_S22,1,0.346036957683997,pathways,trajectory,HR_LR,5e6bd8f1d315
lasso,HR_S24,1,0.384615384615385,pathways,trajectory,HR_LR,5e6bd8f1d315
lasso,HR_S27,1,0.384615384615385,pathways,trajectory,HR_LR,5e6bd8f1d315
lasso,LR_S04,0,0.656256579649748,pathways,trajectory,HR_LR,5e6bd8f1d315
lasso,LR_S05,0,0.437579664867106,pathways,trajectory,HR_LR,5e6bd8f1d315
lasso,LR_S06,0,0.461538461538462,pathways,trajectory,HR_LR,5e6bd8f1d315
lasso,LR_S12,0,0.319543275490611,pathways,trajectory,HR_LR,5e6bd8f1d315
lasso,LR_S14,0,0.461538461538462,pathways,trajectory,HR_LR,5e6bd8f1d315
lasso,LR_S17,0,0.570537068692393,pathways,trajectory,HR_LR,5e6bd8f1d315
lasso,LR_S21,0,0.457836280992067,pathways,trajectory,HR_LR,5e6bd8f1d315
lasso,LR_S30,0,0.461538461538462,pathways,trajectory,HR_LR,5e6bd8f1d315
pam,HR_S03,1,0.384615384615385,pathways,trajectory,HR_LR,5e6bd8f1d315
pam,HR_S10,1,0.50252135910729,pathways,trajectory,HR_LR,5e6bd8f1d315
pam,HR_S16,1,0.317932108307972,pathways,trajectory,HR_LR,5e6bd8f1d315
pam,HR_S22,1,0.406850407158508,pathways,trajectory,HR_LR,5e6bd8f1d315
pam,HR_S24,1,0.384615384615385,pathways,trajectory,HR_LR,5e6bd8f1d315
pam,HR_S27,1,0.352083192466164,pathways,trajectory,HR_LR,5e6bd8f1d315
pam,LR_S04,0,0.522517839405331,pathways,trajectory,HR_LR,5e6bd8f1d315
pam,LR_S05,0,0.447721113112145,pathways,trajectory,HR_LR,5e6bd8f1d315
pam,LR_S06,0,0.476091479377788,pathways,trajectory,HR_LR,5e6bd8f1d315
pam,LR_S12,0,0.169208505187435,pathways,trajectory,HR_LR,5e6bd8f1d315
pam,LR_S14,0,0.533627717057968,pathways,trajectory,HR_LR,5e6bd8f1d315
pam,LR_S17,0,0.316054940318369,pathways,trajectory,HR_LR,5e6bd8f1d315
pam,LR_S21,0,0.488527464153682,pathways,trajectory,HR_LR,5e6bd8f1d315
pam,LR_S30,0,1.37414029166315e-4,pathways,trajectory,HR_LR,5e6bd8f1d315
rf,HR_S03,1,0.405975396825397,pathways,trajectory,HR_LR,5e6bd8f1d315
rf,HR_S10,1,0.454368253968254,pathways,trajectory,HR_LR,5e6bd8f1d315
rf,HR_S16,1,0.301676984126984,pathways,trajectory,HR_LR,5e6bd8f1d315
rf,HR_S22,1,0.423525396825397,pathways,trajectory,HR_LR,5e6bd8f1d315
rf,HR_S24,1,0.523928571428571,pathways,trajectory,HR_LR,5e6bd8f1d315
rf,HR_S27,1,0.334584126984127,pathways,trajectory,HR_LR,5e6bd8f1d315
rf,LR_S04,0,0.511486507936508,pathways,trajectory,HR_LR,5e6bd8f1d315
rf,LR_S05,0,0.460353174603175,pathways,trajectory,HR_LR,5e6bd8f1d315
rf,LR_S06,0,0.391077777777778,pathways,trajectory,HR_LR,5e6bd8f1d315
rf,LR_S12,0,0.327294444444444,pathways,trajectory,HR_LR,5e6bd8f1d315
rf,LR_S14,0,0.654461111111111,pathways,trajectory,HR_LR,5e6bd8f1d315
rf,LR_S17,0,0.400388888888889,pathways,trajectory,HR_LR,5e6bd8f1d315
rf,LR_S21,0,0.525447619047619,pathways,trajectory,HR_LR,5e6bd8f1d315
rf,LR_S30,0,0.457501587301587,pathways,trajectory,HR_LR,5e6bd8f1d315
ridge,HR_S03,1,0.384615384615385,pathways,trajectory,HR_LR,5e6bd8f1d315
ridge,HR_S10,1,0.384615384615385,pathways,trajectory,HR_LR,5e6bd8f1d315
ridge,HR_S16,1,0.384615384615385,pathways,trajectory,HR_LR,5e6bd8f1d315
ridge,HR_S22,1,0.384615384615385,pathways,trajectory,HR_LR,5e6bd8f1d315
ridge,HR_S24,1,0.384615384615385,pathways,trajectory,HR_LR,5e6bd8f1d315
ridge,HR_S27,1,0.384615384615385,pathways,trajectory,HR_LR,5e6bd8f1d315
ridge,LR_S04,0,0.461538461538462,pathways,trajectory,HR_LR,5e6bd8f1d315
ridge,LR_S05,0,0.461538461538462,pathways,trajectory,HR_LR,5e6bd8f1d315
ridge,LR_S06,0,0.461538461538462,pathways,trajectory,HR_LR,5e6bd8f1d315
ridge,LR_S12,0,0.461538461538462,pathways,trajectory,HR_LR,5e6bd8f1d315
ridge,LR_S14,0,0.461538461538462,pathways,trajectory,HR_LR,5e6bd8f1d315
ridge,LR_S17,0,0.461538461538462,pathways,trajectory,HR_LR,5e6bd8f1d315
ridge,LR_S21,0,0.461538461538462,pathways,trajectory,HR_LR,5e6bd8f1d315
ridge,LR_S30,0,0.461538461538462,pathways,trajectory,HR_LR,5e6bd8f1d315
spls,HR_S03,1,0.682520456418545,pathways,trajectory,HR_LR,5e6bd8f1d315
spls,HR_S10,1,0.627319603694758,pathways,trajectory,HR_LR,5e6bd8f1d315
spls,HR_S16,1,0.230558348080996,pathways,trajectory,HR_LR,5e6bd8f1d315
spls,HR_S22,1,0.471723425294949,pathways,trajectory,HR_LR,5e6bd8f1d315
spls,HR_S24,1,1.19810277872006,pathways,trajectory,HR_LR,5e6bd8f1d315
spls,HR_S27,1,0.20901510853522,pathways,trajectory,HR_LR,5e6bd8f1d315
spls,LR_S04,0,0.667039776994923,pathways,trajectory,HR_LR,5e6bd8f1d315
spls,LR_S05,0,0.382490524686978,pathways,trajectory,HR_LR,5e6bd8f1d315
spls,LR_S06,0,0.444086629839524,pathways,trajectory,HR_LR,5e6bd8f1d315
spls,LR_S12,0,-0.0258986374463966,pathways,trajectory,HR_LR,5e6bd8f1d315
spls,LR_S14,0,0.59326554610645,pathways,trajectory,HR_LR,5e6bd8f1d315
spls,LR_S17,0,0.197245525949879,pathways,trajectory,HR_LR,5e6bd8f1d315
spls,LR_S21,0,0.433476354530034,pathways,trajectory,HR_LR,5e6bd8f1d315
spls,LR_S30,0,-0.111182579202135,pathways,trajectory,HR_LR,5e6bd8f1d315
svm,HR_S03,1,0.343332215753739,pathways,trajectory,HR_LR,5e6bd8f1d315
svm,HR_S10,1,0.399841134371272,pathways,trajectory,HR_LR,5e6bd8f1d315
svm,HR_S16,1,0.429718110727787,pathways,trajectory,HR_LR,5e6bd8f1d315
svm,HR_S22,1,0.393958130094066,pathways,trajectory,HR_LR,5e6bd8f1d315
svm,HR_S24,1,0.0301267350314031,pathways,trajectory,HR_LR,5e6bd8f1d315
svm,HR_S27,1,0.194534272619627,pathways,trajectory,HR_LR,5e6bd8f1d315
svm,LR_S04,0,0.69345158013322,pathways,trajectory,HR_LR,5e6bd8f1d315
svm,LR_S05,0,0.465626296825203,pathways,trajectory,HR_LR,5e6bd8f1d315
svm,LR_S06,0,0.465163101950156,pathways,trajectory,HR_LR,5e6bd8f1d315
svm,LR_S12,0,0.774838762867321,pathways,trajectory,HR_LR,5e6bd8f1d315
svm,LR_S14,0,0.764500501625649,pathways,trajectory,HR_LR,5e6bd8f1d315
svm,LR_S17,0,0.462735279655949,pathways,trajectory,HR_LR,5e6bd8f1d315
svm,LR_S21,0,0.47408723544708,pathways,trajectory,HR_LR,5e6bd8f1d315
svm,LR_S30,0,0.466386074891005,pathways,trajectory,HR_LR,5e6bd8f1d315
enet,HR_S03,1,0.428571428571429,proteins,acute,HR_LR,5e6bd8f1d315
enet,HR_S10,1,0.428571428571429,proteins,acute,HR_LR,5e6bd8f1d315
enet,HR_S16,1,0.428571428571429,proteins,acute,HR_LR,5e6bd8f1d315
enet,HR_S22,1,0.428571428571429,proteins,acute,HR_LR,5e6bd8f1d315
enet,HR_S24,1,0.428571428571429,proteins,acute,HR_LR,5e6bd8f1d315
enet,HR_S27,1,0.428571428571429,proteins,acute,HR_LR,5e6bd8f1d315
enet,HR_S29,1,0.0756186908991255,proteins,acute,HR_LR,5e6bd8f1d315
enet,LR_S04,0,0.5,proteins,acute,HR_LR,5e6bd8f1d315
enet,LR_S05,0,0.5,proteins,acute,HR_LR,5e6bd8f1d315
enet,LR_S06,0,0.5,proteins,acute,HR_LR,5e6bd8f1d315
enet,LR_S12,0,0.5,proteins,acute,HR_LR,5e6bd8f1d315
enet,LR_S14,0,0.5,proteins,acute,HR_LR,5e6bd8f1d315
enet,LR_S17,0,0.5,proteins,acute,HR_LR,5e6bd8f1d315
enet,LR_S21,0,0.5,proteins,acute,HR_LR,5e6bd8f1d315
enet,LR_S30,0,0.518417562622768,proteins,acute,HR_LR,5e6bd8f1d315
lasso,HR_S03,1,0.428571428571429,proteins,acute,HR_LR,5e6bd8f1d315
lasso,HR_S10,1,0.269205805358649,proteins,acute,HR_LR,5e6bd8f1d315
lasso,HR_S16,1,0.428571428571429,proteins,acute,HR_LR,5e6bd8f1d315
lasso,HR_S22,1,0.428571428571429,proteins,acute,HR_LR,5e6bd8f1d315
lasso,HR_S24,1,0.428571428571429,proteins,acute,HR_LR,5e6bd8f1d315
lasso,HR_S27,1,0.428571428571429,proteins,acute,HR_LR,5e6bd8f1d315
lasso,HR_S29,1,0.0572336626564599,proteins,acute,HR_LR,5e6bd8f1d315
lasso,LR_S04,0,0.5,proteins,acute,HR_LR,5e6bd8f1d315
lasso,LR_S05,0,0.5,proteins,acute,HR_LR,5e6bd8f1d315
lasso,LR_S06,0,0.5,proteins,acute,HR_LR,5e6bd8f1d315
lasso,LR_S12,0,0.5,proteins,acute,HR_LR,5e6bd8f1d315
lasso,LR_S14,0,0.5,proteins,acute,HR_LR,5e6bd8f1d315
lasso,LR_S17,0,0.530298053193735,proteins,acute,HR_LR,5e6bd8f1d315
lasso,LR_S21,0,0.5,proteins,acute,HR_LR,5e6bd8f1d315
lasso,LR_S30,0,0.581437160290089,proteins,acute,HR_LR,5e6bd8f1d315
pam,HR_S03,1,0.428571428571429,proteins,acute,HR_LR,5e6bd8f1d315
pam,HR_S10,1,0.410152966800857,proteins,acute,HR_LR,5e6bd8f1d315
pam,HR_S16,1,0.186145620361998,proteins,acute,HR_LR,5e6bd8f1d315
pam,HR_S22,1,0.155229429848904,proteins,acute,HR_LR,5e6bd8f1d315
pam,HR_S24,1,0.428571428571429,proteins,acute,HR_LR,5e6bd8f1d315
pam,HR_S27,1,0.381532036812854,proteins,acute,HR_LR,5e6bd8f1d315
pam,HR_S29,1,4.98465350068637e-4,proteins,acute,HR_LR,5e6bd8f1d315
pam,LR_S04,0,0.53529655830103,proteins,acute,HR_LR,5e6bd8f1d315
pam,LR_S05,0,0.00177475943192293,proteins,acute,HR_LR,5e6bd8f1d315
pam,LR_S06,0,0.351840220969942,proteins,acute,HR_LR,5e6bd8f1d315
pam,LR_S12,0,0.0416568876988754,proteins,acute,HR_LR,5e6bd8f1d315
pam,LR_S14,0,0.538266982509777,proteins,acute,HR_LR,5e6bd8f1d315
pam,LR_S17,0,0.5,proteins,acute,HR_LR,5e6bd8f1d315
pam,LR_S21,0,0.604408493652236,proteins,acute,HR_LR,5e6bd8f1d315
pam,LR_S30,0,0.999999955760394,proteins,acute,HR_LR,5e6bd8f1d315
rf,HR_S03,1,0.515351587301587,proteins,acute,HR_LR,5e6bd8f1d315
rf,HR_S10,1,0.485583333333334,proteins,acute,HR_LR,5e6bd8f1d315
rf,HR_S16,1,0.371292063492063,proteins,acute,HR_LR,5e6bd8f1d315
rf,HR_S22,1,0.414324603174603,proteins,acute,HR_LR,5e6bd8f1d315
rf,HR_S24,1,0.628352380952381,proteins,acute,HR_LR,5e6bd8f1d315
rf,HR_S27,1,0.430027777777778,proteins,acute,HR_LR,5e6bd8f1d315
rf,HR_S29,1,0.385672222222222,proteins,acute,HR_LR,5e6bd8f1d315
rf,LR_S04,0,0.488103968253968,proteins,acute,HR_LR,5e6bd8f1d315
rf,LR_S05,0,0.348469841269841,proteins,acute,HR_LR,5e6bd8f1d315
rf,LR_S06,0,0.463514285714286,proteins,acute,HR_LR,5e6bd8f1d315
rf,LR_S12,0,0.420636507936508,proteins,acute,HR_LR,5e6bd8f1d315
rf,LR_S14,0,0.487953968253968,proteins,acute,HR_LR,5e6bd8f1d315
rf,LR_S17,0,0.474394444444444,proteins,acute,HR_LR,5e6bd8f1d315
rf,LR_S21,0,0.494998412698413,proteins,acute,HR_LR,5e6bd8f1d315
rf,LR_S30,0,0.593939682539683,proteins,acute,HR_LR,5e6bd8f1d315
ridge,HR_S03,1,0.428571428571429,proteins,acute,HR_LR,5e6bd8f1d315
ridge,HR_S10,1,0.428571428571429,proteins,acute,HR_LR,5e6bd8f1d315
ridge,HR_S16,1,0.428571428571429,proteins,acute,HR_LR,5e6bd8f1d315
ridge,HR_S22,1,0.428571428571429,proteins,acute,HR_LR,5e6bd8f1d315
ridge,HR_S24,1,0.428571428571429,proteins,acute,HR_LR,5e6bd8f1d315
ridge,HR_S27,1,0.428571428571429,proteins,acute,HR_LR,5e6bd8f1d315
ridge,HR_S29,1,0.428571428571429,proteins,acute,HR_LR,5e6bd8f1d315
ridge,LR_S04,0,0.5,proteins,acute,HR_LR,5e6bd8f1d315
ridge,LR_S05,0,0.5,proteins,acute,HR_LR,5e6bd8f1d315
ridge,LR_S06,0,0.5,proteins,acute,HR_LR,5e6bd8f1d315
ridge,LR_S12,0,0.5,proteins,acute,HR_LR,5e6bd8f1d315
ridge,LR_S14,0,0.500079597165004,proteins,acute,HR_LR,5e6bd8f1d315
ridge,LR_S17,0,0.5,proteins,acute,HR_LR,5e6bd8f1d315
ridge,LR_S21,0,0.5,proteins,acute,HR_LR,5e6bd8f1d315
ridge,LR_S30,0,0.5,proteins,acute,HR_LR,5e6bd8f1d315
spls,HR_S03,1,0.846252780904875,proteins,acute,HR_LR,5e6bd8f1d315
spls,HR_S10,1,0.510361931032485,proteins,acute,HR_LR,5e6bd8f1d315
spls,HR_S16,1,0.264720495957557,proteins,acute,HR_LR,5e6bd8f1d315
spls,HR_S22,1,0.257148569790954,proteins,acute,HR_LR,5e6bd8f1d315
spls,HR_S24,1,2.16521906572763,proteins,acute,HR_LR,5e6bd8f1d315
spls,HR_S27,1,0.34062699498389,proteins,acute,HR_LR,5e6bd8f1d315
spls,HR_S29,1,0.0188505555188161,proteins,acute,HR_LR,5e6bd8f1d315
spls,LR_S04,0,0.673759981121251,proteins,acute,HR_LR,5e6bd8f1d315
spls,LR_S05,0,0.237973258562443,proteins,acute,HR_LR,5e6bd8f1d315
spls,LR_S06,0,0.429478465957791,proteins,acute,HR_LR,5e6bd8f1d315
spls,LR_S12,0,0.375173190323808,proteins,acute,HR_LR,5e6bd8f1d315
spls,LR_S14,0,0.513609863532644,proteins,acute,HR_LR,5e6bd8f1d315
spls,LR_S17,0,0.659871409149779,proteins,acute,HR_LR,5e6bd8f1d315
spls,LR_S21,0,0.589128435924708,proteins,acute,HR_LR,5e6bd8f1d315
spls,LR_S30,0,0.456062025220912,proteins,acute,HR_LR,5e6bd8f1d315
svm,HR_S03,1,0.325015869763229,proteins,acute,HR_LR,5e6bd8f1d315
svm,HR_S10,1,0.387617441713784,proteins,acute,HR_LR,5e6bd8f1d315
svm,HR_S16,1,0.348146861443596,proteins,acute,HR_LR,5e6bd8f1d315
svm,HR_S22,1,0.38198384261628,proteins,acute,HR_LR,5e6bd8f1d315
svm,HR_S24,1,0.706077846407264,proteins,acute,HR_LR,5e6bd8f1d315
svm,HR_S27,1,0.448385879783585,proteins,acute,HR_LR,5e6bd8f1d315
svm,HR_S29,1,0.324133605293965,proteins,acute,HR_LR,5e6bd8f1d315
svm,LR_S04,0,0.490535402670023,proteins,acute,HR_LR,5e6bd8f1d315
svm,LR_S05,0,0.268593843869808,proteins,acute,HR_LR,5e6bd8f1d315
svm,LR_S06,0,0.508412102340585,proteins,acute,HR_LR,5e6bd8f1d315
svm,LR_S12,0,0.414258076732836,proteins,acute,HR_LR,5e6bd8f1d315
svm,LR_S14,0,0.676094791911811,proteins,acute,HR_LR,5e6bd8f1d315
svm,LR_S17,0,0.294157177170721,proteins,acute,HR_LR,5e6bd8f1d315
svm,LR_S21,0,0.501161427553415,proteins,acute,HR_LR,5e6bd8f1d315
svm,LR_S30,0,0.534020670366386,proteins,acute,HR_LR,5e6bd8f1d315
enet,HR_S03,1,0.428571428571429,proteins,T1,HR_LR,5e6bd8f1d315
enet,HR_S10,1,0.428571428571429,proteins,T1,HR_LR,5e6bd8f1d315
enet,HR_S16,1,0.428571428571429,proteins,T1,HR_LR,5e6bd8f1d315
enet,HR_S22,1,0.428571428571429,proteins,T1,HR_LR,5e6bd8f1d315
enet,HR_S24,1,0.428571428571429,proteins,T1,HR_LR,5e6bd8f1d315
enet,HR_S27,1,0.428571428571429,proteins,T1,HR_LR,5e6bd8f1d315
enet,HR_S28,1,0.428571428571429,proteins,T1,HR_LR,5e6bd8f1d315
enet,LR_S04,0,0.5,proteins,T1,HR_LR,5e6bd8f1d315
enet,LR_S05,0,0.5,proteins,T1,HR_LR,5e6bd8f1d315
enet,LR_S06,0,0.5,proteins,T1,HR_LR,5e6bd8f1d315
enet,LR_S12,0,0.5,proteins,T1,HR_LR,5e6bd8f1d315
enet,LR_S14,0,0.5,proteins,T1,HR_LR,5e6bd8f1d315
enet,LR_S17,0,0.5,proteins,T1,HR_LR,5e6bd8f1d315
enet,LR_S21,0,0.5,proteins,T1,HR_LR,5e6bd8f1d315
enet,LR_S30,0,0.5,proteins,T1,HR_LR,5e6bd8f1d315
lasso,HR_S03,1,0.428571428571429,proteins,T1,HR_LR,5e6bd8f1d315
lasso,HR_S10,1,0.428571428571429,proteins,T1,HR_LR,5e6bd8f1d315
lasso,HR_S16,1,0.428571428571429,proteins,T1,HR_LR,5e6bd8f1d315
lasso,HR_S22,1,0.428571428571429,proteins,T1,HR_LR,5e6bd8f1d315
lasso,HR_S24,1,0.428571428571429,proteins,T1,HR_LR,5e6bd8f1d315
lasso,HR_S27,1,0.428571428571429,proteins,T1,HR_LR,5e6bd8f1d315
lasso,HR_S28,1,0.428571428571429,proteins,T1,HR_LR,5e6bd8f1d315
lasso,LR_S04,0,0.5,proteins,T1,HR_LR,5e6bd8f1d315
lasso,LR_S05,0,0.5,proteins,T1,HR_LR,5e6bd8f1d315
lasso,LR_S06,0,0.5,proteins,T1,HR_LR,5e6bd8f1d315
lasso,LR_S12,0,0.5,proteins,T1,HR_LR,5e6bd8f1d315
lasso,LR_S14,0,0.5,proteins,T1,HR_LR,5e6bd8f1d315
lasso,LR_S17,0,0.5,proteins,T1,HR_LR,5e6bd8f1d315
lasso,LR_S21,0,0.5,proteins,T1,HR_LR,5e6bd8f1d315
lasso,LR_S30,0,0.5,proteins,T1,HR_LR,5e6bd8f1d315
pam,HR_S03,1,0.428571428571429,proteins,T1,HR_LR,5e6bd8f1d315
pam,HR_S10,1,0.428571428571429,proteins,T1,HR_LR,5e6bd8f1d315
pam,HR_S16,1,0.428571428571429,proteins,T1,HR_LR,5e6bd8f1d315
pam,HR_S22,1,0.428571428571429,proteins,T1,HR_LR,5e6bd8f1d315
pam,HR_S24,1,0.428571428571429,proteins,T1,HR_LR,5e6bd8f1d315
pam,HR_S27,1,0.428571428571429,proteins,T1,HR_LR,5e6bd8f1d315
pam,HR_S28,1,0.428571428571429,proteins,T1,HR_LR,5e6bd8f1d315
pam,LR_S04,0,0.517183138165672,proteins,T1,HR_LR,5e6bd8f1d315
pam,LR_S05,0,0.528067266739975,proteins,T1,HR_LR,5e6bd8f1d315
pam,LR_S06,0,0.495618762323811,proteins,T1,HR_LR,5e6bd8f1d315
pam,LR_S12,0,0.5,proteins,T1,HR_LR,5e6bd8f1d315
pam,LR_S14,0,0.50443040571406,proteins,T1,HR_LR,5e6bd8f1d315
pam,LR_S17,0,0.485904954927942,proteins,T1,HR_LR,5e6bd8f1d315
pam,LR_S21,0,0.760845804186715,proteins,T1,HR_LR,5e6bd8f1d315
pam,LR_S30,0,0.997143444910424,proteins,T1,HR_LR,5e6bd8f1d315
rf,HR_S03,1,0.270471428571429,proteins,T1,HR_LR,5e6bd8f1d315
rf,HR_S10,1,0.382115079365079,proteins,T1,HR_LR,5e6bd8f1d315
rf,HR_S16,1,0.380481746031746,proteins,T1,HR_LR,5e6bd8f1d315
rf,HR_S22,1,0.433330158730159,proteins,T1,HR_LR,5e6bd8f1d315
rf,HR_S24,1,0.417514285714286,proteins,T1,HR_LR,5e6bd8f1d315
rf,HR_S27,1,0.417795238095238,proteins,T1,HR_LR,5e6bd8f1d315
rf,HR_S28,1,0.34045873015873,proteins,T1,HR_LR,5e6bd8f1d315
rf,LR_S04,0,0.581143650793651,proteins,T1,HR_LR,5e6bd8f1d315
rf,LR_S05,0,0.506699206349206,proteins,T1,HR_LR,5e6bd8f1d315
rf,LR_S06,0,0.478803174603174,proteins,T1,HR_LR,5e6bd8f1d315
rf,LR_S12,0,0.446480158730159,proteins,T1,HR_LR,5e6bd8f1d315
rf,LR_S14,0,0.594364285714286,proteins,T1,HR_LR,5e6bd8f1d315
rf,LR_S17,0,0.602269841269842,proteins,T1,HR_LR,5e6bd8f1d315
rf,LR_S21,0,0.643960317460317,proteins,T1,HR_LR,5e6bd8f1d315
rf,LR_S30,0,0.539274603174603,proteins,T1,HR_LR,5e6bd8f1d315
ridge,HR_S03,1,0.428571428571429,proteins,T1,HR_LR,5e6bd8f1d315
ridge,HR_S10,1,0.428571428571429,proteins,T1,HR_LR,5e6bd8f1d315
ridge,HR_S16,1,0.428571428571429,proteins,T1,HR_LR,5e6bd8f1d315
ridge,HR_S22,1,0.428571428571429,proteins,T1,HR_LR,5e6bd8f1d315
ridge,HR_S24,1,0.428571428571429,proteins,T1,HR_LR,5e6bd8f1d315
ridge,HR_S27,1,0.428571428571429,proteins,T1,HR_LR,5e6bd8f1d315
ridge,HR_S28,1,0.428571428571429,proteins,T1,HR_LR,5e6bd8f1d315
ridge,LR_S04,0,0.5,proteins,T1,HR_LR,5e6bd8f1d315
ridge,LR_S05,0,0.5,proteins,T1,HR_LR,5e6bd8f1d315
ridge,LR_S06,0,0.5,proteins,T1,HR_LR,5e6bd8f1d315
ridge,LR_S12,0,0.5,proteins,T1,HR_LR,5e6bd8f1d315
ridge,LR_S14,0,0.5,proteins,T1,HR_LR,5e6bd8f1d315
ridge,LR_S17,0,0.5,proteins,T1,HR_LR,5e6bd8f1d315
ridge,LR_S21,0,0.5,proteins,T1,HR_LR,5e6bd8f1d315
ridge,LR_S30,0,0.5,proteins,T1,HR_LR,5e6bd8f1d315
spls,HR_S03,1,-0.221472709490324,proteins,T1,HR_LR,5e6bd8f1d315
spls,HR_S10,1,0.144145477078656,proteins,T1,HR_LR,5e6bd8f1d315
spls,HR_S16,1,0.236240921988254,proteins,T1,HR_LR,5e6bd8f1d315
spls,HR_S22,1,0.429745584558074,proteins,T1,HR_LR,5e6bd8f1d315
spls,HR_S24,1,0.374833311838514,proteins,T1,HR_LR,5e6bd8f1d315
spls,HR_S27,1,-0.10398359178745,proteins,T1,HR_LR,5e6bd8f1d315
spls,HR_S28,1,0.01308714601904,proteins,T1,HR_LR,5e6bd8f1d315
spls,LR_S04,0,0.744699749247903,proteins,T1,HR_LR,5e6bd8f1d315
spls,LR_S05,0,0.780780305750085,proteins,T1,HR_LR,5e6bd8f1d315
spls,LR_S06,0,0.533843360838158,proteins,T1,HR_LR,5e6bd8f1d315
spls,LR_S12,0,1.09475366370347,proteins,T1,HR_LR,5e6bd8f1d315
spls,LR_S14,0,0.632948386919911,proteins,T1,HR_LR,5e6bd8f1d315
spls,LR_S17,0,0.753043423036599,proteins,T1,HR_LR,5e6bd8f1d315
spls,LR_S21,0,0.679260663854607,proteins,T1,HR_LR,5e6bd8f1d315
spls,LR_S30,0,0.516697426198126,proteins,T1,HR_LR,5e6bd8f1d315
svm,HR_S03,1,0.724828467351607,proteins,T1,HR_LR,5e6bd8f1d315
svm,HR_S10,1,0.438446107635842,proteins,T1,HR_LR,5e6bd8f1d315
svm,HR_S16,1,0.64455605711916,proteins,T1,HR_LR,5e6bd8f1d315
svm,HR_S22,1,0.302853506916607,proteins,T1,HR_LR,5e6bd8f1d315
svm,HR_S24,1,0.327677269385133,proteins,T1,HR_LR,5e6bd8f1d315
svm,HR_S27,1,0.266174556726884,proteins,T1,HR_LR,5e6bd8f1d315
svm,HR_S28,1,0.403122007223445,proteins,T1,HR_LR,5e6bd8f1d315
svm,LR_S04,0,0.351443838076531,proteins,T1,HR_LR,5e6bd8f1d315
svm,LR_S05,0,0.219525324891517,proteins,T1,HR_LR,5e6bd8f1d315
svm,LR_S06,0,0.605573425331785,proteins,T1,HR_LR,5e6bd8f1d315
svm,LR_S12,0,0.807915419022388,proteins,T1,HR_LR,5e6bd8f1d315
svm,LR_S14,0,0.273651304538179,proteins,T1,HR_LR,5e6bd8f1d315
svm,LR_S17,0,0.47124926498599,proteins,T1,HR_LR,5e6bd8f1d315
svm,LR_S21,0,0.178337263324882,proteins,T1,HR_LR,5e6bd8f1d315
svm,LR_S30,0,0.367241615331262,proteins,T1,HR_LR,5e6bd8f1d315
enet,HR_S03,1,0.428571428571429,proteins,T2,HR_LR,5e6bd8f1d315
enet,HR_S10,1,0.311770687066649,proteins,T2,HR_LR,5e6bd8f1d315
enet,HR_S16,1,0.428571428571429,proteins,T2,HR_LR,5e6bd8f1d315
enet,HR_S22,1,0.428571428571429,proteins,T2,HR_LR,5e6bd8f1d315
enet,HR_S24,1,0.365107337449754,proteins,T2,HR_LR,5e6bd8f1d315
enet,HR_S27,1,0.428571428571429,proteins,T2,HR_LR,5e6bd8f1d315
enet,HR_S29,1,0.428571428571429,proteins,T2,HR_LR,5e6bd8f1d315
enet,LR_S04,0,0.5,proteins,T2,HR_LR,5e6bd8f1d315
enet,LR_S05,0,0.5,proteins,T2,HR_LR,5e6bd8f1d315
enet,LR_S06,0,0.5,proteins,T2,HR_LR,5e6bd8f1d315
enet,LR_S12,0,0.5,proteins,T2,HR_LR,5e6bd8f1d315
enet,LR_S14,0,0.5,proteins,T2,HR_LR,5e6bd8f1d315
enet,LR_S17,0,0.5,proteins,T2,HR_LR,5e6bd8f1d315
enet,LR_S21,0,0.5,proteins,T2,HR_LR,5e6bd8f1d315
enet,LR_S30,0,0.5,proteins,T2,HR_LR,5e6bd8f1d315
lasso,HR_S03,1,0.428571428571429,proteins,T2,HR_LR,5e6bd8f1d315
lasso,HR_S10,1,0.428571428571429,proteins,T2,HR_LR,5e6bd8f1d315
lasso,HR_S16,1,0.428571428571429,proteins,T2,HR_LR,5e6bd8f1d315
lasso,HR_S22,1,0.428571428571429,proteins,T2,HR_LR,5e6bd8f1d315
lasso,HR_S24,1,0.428571428571429,proteins,T2,HR_LR,5e6bd8f1d315
lasso,HR_S27,1,0.428571428571429,proteins,T2,HR_LR,5e6bd8f1d315
lasso,HR_S29,1,0.428571428571429,proteins,T2,HR_LR,5e6bd8f1d315
lasso,LR_S04,0,0.5,proteins,T2,HR_LR,5e6bd8f1d315
lasso,LR_S05,0,0.5,proteins,T2,HR_LR,5e6bd8f1d315
lasso,LR_S06,0,0.5,proteins,T2,HR_LR,5e6bd8f1d315
lasso,LR_S12,0,0.5,proteins,T2,HR_LR,5e6bd8f1d315
lasso,LR_S14,0,0.5,proteins,T2,HR_LR,5e6bd8f1d315
lasso,LR_S17,0,0.5,proteins,T2,HR_LR,5e6bd8f1d315
lasso,LR_S21,0,0.5,proteins,T2,HR_LR,5e6bd8f1d315
lasso,LR_S30,0,0.5,proteins,T2,HR_LR,5e6bd8f1d315
pam,HR_S03,1,0.428571428571429,proteins,T2,HR_LR,5e6bd8f1d315
pam,HR_S10,1,0.200725573410079,proteins,T2,HR_LR,5e6bd8f1d315
pam,HR_S16,1,0.428571428571429,proteins,T2,HR_LR,5e6bd8f1d315
pam,HR_S22,1,0.428571428571429,proteins,T2,HR_LR,5e6bd8f1d315
pam,HR_S24,1,2.20450248438747e-4,proteins,T2,HR_LR,5e6bd8f1d315
pam,HR_S27,1,0.428571428571429,proteins,T2,HR_LR,5e6bd8f1d315
pam,HR_S29,1,0.428571428571429,proteins,T2,HR_LR,5e6bd8f1d315
pam,LR_S04,0,0.67385603066126,proteins,T2,HR_LR,5e6bd8f1d315
pam,LR_S05,0,0.501291387098703,proteins,T2,HR_LR,5e6bd8f1d315
pam,LR_S06,0,0.508179664867429,proteins,T2,HR_LR,5e6bd8f1d315
pam,LR_S12,0,0.52298565287964,proteins,T2,HR_LR,5e6bd8f1d315
pam,LR_S14,0,0.836304975826189,proteins,T2,HR_LR,5e6bd8f1d315
pam,LR_S17,0,0.186596524411523,proteins,T2,HR_LR,5e6bd8f1d315
pam,LR_S21,0,0.999999648448074,proteins,T2,HR_LR,5e6bd8f1d315
pam,LR_S30,0,0.52312729180742,proteins,T2,HR_LR,5e6bd8f1d315
rf,HR_S03,1,0.534795238095238,proteins,T2,HR_LR,5e6bd8f1d315
rf,HR_S10,1,0.324469841269841,proteins,T2,HR_LR,5e6bd8f1d315
rf,HR_S16,1,0.458152380952381,proteins,T2,HR_LR,5e6bd8f1d315
rf,HR_S22,1,0.459446031746032,proteins,T2,HR_LR,5e6bd8f1d315
rf,HR_S24,1,0.300238095238095,proteins,T2,HR_LR,5e6bd8f1d315
rf,HR_S27,1,0.523287301587302,proteins,T2,HR_LR,5e6bd8f1d315
rf,HR_S29,1,0.541159523809524,proteins,T2,HR_LR,5e6bd8f1d315
rf,LR_S04,0,0.518428571428571,proteins,T2,HR_LR,5e6bd8f1d315
rf,LR_S05,0,0.43019126984127,proteins,T2,HR_LR,5e6bd8f1d315
rf,LR_S06,0,0.471069047619048,proteins,T2,HR_LR,5e6bd8f1d315
rf,LR_S12,0,0.476720634920635,proteins,T2,HR_LR,5e6bd8f1d315
rf,LR_S14,0,0.651229365079365,proteins,T2,HR_LR,5e6bd8f1d315
rf,LR_S17,0,0.46117619047619,proteins,T2,HR_LR,5e6bd8f1d315
rf,LR_S21,0,0.663694444444444,proteins,T2,HR_LR,5e6bd8f1d315
rf,LR_S30,0,0.584301587301587,proteins,T2,HR_LR,5e6bd8f1d315
ridge,HR_S03,1,0.428571428571429,proteins,T2,HR_LR,5e6bd8f1d315
ridge,HR_S10,1,0.428571428571429,proteins,T2,HR_LR,5e6bd8f1d315
ridge,HR_S16,1,0.428571428571429,proteins,T2,HR_LR,5e6bd8f1d315
ridge,HR_S22,1,0.428571428571429,proteins,T2,HR_LR,5e6bd8f1d315
ridge,HR_S24,1,0.428571428571429,proteins,T2,HR_LR,5e6bd8f1d315
ridge,HR_S27,1,0.428571428571429,proteins,T2,HR_LR,5e6bd8f1d315
ridge,HR_S29,1,0.428571428571429,proteins,T2,HR_LR,5e6bd8f1d315
ridge,LR_S04,0,0.5,proteins,T2,HR_LR,5e6bd8f1d315
ridge,LR_S05,0,0.5,proteins,T2,HR_LR,5e6bd8f1d315
ridge,LR_S06,0,0.5,proteins,T2,HR_LR,5e6bd8f1d315
ridge,LR_S12,0,0.5,proteins,T2,HR_LR,5e6bd8f1d315
ridge,LR_S14,0,0.5,proteins,T2,HR_LR,5e6bd8f1d315
ridge,LR_S17,0,0.5,proteins,T2,HR_LR,5e6bd8f1d315
ridge,LR_S21,0,0.5,proteins,T2,HR_LR,5e6bd8f1d315
ridge,LR_S30,0,0.5,proteins,T2,HR_LR,5e6bd8f1d315
spls,HR_S03,1,0.708762568714593,proteins,T2,HR_LR,5e6bd8f1d315
spls,HR_S10,1,-1.6116795189997,proteins,T2,HR_LR,5e6bd8f1d315
spls,HR_S16,1,0.724234721231207,proteins,T2,HR_LR,5e6bd8f1d315
spls,HR_S22,1,0.349370168203995,proteins,T2,HR_LR,5e6bd8f1d315
spls,HR_S24,1,-0.144286931768988,proteins,T2,HR_LR,5e6bd8f1d315
spls,HR_S27,1,0.864335111029425,proteins,T2,HR_LR,5e6bd8f1d315
spls,HR_S29,1,0.62353704789452,proteins,T2,HR_LR,5e6bd8f1d315
spls,LR_S04,0,0.529692511752787,proteins,T2,HR_LR,5e6bd8f1d315
spls,LR_S05,0,0.243667716452618,proteins,T2,HR_LR,5e6bd8f1d315
spls,LR_S06,0,0.561014041962831,proteins,T2,HR_LR,5e6bd8f1d315
spls,LR_S12,0,0.518178677700669,proteins,T2,HR_LR,5e6bd8f1d315
spls,LR_S14,0,0.96767949802148,proteins,T2,HR_LR,5e6bd8f1d315
spls,LR_S17,0,0.0507697508296745,proteins,T2,HR_LR,5e6bd8f1d315
spls,LR_S21,0,0.589999345597694,proteins,T2,HR_LR,5e6bd8f1d315
spls,LR_S30,0,0.616871135682299,proteins,T2,HR_LR,5e6bd8f1d315
svm,HR_S03,1,0.365906188801501,proteins,T2,HR_LR,5e6bd8f1d315
svm,HR_S10,1,0.404461452909636,proteins,T2,HR_LR,5e6bd8f1d315
svm,HR_S16,1,0.362194138156728,proteins,T2,HR_LR,5e6bd8f1d315
svm,HR_S22,1,0.549384873960987,proteins,T2,HR_LR,5e6bd8f1d315
svm,HR_S24,1,0.44342424389866,proteins,T2,HR_LR,5e6bd8f1d315
svm,HR_S27,1,0.345311618039786,proteins,T2,HR_LR,5e6bd8f1d315
svm,HR_S29,1,0.330174049976648,proteins,T2,HR_LR,5e6bd8f1d315
svm,LR_S04,0,0.50966532892021,proteins,T2,HR_LR,5e6bd8f1d315
svm,LR_S05,0,0.677723919046189,proteins,T2,HR_LR,5e6bd8f1d315
svm,LR_S06,0,0.592880492585595,proteins,T2,HR_LR,5e6bd8f1d315
svm,LR_S12,0,0.516863092582229,proteins,T2,HR_LR,5e6bd8f1d315
svm,LR_S14,0,0.176411455491049,proteins,T2,HR_LR,5e6bd8f1d315
svm,LR_S17,0,0.542639378893989,proteins,T2,HR_LR,5e6bd8f1d315
svm,LR_S21,0,0.33413428456555,proteins,T2,HR_LR,5e6bd8f1d315
svm,LR_S30,0,0.472500261298117,proteins,T2,HR_LR,5e6bd8f1d315
enet,HR_S03,1,0.428571428571429,proteins,T3,HR_LR,5e6bd8f1d315
enet,HR_S10,1,0.428571428571429,proteins,T3,HR_LR,5e6bd8f1d315
enet,HR_S16,1,0.428571428571429,proteins,T3,HR_LR,5e6bd8f1d315
enet,HR_S22,1,0.428571428571429,proteins,T3,HR_LR,5e6bd8f1d315
enet,HR_S24,1,0.428571428571429,proteins,T3,HR_LR,5e6bd8f1d315
enet,HR_S27,1,0.428571428571429,proteins,T3,HR_LR,5e6bd8f1d315
enet,HR_S29,1,0.428571428571429,proteins,T3,HR_LR,5e6bd8f1d315
enet,LR_S04,0,0.5,proteins,T3,HR_LR,5e6bd8f1d315
enet,LR_S05,0,0.5,proteins,T3,HR_LR,5e6bd8f1d315
enet,LR_S06,0,0.5,proteins,T3,HR_LR,5e6bd8f1d315
enet,LR_S12,0,0.5,proteins,T3,HR_LR,5e6bd8f1d315
enet,LR_S14,0,0.57338119970021,proteins,T3,HR_LR,5e6bd8f1d315
enet,LR_S17,0,0.5,proteins,T3,HR_LR,5e6bd8f1d315
enet,LR_S21,0,0.643903061309226,proteins,T3,HR_LR,5e6bd8f1d315
enet,LR_S30,0,0.5,proteins,T3,HR_LR,5e6bd8f1d315
lasso,HR_S03,1,0.428571428571429,proteins,T3,HR_LR,5e6bd8f1d315
lasso,HR_S10,1,0.428571428571429,proteins,T3,HR_LR,5e6bd8f1d315
lasso,HR_S16,1,0.428571428571429,proteins,T3,HR_LR,5e6bd8f1d315
lasso,HR_S22,1,0.428571428571429,proteins,T3,HR_LR,5e6bd8f1d315
lasso,HR_S24,1,0.428571428571429,proteins,T3,HR_LR,5e6bd8f1d315
lasso,HR_S27,1,0.424656527999283,proteins,T3,HR_LR,5e6bd8f1d315
lasso,HR_S29,1,0.428571428571429,proteins,T3,HR_LR,5e6bd8f1d315
lasso,LR_S04,0,0.494170641106995,proteins,T3,HR_LR,5e6bd8f1d315
lasso,LR_S05,0,0.5,proteins,T3,HR_LR,5e6bd8f1d315
lasso,LR_S06,0,0.5,proteins,T3,HR_LR,5e6bd8f1d315
lasso,LR_S12,0,0.5,proteins,T3,HR_LR,5e6bd8f1d315
lasso,LR_S14,0,0.601024063470715,proteins,T3,HR_LR,5e6bd8f1d315
lasso,LR_S17,0,0.5,proteins,T3,HR_LR,5e6bd8f1d315
lasso,LR_S21,0,0.982174274504405,proteins,T3,HR_LR,5e6bd8f1d315
lasso,LR_S30,0,0.5,proteins,T3,HR_LR,5e6bd8f1d315
pam,HR_S03,1,0.991393512830456,proteins,T3,HR_LR,5e6bd8f1d315
pam,HR_S10,1,0.428571428571429,proteins,T3,HR_LR,5e6bd8f1d315
pam,HR_S16,1,0.303970066934113,proteins,T3,HR_LR,5e6bd8f1d315
pam,HR_S22,1,0.0543801074157746,proteins,T3,HR_LR,5e6bd8f1d315
pam,HR_S24,1,0.428571428571429,proteins,T3,HR_LR,5e6bd8f1d315
pam,HR_S27,1,0.21265304653036,proteins,T3,HR_LR,5e6bd8f1d315
pam,HR_S29,1,1.86957276400036e-10,proteins,T3,HR_LR,5e6bd8f1d315
pam,LR_S04,0,0.5,proteins,T3,HR_LR,5e6bd8f1d315
pam,LR_S05,0,0.495793814726979,proteins,T3,HR_LR,5e6bd8f1d315
pam,LR_S06,0,7.04262917911064e-5,proteins,T3,HR_LR,5e6bd8f1d315
pam,LR_S12,0,8.79550204096548e-15,proteins,T3,HR_LR,5e6bd8f1d315
pam,LR_S14,0,0.5,proteins,T3,HR_LR,5e6bd8f1d315
pam,LR_S17,0,0.266070995063201,proteins,T3,HR_LR,5e6bd8f1d315
pam,LR_S21,0,0.5,proteins,T3,HR_LR,5e6bd8f1d315
pam,LR_S30,0,4.82052989743754e-4,proteins,T3,HR_LR,5e6bd8f1d315
rf,HR_S03,1,0.480866666666667,proteins,T3,HR_LR,5e6bd8f1d315
rf,HR_S10,1,0.483628571428571,proteins,T3,HR_LR,5e6bd8f1d315
rf,HR_S16,1,0.373646825396825,proteins,T3,HR_LR,5e6bd8f1d315
rf,HR_S22,1,0.400665873015873,proteins,T3,HR_LR,5e6bd8f1d315
rf,HR_S24,1,0.604935714285714,proteins,T3,HR_LR,5e6bd8f1d315
rf,HR_S27,1,0.387918253968254,proteins,T3,HR_LR,5e6bd8f1d315
rf,HR_S29,1,0.313954761904762,proteins,T3,HR_LR,5e6bd8f1d315
rf,LR_S04,0,0.523222222222222,proteins,T3,HR_LR,5e6bd8f1d315
rf,LR_S05,0,0.479924603174603,proteins,T3,HR_LR,5e6bd8f1d315
rf,LR_S06,0,0.396549206349206,proteins,T3,HR_LR,5e6bd8f1d315
rf,LR_S12,0,0.383654761904762,proteins,T3,HR_LR,5e6bd8f1d315
rf,LR_S14,0,0.618245238095238,proteins,T3,HR_LR,5e6bd8f1d315
rf,LR_S17,0,0.409570634920635,proteins,T3,HR_LR,5e6bd8f1d315
rf,LR_S21,0,0.511799206349206,proteins,T3,HR_LR,5e6bd8f1d315
rf,LR_S30,0,0.402165079365079,proteins,T3,HR_LR,5e6bd8f1d315
ridge,HR_S03,1,0.428571428571429,proteins,T3,HR_LR,5e6bd8f1d315
ridge,HR_S10,1,0.428571428571429,proteins,T3,HR_LR,5e6bd8f1d315
ridge,HR_S16,1,0.428571428571429,proteins,T3,HR_LR,5e6bd8f1d315
ridge,HR_S22,1,0.428571428571429,proteins,T3,HR_LR,5e6bd8f1d315
ridge,HR_S24,1,0.428571428571429,proteins,T3,HR_LR,5e6bd8f1d315
ridge,HR_S27,1,0.428571428571429,proteins,T3,HR_LR,5e6bd8f1d315
ridge,HR_S29,1,0.428571428571429,proteins,T3,HR_LR,5e6bd8f1d315
ridge,LR_S04,0,0.5,proteins,T3,HR_LR,5e6bd8f1d315
ridge,LR_S05,0,0.5,proteins,T3,HR_LR,5e6bd8f1d315
ridge,LR_S06,0,0.5,proteins,T3,HR_LR,5e6bd8f1d315
ridge,LR_S12,0,0.5,proteins,T3,HR_LR,5e6bd8f1d315
ridge,LR_S14,0,0.5,proteins,T3,HR_LR,5e6bd8f1d315
ridge,LR_S17,0,0.5,proteins,T3,HR_LR,5e6bd8f1d315
ridge,LR_S21,0,0.5,proteins,T3,HR_LR,5e6bd8f1d315
ridge,LR_S30,0,0.5,proteins,T3,HR_LR,5e6bd8f1d315
spls,HR_S03,1,0.645474580185677,proteins,T3,HR_LR,5e6bd8f1d315
spls,HR_S10,1,0.604966064113577,proteins,T3,HR_LR,5e6bd8f1d315
spls,HR_S16,1,0.288961900154753,proteins,T3,HR_LR,5e6bd8f1d315
spls,HR_S22,1,0.301751215896118,proteins,T3,HR_LR,5e6bd8f1d315
spls,HR_S24,1,1.18561061351424,proteins,T3,HR_LR,5e6bd8f1d315
spls,HR_S27,1,0.185109405991341,proteins,T3,HR_LR,5e6bd8f1d315
spls,HR_S29,1,0.0377181280039486,proteins,T3,HR_LR,5e6bd8f1d315
spls,LR_S04,0,0.611062316198497,proteins,T3,HR_LR,5e6bd8f1d315
spls,LR_S05,0,0.534669229538983,proteins,T3,HR_LR,5e6bd8f1d315
spls,LR_S06,0,0.209390154091559,proteins,T3,HR_LR,5e6bd8f1d315
spls,LR_S12,0,0.116745922553799,proteins,T3,HR_LR,5e6bd8f1d315
spls,LR_S14,0,0.749519459845755,proteins,T3,HR_LR,5e6bd8f1d315
spls,LR_S17,0,0.442384485059312,proteins,T3,HR_LR,5e6bd8f1d315
spls,LR_S21,0,1.62729052491408,proteins,T3,HR_LR,5e6bd8f1d315
spls,LR_S30,0,0.147143849736243,proteins,T3,HR_LR,5e6bd8f1d315
svm,HR_S03,1,0.361593107127121,proteins,T3,HR_LR,5e6bd8f1d315
svm,HR_S10,1,0.258485314163377,proteins,T3,HR_LR,5e6bd8f1d315
svm,HR_S16,1,0.43854310702409,proteins,T3,HR_LR,5e6bd8f1d315
svm,HR_S22,1,0.345925791194897,proteins,T3,HR_LR,5e6bd8f1d315
svm,HR_S24,1,0.0850359736392976,proteins,T3,HR_LR,5e6bd8f1d315
svm,HR_S27,1,0.455580628252552,proteins,T3,HR_LR,5e6bd8f1d315
svm,HR_S29,1,0.28833862909641,proteins,T3,HR_LR,5e6bd8f1d315
svm,LR_S04,0,0.534652963976617,proteins,T3,HR_LR,5e6bd8f1d315
svm,LR_S05,0,0.469408467118255,proteins,T3,HR_LR,5e6bd8f1d315
svm,LR_S06,0,0.470887583175729,proteins,T3,HR_LR,5e6bd8f1d315
svm,LR_S12,0,0.584588207872167,proteins,T3,HR_LR,5e6bd8f1d315
svm,LR_S14,0,0.526675912580764,proteins,T3,HR_LR,5e6bd8f1d315
svm,LR_S17,0,0.485829801425505,proteins,T3,HR_LR,5e6bd8f1d315
svm,LR_S21,0,0.502622598231984,proteins,T3,HR_LR,5e6bd8f1d315
svm,LR_S30,0,0.529662953728778,proteins,T3,HR_LR,5e6bd8f1d315
enet,HR_S03,1,0.384615384615385,proteins,total,HR_LR,5e6bd8f1d315
enet,HR_S10,1,0.384615384615385,proteins,total,HR_LR,5e6bd8f1d315
enet,HR_S16,1,0.384615384615385,proteins,total,HR_LR,5e6bd8f1d315
enet,HR_S22,1,0.384615384615385,proteins,total,HR_LR,5e6bd8f1d315
enet,HR_S24,1,0.384615384615385,proteins,total,HR_LR,5e6bd8f1d315
enet,HR_S27,1,0.384615384615385,proteins,total,HR_LR,5e6bd8f1d315
enet,LR_S04,0,0.461538461538462,proteins,total,HR_LR,5e6bd8f1d315
enet,LR_S05,0,0.461538461538462,proteins,total,HR_LR,5e6bd8f1d315
enet,LR_S06,0,0.461538461538462,proteins,total,HR_LR,5e6bd8f1d315
enet,LR_S12,0,0.461538461538462,proteins,total,HR_LR,5e6bd8f1d315
enet,LR_S14,0,0.461538461538462,proteins,total,HR_LR,5e6bd8f1d315
enet,LR_S17,0,0.461538461538462,proteins,total,HR_LR,5e6bd8f1d315
enet,LR_S21,0,0.461538461538462,proteins,total,HR_LR,5e6bd8f1d315
enet,LR_S30,0,0.461538461538462,proteins,total,HR_LR,5e6bd8f1d315
lasso,HR_S03,1,0.384615384615385,proteins,total,HR_LR,5e6bd8f1d315
lasso,HR_S10,1,0.384615384615385,proteins,total,HR_LR,5e6bd8f1d315
lasso,HR_S16,1,0.384615384615385,proteins,total,HR_LR,5e6bd8f1d315
lasso,HR_S22,1,0.384615384615385,proteins,total,HR_LR,5e6bd8f1d315
lasso,HR_S24,1,0.384615384615385,proteins,total,HR_LR,5e6bd8f1d315
lasso,HR_S27,1,0.384615384615385,proteins,total,HR_LR,5e6bd8f1d315
lasso,LR_S04,0,0.461538461538462,proteins,total,HR_LR,5e6bd8f1d315
lasso,LR_S05,0,0.461538461538462,proteins,total,HR_LR,5e6bd8f1d315
lasso,LR_S06,0,0.461538461538462,proteins,total,HR_LR,5e6bd8f1d315
lasso,LR_S12,0,0.461538461538462,proteins,total,HR_LR,5e6bd8f1d315
lasso,LR_S14,0,0.461538461538462,proteins,total,HR_LR,5e6bd8f1d315
lasso,LR_S17,0,0.461538461538462,proteins,total,HR_LR,5e6bd8f1d315
lasso,LR_S21,0,0.461538461538462,proteins,total,HR_LR,5e6bd8f1d315
lasso,LR_S30,0,0.461538461538462,proteins,total,HR_LR,5e6bd8f1d315
pam,HR_S03,1,0.384615384615385,proteins,total,HR_LR,5e6bd8f1d315
pam,HR_S10,1,0.384615384615385,proteins,total,HR_LR,5e6bd8f1d315
pam,HR_S16,1,0.384615384615385,proteins,total,HR_LR,5e6bd8f1d315
pam,HR_S22,1,0.384615384615385,proteins,total,HR_LR,5e6bd8f1d315
pam,HR_S24,1,0.384615384615385,proteins,total,HR_LR,5e6bd8f1d315
pam,HR_S27,1,0.384615384615385,proteins,total,HR_LR,5e6bd8f1d315
pam,LR_S04,0,0.461538461538462,proteins,total,HR_LR,5e6bd8f1d315
pam,LR_S05,0,0.429859177245444,proteins,total,HR_LR,5e6bd8f1d315
pam,LR_S06,0,0.461538461538462,proteins,total,HR_LR,5e6bd8f1d315
pam,LR_S12,0,0.461538461538462,proteins,total,HR_LR,5e6bd8f1d315
pam,LR_S14,0,0.461538461538462,proteins,total,HR_LR,5e6bd8f1d315
pam,LR_S17,0,0.730821537327309,proteins,total,HR_LR,5e6bd8f1d315
pam,LR_S21,0,0.461538461538462,proteins,total,HR_LR,5e6bd8f1d315
pam,LR_S30,0,0.461538461538462,proteins,total,HR_LR,5e6bd8f1d315
rf,HR_S03,1,0.361469841269841,proteins,total,HR_LR,5e6bd8f1d315
rf,HR_S10,1,0.376869841269841,proteins,total,HR_LR,5e6bd8f1d315
rf,HR_S16,1,0.345884920634921,proteins,total,HR_LR,5e6bd8f1d315
rf,HR_S22,1,0.304450793650794,proteins,total,HR_LR,5e6bd8f1d315
rf,HR_S24,1,0.367610317460317,proteins,total,HR_LR,5e6bd8f1d315
rf,HR_S27,1,0.323821428571429,proteins,total,HR_LR,5e6bd8f1d315
rf,LR_S04,0,0.42205,proteins,total,HR_LR,5e6bd8f1d315
rf,LR_S05,0,0.409685714285714,proteins,total,HR_LR,5e6bd8f1d315
rf,LR_S06,0,0.44949126984127,proteins,total,HR_LR,5e6bd8f1d315
rf,LR_S12,0,0.415755555555556,proteins,total,HR_LR,5e6bd8f1d315
rf,LR_S14,0,0.568525396825397,proteins,total,HR_LR,5e6bd8f1d315
rf,LR_S17,0,0.491639682539683,proteins,total,HR_LR,5e6bd8f1d315
rf,LR_S21,0,0.450562698412699,proteins,total,HR_LR,5e6bd8f1d315
rf,LR_S30,0,0.364553968253968,proteins,total,HR_LR,5e6bd8f1d315
ridge,HR_S03,1,0.384615384615385,proteins,total,HR_LR,5e6bd8f1d315
ridge,HR_S10,1,0.384615384615385,proteins,total,HR_LR,5e6bd8f1d315
ridge,HR_S16,1,0.384615384615385,proteins,total,HR_LR,5e6bd8f1d315
ridge,HR_S22,1,0.384615384615385,proteins,total,HR_LR,5e6bd8f1d315
ridge,HR_S24,1,0.384615384615385,proteins,total,HR_LR,5e6bd8f1d315
ridge,HR_S27,1,0.384615384615385,proteins,total,HR_LR,5e6bd8f1d315
ridge,LR_S04,0,0.461538461538462,proteins,total,HR_LR,5e6bd8f1d315
ridge,LR_S05,0,0.461538461538462,proteins,total,HR_LR,5e6bd8f1d315
ridge,LR_S06,0,0.461538461538462,proteins,total,HR_LR,5e6bd8f1d315
ridge,LR_S12,0,0.461538461538462,proteins,total,HR_LR,5e6bd8f1d315
ridge,LR_S14,0,0.461538461538462,proteins,total,HR_LR,5e6bd8f1d315
ridge,LR_S17,0,0.461538461538462,proteins,total,HR_LR,5e6bd8f1d315
ridge,LR_S21,0,0.461538461538462,proteins,total,HR_LR,5e6bd8f1d315
ridge,LR_S30,0,0.461538461538462,proteins,total,HR_LR,5e6bd8f1d315
spls,HR_S03,1,0.248331429844144,proteins,total,HR_LR,5e6bd8f1d315
spls,HR_S10,1,0.522701149553727,proteins,total,HR_LR,5e6bd8f1d315
spls,HR_S16,1,0.278312898826569,proteins,total,HR_LR,5e6bd8f1d315
spls,HR_S22,1,-1.03206293871368,proteins,total,HR_LR,5e6bd8f1d315
spls,HR_S24,1,0.00746957954262872,proteins,total,HR_LR,5e6bd8f1d315
spls,HR_S27,1,0.0212179094007192,proteins,total,HR_LR,5e6bd8f1d315
spls,LR_S04,0,0.343575670948414,proteins,total,HR_LR,5e6bd8f1d315
spls,LR_S05,0,0.400455079889681,proteins,total,HR_LR,5e6bd8f1d315
spls,LR_S06,0,0.52430893700097,proteins,total,HR_LR,5e6bd8f1d315
spls,LR_S12,0,0.165907016942753,proteins,total,HR_LR,5e6bd8f1d315
spls,LR_S14,0,0.926016604226685,proteins,total,HR_LR,5e6bd8f1d315
spls,LR_S17,0,0.540812426855422,proteins,total,HR_LR,5e6bd8f1d315
spls,LR_S21,0,0.31944366608695,proteins,total,HR_LR,5e6bd8f1d315
spls,LR_S30,0,-0.0173890058321987,proteins,total,HR_LR,5e6bd8f1d315
svm,HR_S03,1,0.431555062890341,proteins,total,HR_LR,5e6bd8f1d315
svm,HR_S10,1,0.15199871325552,proteins,total,HR_LR,5e6bd8f1d315
svm,HR_S16,1,0.346290679556222,proteins,total,HR_LR,5e6bd8f1d315
svm,HR_S22,1,0.471369282983028,proteins,total,HR_LR,5e6bd8f1d315
svm,HR_S24,1,0.469786005888197,proteins,total,HR_LR,5e6bd8f1d315
svm,HR_S27,1,0.59352476206131,proteins,total,HR_LR,5e6bd8f1d315
svm,LR_S04,0,0.587127365705713,proteins,total,HR_LR,5e6bd8f1d315
svm,LR_S05,0,0.521193453437722,proteins,total,HR_LR,5e6bd8f1d315
svm,LR_S06,0,0.509323890545072,proteins,total,HR_LR,5e6bd8f1d315
svm,LR_S12,0,0.450468238581889,proteins,total,HR_LR,5e6bd8f1d315
svm,LR_S14,0,0.0847422165922697,proteins,total,HR_LR,5e6bd8f1d315
svm,LR_S17,0,0.22143257305068,proteins,total,HR_LR,5e6bd8f1d315
svm,LR_S21,0,0.383011252690382,proteins,total,HR_LR,5e6bd8f1d315
svm,LR_S30,0,0.689225404135213,proteins,total,HR_LR,5e6bd8f1d315
enet,HR_S03,1,0.384615384615385,proteins,training,HR_LR,5e6bd8f1d315
enet,HR_S10,1,0.364919081759489,proteins,training,HR_LR,5e6bd8f1d315
enet,HR_S16,1,0.384615384615385,proteins,training,HR_LR,5e6bd8f1d315
enet,HR_S22,1,0.384615384615385,proteins,training,HR_LR,5e6bd8f1d315
enet,HR_S24,1,0.384615384615385,proteins,training,HR_LR,5e6bd8f1d315
enet,HR_S27,1,0.384615384615385,proteins,training,HR_LR,5e6bd8f1d315
enet,LR_S04,0,0.461538461538462,proteins,training,HR_LR,5e6bd8f1d315
enet,LR_S05,0,0.461538461538462,proteins,training,HR_LR,5e6bd8f1d315
enet,LR_S06,0,0.461538461538462,proteins,training,HR_LR,5e6bd8f1d315
enet,LR_S12,0,0.461538461538462,proteins,training,HR_LR,5e6bd8f1d315
enet,LR_S14,0,0.461538461538462,proteins,training,HR_LR,5e6bd8f1d315
enet,LR_S17,0,0.461538461538462,proteins,training,HR_LR,5e6bd8f1d315
enet,LR_S21,0,0.461538461538462,proteins,training,HR_LR,5e6bd8f1d315
enet,LR_S30,0,0.461538461538462,proteins,training,HR_LR,5e6bd8f1d315
lasso,HR_S03,1,0.384615384615385,proteins,training,HR_LR,5e6bd8f1d315
lasso,HR_S10,1,0.0464495274802312,proteins,training,HR_LR,5e6bd8f1d315
lasso,HR_S16,1,0.384615384615385,proteins,training,HR_LR,5e6bd8f1d315
lasso,HR_S22,1,0.384615384615385,proteins,training,HR_LR,5e6bd8f1d315
lasso,HR_S24,1,0.384615384615385,proteins,training,HR_LR,5e6bd8f1d315
lasso,HR_S27,1,0.384615384615385,proteins,training,HR_LR,5e6bd8f1d315
lasso,LR_S04,0,0.461538461538462,proteins,training,HR_LR,5e6bd8f1d315
lasso,LR_S05,0,0.461538461538462,proteins,training,HR_LR,5e6bd8f1d315
lasso,LR_S06,0,0.461538461538462,proteins,training,HR_LR,5e6bd8f1d315
lasso,LR_S12,0,0.461538461538462,proteins,training,HR_LR,5e6bd8f1d315
lasso,LR_S14,0,0.461538461538462,proteins,training,HR_LR,5e6bd8f1d315
lasso,LR_S17,0,0.461538461538462,proteins,training,HR_LR,5e6bd8f1d315
lasso,LR_S21,0,0.461538461538462,proteins,training,HR_LR,5e6bd8f1d315
lasso,LR_S30,0,0.461538461538462,proteins,training,HR_LR,5e6bd8f1d315
pam,HR_S03,1,0.384615384615385,proteins,training,HR_LR,5e6bd8f1d315
pam,HR_S10,1,0.201238119921179,proteins,training,HR_LR,5e6bd8f1d315
pam,HR_S16,1,0.270425191617963,proteins,training,HR_LR,5e6bd8f1d315
pam,HR_S22,1,0.384615384615385,proteins,training,HR_LR,5e6bd8f1d315
pam,HR_S24,1,0.384615384615385,proteins,training,HR_LR,5e6bd8f1d315
pam,HR_S27,1,0.31863308738476,proteins,training,HR_LR,5e6bd8f1d315
pam,LR_S04,0,0.461538461538462,proteins,training,HR_LR,5e6bd8f1d315
pam,LR_S05,0,0.461538461538462,proteins,training,HR_LR,5e6bd8f1d315
pam,LR_S06,0,0.453788566804772,proteins,training,HR_LR,5e6bd8f1d315
pam,LR_S12,0,0.461538461538462,proteins,training,HR_LR,5e6bd8f1d315
pam,LR_S14,0,0.461538461538462,proteins,training,HR_LR,5e6bd8f1d315
pam,LR_S17,0,0.461538461538462,proteins,training,HR_LR,5e6bd8f1d315
pam,LR_S21,0,0.471034257196204,proteins,training,HR_LR,5e6bd8f1d315
pam,LR_S30,0,0.472006648127425,proteins,training,HR_LR,5e6bd8f1d315
rf,HR_S03,1,0.443751587301587,proteins,training,HR_LR,5e6bd8f1d315
rf,HR_S10,1,0.240475396825397,proteins,training,HR_LR,5e6bd8f1d315
rf,HR_S16,1,0.257965873015873,proteins,training,HR_LR,5e6bd8f1d315
rf,HR_S22,1,0.501795238095238,proteins,training,HR_LR,5e6bd8f1d315
rf,HR_S24,1,0.272953174603175,proteins,training,HR_LR,5e6bd8f1d315
rf,HR_S27,1,0.329584126984127,proteins,training,HR_LR,5e6bd8f1d315
rf,LR_S04,0,0.45338253968254,proteins,training,HR_LR,5e6bd8f1d315
rf,LR_S05,0,0.391360317460317,proteins,training,HR_LR,5e6bd8f1d315
rf,LR_S06,0,0.404505555555556,proteins,training,HR_LR,5e6bd8f1d315
rf,LR_S12,0,0.465754761904762,proteins,training,HR_LR,5e6bd8f1d315
rf,LR_S14,0,0.530754761904762,proteins,training,HR_LR,5e6bd8f1d315
rf,LR_S17,0,0.421888888888889,proteins,training,HR_LR,5e6bd8f1d315
rf,LR_S21,0,0.475879365079365,proteins,training,HR_LR,5e6bd8f1d315
rf,LR_S30,0,0.521469841269842,proteins,training,HR_LR,5e6bd8f1d315
ridge,HR_S03,1,0.384615384615385,proteins,training,HR_LR,5e6bd8f1d315
ridge,HR_S10,1,0.384615384615385,proteins,training,HR_LR,5e6bd8f1d315
ridge,HR_S16,1,0.384615384615385,proteins,training,HR_LR,5e6bd8f1d315
ridge,HR_S22,1,0.384615384615385,proteins,training,HR_LR,5e6bd8f1d315
ridge,HR_S24,1,0.384615384615385,proteins,training,HR_LR,5e6bd8f1d315
ridge,HR_S27,1,0.384615384615385,proteins,training,HR_LR,5e6bd8f1d315
ridge,LR_S04,0,0.461538461538462,proteins,training,HR_LR,5e6bd8f1d315
ridge,LR_S05,0,0.461538461538462,proteins,training,HR_LR,5e6bd8f1d315
ridge,LR_S06,0,0.461538461538462,proteins,training,HR_LR,5e6bd8f1d315
ridge,LR_S12,0,0.461538461538462,proteins,training,HR_LR,5e6bd8f1d315
ridge,LR_S14,0,0.461538461538462,proteins,training,HR_LR,5e6bd8f1d315
ridge,LR_S17,0,0.461538461538462,proteins,training,HR_LR,5e6bd8f1d315
ridge,LR_S21,0,0.461538461538462,proteins,training,HR_LR,5e6bd8f1d315
ridge,LR_S30,0,0.461538461538462,proteins,training,HR_LR,5e6bd8f1d315
spls,HR_S03,1,0.492058851207421,proteins,training,HR_LR,5e6bd8f1d315
spls,HR_S10,1,-0.0126148044276402,proteins,training,HR_LR,5e6bd8f1d315
spls,HR_S16,1,0.0761519527400078,proteins,training,HR_LR,5e6bd8f1d315
spls,HR_S22,1,0.624290700887258,proteins,training,HR_LR,5e6bd8f1d315
spls,HR_S24,1,0.0088870484780797,proteins,training,HR_LR,5e6bd8f1d315
spls,HR_S27,1,0.268789728364659,proteins,training,HR_LR,5e6bd8f1d315
spls,LR_S04,0,0.508844444532906,proteins,training,HR_LR,5e6bd8f1d315
spls,LR_S05,0,0.295271924260166,proteins,training,HR_LR,5e6bd8f1d315
spls,LR_S06,0,0.451701426608242,proteins,training,HR_LR,5e6bd8f1d315
spls,LR_S12,0,0.607131440745094,proteins,training,HR_LR,5e6bd8f1d315
spls,LR_S14,0,0.644140603974941,proteins,training,HR_LR,5e6bd8f1d315
spls,LR_S17,0,0.494973231120834,proteins,training,HR_LR,5e6bd8f1d315
spls,LR_S21,0,0.625982162380462,proteins,training,HR_LR,5e6bd8f1d315
spls,LR_S30,0,0.577019790183415,proteins,training,HR_LR,5e6bd8f1d315
svm,HR_S03,1,0.273838525377867,proteins,training,HR_LR,5e6bd8f1d315
svm,HR_S10,1,0.63308854620968,proteins,training,HR_LR,5e6bd8f1d315
svm,HR_S16,1,0.520938623148997,proteins,training,HR_LR,5e6bd8f1d315
svm,HR_S22,1,0.0313857176345897,proteins,training,HR_LR,5e6bd8f1d315
svm,HR_S24,1,0.422074844865909,proteins,training,HR_LR,5e6bd8f1d315
svm,HR_S27,1,0.566276743899977,proteins,training,HR_LR,5e6bd8f1d315
svm,LR_S04,0,0.524095849166022,proteins,training,HR_LR,5e6bd8f1d315
svm,LR_S05,0,0.257297070932238,proteins,training,HR_LR,5e6bd8f1d315
svm,LR_S06,0,0.636447999137183,proteins,training,HR_LR,5e6bd8f1d315
svm,LR_S12,0,0.426323959830933,proteins,training,HR_LR,5e6bd8f1d315
svm,LR_S14,0,0.24946102435465,proteins,training,HR_LR,5e6bd8f1d315
svm,LR_S17,0,0.3629733133872,proteins,training,HR_LR,5e6bd8f1d315
svm,LR_S21,0,0.326477762379083,proteins,training,HR_LR,5e6bd8f1d315
svm,LR_S30,0,0.192302843383759,proteins,training,HR_LR,5e6bd8f1d315
enet,HR_S03,1,0.384615384615385,proteins,trajectory,HR_LR,5e6bd8f1d315
enet,HR_S10,1,0.384615384615385,proteins,trajectory,HR_LR,5e6bd8f1d315
enet,HR_S16,1,0.384615384615385,proteins,trajectory,HR_LR,5e6bd8f1d315
enet,HR_S22,1,0.384615384615385,proteins,trajectory,HR_LR,5e6bd8f1d315
enet,HR_S24,1,0.384615384615385,proteins,trajectory,HR_LR,5e6bd8f1d315
enet,HR_S27,1,0.384615384615385,proteins,trajectory,HR_LR,5e6bd8f1d315
enet,LR_S04,0,0.512239737315273,proteins,trajectory,HR_LR,5e6bd8f1d315
enet,LR_S05,0,0.461538461538462,proteins,trajectory,HR_LR,5e6bd8f1d315
enet,LR_S06,0,0.461538461538462,proteins,trajectory,HR_LR,5e6bd8f1d315
enet,LR_S12,0,0.461538461538462,proteins,trajectory,HR_LR,5e6bd8f1d315
enet,LR_S14,0,0.461538461538462,proteins,trajectory,HR_LR,5e6bd8f1d315
enet,LR_S17,0,0.461538461538462,proteins,trajectory,HR_LR,5e6bd8f1d315
enet,LR_S21,0,0.461538461538462,proteins,trajectory,HR_LR,5e6bd8f1d315
enet,LR_S30,0,0.461538461538462,proteins,trajectory,HR_LR,5e6bd8f1d315
lasso,HR_S03,1,0.384615384615385,proteins,trajectory,HR_LR,5e6bd8f1d315
lasso,HR_S10,1,0.384615384615385,proteins,trajectory,HR_LR,5e6bd8f1d315
lasso,HR_S16,1,0.384615384615385,proteins,trajectory,HR_LR,5e6bd8f1d315
lasso,HR_S22,1,0.384615384615385,proteins,trajectory,HR_LR,5e6bd8f1d315
lasso,HR_S24,1,0.384615384615385,proteins,trajectory,HR_LR,5e6bd8f1d315
lasso,HR_S27,1,0.384615384615385,proteins,trajectory,HR_LR,5e6bd8f1d315
lasso,LR_S04,0,0.599321672695193,proteins,trajectory,HR_LR,5e6bd8f1d315
lasso,LR_S05,0,0.461538461538462,proteins,trajectory,HR_LR,5e6bd8f1d315
lasso,LR_S06,0,0.461538461538462,proteins,trajectory,HR_LR,5e6bd8f1d315
lasso,LR_S12,0,0.461538461538462,proteins,trajectory,HR_LR,5e6bd8f1d315
lasso,LR_S14,0,0.461538461538462,proteins,trajectory,HR_LR,5e6bd8f1d315
lasso,LR_S17,0,0.461538461538462,proteins,trajectory,HR_LR,5e6bd8f1d315
lasso,LR_S21,0,0.461538461538462,proteins,trajectory,HR_LR,5e6bd8f1d315
lasso,LR_S30,0,0.461538461538462,proteins,trajectory,HR_LR,5e6bd8f1d315
pam,HR_S03,1,0.384615384615385,proteins,trajectory,HR_LR,5e6bd8f1d315
pam,HR_S10,1,0.384615384615385,proteins,trajectory,HR_LR,5e6bd8f1d315
pam,HR_S16,1,0.384615384615385,proteins,trajectory,HR_LR,5e6bd8f1d315
pam,HR_S22,1,0.384615384615385,proteins,trajectory,HR_LR,5e6bd8f1d315
pam,HR_S24,1,0.384615384615385,proteins,trajectory,HR_LR,5e6bd8f1d315
pam,HR_S27,1,0.384615384615385,proteins,trajectory,HR_LR,5e6bd8f1d315
pam,LR_S04,0,0.461538461538462,proteins,trajectory,HR_LR,5e6bd8f1d315
pam,LR_S05,0,0.461538461538462,proteins,trajectory,HR_LR,5e6bd8f1d315
pam,LR_S06,0,0.461538461538462,proteins,trajectory,HR_LR,5e6bd8f1d315
pam,LR_S12,0,0.461538461538462,proteins,trajectory,HR_LR,5e6bd8f1d315
pam,LR_S14,0,0.461538461538462,proteins,trajectory,HR_LR,5e6bd8f1d315
pam,LR_S17,0,0.0183300362649068,proteins,trajectory,HR_LR,5e6bd8f1d315
pam,LR_S21,0,0.461538461538462,proteins,trajectory,HR_LR,5e6bd8f1d315
pam,LR_S30,0,0.461538461538462,proteins,trajectory,HR_LR,5e6bd8f1d315
rf,HR_S03,1,0.425237301587302,proteins,trajectory,HR_LR,5e6bd8f1d315
rf,HR_S10,1,0.373614285714286,proteins,trajectory,HR_LR,5e6bd8f1d315
rf,HR_S16,1,0.359259523809524,proteins,trajectory,HR_LR,5e6bd8f1d315
rf,HR_S22,1,0.421784126984127,proteins,trajectory,HR_LR,5e6bd8f1d315
rf,HR_S24,1,0.422446825396825,proteins,trajectory,HR_LR,5e6bd8f1d315
rf,HR_S27,1,0.320860317460318,proteins,trajectory,HR_LR,5e6bd8f1d315
rf,LR_S04,0,0.456286507936508,proteins,trajectory,HR_LR,5e6bd8f1d315
rf,LR_S05,0,0.414978571428571,proteins,trajectory,HR_LR,5e6bd8f1d315
rf,LR_S06,0,0.373959523809524,proteins,trajectory,HR_LR,5e6bd8f1d315
rf,LR_S12,0,0.333310317460317,proteins,trajectory,HR_LR,5e6bd8f1d315
rf,LR_S14,0,0.603002380952381,proteins,trajectory,HR_LR,5e6bd8f1d315
rf,LR_S17,0,0.438590476190476,proteins,trajectory,HR_LR,5e6bd8f1d315
rf,LR_S21,0,0.532717460317461,proteins,trajectory,HR_LR,5e6bd8f1d315
rf,LR_S30,0,0.479307936507937,proteins,trajectory,HR_LR,5e6bd8f1d315
ridge,HR_S03,1,0.384615384615385,proteins,trajectory,HR_LR,5e6bd8f1d315
ridge,HR_S10,1,0.384615384615385,proteins,trajectory,HR_LR,5e6bd8f1d315
ridge,HR_S16,1,0.384615384615385,proteins,trajectory,HR_LR,5e6bd8f1d315
ridge,HR_S22,1,0.384615384615385,proteins,trajectory,HR_LR,5e6bd8f1d315
ridge,HR_S24,1,0.384615384615385,proteins,trajectory,HR_LR,5e6bd8f1d315
ridge,HR_S27,1,0.384615384615385,proteins,trajectory,HR_LR,5e6bd8f1d315
ridge,LR_S04,0,0.461538461538462,proteins,trajectory,HR_LR,5e6bd8f1d315
ridge,LR_S05,0,0.461538461538462,proteins,trajectory,HR_LR,5e6bd8f1d315
ridge,LR_S06,0,0.461538461538462,proteins,trajectory,HR_LR,5e6bd8f1d315
ridge,LR_S12,0,0.461538461538462,proteins,trajectory,HR_LR,5e6bd8f1d315
ridge,LR_S14,0,0.461538461538462,proteins,trajectory,HR_LR,5e6bd8f1d315
ridge,LR_S17,0,0.461538461538462,proteins,trajectory,HR_LR,5e6bd8f1d315
ridge,LR_S21,0,0.461538461538462,proteins,trajectory,HR_LR,5e6bd8f1d315
ridge,LR_S30,0,0.461538461538462,proteins,trajectory,HR_LR,5e6bd8f1d315
spls,HR_S03,1,0.476661775676336,proteins,trajectory,HR_LR,5e6bd8f1d315
spls,HR_S10,1,0.00206431654427097,proteins,trajectory,HR_LR,5e6bd8f1d315
spls,HR_S16,1,0.147517227184025,proteins,trajectory,HR_LR,5e6bd8f1d315
spls,HR_S22,1,0.296754066268848,proteins,trajectory,HR_LR,5e6bd8f1d315
spls,HR_S24,1,0.453366618950386,proteins,trajectory,HR_LR,5e6bd8f1d315
spls,HR_S27,1,0.190786941502782,proteins,trajectory,HR_LR,5e6bd8f1d315
spls,LR_S04,0,0.797040618806824,proteins,trajectory,HR_LR,5e6bd8f1d315
spls,LR_S05,0,0.504452340535521,proteins,trajectory,HR_LR,5e6bd8f1d315
spls,LR_S06,0,0.218085894703384,proteins,trajectory,HR_LR,5e6bd8f1d315
spls,LR_S12,0,0.11079553298973,proteins,trajectory,HR_LR,5e6bd8f1d315
spls,LR_S14,0,0.685369109154031,proteins,trajectory,HR_LR,5e6bd8f1d315
spls,LR_S17,0,0.320061881692848,proteins,trajectory,HR_LR,5e6bd8f1d315
spls,LR_S21,0,0.641036878267227,proteins,trajectory,HR_LR,5e6bd8f1d315
spls,LR_S30,0,0.294284563838321,proteins,trajectory,HR_LR,5e6bd8f1d315
svm,HR_S03,1,0.324690130933076,proteins,trajectory,HR_LR,5e6bd8f1d315
svm,HR_S10,1,0.396784375031813,proteins,trajectory,HR_LR,5e6bd8f1d315
svm,HR_S16,1,0.418161470190339,proteins,trajectory,HR_LR,5e6bd8f1d315
svm,HR_S22,1,0.316009537721816,proteins,trajectory,HR_LR,5e6bd8f1d315
svm,HR_S24,1,0.177359181523389,proteins,trajectory,HR_LR,5e6bd8f1d315
svm,HR_S27,1,0.498223396651409,proteins,trajectory,HR_LR,5e6bd8f1d315
svm,LR_S04,0,0.347330754317803,proteins,trajectory,HR_LR,5e6bd8f1d315
svm,LR_S05,0,0.539860817832354,proteins,trajectory,HR_LR,5e6bd8f1d315
svm,LR_S06,0,0.718056269571932,proteins,trajectory,HR_LR,5e6bd8f1d315
svm,LR_S12,0,0.899282555481145,proteins,trajectory,HR_LR,5e6bd8f1d315
svm,LR_S14,0,0.137105887648643,proteins,trajectory,HR_LR,5e6bd8f1d315
svm,LR_S17,0,0.47671580001086,proteins,trajectory,HR_LR,5e6bd8f1d315
svm,LR_S21,0,0.402135248779636,proteins,trajectory,HR_LR,5e6bd8f1d315
svm,LR_S30,0,0.420600516554977,proteins,trajectory,HR_LR,5e6bd8f1d315
