rank_X,rank_Y,signed_log10p
9,9,-0
18,9,-0
27,9,-0
36,9,-0
45,9,-0
54,9,-0
63,9,-0
72,9,-0
81,9,-0
90,9,-0
99,9,-0
108,9,-0
117,9,-0
126,9,-0
135,9,-0
144,9,-0
153,9,-0
162,9,-0
171,9,-0
180,9,0.231
189,9,0.217
198,9,0.204
207,9,0.193
216,9,0.182
225,9,0.171
234,9,0.161
243,9,0.152
252,9,0.476
261,9,0.954
270,9,0.919
279,9,0.886
288,9,0.855
297,9,0.824
306,9,0.795
315,9,0.767
324,9,0.74
333,9,0.714
342,9,0.689
351,9,0.665
360,9,0.642
369,9,0.62
378,9,0.598
387,9,0.577
396,9,0.557
405,9,0.538
414,9,0.519
423,9,0.501
432,9,0.484
441,9,0.467
450,9,0.451
459,9,0.435
468,9,0.42
477,9,0.405
486,9,0.391
495,9,0.377
504,9,0.364
513,9,0.351
522,9,0.338
531,9,0.326
540,9,0.314
549,9,0.303
558,9,0.292
567,9,0.281
576,9,0.271
585,9,0.261
594,9,0.251
603,9,0.242
612,9,0.233
621,9,0.224
630,9,0.216
639,9,0.207
648,9,0.199
657,9,0.192
666,9,0.184
675,9,0.177
684,9,0.17
693,9,0.163
702,9,0.157
711,9,0.15
720,9,0.144
729,9,0.138
738,9,0.133
747,9,0.127
756,9,0.122
765,9,0.117
774,9,0.112
783,9,0.107
792,9,0.102
801,9,0.098
810,9,0.094
819,9,0.089
828,9,0.085
837,9,0.081
846,9,0.078
855,9,0.074
864,9,0.071
873,9,0.067
882,9,0.064
891,9,0.061
900,9,0.058
909,9,0.055
918,9,0.053
927,9,0.05
936,9,0.047
945,9,0.045
954,9,0.043
963,9,0.04
972,9,-0.038
981,9,-0.036
990,9,-0.034
999,9,-0.032
1008,9,-0.031
1017,9,-0.029
1026,9,-0.027
1035,9,-0.026
1044,9,-0.024
1053,9,-0.023
1062,9,-0.021
1071,9,-0.196
1080,9,-0.188
1089,9,-0.181
1098,9,-0.174
1107,9,-0.167
1116,9,-0.161
1125,9,-0.154
1134,9,-0.148
1143,9,-0.142
1152,9,-0.319
1161,9,-0.624
1170,9,-0.608
1179,9,-0.592
1188,9,-0.576
1197,9,-0.56
1206,9,-0.545
1215,9,-0.53
1224,9,-0.515
1233,9,-0.501
1242,9,-0.486
1251,9,-0.472
1260,9,-0.458
1269,9,-0.444
1278,9,-0.431
1287,9,-0.418
1296,9,-0.405
1305,9,-0.392
1314,9,-0.778
1323,9,-0.759
1332,9,-0.74
1341,9,-0.721
1350,9,-0.703
1359,9,-0.684
1368,9,-0.666
1377,9,-0.648
1386,9,-0.631
1395,9,-0.613
1404,9,-0.596
1413,9,-0.579
1422,9,-0.562
1431,9,-0.545
1440,9,-0.529
1449,9,-0.512
1458,9,-0.496
1467,9,-0.481
1476,9,-0.465
1485,9,-0.449
1494,9,-0.434
1503,9,-0.419
1512,9,-0.404
1521,9,-0.39
1530,9,-0.375
1539,9,-0.361
1548,9,-0.347
1557,9,-0.333
1566,9,-0.807
1575,9,-0.784
1584,9,-0.762
1593,9,-0.74
1602,9,-0.718
1611,9,-0.696
1620,9,-0.674
1629,9,-0.652
1638,9,-0.63
1647,9,-0.609
1656,9,-0.588
1665,9,-0.566
1674,9,-0.545
1683,9,-0.524
1692,9,-0.503
1701,9,-0.483
1710,9,-0.462
1719,9,-0.441
1728,9,-0.421
1737,9,-0.401
1746,9,-0.38
1755,9,-0.36
1764,9,-0.34
1773,9,-0.32
1782,9,-0.3
1791,9,-0.281
1800,9,-0.261
1809,9,-0.241
1818,9,-0.222
1827,9,-0.203
1836,9,-0.183
1845,9,-0.164
1854,9,-0.145
1863,9,-0.126
1872,9,-0.107
1881,9,-0.089
1890,9,-0.07
1899,9,-0.051
1908,9,-0.033
1917,9,-0.014
9,18,-0
18,18,-0
27,18,-0
36,18,-0
45,18,-0
54,18,-0
63,18,-0
72,18,-0
81,18,-0
90,18,-0
99,18,-0
108,18,-0
117,18,-0
126,18,-0
135,18,-0
144,18,-0
153,18,-0
162,18,-0
171,18,-0
180,18,0.081
189,18,0.073
198,18,0.066
207,18,0.059
216,18,0.054
225,18,0.048
234,18,0.044
243,18,0.04
252,18,0.152
261,18,0.347
270,18,0.622
279,18,0.588
288,18,0.556
297,18,0.526
306,18,0.497
315,18,0.47
324,18,0.444
333,18,0.42
342,18,0.397
351,18,0.375
360,18,0.354
369,18,0.334
378,18,0.315
387,18,0.297
396,18,0.28
405,18,0.264
414,18,0.249
423,18,0.235
432,18,0.221
441,18,0.4
450,18,0.38
459,18,0.361
468,18,0.342
477,18,0.325
486,18,0.308
495,18,0.292
504,18,0.277
513,18,0.262
522,18,0.248
531,18,0.235
540,18,0.222
549,18,0.21
558,18,0.198
567,18,0.187
576,18,0.176
585,18,0.166
594,18,0.157
603,18,0.148
612,18,0.139
621,18,0.131
630,18,0.123
639,18,0.115
648,18,0.108
657,18,0.102
666,18,0.095
675,18,0.089
684,18,0.083
693,18,0.078
702,18,0.073
711,18,0.068
720,18,0.063
729,18,0.133
738,18,0.125
747,18,0.118
756,18,0.111
765,18,0.104
774,18,0.098
783,18,0.092
792,18,0.086
801,18,0.081
810,18,0.075
819,18,0.15
828,18,0.142
837,18,0.134
846,18,0.126
855,18,0.119
864,18,0.218
873,18,0.207
882,18,0.196
891,18,0.186
900,18,0.176
909,18,0.167
918,18,0.158
927,18,0.149
936,18,0.141
945,18,0.133
954,18,0.125
963,18,0.118
972,18,-0.111
981,18,-0.104
990,18,-0.098
999,18,-0.092
1008,18,-0.086
1017,18,-0.081
1026,18,-0.076
1035,18,-0.071
1044,18,-0.066
1053,18,-0.061
1062,18,-0.057
1071,18,-0.221
1080,18,-0.21
1089,18,-0.199
1098,18,-0.189
1107,18,-0.179
1116,18,-0.169
1125,18,-0.16
1134,18,-0.151
1143,18,-0.142
1152,18,-0.252
1161,18,-0.414
1170,18,-0.397
1179,18,-0.38
1188,18,-0.363
1197,18,-0.347
1206,18,-0.332
1215,18,-0.316
1224,18,-0.302
1233,18,-0.287
1242,18,-0.273
1251,18,-0.26
1260,18,-0.247
1269,18,-0.234
1278,18,-0.222
1287,18,-0.21
1296,18,-0.198
1305,18,-0.187
1314,18,-0.327
1323,18,-0.536
1332,18,-0.514
1341,18,-0.805
1350,18,-0.777
1359,18,-0.75
1368,18,-0.723
1377,18,-0.696
1386,18,-0.67
1395,18,-0.645
1404,18,-0.619
1413,18,-0.595
1422,18,-0.571
1431,18,-0.547
1440,18,-0.524
1449,18,-0.501
1458,18,-0.479
1467,18,-0.457
1476,18,-0.436
1485,18,-0.415
1494,18,-0.395
1503,18,-0.375
1512,18,-0.356
1521,18,-0.622
1530,18,-0.595
1539,18,-0.569
1548,18,-0.543
1557,18,-0.518
1566,18,-0.905
1575,18,-0.871
1584,18,-0.837
1593,18,-0.804
1602,18,-0.771
1611,18,-0.738
1620,18,-0.706
1629,18,-0.675
1638,18,-0.643
1647,18,-0.613
1656,18,-0.582
1665,18,-0.553
1674,18,-0.523
1683,18,-0.494
1692,18,-0.466
1701,18,-0.438
1710,18,-0.411
1719,18,-0.384
1728,18,-0.358
1737,18,-0.332
1746,18,-0.307
1755,18,-0.283
1764,18,-0.259
1773,18,-0.236
1782,18,-0.213
1791,18,-0.192
1800,18,-0.171
1809,18,-0.151
1818,18,-0.131
1827,18,-0.113
1836,18,-0.096
1845,18,-0.079
1854,18,-0.064
1863,18,-0.05
1872,18,-0.038
1881,18,-0.027
1890,18,-0.017
1899,18,-0.01
1908,18,-0.066
1917,18,-0.029
9,27,-0
18,27,-0
27,27,-0
36,27,-0
45,27,-0
54,27,-0
63,27,-0
72,27,-0
81,27,-0
90,27,-0
99,27,-0
108,27,-0
117,27,-0
126,27,-0
135,27,-0
144,27,-0
153,27,-0
162,27,-0
171,27,-0
180,27,0.031
189,27,0.027
198,27,0.023
207,27,0.02
216,27,0.017
225,27,0.015
234,27,0.013
243,27,0.011
252,27,0.052
261,27,0.136
270,27,0.27
279,27,0.248
288,27,0.227
297,27,0.209
306,27,0.363
315,27,0.337
324,27,0.313
333,27,0.29
342,27,0.269
351,27,0.249
360,27,0.23
369,27,0.213
378,27,0.196
387,27,0.181
396,27,0.167
405,27,0.154
414,27,0.142
423,27,0.13
432,27,0.12
441,27,0.215
450,27,0.199
459,27,0.185
468,27,0.171
477,27,0.159
486,27,0.147
495,27,0.248
504,27,0.232
513,27,0.216
522,27,0.201
531,27,0.187
540,27,0.174
549,27,0.162
558,27,0.15
567,27,0.139
576,27,0.129
585,27,0.119
594,27,0.11
603,27,0.102
612,27,0.176
621,27,0.279
630,27,0.262
639,27,0.246
648,27,0.231
657,27,0.216
666,27,0.331
675,27,0.312
684,27,0.294
693,27,0.277
702,27,0.26
711,27,0.245
720,27,0.23
729,27,0.346
738,27,0.327
747,27,0.309
756,27,0.291
765,27,0.274
774,27,0.258
783,27,0.243
792,27,0.228
801,27,0.214
810,27,0.201
819,27,0.305
828,27,0.288
837,27,0.272
846,27,0.256
855,27,0.241
864,27,0.357
873,27,0.338
882,27,0.32
891,27,0.302
900,27,0.285
909,27,0.269
918,27,0.254
927,27,0.239
936,27,0.224
945,27,0.211
954,27,0.198
963,27,0.185
972,27,-0.174
981,27,-0.162
990,27,-0.152
999,27,-0.141
1008,27,-0.132
1017,27,-0.122
1026,27,-0.114
1035,27,-0.105
1044,27,-0.098
1053,27,-0.09
1062,27,-0.083
1071,27,-0.233
1080,27,-0.219
1089,27,-0.206
1098,27,-0.193
1107,27,-0.18
1116,27,-0.169
1125,27,-0.157
1134,27,-0.147
1143,27,-0.136
1152,27,-0.216
1161,27,-0.325
1170,27,-0.307
1179,27,-0.29
1188,27,-0.273
1197,27,-0.257
1206,27,-0.382
1215,27,-0.361
1224,27,-0.342
1233,27,-0.323
1242,27,-0.304
1251,27,-0.287
1260,27,-0.269
1269,27,-0.253
1278,27,-0.237
1287,27,-0.222
1296,27,-0.208
1305,27,-0.194
1314,27,-0.472
1323,27,-0.673
1332,27,-0.643
1341,27,-0.896
1350,27,-0.86
1359,27,-0.824
1368,27,-0.789
1377,27,-0.755
1386,27,-0.721
1395,27,-0.689
1404,27,-0.657
1413,27,-0.625
1422,27,-0.595
1431,27,-0.565
1440,27,-0.536
1449,27,-0.508
1458,27,-0.481
1467,27,-0.454
1476,27,-0.677
1485,27,-0.644
1494,27,-0.611
1503,27,-0.58
1512,27,-0.549
1521,27,-0.821
1530,27,-0.782
1539,27,-0.745
1548,27,-0.708
1557,27,-0.672
1566,27,-1.014
1575,27,-0.97
1584,27,-0.925
1593,27,-0.882
1602,27,-0.839
1611,27,-0.797
1620,27,-0.756
1629,27,-0.716
1638,27,-0.676
1647,27,-0.637
1656,27,-0.599
1665,27,-0.562
1674,27,-0.526
1683,27,-0.49
1692,27,-0.456
1701,27,-0.422
1710,27,-0.39
1719,27,-0.358
1728,27,-0.328
1737,27,-0.298
1746,27,-0.27
1755,27,-0.242
1764,27,-0.483
1773,27,-0.442
1782,27,-0.403
1791,27,-0.364
1800,27,-0.326
1809,27,-0.29
1818,27,-0.255
1827,27,-0.221
1836,27,-0.189
1845,27,-0.158
1854,27,-0.129
1863,27,-0.102
1872,27,-0.078
1881,27,-0.056
1890,27,-0.037
1899,27,-0.021
1908,27,-0.099
1917,27,-0.043
9,36,-0
18,36,-0
27,36,-0
36,36,-0
45,36,-0
54,36,-0
63,36,-0
72,36,-0
81,36,-0
90,36,-0
99,36,-0
108,36,-0
117,36,-0
126,36,-0
135,36,0.032
144,36,0.026
153,36,0.022
162,36,0.018
171,36,0.015
180,36,0.063
189,36,0.054
198,36,0.046
207,36,0.039
216,36,0.034
225,36,0.029
234,36,0.024
243,36,0.021
252,36,0.06
261,36,0.13
270,36,0.234
279,36,0.211
288,36,0.19
297,36,0.172
306,36,0.283
315,36,0.258
324,36,0.235
333,36,0.214
342,36,0.195
351,36,0.177
360,36,0.16
369,36,0.145
378,36,0.131
387,36,0.118
396,36,0.107
405,36,0.096
414,36,0.086
423,36,0.077
432,36,0.069
441,36,0.124
450,36,0.112
459,36,0.101
468,36,0.092
477,36,0.083
486,36,0.074
495,36,0.128
504,36,0.116
513,36,0.105
522,36,0.096
531,36,0.087
540,36,0.078
549,36,0.071
558,36,0.064
567,36,0.057
576,36,0.051
585,36,0.046
594,36,0.041
603,36,0.037
612,36,0.122
621,36,0.187
630,36,0.173
639,36,0.159
648,36,0.146
657,36,0.134
666,36,0.203
675,36,0.188
684,36,0.173
693,36,0.16
702,36,0.147
711,36,0.136
720,36,0.124
729,36,0.188
738,36,0.174
747,36,0.16
756,36,0.148
765,36,0.136
774,36,0.125
783,36,0.115
792,36,0.105
801,36,0.096
810,36,0.088
819,36,0.136
828,36,0.125
837,36,0.115
846,36,0.106
855,36,0.097
864,36,0.148
873,36,0.136
882,36,0.125
891,36,0.115
900,36,0.105
909,36,0.097
918,36,0.088
927,36,0.08
936,36,0.073
945,36,0.115
954,36,0.105
963,36,0.096
972,36,-0.088
981,36,-0.08
990,36,-0.073
999,36,-0.066
1008,36,-0.06
1017,36,-0.054
1026,36,-0.049
1035,36,-0.044
1044,36,-0.039
1053,36,-0.035
1062,36,-0.032
1071,36,-0.094
1080,36,-0.086
1089,36,-0.078
1098,36,-0.071
1107,36,-0.064
1116,36,-0.058
1125,36,-0.052
1134,36,-0.047
1143,36,-0.042
1152,36,-0.069
1161,36,-0.108
1170,36,-0.099
1179,36,-0.09
1188,36,-0.082
1197,36,-0.074
1206,36,-0.116
1215,36,-0.106
1224,36,-0.097
1233,36,-0.088
1242,36,-0.08
1251,36,-0.072
1260,36,-0.065
1269,36,-0.058
1278,36,-0.052
1287,36,-0.047
1296,36,-0.042
1305,36,-0.037
1314,36,-0.109
1323,36,-0.166
1332,36,-0.153
1341,36,-0.226
1350,36,-0.209
1359,36,-0.192
1368,36,-0.177
1377,36,-0.162
1386,36,-0.148
1395,36,-0.135
1404,36,-0.123
1413,36,-0.111
1422,36,-0.101
1431,36,-0.091
1440,36,-0.081
1449,36,-0.073
1458,36,-0.065
1467,36,-0.057
1476,36,-0.095
1485,36,-0.085
1494,36,-0.076
1503,36,-0.067
1512,36,-0.111
1521,36,-0.177
1530,36,-0.16
1539,36,-0.145
1548,36,-0.13
1557,36,-0.117
1566,36,-0.187
1575,36,-0.169
1584,36,-0.152
1593,36,-0.137
1602,36,-0.122
1611,36,-0.108
1620,36,-0.095
1629,36,-0.083
1638,36,-0.073
1647,36,-0.063
1656,36,-0.054
1665,36,-0.046
1674,36,-0.039
1683,36,-0.032
1692,36,-0.027
1701,36,-0.022
1710,36,-0.018
1719,36,-0.014
1728,36,-0.03
1737,36,-0.024
1746,36,-0.019
1755,36,-0.015
1764,36,-0.033
1773,36,-0.026
1782,36,-0.056
1791,36,-0.045
1800,36,-0.096
1809,36,-0.078
1818,36,-0.062
1827,36,-0.048
1836,36,-0.111
1845,36,-0.087
1854,36,-0.066
1863,36,-0.047
1872,36,-0.032
1881,36,-0.02
1890,36,-0.061
1899,36,-0.035
1908,36,-0.132
1917,36,-0.058
9,45,-0
18,45,-0
27,45,-0
36,45,-0
45,45,-0
54,45,-0
63,45,-0
72,45,-0
81,45,-0
90,45,-0
99,45,-0
108,45,-0
117,45,-0
126,45,-0
135,45,0.016
144,45,0.013
153,45,0.01
162,45,0.008
171,45,0.006
180,45,0.03
189,45,0.024
198,45,0.02
207,45,0.016
216,45,0.013
225,45,0.011
234,45,0.009
243,45,0.007
252,45,0.023
261,45,0.056
270,45,0.109
279,45,0.095
288,45,0.083
297,45,0.072
306,45,0.128
315,45,0.113
324,45,0.1
333,45,0.087
342,45,0.077
351,45,0.067
360,45,0.059
369,45,0.051
378,45,0.044
387,45,0.038
396,45,0.033
405,45,0.029
414,45,0.025
423,45,0.021
432,45,0.042
441,45,0.074
450,45,0.065
459,45,0.057
468,45,0.05
477,45,0.044
486,45,0.039
495,45,0.067
504,45,0.059
513,45,0.052
522,45,0.046
531,45,0.041
540,45,0.036
549,45,0.031
558,45,0.027
567,45,0.024
576,45,0.02
585,45,0.018
594,45,0.015
603,45,0.013
612,45,0.049
621,45,0.078
630,45,0.119
639,45,0.107
648,45,0.097
657,45,0.087
666,45,0.13
675,45,0.118
684,45,0.106
693,45,0.096
702,45,0.087
711,45,0.128
720,45,0.116
729,45,0.166
738,45,0.152
747,45,0.139
756,45,0.126
765,45,0.115
774,45,0.104
783,45,0.094
792,45,0.085
801,45,0.076
810,45,0.069
819,45,0.102
828,45,0.093
837,45,0.083
846,45,0.075
855,45,0.111
864,45,0.157
873,45,0.144
882,45,0.131
891,45,0.119
900,45,0.108
909,45,0.098
918,45,0.089
927,45,0.08
936,45,0.117
945,45,0.164
954,45,0.15
963,45,0.137
972,45,-0.125
981,45,-0.114
990,45,-0.16
999,45,-0.147
1008,45,-0.134
1017,45,-0.122
1026,45,-0.111
1035,45,-0.1
1044,45,-0.091
1053,45,-0.082
1062,45,-0.073
1071,45,-0.166
1080,45,-0.152
1089,45,-0.139
1098,45,-0.126
1107,45,-0.115
1116,45,-0.104
1125,45,-0.094
1134,45,-0.084
1143,45,-0.076
1152,45,-0.111
1161,45,-0.156
1170,45,-0.143
1179,45,-0.13
1188,45,-0.118
1197,45,-0.106
1206,45,-0.151
1215,45,-0.138
1224,45,-0.125
1233,45,-0.113
1242,45,-0.102
1251,45,-0.092
1260,45,-0.082
1269,45,-0.073
1278,45,-0.065
1287,45,-0.058
1296,45,-0.051
1305,45,-0.045
1314,45,-0.115
1323,45,-0.164
1332,45,-0.149
1341,45,-0.208
1350,45,-0.19
1359,45,-0.173
1368,45,-0.157
1377,45,-0.221
1386,45,-0.201
1395,45,-0.183
1404,45,-0.166
1413,45,-0.15
1422,45,-0.135
1431,45,-0.121
1440,45,-0.108
1449,45,-0.096
1458,45,-0.085
1467,45,-0.075
1476,45,-0.114
1485,45,-0.101
1494,45,-0.089
1503,45,-0.079
1512,45,-0.12
1521,45,-0.177
1530,45,-0.159
1539,45,-0.142
1548,45,-0.126
1557,45,-0.111
1566,45,-0.168
1575,45,-0.149
1584,45,-0.221
1593,45,-0.198
1602,45,-0.177
1611,45,-0.157
1620,45,-0.138
1629,45,-0.121
1638,45,-0.105
1647,45,-0.091
1656,45,-0.078
1665,45,-0.126
1674,45,-0.109
1683,45,-0.093
1692,45,-0.079
1701,45,-0.066
1710,45,-0.055
1719,45,-0.045
1728,45,-0.079
1737,45,-0.066
1746,45,-0.053
1755,45,-0.043
1764,45,-0.079
1773,45,-0.063
1782,45,-0.116
1791,45,-0.095
1800,45,-0.173
1809,45,-0.143
1818,45,-0.115
1827,45,-0.091
1836,45,-0.18
1845,45,-0.143
1854,45,-0.11
1863,45,-0.08
1872,45,-0.055
1881,45,-0.035
1890,45,-0.09
1899,45,-0.053
1908,45,-0.165
1917,45,-0.072
9,54,-0
18,54,0.395
27,54,0.269
36,54,0.191
45,54,0.139
54,54,0.103
63,54,0.076
72,54,0.057
81,54,0.043
90,54,0.033
99,54,0.025
108,54,0.019
117,54,0.014
126,54,0.011
135,54,0.044
144,54,0.035
153,54,0.028
162,54,0.022
171,54,0.017
180,54,0.048
189,54,0.039
198,54,0.032
207,54,0.026
216,54,0.021
225,54,0.017
234,54,0.014
243,54,0.011
252,54,0.028
261,54,0.057
270,54,0.102
279,54,0.087
288,54,0.075
297,54,0.064
306,54,0.108
315,54,0.094
324,54,0.081
333,54,0.07
342,54,0.06
351,54,0.051
360,54,0.044
369,54,0.037
378,54,0.032
387,54,0.027
396,54,0.023
405,54,0.019
414,54,0.016
423,54,0.013
432,54,0.026
441,54,0.045
450,54,0.038
459,54,0.033
468,54,0.028
477,54,0.024
486,54,0.02
495,54,0.036
504,54,0.031
513,54,0.026
522,54,0.022
531,54,0.019
540,54,0.016
549,54,0.014
558,54,0.012
567,54,0.01
576,54,0.008
585,54,0.007
594,54,0.006
603,54,0.005
612,54,0.019
621,54,0.031
630,54,0.049
639,54,0.043
648,54,0.038
657,54,0.058
666,54,0.085
675,54,0.075
684,54,0.067
693,54,0.059
702,54,0.052
711,54,0.077
720,54,0.109
729,54,0.15
738,54,0.135
747,54,0.122
756,54,0.109
765,54,0.098
774,54,0.088
783,54,0.078
792,54,0.069
801,54,0.061
810,54,0.054
819,54,0.078
828,54,0.07
837,54,0.062
846,54,0.055
855,54,0.079
864,54,0.11
873,54,0.149
882,54,0.135
891,54,0.122
900,54,0.11
909,54,0.098
918,54,0.088
927,54,0.121
936,54,0.234
945,54,0.299
954,54,0.276
963,54,0.253
972,54,-0.233
981,54,-0.213
990,54,-0.274
999,54,-0.252
1008,54,-0.231
1017,54,-0.212
1026,54,-0.193
1035,54,-0.176
1044,54,-0.16
1053,54,-0.145
1062,54,-0.131
1071,54,-0.249
1080,54,-0.228
1089,54,-0.209
1098,54,-0.27
1107,54,-0.247
1116,54,-0.227
1125,54,-0.207
1134,54,-0.189
1143,54,-0.171
1152,54,-0.225
1161,54,-0.29
1170,54,-0.266
1179,54,-0.244
1188,54,-0.223
1197,54,-0.203
1206,54,-0.366
1215,54,-0.338
1224,54,-0.311
1233,54,-0.286
1242,54,-0.263
1251,54,-0.24
1260,54,-0.219
1269,54,-0.199
1278,54,-0.18
1287,54,-0.163
1296,54,-0.147
1305,54,-0.132
1314,54,-0.258
1323,54,-0.334
1332,54,-0.307
1341,54,-0.393
1350,54,-0.362
1359,54,-0.333
1368,54,-0.305
1377,54,-0.393
1386,54,-0.361
1395,54,-0.332
1404,54,-0.303
1413,54,-0.277
1422,54,-0.251
1431,54,-0.228
1440,54,-0.205
1449,54,-0.185
1458,54,-0.165
1467,54,-0.147
1476,54,-0.202
1485,54,-0.181
1494,54,-0.161
1503,54,-0.143
1512,54,-0.198
1521,54,-0.269
1530,54,-0.242
1539,54,-0.217
1548,54,-0.194
1557,54,-0.172
1566,54,-0.239
1575,54,-0.213
1584,54,-0.293
1593,54,-0.263
1602,54,-0.235
1611,54,-0.208
1620,54,-0.183
1629,54,-0.16
1638,54,-0.139
1647,54,-0.12
1656,54,-0.102
1665,54,-0.153
1674,54,-0.132
1683,54,-0.112
1692,54,-0.094
1701,54,-0.078
1710,54,-0.064
1719,54,-0.052
1728,54,-0.085
1737,54,-0.069
1746,54,-0.055
1755,54,-0.043
1764,54,-0.074
1773,54,-0.058
1782,54,-0.099
1791,54,-0.078
1800,54,-0.134
1809,54,-0.107
1818,54,-0.082
1827,54,-0.062
1836,54,-0.114
1845,54,-0.085
1854,54,-0.061
1863,54,-0.04
1872,54,-0.025
1881,54,-0.013
1890,54,-0.03
1899,54,-0.014
1908,54,-0.033
1917,54,-0.087
9,63,-0
18,63,0.345
27,63,0.225
36,63,0.154
45,63,0.108
54,63,0.076
63,63,0.055
72,63,0.039
81,63,0.029
90,63,0.021
99,63,0.015
108,63,0.011
117,63,0.008
126,63,0.006
135,63,0.025
144,63,0.019
153,63,0.014
162,63,0.011
171,63,0.008
180,63,0.025
189,63,0.019
198,63,0.015
207,63,0.012
216,63,0.009
225,63,0.007
234,63,0.005
243,63,0.004
252,63,0.011
261,63,0.025
270,63,0.047
279,63,0.039
288,63,0.032
297,63,0.026
306,63,0.048
315,63,0.04
324,63,0.033
333,63,0.027
342,63,0.023
351,63,0.018
360,63,0.015
369,63,0.012
378,63,0.01
387,63,0.008
396,63,0.006
405,63,0.005
414,63,0.004
423,63,0.003
432,63,0.007
441,63,0.013
450,63,0.011
459,63,0.009
468,63,0.007
477,63,0.013
486,63,0.011
495,63,0.019
504,63,0.016
513,63,0.013
522,63,0.011
531,63,0.009
540,63,0.007
549,63,0.006
558,63,0.005
567,63,0.009
576,63,0.007
585,63,0.006
594,63,0.005
603,63,0.004
612,63,0.014
621,63,0.023
630,63,0.035
639,63,0.03
648,63,0.026
657,63,0.039
666,63,0.056
675,63,0.049
684,63,0.043
693,63,0.037
702,63,0.032
711,63,0.046
720,63,0.102
729,63,0.195
738,63,0.176
747,63,0.225
756,63,0.204
765,63,0.184
774,63,0.166
783,63,0.149
792,63,0.134
801,63,0.119
810,63,0.106
819,63,0.14
828,63,0.125
837,63,0.112
846,63,0.1
855,63,0.131
864,63,0.17
873,63,0.216
882,63,0.196
891,63,0.177
900,63,0.159
909,63,0.143
918,63,0.129
927,63,0.166
936,63,0.288
945,63,0.354
954,63,0.325
963,63,0.298
972,63,-0.273
981,63,-0.249
990,63,-0.308
999,63,-0.282
1008,63,-0.258
1017,63,-0.235
1026,63,-0.214
1035,63,-0.194
1044,63,-0.175
1053,63,-0.158
1062,63,-0.142
1071,63,-0.252
1080,63,-0.229
1089,63,-0.208
1098,63,-0.261
1107,63,-0.237
1116,63,-0.215
1125,63,-0.195
1134,63,-0.176
1143,63,-0.158
1152,63,-0.202
1161,63,-0.254
1170,63,-0.231
1179,63,-0.209
1188,63,-0.189
1197,63,-0.17
1206,63,-0.298
1215,63,-0.272
1224,63,-0.248
1233,63,-0.224
1242,63,-0.203
1251,63,-0.183
1260,63,-0.164
1269,63,-0.147
1278,63,-0.131
1287,63,-0.116
1296,63,-0.152
1305,63,-0.135
1314,63,-0.249
1323,63,-0.313
1332,63,-0.284
1341,63,-0.355
1350,63,-0.324
1359,63,-0.295
1368,63,-0.267
1377,63,-0.336
1386,63,-0.306
1395,63,-0.277
1404,63,-0.25
1413,63,-0.225
1422,63,-0.201
1431,63,-0.179
1440,63,-0.159
1449,63,-0.141
1458,63,-0.123
1467,63,-0.108
1476,63,-0.216
1485,63,-0.192
1494,63,-0.17
1503,63,-0.149
1512,63,-0.199
1521,63,-0.26
1530,63,-0.232
1539,63,-0.206
1548,63,-0.181
1557,63,-0.159
1566,63,-0.213
1575,63,-0.187
1584,63,-0.25
1593,63,-0.221
1602,63,-0.194
1611,63,-0.168
1620,63,-0.146
1629,63,-0.2
1638,63,-0.174
1647,63,-0.149
1656,63,-0.127
1665,63,-0.179
1674,63,-0.153
1683,63,-0.129
1692,63,-0.108
1701,63,-0.089
1710,63,-0.073
1719,63,-0.058
1728,63,-0.089
1737,63,-0.071
1746,63,-0.056
1755,63,-0.088
1764,63,-0.134
1773,63,-0.108
1782,63,-0.167
1791,63,-0.135
1800,63,-0.21
1809,63,-0.169
1818,63,-0.133
1827,63,-0.102
1836,63,-0.171
1845,63,-0.129
1854,63,-0.094
1863,63,-0.064
1872,63,-0.04
1881,63,-0.022
1890,63,-0.045
1899,63,-0.02
1908,63,-0.043
1917,63,-0.101
9,72,-0
18,72,0.303
27,72,0.19
36,72,0.125
45,72,0.084
54,72,0.057
63,72,0.039
72,72,0.027
81,72,0.019
90,72,0.013
99,72,0.009
108,72,0.006
117,72,0.004
126,72,0.003
135,72,0.014
144,72,0.01
153,72,0.007
162,72,0.005
171,72,0.004
180,72,0.012
189,72,0.009
198,72,0.007
207,72,0.005
216,72,0.004
225,72,0.003
234,72,0.002
243,72,0.001
252,72,0.004
261,72,0.01
270,72,0.046
279,72,0.038
288,72,0.031
297,72,0.025
306,72,0.042
315,72,0.034
324,72,0.028
333,72,0.023
342,72,0.018
351,72,0.015
360,72,0.012
369,72,0.009
378,72,0.007
387,72,0.013
396,72,0.011
405,72,0.009
414,72,0.007
423,72,0.005
432,72,0.01
441,72,0.017
450,72,0.014
459,72,0.011
468,72,0.018
477,72,0.029
486,72,0.024
495,72,0.036
504,72,0.03
513,72,0.025
522,72,0.021
531,72,0.017
540,72,0.014
549,72,0.012
558,72,0.01
567,72,0.015
576,72,0.013
585,72,0.01
594,72,0.008
603,72,0.007
612,72,0.021
621,72,0.03
630,72,0.043
639,72,0.037
648,72,0.031
657,72,0.044
666,72,0.061
675,72,0.053
684,72,0.045
693,72,0.039
702,72,0.033
711,72,0.046
720,72,0.095
729,72,0.176
738,72,0.157
747,72,0.196
756,72,0.175
765,72,0.157
774,72,0.139
783,72,0.124
792,72,0.109
801,72,0.096
810,72,0.085
819,72,0.11
828,72,0.097
837,72,0.085
846,72,0.074
855,72,0.097
864,72,0.124
873,72,0.156
882,72,0.193
891,72,0.174
900,72,0.155
909,72,0.138
918,72,0.123
927,72,0.155
936,72,0.26
945,72,0.313
954,72,0.285
963,72,0.259
972,72,-0.234
981,72,-0.211
990,72,-0.257
999,72,-0.233
1008,72,-0.21
1017,72,-0.189
1026,72,-0.17
1035,72,-0.152
1044,72,-0.135
1053,72,-0.169
1062,72,-0.151
1071,72,-0.254
1080,72,-0.23
1089,72,-0.207
1098,72,-0.253
1107,72,-0.228
1116,72,-0.206
1125,72,-0.185
1134,72,-0.165
1143,72,-0.147
1152,72,-0.183
1161,72,-0.226
1170,72,-0.203
1179,72,-0.182
1188,72,-0.162
1197,72,-0.144
1206,72,-0.247
1215,72,-0.223
1224,72,-0.2
1233,72,-0.179
1242,72,-0.159
1251,72,-0.141
1260,72,-0.125
1269,72,-0.109
1278,72,-0.096
1287,72,-0.083
1296,72,-0.108
1305,72,-0.094
1314,72,-0.241
1323,72,-0.295
1332,72,-0.266
1341,72,-0.325
1350,72,-0.294
1359,72,-0.264
1368,72,-0.237
1377,72,-0.292
1386,72,-0.263
1395,72,-0.323
1404,72,-0.291
1413,72,-0.261
1422,72,-0.233
1431,72,-0.207
1440,72,-0.183
1449,72,-0.161
1458,72,-0.141
1467,72,-0.122
1476,72,-0.228
1485,72,-0.286
1494,72,-0.255
1503,72,-0.225
1512,72,-0.284
1521,72,-0.354
1530,72,-0.317
1539,72,-0.282
1548,72,-0.25
1557,72,-0.22
1566,72,-0.28
1575,72,-0.247
1584,72,-0.315
1593,72,-0.278
1602,72,-0.244
1611,72,-0.212
1620,72,-0.184
1629,72,-0.241
1638,72,-0.208
1647,72,-0.179
1656,72,-0.152
1665,72,-0.204
1674,72,-0.173
1683,72,-0.146
1692,72,-0.121
1701,72,-0.167
1710,72,-0.139
1719,72,-0.114
1728,72,-0.16
1737,72,-0.131
1746,72,-0.106
1755,72,-0.152
1764,72,-0.216
1773,72,-0.177
1782,72,-0.253
1791,72,-0.207
1800,72,-0.301
1809,72,-0.246
1818,72,-0.197
1827,72,-0.152
1836,72,-0.237
1845,72,-0.182
1854,72,-0.134
1863,72,-0.092
1872,72,-0.059
1881,72,-0.033
1890,72,-0.061
1899,72,-0.029
1908,72,-0.055
1917,72,-0.116
9,81,-0
18,81,0.267
27,81,0.161
36,81,0.102
45,81,0.066
54,81,0.043
63,81,0.029
72,81,0.019
81,81,0.013
90,81,0.008
99,81,0.006
108,81,0.004
117,81,0.002
126,81,0.002
135,81,0.008
144,81,0.005
153,81,0.004
162,81,0.003
171,81,0.002
180,81,0.006
189,81,0.004
198,81,0.003
207,81,0.002
216,81,0.006
225,81,0.004
234,81,0.003
243,81,0.002
252,81,0.006
261,81,0.012
270,81,0.084
279,81,0.069
288,81,0.056
297,81,0.046
306,81,0.068
315,81,0.056
324,81,0.046
333,81,0.068
342,81,0.056
351,81,0.046
360,81,0.038
369,81,0.031
378,81,0.025
387,81,0.038
396,81,0.031
405,81,0.025
414,81,0.02
423,81,0.031
432,81,0.045
441,81,0.063
450,81,0.053
459,81,0.044
468,81,0.061
477,81,0.083
486,81,0.071
495,81,0.094
504,81,0.08
513,81,0.068
522,81,0.058
531,81,0.049
540,81,0.041
549,81,0.034
558,81,0.029
567,81,0.04
576,81,0.034
585,81,0.028
594,81,0.023
603,81,0.019
612,81,0.045
621,81,0.06
630,81,0.079
639,81,0.067
648,81,0.058
657,81,0.076
666,81,0.14
675,81,0.122
684,81,0.107
693,81,0.093
702,81,0.081
711,81,0.103
720,81,0.179
729,81,0.289
738,81,0.26
747,81,0.308
756,81,0.278
765,81,0.25
774,81,0.224
783,81,0.201
792,81,0.179
801,81,0.159
810,81,0.14
819,81,0.172
828,81,0.152
837,81,0.135
846,81,0.118
855,81,0.146
864,81,0.178
873,81,0.214
882,81,0.255
891,81,0.301
900,81,0.272
909,81,0.245
918,81,0.22
927,81,0.262
936,81,0.396
945,81,0.458
954,81,0.419
963,81,0.383
972,81,-0.349
981,81,-0.317
990,81,-0.37
999,81,-0.337
1008,81,-0.305
1017,81,-0.276
1026,81,-0.249
1035,81,-0.224
1044,81,-0.2
1053,81,-0.239
1062,81,-0.215
1071,81,-0.333
1080,81,-0.302
1089,81,-0.273
1098,81,-0.322
1107,81,-0.291
1116,81,-0.262
1125,81,-0.236
1134,81,-0.211
1143,81,-0.188
1152,81,-0.226
1161,81,-0.269
1170,81,-0.242
1179,81,-0.217
1188,81,-0.193
1197,81,-0.172
1206,81,-0.276
1215,81,-0.248
1224,81,-0.222
1233,81,-0.198
1242,81,-0.176
1251,81,-0.155
1260,81,-0.136
1269,81,-0.119
1278,81,-0.104
1287,81,-0.09
1296,81,-0.112
1305,81,-0.097
1314,81,-0.233
1323,81,-0.28
1332,81,-0.25
1341,81,-0.3
1350,81,-0.268
1359,81,-0.239
1368,81,-0.212
1377,81,-0.257
1386,81,-0.228
1395,81,-0.276
1404,81,-0.245
1413,81,-0.217
1422,81,-0.191
1431,81,-0.167
1440,81,-0.145
1449,81,-0.126
1458,81,-0.108
1467,81,-0.092
1476,81,-0.17
1485,81,-0.21
1494,81,-0.183
1503,81,-0.159
1512,81,-0.198
1521,81,-0.245
1530,81,-0.214
1539,81,-0.186
1548,81,-0.161
1557,81,-0.137
1566,81,-0.174
1575,81,-0.149
1584,81,-0.189
1593,81,-0.162
1602,81,-0.137
1611,81,-0.115
1620,81,-0.095
1629,81,-0.125
1638,81,-0.104
1647,81,-0.085
1656,81,-0.069
1665,81,-0.092
1674,81,-0.074
1683,81,-0.059
1692,81,-0.046
1701,81,-0.064
1710,81,-0.049
1719,81,-0.037
1728,81,-0.053
1737,81,-0.04
1746,81,-0.029
1755,81,-0.042
1764,81,-0.06
1773,81,-0.044
1782,81,-0.064
1791,81,-0.047
1800,81,-0.069
1809,81,-0.049
1818,81,-0.033
1827,81,-0.021
1836,81,-0.033
1845,81,-0.02
1854,81,-0.011
1863,81,-0.005
1872,81,-0.009
1881,81,-0.004
1890,81,-0.005
1899,81,-0.039
1908,81,-0.067
1917,81,-0.131
9,90,-0
18,90,0.237
27,90,0.138
36,90,0.084
45,90,0.052
54,90,0.033
63,90,0.021
72,90,0.013
81,90,0.045
90,90,0.031
99,90,0.021
108,90,0.049
117,90,0.035
126,90,0.025
135,90,0.051
144,90,0.038
153,90,0.028
162,90,0.02
171,90,0.015
180,90,0.029
189,90,0.021
198,90,0.016
207,90,0.012
216,90,0.022
225,90,0.016
234,90,0.012
243,90,0.009
252,90,0.017
261,90,0.028
270,90,0.131
279,90,0.108
288,90,0.089
297,90,0.073
306,90,0.1
315,90,0.132
324,90,0.171
333,90,0.214
342,90,0.184
351,90,0.157
360,90,0.133
369,90,0.112
378,90,0.094
387,90,0.122
396,90,0.104
405,90,0.087
414,90,0.073
423,90,0.095
432,90,0.122
441,90,0.153
450,90,0.132
459,90,0.113
468,90,0.141
477,90,0.174
486,90,0.151
495,90,0.185
504,90,0.161
513,90,0.14
522,90,0.12
531,90,0.103
540,90,0.088
549,90,0.075
558,90,0.063
567,90,0.081
576,90,0.069
585,90,0.058
594,90,0.049
603,90,0.041
612,90,0.081
621,90,0.101
630,90,0.125
639,90,0.108
648,90,0.093
657,90,0.115
666,90,0.192
675,90,0.169
684,90,0.148
693,90,0.129
702,90,0.113
711,90,0.137
720,90,0.221
729,90,0.426
738,90,0.386
747,90,0.44
756,90,0.4
765,90,0.362
774,90,0.326
783,90,0.294
792,90,0.339
801,90,0.305
810,90,0.274
819,90,0.317
828,90,0.285
837,90,0.256
846,90,0.229
855,90,0.267
864,90,0.309
873,90,0.355
882,90,0.406
891,90,0.461
900,90,0.42
909,90,0.381
918,90,0.345
927,90,0.395
936,90,0.555
945,90,0.623
954,90,0.573
963,90,0.525
972,90,-0.481
981,90,-0.439
990,90,-0.497
999,90,-0.454
1008,90,-0.514
1017,90,-0.47
1026,90,-0.428
1035,90,-0.389
1044,90,-0.353
1053,90,-0.404
1062,90,-0.366
1071,90,-0.52
1080,90,-0.475
1089,90,-0.433
1098,90,-0.492
1107,90,-0.449
1116,90,-0.409
1125,90,-0.37
1134,90,-0.335
1143,90,-0.301
1152,90,-0.348
1161,90,-0.399
1170,90,-0.361
1179,90,-0.414
1188,90,-0.375
1197,90,-0.339
1206,90,-0.49
1215,90,-0.447
1224,90,-0.405
1233,90,-0.366
1242,90,-0.33
1251,90,-0.296
1260,90,-0.264
1269,90,-0.235
1278,90,-0.208
1287,90,-0.183
1296,90,-0.217
1305,90,-0.192
1314,90,-0.387
1323,90,-0.446
1332,90,-0.403
1341,90,-0.465
1350,90,-0.42
1359,90,-0.378
1368,90,-0.339
1377,90,-0.395
1386,90,-0.354
1395,90,-0.412
1404,90,-0.37
1413,90,-0.33
1422,90,-0.293
1431,90,-0.259
1440,90,-0.228
1449,90,-0.199
1458,90,-0.173
1467,90,-0.149
1476,90,-0.249
1485,90,-0.297
1494,90,-0.261
1503,90,-0.228
1512,90,-0.273
1521,90,-0.326
1530,90,-0.287
1539,90,-0.25
1548,90,-0.217
1557,90,-0.186
1566,90,-0.227
1575,90,-0.195
1584,90,-0.238
1593,90,-0.205
1602,90,-0.174
1611,90,-0.146
1620,90,-0.122
1629,90,-0.153
1638,90,-0.127
1647,90,-0.104
1656,90,-0.084
1665,90,-0.108
1674,90,-0.087
1683,90,-0.069
1692,90,-0.053
1701,90,-0.071
1710,90,-0.054
1719,90,-0.041
1728,90,-0.055
1737,90,-0.041
1746,90,-0.03
1755,90,-0.041
1764,90,-0.056
1773,90,-0.041
1782,90,-0.105
1791,90,-0.078
1800,90,-0.108
1809,90,-0.078
1818,90,-0.054
1827,90,-0.036
1836,90,-0.052
1845,90,-0.033
1854,90,-0.019
1863,90,-0.009
1872,90,-0.014
1881,90,-0.006
1890,90,-0.008
1899,90,-0.05
1908,90,-0.081
1917,90,-0.146
9,99,-0
18,99,0.627
27,99,0.388
36,99,0.251
45,99,0.165
54,99,0.109
63,99,0.073
72,99,0.048
81,99,0.097
90,99,0.068
99,99,0.048
108,99,0.086
117,99,0.063
126,99,0.045
135,99,0.076
144,99,0.057
153,99,0.042
162,99,0.031
171,99,0.022
180,99,0.038
189,99,0.028
198,99,0.021
207,99,0.015
216,99,0.026
225,99,0.019
234,99,0.014
243,99,0.01
252,99,0.018
261,99,0.028
270,99,0.121
279,99,0.099
288,99,0.08
297,99,0.065
306,99,0.087
315,99,0.113
324,99,0.143
333,99,0.178
342,99,0.15
351,99,0.126
360,99,0.105
369,99,0.087
378,99,0.072
387,99,0.092
396,99,0.076
405,99,0.063
414,99,0.051
423,99,0.067
432,99,0.086
441,99,0.107
450,99,0.09
459,99,0.075
468,99,0.095
477,99,0.166
486,99,0.143
495,99,0.171
504,99,0.147
513,99,0.126
522,99,0.108
531,99,0.091
540,99,0.077
549,99,0.065
558,99,0.054
567,99,0.068
576,99,0.057
585,99,0.047
594,99,0.039
603,99,0.032
612,99,0.062
621,99,0.077
630,99,0.094
639,99,0.08
648,99,0.068
657,99,0.083
666,99,0.19
675,99,0.166
684,99,0.144
693,99,0.125
702,99,0.108
711,99,0.129
720,99,0.203
729,99,0.383
738,99,0.344
747,99,0.389
756,99,0.35
765,99,0.313
774,99,0.28
783,99,0.249
792,99,0.285
801,99,0.254
810,99,0.225
819,99,0.259
828,99,0.23
837,99,0.203
846,99,0.179
855,99,0.207
864,99,0.238
873,99,0.273
882,99,0.31
891,99,0.351
900,99,0.316
909,99,0.283
918,99,0.252
927,99,0.287
936,99,0.408
945,99,0.457
954,99,0.414
963,99,0.374
972,99,-0.337
981,99,-0.302
990,99,-0.343
999,99,-0.386
1008,99,-0.434
1017,99,-0.392
1026,99,-0.354
1035,99,-0.318
1044,99,-0.285
1053,99,-0.323
1062,99,-0.29
1071,99,-0.412
1080,99,-0.372
1089,99,-0.334
1098,99,-0.378
1107,99,-0.34
1116,99,-0.305
1125,99,-0.272
1134,99,-0.242
1143,99,-0.214
1152,99,-0.246
1161,99,-0.282
1170,99,-0.321
1179,99,-0.364
1188,99,-0.326
1197,99,-0.292
1206,99,-0.418
1215,99,-0.377
1224,99,-0.338
1233,99,-0.302
1242,99,-0.269
1251,99,-0.238
1260,99,-0.209
1269,99,-0.184
1278,99,-0.16
1287,99,-0.138
1296,99,-0.163
1305,99,-0.141
1314,99,-0.288
1323,99,-0.33
1332,99,-0.294
1341,99,-0.337
1350,99,-0.299
1359,99,-0.264
1368,99,-0.232
1377,99,-0.269
1386,99,-0.236
1395,99,-0.274
1404,99,-0.316
1413,99,-0.279
1422,99,-0.245
1431,99,-0.214
1440,99,-0.185
1449,99,-0.159
1458,99,-0.135
1467,99,-0.161
1476,99,-0.259
1485,99,-0.302
1494,99,-0.264
1503,99,-0.229
1512,99,-0.269
1521,99,-0.314
1530,99,-0.274
1539,99,-0.237
1548,99,-0.203
1557,99,-0.173
1566,99,-0.207
1575,99,-0.175
1584,99,-0.21
1593,99,-0.178
1602,99,-0.149
1611,99,-0.123
1620,99,-0.1
1629,99,-0.124
1638,99,-0.152
1647,99,-0.124
1656,99,-0.1
1665,99,-0.125
1674,99,-0.1
1683,99,-0.079
1692,99,-0.061
1701,99,-0.078
1710,99,-0.059
1719,99,-0.044
1728,99,-0.058
1737,99,-0.042
1746,99,-0.03
1755,99,-0.04
1764,99,-0.053
1773,99,-0.037
1782,99,-0.091
1791,99,-0.066
1800,99,-0.088
1809,99,-0.117
1818,99,-0.083
1827,99,-0.056
1836,99,-0.077
1845,99,-0.049
1854,99,-0.029
1863,99,-0.015
1872,99,-0.021
1881,99,-0.009
1890,99,-0.012
1899,99,-0.063
1908,99,-0.096
1917,99,-0.161
9,108,-0
18,108,0.572
27,108,0.343
36,108,0.215
45,108,0.136
54,108,0.087
63,108,0.056
72,108,0.036
81,108,0.073
90,108,0.049
99,108,0.086
108,108,0.132
117,108,0.097
126,108,0.07
135,108,0.105
144,108,0.079
153,108,0.058
162,108,0.043
171,108,0.031
180,108,0.048
189,108,0.036
198,108,0.026
207,108,0.04
216,108,0.058
225,108,0.044
234,108,0.033
243,108,0.025
252,108,0.037
261,108,0.051
270,108,0.172
279,108,0.142
288,108,0.116
297,108,0.094
306,108,0.176
315,108,0.211
324,108,0.25
333,108,0.293
342,108,0.25
351,108,0.213
360,108,0.18
369,108,0.151
378,108,0.127
387,108,0.153
396,108,0.128
405,108,0.107
414,108,0.089
423,108,0.109
432,108,0.131
441,108,0.156
450,108,0.132
459,108,0.111
468,108,0.134
477,108,0.215
486,108,0.186
495,108,0.285
504,108,0.248
513,108,0.216
522,108,0.186
531,108,0.16
540,108,0.137
549,108,0.117
558,108,0.099
567,108,0.117
576,108,0.1
585,108,0.084
594,108,0.1
603,108,0.085
612,108,0.139
621,108,0.162
630,108,0.187
639,108,0.162
648,108,0.14
657,108,0.163
666,108,0.313
675,108,0.277
684,108,0.312
693,108,0.276
702,108,0.244
711,108,0.275
720,108,0.388
729,108,0.635
738,108,0.578
747,108,0.632
756,108,0.575
765,108,0.522
774,108,0.472
783,108,0.425
792,108,0.47
801,108,0.424
810,108,0.381
819,108,0.515
828,108,0.466
837,108,0.421
846,108,0.378
855,108,0.419
864,108,0.463
873,108,0.51
882,108,0.56
891,108,0.612
900,108,0.558
909,108,0.507
918,108,0.459
927,108,0.505
936,108,0.665
945,108,0.724
954,108,0.663
963,108,0.606
972,108,-0.552
981,108,-0.502
990,108,-0.551
999,108,-0.604
1008,108,-0.66
1017,108,-0.603
1026,108,-0.549
1035,108,-0.499
1044,108,-0.451
1053,108,-0.498
1062,108,-0.45
1071,108,-0.601
1080,108,-0.547
1089,108,-0.496
1098,108,-0.546
1107,108,-0.496
1116,108,-0.448
1125,108,-0.403
1134,108,-0.362
1143,108,-0.403
1152,108,-0.447
1161,108,-0.494
1170,108,-0.545
1179,108,-0.6
1188,108,-0.545
1197,108,-0.494
1206,108,-0.66
1215,108,-0.601
1224,108,-0.546
1233,108,-0.494
1242,108,-0.445
1251,108,-0.399
1260,108,-0.357
1269,108,-0.317
1278,108,-0.281
1287,108,-0.247
1296,108,-0.28
1305,108,-0.246
1314,108,-0.445
1323,108,-0.495
1332,108,-0.445
1341,108,-0.496
1350,108,-0.445
1359,108,-0.397
1368,108,-0.353
1377,108,-0.397
1386,108,-0.352
1395,108,-0.397
1404,108,-0.446
1413,108,-0.397
1422,108,-0.351
1431,108,-0.309
1440,108,-0.27
1449,108,-0.235
1458,108,-0.202
1467,108,-0.233
1476,108,-0.35
1485,108,-0.397
1494,108,-0.349
1503,108,-0.305
1512,108,-0.349
1521,108,-0.398
1530,108,-0.348
1539,108,-0.303
1548,108,-0.261
1557,108,-0.223
1566,108,-0.259
1575,108,-0.221
1584,108,-0.258
1593,108,-0.219
1602,108,-0.183
1611,108,-0.152
1620,108,-0.125
1629,108,-0.149
1638,108,-0.177
1647,108,-0.145
1656,108,-0.117
1665,108,-0.141
1674,108,-0.113
1683,108,-0.089
1692,108,-0.109
1701,108,-0.132
1710,108,-0.104
1719,108,-0.079
1728,108,-0.098
1737,108,-0.074
1746,108,-0.054
1755,108,-0.069
1764,108,-0.086
1773,108,-0.063
1782,108,-0.137
1791,108,-0.101
1800,108,-0.129
1809,108,-0.165
1818,108,-0.119
1827,108,-0.083
1836,108,-0.108
1845,108,-0.071
1854,108,-0.043
1863,108,-0.023
1872,108,-0.03
1881,108,-0.013
1890,108,-0.017
1899,108,-0.077
1908,108,-0.111
1917,108,-0.176
9,117,-0
18,117,0.523
27,117,0.304
36,117,0.184
45,117,0.113
54,117,0.07
63,117,0.043
72,117,0.026
81,117,0.054
90,117,0.035
99,117,0.063
108,117,0.097
117,117,0.069
126,117,0.048
135,117,0.073
144,117,0.053
153,117,0.037
162,117,0.026
171,117,0.018
180,117,0.029
189,117,0.021
198,117,0.015
207,117,0.023
216,117,0.034
225,117,0.025
234,117,0.018
243,117,0.013
252,117,0.019
261,117,0.028
270,117,0.105
279,117,0.083
288,117,0.066
297,117,0.051
306,117,0.103
315,117,0.126
324,117,0.151
333,117,0.178
342,117,0.148
351,117,0.175
360,117,0.145
369,117,0.12
378,117,0.099
387,117,0.118
396,117,0.097
405,117,0.079
414,117,0.064
423,117,0.079
432,117,0.095
441,117,0.112
450,117,0.093
459,117,0.077
468,117,0.092
477,117,0.204
486,117,0.174
495,117,0.263
504,117,0.227
513,117,0.195
522,117,0.167
531,117,0.142
540,117,0.12
549,117,0.101
558,117,0.084
567,117,0.099
576,117,0.083
585,117,0.097
594,117,0.113
603,117,0.095
612,117,0.15
621,117,0.223
630,117,0.251
639,117,0.218
648,117,0.189
657,117,0.214
666,117,0.38
675,117,0.337
684,117,0.371
693,117,0.329
702,117,0.291
711,117,0.322
720,117,0.437
729,117,0.687
738,117,0.624
747,117,0.674
756,117,0.726
765,117,0.661
774,117,0.6
783,117,0.543
792,117,0.699
801,117,0.636
810,117,0.577
819,117,0.739
828,117,0.674
837,117,0.613
846,117,0.556
855,117,0.602
864,117,0.651
873,117,0.702
882,117,0.755
891,117,0.811
900,117,0.743
909,117,0.678
918,117,0.618
927,117,0.667
936,117,0.843
945,117,0.904
954,117,0.831
963,117,0.762
972,117,-0.697
981,117,-0.635
990,117,-0.686
999,117,-0.739
1008,117,-0.795
1017,117,-0.728
1026,117,-0.665
1035,117,-0.605
1044,117,-0.549
1053,117,-0.596
1062,117,-0.645
1071,117,-0.821
1080,117,-0.752
1089,117,-0.687
1098,117,-0.742
1107,117,-0.677
1116,117,-0.616
1125,117,-0.559
1134,117,-0.505
1143,117,-0.55
1152,117,-0.598
1161,117,-0.649
1170,117,-0.703
1179,117,-0.76
1188,117,-0.694
1197,117,-0.631
1206,117,-0.812
1215,117,-0.742
1224,117,-0.676
1233,117,-0.614
1242,117,-0.555
1251,117,-0.5
1260,117,-0.448
1269,117,-0.4
1278,117,-0.356
1287,117,-0.314
1296,117,-0.348
1305,117,-0.307
1314,117,-0.523
1323,117,-0.573
1332,117,-0.515
1341,117,-0.565
1350,117,-0.507
1359,117,-0.453
1368,117,-0.402
1377,117,-0.445
1386,117,-0.395
1395,117,-0.437
1404,117,-0.483
1413,117,-0.429
1422,117,-0.379
1431,117,-0.333
1440,117,-0.29
1449,117,-0.251
1458,117,-0.216
1467,117,-0.244
1476,117,-0.356
1485,117,-0.399
1494,117,-0.349
1503,117,-0.303
1512,117,-0.341
1521,117,-0.383
1530,117,-0.333
1539,117,-0.287
1548,117,-0.245
1557,117,-0.207
1566,117,-0.237
1575,117,-0.199
1584,117,-0.229
1593,117,-0.191
1602,117,-0.158
1611,117,-0.129
1620,117,-0.104
1629,117,-0.122
1638,117,-0.142
1647,117,-0.114
1656,117,-0.134
1665,117,-0.158
1674,117,-0.126
1683,117,-0.099
1692,117,-0.117
1701,117,-0.139
1710,117,-0.108
1719,117,-0.082
1728,117,-0.099
1737,117,-0.074
1746,117,-0.053
1755,117,-0.065
1764,117,-0.08
1773,117,-0.056
1782,117,-0.119
1791,117,-0.086
1800,117,-0.106
1809,117,-0.132
1818,117,-0.092
1827,117,-0.061
1836,117,-0.077
1845,117,-0.047
1854,117,-0.026
1863,117,-0.013
1872,117,-0.016
1881,117,-0.019
1890,117,-0.023
1899,117,-0.092
1908,117,-0.127
1917,117,-0.191
9,126,-0
18,126,0.479
27,126,0.27
36,126,0.158
45,126,0.093
54,126,0.055
63,126,0.033
72,126,0.019
81,126,0.04
90,126,0.025
99,126,0.045
108,126,0.07
117,126,0.048
126,126,0.033
135,126,0.05
144,126,0.035
153,126,0.024
162,126,0.016
171,126,0.025
180,126,0.037
189,126,0.026
198,126,0.018
207,126,0.027
216,126,0.037
225,126,0.027
234,126,0.019
243,126,0.014
252,126,0.02
261,126,0.027
270,126,0.098
279,126,0.077
288,126,0.06
297,126,0.046
306,126,0.09
315,126,0.108
324,126,0.128
333,126,0.15
342,126,0.123
351,126,0.144
360,126,0.117
369,126,0.095
378,126,0.077
387,126,0.091
396,126,0.074
405,126,0.059
414,126,0.047
423,126,0.057
432,126,0.068
441,126,0.08
450,126,0.065
459,126,0.052
468,126,0.062
477,126,0.145
486,126,0.121
495,126,0.186
504,126,0.157
513,126,0.132
522,126,0.11
531,126,0.091
540,126,0.075
549,126,0.062
558,126,0.05
567,126,0.059
576,126,0.048
585,126,0.056
594,126,0.066
603,126,0.054
612,126,0.088
621,126,0.136
630,126,0.153
639,126,0.13
648,126,0.109
657,126,0.124
666,126,0.235
675,126,0.203
684,126,0.225
693,126,0.248
702,126,0.216
711,126,0.238
720,126,0.327
729,126,0.525
738,126,0.47
747,126,0.507
756,126,0.545
765,126,0.489
774,126,0.438
783,126,0.39
792,126,0.509
801,126,0.456
810,126,0.407
819,126,0.529
828,126,0.475
837,126,0.425
846,126,0.379
855,126,0.41
864,126,0.443
873,126,0.478
882,126,0.515
891,126,0.553
900,126,0.498
909,126,0.447
918,126,0.482
927,126,0.518
936,126,0.659
945,126,0.823
954,126,0.751
963,126,0.684
972,126,-0.621
981,126,-0.562
990,126,-0.603
999,126,-0.645
1008,126,-0.69
1017,126,-0.627
1026,126,-0.567
1035,126,-0.511
1044,126,-0.459
1053,126,-0.495
1062,126,-0.533
1071,126,-0.679
1080,126,-0.616
1089,126,-0.556
1098,126,-0.598
1107,126,-0.539
1116,126,-0.485
1125,126,-0.434
1134,126,-0.387
1143,126,-0.42
1152,126,-0.454
1161,126,-0.491
1170,126,-0.53
1179,126,-0.572
1188,126,-0.514
1197,126,-0.46
1206,126,-0.598
1215,126,-0.538
1224,126,-0.483
1233,126,-0.431
1242,126,-0.467
1251,126,-0.416
1260,126,-0.369
1269,126,-0.325
1278,126,-0.285
1287,126,-0.248
1296,126,-0.273
1305,126,-0.237
1314,126,-0.408
1323,126,-0.444
1332,126,-0.394
1341,126,-0.429
1350,126,-0.379
1359,126,-0.333
1368,126,-0.291
1377,126,-0.32
1386,126,-0.278
1395,126,-0.385
1404,126,-0.422
1413,126,-0.371
1422,126,-0.324
1431,126,-0.281
1440,126,-0.241
1449,126,-0.206
1458,126,-0.174
1467,126,-0.195
1476,126,-0.283
1485,126,-0.314
1494,126,-0.27
1503,126,-0.23
1512,126,-0.333
1521,126,-0.369
1530,126,-0.319
1539,126,-0.272
1548,126,-0.23
1557,126,-0.193
1566,126,-0.217
1575,126,-0.181
1584,126,-0.204
1593,126,-0.168
1602,126,-0.137
1611,126,-0.156
1620,126,-0.126
1629,126,-0.144
1638,126,-0.165
1647,126,-0.132
1656,126,-0.152
1665,126,-0.174
1674,126,-0.139
1683,126,-0.108
1692,126,-0.126
1701,126,-0.146
1710,126,-0.113
1719,126,-0.085
1728,126,-0.1
1737,126,-0.073
1746,126,-0.052
1755,126,-0.062
1764,126,-0.074
1773,126,-0.051
1782,126,-0.104
1791,126,-0.073
1800,126,-0.088
1809,126,-0.106
1818,126,-0.071
1827,126,-0.045
1836,126,-0.054
1845,126,-0.031
1854,126,-0.016
1863,126,-0.007
1872,126,-0.008
1881,126,-0.026
1890,126,-0.03
1899,126,-0.109
1908,126,-0.144
1917,126,-0.206
9,135,-0
18,135,0.439
27,135,0.24
36,135,0.135
45,135,0.077
54,135,0.128
63,135,0.08
72,135,0.049
81,135,0.079
90,135,0.051
99,135,0.076
108,135,0.105
117,135,0.073
126,135,0.05
135,135,0.07
144,135,0.048
153,135,0.066
162,135,0.047
171,135,0.062
180,135,0.08
189,135,0.059
198,135,0.043
207,135,0.056
216,135,0.07
225,135,0.052
234,135,0.039
243,135,0.028
252,135,0.036
261,135,0.046
270,135,0.137
279,135,0.108
288,135,0.085
297,135,0.066
306,135,0.118
315,135,0.137
324,135,0.157
333,135,0.178
342,135,0.146
351,135,0.166
360,135,0.135
369,135,0.11
378,135,0.088
387,135,0.102
396,135,0.082
405,135,0.066
414,135,0.052
423,135,0.061
432,135,0.071
441,135,0.083
450,135,0.066
459,135,0.053
468,135,0.062
477,135,0.138
486,135,0.115
495,135,0.173
504,135,0.145
513,135,0.121
522,135,0.1
531,135,0.113
540,135,0.093
549,135,0.076
558,135,0.062
567,135,0.071
576,135,0.057
585,135,0.066
594,135,0.075
603,135,0.061
612,135,0.096
621,135,0.143
630,135,0.159
639,135,0.134
648,135,0.112
657,135,0.125
666,135,0.23
675,135,0.198
684,135,0.217
693,135,0.237
702,135,0.204
711,135,0.223
720,135,0.302
729,135,0.48
738,135,0.427
747,135,0.457
756,135,0.58
765,135,0.52
774,135,0.464
783,135,0.413
792,135,0.528
801,135,0.472
810,135,0.42
819,135,0.536
828,135,0.48
837,135,0.427
846,135,0.379
855,135,0.406
864,135,0.435
873,135,0.465
882,135,0.496
891,135,0.528
900,135,0.473
909,135,0.421
918,135,0.451
927,135,0.481
936,135,0.607
945,135,0.752
954,135,0.682
963,135,0.617
972,135,-0.556
981,135,-0.499
990,135,-0.531
999,135,-0.566
1008,135,-0.601
1017,135,-0.541
1026,135,-0.485
1035,135,-0.433
1044,135,-0.385
1053,135,-0.412
1062,135,-0.441
1071,135,-0.562
1080,135,-0.504
1089,135,-0.45
1098,135,-0.482
1107,135,-0.429
1116,135,-0.381
1125,135,-0.336
1134,135,-0.295
1143,135,-0.319
1152,135,-0.343
1161,135,-0.37
1170,135,-0.397
1179,135,-0.426
1188,135,-0.378
1197,135,-0.332
1206,135,-0.436
1215,135,-0.386
1224,135,-0.34
1233,135,-0.366
1242,135,-0.394
1251,135,-0.347
1260,135,-0.304
1269,135,-0.329
1278,135,-0.287
1287,135,-0.249
1296,135,-0.27
1305,135,-0.233
1314,135,-0.392
1323,135,-0.423
1332,135,-0.372
1341,135,-0.402
1350,135,-0.352
1359,135,-0.307
1368,135,-0.265
1377,135,-0.361
1386,135,-0.314
1395,135,-0.423
1404,135,-0.457
1413,135,-0.401
1422,135,-0.35
1431,135,-0.303
1440,135,-0.26
1449,135,-0.221
1458,135,-0.186
1467,135,-0.205
1476,135,-0.291
1485,135,-0.318
1494,135,-0.272
1503,135,-0.23
1512,135,-0.326
1521,135,-0.357
1530,135,-0.306
1539,135,-0.259
1548,135,-0.217
1557,135,-0.18
1566,135,-0.2
1575,135,-0.164
1584,135,-0.183
1593,135,-0.149
1602,135,-0.119
1611,135,-0.134
1620,135,-0.106
1629,135,-0.119
1638,135,-0.134
1647,135,-0.105
1656,135,-0.119
1665,135,-0.134
1674,135,-0.104
1683,135,-0.118
1692,135,-0.134
1701,135,-0.152
1710,135,-0.117
1719,135,-0.087
1728,135,-0.1
1737,135,-0.073
1746,135,-0.084
1755,135,-0.096
1764,135,-0.111
1773,135,-0.079
1782,135,-0.149
1791,135,-0.106
1800,135,-0.124
1809,135,-0.145
1818,135,-0.099
1827,135,-0.064
1836,135,-0.075
1845,135,-0.044
1854,135,-0.023
1863,135,-0.01
1872,135,-0.011
1881,135,-0.034
1890,135,-0.039
1899,135,-0.127
1908,135,-0.162
1917,135,-0.222
9,144,-0
18,144,0.403
27,144,0.213
36,144,0.116
45,144,0.064
54,144,0.106
63,144,0.064
72,144,0.038
81,144,0.061
90,144,0.038
99,144,0.057
108,144,0.079
117,144,0.053
126,144,0.035
135,144,0.048
144,144,0.033
153,144,0.045
162,144,0.059
171,144,0.074
180,144,0.092
189,144,0.067
198,144,0.048
207,144,0.06
216,144,0.074
225,144,0.055
234,144,0.04
243,144,0.029
252,144,0.036
261,144,0.045
270,144,0.127
279,144,0.1
288,144,0.077
297,144,0.059
306,144,0.104
315,144,0.119
324,144,0.135
333,144,0.152
342,144,0.122
351,144,0.137
360,144,0.11
369,144,0.088
378,144,0.069
387,144,0.08
396,144,0.063
405,144,0.072
414,144,0.057
423,144,0.065
432,144,0.075
441,144,0.085
450,144,0.068
459,144,0.053
468,144,0.061
477,144,0.133
486,144,0.109
495,144,0.161
504,144,0.177
513,144,0.148
522,144,0.122
531,144,0.135
540,144,0.112
549,144,0.092
558,144,0.074
567,144,0.083
576,144,0.067
585,144,0.076
594,144,0.084
603,144,0.069
612,144,0.104
621,144,0.15
630,144,0.164
639,144,0.138
648,144,0.115
657,144,0.126
666,144,0.282
675,144,0.244
684,144,0.262
693,144,0.281
702,144,0.243
711,144,0.261
720,144,0.343
729,144,0.525
738,144,0.467
747,144,0.494
756,144,0.615
765,144,0.647
774,144,0.58
783,144,0.518
792,144,0.642
801,144,0.576
810,144,0.514
819,144,0.638
828,144,0.572
837,144,0.511
846,144,0.455
855,144,0.481
864,144,0.508
873,144,0.537
882,144,0.566
891,144,0.596
900,144,0.534
909,144,0.476
918,144,0.503
927,144,0.531
936,144,0.657
945,144,0.8
954,144,0.725
963,144,0.654
972,144,-0.589
981,144,-0.527
990,144,-0.556
999,144,-0.587
1008,144,-0.618
1017,144,-0.555
1026,144,-0.496
1035,144,-0.441
1044,144,-0.39
1053,144,-0.414
1062,144,-0.439
1071,144,-0.552
1080,144,-0.493
1089,144,-0.438
1098,144,-0.464
1107,144,-0.411
1116,144,-0.363
1125,144,-0.318
1134,144,-0.277
1143,144,-0.297
1152,144,-0.317
1161,144,-0.338
1170,144,-0.36
1179,144,-0.383
1188,144,-0.336
1197,144,-0.293
1206,144,-0.382
1215,144,-0.335
1224,144,-0.292
1233,144,-0.381
1242,144,-0.406
1251,144,-0.356
1260,144,-0.311
1269,144,-0.405
1278,144,-0.355
1287,144,-0.309
1296,144,-0.331
1305,144,-0.287
1314,144,-0.459
1323,144,-0.489
1332,144,-0.431
1341,144,-0.46
1350,144,-0.403
1359,144,-0.352
1368,144,-0.305
1377,144,-0.403
1386,144,-0.351
1395,144,-0.461
1404,144,-0.492
1413,144,-0.431
1422,144,-0.375
1431,144,-0.324
1440,144,-0.278
1449,144,-0.236
1458,144,-0.198
1467,144,-0.215
1476,144,-0.298
1485,144,-0.321
1494,144,-0.273
1503,144,-0.23
1512,144,-0.32
1521,144,-0.346
1530,144,-0.294
1539,144,-0.247
1548,144,-0.205
1557,144,-0.168
1566,144,-0.184
1575,144,-0.15
1584,144,-0.164
1593,144,-0.132
1602,144,-0.104
1611,144,-0.115
1620,144,-0.089
1629,144,-0.099
1638,144,-0.109
1647,144,-0.084
1656,144,-0.093
1665,144,-0.103
1674,144,-0.115
1683,144,-0.127
1692,144,-0.142
1701,144,-0.158
1710,144,-0.12
1719,144,-0.089
1728,144,-0.1
1737,144,-0.072
1746,144,-0.081
1755,144,-0.091
1764,144,-0.102
1773,144,-0.071
1782,144,-0.13
1791,144,-0.091
1800,144,-0.103
1809,144,-0.117
1818,144,-0.078
1827,144,-0.048
1836,144,-0.054
1845,144,-0.03
1854,144,-0.014
1863,144,-0.006
1872,144,-0.006
1881,144,-0.017
1890,144,-0.016
1899,144,-0.051
1908,144,-0.18
1917,144,-0.237
9,153,-0
18,153,0.371
27,153,0.19
36,153,0.1
45,153,0.053
54,153,0.087
63,153,0.05
72,153,0.029
81,153,0.104
90,153,0.066
99,153,0.089
108,153,0.112
117,153,0.076
126,153,0.051
135,153,0.066
144,153,0.045
153,153,0.057
162,153,0.071
171,153,0.087
180,153,0.103
189,153,0.075
198,153,0.054
207,153,0.065
216,153,0.077
225,153,0.057
234,153,0.041
243,153,0.029
252,153,0.036
261,153,0.043
270,153,0.119
279,153,0.092
288,153,0.07
297,153,0.053
306,153,0.091
315,153,0.103
324,153,0.116
333,153,0.129
342,153,0.102
351,153,0.114
360,153,0.09
369,153,0.07
378,153,0.054
387,153,0.062
396,153,0.048
405,153,0.054
414,153,0.042
423,153,0.048
432,153,0.054
441,153,0.061
450,153,0.048
459,153,0.054
468,153,0.085
477,153,0.168
486,153,0.139
495,153,0.197
504,153,0.212
513,153,0.177
522,153,0.191
531,153,0.205
540,153,0.172
549,153,0.143
558,153,0.155
567,153,0.167
576,153,0.139
585,153,0.15
594,153,0.162
603,153,0.135
612,153,0.187
621,153,0.252
630,153,0.268
639,153,0.229
648,153,0.195
657,153,0.208
666,153,0.409
675,153,0.357
684,153,0.377
693,153,0.397
702,153,0.346
711,153,0.365
720,153,0.461
729,153,0.667
738,153,0.596
747,153,0.622
756,153,0.754
765,153,0.784
774,153,0.705
783,153,0.632
792,153,0.764
801,153,0.687
810,153,0.616
819,153,0.745
828,153,0.67
837,153,0.6
846,153,0.535
855,153,0.56
864,153,0.585
873,153,0.71
882,153,0.739
891,153,0.77
900,153,0.694
909,153,0.623
918,153,0.65
927,153,0.678
936,153,0.933
945,153,1.099
954,153,1.004
963,153,0.915
972,153,-0.83
981,153,-0.751
990,153,-0.782
999,153,-0.814
1008,153,-0.847
1017,153,-0.767
1026,153,-0.691
1035,153,-0.621
1044,153,-0.555
1053,153,-0.581
1062,153,-0.608
1071,153,-0.737
1080,153,-0.664
1089,153,-0.595
1098,153,-0.622
1107,153,-0.556
1116,153,-0.494
1125,153,-0.438
1134,153,-0.385
1143,153,-0.406
1152,153,-0.427
1161,153,-0.449
1170,153,-0.472
1179,153,-0.496
1188,153,-0.438
1197,153,-0.385
1206,153,-0.485
1215,153,-0.428
1224,153,-0.375
1233,153,-0.474
1242,153,-0.499
1251,153,-0.44
1260,153,-0.386
1269,153,-0.488
1278,153,-0.429
1287,153,-0.375
1296,153,-0.397
1305,153,-0.345
1314,153,-0.53
1323,153,-0.558
1332,153,-0.492
1341,153,-0.519
1350,153,-0.456
1359,153,-0.398
1368,153,-0.345
1377,153,-0.446
1386,153,-0.388
1395,153,-0.498
1404,153,-0.527
1413,153,-0.461
1422,153,-0.401
1431,153,-0.346
1440,153,-0.296
1449,153,-0.25
1458,153,-0.21
1467,153,-0.225
1476,153,-0.305
1485,153,-0.325
1494,153,-0.275
1503,153,-0.23
1512,153,-0.314
1521,153,-0.336
1530,153,-0.283
1539,153,-0.236
1548,153,-0.194
1557,153,-0.158
1566,153,-0.17
1575,153,-0.137
1584,153,-0.148
1593,153,-0.117
1602,153,-0.091
1611,153,-0.098
1620,153,-0.075
1629,153,-0.082
1638,153,-0.089
1647,153,-0.067
1656,153,-0.073
1665,153,-0.079
1674,153,-0.087
1683,153,-0.095
1692,153,-0.103
1701,153,-0.113
1710,153,-0.124
1719,153,-0.091
1728,153,-0.1
1737,153,-0.071
1746,153,-0.078
1755,153,-0.132
1764,153,-0.146
1773,153,-0.104
1782,153,-0.178
1791,153,-0.127
1800,153,-0.141
1809,153,-0.157
1818,153,-0.106
1827,153,-0.067
1836,153,-0.074
1845,153,-0.042
1854,153,-0.021
1863,153,-0.009
1872,153,-0.008
1881,153,-0.022
1890,153,-0.021
1899,153,-0.061
1908,153,-0.199
1917,153,-0.252
9,162,-0
18,162,0.341
27,162,0.169
36,162,0.086
45,162,0.044
54,162,0.072
63,162,0.04
72,162,0.022
81,162,0.082
90,162,0.051
99,162,0.067
108,162,0.086
117,162,0.056
126,162,0.07
135,162,0.086
144,162,0.059
153,162,0.071
162,162,0.085
171,162,0.099
180,162,0.114
189,162,0.083
198,162,0.059
207,162,0.07
216,162,0.08
225,162,0.058
234,162,0.042
243,162,0.029
252,162,0.035
261,162,0.041
270,162,0.111
279,162,0.084
288,162,0.063
297,162,0.072
306,162,0.116
315,162,0.128
324,162,0.14
333,162,0.152
342,162,0.121
351,162,0.132
360,162,0.104
369,162,0.081
378,162,0.063
387,162,0.07
396,162,0.054
405,162,0.06
414,162,0.046
423,162,0.051
432,162,0.057
441,162,0.063
450,162,0.049
459,162,0.054
468,162,0.083
477,162,0.161
486,162,0.172
495,162,0.294
504,162,0.309
513,162,0.262
522,162,0.277
531,162,0.292
540,162,0.247
549,162,0.208
558,162,0.22
567,162,0.233
576,162,0.196
585,162,0.208
594,162,0.22
603,162,0.185
612,162,0.245
621,162,0.317
630,162,0.333
639,162,0.286
648,162,0.244
657,162,0.257
666,162,0.474
675,162,0.415
684,162,0.432
693,162,0.45
702,162,0.394
711,162,0.411
720,162,0.507
729,162,0.715
738,162,0.638
747,162,0.763
756,162,0.902
765,162,0.93
774,162,0.839
783,162,0.755
792,162,0.893
801,162,0.805
810,162,0.724
819,162,0.857
828,162,0.773
837,162,0.694
846,162,0.62
855,162,0.642
864,162,0.665
873,162,0.792
882,162,0.818
891,162,0.844
900,162,0.761
909,162,0.684
918,162,0.708
927,162,0.732
936,162,0.986
945,162,1.148
954,162,1.047
963,162,0.952
972,162,-0.863
981,162,-0.779
990,162,-0.806
999,162,-0.833
1008,162,-0.86
1017,162,-0.777
1026,162,-0.698
1035,162,-0.625
1044,162,-0.557
1053,162,-0.579
1062,162,-0.601
1071,162,-0.722
1080,162,-0.647
1089,162,-0.577
1098,162,-0.599
1107,162,-0.533
1116,162,-0.471
1125,162,-0.414
1134,162,-0.362
1143,162,-0.379
1152,162,-0.395
1161,162,-0.413
1170,162,-0.431
1179,162,-0.449
1188,162,-0.394
1197,162,-0.343
1206,162,-0.429
1215,162,-0.448
1224,162,-0.392
1233,162,-0.488
1242,162,-0.509
1251,162,-0.447
1260,162,-0.391
1269,162,-0.488
1278,162,-0.427
1287,162,-0.372
1296,162,-0.389
1305,162,-0.337
1314,162,-0.51
1323,162,-0.532
1332,162,-0.467
1341,162,-0.488
1350,162,-0.426
1359,162,-0.369
1368,162,-0.317
1377,162,-0.406
1386,162,-0.35
1395,162,-0.447
1404,162,-0.468
1413,162,-0.406
1422,162,-0.349
1431,162,-0.297
1440,162,-0.251
1449,162,-0.209
1458,162,-0.173
1467,162,-0.183
1476,162,-0.247
1485,162,-0.262
1494,162,-0.217
1503,162,-0.179
1512,162,-0.244
1521,162,-0.258
1530,162,-0.213
1539,162,-0.174
1548,162,-0.139
1557,162,-0.11
1566,162,-0.117
1575,162,-0.091
1584,162,-0.133
1593,162,-0.104
1602,162,-0.079
1611,162,-0.085
1620,162,-0.063
1629,162,-0.068
1638,162,-0.073
1647,162,-0.053
1656,162,-0.057
1665,162,-0.061
1674,162,-0.065
1683,162,-0.07
1692,162,-0.075
1701,162,-0.118
1710,162,-0.127
1719,162,-0.093
1728,162,-0.1
1737,162,-0.07
1746,162,-0.115
1755,162,-0.184
1764,162,-0.199
1773,162,-0.145
1782,162,-0.235
1791,162,-0.171
1800,162,-0.186
1809,162,-0.203
1818,162,-0.14
1827,162,-0.09
1836,162,-0.097
1845,162,-0.056
1854,162,-0.029
1863,162,-0.012
1872,162,-0.012
1881,162,-0.029
1890,162,-0.027
1899,162,-0.072
1908,162,-0.219
1917,162,-0.268
9,171,-0
18,171,0.314
27,171,0.15
36,171,0.073
45,171,0.036
54,171,0.059
63,171,0.031
72,171,0.016
81,171,0.064
90,171,0.038
99,171,0.051
108,171,0.064
117,171,0.041
126,171,0.051
135,171,0.062
144,171,0.041
153,171,0.05
162,171,0.059
171,171,0.069
180,171,0.08
189,171,0.056
198,171,0.039
207,171,0.045
216,171,0.053
225,171,0.037
234,171,0.025
243,171,0.017
252,171,0.02
261,171,0.024
270,171,0.07
279,171,0.051
288,171,0.037
297,171,0.042
306,171,0.071
315,171,0.078
324,171,0.086
333,171,0.094
342,171,0.072
351,171,0.078
360,171,0.06
369,171,0.045
378,171,0.033
387,171,0.037
396,171,0.027
405,171,0.03
414,171,0.022
423,171,0.037
432,171,0.041
441,171,0.045
450,171,0.034
459,171,0.038
468,171,0.059
477,171,0.117
486,171,0.125
495,171,0.219
504,171,0.23
513,171,0.191
522,171,0.201
531,171,0.211
540,171,0.175
549,171,0.144
558,171,0.152
567,171,0.16
576,171,0.131
585,171,0.139
594,171,0.146
603,171,0.12
612,171,0.162
621,171,0.214
630,171,0.224
639,171,0.188
648,171,0.156
657,171,0.164
666,171,0.322
675,171,0.276
684,171,0.287
693,171,0.359
702,171,0.309
711,171,0.321
720,171,0.399
729,171,0.57
738,171,0.502
747,171,0.604
756,171,0.718
765,171,0.737
774,171,0.657
783,171,0.583
792,171,0.694
801,171,0.617
810,171,0.547
819,171,0.653
828,171,0.58
837,171,0.513
846,171,0.451
855,171,0.466
864,171,0.481
873,171,0.578
882,171,0.595
891,171,0.612
900,171,0.543
909,171,0.48
918,171,0.495
927,171,0.51
936,171,0.705
945,171,0.829
954,171,0.745
963,171,0.666
972,171,-0.593
981,171,-0.526
990,171,-0.542
999,171,-0.559
1008,171,-0.576
1017,171,-0.51
1026,171,-0.449
1035,171,-0.393
1044,171,-0.342
1053,171,-0.354
1062,171,-0.367
1071,171,-0.449
1080,171,-0.393
1089,171,-0.407
1098,171,-0.421
1107,171,-0.367
1116,171,-0.318
1125,171,-0.273
1134,171,-0.233
1143,171,-0.243
1152,171,-0.252
1161,171,-0.318
1170,171,-0.329
1179,171,-0.342
1188,171,-0.354
1197,171,-0.306
1206,171,-0.381
1215,171,-0.395
1224,171,-0.342
1233,171,-0.424
1242,171,-0.439
1251,171,-0.382
1260,171,-0.329
1269,171,-0.41
1278,171,-0.355
1287,171,-0.305
1296,171,-0.317
1305,171,-0.27
1314,171,-0.412
1323,171,-0.428
1332,171,-0.37
1341,171,-0.384
1350,171,-0.399
1359,171,-0.343
1368,171,-0.292
1377,171,-0.371
1386,171,-0.317
1395,171,-0.401
1404,171,-0.417
1413,171,-0.358
1422,171,-0.304
1431,171,-0.256
1440,171,-0.213
1449,171,-0.175
1458,171,-0.142
1467,171,-0.149
1476,171,-0.201
1485,171,-0.21
1494,171,-0.171
1503,171,-0.138
1512,171,-0.188
1521,171,-0.252
1530,171,-0.207
1539,171,-0.167
1548,171,-0.133
1557,171,-0.104
1566,171,-0.109
1575,171,-0.084
1584,171,-0.12
1593,171,-0.092
1602,171,-0.069
1611,171,-0.073
1620,171,-0.053
1629,171,-0.056
1638,171,-0.059
1647,171,-0.042
1656,171,-0.044
1665,171,-0.046
1674,171,-0.049
1683,171,-0.051
1692,171,-0.054
1701,171,-0.085
1710,171,-0.089
1719,171,-0.063
1728,171,-0.066
1737,171,-0.044
1746,171,-0.073
1755,171,-0.117
1764,171,-0.124
1773,171,-0.085
1782,171,-0.139
1791,171,-0.094
1800,171,-0.158
1809,171,-0.168
1818,171,-0.112
1827,171,-0.069
1836,171,-0.072
1845,171,-0.039
1854,171,-0.018
1863,171,-0.017
1872,171,-0.016
1881,171,-0.037
1890,171,-0.034
1899,171,-0.084
1908,171,-0.239
1917,171,-0.283
9,180,-0
18,180,0.29
27,180,0.134
36,180,0.063
45,180,0.03
54,180,0.048
63,180,0.025
72,180,0.012
81,180,0.05
90,180,0.029
99,180,0.038
108,180,0.048
117,180,0.029
126,180,0.037
135,180,0.045
144,180,0.028
153,180,0.034
162,180,0.041
171,180,0.048
180,180,0.055
189,180,0.062
198,180,0.043
207,180,0.049
216,180,0.055
225,180,0.038
234,180,0.026
243,180,0.017
252,180,0.02
261,180,0.023
270,180,0.066
279,180,0.048
288,180,0.034
297,180,0.038
306,180,0.063
315,180,0.068
324,180,0.074
333,180,0.08
342,180,0.06
351,180,0.065
360,180,0.048
369,180,0.036
378,180,0.026
387,180,0.028
396,180,0.02
405,180,0.023
414,180,0.016
423,180,0.027
432,180,0.03
441,180,0.032
450,180,0.024
459,180,0.026
468,180,0.041
477,180,0.084
486,180,0.089
495,180,0.162
504,180,0.169
513,180,0.137
522,180,0.143
531,180,0.15
540,180,0.121
549,180,0.097
558,180,0.102
567,180,0.107
576,180,0.086
585,180,0.09
594,180,0.095
603,180,0.075
612,180,0.104
621,180,0.14
630,180,0.146
639,180,0.119
648,180,0.096
657,180,0.101
666,180,0.211
675,180,0.176
684,180,0.183
693,180,0.234
702,180,0.196
711,180,0.203
720,180,0.257
729,180,0.382
738,180,0.329
747,180,0.402
756,180,0.485
765,180,0.497
774,180,0.434
783,180,0.445
792,180,0.533
801,180,0.467
810,180,0.407
819,180,0.49
828,180,0.502
837,180,0.439
846,180,0.382
855,180,0.392
864,180,0.473
873,180,0.563
882,180,0.576
891,180,0.589
900,180,0.603
909,180,0.532
918,180,0.545
927,180,0.557
936,180,0.754
945,180,0.875
954,180,0.785
963,180,0.702
972,180,-0.624
981,180,-0.553
990,180,-0.566
999,180,-0.579
1008,180,-0.593
1017,180,-0.523
1026,180,-0.459
1035,180,-0.401
1044,180,-0.348
1053,180,-0.357
1062,180,-0.367
1071,180,-0.445
1080,180,-0.387
1089,180,-0.398
1098,180,-0.408
1107,180,-0.419
1116,180,-0.364
1125,180,-0.314
1134,180,-0.268
1143,180,-0.276
1152,180,-0.285
1161,180,-0.351
1170,180,-0.361
1179,180,-0.371
1188,180,-0.381
1197,180,-0.329
1206,180,-0.403
1215,180,-0.414
1224,180,-0.358
1233,180,-0.438
1242,180,-0.45
1251,180,-0.39
1260,180,-0.335
1269,180,-0.412
1278,180,-0.355
1287,180,-0.304
1296,180,-0.313
1305,180,-0.266
1314,180,-0.399
1323,180,-0.411
1332,180,-0.353
1341,180,-0.363
1350,180,-0.375
1359,180,-0.319
1368,180,-0.27
1377,180,-0.34
1386,180,-0.288
1395,180,-0.361
1404,180,-0.373
1413,180,-0.316
1422,180,-0.266
1431,180,-0.221
1440,180,-0.181
1449,180,-0.146
1458,180,-0.117
1467,180,-0.121
1476,180,-0.163
1485,180,-0.168
1494,180,-0.135
1503,180,-0.106
1512,180,-0.144
1521,180,-0.194
1530,180,-0.155
1539,180,-0.122
1548,180,-0.094
1557,180,-0.072
1566,180,-0.074
1575,180,-0.055
1584,180,-0.08
1593,180,-0.059
1602,180,-0.042
1611,180,-0.044
1620,180,-0.03
1629,180,-0.031
1638,180,-0.032
1647,180,-0.022
1656,180,-0.022
1665,180,-0.023
1674,180,-0.023
1683,180,-0.024
1692,180,-0.025
1701,180,-0.04
1710,180,-0.041
1719,180,-0.026
1728,180,-0.027
1737,180,-0.016
1746,180,-0.028
1755,180,-0.046
1764,180,-0.075
1773,180,-0.048
1782,180,-0.079
1791,180,-0.05
1800,180,-0.084
1809,180,-0.086
1818,180,-0.052
1827,180,-0.028
1836,180,-0.027
1845,180,-0.013
1854,180,-0.005
1863,180,-0.004
1872,180,-0.003
1881,180,-0.007
1890,180,-0.005
1899,180,-0.011
1908,180,-0.088
1917,180,-0.299
9,189,-0
18,189,0.59
27,189,0.298
36,189,0.153
45,189,0.078
54,189,0.1
63,189,0.055
72,189,0.029
81,189,0.084
90,189,0.049
99,189,0.06
108,189,0.07
117,189,0.08
126,189,0.091
135,189,0.101
144,189,0.067
153,189,0.075
162,189,0.083
171,189,0.091
180,189,0.099
189,189,0.107
198,189,0.075
207,189,0.082
216,189,0.089
225,189,0.063
234,189,0.044
243,189,0.03
252,189,0.033
261,189,0.037
270,189,0.129
279,189,0.097
288,189,0.071
297,189,0.076
306,189,0.114
315,189,0.162
324,189,0.169
333,189,0.175
342,189,0.137
351,189,0.143
360,189,0.111
369,189,0.085
378,189,0.065
387,189,0.068
396,189,0.051
405,189,0.076
414,189,0.058
423,189,0.084
432,189,0.088
441,189,0.092
450,189,0.071
459,189,0.074
468,189,0.104
477,189,0.182
486,189,0.187
495,189,0.297
504,189,0.304
513,189,0.254
522,189,0.26
531,189,0.267
540,189,0.222
549,189,0.183
558,189,0.188
567,189,0.193
576,189,0.158
585,189,0.163
594,189,0.168
603,189,0.137
612,189,0.178
621,189,0.226
630,189,0.232
639,189,0.193
648,189,0.159
657,189,0.163
666,189,0.308
675,189,0.26
684,189,0.266
693,189,0.327
702,189,0.278
711,189,0.284
720,189,0.347
729,189,0.491
738,189,0.427
747,189,0.508
756,189,0.598
765,189,0.607
774,189,0.533
783,189,0.542
792,189,0.635
801,189,0.559
810,189,0.49
819,189,0.577
828,189,0.586
837,189,0.515
846,189,0.45
855,189,0.458
864,189,0.541
873,189,0.633
882,189,0.643
891,189,0.653
900,189,0.663
909,189,0.586
918,189,0.684
927,189,0.694
936,189,0.908
945,189,1.036
954,189,0.934
963,189,0.838
972,189,-0.749
981,189,-0.666
990,189,-0.676
999,189,-0.687
1008,189,-0.698
1017,189,-0.619
1026,189,-0.546
1035,189,-0.478
1044,189,-0.417
1053,189,-0.424
1062,189,-0.505
1071,189,-0.594
1080,189,-0.523
1089,189,-0.532
1098,189,-0.542
1107,189,-0.551
1116,189,-0.483
1125,189,-0.42
1134,189,-0.363
1143,189,-0.437
1152,189,-0.445
1161,189,-0.529
1170,189,-0.539
1179,189,-0.549
1188,189,-0.559
1197,189,-0.489
1206,189,-0.581
1215,189,-0.591
1224,189,-0.518
1233,189,-0.614
1242,189,-0.626
1251,189,-0.549
1260,189,-0.479
1269,189,-0.571
1278,189,-0.498
1287,189,-0.431
1296,189,-0.44
1305,189,-0.379
1314,189,-0.54
1323,189,-0.551
1332,189,-0.478
1341,189,-0.488
1350,189,-0.499
1359,189,-0.51
1368,189,-0.44
1377,189,-0.532
1386,189,-0.459
1395,189,-0.555
1404,189,-0.568
1413,189,-0.491
1422,189,-0.42
1431,189,-0.357
1440,189,-0.3
1449,189,-0.249
1458,189,-0.204
1467,189,-0.209
1476,189,-0.267
1485,189,-0.274
1494,189,-0.224
1503,189,-0.181
1512,189,-0.235
1521,189,-0.302
1530,189,-0.247
1539,189,-0.2
1548,189,-0.159
1557,189,-0.124
1566,189,-0.127
1575,189,-0.097
1584,189,-0.133
1593,189,-0.101
1602,189,-0.075
1611,189,-0.077
1620,189,-0.055
1629,189,-0.056
1638,189,-0.057
1647,189,-0.04
1656,189,-0.04
1665,189,-0.041
1674,189,-0.041
1683,189,-0.042
1692,189,-0.042
1701,189,-0.064
1710,189,-0.065
1719,189,-0.043
1728,189,-0.043
1737,189,-0.027
1746,189,-0.044
1755,189,-0.069
1764,189,-0.106
1773,189,-0.07
1782,189,-0.11
1791,189,-0.071
1800,189,-0.113
1809,189,-0.115
1818,189,-0.071
1827,189,-0.039
1836,189,-0.038
1845,189,-0.018
1854,189,-0.007
1863,189,-0.006
1872,189,-0.004
1881,189,-0.009
1890,189,-0.006
1899,189,-0.013
1908,189,-0.098
1917,189,-0.315
9,198,-0
18,198,0.552
27,198,0.27
36,198,0.135
45,198,0.066
54,198,0.084
63,198,0.044
72,198,0.056
81,198,0.127
90,198,0.139
99,198,0.151
108,198,0.161
117,198,0.171
126,198,0.18
135,198,0.188
144,198,0.197
153,198,0.204
162,198,0.212
171,198,0.219
180,198,0.226
189,198,0.233
198,198,0.173
207,198,0.18
216,198,0.186
225,198,0.138
234,198,0.101
243,198,0.073
252,198,0.111
261,198,0.116
270,198,0.287
279,198,0.226
288,198,0.175
297,198,0.18
306,198,0.241
315,198,0.313
324,198,0.318
333,198,0.323
342,198,0.261
351,198,0.266
360,198,0.214
369,198,0.169
378,198,0.133
387,198,0.137
396,198,0.106
405,198,0.144
414,198,0.113
423,198,0.152
432,198,0.155
441,198,0.159
450,198,0.126
459,198,0.129
468,198,0.17
477,198,0.271
486,198,0.275
495,198,0.408
504,198,0.413
513,198,0.349
522,198,0.353
531,198,0.357
540,198,0.3
549,198,0.25
558,198,0.254
567,198,0.258
576,198,0.214
585,198,0.217
594,198,0.221
603,198,0.182
612,198,0.228
621,198,0.281
630,198,0.285
639,198,0.239
648,198,0.243
657,198,0.246
666,198,0.424
675,198,0.364
684,198,0.368
693,198,0.438
702,198,0.376
711,198,0.381
720,198,0.452
729,198,0.614
738,198,0.537
747,198,0.624
756,198,0.72
765,198,0.726
774,198,0.641
783,198,0.646
792,198,0.744
801,198,0.658
810,198,0.579
819,198,0.67
828,198,0.675
837,198,0.595
846,198,0.521
855,198,0.527
864,198,0.612
873,198,0.706
882,198,0.712
891,198,0.719
900,198,0.725
909,198,0.642
918,198,0.739
927,198,0.745
936,198,0.959
945,198,1.083
954,198,0.976
963,198,0.875
972,198,-0.781
981,198,-0.693
990,198,-0.7
999,198,-0.803
1008,198,-0.811
1017,198,-0.721
1026,198,-0.638
1035,198,-0.561
1044,198,-0.491
1053,198,-0.496
1062,198,-0.58
1071,198,-0.672
1080,198,-0.593
1089,198,-0.599
1098,198,-0.606
1107,198,-0.612
1116,198,-0.537
1125,198,-0.468
1134,198,-0.405
1143,198,-0.48
1152,198,-0.485
1161,198,-0.569
1170,198,-0.576
1179,198,-0.583
1188,198,-0.59
1197,198,-0.515
1206,198,-0.604
1215,198,-0.611
1224,198,-0.535
1233,198,-0.627
1242,198,-0.634
1251,198,-0.555
1260,198,-0.482
1269,198,-0.569
1278,198,-0.495
1287,198,-0.427
1296,198,-0.433
1305,198,-0.37
1314,198,-0.522
1323,198,-0.529
1332,198,-0.457
1341,198,-0.463
1350,198,-0.469
1359,198,-0.476
1368,198,-0.407
1377,198,-0.49
1386,198,-0.419
1395,198,-0.504
1404,198,-0.511
1413,198,-0.438
1422,198,-0.371
1431,198,-0.311
1440,198,-0.258
1449,198,-0.211
1458,198,-0.17
1467,198,-0.173
1476,198,-0.22
1485,198,-0.223
1494,198,-0.18
1503,198,-0.142
1512,198,-0.184
1521,198,-0.236
1530,198,-0.189
1539,198,-0.149
1548,198,-0.115
1557,198,-0.087
1566,198,-0.088
1575,198,-0.065
1584,198,-0.09
1593,198,-0.066
1602,198,-0.047
1611,198,-0.047
1620,198,-0.032
1629,198,-0.032
1638,198,-0.032
1647,198,-0.021
1656,198,-0.021
1665,198,-0.02
1674,198,-0.02
1683,198,-0.02
1692,198,-0.03
1701,198,-0.045
1710,198,-0.045
1719,198,-0.028
1728,198,-0.028
1737,198,-0.016
1746,198,-0.026
1755,198,-0.041
1764,198,-0.064
1773,198,-0.039
1782,198,-0.062
1791,198,-0.037
1800,198,-0.06
1809,198,-0.058
1818,198,-0.032
1827,198,-0.03
1836,198,-0.027
1845,198,-0.012
1854,198,-0.004
1863,198,-0.003
1872,198,-0.002
1881,198,-0.004
1890,198,-0.002
1899,198,-0.016
1908,198,-0.109
1917,198,-0.331
9,207,-0
18,207,0.516
27,207,0.245
36,207,0.118
45,207,0.056
54,207,0.071
63,207,0.035
72,207,0.044
81,207,0.104
90,207,0.113
99,207,0.121
108,207,0.128
117,207,0.135
126,207,0.141
135,207,0.147
144,207,0.153
153,207,0.158
162,207,0.163
171,207,0.167
180,207,0.172
189,207,0.176
198,207,0.127
207,207,0.131
216,207,0.134
225,207,0.097
234,207,0.068
243,207,0.047
252,207,0.107
261,207,0.11
270,207,0.269
279,207,0.209
288,207,0.161
297,207,0.163
306,207,0.217
315,207,0.281
324,207,0.283
333,207,0.285
342,207,0.227
351,207,0.23
360,207,0.182
369,207,0.142
378,207,0.109
387,207,0.188
396,207,0.148
405,207,0.193
414,207,0.153
423,207,0.247
432,207,0.249
441,207,0.251
450,207,0.203
459,207,0.205
468,207,0.257
477,207,0.381
486,207,0.382
495,207,0.538
504,207,0.539
513,207,0.459
522,207,0.461
531,207,0.462
540,207,0.392
549,207,0.33
558,207,0.331
567,207,0.333
576,207,0.278
585,207,0.28
594,207,0.338
603,207,0.283
612,207,0.341
621,207,0.406
630,207,0.408
639,207,0.346
648,207,0.348
657,207,0.349
666,207,0.561
675,207,0.486
684,207,0.487
693,207,0.566
702,207,0.49
711,207,0.492
720,207,0.571
729,207,0.748
738,207,0.658
747,207,0.752
756,207,0.853
765,207,0.854
774,207,0.856
783,207,0.858
792,207,0.967
801,207,0.862
810,207,0.765
819,207,0.866
828,207,0.869
837,207,0.772
846,207,0.682
855,207,0.684
864,207,0.779
873,207,0.881
882,207,0.884
891,207,0.886
900,207,0.889
909,207,0.791
918,207,0.895
927,207,0.898
936,207,1.127
945,207,1.256
954,207,1.135
963,207,1.021
972,207,-0.915
981,207,-0.815
990,207,-0.819
999,207,-0.925
1008,207,-0.929
1017,207,-0.829
1026,207,-0.736
1035,207,-0.65
1044,207,-0.57
1053,207,-0.573
1062,207,-0.659
1071,207,-0.753
1080,207,-0.665
1089,207,-0.669
1098,207,-0.672
1107,207,-0.676
1116,207,-0.593
1125,207,-0.518
1134,207,-0.449
1143,207,-0.523
1152,207,-0.526
1161,207,-0.698
1170,207,-0.702
1179,207,-0.706
1188,207,-0.71
1197,207,-0.624
1206,207,-0.718
1215,207,-0.723
1224,207,-0.635
1233,207,-0.732
1242,207,-0.737
1251,207,-0.647
1260,207,-0.565
1269,207,-0.656
1278,207,-0.572
1287,207,-0.495
1296,207,-0.499
1305,207,-0.428
1314,207,-0.588
1323,207,-0.592
1332,207,-0.512
1341,207,-0.516
1350,207,-0.519
1359,207,-0.523
1368,207,-0.448
1377,207,-0.531
1386,207,-0.455
1395,207,-0.539
1404,207,-0.543
1413,207,-0.465
1422,207,-0.394
1431,207,-0.33
1440,207,-0.273
1449,207,-0.223
1458,207,-0.18
1467,207,-0.18
1476,207,-0.226
1485,207,-0.281
1494,207,-0.228
1503,207,-0.183
1512,207,-0.23
1521,207,-0.288
1530,207,-0.233
1539,207,-0.185
1548,207,-0.144
1557,207,-0.11
1566,207,-0.11
1575,207,-0.082
1584,207,-0.109
1593,207,-0.081
1602,207,-0.058
1611,207,-0.057
1620,207,-0.04
1629,207,-0.039
1638,207,-0.038
1647,207,-0.025
1656,207,-0.024
1665,207,-0.024
1674,207,-0.023
1683,207,-0.022
1692,207,-0.033
1701,207,-0.048
1710,207,-0.047
1719,207,-0.046
1728,207,-0.044
1737,207,-0.027
1746,207,-0.041
1755,207,-0.061
1764,207,-0.091
1773,207,-0.057
1782,207,-0.086
1791,207,-0.053
1800,207,-0.081
1809,207,-0.078
1818,207,-0.044
1827,207,-0.041
1836,207,-0.037
1845,207,-0.017
1854,207,-0.006
1863,207,-0.005
1872,207,-0.003
1881,207,-0.006
1890,207,-0.003
1899,207,-0.02
1908,207,-0.121
1917,207,-0.347
9,216,-0
18,216,0.483
27,216,0.223
36,216,0.23
45,216,0.118
54,216,0.129
63,216,0.069
72,216,0.077
81,216,0.246
90,216,0.247
99,216,0.248
108,216,0.249
117,216,0.25
126,216,0.25
135,216,0.251
144,216,0.251
153,216,0.251
162,216,0.252
171,216,0.252
180,216,0.252
189,216,0.252
198,216,0.186
207,216,0.252
216,216,0.252
225,216,0.189
234,216,0.14
243,216,0.101
252,216,0.192
261,216,0.193
270,216,0.403
279,216,0.321
288,216,0.252
297,216,0.252
306,216,0.317
315,216,0.391
324,216,0.389
333,216,0.388
342,216,0.314
351,216,0.313
360,216,0.251
369,216,0.198
378,216,0.155
387,216,0.25
396,216,0.199
405,216,0.25
414,216,0.2
423,216,0.371
432,216,0.37
441,216,0.369
450,216,0.304
459,216,0.303
468,216,0.365
477,216,0.511
486,216,0.509
495,216,0.684
504,216,0.782
513,216,0.677
522,216,0.673
531,216,0.67
540,216,0.577
549,216,0.494
558,216,0.492
567,216,0.49
576,216,0.416
585,216,0.415
594,216,0.484
603,216,0.412
612,216,0.481
621,216,0.556
630,216,0.554
639,216,0.476
648,216,0.475
657,216,0.473
666,216,0.717
675,216,0.626
684,216,0.624
693,216,0.709
702,216,0.62
711,216,0.618
720,216,0.702
729,216,0.895
738,216,0.791
747,216,0.889
756,216,0.994
765,216,0.991
774,216,0.988
783,216,0.985
792,216,1.096
801,216,0.98
810,216,0.872
819,216,0.975
828,216,0.972
837,216,0.865
846,216,0.766
855,216,0.765
864,216,0.86
873,216,0.962
882,216,0.96
891,216,0.958
900,216,0.957
909,216,0.852
918,216,0.954
927,216,0.952
936,216,1.18
945,216,1.304
954,216,1.177
963,216,1.058
972,216,-0.947
981,216,-0.843
990,216,-0.842
999,216,-0.944
1008,216,-0.943
1017,216,-0.84
1026,216,-0.744
1035,216,-0.655
1044,216,-0.573
1053,216,-0.573
1062,216,-0.653
1071,216,-0.741
1080,216,-0.652
1089,216,-0.652
1098,216,-0.652
1107,216,-0.651
1116,216,-0.569
1125,216,-0.494
1134,216,-0.426
1143,216,-0.493
1152,216,-0.493
1161,216,-0.65
1170,216,-0.65
1179,216,-0.65
1188,216,-0.65
1197,216,-0.567
1206,216,-0.651
1215,216,-0.651
1224,216,-0.567
1233,216,-0.651
1242,216,-0.744
1251,216,-0.652
1260,216,-0.567
1269,216,-0.653
1278,216,-0.568
1287,216,-0.49
1296,216,-0.49
1305,216,-0.418
1314,216,-0.569
1323,216,-0.569
1332,216,-0.57
1341,216,-0.57
1350,216,-0.571
1359,216,-0.571
1368,216,-0.49
1377,216,-0.573
1386,216,-0.491
1395,216,-0.574
1404,216,-0.575
1413,216,-0.492
1422,216,-0.492
1431,216,-0.416
1440,216,-0.348
1449,216,-0.287
1458,216,-0.234
1467,216,-0.233
1476,216,-0.285
1485,216,-0.346
1494,216,-0.284
1503,216,-0.229
1512,216,-0.282
1521,216,-0.344
1530,216,-0.28
1539,216,-0.225
1548,216,-0.177
1557,216,-0.136
1566,216,-0.135
1575,216,-0.101
1584,216,-0.131
1593,216,-0.098
1602,216,-0.071
1611,216,-0.094
1620,216,-0.068
1629,216,-0.066
1638,216,-0.064
1647,216,-0.044
1656,216,-0.042
1665,216,-0.041
1674,216,-0.039
1683,216,-0.037
1692,216,-0.053
1701,216,-0.074
1710,216,-0.072
1719,216,-0.069
1728,216,-0.067
1737,216,-0.042
1746,216,-0.061
1755,216,-0.088
1764,216,-0.124
1773,216,-0.081
1782,216,-0.116
1791,216,-0.073
1800,216,-0.108
1809,216,-0.103
1818,216,-0.06
1827,216,-0.055
1836,216,-0.05
1845,216,-0.023
1854,216,-0.009
1863,216,-0.007
1872,216,-0.004
1881,216,-0.008
1890,216,-0.004
1899,216,-0.024
1908,216,-0.133
1917,216,-0.363
9,225,-0
18,225,0.452
27,225,0.202
36,225,0.206
45,225,0.102
54,225,0.11
63,225,0.057
72,225,0.063
81,225,0.208
90,225,0.207
99,225,0.206
108,225,0.205
117,225,0.204
126,225,0.202
135,225,0.201
144,225,0.2
153,225,0.199
162,225,0.197
171,225,0.196
180,225,0.195
189,225,0.193
198,225,0.138
207,225,0.191
216,225,0.189
225,225,0.138
234,225,0.098
243,225,0.069
252,225,0.137
261,225,0.136
270,225,0.302
279,225,0.234
288,225,0.179
297,225,0.178
306,225,0.228
315,225,0.285
324,225,0.281
333,225,0.278
342,225,0.219
351,225,0.217
360,225,0.169
369,225,0.13
378,225,0.098
387,225,0.165
396,225,0.164
405,225,0.206
414,225,0.162
423,225,0.307
432,225,0.304
441,225,0.301
450,225,0.244
459,225,0.242
468,225,0.292
477,225,0.414
486,225,0.41
495,225,0.558
504,225,0.639
513,225,0.632
522,225,0.625
531,225,0.618
540,225,0.528
549,225,0.448
558,225,0.444
567,225,0.439
576,225,0.37
585,225,0.366
594,225,0.426
603,225,0.359
612,225,0.418
621,225,0.483
630,225,0.478
639,225,0.406
648,225,0.469
657,225,0.465
666,225,0.697
675,225,0.606
684,225,0.6
693,225,0.679
702,225,0.59
711,225,0.585
720,225,0.661
729,225,0.84
738,225,0.738
747,225,0.826
756,225,0.92
765,225,1.02
774,225,1.012
783,225,1.005
792,225,1.11
801,225,0.99
810,225,0.879
819,225,0.976
828,225,0.97
837,225,0.86
846,225,0.76
855,225,0.754
864,225,0.843
873,225,0.937
882,225,0.931
891,225,0.925
900,225,0.919
909,225,0.815
918,225,0.908
927,225,0.902
936,225,1.113
945,225,1.226
954,225,1.101
963,225,0.984
972,225,-0.875
981,225,-0.775
990,225,-0.77
999,225,-0.86
1008,225,-0.856
1017,225,-0.756
1026,225,-0.664
1035,225,-0.58
1044,225,-0.503
1053,225,-0.499
1062,225,-0.569
1071,225,-0.73
1080,225,-0.64
1089,225,-0.636
1098,225,-0.633
1107,225,-0.629
1116,225,-0.547
1125,225,-0.472
1134,225,-0.404
1143,225,-0.466
1152,225,-0.462
1161,225,-0.607
1170,225,-0.604
1179,225,-0.6
1188,225,-0.597
1197,225,-0.516
1206,225,-0.59
1215,225,-0.586
1224,225,-0.507
1233,225,-0.58
1242,225,-0.661
1251,225,-0.573
1260,225,-0.494
1269,225,-0.567
1278,225,-0.487
1287,225,-0.415
1296,225,-0.481
1305,225,-0.409
1314,225,-0.551
1323,225,-0.548
1332,225,-0.545
1341,225,-0.627
1350,225,-0.624
1359,225,-0.621
1368,225,-0.533
1377,225,-0.615
1386,225,-0.527
1395,225,-0.61
1404,225,-0.607
1413,225,-0.604
1422,225,-0.602
1431,225,-0.513
1440,225,-0.433
1449,225,-0.361
1458,225,-0.297
1467,225,-0.294
1476,225,-0.352
1485,225,-0.418
1494,225,-0.345
1503,225,-0.281
1512,225,-0.339
1521,225,-0.406
1530,225,-0.333
1539,225,-0.268
1548,225,-0.213
1557,225,-0.165
1566,225,-0.162
1575,225,-0.123
1584,225,-0.156
1593,225,-0.117
1602,225,-0.085
1611,225,-0.111
1620,225,-0.107
1629,225,-0.104
1638,225,-0.101
1647,225,-0.071
1656,225,-0.068
1665,225,-0.065
1674,225,-0.063
1683,225,-0.06
1692,225,-0.081
1701,225,-0.109
1710,225,-0.105
1719,225,-0.1
1728,225,-0.096
1737,225,-0.063
1746,225,-0.087
1755,225,-0.12
1764,225,-0.164
1773,225,-0.11
1782,225,-0.153
1791,225,-0.098
1800,225,-0.139
1809,225,-0.132
1818,225,-0.079
1827,225,-0.072
1836,225,-0.065
1845,225,-0.031
1854,225,-0.012
1863,225,-0.009
1872,225,-0.006
1881,225,-0.01
1890,225,-0.006
1899,225,-0.028
1908,225,-0.146
1917,225,-0.379
9,234,-0
18,234,0.423
27,234,0.183
36,234,0.184
45,234,0.088
54,234,0.094
63,234,0.046
72,234,0.051
81,234,0.175
90,234,0.172
99,234,0.17
108,234,0.167
117,234,0.165
126,234,0.162
135,234,0.16
144,234,0.157
153,234,0.155
162,234,0.153
171,234,0.15
180,234,0.148
189,234,0.146
198,234,0.101
207,234,0.142
216,234,0.14
225,234,0.098
234,234,0.068
243,234,0.045
252,234,0.095
261,234,0.094
270,234,0.222
279,234,0.167
288,234,0.124
297,234,0.122
306,234,0.159
315,234,0.202
324,234,0.251
333,234,0.246
342,234,0.191
351,234,0.188
360,234,0.144
369,234,0.108
378,234,0.08
387,234,0.137
396,234,0.135
405,234,0.169
414,234,0.13
423,234,0.253
432,234,0.248
441,234,0.244
450,234,0.194
459,234,0.191
468,234,0.231
477,234,0.396
486,234,0.389
495,234,0.527
504,234,0.601
513,234,0.59
522,234,0.581
531,234,0.571
540,234,0.484
549,234,0.407
558,234,0.4
567,234,0.394
576,234,0.328
585,234,0.323
594,234,0.375
603,234,0.312
612,234,0.425
621,234,0.486
630,234,0.478
639,234,0.405
648,234,0.464
657,234,0.457
666,234,0.679
675,234,0.587
684,234,0.579
693,234,0.65
702,234,0.562
711,234,0.554
720,234,0.624
729,234,0.789
738,234,0.689
747,234,0.768
756,234,0.852
765,234,0.942
774,234,0.931
783,234,0.919
792,234,1.013
801,234,0.898
810,234,0.791
819,234,0.978
828,234,0.967
837,234,0.856
846,234,0.753
855,234,0.744
864,234,0.826
873,234,0.914
882,234,0.904
891,234,0.894
900,234,0.884
909,234,0.78
918,234,0.966
927,234,0.955
936,234,1.165
945,234,1.274
954,234,1.143
963,234,1.021
972,234,-0.907
981,234,-0.802
990,234,-0.793
999,234,-0.879
1008,234,-0.871
1017,234,-0.768
1026,234,-0.673
1035,234,-0.586
1044,234,-0.507
1053,234,-0.501
1062,234,-0.566
1071,234,-0.72
1080,234,-0.629
1089,234,-0.622
1098,234,-0.615
1107,234,-0.608
1116,234,-0.526
1125,234,-0.452
1134,234,-0.385
1143,234,-0.44
1152,234,-0.434
1161,234,-0.567
1170,234,-0.561
1179,234,-0.554
1188,234,-0.548
1197,234,-0.47
1206,234,-0.535
1215,234,-0.529
1224,234,-0.452
1233,234,-0.516
1242,234,-0.586
1251,234,-0.504
1260,234,-0.429
1269,234,-0.491
1278,234,-0.418
1287,234,-0.352
1296,234,-0.406
1305,234,-0.341
1314,234,-0.461
1323,234,-0.455
1332,234,-0.45
1341,234,-0.516
1350,234,-0.51
1359,234,-0.504
1368,234,-0.426
1377,234,-0.492
1386,234,-0.415
1395,234,-0.48
1404,234,-0.474
1413,234,-0.468
1422,234,-0.462
1431,234,-0.386
1440,234,-0.318
1449,234,-0.313
1458,234,-0.254
1467,234,-0.249
1476,234,-0.357
1485,234,-0.42
1494,234,-0.414
1503,234,-0.34
1512,234,-0.402
1521,234,-0.559
1530,234,-0.466
1539,234,-0.383
1548,234,-0.31
1557,234,-0.247
1566,234,-0.241
1575,234,-0.187
1584,234,-0.23
1593,234,-0.177
1602,234,-0.133
1611,234,-0.166
1620,234,-0.161
1629,234,-0.156
1638,234,-0.151
1647,234,-0.109
1656,234,-0.104
1665,234,-0.1
1674,234,-0.095
1683,234,-0.09
1692,234,-0.118
1701,234,-0.153
1710,234,-0.147
1719,234,-0.14
1728,234,-0.134
1737,234,-0.09
1746,234,-0.12
1755,234,-0.16
1764,234,-0.212
1773,234,-0.145
1782,234,-0.195
1791,234,-0.128
1800,234,-0.177
1809,234,-0.167
1818,234,-0.102
1827,234,-0.092
1836,234,-0.083
1845,234,-0.041
1854,234,-0.017
1863,234,-0.012
1872,234,-0.008
1881,234,-0.013
1890,234,-0.007
1899,234,-0.033
1908,234,-0.159
1917,234,-0.395
9,243,-0
18,243,0.396
27,243,0.166
36,243,0.164
45,243,0.076
54,243,0.08
63,243,0.038
72,243,0.041
81,243,0.146
90,243,0.224
99,243,0.215
108,243,0.206
117,243,0.199
126,243,0.192
135,243,0.185
144,243,0.179
153,243,0.174
162,243,0.168
171,243,0.163
180,243,0.158
189,243,0.154
198,243,0.106
207,243,0.145
216,243,0.141
225,243,0.099
234,243,0.067
243,243,0.045
252,243,0.092
261,243,0.09
270,243,0.209
279,243,0.156
288,243,0.114
297,243,0.111
306,243,0.143
315,243,0.181
324,243,0.224
333,243,0.218
342,243,0.166
351,243,0.162
360,243,0.122
369,243,0.119
378,243,0.088
387,243,0.145
396,243,0.142
405,243,0.175
414,243,0.134
423,243,0.255
432,243,0.248
441,243,0.242
450,243,0.235
459,243,0.229
468,243,0.272
477,243,0.448
486,243,0.437
495,243,0.578
504,243,0.651
513,243,0.636
522,243,0.622
531,243,0.608
540,243,0.516
549,243,0.434
558,243,0.424
567,243,0.482
576,243,0.405
585,243,0.396
594,243,0.451
603,243,0.378
612,243,0.5
621,243,0.563
630,243,0.551
639,243,0.468
648,243,0.605
657,243,0.593
666,243,0.843
675,243,0.735
684,243,0.812
693,243,0.999
702,243,0.879
711,243,0.863
720,243,0.948
729,243,1.151
738,243,1.021
747,243,1.114
756,243,1.212
765,243,1.315
774,243,1.296
783,243,1.276
792,243,1.382
801,243,1.239
810,243,1.105
819,243,1.324
828,243,1.305
837,243,1.168
846,243,1.04
855,243,1.024
864,243,1.117
873,243,1.216
882,243,1.199
891,243,1.182
900,243,1.166
909,243,1.039
918,243,1.25
927,243,1.234
936,243,1.468
945,243,1.585
954,243,1.432
963,243,1.288
972,243,-1.154
981,243,-1.028
990,243,-1.014
999,243,-1.109
1008,243,-1.094
1017,243,-0.973
1026,243,-0.86
1035,243,-0.756
1044,243,-0.66
1053,243,-0.65
1062,243,-0.722
1071,243,-0.894
1080,243,-0.787
1089,243,-0.776
1098,243,-0.857
1107,243,-0.845
1116,243,-0.742
1125,243,-0.646
1134,243,-0.559
1143,243,-0.626
1152,243,-0.616
1161,243,-0.775
1170,243,-0.764
1179,243,-0.753
1188,243,-0.742
1197,243,-0.645
1206,243,-0.72
1215,243,-0.71
1224,243,-0.615
1233,243,-0.688
1242,243,-0.768
1251,243,-0.668
1260,243,-0.576
1269,243,-0.647
1278,243,-0.557
1287,243,-0.475
1296,243,-0.538
1305,243,-0.457
1314,243,-0.597
1323,243,-0.588
1332,243,-0.578
1341,243,-0.652
1350,243,-0.642
1359,243,-0.632
1368,243,-0.54
1377,243,-0.613
1386,243,-0.521
1395,243,-0.593
1404,243,-0.583
1413,243,-0.574
1422,243,-0.564
1431,243,-0.475
1440,243,-0.396
1449,243,-0.387
1458,243,-0.317
1467,243,-0.31
1476,243,-0.43
1485,243,-0.497
1494,243,-0.488
1503,243,-0.404
1512,243,-0.469
1521,243,-0.637
1530,243,-0.534
1539,243,-0.441
1548,243,-0.359
1557,243,-0.288
1566,243,-0.279
1575,243,-0.218
1584,243,-0.263
1593,243,-0.203
1602,243,-0.153
1611,243,-0.189
1620,243,-0.181
1629,243,-0.174
1638,243,-0.167
1647,243,-0.121
1656,243,-0.115
1665,243,-0.108
1674,243,-0.102
1683,243,-0.096
1692,243,-0.123
1701,243,-0.157
1710,243,-0.149
1719,243,-0.14
1728,243,-0.132
1737,243,-0.088
1746,243,-0.116
1755,243,-0.151
1764,243,-0.197
1773,243,-0.132
1782,243,-0.175
1791,243,-0.113
1800,243,-0.152
1809,243,-0.141
1818,243,-0.083
1827,243,-0.073
1836,243,-0.063
1845,243,-0.029
1854,243,-0.022
1863,243,-0.016
1872,243,-0.011
1881,243,-0.016
1890,243,-0.009
1899,243,-0.039
1908,243,-0.173
1917,243,-0.411
9,252,-0
18,252,0.371
27,252,0.15
36,252,0.146
45,252,0.065
54,252,0.068
63,252,0.031
72,252,0.033
81,252,0.122
90,252,0.188
99,252,0.178
108,252,0.17
117,252,0.162
126,252,0.155
135,252,0.148
144,252,0.141
153,252,0.136
162,252,0.13
171,252,0.125
180,252,0.12
189,252,0.115
198,252,0.077
207,252,0.107
216,252,0.103
225,252,0.069
234,252,0.045
243,252,0.029
252,252,0.062
261,252,0.06
270,252,0.151
279,252,0.108
288,252,0.076
297,252,0.074
306,252,0.097
315,252,0.124
324,252,0.156
333,252,0.15
342,252,0.111
351,252,0.107
360,252,0.078
369,252,0.075
378,252,0.053
387,252,0.092
396,252,0.116
405,252,0.143
414,252,0.108
423,252,0.209
432,252,0.202
441,252,0.195
450,252,0.188
459,252,0.182
468,252,0.216
477,252,0.364
486,252,0.353
495,252,0.472
504,252,0.532
513,252,0.517
522,252,0.502
531,252,0.488
540,252,0.407
549,252,0.336
558,252,0.326
567,252,0.372
576,252,0.307
585,252,0.351
594,252,0.399
603,252,0.331
612,252,0.438
621,252,0.492
630,252,0.479
639,252,0.403
648,252,0.522
657,252,0.508
666,252,0.73
675,252,0.629
684,252,0.696
693,252,0.859
702,252,0.748
711,252,0.731
720,252,0.803
729,252,0.979
738,252,0.86
747,252,0.939
756,252,1.021
765,252,1.109
774,252,1.087
783,252,1.065
792,252,1.154
801,252,1.024
810,252,0.903
819,252,1.09
828,252,1.069
837,252,1.048
846,252,0.927
855,252,0.908
864,252,0.989
873,252,1.075
882,252,1.165
891,252,1.144
900,252,1.123
909,252,0.997
918,252,1.195
927,252,1.174
936,252,1.392
945,252,1.498
954,252,1.348
963,252,1.207
972,252,-1.075
981,252,-0.953
990,252,-0.935
999,252,-1.127
1008,252,-1.108
1017,252,-0.983
1026,252,-0.867
1035,252,-0.761
1044,252,-0.663
1053,252,-0.649
1062,252,-0.716
1071,252,-0.881
1080,252,-0.773
1089,252,-0.758
1098,252,-0.833
1107,252,-0.817
1116,252,-0.714
1125,252,-0.619
1134,252,-0.532
1143,252,-0.593
1152,252,-0.58
1161,252,-0.728
1170,252,-0.713
1179,252,-0.699
1188,252,-0.685
1197,252,-0.592
1206,252,-0.658
1215,252,-0.644
1224,252,-0.554
1233,252,-0.618
1242,252,-0.687
1251,252,-0.673
1260,252,-0.579
1269,252,-0.646
1278,252,-0.554
1287,252,-0.47
1296,252,-0.529
1305,252,-0.448
1314,252,-0.58
1323,252,-0.567
1332,252,-0.555
1341,252,-0.622
1350,252,-0.609
1359,252,-0.596
1368,252,-0.505
1377,252,-0.57
1386,252,-0.557
1395,252,-0.628
1404,252,-0.614
1413,252,-0.601
1422,252,-0.588
1431,252,-0.495
1440,252,-0.412
1449,252,-0.401
1458,252,-0.328
1467,252,-0.317
1476,252,-0.435
1485,252,-0.498
1494,252,-0.486
1503,252,-0.4
1512,252,-0.542
1521,252,-0.719
1530,252,-0.606
1539,252,-0.503
1548,252,-0.412
1557,252,-0.331
1566,252,-0.32
1575,252,-0.252
1584,252,-0.364
1593,252,-0.287
1602,252,-0.222
1611,252,-0.265
1620,252,-0.255
1629,252,-0.244
1638,252,-0.233
1647,252,-0.174
1656,252,-0.164
1665,252,-0.155
1674,252,-0.146
1683,252,-0.137
1692,252,-0.171
1701,252,-0.211
1710,252,-0.2
1719,252,-0.189
1728,252,-0.177
1737,252,-0.121
1746,252,-0.154
1755,252,-0.197
1764,252,-0.25
1773,252,-0.171
1782,252,-0.22
1791,252,-0.145
1800,252,-0.19
1809,252,-0.175
1818,252,-0.105
1827,252,-0.092
1836,252,-0.079
1845,252,-0.038
1854,252,-0.029
1863,252,-0.021
1872,252,-0.014
1881,252,-0.02
1890,252,-0.012
1899,252,-0.045
1908,252,-0.187
1917,252,-0.427
9,261,-0
18,261,0.347
27,261,0.136
36,261,0.13
45,261,0.056
54,261,0.057
63,261,0.025
72,261,0.026
81,261,0.101
90,261,0.157
99,261,0.148
108,261,0.139
117,261,0.131
126,261,0.123
135,261,0.117
144,261,0.11
153,261,0.105
162,261,0.099
171,261,0.094
180,261,0.09
189,261,0.085
198,261,0.055
207,261,0.077
216,261,0.104
225,261,0.07
234,261,0.045
243,261,0.029
252,261,0.06
261,261,0.058
270,261,0.142
279,261,0.101
288,261,0.07
297,261,0.067
306,261,0.087
315,261,0.111
324,261,0.138
333,261,0.132
342,261,0.096
351,261,0.091
360,261,0.065
369,261,0.062
378,261,0.043
387,261,0.075
396,261,0.095
405,261,0.117
414,261,0.112
423,261,0.211
432,261,0.202
441,261,0.194
450,261,0.186
459,261,0.178
468,261,0.209
477,261,0.349
486,261,0.336
495,261,0.447
504,261,0.501
513,261,0.484
522,261,0.467
531,261,0.451
540,261,0.373
549,261,0.305
558,261,0.294
567,261,0.334
576,261,0.272
585,261,0.311
594,261,0.352
603,261,0.289
612,261,0.383
621,261,0.43
630,261,0.415
639,261,0.345
648,261,0.449
657,261,0.435
666,261,0.63
675,261,0.537
684,261,0.593
693,261,0.736
702,261,0.634
711,261,0.615
720,261,0.676
729,261,0.829
738,261,0.72
747,261,0.786
756,261,0.855
765,261,0.929
774,261,0.905
783,261,0.883
792,261,0.957
801,261,0.839
810,261,0.731
819,261,0.889
828,261,0.867
837,261,0.846
846,261,0.737
855,261,0.718
864,261,0.784
873,261,0.853
882,261,0.926
891,261,0.904
900,261,0.883
909,261,0.773
918,261,0.936
927,261,0.914
936,261,1.095
945,261,1.18
954,261,1.048
963,261,0.925
972,261,-0.811
981,261,-0.792
990,261,-0.773
999,261,-0.937
1008,261,-0.916
1017,261,-0.803
1026,261,-0.7
1035,261,-0.605
1044,261,-0.519
1053,261,-0.505
1062,261,-0.558
1071,261,-0.693
1080,261,-0.599
1089,261,-0.583
1098,261,-0.642
1107,261,-0.626
1116,261,-0.537
1125,261,-0.457
1134,261,-0.385
1143,261,-0.43
1152,261,-0.418
1161,261,-0.532
1170,261,-0.589
1179,261,-0.573
1188,261,-0.558
1197,261,-0.474
1206,261,-0.528
1215,261,-0.513
1224,261,-0.434
1233,261,-0.484
1242,261,-0.539
1251,261,-0.524
1260,261,-0.443
1269,261,-0.494
1278,261,-0.416
1287,261,-0.346
1296,261,-0.39
1305,261,-0.323
1314,261,-0.425
1323,261,-0.412
1332,261,-0.462
1341,261,-0.518
1350,261,-0.503
1359,261,-0.488
1368,261,-0.407
1377,261,-0.459
1386,261,-0.445
1395,261,-0.501
1404,261,-0.486
1413,261,-0.471
1422,261,-0.456
1431,261,-0.377
1440,261,-0.306
1449,261,-0.294
1458,261,-0.235
1467,261,-0.325
1476,261,-0.439
1485,261,-0.499
1494,261,-0.483
1503,261,-0.396
1512,261,-0.62
1521,261,-0.806
1530,261,-0.681
1539,261,-0.569
1548,261,-0.468
1557,261,-0.378
1566,261,-0.364
1575,261,-0.287
1584,261,-0.405
1593,261,-0.321
1602,261,-0.249
1611,261,-0.293
1620,261,-0.28
1629,261,-0.266
1638,261,-0.253
1647,261,-0.189
1656,261,-0.177
1665,261,-0.166
1674,261,-0.155
1683,261,-0.144
1692,261,-0.176
1701,261,-0.215
1710,261,-0.201
1719,261,-0.188
1728,261,-0.174
1737,261,-0.118
1746,261,-0.148
1755,261,-0.186
1764,261,-0.233
1773,261,-0.156
1782,261,-0.199
1791,261,-0.127
1800,261,-0.165
1809,261,-0.148
1818,261,-0.086
1827,261,-0.073
1836,261,-0.06
1845,261,-0.027
1854,261,-0.019
1863,261,-0.013
1872,261,-0.008
1881,261,-0.011
1890,261,-0.014
1899,261,-0.051
1908,261,-0.202
1917,261,-0.444
9,270,-0
18,270,0.325
27,270,0.123
36,270,0.116
45,270,0.048
54,270,0.048
63,270,0.02
72,270,0.021
81,270,0.084
90,270,0.204
99,270,0.187
108,270,0.172
117,270,0.159
126,270,0.147
135,270,0.137
144,270,0.127
153,270,0.119
162,270,0.111
171,270,0.104
180,270,0.097
189,270,0.091
198,270,0.058
207,270,0.08
216,270,0.106
225,270,0.07
234,270,0.045
243,270,0.028
252,270,0.058
261,270,0.055
270,270,0.133
279,270,0.094
288,270,0.064
297,270,0.06
306,270,0.078
315,270,0.099
324,270,0.122
333,270,0.115
342,270,0.083
351,270,0.078
360,270,0.054
369,270,0.051
378,270,0.035
387,270,0.061
396,270,0.077
405,270,0.095
414,270,0.089
423,270,0.173
432,270,0.164
441,270,0.156
450,270,0.148
459,270,0.14
468,270,0.165
477,270,0.282
486,270,0.269
495,270,0.362
504,270,0.406
513,270,0.389
522,270,0.373
531,270,0.357
540,270,0.29
549,270,0.232
558,270,0.222
567,270,0.253
576,270,0.202
585,270,0.231
594,270,0.263
603,270,0.211
612,270,0.285
621,270,0.321
630,270,0.307
639,270,0.25
648,270,0.331
657,270,0.318
666,270,0.474
675,270,0.456
684,270,0.503
693,270,0.627
702,270,0.534
711,270,0.515
720,270,0.566
729,270,0.698
738,270,0.599
747,270,0.654
756,270,0.797
765,270,0.862
774,270,0.836
783,270,0.811
792,270,0.877
801,270,0.764
810,270,0.66
819,270,0.803
828,270,0.868
837,270,0.843
846,270,0.733
855,270,0.711
864,270,0.772
873,270,0.835
882,270,0.902
891,270,0.877
900,270,0.853
909,270,0.743
918,270,0.896
927,270,0.871
936,270,1.039
945,270,1.117
954,270,0.986
963,270,0.96
972,270,-0.842
981,270,-0.819
990,270,-0.796
999,270,-0.956
1008,270,-0.931
1017,270,-0.815
1026,270,-0.709
1035,270,-0.611
1044,270,-0.523
1053,270,-0.506
1062,270,-0.556
1071,270,-0.685
1080,270,-0.59
1089,270,-0.571
1098,270,-0.626
1107,270,-0.607
1116,270,-0.518
1125,270,-0.439
1134,270,-0.368
1143,270,-0.408
1152,270,-0.394
1161,270,-0.499
1170,270,-0.55
1179,270,-0.532
1188,270,-0.515
1197,270,-0.434
1206,270,-0.481
1215,270,-0.465
1224,270,-0.389
1233,270,-0.433
1242,270,-0.48
1251,270,-0.463
1260,270,-0.387
1269,270,-0.431
1278,270,-0.358
1287,270,-0.294
1296,270,-0.33
1305,270,-0.269
1314,270,-0.356
1323,270,-0.342
1332,270,-0.383
1341,270,-0.428
1350,270,-0.478
1359,270,-0.531
1368,270,-0.444
1377,270,-0.495
1386,270,-0.478
1395,270,-0.533
1404,270,-0.514
1413,270,-0.496
1422,270,-0.478
1431,270,-0.394
1440,270,-0.32
1449,270,-0.306
1458,270,-0.244
1467,270,-0.333
1476,270,-0.444
1485,270,-0.5
1494,270,-0.561
1503,270,-0.463
1512,270,-0.703
1521,270,-0.897
1530,270,-0.761
1539,270,-0.738
1548,270,-0.616
1557,270,-0.507
1566,270,-0.487
1575,270,-0.392
1584,270,-0.533
1593,270,-0.43
1602,270,-0.34
1611,270,-0.392
1620,270,-0.374
1629,270,-0.356
1638,270,-0.338
1647,270,-0.257
1656,270,-0.242
1665,270,-0.226
1674,270,-0.211
1683,270,-0.196
1692,270,-0.235
1701,270,-0.28
1710,270,-0.262
1719,270,-0.244
1728,270,-0.227
1737,270,-0.157
1746,270,-0.192
1755,270,-0.236
1764,270,-0.289
1773,270,-0.198
1782,270,-0.246
1791,270,-0.161
1800,270,-0.204
1809,270,-0.183
1818,270,-0.109
1827,270,-0.092
1836,270,-0.076
1845,270,-0.035
1854,270,-0.025
1863,270,-0.017
1872,270,-0.01
1881,270,-0.013
1890,270,-0.017
1899,270,-0.059
1908,270,-0.218
1917,270,-0.46
9,279,-0
18,279,0.304
27,279,0.111
36,279,0.103
45,279,0.041
54,279,0.04
63,279,0.016
72,279,0.017
81,279,0.119
90,279,0.256
99,279,0.231
108,279,0.209
117,279,0.19
126,279,0.173
135,279,0.159
144,279,0.145
153,279,0.134
162,279,0.123
171,279,0.113
180,279,0.105
189,279,0.097
198,279,0.089
207,279,0.116
216,279,0.194
225,279,0.136
234,279,0.092
243,279,0.061
252,279,0.108
261,279,0.101
270,279,0.211
279,279,0.153
288,279,0.109
297,279,0.101
306,279,0.124
315,279,0.15
324,279,0.179
333,279,0.168
342,279,0.123
351,279,0.115
360,279,0.082
369,279,0.077
378,279,0.053
387,279,0.113
396,279,0.135
405,279,0.159
414,279,0.15
423,279,0.261
432,279,0.247
441,279,0.233
450,279,0.22
459,279,0.208
468,279,0.238
477,279,0.379
486,279,0.361
495,279,0.467
504,279,0.515
513,279,0.492
522,279,0.47
531,279,0.517
540,279,0.428
549,279,0.35
558,279,0.333
567,279,0.371
576,279,0.302
585,279,0.337
594,279,0.375
603,279,0.306
612,279,0.396
621,279,0.437
630,279,0.481
639,279,0.4
648,279,0.505
657,279,0.484
666,279,0.679
675,279,0.653
684,279,0.707
693,279,0.853
702,279,0.736
711,279,0.71
720,279,0.766
729,279,0.918
738,279,0.797
747,279,0.952
756,279,1.235
765,279,1.313
774,279,1.274
783,279,1.237
792,279,1.315
801,279,1.165
810,279,1.026
819,279,1.204
828,279,1.4
837,279,1.361
846,279,1.209
855,279,1.174
864,279,1.25
873,279,1.33
882,279,1.412
891,279,1.374
900,279,1.337
909,279,1.188
918,279,1.382
927,279,1.345
936,279,1.555
945,279,1.647
954,279,1.478
963,279,1.44
972,279,-1.284
981,279,-1.25
990,279,-1.216
999,279,-1.415
1008,279,-1.379
1017,279,-1.228
1026,279,-1.087
1035,279,-0.956
1044,279,-0.836
1053,279,-0.81
1062,279,-0.872
1071,279,-1.037
1080,279,-0.91
1089,279,-0.883
1098,279,-0.95
1107,279,-0.922
1116,279,-0.804
1125,279,-0.695
1134,279,-0.596
1143,279,-0.649
1152,279,-0.626
1161,279,-0.764
1170,279,-0.826
1179,279,-0.8
1188,279,-0.775
1197,279,-0.668
1206,279,-0.726
1215,279,-0.702
1224,279,-0.6
1233,279,-0.655
1242,279,-0.713
1251,279,-0.689
1260,279,-0.588
1269,279,-0.643
1278,279,-0.546
1287,279,-0.458
1296,279,-0.505
1305,279,-0.421
1314,279,-0.534
1323,279,-0.513
1332,279,-0.565
1341,279,-0.62
1350,279,-0.68
1359,279,-0.743
1368,279,-0.633
1377,279,-0.694
1386,279,-0.67
1395,279,-0.735
1404,279,-0.71
1413,279,-0.685
1422,279,-0.661
1431,279,-0.555
1440,279,-0.46
1449,279,-0.44
1458,279,-0.357
1467,279,-0.469
1476,279,-0.604
1485,279,-0.669
1494,279,-0.74
1503,279,-0.62
1512,279,-0.901
1521,279,-1.121
1530,279,-0.962
1539,279,-0.933
1548,279,-0.789
1557,279,-0.658
1566,279,-0.632
1575,279,-0.517
1584,279,-0.681
1593,279,-0.557
1602,279,-0.448
1611,279,-0.509
1620,279,-0.485
1629,279,-0.461
1638,279,-0.438
1647,279,-0.34
1656,279,-0.319
1665,279,-0.299
1674,279,-0.279
1683,279,-0.26
1692,279,-0.305
1701,279,-0.357
1710,279,-0.334
1719,279,-0.311
1728,279,-0.288
1737,279,-0.203
1746,279,-0.245
1755,279,-0.294
1764,279,-0.353
1773,279,-0.246
1782,279,-0.3
1791,279,-0.2
1800,279,-0.248
1809,279,-0.222
1818,279,-0.135
1827,279,-0.114
1836,279,-0.094
1845,279,-0.044
1854,279,-0.032
1863,279,-0.022
1872,279,-0.013
1881,279,-0.017
1890,279,-0.021
1899,279,-0.067
1908,279,-0.234
1917,279,-0.477
9,288,-0
18,288,0.284
27,288,0.101
36,288,0.091
45,288,0.035
54,288,0.034
63,288,0.013
72,288,0.013
81,288,0.099
90,288,0.219
99,288,0.195
108,288,0.174
117,288,0.156
126,288,0.141
135,288,0.127
144,288,0.115
153,288,0.104
162,288,0.095
171,288,0.086
180,288,0.078
189,288,0.071
198,288,0.065
207,288,0.085
216,288,0.147
225,288,0.099
234,288,0.065
243,288,0.06
252,288,0.104
261,288,0.096
270,288,0.199
279,288,0.143
288,288,0.1
297,288,0.092
306,288,0.112
315,288,0.135
324,288,0.16
333,288,0.148
342,288,0.137
351,288,0.127
360,288,0.091
369,288,0.084
378,288,0.059
387,288,0.12
396,288,0.141
405,288,0.164
414,288,0.153
423,288,0.263
432,288,0.246
441,288,0.231
450,288,0.217
459,288,0.203
468,288,0.23
477,288,0.364
486,288,0.344
495,288,0.444
504,288,0.487
513,288,0.462
522,288,0.438
531,288,0.48
540,288,0.394
549,288,0.32
558,288,0.354
567,288,0.39
576,288,0.317
585,288,0.351
594,288,0.386
603,288,0.315
612,288,0.403
621,288,0.441
630,288,0.481
639,288,0.399
648,288,0.5
657,288,0.476
666,288,0.663
675,288,0.635
684,288,0.684
693,288,0.822
702,288,0.706
711,288,0.677
720,288,0.728
729,288,0.869
738,288,0.75
747,288,0.894
756,288,1.158
765,288,1.228
774,288,1.187
783,288,1.147
792,288,1.216
801,288,1.071
810,288,0.937
819,288,1.099
828,288,1.277
837,288,1.236
846,288,1.091
855,288,1.054
864,288,1.12
873,288,1.189
882,288,1.26
891,288,1.22
900,288,1.182
909,288,1.041
918,288,1.214
927,288,1.176
936,288,1.362
945,288,1.44
954,288,1.282
963,288,1.243
972,288,-1.098
981,288,-1.063
990,288,-1.028
999,288,-1.202
1008,288,-1.165
1017,288,-1.026
1026,288,-0.898
1035,288,-0.867
1044,288,-0.752
1053,288,-0.724
1062,288,-0.865
1071,288,-1.023
1080,288,-0.895
1089,288,-0.864
1098,288,-0.925
1107,288,-0.894
1116,288,-0.776
1125,288,-0.668
1134,288,-0.57
1143,288,-0.617
1152,288,-0.593
1161,288,-0.72
1170,288,-0.776
1179,288,-0.748
1188,288,-0.72
1197,288,-0.616
1206,288,-0.667
1215,288,-0.641
1224,288,-0.544
1233,288,-0.667
1242,288,-0.722
1251,288,-0.695
1260,288,-0.591
1269,288,-0.642
1278,288,-0.543
1287,288,-0.455
1296,288,-0.498
1305,288,-0.475
1314,288,-0.593
1323,288,-0.568
1332,288,-0.701
1341,288,-0.761
1350,288,-0.824
1359,288,-0.892
1368,288,-0.765
1377,288,-0.83
1386,288,-0.8
1395,288,-0.869
1404,288,-0.838
1413,288,-0.909
1422,288,-0.878
1431,288,-0.748
1440,288,-0.63
1449,288,-0.604
1458,288,-0.5
1467,288,-0.635
1476,288,-0.794
1485,288,-0.868
1494,288,-0.948
1503,288,-0.805
1512,288,-1.126
1521,288,-1.372
1530,288,-1.189
1539,288,-1.152
1548,288,-0.985
1557,288,-0.832
1566,288,-0.799
1575,288,-0.663
1584,288,-0.849
1593,288,-0.705
1602,288,-0.575
1611,288,-0.643
1620,288,-0.613
1629,288,-0.583
1638,288,-0.554
1647,288,-0.437
1656,288,-0.411
1665,288,-0.385
1674,288,-0.36
1683,288,-0.335
1692,288,-0.386
1701,288,-0.444
1710,288,-0.416
1719,288,-0.387
1728,288,-0.359
1737,288,-0.258
1746,288,-0.305
1755,288,-0.36
1764,288,-0.424
1773,288,-0.301
1782,288,-0.36
1791,288,-0.245
1800,288,-0.297
1809,288,-0.266
1818,288,-0.165
1827,288,-0.14
1836,288,-0.115
1845,288,-0.056
1854,288,-0.04
1863,288,-0.027
1872,288,-0.017
1881,288,-0.021
1890,288,-0.025
1899,288,-0.075
1908,288,-0.25
1917,288,-0.494
9,297,-0
18,297,0.266
27,297,0.091
36,297,0.081
45,297,0.03
54,297,0.028
63,297,0.01
72,297,0.01
81,297,0.083
90,297,0.186
99,297,0.163
108,297,0.144
117,297,0.127
126,297,0.113
135,297,0.101
144,297,0.09
153,297,0.08
162,297,0.072
171,297,0.064
180,297,0.058
189,297,0.052
198,297,0.047
207,297,0.062
216,297,0.11
225,297,0.071
234,297,0.045
243,297,0.041
252,297,0.074
261,297,0.067
270,297,0.146
279,297,0.101
288,297,0.068
297,297,0.062
306,297,0.076
315,297,0.093
324,297,0.111
333,297,0.131
342,297,0.12
351,297,0.11
360,297,0.101
369,297,0.092
378,297,0.064
387,297,0.127
396,297,0.148
405,297,0.17
414,297,0.157
423,297,0.264
432,297,0.246
441,297,0.229
450,297,0.213
459,297,0.198
468,297,0.223
477,297,0.35
486,297,0.329
495,297,0.422
504,297,0.46
513,297,0.434
522,297,0.409
531,297,0.513
540,297,0.421
549,297,0.342
558,297,0.374
567,297,0.409
576,297,0.332
585,297,0.364
594,297,0.398
603,297,0.323
612,297,0.409
621,297,0.445
630,297,0.482
639,297,0.398
648,297,0.495
657,297,0.469
666,297,0.649
675,297,0.618
684,297,0.663
693,297,0.881
702,297,0.758
711,297,0.724
720,297,0.773
729,297,0.914
738,297,0.789
747,297,0.931
756,297,1.193
765,297,1.258
774,297,1.212
783,297,1.168
792,297,1.232
801,297,1.083
810,297,0.945
819,297,1.102
828,297,1.273
837,297,1.229
846,297,1.081
855,297,1.041
864,297,1.101
873,297,1.164
882,297,1.229
891,297,1.186
900,297,1.144
909,297,1.004
918,297,1.166
927,297,1.125
936,297,1.299
945,297,1.369
954,297,1.213
963,297,1.171
972,297,-1.03
981,297,-0.992
990,297,-0.955
999,297,-1.22
1008,297,-1.179
1017,297,-1.037
1026,297,-0.906
1035,297,-0.871
1044,297,-0.754
1053,297,-0.723
1062,297,-0.858
1071,297,-1.009
1080,297,-0.88
1089,297,-0.846
1098,297,-0.902
1107,297,-0.868
1116,297,-0.75
1125,297,-0.643
1134,297,-0.546
1143,297,-0.588
1152,297,-0.561
1161,297,-0.679
1170,297,-0.729
1179,297,-0.699
1188,297,-0.669
1197,297,-0.568
1206,297,-0.613
1215,297,-0.586
1224,297,-0.493
1233,297,-0.604
1242,297,-0.651
1251,297,-0.622
1260,297,-0.524
1269,297,-0.568
1278,297,-0.475
1287,297,-0.393
1296,297,-0.428
1305,297,-0.406
1314,297,-0.577
1323,297,-0.55
1332,297,-0.675
1341,297,-0.729
1350,297,-0.786
1359,297,-0.847
1368,297,-0.722
1377,297,-0.78
1386,297,-0.747
1395,297,-0.808
1404,297,-0.774
1413,297,-0.837
1422,297,-0.803
1431,297,-0.678
1440,297,-0.566
1449,297,-0.538
1458,297,-0.44
1467,297,-0.559
1476,297,-0.699
1485,297,-0.761
1494,297,-0.828
1503,297,-0.695
1512,297,-0.978
1521,297,-1.192
1530,297,-1.021
1539,297,-0.982
1548,297,-0.828
1557,297,-0.688
1566,297,-0.655
1575,297,-0.533
1584,297,-0.686
1593,297,-0.558
1602,297,-0.445
1611,297,-0.497
1620,297,-0.467
1629,297,-0.522
1638,297,-0.582
1647,297,-0.46
1656,297,-0.43
1665,297,-0.4
1674,297,-0.372
1683,297,-0.344
1692,297,-0.392
1701,297,-0.446
1710,297,-0.414
1719,297,-0.383
1728,297,-0.352
1737,297,-0.251
1746,297,-0.292
1755,297,-0.341
1764,297,-0.398
1773,297,-0.278
1782,297,-0.329
1791,297,-0.219
1800,297,-0.352
1809,297,-0.315
1818,297,-0.199
1827,297,-0.168
1836,297,-0.139
1845,297,-0.069
1854,297,-0.05
1863,297,-0.034
1872,297,-0.021
1881,297,-0.025
1890,297,-0.03
1899,297,-0.084
1908,297,-0.267
1917,297,-0.511
9,306,-0
18,306,0.249
27,306,0.082
36,306,0.071
45,306,0.025
54,306,0.023
63,306,0.008
72,306,0.008
81,306,0.068
90,306,0.157
99,306,0.136
108,306,0.118
117,306,0.103
126,306,0.09
135,306,0.079
144,306,0.104
153,306,0.091
162,306,0.081
171,306,0.071
180,306,0.063
189,306,0.056
198,306,0.049
207,306,0.064
216,306,0.111
225,306,0.072
234,306,0.045
243,306,0.04
252,306,0.071
261,306,0.064
270,306,0.138
279,306,0.124
288,306,0.085
297,306,0.076
306,306,0.092
315,306,0.108
324,306,0.127
333,306,0.147
342,306,0.134
351,306,0.122
360,306,0.111
369,306,0.101
378,306,0.07
387,306,0.135
396,306,0.154
405,306,0.175
414,306,0.16
423,306,0.265
432,306,0.246
441,306,0.227
450,306,0.21
459,306,0.234
468,306,0.259
477,306,0.394
486,306,0.368
495,306,0.464
504,306,0.501
513,306,0.47
522,306,0.442
531,306,0.546
540,306,0.448
549,306,0.364
558,306,0.395
567,306,0.428
576,306,0.347
585,306,0.377
594,306,0.409
603,306,0.332
612,306,0.416
621,306,0.449
630,306,0.483
639,306,0.398
648,306,0.49
657,306,0.462
666,306,0.635
675,306,0.602
684,306,0.642
693,306,0.85
702,306,0.728
711,306,0.692
720,306,0.736
729,306,0.867
738,306,0.827
747,306,0.967
756,306,1.227
765,306,1.288
774,306,1.237
783,306,1.188
792,306,1.248
801,306,1.095
810,306,0.954
819,306,1.105
828,306,1.27
837,306,1.222
846,306,1.072
855,306,1.028
864,306,1.186
873,306,1.246
882,306,1.308
891,306,1.26
900,306,1.212
909,306,1.064
918,306,1.226
927,306,1.179
936,306,1.351
945,306,1.417
954,306,1.255
963,306,1.208
972,306,-1.061
981,306,-1.02
990,306,-0.979
999,306,-1.24
1008,306,-1.194
1017,306,-1.048
1026,306,-0.914
1035,306,-0.876
1044,306,-0.756
1053,306,-0.722
1062,306,-0.852
1071,306,-0.996
1080,306,-0.866
1089,306,-0.829
1098,306,-0.88
1107,306,-0.843
1116,306,-0.725
1125,306,-0.693
1134,306,-0.589
1143,306,-0.63
1152,306,-0.6
1161,306,-0.718
1170,306,-0.765
1179,306,-0.731
1188,306,-0.698
1197,306,-0.592
1206,306,-0.634
1215,306,-0.604
1224,306,-0.507
1233,306,-0.616
1242,306,-0.66
1251,306,-0.628
1260,306,-0.598
1269,306,-0.641
1278,306,-0.539
1287,306,-0.448
1296,306,-0.484
1305,306,-0.458
1314,306,-0.637
1323,306,-0.606
1332,306,-0.734
1341,306,-0.786
1350,306,-0.842
1359,306,-0.9
1368,306,-0.768
1377,306,-0.824
1386,306,-0.787
1395,306,-0.845
1404,306,-0.807
1413,306,-0.867
1422,306,-0.828
1431,306,-0.699
1440,306,-0.582
1449,306,-0.551
1458,306,-0.45
1467,306,-0.566
1476,306,-0.702
1485,306,-0.759
1494,306,-0.821
1503,306,-0.686
1512,306,-0.957
1521,306,-1.161
1530,306,-0.99
1539,306,-0.946
1548,306,-0.793
1557,306,-0.655
1566,306,-0.619
1575,306,-0.499
1584,306,-0.64
1593,306,-0.516
1602,306,-0.407
1611,306,-0.451
1620,306,-0.42
1629,306,-0.466
1638,306,-0.517
1647,306,-0.402
1656,306,-0.371
1665,306,-0.341
1674,306,-0.313
1683,306,-0.285
1692,306,-0.322
1701,306,-0.365
1710,306,-0.413
1719,306,-0.378
1728,306,-0.345
1737,306,-0.244
1746,306,-0.28
1755,306,-0.323
1764,306,-0.373
1773,306,-0.257
1782,306,-0.3
1791,306,-0.195
1800,306,-0.312
1809,306,-0.274
1818,306,-0.167
1827,306,-0.137
1836,306,-0.11
1845,306,-0.051
1854,306,-0.062
1863,306,-0.042
1872,306,-0.026
1881,306,-0.03
1890,306,-0.035
1899,306,-0.094
1908,306,-0.284
1917,306,-0.527
9,315,-0
18,315,0.233
27,315,0.074
36,315,0.063
45,315,0.021
54,315,0.019
63,315,0.007
72,315,0.006
81,315,0.056
90,315,0.132
99,315,0.113
108,315,0.096
117,315,0.083
126,315,0.071
135,315,0.061
144,315,0.081
153,315,0.07
162,315,0.09
171,315,0.078
180,315,0.068
189,315,0.06
198,315,0.052
207,315,0.066
216,315,0.112
225,315,0.072
234,315,0.088
243,315,0.078
252,315,0.124
261,315,0.111
270,315,0.212
279,315,0.191
288,315,0.135
297,315,0.121
306,315,0.14
315,315,0.16
324,315,0.181
333,315,0.204
342,315,0.185
351,315,0.168
360,315,0.153
369,315,0.138
378,315,0.098
387,315,0.176
396,315,0.197
405,315,0.219
414,315,0.2
423,315,0.317
432,315,0.293
441,315,0.27
450,315,0.248
459,315,0.272
468,315,0.298
477,315,0.44
486,315,0.41
495,315,0.507
504,315,0.543
513,315,0.579
522,315,0.543
531,315,0.656
540,315,0.544
549,315,0.446
558,315,0.478
567,315,0.511
576,315,0.418
585,315,0.449
594,315,0.481
603,315,0.393
612,315,0.482
621,315,0.515
630,315,0.549
639,315,0.454
648,315,0.55
657,315,0.518
666,315,0.697
675,315,0.737
684,315,0.778
693,315,1.004
702,315,0.865
711,315,0.822
720,315,0.865
729,315,1.004
738,315,0.957
747,315,1.103
756,315,1.375
765,315,1.434
774,315,1.376
783,315,1.319
792,315,1.376
801,315,1.211
810,315,1.058
819,315,1.213
828,315,1.38
837,315,1.324
846,315,1.164
855,315,1.115
864,315,1.274
873,315,1.331
882,315,1.389
891,315,1.335
900,315,1.281
909,315,1.126
918,315,1.286
927,315,1.344
936,315,1.523
945,315,1.587
954,315,1.41
963,315,1.356
972,315,-1.196
981,315,-1.147
990,315,-1.099
999,315,-1.37
1008,315,-1.318
1017,315,-1.16
1026,315,-1.014
1035,315,-0.971
1044,315,-0.84
1053,315,-0.801
1062,315,-0.934
1071,315,-1.081
1080,315,-0.941
1089,315,-0.899
1098,315,-0.948
1107,315,-0.906
1116,315,-0.781
1125,315,-0.744
1134,315,-0.633
1143,315,-0.673
1152,315,-0.639
1161,315,-0.757
1170,315,-0.801
1179,315,-0.764
1188,315,-0.727
1197,315,-0.616
1206,315,-0.656
1215,315,-0.622
1224,315,-0.522
1233,315,-0.704
1242,315,-0.749
1251,315,-0.712
1260,315,-0.676
1269,315,-0.719
1278,315,-0.607
1287,315,-0.507
1296,315,-0.543
1305,315,-0.512
1314,315,-0.699
1323,315,-0.663
1332,315,-0.794
1341,315,-0.844
1350,315,-0.898
1359,315,-0.955
1368,315,-0.815
1377,315,-0.869
1386,315,-0.827
1395,315,-0.882
1404,315,-0.84
1413,315,-0.896
1422,315,-0.854
1431,315,-0.72
1440,315,-0.599
1449,315,-0.564
1458,315,-0.46
1467,315,-0.573
1476,315,-0.704
1485,315,-0.757
1494,315,-0.814
1503,315,-0.677
1512,315,-0.938
1521,315,-1.131
1530,315,-0.96
1539,315,-0.913
1548,315,-0.761
1557,315,-0.718
1566,315,-0.677
1575,315,-0.637
1584,315,-0.797
1593,315,-0.651
1602,315,-0.522
1611,315,-0.571
1620,315,-0.532
1629,315,-0.584
1638,315,-0.641
1647,315,-0.506
1656,315,-0.468
1665,315,-0.431
1674,315,-0.396
1683,315,-0.361
1692,315,-0.403
1701,315,-0.45
1710,315,-0.503
1719,315,-0.461
1728,315,-0.421
1737,315,-0.303
1746,315,-0.344
1755,315,-0.39
1764,315,-0.444
1773,315,-0.311
1782,315,-0.358
1791,315,-0.237
1800,315,-0.367
1809,315,-0.322
1818,315,-0.2
1827,315,-0.165
1836,315,-0.132
1845,315,-0.063
1854,315,-0.075
1863,315,-0.051
1872,315,-0.032
1881,315,-0.036
1890,315,-0.041
1899,315,-0.105
1908,315,-0.302
1917,315,-0.544
9,324,-0
18,324,0.218
27,324,0.066
36,324,0.055
45,324,0.018
54,324,0.016
63,324,0.005
72,324,0.005
81,324,0.046
90,324,0.111
99,324,0.093
108,324,0.078
117,324,0.066
126,324,0.087
135,324,0.074
144,324,0.094
153,324,0.116
162,324,0.14
171,324,0.121
180,324,0.105
189,324,0.091
198,324,0.079
207,324,0.095
216,324,0.151
225,324,0.099
234,324,0.117
243,324,0.103
252,324,0.156
261,324,0.138
270,324,0.25
279,324,0.225
288,324,0.16
297,324,0.142
306,324,0.161
315,324,0.181
324,324,0.202
333,324,0.225
342,324,0.203
351,324,0.183
360,324,0.165
369,324,0.148
378,324,0.106
387,324,0.184
396,324,0.204
405,324,0.224
414,324,0.204
423,324,0.318
432,324,0.292
441,324,0.267
450,324,0.244
459,324,0.314
468,324,0.339
477,324,0.488
486,324,0.453
495,324,0.553
504,324,0.586
513,324,0.621
522,324,0.58
531,324,0.692
540,324,0.574
549,324,0.47
558,324,0.5
567,324,0.531
576,324,0.435
585,324,0.463
594,324,0.492
603,324,0.459
612,324,0.554
621,324,0.586
630,324,0.619
639,324,0.514
648,324,0.614
657,324,0.576
666,324,0.761
675,324,0.799
684,324,0.838
693,324,1.067
702,324,0.92
711,324,0.872
720,324,0.913
729,324,1.05
738,324,0.998
747,324,1.142
756,324,1.411
765,324,1.586
774,324,1.644
783,324,1.576
792,324,1.633
801,324,1.446
810,324,1.273
819,324,1.438
828,324,1.615
837,324,1.549
846,324,1.369
855,324,1.31
864,324,1.478
873,324,1.535
882,324,1.593
891,324,1.529
900,324,1.467
909,324,1.294
918,324,1.462
927,324,1.519
936,324,1.703
945,324,1.766
954,324,1.573
963,324,1.511
972,324,-1.337
981,324,-1.28
990,324,-1.226
999,324,-1.506
1008,324,-1.446
1017,324,-1.277
1026,324,-1.119
1035,324,-1.069
1044,324,-0.929
1053,324,-0.973
1062,324,-1.117
1071,324,-1.274
1080,324,-1.117
1089,324,-1.067
1098,324,-1.117
1107,324,-1.067
1116,324,-0.926
1125,324,-0.881
1134,324,-0.756
1143,324,-0.796
1152,324,-0.756
1161,324,-0.882
1170,324,-0.927
1179,324,-0.882
1188,324,-0.928
1197,324,-0.797
1206,324,-0.84
1215,324,-0.798
1224,324,-0.757
1233,324,-0.98
1242,324,-1.031
1251,324,-0.983
1260,324,-0.936
1269,324,-0.986
1278,324,-0.847
1287,324,-0.72
1296,324,-0.762
1305,324,-0.721
1314,324,-0.947
1323,324,-0.9
1332,324,-1.053
1341,324,-1.11
1350,324,-1.17
1359,324,-1.233
1368,324,-1.067
1377,324,-1.126
1386,324,-1.074
1395,324,-1.135
1404,324,-1.083
1413,324,-1.145
1422,324,-1.093
1431,324,-0.934
1440,324,-0.789
1449,324,-0.745
1458,324,-0.618
1467,324,-0.75
1476,324,-0.901
1485,324,-0.96
1494,324,-1.022
1503,324,-0.862
1512,324,-1.158
1521,324,-1.371
1530,324,-1.175
1539,324,-1.119
1548,324,-0.944
1557,324,-0.893
1566,324,-0.843
1575,324,-0.794
1584,324,-0.973
1593,324,-0.805
1602,324,-0.654
1611,324,-0.708
1620,324,-0.662
1629,324,-0.718
1638,324,-0.779
1647,324,-0.623
1656,324,-0.578
1665,324,-0.534
1674,324,-0.491
1683,324,-0.449
1692,324,-0.495
1701,324,-0.546
1710,324,-0.603
1719,324,-0.554
1728,324,-0.506
1737,324,-0.37
1746,324,-0.415
1755,324,-0.465
1764,324,-0.523
1773,324,-0.372
1782,324,-0.422
1791,324,-0.285
1800,324,-0.427
1809,324,-0.375
1818,324,-0.237
1827,324,-0.196
1836,324,-0.158
1845,324,-0.077
1854,324,-0.09
1863,324,-0.062
1872,324,-0.038
1881,324,-0.043
1890,324,-0.048
1899,324,-0.116
1908,324,-0.32
1917,324,-0.562
9,333,-0
18,333,0.203
27,333,0.06
36,333,0.112
45,333,0.04
54,333,0.033
63,333,0.011
72,333,0.01
81,333,0.068
90,333,0.145
99,333,0.119
108,333,0.099
117,333,0.082
126,333,0.104
135,333,0.127
144,333,0.152
153,333,0.178
162,333,0.269
171,333,0.233
180,333,0.262
189,333,0.229
198,333,0.2
207,333,0.225
216,333,0.314
225,333,0.221
234,333,0.246
243,333,0.218
252,333,0.299
261,333,0.266
270,333,0.426
279,333,0.384
288,333,0.286
297,333,0.256
306,333,0.279
315,333,0.304
324,333,0.33
333,333,0.356
342,333,0.322
351,333,0.291
360,333,0.263
369,333,0.237
378,333,0.175
387,333,0.28
396,333,0.302
405,333,0.326
414,333,0.35
423,333,0.503
432,333,0.463
441,333,0.426
450,333,0.391
459,333,0.481
468,333,0.509
477,333,0.693
486,333,0.645
495,333,0.762
504,333,0.797
513,333,0.833
522,333,0.78
531,333,0.908
540,333,0.763
549,333,0.636
558,333,0.667
567,333,0.7
576,333,0.581
585,333,0.611
594,333,0.642
603,333,0.6
612,333,0.706
621,333,0.739
630,333,0.772
639,333,0.649
648,333,0.759
657,333,0.713
666,333,0.916
675,333,0.953
684,333,0.992
693,333,1.236
702,333,1.072
711,333,1.015
720,333,1.055
729,333,1.198
738,333,1.138
747,333,1.287
756,333,1.566
765,333,1.745
774,333,1.799
783,333,1.722
792,333,1.777
801,333,1.576
810,333,1.506
819,333,1.681
828,333,1.866
837,333,1.924
846,333,1.715
855,333,1.643
864,333,1.827
873,333,1.884
882,333,1.943
891,333,1.866
900,333,1.791
909,333,1.593
918,333,1.774
927,333,1.832
936,333,2.029
945,333,2.092
954,333,1.876
963,333,1.802
972,333,-1.604
981,333,-1.537
990,333,-1.472
999,333,-1.775
1008,333,-1.705
1017,333,-1.514
1026,333,-1.336
1035,333,-1.277
1044,333,-1.117
1053,333,-1.163
1062,333,-1.317
1071,333,-1.483
1080,333,-1.308
1089,333,-1.249
1098,333,-1.299
1107,333,-1.241
1116,333,-1.083
1125,333,-1.031
1134,333,-0.89
1143,333,-0.93
1152,333,-0.883
1161,333,-1.016
1170,333,-1.061
1179,333,-1.01
1188,333,-1.055
1197,333,-0.91
1206,333,-0.953
1215,333,-0.904
1224,333,-0.857
1233,333,-1.091
1242,333,-1.141
1251,333,-1.086
1260,333,-1.033
1269,333,-1.082
1278,333,-0.932
1287,333,-0.794
1296,333,-0.835
1305,333,-0.789
1314,333,-1.021
1323,333,-0.969
1332,333,-1.123
1341,333,-1.178
1350,333,-1.234
1359,333,-1.294
1368,333,-1.12
1377,333,-1.176
1386,333,-1.119
1395,333,-1.176
1404,333,-1.119
1413,333,-1.177
1422,333,-1.12
1431,333,-1.063
1440,333,-0.904
1449,333,-0.853
1458,333,-0.712
1467,333,-0.852
1476,333,-1.01
1485,333,-1.068
1494,333,-1.13
1503,333,-0.957
1512,333,-1.264
1521,333,-1.481
1530,333,-1.273
1539,333,-1.21
1548,333,-1.023
1557,333,-0.966
1566,333,-0.91
1575,333,-0.855
1584,333,-1.036
1593,333,-0.858
1602,333,-0.699
1611,333,-0.751
1620,333,-0.699
1629,333,-0.753
1638,333,-0.811
1647,333,-0.649
1656,333,-0.599
1665,333,-0.55
1674,333,-0.503
1683,333,-0.458
1692,333,-0.5
1701,333,-0.547
1710,333,-0.599
1719,333,-0.547
1728,333,-0.496
1737,333,-0.359
1746,333,-0.398
1755,333,-0.442
1764,333,-0.492
1773,333,-0.345
1782,333,-0.387
1791,333,-0.256
1800,333,-0.381
1809,333,-0.329
1818,333,-0.202
1827,333,-0.162
1836,333,-0.126
1845,333,-0.058
1854,333,-0.065
1863,333,-0.042
1872,333,-0.024
1881,333,-0.025
1890,333,-0.025
1899,333,-0.058
1908,333,-0.152
1917,333,-0.579
9,342,-0
18,342,0.19
27,342,0.054
36,342,0.1
45,342,0.034
54,342,0.028
63,342,0.009
72,342,0.008
81,342,0.056
90,342,0.122
99,342,0.099
108,342,0.081
117,342,0.066
126,342,0.083
135,342,0.102
144,342,0.17
153,342,0.332
162,342,0.455
171,342,0.396
180,342,0.428
189,342,0.375
198,342,0.328
207,342,0.357
216,342,0.468
225,342,0.34
234,342,0.368
243,342,0.326
252,342,0.505
261,342,0.453
270,342,0.662
279,342,0.599
288,342,0.461
297,342,0.415
306,342,0.442
315,342,0.469
324,342,0.497
333,342,0.525
342,342,0.477
351,342,0.433
360,342,0.392
369,342,0.355
378,342,0.27
387,342,0.468
396,342,0.494
405,342,0.521
414,342,0.548
423,342,0.741
432,342,0.685
441,342,0.633
450,342,0.583
459,342,0.692
468,342,0.722
477,342,0.939
486,342,0.876
495,342,1.009
504,342,1.044
513,342,1.081
522,342,1.013
531,342,1.155
540,342,0.983
549,342,0.829
558,342,0.862
567,342,0.894
576,342,0.752
585,342,0.783
594,342,0.814
603,342,0.761
612,342,0.878
621,342,0.911
630,342,0.944
639,342,0.801
648,342,0.92
657,342,0.864
666,342,1.085
675,342,1.121
684,342,1.264
693,342,1.536
702,342,1.459
711,342,1.386
720,342,1.428
729,342,1.591
738,342,1.514
747,342,1.682
756,342,1.997
765,342,2.193
774,342,2.247
783,342,2.154
792,342,2.208
801,342,1.976
810,342,1.89
819,342,2.081
828,342,2.281
837,342,2.338
846,342,2.1
855,342,2.013
864,342,2.211
873,342,2.268
882,342,2.326
891,342,2.235
900,342,2.147
909,342,1.923
918,342,2.116
927,342,2.174
936,342,2.382
945,342,2.444
954,342,2.203
963,342,2.117
972,342,-1.896
981,342,-1.817
990,342,-1.741
999,342,-2.065
1008,342,-1.983
1017,342,-1.771
1026,342,-1.572
1035,342,-1.502
1044,342,-1.323
1053,342,-1.369
1062,342,-1.532
1071,342,-1.707
1080,342,-1.513
1089,342,-1.445
1098,342,-1.494
1107,342,-1.427
1116,342,-1.252
1125,342,-1.191
1134,342,-1.035
1143,342,-1.075
1152,342,-1.02
1161,342,-1.16
1170,342,-1.204
1179,342,-1.145
1188,342,-1.19
1197,342,-1.031
1206,342,-1.073
1215,342,-1.017
1224,342,-0.963
1233,342,-1.207
1242,342,-1.255
1251,342,-1.194
1260,342,-1.134
1269,342,-1.181
1278,342,-1.02
1287,342,-0.873
1296,342,-0.912
1305,342,-0.861
1314,342,-1.098
1323,342,-1.04
1332,342,-1.195
1341,342,-1.246
1350,342,-1.3
1359,342,-1.356
1368,342,-1.174
1377,342,-1.227
1386,342,-1.164
1395,342,-1.218
1404,342,-1.155
1413,342,-1.331
1422,342,-1.266
1431,342,-1.201
1440,342,-1.026
1449,342,-0.968
1458,342,-0.814
1467,342,-1.07
1476,342,-1.247
1485,342,-1.31
1494,342,-1.375
1503,342,-1.177
1512,342,-1.518
1521,342,-1.754
1530,342,-1.52
1539,342,-1.447
1548,342,-1.235
1557,342,-1.168
1566,342,-1.102
1575,342,-1.037
1584,342,-1.235
1593,342,-1.034
1602,342,-0.852
1611,342,-0.908
1620,342,-0.847
1629,342,-0.905
1638,342,-0.967
1647,342,-0.783
1656,342,-0.724
1665,342,-0.667
1674,342,-0.611
1683,342,-0.558
1692,342,-0.603
1701,342,-0.653
1710,342,-0.708
1719,342,-0.647
1728,342,-0.588
1737,342,-0.433
1746,342,-0.475
1755,342,-0.521
1764,342,-0.574
1773,342,-0.409
1782,342,-0.453
1791,342,-0.305
1800,342,-0.442
1809,342,-0.382
1818,342,-0.238
1827,342,-0.192
1836,342,-0.149
1845,342,-0.07
1854,342,-0.078
1863,342,-0.05
1872,342,-0.029
1881,342,-0.029
1890,342,-0.029
1899,342,-0.066
1908,342,-0.163
1917,342,-0.596
9,351,-0
18,351,0.177
27,351,0.048
36,351,0.089
45,351,0.03
54,351,0.023
63,351,0.007
72,351,0.006
81,351,0.046
90,351,0.102
99,351,0.082
108,351,0.065
117,351,0.052
126,351,0.066
135,351,0.118
144,351,0.188
153,351,0.446
162,351,0.582
171,351,0.507
180,351,0.537
189,351,0.47
198,351,0.41
207,351,0.438
216,351,0.556
225,351,0.409
234,351,0.52
243,351,0.461
252,351,0.672
261,351,0.603
270,351,0.84
279,351,0.761
288,351,0.595
297,351,0.536
306,351,0.562
315,351,0.589
324,351,0.615
333,351,0.735
342,351,0.67
351,351,0.61
360,351,0.554
369,351,0.503
378,351,0.391
387,351,0.631
396,351,0.657
405,351,0.684
414,351,0.71
423,351,0.928
432,351,0.858
441,351,0.793
450,351,0.732
459,351,0.85
468,351,0.879
477,351,1.114
486,351,1.038
495,351,1.178
504,351,1.211
513,351,1.245
522,351,1.166
531,351,1.312
540,351,1.123
549,351,0.953
558,351,0.983
567,351,1.013
576,351,0.857
585,351,0.885
594,351,0.914
603,351,0.854
612,351,0.973
621,351,1.004
630,351,1.034
639,351,0.88
648,351,1
657,351,0.938
666,351,1.162
675,351,1.195
684,351,1.337
693,351,1.609
702,351,1.526
711,351,1.446
720,351,1.484
729,351,1.643
738,351,1.561
747,351,1.854
756,351,2.177
765,351,2.374
774,351,2.423
783,351,2.32
792,351,2.369
801,351,2.123
810,351,2.029
819,351,2.219
828,351,2.419
837,351,2.47
846,351,2.22
855,351,2.126
864,351,2.321
873,351,2.373
882,351,2.425
891,351,2.479
900,351,2.533
909,351,2.282
918,351,2.487
927,351,2.543
936,351,2.762
945,351,2.821
954,351,2.555
963,351,2.456
972,351,-2.211
981,351,-2.12
990,351,-2.172
999,351,-2.53
1008,351,-2.432
1017,351,-2.189
1026,351,-1.96
1035,351,-1.876
1044,351,-1.667
1053,351,-1.714
1062,351,-1.894
1071,351,-2.085
1080,351,-1.862
1089,351,-1.781
1098,351,-1.832
1107,351,-1.752
1116,351,-1.55
1125,351,-1.478
1134,351,-1.296
1143,351,-1.338
1152,351,-1.271
1161,351,-1.425
1170,351,-1.471
1179,351,-1.4
1188,351,-1.446
1197,351,-1.265
1206,351,-1.308
1215,351,-1.241
1224,351,-1.285
1233,351,-1.567
1242,351,-1.619
1251,351,-1.544
1260,351,-1.471
1269,351,-1.522
1278,351,-1.33
1287,351,-1.154
1296,351,-1.197
1305,351,-1.133
1314,351,-1.406
1323,351,-1.336
1332,351,-1.511
1341,351,-1.566
1350,351,-1.623
1359,351,-1.682
1368,351,-1.472
1377,351,-1.529
1386,351,-1.454
1395,351,-1.511
1404,351,-1.437
1413,351,-1.632
1422,351,-1.554
1431,351,-1.478
1440,351,-1.277
1449,351,-1.207
1458,351,-1.027
1467,351,-1.316
1476,351,-1.511
1485,351,-1.577
1494,351,-1.646
1503,351,-1.422
1512,351,-1.795
1521,351,-2.05
1530,351,-1.79
1539,351,-1.705
1548,351,-1.468
1557,351,-1.39
1566,351,-1.314
1575,351,-1.239
1584,351,-1.454
1593,351,-1.229
1602,351,-1.024
1611,351,-1.082
1620,351,-1.012
1629,351,-1.072
1638,351,-1.137
1647,351,-0.931
1656,351,-0.862
1665,351,-0.796
1674,351,-0.731
1683,351,-0.669
1692,351,-0.717
1701,351,-0.77
1710,351,-0.828
1719,351,-0.758
1728,351,-0.689
1737,351,-0.515
1746,351,-0.559
1755,351,-0.608
1764,351,-0.663
1773,351,-0.478
1782,351,-0.525
1791,351,-0.359
1800,351,-0.507
1809,351,-0.439
1818,351,-0.279
1827,351,-0.225
1836,351,-0.176
1845,351,-0.085
1854,351,-0.093
1863,351,-0.06
1872,351,-0.035
1881,351,-0.035
1890,351,-0.034
1899,351,-0.073
1908,351,-0.175
1917,351,-0.613
9,360,-0
18,360,0.166
27,360,0.043
36,360,0.08
45,360,0.059
54,360,0.044
63,360,0.015
72,360,0.012
81,360,0.067
90,360,0.133
99,360,0.105
108,360,0.083
117,360,0.066
126,360,0.08
135,360,0.135
144,360,0.208
153,360,0.472
162,360,0.606
171,360,0.524
180,360,0.55
189,360,0.576
198,360,0.503
207,360,0.527
216,360,0.652
225,360,0.485
234,360,0.601
243,360,0.532
252,360,0.753
261,360,0.675
270,360,0.918
279,360,0.829
288,360,0.651
297,360,0.585
306,360,0.608
315,360,0.631
324,360,0.654
333,360,0.772
342,360,0.701
351,360,0.636
360,360,0.576
369,360,0.521
378,360,0.405
387,360,0.642
396,360,0.665
405,360,0.688
414,360,0.711
423,360,0.922
432,360,0.849
441,360,0.781
450,360,0.718
459,360,0.829
468,360,0.853
477,360,1.078
486,360,1.001
495,360,1.132
504,360,1.159
513,360,1.187
522,360,1.107
531,360,1.358
540,360,1.162
549,360,1.085
558,360,1.112
567,360,1.139
576,360,0.968
585,360,0.993
594,360,1.02
603,360,0.951
612,360,1.073
621,360,1.1
630,360,1.128
639,360,0.962
648,360,1.083
657,360,1.014
666,360,1.242
675,360,1.271
684,360,1.412
693,360,1.684
702,360,1.594
711,360,1.508
720,360,1.541
729,360,1.697
738,360,1.608
747,360,1.898
756,360,2.215
765,360,2.406
774,360,2.448
783,360,2.339
792,360,2.382
801,360,2.131
810,360,2.032
819,360,2.214
828,360,2.405
837,360,2.604
846,360,2.343
855,360,2.24
864,360,2.432
873,360,2.478
882,360,2.525
891,360,2.573
900,360,2.621
909,360,2.361
918,360,2.561
927,360,2.611
936,360,2.824
945,360,2.877
954,360,2.603
963,360,2.497
972,360,-2.246
981,360,-2.149
990,360,-2.195
999,360,-2.545
1008,360,-2.442
1017,360,-2.194
1026,360,-1.961
1035,360,-1.873
1044,360,-1.661
1053,360,-1.702
1062,360,-1.874
1071,360,-2.056
1080,360,-1.831
1089,360,-1.747
1098,360,-1.791
1107,360,-1.707
1116,360,-1.506
1125,360,-1.43
1134,360,-1.249
1143,360,-1.285
1152,360,-1.216
1161,360,-1.474
1170,360,-1.516
1179,360,-1.439
1188,360,-1.481
1197,360,-1.294
1206,360,-1.333
1215,360,-1.262
1224,360,-1.3
1233,360,-1.577
1242,360,-1.623
1251,360,-1.544
1260,360,-1.466
1269,360,-1.511
1278,360,-1.318
1287,360,-1.14
1296,360,-1.177
1305,360,-1.11
1314,360,-1.373
1323,360,-1.299
1332,360,-1.464
1341,360,-1.512
1350,360,-1.561
1359,360,-1.613
1368,360,-1.405
1377,360,-1.584
1386,360,-1.637
1395,360,-1.693
1404,360,-1.751
1413,360,-1.964
1422,360,-1.874
1431,360,-1.785
1440,360,-1.556
1449,360,-1.475
1458,360,-1.268
1467,360,-1.589
1476,360,-1.802
1485,360,-1.87
1494,360,-1.942
1503,360,-1.691
1512,360,-2.096
1521,360,-2.368
1530,360,-2.081
1539,360,-1.985
1548,360,-1.722
1557,360,-1.633
1566,360,-1.545
1575,360,-1.459
1584,360,-1.691
1593,360,-1.441
1602,360,-1.212
1611,360,-1.273
1620,360,-1.192
1629,360,-1.255
1638,360,-1.322
1647,360,-1.093
1656,360,-1.014
1665,360,-0.938
1674,360,-0.864
1683,360,-0.791
1692,360,-0.842
1701,360,-0.897
1710,360,-0.957
1719,360,-0.877
1728,360,-0.8
1737,360,-0.605
1746,360,-0.651
1755,360,-0.702
1764,360,-0.759
1773,360,-0.554
1782,360,-0.603
1791,360,-0.418
1800,360,-0.578
1809,360,-0.501
1818,360,-0.323
1827,360,-0.262
1836,360,-0.205
1845,360,-0.102
1854,360,-0.109
1863,360,-0.071
1872,360,-0.041
1881,360,-0.041
1890,360,-0.039
1899,360,-0.082
1908,360,-0.187
1917,360,-0.631
9,369,-0
18,369,0.155
27,369,0.039
36,369,0.071
45,369,0.051
54,369,0.037
63,369,0.012
72,369,0.009
81,369,0.055
90,369,0.112
99,369,0.087
108,369,0.067
117,369,0.052
126,369,0.064
135,369,0.11
144,369,0.171
153,369,0.403
162,369,0.521
171,369,0.445
180,369,0.466
189,369,0.487
198,369,0.42
207,369,0.528
216,369,0.647
225,369,0.479
234,369,0.588
243,369,0.518
252,369,0.729
261,369,0.649
270,369,0.88
279,369,0.79
288,369,0.615
297,369,0.549
306,369,0.567
315,369,0.586
324,369,0.694
333,369,0.81
342,369,0.733
351,369,0.663
360,369,0.598
369,369,0.538
378,369,0.418
387,369,0.654
396,369,0.673
405,369,0.692
414,369,0.711
423,369,0.916
432,369,0.84
441,369,0.77
450,369,0.704
459,369,0.809
468,369,0.829
477,369,1.044
486,369,0.965
495,369,1.088
504,369,1.11
513,369,1.133
522,369,1.051
531,369,1.288
540,369,1.096
549,369,1.018
558,369,1.04
567,369,1.062
576,369,0.896
585,369,0.917
594,369,0.938
603,369,0.87
612,369,0.981
621,369,1.003
630,369,1.025
639,369,0.867
648,369,0.976
657,369,0.909
666,369,1.116
675,369,1.14
684,369,1.266
693,369,1.515
702,369,1.427
711,369,1.343
720,369,1.369
729,369,1.508
738,369,1.422
747,369,1.685
756,369,1.973
765,369,2.144
774,369,2.178
783,369,2.071
792,369,2.105
801,369,1.869
810,369,1.773
819,369,1.934
828,369,2.245
837,369,2.429
846,369,2.318
855,369,2.211
864,369,2.394
873,369,2.433
882,369,2.472
891,369,2.512
900,369,2.553
909,369,2.293
918,369,2.482
927,369,2.523
936,369,2.723
945,369,2.768
954,369,2.496
963,369,2.387
972,369,-2.139
981,369,-2.04
990,369,-2.079
999,369,-2.408
1008,369,-2.302
1017,369,-2.059
1026,369,-1.832
1035,369,-1.742
1044,369,-1.537
1053,369,-1.571
1062,369,-1.727
1071,369,-1.893
1080,369,-1.677
1089,369,-1.714
1098,369,-1.751
1107,369,-1.664
1116,369,-1.463
1125,369,-1.385
1134,369,-1.205
1143,369,-1.235
1152,369,-1.164
1161,369,-1.408
1170,369,-1.443
1179,369,-1.365
1188,369,-1.4
1197,369,-1.217
1206,369,-1.249
1215,369,-1.177
1224,369,-1.209
1233,369,-1.466
1242,369,-1.504
1251,369,-1.424
1260,369,-1.462
1269,369,-1.501
1278,369,-1.306
1287,369,-1.126
1296,369,-1.159
1305,369,-1.089
1314,369,-1.34
1323,369,-1.264
1332,369,-1.419
1341,369,-1.46
1350,369,-1.502
1359,369,-1.546
1368,369,-1.341
1377,369,-1.507
1386,369,-1.553
1395,369,-1.6
1404,369,-1.649
1413,369,-1.846
1422,369,-1.753
1431,369,-1.662
1440,369,-1.439
1449,369,-1.357
1458,369,-1.157
1467,369,-1.589
1476,369,-1.793
1485,369,-2.017
1494,369,-2.086
1503,369,-1.821
1512,369,-2.233
1521,369,-2.505
1530,369,-2.395
1539,369,-2.286
1548,369,-1.997
1557,369,-1.895
1566,369,-1.796
1575,369,-1.698
1584,369,-1.945
1593,369,-1.67
1602,369,-1.416
1611,369,-1.48
1620,369,-1.387
1629,369,-1.452
1638,369,-1.522
1647,369,-1.268
1656,369,-1.179
1665,369,-1.093
1674,369,-1.008
1683,369,-0.926
1692,369,-0.978
1701,369,-1.035
1710,369,-1.097
1719,369,-1.007
1728,369,-0.919
1737,369,-0.703
1746,369,-0.751
1755,369,-0.803
1764,369,-0.862
1773,369,-0.637
1782,369,-0.686
1791,369,-0.482
1800,369,-0.654
1809,369,-0.567
1818,369,-0.371
1827,369,-0.302
1836,369,-0.238
1845,369,-0.12
1854,369,-0.128
1863,369,-0.084
1872,369,-0.049
1881,369,-0.048
1890,369,-0.045
1899,369,-0.09
1908,369,-0.2
1917,369,-0.648
9,378,-0
18,378,0.144
27,378,0.035
36,378,0.063
45,378,0.044
54,378,0.032
63,378,0.01
72,378,0.017
81,378,0.125
90,378,0.21
99,378,0.163
108,378,0.127
117,378,0.099
126,378,0.112
135,378,0.174
144,378,0.251
153,378,0.638
162,378,0.915
171,378,0.793
180,378,0.808
189,378,0.822
198,378,0.718
207,378,0.852
216,378,0.996
225,378,0.765
234,378,0.897
243,378,0.796
252,378,1.053
261,378,0.943
270,378,1.215
279,378,1.097
288,378,0.875
297,378,0.785
306,378,0.8
315,378,0.816
324,378,0.938
333,378,1.068
342,378,0.97
351,378,0.88
360,378,0.797
369,378,0.721
378,378,0.571
387,378,0.845
396,378,0.861
405,378,0.978
414,378,0.995
423,378,1.233
432,378,1.136
441,378,1.045
450,378,0.96
459,378,1.08
468,378,1.097
477,378,1.339
486,378,1.242
495,378,1.498
504,378,1.517
513,378,1.536
522,378,1.432
531,378,1.705
540,378,1.471
549,378,1.372
558,378,1.392
567,378,1.411
576,378,1.208
585,378,1.227
594,378,1.246
603,378,1.161
612,378,1.285
621,378,1.305
630,378,1.325
639,378,1.136
648,378,1.257
657,378,1.174
666,378,1.407
675,378,1.428
684,378,1.565
693,378,1.837
702,378,1.733
711,378,1.633
720,378,1.656
729,378,1.805
738,378,1.704
747,378,1.986
756,378,2.293
765,378,2.47
774,378,2.499
783,378,2.378
792,378,2.408
801,378,2.148
810,378,2.039
819,378,2.205
828,378,2.53
837,378,2.718
846,378,2.594
855,378,2.474
864,378,2.66
873,378,2.694
882,378,2.729
891,378,2.764
900,378,2.8
909,378,2.522
918,378,2.712
927,378,2.749
936,378,2.95
945,378,2.989
954,378,2.701
963,378,2.582
972,378,-2.318
981,378,-2.209
990,378,-2.243
999,378,-2.577
1008,378,-2.462
1017,378,-2.206
1026,378,-1.966
1035,378,-1.868
1044,378,-1.65
1053,378,-1.68
1062,378,-1.836
1071,378,-2.001
1080,378,-1.774
1089,378,-1.807
1098,378,-1.84
1107,378,-1.746
1116,378,-1.536
1125,378,-1.451
1134,378,-1.263
1143,378,-1.29
1152,378,-1.214
1161,378,-1.457
1170,378,-1.487
1179,378,-1.404
1188,378,-1.434
1197,378,-1.246
1206,378,-1.274
1215,378,-1.198
1224,378,-1.225
1233,378,-1.597
1242,378,-1.632
1251,378,-1.544
1260,378,-1.579
1269,378,-1.614
1278,378,-1.407
1287,378,-1.216
1296,378,-1.246
1305,378,-1.17
1314,378,-1.425
1323,378,-1.342
1332,378,-1.496
1341,378,-1.534
1350,378,-1.572
1359,378,-1.612
1368,378,-1.398
1377,378,-1.562
1386,378,-1.603
1395,378,-1.645
1404,378,-1.689
1413,378,-1.88
1422,378,-1.782
1431,378,-1.685
1440,378,-1.457
1449,378,-1.37
1458,378,-1.285
1467,378,-1.734
1476,378,-1.942
1485,378,-2.169
1494,378,-2.234
1503,378,-1.954
1512,378,-2.373
1521,378,-2.645
1530,378,-2.525
1539,378,-2.408
1548,378,-2.105
1557,378,-1.995
1566,378,-1.887
1575,378,-1.782
1584,378,-2.027
1593,378,-1.742
1602,378,-1.638
1611,378,-1.703
1620,378,-1.599
1629,378,-1.665
1638,378,-1.736
1647,378,-1.458
1656,378,-1.358
1665,378,-1.26
1674,378,-1.164
1683,378,-1.071
1692,378,-1.125
1701,378,-1.183
1710,378,-1.246
1719,378,-1.145
1728,378,-1.047
1737,378,-0.81
1746,378,-0.858
1755,378,-0.912
1764,378,-0.971
1773,378,-0.726
1782,378,-0.776
1791,378,-0.552
1800,378,-0.734
1809,378,-0.638
1818,378,-0.423
1827,378,-0.346
1836,378,-0.273
1845,378,-0.141
1854,378,-0.148
1863,378,-0.098
1872,378,-0.058
1881,378,-0.056
1890,378,-0.052
1899,378,-0.1
1908,378,-0.213
1917,378,-0.666
9,387,-0
18,387,0.134
27,387,0.031
36,387,0.056
45,387,0.08
54,387,0.056
63,387,0.019
72,387,0.028
81,387,0.163
90,387,0.256
99,387,0.198
108,387,0.153
117,387,0.118
126,387,0.131
135,387,0.259
144,387,0.35
153,387,0.796
162,387,1.094
171,387,0.949
180,387,0.955
189,387,0.963
198,387,0.84
207,387,0.978
216,387,1.123
225,387,0.869
234,387,1.003
243,387,0.889
252,387,1.152
261,387,1.03
270,387,1.306
279,387,1.177
288,387,0.941
297,387,0.842
306,387,0.853
315,387,0.864
324,387,0.984
333,387,1.11
342,387,1.006
351,387,0.91
360,387,0.822
369,387,0.74
378,387,0.666
387,387,0.957
396,387,0.969
405,387,1.087
414,387,1.099
423,387,1.343
432,387,1.236
441,387,1.136
450,387,1.042
459,387,1.161
468,387,1.174
477,387,1.418
486,387,1.312
495,387,1.569
504,387,1.582
513,387,1.596
522,387,1.485
531,387,1.754
540,387,1.513
549,387,1.408
558,387,1.423
567,387,1.437
576,387,1.229
585,387,1.243
594,387,1.367
603,387,1.273
612,387,1.397
621,387,1.413
630,387,1.428
639,387,1.227
648,387,1.348
657,387,1.257
666,387,1.492
675,387,1.509
684,387,1.644
693,387,1.915
702,387,1.803
711,387,1.697
720,387,1.715
729,387,1.859
738,387,1.752
747,387,2.03
756,387,2.332
765,387,2.503
774,387,2.526
783,387,2.399
792,387,2.422
801,387,2.157
810,387,2.043
819,387,2.202
828,387,2.517
837,387,2.697
846,387,2.568
855,387,2.443
864,387,2.62
873,387,2.647
882,387,2.674
891,387,2.702
900,387,2.891
909,387,2.603
918,387,2.789
927,387,2.819
936,387,3.014
945,387,3.046
954,387,2.751
963,387,2.624
972,387,-2.354
981,387,-2.239
990,387,-2.268
999,387,-2.594
1008,387,-2.473
1017,387,-2.213
1026,387,-1.969
1035,387,-1.866
1044,387,-1.645
1053,387,-1.67
1062,387,-1.819
1071,387,-1.976
1080,387,-1.747
1089,387,-1.774
1098,387,-1.801
1107,387,-1.704
1116,387,-1.494
1125,387,-1.407
1134,387,-1.22
1143,387,-1.242
1152,387,-1.164
1161,387,-1.394
1170,387,-1.418
1179,387,-1.444
1188,387,-1.469
1197,387,-1.275
1206,387,-1.299
1215,387,-1.323
1224,387,-1.348
1233,387,-1.733
1242,387,-1.764
1251,387,-1.668
1260,387,-1.699
1269,387,-1.731
1278,387,-1.512
1287,387,-1.31
1296,387,-1.337
1305,387,-1.253
1314,387,-1.512
1323,387,-1.422
1332,387,-1.575
1341,387,-1.608
1350,387,-1.643
1359,387,-1.678
1368,387,-1.456
1377,387,-1.617
1386,387,-1.653
1395,387,-1.69
1404,387,-1.729
1413,387,-1.915
1422,387,-1.811
1431,387,-1.709
1440,387,-1.609
1449,387,-1.512
1458,387,-1.418
1467,387,-1.884
1476,387,-2.095
1485,387,-2.324
1494,387,-2.385
1503,387,-2.091
1512,387,-2.713
1521,387,-3
1530,387,-2.867
1539,387,-2.735
1548,387,-2.406
1557,387,-2.283
1566,387,-2.162
1575,387,-2.044
1584,387,-2.303
1593,387,-1.992
1602,387,-1.875
1611,387,-1.941
1620,387,-1.825
1629,387,-1.892
1638,387,-1.963
1647,387,-1.661
1656,387,-1.549
1665,387,-1.44
1674,387,-1.333
1683,387,-1.228
1692,387,-1.282
1701,387,-1.341
1710,387,-1.405
1719,387,-1.293
1728,387,-1.184
1737,387,-0.925
1746,387,-0.974
1755,387,-1.028
1764,387,-1.088
1773,387,-0.821
1782,387,-0.872
1791,387,-0.627
1800,387,-0.82
1809,387,-0.714
1818,387,-0.48
1827,387,-0.393
1836,387,-0.311
1845,387,-0.164
1854,387,-0.171
1863,387,-0.114
1872,387,-0.067
1881,387,-0.064
1890,387,-0.059
1899,387,-0.11
1908,387,-0.227
1917,387,-0.684
9,396,-0
18,396,0.125
27,396,0.028
36,396,0.05
45,396,0.071
54,396,0.048
63,396,0.016
72,396,0.023
81,396,0.141
90,396,0.223
99,396,0.169
108,396,0.128
117,396,0.097
126,396,0.107
135,396,0.218
144,396,0.377
153,396,0.828
162,396,1.289
171,396,1.119
180,396,1.116
189,396,1.114
198,396,0.972
207,396,1.112
216,396,1.257
225,396,0.98
234,396,1.114
243,396,0.987
252,396,1.255
261,396,1.121
270,396,1.399
279,396,1.259
288,396,1.009
297,396,0.901
306,396,0.907
315,396,0.914
324,396,1.031
333,396,1.154
342,396,1.043
351,396,0.94
360,396,0.846
369,396,0.76
378,396,0.768
387,396,1.075
396,396,1.082
405,396,1.202
414,396,1.209
423,396,1.458
432,396,1.34
441,396,1.23
450,396,1.127
459,396,1.245
468,396,1.253
477,396,1.498
486,396,1.385
495,396,1.641
504,396,1.648
513,396,1.656
522,396,1.538
531,396,1.804
540,396,1.556
549,396,1.445
558,396,1.454
567,396,1.463
576,396,1.25
585,396,1.26
594,396,1.379
603,396,1.28
612,396,1.399
621,396,1.409
630,396,1.42
639,396,1.217
648,396,1.332
657,396,1.238
666,396,1.464
675,396,1.476
684,396,1.603
693,396,1.862
702,396,1.749
711,396,1.64
720,396,1.652
729,396,1.787
738,396,1.678
747,396,1.942
756,396,2.228
765,396,2.387
774,396,2.403
783,396,2.275
792,396,2.291
801,396,2.032
810,396,1.917
819,396,2.2
828,396,2.506
837,396,2.677
846,396,2.543
855,396,2.413
864,396,2.581
873,396,2.601
882,396,2.622
891,396,2.643
900,396,2.821
909,396,2.533
918,396,2.707
927,396,2.73
936,396,2.913
945,396,2.937
954,396,2.644
963,396,2.516
972,396,-2.248
981,396,-2.132
990,396,-2.153
999,396,-2.461
1008,396,-2.339
1017,396,-2.083
1026,396,-1.844
1035,396,-1.741
1044,396,-1.527
1053,396,-1.545
1062,396,-1.681
1071,396,-1.824
1080,396,-1.603
1089,396,-1.623
1098,396,-1.643
1107,396,-1.547
1116,396,-1.347
1125,396,-1.261
1134,396,-1.084
1143,396,-1.1
1152,396,-1.024
1161,396,-1.23
1170,396,-1.248
1179,396,-1.267
1188,396,-1.285
1197,396,-1.104
1206,396,-1.121
1215,396,-1.139
1224,396,-1.157
1233,396,-1.499
1242,396,-1.522
1251,396,-1.429
1260,396,-1.452
1269,396,-1.475
1278,396,-1.273
1287,396,-1.089
1296,396,-1.107
1305,396,-1.029
1314,396,-1.362
1323,396,-1.273
1332,396,-1.41
1341,396,-1.435
1350,396,-1.46
1359,396,-1.487
1368,396,-1.277
1377,396,-1.419
1386,396,-1.446
1395,396,-1.473
1404,396,-1.502
1413,396,-1.665
1422,396,-1.562
1431,396,-1.594
1440,396,-1.494
1449,396,-1.396
1458,396,-1.302
1467,396,-1.734
1476,396,-1.924
1485,396,-2.131
1494,396,-2.18
1503,396,-1.896
1512,396,-2.661
1521,396,-2.933
1530,396,-2.794
1539,396,-2.657
1548,396,-2.328
1557,396,-2.201
1566,396,-2.075
1575,396,-1.953
1584,396,-2.194
1593,396,-1.887
1602,396,-1.767
1611,396,-1.821
1620,396,-1.702
1629,396,-1.757
1638,396,-1.815
1647,396,-1.522
1656,396,-1.575
1665,396,-1.459
1674,396,-1.346
1683,396,-1.235
1692,396,-1.283
1701,396,-1.334
1710,396,-1.39
1719,396,-1.273
1728,396,-1.159
1737,396,-0.899
1746,396,-0.94
1755,396,-0.985
1764,396,-1.035
1773,396,-0.923
1782,396,-0.973
1791,396,-0.708
1800,396,-0.911
1809,396,-0.794
1818,396,-0.54
1827,396,-0.443
1836,396,-0.353
1845,396,-0.19
1854,396,-0.195
1863,396,-0.131
1872,396,-0.078
1881,396,-0.074
1890,396,-0.067
1899,396,-0.12
1908,396,-0.241
1917,396,-0.702
9,405,-0
18,405,0.117
27,405,0.025
36,405,0.044
45,405,0.062
54,405,0.041
63,405,0.013
72,405,0.019
81,405,0.121
90,405,0.193
99,405,0.144
108,405,0.107
117,405,0.079
126,405,0.125
135,405,0.242
144,405,0.404
153,405,0.862
162,405,1.319
171,405,1.141
180,405,1.131
189,405,1.122
198,405,0.975
207,405,1.107
216,405,1.245
225,405,0.966
234,405,1.092
243,405,0.962
252,405,1.219
261,405,1.083
270,405,1.349
279,405,1.207
288,405,0.961
297,405,0.853
306,405,0.855
315,405,0.858
324,405,0.965
333,405,1.079
342,405,0.969
351,405,0.868
360,405,0.776
369,405,0.692
378,405,0.696
387,405,0.981
396,405,0.984
405,405,1.092
414,405,1.095
423,405,1.324
432,405,1.21
441,405,1.103
450,405,1.004
459,405,1.11
468,405,1.114
477,405,1.337
486,405,1.228
495,405,1.461
504,405,1.464
513,405,1.467
522,405,1.354
531,405,1.595
540,405,1.362
549,405,1.256
558,405,1.261
567,405,1.266
576,405,1.069
585,405,1.074
594,405,1.178
603,405,1.086
612,405,1.189
621,405,1.195
630,405,1.304
639,405,1.109
648,405,1.213
657,405,1.122
666,405,1.329
675,405,1.336
684,405,1.451
693,405,1.689
702,405,1.578
711,405,1.472
720,405,1.479
729,405,1.6
738,405,1.495
747,405,1.735
756,405,1.996
765,405,2.138
774,405,2.148
783,405,2.023
792,405,2.033
801,405,1.788
810,405,1.678
819,405,1.933
828,405,2.209
837,405,2.361
846,405,2.232
855,405,2.108
864,405,2.256
873,405,2.269
882,405,2.282
891,405,2.295
900,405,2.452
909,405,2.183
918,405,2.336
927,405,2.351
936,405,2.511
945,405,2.527
954,405,2.254
963,405,2.133
972,405,-1.887
981,405,-1.777
990,405,-1.791
999,405,-2.06
1008,405,-1.945
1017,405,-1.713
1026,405,-1.498
1035,405,-1.403
1044,405,-1.212
1053,405,-1.224
1062,405,-1.336
1071,405,-1.455
1080,405,-1.26
1089,405,-1.272
1098,405,-1.285
1107,405,-1.198
1116,405,-1.025
1125,405,-0.949
1134,405,-0.877
1143,405,-0.887
1152,405,-0.818
1161,405,-0.993
1170,405,-1.004
1179,405,-1.015
1188,405,-1.027
1197,405,-0.951
1206,405,-0.962
1215,405,-0.974
1224,405,-0.986
1233,405,-1.29
1242,405,-1.306
1251,405,-1.217
1260,405,-1.232
1269,405,-1.248
1278,405,-1.063
1287,405,-0.896
1296,405,-0.908
1305,405,-0.836
1314,405,-1.122
1323,405,-1.137
1332,405,-1.369
1341,405,-1.507
1350,405,-1.528
1359,405,-1.551
1368,405,-1.333
1377,405,-1.472
1386,405,-1.494
1395,405,-1.517
1404,405,-1.541
1413,405,-1.699
1422,405,-1.592
1431,405,-1.618
1440,405,-1.512
1449,405,-1.41
1458,405,-1.311
1467,405,-1.734
1476,405,-1.917
1485,405,-2.115
1494,405,-2.155
1503,405,-1.869
1512,405,-2.612
1521,405,-2.87
1530,405,-2.724
1539,405,-2.582
1548,405,-2.254
1557,405,-2.122
1566,405,-1.993
1575,405,-1.867
1584,405,-2.091
1593,405,-1.787
1602,405,-1.665
1611,405,-1.881
1620,405,-1.755
1629,405,-1.803
1638,405,-1.855
1647,405,-1.554
1656,405,-1.601
1665,405,-1.478
1674,405,-1.359
1683,405,-1.243
1692,405,-1.284
1701,405,-1.328
1710,405,-1.376
1719,405,-1.253
1728,405,-1.135
1737,405,-0.875
1746,405,-0.908
1755,405,-0.945
1764,405,-0.985
1773,405,-0.87
1782,405,-0.91
1791,405,-0.794
1800,405,-1.006
1809,405,-0.879
1818,405,-0.604
1827,405,-0.497
1836,405,-0.397
1845,405,-0.218
1854,405,-0.222
1863,405,-0.149
1872,405,-0.09
1881,405,-0.084
1890,405,-0.075
1899,405,-0.131
1908,405,-0.255
1917,405,-0.72
9,414,-0
18,414,0.109
27,414,0.022
36,414,0.039
45,414,0.055
54,414,0.035
63,414,0.01
72,414,0.015
81,414,0.103
90,414,0.166
99,414,0.175
108,414,0.13
117,414,0.096
126,414,0.145
135,414,0.267
144,414,0.433
153,414,0.895
162,414,1.35
171,414,1.163
180,414,1.145
189,414,1.13
198,414,0.978
207,414,1.103
216,414,1.233
225,414,0.952
234,414,1.071
243,414,0.939
252,414,1.185
261,414,1.175
270,414,1.443
279,414,1.29
288,414,1.029
297,414,0.912
306,414,0.909
315,414,0.906
324,414,1.011
333,414,1.121
342,414,1.117
351,414,1.002
360,414,0.896
369,414,0.8
378,414,0.8
387,414,1.099
396,414,1.097
405,414,1.205
414,414,1.202
423,414,1.436
432,414,1.311
441,414,1.195
450,414,1.087
459,414,1.192
468,414,1.19
477,414,1.415
486,414,1.297
495,414,1.53
504,414,1.527
513,414,1.525
522,414,1.405
531,414,1.644
540,414,1.403
549,414,1.292
558,414,1.292
567,414,1.292
576,414,1.09
585,414,1.091
594,414,1.19
603,414,1.094
612,414,1.193
621,414,1.195
630,414,1.298
639,414,1.101
648,414,1.2
657,414,1.105
666,414,1.305
675,414,1.307
684,414,1.415
693,414,1.644
702,414,1.53
711,414,1.423
720,414,1.425
729,414,1.538
738,414,1.431
747,414,1.659
756,414,1.906
765,414,2.038
774,414,2.042
783,414,1.917
792,414,1.921
801,414,1.682
810,414,1.571
819,414,1.81
828,414,2.068
837,414,2.208
846,414,2.079
855,414,1.956
864,414,2.091
873,414,2.097
882,414,2.104
891,414,2.111
900,414,2.253
909,414,1.995
918,414,2.133
927,414,2.141
936,414,2.427
945,414,2.436
954,414,2.166
963,414,2.043
972,414,-1.8
981,414,-1.69
990,414,-1.698
999,414,-1.951
1008,414,-1.835
1017,414,-1.608
1026,414,-1.398
1035,414,-1.304
1044,414,-1.119
1053,414,-1.126
1062,414,-1.228
1071,414,-1.335
1080,414,-1.148
1089,414,-1.155
1098,414,-1.163
1107,414,-1.078
1116,414,-0.914
1125,414,-0.841
1134,414,-0.772
1143,414,-0.777
1152,414,-0.711
1161,414,-0.866
1170,414,-0.873
1179,414,-0.88
1188,414,-0.97
1197,414,-0.894
1206,414,-0.901
1215,414,-0.909
1224,414,-0.916
1233,414,-1.2
1242,414,-1.21
1251,414,-1.122
1260,414,-1.132
1269,414,-1.142
1278,414,-0.966
1287,414,-0.806
1296,414,-0.814
1305,414,-0.743
1314,414,-1.003
1323,414,-1.013
1332,414,-1.222
1341,414,-1.46
1350,414,-1.475
1359,414,-1.491
1368,414,-1.276
1377,414,-1.405
1386,414,-1.421
1395,414,-1.438
1404,414,-1.455
1413,414,-1.601
1422,414,-1.492
1431,414,-1.511
1440,414,-1.405
1449,414,-1.302
1458,414,-1.204
1467,414,-1.596
1476,414,-1.761
1485,414,-1.939
1494,414,-1.97
1503,414,-1.694
1512,414,-2.38
1521,414,-2.611
1530,414,-2.465
1539,414,-2.323
1548,414,-2.009
1557,414,-1.879
1566,414,-1.751
1575,414,-1.628
1584,414,-1.822
1593,414,-1.694
1602,414,-1.57
1611,414,-1.768
1620,414,-1.639
1629,414,-1.677
1638,414,-1.717
1647,414,-1.587
1656,414,-1.627
1665,414,-1.498
1674,414,-1.372
1683,414,-1.251
1692,414,-1.285
1701,414,-1.322
1710,414,-1.362
1719,414,-1.235
1728,414,-1.111
1737,414,-0.852
1746,414,-0.878
1755,414,-0.907
1764,414,-0.938
1773,414,-0.82
1782,414,-0.851
1791,414,-0.733
1800,414,-0.924
1809,414,-0.795
1818,414,-0.534
1827,414,-0.43
1836,414,-0.334
1845,414,-0.174
1854,414,-0.25
1863,414,-0.17
1872,414,-0.103
1881,414,-0.095
1890,414,-0.085
1899,414,-0.143
1908,414,-0.27
1917,414,-0.738
9,423,0.049
18,423,0.235
27,423,0.057
36,423,0.077
45,423,0.094
54,423,0.06
63,423,0.019
72,423,0.025
81,423,0.136
90,423,0.205
99,423,0.21
108,423,0.155
117,423,0.114
126,423,0.166
135,423,0.373
144,423,0.68
153,423,1.242
162,423,1.758
171,423,1.524
180,423,1.488
189,423,1.455
198,423,1.266
207,423,1.397
216,423,1.532
225,423,1.202
234,423,1.327
243,423,1.167
252,423,1.433
261,423,1.412
270,423,1.696
279,423,1.519
288,423,1.224
297,423,1.088
306,423,1.077
315,423,1.067
324,423,1.175
333,423,1.287
342,423,1.275
351,423,1.145
360,423,1.025
369,423,0.916
378,423,0.91
387,423,1.224
396,423,1.216
405,423,1.324
414,423,1.315
423,423,1.552
432,423,1.416
441,423,1.29
450,423,1.172
459,423,1.275
468,423,1.269
477,423,1.494
486,423,1.368
495,423,1.601
504,423,1.592
513,423,1.584
522,423,1.457
531,423,1.693
540,423,1.562
549,423,1.439
558,423,1.433
567,423,1.428
576,423,1.209
585,423,1.206
594,423,1.306
603,423,1.2
612,423,1.299
621,423,1.296
630,423,1.399
639,423,1.189
648,423,1.287
657,423,1.185
666,423,1.386
675,423,1.384
684,423,1.49
693,423,1.718
702,423,1.597
711,423,1.595
720,423,1.592
729,423,1.706
738,423,1.588
747,423,1.823
756,423,2.075
765,423,2.207
774,423,2.205
783,423,2.069
792,423,2.201
801,423,1.937
810,423,1.813
819,423,2.064
828,423,2.334
837,423,2.476
846,423,2.333
855,423,2.196
864,423,2.334
873,423,2.334
882,423,2.335
891,423,2.336
900,423,2.48
909,423,2.34
918,423,2.484
927,423,2.487
936,423,2.789
945,423,2.793
954,423,2.496
963,423,2.5
972,423,-2.223
981,423,-2.093
990,423,-2.097
999,423,-2.374
1008,423,-2.24
1017,423,-1.981
1026,423,-1.739
1035,423,-1.628
1044,423,-1.413
1053,423,-1.417
1062,423,-1.529
1071,423,-1.646
1080,423,-1.43
1089,423,-1.434
1098,423,-1.439
1107,423,-1.339
1116,423,-1.148
1125,423,-1.061
1134,423,-0.978
1143,423,-0.982
1152,423,-0.902
1161,423,-1.077
1170,423,-1.082
1179,423,-1.086
1188,423,-1.185
1197,423,-1.095
1206,423,-1.1
1215,423,-1.105
1224,423,-1.11
1233,423,-1.422
1242,423,-1.43
1251,423,-1.329
1260,423,-1.336
1269,423,-1.344
1278,423,-1.145
1287,423,-0.966
1296,423,-0.971
1305,423,-0.976
1314,423,-1.276
1323,423,-1.285
1332,423,-1.521
1341,423,-1.785
1350,423,-1.799
1359,423,-1.813
1368,423,-1.567
1377,423,-1.708
1386,423,-1.723
1395,423,-1.738
1404,423,-1.754
1413,423,-1.911
1422,423,-1.787
1431,423,-1.804
1440,423,-1.683
1449,423,-1.565
1458,423,-1.452
1467,423,-1.882
1476,423,-2.059
1485,423,-2.249
1494,423,-2.277
1503,423,-1.974
1512,423,-2.711
1521,423,-2.953
1530,423,-2.792
1539,423,-2.635
1548,423,-2.294
1557,423,-2.149
1566,423,-2.007
1575,423,-1.87
1584,423,-2.075
1593,423,-1.933
1602,423,-1.795
1611,423,-2.004
1620,423,-1.861
1629,423,-1.898
1638,423,-1.936
1647,423,-1.793
1656,423,-1.832
1665,423,-1.69
1674,423,-1.551
1683,423,-1.417
1692,423,-1.45
1701,423,-1.485
1710,423,-1.524
1719,423,-1.384
1728,423,-1.249
1737,423,-0.966
1746,423,-0.991
1755,423,-1.019
1764,423,-1.049
1773,423,-0.919
1782,423,-0.949
1791,423,-0.82
1800,423,-1.019
1809,423,-0.879
1818,423,-0.597
1827,423,-0.483
1836,423,-0.377
1845,423,-0.2
1854,423,-0.281
1863,423,-0.192
1872,423,-0.117
1881,423,-0.107
1890,423,-0.095
1899,423,-0.156
1908,423,-0.285
1917,423,-0.756
9,432,0.046
18,432,0.221
27,432,0.052
36,432,0.069
45,432,0.083
54,432,0.052
63,432,0.016
72,432,0.021
81,432,0.117
90,432,0.178
99,432,0.181
108,432,0.131
117,432,0.095
126,432,0.138
135,432,0.321
144,432,0.598
153,432,1.116
162,432,1.596
171,432,1.371
180,432,1.334
189,432,1.299
198,432,1.12
207,432,1.238
216,432,1.359
225,432,1.051
234,432,1.162
243,432,1.013
252,432,1.253
261,432,1.23
270,432,1.488
279,432,1.462
288,432,1.171
297,432,1.034
306,432,1.02
315,432,1.006
324,432,1.105
333,432,1.208
342,432,1.192
351,432,1.064
360,432,0.947
369,432,0.937
378,432,0.927
387,432,1.236
396,432,1.223
405,432,1.325
414,432,1.311
423,432,1.541
432,432,1.402
441,432,1.272
450,432,1.152
459,432,1.362
468,432,1.349
477,432,1.575
486,432,1.441
495,432,1.672
504,432,1.658
513,432,1.644
522,432,1.51
531,432,1.743
540,432,1.73
549,432,1.593
558,432,1.582
567,432,1.571
576,432,1.335
585,432,1.327
594,432,1.426
603,432,1.31
612,432,1.409
621,432,1.4
630,432,1.502
639,432,1.28
648,432,1.377
657,432,1.267
666,432,1.47
675,432,1.462
684,432,1.566
693,432,1.793
702,432,1.665
711,432,1.657
720,432,1.65
729,432,1.76
738,432,1.636
747,432,1.867
756,432,2.115
765,432,2.242
774,432,2.233
783,432,2.092
792,432,2.218
801,432,2.078
810,432,1.944
819,432,2.197
828,432,2.468
837,432,2.607
846,432,2.455
855,432,2.309
864,432,2.443
873,432,2.438
882,432,2.433
891,432,2.428
900,432,2.568
909,432,2.42
918,432,2.559
927,432,2.556
936,432,2.854
945,432,2.851
954,432,2.547
963,432,2.545
972,432,-2.261
981,432,-2.125
990,432,-2.123
999,432,-2.395
1008,432,-2.255
1017,432,-1.991
1026,432,-1.746
1035,432,-1.63
1044,432,-1.413
1053,432,-1.412
1062,432,-1.518
1071,432,-1.629
1080,432,-1.412
1089,432,-1.412
1098,432,-1.412
1107,432,-1.31
1116,432,-1.119
1125,432,-1.03
1134,432,-0.946
1143,432,-0.946
1152,432,-0.866
1161,432,-1.031
1170,432,-1.031
1179,432,-1.032
1188,432,-1.123
1197,432,-1.033
1206,432,-1.034
1215,432,-1.035
1224,432,-1.036
1233,432,-1.328
1242,432,-1.33
1251,432,-1.23
1260,432,-1.232
1269,432,-1.235
1278,432,-1.044
1287,432,-0.872
1296,432,-0.874
1305,432,-0.875
1314,432,-1.149
1323,432,-1.254
1332,432,-1.48
1341,432,-1.731
1350,432,-1.739
1359,432,-1.747
1368,432,-1.504
1377,432,-1.635
1386,432,-1.643
1395,432,-1.652
1404,432,-1.661
1413,432,-1.805
1422,432,-1.68
1431,432,-1.691
1440,432,-1.569
1449,432,-1.452
1458,432,-1.461
1467,432,-1.883
1476,432,-2.051
1485,432,-2.232
1494,432,-2.254
1503,432,-1.948
1512,432,-2.664
1521,432,-2.893
1530,432,-2.727
1539,432,-2.565
1548,432,-2.225
1557,432,-2.076
1566,432,-1.931
1575,432,-1.79
1584,432,-1.98
1593,432,-1.836
1602,432,-1.696
1611,432,-1.887
1620,432,-1.743
1629,432,-1.769
1638,432,-1.797
1647,432,-1.653
1656,432,-1.68
1665,432,-1.538
1674,432,-1.4
1683,432,-1.266
1692,432,-1.288
1701,432,-1.311
1710,432,-1.337
1719,432,-1.2
1728,432,-1.068
1737,432,-0.808
1746,432,-0.959
1755,432,-0.979
1764,432,-1
1773,432,-1.025
1782,432,-1.052
1791,432,-0.911
1800,432,-1.119
1809,432,-0.967
1818,432,-0.664
1827,432,-0.538
1836,432,-0.422
1845,432,-0.228
1854,432,-0.315
1863,432,-0.216
1872,432,-0.133
1881,432,-0.12
1890,432,-0.105
1899,432,-0.169
1908,432,-0.301
1917,432,-0.774
9,441,0.044
18,441,0.208
27,441,0.047
36,441,0.062
45,441,0.074
54,441,0.045
63,441,0.013
72,441,0.017
81,441,0.1
90,441,0.153
99,441,0.155
108,441,0.11
117,441,0.078
126,441,0.114
135,441,0.275
144,441,0.523
153,441,0.999
162,441,1.444
171,441,1.23
180,441,1.191
189,441,1.155
198,441,0.986
207,441,1.092
216,441,1.2
225,441,0.914
234,441,1.013
243,441,0.873
252,441,1.089
261,441,1.066
270,441,1.298
279,441,1.27
288,441,1.002
297,441,0.876
306,441,0.861
315,441,0.846
324,441,0.932
333,441,1.021
342,441,1.004
351,441,0.887
360,441,0.781
369,441,0.77
378,441,0.759
387,441,1.03
396,441,1.015
405,441,1.103
414,441,1.088
423,441,1.29
432,441,1.163
441,441,1.147
450,441,1.032
459,441,1.223
468,441,1.208
477,441,1.414
486,441,1.285
495,441,1.497
504,441,1.479
513,441,1.462
522,441,1.334
531,441,1.546
540,441,1.529
549,441,1.399
558,441,1.385
567,441,1.371
576,441,1.152
585,441,1.24
594,441,1.331
603,441,1.318
612,441,1.412
621,441,1.399
630,441,1.495
639,441,1.271
648,441,1.362
657,441,1.249
666,441,1.445
675,441,1.433
684,441,1.53
693,441,1.747
702,441,1.618
711,441,1.721
720,441,1.708
729,441,1.815
738,441,1.684
747,441,1.912
756,441,2.156
765,441,2.277
774,441,2.263
783,441,2.115
792,441,2.236
801,441,2.09
810,441,2.078
819,441,2.333
828,441,2.606
837,441,2.741
846,441,2.58
855,441,2.424
864,441,2.555
873,441,2.543
882,441,2.532
891,441,2.521
900,441,2.656
909,441,2.5
918,441,2.636
927,441,2.626
936,441,2.92
945,441,2.91
954,441,2.598
963,441,2.59
972,441,-2.299
981,441,-2.157
990,441,-2.15
999,441,-2.416
1008,441,-2.271
1017,441,-2.002
1026,441,-1.753
1035,441,-1.633
1044,441,-1.413
1053,441,-1.408
1062,441,-1.508
1071,441,-1.613
1080,441,-1.394
1089,441,-1.39
1098,441,-1.386
1107,441,-1.281
1116,441,-1.091
1125,441,-1.001
1134,441,-0.997
1143,441,-0.993
1152,441,-0.908
1161,441,-1.073
1170,441,-1.07
1179,441,-1.067
1188,441,-1.155
1197,441,-1.061
1206,441,-1.058
1215,441,-1.055
1224,441,-1.052
1233,441,-1.341
1242,441,-1.446
1251,441,-1.337
1260,441,-1.335
1269,441,-1.334
1278,441,-1.132
1287,441,-0.948
1296,441,-0.946
1305,441,-0.944
1314,441,-1.225
1323,441,-1.329
1332,441,-1.556
1341,441,-1.809
1350,441,-1.812
1359,441,-1.815
1368,441,-1.687
1377,441,-1.822
1386,441,-1.826
1395,441,-1.831
1404,441,-1.836
1413,441,-1.983
1422,441,-1.847
1431,441,-1.854
1440,441,-1.721
1449,441,-1.593
1458,441,-1.598
1467,441,-2.034
1476,441,-2.204
1485,441,-2.386
1494,441,-2.402
1503,441,-2.081
1512,441,-2.811
1521,441,-3.038
1530,441,-2.862
1539,441,-2.689
1548,441,-2.335
1557,441,-2.177
1566,441,-2.023
1575,441,-1.874
1584,441,-2.061
1593,441,-1.908
1602,441,-1.76
1611,441,-1.948
1620,441,-1.796
1629,441,-1.816
1638,441,-1.837
1647,441,-1.686
1656,441,-1.886
1665,441,-1.729
1674,441,-1.578
1683,441,-1.431
1692,441,-1.451
1701,441,-1.472
1710,441,-1.495
1719,441,-1.345
1728,441,-1.2
1737,441,-0.918
1746,441,-1.077
1755,441,-1.094
1764,441,-1.114
1773,441,-1.136
1782,441,-1.161
1791,441,-1.008
1800,441,-1.223
1809,441,-1.059
1818,441,-0.734
1827,441,-0.598
1836,441,-0.47
1845,441,-0.258
1854,441,-0.35
1863,441,-0.241
1872,441,-0.15
1881,441,-0.135
1890,441,-0.117
1899,441,-0.182
1908,441,-0.317
1917,441,-0.793
9,450,0.041
18,450,0.196
27,450,0.042
36,450,0.055
45,450,0.065
54,450,0.038
63,450,0.011
72,450,0.014
81,450,0.085
90,450,0.132
99,450,0.132
108,450,0.092
117,450,0.063
126,450,0.094
135,450,0.234
144,450,0.456
153,450,0.891
162,450,1.303
171,450,1.099
180,450,1.06
189,450,1.316
198,450,1.125
207,450,1.229
216,450,1.335
225,450,1.024
234,450,1.121
243,450,0.967
252,450,1.187
261,450,1.155
270,450,1.389
279,450,1.354
288,450,1.071
297,450,0.935
306,450,0.914
315,450,0.893
324,450,1.086
333,450,1.176
342,450,1.152
351,450,1.019
360,450,0.899
369,450,0.881
378,450,0.864
387,450,1.149
396,450,1.127
405,450,1.215
414,450,1.193
423,450,1.399
432,450,1.26
441,450,1.239
450,450,1.114
459,450,1.307
468,450,1.286
477,450,1.493
486,450,1.355
495,450,1.566
504,450,1.543
513,450,1.52
522,450,1.384
531,450,1.594
540,450,1.572
549,450,1.436
558,450,1.416
567,450,1.397
576,450,1.174
585,450,1.257
594,450,1.344
603,450,1.326
612,450,1.415
621,450,1.398
630,450,1.489
639,450,1.262
648,450,1.348
657,450,1.332
666,450,1.529
675,450,1.512
684,450,1.606
693,450,1.823
702,450,1.686
711,450,1.785
720,450,1.767
729,450,1.87
738,450,1.733
747,450,1.957
756,450,2.197
765,450,2.312
774,450,2.292
783,450,2.139
792,450,2.254
801,450,2.103
810,450,2.086
819,450,2.334
828,450,2.598
837,450,2.726
846,450,2.56
855,450,2.4
864,450,2.523
873,450,2.506
882,450,2.489
891,450,2.472
900,450,2.599
909,450,2.44
918,450,2.566
927,450,2.55
936,450,2.831
945,450,2.815
954,450,2.505
963,450,2.491
972,450,-2.203
981,450,-2.061
990,450,-2.049
999,450,-2.299
1008,450,-2.153
1017,450,-1.89
1026,450,-1.646
1035,450,-1.527
1044,450,-1.313
1053,450,-1.304
1062,450,-1.395
1071,450,-1.49
1080,450,-1.377
1089,450,-1.369
1098,450,-1.361
1107,450,-1.352
1116,450,-1.153
1125,450,-1.056
1134,450,-1.138
1143,450,-1.13
1152,450,-1.035
1161,450,-1.209
1170,450,-1.202
1179,450,-1.195
1188,450,-1.387
1197,450,-1.278
1206,450,-1.271
1215,450,-1.265
1224,450,-1.258
1233,450,-1.572
1242,450,-1.682
1251,450,-1.56
1260,450,-1.554
1269,450,-1.549
1278,450,-1.324
1287,450,-1.119
1296,450,-1.114
1305,450,-1.108
1314,450,-1.411
1323,450,-1.52
1332,450,-1.76
1341,450,-2.024
1350,450,-2.023
1359,450,-2.021
1368,450,-1.881
1377,450,-2.019
1386,450,-2.019
1395,450,-2.019
1404,450,-2.019
1413,450,-2.169
1422,450,-2.022
1431,450,-2.023
1440,450,-1.88
1449,450,-1.741
1458,450,-1.742
1467,450,-2.191
1476,450,-2.361
1485,450,-2.725
1494,450,-2.737
1503,450,-2.387
1512,450,-3.165
1521,450,-3.402
1530,450,-3.209
1539,450,-3.02
1548,450,-2.638
1557,450,-2.464
1566,450,-2.294
1575,450,-2.13
1584,450,-2.326
1593,450,-2.158
1602,450,-1.995
1611,450,-2.192
1620,450,-2.025
1629,450,-2.042
1638,450,-2.061
1647,450,-1.895
1656,450,-2.103
1665,450,-1.933
1674,450,-1.767
1683,450,-1.607
1692,450,-1.623
1701,450,-1.642
1710,450,-1.662
1719,450,-1.499
1728,450,-1.341
1737,450,-1.035
1746,450,-1.202
1755,450,-1.216
1764,450,-1.233
1773,450,-1.253
1782,450,-1.276
1791,450,-1.11
1800,450,-1.332
1809,450,-1.156
1818,450,-0.809
1827,450,-0.66
1836,450,-0.521
1845,450,-0.291
1854,450,-0.387
1863,450,-0.269
1872,450,-0.168
1881,450,-0.15
1890,450,-0.129
1899,450,-0.197
1908,450,-0.333
1917,450,-0.811
9,459,0.039
18,459,0.184
27,459,0.038
36,459,0.049
45,459,0.057
54,459,0.033
63,459,0.009
72,459,0.011
81,459,0.073
90,459,0.113
99,459,0.112
108,459,0.076
117,459,0.051
126,459,0.077
135,459,0.198
144,459,0.395
153,459,0.792
162,459,1.172
171,459,0.979
180,459,0.939
189,459,1.324
198,459,1.128
207,459,1.225
216,459,1.324
225,459,1.01
234,459,1.101
243,459,0.945
252,459,1.155
261,459,1.119
270,459,1.343
279,459,1.303
288,459,1.024
297,459,0.888
306,459,0.864
315,459,0.841
324,459,1.022
333,459,1.105
342,459,1.19
351,459,1.05
360,459,0.924
369,459,0.902
378,459,0.881
387,459,1.161
396,459,1.135
405,459,1.218
414,459,1.192
423,459,1.391
432,459,1.362
441,459,1.334
450,459,1.198
459,459,1.393
468,459,1.366
477,459,1.573
486,459,1.427
495,459,1.637
504,459,1.607
513,459,1.579
522,459,1.436
531,459,1.643
540,459,1.615
549,459,1.473
558,459,1.448
567,459,1.424
576,459,1.195
585,459,1.274
594,459,1.356
603,459,1.335
612,459,1.419
621,459,1.397
630,459,1.482
639,459,1.254
648,459,1.335
657,459,1.315
666,459,1.504
675,459,1.483
684,459,1.57
693,459,1.778
702,459,1.639
711,459,1.732
720,459,1.709
729,459,1.804
738,459,1.666
747,459,1.879
756,459,2.106
765,459,2.213
774,459,2.322
783,459,2.164
792,459,2.272
801,459,2.116
810,459,2.094
819,459,2.473
828,459,2.738
837,459,2.862
846,459,2.686
855,459,2.517
864,459,2.636
873,459,2.612
882,459,2.735
891,459,2.711
900,459,2.837
909,459,2.665
918,459,2.79
927,459,2.768
936,459,3.053
945,459,3.03
954,459,2.702
963,459,2.681
972,459,-2.377
981,459,-2.223
990,459,-2.205
999,459,-2.459
1008,459,-2.303
1017,459,-2.025
1026,459,-1.768
1035,459,-1.64
1044,459,-1.413
1053,459,-1.4
1062,459,-1.49
1071,459,-1.583
1080,459,-1.463
1089,459,-1.45
1098,459,-1.543
1107,459,-1.53
1116,459,-1.312
1125,459,-1.204
1134,459,-1.288
1143,459,-1.277
1152,459,-1.171
1161,459,-1.353
1170,459,-1.341
1179,459,-1.33
1188,459,-1.529
1197,459,-1.41
1206,459,-1.399
1215,459,-1.388
1224,459,-1.377
1233,459,-1.701
1242,459,-1.811
1251,459,-1.679
1260,459,-1.669
1269,459,-1.659
1278,459,-1.422
1287,459,-1.205
1296,459,-1.196
1305,459,-1.186
1314,459,-1.494
1323,459,-1.602
1332,459,-1.842
1341,459,-2.107
1350,459,-2.099
1359,459,-2.092
1368,459,-1.945
1377,459,-2.079
1386,459,-2.073
1395,459,-2.068
1404,459,-2.062
1413,459,-2.207
1422,459,-2.053
1431,459,-2.049
1440,459,-1.899
1449,459,-1.755
1458,459,-1.75
1467,459,-2.191
1476,459,-2.353
1485,459,-2.705
1494,459,-2.709
1503,459,-2.357
1512,459,-3.114
1521,459,-3.337
1530,459,-3.352
1539,459,-3.153
1548,459,-2.756
1557,459,-2.572
1566,459,-2.393
1575,459,-2.219
1584,459,-2.412
1593,459,-2.235
1602,459,-2.063
1611,459,-2.256
1620,459,-2.081
1629,459,-2.282
1638,459,-2.297
1647,459,-2.116
1656,459,-2.333
1665,459,-2.147
1674,459,-1.967
1683,459,-1.792
1692,459,-1.806
1701,459,-1.821
1710,459,-1.838
1719,459,-1.661
1728,459,-1.489
1737,459,-1.159
1746,459,-1.334
1755,459,-1.346
1764,459,-1.36
1773,459,-1.376
1782,459,-1.396
1791,459,-1.217
1800,459,-1.446
1809,459,-1.256
1818,459,-0.887
1827,459,-0.726
1836,459,-0.576
1845,459,-0.327
1854,459,-0.427
1863,459,-0.298
1872,459,-0.187
1881,459,-0.166
1890,459,-0.142
1899,459,-0.212
1908,459,-0.35
1917,459,-0.83
9,468,0.037
18,468,0.173
27,468,0.034
36,468,0.044
45,468,0.05
54,468,0.028
63,468,0.007
72,468,0.018
81,468,0.097
90,468,0.141
99,468,0.192
108,468,0.134
117,468,0.092
126,468,0.126
135,468,0.282
144,468,0.516
153,468,0.96
162,468,1.366
171,468,1.299
180,468,1.238
189,468,1.667
198,468,1.429
207,468,1.527
216,468,1.626
225,468,1.261
234,468,1.353
243,468,1.167
252,468,1.393
261,468,1.344
270,468,1.58
279,468,1.527
288,468,1.213
297,468,1.057
306,468,1.023
315,468,0.991
324,468,1.182
333,468,1.264
342,468,1.349
351,468,1.193
360,468,1.051
369,468,1.022
378,468,0.994
387,468,1.286
396,468,1.369
405,468,1.453
414,468,1.54
423,468,1.76
432,468,1.719
441,468,1.679
450,468,1.517
459,468,1.731
468,468,1.692
477,468,1.916
486,468,1.745
495,468,1.971
504,468,1.931
513,468,1.892
522,468,1.727
531,468,1.948
540,468,1.91
549,468,1.748
558,468,1.714
567,468,1.682
576,468,1.423
585,468,1.505
594,468,1.589
603,468,1.56
612,468,1.645
621,468,1.616
630,468,1.703
639,468,1.45
648,468,1.532
657,468,1.506
666,468,1.703
675,468,1.675
684,468,1.763
693,468,1.977
702,468,1.825
711,468,1.917
720,468,1.888
729,468,1.982
738,468,1.831
747,468,2.049
756,468,2.28
765,468,2.385
774,468,2.492
783,468,2.322
792,468,2.428
801,468,2.261
810,468,2.232
819,468,2.616
828,468,2.88
837,468,3.001
846,468,2.814
855,468,2.635
864,468,2.751
873,468,2.72
882,468,2.839
891,468,2.808
900,468,2.929
909,468,2.749
918,468,2.869
927,468,2.84
936,468,3.12
945,468,3.09
954,468,2.755
963,468,2.728
972,468,-2.417
981,468,-2.257
990,468,-2.233
999,468,-2.481
1008,468,-2.32
1017,468,-2.037
1026,468,-1.776
1035,468,-1.643
1044,468,-1.414
1053,468,-1.397
1062,468,-1.481
1071,468,-1.569
1080,468,-1.446
1089,468,-1.429
1098,468,-1.516
1107,468,-1.499
1116,468,-1.281
1125,468,-1.363
1134,468,-1.448
1143,468,-1.432
1152,468,-1.315
1161,468,-1.505
1170,468,-1.488
1179,468,-1.472
1188,468,-1.678
1197,468,-1.549
1206,468,-1.533
1215,468,-1.517
1224,468,-1.502
1233,468,-1.835
1242,468,-1.945
1251,468,-1.803
1260,468,-1.788
1269,468,-1.772
1278,468,-1.523
1287,468,-1.294
1296,468,-1.28
1305,468,-1.267
1314,468,-1.58
1323,468,-1.685
1332,468,-1.926
1341,468,-2.19
1350,468,-2.177
1359,468,-2.312
1368,468,-2.152
1377,468,-2.288
1386,468,-2.277
1395,468,-2.266
1404,468,-2.255
1413,468,-2.401
1422,468,-2.235
1431,468,-2.225
1440,468,-2.064
1449,468,-1.909
1458,468,-1.899
1467,468,-2.352
1476,468,-2.514
1485,468,-2.87
1494,468,-2.869
1503,468,-2.5
1512,468,-3.27
1521,468,-3.49
1530,468,-3.498
1539,468,-3.288
1548,468,-2.877
1557,468,-2.683
1566,468,-2.494
1575,468,-2.31
1584,468,-2.499
1593,468,-2.313
1602,468,-2.133
1611,468,-2.32
1620,468,-2.137
1629,468,-2.332
1638,468,-2.34
1647,468,-2.151
1656,468,-2.361
1665,468,-2.168
1674,468,-1.98
1683,468,-1.799
1692,468,-1.805
1701,468,-1.812
1710,468,-1.821
1719,468,-1.638
1728,468,-1.461
1737,468,-1.131
1746,468,-1.473
1755,468,-1.481
1764,468,-1.492
1773,468,-1.505
1782,468,-1.521
1791,468,-1.329
1800,468,-1.565
1809,468,-1.361
1818,468,-0.97
1827,468,-0.796
1836,468,-0.633
1845,468,-0.364
1854,468,-0.469
1863,468,-0.329
1872,468,-0.208
1881,468,-0.184
1890,468,-0.156
1899,468,-0.227
1908,468,-0.368
1917,468,-0.849
9,477,0.035
18,477,0.162
27,477,0.031
36,477,0.039
45,477,0.044
54,477,0.048
63,477,0.013
72,477,0.029
81,477,0.126
90,477,0.174
99,477,0.228
108,477,0.158
117,477,0.109
126,477,0.145
135,477,0.308
144,477,0.547
153,477,0.994
162,477,1.398
171,477,1.322
180,477,1.254
189,477,1.675
198,477,1.431
207,477,1.521
216,477,1.612
225,477,1.389
234,477,1.476
243,477,1.274
252,477,1.502
261,477,1.443
270,477,1.679
279,477,1.617
288,477,1.287
297,477,1.12
306,477,1.08
315,477,1.042
324,477,1.231
333,477,1.309
342,477,1.389
351,477,1.226
360,477,1.078
369,477,1.044
378,477,1.011
387,477,1.299
396,477,1.377
405,477,1.456
414,477,1.536
423,477,1.749
432,477,1.703
441,477,1.658
450,477,1.493
459,477,1.698
468,477,1.656
477,477,1.87
486,477,1.697
495,477,1.912
504,477,1.868
513,477,1.956
522,477,1.783
531,477,2.001
540,477,1.957
549,477,1.787
558,477,1.748
567,477,1.71
576,477,1.446
585,477,1.523
594,477,1.602
603,477,1.568
612,477,1.648
621,477,1.614
630,477,1.695
639,477,1.441
648,477,1.517
657,477,1.486
666,477,1.676
675,477,1.644
684,477,1.726
693,477,1.931
702,477,1.776
711,477,1.862
720,477,1.828
729,477,1.915
738,477,1.764
747,477,1.97
756,477,2.189
765,477,2.285
774,477,2.523
783,477,2.346
792,477,2.447
801,477,2.274
810,477,2.24
819,477,2.616
828,477,2.872
837,477,2.985
846,477,2.794
855,477,2.611
864,477,2.719
873,477,2.683
882,477,2.793
891,477,2.757
900,477,2.87
909,477,2.686
918,477,2.798
927,477,2.763
936,477,3.031
945,477,2.995
954,477,2.662
963,477,2.629
972,477,-2.321
981,477,-2.16
990,477,-2.132
999,477,-2.366
1008,477,-2.204
1017,477,-1.927
1026,477,-1.784
1035,477,-1.648
1044,477,-1.415
1053,477,-1.393
1062,477,-1.473
1071,477,-1.556
1080,477,-1.43
1089,477,-1.409
1098,477,-1.49
1107,477,-1.468
1116,477,-1.251
1125,477,-1.327
1134,477,-1.406
1143,477,-1.386
1152,477,-1.268
1161,477,-1.448
1170,477,-1.427
1179,477,-1.407
1188,477,-1.601
1197,477,-1.472
1206,477,-1.452
1215,477,-1.432
1224,477,-1.413
1233,477,-1.727
1242,477,-1.826
1251,477,-1.686
1260,477,-1.666
1269,477,-1.646
1278,477,-1.404
1287,477,-1.184
1296,477,-1.167
1305,477,-1.149
1314,477,-1.438
1323,477,-1.532
1332,477,-1.752
1341,477,-1.993
1350,477,-1.974
1359,477,-2.094
1368,477,-1.937
1377,477,-2.057
1386,477,-2.184
1395,477,-2.166
1404,477,-2.149
1413,477,-2.283
1422,477,-2.116
1431,477,-2.1
1440,477,-1.939
1449,477,-1.784
1458,477,-1.768
1467,477,-2.192
1476,477,-2.338
1485,477,-2.668
1494,477,-2.657
1503,477,-2.3
1512,477,-3.018
1521,477,-3.215
1530,477,-3.212
1539,477,-3.003
1548,477,-2.607
1557,477,-2.415
1566,477,-2.23
1575,477,-2.05
1584,477,-2.215
1593,477,-2.033
1602,477,-1.858
1611,477,-2.019
1620,477,-1.842
1629,477,-2.007
1638,477,-2.003
1647,477,-1.822
1656,477,-2.187
1665,477,-1.994
1674,477,-1.808
1683,477,-1.629
1692,477,-1.624
1701,477,-1.62
1710,477,-1.618
1719,477,-1.439
1728,477,-1.268
1737,477,-0.961
1746,477,-1.255
1755,477,-1.251
1764,477,-1.247
1773,477,-1.245
1782,477,-1.438
1791,477,-1.244
1800,477,-1.456
1809,477,-1.252
1818,477,-1.056
1827,477,-0.869
1836,477,-0.693
1845,477,-0.405
1854,477,-0.514
1863,477,-0.362
1872,477,-0.231
1881,477,-0.202
1890,477,-0.17
1899,477,-0.244
1908,477,-0.385
1917,477,-0.868
9,486,0.033
18,486,0.152
27,486,0.028
36,486,0.035
45,486,0.039
54,486,0.041
63,486,0.011
72,486,0.024
81,486,0.109
90,486,0.151
99,486,0.198
108,486,0.135
117,486,0.09
126,486,0.121
135,486,0.265
144,486,0.479
153,486,0.89
162,486,1.263
171,486,1.189
180,486,1.122
189,486,1.684
198,486,1.596
207,486,1.681
216,486,1.766
225,486,1.523
234,486,1.605
243,486,1.386
252,486,1.615
261,486,1.546
270,486,1.781
279,486,1.709
288,486,1.363
297,486,1.185
306,486,1.138
315,486,1.094
324,486,1.281
333,486,1.355
342,486,1.43
351,486,1.259
360,486,1.105
369,486,1.066
378,486,1.028
387,486,1.312
396,486,1.385
405,486,1.458
414,486,1.533
423,486,1.739
432,486,1.687
441,486,1.638
450,486,1.47
459,486,1.667
468,486,1.62
477,486,1.825
486,486,1.776
495,486,1.989
504,486,1.938
513,486,2.021
522,486,1.84
531,486,2.054
540,486,2.004
549,486,1.827
558,486,1.782
567,486,1.739
576,486,1.469
585,486,1.541
594,486,1.615
603,486,1.577
612,486,1.652
621,486,1.613
630,486,1.689
639,486,1.431
648,486,1.503
657,486,1.468
666,486,1.766
675,486,1.727
684,486,1.806
693,486,2.009
702,486,1.847
711,486,1.928
720,486,1.889
729,486,1.971
738,486,1.813
747,486,2.016
756,486,2.231
765,486,2.322
774,486,2.554
783,486,2.372
792,486,2.466
801,486,2.288
810,486,2.248
819,486,2.617
828,486,2.865
837,486,2.971
846,486,2.775
855,486,2.588
864,486,2.689
873,486,2.647
882,486,2.749
891,486,2.707
900,486,2.812
909,486,2.626
918,486,2.729
927,486,2.689
936,486,2.944
945,486,2.903
954,486,2.572
963,486,2.534
972,486,-2.229
981,486,-2.068
990,486,-2.035
999,486,-2.256
1008,486,-2.095
1017,486,-1.822
1026,486,-1.68
1035,486,-1.545
1044,486,-1.319
1053,486,-1.294
1062,486,-1.365
1071,486,-1.439
1080,486,-1.516
1089,486,-1.49
1098,486,-1.569
1107,486,-1.543
1116,486,-1.316
1125,486,-1.39
1134,486,-1.467
1143,486,-1.442
1152,486,-1.318
1161,486,-1.496
1170,486,-1.471
1179,486,-1.447
1188,486,-1.638
1197,486,-1.503
1206,486,-1.479
1215,486,-1.455
1224,486,-1.431
1233,486,-1.74
1242,486,-1.834
1251,486,-1.69
1260,486,-1.665
1269,486,-1.64
1278,486,-1.396
1287,486,-1.174
1296,486,-1.153
1305,486,-1.132
1314,486,-1.411
1323,486,-1.498
1332,486,-1.709
1341,486,-1.939
1350,486,-1.915
1359,486,-2.026
1368,486,-1.868
1377,486,-1.978
1386,486,-2.095
1395,486,-2.071
1404,486,-2.048
1413,486,-2.171
1422,486,-2.003
1431,486,-1.981
1440,486,-1.821
1449,486,-1.667
1458,486,-1.645
1467,486,-2.041
1476,486,-2.172
1485,486,-2.478
1494,486,-2.459
1503,486,-2.274
1512,486,-2.973
1521,486,-3.158
1530,486,-3.146
1539,486,-2.932
1548,486,-2.536
1557,486,-2.342
1566,486,-2.327
1575,486,-2.138
1584,486,-2.299
1593,486,-2.108
1602,486,-1.925
1611,486,-2.081
1620,486,-1.896
1629,486,-2.056
1638,486,-2.045
1647,486,-1.856
1656,486,-2.215
1665,486,-2.015
1674,486,-1.822
1683,486,-1.636
1692,486,-1.625
1701,486,-1.614
1710,486,-1.788
1719,486,-1.595
1728,486,-1.409
1737,486,-1.078
1746,486,-1.388
1755,486,-1.38
1764,486,-1.372
1773,486,-1.365
1782,486,-1.564
1791,486,-1.356
1800,486,-1.574
1809,486,-1.356
1818,486,-1.146
1827,486,-0.946
1836,486,-0.757
1845,486,-0.448
1854,486,-0.56
1863,486,-0.397
1872,486,-0.254
1881,486,-0.222
1890,486,-0.186
1899,486,-0.26
1908,486,-0.403
1917,486,-0.887
9,495,0.031
18,495,0.143
27,495,0.025
36,495,0.031
45,495,0.034
54,495,0.036
63,495,0.009
72,495,0.02
81,495,0.094
90,495,0.13
99,495,0.171
108,495,0.114
117,495,0.074
126,495,0.1
135,495,0.226
144,495,0.418
153,495,0.923
162,495,1.294
171,495,1.212
180,495,1.137
189,495,1.693
198,495,1.598
207,495,1.674
216,495,1.752
225,495,1.504
234,495,1.579
243,495,1.358
252,495,1.577
261,495,1.503
270,495,1.727
279,495,1.652
288,495,1.309
297,495,1.132
306,495,1.082
315,495,1.035
324,495,1.212
333,495,1.278
342,495,1.346
351,495,1.293
360,495,1.132
369,495,1.088
378,495,1.046
387,495,1.326
396,495,1.393
405,495,1.461
414,495,1.53
423,495,1.729
432,495,1.672
441,495,1.618
450,495,1.448
459,495,1.637
468,495,1.585
477,495,1.782
486,495,1.728
495,495,1.932
504,495,1.876
513,495,1.952
522,495,1.77
531,495,1.974
540,495,1.92
549,495,1.743
558,495,1.695
567,495,1.649
576,495,1.385
585,495,1.45
594,495,1.517
603,495,1.475
612,495,1.543
621,495,1.502
630,495,1.57
639,495,1.321
648,495,1.385
657,495,1.348
666,495,1.625
675,495,1.585
684,495,1.655
693,495,1.842
702,495,1.685
711,495,1.757
720,495,1.831
729,495,1.906
738,495,1.747
747,495,1.94
756,495,2.144
765,495,2.226
774,495,2.446
783,495,2.264
792,495,2.35
801,495,2.303
810,495,2.39
819,495,2.762
828,495,3.01
837,495,3.111
846,495,2.905
855,495,2.708
864,495,2.804
873,495,2.755
882,495,2.853
891,495,2.804
900,495,2.904
909,495,2.709
918,495,2.808
927,495,2.761
936,495,3.012
945,495,3.118
954,495,2.769
963,495,2.723
972,495,-2.401
981,495,-2.229
990,495,-2.189
999,495,-2.412
1008,495,-2.24
1017,495,-1.953
1026,495,-1.801
1035,495,-1.656
1044,495,-1.417
1053,495,-1.388
1062,495,-1.458
1071,495,-1.53
1080,495,-1.605
1089,495,-1.574
1098,495,-1.651
1107,495,-1.619
1116,495,-1.382
1125,495,-1.454
1134,495,-1.528
1143,495,-1.498
1152,495,-1.368
1161,495,-1.545
1170,495,-1.516
1179,495,-1.487
1188,495,-1.675
1197,495,-1.535
1206,495,-1.506
1215,495,-1.477
1224,495,-1.449
1233,495,-1.753
1242,495,-1.843
1251,495,-1.693
1260,495,-1.664
1269,495,-1.635
1278,495,-1.388
1287,495,-1.165
1296,495,-1.14
1305,495,-1.115
1314,495,-1.494
1323,495,-1.579
1332,495,-1.79
1341,495,-2.02
1350,495,-1.99
1359,495,-2.097
1368,495,-1.931
1377,495,-2.038
1386,495,-2.15
1395,495,-2.267
1404,495,-2.238
1413,495,-2.361
1422,495,-2.181
1431,495,-2.153
1440,495,-1.98
1449,495,-1.814
1458,495,-1.787
1467,495,-2.194
1476,495,-2.325
1485,495,-2.635
1494,495,-2.61
1503,495,-2.413
1512,495,-3.124
1521,495,-3.307
1530,495,-3.287
1539,495,-3.062
1548,495,-2.652
1557,495,-2.447
1566,495,-2.426
1575,495,-2.227
1584,495,-2.384
1593,495,-2.185
1602,495,-1.992
1611,495,-2.144
1620,495,-1.95
1629,495,-2.106
1638,495,-2.088
1647,495,-1.891
1656,495,-2.244
1665,495,-2.037
1674,495,-1.837
1683,495,-1.644
1692,495,-1.626
1701,495,-1.608
1710,495,-1.773
1719,495,-1.574
1728,495,-1.384
1737,495,-1.053
1746,495,-1.349
1755,495,-1.332
1764,495,-1.316
1773,495,-1.3
1782,495,-1.481
1791,495,-1.272
1800,495,-1.467
1809,495,-1.248
1818,495,-1.04
1827,495,-0.843
1836,495,-0.66
1845,495,-0.375
1854,495,-0.464
1863,495,-0.313
1872,495,-0.188
1881,495,-0.154
1890,495,-0.119
1899,495,-0.156
1908,495,-0.422
1917,495,-0.906
9,504,0.029
18,504,0.134
27,504,0.022
36,504,0.027
45,504,0.029
54,504,0.031
63,504,0.007
72,504,0.016
81,504,0.08
90,504,0.112
99,504,0.147
108,504,0.096
117,504,0.061
126,504,0.082
135,504,0.192
144,504,0.363
153,504,0.825
162,504,1.168
171,504,1.088
180,504,1.015
189,504,1.531
198,504,1.438
207,504,1.506
216,504,1.574
225,504,1.339
234,504,1.405
243,504,1.197
252,504,1.396
261,504,1.324
270,504,1.529
279,504,1.455
288,504,1.257
297,504,1.081
306,504,1.029
315,504,0.98
324,504,1.146
333,504,1.205
342,504,1.266
351,504,1.211
360,504,1.053
369,504,1.008
378,504,0.964
387,504,1.226
396,504,1.286
405,504,1.347
414,504,1.408
423,504,1.592
432,504,1.658
441,504,1.599
450,504,1.426
459,504,1.607
468,504,1.552
477,504,1.74
486,504,1.682
495,504,1.876
504,504,1.817
513,504,1.886
522,504,1.704
531,504,1.896
540,504,1.839
549,504,1.663
558,504,1.612
567,504,1.677
576,504,1.407
585,504,1.468
594,504,1.531
603,504,1.485
612,504,1.547
621,504,1.501
630,504,1.564
639,504,1.314
648,504,1.372
657,504,1.332
666,504,1.601
675,504,1.556
684,504,1.621
693,504,1.8
702,504,1.641
711,504,1.707
720,504,1.775
729,504,1.844
738,504,1.684
747,504,1.866
756,504,2.06
765,504,2.135
774,504,2.343
783,504,2.161
792,504,2.238
801,504,2.188
810,504,2.266
819,504,2.62
828,504,2.853
837,504,2.944
846,504,2.74
855,504,2.544
864,504,2.631
873,504,2.578
882,504,2.666
891,504,2.613
900,504,2.703
909,504,2.65
918,504,2.741
927,504,2.689
936,504,2.929
945,504,3.026
954,504,2.678
963,504,2.628
972,504,-2.309
981,504,-2.136
990,504,-2.093
999,504,-2.303
1008,504,-2.131
1017,504,-1.85
1026,504,-1.699
1035,504,-1.555
1044,504,-1.323
1053,504,-1.29
1062,504,-1.353
1071,504,-1.417
1080,504,-1.484
1089,504,-1.553
1098,504,-1.624
1107,504,-1.588
1116,504,-1.351
1125,504,-1.417
1134,504,-1.486
1143,504,-1.452
1152,504,-1.522
1161,504,-1.705
1170,504,-1.67
1179,504,-1.635
1188,504,-1.828
1197,504,-1.677
1206,504,-1.642
1215,504,-1.608
1224,504,-1.574
1233,504,-1.887
1242,504,-1.975
1251,504,-1.816
1260,504,-1.781
1269,504,-1.746
1278,504,-1.486
1287,504,-1.25
1296,504,-1.221
1305,504,-1.192
1314,504,-1.578
1323,504,-1.661
1332,504,-1.872
1341,504,-2.101
1350,504,-2.066
1359,504,-2.169
1368,504,-1.996
1377,504,-2.099
1386,504,-2.206
1395,504,-2.318
1404,504,-2.283
1413,504,-2.4
1422,504,-2.214
1431,504,-2.18
1440,504,-2.001
1449,504,-1.968
1458,504,-1.935
1467,504,-2.353
1476,504,-2.483
1485,504,-2.797
1494,504,-2.765
1503,504,-2.556
1512,504,-3.279
1521,504,-3.458
1530,504,-3.431
1539,504,-3.194
1548,504,-2.77
1557,504,-2.554
1566,504,-2.526
1575,504,-2.317
1584,504,-2.471
1593,504,-2.262
1602,504,-2.06
1611,504,-2.208
1620,504,-2.005
1629,504,-2.156
1638,504,-2.131
1647,504,-1.926
1656,504,-2.273
1665,504,-2.058
1674,504,-1.851
1683,504,-1.653
1692,504,-1.628
1701,504,-1.603
1710,504,-1.758
1719,504,-1.555
1728,504,-1.36
1737,504,-1.029
1746,504,-1.31
1755,504,-1.286
1764,504,-1.262
1773,504,-1.238
1782,504,-1.403
1791,504,-1.192
1800,504,-1.367
1809,504,-1.149
1818,504,-0.943
1827,504,-0.75
1836,504,-0.574
1845,504,-0.312
1854,504,-0.381
1863,504,-0.244
1872,504,-0.208
1881,504,-0.17
1890,504,-0.13
1899,504,-0.168
1908,504,-0.441
1917,504,-0.925
9,513,0.027
18,513,0.126
27,513,0.02
36,513,0.024
45,513,0.026
54,513,0.026
63,513,0.006
72,513,0.013
81,513,0.068
90,513,0.096
99,513,0.126
108,513,0.08
117,513,0.05
126,513,0.067
135,513,0.162
144,513,0.313
153,513,0.735
162,513,1.051
171,513,0.973
180,513,0.902
189,513,1.38
198,513,1.289
207,513,1.349
216,513,1.409
225,513,1.187
234,513,1.245
243,513,1.049
252,513,1.229
261,513,1.16
270,513,1.345
279,513,1.274
288,513,1.09
297,513,0.927
306,513,0.877
315,513,0.83
324,513,0.977
333,513,1.029
342,513,1.081
351,513,1.029
360,513,0.884
369,513,0.841
378,513,0.8
387,513,1.031
396,513,1.082
405,513,1.134
414,513,1.186
423,513,1.349
432,513,1.405
441,513,1.349
450,513,1.191
459,513,1.35
468,513,1.297
477,513,1.462
486,513,1.408
495,513,1.698
504,513,1.638
513,513,1.698
522,513,1.524
531,513,1.7
540,513,1.642
549,513,1.475
558,513,1.424
567,513,1.591
576,513,1.327
585,513,1.382
594,513,1.437
603,513,1.389
612,513,1.445
621,513,1.397
630,513,1.453
639,513,1.211
648,513,1.263
657,513,1.221
666,513,1.472
675,513,1.426
684,513,1.482
693,513,1.648
702,513,1.493
711,513,1.551
720,513,1.61
729,513,1.671
738,513,1.517
747,513,1.684
756,513,1.86
765,513,1.926
774,513,2.116
783,513,2.062
792,513,2.132
801,513,2.203
810,513,2.276
819,513,2.623
828,513,2.848
837,513,2.932
846,513,2.723
855,513,2.524
864,513,2.604
873,513,2.546
882,513,2.626
891,513,2.569
900,513,2.651
909,513,2.593
918,513,2.676
927,513,2.619
936,513,2.848
945,513,2.937
954,513,2.591
963,513,2.537
972,513,-2.22
981,513,-2.047
990,513,-2
999,513,-2.199
1008,513,-2.027
1017,513,-1.751
1026,513,-1.601
1035,513,-1.459
1044,513,-1.233
1053,513,-1.199
1062,513,-1.254
1071,513,-1.311
1080,513,-1.37
1089,513,-1.431
1098,513,-1.493
1107,513,-1.456
1116,513,-1.321
1125,513,-1.382
1134,513,-1.547
1143,513,-1.509
1152,513,-1.576
1161,513,-1.757
1170,513,-1.716
1179,513,-1.677
1188,513,-1.867
1197,513,-1.71
1206,513,-1.67
1215,513,-1.631
1224,513,-1.593
1233,513,-1.901
1242,513,-1.984
1251,513,-1.82
1260,513,-1.78
1269,513,-1.74
1278,513,-1.478
1287,513,-1.24
1296,513,-1.207
1305,513,-1.174
1314,513,-1.55
1323,513,-1.745
1332,513,-1.956
1341,513,-2.184
1350,513,-2.143
1359,513,-2.242
1368,513,-2.201
1377,513,-2.304
1386,513,-2.411
1395,513,-2.524
1404,513,-2.482
1413,513,-2.599
1422,513,-2.557
1431,513,-2.516
1440,513,-2.318
1449,513,-2.278
1458,513,-2.238
1467,513,-2.686
1476,513,-2.821
1485,513,-3.152
1494,513,-3.113
1503,513,-2.885
1512,513,-3.648
1521,513,-3.832
1530,513,-3.798
1539,513,-3.543
1548,513,-3.088
1557,513,-2.854
1566,513,-2.819
1575,513,-2.593
1584,513,-2.752
1593,513,-2.525
1602,513,-2.306
1611,513,-2.459
1620,513,-2.239
1629,513,-2.395
1638,513,-2.363
1647,513,-2.142
1656,513,-2.505
1665,513,-2.273
1674,513,-2.05
1683,513,-1.835
1692,513,-1.804
1701,513,-1.774
1710,513,-1.934
1719,513,-1.715
1728,513,-1.505
1737,513,-1.149
1746,513,-1.445
1755,513,-1.415
1764,513,-1.386
1773,513,-1.357
1782,513,-1.525
1791,513,-1.3
1800,513,-1.479
1809,513,-1.246
1818,513,-1.026
1827,513,-0.819
1836,513,-0.629
1845,513,-0.348
1854,513,-0.419
1863,513,-0.271
1872,513,-0.23
1881,513,-0.188
1890,513,-0.143
1899,513,-0.181
1908,513,-0.461
1917,513,-0.944
9,522,0.026
18,522,0.118
27,522,0.018
36,522,0.021
45,522,0.022
54,522,0.022
63,522,0.005
72,522,0.011
81,522,0.058
90,522,0.081
99,522,0.108
108,522,0.066
117,522,0.04
126,522,0.055
135,522,0.135
144,522,0.268
153,522,0.651
162,522,0.942
171,522,0.866
180,522,0.798
189,522,1.239
198,522,1.151
207,522,1.203
216,522,1.256
225,522,1.047
234,522,1.097
243,522,0.914
252,522,1.077
261,522,1.011
270,522,1.178
279,522,1.109
288,522,1.045
297,522,0.883
306,522,0.832
315,522,0.783
324,522,0.921
333,522,0.967
342,522,1.013
351,522,0.959
360,522,0.819
369,522,0.775
378,522,0.733
387,522,0.949
396,522,0.993
405,522,1.039
414,522,1.085
423,522,1.235
432,522,1.284
441,522,1.227
450,522,1.075
459,522,1.221
468,522,1.168
477,522,1.319
486,522,1.264
495,522,1.532
504,522,1.472
513,522,1.524
522,522,1.359
531,522,1.518
540,522,1.461
549,522,1.302
558,522,1.252
567,522,1.402
576,522,1.25
585,522,1.299
594,522,1.348
603,522,1.298
612,522,1.348
621,522,1.299
630,522,1.348
639,522,1.115
648,522,1.16
657,522,1.117
666,522,1.35
675,522,1.303
684,522,1.352
693,522,1.505
702,522,1.355
711,522,1.406
720,522,1.458
729,522,1.51
738,522,1.363
747,522,1.514
756,522,1.675
765,522,1.732
774,522,1.905
783,522,1.85
792,522,1.91
801,522,1.972
810,522,2.035
819,522,2.354
828,522,2.56
837,522,2.633
846,522,2.432
855,522,2.241
864,522,2.31
873,522,2.251
882,522,2.32
891,522,2.262
900,522,2.332
909,522,2.274
918,522,2.345
927,522,2.287
936,522,2.492
945,522,2.568
954,522,2.245
963,522,2.19
972,522,-1.896
981,522,-1.735
990,522,-1.688
999,522,-1.862
1008,522,-1.703
1017,522,-1.451
1026,522,-1.314
1035,522,-1.275
1044,522,-1.065
1053,522,-1.03
1062,522,-1.076
1071,522,-1.211
1080,522,-1.263
1089,522,-1.316
1098,522,-1.371
1107,522,-1.332
1116,522,-1.201
1125,522,-1.254
1134,522,-1.405
1143,522,-1.365
1152,522,-1.423
1161,522,-1.587
1170,522,-1.545
1179,522,-1.503
1188,522,-1.675
1197,522,-1.524
1206,522,-1.482
1215,522,-1.442
1224,522,-1.402
1233,522,-1.68
1242,522,-1.751
1251,522,-1.595
1260,522,-1.553
1269,522,-1.511
1278,522,-1.268
1287,522,-1.049
1296,522,-1.015
1305,522,-0.982
1314,522,-1.313
1323,522,-1.483
1332,522,-1.667
1341,522,-1.867
1350,522,-1.823
1359,522,-1.905
1368,522,-1.861
1377,522,-1.947
1386,522,-2.036
1395,522,-2.129
1404,522,-2.083
1413,522,-2.179
1422,522,-2.134
1431,522,-2.088
1440,522,-1.905
1449,522,-1.861
1458,522,-1.818
1467,522,-2.202
1476,522,-2.311
1485,522,-2.593
1494,522,-2.547
1503,522,-2.336
1512,522,-2.995
1521,522,-3.143
1530,522,-3.099
1539,522,-2.861
1548,522,-2.452
1557,522,-2.238
1566,522,-2.195
1575,522,-1.99
1584,522,-2.111
1593,522,-1.907
1602,522,-1.866
1611,522,-1.987
1620,522,-1.784
1629,522,-1.906
1638,522,-1.866
1647,522,-1.664
1656,522,-1.959
1665,522,-1.748
1674,522,-1.546
1683,522,-1.507
1692,522,-1.468
1701,522,-1.43
1710,522,-1.731
1719,522,-1.517
1728,522,-1.315
1737,522,-0.983
1746,522,-1.238
1755,522,-1.2
1764,522,-1.162
1773,522,-1.124
1782,522,-1.257
1791,522,-1.221
1800,522,-1.38
1809,522,-1.148
1818,522,-0.931
1827,522,-0.73
1836,522,-0.547
1845,522,-0.289
1854,522,-0.343
1863,522,-0.299
1872,522,-0.253
1881,522,-0.206
1890,522,-0.156
1899,522,-0.195
1908,522,-0.48
1917,522,-0.964
9,531,0.024
18,531,0.11
27,531,0.016
36,531,0.018
45,531,0.019
54,531,0.019
63,531,0.004
72,531,0.009
81,531,0.049
90,531,0.069
99,531,0.091
108,531,0.055
117,531,0.032
126,531,0.044
135,531,0.113
144,531,0.229
153,531,0.575
162,531,0.841
171,531,0.768
180,531,0.703
189,531,1.108
198,531,1.023
207,531,1.069
216,531,1.247
225,531,1.035
234,531,1.08
243,531,0.895
252,531,1.051
261,531,0.981
270,531,1.14
279,531,1.069
288,531,1.002
297,531,0.842
306,531,0.788
315,531,0.739
324,531,0.867
333,531,0.908
342,531,0.948
351,531,0.894
360,531,0.757
369,531,0.713
378,531,0.671
387,531,0.871
396,531,0.91
405,531,0.95
414,531,0.99
423,531,1.127
432,531,1.17
441,531,1.114
450,531,0.968
459,531,1.101
468,531,1.049
477,531,1.186
486,531,1.131
495,531,1.378
504,531,1.318
513,531,1.363
522,531,1.206
531,531,1.35
540,531,1.293
549,531,1.144
558,531,1.094
567,531,1.229
576,531,1.178
585,531,1.22
594,531,1.264
603,531,1.213
612,531,1.256
621,531,1.205
630,531,1.249
639,531,1.024
648,531,1.064
657,531,1.02
666,531,1.236
675,531,1.188
684,531,1.231
693,531,1.371
702,531,1.227
711,531,1.271
720,531,1.315
729,531,1.361
738,531,1.22
747,531,1.357
756,531,1.503
765,531,1.552
774,531,1.71
783,531,1.654
792,531,1.706
801,531,1.759
810,531,1.813
819,531,2.105
828,531,2.292
837,531,2.355
846,531,2.163
855,531,1.981
864,531,2.04
873,531,1.98
882,531,2.04
891,531,1.981
900,531,2.04
909,531,1.982
918,531,2.042
927,531,1.984
936,531,2.167
945,531,2.231
954,531,1.931
963,531,1.875
972,531,-1.606
981,531,-1.456
990,531,-1.41
999,531,-1.561
1008,531,-1.414
1017,531,-1.188
1026,531,-1.064
1035,531,-1.026
1044,531,-0.841
1053,531,-0.808
1062,531,-0.845
1071,531,-0.957
1080,531,-0.998
1089,531,-1.04
1098,531,-1.084
1107,531,-1.129
1116,531,-1.09
1125,531,-1.135
1134,531,-1.272
1143,531,-1.231
1152,531,-1.281
1161,531,-1.43
1170,531,-1.386
1179,531,-1.441
1188,531,-1.603
1197,531,-1.452
1206,531,-1.408
1215,531,-1.364
1224,531,-1.321
1233,531,-1.584
1242,531,-1.761
1251,531,-1.6
1260,531,-1.554
1269,531,-1.508
1278,531,-1.263
1287,531,-1.042
1296,531,-1.005
1305,531,-0.968
1314,531,-1.291
1323,531,-1.453
1332,531,-1.629
1341,531,-1.82
1350,531,-1.771
1359,531,-1.846
1368,531,-1.797
1377,531,-1.875
1386,531,-1.956
1395,531,-2.04
1404,531,-1.989
1413,531,-2.076
1422,531,-2.026
1431,531,-1.976
1440,531,-1.793
1449,531,-1.745
1458,531,-1.698
1467,531,-2.058
1476,531,-2.155
1485,531,-2.415
1494,531,-2.528
1503,531,-2.312
1512,531,-2.955
1521,531,-3.093
1530,531,-3.04
1539,531,-2.799
1548,531,-2.39
1557,531,-2.173
1566,531,-2.124
1575,531,-1.917
1584,531,-2.027
1593,531,-1.979
1602,531,-1.932
1611,531,-2.049
1620,531,-1.838
1629,531,-1.955
1638,531,-1.908
1647,531,-1.862
1656,531,-2.17
1665,531,-1.942
1674,531,-1.724
1683,531,-1.679
1692,531,-1.634
1701,531,-1.589
1710,531,-1.904
1719,531,-1.674
1728,531,-1.455
1737,531,-1.099
1746,531,-1.367
1755,531,-1.323
1764,531,-1.279
1773,531,-1.234
1782,531,-1.371
1791,531,-1.329
1800,531,-1.491
1809,531,-1.245
1818,531,-1.012
1827,531,-0.797
1836,531,-0.6
1845,531,-0.322
1854,531,-0.378
1863,531,-0.329
1872,531,-0.278
1881,531,-0.225
1890,531,-0.171
1899,531,-0.209
1908,531,-0.501
1917,531,-0.984
9,540,0.023
18,540,0.222
27,540,0.04
36,540,0.038
45,540,0.036
54,540,0.033
63,540,0.007
72,540,0.014
81,540,0.066
90,540,0.088
99,540,0.112
108,540,0.067
117,540,0.04
126,540,0.052
135,540,0.126
144,540,0.248
153,540,0.602
162,540,0.868
171,540,0.788
180,540,0.717
189,540,1.118
198,540,1.028
207,540,1.067
216,540,1.239
225,540,1.024
234,540,1.063
243,540,0.877
252,540,1.025
261,540,0.953
270,540,1.103
279,540,1.029
288,540,0.961
297,540,0.802
306,540,0.747
315,540,0.696
324,540,0.816
333,540,0.852
342,540,0.983
351,540,0.923
360,540,0.78
369,540,0.732
378,540,0.686
387,540,0.884
396,540,0.919
405,540,0.955
414,540,0.991
423,540,1.124
432,540,1.162
441,540,1.102
450,540,0.954
459,540,1.081
468,540,1.026
477,540,1.157
486,540,1.1
495,540,1.337
504,540,1.274
513,540,1.314
522,540,1.157
531,540,1.293
540,540,1.234
549,540,1.086
558,540,1.035
567,540,1.161
576,540,1.108
585,540,1.146
594,540,1.278
603,540,1.223
612,540,1.262
621,540,1.208
630,540,1.247
639,540,1.02
648,540,1.056
657,540,1.009
666,540,1.219
675,540,1.168
684,540,1.206
693,540,1.437
702,540,1.286
711,540,1.423
720,540,1.466
729,540,1.614
738,540,1.453
747,540,1.6
756,540,1.754
765,540,1.803
774,540,1.968
783,540,2.02
792,540,2.072
801,540,2.126
810,540,2.18
819,540,2.496
828,540,2.694
837,540,2.757
846,540,2.541
855,540,2.336
864,540,2.395
873,540,2.324
882,540,2.383
891,540,2.313
900,540,2.373
909,540,2.304
918,540,2.363
927,540,2.295
936,540,2.487
945,540,2.55
954,540,2.222
963,540,2.157
972,540,-1.86
981,540,-1.693
990,540,-1.638
999,540,-1.798
1008,540,-1.634
1017,540,-1.384
1026,540,-1.245
1035,540,-1.199
1044,540,-0.993
1053,540,-0.953
1062,540,-0.991
1071,540,-1.11
1080,540,-1.152
1089,540,-1.194
1098,540,-1.238
1107,540,-1.283
1116,540,-1.237
1125,540,-1.283
1134,540,-1.425
1143,540,-1.377
1152,540,-1.427
1161,540,-1.581
1170,540,-1.53
1179,540,-1.584
1188,540,-1.75
1197,540,-1.588
1206,540,-1.538
1215,540,-1.488
1224,540,-1.439
1233,540,-1.71
1242,540,-1.888
1251,540,-1.717
1260,540,-1.665
1269,540,-1.613
1278,540,-1.355
1287,540,-1.121
1296,540,-1.079
1305,540,-1.038
1314,540,-1.368
1323,540,-1.531
1332,540,-1.707
1341,540,-1.897
1350,540,-1.843
1359,540,-1.914
1368,540,-1.989
1377,540,-2.066
1386,540,-2.147
1395,540,-2.23
1404,540,-2.172
1413,540,-2.259
1422,540,-2.201
1431,540,-2.144
1440,540,-1.948
1449,540,-1.894
1458,540,-1.84
1467,540,-2.209
1476,540,-2.305
1485,540,-2.568
1494,540,-2.679
1503,540,-2.451
1512,540,-3.104
1521,540,-3.239
1530,540,-3.179
1539,540,-2.925
1548,540,-2.502
1557,540,-2.274
1566,540,-2.218
1575,540,-2.001
1584,540,-2.108
1593,540,-2.053
1602,540,-1.999
1611,540,-2.112
1620,540,-1.892
1629,540,-2.004
1638,540,-1.95
1647,540,-1.897
1656,540,-2.2
1665,540,-1.965
1674,540,-1.74
1683,540,-1.688
1692,540,-1.636
1701,540,-1.585
1710,540,-1.889
1719,540,-1.654
1728,540,-1.432
1737,540,-1.075
1746,540,-1.33
1755,540,-1.279
1764,540,-1.228
1773,540,-1.178
1782,540,-1.3
1791,540,-1.25
1800,540,-1.393
1809,540,-1.148
1818,540,-0.92
1827,540,-0.71
1836,540,-0.656
1845,540,-0.358
1854,540,-0.415
1863,540,-0.36
1872,540,-0.304
1881,540,-0.246
1890,540,-0.186
1899,540,-0.224
1908,540,-0.521
1917,540,-1.003
9,549,0.021
18,549,0.21
27,549,0.036
36,549,0.034
45,549,0.031
54,549,0.028
63,549,0.006
72,549,0.012
81,549,0.056
90,549,0.075
99,549,0.095
108,549,0.056
117,549,0.032
126,549,0.042
135,549,0.105
144,549,0.211
153,549,0.53
162,549,0.773
171,549,0.697
180,549,0.629
189,549,0.998
198,549,0.91
207,549,0.944
216,549,1.101
225,549,0.899
234,549,0.932
243,549,0.759
252,549,0.892
261,549,0.823
270,549,0.958
279,549,0.888
288,549,0.823
297,549,0.763
306,549,0.708
315,549,0.656
324,549,0.768
333,549,0.798
342,549,0.921
351,549,0.86
360,549,0.722
369,549,0.751
378,549,0.701
387,549,0.896
396,549,0.928
405,549,0.96
414,549,0.992
423,549,1.12
432,549,1.154
441,549,1.09
450,549,0.941
459,549,1.062
468,549,1.004
477,549,1.129
486,549,1.069
495,549,1.297
504,549,1.232
513,549,1.267
522,549,1.11
531,549,1.239
540,549,1.178
549,549,1.031
558,549,0.978
567,549,1.096
576,549,1.042
585,549,1.075
594,549,1.198
603,549,1.141
612,549,1.175
621,549,1.12
630,549,1.154
639,549,0.936
648,549,0.967
657,549,0.92
666,549,1.114
675,549,1.063
684,549,1.096
693,549,1.309
702,549,1.163
711,549,1.289
720,549,1.325
729,549,1.46
738,549,1.306
747,549,1.439
756,549,1.579
765,549,1.62
774,549,1.771
783,549,1.815
792,549,1.859
801,549,1.905
810,549,2.069
819,549,2.369
828,549,2.555
837,549,2.61
846,549,2.529
855,549,2.32
864,549,2.372
873,549,2.297
882,549,2.35
891,549,2.276
900,549,2.329
909,549,2.256
918,549,2.309
927,549,2.237
936,549,2.419
945,549,2.476
954,549,2.149
963,549,2.081
972,549,-1.787
981,549,-1.621
990,549,-1.563
999,549,-1.713
1008,549,-1.551
1017,549,-1.306
1026,549,-1.169
1035,549,-1.122
1044,549,-0.922
1053,549,-0.881
1062,549,-0.913
1071,549,-1.104
1080,549,-1.141
1089,549,-1.179
1098,549,-1.219
1107,549,-1.259
1116,549,-1.211
1125,549,-1.252
1134,549,-1.387
1143,549,-1.433
1152,549,-1.479
1161,549,-1.631
1170,549,-1.575
1179,549,-1.626
1188,549,-1.789
1197,549,-1.621
1206,549,-1.566
1215,549,-1.511
1224,549,-1.458
1233,549,-1.724
1242,549,-1.898
1251,549,-1.723
1260,549,-1.666
1269,549,-1.61
1278,549,-1.349
1287,549,-1.114
1296,549,-1.068
1305,549,-1.024
1314,549,-1.345
1323,549,-1.501
1332,549,-1.669
1341,549,-1.976
1350,549,-1.916
1359,549,-1.984
1368,549,-2.054
1377,549,-2.127
1386,549,-2.203
1395,549,-2.282
1404,549,-2.218
1413,549,-2.299
1422,549,-2.235
1431,549,-2.172
1440,549,-1.97
1449,549,-1.91
1458,549,-1.851
1467,549,-2.214
1476,549,-2.302
1485,549,-2.557
1494,549,-2.659
1503,549,-2.427
1512,549,-3.064
1521,549,-3.189
1530,549,-3.121
1539,549,-2.863
1548,549,-2.44
1557,549,-2.21
1566,549,-2.314
1575,549,-2.087
1584,549,-2.189
1593,549,-2.128
1602,549,-2.067
1611,549,-2.175
1620,549,-1.946
1629,549,-2.053
1638,549,-1.993
1647,549,-1.933
1656,549,-2.231
1665,549,-1.988
1674,549,-1.756
1683,549,-1.698
1692,549,-1.639
1701,549,-1.581
1710,549,-1.875
1719,549,-1.636
1728,549,-1.409
1737,549,-1.052
1746,549,-1.294
1755,549,-1.237
1764,549,-1.18
1773,549,-1.123
1782,549,-1.233
1791,549,-1.175
1800,549,-1.301
1809,549,-1.059
1818,549,-0.835
1827,549,-0.631
1836,549,-0.573
1845,549,-0.299
1854,549,-0.341
1863,549,-0.285
1872,549,-0.23
1881,549,-0.174
1890,549,-0.12
1899,549,-0.134
1908,549,-0.542
1917,549,-1.023
9,558,0.02
18,558,0.198
27,558,0.032
36,558,0.03
45,558,0.027
54,558,0.024
63,558,0.005
72,558,0.01
81,558,0.048
90,558,0.095
99,558,0.116
108,558,0.068
117,558,0.039
126,558,0.05
135,558,0.118
144,558,0.228
153,558,0.555
162,558,0.798
171,558,0.716
180,558,0.642
189,558,1.008
198,558,0.915
207,558,0.944
216,558,1.094
225,558,0.889
234,558,1.031
243,558,0.841
252,558,0.975
261,558,0.898
270,558,1.033
279,558,0.955
288,558,0.882
297,558,0.815
306,558,0.753
315,558,0.696
324,558,0.807
333,558,0.834
342,558,0.955
351,558,0.889
360,558,0.744
369,558,0.77
378,558,0.717
387,558,0.909
396,558,0.937
405,558,0.965
414,558,0.993
423,558,1.117
432,558,1.146
441,558,1.079
450,558,0.927
459,558,1.044
468,558,0.983
477,558,1.102
486,558,1.131
495,558,1.36
504,558,1.289
513,558,1.32
522,558,1.156
531,558,1.283
540,558,1.216
549,558,1.064
558,558,1.006
567,558,1.122
576,558,1.063
585,558,1.182
594,558,1.307
603,558,1.243
612,558,1.371
621,558,1.306
630,558,1.338
639,558,1.096
648,558,1.125
657,558,1.069
666,558,1.276
675,558,1.216
684,558,1.248
693,558,1.472
702,558,1.312
711,558,1.441
720,558,1.475
729,558,1.613
738,558,1.446
747,558,1.582
756,558,1.725
765,558,1.875
774,558,2.032
783,558,2.074
792,558,2.116
801,558,2.159
810,558,2.329
819,558,2.642
828,558,2.832
837,558,2.884
846,558,2.792
855,558,2.566
864,558,2.615
873,558,2.53
882,558,2.58
891,558,2.496
900,558,2.547
909,558,2.464
918,558,2.515
927,558,2.433
936,558,2.618
945,558,2.671
954,558,2.326
963,558,2.249
972,558,-1.938
981,558,-1.759
990,558,-1.695
999,558,-1.847
1008,558,-1.674
1017,558,-1.414
1026,558,-1.267
1035,558,-1.214
1044,558,-1.001
1053,558,-0.956
1062,558,-0.986
1071,558,-1.181
1080,558,-1.216
1089,558,-1.252
1098,558,-1.289
1107,558,-1.327
1116,558,-1.274
1125,558,-1.312
1134,558,-1.447
1143,558,-1.489
1152,558,-1.532
1161,558,-1.792
1170,558,-1.729
1179,558,-1.778
1188,558,-1.944
1197,558,-1.764
1206,558,-1.702
1215,558,-1.641
1224,558,-1.581
1233,558,-1.855
1242,558,-2.03
1251,558,-1.844
1260,558,-1.781
1269,558,-1.718
1278,558,-1.443
1287,558,-1.196
1296,558,-1.145
1305,558,-1.096
1314,558,-1.424
1323,558,-1.58
1332,558,-1.748
1341,558,-2.057
1350,558,-1.99
1359,558,-2.054
1368,558,-2.12
1377,558,-2.189
1386,558,-2.26
1395,558,-2.334
1404,558,-2.264
1413,558,-2.339
1422,558,-2.269
1431,558,-2.2
1440,558,-1.993
1449,558,-1.927
1458,558,-1.862
1467,558,-2.218
1476,558,-2.3
1485,558,-2.546
1494,558,-2.641
1503,558,-2.404
1512,558,-3.026
1521,558,-3.14
1530,558,-3.065
1539,558,-2.804
1548,558,-2.381
1557,558,-2.312
1566,558,-2.411
1575,558,-2.174
1584,558,-2.273
1593,558,-2.204
1602,558,-2.136
1611,558,-2.239
1620,558,-2.002
1629,558,-2.103
1638,558,-2.036
1647,558,-1.97
1656,558,-2.261
1665,558,-2.011
1674,558,-1.772
1683,558,-1.707
1692,558,-1.642
1701,558,-1.578
1710,558,-1.862
1719,558,-1.618
1728,558,-1.553
1737,558,-1.17
1746,558,-1.425
1755,558,-1.36
1764,558,-1.296
1773,558,-1.232
1782,558,-1.344
1791,558,-1.279
1800,558,-1.407
1809,558,-1.149
1818,558,-0.91
1827,558,-0.692
1836,558,-0.627
1845,558,-0.333
1854,558,-0.375
1863,558,-0.314
1872,558,-0.252
1881,558,-0.191
1890,558,-0.131
1899,558,-0.144
1908,558,-0.564
1917,558,-1.043
9,567,0.019
18,567,0.187
27,567,0.029
36,567,0.027
45,567,0.024
54,567,0.021
63,567,0.004
72,567,0.008
81,567,0.04
90,567,0.119
99,567,0.14
108,567,0.083
117,567,0.048
126,567,0.059
135,567,0.132
144,567,0.247
153,567,0.581
162,567,0.824
171,567,0.735
180,567,0.656
189,567,1.018
198,567,0.92
207,567,0.944
216,567,1.088
225,567,0.88
234,567,1.015
243,567,0.824
252,567,0.952
261,567,0.872
270,567,1
279,567,0.92
288,567,0.846
297,567,0.777
306,567,0.714
315,567,0.656
324,567,0.759
333,567,0.782
342,567,0.894
351,567,0.829
360,567,0.767
369,567,0.79
378,567,0.732
387,567,0.922
396,567,0.946
405,567,0.97
414,567,0.994
423,567,1.113
432,567,1.139
441,567,1.068
450,567,0.915
459,567,1.026
468,567,1.05
477,567,1.169
486,567,1.195
495,567,1.425
504,567,1.348
513,567,1.375
522,567,1.203
531,567,1.327
540,567,1.256
549,567,1.096
558,567,1.035
567,567,1.148
576,567,1.085
585,567,1.2
594,567,1.321
603,567,1.253
612,567,1.377
621,567,1.308
630,567,1.336
639,567,1.091
648,567,1.117
657,567,1.143
666,567,1.353
675,567,1.287
684,567,1.315
693,567,1.541
702,567,1.372
711,567,1.5
720,567,1.531
729,567,1.666
738,567,1.492
747,567,1.625
756,567,1.765
765,567,1.911
774,567,2.064
783,567,2.101
792,567,2.138
801,567,2.176
810,567,2.341
819,567,2.647
828,567,2.831
837,567,2.876
846,567,2.779
855,567,2.549
864,567,2.592
873,567,2.502
882,567,2.546
891,567,2.458
900,567,2.502
909,567,2.415
918,567,2.459
927,567,2.374
936,567,2.549
945,567,2.596
954,567,2.252
963,567,2.173
972,567,-1.864
981,567,-1.793
990,567,-1.724
999,567,-1.872
1008,567,-1.693
1017,567,-1.429
1026,567,-1.278
1035,567,-1.221
1044,567,-1.006
1053,567,-0.957
1062,567,-0.984
1071,567,-1.174
1080,567,-1.205
1089,567,-1.237
1098,567,-1.27
1107,567,-1.304
1116,567,-1.247
1125,567,-1.281
1134,567,-1.409
1143,567,-1.446
1152,567,-1.484
1161,567,-1.733
1170,567,-1.667
1179,567,-1.71
1188,567,-1.867
1197,567,-1.687
1206,567,-1.622
1215,567,-1.559
1224,567,-1.497
1233,567,-1.755
1242,567,-1.919
1251,567,-1.735
1260,567,-1.669
1269,567,-1.605
1278,567,-1.338
1287,567,-1.188
1296,567,-1.134
1305,567,-1.081
1314,567,-1.401
1323,567,-1.55
1332,567,-1.71
1341,567,-2.008
1350,567,-1.937
1359,567,-1.994
1368,567,-2.053
1377,567,-2.114
1386,567,-2.177
1395,567,-2.242
1404,567,-2.168
1413,567,-2.235
1422,567,-2.161
1431,567,-2.087
1440,567,-1.881
1449,567,-1.812
1458,567,-1.744
1467,567,-2.078
1476,567,-2.149
1485,567,-2.377
1494,567,-2.459
1503,567,-2.225
1512,567,-2.808
1521,567,-2.907
1530,567,-2.827
1539,567,-2.57
1548,567,-2.163
1557,567,-2.089
1566,567,-2.174
1575,567,-2.1
1584,567,-2.188
1593,567,-2.114
1602,567,-2.04
1611,567,-2.131
1620,567,-1.895
1629,567,-1.984
1638,567,-1.911
1647,567,-1.839
1656,567,-2.108
1665,567,-1.861
1674,567,-1.626
1683,567,-1.556
1692,567,-1.487
1701,567,-1.418
1710,567,-1.672
1719,567,-1.435
1728,567,-1.365
1737,567,-1.007
1746,567,-1.227
1755,567,-1.158
1764,567,-1.09
1773,567,-1.022
1782,567,-1.107
1791,567,-1.037
1800,567,-1.133
1809,567,-0.897
1818,567,-0.683
1827,567,-0.615
1836,567,-0.684
1845,567,-0.368
1854,567,-0.412
1863,567,-0.344
1872,567,-0.276
1881,567,-0.209
1890,567,-0.144
1899,567,-0.156
1908,567,-0.586
1917,567,-1.063
9,576,0.018
18,576,0.176
27,576,0.026
36,576,0.024
45,576,0.02
54,576,0.018
63,576,0.003
72,576,0.006
81,576,0.034
90,576,0.102
99,576,0.12
108,576,0.069
117,576,0.039
126,576,0.048
135,576,0.11
144,576,0.211
153,576,0.512
162,576,0.734
171,576,0.649
180,576,0.574
189,576,0.906
198,576,0.812
207,576,0.943
216,576,1.082
225,576,0.981
234,576,1.118
243,576,0.909
252,576,1.038
261,576,0.948
270,576,1.077
279,576,0.987
288,576,0.905
297,576,0.829
306,576,0.76
315,576,0.695
324,576,0.798
333,576,0.818
342,576,0.928
351,576,0.857
360,576,0.79
369,576,0.896
378,576,0.829
387,576,1.028
396,576,1.048
405,576,1.069
414,576,1.09
423,576,1.209
432,576,1.231
441,576,1.152
450,576,0.988
459,576,1.099
468,576,1.12
477,576,1.238
486,576,1.26
495,576,1.492
504,576,1.407
513,576,1.43
522,576,1.25
531,576,1.373
540,576,1.295
549,576,1.13
558,576,1.063
567,576,1.174
576,576,1.106
585,576,1.218
594,576,1.336
603,576,1.264
612,576,1.384
621,576,1.311
630,576,1.334
639,576,1.087
648,576,1.109
657,576,1.219
666,576,1.432
675,576,1.359
684,576,1.384
693,576,1.611
702,576,1.434
711,576,1.56
720,576,1.587
729,576,1.72
738,576,1.538
747,576,1.669
756,576,1.805
765,576,1.948
774,576,2.097
783,576,2.129
792,576,2.161
801,576,2.194
810,576,2.353
819,576,2.653
828,576,2.83
837,576,2.869
846,576,2.766
855,576,2.532
864,576,2.57
873,576,2.475
882,576,2.513
891,576,2.42
900,576,2.59
909,576,2.496
918,576,2.535
927,576,2.444
936,576,2.616
945,576,2.657
954,576,2.305
963,576,2.219
972,576,-1.904
981,576,-1.939
990,576,-1.862
999,576,-2.011
1008,576,-1.821
1017,576,-1.541
1026,576,-1.38
1035,576,-1.317
1044,576,-1.089
1053,576,-1.034
1062,576,-1.06
1071,576,-1.254
1080,576,-1.282
1089,576,-1.312
1098,576,-1.342
1107,576,-1.373
1116,576,-1.311
1125,576,-1.341
1134,576,-1.469
1143,576,-1.502
1152,576,-1.537
1161,576,-1.786
1170,576,-1.714
1179,576,-1.753
1188,576,-1.906
1197,576,-1.721
1206,576,-1.651
1215,576,-1.583
1224,576,-1.516
1233,576,-1.771
1242,576,-1.93
1251,576,-1.741
1260,576,-1.671
1269,576,-1.602
1278,576,-1.333
1287,576,-1.18
1296,576,-1.123
1305,576,-1.067
1314,576,-1.379
1323,576,-1.521
1332,576,-1.674
1341,576,-1.96
1350,576,-1.886
1359,576,-1.936
1368,576,-1.988
1377,576,-2.041
1386,576,-2.097
1395,576,-2.154
1404,576,-2.076
1413,576,-2.135
1422,576,-2.056
1431,576,-1.98
1440,576,-1.775
1449,576,-1.703
1458,576,-1.632
1467,576,-1.945
1476,576,-2.006
1485,576,-2.216
1494,576,-2.286
1503,576,-2.057
1512,576,-2.603
1521,576,-2.688
1530,576,-2.602
1539,576,-2.351
1548,576,-1.96
1557,576,-1.883
1566,576,-1.954
1575,576,-1.876
1584,576,-1.949
1593,576,-1.872
1602,576,-1.948
1611,576,-2.028
1620,576,-1.949
1629,576,-2.034
1638,576,-1.954
1647,576,-1.875
1656,576,-2.139
1665,576,-1.884
1674,576,-1.643
1683,576,-1.566
1692,576,-1.491
1701,576,-1.416
1710,576,-1.661
1719,576,-1.42
1728,576,-1.344
1737,576,-0.986
1746,576,-1.195
1755,576,-1.121
1764,576,-1.047
1773,576,-0.974
1782,576,-1.049
1791,576,-0.974
1800,576,-1.056
1809,576,-0.824
1818,576,-0.616
1827,576,-0.545
1836,576,-0.599
1845,576,-0.407
1854,576,-0.45
1863,576,-0.376
1872,576,-0.301
1881,576,-0.228
1890,576,-0.157
1899,576,-0.167
1908,576,-0.608
1917,576,-1.084
9,585,0.017
18,585,0.166
27,585,0.024
36,585,0.021
45,585,0.018
54,585,0.015
63,585,0.003
72,585,0.005
81,585,0.028
90,585,0.127
99,585,0.144
108,585,0.084
117,585,0.047
126,585,0.056
135,585,0.124
144,585,0.228
153,585,0.537
162,585,0.759
171,585,0.667
180,585,0.587
189,585,0.916
198,585,0.817
207,585,0.943
216,585,1.076
225,585,0.971
234,585,1.102
243,585,0.892
252,585,1.014
261,585,1.028
270,585,1.156
279,585,1.058
288,585,0.967
297,585,0.884
306,585,0.807
315,585,0.736
324,585,0.838
333,585,0.854
342,585,0.962
351,585,0.885
360,585,0.814
369,585,0.917
378,585,0.845
387,585,1.042
396,585,1.058
405,585,1.074
414,585,1.091
423,585,1.206
432,585,1.223
441,585,1.141
450,585,0.974
459,585,1.081
468,585,1.098
477,585,1.21
486,585,1.227
495,585,1.45
504,585,1.363
513,585,1.382
522,585,1.202
531,585,1.317
540,585,1.336
549,585,1.164
558,585,1.182
567,585,1.294
576,585,1.218
585,585,1.332
594,585,1.451
603,585,1.371
612,585,1.491
621,585,1.41
630,585,1.43
639,585,1.169
648,585,1.188
657,585,1.298
666,585,1.513
675,585,1.434
684,585,1.455
693,585,1.682
702,585,1.497
711,585,1.621
720,585,1.644
729,585,1.774
738,585,1.586
747,585,1.713
756,585,1.847
765,585,1.986
774,585,2.13
783,585,2.157
792,585,2.184
801,585,2.212
810,585,2.365
819,585,2.659
828,585,2.83
837,585,3.006
846,585,2.895
855,585,2.65
864,585,2.682
873,585,2.58
882,585,2.613
891,585,2.513
900,585,2.68
909,585,2.579
918,585,2.613
927,585,2.515
936,585,2.683
945,585,2.719
954,585,2.358
963,585,2.266
972,585,-1.943
981,585,-1.974
990,585,-1.892
999,585,-2.037
1008,585,-1.842
1017,585,-1.557
1026,585,-1.391
1035,585,-1.325
1044,585,-1.093
1053,585,-1.036
1062,585,-1.057
1071,585,-1.247
1080,585,-1.271
1089,585,-1.297
1098,585,-1.323
1107,585,-1.349
1116,585,-1.284
1125,585,-1.311
1134,585,-1.432
1143,585,-1.46
1152,585,-1.49
1161,585,-1.728
1170,585,-1.762
1179,585,-1.796
1188,585,-1.947
1197,585,-1.755
1206,585,-1.68
1215,585,-1.607
1224,585,-1.536
1233,585,-1.786
1242,585,-1.94
1251,585,-1.747
1260,585,-1.673
1269,585,-1.6
1278,585,-1.328
1287,585,-1.172
1296,585,-1.112
1305,585,-1.053
1314,585,-1.357
1323,585,-1.493
1332,585,-1.638
1341,585,-1.915
1350,585,-1.836
1359,585,-1.88
1368,585,-2.053
1377,585,-2.102
1386,585,-2.292
1395,585,-2.347
1404,585,-2.26
1413,585,-2.317
1422,585,-2.23
1431,585,-2.145
1440,585,-1.927
1449,585,-1.847
1458,585,-1.768
1467,585,-2.09
1476,585,-2.148
1485,585,-2.361
1494,585,-2.428
1503,585,-2.186
1512,585,-2.742
1521,585,-2.824
1530,585,-2.73
1539,585,-2.466
1548,585,-2.061
1557,585,-1.976
1566,585,-2.043
1575,585,-1.959
1584,585,-2.028
1593,585,-1.943
1602,585,-2.015
1611,585,-2.091
1620,585,-2.005
1629,585,-2.084
1638,585,-1.997
1647,585,-1.912
1656,585,-2.17
1665,585,-1.908
1674,585,-1.659
1683,585,-1.737
1692,585,-1.653
1701,585,-1.57
1710,585,-1.826
1719,585,-1.567
1728,585,-1.483
1737,585,-1.099
1746,585,-1.318
1755,585,-1.236
1764,585,-1.154
1773,585,-1.074
1782,585,-1.149
1791,585,-1.066
1800,585,-1.149
1809,585,-0.901
1818,585,-0.677
1827,585,-0.6
1836,585,-0.654
1845,585,-0.447
1854,585,-0.491
1863,585,-0.409
1872,585,-0.328
1881,585,-0.248
1890,585,-0.17
1899,585,-0.18
1908,585,-0.631
1917,585,-1.104
9,594,0.016
18,594,0.157
27,594,0.021
36,594,0.018
45,594,0.015
54,594,0.013
63,594,0.002
72,594,0.004
81,594,0.023
90,594,0.11
99,594,0.124
108,594,0.07
117,594,0.038
126,594,0.045
135,594,0.103
144,594,0.194
153,594,0.472
162,594,0.674
171,594,0.588
180,594,0.512
189,594,0.813
198,594,0.719
207,594,0.833
216,594,0.952
225,594,0.853
234,594,0.971
243,594,0.775
252,594,0.885
261,594,0.896
270,594,1.01
279,594,0.917
288,594,0.832
297,594,0.754
306,594,0.683
315,594,0.618
324,594,0.707
333,594,0.719
342,594,0.814
351,594,0.743
360,594,0.678
369,594,0.767
378,594,0.779
387,594,0.962
396,594,0.974
405,594,0.987
414,594,0.999
423,594,1.105
432,594,1.117
441,594,1.037
450,594,0.878
459,594,0.974
468,594,0.987
477,594,1.089
486,594,1.102
495,594,1.307
504,594,1.222
513,594,1.236
522,594,1.067
531,594,1.17
540,594,1.184
549,594,1.022
558,594,1.036
567,594,1.136
576,594,1.063
585,594,1.165
594,594,1.271
603,594,1.194
612,594,1.301
621,594,1.223
630,594,1.239
639,594,0.998
648,594,1.012
657,594,1.109
666,594,1.301
675,594,1.226
684,594,1.242
693,594,1.445
702,594,1.274
711,594,1.383
720,594,1.399
729,594,1.514
738,594,1.434
747,594,1.55
756,594,1.671
765,594,1.797
774,594,1.929
783,594,1.949
792,594,1.97
801,594,1.992
810,594,2.131
819,594,2.402
828,594,2.557
837,594,2.717
846,594,2.608
855,594,2.373
864,594,2.398
873,594,2.423
882,594,2.449
891,594,2.348
900,594,2.503
909,594,2.401
918,594,2.428
927,594,2.329
936,594,2.484
945,594,2.512
954,594,2.286
963,594,2.191
972,594,-1.871
981,594,-1.897
990,594,-1.812
999,594,-1.948
1008,594,-1.863
1017,594,-1.573
1026,594,-1.403
1035,594,-1.333
1044,594,-1.097
1053,594,-1.037
1062,594,-1.055
1071,594,-1.24
1080,594,-1.261
1089,594,-1.282
1098,594,-1.304
1107,594,-1.326
1116,594,-1.259
1125,594,-1.281
1134,594,-1.395
1143,594,-1.419
1152,594,-1.444
1161,594,-1.673
1170,594,-1.701
1179,594,-1.73
1188,594,-1.871
1197,594,-1.68
1206,594,-1.603
1215,594,-1.528
1224,594,-1.455
1233,594,-1.692
1242,594,-1.835
1251,594,-1.754
1260,594,-1.675
1269,594,-1.598
1278,594,-1.324
1287,594,-1.165
1296,594,-1.102
1305,594,-1.04
1314,594,-1.336
1323,594,-1.465
1332,594,-1.604
1341,594,-1.87
1350,594,-1.788
1359,594,-1.948
1368,594,-2.119
1377,594,-2.164
1386,594,-2.35
1395,594,-2.4
1404,594,-2.307
1413,594,-2.358
1422,594,-2.265
1431,594,-2.174
1440,594,-1.95
1449,594,-1.865
1458,594,-1.781
1467,594,-2.096
1476,594,-2.149
1485,594,-2.354
1494,594,-2.414
1503,594,-2.168
1512,594,-2.711
1521,594,-2.784
1530,594,-2.684
1539,594,-2.417
1548,594,-2.012
1557,594,-1.923
1566,594,-1.981
1575,594,-1.892
1584,594,-1.952
1593,594,-1.863
1602,594,-1.925
1611,594,-1.991
1620,594,-1.9
1629,594,-1.969
1638,594,-1.877
1647,594,-1.787
1656,594,-2.025
1665,594,-1.766
1674,594,-1.523
1683,594,-1.588
1692,594,-1.5
1701,594,-1.413
1710,594,-1.641
1719,594,-1.392
1728,594,-1.305
1737,594,-0.946
1746,594,-1.134
1755,594,-1.05
1764,594,-0.967
1773,594,-0.886
1782,594,-0.94
1791,594,-0.856
1800,594,-0.915
1809,594,-0.828
1818,594,-0.611
1827,594,-0.658
1836,594,-0.712
1845,594,-0.49
1854,594,-0.533
1863,594,-0.444
1872,594,-0.356
1881,594,-0.269
1890,594,-0.185
1899,594,-0.192
1908,594,-0.654
1917,594,-1.125
9,603,0.015
18,603,0.148
27,603,0.019
36,603,0.016
45,603,0.013
54,603,0.011
63,603,0.002
72,603,0.003
81,603,0.019
90,603,0.094
99,603,0.107
108,603,0.058
117,603,0.031
126,603,0.037
135,603,0.085
144,603,0.164
153,603,0.413
162,603,0.597
171,603,0.515
180,603,0.444
189,603,0.717
198,603,0.629
207,603,0.731
216,603,0.839
225,603,0.745
234,603,0.851
243,603,0.67
252,603,0.767
261,603,0.775
270,603,0.877
279,603,0.79
288,603,0.711
297,603,0.639
306,603,0.573
315,603,0.736
324,603,0.829
333,603,0.837
342,603,0.936
351,603,0.854
360,603,0.778
369,603,0.87
378,603,0.879
387,603,1.168
396,603,1.176
405,603,1.184
414,603,1.192
423,603,1.302
432,603,1.31
441,603,1.216
450,603,1.036
459,603,1.137
468,603,1.146
477,603,1.251
486,603,1.26
495,603,1.475
504,603,1.38
513,603,1.389
522,603,1.203
531,603,1.308
540,603,1.318
549,603,1.141
558,603,1.152
567,603,1.253
576,603,1.172
585,603,1.275
594,603,1.382
603,603,1.297
612,603,1.404
621,603,1.319
630,603,1.33
639,603,1.076
648,603,1.087
657,603,1.183
666,603,1.377
675,603,1.296
684,603,1.308
693,603,1.512
702,603,1.333
711,603,1.44
720,603,1.453
729,603,1.565
738,603,1.48
747,603,1.593
756,603,1.711
765,603,1.834
774,603,1.961
783,603,1.977
792,603,1.994
801,603,2.01
810,603,2.144
819,603,2.41
828,603,2.559
837,603,2.713
846,603,2.598
855,603,2.359
864,603,2.379
873,603,2.399
882,603,2.419
891,603,2.314
900,603,2.461
909,603,2.355
918,603,2.377
927,603,2.274
936,603,2.421
945,603,2.443
954,603,2.217
963,603,2.119
972,603,-1.802
981,603,-1.822
990,603,-1.735
999,603,-1.863
1008,603,-1.775
1017,603,-1.491
1026,603,-1.324
1035,603,-1.253
1044,603,-1.024
1053,603,-0.963
1062,603,-0.977
1071,603,-1.149
1080,603,-1.165
1089,603,-1.182
1098,603,-1.199
1107,603,-1.216
1116,603,-1.234
1125,603,-1.252
1134,603,-1.36
1143,603,-1.38
1152,603,-1.4
1161,603,-1.619
1170,603,-1.642
1179,603,-1.666
1188,603,-1.798
1197,603,-1.608
1206,603,-1.529
1215,603,-1.452
1224,603,-1.378
1233,603,-1.601
1242,603,-1.734
1251,603,-1.651
1260,603,-1.571
1269,603,-1.493
1278,603,-1.227
1287,603,-1.072
1296,603,-1.009
1305,603,-0.947
1314,603,-1.221
1323,603,-1.339
1332,603,-1.57
1341,603,-1.827
1350,603,-1.741
1359,603,-1.893
1368,603,-2.187
1377,603,-2.227
1386,603,-2.409
1395,603,-2.454
1404,603,-2.355
1413,603,-2.4
1422,603,-2.447
1431,603,-2.347
1440,603,-2.109
1449,603,-2.015
1458,603,-1.923
1467,603,-2.246
1476,603,-2.296
1485,603,-2.502
1494,603,-2.559
1503,603,-2.3
1512,603,-2.853
1521,603,-2.921
1530,603,-2.813
1539,603,-2.534
1548,603,-2.113
1557,603,-2.016
1566,603,-2.071
1575,603,-1.975
1584,603,-2.031
1593,603,-1.934
1602,603,-1.992
1611,603,-2.053
1620,603,-1.955
1629,603,-2.186
1638,603,-2.085
1647,603,-1.986
1656,603,-2.233
1665,603,-1.955
1674,603,-1.693
1683,603,-1.758
1692,603,-1.662
1701,603,-1.566
1710,603,-1.804
1719,603,-1.536
1728,603,-1.44
1737,603,-1.055
1746,603,-1.252
1755,603,-1.16
1764,603,-1.069
1773,603,-0.979
1782,603,-1.033
1791,603,-0.941
1800,603,-1
1809,603,-0.905
1818,603,-0.672
1827,603,-0.718
1836,603,-0.773
1845,603,-0.536
1854,603,-0.578
1863,603,-0.482
1872,603,-0.386
1881,603,-0.292
1890,603,-0.2
1899,603,-0.206
1908,603,-0.678
1917,603,-1.145
9,612,0.014
18,612,0.139
27,612,0.017
36,612,0.014
45,612,0.011
54,612,0.009
63,612,0.001
72,612,0.003
81,612,0.027
90,612,0.117
99,612,0.128
108,612,0.071
117,612,0.038
126,612,0.043
135,612,0.096
144,612,0.178
153,612,0.435
162,612,0.619
171,612,0.531
180,612,0.455
189,612,0.727
198,612,0.634
207,612,0.732
216,612,0.835
225,612,0.738
234,612,0.838
243,612,0.656
252,612,0.748
261,612,0.752
270,612,0.849
279,612,0.76
288,612,0.68
297,612,0.607
306,612,0.542
315,612,0.695
324,612,0.782
333,612,0.787
342,612,0.878
351,612,0.796
360,612,0.721
369,612,0.806
378,612,0.896
387,612,1.183
396,612,1.186
405,612,1.189
414,612,1.193
423,612,1.299
432,612,1.302
441,612,1.205
450,612,1.114
459,612,1.214
468,612,1.219
477,612,1.323
486,612,1.327
495,612,1.543
504,612,1.44
513,612,1.445
522,612,1.25
531,612,1.353
540,612,1.359
549,612,1.175
558,612,1.182
567,612,1.281
576,612,1.195
585,612,1.294
594,612,1.397
603,612,1.308
612,612,1.411
621,612,1.322
630,612,1.329
639,612,1.072
648,612,1.08
657,612,1.172
666,612,1.36
675,612,1.276
684,612,1.284
693,612,1.481
702,612,1.301
711,612,1.402
720,612,1.411
729,612,1.517
738,612,1.43
747,612,1.536
756,612,1.647
765,612,1.762
774,612,1.882
783,612,2.006
792,612,2.017
801,612,2.029
810,612,2.158
819,612,2.418
828,612,2.561
837,612,2.708
846,612,2.589
855,612,2.473
864,612,2.487
873,612,2.633
882,612,2.649
891,612,2.533
900,612,2.682
909,612,2.565
918,612,2.582
927,612,2.469
936,612,2.751
945,612,2.77
954,612,2.521
963,612,2.411
972,612,-2.065
981,612,-2.082
990,612,-1.984
999,612,-2.116
1008,612,-2.017
1017,612,-1.707
1026,612,-1.522
1035,612,-1.441
1044,612,-1.188
1053,612,-1.119
1062,612,-1.131
1071,612,-1.314
1080,612,-1.328
1089,612,-1.343
1098,612,-1.357
1107,612,-1.372
1116,612,-1.387
1125,612,-1.403
1134,612,-1.515
1143,612,-1.532
1152,612,-1.549
1161,612,-1.776
1170,612,-1.796
1179,612,-1.817
1188,612,-1.952
1197,612,-1.749
1206,612,-1.662
1215,612,-1.577
1224,612,-1.495
1233,612,-1.724
1242,612,-1.858
1251,612,-1.768
1260,612,-1.681
1269,612,-1.595
1278,612,-1.412
1287,612,-1.241
1296,612,-1.168
1305,612,-1.098
1314,612,-1.392
1323,612,-1.515
1332,612,-1.759
1341,612,-2.028
1350,612,-1.933
1359,612,-2.089
1368,612,-2.394
1377,612,-2.431
1386,612,-2.617
1395,612,-2.659
1404,612,-2.55
1413,612,-2.592
1422,612,-2.636
1431,612,-2.527
1440,612,-2.274
1449,612,-2.171
1458,612,-2.071
1467,612,-2.401
1476,612,-2.447
1485,612,-2.655
1494,612,-2.708
1503,612,-2.436
1512,612,-2.998
1521,612,-3.062
1530,612,-2.945
1539,612,-2.654
1548,612,-2.217
1557,612,-2.113
1566,612,-2.163
1575,612,-2.059
1584,612,-2.111
1593,612,-2.007
1602,612,-2.06
1611,612,-2.116
1620,612,-2.011
1629,612,-2.238
1638,612,-2.13
1647,612,-2.023
1656,612,-2.265
1665,612,-1.98
1674,612,-1.711
1683,612,-1.769
1692,612,-1.666
1701,612,-1.564
1710,612,-1.794
1719,612,-1.521
1728,612,-1.419
1737,612,-1.034
1746,612,-1.221
1755,612,-1.124
1764,612,-1.176
1773,612,-1.077
1782,612,-1.131
1791,612,-1.031
1800,612,-1.089
1809,612,-0.986
1818,612,-0.737
1827,612,-0.782
1836,612,-0.836
1845,612,-0.583
1854,612,-0.625
1863,612,-0.52
1872,612,-0.417
1881,612,-0.315
1890,612,-0.216
1899,612,-0.22
1908,612,-0.702
1917,612,-1.166
9,621,0.013
18,621,0.131
27,621,0.015
36,621,0.012
45,621,0.01
54,621,0.008
63,621,0.001
72,621,0.002
81,621,0.023
90,621,0.101
99,621,0.11
108,621,0.059
117,621,0.03
126,621,0.035
135,621,0.079
144,621,0.15
153,621,0.38
162,621,0.546
171,621,0.464
180,621,0.393
189,621,0.639
198,621,0.552
207,621,0.639
216,621,0.732
225,621,0.641
234,621,0.73
243,621,0.563
252,621,0.644
261,621,0.646
270,621,0.731
279,621,0.649
288,621,0.575
297,621,0.508
306,621,0.449
315,621,0.583
324,621,0.659
333,621,0.661
342,621,0.74
351,621,0.666
360,621,0.597
369,621,0.671
378,621,0.748
387,621,1.003
396,621,1.004
405,621,1.004
414,621,1.097
423,621,1.194
432,621,1.194
441,621,1.099
450,621,1.01
459,621,1.101
468,621,1.102
477,621,1.196
486,621,1.197
495,621,1.396
504,621,1.296
513,621,1.297
522,621,1.113
531,621,1.205
540,621,1.208
549,621,1.035
558,621,1.038
567,621,1.126
576,621,1.044
585,621,1.132
594,621,1.223
603,621,1.138
612,621,1.23
621,621,1.145
630,621,1.149
639,621,0.913
648,621,0.917
657,621,1.077
666,621,1.252
675,621,1.169
684,621,1.174
693,621,1.356
702,621,1.183
711,621,1.275
720,621,1.28
729,621,1.376
738,621,1.29
747,621,1.386
756,621,1.486
765,621,1.59
774,621,1.698
783,621,1.811
792,621,1.817
801,621,1.824
810,621,1.94
819,621,2.179
828,621,2.308
837,621,2.442
846,621,2.325
855,621,2.211
864,621,2.22
873,621,2.351
882,621,2.361
891,621,2.248
900,621,2.381
909,621,2.268
918,621,2.402
927,621,2.289
936,621,2.553
945,621,2.565
954,621,2.323
963,621,2.213
972,621,-1.881
981,621,-1.892
990,621,-1.795
999,621,-1.915
1008,621,-1.818
1017,621,-1.523
1026,621,-1.347
1035,621,-1.269
1044,621,-1.034
1053,621,-0.967
1062,621,-0.975
1071,621,-1.138
1080,621,-1.231
1089,621,-1.241
1098,621,-1.251
1107,621,-1.261
1116,621,-1.271
1125,621,-1.282
1134,621,-1.384
1143,621,-1.396
1152,621,-1.504
1161,621,-1.721
1170,621,-1.736
1179,621,-1.752
1188,621,-1.878
1197,621,-1.676
1206,621,-1.587
1215,621,-1.501
1224,621,-1.417
1233,621,-1.633
1242,621,-1.758
1251,621,-1.666
1260,621,-1.577
1269,621,-1.491
1278,621,-1.311
1287,621,-1.145
1296,621,-1.072
1305,621,-1.002
1314,621,-1.276
1323,621,-1.387
1332,621,-1.612
1341,621,-1.861
1350,621,-1.766
1359,621,-1.907
1368,621,-2.189
1377,621,-2.217
1386,621,-2.385
1395,621,-2.418
1404,621,-2.308
1413,621,-2.34
1422,621,-2.521
1431,621,-2.409
1440,621,-2.157
1449,621,-2.052
1458,621,-1.949
1467,621,-2.26
1476,621,-2.297
1485,621,-2.488
1494,621,-2.531
1503,621,-2.264
1512,621,-2.791
1521,621,-2.843
1530,621,-2.722
1539,621,-2.437
1548,621,-2.017
1557,621,-1.911
1566,621,-1.95
1575,621,-1.845
1584,621,-1.885
1593,621,-1.78
1602,621,-1.821
1611,621,-1.863
1620,621,-1.757
1629,621,-1.956
1638,621,-1.847
1647,621,-1.74
1656,621,-1.949
1665,621,-1.68
1674,621,-1.429
1683,621,-1.47
1692,621,-1.368
1701,621,-1.268
1710,621,-1.457
1719,621,-1.208
1728,621,-1.249
1737,621,-1.014
1746,621,-1.191
1755,621,-1.089
1764,621,-1.132
1773,621,-1.029
1782,621,-1.074
1791,621,-0.97
1800,621,-1.017
1809,621,-0.91
1818,621,-0.668
1827,621,-0.701
1836,621,-0.741
1845,621,-0.633
1854,621,-0.674
1863,621,-0.561
1872,621,-0.449
1881,621,-0.339
1890,621,-0.233
1899,621,-0.234
1908,621,-0.726
1917,621,-1.187
9,630,0.012
18,630,0.123
27,630,0.014
36,630,0.011
45,630,0.008
54,630,0.006
63,630,0.001
72,630,0.002
81,630,0.019
90,630,0.087
99,630,0.094
108,630,0.049
117,630,0.024
126,630,0.028
135,630,0.065
144,630,0.126
153,630,0.33
162,630,0.48
171,630,0.403
180,630,0.338
189,630,0.559
198,630,0.478
207,630,0.555
216,630,0.637
225,630,0.553
234,630,0.632
243,630,0.479
252,630,0.55
261,630,0.55
270,630,0.625
279,630,0.549
288,630,0.481
297,630,0.421
306,630,0.367
315,630,0.549
324,630,0.619
333,630,0.618
342,630,0.691
351,630,0.618
360,630,0.551
369,630,0.618
378,630,0.688
387,630,0.927
396,630,0.924
405,630,0.922
414,630,1.007
423,630,1.095
432,630,1.092
441,630,0.999
450,630,0.913
459,630,0.995
468,630,0.993
477,630,1.079
486,630,1.076
495,630,1.259
504,630,1.162
513,630,1.16
522,630,0.986
531,630,1.069
540,630,1.068
549,630,0.906
558,630,0.906
567,630,0.984
576,630,0.906
585,630,0.984
594,630,1.065
603,630,0.984
612,630,1.065
621,630,0.985
630,630,0.986
639,630,0.771
648,630,0.772
657,630,0.913
666,630,1.068
675,630,1.069
684,630,1.07
693,630,1.239
702,630,1.073
711,630,1.156
720,630,1.157
729,630,1.244
738,630,1.16
747,630,1.247
756,630,1.337
765,630,1.43
774,630,1.627
783,630,1.732
792,630,1.734
801,630,1.736
810,630,1.844
819,630,2.071
828,630,2.191
837,630,2.315
846,630,2.197
855,630,2.082
864,630,2.086
873,630,2.207
882,630,2.212
891,630,2.098
900,630,2.221
909,630,2.108
918,630,2.231
927,630,2.118
936,630,2.364
945,630,2.371
954,630,2.136
963,630,2.027
972,630,-1.709
981,630,-1.715
990,630,-1.62
999,630,-1.727
1008,630,-1.632
1017,630,-1.354
1026,630,-1.187
1035,630,-1.192
1044,630,-1.039
1053,630,-0.969
1062,630,-0.973
1071,630,-1.133
1080,630,-1.221
1089,630,-1.227
1098,630,-1.234
1107,630,-1.24
1116,630,-1.247
1125,630,-1.254
1134,630,-1.35
1143,630,-1.451
1152,630,-1.557
1161,630,-1.774
1170,630,-1.784
1179,630,-1.795
1188,630,-1.919
1197,630,-1.71
1206,630,-1.616
1215,630,-1.525
1224,630,-1.437
1233,630,-1.65
1242,630,-1.77
1251,630,-1.674
1260,630,-1.581
1269,630,-1.491
1278,630,-1.308
1287,630,-1.138
1296,630,-1.063
1305,630,-0.99
1314,630,-1.257
1323,630,-1.363
1332,630,-1.58
1341,630,-1.82
1350,630,-1.721
1359,630,-1.855
1368,630,-2.124
1377,630,-2.146
1386,630,-2.305
1395,630,-2.33
1404,630,-2.217
1413,630,-2.242
1422,630,-2.411
1431,630,-2.295
1440,630,-2.045
1449,630,-1.938
1458,630,-1.833
1467,630,-2.125
1476,630,-2.153
1485,630,-2.33
1494,630,-2.363
1503,630,-2.1
1512,630,-2.595
1521,630,-2.636
1530,630,-2.513
1539,630,-2.234
1548,630,-1.831
1557,630,-1.724
1566,630,-1.753
1575,630,-1.647
1584,630,-1.677
1593,630,-1.572
1602,630,-1.601
1611,630,-1.632
1620,630,-1.527
1629,630,-1.7
1638,630,-1.591
1647,630,-1.485
1656,630,-1.663
1665,630,-1.412
1674,630,-1.18
1683,630,-1.207
1692,630,-1.109
1701,630,-1.013
1710,630,-1.165
1719,630,-0.942
1728,630,-0.967
1737,630,-0.76
1746,630,-0.896
1755,630,-0.801
1764,630,-0.824
1773,630,-0.85
1782,630,-0.879
1791,630,-0.778
1800,630,-0.806
1809,630,-0.703
1818,630,-0.492
1827,630,-0.507
1836,630,-0.525
1845,630,-0.547
1854,630,-0.572
1863,630,-0.461
1872,630,-0.353
1881,630,-0.25
1890,630,-0.156
1899,630,-0.143
1908,630,-0.447
1917,630,-0.562
9,639,0.012
18,639,0.115
27,639,0.012
36,639,0.009
45,639,0.007
54,639,0.012
63,639,0.002
72,639,0.003
81,639,0.026
90,639,0.108
99,639,0.114
108,639,0.086
117,639,0.045
126,639,0.049
135,639,0.1
144,639,0.179
153,639,0.422
162,639,0.588
171,639,0.494
180,639,0.415
189,639,0.657
198,639,0.562
207,639,0.642
216,639,0.726
225,639,0.629
234,639,0.709
243,639,0.54
252,639,0.612
261,639,0.607
270,639,0.682
279,639,0.599
288,639,0.524
297,639,0.457
306,639,0.398
315,639,0.584
324,639,0.653
333,639,0.649
342,639,0.72
351,639,0.642
360,639,0.638
369,639,0.707
378,639,0.78
387,639,1.031
396,639,1.023
405,639,1.016
414,639,1.101
423,639,1.189
432,639,1.181
441,639,1.079
450,639,0.985
459,639,1.066
468,639,1.06
477,639,1.144
486,639,1.231
495,639,1.423
504,639,1.314
513,639,1.306
522,639,1.115
531,639,1.199
540,639,1.194
549,639,1.016
558,639,1.012
567,639,1.091
576,639,1.005
585,639,1.083
594,639,1.165
603,639,1.076
612,639,1.157
621,639,1.069
630,639,1.066
639,639,0.837
648,639,0.835
657,639,0.979
666,639,1.137
675,639,1.134
684,639,1.131
693,639,1.301
702,639,1.127
711,639,1.208
720,639,1.206
729,639,1.29
738,639,1.201
747,639,1.286
756,639,1.373
765,639,1.464
774,639,1.658
783,639,1.759
792,639,1.757
801,639,1.754
810,639,1.859
819,639,2.08
828,639,2.195
837,639,2.314
846,639,2.191
855,639,2.072
864,639,2.071
873,639,2.187
882,639,2.306
891,639,2.185
900,639,2.305
909,639,2.185
918,639,2.305
927,639,2.185
936,639,2.43
945,639,2.431
954,639,2.188
963,639,2.073
972,639,-1.748
981,639,-1.749
990,639,-1.649
999,639,-1.753
1008,639,-1.653
1017,639,-1.37
1026,639,-1.199
1035,639,-1.201
1044,639,-1.044
1053,639,-0.971
1062,639,-0.972
1071,639,-1.128
1080,639,-1.298
1089,639,-1.3
1098,639,-1.303
1107,639,-1.307
1116,639,-1.31
1125,639,-1.313
1134,639,-1.408
1143,639,-1.507
1152,639,-1.611
1161,639,-1.827
1170,639,-1.833
1179,639,-1.84
1188,639,-1.96
1197,639,-1.745
1206,639,-1.646
1215,639,-1.55
1224,639,-1.457
1233,639,-1.667
1242,639,-1.783
1251,639,-1.682
1260,639,-1.585
1269,639,-1.49
1278,639,-1.304
1287,639,-1.132
1296,639,-1.054
1305,639,-1.059
1314,639,-1.331
1323,639,-1.437
1332,639,-1.656
1341,639,-1.896
1350,639,-1.791
1359,639,-1.923
1368,639,-2.192
1377,639,-2.209
1386,639,-2.364
1395,639,-2.384
1404,639,-2.264
1413,639,-2.284
1422,639,-2.448
1431,639,-2.326
1440,639,-2.07
1449,639,-1.957
1458,639,-1.847
1467,639,-2.132
1476,639,-2.155
1485,639,-2.325
1494,639,-2.352
1503,639,-2.085
1512,639,-2.568
1521,639,-2.602
1530,639,-2.473
1539,639,-2.192
1548,639,-1.789
1557,639,-1.678
1566,639,-1.701
1575,639,-1.591
1584,639,-1.614
1593,639,-1.506
1602,639,-1.528
1611,639,-1.689
1620,639,-1.577
1629,639,-1.747
1638,639,-1.631
1647,639,-1.518
1656,639,-1.693
1665,639,-1.435
1674,639,-1.196
1683,639,-1.218
1692,639,-1.115
1701,639,-1.014
1710,639,-1.161
1719,639,-0.934
1728,639,-0.953
1737,639,-0.744
1746,639,-0.873
1755,639,-0.775
1764,639,-0.792
1773,639,-0.811
1782,639,-0.833
1791,639,-0.729
1800,639,-0.749
1809,639,-0.645
1818,639,-0.441
1827,639,-0.449
1836,639,-0.458
1845,639,-0.469
1854,639,-0.618
1863,639,-0.498
1872,639,-0.382
1881,639,-0.271
1890,639,-0.169
1899,639,-0.154
1908,639,-0.466
1917,639,-0.577
9,648,0.011
18,648,0.108
27,648,0.011
36,648,0.008
45,648,0.006
54,648,0.01
63,648,0.001
72,648,0.002
81,648,0.022
90,648,0.093
99,648,0.098
108,648,0.072
117,648,0.036
126,648,0.039
135,648,0.083
144,648,0.151
153,648,0.368
162,648,0.519
171,648,0.431
180,648,0.357
189,648,0.576
198,648,0.487
207,648,0.558
216,648,0.633
225,648,0.623
234,648,0.699
243,648,0.528
252,648,0.597
261,648,0.589
270,648,0.659
279,648,0.575
288,648,0.5
297,648,0.433
306,648,0.374
315,648,0.55
324,648,0.614
333,648,0.607
342,648,0.673
351,648,0.595
360,648,0.59
369,648,0.653
378,648,0.719
387,648,0.954
396,648,0.944
405,648,1.022
414,648,1.103
423,648,1.187
432,648,1.174
441,648,1.07
450,648,0.972
459,648,1.049
468,648,1.04
477,648,1.119
486,648,1.201
495,648,1.385
504,648,1.274
513,648,1.263
522,648,1.072
531,648,1.151
540,648,1.142
549,648,0.967
558,648,0.96
567,648,1.117
576,648,1.026
585,648,1.102
594,648,1.18
603,648,1.087
612,648,1.164
621,648,1.073
630,648,1.067
639,648,0.835
648,648,0.831
657,648,0.971
666,648,1.123
675,648,1.117
684,648,1.111
693,648,1.275
702,648,1.1
711,648,1.176
720,648,1.17
729,648,1.249
738,648,1.159
747,648,1.238
756,648,1.32
765,648,1.404
774,648,1.589
783,648,1.683
792,648,1.676
801,648,1.67
810,648,1.766
819,648,1.976
828,648,2.083
837,648,2.192
846,648,2.069
855,648,1.95
864,648,1.945
873,648,2.051
882,648,2.16
891,648,2.04
900,648,2.15
909,648,2.03
918,648,2.14
927,648,2.021
936,648,2.249
945,648,2.245
954,648,2.01
963,648,1.896
972,648,-1.585
981,648,-1.681
990,648,-1.58
999,648,-1.676
1008,648,-1.575
1017,648,-1.298
1026,648,-1.13
1035,648,-1.128
1044,648,-0.974
1053,648,-0.902
1062,648,-0.901
1071,648,-1.045
1080,648,-1.203
1089,648,-1.202
1098,648,-1.201
1107,648,-1.201
1116,648,-1.2
1125,648,-1.199
1134,648,-1.374
1143,648,-1.467
1152,648,-1.565
1161,648,-1.772
1170,648,-1.774
1179,648,-1.775
1188,648,-1.887
1197,648,-1.674
1206,648,-1.573
1215,648,-1.476
1224,648,-1.382
1233,648,-1.58
1242,648,-1.687
1251,648,-1.585
1260,648,-1.487
1269,648,-1.393
1278,648,-1.211
1287,648,-1.044
1296,648,-0.966
1305,648,-0.967
1314,648,-1.22
1323,648,-1.315
1332,648,-1.517
1341,648,-1.74
1350,648,-1.635
1359,648,-1.753
1368,648,-2.001
1377,648,-2.011
1386,648,-2.151
1395,648,-2.163
1404,648,-2.044
1413,648,-2.055
1422,648,-2.202
1431,648,-2.081
1440,648,-1.836
1449,648,-1.725
1458,648,-1.617
1467,648,-1.873
1476,648,-1.887
1485,648,-2.035
1494,648,-2.052
1503,648,-1.932
1512,648,-2.385
1521,648,-2.409
1530,648,-2.278
1539,648,-2.005
1548,648,-1.618
1557,648,-1.508
1566,648,-1.522
1575,648,-1.414
1584,648,-1.428
1593,648,-1.322
1602,648,-1.335
1611,648,-1.475
1620,648,-1.364
1629,648,-1.511
1638,648,-1.398
1647,648,-1.288
1656,648,-1.436
1665,648,-1.196
1674,648,-0.977
1683,648,-0.989
1692,648,-1.002
1701,648,-0.902
1710,648,-1.03
1719,648,-0.815
1728,648,-0.826
1737,648,-0.631
1746,648,-0.739
1755,648,-0.644
1764,648,-0.652
1773,648,-0.661
1782,648,-0.671
1791,648,-0.682
1800,648,-0.695
1809,648,-0.59
1818,648,-0.394
1827,648,-0.395
1836,648,-0.397
1845,648,-0.4
1854,648,-0.523
1863,648,-0.407
1872,648,-0.297
1881,648,-0.197
1890,648,-0.11
1899,648,-0.09
1908,648,-0.272
1917,648,-0.591
9,657,0.01
18,657,0.102
27,657,0.01
36,657,0.007
45,657,0.005
54,657,0.008
63,657,0.001
72,657,0.002
81,657,0.018
90,657,0.08
99,657,0.083
108,657,0.06
117,657,0.029
126,657,0.032
135,657,0.068
144,657,0.126
153,657,0.32
162,657,0.455
171,657,0.374
180,657,0.305
189,657,0.503
198,657,0.42
207,657,0.482
216,657,0.548
225,657,0.537
234,657,0.605
243,657,0.449
252,657,0.508
261,657,0.5
270,657,0.561
279,657,0.484
288,657,0.416
297,657,0.356
306,657,0.303
315,657,0.456
324,657,0.51
333,657,0.503
342,657,0.56
351,657,0.489
360,657,0.483
369,657,0.537
378,657,0.734
387,657,0.968
396,657,0.954
405,657,1.028
414,657,1.105
423,657,1.185
432,657,1.168
441,657,1.061
450,657,0.961
459,657,1.033
468,657,1.02
477,657,1.094
486,657,1.171
495,657,1.348
504,657,1.235
513,657,1.221
522,657,1.032
531,657,1.105
540,657,1.093
549,657,0.92
558,657,0.91
567,657,1.058
576,657,0.968
585,657,1.037
594,657,1.109
603,657,1.098
612,657,1.172
621,657,1.077
630,657,1.067
639,657,0.834
648,657,0.826
657,657,0.962
666,657,1.11
675,657,1.183
684,657,1.173
693,657,1.338
702,657,1.154
711,657,1.229
720,657,1.219
729,657,1.296
738,657,1.201
747,657,1.277
756,657,1.356
765,657,1.438
774,657,1.62
783,657,1.71
792,657,1.699
801,657,1.688
810,657,1.781
819,657,1.986
828,657,2.088
837,657,2.192
846,657,2.065
855,657,1.942
864,657,1.931
873,657,2.032
882,657,2.136
891,657,2.012
900,657,2.116
909,657,1.993
918,657,2.096
927,657,1.975
936,657,2.194
945,657,2.185
954,657,1.949
963,657,1.834
972,657,-1.526
981,657,-1.616
990,657,-1.513
999,657,-1.603
1008,657,-1.501
1017,657,-1.229
1026,657,-1.064
1035,657,-1.059
1044,657,-0.909
1053,657,-0.837
1062,657,-0.833
1071,657,-0.966
1080,657,-1.113
1089,657,-1.109
1098,657,-1.105
1107,657,-1.101
1116,657,-1.097
1125,657,-1.093
1134,657,-1.254
1143,657,-1.337
1152,657,-1.425
1161,657,-1.616
1170,657,-1.613
1179,657,-1.61
1188,657,-1.71
1197,657,-1.505
1206,657,-1.407
1215,657,-1.313
1224,657,-1.222
1233,657,-1.4
1242,657,-1.495
1251,657,-1.396
1260,657,-1.302
1269,657,-1.21
1278,657,-1.041
1287,657,-0.886
1296,657,-0.813
1305,657,-0.81
1314,657,-1.033
1323,657,-1.114
1332,657,-1.292
1341,657,-1.488
1350,657,-1.387
1359,657,-1.489
1368,657,-1.823
1377,657,-1.826
1386,657,-1.951
1395,657,-1.956
1404,657,-1.838
1413,657,-1.843
1422,657,-1.974
1431,657,-1.854
1440,657,-1.621
1449,657,-1.512
1458,657,-1.407
1467,657,-1.636
1476,657,-1.642
1485,657,-1.771
1494,657,-1.779
1503,657,-1.662
1512,657,-2.068
1521,657,-2.227
1530,657,-2.243
1539,657,-1.967
1548,657,-1.581
1557,657,-1.467
1566,657,-1.476
1575,657,-1.365
1584,657,-1.373
1593,657,-1.264
1602,657,-1.272
1611,657,-1.401
1620,657,-1.289
1629,657,-1.423
1638,657,-1.308
1647,657,-1.197
1656,657,-1.332
1665,657,-1.098
1674,657,-0.886
1683,657,-0.891
1692,657,-0.897
1701,657,-0.799
1710,657,-0.911
1719,657,-0.708
1728,657,-0.814
1737,657,-0.618
1746,657,-0.719
1755,657,-0.623
1764,657,-0.625
1773,657,-0.629
1782,657,-0.633
1791,657,-0.638
1800,657,-0.644
1809,657,-0.538
1818,657,-0.351
1827,657,-0.347
1836,657,-0.343
1845,657,-0.439
1854,657,-0.566
1863,657,-0.441
1872,657,-0.323
1881,657,-0.214
1890,657,-0.121
1899,657,-0.097
1908,657,-0.285
1917,657,-0.605
9,666,0.009
18,666,0.095
27,666,0.009
36,666,0.006
45,666,0.004
54,666,0.007
63,666,0.001
72,666,0.001
81,666,0.015
90,666,0.068
99,666,0.071
108,666,0.05
117,666,0.023
126,666,0.025
135,666,0.056
144,666,0.105
153,666,0.276
162,666,0.398
171,666,0.322
180,666,0.26
189,666,0.436
198,666,0.359
207,666,0.414
216,666,0.472
225,666,0.46
234,666,0.519
243,666,0.378
252,666,0.43
261,666,0.42
270,666,0.474
279,666,0.403
288,666,0.342
297,666,0.289
306,666,0.242
315,666,0.373
324,666,0.42
333,666,0.412
342,666,0.46
351,666,0.397
360,666,0.443
369,666,0.492
378,666,0.676
387,666,0.895
396,666,0.879
405,666,0.947
414,666,1.016
423,666,1.088
432,666,1.07
441,666,0.965
450,666,0.868
459,666,0.933
468,666,1.001
477,666,1.07
486,666,1.142
495,666,1.312
504,666,1.198
513,666,1.18
522,666,0.992
531,666,1.06
540,666,1.045
549,666,0.874
558,666,0.862
567,666,1.002
576,666,0.912
585,666,0.975
594,666,1.041
603,666,1.028
612,666,1.095
621,666,1.002
630,666,0.989
639,666,0.765
648,666,0.755
657,666,0.881
666,666,1.018
675,666,1.084
684,666,1.072
693,666,1.224
702,666,1.047
711,666,1.115
720,666,1.102
729,666,1.171
738,666,1.079
747,666,1.147
756,666,1.217
765,666,1.29
774,666,1.457
783,666,1.538
792,666,1.524
801,666,1.51
810,666,1.593
819,666,1.78
828,666,1.871
837,666,1.964
846,666,1.841
855,666,1.722
864,666,1.708
873,666,1.798
882,666,1.89
891,666,1.77
900,666,1.862
909,666,1.744
918,666,1.835
927,666,1.719
936,666,1.916
945,666,1.904
954,666,1.683
963,666,1.574
972,666,-1.378
981,666,-1.458
990,666,-1.358
999,666,-1.438
1008,666,-1.339
1017,666,-1.084
1026,666,-0.929
1035,666,-0.921
1044,666,-0.782
1053,666,-0.714
1062,666,-0.708
1071,666,-0.826
1080,666,-0.955
1089,666,-0.948
1098,666,-0.941
1107,666,-0.934
1116,666,-0.927
1125,666,-0.921
1134,666,-1.062
1143,666,-1.133
1152,666,-1.209
1161,666,-1.377
1170,666,-1.37
1179,666,-1.363
1188,666,-1.449
1197,666,-1.26
1206,666,-1.168
1215,666,-1.08
1224,666,-0.996
1233,666,-1.15
1242,666,-1.229
1251,666,-1.138
1260,666,-1.05
1269,666,-0.967
1278,666,-0.817
1287,666,-0.745
1296,666,-0.677
1305,666,-0.672
1314,666,-0.866
1323,666,-0.935
1332,666,-1.089
1341,666,-1.261
1350,666,-1.257
1359,666,-1.347
1368,666,-1.656
1377,666,-1.653
1386,666,-1.765
1395,666,-1.764
1404,666,-1.648
1413,666,-1.647
1422,666,-1.762
1431,666,-1.645
1440,666,-1.532
1449,666,-1.422
1458,666,-1.316
1467,666,-1.53
1476,666,-1.53
1485,666,-1.648
1494,666,-1.649
1503,666,-1.533
1512,666,-1.911
1521,666,-2.055
1530,666,-2.063
1539,666,-1.794
1548,666,-1.425
1557,666,-1.313
1566,666,-1.315
1575,666,-1.206
1584,666,-1.207
1593,666,-1.209
1602,666,-1.211
1611,666,-1.33
1620,666,-1.216
1629,666,-1.339
1638,666,-1.223
1647,666,-1.111
1656,666,-1.233
1665,666,-1.006
1674,666,-0.802
1683,666,-0.801
1692,666,-0.801
1701,666,-0.704
1710,666,-0.908
1719,666,-0.702
1728,666,-0.803
1737,666,-0.606
1746,666,-0.7
1755,666,-0.601
1764,666,-0.6
1773,666,-0.598
1782,666,-0.597
1791,666,-0.596
1800,666,-0.596
1809,666,-0.491
1818,666,-0.312
1827,666,-0.303
1836,666,-0.294
1845,666,-0.373
1854,666,-0.612
1863,666,-0.477
1872,666,-0.35
1881,666,-0.233
1890,666,-0.131
1899,666,-0.105
1908,666,-0.299
1917,666,-0.62
9,675,0.009
18,675,0.089
27,675,0.008
36,675,0.005
45,675,0.004
54,675,0.006
63,675,0.001
72,675,0.001
81,675,0.012
90,675,0.058
99,675,0.06
108,675,0.041
117,675,0.019
126,675,0.02
135,675,0.045
144,675,0.087
153,675,0.237
162,675,0.345
171,675,0.276
180,675,0.219
189,675,0.375
198,675,0.305
207,675,0.353
216,675,0.403
225,675,0.391
234,675,0.443
243,675,0.315
252,675,0.36
261,675,0.35
270,675,0.396
279,675,0.333
288,675,0.278
297,675,0.231
306,675,0.191
315,675,0.302
324,675,0.341
333,675,0.333
342,675,0.373
351,675,0.318
360,675,0.356
369,675,0.397
378,675,0.556
387,675,0.749
396,675,0.732
405,675,0.79
414,675,0.851
423,675,0.913
432,675,0.894
441,675,0.798
450,675,0.711
459,675,0.767
468,675,0.824
477,675,0.883
486,675,0.945
495,675,1.093
504,675,0.989
513,675,0.971
522,675,0.804
531,675,0.861
540,675,0.846
549,675,0.695
558,675,0.683
567,675,0.802
576,675,0.722
585,675,0.775
594,675,0.83
603,675,0.816
612,675,0.872
621,675,0.789
630,675,0.776
639,675,0.584
648,675,0.574
657,675,0.678
666,675,0.792
675,675,0.847
684,675,0.834
693,675,0.962
702,675,0.809
711,675,0.864
720,675,0.851
729,675,0.907
738,675,0.826
747,675,0.952
756,675,1.012
765,675,1.074
774,675,1.221
783,675,1.29
792,675,1.274
801,675,1.258
810,675,1.328
819,675,1.493
828,675,1.571
837,675,1.651
846,675,1.536
855,675,1.52
864,675,1.503
873,675,1.582
882,675,1.663
891,675,1.549
900,675,1.629
909,675,1.517
918,675,1.596
927,675,1.486
936,675,1.662
945,675,1.647
954,675,1.442
963,675,1.339
972,675,-1.159
981,675,-1.227
990,675,-1.134
999,675,-1.202
1008,675,-1.111
1017,675,-0.951
1026,675,-0.806
1035,675,-0.797
1044,675,-0.668
1053,675,-0.604
1062,675,-0.596
1071,675,-0.699
1080,675,-0.813
1089,675,-0.804
1098,675,-0.795
1107,675,-0.786
1116,675,-0.777
1125,675,-0.768
1134,675,-0.89
1143,675,-0.951
1152,675,-1.015
1161,675,-1.162
1170,675,-1.152
1179,675,-1.141
1188,675,-1.214
1197,675,-1.042
1206,675,-0.958
1215,675,-0.877
1224,675,-0.8
1233,675,-0.93
1242,675,-1.074
1251,675,-0.987
1260,675,-0.904
1269,675,-0.825
1278,675,-0.687
1287,675,-0.621
1296,675,-0.558
1305,675,-0.605
1314,675,-0.784
1323,675,-0.845
1332,675,-0.986
1341,675,-1.143
1350,675,-1.135
1359,675,-1.215
1368,675,-1.499
1377,675,-1.492
1386,675,-1.591
1395,675,-1.585
1404,675,-1.471
1413,675,-1.464
1422,675,-1.566
1431,675,-1.452
1440,675,-1.342
1449,675,-1.236
1458,675,-1.135
1467,675,-1.324
1476,675,-1.318
1485,675,-1.419
1494,675,-1.415
1503,675,-1.303
1512,675,-1.638
1521,675,-1.762
1530,675,-1.761
1539,675,-1.511
1548,675,-1.175
1557,675,-1.07
1566,675,-1.066
1575,675,-0.965
1584,675,-0.959
1593,675,-0.954
1602,675,-0.949
1611,675,-1.044
1620,675,-0.94
1629,675,-1.037
1638,675,-0.931
1647,675,-0.83
1656,675,-0.923
1665,675,-0.729
1674,675,-0.559
1683,675,-0.552
1692,675,-0.545
1701,675,-0.464
1710,675,-0.612
1719,675,-0.449
1728,675,-0.599
1737,675,-0.509
1746,675,-0.587
1755,675,-0.494
1764,675,-0.486
1773,675,-0.478
1782,675,-0.471
1791,675,-0.463
1800,675,-0.455
1809,675,-0.361
1818,675,-0.214
1827,675,-0.201
1836,675,-0.188
1845,675,-0.237
1854,675,-0.519
1863,675,-0.515
1872,675,-0.378
1881,675,-0.252
1890,675,-0.143
1899,675,-0.114
1908,675,-0.313
1917,675,-0.635
9,684,0.008
18,684,0.083
27,684,0.007
36,684,0.005
45,684,0.003
54,684,0.005
63,684,0.001
72,684,0.002
81,684,0.018
90,684,0.073
99,684,0.073
108,684,0.051
117,684,0.023
126,684,0.024
135,684,0.052
144,684,0.096
153,684,0.252
162,684,0.361
171,684,0.287
180,684,0.226
189,684,0.382
198,684,0.309
207,684,0.354
216,684,0.402
225,684,0.388
234,684,0.436
243,684,0.308
252,684,0.35
261,684,0.339
270,684,0.381
279,684,0.318
288,684,0.263
297,684,0.217
306,684,0.178
315,684,0.281
324,684,0.317
333,684,0.307
342,684,0.344
351,684,0.29
360,684,0.325
369,684,0.361
378,684,0.509
387,684,0.688
396,684,0.741
405,684,0.796
414,684,0.853
423,684,0.912
432,684,0.89
441,684,0.792
450,684,0.702
459,684,0.754
468,684,0.808
477,684,0.863
486,684,0.92
495,684,1.063
504,684,0.958
513,684,0.937
522,684,0.842
531,684,0.897
540,684,0.878
549,684,0.722
558,684,0.706
567,684,0.824
576,684,0.74
585,684,0.791
594,684,0.843
603,684,0.826
612,684,0.88
621,684,0.794
630,684,0.778
639,684,0.584
648,684,0.572
657,684,0.672
666,684,0.783
675,684,0.834
684,684,0.818
693,684,0.941
702,684,0.788
711,684,0.839
720,684,0.824
729,684,0.876
738,684,0.795
747,684,0.914
756,684,0.97
765,684,1.027
774,684,1.166
783,684,1.229
792,684,1.21
801,684,1.192
810,684,1.256
819,684,1.412
828,684,1.483
837,684,1.556
846,684,1.535
855,684,1.514
864,684,1.494
873,684,1.568
882,684,1.644
891,684,1.527
900,684,1.602
909,684,1.488
918,684,1.562
927,684,1.45
936,684,1.619
945,684,1.599
954,684,1.395
963,684,1.291
972,684,-1.112
981,684,-1.175
990,684,-1.082
999,684,-1.144
1008,684,-1.052
1017,684,-0.965
1026,684,-0.817
1035,684,-0.805
1044,684,-0.673
1053,684,-0.607
1062,684,-0.597
1071,684,-0.697
1080,684,-0.808
1089,684,-0.796
1098,684,-0.784
1107,684,-0.773
1116,684,-0.761
1125,684,-0.75
1134,684,-0.867
1143,684,-0.924
1152,684,-0.983
1161,684,-1.123
1170,684,-1.11
1179,684,-1.097
1188,684,-1.164
1197,684,-0.994
1206,684,-0.909
1215,684,-0.828
1224,684,-0.752
1233,684,-0.873
1242,684,-1.007
1251,684,-0.921
1260,684,-0.839
1269,684,-0.761
1278,684,-0.687
1287,684,-0.618
1296,684,-0.553
1305,684,-0.598
1314,684,-0.772
1323,684,-0.829
1332,684,-0.965
1341,684,-1.116
1350,684,-1.104
1359,684,-1.179
1368,684,-1.453
1377,684,-1.441
1386,684,-1.533
1395,684,-1.522
1404,684,-1.407
1413,684,-1.396
1422,684,-1.489
1431,684,-1.375
1440,684,-1.264
1449,684,-1.158
1458,684,-1.057
1467,684,-1.233
1476,684,-1.223
1485,684,-1.314
1494,684,-1.304
1503,684,-1.193
1512,684,-1.505
1521,684,-1.616
1530,684,-1.609
1539,684,-1.368
1548,684,-1.049
1557,684,-0.947
1566,684,-0.937
1575,684,-0.84
1584,684,-0.83
1593,684,-0.821
1602,684,-0.811
1611,684,-0.891
1620,684,-0.792
1629,684,-0.873
1638,684,-0.774
1647,684,-0.764
1656,684,-0.847
1665,684,-0.66
1674,684,-0.498
1683,684,-0.561
1692,684,-0.55
1701,684,-0.467
1710,684,-0.611
1719,684,-0.519
1728,684,-0.682
1737,684,-0.581
1746,684,-0.664
1755,684,-0.561
1764,684,-0.551
1773,684,-0.54
1782,684,-0.53
1791,684,-0.519
1800,684,-0.508
1809,684,-0.405
1818,684,-0.243
1827,684,-0.228
1836,684,-0.213
1845,684,-0.265
1854,684,-0.561
1863,684,-0.554
1872,684,-0.408
1881,684,-0.273
1890,684,-0.155
1899,684,-0.123
1908,684,-0.327
1917,684,-0.65
9,693,0.008
18,693,0.078
27,693,0.006
36,693,0.004
45,693,0.006
54,693,0.009
63,693,0.002
72,693,0.003
81,693,0.025
90,693,0.091
99,693,0.089
108,693,0.062
117,693,0.028
126,693,0.029
135,693,0.059
144,693,0.106
153,693,0.268
162,693,0.377
171,693,0.298
180,693,0.234
189,693,0.389
198,693,0.313
207,693,0.356
216,693,0.401
225,693,0.384
234,693,0.429
243,693,0.301
252,693,0.34
261,693,0.327
270,693,0.366
279,693,0.303
288,693,0.249
297,693,0.203
306,693,0.165
315,693,0.262
324,693,0.294
333,693,0.283
342,693,0.316
351,693,0.264
360,693,0.295
369,693,0.328
378,693,0.464
387,693,0.63
396,693,0.678
405,693,0.728
414,693,0.779
423,693,0.832
432,693,0.808
441,693,0.714
450,693,0.628
459,693,0.674
468,693,0.722
477,693,0.771
486,693,0.821
495,693,0.951
504,693,0.851
513,693,0.829
522,693,0.739
531,693,0.788
540,693,0.768
549,693,0.623
558,693,0.607
567,693,0.712
576,693,0.633
585,693,0.677
594,693,0.787
603,693,0.769
612,693,0.817
621,693,0.798
630,693,0.78
639,693,0.583
648,693,0.569
657,693,0.667
666,693,0.773
675,693,0.821
684,693,0.803
693,693,0.921
702,693,0.768
711,693,0.815
720,693,0.798
729,693,0.846
738,693,0.764
747,693,0.878
756,693,0.929
765,693,0.981
774,693,1.193
783,693,1.254
792,693,1.231
801,693,1.209
810,693,1.27
819,693,1.422
828,693,1.489
837,693,1.559
846,693,1.534
855,693,1.509
864,693,1.485
873,693,1.554
882,693,1.626
891,693,1.506
900,693,1.576
909,693,1.459
918,693,1.529
927,693,1.414
936,693,1.577
945,693,1.554
954,693,1.35
963,693,1.244
972,693,-1.067
981,693,-1.125
990,693,-1.031
999,693,-1.089
1008,693,-0.997
1017,693,-0.91
1026,693,-0.765
1035,693,-0.751
1044,693,-0.623
1053,693,-0.558
1062,693,-0.547
1071,693,-0.639
1080,693,-0.741
1089,693,-0.727
1098,693,-0.713
1107,693,-0.7
1116,693,-0.686
1125,693,-0.673
1134,693,-0.78
1143,693,-0.83
1152,693,-0.882
1161,693,-1.01
1170,693,-0.994
1179,693,-0.978
1188,693,-1.037
1197,693,-0.876
1206,693,-0.795
1215,693,-0.718
1224,693,-0.646
1233,693,-0.754
1242,693,-0.872
1251,693,-0.791
1260,693,-0.713
1269,693,-0.641
1278,693,-0.573
1287,693,-0.509
1296,693,-0.45
1305,693,-0.487
1314,693,-0.636
1323,693,-0.684
1332,693,-0.8
1341,693,-0.93
1350,693,-0.916
1359,693,-0.978
1368,693,-1.218
1377,693,-1.202
1386,693,-1.28
1395,693,-1.264
1404,693,-1.157
1413,693,-1.142
1422,693,-1.219
1431,693,-1.204
1440,693,-1.098
1449,693,-0.997
1458,693,-0.901
1467,693,-1.056
1476,693,-1.042
1485,693,-1.118
1494,693,-1.105
1503,693,-1
1512,693,-1.274
1521,693,-1.367
1530,693,-1.354
1539,693,-1.234
1548,693,-0.932
1557,693,-0.834
1566,693,-0.82
1575,693,-0.727
1584,693,-0.714
1593,693,-0.701
1602,693,-0.688
1611,693,-0.755
1620,693,-0.662
1629,693,-0.728
1638,693,-0.635
1647,693,-0.622
1656,693,-0.689
1665,693,-0.522
1674,693,-0.382
1683,693,-0.496
1692,693,-0.556
1701,693,-0.469
1710,693,-0.61
1719,693,-0.515
1728,693,-0.673
1737,693,-0.569
1746,693,-0.647
1755,693,-0.542
1764,693,-0.527
1773,693,-0.513
1782,693,-0.498
1791,693,-0.483
1800,693,-0.468
1809,693,-0.367
1818,693,-0.214
1827,693,-0.197
1836,693,-0.179
1845,693,-0.294
1854,693,-0.606
1863,693,-0.596
1872,693,-0.439
1881,693,-0.295
1890,693,-0.168
1899,693,-0.132
1908,693,-0.342
1917,693,-0.665
9,702,0.007
18,702,0.073
27,702,0.005
36,702,0.003
45,702,0.013
54,702,0.015
63,702,0.004
72,702,0.005
81,702,0.034
90,702,0.113
99,702,0.108
108,702,0.074
117,702,0.034
126,702,0.034
135,702,0.067
144,702,0.116
153,702,0.284
162,702,0.394
171,702,0.309
180,702,0.241
189,702,0.397
198,702,0.317
207,702,0.358
216,702,0.4
225,702,0.381
234,702,0.423
243,702,0.295
252,702,0.331
261,702,0.316
270,702,0.352
279,702,0.289
288,702,0.235
297,702,0.19
306,702,0.182
315,702,0.328
324,702,0.362
333,702,0.348
342,702,0.382
351,702,0.321
360,702,0.353
369,702,0.387
378,702,0.535
387,702,0.712
396,702,0.76
405,702,0.809
414,702,0.859
423,702,0.911
432,702,0.882
441,702,0.779
450,702,0.685
459,702,0.73
468,702,0.777
477,702,0.824
486,702,0.874
495,702,1.004
504,702,0.897
513,702,0.871
522,702,0.775
531,702,0.822
540,702,0.799
549,702,0.647
558,702,0.628
567,702,0.733
576,702,0.65
585,702,0.692
594,702,0.801
603,702,0.779
612,702,0.825
621,702,0.803
630,702,0.781
639,702,0.583
648,702,0.567
657,702,0.661
666,702,0.764
675,702,0.809
684,702,0.788
693,702,0.902
702,702,0.813
711,702,0.859
720,702,0.838
729,702,0.955
738,702,0.932
747,702,1.057
756,702,1.11
765,702,1.164
774,702,1.394
783,702,1.456
792,702,1.427
801,702,1.399
810,702,1.461
819,702,1.621
828,702,1.689
837,702,1.759
846,702,1.728
855,702,1.697
864,702,1.667
873,702,1.737
882,702,1.808
891,702,1.677
900,702,1.747
909,702,1.619
918,702,1.688
927,702,1.563
936,702,1.73
945,702,1.701
954,702,1.483
963,702,1.367
972,702,-1.177
981,702,-1.235
990,702,-1.132
999,702,-1.189
1008,702,-1.167
1017,702,-1.068
1026,702,-0.905
1035,702,-0.887
1044,702,-0.742
1053,702,-0.668
1062,702,-0.652
1071,702,-0.752
1080,702,-0.862
1089,702,-0.844
1098,702,-0.827
1107,702,-0.81
1116,702,-0.793
1125,702,-0.776
1134,702,-0.889
1143,702,-0.94
1152,702,-0.994
1161,702,-1.128
1170,702,-1.108
1179,702,-1.088
1188,702,-1.148
1197,702,-0.974
1206,702,-0.884
1215,702,-0.8
1224,702,-0.72
1233,702,-0.832
1242,702,-0.955
1251,702,-0.866
1260,702,-0.782
1269,702,-0.703
1278,702,-0.628
1287,702,-0.559
1296,702,-0.494
1305,702,-0.531
1314,702,-0.686
1323,702,-0.733
1332,702,-0.852
1341,702,-0.984
1350,702,-0.966
1359,702,-1.027
1368,702,-1.269
1377,702,-1.25
1386,702,-1.325
1395,702,-1.305
1404,702,-1.193
1413,702,-1.174
1422,702,-1.248
1431,702,-1.229
1440,702,-1.119
1449,702,-1.013
1458,702,-0.996
1467,702,-1.156
1476,702,-1.138
1485,702,-1.216
1494,702,-1.198
1503,702,-1.085
1512,702,-1.367
1521,702,-1.46
1530,702,-1.559
1539,702,-1.426
1548,702,-1.092
1557,702,-0.981
1566,702,-0.964
1575,702,-0.858
1584,702,-0.842
1593,702,-0.825
1602,702,-0.808
1611,702,-0.88
1620,702,-0.775
1629,702,-0.847
1638,702,-0.742
1647,702,-0.726
1656,702,-0.797
1665,702,-0.611
1674,702,-0.453
1683,702,-0.578
1692,702,-0.643
1701,702,-0.545
1710,702,-0.697
1719,702,-0.592
1728,702,-0.761
1737,702,-0.647
1746,702,-0.728
1755,702,-0.612
1764,702,-0.595
1773,702,-0.577
1782,702,-0.559
1791,702,-0.541
1800,702,-0.522
1809,702,-0.411
1818,702,-0.243
1827,702,-0.223
1836,702,-0.203
1845,702,-0.325
1854,702,-0.653
1863,702,-0.639
1872,702,-0.472
1881,702,-0.317
1890,702,-0.182
1899,702,-0.142
1908,702,-0.357
1917,702,-0.68
9,711,0.007
18,711,0.068
27,711,0.005
36,711,0.003
45,711,0.011
54,711,0.013
63,711,0.004
72,711,0.004
81,711,0.028
90,711,0.097
99,711,0.093
108,711,0.062
117,711,0.028
126,711,0.04
135,711,0.075
144,711,0.127
153,711,0.301
162,711,0.411
171,711,0.321
180,711,0.362
189,711,0.553
198,711,0.447
207,711,0.492
216,711,0.538
225,711,0.509
234,711,0.554
243,711,0.395
252,711,0.434
261,711,0.412
270,711,0.451
279,711,0.373
288,711,0.306
297,711,0.249
306,711,0.237
315,711,0.405
324,711,0.441
333,711,0.421
342,711,0.457
351,711,0.385
360,711,0.418
369,711,0.453
378,711,0.612
387,711,0.8
396,711,0.847
405,711,0.895
414,711,0.944
423,711,0.994
432,711,0.959
441,711,0.847
450,711,0.745
459,711,0.789
468,711,0.834
477,711,0.88
486,711,0.928
495,711,1.059
504,711,0.945
513,711,0.914
522,711,0.813
531,711,0.857
540,711,0.83
549,711,0.673
558,711,0.651
567,711,0.754
576,711,0.667
585,711,0.707
594,711,0.814
603,711,0.789
612,711,0.832
621,711,0.807
630,711,0.783
639,711,0.583
648,711,0.564
657,711,0.655
666,711,0.755
675,711,0.797
684,711,0.774
693,711,0.883
702,711,0.792
711,711,0.835
720,711,0.811
729,711,0.923
738,711,0.898
747,711,1.016
756,711,1.065
765,711,1.115
774,711,1.334
783,711,1.391
792,711,1.36
801,711,1.329
810,711,1.385
819,711,1.536
828,711,1.598
837,711,1.661
846,711,1.627
855,711,1.594
864,711,1.561
873,711,1.624
882,711,1.688
891,711,1.558
900,711,1.622
909,711,1.495
918,711,1.557
927,711,1.435
936,711,1.589
945,711,1.558
954,711,1.348
963,711,1.236
972,711,-1.054
981,711,-1.105
990,711,-1.007
999,711,-1.057
1008,711,-1.033
1017,711,-0.939
1026,711,-0.786
1035,711,-0.829
1044,711,-0.689
1053,711,-0.616
1062,711,-0.599
1071,711,-0.691
1080,711,-0.792
1089,711,-0.773
1098,711,-0.754
1107,711,-0.735
1116,711,-0.716
1125,711,-0.698
1134,711,-0.801
1143,711,-0.846
1152,711,-0.963
1161,711,-1.091
1170,711,-1.068
1179,711,-1.045
1188,711,-1.1
1197,711,-0.928
1206,711,-0.838
1215,711,-0.754
1224,711,-0.676
1233,711,-0.78
1242,711,-0.895
1251,711,-0.806
1260,711,-0.724
1269,711,-0.646
1278,711,-0.573
1287,711,-0.506
1296,711,-0.491
1305,711,-0.525
1314,711,-0.676
1323,711,-0.72
1332,711,-0.834
1341,711,-0.96
1350,711,-0.939
1359,711,-0.996
1368,711,-1.228
1377,711,-1.206
1386,711,-1.275
1395,711,-1.252
1404,711,-1.138
1413,711,-1.116
1422,711,-1.184
1431,711,-1.161
1440,711,-1.051
1449,711,-0.946
1458,711,-1.008
1467,711,-1.165
1476,711,-1.144
1485,711,-1.217
1494,711,-1.195
1503,711,-1.079
1512,711,-1.355
1521,711,-1.442
1530,711,-1.535
1539,711,-1.398
1548,711,-1.066
1557,711,-0.953
1566,711,-0.932
1575,711,-0.825
1584,711,-0.805
1593,711,-0.785
1602,711,-0.765
1611,711,-0.83
1620,711,-0.726
1629,711,-0.79
1638,711,-0.686
1647,711,-0.666
1656,711,-0.729
1665,711,-0.551
1674,711,-0.401
1683,711,-0.513
1692,711,-0.568
1701,711,-0.474
1710,711,-0.608
1719,711,-0.508
1728,711,-0.655
1737,711,-0.547
1746,711,-0.613
1755,711,-0.505
1764,711,-0.484
1773,711,-0.462
1782,711,-0.44
1791,711,-0.418
1800,711,-0.396
1809,711,-0.298
1818,711,-0.163
1827,711,-0.144
1836,711,-0.171
1845,711,-0.273
1854,711,-0.557
1863,711,-0.532
1872,711,-0.375
1881,711,-0.235
1890,711,-0.196
1899,711,-0.152
1908,711,-0.373
1917,711,-0.696
9,720,0.006
18,720,0.063
27,720,0.004
36,720,0.002
45,720,0.009
54,720,0.011
63,720,0.003
72,720,0.004
81,720,0.024
90,720,0.084
99,720,0.079
108,720,0.074
117,720,0.034
126,720,0.047
135,720,0.085
144,720,0.139
153,720,0.318
162,720,0.428
171,720,0.333
180,720,0.372
189,720,0.562
198,720,0.452
207,720,0.494
216,720,0.536
225,720,0.504
234,720,0.546
243,720,0.387
252,720,0.422
261,720,0.399
270,720,0.434
279,720,0.356
288,720,0.337
297,720,0.274
306,720,0.259
315,720,0.434
324,720,0.468
333,720,0.445
342,720,0.48
351,720,0.403
360,720,0.435
369,720,0.468
378,720,0.626
387,720,0.813
396,720,0.857
405,720,0.901
414,720,0.947
423,720,0.994
432,720,0.955
441,720,0.841
450,720,0.736
459,720,0.851
468,720,0.894
477,720,0.938
486,720,0.983
495,720,1.115
504,720,0.994
513,720,0.959
522,720,0.851
531,720,0.893
540,720,0.862
549,720,0.698
558,720,0.673
567,720,0.775
576,720,0.748
585,720,0.787
594,720,0.898
603,720,0.868
612,720,0.91
621,720,0.881
630,720,0.852
639,720,0.638
648,720,0.616
657,720,0.709
666,720,0.811
675,720,0.851
684,720,0.824
693,720,0.934
702,720,0.838
711,720,0.878
720,720,0.851
729,720,0.963
738,720,0.934
747,720,1.052
756,720,1.098
765,720,1.145
774,720,1.364
783,720,1.417
792,720,1.382
801,720,1.347
810,720,1.4
819,720,1.547
828,720,1.605
837,720,1.664
846,720,1.725
855,720,1.686
864,720,1.747
873,720,1.81
882,720,1.874
891,720,1.732
900,720,1.794
909,720,1.656
918,720,1.718
927,720,1.584
936,720,1.743
945,720,1.706
954,720,1.573
963,720,1.447
972,720,-1.327
981,720,-1.382
990,720,-1.265
999,720,-1.319
1008,720,-1.289
1017,720,-1.177
1026,720,-0.999
1035,720,-1.045
1044,720,-0.88
1053,720,-0.792
1062,720,-0.77
1071,720,-0.875
1080,720,-0.989
1089,720,-0.964
1098,720,-0.939
1107,720,-0.915
1116,720,-0.891
1125,720,-0.867
1134,720,-0.982
1143,720,-1.031
1152,720,-1.159
1161,720,-1.298
1170,720,-1.27
1179,720,-1.241
1188,720,-1.299
1197,720,-1.105
1206,720,-1.003
1215,720,-0.906
1224,720,-0.815
1233,720,-0.93
1242,720,-1.055
1251,720,-0.954
1260,720,-0.93
1269,720,-0.837
1278,720,-0.749
1287,720,-0.667
1296,720,-0.647
1305,720,-0.686
1314,720,-0.861
1323,720,-0.91
1332,720,-1.039
1341,720,-1.18
1350,720,-1.154
1359,720,-1.216
1368,720,-1.474
1377,720,-1.445
1386,720,-1.519
1395,720,-1.491
1404,720,-1.362
1413,720,-1.334
1422,720,-1.407
1431,720,-1.379
1440,720,-1.254
1449,720,-1.134
1458,720,-1.201
1467,720,-1.372
1476,720,-1.345
1485,720,-1.424
1494,720,-1.396
1503,720,-1.266
1512,720,-1.565
1521,720,-1.657
1530,720,-1.754
1539,720,-1.603
1548,720,-1.238
1557,720,-1.111
1566,720,-1.086
1575,720,-0.966
1584,720,-0.942
1593,720,-0.918
1602,720,-0.893
1611,720,-0.962
1620,720,-0.845
1629,720,-0.913
1638,720,-0.797
1647,720,-0.774
1656,720,-0.84
1665,720,-0.643
1674,720,-0.474
1683,720,-0.597
1692,720,-0.655
1701,720,-0.55
1710,720,-0.695
1719,720,-0.584
1728,720,-0.741
1737,720,-0.622
1746,720,-0.691
1755,720,-0.572
1764,720,-0.547
1773,720,-0.522
1782,720,-0.496
1791,720,-0.47
1800,720,-0.444
1809,720,-0.337
1818,720,-0.187
1827,720,-0.165
1836,720,-0.193
1845,720,-0.303
1854,720,-0.601
1863,720,-0.572
1872,720,-0.404
1881,720,-0.254
1890,720,-0.212
1899,720,-0.163
1908,720,-0.389
1917,720,-0.711
9,729,0.006
18,729,0.059
27,729,0.004
36,729,0.002
45,729,0.008
54,729,0.009
63,729,0.002
72,729,0.003
81,729,0.02
90,729,0.072
99,729,0.096
108,729,0.088
117,729,0.04
126,729,0.054
135,729,0.095
144,729,0.151
153,729,0.336
162,729,0.446
171,729,0.346
180,729,0.382
189,729,0.571
198,729,0.457
207,729,0.495
216,729,0.535
225,729,0.5
234,729,0.538
243,729,0.378
252,729,0.411
261,729,0.386
270,729,0.418
279,729,0.34
288,729,0.32
297,729,0.258
306,729,0.242
315,729,0.407
324,729,0.438
333,729,0.414
342,729,0.445
351,729,0.37
360,729,0.399
369,729,0.428
378,729,0.576
387,729,0.749
396,729,0.788
405,729,0.828
414,729,0.869
423,729,0.91
432,729,0.871
441,729,0.761
450,729,0.661
459,729,0.765
468,729,0.877
477,729,0.918
486,729,0.959
495,729,1.085
504,729,0.963
513,729,0.926
522,729,0.817
531,729,0.856
540,729,0.823
549,729,0.662
558,729,0.635
567,729,0.731
576,729,0.703
585,729,0.737
594,729,0.841
603,729,0.81
612,729,0.847
621,729,0.817
630,729,0.787
639,729,0.582
648,729,0.559
657,729,0.645
666,729,0.738
675,729,0.838
684,729,0.809
693,729,0.915
702,729,0.817
711,729,0.854
720,729,0.825
729,729,0.931
738,729,0.901
747,729,1.012
756,729,1.054
765,729,1.097
774,729,1.306
783,729,1.354
792,729,1.316
801,729,1.279
810,729,1.327
819,729,1.466
828,729,1.518
837,729,1.571
846,729,1.625
855,729,1.584
864,729,1.639
873,729,1.695
882,729,1.752
891,729,1.612
900,729,1.668
909,729,1.532
918,729,1.587
927,729,1.456
936,729,1.603
945,729,1.563
954,729,1.434
963,729,1.311
972,729,-1.195
981,729,-1.243
990,729,-1.131
999,729,-1.178
1008,729,-1.146
1017,729,-1.04
1026,729,-0.872
1035,729,-0.912
1044,729,-0.758
1053,729,-0.677
1062,729,-0.654
1071,729,-0.746
1080,729,-0.846
1089,729,-0.821
1098,729,-0.796
1107,729,-0.771
1116,729,-0.747
1125,729,-0.723
1134,729,-0.823
1143,729,-0.863
1152,729,-1.048
1161,729,-1.175
1170,729,-1.145
1179,729,-1.115
1188,729,-1.165
1197,729,-0.981
1206,729,-0.883
1215,729,-0.791
1224,729,-0.706
1233,729,-0.807
1242,729,-0.918
1251,729,-0.823
1260,729,-0.798
1269,729,-0.71
1278,729,-0.687
1287,729,-0.607
1296,729,-0.586
1305,729,-0.62
1314,729,-0.781
1323,729,-0.824
1332,729,-0.941
1341,729,-1.07
1350,729,-1.042
1359,729,-1.095
1368,729,-1.332
1377,729,-1.301
1386,729,-1.365
1395,729,-1.432
1404,729,-1.303
1413,729,-1.272
1422,729,-1.337
1431,729,-1.306
1440,729,-1.181
1449,729,-1.062
1458,729,-1.122
1467,729,-1.281
1476,729,-1.251
1485,729,-1.32
1494,729,-1.29
1503,729,-1.161
1512,729,-1.439
1521,729,-1.52
1530,729,-1.606
1539,729,-1.457
1548,729,-1.21
1557,729,-1.081
1566,729,-1.052
1575,729,-0.931
1584,729,-0.903
1593,729,-0.875
1602,729,-0.848
1611,729,-0.91
1620,729,-0.793
1629,729,-0.854
1638,729,-0.739
1647,729,-0.712
1656,729,-0.771
1665,729,-0.581
1674,729,-0.421
1683,729,-0.53
1692,729,-0.579
1701,729,-0.48
1710,729,-0.607
1719,729,-0.501
1728,729,-0.732
1737,729,-0.609
1746,729,-0.674
1755,729,-0.553
1764,729,-0.524
1773,729,-0.496
1782,729,-0.467
1791,729,-0.438
1800,729,-0.408
1809,729,-0.304
1818,729,-0.163
1827,729,-0.14
1836,729,-0.162
1845,729,-0.335
1854,729,-0.647
1863,729,-0.613
1872,729,-0.435
1881,729,-0.275
1890,729,-0.228
1899,729,-0.174
1908,729,-0.405
1917,729,-0.727
9,738,0.006
18,738,0.055
27,738,0.003
36,738,0.002
45,738,0.007
54,738,0.008
63,738,0.004
72,738,0.009
81,738,0.044
90,738,0.126
99,738,0.156
108,738,0.141
117,738,0.068
126,738,0.086
135,738,0.14
144,738,0.26
153,738,0.507
162,738,0.638
171,738,0.502
180,738,0.541
189,738,0.764
198,738,0.709
207,738,0.75
216,738,0.791
225,738,0.738
234,738,0.778
243,738,0.566
252,738,0.602
261,738,0.563
270,738,0.599
279,738,0.494
288,738,0.463
297,738,0.379
306,738,0.355
315,738,0.559
324,738,0.592
333,738,0.558
342,738,0.591
351,738,0.497
360,738,0.527
369,738,0.558
378,738,0.727
387,738,0.921
396,738,0.96
405,738,1
414,738,1.04
423,738,1.08
432,738,1.032
441,738,0.905
450,738,0.79
459,738,0.901
468,738,1.021
477,738,1.06
486,738,1.101
495,738,1.232
504,738,1.096
513,738,1.051
522,738,0.93
531,738,0.968
540,738,0.929
549,738,0.751
558,738,0.719
567,738,0.819
576,738,0.786
585,738,0.82
594,738,1.081
603,738,1.04
612,738,1.079
621,738,1.039
630,738,1.001
639,738,0.757
648,738,0.727
657,738,0.824
666,738,0.929
675,738,1.04
684,738,1.003
693,738,1.12
702,738,1.005
711,738,1.043
720,738,1.007
729,738,1.123
738,738,1.085
747,738,1.205
756,738,1.248
765,738,1.291
774,738,1.516
783,738,1.564
792,738,1.518
801,738,1.474
810,738,1.521
819,738,1.667
828,738,1.719
837,738,1.771
846,738,1.825
855,738,1.776
864,738,1.83
873,738,1.885
882,738,1.941
891,738,1.788
900,738,1.843
909,738,1.695
918,738,1.748
927,738,1.606
936,738,1.757
945,738,1.711
954,738,1.571
963,738,1.438
972,738,-1.398
981,738,-1.447
990,738,-1.32
999,738,-1.368
1008,738,-1.33
1017,738,-1.21
1026,738,-1.023
1035,738,-1.064
1044,738,-0.891
1053,738,-0.798
1062,738,-0.771
1071,738,-0.87
1080,738,-1.05
1089,738,-1.018
1098,738,-0.986
1107,738,-0.955
1116,738,-0.925
1125,738,-0.896
1134,738,-1.006
1143,738,-1.048
1152,738,-1.253
1161,738,-1.391
1170,738,-1.354
1179,738,-1.318
1188,738,-1.37
1197,738,-1.164
1206,738,-1.052
1215,738,-0.947
1224,738,-0.848
1233,738,-0.959
1242,738,-1.079
1251,738,-0.972
1260,738,-0.941
1269,738,-0.842
1278,738,-0.814
1287,738,-0.723
1296,738,-0.697
1305,738,-0.733
1314,738,-0.908
1323,738,-0.952
1332,738,-1.077
1341,738,-1.214
1350,738,-1.18
1359,738,-1.235
1368,738,-1.485
1377,738,-1.448
1386,738,-1.513
1395,738,-1.581
1404,738,-1.44
1413,738,-1.404
1422,738,-1.469
1431,738,-1.433
1440,738,-1.298
1449,738,-1.169
1458,738,-1.229
1467,738,-1.393
1476,738,-1.357
1485,738,-1.426
1494,738,-1.391
1503,738,-1.253
1512,738,-1.539
1521,738,-1.619
1530,738,-1.703
1539,738,-1.546
1548,738,-1.286
1557,738,-1.149
1566,738,-1.115
1575,738,-0.986
1584,738,-0.954
1593,738,-0.922
1602,738,-0.891
1611,738,-0.951
1620,738,-0.828
1629,738,-0.887
1638,738,-0.766
1647,738,-0.736
1656,738,-0.792
1665,738,-0.596
1674,738,-0.431
1683,738,-0.539
1692,738,-0.585
1701,738,-0.482
1710,738,-0.606
1719,738,-0.497
1728,738,-0.722
1737,738,-0.598
1746,738,-0.657
1755,738,-0.534
1764,738,-0.502
1773,738,-0.558
1782,738,-0.525
1791,738,-0.491
1800,738,-0.457
1809,738,-0.342
1818,738,-0.187
1827,738,-0.161
1836,738,-0.184
1845,738,-0.368
1854,738,-0.696
1863,738,-0.657
1872,738,-0.467
1881,738,-0.296
1890,738,-0.244
1899,738,-0.186
1908,738,-0.422
1917,738,-0.743
9,747,0.005
18,747,0.051
27,747,0.003
36,747,0.001
45,747,0.006
54,747,0.007
63,747,0.003
72,747,0.007
81,747,0.037
90,747,0.11
99,747,0.136
108,747,0.121
117,747,0.08
126,747,0.098
135,747,0.154
144,747,0.278
153,747,0.53
162,747,0.661
171,747,0.518
180,747,0.553
189,747,0.775
198,747,0.715
207,747,0.752
216,747,0.789
225,747,0.732
234,747,0.768
243,747,0.555
252,747,0.588
261,747,0.547
270,747,0.579
279,747,0.474
288,747,0.442
297,747,0.359
306,747,0.334
315,747,0.527
324,747,0.557
333,747,0.522
342,747,0.551
351,747,0.459
360,747,0.486
369,747,0.574
378,747,0.819
387,747,1.022
396,747,1.059
405,747,1.096
414,747,1.134
423,747,1.172
432,747,1.117
441,747,0.979
450,747,0.854
459,747,0.967
468,747,1.088
477,747,1.125
486,747,1.162
495,747,1.293
504,747,1.149
513,747,1.099
522,747,0.972
531,747,1.006
540,747,0.963
549,747,0.779
558,747,0.743
567,747,0.842
576,747,0.874
585,747,0.907
594,747,1.179
603,747,1.133
612,747,1.17
621,747,1.124
630,747,1.08
639,747,0.822
648,747,0.787
657,747,0.886
666,747,0.991
675,747,1.104
684,747,1.062
693,747,1.262
702,747,1.135
711,747,1.172
720,747,1.129
729,747,1.249
738,747,1.205
747,747,1.329
756,747,1.37
765,747,1.412
774,747,1.644
783,747,1.69
792,747,1.638
801,747,1.587
810,747,1.633
819,747,1.779
828,747,1.828
837,747,1.878
846,747,1.929
855,747,1.874
864,747,1.925
873,747,1.977
882,747,2.03
891,747,1.868
900,747,1.92
909,747,1.764
918,747,1.815
927,747,1.665
936,747,1.815
945,747,1.764
954,747,1.617
963,747,1.478
972,747,-1.434
981,747,-1.48
990,747,-1.348
999,747,-1.393
1008,747,-1.351
1017,747,-1.227
1026,747,-1.035
1035,747,-1.073
1044,747,-0.897
1053,747,-0.801
1062,747,-0.771
1071,747,-0.868
1080,747,-1.043
1089,747,-1.008
1098,747,-0.974
1107,747,-0.941
1116,747,-0.908
1125,747,-0.876
1134,747,-0.982
1143,747,-1.02
1152,747,-1.218
1161,747,-1.349
1170,747,-1.309
1179,747,-1.27
1188,747,-1.317
1197,747,-1.113
1206,747,-1.077
1215,747,-0.968
1224,747,-0.865
1233,747,-0.974
1242,747,-1.092
1251,747,-1.056
1260,747,-1.022
1269,747,-0.914
1278,747,-0.882
1287,747,-0.784
1296,747,-0.754
1305,747,-0.789
1314,747,-0.969
1323,747,-1.012
1332,747,-1.138
1341,747,-1.276
1350,747,-1.237
1359,747,-1.29
1368,747,-1.542
1377,747,-1.501
1386,747,-1.563
1395,747,-1.627
1404,747,-1.48
1413,747,-1.439
1422,747,-1.502
1431,747,-1.461
1440,747,-1.32
1449,747,-1.186
1458,747,-1.243
1467,747,-1.403
1476,747,-1.363
1485,747,-1.428
1494,747,-1.388
1503,747,-1.246
1512,747,-1.526
1521,747,-1.6
1530,747,-1.679
1539,747,-1.518
1548,747,-1.257
1557,747,-1.118
1566,747,-1.08
1575,747,-0.95
1584,747,-0.915
1593,747,-0.88
1602,747,-0.845
1611,747,-0.899
1620,747,-0.777
1629,747,-0.829
1638,747,-0.71
1647,747,-0.759
1656,747,-0.813
1665,747,-0.611
1674,747,-0.441
1683,747,-0.547
1692,747,-0.591
1701,747,-0.485
1710,747,-0.605
1719,747,-0.494
1728,747,-0.713
1737,747,-0.586
1746,747,-0.64
1755,747,-0.516
1764,747,-0.481
1773,747,-0.531
1782,747,-0.494
1791,747,-0.458
1800,747,-0.421
1809,747,-0.309
1818,747,-0.163
1827,747,-0.137
1836,747,-0.154
1845,747,-0.312
1854,747,-0.596
1863,747,-0.549
1872,747,-0.371
1881,747,-0.319
1890,747,-0.262
1899,747,-0.198
1908,747,-0.439
1917,747,-0.759
9,756,0.005
18,756,0.048
27,756,0.002
36,756,0.001
45,756,0.005
54,756,0.006
63,756,0.003
72,756,0.006
81,756,0.031
90,756,0.095
99,756,0.118
108,756,0.104
117,756,0.067
126,756,0.082
135,756,0.131
144,756,0.241
153,756,0.47
162,756,0.588
171,756,0.455
180,756,0.485
189,756,0.687
198,756,0.63
207,756,0.662
216,756,0.694
225,756,0.64
234,756,0.671
243,756,0.475
252,756,0.503
261,756,0.465
270,756,0.491
279,756,0.397
288,756,0.367
297,756,0.339
306,756,0.362
315,756,0.561
324,756,0.588
333,756,0.549
342,756,0.576
351,756,0.479
360,756,0.504
369,756,0.591
378,756,0.836
387,756,1.037
396,756,1.07
405,756,1.104
414,756,1.137
423,756,1.171
432,756,1.113
441,756,1.057
450,756,0.922
459,756,1.036
468,756,1.157
477,756,1.191
486,756,1.226
495,756,1.356
504,756,1.203
513,756,1.149
522,756,1.014
531,756,1.046
540,756,0.998
549,756,0.807
558,756,0.768
567,756,0.865
576,756,0.894
585,756,0.925
594,756,1.195
603,756,1.145
612,756,1.179
621,756,1.13
630,756,1.082
639,756,0.821
648,756,0.784
657,756,0.879
666,756,0.981
675,756,1.089
684,756,1.122
693,756,1.324
702,756,1.19
711,756,1.225
720,756,1.178
729,756,1.296
738,756,1.248
747,756,1.37
756,756,1.408
765,756,1.446
774,756,1.677
783,756,1.719
792,756,1.662
801,756,1.607
810,756,1.649
819,756,1.792
828,756,1.836
837,756,1.882
846,756,1.928
855,756,1.869
864,756,1.915
873,756,1.962
882,756,2.01
891,756,1.846
900,756,1.892
909,756,1.734
918,756,1.78
927,756,1.628
936,756,1.771
945,756,1.717
954,756,1.569
963,756,1.429
972,756,-1.382
981,756,-1.513
990,756,-1.377
999,756,-1.418
1008,756,-1.372
1017,756,-1.243
1026,756,-1.048
1035,756,-1.083
1044,756,-0.972
1053,756,-0.868
1062,756,-0.834
1071,756,-0.932
1080,756,-1.112
1089,756,-1.073
1098,756,-1.035
1107,756,-0.997
1116,756,-0.96
1125,756,-0.924
1134,756,-1.03
1143,756,-1.067
1152,756,-1.266
1161,756,-1.396
1170,756,-1.352
1179,756,-1.308
1188,756,-1.352
1197,756,-1.142
1206,756,-1.103
1215,756,-0.989
1224,756,-0.953
1233,756,-1.065
1242,756,-1.185
1251,756,-1.145
1260,756,-1.106
1269,756,-0.99
1278,756,-0.954
1287,756,-0.848
1296,756,-0.814
1305,756,-0.848
1314,756,-1.033
1323,756,-1.074
1332,756,-1.201
1341,756,-1.339
1350,756,-1.296
1359,756,-1.346
1368,756,-1.6
1377,756,-1.554
1386,756,-1.613
1395,756,-1.674
1404,756,-1.52
1413,756,-1.475
1422,756,-1.534
1431,756,-1.489
1440,756,-1.342
1449,756,-1.204
1458,756,-1.257
1467,756,-1.414
1476,756,-1.37
1485,756,-1.43
1494,756,-1.385
1503,756,-1.24
1512,756,-1.513
1521,756,-1.582
1530,756,-1.655
1539,756,-1.49
1548,756,-1.229
1557,756,-1.088
1566,756,-1.047
1575,756,-0.916
1584,756,-0.877
1593,756,-0.839
1602,756,-0.888
1611,756,-0.94
1620,756,-0.811
1629,756,-0.861
1638,756,-0.736
1647,756,-0.784
1656,756,-0.835
1665,756,-0.708
1674,756,-0.518
1683,756,-0.634
1692,756,-0.68
1701,756,-0.561
1710,756,-0.691
1719,756,-0.567
1728,756,-0.803
1737,756,-0.664
1746,756,-0.72
1755,756,-0.584
1764,756,-0.544
1773,756,-0.595
1782,756,-0.554
1791,756,-0.512
1800,756,-0.471
1809,756,-0.348
1818,756,-0.187
1827,756,-0.157
1836,756,-0.175
1845,756,-0.344
1854,756,-0.642
1863,756,-0.59
1872,756,-0.4
1881,756,-0.342
1890,756,-0.28
1899,756,-0.211
1908,756,-0.457
1917,756,-0.776
9,765,0.005
18,765,0.044
27,765,0.002
36,765,0.001
45,765,0.004
54,765,0.005
63,765,0.002
72,765,0.005
81,765,0.026
90,765,0.082
99,765,0.101
108,765,0.089
117,765,0.055
126,765,0.068
135,765,0.11
144,765,0.207
153,765,0.492
162,765,0.61
171,765,0.469
180,765,0.497
189,765,0.697
198,765,0.635
207,765,0.664
216,765,0.692
225,765,0.634
234,765,0.662
243,765,0.466
252,765,0.49
261,765,0.45
270,765,0.474
279,765,0.38
288,765,0.349
297,765,0.321
306,765,0.391
315,765,0.596
324,765,0.621
333,765,0.577
342,765,0.602
351,765,0.499
360,765,0.522
369,765,0.608
378,765,0.853
387,765,1.052
396,765,1.082
405,765,1.111
414,765,1.141
423,765,1.171
432,765,1.109
441,765,1.049
450,765,0.912
459,765,1.022
468,765,1.138
477,765,1.168
486,765,1.198
495,765,1.322
504,765,1.259
513,765,1.199
522,765,1.057
531,765,1.086
540,765,1.033
549,765,0.835
558,765,0.792
567,765,0.962
576,765,0.99
585,765,1.018
594,765,1.3
603,765,1.243
612,765,1.274
621,765,1.219
630,765,1.165
639,765,0.889
648,765,0.846
657,765,0.943
666,765,1.045
675,765,1.154
684,765,1.268
693,765,1.481
702,765,1.333
711,765,1.366
720,765,1.311
729,765,1.434
738,765,1.378
747,765,1.503
756,765,1.539
765,765,1.575
774,765,1.812
783,765,1.852
792,765,1.788
801,765,1.726
810,765,1.765
819,765,1.909
828,765,1.95
837,765,1.992
846,765,2.035
855,765,1.97
864,765,2.013
873,765,2.056
882,765,2.101
891,765,1.928
900,765,1.971
909,765,1.805
918,765,1.847
927,765,1.688
936,765,1.83
945,765,1.77
954,765,1.616
963,765,1.47
972,765,-1.419
981,765,-1.547
990,765,-1.406
999,765,-1.443
1008,765,-1.393
1017,765,-1.26
1026,765,-1.06
1035,765,-1.092
1044,765,-0.978
1053,765,-0.872
1062,765,-0.835
1071,765,-0.93
1080,765,-1.106
1089,765,-1.064
1098,765,-1.097
1107,765,-1.055
1116,765,-1.014
1125,765,-0.974
1134,765,-1.08
1143,765,-1.114
1152,765,-1.315
1161,765,-1.444
1170,765,-1.395
1179,765,-1.347
1188,765,-1.48
1197,765,-1.255
1206,765,-1.21
1215,765,-1.086
1224,765,-1.045
1233,765,-1.16
1242,765,-1.283
1251,765,-1.238
1260,765,-1.193
1269,765,-1.069
1278,765,-1.028
1287,765,-0.914
1296,765,-0.877
1305,765,-0.909
1314,765,-1.098
1323,765,-1.138
1332,765,-1.266
1341,765,-1.404
1350,765,-1.357
1359,765,-1.404
1368,765,-1.66
1377,765,-1.608
1386,765,-1.664
1395,765,-1.722
1404,765,-1.562
1413,765,-1.512
1422,765,-1.567
1431,765,-1.517
1440,765,-1.365
1449,765,-1.222
1458,765,-1.271
1467,765,-1.424
1476,765,-1.376
1485,765,-1.432
1494,765,-1.383
1503,765,-1.234
1512,765,-1.501
1521,765,-1.565
1530,765,-1.631
1539,765,-1.464
1548,765,-1.201
1557,765,-1.058
1566,765,-1.014
1575,765,-0.882
1584,765,-0.841
1593,765,-0.8
1602,765,-0.843
1611,765,-0.889
1620,765,-0.761
1629,765,-0.805
1638,765,-0.682
1647,765,-0.723
1656,765,-0.766
1665,765,-0.643
1674,765,-0.462
1683,765,-0.565
1692,765,-0.603
1701,765,-0.564
1710,765,-0.69
1719,765,-0.563
1728,765,-0.793
1737,765,-0.651
1746,765,-0.702
1755,765,-0.565
1764,765,-0.522
1773,765,-0.567
1782,765,-0.522
1791,765,-0.478
1800,765,-0.434
1809,765,-0.314
1818,765,-0.164
1827,765,-0.134
1836,765,-0.146
1845,765,-0.291
1854,765,-0.549
1863,765,-0.491
1872,765,-0.315
1881,765,-0.256
1890,765,-0.299
1899,765,-0.225
1908,765,-0.475
1917,765,-0.792
9,774,0.004
18,774,0.041
27,774,0.006
36,774,0.003
45,774,0.008
54,774,0.008
63,774,0.004
72,774,0.008
81,774,0.035
90,774,0.101
99,774,0.121
108,774,0.104
117,774,0.065
126,774,0.078
135,774,0.122
144,774,0.223
153,774,0.516
162,774,0.631
171,774,0.484
180,774,0.509
189,774,0.707
198,774,0.641
207,774,0.665
216,774,0.69
225,774,0.629
234,774,0.653
243,774,0.457
252,774,0.478
261,774,0.437
270,774,0.457
279,774,0.364
288,774,0.332
297,774,0.303
306,774,0.368
315,774,0.563
324,774,0.654
333,774,0.606
342,774,0.628
351,774,0.52
360,774,0.541
369,774,0.625
378,774,0.87
387,774,1.068
396,774,1.093
405,774,1.119
414,774,1.145
423,774,1.171
432,774,1.105
441,774,1.042
450,774,0.902
459,774,1.008
468,774,1.119
477,774,1.145
486,774,1.171
495,774,1.29
504,774,1.224
513,774,1.161
522,774,1.019
531,774,1.044
540,774,0.99
549,774,0.795
558,774,0.751
567,774,0.912
576,774,0.936
585,774,0.96
594,774,1.229
603,774,1.17
612,774,1.197
621,774,1.141
630,774,1.086
639,774,0.82
648,774,0.777
657,774,0.866
666,774,0.96
675,774,1.06
684,774,1.166
693,774,1.364
702,774,1.221
711,774,1.249
720,774,1.194
729,774,1.306
738,774,1.25
747,774,1.365
756,774,1.486
765,774,1.517
774,774,1.744
783,774,1.883
792,774,1.814
801,774,1.747
810,774,1.782
819,774,1.922
828,774,1.959
837,774,1.996
846,774,2.035
855,774,1.965
864,774,2.003
873,774,2.042
882,774,2.081
891,774,1.905
900,774,1.943
909,774,1.775
918,774,1.812
927,774,1.651
936,774,1.786
945,774,1.724
954,774,1.569
963,774,1.422
972,774,-1.368
981,774,-1.49
990,774,-1.348
999,774,-1.381
1008,774,-1.329
1017,774,-1.197
1026,774,-1
1035,774,-1.028
1044,774,-0.985
1053,774,-0.875
1062,774,-0.836
1071,774,-0.927
1080,774,-1.1
1089,774,-1.055
1098,774,-1.084
1107,774,-1.04
1116,774,-0.996
1125,774,-0.954
1134,774,-1.055
1143,774,-1.163
1152,774,-1.365
1161,774,-1.493
1170,774,-1.439
1179,774,-1.387
1188,774,-1.518
1197,774,-1.286
1206,774,-1.237
1215,774,-1.109
1224,774,-1.064
1233,774,-1.176
1242,774,-1.297
1251,774,-1.248
1260,774,-1.2
1269,774,-1.072
1278,774,-1.028
1287,774,-0.984
1296,774,-0.942
1305,774,-0.973
1314,774,-1.167
1323,774,-1.204
1332,774,-1.333
1341,774,-1.471
1350,774,-1.419
1359,774,-1.464
1368,774,-1.721
1377,774,-1.664
1386,774,-1.716
1395,774,-1.77
1404,774,-1.604
1413,774,-1.549
1422,774,-1.6
1431,774,-1.545
1440,774,-1.388
1449,774,-1.24
1458,774,-1.285
1467,774,-1.435
1476,774,-1.382
1485,774,-1.434
1494,774,-1.381
1503,774,-1.228
1512,774,-1.489
1521,774,-1.547
1530,774,-1.608
1539,774,-1.438
1548,774,-1.175
1557,774,-1.03
1566,774,-0.982
1575,774,-0.936
1584,774,-0.89
1593,774,-0.845
1602,774,-0.886
1611,774,-0.93
1620,774,-0.795
1629,774,-0.837
1638,774,-0.708
1647,774,-0.746
1656,774,-0.788
1665,774,-0.659
1674,774,-0.473
1683,774,-0.574
1692,774,-0.609
1701,774,-0.567
1710,774,-0.689
1719,774,-0.559
1728,774,-0.783
1737,774,-0.639
1746,774,-0.685
1755,774,-0.546
1764,774,-0.5
1773,774,-0.54
1782,774,-0.492
1791,774,-0.446
1800,774,-0.399
1809,774,-0.283
1818,774,-0.142
1827,774,-0.154
1836,774,-0.167
1845,774,-0.322
1854,774,-0.592
1863,774,-0.528
1872,774,-0.341
1881,774,-0.276
1890,774,-0.319
1899,774,-0.239
1908,774,-0.493
1917,774,-0.809
9,783,0.004
18,783,0.038
27,783,0.005
36,783,0.002
45,783,0.007
54,783,0.007
63,783,0.003
72,783,0.006
81,783,0.03
90,783,0.088
99,783,0.104
108,783,0.089
117,783,0.054
126,783,0.065
135,783,0.103
144,783,0.192
153,783,0.457
162,783,0.562
171,783,0.5
180,783,0.521
189,783,0.717
198,783,0.646
207,783,0.667
216,783,0.688
225,783,0.624
234,783,0.644
243,783,0.448
252,783,0.466
261,783,0.423
270,783,0.504
279,783,0.401
288,783,0.364
297,783,0.331
306,783,0.398
315,783,0.598
324,783,0.689
333,783,0.636
342,783,0.655
351,783,0.541
360,783,0.559
369,783,0.643
378,783,0.888
387,783,1.083
396,783,1.105
405,783,1.126
414,783,1.148
423,783,1.17
432,783,1.101
441,783,1.035
450,783,0.893
459,783,0.994
468,783,1.1
477,783,1.122
486,783,1.144
495,783,1.258
504,783,1.189
513,783,1.125
522,783,0.982
531,783,1.004
540,783,0.948
549,783,0.756
558,783,0.711
567,783,0.863
576,783,0.884
585,783,0.904
594,783,1.16
603,783,1.101
612,783,1.123
621,783,1.066
630,783,1.011
639,783,0.755
648,783,0.712
657,783,0.793
666,783,0.88
675,783,0.972
684,783,1.069
693,783,1.254
702,783,1.115
711,783,1.138
720,783,1.084
729,783,1.186
738,783,1.13
747,783,1.235
756,783,1.345
765,783,1.371
774,783,1.582
783,783,1.708
792,783,1.639
801,783,1.573
810,783,1.699
819,783,1.83
828,783,1.862
837,783,1.894
846,783,1.927
855,783,1.855
864,783,1.887
873,783,1.921
882,783,2.062
891,783,1.883
900,783,1.917
909,783,1.746
918,783,1.778
927,783,1.615
936,783,1.744
945,783,1.679
954,783,1.522
963,783,1.375
972,783,-1.319
981,783,-1.434
990,783,-1.292
999,783,-1.321
1008,783,-1.266
1017,783,-1.135
1026,783,-0.943
1035,783,-0.967
1044,783,-0.922
1053,783,-0.814
1062,783,-0.774
1071,783,-0.925
1080,783,-1.094
1089,783,-1.046
1098,783,-1.072
1107,783,-1.025
1116,783,-0.979
1125,783,-0.934
1134,783,-1.031
1143,783,-1.134
1152,783,-1.328
1161,783,-1.45
1170,783,-1.394
1179,783,-1.339
1188,783,-1.462
1197,783,-1.233
1206,783,-1.182
1215,783,-1.054
1224,783,-1.007
1233,783,-1.112
1242,783,-1.225
1251,783,-1.174
1260,783,-1.124
1269,783,-0.999
1278,783,-0.953
1287,783,-0.908
1296,783,-0.936
1305,783,-0.964
1314,783,-1.152
1323,783,-1.185
1332,783,-1.309
1341,783,-1.441
1350,783,-1.385
1359,783,-1.425
1368,783,-1.673
1377,783,-1.613
1386,783,-1.659
1395,783,-1.707
1404,783,-1.54
1413,783,-1.482
1422,783,-1.527
1431,783,-1.469
1440,783,-1.313
1449,783,-1.165
1458,783,-1.205
1467,783,-1.344
1476,783,-1.288
1485,783,-1.333
1494,783,-1.277
1503,783,-1.128
1512,783,-1.37
1521,783,-1.419
1530,783,-1.471
1539,783,-1.305
1548,783,-1.053
1557,783,-0.914
1566,783,-0.951
1575,783,-0.902
1584,783,-0.853
1593,783,-0.89
1602,783,-0.93
1611,783,-0.972
1620,783,-0.83
1629,783,-0.869
1638,783,-0.734
1647,783,-0.77
1656,783,-0.809
1665,783,-0.675
1674,783,-0.484
1683,783,-0.583
1692,783,-0.616
1701,783,-0.569
1710,783,-0.688
1719,783,-0.556
1728,783,-0.774
1737,783,-0.721
1746,783,-0.767
1755,783,-0.616
1764,783,-0.564
1773,783,-0.605
1782,783,-0.552
1791,783,-0.499
1800,783,-0.447
1809,783,-0.32
1818,783,-0.164
1827,783,-0.175
1836,783,-0.188
1845,783,-0.354
1854,783,-0.637
1863,783,-0.567
1872,783,-0.368
1881,783,-0.298
1890,783,-0.34
1899,783,-0.254
1908,783,-0.512
1917,783,-0.826
9,792,0.004
18,792,0.035
27,792,0.005
36,792,0.002
45,792,0.006
54,792,0.006
63,792,0.003
72,792,0.005
81,792,0.04
90,792,0.107
99,792,0.124
108,792,0.104
117,792,0.063
126,792,0.074
135,792,0.114
144,792,0.207
153,792,0.479
162,792,0.582
171,792,0.515
180,792,0.533
189,792,0.727
198,792,0.652
207,792,0.669
216,792,0.686
225,792,0.619
234,792,0.636
243,792,0.439
252,792,0.455
261,792,0.41
270,792,0.486
279,792,0.384
288,792,0.399
297,792,0.413
306,792,0.486
315,792,0.708
324,792,0.804
333,792,0.741
342,792,0.758
351,792,0.629
360,792,0.645
369,792,0.732
378,792,0.991
387,792,1.194
396,792,1.212
405,792,1.23
414,792,1.248
423,792,1.266
432,792,1.188
441,792,1.115
450,792,0.962
459,792,1.064
468,792,1.17
477,792,1.189
486,792,1.207
495,792,1.319
504,792,1.245
513,792,1.175
522,792,1.025
531,792,1.043
540,792,0.982
549,792,0.783
558,792,0.734
567,792,0.887
576,792,0.904
585,792,0.922
594,792,1.176
603,792,1.113
612,792,1.132
621,792,1.072
630,792,1.013
639,792,0.754
648,792,0.709
657,792,0.788
666,792,0.871
675,792,0.959
684,792,1.052
693,792,1.231
702,792,1.091
711,792,1.111
720,792,1.054
729,792,1.151
738,792,1.093
747,792,1.192
756,792,1.297
765,792,1.319
774,792,1.52
783,792,1.639
792,792,1.568
801,792,1.5
810,792,1.618
819,792,1.742
828,792,1.769
837,792,1.796
846,792,1.823
855,792,1.749
864,792,1.777
873,792,1.804
882,792,1.936
891,792,1.76
900,792,1.788
909,792,1.62
918,792,1.648
927,792,1.488
936,792,1.607
945,792,1.541
954,792,1.389
963,792,1.247
972,792,-1.191
981,792,-1.295
990,792,-1.159
999,792,-1.183
1008,792,-1.129
1017,792,-1.004
1026,792,-0.823
1035,792,-0.908
1044,792,-0.862
1053,792,-0.757
1062,792,-0.775
1071,792,-0.923
1080,792,-1.088
1089,792,-1.037
1098,792,-1.06
1107,792,-1.01
1116,792,-0.962
1125,792,-0.914
1134,792,-1.007
1143,792,-1.105
1152,792,-1.292
1161,792,-1.408
1170,792,-1.349
1179,792,-1.292
1188,792,-1.409
1197,792,-1.181
1206,792,-1.128
1215,792,-1.076
1224,792,-1.026
1233,792,-1.129
1242,792,-1.239
1251,792,-1.184
1260,792,-1.13
1269,792,-1.002
1278,792,-0.953
1287,792,-0.905
1296,792,-0.93
1305,792,-0.954
1314,792,-1.138
1323,792,-1.167
1332,792,-1.285
1341,792,-1.412
1350,792,-1.353
1359,792,-1.388
1368,792,-1.627
1377,792,-1.563
1386,792,-1.604
1395,792,-1.646
1404,792,-1.478
1413,792,-1.417
1422,792,-1.456
1431,792,-1.395
1440,792,-1.24
1449,792,-1.094
1458,792,-1.128
1467,792,-1.256
1476,792,-1.199
1485,792,-1.236
1494,792,-1.179
1503,792,-1.122
1512,792,-1.359
1521,792,-1.404
1530,792,-1.45
1539,792,-1.281
1548,792,-1.029
1557,792,-0.888
1566,792,-0.921
1575,792,-0.869
1584,792,-0.818
1593,792,-0.85
1602,792,-0.884
1611,792,-0.92
1620,792,-0.78
1629,792,-0.813
1638,792,-0.68
1647,792,-0.71
1656,792,-0.743
1665,792,-0.612
1674,792,-0.431
1683,792,-0.519
1692,792,-0.545
1701,792,-0.498
1710,792,-0.602
1719,792,-0.477
1728,792,-0.669
1737,792,-0.615
1746,792,-0.651
1755,792,-0.51
1764,792,-0.459
1773,792,-0.488
1782,792,-0.436
1791,792,-0.386
1800,792,-0.336
1809,792,-0.289
1818,792,-0.142
1827,792,-0.15
1836,792,-0.158
1845,792,-0.3
1854,792,-0.545
1863,792,-0.472
1872,792,-0.289
1881,792,-0.22
1890,792,-0.362
1899,792,-0.269
1908,792,-0.531
1917,792,-0.843
9,801,0.003
18,801,0.032
27,801,0.004
36,801,0.002
45,801,0.005
54,801,0.005
63,801,0.002
72,801,0.004
81,801,0.034
90,801,0.093
99,801,0.107
108,801,0.089
117,801,0.053
126,801,0.062
135,801,0.096
144,801,0.177
153,801,0.423
162,801,0.517
171,801,0.453
180,801,0.467
189,801,0.645
198,801,0.573
207,801,0.587
216,801,0.601
225,801,0.537
234,801,0.551
243,801,0.371
252,801,0.384
261,801,0.343
270,801,0.41
279,801,0.318
288,801,0.33
297,801,0.341
306,801,0.404
315,801,0.6
324,801,0.685
333,801,0.626
342,801,0.64
351,801,0.523
360,801,0.536
369,801,0.611
378,801,0.842
387,801,1.024
396,801,1.037
405,801,1.051
414,801,1.065
423,801,1.079
432,801,1.007
441,801,0.938
450,801,0.8
459,801,0.888
468,801,0.981
477,801,0.995
486,801,1.01
495,801,1.108
504,801,1.039
513,801,0.974
522,801,0.839
531,801,0.853
540,801,0.798
549,801,0.682
558,801,0.635
567,801,0.772
576,801,0.786
585,801,0.8
594,801,1.031
603,801,0.97
612,801,1.062
621,801,1
630,801,0.942
639,801,0.693
648,801,0.648
657,801,0.72
666,801,0.796
675,801,0.876
684,801,0.961
693,801,1.128
702,801,0.993
711,801,1.009
720,801,0.952
729,801,1.041
738,801,0.984
747,801,1.074
756,801,1.168
765,801,1.186
774,801,1.371
783,801,1.48
792,801,1.41
801,801,1.342
810,801,1.45
819,801,1.562
828,801,1.583
837,801,1.604
846,801,1.626
855,801,1.554
864,801,1.575
873,801,1.597
882,801,1.716
891,801,1.548
900,801,1.571
909,801,1.412
918,801,1.434
927,801,1.285
936,801,1.39
945,801,1.326
954,801,1.184
963,801,1.052
972,801,-0.999
981,801,-1.09
990,801,-0.965
999,801,-0.983
1008,801,-0.932
1017,801,-0.819
1026,801,-0.659
1035,801,-0.73
1044,801,-0.745
1053,801,-0.647
1062,801,-0.661
1071,801,-0.792
1080,801,-0.939
1089,801,-0.89
1098,801,-0.908
1107,801,-0.86
1116,801,-0.813
1125,801,-0.768
1134,801,-0.848
1143,801,-0.933
1152,801,-1.098
1161,801,-1.199
1170,801,-1.142
1179,801,-1.087
1188,801,-1.188
1197,801,-0.981
1206,801,-0.93
1215,801,-0.881
1224,801,-0.833
1233,801,-0.92
1242,801,-1.013
1251,801,-0.962
1260,801,-0.911
1269,801,-0.796
1278,801,-0.751
1287,801,-0.707
1296,801,-0.724
1305,801,-0.742
1314,801,-0.895
1323,801,-0.916
1332,801,-1.014
1341,801,-1.119
1350,801,-1.063
1359,801,-1.088
1368,801,-1.29
1377,801,-1.32
1386,801,-1.352
1395,801,-1.384
1404,801,-1.321
1413,801,-1.26
1422,801,-1.292
1431,801,-1.23
1440,801,-1.17
1449,801,-1.026
1458,801,-1.054
1467,801,-1.173
1476,801,-1.114
1485,801,-1.145
1494,801,-1.086
1503,801,-1.028
1512,801,-1.247
1521,801,-1.284
1530,801,-1.323
1539,801,-1.159
1548,801,-0.918
1557,801,-0.784
1566,801,-0.81
1575,801,-0.757
1584,801,-0.707
1593,801,-0.731
1602,801,-0.758
1611,801,-0.785
1620,801,-0.655
1629,801,-0.68
1638,801,-0.558
1647,801,-0.58
1656,801,-0.603
1665,801,-0.486
1674,801,-0.382
1683,801,-0.527
1692,801,-0.55
1701,801,-0.501
1710,801,-0.602
1719,801,-0.474
1728,801,-0.755
1737,801,-0.695
1746,801,-0.731
1755,801,-0.577
1764,801,-0.52
1773,801,-0.549
1782,801,-0.491
1791,801,-0.434
1800,801,-0.379
1809,801,-0.325
1818,801,-0.164
1827,801,-0.171
1836,801,-0.179
1845,801,-0.331
1854,801,-0.588
1863,801,-0.508
1872,801,-0.313
1881,801,-0.239
1890,801,-0.384
1899,801,-0.284
1908,801,-0.551
1917,801,-0.861
9,810,0.003
18,810,0.03
27,810,0.004
36,810,0.001
45,810,0.004
54,810,0.004
63,810,0.002
72,810,0.003
81,810,0.028
90,810,0.08
99,810,0.092
108,810,0.075
117,810,0.043
126,810,0.051
135,810,0.08
144,810,0.191
153,810,0.444
162,810,0.536
171,810,0.467
180,810,0.479
189,810,0.654
198,810,0.579
207,810,0.589
216,810,0.599
225,810,0.533
234,810,0.544
243,810,0.364
252,810,0.374
261,810,0.332
270,810,0.395
279,810,0.304
288,810,0.313
297,810,0.323
306,810,0.381
315,810,0.568
324,810,0.647
333,810,0.588
342,810,0.598
351,810,0.485
360,810,0.495
369,810,0.565
378,810,0.781
387,810,0.952
396,810,0.962
405,810,0.972
414,810,0.982
423,810,0.993
432,810,0.921
441,810,0.854
450,810,0.722
459,810,0.802
468,810,0.886
477,810,0.897
486,810,0.908
495,810,0.997
504,810,0.93
513,810,0.941
522,810,0.807
531,810,0.818
540,810,0.761
549,810,0.647
558,810,0.6
567,810,0.729
576,810,0.74
585,810,0.751
594,810,0.97
603,810,0.909
612,810,0.994
621,810,0.932
630,810,0.874
639,810,0.635
648,810,0.591
657,810,0.656
666,810,0.726
675,810,0.799
684,810,0.877
693,810,1.031
702,810,0.901
711,810,0.913
720,810,0.858
729,810,0.938
738,810,0.951
747,810,1.035
756,810,1.125
765,810,1.138
774,810,1.316
783,810,1.418
792,810,1.346
801,810,1.277
810,810,1.378
819,810,1.482
828,810,1.592
837,810,1.609
846,810,1.627
855,810,1.551
864,810,1.568
873,810,1.682
882,810,1.8
891,810,1.623
900,810,1.642
909,810,1.567
918,810,1.585
927,810,1.423
936,810,1.531
945,810,1.55
954,810,1.39
963,810,1.241
972,810,-1.179
981,810,-1.276
990,810,-1.135
999,810,-1.152
1008,810,-1.092
1017,810,-0.965
1026,810,-0.847
1035,810,-0.926
1044,810,-0.941
1053,810,-0.825
1062,810,-0.839
1071,810,-0.988
1080,810,-1.152
1089,810,-1.094
1098,810,-1.111
1107,810,-1.054
1116,810,-0.998
1125,810,-0.944
1134,810,-1.032
1143,810,-1.125
1152,810,-1.306
1161,810,-1.415
1170,810,-1.349
1179,810,-1.284
1188,810,-1.393
1197,810,-1.161
1206,810,-1.102
1215,810,-1.045
1224,810,-0.989
1233,810,-1.083
1242,810,-1.183
1251,810,-1.123
1260,810,-1.065
1269,810,-0.935
1278,810,-0.882
1287,810,-0.831
1296,810,-0.848
1305,810,-0.866
1314,810,-1.031
1323,810,-1.051
1332,810,-1.154
1341,810,-1.264
1350,810,-1.201
1359,810,-1.226
1368,810,-1.438
1377,810,-1.467
1386,810,-1.498
1395,810,-1.529
1404,810,-1.458
1413,810,-1.39
1422,810,-1.42
1431,810,-1.352
1440,810,-1.285
1449,810,-1.129
1458,810,-1.156
1467,810,-1.278
1476,810,-1.212
1485,810,-1.242
1494,810,-1.177
1503,810,-1.113
1512,810,-1.339
1521,810,-1.374
1530,810,-1.41
1539,810,-1.236
1548,810,-0.982
1557,810,-0.839
1566,810,-0.863
1575,810,-0.806
1584,810,-0.751
1593,810,-0.774
1602,810,-0.798
1611,810,-0.823
1620,810,-0.686
1629,810,-0.709
1638,810,-0.654
1647,810,-0.676
1656,810,-0.7
1665,810,-0.568
1674,810,-0.451
1683,810,-0.611
1692,810,-0.634
1701,810,-0.578
1710,810,-0.686
1719,810,-0.545
1728,810,-0.848
1737,810,-0.78
1746,810,-0.817
1755,810,-0.649
1764,810,-0.585
1773,810,-0.614
1782,810,-0.55
1791,810,-0.486
1800,810,-0.425
1809,810,-0.365
1818,810,-0.188
1827,810,-0.195
1836,810,-0.202
1845,810,-0.364
1854,810,-0.633
1863,810,-0.546
1872,810,-0.339
1881,810,-0.258
1890,810,-0.408
1899,810,-0.301
1908,810,-0.571
1917,810,-0.878
9,819,0.003
18,819,0.071
27,819,0.01
36,819,0.004
45,819,0.008
54,819,0.007
63,819,0.003
72,819,0.005
81,819,0.038
90,819,0.099
99,819,0.11
108,819,0.089
117,819,0.051
126,819,0.059
135,819,0.089
144,819,0.206
153,819,0.466
162,819,0.557
171,819,0.482
180,819,0.49
189,819,0.664
198,819,0.584
207,819,0.591
216,819,0.598
225,819,0.529
234,819,0.536
243,819,0.356
252,819,0.364
261,819,0.321
270,819,0.38
279,819,0.29
288,819,0.298
297,819,0.305
306,819,0.36
315,819,0.536
324,819,0.61
333,819,0.551
342,819,0.559
351,819,0.449
360,819,0.456
369,819,0.52
378,819,0.724
387,819,0.883
396,819,0.89
405,819,0.897
414,819,0.904
423,819,0.911
432,819,0.918
441,819,0.848
450,819,0.714
459,819,0.79
468,819,0.871
477,819,0.879
486,819,0.886
495,819,0.971
504,819,0.902
513,819,0.91
522,819,0.776
531,819,0.784
540,819,0.726
549,819,0.614
558,819,0.566
567,819,0.688
576,819,0.696
585,819,0.704
594,819,0.912
603,819,0.85
612,819,0.929
621,819,0.868
630,819,0.809
639,819,0.581
648,819,0.537
657,819,0.597
666,819,0.66
675,819,0.726
684,819,0.797
693,819,1.012
702,819,0.88
711,819,0.89
720,819,0.833
729,819,0.908
738,819,0.918
747,819,1.072
756,819,1.159
765,819,1.17
774,819,1.346
783,819,1.445
792,819,1.369
801,819,1.296
810,819,1.394
819,819,1.495
828,819,1.601
837,819,1.614
846,819,1.628
855,819,1.548
864,819,1.562
873,819,1.67
882,819,1.784
891,819,1.604
900,819,1.619
909,819,1.541
918,819,1.555
927,819,1.392
936,819,1.494
945,819,1.509
954,819,1.349
963,819,1.199
972,819,-1.135
981,819,-1.226
990,819,-1.086
999,819,-1.099
1008,819,-1.038
1017,819,-0.912
1026,819,-0.796
1035,819,-0.87
1044,819,-0.881
1053,819,-0.767
1062,819,-0.778
1071,819,-0.917
1080,819,-1.071
1089,819,-1.012
1098,819,-1.025
1107,819,-0.968
1116,819,-0.912
1125,819,-0.858
1134,819,-0.938
1143,819,-1.022
1152,819,-1.19
1161,819,-1.288
1170,819,-1.222
1179,819,-1.158
1188,819,-1.256
1197,819,-1.036
1206,819,-0.978
1215,819,-0.922
1224,819,-0.867
1233,819,-0.95
1242,819,-1.039
1251,819,-0.98
1260,819,-0.923
1269,819,-0.802
1278,819,-0.752
1287,819,-0.703
1296,819,-0.715
1305,819,-0.727
1314,819,-0.872
1323,819,-0.887
1332,819,-0.976
1341,819,-1.071
1350,819,-1.089
1359,819,-1.108
1368,819,-1.303
1377,819,-1.326
1386,819,-1.35
1395,819,-1.374
1404,819,-1.304
1413,819,-1.235
1422,819,-1.259
1431,819,-1.283
1440,819,-1.214
1449,819,-1.06
1458,819,-1.082
1467,819,-1.194
1476,819,-1.127
1485,819,-1.151
1494,819,-1.084
1503,819,-1.02
1512,819,-1.229
1521,819,-1.256
1530,819,-1.286
1539,819,-1.117
1548,819,-0.876
1557,819,-0.739
1566,819,-0.757
1575,819,-0.701
1584,819,-0.646
1593,819,-0.663
1602,819,-0.68
1611,819,-0.699
1620,819,-0.572
1629,819,-0.588
1638,819,-0.604
1647,819,-0.622
1656,819,-0.64
1665,819,-0.513
1674,819,-0.401
1683,819,-0.545
1692,819,-0.562
1701,819,-0.506
1710,819,-0.601
1719,819,-0.468
1728,819,-0.737
1737,819,-0.67
1746,819,-0.697
1755,819,-0.54
1764,819,-0.562
1773,819,-0.586
1782,819,-0.519
1791,819,-0.454
1800,819,-0.391
1809,819,-0.331
1818,819,-0.164
1827,819,-0.167
1836,819,-0.171
1845,819,-0.31
1854,819,-0.542
1863,819,-0.454
1872,819,-0.264
1881,819,-0.189
1890,819,-0.432
1899,819,-0.318
1908,819,-0.592
1917,819,-0.896
9,828,0.003
18,828,0.066
27,828,0.009
36,828,0.003
45,828,0.007
54,828,0.006
63,828,0.002
72,828,0.004
81,828,0.032
90,828,0.085
99,828,0.095
108,828,0.076
117,828,0.042
126,828,0.048
135,828,0.074
144,828,0.176
153,828,0.411
162,828,0.493
171,828,0.423
180,828,0.429
189,828,0.586
198,828,0.511
207,828,0.515
216,828,0.52
225,828,0.456
234,828,0.461
243,828,0.298
252,828,0.304
261,828,0.265
270,828,0.316
279,828,0.236
288,828,0.242
297,828,0.247
306,828,0.294
315,828,0.448
324,828,0.511
333,828,0.458
342,828,0.463
351,828,0.366
360,828,0.371
369,828,0.425
378,828,0.603
387,828,0.818
396,828,0.901
405,828,0.905
414,828,0.908
423,828,0.912
432,828,0.916
441,828,0.843
450,828,0.706
459,828,0.779
468,828,0.856
477,828,0.86
486,828,0.865
495,828,0.945
504,828,0.875
513,828,0.879
522,828,0.746
531,828,0.818
540,828,0.756
549,828,0.638
558,828,0.587
567,828,0.709
576,828,0.714
585,828,0.72
594,828,0.926
603,828,0.862
612,828,0.938
621,828,0.873
630,828,0.812
639,828,0.581
648,828,0.535
657,828,0.592
666,828,0.652
675,828,0.716
684,828,0.783
693,828,0.993
702,828,0.928
711,828,0.935
720,828,0.873
729,828,0.948
738,828,0.955
747,828,1.187
756,828,1.276
765,828,1.283
774,828,1.465
783,828,1.565
792,828,1.482
801,828,1.401
810,828,1.499
819,828,1.601
828,828,1.706
837,828,1.716
846,828,1.726
855,828,1.639
864,828,1.649
873,828,1.757
882,828,1.869
891,828,1.681
900,828,1.692
909,828,1.607
918,828,1.618
927,828,1.447
936,828,1.548
945,828,1.559
954,828,1.392
963,828,1.237
972,828,-1.168
981,828,-1.258
990,828,-1.112
999,828,-1.122
1008,828,-1.058
1017,828,-0.927
1026,828,-0.807
1035,828,-0.945
1044,828,-0.955
1053,828,-0.832
1062,828,-0.841
1071,828,-0.984
1080,828,-1.141
1089,828,-1.076
1098,828,-1.087
1107,828,-1.025
1116,828,-0.964
1125,828,-0.906
1134,828,-0.985
1143,828,-1.069
1152,828,-1.237
1161,828,-1.335
1170,828,-1.264
1179,828,-1.195
1188,828,-1.292
1197,828,-1.065
1206,828,-1.003
1215,828,-1.015
1224,828,-1.027
1233,828,-1.116
1242,828,-1.21
1251,828,-1.143
1260,828,-1.078
1269,828,-0.942
1278,828,-0.883
1287,828,-0.827
1296,828,-0.838
1305,828,-0.849
1314,828,-1.005
1323,828,-1.019
1332,828,-1.113
1341,828,-1.213
1350,828,-1.23
1359,828,-1.247
1368,828,-1.453
1377,828,-1.474
1386,828,-1.495
1395,828,-1.518
1404,828,-1.44
1413,828,-1.363
1422,828,-1.385
1431,828,-1.407
1440,828,-1.331
1449,828,-1.165
1458,828,-1.185
1467,828,-1.3
1476,828,-1.226
1485,828,-1.248
1494,828,-1.175
1503,828,-1.104
1512,828,-1.319
1521,828,-1.345
1530,828,-1.371
1539,828,-1.192
1548,828,-0.938
1557,828,-0.792
1566,828,-0.809
1575,828,-0.747
1584,828,-0.688
1593,828,-0.702
1602,828,-0.718
1611,828,-0.734
1620,828,-0.6
1629,828,-0.614
1638,828,-0.628
1647,828,-0.643
1656,828,-0.659
1665,828,-0.527
1674,828,-0.411
1683,828,-0.554
1692,828,-0.568
1701,828,-0.584
1710,828,-0.685
1719,828,-0.538
1728,828,-0.828
1737,828,-0.753
1746,828,-0.78
1755,828,-0.609
1764,828,-0.63
1773,828,-0.654
1782,828,-0.58
1791,828,-0.508
1800,828,-0.438
1809,828,-0.371
1818,828,-0.188
1827,828,-0.19
1836,828,-0.193
1845,828,-0.341
1854,828,-0.584
1863,828,-0.489
1872,828,-0.287
1881,828,-0.205
1890,828,-0.457
1899,828,-0.335
1908,828,-0.613
1917,828,-0.914
9,837,0.003
18,837,0.062
27,837,0.02
36,837,0.017
45,837,0.027
54,837,0.021
63,837,0.008
72,837,0.012
81,837,0.065
90,837,0.144
99,837,0.153
108,837,0.121
117,837,0.096
126,837,0.103
135,837,0.143
144,837,0.293
153,837,0.6
162,837,0.694
171,837,0.597
180,837,0.596
189,837,0.78
198,837,0.681
207,837,0.68
216,837,0.678
225,837,0.595
234,837,0.676
243,837,0.457
252,837,0.46
261,837,0.403
270,837,0.465
279,837,0.356
288,837,0.359
297,837,0.363
306,837,0.418
315,837,0.605
324,837,0.677
333,837,0.608
342,837,0.61
351,837,0.488
360,837,0.491
369,837,0.552
378,837,0.756
387,837,0.997
396,837,1.084
405,837,1.083
414,837,1.082
423,837,1.081
432,837,1.08
441,837,0.994
450,837,0.838
459,837,0.915
468,837,0.995
477,837,0.996
486,837,0.997
495,837,1.165
504,837,1.08
513,837,1.081
522,837,0.925
531,837,1.003
540,837,0.928
549,837,0.789
558,837,0.727
567,837,0.863
576,837,0.865
585,837,0.868
594,837,1.094
603,837,1.019
612,837,1.099
621,837,1.024
630,837,0.952
639,837,0.693
648,837,0.639
657,837,0.699
666,837,0.763
675,837,0.83
684,837,0.901
693,837,1.124
702,837,1.051
711,837,1.054
720,837,0.985
729,837,1.062
738,837,1.066
747,837,1.309
756,837,1.399
765,837,1.403
774,837,1.59
783,837,1.691
792,837,1.599
801,837,1.511
810,837,1.609
819,837,1.711
828,837,1.816
837,837,1.822
846,837,1.827
855,837,1.733
864,837,1.74
873,837,1.846
882,837,1.957
891,837,1.759
900,837,1.766
909,837,1.676
918,837,1.683
927,837,1.504
936,837,1.603
945,837,1.61
954,837,1.437
963,837,1.275
972,837,-1.202
981,837,-1.289
990,837,-1.138
999,837,-1.145
1008,837,-1.077
1017,837,-0.942
1026,837,-0.819
1035,837,-0.955
1044,837,-0.961
1053,837,-0.836
1062,837,-0.842
1071,837,-0.982
1080,837,-1.135
1089,837,-1.068
1098,837,-1.076
1107,837,-1.011
1116,837,-1.018
1125,837,-0.955
1134,837,-1.034
1143,837,-1.117
1152,837,-1.286
1161,837,-1.382
1170,837,-1.306
1179,837,-1.233
1188,837,-1.327
1197,837,-1.094
1206,837,-1.028
1215,837,-1.037
1224,837,-1.046
1233,837,-1.133
1242,837,-1.224
1251,837,-1.153
1260,837,-1.085
1269,837,-0.945
1278,837,-0.884
1287,837,-0.825
1296,837,-0.833
1305,837,-0.841
1314,837,-0.993
1323,837,-1.003
1332,837,-1.093
1341,837,-1.187
1350,837,-1.201
1359,837,-1.214
1368,837,-1.412
1377,837,-1.527
1386,837,-1.545
1395,837,-1.564
1404,837,-1.48
1413,837,-1.399
1422,837,-1.417
1431,837,-1.435
1440,837,-1.355
1449,837,-1.183
1458,837,-1.199
1467,837,-1.312
1476,837,-1.233
1485,837,-1.251
1494,837,-1.174
1503,837,-1.1
1512,837,-1.31
1521,837,-1.33
1530,837,-1.46
1539,837,-1.27
1548,837,-1.003
1557,837,-0.848
1566,837,-0.862
1575,837,-0.795
1584,837,-0.731
1593,837,-0.743
1602,837,-0.756
1611,837,-0.77
1620,837,-0.63
1629,837,-0.641
1638,837,-0.653
1647,837,-0.665
1656,837,-0.679
1665,837,-0.541
1674,837,-0.421
1683,837,-0.563
1692,837,-0.574
1701,837,-0.587
1710,837,-0.685
1719,837,-0.534
1728,837,-0.819
1737,837,-0.74
1746,837,-0.761
1755,837,-0.589
1764,837,-0.606
1773,837,-0.625
1782,837,-0.548
1791,837,-0.474
1800,837,-0.404
1809,837,-0.337
1818,837,-0.164
1827,837,-0.163
1836,837,-0.162
1845,837,-0.289
1854,837,-0.498
1863,837,-0.404
1872,837,-0.222
1881,837,-0.147
1890,837,-0.483
1899,837,-0.354
1908,837,-0.635
1917,837,-0.932
9,846,0.002
18,846,0.057
27,846,0.018
36,846,0.015
45,846,0.023
54,846,0.018
63,846,0.007
72,846,0.01
81,846,0.056
90,846,0.126
99,846,0.134
108,846,0.104
117,846,0.081
126,846,0.087
135,846,0.122
144,846,0.255
153,846,0.535
162,846,0.62
171,846,0.529
180,846,0.526
189,846,0.694
198,846,0.601
207,846,0.597
216,846,0.594
225,846,0.591
234,846,0.667
243,846,0.448
252,846,0.448
261,846,0.39
270,846,0.448
279,846,0.34
288,846,0.342
297,846,0.343
306,846,0.45
315,846,0.641
324,846,0.713
333,846,0.638
342,846,0.637
351,846,0.509
360,846,0.509
369,846,0.569
378,846,0.772
387,846,1.012
396,846,1.097
405,846,1.091
414,846,1.086
423,846,1.081
432,846,1.077
441,846,0.988
450,846,0.83
459,846,0.903
468,846,0.979
477,846,0.976
486,846,0.974
495,846,1.137
504,846,1.049
513,846,1.047
522,846,0.891
531,846,0.964
540,846,0.889
549,846,0.751
558,846,0.751
567,846,0.886
576,846,0.886
585,846,0.885
594,846,1.111
603,846,1.031
612,846,1.108
621,846,1.107
630,846,1.107
639,846,0.884
648,846,0.818
657,846,0.885
666,846,0.955
675,846,1.028
684,846,1.104
693,846,1.351
702,846,1.265
711,846,1.265
720,846,1.183
729,846,1.265
738,846,1.265
747,846,1.53
756,846,1.624
765,846,1.624
774,846,1.823
783,846,1.927
792,846,1.823
801,846,1.723
810,846,1.824
819,846,2.035
828,846,2.146
837,846,2.148
846,846,2.149
855,846,2.041
864,846,2.042
873,846,2.155
882,846,2.27
891,846,2.05
900,846,2.053
909,846,1.949
918,846,1.952
927,846,1.753
936,846,1.856
945,846,1.86
954,846,1.764
963,846,1.577
972,846,-1.49
981,846,-1.585
990,846,-1.41
999,846,-1.414
1008,846,-1.334
1017,846,-1.176
1026,846,-1.031
1035,846,-1.185
1044,846,-1.189
1053,846,-1.043
1062,846,-1.047
1071,846,-1.203
1080,846,-1.373
1089,846,-1.294
1098,846,-1.299
1107,846,-1.223
1116,846,-1.229
1125,846,-1.155
1134,846,-1.24
1143,846,-1.329
1152,846,-1.513
1161,846,-1.615
1170,846,-1.529
1179,846,-1.445
1188,846,-1.545
1197,846,-1.285
1206,846,-1.209
1215,846,-1.216
1224,846,-1.308
1233,846,-1.404
1242,846,-1.505
1251,846,-1.422
1260,846,-1.341
1269,846,-1.179
1278,846,-1.106
1287,846,-1.035
1296,846,-1.042
1305,846,-1.05
1314,846,-1.22
1323,846,-1.23
1332,846,-1.328
1341,846,-1.431
1350,846,-1.443
1359,846,-1.455
1368,846,-1.672
1377,846,-1.796
1386,846,-1.812
1395,846,-1.83
1404,846,-1.735
1413,846,-1.642
1422,846,-1.659
1431,846,-1.676
1440,846,-1.585
1449,846,-1.393
1458,846,-1.408
1467,846,-1.529
1476,846,-1.44
1485,846,-1.457
1494,846,-1.369
1503,846,-1.285
1512,846,-1.511
1521,846,-1.531
1530,846,-1.669
1539,846,-1.46
1548,846,-1.165
1557,846,-0.993
1566,846,-1.006
1575,846,-0.93
1584,846,-0.857
1593,846,-0.868
1602,846,-0.88
1611,846,-0.893
1620,846,-0.737
1629,846,-0.747
1638,846,-0.758
1647,846,-0.77
1656,846,-0.782
1665,846,-0.63
1674,846,-0.494
1683,846,-0.649
1692,846,-0.66
1701,846,-0.672
1710,846,-0.776
1719,846,-0.61
1728,846,-0.916
1737,846,-0.828
1746,846,-0.849
1755,846,-0.662
1764,846,-0.678
1773,846,-0.695
1782,846,-0.611
1791,846,-0.529
1800,846,-0.451
1809,846,-0.377
1818,846,-0.188
1827,846,-0.186
1836,846,-0.183
1845,846,-0.319
1854,846,-0.539
1863,846,-0.436
1872,846,-0.242
1881,846,-0.161
1890,846,-0.51
1899,846,-0.373
1908,846,-0.657
1917,846,-0.95
9,855,0.002
18,855,0.053
27,855,0.017
36,855,0.013
45,855,0.02
54,855,0.015
63,855,0.006
72,855,0.008
81,855,0.048
90,855,0.11
99,855,0.116
108,855,0.089
117,855,0.068
126,855,0.073
135,855,0.134
144,855,0.273
153,855,0.56
162,855,0.642
171,855,0.545
180,855,0.538
189,855,0.704
198,855,0.606
207,855,0.599
216,855,0.592
225,855,0.586
234,855,0.659
243,855,0.439
252,855,0.437
261,855,0.378
270,855,0.433
279,855,0.326
288,855,0.375
297,855,0.374
306,855,0.483
315,855,0.679
324,855,0.749
333,855,0.669
342,855,0.664
351,855,0.53
360,855,0.527
369,855,0.585
378,855,0.789
387,855,1.028
396,855,1.109
405,855,1.1
414,855,1.091
423,855,1.082
432,855,1.074
441,855,0.982
450,855,0.821
459,855,0.891
468,855,0.963
477,855,0.957
486,855,0.951
495,855,1.108
504,855,1.019
513,855,1.014
522,855,0.858
531,855,0.927
540,855,0.85
549,855,0.715
558,855,0.712
567,855,0.84
576,855,0.837
585,855,0.833
594,855,1.048
603,855,0.968
612,855,1.04
621,855,1.036
630,855,1.032
639,855,0.817
648,855,0.751
657,855,0.813
666,855,0.876
675,855,0.943
684,855,1.012
693,855,1.244
702,855,1.159
711,855,1.156
720,855,1.075
729,855,1.15
738,855,1.147
747,855,1.393
756,855,1.478
765,855,1.475
774,855,1.659
783,855,1.753
792,855,1.651
801,855,1.554
810,855,1.645
819,855,1.84
828,855,1.94
837,855,1.937
846,855,1.934
855,855,1.828
864,855,1.826
873,855,1.927
882,855,2.14
891,855,1.923
900,855,2.027
909,855,1.92
918,855,1.919
927,855,1.717
936,855,1.815
945,855,1.815
954,855,1.815
963,855,1.621
972,855,-1.529
981,855,-1.621
990,855,-1.44
999,855,-1.441
1008,855,-1.356
1017,855,-1.194
1026,855,-1.044
1035,855,-1.196
1044,855,-1.277
1053,855,-1.121
1062,855,-1.122
1071,855,-1.365
1080,855,-1.544
1089,855,-1.456
1098,855,-1.458
1107,855,-1.373
1116,855,-1.375
1125,855,-1.293
1134,855,-1.381
1143,855,-1.472
1152,855,-1.664
1161,855,-1.768
1170,855,-1.673
1179,855,-1.581
1188,855,-1.682
1197,855,-1.405
1206,855,-1.322
1215,855,-1.326
1224,855,-1.418
1233,855,-1.515
1242,855,-1.617
1251,855,-1.527
1260,855,-1.439
1269,855,-1.266
1278,855,-1.187
1287,855,-1.11
1296,855,-1.115
1305,855,-1.119
1314,855,-1.293
1323,855,-1.299
1332,855,-1.396
1341,855,-1.499
1350,855,-1.508
1359,855,-1.516
1368,855,-1.733
1377,855,-1.856
1386,855,-1.868
1395,855,-1.881
1404,855,-1.78
1413,855,-1.682
1422,855,-1.695
1431,855,-1.708
1440,855,-1.611
1449,855,-1.413
1458,855,-1.424
1467,855,-1.541
1476,855,-1.448
1485,855,-1.46
1494,855,-1.369
1503,855,-1.28
1512,855,-1.501
1521,855,-1.516
1530,855,-1.647
1539,855,-1.436
1548,855,-1.14
1557,855,-0.967
1566,855,-0.976
1575,855,-0.897
1584,855,-0.822
1593,855,-0.829
1602,855,-0.837
1611,855,-0.846
1620,855,-0.691
1629,855,-0.697
1638,855,-0.704
1647,855,-0.795
1656,855,-0.804
1665,855,-0.645
1674,855,-0.505
1683,855,-0.659
1692,855,-0.667
1701,855,-0.675
1710,855,-0.775
1719,855,-0.607
1728,855,-0.905
1737,855,-0.814
1746,855,-0.83
1755,855,-0.74
1764,855,-0.754
1773,855,-0.77
1782,855,-0.678
1791,855,-0.589
1800,855,-0.503
1809,855,-0.421
1818,855,-0.214
1827,855,-0.21
1836,855,-0.207
1845,855,-0.351
1854,855,-0.581
1863,855,-0.471
1872,855,-0.263
1881,855,-0.175
1890,855,-0.538
1899,855,-0.392
1908,855,-0.679
1917,855,-0.969
9,864,0.002
18,864,0.05
27,864,0.035
36,864,0.025
45,864,0.034
54,864,0.024
63,864,0.009
72,864,0.012
81,864,0.062
90,864,0.133
99,864,0.137
108,864,0.104
117,864,0.079
126,864,0.083
135,864,0.148
144,864,0.292
153,864,0.585
162,864,0.665
171,864,0.561
180,864,0.551
189,864,0.714
198,864,0.612
207,864,0.601
216,864,0.591
225,864,0.582
234,864,0.651
243,864,0.431
252,864,0.426
261,864,0.366
270,864,0.417
279,864,0.311
288,864,0.357
297,864,0.354
306,864,0.457
315,864,0.644
324,864,0.709
333,864,0.629
342,864,0.622
351,864,0.492
360,864,0.487
369,864,0.541
378,864,0.732
387,864,0.957
396,864,1.031
405,864,1.019
414,864,1.008
423,864,0.997
432,864,0.986
441,864,0.896
450,864,0.743
459,864,0.805
468,864,0.87
477,864,0.862
486,864,0.855
495,864,0.999
504,864,0.913
513,864,0.905
522,864,0.758
531,864,0.82
540,864,0.747
549,864,0.62
558,864,0.616
567,864,0.731
576,864,0.725
585,864,0.721
594,864,0.914
603,864,0.839
612,864,0.902
621,864,0.896
630,864,0.89
639,864,0.693
648,864,0.632
657,864,0.685
666,864,0.74
675,864,0.798
684,864,0.858
693,864,1.065
702,864,0.985
711,864,0.98
720,864,0.905
729,864,0.969
738,864,0.964
747,864,1.183
756,864,1.257
765,864,1.251
774,864,1.415
783,864,1.497
792,864,1.401
801,864,1.31
810,864,1.389
819,864,1.562
828,864,1.649
837,864,1.643
846,864,1.636
855,864,1.537
864,864,1.532
873,864,1.619
882,864,1.807
891,864,1.608
900,864,1.697
909,864,1.598
918,864,1.593
927,864,1.409
936,864,1.584
945,864,1.58
954,864,1.576
963,864,1.394
972,864,-1.307
981,864,-1.387
990,864,-1.22
999,864,-1.217
1008,864,-1.137
1017,864,-0.989
1026,864,-0.854
1035,864,-0.985
1044,864,-1.053
1053,864,-0.913
1062,864,-0.911
1071,864,-1.198
1080,864,-1.36
1089,864,-1.275
1098,864,-1.274
1107,864,-1.192
1116,864,-1.191
1125,864,-1.112
1134,864,-1.188
1143,864,-1.268
1152,864,-1.439
1161,864,-1.53
1170,864,-1.439
1179,864,-1.351
1188,864,-1.439
1197,864,-1.266
1206,864,-1.184
1215,864,-1.266
1224,864,-1.352
1233,864,-1.442
1242,864,-1.537
1251,864,-1.445
1260,864,-1.356
1269,864,-1.186
1278,864,-1.187
1287,864,-1.108
1296,864,-1.108
1305,864,-1.109
1314,864,-1.278
1323,864,-1.281
1332,864,-1.373
1341,864,-1.471
1350,864,-1.475
1359,864,-1.479
1368,864,-1.688
1377,864,-1.803
1386,864,-1.811
1395,864,-1.818
1404,864,-1.715
1413,864,-1.614
1422,864,-1.621
1431,864,-1.629
1440,864,-1.53
1449,864,-1.335
1458,864,-1.341
1467,864,-1.448
1476,864,-1.354
1485,864,-1.361
1494,864,-1.268
1503,864,-1.179
1512,864,-1.384
1521,864,-1.393
1530,864,-1.512
1539,864,-1.307
1548,864,-1.024
1557,864,-0.858
1566,864,-0.862
1575,864,-0.785
1584,864,-0.712
1593,864,-0.714
1602,864,-0.717
1611,864,-0.72
1620,864,-0.577
1629,864,-0.579
1638,864,-0.58
1647,864,-0.655
1656,864,-0.658
1665,864,-0.516
1674,864,-0.392
1683,864,-0.518
1692,864,-0.519
1701,864,-0.521
1710,864,-0.683
1719,864,-0.524
1728,864,-0.791
1737,864,-0.702
1746,864,-0.709
1755,864,-0.622
1764,864,-0.628
1773,864,-0.635
1782,864,-0.643
1791,864,-0.552
1800,864,-0.465
1809,864,-0.383
1818,864,-0.187
1827,864,-0.181
1836,864,-0.175
1845,864,-0.298
1854,864,-0.496
1863,864,-0.388
1872,864,-0.202
1881,864,-0.124
1890,864,-0.401
1899,864,-0.262
1908,864,-0.434
1917,864,-0.498
9,873,0.002
18,873,0.046
27,873,0.032
36,873,0.022
45,873,0.03
54,873,0.021
63,873,0.008
72,873,0.01
81,873,0.053
90,873,0.116
99,873,0.119
108,873,0.089
117,873,0.067
126,873,0.069
135,873,0.125
144,873,0.312
153,873,0.611
162,873,0.688
171,873,0.578
180,873,0.563
189,873,0.725
198,873,0.618
207,873,0.689
216,873,0.672
225,873,0.657
234,873,0.727
243,873,0.485
252,873,0.477
261,873,0.409
270,873,0.461
279,873,0.344
288,873,0.39
297,873,0.385
306,873,0.49
315,873,0.682
324,873,0.745
333,873,0.66
342,873,0.649
351,873,0.512
360,873,0.505
369,873,0.557
378,873,0.748
387,873,0.972
396,873,1.044
405,873,1.028
414,873,1.012
423,873,0.998
432,873,0.983
441,873,0.891
450,873,0.735
459,873,0.794
468,873,0.856
477,873,0.845
486,873,0.908
495,873,1.053
504,873,0.961
513,873,0.95
522,873,0.795
531,873,0.855
540,873,0.777
549,873,0.645
558,873,0.638
567,873,0.752
576,873,0.744
585,873,0.736
594,873,0.93
603,873,0.85
612,873,0.911
621,873,0.902
630,873,0.893
639,873,0.693
648,873,0.63
657,873,0.68
666,873,0.733
675,873,0.787
684,873,0.844
693,873,1.046
702,873,0.964
711,873,0.956
720,873,0.879
729,873,0.94
738,873,0.932
747,873,1.143
756,873,1.213
765,873,1.203
774,873,1.359
783,873,1.436
792,873,1.339
801,873,1.247
810,873,1.32
819,873,1.484
828,873,1.565
837,873,1.555
846,873,1.639
855,873,1.536
864,873,1.526
873,873,1.609
882,873,1.792
891,873,1.59
900,873,1.675
909,873,1.572
918,873,1.564
927,873,1.379
936,873,1.547
945,873,1.539
954,873,1.532
963,873,1.35
972,873,-1.261
981,873,-1.336
990,873,-1.169
999,873,-1.163
1008,873,-1.083
1017,873,-0.937
1026,873,-0.804
1035,873,-0.926
1044,873,-0.99
1053,873,-0.852
1062,873,-0.847
1071,873,-1.12
1080,873,-1.271
1089,873,-1.186
1098,873,-1.182
1107,873,-1.1
1116,873,-1.096
1125,873,-1.018
1134,873,-1.087
1143,873,-1.159
1152,873,-1.317
1161,873,-1.399
1170,873,-1.309
1179,873,-1.222
1188,873,-1.301
1197,873,-1.135
1206,873,-1.055
1215,873,-1.128
1224,873,-1.205
1233,873,-1.285
1242,873,-1.369
1251,873,-1.279
1260,873,-1.193
1269,873,-1.11
1278,873,-1.107
1287,873,-1.028
1296,873,-1.025
1305,873,-1.022
1314,873,-1.179
1323,873,-1.177
1332,873,-1.261
1341,873,-1.35
1350,873,-1.349
1359,873,-1.348
1368,873,-1.541
1377,873,-1.645
1386,873,-1.647
1395,873,-1.649
1404,873,-1.546
1413,873,-1.447
1422,873,-1.448
1431,873,-1.45
1440,873,-1.353
1449,873,-1.168
1458,873,-1.168
1467,873,-1.262
1476,873,-1.17
1485,873,-1.171
1494,873,-1.082
1503,873,-0.997
1512,873,-1.177
1521,873,-1.277
1530,873,-1.384
1539,873,-1.185
1548,873,-0.916
1557,873,-0.757
1566,873,-0.757
1575,873,-0.682
1584,873,-0.612
1593,873,-0.61
1602,873,-0.609
1611,873,-0.607
1620,873,-0.477
1629,873,-0.474
1638,873,-0.472
1647,873,-0.533
1656,873,-0.532
1665,873,-0.405
1674,873,-0.297
1683,873,-0.398
1692,873,-0.395
1701,873,-0.392
1710,873,-0.522
1719,873,-0.386
1728,873,-0.6
1737,873,-0.519
1746,873,-0.518
1755,873,-0.44
1764,873,-0.438
1773,873,-0.436
1782,873,-0.434
1791,873,-0.432
1800,873,-0.352
1809,873,-0.279
1818,873,-0.123
1827,873,-0.115
1836,873,-0.146
1845,873,-0.251
1854,873,-0.536
1863,873,-0.42
1872,873,-0.22
1881,873,-0.136
1890,873,-0.425
1899,873,-0.278
1908,873,-0.451
1917,873,-0.51
9,882,0.002
18,882,0.043
27,882,0.029
36,882,0.04
45,882,0.048
54,882,0.032
63,882,0.012
72,882,0.015
81,882,0.068
90,882,0.14
99,882,0.14
108,882,0.104
117,882,0.077
126,882,0.078
135,882,0.138
144,882,0.332
153,882,0.638
162,882,0.712
171,882,0.595
180,882,0.576
189,882,0.736
198,882,0.624
207,882,0.691
216,882,0.671
225,882,0.652
234,882,0.718
243,882,0.476
252,882,0.465
261,882,0.396
270,882,0.445
279,882,0.329
288,882,0.372
297,882,0.417
306,882,0.525
315,882,0.721
324,882,0.783
333,882,0.691
342,882,0.677
351,882,0.533
360,882,0.523
369,882,0.573
378,882,0.765
387,882,0.988
396,882,1.056
405,882,1.036
414,882,1.017
423,882,0.999
432,882,0.981
441,882,0.885
450,882,0.727
459,882,0.783
468,882,0.841
477,882,0.828
486,882,0.887
495,882,1.027
504,882,0.933
513,882,0.919
522,882,0.765
531,882,0.821
540,882,0.742
549,882,0.67
558,882,0.721
567,882,0.841
576,882,0.829
585,882,0.817
594,882,1.019
603,882,1.006
612,882,1.069
621,882,1.055
630,882,1.041
639,882,0.817
648,882,0.744
657,882,0.797
666,882,0.851
675,882,0.908
684,882,0.966
693,882,1.181
702,882,1.09
711,882,1.077
720,882,0.991
729,882,1.053
738,882,1.041
747,882,1.262
756,882,1.333
765,882,1.319
774,882,1.479
783,882,1.556
792,882,1.451
801,882,1.35
810,882,1.423
819,882,1.59
828,882,1.67
837,882,1.655
846,882,1.738
855,882,1.627
864,882,1.613
873,882,1.694
882,882,1.879
891,882,1.667
900,882,1.75
909,882,1.641
918,882,1.628
927,882,1.435
936,882,1.603
945,882,1.591
954,882,1.579
963,882,1.39
972,882,-1.38
981,882,-1.456
990,882,-1.276
999,882,-1.349
1008,882,-1.257
1017,882,-1.094
1026,882,-0.944
1035,882,-1.077
1044,882,-1.143
1053,882,-0.989
1062,882,-0.981
1071,882,-1.275
1080,882,-1.435
1089,882,-1.34
1098,882,-1.332
1107,882,-1.241
1116,882,-1.233
1125,882,-1.146
1134,882,-1.217
1143,882,-1.291
1152,882,-1.456
1161,882,-1.539
1170,882,-1.44
1179,882,-1.345
1188,882,-1.425
1197,882,-1.247
1206,882,-1.159
1215,882,-1.233
1224,882,-1.31
1233,882,-1.391
1242,882,-1.475
1251,882,-1.378
1260,882,-1.285
1269,882,-1.195
1278,882,-1.189
1287,882,-1.102
1296,882,-1.096
1305,882,-1.091
1314,882,-1.25
1323,882,-1.245
1332,882,-1.328
1341,882,-1.416
1350,882,-1.411
1359,882,-1.407
1368,882,-1.601
1377,882,-1.703
1386,882,-1.7
1395,882,-1.698
1404,882,-1.589
1413,882,-1.484
1422,882,-1.482
1431,882,-1.479
1440,882,-1.377
1449,882,-1.186
1458,882,-1.183
1467,882,-1.274
1476,882,-1.178
1485,882,-1.175
1494,882,-1.082
1503,882,-0.993
1512,882,-1.169
1521,882,-1.264
1530,882,-1.366
1539,882,-1.164
1548,882,-0.895
1557,882,-0.811
1566,882,-0.808
1575,882,-0.728
1584,882,-0.652
1593,882,-0.648
1602,882,-0.644
1611,882,-0.64
1620,882,-0.502
1629,882,-0.497
1638,882,-0.493
1647,882,-0.553
1656,882,-0.549
1665,882,-0.417
1674,882,-0.306
1683,882,-0.406
1692,882,-0.4
1701,882,-0.395
1710,882,-0.522
1719,882,-0.383
1728,882,-0.592
1737,882,-0.509
1746,882,-0.505
1755,882,-0.425
1764,882,-0.42
1773,882,-0.414
1782,882,-0.408
1791,882,-0.402
1800,882,-0.323
1809,882,-0.251
1818,882,-0.106
1827,882,-0.097
1836,882,-0.122
1845,882,-0.209
1854,882,-0.456
1863,882,-0.344
1872,882,-0.167
1881,882,-0.094
1890,882,-0.31
1899,882,-0.178
1908,882,-0.469
1917,882,-0.523
9,891,0.002
18,891,0.04
27,891,0.026
36,891,0.036
45,891,0.043
54,891,0.028
63,891,0.01
72,891,0.013
81,891,0.059
90,891,0.123
99,891,0.122
108,891,0.089
117,891,0.089
126,891,0.089
135,891,0.152
144,891,0.354
153,891,0.665
162,891,0.736
171,891,0.612
180,891,0.679
189,891,0.848
198,891,0.719
207,891,0.786
216,891,0.759
225,891,0.733
234,891,0.798
243,891,0.534
252,891,0.519
261,891,0.441
270,891,0.49
279,891,0.364
288,891,0.407
297,891,0.451
306,891,0.562
315,891,0.762
324,891,0.822
333,891,0.723
342,891,0.705
351,891,0.619
360,891,0.604
369,891,0.656
378,891,0.859
387,891,1.093
396,891,1.16
405,891,1.135
414,891,1.202
423,891,1.177
432,891,1.152
441,891,1.041
450,891,0.862
459,891,0.92
468,891,0.979
477,891,0.96
486,891,1.02
495,891,1.168
504,891,1.062
513,891,1.043
522,891,0.872
531,891,0.929
540,891,0.841
549,891,0.759
558,891,0.811
567,891,0.936
576,891,0.92
585,891,0.904
594,891,1.114
603,891,1.096
612,891,1.159
621,891,1.14
630,891,1.123
639,891,0.884
648,891,0.804
657,891,0.925
666,891,0.981
675,891,1.039
684,891,1.099
693,891,1.327
702,891,1.224
711,891,1.207
720,891,1.112
729,891,1.174
738,891,1.158
747,891,1.389
756,891,1.459
765,891,1.441
774,891,1.606
783,891,1.682
792,891,1.567
801,891,1.458
810,891,1.53
819,891,1.7
828,891,1.779
837,891,1.759
846,891,1.84
855,891,1.721
864,891,1.703
873,891,1.782
882,891,1.968
891,891,1.746
900,891,1.827
909,891,1.711
918,891,1.693
927,891,1.492
936,891,1.66
945,891,1.644
954,891,1.628
963,891,1.432
972,891,-1.417
981,891,-1.491
990,891,-1.306
999,891,-1.376
1008,891,-1.279
1017,891,-1.111
1026,891,-0.957
1035,891,-1.088
1044,891,-1.151
1053,891,-0.994
1062,891,-0.983
1071,891,-1.273
1080,891,-1.429
1089,891,-1.331
1098,891,-1.319
1107,891,-1.226
1116,891,-1.214
1125,891,-1.125
1134,891,-1.192
1143,891,-1.261
1152,891,-1.42
1161,891,-1.498
1170,891,-1.397
1179,891,-1.3
1188,891,-1.375
1197,891,-1.197
1206,891,-1.108
1215,891,-1.176
1224,891,-1.248
1233,891,-1.322
1242,891,-1.4
1251,891,-1.302
1260,891,-1.208
1269,891,-1.199
1278,891,-1.189
1287,891,-1.1
1296,891,-1.091
1305,891,-1.082
1314,891,-1.237
1323,891,-1.228
1332,891,-1.306
1341,891,-1.389
1350,891,-1.38
1359,891,-1.372
1368,891,-1.558
1377,891,-1.654
1386,891,-1.647
1395,891,-1.64
1404,891,-1.633
1413,891,-1.522
1422,891,-1.516
1431,891,-1.509
1440,891,-1.402
1449,891,-1.205
1458,891,-1.199
1467,891,-1.384
1476,891,-1.279
1485,891,-1.372
1494,891,-1.268
1503,891,-1.167
1512,891,-1.357
1521,891,-1.458
1530,891,-1.566
1539,891,-1.344
1548,891,-1.046
1557,891,-0.952
1566,891,-0.946
1575,891,-0.855
1584,891,-0.769
1593,891,-0.762
1602,891,-0.756
1611,891,-0.749
1620,891,-0.595
1629,891,-0.588
1638,891,-0.58
1647,891,-0.646
1656,891,-0.639
1665,891,-0.491
1674,891,-0.365
1683,891,-0.476
1692,891,-0.468
1701,891,-0.46
1710,891,-0.599
1719,891,-0.444
1728,891,-0.671
1737,891,-0.579
1746,891,-0.572
1755,891,-0.484
1764,891,-0.476
1773,891,-0.468
1782,891,-0.46
1791,891,-0.451
1800,891,-0.364
1809,891,-0.284
1818,891,-0.123
1827,891,-0.112
1836,891,-0.139
1845,891,-0.233
1854,891,-0.494
1863,891,-0.373
1872,891,-0.183
1881,891,-0.103
1890,891,-0.33
1899,891,-0.19
1908,891,-0.487
1917,891,-0.536
9,900,0.001
18,900,0.037
27,900,0.024
36,900,0.032
45,900,0.038
54,900,0.024
63,900,0.009
72,900,0.01
81,900,0.05
90,900,0.107
99,900,0.105
108,900,0.075
117,900,0.075
126,900,0.074
135,900,0.129
144,900,0.31
153,900,0.597
162,900,0.66
171,900,0.543
180,900,0.603
189,900,0.757
198,900,0.636
207,900,0.696
216,900,0.668
225,900,0.643
234,900,0.701
243,900,0.458
252,900,0.442
261,900,0.372
270,900,0.414
279,900,0.301
288,900,0.337
297,900,0.376
306,900,0.472
315,900,0.65
324,900,0.703
333,900,0.612
342,900,0.594
351,900,0.516
360,900,0.501
369,900,0.545
378,900,0.725
387,900,0.934
396,900,0.993
405,900,0.967
414,900,1.027
423,900,1.001
432,900,0.976
441,900,0.874
450,900,0.713
459,900,0.762
468,900,0.813
477,900,0.794
486,900,0.846
495,900,0.975
504,900,0.879
513,900,0.859
522,900,0.707
531,900,0.755
540,900,0.676
549,900,0.604
558,900,0.647
567,900,0.754
576,900,0.738
585,900,0.722
594,900,0.904
603,900,0.886
612,900,0.938
621,900,0.92
630,900,0.902
639,900,0.694
648,900,0.624
657,900,0.725
666,900,0.771
675,900,0.819
684,900,0.869
693,900,1.064
702,900,0.973
711,900,0.955
720,900,0.871
729,900,0.922
738,900,0.906
747,900,1.103
756,900,1.162
765,900,1.143
774,900,1.283
783,900,1.347
792,900,1.244
801,900,1.146
810,900,1.206
819,900,1.35
828,900,1.416
837,900,1.396
846,900,1.463
855,900,1.356
864,900,1.337
873,900,1.403
882,900,1.56
891,900,1.364
900,900,1.431
909,900,1.327
918,900,1.309
927,900,1.135
936,900,1.274
945,900,1.257
954,900,1.24
963,900,1.072
972,900,-1.057
981,900,-1.115
990,900,-0.958
999,900,-1.013
1008,900,-0.93
1017,900,-0.79
1026,900,-0.665
1035,900,-0.766
1044,900,-0.814
1053,900,-0.686
1062,900,-0.731
1071,900,-0.971
1080,900,-1.1
1089,900,-1.014
1098,900,-1
1107,900,-0.918
1116,900,-0.906
1125,900,-0.829
1134,900,-0.881
1143,900,-0.935
1152,900,-1.064
1161,900,-1.125
1170,900,-1.037
1179,900,-0.953
1188,900,-1.011
1197,900,-0.928
1206,900,-0.849
1215,900,-0.904
1224,900,-0.961
1233,900,-1.096
1242,900,-1.161
1251,900,-1.07
1260,900,-0.983
1269,900,-0.971
1278,900,-0.959
1287,900,-0.877
1296,900,-0.866
1305,900,-0.854
1314,900,-0.985
1323,900,-0.973
1332,900,-1.037
1341,900,-1.186
1350,900,-1.174
1359,900,-1.248
1368,900,-1.42
1377,900,-1.505
1386,900,-1.493
1395,900,-1.482
1404,900,-1.471
1413,900,-1.459
1422,900,-1.448
1431,900,-1.438
1440,900,-1.329
1449,900,-1.135
1458,900,-1.124
1467,900,-1.298
1476,900,-1.193
1485,900,-1.278
1494,900,-1.173
1503,900,-1.163
1512,900,-1.349
1521,900,-1.445
1530,900,-1.547
1539,900,-1.322
1548,900,-1.024
1557,900,-0.927
1566,900,-0.917
1575,900,-0.825
1584,900,-0.737
1593,900,-0.727
1602,900,-0.717
1611,900,-0.708
1620,900,-0.556
1629,900,-0.546
1638,900,-0.536
1647,900,-0.594
1656,900,-0.658
1665,900,-0.574
1674,900,-0.431
1683,900,-0.553
1692,900,-0.543
1701,900,-0.533
1710,900,-0.682
1719,900,-0.511
1728,900,-0.757
1737,900,-0.654
1746,900,-0.645
1755,900,-0.547
1764,900,-0.537
1773,900,-0.526
1782,900,-0.515
1791,900,-0.504
1800,900,-0.408
1809,900,-0.32
1818,900,-0.142
1827,900,-0.129
1836,900,-0.158
1845,900,-0.259
1854,900,-0.534
1863,900,-0.404
1872,900,-0.2
1881,900,-0.114
1890,900,-0.351
1899,900,-0.202
1908,900,-0.505
1917,900,-0.549
9,909,0.001
18,909,0.034
27,909,0.021
36,909,0.028
45,909,0.034
54,909,0.021
63,909,0.007
72,909,0.009
81,909,0.065
90,909,0.129
99,909,0.125
108,909,0.089
117,909,0.087
126,909,0.084
135,909,0.142
144,909,0.33
153,909,0.623
162,909,0.684
171,909,0.56
180,909,0.616
189,909,0.768
198,909,0.642
207,909,0.698
216,909,0.667
225,909,0.638
234,909,0.693
243,909,0.449
252,909,0.432
261,909,0.36
270,909,0.399
279,909,0.287
288,909,0.321
297,909,0.356
306,909,0.447
315,909,0.617
324,909,0.665
333,909,0.575
342,909,0.556
351,909,0.479
360,909,0.463
369,909,0.503
378,909,0.671
387,909,0.868
396,909,0.921
405,909,0.894
414,909,1.032
423,909,1.002
432,909,0.974
441,909,0.869
450,909,0.705
459,909,0.752
468,909,0.799
477,909,0.778
486,909,0.826
495,909,1.029
504,909,0.926
513,909,0.902
522,909,0.743
531,909,0.789
540,909,0.705
549,909,0.628
558,909,0.669
567,909,0.776
576,909,0.757
585,909,0.738
594,909,0.919
603,909,0.898
612,909,0.948
621,909,0.926
630,909,0.905
639,909,0.694
648,909,0.622
657,909,0.72
666,909,0.764
675,909,0.809
684,909,0.855
693,909,1.045
702,909,0.952
711,909,0.932
720,909,0.846
729,909,0.894
738,909,0.875
747,909,1.066
756,909,1.119
765,909,1.098
774,909,1.232
783,909,1.29
792,909,1.187
801,909,1.089
810,909,1.144
819,909,1.28
828,909,1.341
837,909,1.318
846,909,1.379
855,909,1.273
864,909,1.251
873,909,1.311
882,909,1.458
891,909,1.267
900,909,1.327
909,909,1.225
918,909,1.205
927,909,1.036
936,909,1.165
945,909,1.145
954,909,1.126
963,909,0.965
972,909,-0.948
981,909,-1
990,909,-0.851
999,909,-0.899
1008,909,-0.82
1017,909,-0.689
1026,909,-0.572
1035,909,-0.662
1044,909,-0.703
1053,909,-0.585
1062,909,-0.623
1071,909,-0.838
1080,909,-0.953
1089,909,-0.871
1098,909,-0.922
1107,909,-0.841
1116,909,-0.826
1125,909,-0.751
1134,909,-0.797
1143,909,-0.845
1152,909,-0.963
1161,909,-1.092
1170,909,-1.002
1179,909,-0.917
1188,909,-0.971
1197,909,-0.887
1206,909,-0.808
1215,909,-0.858
1224,909,-0.91
1233,909,-1.037
1242,909,-1.097
1251,909,-1.006
1260,909,-0.919
1269,909,-0.905
1278,909,-0.89
1287,909,-0.809
1296,909,-0.795
1305,909,-0.781
1314,909,-0.901
1323,909,-0.887
1332,909,-0.944
1341,909,-1.081
1350,909,-1.066
1359,909,-1.132
1368,909,-1.289
1377,909,-1.365
1386,909,-1.349
1395,909,-1.334
1404,909,-1.414
1413,909,-1.398
1422,909,-1.383
1431,909,-1.368
1440,909,-1.259
1449,909,-1.068
1458,909,-1.053
1467,909,-1.215
1476,909,-1.111
1485,909,-1.187
1494,909,-1.083
1503,909,-1.159
1512,909,-1.34
1521,909,-1.431
1530,909,-1.528
1539,909,-1.301
1548,909,-1.002
1557,909,-0.903
1566,909,-0.889
1575,909,-0.795
1584,909,-0.706
1593,909,-0.693
1602,909,-0.68
1611,909,-0.667
1620,909,-0.519
1629,909,-0.506
1638,909,-0.493
1647,909,-0.545
1656,909,-0.602
1665,909,-0.519
1674,909,-0.383
1683,909,-0.493
1692,909,-0.479
1701,909,-0.466
1710,909,-0.599
1719,909,-0.439
1728,909,-0.656
1737,909,-0.558
1746,909,-0.544
1755,909,-0.452
1764,909,-0.438
1773,909,-0.501
1782,909,-0.487
1791,909,-0.472
1800,909,-0.376
1809,909,-0.289
1818,909,-0.123
1827,909,-0.109
1836,909,-0.131
1845,909,-0.217
1854,909,-0.454
1863,909,-0.33
1872,909,-0.15
1881,909,-0.125
1890,909,-0.373
1899,909,-0.214
1908,909,-0.524
1917,909,-0.563
9,918,0.001
18,918,0.031
27,918,0.019
36,918,0.049
45,918,0.053
54,918,0.033
63,918,0.02
72,918,0.022
81,918,0.118
90,918,0.206
99,918,0.194
108,918,0.139
117,918,0.173
126,918,0.164
135,918,0.248
144,918,0.503
153,918,0.865
162,918,0.927
171,918,0.766
180,918,0.824
189,918,0.996
198,918,0.837
207,918,0.895
216,918,0.851
225,918,0.809
234,918,0.865
243,918,0.576
252,918,0.55
261,918,0.461
270,918,0.502
279,918,0.368
288,918,0.404
297,918,0.441
306,918,0.542
315,918,0.728
324,918,0.776
333,918,0.673
342,918,0.648
351,918,0.559
360,918,0.538
369,918,0.578
378,918,0.758
387,918,0.965
396,918,1.018
405,918,0.984
414,918,1.125
423,918,1.09
432,918,1.056
441,918,0.942
450,918,0.766
459,918,0.811
468,918,0.857
477,918,0.831
486,918,0.878
495,918,1.085
504,918,0.975
513,918,0.947
522,918,0.779
531,918,0.823
540,918,0.734
549,918,0.653
558,918,0.693
567,918,0.798
576,918,0.776
585,918,0.754
594,918,0.935
603,918,0.91
612,918,0.957
621,918,0.933
630,918,0.909
639,918,0.695
648,918,0.62
657,918,0.716
666,918,0.756
675,918,0.863
684,918,0.908
693,918,1.102
702,918,1.003
711,918,0.979
720,918,0.888
729,918,0.933
738,918,0.911
747,918,1.103
756,918,1.155
765,918,1.129
774,918,1.262
783,918,1.318
792,918,1.21
801,918,1.108
810,918,1.16
819,918,1.294
828,918,1.351
837,918,1.324
846,918,1.382
855,918,1.272
864,918,1.247
873,918,1.387
882,918,1.536
891,918,1.335
900,918,1.393
909,918,1.285
918,918,1.26
927,918,1.084
936,918,1.212
945,918,1.189
954,918,1.166
963,918,0.999
972,918,-0.979
981,918,-1.028
990,918,-0.874
999,918,-0.92
1008,918,-0.837
1017,918,-0.702
1026,918,-0.632
1035,918,-0.726
1044,918,-0.767
1053,918,-0.639
1062,918,-0.678
1071,918,-0.901
1080,918,-1.019
1089,918,-0.931
1098,918,-0.98
1107,918,-0.894
1116,918,-0.876
1125,918,-0.795
1134,918,-0.84
1143,918,-0.887
1152,918,-1.006
1161,918,-1.135
1170,918,-1.04
1179,918,-0.95
1188,918,-1.002
1197,918,-0.914
1206,918,-0.83
1215,918,-0.878
1224,918,-0.928
1233,918,-1.054
1242,918,-1.111
1251,918,-1.016
1260,918,-0.998
1269,918,-0.979
1278,918,-0.961
1287,918,-0.874
1296,918,-0.857
1305,918,-0.84
1314,918,-0.962
1323,918,-0.944
1332,918,-1
1341,918,-1.14
1350,918,-1.121
1359,918,-1.185
1368,918,-1.343
1377,918,-1.417
1386,918,-1.397
1395,918,-1.378
1404,918,-1.455
1413,918,-1.436
1422,918,-1.416
1431,918,-1.397
1440,918,-1.283
1449,918,-1.086
1458,918,-1.068
1467,918,-1.227
1476,918,-1.119
1485,918,-1.191
1494,918,-1.083
1503,918,-1.156
1512,918,-1.332
1521,918,-1.418
1530,918,-1.509
1539,918,-1.383
1548,918,-1.069
1557,918,-0.963
1566,918,-0.946
1575,918,-0.846
1584,918,-0.75
1593,918,-0.734
1602,918,-0.718
1611,918,-0.702
1620,918,-0.545
1629,918,-0.53
1638,918,-0.514
1647,918,-0.565
1656,918,-0.621
1665,918,-0.533
1674,918,-0.393
1683,918,-0.501
1692,918,-0.485
1701,918,-0.469
1710,918,-0.599
1719,918,-0.436
1728,918,-0.649
1737,918,-0.548
1746,918,-0.53
1755,918,-0.437
1764,918,-0.419
1773,918,-0.477
1782,918,-0.459
1791,918,-0.44
1800,918,-0.345
1809,918,-0.261
1818,918,-0.106
1827,918,-0.091
1836,918,-0.109
1845,918,-0.179
1854,918,-0.383
1863,918,-0.266
1872,918,-0.11
1881,918,-0.085
1890,918,-0.395
1899,918,-0.228
1908,918,-0.544
1917,918,-0.576
9,927,0.001
18,927,0.029
27,927,0.017
36,927,0.044
45,927,0.047
54,927,0.028
63,927,0.017
72,927,0.018
81,927,0.103
90,927,0.242
99,927,0.224
108,927,0.16
117,927,0.194
126,927,0.182
135,927,0.269
144,927,0.531
153,927,0.898
162,927,0.956
171,927,0.786
180,927,0.841
189,927,1.009
198,927,0.844
207,927,0.898
216,927,0.849
225,927,0.804
234,927,0.856
243,927,0.566
252,927,0.537
261,927,0.447
270,927,0.486
279,927,0.352
288,927,0.385
297,927,0.42
306,927,0.514
315,927,0.692
324,927,0.736
333,927,0.634
342,927,0.607
351,927,0.52
360,927,0.498
369,927,0.534
378,927,0.702
387,927,0.898
396,927,0.945
405,927,0.91
414,927,1.042
423,927,1.005
432,927,0.97
441,927,0.859
450,927,0.691
459,927,0.731
468,927,0.772
477,927,0.746
486,927,0.787
495,927,0.978
504,927,0.872
513,927,0.844
522,927,0.686
531,927,0.725
540,927,0.641
549,927,0.565
558,927,0.599
567,927,0.693
576,927,0.671
585,927,0.708
594,927,0.879
603,927,0.853
612,927,0.895
621,927,0.869
630,927,0.844
639,927,0.638
648,927,0.566
657,927,0.653
666,927,0.69
675,927,0.788
684,927,0.828
693,927,1.009
702,927,0.912
711,927,0.887
720,927,0.799
729,927,0.839
738,927,0.816
747,927,0.993
756,927,1.038
765,927,1.012
774,927,1.133
783,927,1.182
792,927,1.078
801,927,0.981
810,927,1.099
819,927,1.226
828,927,1.277
837,927,1.33
846,927,1.385
855,927,1.272
864,927,1.243
873,927,1.379
882,927,1.523
891,927,1.32
900,927,1.375
909,927,1.264
918,927,1.236
927,927,1.059
936,927,1.183
945,927,1.157
954,927,1.131
963,927,1.033
972,927,-1.01
981,927,-1.057
990,927,-0.897
999,927,-0.941
1008,927,-0.855
1017,927,-0.715
1026,927,-0.643
1035,927,-0.735
1044,927,-0.774
1053,927,-0.643
1062,927,-0.679
1071,927,-0.9
1080,927,-1.015
1089,927,-0.924
1098,927,-0.97
1107,927,-0.882
1116,927,-0.861
1125,927,-0.779
1134,927,-0.821
1143,927,-0.865
1152,927,-0.978
1161,927,-1.101
1170,927,-1.005
1179,927,-0.914
1188,927,-0.962
1197,927,-0.873
1206,927,-0.789
1215,927,-0.833
1224,927,-0.879
1233,927,-0.997
1242,927,-1.049
1251,927,-0.954
1260,927,-0.933
1269,927,-0.913
1278,927,-0.892
1287,927,-0.806
1296,927,-0.787
1305,927,-0.768
1314,927,-0.88
1323,927,-0.86
1332,927,-0.91
1341,927,-1.037
1350,927,-1.016
1359,927,-1.073
1368,927,-1.217
1377,927,-1.282
1386,927,-1.259
1395,927,-1.237
1404,927,-1.305
1413,927,-1.282
1422,927,-1.352
1431,927,-1.329
1440,927,-1.214
1449,927,-1.02
1458,927,-0.999
1467,927,-1.148
1476,927,-1.04
1485,927,-1.105
1494,927,-0.998
1503,927,-1.063
1512,927,-1.225
1521,927,-1.302
1530,927,-1.383
1539,927,-1.259
1548,927,-0.959
1557,927,-0.856
1566,927,-0.836
1575,927,-0.739
1584,927,-0.648
1593,927,-0.629
1602,927,-0.61
1611,927,-0.662
1620,927,-0.509
1629,927,-0.491
1638,927,-0.536
1647,927,-0.586
1656,927,-0.718
1665,927,-0.62
1674,927,-0.463
1683,927,-0.581
1692,927,-0.561
1701,927,-0.542
1710,927,-0.682
1719,927,-0.502
1728,927,-0.732
1737,927,-0.621
1746,927,-0.6
1755,927,-0.496
1764,927,-0.475
1773,927,-0.536
1782,927,-0.515
1791,927,-0.493
1800,927,-0.388
1809,927,-0.295
1818,927,-0.123
1827,927,-0.106
1836,927,-0.124
1845,927,-0.201
1854,927,-0.417
1863,927,-0.291
1872,927,-0.122
1881,927,-0.094
1890,927,-0.419
1899,927,-0.242
1908,927,-0.564
1917,927,-0.59
9,936,0.001
18,936,0.027
27,936,0.015
36,936,0.04
45,936,0.042
54,936,0.025
63,936,0.015
72,936,0.015
81,936,0.09
90,936,0.216
99,936,0.198
108,936,0.139
117,936,0.169
126,936,0.157
135,936,0.234
144,936,0.474
153,936,0.815
162,936,0.867
171,936,0.705
180,936,0.858
189,936,1.023
198,936,0.852
207,936,0.901
216,936,0.848
225,936,0.799
234,936,0.846
243,936,0.556
252,936,0.525
261,936,0.434
270,936,0.469
279,936,0.337
288,936,0.367
297,936,0.398
306,936,0.488
315,936,0.657
324,936,0.697
333,936,0.596
342,936,0.568
351,936,0.483
360,936,0.46
369,936,0.492
378,936,0.65
387,936,0.833
396,936,0.875
405,936,0.84
414,936,1.047
423,936,1.007
432,936,0.968
441,936,0.854
450,936,0.684
459,936,0.721
468,936,0.759
477,936,0.73
486,936,0.768
495,936,0.954
504,936,0.92
513,936,0.887
522,936,0.721
531,936,0.758
540,936,0.669
549,936,0.588
558,936,0.621
567,936,0.714
576,936,0.689
585,936,0.724
594,936,0.894
603,936,0.865
612,936,0.905
621,936,0.875
630,936,0.847
639,936,0.639
648,936,0.564
657,936,0.649
666,936,0.683
675,936,0.778
684,936,0.815
693,936,0.991
702,936,0.893
711,936,0.865
720,936,0.776
729,936,0.813
738,936,0.788
747,936,0.958
756,936,1
765,936,0.971
774,936,1.086
783,936,1.131
792,936,1.027
801,936,0.929
810,936,1.041
819,936,1.16
828,936,1.207
837,936,1.255
846,936,1.304
855,936,1.192
864,936,1.161
873,936,1.288
882,936,1.423
891,936,1.225
900,936,1.274
909,936,1.165
918,936,1.136
927,936,0.965
936,936,1.079
945,936,1.051
954,936,1.024
963,936,0.93
972,936,-0.905
981,936,-0.946
990,936,-0.795
999,936,-0.833
1008,936,-0.75
1017,936,-0.62
1026,936,-0.552
1035,936,-0.634
1044,936,-0.722
1053,936,-0.595
1062,936,-0.628
1071,936,-0.835
1080,936,-0.942
1089,936,-0.852
1098,936,-0.894
1107,936,-0.807
1116,936,-0.785
1125,936,-0.705
1134,936,-0.742
1143,936,-0.78
1152,936,-0.884
1161,936,-0.996
1170,936,-0.903
1179,936,-0.815
1188,936,-0.857
1197,936,-0.772
1206,936,-0.692
1215,936,-0.729
1224,936,-0.768
1233,936,-0.942
1242,936,-0.989
1251,936,-0.964
1260,936,-0.941
1269,936,-0.917
1278,936,-0.964
1287,936,-0.87
1296,936,-0.848
1305,936,-0.825
1314,936,-0.94
1323,936,-0.917
1332,936,-0.965
1341,936,-1.094
1350,936,-1.069
1359,936,-1.124
1368,936,-1.269
1377,936,-1.333
1386,936,-1.306
1395,936,-1.279
1404,936,-1.344
1413,936,-1.317
1422,936,-1.385
1431,936,-1.358
1440,936,-1.238
1449,936,-1.038
1458,936,-1.014
1467,936,-1.16
1476,936,-1.048
1485,936,-1.11
1494,936,-0.999
1503,936,-1.149
1512,936,-1.316
1521,936,-1.392
1530,936,-1.473
1539,936,-1.34
1548,936,-1.025
1557,936,-0.914
1566,936,-0.89
1575,936,-0.787
1584,936,-0.689
1593,936,-0.667
1602,936,-0.645
1611,936,-0.696
1620,936,-0.535
1629,936,-0.515
1638,936,-0.559
1647,936,-0.607
1656,936,-0.739
1665,936,-0.636
1674,936,-0.473
1683,936,-0.59
1692,936,-0.568
1701,936,-0.545
1710,936,-0.682
1719,936,-0.499
1728,936,-0.724
1737,936,-0.61
1746,936,-0.585
1755,936,-0.48
1764,936,-0.456
1773,936,-0.511
1782,936,-0.486
1791,936,-0.461
1800,936,-0.357
1809,936,-0.265
1818,936,-0.106
1827,936,-0.089
1836,936,-0.103
1845,936,-0.166
1854,936,-0.35
1863,936,-0.233
1872,936,-0.088
1881,936,-0.063
1890,936,-0.305
1899,936,-0.152
1908,936,-0.584
1917,936,-0.604
9,945,0.001
18,945,0.025
27,945,0.014
36,945,0.036
45,945,0.037
54,945,0.021
63,945,0.012
72,945,0.013
81,945,0.078
90,945,0.192
99,945,0.174
108,945,0.12
117,945,0.146
126,945,0.135
135,945,0.203
144,945,0.421
153,945,0.736
162,945,0.782
171,945,0.629
180,945,0.769
189,945,0.921
198,945,0.759
207,945,0.803
216,945,0.751
225,945,0.704
234,945,0.837
243,945,0.546
252,945,0.513
261,945,0.421
270,945,0.453
279,945,0.323
288,945,0.35
297,945,0.378
306,945,0.463
315,945,0.623
324,945,0.659
333,945,0.56
342,945,0.531
351,945,0.447
360,945,0.424
369,945,0.452
378,945,0.6
387,945,0.772
396,945,0.81
405,945,0.773
414,945,0.967
423,945,0.926
432,945,0.887
441,945,0.777
450,945,0.615
459,945,0.648
468,945,0.681
477,945,0.652
486,945,0.685
495,945,0.855
504,945,0.821
513,945,0.788
522,945,0.633
531,945,0.665
540,945,0.581
549,945,0.506
558,945,0.534
567,945,0.617
576,945,0.592
585,945,0.622
594,945,0.775
603,945,0.746
612,945,0.78
621,945,0.751
630,945,0.723
639,945,0.534
648,945,0.466
657,945,0.54
666,945,0.568
675,945,0.651
684,945,0.682
693,945,0.838
702,945,0.747
711,945,0.721
720,945,0.639
729,945,0.67
738,945,0.646
747,945,0.794
756,945,0.829
765,945,0.801
774,945,0.901
783,945,0.938
792,945,0.844
801,945,0.755
810,945,0.851
819,945,0.954
828,945,0.993
837,945,1.033
846,945,1.074
855,945,0.972
864,945,0.942
873,945,1.051
882,945,1.168
891,945,1.135
900,945,1.178
909,945,1.071
918,945,1.113
927,945,0.942
936,945,1.051
945,945,1.021
954,945,0.992
963,945,0.896
972,945,-0.869
981,945,-0.907
990,945,-0.757
999,945,-0.792
1008,945,-0.71
1017,945,-0.582
1026,945,-0.515
1035,945,-0.591
1044,945,-0.673
1053,945,-0.55
1062,945,-0.578
1071,945,-0.774
1080,945,-0.872
1089,945,-0.785
1098,945,-0.821
1107,945,-0.737
1116,945,-0.713
1125,945,-0.636
1134,945,-0.668
1143,945,-0.701
1152,945,-0.795
1161,945,-0.898
1170,945,-0.808
1179,945,-0.724
1188,945,-0.759
1197,945,-0.678
1206,945,-0.602
1215,945,-0.634
1224,945,-0.667
1233,945,-0.889
1242,945,-0.931
1251,945,-0.905
1260,945,-0.879
1269,945,-0.853
1278,945,-0.895
1287,945,-0.869
1296,945,-0.843
1305,945,-0.818
1314,945,-0.929
1323,945,-0.903
1332,945,-0.948
1341,945,-1.072
1350,945,-1.044
1359,945,-1.095
1368,945,-1.234
1377,945,-1.292
1386,945,-1.262
1395,945,-1.231
1404,945,-1.291
1413,945,-1.261
1422,945,-1.323
1431,945,-1.387
1440,945,-1.262
1449,945,-1.056
1458,945,-1.028
1467,945,-1.172
1476,945,-1.143
1485,945,-1.205
1494,945,-1.085
1503,945,-1.24
1512,945,-1.517
1521,945,-1.598
1530,945,-1.682
1539,945,-1.535
1548,945,-1.189
1557,945,-1.065
1566,945,-1.036
1575,945,-0.92
1584,945,-0.81
1593,945,-0.784
1602,945,-0.757
1611,945,-0.811
1620,945,-0.631
1629,945,-0.606
1638,945,-0.654
1647,945,-0.705
1656,945,-0.848
1665,945,-0.733
1674,945,-0.552
1683,945,-0.679
1692,945,-0.652
1701,945,-0.625
1710,945,-0.772
1719,945,-0.572
1728,945,-0.813
1737,945,-0.688
1746,945,-0.659
1755,945,-0.543
1764,945,-0.515
1773,945,-0.573
1782,945,-0.544
1791,945,-0.514
1800,945,-0.401
1809,945,-0.3
1818,945,-0.123
1827,945,-0.103
1836,945,-0.118
1845,945,-0.186
1854,945,-0.382
1863,945,-0.255
1872,945,-0.098
1881,945,-0.07
1890,945,-0.325
1899,945,-0.162
1908,945,-0.605
1917,945,-0.618
9,954,0.001
18,954,0.023
27,954,0.012
36,954,0.032
45,954,0.033
54,954,0.018
63,954,0.01
72,954,0.011
81,954,0.068
90,954,0.17
99,954,0.153
108,954,0.103
117,954,0.126
126,954,0.115
135,954,0.175
144,954,0.372
153,954,0.663
162,954,0.704
171,954,0.559
180,954,0.687
189,954,0.826
198,954,0.673
207,954,0.712
216,954,0.662
225,954,0.616
234,954,0.737
243,954,0.469
252,954,0.437
261,954,0.354
270,954,0.381
279,954,0.265
288,954,0.288
297,954,0.311
306,954,0.385
315,954,0.526
324,954,0.557
333,954,0.466
342,954,0.439
351,954,0.365
360,954,0.343
369,954,0.367
378,954,0.495
387,954,0.646
396,954,0.678
405,954,0.643
414,954,0.815
423,954,0.776
432,954,0.739
441,954,0.64
450,954,0.496
459,954,0.523
468,954,0.551
477,954,0.524
486,954,0.551
495,954,0.698
504,954,0.667
513,954,0.636
522,954,0.5
531,954,0.526
540,954,0.454
549,954,0.388
558,954,0.455
567,954,0.529
576,954,0.504
585,954,0.53
594,954,0.666
603,954,0.638
612,954,0.667
621,954,0.639
630,954,0.612
639,954,0.442
648,954,0.381
657,954,0.444
666,954,0.467
675,954,0.538
684,954,0.616
693,954,0.76
702,954,0.672
711,954,0.646
720,954,0.568
729,954,0.595
738,954,0.57
747,954,0.705
756,954,0.735
765,954,0.707
774,954,0.797
783,954,0.83
792,954,0.74
801,954,0.657
810,954,0.742
819,954,0.834
828,954,0.867
837,954,0.901
846,954,0.936
855,954,0.84
864,954,0.811
873,954,0.908
882,954,1.011
891,954,0.979
900,954,1.015
909,954,0.983
918,954,1.02
927,954,0.855
936,954,0.955
945,954,0.924
954,954,0.894
963,954,0.802
972,954,-0.774
981,954,-0.807
990,954,-0.666
999,954,-0.695
1008,954,-0.617
1017,954,-0.5
1026,954,-0.479
1035,954,-0.55
1044,954,-0.626
1053,954,-0.507
1062,954,-0.532
1071,954,-0.715
1080,954,-0.806
1089,954,-0.72
1098,954,-0.752
1107,954,-0.67
1116,954,-0.646
1125,954,-0.571
1134,954,-0.599
1143,954,-0.627
1152,954,-0.713
1161,954,-0.806
1170,954,-0.719
1179,954,-0.639
1188,954,-0.669
1197,954,-0.592
1206,954,-0.521
1215,954,-0.547
1224,954,-0.627
1233,954,-0.838
1242,954,-0.876
1251,954,-0.847
1260,954,-0.82
1269,954,-0.792
1278,954,-0.829
1287,954,-0.802
1296,954,-0.774
1305,954,-0.748
1314,954,-0.85
1323,954,-0.822
1332,954,-0.861
1341,954,-0.975
1350,954,-0.944
1359,954,-0.989
1368,954,-1.115
1377,954,-1.166
1386,954,-1.133
1395,954,-1.101
1404,954,-1.152
1413,954,-1.119
1422,954,-1.172
1431,954,-1.228
1440,954,-1.107
1449,954,-0.914
1458,954,-0.885
1467,954,-1.012
1476,954,-0.98
1485,954,-1.032
1494,954,-0.919
1503,954,-1.054
1512,954,-1.3
1521,954,-1.367
1530,954,-1.438
1539,954,-1.298
1548,954,-0.982
1557,954,-0.867
1566,954,-0.837
1575,954,-0.807
1584,954,-0.702
1593,954,-0.674
1602,954,-0.646
1611,954,-0.69
1620,954,-0.525
1629,954,-0.5
1638,954,-0.537
1647,954,-0.578
1656,954,-0.698
1665,954,-0.593
1674,954,-0.433
1683,954,-0.536
1692,954,-0.508
1701,954,-0.48
1710,954,-0.599
1719,954,-0.425
1728,954,-0.62
1737,954,-0.509
1746,954,-0.479
1755,954,-0.38
1764,954,-0.419
1773,954,-0.464
1782,954,-0.432
1791,954,-0.401
1800,954,-0.3
1809,954,-0.213
1818,954,-0.105
1827,954,-0.119
1836,954,-0.134
1845,954,-0.208
1854,954,-0.415
1863,954,-0.279
1872,954,-0.109
1881,954,-0.077
1890,954,-0.346
1899,954,-0.173
1908,954,-0.626
1917,954,-0.633
9,963,0.001
18,963,0.021
27,963,0.011
36,963,0.029
45,963,0.029
54,963,0.016
63,963,0.009
72,963,0.009
81,963,0.059
90,963,0.15
99,963,0.133
108,963,0.088
117,963,0.108
126,963,0.097
135,963,0.15
144,963,0.327
153,963,0.594
162,963,0.63
171,963,0.494
180,963,0.611
189,963,0.738
198,963,0.594
207,963,0.627
216,963,0.58
225,963,0.536
234,963,0.645
243,963,0.4
252,963,0.37
261,963,0.295
270,963,0.318
279,963,0.215
288,963,0.234
297,963,0.253
306,963,0.316
315,963,0.44
324,963,0.465
333,963,0.384
342,963,0.359
351,963,0.294
360,963,0.274
369,963,0.293
378,963,0.403
387,963,0.534
396,963,0.56
405,963,0.529
414,963,0.679
423,963,0.643
432,963,0.671
441,963,0.576
450,963,0.491
459,963,0.515
468,963,0.54
477,963,0.512
486,963,0.536
495,963,0.678
504,963,0.645
513,963,0.613
522,963,0.478
531,963,0.553
540,963,0.476
549,963,0.451
558,963,0.522
567,963,0.6
576,963,0.571
585,963,0.596
594,963,0.74
603,963,0.706
612,963,0.734
621,963,0.702
630,963,0.67
639,963,0.487
648,963,0.42
657,963,0.485
666,963,0.508
675,963,0.581
684,963,0.66
693,963,0.807
702,963,0.713
711,963,0.683
720,963,0.6
729,963,0.625
738,963,0.598
747,963,0.795
756,963,0.824
765,963,0.791
774,963,0.885
783,963,0.916
792,963,0.818
801,963,0.727
810,963,0.815
819,963,0.91
828,963,0.942
837,963,0.974
846,963,1.008
855,963,0.904
864,963,0.871
873,963,0.969
882,963,1.074
891,963,1.037
900,963,1.072
909,963,1.108
918,963,1.144
927,963,0.964
936,963,1.069
945,963,1.105
954,963,1.068
963,963,0.962
972,963,-0.928
981,963,-0.962
990,963,-0.801
999,963,-0.832
1008,963,-0.742
1017,963,-0.606
1026,963,-0.581
1035,963,-0.659
1044,963,-0.742
1053,963,-0.607
1062,963,-0.632
1071,963,-0.833
1080,963,-0.931
1089,963,-0.834
1098,963,-0.867
1107,963,-0.774
1116,963,-0.745
1125,963,-0.661
1134,963,-0.689
1143,963,-0.718
1152,963,-0.809
1161,963,-0.907
1170,963,-0.811
1179,963,-0.722
1188,963,-0.752
1197,963,-0.667
1206,963,-0.588
1215,963,-0.614
1224,963,-0.698
1233,963,-0.921
1242,963,-0.958
1251,963,-0.925
1260,963,-0.893
1269,963,-0.861
1278,963,-0.898
1287,963,-0.866
1296,963,-0.835
1305,963,-0.805
1314,963,-0.909
1323,963,-0.877
1332,963,-0.915
1341,963,-1.03
1350,963,-0.995
1359,963,-1.038
1368,963,-1.165
1377,963,-1.214
1386,963,-1.177
1395,963,-1.14
1404,963,-1.189
1413,963,-1.153
1422,963,-1.203
1431,963,-1.256
1440,963,-1.13
1449,963,-0.931
1458,963,-0.898
1467,963,-1.023
1476,963,-1.072
1485,963,-1.123
1494,963,-1.001
1503,963,-1.14
1512,963,-1.395
1521,963,-1.461
1530,963,-1.53
1539,963,-1.381
1548,963,-1.049
1557,963,-0.926
1566,963,-0.892
1575,963,-0.858
1584,963,-0.746
1593,963,-0.714
1602,963,-0.683
1611,963,-0.726
1620,963,-0.553
1629,963,-0.523
1638,963,-0.56
1647,963,-0.599
1656,963,-0.719
1665,963,-0.686
1674,963,-0.507
1683,963,-0.62
1692,963,-0.587
1701,963,-0.555
1710,963,-0.682
1719,963,-0.491
1728,963,-0.701
1737,963,-0.578
1746,963,-0.544
1755,963,-0.434
1764,963,-0.475
1773,963,-0.522
1782,963,-0.486
1791,963,-0.45
1800,963,-0.339
1809,963,-0.243
1818,963,-0.122
1827,963,-0.136
1836,963,-0.153
1845,963,-0.231
1854,963,-0.451
1863,963,-0.304
1872,963,-0.121
1881,963,-0.086
1890,963,-0.367
1899,963,-0.184
1908,963,-0.648
1917,963,-0.647
9,972,-0.001
18,972,-0.019
27,972,-0.01
36,972,-0.025
45,972,-0.046
54,972,-0.025
63,972,-0.013
72,972,-0.013
81,972,-0.075
90,972,-0.177
99,972,-0.156
108,972,-0.103
117,972,-0.122
126,972,-0.109
135,972,-0.164
144,972,-0.348
153,972,-0.621
162,972,-0.653
171,972,-0.51
180,972,-0.624
189,972,-0.749
198,972,-0.6
207,972,-0.63
216,972,-0.579
225,972,-0.532
234,972,-0.637
243,972,-0.392
252,972,-0.36
261,972,-0.285
270,972,-0.305
279,972,-0.204
288,972,-0.221
297,972,-0.239
306,972,-0.297
315,972,-0.414
324,972,-0.437
333,972,-0.357
342,972,-0.332
351,972,-0.269
360,972,-0.249
369,972,-0.266
378,972,-0.366
387,972,-0.488
396,972,-0.511
405,972,-0.479
414,972,-0.619
423,972,-0.582
432,972,-0.607
441,972,-0.516
450,972,-0.436
459,972,-0.457
468,972,-0.478
477,972,-0.45
486,972,-0.471
495,972,-0.6
504,972,-0.567
513,972,-0.536
522,972,-0.457
531,972,-0.528
540,972,-0.451
549,972,-0.426
558,972,-0.492
567,972,-0.565
576,972,-0.535
585,972,-0.557
594,972,-0.692
603,972,-0.658
612,972,-0.683
621,972,-0.649
630,972,-0.617
639,972,-0.443
648,972,-0.378
657,972,-0.438
666,972,-0.457
675,972,-0.523
684,972,-0.595
693,972,-0.73
702,972,-0.641
711,972,-0.611
720,972,-0.532
729,972,-0.553
738,972,-0.526
747,972,-0.706
756,972,-0.731
765,972,-0.698
774,972,-0.783
783,972,-0.809
792,972,-0.716
801,972,-0.63
810,972,-0.709
819,972,-0.793
828,972,-0.82
837,972,-0.913
846,972,-0.942
855,972,-0.84
864,972,-0.806
873,972,-0.897
882,972,-0.994
891,972,-0.956
900,972,-0.986
909,972,-1.017
918,972,-1.049
927,972,-0.876
936,972,-0.972
945,972,-1.003
954,972,-0.965
963,972,-0.863
972,972,0.892
981,972,0.922
990,972,0.763
999,972,0.791
1008,972,0.701
1017,972,0.569
1026,972,0.543
1035,972,0.615
1044,972,0.692
1053,972,0.561
1062,972,0.583
1071,972,0.772
1080,972,0.862
1089,972,0.768
1098,972,0.796
1107,972,0.706
1116,972,0.676
1125,972,0.595
1134,972,0.619
1143,972,0.644
1152,972,0.726
1161,972,0.814
1170,972,0.722
1179,972,0.637
1188,972,0.719
1197,972,0.634
1206,972,0.555
1215,972,0.579
1224,972,0.657
1233,972,0.869
1242,972,0.902
1251,972,0.867
1260,972,0.833
1269,972,0.8
1278,972,0.899
1287,972,0.865
1296,972,0.831
1305,972,0.798
1314,972,0.898
1323,972,0.864
1332,972,0.898
1341,972,1.009
1350,972,0.972
1359,972,1.01
1368,972,1.132
1377,972,1.176
1386,972,1.136
1395,972,1.096
1404,972,1.14
1413,972,1.101
1422,972,1.146
1431,972,1.193
1440,972,1.067
1449,972,0.872
1458,972,0.837
1467,972,0.953
1476,972,0.996
1485,972,1.041
1494,972,0.921
1503,972,1.049
1512,972,1.286
1521,972,1.343
1530,972,1.404
1539,972,1.258
1548,972,0.941
1557,972,0.822
1566,972,0.786
1575,972,0.751
1584,972,0.644
1593,972,0.611
1602,972,0.647
1611,972,0.685
1620,972,0.516
1629,972,0.485
1638,972,0.516
1647,972,0.55
1656,972,0.66
1665,972,0.624
1674,972,0.453
1683,972,0.554
1692,972,0.52
1701,972,0.486
1710,972,0.599
1719,972,0.42
1728,972,0.606
1737,972,0.49
1746,972,0.454
1755,972,0.353
1764,972,0.384
1773,972,0.419
1782,972,0.458
1791,972,0.42
1800,972,0.311
1809,972,0.217
1818,972,0.105
1827,972,0.115
1836,972,0.127
1845,972,0.192
1854,972,0.38
1863,972,0.244
1872,972,0.087
1881,972,0.095
1890,972,0.39
1899,972,0.196
1908,972,0.67
1917,972,0.662
9,981,-0.001
18,981,-0.018
27,981,-0.009
36,981,-0.023
45,981,-0.041
54,981,-0.021
63,981,-0.02
72,981,-0.018
81,981,-0.132
90,981,-0.273
99,981,-0.236
108,981,-0.158
117,981,-0.181
126,981,-0.159
135,981,-0.226
144,981,-0.444
153,981,-0.751
162,981,-0.779
171,981,-0.611
180,981,-0.733
189,981,-0.863
198,981,-0.693
207,981,-0.72
216,981,-0.659
225,981,-0.604
234,981,-0.712
243,981,-0.443
252,981,-0.406
261,981,-0.321
270,981,-0.341
279,981,-0.229
288,981,-0.245
297,981,-0.262
306,981,-0.322
315,981,-0.443
324,981,-0.464
333,981,-0.378
342,981,-0.35
351,981,-0.282
360,981,-0.26
369,981,-0.276
378,981,-0.377
387,981,-0.498
396,981,-0.519
405,981,-0.485
414,981,-0.623
423,981,-0.584
432,981,-0.606
441,981,-0.513
450,981,-0.431
459,981,-0.449
468,981,-0.468
477,981,-0.488
486,981,-0.507
495,981,-0.64
504,981,-0.603
513,981,-0.568
522,981,-0.484
531,981,-0.555
540,981,-0.473
549,981,-0.445
558,981,-0.511
567,981,-0.583
576,981,-0.551
585,981,-0.571
594,981,-0.705
603,981,-0.669
612,981,-0.751
621,981,-0.713
630,981,-0.677
639,981,-0.488
648,981,-0.417
657,981,-0.479
666,981,-0.497
675,981,-0.565
684,981,-0.638
693,981,-0.776
702,981,-0.681
711,981,-0.647
720,981,-0.563
729,981,-0.583
738,981,-0.553
747,981,-0.735
756,981,-0.758
765,981,-0.723
774,981,-0.806
783,981,-0.83
792,981,-0.733
801,981,-0.644
810,981,-0.721
819,981,-0.804
828,981,-0.828
837,981,-0.918
846,981,-0.945
855,981,-0.84
864,981,-0.803
873,981,-0.891
882,981,-0.985
891,981,-0.944
900,981,-0.972
909,981,-1
918,981,-1.028
927,981,-0.854
936,981,-0.946
945,981,-0.974
954,981,-0.934
963,981,-0.832
972,981,0.858
981,981,0.884
990,981,0.727
999,981,0.751
1008,981,0.662
1017,981,0.533
1026,981,0.506
1035,981,0.623
1044,981,0.699
1053,981,0.564
1062,981,0.585
1071,981,0.771
1080,981,0.859
1089,981,0.762
1098,981,0.788
1107,981,0.696
1116,981,0.664
1125,981,0.582
1134,981,0.603
1143,981,0.625
1152,981,0.703
1161,981,0.788
1170,981,0.695
1179,981,0.61
1188,981,0.688
1197,981,0.603
1206,981,0.524
1215,981,0.545
1224,981,0.618
1233,981,0.819
1242,981,0.848
1251,981,0.812
1260,981,0.776
1269,981,0.742
1278,981,0.834
1287,981,0.798
1296,981,0.763
1305,981,0.729
1314,981,0.821
1323,981,0.785
1332,981,0.882
1341,981,0.988
1350,981,0.949
1359,981,0.983
1368,981,1.099
1377,981,1.138
1386,981,1.096
1395,981,1.054
1404,981,1.093
1413,981,1.051
1422,981,1.091
1431,981,1.133
1440,981,1.007
1449,981,0.816
1458,981,0.779
1467,981,0.886
1476,981,0.924
1485,981,0.963
1494,981,0.845
1503,981,0.962
1512,981,1.182
1521,981,1.232
1530,981,1.285
1539,981,1.141
1548,981,0.84
1557,981,0.726
1566,981,0.689
1575,981,0.652
1584,981,0.552
1593,981,0.581
1602,981,0.613
1611,981,0.646
1620,981,0.481
1629,981,0.448
1638,981,0.475
1647,981,0.503
1656,981,0.604
1665,981,0.567
1674,981,0.404
1683,981,0.494
1692,981,0.459
1701,981,0.489
1710,981,0.599
1719,981,0.418
1728,981,0.599
1737,981,0.481
1746,981,0.442
1755,981,0.34
1764,981,0.367
1773,981,0.398
1782,981,0.432
1791,981,0.391
1800,981,0.284
1809,981,0.194
1818,981,0.09
1827,981,0.097
1836,981,0.105
1845,981,0.215
1854,981,0.414
1863,981,0.267
1872,981,0.097
1881,981,0.104
1890,981,0.413
1899,981,0.209
1908,981,0.693
1917,981,0.677
9,990,-0.001
18,990,-0.016
27,990,-0.008
36,990,-0.02
45,990,-0.036
54,990,-0.018
63,990,-0.017
72,990,-0.015
81,990,-0.116
90,990,-0.244
99,990,-0.21
108,990,-0.137
117,990,-0.157
126,990,-0.136
135,990,-0.196
144,990,-0.393
153,990,-0.677
162,990,-0.701
171,990,-0.542
180,990,-0.653
189,990,-0.772
198,990,-0.612
207,990,-0.635
216,990,-0.577
225,990,-0.525
234,990,-0.622
243,990,-0.376
252,990,-0.342
261,990,-0.266
270,990,-0.282
279,990,-0.218
288,990,-0.232
297,990,-0.247
306,990,-0.303
315,990,-0.417
324,990,-0.435
333,990,-0.352
342,990,-0.323
351,990,-0.258
360,990,-0.236
369,990,-0.249
378,990,-0.342
387,990,-0.455
396,990,-0.473
405,990,-0.439
414,990,-0.566
423,990,-0.585
432,990,-0.667
441,990,-0.565
450,990,-0.475
459,990,-0.492
468,990,-0.51
477,990,-0.528
486,990,-0.546
495,990,-0.682
504,990,-0.641
513,990,-0.602
522,990,-0.512
531,990,-0.583
540,990,-0.496
549,990,-0.465
558,990,-0.531
567,990,-0.602
576,990,-0.567
585,990,-0.585
594,990,-0.719
603,990,-0.679
612,990,-0.76
621,990,-0.719
630,990,-0.68
639,990,-0.489
648,990,-0.416
657,990,-0.475
666,990,-0.492
675,990,-0.557
684,990,-0.627
693,990,-0.762
702,990,-0.665
711,990,-0.629
720,990,-0.545
729,990,-0.562
738,990,-0.531
747,990,-0.707
756,990,-0.727
765,990,-0.69
774,990,-0.768
783,990,-0.789
792,990,-0.693
801,990,-0.605
810,990,-0.677
819,990,-0.754
828,990,-0.775
837,990,-0.859
846,990,-0.882
855,990,-0.779
864,990,-0.742
873,990,-0.823
882,990,-0.91
891,990,-0.868
900,990,-0.891
909,990,-0.915
918,990,-0.939
927,990,-0.773
936,990,-0.856
945,990,-0.88
954,990,-0.84
963,990,-0.742
972,990,0.763
981,990,0.785
990,990,0.638
999,990,0.658
1008,990,0.575
1017,990,0.455
1026,990,0.429
1035,990,0.532
1044,990,0.599
1053,990,0.476
1062,990,0.492
1071,990,0.658
1080,990,0.735
1089,990,0.645
1098,990,0.665
1107,990,0.581
1116,990,0.6
1125,990,0.521
1134,990,0.539
1143,990,0.557
1152,990,0.627
1161,990,0.703
1170,990,0.615
1179,990,0.534
1188,990,0.603
1197,990,0.624
1206,990,0.542
1215,990,0.561
1224,990,0.633
1233,990,0.834
1242,990,0.86
1251,990,0.821
1260,990,0.783
1269,990,0.746
1278,990,0.835
1287,990,0.862
1296,990,0.823
1305,990,0.785
1314,990,0.878
1323,990,0.838
1332,990,0.937
1341,990,1.044
1350,990,1
1359,990,1.033
1368,990,1.149
1377,990,1.186
1386,990,1.225
1395,990,1.176
1404,990,1.216
1413,990,1.168
1422,990,1.207
1431,990,1.248
1440,990,1.112
1449,990,0.906
1458,990,0.864
1467,990,0.975
1476,990,1.012
1485,990,1.05
1494,990,0.923
1503,990,1.043
1512,990,1.272
1521,990,1.32
1530,990,1.371
1539,990,1.218
1548,990,0.901
1557,990,0.779
1566,990,0.737
1575,990,0.697
1584,990,0.59
1593,990,0.618
1602,990,0.648
1611,990,0.68
1620,990,0.506
1629,990,0.471
1638,990,0.496
1647,990,0.523
1656,990,0.623
1665,990,0.582
1674,990,0.414
1683,990,0.503
1692,990,0.464
1701,990,0.492
1710,990,0.599
1719,990,0.415
1728,990,0.592
1737,990,0.472
1746,990,0.431
1755,990,0.328
1764,990,0.351
1773,990,0.377
1782,990,0.407
1791,990,0.364
1800,990,0.259
1809,990,0.172
1818,990,0.105
1827,990,0.112
1836,990,0.12
1845,990,0.239
1854,990,0.449
1863,990,0.291
1872,990,0.108
1881,990,0.115
1890,990,0.438
1899,990,0.222
1908,990,0.716
1917,990,0.693
9,999,-0.001
18,999,-0.015
27,999,-0.007
36,999,-0.018
45,999,-0.032
54,999,-0.016
63,999,-0.014
72,999,-0.013
81,999,-0.102
90,999,-0.218
99,999,-0.185
108,999,-0.119
117,999,-0.135
126,999,-0.116
135,999,-0.168
144,999,-0.347
153,999,-0.607
162,999,-0.627
171,999,-0.479
180,999,-0.579
189,999,-0.687
198,999,-0.538
207,999,-0.557
216,999,-0.502
225,999,-0.453
234,999,-0.54
243,999,-0.317
252,999,-0.285
261,999,-0.217
270,999,-0.23
279,999,-0.175
288,999,-0.186
297,999,-0.198
306,999,-0.245
315,999,-0.343
324,999,-0.358
333,999,-0.326
342,999,-0.298
351,999,-0.235
360,999,-0.213
369,999,-0.225
378,999,-0.31
387,999,-0.414
396,999,-0.429
405,999,-0.395
414,999,-0.512
423,999,-0.529
432,999,-0.603
441,999,-0.506
450,999,-0.421
459,999,-0.435
468,999,-0.45
477,999,-0.465
486,999,-0.531
495,999,-0.663
504,999,-0.62
513,999,-0.579
522,999,-0.49
531,999,-0.557
540,999,-0.471
549,999,-0.439
558,999,-0.501
567,999,-0.567
576,999,-0.531
585,999,-0.546
594,999,-0.673
603,999,-0.69
612,999,-0.769
621,999,-0.725
630,999,-0.683
639,999,-0.489
648,999,-0.415
657,999,-0.472
666,999,-0.486
675,999,-0.549
684,999,-0.616
693,999,-0.747
702,999,-0.649
711,999,-0.612
720,999,-0.527
729,999,-0.542
738,999,-0.51
747,999,-0.679
756,999,-0.696
765,999,-0.658
774,999,-0.732
783,999,-0.75
792,999,-0.654
801,999,-0.567
810,999,-0.634
819,999,-0.706
828,999,-0.724
837,999,-0.802
846,999,-0.821
855,999,-0.721
864,999,-0.683
873,999,-0.758
882,999,-0.838
891,999,-0.796
900,999,-0.815
909,999,-0.835
918,999,-0.855
927,999,-0.697
936,999,-0.772
945,999,-0.792
954,999,-0.752
963,999,-0.659
972,999,0.676
981,999,0.694
990,999,0.557
999,999,0.572
1008,999,0.495
1017,999,0.385
1026,999,0.361
1035,999,0.451
1044,999,0.509
1053,999,0.437
1062,999,0.451
1071,999,0.605
1080,999,0.676
1089,999,0.589
1098,999,0.606
1107,999,0.524
1116,999,0.54
1125,999,0.465
1134,999,0.479
1143,999,0.494
1152,999,0.557
1161,999,0.625
1170,999,0.541
1179,999,0.465
1188,999,0.526
1197,999,0.543
1206,999,0.466
1215,999,0.481
1224,999,0.544
1233,999,0.725
1242,999,0.746
1251,999,0.708
1260,999,0.67
1269,999,0.634
1278,999,0.773
1287,999,0.795
1296,999,0.755
1305,999,0.716
1314,999,0.802
1323,999,0.761
1332,999,0.851
1341,999,0.948
1350,999,0.903
1359,999,0.931
1368,999,1.036
1377,999,1.067
1386,999,1.099
1395,999,1.05
1404,999,1.082
1413,999,1.034
1422,999,1.151
1431,999,1.277
1440,999,1.135
1449,999,0.923
1458,999,0.877
1467,999,1.07
1476,999,1.106
1485,999,1.143
1494,999,1.006
1503,999,1.13
1512,999,1.365
1521,999,1.412
1530,999,1.461
1539,999,1.299
1548,999,0.965
1557,999,0.834
1566,999,0.788
1575,999,0.743
1584,999,0.629
1593,999,0.656
1602,999,0.685
1611,999,0.715
1620,999,0.533
1629,999,0.494
1638,999,0.517
1647,999,0.542
1656,999,0.642
1665,999,0.597
1674,999,0.424
1683,999,0.511
1692,999,0.47
1701,999,0.496
1710,999,0.6
1719,999,0.413
1728,999,0.586
1737,999,0.463
1746,999,0.419
1755,999,0.316
1764,999,0.336
1773,999,0.358
1782,999,0.382
1791,999,0.338
1800,999,0.235
1809,999,0.152
1818,999,0.089
1827,999,0.094
1836,999,0.137
1845,999,0.265
1854,999,0.487
1863,999,0.317
1872,999,0.12
1881,999,0.126
1890,999,0.463
1899,999,0.235
1908,999,0.74
1917,999,0.708
9,1008,-0.006
18,1008,-0.037
27,1008,-0.016
36,1008,-0.032
45,1008,-0.05
54,1008,-0.024
63,1008,-0.021
72,1008,-0.018
81,1008,-0.126
90,1008,-0.254
99,1008,-0.214
108,1008,-0.137
117,1008,-0.197
126,1008,-0.168
135,1008,-0.231
144,1008,-0.442
153,1008,-0.736
162,1008,-0.751
171,1008,-0.576
180,1008,-0.682
189,1008,-0.796
198,1008,-0.625
207,1008,-0.641
216,1008,-0.576
225,1008,-0.517
234,1008,-0.608
243,1008,-0.361
252,1008,-0.324
261,1008,-0.247
270,1008,-0.259
279,1008,-0.197
288,1008,-0.208
297,1008,-0.218
306,1008,-0.267
315,1008,-0.368
324,1008,-0.381
333,1008,-0.346
342,1008,-0.314
351,1008,-0.248
360,1008,-0.224
369,1008,-0.234
378,1008,-0.32
387,1008,-0.423
396,1008,-0.436
405,1008,-0.4
414,1008,-0.516
423,1008,-0.53
432,1008,-0.602
441,1008,-0.503
450,1008,-0.416
459,1008,-0.428
468,1008,-0.441
477,1008,-0.453
486,1008,-0.517
495,1008,-0.644
504,1008,-0.599
513,1008,-0.557
522,1008,-0.468
531,1008,-0.531
540,1008,-0.446
549,1008,-0.414
558,1008,-0.471
567,1008,-0.533
576,1008,-0.496
585,1008,-0.509
594,1008,-0.628
603,1008,-0.642
612,1008,-0.716
621,1008,-0.672
630,1008,-0.686
639,1008,-0.49
648,1008,-0.503
657,1008,-0.565
666,1008,-0.578
675,1008,-0.646
684,1008,-0.718
693,1008,-0.859
702,1008,-0.748
711,1008,-0.705
720,1008,-0.609
729,1008,-0.623
738,1008,-0.585
747,1008,-0.767
756,1008,-0.783
765,1008,-0.739
774,1008,-0.815
783,1008,-0.832
792,1008,-0.727
801,1008,-0.631
810,1008,-0.701
819,1008,-0.775
828,1008,-0.791
837,1008,-0.87
846,1008,-0.888
855,1008,-0.841
864,1008,-0.796
873,1008,-0.876
882,1008,-0.96
891,1008,-0.912
900,1008,-0.93
909,1008,-0.949
918,1008,-0.968
927,1008,-0.855
936,1008,-0.938
945,1008,-0.957
954,1008,-0.909
963,1008,-0.801
972,1008,0.818
981,1008,0.836
990,1008,0.678
999,1008,0.694
1008,1008,0.603
1017,1008,0.476
1026,1008,0.446
1035,1008,0.548
1044,1008,0.611
1053,1008,0.528
1062,1008,0.541
1071,1008,0.712
1080,1008,0.788
1089,1008,0.689
1098,1008,0.706
1107,1008,0.614
1116,1008,0.629
1125,1008,0.544
1134,1008,0.558
1143,1008,0.573
1152,1008,0.64
1161,1008,0.712
1170,1008,0.618
1179,1008,0.533
1188,1008,0.598
1197,1008,0.613
1206,1008,0.528
1215,1008,0.543
1224,1008,0.609
1233,1008,0.8
1242,1008,0.82
1251,1008,0.777
1260,1008,0.735
1269,1008,0.695
1278,1008,0.838
1287,1008,0.86
1296,1008,0.815
1305,1008,0.772
1314,1008,0.859
1323,1008,0.814
1332,1008,0.905
1341,1008,1.003
1350,1008,0.953
1359,1008,0.979
1368,1008,1.084
1377,1008,1.197
1386,1008,1.228
1395,1008,1.173
1404,1008,1.204
1413,1008,1.149
1422,1008,1.271
1431,1008,1.402
1440,1008,1.248
1449,1008,1.02
1458,1008,0.969
1467,1008,1.17
1476,1008,1.299
1485,1008,1.337
1494,1008,1.183
1503,1008,1.317
1512,1008,1.572
1521,1008,1.62
1530,1008,1.67
1539,1008,1.491
1548,1008,1.123
1557,1008,0.977
1566,1008,0.924
1575,1008,0.872
1584,1008,0.743
1593,1008,0.772
1602,1008,0.801
1611,1008,0.833
1620,1008,0.629
1629,1008,0.584
1638,1008,0.608
1647,1008,0.634
1656,1008,0.742
1665,1008,0.691
1674,1008,0.497
1683,1008,0.592
1692,1008,0.545
1701,1008,0.571
1710,1008,0.683
1719,1008,0.477
1728,1008,0.664
1737,1008,0.528
1746,1008,0.479
1755,1008,0.364
1764,1008,0.384
1773,1008,0.407
1782,1008,0.432
1791,1008,0.381
1800,1008,0.268
1809,1008,0.176
1818,1008,0.105
1827,1008,0.109
1836,1008,0.155
1845,1008,0.293
1854,1008,0.526
1863,1008,0.345
1872,1008,0.133
1881,1008,0.138
1890,1008,0.489
1899,1008,0.25
1908,1008,0.764
1917,1008,0.724
9,1017,-0.006
18,1017,-0.034
27,1017,-0.014
36,1017,-0.028
45,1017,-0.045
54,1017,-0.021
63,1017,-0.018
72,1017,-0.015
81,1017,-0.111
90,1017,-0.227
99,1017,-0.189
108,1017,-0.118
117,1017,-0.172
126,1017,-0.145
135,1017,-0.2
144,1017,-0.392
153,1017,-0.662
162,1017,-0.674
171,1017,-0.51
180,1017,-0.606
189,1017,-0.709
198,1017,-0.549
207,1017,-0.644
216,1017,-0.575
225,1017,-0.514
234,1017,-0.6
243,1017,-0.354
252,1017,-0.315
261,1017,-0.238
270,1017,-0.249
279,1017,-0.187
288,1017,-0.196
297,1017,-0.205
306,1017,-0.25
315,1017,-0.345
324,1017,-0.356
333,1017,-0.321
342,1017,-0.289
351,1017,-0.225
360,1017,-0.202
369,1017,-0.21
378,1017,-0.289
387,1017,-0.384
396,1017,-0.395
405,1017,-0.36
414,1017,-0.466
423,1017,-0.477
432,1017,-0.543
441,1017,-0.448
450,1017,-0.366
459,1017,-0.376
468,1017,-0.386
477,1017,-0.396
486,1017,-0.453
495,1017,-0.568
504,1017,-0.525
513,1017,-0.485
522,1017,-0.403
531,1017,-0.458
540,1017,-0.38
549,1017,-0.349
558,1017,-0.399
567,1017,-0.453
576,1017,-0.419
585,1017,-0.429
594,1017,-0.534
603,1017,-0.597
612,1017,-0.665
621,1017,-0.621
630,1017,-0.633
639,1017,-0.445
648,1017,-0.455
657,1017,-0.512
666,1017,-0.523
675,1017,-0.584
684,1017,-0.649
693,1017,-0.779
702,1017,-0.674
711,1017,-0.631
720,1017,-0.54
729,1017,-0.551
738,1017,-0.514
747,1017,-0.68
756,1017,-0.693
765,1017,-0.705
774,1017,-0.777
783,1017,-0.791
792,1017,-0.687
801,1017,-0.593
810,1017,-0.657
819,1017,-0.726
828,1017,-0.739
837,1017,-0.813
846,1017,-0.827
855,1017,-0.78
864,1017,-0.735
873,1017,-0.808
882,1017,-0.886
891,1017,-0.837
900,1017,-0.852
909,1017,-0.867
918,1017,-0.948
927,1017,-0.834
936,1017,-0.913
945,1017,-0.929
954,1017,-0.879
963,1017,-0.771
972,1017,0.786
981,1017,0.8
990,1017,0.644
999,1017,0.657
1008,1017,0.568
1017,1017,0.444
1026,1017,0.414
1035,1017,0.509
1044,1017,0.567
1053,1017,0.486
1062,1017,0.497
1071,1017,0.657
1080,1017,0.726
1089,1017,0.63
1098,1017,0.644
1107,1017,0.555
1116,1017,0.567
1125,1017,0.486
1134,1017,0.497
1143,1017,0.508
1152,1017,0.568
1161,1017,0.633
1170,1017,0.544
1179,1017,0.464
1188,1017,0.521
1197,1017,0.533
1206,1017,0.454
1215,1017,0.465
1224,1017,0.522
1233,1017,0.694
1242,1017,0.77
1251,1017,0.726
1260,1017,0.683
1269,1017,0.642
1278,1017,0.776
1287,1017,0.793
1296,1017,0.748
1305,1017,0.704
1314,1017,0.783
1323,1017,0.738
1332,1017,0.821
1341,1017,0.909
1350,1017,0.86
1359,1017,0.88
1368,1017,0.975
1377,1017,1.077
1386,1017,1.103
1395,1017,1.047
1404,1017,1.072
1413,1017,1.017
1422,1017,1.125
1431,1017,1.242
1440,1017,1.095
1449,1017,0.882
1458,1017,0.831
1467,1017,1.01
1476,1017,1.123
1485,1017,1.154
1494,1017,1.008
1503,1017,1.125
1512,1017,1.351
1521,1017,1.389
1530,1017,1.428
1539,1017,1.362
1548,1017,1.01
1557,1017,0.87
1566,1017,0.816
1575,1017,0.764
1584,1017,0.642
1593,1017,0.663
1602,1017,0.686
1611,1017,0.71
1620,1017,0.523
1629,1017,0.48
1638,1017,0.497
1647,1017,0.516
1656,1017,0.606
1665,1017,0.556
1674,1017,0.386
1683,1017,0.462
1692,1017,0.418
1701,1017,0.435
1710,1017,0.524
1719,1017,0.408
1728,1017,0.573
1737,1017,0.446
1746,1017,0.467
1755,1017,0.35
1764,1017,0.437
1773,1017,0.46
1782,1017,0.485
1791,1017,0.429
1800,1017,0.304
1809,1017,0.202
1818,1017,0.121
1827,1017,0.125
1836,1017,0.176
1845,1017,0.323
1854,1017,0.568
1863,1017,0.374
1872,1017,0.146
1881,1017,0.151
1890,1017,0.517
1899,1017,0.264
1908,1017,0.789
1917,1017,0.74
9,1026,-0.005
18,1026,-0.032
27,1026,-0.012
36,1026,-0.025
45,1026,-0.068
54,1026,-0.032
63,1026,-0.026
72,1026,-0.022
81,1026,-0.136
90,1026,-0.265
99,1026,-0.217
108,1026,-0.136
117,1026,-0.193
126,1026,-0.161
135,1026,-0.218
144,1026,-0.416
153,1026,-0.691
162,1026,-0.698
171,1026,-0.526
180,1026,-0.62
189,1026,-0.721
198,1026,-0.555
207,1026,-0.647
216,1026,-0.574
225,1026,-0.51
234,1026,-0.593
243,1026,-0.347
252,1026,-0.306
261,1026,-0.27
270,1026,-0.279
279,1026,-0.21
288,1026,-0.218
297,1026,-0.226
306,1026,-0.272
315,1026,-0.371
324,1026,-0.38
333,1026,-0.341
342,1026,-0.306
351,1026,-0.237
360,1026,-0.212
369,1026,-0.219
378,1026,-0.298
387,1026,-0.393
396,1026,-0.402
405,1026,-0.364
414,1026,-0.469
423,1026,-0.478
432,1026,-0.542
441,1026,-0.445
450,1026,-0.362
459,1026,-0.37
468,1026,-0.378
477,1026,-0.386
486,1026,-0.44
495,1026,-0.55
504,1026,-0.507
513,1026,-0.466
522,1026,-0.384
531,1026,-0.436
540,1026,-0.358
549,1026,-0.328
558,1026,-0.374
567,1026,-0.424
576,1026,-0.389
585,1026,-0.397
594,1026,-0.495
603,1026,-0.607
612,1026,-0.673
621,1026,-0.626
630,1026,-0.636
639,1026,-0.446
648,1026,-0.454
657,1026,-0.509
666,1026,-0.517
675,1026,-0.576
684,1026,-0.639
693,1026,-0.765
702,1026,-0.658
711,1026,-0.614
720,1026,-0.523
729,1026,-0.532
738,1026,-0.494
747,1026,-0.653
756,1026,-0.719
765,1026,-0.73
774,1026,-0.801
783,1026,-0.812
792,1026,-0.704
801,1026,-0.606
810,1026,-0.669
819,1026,-0.736
828,1026,-0.747
837,1026,-0.819
846,1026,-0.83
855,1026,-0.781
864,1026,-0.733
873,1026,-0.866
882,1026,-0.944
891,1026,-0.891
900,1026,-0.903
909,1026,-0.916
918,1026,-0.997
927,1026,-0.942
936,1026,-1.024
945,1026,-1.039
954,1026,-0.982
963,1026,-0.863
972,1026,0.876
981,1026,0.889
990,1026,0.719
999,1026,0.731
1008,1026,0.633
1017,1026,0.498
1026,1026,0.463
1035,1026,0.563
1044,1026,0.624
1053,1026,0.535
1062,1026,0.545
1071,1026,0.712
1080,1026,0.782
1089,1026,0.679
1098,1026,0.691
1107,1026,0.596
1116,1026,0.607
1125,1026,0.519
1134,1026,0.529
1143,1026,0.539
1152,1026,0.599
1161,1026,0.664
1170,1026,0.57
1179,1026,0.532
1188,1026,0.592
1197,1026,0.604
1206,1026,0.515
1215,1026,0.525
1224,1026,0.586
1233,1026,0.768
1242,1026,0.846
1251,1026,0.796
1260,1026,0.749
1269,1026,0.703
1278,1026,0.842
1287,1026,0.858
1296,1026,0.808
1305,1026,0.759
1314,1026,0.84
1323,1026,0.79
1332,1026,0.873
1341,1026,0.963
1350,1026,0.908
1359,1026,0.927
1368,1026,1.022
1377,1026,1.123
1386,1026,1.146
1395,1026,1.086
1404,1026,1.108
1413,1026,1.049
1422,1026,1.156
1431,1026,1.271
1440,1026,1.119
1449,1026,0.976
1458,1026,0.92
1467,1026,1.107
1476,1026,1.223
1485,1026,1.252
1494,1026,1.096
1503,1026,1.215
1512,1026,1.448
1521,1026,1.484
1530,1026,1.521
1539,1026,1.449
1548,1026,1.079
1557,1026,0.93
1566,1026,0.871
1575,1026,0.813
1584,1026,0.684
1593,1026,0.703
1602,1026,0.724
1611,1026,0.746
1620,1026,0.551
1629,1026,0.503
1638,1026,0.519
1647,1026,0.535
1656,1026,0.625
1665,1026,0.572
1674,1026,0.396
1683,1026,0.471
1692,1026,0.423
1701,1026,0.438
1710,1026,0.524
1719,1026,0.405
1728,1026,0.566
1737,1026,0.437
1746,1026,0.455
1755,1026,0.338
1764,1026,0.419
1773,1026,0.438
1782,1026,0.458
1791,1026,0.4
1800,1026,0.278
1809,1026,0.179
1818,1026,0.104
1827,1026,0.105
1836,1026,0.147
1845,1026,0.273
1854,1026,0.485
1863,1026,0.305
1872,1026,0.107
1881,1026,0.105
1890,1026,0.385
1899,1026,0.168
1908,1026,0.521
1917,1026,0.369
9,1035,-0.005
18,1035,-0.029
27,1035,-0.011
36,1035,-0.022
45,1035,-0.061
54,1035,-0.028
63,1035,-0.022
72,1035,-0.018
81,1035,-0.12
90,1035,-0.237
99,1035,-0.192
108,1035,-0.118
117,1035,-0.167
126,1035,-0.138
135,1035,-0.236
144,1035,-0.441
153,1035,-0.721
162,1035,-0.723
171,1035,-0.543
180,1035,-0.635
189,1035,-0.732
198,1035,-0.561
207,1035,-0.65
216,1035,-0.574
225,1035,-0.507
234,1035,-0.586
243,1035,-0.339
252,1035,-0.298
261,1035,-0.261
270,1035,-0.312
279,1035,-0.235
288,1035,-0.242
297,1035,-0.249
306,1035,-0.296
315,1035,-0.397
324,1035,-0.404
333,1035,-0.362
342,1035,-0.323
351,1035,-0.25
360,1035,-0.222
369,1035,-0.228
378,1035,-0.307
387,1035,-0.402
396,1035,-0.409
405,1035,-0.369
414,1035,-0.473
423,1035,-0.479
432,1035,-0.541
441,1035,-0.442
450,1035,-0.357
459,1035,-0.364
468,1035,-0.37
477,1035,-0.376
486,1035,-0.427
495,1035,-0.589
504,1035,-0.54
513,1035,-0.495
522,1035,-0.408
531,1035,-0.46
540,1035,-0.466
549,1035,-0.427
558,1035,-0.479
567,1035,-0.589
576,1035,-0.543
585,1035,-0.55
594,1035,-0.667
603,1035,-0.798
612,1035,-0.873
621,1035,-0.813
630,1035,-0.889
639,1035,-0.646
648,1035,-0.654
657,1035,-0.719
666,1035,-0.727
675,1035,-0.797
684,1035,-0.87
693,1035,-1.019
702,1035,-0.887
711,1035,-0.829
720,1035,-0.715
729,1035,-0.723
738,1035,-0.673
747,1035,-0.863
756,1035,-0.939
765,1035,-0.948
774,1035,-1.028
783,1035,-1.038
792,1035,-0.908
801,1035,-0.789
810,1035,-0.861
819,1035,-0.936
828,1035,-1.015
837,1035,-1.098
846,1035,-1.108
855,1035,-1.045
864,1035,-0.985
873,1035,-1.141
882,1035,-1.23
891,1035,-1.163
900,1035,-1.174
909,1035,-1.186
918,1035,-1.277
927,1035,-1.209
936,1035,-1.302
945,1035,-1.315
954,1035,-1.246
963,1035,-1.104
972,1035,1.116
981,1035,1.128
990,1035,0.927
999,1035,0.938
1008,1035,0.82
1017,1035,0.657
1026,1035,0.613
1035,1035,0.73
1044,1035,0.799
1053,1035,0.693
1062,1035,0.702
1071,1035,0.894
1080,1035,0.973
1089,1035,0.852
1098,1035,0.863
1107,1035,0.751
1116,1035,0.761
1125,1035,0.657
1134,1035,0.667
1143,1035,0.676
1152,1035,0.744
1161,1035,0.815
1170,1035,0.706
1179,1035,0.66
1188,1035,0.727
1197,1035,0.737
1206,1035,0.634
1215,1035,0.644
1224,1035,0.711
1233,1035,0.913
1242,1035,0.998
1251,1035,0.94
1260,1035,0.885
1269,1035,0.831
1278,1035,0.983
1287,1035,0.998
1296,1035,0.941
1305,1035,0.885
1314,1035,0.97
1323,1035,0.913
1332,1035,1.002
1341,1035,1.097
1350,1035,1.035
1359,1035,1.052
1368,1035,1.152
1377,1035,1.258
1386,1035,1.279
1395,1035,1.212
1404,1035,1.233
1413,1035,1.166
1422,1035,1.277
1431,1035,1.496
1440,1035,1.325
1449,1035,1.164
1458,1035,1.098
1467,1035,1.303
1476,1035,1.429
1485,1035,1.458
1494,1035,1.284
1503,1035,1.412
1512,1035,1.663
1521,1035,1.699
1530,1035,1.736
1539,1035,1.654
1548,1035,1.249
1557,1035,1.083
1566,1035,1.016
1575,1035,0.95
1584,1035,0.804
1593,1035,0.824
1602,1035,0.845
1611,1035,0.867
1620,1035,0.649
1629,1035,0.594
1638,1035,0.61
1647,1035,0.626
1656,1035,0.723
1665,1035,0.663
1674,1035,0.466
1683,1035,0.548
1692,1035,0.493
1701,1035,0.508
1710,1035,0.601
1719,1035,0.469
1728,1035,0.643
1737,1035,0.5
1746,1035,0.518
1755,1035,0.388
1764,1035,0.475
1773,1035,0.494
1782,1035,0.514
1791,1035,0.449
1800,1035,0.315
1809,1035,0.205
1818,1035,0.121
1827,1035,0.122
1836,1035,0.167
1845,1035,0.302
1854,1035,0.525
1863,1035,0.332
1872,1035,0.118
1881,1035,0.115
1890,1035,0.408
1899,1035,0.179
1908,1035,0.541
1917,1035,0.379
9,1044,-0.004
18,1044,-0.066
27,1044,-0.024
36,1044,-0.039
45,1044,-0.091
54,1044,-0.042
63,1044,-0.033
72,1044,-0.025
81,1044,-0.147
90,1044,-0.276
99,1044,-0.221
108,1044,-0.136
117,1044,-0.188
126,1044,-0.153
135,1044,-0.256
144,1044,-0.467
153,1044,-0.752
162,1044,-0.749
171,1044,-0.56
180,1044,-0.649
189,1044,-0.845
198,1044,-0.743
207,1044,-0.84
216,1044,-0.743
225,1044,-0.656
234,1044,-0.744
243,1044,-0.446
252,1044,-0.391
261,1044,-0.343
270,1044,-0.401
279,1044,-0.306
288,1044,-0.311
297,1044,-0.316
306,1044,-0.368
315,1044,-0.482
324,1044,-0.487
333,1044,-0.435
342,1044,-0.388
351,1044,-0.302
360,1044,-0.268
369,1044,-0.272
378,1044,-0.36
387,1044,-0.462
396,1044,-0.467
405,1044,-0.421
414,1044,-0.531
423,1044,-0.535
432,1044,-0.598
441,1044,-0.544
450,1044,-0.444
459,1044,-0.448
468,1044,-0.453
477,1044,-0.457
486,1044,-0.512
495,1044,-0.69
504,1044,-0.633
513,1044,-0.58
522,1044,-0.48
531,1044,-0.535
540,1044,-0.54
549,1044,-0.494
558,1044,-0.549
567,1044,-0.666
576,1044,-0.613
585,1044,-0.618
594,1044,-0.741
603,1044,-0.878
612,1044,-0.954
621,1044,-0.888
630,1044,-0.964
639,1044,-0.705
648,1044,-0.71
657,1044,-0.777
666,1044,-0.782
675,1044,-0.852
684,1044,-0.925
693,1044,-1.076
702,1044,-0.936
711,1044,-0.874
720,1044,-0.753
729,1044,-0.758
738,1044,-0.705
747,1044,-0.897
756,1044,-0.972
765,1044,-0.978
774,1044,-1.057
783,1044,-1.063
792,1044,-0.928
801,1044,-0.805
810,1044,-0.875
819,1044,-0.948
828,1044,-1.025
837,1044,-1.105
846,1044,-1.112
855,1044,-1.046
864,1044,-0.982
873,1044,-1.135
882,1044,-1.221
891,1044,-1.151
900,1044,-1.159
909,1044,-1.167
918,1044,-1.254
927,1044,-1.184
936,1044,-1.272
945,1044,-1.281
954,1044,-1.21
963,1044,-1.068
972,1044,1.077
981,1044,1.085
990,1044,0.886
999,1044,0.894
1008,1044,0.777
1017,1044,0.617
1026,1044,0.573
1035,1044,0.683
1044,1044,0.747
1053,1044,0.643
1062,1044,0.649
1071,1044,0.83
1080,1044,0.903
1089,1044,0.785
1098,1044,0.793
1107,1044,0.684
1116,1044,0.749
1125,1044,0.644
1134,1044,0.65
1143,1044,0.658
1152,1044,0.721
1161,1044,0.789
1170,1044,0.68
1179,1044,0.632
1188,1044,0.695
1197,1044,0.703
1206,1044,0.601
1215,1044,0.608
1224,1044,0.67
1233,1044,0.862
1242,1044,0.941
1251,1044,0.882
1260,1044,0.826
1269,1044,0.772
1278,1044,0.914
1287,1044,0.925
1296,1044,0.867
1305,1044,0.811
1314,1044,0.889
1323,1044,0.9
1332,1044,0.985
1341,1044,1.076
1350,1044,1.011
1359,1044,1.025
1368,1044,1.119
1377,1044,1.22
1386,1044,1.237
1395,1044,1.167
1404,1044,1.184
1413,1044,1.115
1422,1044,1.219
1431,1044,1.427
1440,1044,1.256
1449,1044,1.097
1458,1044,1.029
1467,1044,1.223
1476,1044,1.44
1485,1044,1.464
1494,1044,1.286
1503,1044,1.41
1512,1044,1.656
1521,1044,1.687
1530,1044,1.718
1539,1044,1.752
1548,1044,1.328
1557,1044,1.151
1566,1044,1.078
1575,1044,1.007
1584,1044,0.938
1593,1044,0.958
1602,1044,0.978
1611,1044,1
1620,1044,0.758
1629,1044,0.695
1638,1044,0.711
1647,1044,0.727
1656,1044,0.831
1665,1044,0.763
1674,1044,0.544
1683,1044,0.633
1692,1044,0.571
1701,1044,0.586
1710,1044,0.685
1719,1044,0.539
1728,1044,0.726
1737,1044,0.569
1746,1044,0.587
1755,1044,0.443
1764,1044,0.537
1773,1044,0.554
1782,1044,0.574
1791,1044,0.502
1800,1044,0.356
1809,1044,0.234
1818,1044,0.14
1827,1044,0.14
1836,1044,0.188
1845,1044,0.332
1854,1044,0.566
1863,1044,0.36
1872,1044,0.131
1881,1044,0.126
1890,1044,0.432
1899,1044,0.191
1908,1044,0.561
1917,1044,0.39
9,1053,-0.004
18,1053,-0.061
27,1053,-0.021
36,1053,-0.035
45,1053,-0.082
54,1053,-0.037
63,1053,-0.028
72,1053,-0.021
81,1053,-0.13
90,1053,-0.247
99,1053,-0.196
108,1053,-0.117
117,1053,-0.163
126,1053,-0.131
135,1053,-0.223
144,1053,-0.414
153,1053,-0.677
162,1053,-0.672
171,1053,-0.494
180,1053,-0.575
189,1053,-0.756
198,1053,-0.658
207,1053,-0.844
216,1053,-0.742
225,1053,-0.652
234,1053,-0.736
243,1053,-0.437
252,1053,-0.439
261,1053,-0.384
270,1053,-0.444
279,1053,-0.338
288,1053,-0.341
297,1053,-0.344
306,1053,-0.398
315,1053,-0.514
324,1053,-0.516
333,1053,-0.459
342,1053,-0.408
351,1053,-0.317
360,1053,-0.28
369,1053,-0.283
378,1053,-0.37
387,1053,-0.473
396,1053,-0.475
405,1053,-0.426
414,1053,-0.535
423,1053,-0.537
432,1053,-0.597
441,1053,-0.599
450,1053,-0.489
459,1053,-0.491
468,1053,-0.494
477,1053,-0.496
486,1053,-0.552
495,1053,-0.803
504,1053,-0.736
513,1053,-0.675
522,1053,-0.561
531,1053,-0.619
540,1053,-0.621
549,1053,-0.568
558,1053,-0.626
567,1053,-0.749
576,1053,-0.689
585,1053,-0.691
594,1053,-0.821
603,1053,-0.963
612,1053,-1.04
621,1053,-0.967
630,1053,-1.043
639,1053,-0.767
648,1053,-0.77
657,1053,-0.837
666,1053,-0.839
675,1053,-0.909
684,1053,-0.982
693,1053,-1.136
702,1053,-0.988
711,1053,-0.92
720,1053,-0.792
729,1053,-0.795
738,1053,-0.737
747,1053,-0.932
756,1053,-1.079
765,1053,-1.082
774,1053,-1.162
783,1053,-1.166
792,1053,-1.019
801,1053,-0.886
810,1053,-0.956
819,1053,-1.031
828,1053,-1.108
837,1053,-1.189
846,1053,-1.193
855,1053,-1.121
864,1053,-1.051
873,1053,-1.207
882,1053,-1.292
891,1053,-1.217
900,1053,-1.222
909,1053,-1.227
918,1053,-1.313
927,1053,-1.237
936,1053,-1.324
945,1053,-1.33
954,1053,-1.254
963,1053,-1.105
972,1053,1.111
981,1053,1.117
990,1053,0.911
999,1053,0.916
1008,1053,0.795
1017,1053,0.63
1026,1053,0.583
1035,1053,0.693
1044,1053,0.754
1053,1053,0.647
1062,1053,0.651
1071,1053,0.83
1080,1053,0.9
1089,1053,0.78
1098,1053,0.785
1107,1053,0.674
1116,1053,0.736
1125,1053,0.63
1134,1053,0.635
1143,1053,0.639
1152,1053,0.699
1161,1053,0.763
1170,1053,0.654
1179,1053,0.605
1188,1053,0.664
1197,1053,0.669
1206,1053,0.568
1215,1053,0.573
1224,1053,0.63
1233,1053,0.813
1242,1053,0.885
1251,1053,0.826
1260,1053,0.834
1269,1053,0.776
1278,1053,0.916
1287,1053,0.925
1296,1053,0.863
1305,1053,0.805
1314,1053,0.88
1323,1053,0.888
1332,1053,0.969
1341,1053,1.055
1350,1053,0.988
1359,1053,0.998
1368,1053,1.088
1377,1053,1.183
1386,1053,1.196
1395,1053,1.123
1404,1053,1.136
1413,1053,1.065
1422,1053,1.162
1431,1053,1.361
1440,1053,1.191
1449,1053,1.032
1458,1053,0.964
1467,1053,1.145
1476,1053,1.35
1485,1053,1.368
1494,1053,1.192
1503,1053,1.306
1512,1053,1.536
1521,1053,1.56
1530,1053,1.585
1539,1053,1.61
1548,1053,1.203
1557,1053,1.032
1566,1053,0.959
1575,1053,0.888
1584,1053,0.82
1593,1053,0.833
1602,1053,0.847
1611,1053,0.862
1620,1053,0.638
1629,1053,0.578
1638,1053,0.588
1647,1053,0.598
1656,1053,0.684
1665,1053,0.697
1674,1053,0.488
1683,1053,0.567
1692,1053,0.506
1701,1053,0.515
1710,1053,0.602
1719,1053,0.463
1728,1053,0.629
1737,1053,0.482
1746,1053,0.493
1755,1053,0.361
1764,1053,0.438
1773,1053,0.447
1782,1053,0.458
1791,1053,0.39
1800,1053,0.263
1809,1053,0.162
1818,1053,0.088
1827,1053,0.118
1836,1053,0.158
1845,1053,0.282
1854,1053,0.484
1863,1053,0.39
1872,1053,0.145
1881,1053,0.138
1890,1053,0.458
1899,1053,0.203
1908,1053,0.581
1917,1053,0.401
9,1062,-0.004
18,1062,-0.057
27,1062,-0.019
36,1062,-0.032
45,1062,-0.073
54,1062,-0.032
63,1062,-0.024
72,1062,-0.018
81,1062,-0.114
90,1062,-0.287
99,1062,-0.225
108,1062,-0.135
117,1062,-0.183
126,1062,-0.146
135,1062,-0.242
144,1062,-0.439
153,1062,-0.707
162,1062,-0.697
171,1062,-0.51
180,1062,-0.589
189,1062,-0.768
198,1062,-0.665
207,1062,-0.848
216,1062,-0.742
225,1062,-0.735
234,1062,-0.819
243,1062,-0.493
252,1062,-0.492
261,1062,-0.428
270,1062,-0.489
279,1062,-0.373
288,1062,-0.374
297,1062,-0.375
306,1062,-0.428
315,1062,-0.547
324,1062,-0.546
333,1062,-0.485
342,1062,-0.429
351,1062,-0.333
360,1062,-0.292
369,1062,-0.293
378,1062,-0.381
387,1062,-0.483
396,1062,-0.483
405,1062,-0.431
414,1062,-0.538
423,1062,-0.538
432,1062,-0.596
441,1062,-0.595
450,1062,-0.484
459,1062,-0.484
468,1062,-0.484
477,1062,-0.484
486,1062,-0.537
495,1062,-0.781
504,1062,-0.714
513,1062,-0.651
522,1062,-0.537
531,1062,-0.592
540,1062,-0.592
549,1062,-0.538
558,1062,-0.649
567,1062,-0.772
576,1062,-0.708
585,1062,-0.708
594,1062,-0.836
603,1062,-0.977
612,1062,-1.052
621,1062,-0.975
630,1062,-1.049
639,1062,-0.769
648,1062,-0.768
657,1062,-0.833
666,1062,-0.832
675,1062,-0.899
684,1062,-0.969
693,1062,-1.118
702,1062,-0.968
711,1062,-0.899
720,1062,-0.77
729,1062,-0.77
738,1062,-0.711
747,1062,-0.9
756,1062,-1.04
765,1062,-1.041
774,1062,-1.116
783,1062,-1.116
792,1062,-0.97
801,1062,-0.838
810,1062,-0.904
819,1062,-0.973
828,1062,-1.119
837,1062,-1.197
846,1062,-1.198
855,1062,-1.122
864,1062,-1.049
873,1062,-1.202
882,1062,-1.283
891,1062,-1.205
900,1062,-1.206
909,1062,-1.208
918,1062,-1.29
927,1062,-1.212
936,1062,-1.295
945,1062,-1.297
954,1062,-1.219
963,1062,-1.069
972,1062,1.072
981,1062,1.074
990,1062,0.871
999,1062,0.873
1008,1062,0.753
1017,1062,0.592
1026,1062,0.594
1035,1062,0.702
1044,1062,0.762
1053,1062,0.651
1062,1062,0.654
1071,1062,0.83
1080,1062,0.897
1089,1062,0.836
1098,1062,0.839
1107,1062,0.721
1116,1062,0.783
1125,1062,0.67
1134,1062,0.673
1143,1062,0.675
1152,1062,0.735
1161,1062,0.799
1170,1062,0.684
1179,1062,0.631
1188,1062,0.689
1197,1062,0.692
1206,1062,0.64
1215,1062,0.643
1224,1062,0.702
1233,1062,0.895
1242,1062,0.969
1251,1062,0.904
1260,1062,0.909
1269,1062,0.846
1278,1062,0.991
1287,1062,0.996
1296,1062,0.929
1305,1062,0.865
1314,1062,0.941
1323,1062,0.947
1332,1062,1.028
1341,1062,1.114
1350,1062,1.042
1359,1062,1.049
1368,1062,1.138
1377,1062,1.233
1386,1062,1.242
1395,1062,1.165
1404,1062,1.174
1413,1062,1.098
1422,1062,1.194
1431,1062,1.392
1440,1062,1.308
1449,1062,1.137
1458,1062,1.061
1467,1062,1.251
1476,1062,1.463
1485,1062,1.478
1494,1062,1.29
1503,1062,1.406
1512,1062,1.642
1521,1062,1.663
1530,1062,1.684
1539,1062,1.706
1548,1062,1.281
1557,1062,1.099
1566,1062,1.02
1575,1062,0.943
1584,1062,0.869
1593,1062,0.968
1602,1062,0.981
1611,1062,0.995
1620,1062,0.746
1629,1062,0.678
1638,1062,0.686
1647,1062,0.695
1656,1062,0.789
1665,1062,0.801
1674,1062,0.569
1683,1062,0.654
1692,1062,0.585
1701,1062,0.593
1710,1062,0.686
1719,1062,0.533
1728,1062,0.712
1737,1062,0.55
1746,1062,0.559
1755,1062,0.414
1764,1062,0.496
1773,1062,0.504
1782,1062,0.514
1791,1062,0.439
1800,1062,0.298
1809,1062,0.186
1818,1062,0.103
1827,1062,0.136
1836,1062,0.179
1845,1062,0.311
1854,1062,0.524
1863,1062,0.422
1872,1062,0.159
1881,1062,0.151
1890,1062,0.484
1899,1062,0.215
1908,1062,0.602
1917,1062,0.412
9,1071,-0.003
18,1071,-0.053
27,1071,-0.017
36,1071,-0.028
45,1071,-0.066
54,1071,-0.028
63,1071,-0.02
72,1071,-0.015
81,1071,-0.1
90,1071,-0.257
99,1071,-0.199
108,1071,-0.116
117,1071,-0.159
126,1071,-0.125
135,1071,-0.209
144,1071,-0.389
153,1071,-0.635
162,1071,-0.623
171,1071,-0.449
180,1071,-0.52
189,1071,-0.683
198,1071,-0.586
207,1071,-0.753
216,1071,-0.653
225,1071,-0.644
234,1071,-0.72
243,1071,-0.484
252,1071,-0.48
261,1071,-0.416
270,1071,-0.473
279,1071,-0.358
288,1071,-0.356
297,1071,-0.355
306,1071,-0.405
315,1071,-0.518
324,1071,-0.514
333,1071,-0.453
342,1071,-0.451
351,1071,-0.349
360,1071,-0.305
369,1071,-0.304
378,1071,-0.392
387,1071,-0.494
396,1071,-0.491
405,1071,-0.437
414,1071,-0.542
423,1071,-0.54
432,1071,-0.595
441,1071,-0.654
450,1071,-0.532
459,1071,-0.529
468,1071,-0.527
477,1071,-0.525
486,1071,-0.578
495,1071,-0.83
504,1071,-0.756
513,1071,-0.688
522,1071,-0.568
531,1071,-0.622
540,1071,-0.619
549,1071,-0.561
558,1071,-0.672
567,1071,-0.796
576,1071,-0.728
585,1071,-0.725
594,1071,-0.852
603,1071,-0.992
612,1071,-1.063
621,1071,-0.983
630,1071,-1.054
639,1071,-0.77
648,1071,-0.767
657,1071,-0.828
666,1071,-0.826
675,1071,-0.889
684,1071,-0.956
693,1071,-1.101
702,1071,-0.949
711,1071,-0.878
720,1071,-0.748
729,1071,-0.746
738,1071,-0.686
747,1071,-0.868
756,1071,-1.002
765,1071,-1
774,1071,-1.07
783,1071,-1.067
792,1071,-0.923
801,1071,-0.792
810,1071,-0.853
819,1071,-0.917
828,1071,-1.055
837,1071,-1.128
846,1071,-1.125
855,1071,-1.049
864,1071,-0.976
873,1071,-1.12
882,1071,-1.195
891,1071,-1.193
900,1071,-1.191
909,1071,-1.19
918,1071,-1.268
927,1071,-1.187
936,1071,-1.265
945,1071,-1.264
954,1071,-1.184
963,1071,-1.107
972,1071,1.106
981,1071,1.106
990,1071,0.896
999,1071,0.895
1008,1071,0.77
1017,1071,0.604
1026,1071,0.604
1035,1071,0.711
1044,1071,0.769
1053,1071,0.656
1062,1071,0.656
1071,1071,0.83
1080,1071,0.895
1089,1071,0.831
1098,1071,0.831
1107,1071,0.712
1116,1071,0.77
1125,1071,0.656
1134,1071,0.656
1143,1071,0.657
1152,1071,0.713
1161,1071,0.773
1170,1071,0.658
1179,1071,0.605
1188,1071,0.659
1197,1071,0.659
1206,1071,0.606
1215,1071,0.606
1224,1071,0.661
1233,1071,0.844
1242,1071,0.913
1251,1071,0.847
1260,1071,0.849
1269,1071,0.786
1278,1071,0.921
1287,1071,0.996
1296,1071,0.926
1305,1071,0.859
1314,1071,0.931
1323,1071,0.934
1332,1071,1.011
1341,1071,1.093
1350,1071,1.018
1359,1071,1.022
1368,1071,1.19
1377,1071,1.284
1386,1071,1.29
1395,1071,1.207
1404,1071,1.213
1413,1071,1.132
1422,1071,1.226
1431,1071,1.424
1440,1071,1.335
1449,1071,1.158
1458,1071,1.078
1467,1071,1.265
1476,1071,1.474
1485,1071,1.486
1494,1071,1.293
1503,1071,1.404
1512,1071,1.636
1521,1071,1.651
1530,1071,1.667
1539,1071,1.684
1548,1071,1.257
1557,1071,1.169
1566,1071,1.083
1575,1071,1
1584,1071,0.92
1593,1071,1.019
1602,1071,1.029
1611,1071,1.04
1620,1071,0.781
1629,1071,0.707
1638,1071,0.713
1647,1071,0.72
1656,1071,0.812
1665,1071,0.821
1674,1071,0.582
1683,1071,0.665
1692,1071,0.592
1701,1071,0.597
1710,1071,0.687
1719,1071,0.53
1728,1071,0.705
1737,1071,0.54
1746,1071,0.546
1755,1071,0.472
1764,1071,0.559
1773,1071,0.566
1782,1071,0.574
1791,1071,0.491
1800,1071,0.337
1809,1071,0.213
1818,1071,0.12
1827,1071,0.155
1836,1071,0.201
1845,1071,0.342
1854,1071,0.565
1863,1071,0.456
1872,1071,0.175
1881,1071,0.165
1890,1071,0.511
1899,1071,0.229
1908,1071,0.624
1917,1071,0.423
9,1080,-0.003
18,1080,-0.049
27,1080,-0.015
36,1080,-0.025
45,1080,-0.059
54,1080,-0.024
63,1080,-0.017
72,1080,-0.012
81,1080,-0.087
90,1080,-0.23
99,1080,-0.175
108,1080,-0.1
117,1080,-0.137
126,1080,-0.106
135,1080,-0.18
144,1080,-0.342
153,1080,-0.568
162,1080,-0.555
171,1080,-0.393
180,1080,-0.456
189,1080,-0.605
198,1080,-0.513
207,1080,-0.665
216,1080,-0.571
225,1080,-0.561
234,1080,-0.629
243,1080,-0.413
252,1080,-0.408
261,1080,-0.349
270,1080,-0.399
279,1080,-0.295
288,1080,-0.339
297,1080,-0.336
306,1080,-0.382
315,1080,-0.489
324,1080,-0.483
333,1080,-0.423
342,1080,-0.419
351,1080,-0.32
360,1080,-0.278
369,1080,-0.276
378,1080,-0.357
387,1080,-0.45
396,1080,-0.446
405,1080,-0.393
414,1080,-0.49
423,1080,-0.486
432,1080,-0.536
441,1080,-0.65
450,1080,-0.526
459,1080,-0.522
468,1080,-0.517
477,1080,-0.513
486,1080,-0.563
495,1080,-0.808
504,1080,-0.733
513,1080,-0.664
522,1080,-0.599
531,1080,-0.653
540,1080,-0.647
549,1080,-0.585
558,1080,-0.697
567,1080,-0.82
576,1080,-0.748
585,1080,-0.742
594,1080,-0.868
603,1080,-1.006
612,1080,-1.076
621,1080,-1.067
630,1080,-1.138
639,1080,-0.836
648,1080,-0.83
657,1080,-0.892
666,1080,-0.886
675,1080,-0.949
684,1080,-1.015
693,1080,-1.162
702,1080,-1.002
711,1080,-0.924
720,1080,-0.788
729,1080,-0.783
738,1080,-0.718
747,1080,-0.902
756,1080,-1.037
765,1080,-1.031
774,1080,-1.1
783,1080,-1.094
792,1080,-0.944
801,1080,-0.809
810,1080,-0.868
819,1080,-0.929
828,1080,-1.066
837,1080,-1.135
846,1080,-1.13
855,1080,-1.05
864,1080,-0.975
873,1080,-1.115
882,1080,-1.186
891,1080,-1.181
900,1080,-1.176
909,1080,-1.172
918,1080,-1.246
927,1080,-1.162
936,1080,-1.236
945,1080,-1.232
954,1080,-1.15
963,1080,-1.146
972,1080,1.142
981,1080,1.138
990,1080,0.921
999,1080,0.918
1008,1080,0.788
1017,1080,0.617
1026,1080,0.615
1035,1080,0.721
1044,1080,0.777
1053,1080,0.66
1062,1080,0.658
1071,1080,0.831
1080,1080,0.892
1089,1080,0.826
1098,1080,0.823
1107,1080,0.702
1116,1080,0.758
1125,1080,0.643
1134,1080,0.64
1143,1080,0.638
1152,1080,0.692
1161,1080,0.748
1170,1080,0.633
1179,1080,0.579
1188,1080,0.629
1197,1080,0.682
1206,1080,0.625
1215,1080,0.624
1224,1080,0.677
1233,1080,0.86
1242,1080,0.927
1251,1080,0.858
1260,1080,0.857
1269,1080,0.79
1278,1080,0.924
1287,1080,0.995
1296,1080,0.922
1305,1080,0.852
1314,1080,0.921
1323,1080,0.921
1332,1080,0.995
1341,1080,1.072
1350,1080,0.995
1359,1080,0.996
1368,1080,1.157
1377,1080,1.246
1386,1080,1.248
1395,1080,1.163
1404,1080,1.165
1413,1080,1.082
1422,1080,1.17
1431,1080,1.357
1440,1080,1.267
1449,1080,1.091
1458,1080,1.01
1467,1080,1.186
1476,1080,1.383
1485,1080,1.389
1494,1080,1.199
1503,1080,1.301
1512,1080,1.517
1521,1080,1.527
1530,1080,1.651
1539,1080,1.663
1548,1080,1.234
1557,1080,1.143
1566,1080,1.149
1575,1080,1.06
1584,1080,0.973
1593,1080,1.072
1602,1080,1.079
1611,1080,1.087
1620,1080,0.817
1629,1080,0.738
1638,1080,0.741
1647,1080,0.744
1656,1080,0.835
1665,1080,0.841
1674,1080,0.595
1683,1080,0.676
1692,1080,0.599
1701,1080,0.601
1710,1080,0.687
1719,1080,0.528
1728,1080,0.697
1737,1080,0.531
1746,1080,0.533
1755,1080,0.456
1764,1080,0.537
1773,1080,0.54
1782,1080,0.544
1791,1080,0.46
1800,1080,0.38
1809,1080,0.243
1818,1080,0.139
1827,1080,0.177
1836,1080,0.226
1845,1080,0.376
1854,1080,0.609
1863,1080,0.491
1872,1080,0.192
1881,1080,0.179
1890,1080,0.539
1899,1080,0.243
1908,1080,0.646
1917,1080,0.435
9,1089,-0.003
18,1089,-0.046
27,1089,-0.014
36,1089,-0.022
45,1089,-0.052
54,1089,-0.021
63,1089,-0.014
72,1089,-0.01
81,1089,-0.076
90,1089,-0.204
99,1089,-0.154
108,1089,-0.085
117,1089,-0.117
126,1089,-0.089
135,1089,-0.154
144,1089,-0.3
153,1089,-0.506
162,1089,-0.492
171,1089,-0.407
180,1089,-0.468
189,1089,-0.615
198,1089,-0.519
207,1089,-0.669
216,1089,-0.571
225,1089,-0.558
234,1089,-0.622
243,1089,-0.405
252,1089,-0.397
261,1089,-0.338
270,1089,-0.384
279,1089,-0.282
288,1089,-0.323
297,1089,-0.318
306,1089,-0.361
315,1089,-0.461
324,1089,-0.454
333,1089,-0.394
342,1089,-0.388
351,1089,-0.294
360,1089,-0.252
369,1089,-0.249
378,1089,-0.323
387,1089,-0.409
396,1089,-0.404
405,1089,-0.353
414,1089,-0.442
423,1089,-0.436
432,1089,-0.481
441,1089,-0.585
450,1089,-0.468
459,1089,-0.462
468,1089,-0.456
477,1089,-0.45
486,1089,-0.495
495,1089,-0.72
504,1089,-0.648
513,1089,-0.582
522,1089,-0.521
531,1089,-0.568
540,1089,-0.561
549,1089,-0.503
558,1089,-0.603
567,1089,-0.713
576,1089,-0.705
585,1089,-0.697
594,1089,-0.816
603,1089,-0.946
612,1089,-1.01
621,1089,-0.999
630,1089,-1.065
639,1089,-0.773
648,1089,-0.765
657,1089,-0.821
666,1089,-0.812
675,1089,-0.87
684,1089,-0.93
693,1089,-1.066
702,1089,-0.982
711,1089,-0.903
720,1089,-0.766
729,1089,-0.758
738,1089,-0.693
747,1089,-0.87
756,1089,-1
765,1089,-0.991
774,1089,-1.055
783,1089,-1.046
792,1089,-0.897
801,1089,-0.764
810,1089,-0.882
819,1089,-0.942
828,1089,-1.076
837,1089,-1.143
846,1089,-1.135
855,1089,-1.052
864,1089,-0.973
873,1089,-1.11
882,1089,-1.178
891,1089,-1.17
900,1089,-1.162
909,1089,-1.154
918,1089,-1.224
927,1089,-1.138
936,1089,-1.208
945,1089,-1.2
954,1089,-1.116
963,1089,-1.109
972,1089,1.102
981,1089,1.095
990,1089,0.88
999,1089,0.875
1008,1089,0.746
1017,1089,0.579
1026,1089,0.575
1035,1089,0.675
1044,1089,0.726
1053,1089,0.612
1062,1089,0.608
1071,1089,0.77
1080,1089,0.826
1089,1089,0.76
1098,1089,0.755
1107,1089,0.75
1116,1089,0.806
1125,1089,0.684
1134,1089,0.679
1143,1089,0.675
1152,1089,0.727
1161,1089,0.783
1170,1089,0.662
1179,1089,0.604
1188,1089,0.653
1197,1089,0.706
1206,1089,0.645
1215,1089,0.641
1224,1089,0.693
1233,1089,0.877
1242,1089,0.942
1251,1089,0.869
1260,1089,0.865
1269,1089,0.795
1278,1089,0.926
1287,1089,0.995
1296,1089,0.991
1305,1089,0.915
1314,1089,0.985
1323,1089,0.982
1332,1089,1.055
1341,1089,1.217
1350,1089,1.13
1359,1089,1.128
1368,1089,1.299
1377,1089,1.391
1386,1089,1.39
1395,1089,1.295
1404,1089,1.294
1413,1089,1.203
1422,1089,1.293
1431,1089,1.489
1440,1089,1.39
1449,1089,1.2
1458,1089,1.111
1467,1089,1.294
1476,1089,1.498
1485,1089,1.501
1494,1089,1.298
1503,1089,1.401
1512,1089,1.623
1521,1089,1.629
1530,1089,1.754
1539,1089,1.762
1548,1089,1.314
1557,1089,1.215
1566,1089,1.218
1575,1089,1.122
1584,1089,1.028
1593,1089,1.127
1602,1089,1.131
1611,1089,1.135
1620,1089,0.854
1629,1089,0.77
1638,1089,0.77
1647,1089,0.77
1656,1089,0.859
1665,1089,0.861
1674,1089,0.608
1683,1089,0.687
1692,1089,0.606
1701,1089,0.605
1710,1089,0.688
1719,1089,0.525
1728,1089,0.691
1737,1089,0.521
1746,1089,0.52
1755,1089,0.441
1764,1089,0.517
1773,1089,0.516
1782,1089,0.515
1791,1089,0.429
1800,1089,0.349
1809,1089,0.217
1818,1089,0.12
1827,1089,0.151
1836,1089,0.191
1845,1089,0.32
1854,1089,0.523
1863,1089,0.528
1872,1089,0.21
1881,1089,0.195
1890,1089,0.569
1899,1089,0.257
1908,1089,0.669
1917,1089,0.446
9,1098,-0.017
18,1098,-0.096
27,1098,-0.029
36,1098,-0.039
45,1098,-0.079
54,1098,-0.031
63,1098,-0.021
72,1098,-0.015
81,1098,-0.095
90,1098,-0.239
99,1098,-0.179
108,1098,-0.099
117,1098,-0.133
126,1098,-0.1
135,1098,-0.169
144,1098,-0.32
153,1098,-0.531
162,1098,-0.512
171,1098,-0.421
180,1098,-0.48
189,1098,-0.626
198,1098,-0.525
207,1098,-0.672
216,1098,-0.57
225,1098,-0.554
234,1098,-0.615
243,1098,-0.397
252,1098,-0.387
261,1098,-0.327
270,1098,-0.37
279,1098,-0.269
288,1098,-0.307
297,1098,-0.301
306,1098,-0.34
315,1098,-0.435
324,1098,-0.426
333,1098,-0.366
342,1098,-0.359
351,1098,-0.268
360,1098,-0.228
369,1098,-0.224
378,1098,-0.292
387,1098,-0.371
396,1098,-0.364
405,1098,-0.315
414,1098,-0.396
423,1098,-0.389
432,1098,-0.429
441,1098,-0.525
450,1098,-0.414
459,1098,-0.407
468,1098,-0.4
477,1098,-0.393
486,1098,-0.432
495,1098,-0.638
504,1098,-0.57
513,1098,-0.507
522,1098,-0.45
531,1098,-0.491
540,1098,-0.483
549,1098,-0.429
558,1098,-0.517
567,1098,-0.616
576,1098,-0.606
585,1098,-0.597
594,1098,-0.766
603,1098,-0.888
612,1098,-0.947
621,1098,-0.934
630,1098,-0.994
639,1098,-0.712
648,1098,-0.702
657,1098,-0.753
666,1098,-0.743
675,1098,-0.795
684,1098,-0.849
693,1098,-0.975
702,1098,-0.893
711,1098,-0.816
720,1098,-0.685
729,1098,-0.676
738,1098,-0.613
747,1098,-0.776
756,1098,-0.894
765,1098,-0.883
774,1098,-0.94
783,1098,-0.929
792,1098,-0.789
801,1098,-0.664
810,1098,-0.771
819,1098,-0.823
828,1098,-0.944
837,1098,-1.003
846,1098,-0.992
855,1098,-0.913
864,1098,-0.839
873,1098,-0.961
882,1098,-1.094
891,1098,-1.083
900,1098,-1.072
909,1098,-1.061
918,1098,-1.125
927,1098,-1.041
936,1098,-1.104
945,1098,-1.093
954,1098,-1.011
963,1098,-1.001
972,1098,0.992
981,1098,0.982
990,1098,0.78
999,1098,0.833
1008,1098,0.706
1017,1098,0.592
1026,1098,0.585
1035,1098,0.684
1044,1098,0.733
1053,1098,0.616
1062,1098,0.61
1071,1098,0.77
1080,1098,0.823
1089,1098,0.755
1098,1098,0.748
1107,1098,0.74
1116,1098,0.793
1125,1098,0.67
1134,1098,0.663
1143,1098,0.656
1152,1098,0.706
1161,1098,0.757
1170,1098,0.637
1179,1098,0.578
1188,1098,0.624
1197,1098,0.672
1206,1098,0.611
1215,1098,0.605
1224,1098,0.653
1233,1098,0.827
1242,1098,0.887
1251,1098,0.814
1260,1098,0.807
1269,1098,0.738
1278,1098,0.86
1287,1098,0.922
1296,1098,0.988
1305,1098,0.909
1314,1098,0.975
1323,1098,0.969
1332,1098,1.038
1341,1098,1.195
1350,1098,1.106
1359,1098,1.1
1368,1098,1.356
1377,1098,1.446
1386,1098,1.442
1395,1098,1.341
1404,1098,1.337
1413,1098,1.24
1422,1098,1.328
1431,1098,1.523
1440,1098,1.418
1449,1098,1.222
1458,1098,1.128
1467,1098,1.309
1476,1098,1.51
1485,1098,1.509
1494,1098,1.301
1503,1098,1.4
1512,1098,1.617
1521,1098,1.618
1530,1098,1.737
1539,1098,1.74
1548,1098,1.29
1557,1098,1.188
1566,1098,1.187
1575,1098,1.087
1584,1098,0.992
1593,1098,1.084
1602,1098,1.083
1611,1098,1.082
1620,1098,0.805
1629,1098,0.72
1638,1098,0.716
1647,1098,0.713
1656,1098,0.793
1665,1098,0.79
1674,1098,0.548
1683,1098,0.617
1692,1098,0.537
1701,1098,0.532
1710,1098,0.605
1719,1098,0.451
1728,1098,0.597
1737,1098,0.439
1746,1098,0.507
1755,1098,0.426
1764,1098,0.496
1773,1098,0.491
1782,1098,0.486
1791,1098,0.4
1800,1098,0.32
1809,1098,0.247
1818,1098,0.138
1827,1098,0.172
1836,1098,0.215
1845,1098,0.352
1854,1098,0.565
1863,1098,0.568
1872,1098,0.229
1881,1098,0.211
1890,1098,0.599
1899,1098,0.273
1908,1098,0.692
1917,1098,0.458
9,1107,-0.016
18,1107,-0.09
27,1107,-0.026
36,1107,-0.035
45,1107,-0.071
54,1107,-0.027
63,1107,-0.018
72,1107,-0.012
81,1107,-0.082
90,1107,-0.213
99,1107,-0.157
108,1107,-0.084
117,1107,-0.114
126,1107,-0.084
135,1107,-0.144
144,1107,-0.279
153,1107,-0.471
162,1107,-0.452
171,1107,-0.367
180,1107,-0.419
189,1107,-0.551
198,1107,-0.457
207,1107,-0.59
216,1107,-0.57
225,1107,-0.55
234,1107,-0.608
243,1107,-0.449
252,1107,-0.436
261,1107,-0.367
270,1107,-0.411
279,1107,-0.299
288,1107,-0.337
297,1107,-0.328
306,1107,-0.368
315,1107,-0.465
324,1107,-0.453
333,1107,-0.388
342,1107,-0.379
351,1107,-0.282
360,1107,-0.239
369,1107,-0.233
378,1107,-0.301
387,1107,-0.38
396,1107,-0.371
405,1107,-0.32
414,1107,-0.399
423,1107,-0.39
432,1107,-0.428
441,1107,-0.522
450,1107,-0.409
459,1107,-0.4
468,1107,-0.392
477,1107,-0.383
486,1107,-0.419
495,1107,-0.619
504,1107,-0.55
513,1107,-0.487
522,1107,-0.43
531,1107,-0.467
540,1107,-0.458
549,1107,-0.404
558,1107,-0.487
567,1107,-0.58
576,1107,-0.569
585,1107,-0.558
594,1107,-0.717
603,1107,-0.902
612,1107,-0.958
621,1107,-0.942
630,1107,-0.999
639,1107,-0.714
648,1107,-0.701
657,1107,-0.749
666,1107,-0.736
675,1107,-0.786
684,1107,-0.837
693,1107,-0.959
702,1107,-0.875
711,1107,-0.796
720,1107,-0.665
729,1107,-0.711
738,1107,-0.643
747,1107,-0.808
756,1107,-0.927
765,1107,-0.913
774,1107,-0.968
783,1107,-0.954
792,1107,-0.808
801,1107,-0.679
810,1107,-0.784
819,1107,-0.834
828,1107,-0.954
837,1107,-1.011
846,1107,-0.997
855,1107,-0.915
864,1107,-0.837
873,1107,-0.957
882,1107,-1.086
891,1107,-1.072
900,1107,-1.058
909,1107,-1.045
918,1107,-1.105
927,1107,-1.018
936,1107,-1.077
945,1107,-1.064
954,1107,-0.98
963,1107,-0.967
972,1107,0.955
981,1107,0.943
990,1107,0.743
999,1107,0.792
1008,1107,0.667
1017,1107,0.555
1026,1107,0.547
1035,1107,0.639
1044,1107,0.684
1053,1107,0.57
1062,1107,0.562
1071,1107,0.712
1080,1107,0.76
1089,1107,0.693
1098,1107,0.683
1107,1107,0.674
1116,1107,0.721
1125,1107,0.656
1134,1107,0.647
1143,1107,0.638
1152,1107,0.684
1161,1107,0.733
1170,1107,0.612
1179,1107,0.553
1188,1107,0.595
1197,1107,0.64
1206,1107,0.578
1215,1107,0.57
1224,1107,0.614
1233,1107,0.779
1242,1107,0.834
1251,1107,0.824
1260,1107,0.815
1269,1107,0.742
1278,1107,0.862
1287,1107,0.922
1296,1107,0.985
1305,1107,0.903
1314,1107,0.965
1323,1107,0.956
1332,1107,1.022
1341,1107,1.174
1350,1107,1.082
1359,1107,1.155
1368,1107,1.415
1377,1107,1.504
1386,1107,1.495
1395,1107,1.388
1404,1107,1.38
1413,1107,1.277
1422,1107,1.363
1431,1107,1.557
1440,1107,1.446
1449,1107,1.34
1458,1107,1.237
1467,1107,1.425
1476,1107,1.632
1485,1107,1.627
1494,1107,1.405
1503,1107,1.505
1512,1107,1.728
1521,1107,1.724
1530,1107,1.844
1539,1107,1.842
1548,1107,1.372
1557,1107,1.262
1566,1107,1.257
1575,1107,1.151
1584,1107,1.048
1593,1107,1.14
1602,1107,1.135
1611,1107,1.13
1620,1107,0.842
1629,1107,0.752
1638,1107,0.744
1647,1107,0.737
1656,1107,0.816
1665,1107,0.81
1674,1107,0.56
1683,1107,0.628
1692,1107,0.544
1701,1107,0.536
1710,1107,0.605
1719,1107,0.448
1728,1107,0.59
1737,1107,0.503
1746,1107,0.575
1755,1107,0.486
1764,1107,0.56
1773,1107,0.552
1782,1107,0.545
1791,1107,0.449
1800,1107,0.361
1809,1107,0.281
1818,1107,0.159
1827,1107,0.196
1836,1107,0.241
1845,1107,0.387
1854,1107,0.609
1863,1107,0.609
1872,1107,0.25
1881,1107,0.229
1890,1107,0.631
1899,1107,0.288
1908,1107,0.715
1917,1107,0.47
9,1116,-0.015
18,1116,-0.084
27,1116,-0.023
36,1116,-0.031
45,1116,-0.063
54,1116,-0.023
63,1116,-0.015
72,1116,-0.01
81,1116,-0.071
90,1116,-0.189
99,1116,-0.136
108,1116,-0.071
117,1116,-0.096
126,1116,-0.07
135,1116,-0.158
144,1116,-0.298
153,1116,-0.494
162,1116,-0.471
171,1116,-0.38
180,1116,-0.43
189,1116,-0.561
198,1116,-0.463
207,1116,-0.593
216,1116,-0.569
225,1116,-0.547
234,1116,-0.601
243,1116,-0.441
252,1116,-0.488
261,1116,-0.41
270,1116,-0.454
279,1116,-0.332
288,1116,-0.37
297,1116,-0.358
306,1116,-0.397
315,1116,-0.496
324,1116,-0.481
333,1116,-0.411
342,1116,-0.399
351,1116,-0.296
360,1116,-0.25
369,1116,-0.242
378,1116,-0.31
387,1116,-0.389
396,1116,-0.378
405,1116,-0.324
414,1116,-0.402
423,1116,-0.391
432,1116,-0.427
441,1116,-0.518
450,1116,-0.405
459,1116,-0.394
468,1116,-0.383
477,1116,-0.373
486,1116,-0.407
495,1116,-0.601
504,1116,-0.531
513,1116,-0.468
522,1116,-0.41
531,1116,-0.445
540,1116,-0.434
549,1116,-0.423
558,1116,-0.506
567,1116,-0.599
576,1116,-0.586
585,1116,-0.572
594,1116,-0.732
603,1116,-0.916
612,1116,-0.97
621,1116,-0.95
630,1116,-1.005
639,1116,-0.715
648,1116,-0.7
657,1116,-0.746
666,1116,-0.73
675,1116,-0.777
684,1116,-0.825
693,1116,-0.944
702,1116,-0.857
711,1116,-0.777
720,1116,-0.645
729,1116,-0.688
738,1116,-0.619
747,1116,-0.778
756,1116,-0.891
765,1116,-0.875
774,1116,-0.926
783,1116,-0.909
792,1116,-0.766
801,1116,-0.638
810,1116,-0.738
819,1116,-0.784
828,1116,-0.896
837,1116,-0.948
846,1116,-0.932
855,1116,-0.85
864,1116,-0.774
873,1116,-0.885
882,1116,-1.006
891,1116,-0.989
900,1116,-0.973
909,1116,-0.958
918,1116,-1.012
927,1116,-0.927
936,1116,-0.98
945,1116,-0.965
954,1116,-0.883
963,1116,-0.868
972,1116,0.854
981,1116,0.84
990,1116,0.652
999,1116,0.695
1008,1116,0.578
1017,1116,0.475
1026,1116,0.465
1035,1116,0.546
1044,1116,0.585
1053,1116,0.48
1062,1116,0.471
1071,1116,0.603
1080,1116,0.645
1089,1116,0.582
1098,1116,0.571
1107,1116,0.561
1116,1116,0.6
1125,1116,0.54
1134,1116,0.53
1143,1116,0.52
1152,1116,0.558
1161,1116,0.598
1170,1116,0.491
1179,1116,0.438
1188,1116,0.472
1197,1116,0.508
1206,1116,0.453
1215,1116,0.444
1224,1116,0.526
1233,1116,0.674
1242,1116,0.721
1251,1116,0.71
1260,1116,0.698
1269,1116,0.63
1278,1116,0.735
1287,1116,0.787
1296,1116,0.84
1305,1116,0.763
1314,1116,0.816
1323,1116,0.804
1332,1116,0.86
1341,1116,0.993
1350,1116,0.906
1359,1116,0.968
1368,1116,1.198
1377,1116,1.274
1386,1116,1.261
1395,1116,1.16
1404,1116,1.148
1413,1116,1.052
1422,1116,1.124
1431,1116,1.291
1440,1116,1.187
1449,1116,1.088
1458,1116,0.992
1467,1116,1.152
1476,1116,1.329
1485,1116,1.318
1494,1116,1.118
1503,1116,1.199
1512,1116,1.388
1521,1116,1.378
1530,1116,1.475
1539,1116,1.466
1548,1116,1.053
1557,1116,1.042
1566,1116,1.032
1575,1116,0.932
1584,1116,0.837
1593,1116,0.911
1602,1116,0.901
1611,1116,0.89
1620,1116,0.639
1629,1116,0.628
1638,1116,0.617
1647,1116,0.606
1656,1116,0.671
1665,1116,0.66
1674,1116,0.439
1683,1116,0.492
1692,1116,0.416
1701,1116,0.405
1710,1116,0.457
1719,1116,0.324
1728,1116,0.434
1737,1116,0.358
1746,1116,0.482
1755,1116,0.398
1764,1116,0.458
1773,1116,0.445
1782,1116,0.432
1791,1116,0.345
1800,1116,0.331
1809,1116,0.252
1818,1116,0.138
1827,1116,0.167
1836,1116,0.205
1845,1116,0.33
1854,1116,0.522
1863,1116,0.511
1872,1116,0.19
1881,1116,0.165
1890,1116,0.479
1899,1116,0.184
1908,1116,0.466
1917,1116,0.483
9,1125,-0.014
18,1125,-0.078
27,1125,-0.021
36,1125,-0.027
45,1125,-0.057
54,1125,-0.02
63,1125,-0.013
72,1125,-0.008
81,1125,-0.061
90,1125,-0.167
99,1125,-0.118
108,1125,-0.06
117,1125,-0.081
126,1125,-0.058
135,1125,-0.134
144,1125,-0.259
153,1125,-0.438
162,1125,-0.414
171,1125,-0.329
180,1125,-0.374
189,1125,-0.492
198,1125,-0.401
207,1125,-0.518
216,1125,-0.494
225,1125,-0.472
234,1125,-0.52
243,1125,-0.374
252,1125,-0.414
261,1125,-0.344
270,1125,-0.439
279,1125,-0.317
288,1125,-0.352
297,1125,-0.339
306,1125,-0.375
315,1125,-0.468
324,1125,-0.451
333,1125,-0.383
342,1125,-0.369
351,1125,-0.271
360,1125,-0.226
369,1125,-0.218
378,1125,-0.28
387,1125,-0.352
396,1125,-0.34
405,1125,-0.288
414,1125,-0.36
423,1125,-0.348
432,1125,-0.38
441,1125,-0.462
450,1125,-0.356
459,1125,-0.344
468,1125,-0.333
477,1125,-0.323
486,1125,-0.352
495,1125,-0.528
504,1125,-0.462
513,1125,-0.403
522,1125,-0.349
531,1125,-0.379
540,1125,-0.368
549,1125,-0.357
558,1125,-0.43
567,1125,-0.512
576,1125,-0.498
585,1125,-0.484
594,1125,-0.626
603,1125,-0.792
612,1125,-0.839
621,1125,-0.818
630,1125,-0.866
639,1125,-0.602
648,1125,-0.586
657,1125,-0.625
666,1125,-0.609
675,1125,-0.649
684,1125,-0.69
693,1125,-0.794
702,1125,-0.715
711,1125,-0.641
720,1125,-0.523
729,1125,-0.559
738,1125,-0.545
747,1125,-0.69
756,1125,-0.793
765,1125,-0.775
774,1125,-0.82
783,1125,-0.802
792,1125,-0.668
801,1125,-0.549
810,1125,-0.638
819,1125,-0.735
828,1125,-0.84
837,1125,-0.887
846,1125,-0.869
855,1125,-0.789
864,1125,-0.713
873,1125,-0.817
882,1125,-0.929
891,1125,-0.911
900,1125,-0.893
909,1125,-0.875
918,1125,-0.924
927,1125,-0.906
936,1125,-0.955
945,1125,-0.937
954,1125,-0.854
963,1125,-0.837
972,1125,0.821
981,1125,0.805
990,1125,0.62
999,1125,0.659
1008,1125,0.544
1017,1125,0.443
1026,1125,0.432
1035,1125,0.507
1044,1125,0.542
1053,1125,0.441
1062,1125,0.43
1071,1125,0.553
1080,1125,0.59
1089,1125,0.529
1098,1125,0.517
1107,1125,0.505
1116,1125,0.54
1125,1125,0.482
1134,1125,0.471
1143,1125,0.459
1152,1125,0.493
1161,1125,0.528
1170,1125,0.427
1179,1125,0.377
1188,1125,0.406
1197,1125,0.437
1206,1125,0.386
1215,1125,0.376
1224,1125,0.447
1233,1125,0.578
1242,1125,0.675
1251,1125,0.661
1260,1125,0.648
1269,1125,0.58
1278,1125,0.678
1287,1125,0.724
1296,1125,0.772
1305,1125,0.696
1314,1125,0.743
1323,1125,0.729
1332,1125,0.778
1341,1125,0.9
1350,1125,0.816
1359,1125,0.87
1368,1125,1.083
1377,1125,1.15
1386,1125,1.134
1395,1125,1.035
1404,1125,1.019
1413,1125,0.926
1422,1125,0.989
1431,1125,1.14
1440,1125,1.039
1449,1125,0.943
1458,1125,0.852
1467,1125,0.993
1476,1125,1.151
1485,1125,1.136
1494,1125,0.949
1503,1125,1.018
1512,1125,1.183
1521,1125,1.169
1530,1125,1.251
1539,1125,1.237
1548,1125,0.861
1557,1125,0.847
1566,1125,0.833
1575,1125,0.741
1584,1125,0.654
1593,1125,0.713
1602,1125,0.699
1611,1125,0.685
1620,1125,0.47
1629,1125,0.518
1638,1125,0.504
1647,1125,0.491
1656,1125,0.543
1665,1125,0.529
1674,1125,0.336
1683,1125,0.376
1692,1125,0.31
1701,1125,0.349
1710,1125,0.394
1719,1125,0.322
1728,1125,0.429
1737,1125,0.35
1746,1125,0.47
1755,1125,0.384
1764,1125,0.439
1773,1125,0.423
1782,1125,0.407
1791,1125,0.32
1800,1125,0.303
1809,1125,0.225
1818,1125,0.118
1827,1125,0.142
1836,1125,0.172
1845,1125,0.279
1854,1125,0.444
1863,1125,0.424
1872,1125,0.208
1881,1125,0.179
1890,1125,0.506
1899,1125,0.196
1908,1125,0.484
1917,1125,0.495
9,1134,-0.013
18,1134,-0.073
27,1134,-0.019
36,1134,-0.024
45,1134,-0.05
54,1134,-0.017
63,1134,-0.011
72,1134,-0.007
81,1134,-0.052
90,1134,-0.147
99,1134,-0.102
108,1134,-0.07
117,1134,-0.093
126,1134,-0.089
135,1134,-0.189
144,1134,-0.339
153,1134,-0.544
162,1134,-0.511
171,1134,-0.407
180,1134,-0.453
189,1134,-0.581
198,1134,-0.474
207,1134,-0.6
216,1134,-0.569
225,1134,-0.54
234,1134,-0.587
243,1134,-0.424
252,1134,-0.465
261,1134,-0.385
270,1134,-0.485
279,1134,-0.351
288,1134,-0.386
297,1134,-0.369
306,1134,-0.405
315,1134,-0.5
324,1134,-0.48
333,1134,-0.405
342,1134,-0.389
351,1134,-0.285
360,1134,-0.237
369,1134,-0.227
378,1134,-0.289
387,1134,-0.36
396,1134,-0.346
405,1134,-0.292
414,1134,-0.362
423,1134,-0.349
432,1134,-0.379
441,1134,-0.459
450,1134,-0.351
459,1134,-0.338
468,1134,-0.326
477,1134,-0.314
486,1134,-0.341
495,1134,-0.512
504,1134,-0.445
513,1134,-0.385
522,1134,-0.332
531,1134,-0.359
540,1134,-0.347
549,1134,-0.335
558,1134,-0.403
567,1134,-0.48
576,1134,-0.465
585,1134,-0.45
594,1134,-0.584
603,1134,-0.74
612,1134,-0.782
621,1134,-0.76
630,1134,-0.803
639,1134,-0.55
648,1134,-0.534
657,1134,-0.568
666,1134,-0.551
675,1134,-0.586
684,1134,-0.623
693,1134,-0.718
702,1134,-0.642
711,1134,-0.571
720,1134,-0.461
729,1134,-0.492
738,1134,-0.477
747,1134,-0.609
756,1134,-0.702
765,1134,-0.683
774,1134,-0.722
783,1134,-0.703
792,1134,-0.578
801,1134,-0.469
810,1134,-0.547
819,1134,-0.633
828,1134,-0.727
837,1134,-0.768
846,1134,-0.749
855,1134,-0.673
864,1134,-0.603
873,1134,-0.694
882,1134,-0.793
891,1134,-0.774
900,1134,-0.756
909,1134,-0.737
918,1134,-0.779
927,1134,-0.76
936,1134,-0.802
945,1134,-0.783
954,1134,-0.707
963,1134,-0.689
972,1134,0.673
981,1134,0.656
990,1134,0.493
999,1134,0.525
1008,1134,0.424
1017,1134,0.337
1026,1134,0.327
1035,1134,0.388
1044,1134,0.457
1053,1134,0.366
1062,1134,0.354
1071,1134,0.461
1080,1134,0.492
1089,1134,0.436
1098,1134,0.424
1107,1134,0.411
1116,1134,0.44
1125,1134,0.388
1134,1134,0.376
1143,1134,0.365
1152,1134,0.392
1161,1134,0.462
1170,1134,0.369
1179,1134,0.322
1188,1134,0.346
1197,1134,0.372
1206,1134,0.325
1215,1134,0.314
1224,1134,0.376
1233,1134,0.492
1242,1134,0.576
1251,1134,0.562
1260,1134,0.547
1269,1134,0.484
1278,1134,0.569
1287,1134,0.608
1296,1134,0.648
1305,1134,0.577
1314,1134,0.617
1323,1134,0.601
1332,1134,0.642
1341,1134,0.747
1350,1134,0.669
1359,1134,0.714
1368,1134,0.899
1377,1134,0.955
1386,1134,0.937
1395,1134,0.845
1404,1134,0.828
1413,1134,0.742
1422,1134,0.793
1431,1134,0.921
1440,1134,0.828
1449,1134,0.741
1458,1134,0.659
1467,1134,0.776
1476,1134,0.907
1485,1134,0.889
1494,1134,0.725
1503,1134,0.779
1512,1134,0.915
1521,1134,0.98
1530,1134,1.049
1539,1134,1.03
1548,1134,0.693
1557,1134,0.676
1566,1134,0.659
1575,1134,0.576
1584,1134,0.498
1593,1134,0.544
1602,1134,0.528
1611,1134,0.512
1620,1134,0.382
1629,1134,0.421
1638,1134,0.406
1647,1134,0.39
1656,1134,0.432
1665,1134,0.416
1674,1134,0.25
1683,1134,0.281
1692,1134,0.224
1701,1134,0.299
1710,1134,0.336
1719,1134,0.268
1728,1134,0.36
1737,1134,0.287
1746,1134,0.388
1755,1134,0.309
1764,1134,0.352
1773,1134,0.333
1782,1134,0.315
1791,1134,0.296
1800,1134,0.343
1809,1134,0.257
1818,1134,0.137
1827,1134,0.163
1836,1134,0.194
1845,1134,0.308
1854,1134,0.482
1863,1134,0.458
1872,1134,0.227
1881,1134,0.195
1890,1134,0.535
1899,1134,0.209
1908,1134,0.503
1917,1134,0.508
9,1143,-0.012
18,1143,-0.068
27,1143,-0.017
36,1143,-0.021
45,1143,-0.045
54,1143,-0.015
63,1143,-0.009
72,1143,-0.005
81,1143,-0.045
90,1143,-0.128
99,1143,-0.087
108,1143,-0.059
117,1143,-0.078
126,1143,-0.074
135,1143,-0.161
144,1143,-0.297
153,1143,-0.483
162,1143,-0.451
171,1143,-0.354
180,1143,-0.395
189,1143,-0.51
198,1143,-0.41
207,1143,-0.523
216,1143,-0.493
225,1143,-0.537
234,1143,-0.581
243,1143,-0.416
252,1143,-0.454
261,1143,-0.373
270,1143,-0.468
279,1143,-0.336
288,1143,-0.368
297,1143,-0.35
306,1143,-0.382
315,1143,-0.472
324,1143,-0.45
333,1143,-0.377
342,1143,-0.36
351,1143,-0.26
360,1143,-0.213
369,1143,-0.203
378,1143,-0.26
387,1143,-0.325
396,1143,-0.31
405,1143,-0.259
414,1143,-0.322
423,1143,-0.308
432,1143,-0.335
441,1143,-0.407
450,1143,-0.307
459,1143,-0.294
468,1143,-0.281
477,1143,-0.269
486,1143,-0.292
495,1143,-0.446
504,1143,-0.384
513,1143,-0.328
522,1143,-0.279
531,1143,-0.302
540,1143,-0.29
549,1143,-0.278
558,1143,-0.338
567,1143,-0.405
576,1143,-0.39
585,1143,-0.375
594,1143,-0.493
603,1143,-0.632
612,1143,-0.668
621,1143,-0.646
630,1143,-0.682
639,1143,-0.454
648,1143,-0.438
657,1143,-0.467
666,1143,-0.497
675,1143,-0.528
684,1143,-0.56
693,1143,-0.647
702,1143,-0.574
711,1143,-0.506
720,1143,-0.403
729,1143,-0.473
738,1143,-0.457
747,1143,-0.583
756,1143,-0.672
765,1143,-0.651
774,1143,-0.687
783,1143,-0.667
792,1143,-0.594
801,1143,-0.48
810,1143,-0.558
819,1143,-0.643
828,1143,-0.735
837,1143,-0.774
846,1143,-0.752
855,1143,-0.731
864,1143,-0.655
873,1143,-0.748
882,1143,-0.849
891,1143,-0.827
900,1143,-0.805
909,1143,-0.783
918,1143,-0.823
927,1143,-0.801
936,1143,-0.907
945,1143,-0.884
954,1143,-0.798
963,1143,-0.777
972,1143,0.757
981,1143,0.736
990,1143,0.557
999,1143,0.59
1008,1143,0.479
1017,1143,0.383
1026,1143,0.37
1035,1143,0.435
1044,1143,0.507
1053,1143,0.407
1062,1143,0.393
1071,1143,0.506
1080,1143,0.537
1089,1143,0.475
1098,1143,0.46
1107,1143,0.446
1116,1143,0.474
1125,1143,0.417
1134,1143,0.403
1143,1143,0.39
1152,1143,0.416
1161,1143,0.488
1170,1143,0.389
1179,1143,0.339
1188,1143,0.363
1197,1143,0.388
1206,1143,0.338
1215,1143,0.325
1224,1143,0.387
1233,1143,0.503
1242,1143,0.587
1251,1143,0.623
1260,1143,0.606
1269,1143,0.536
1278,1143,0.625
1287,1143,0.663
1296,1143,0.704
1305,1143,0.627
1314,1143,0.666
1323,1143,0.648
1332,1143,0.689
1341,1143,0.796
1350,1143,0.712
1359,1143,0.756
1368,1143,0.945
1377,1143,1
1386,1143,0.978
1395,1143,0.881
1404,1143,0.86
1413,1143,0.769
1422,1143,0.818
1431,1143,0.946
1440,1143,0.849
1449,1143,0.757
1458,1143,0.672
1467,1143,0.787
1476,1143,0.916
1485,1143,0.895
1494,1143,0.727
1503,1143,0.778
1512,1143,0.91
1521,1143,0.972
1530,1143,1.037
1539,1143,1.014
1548,1143,0.677
1557,1143,0.657
1566,1143,0.638
1575,1143,0.553
1584,1143,0.475
1593,1143,0.516
1602,1143,0.498
1611,1143,0.541
1620,1143,0.405
1629,1143,0.443
1638,1143,0.425
1647,1143,0.407
1656,1143,0.447
1665,1143,0.429
1674,1143,0.258
1683,1143,0.286
1692,1143,0.227
1701,1143,0.301
1710,1143,0.336
1719,1143,0.267
1728,1143,0.355
1737,1143,0.281
1746,1143,0.377
1755,1143,0.297
1764,1143,0.336
1773,1143,0.315
1782,1143,0.294
1791,1143,0.273
1800,1143,0.314
1809,1143,0.23
1818,1143,0.118
1827,1143,0.138
1836,1143,0.163
1845,1143,0.259
1854,1143,0.407
1863,1143,0.377
1872,1143,0.171
1881,1143,0.138
1890,1143,0.399
1899,1143,0.126
1908,1143,0.308
1917,1143,0.521
9,1152,-0.011
18,1152,-0.063
27,1152,-0.034
36,1152,-0.038
45,1152,-0.068
54,1152,-0.023
63,1152,-0.013
72,1152,-0.008
81,1152,-0.057
90,1152,-0.154
99,1152,-0.104
108,1152,-0.07
117,1152,-0.09
126,1152,-0.084
135,1152,-0.177
144,1152,-0.317
153,1152,-0.507
162,1152,-0.47
171,1152,-0.367
180,1152,-0.406
189,1152,-0.52
198,1152,-0.415
207,1152,-0.526
216,1152,-0.493
225,1152,-0.533
234,1152,-0.574
243,1152,-0.408
252,1152,-0.443
261,1152,-0.418
270,1152,-0.516
279,1152,-0.371
288,1152,-0.403
297,1152,-0.381
306,1152,-0.412
315,1152,-0.504
324,1152,-0.478
333,1152,-0.4
342,1152,-0.379
351,1152,-0.273
360,1152,-0.224
369,1152,-0.212
378,1152,-0.268
387,1152,-0.333
396,1152,-0.316
405,1152,-0.263
414,1152,-0.325
423,1152,-0.309
432,1152,-0.377
441,1152,-0.454
450,1152,-0.343
459,1152,-0.327
468,1152,-0.311
477,1152,-0.297
486,1152,-0.32
495,1152,-0.48
504,1152,-0.412
513,1152,-0.352
522,1152,-0.299
531,1152,-0.321
540,1152,-0.307
549,1152,-0.329
558,1152,-0.394
567,1152,-0.466
576,1152,-0.447
585,1152,-0.429
594,1152,-0.555
603,1152,-0.702
612,1152,-0.738
621,1152,-0.712
630,1152,-0.748
639,1152,-0.552
648,1152,-0.531
657,1152,-0.562
666,1152,-0.593
675,1152,-0.625
684,1152,-0.658
693,1152,-0.752
702,1152,-0.668
711,1152,-0.591
720,1152,-0.473
729,1152,-0.549
738,1152,-0.529
747,1152,-0.665
756,1152,-0.759
765,1152,-0.734
774,1152,-0.77
783,1152,-0.807
792,1152,-0.721
801,1152,-0.589
810,1152,-0.675
819,1152,-0.768
828,1152,-0.869
837,1152,-0.909
846,1152,-0.882
855,1152,-0.856
864,1152,-0.768
873,1152,-0.869
882,1152,-0.977
891,1152,-0.949
900,1152,-0.922
909,1152,-0.896
918,1152,-0.936
927,1152,-0.91
936,1152,-1.095
945,1152,-1.066
954,1152,-0.966
963,1152,-0.939
972,1152,0.913
981,1152,0.887
990,1152,0.682
999,1152,0.716
1008,1152,0.588
1017,1152,0.475
1026,1152,0.458
1035,1152,0.531
1044,1152,0.611
1053,1152,0.495
1062,1152,0.478
1071,1152,0.604
1080,1152,0.636
1089,1152,0.565
1098,1152,0.546
1107,1152,0.528
1116,1152,0.558
1125,1152,0.493
1134,1152,0.475
1143,1152,0.459
1152,1152,0.486
1161,1152,0.564
1170,1152,0.452
1179,1152,0.395
1188,1152,0.42
1197,1152,0.446
1206,1152,0.389
1215,1152,0.374
1224,1152,0.441
1233,1152,0.565
1242,1152,0.653
1251,1152,0.689
1260,1152,0.668
1269,1152,0.592
1278,1152,0.684
1287,1152,0.723
1296,1152,0.763
1305,1152,0.68
1314,1152,0.719
1323,1152,0.697
1332,1152,0.737
1341,1152,0.847
1350,1152,0.756
1359,1152,0.8
1368,1152,0.993
1377,1152,1.046
1386,1152,1.02
1395,1152,0.918
1404,1152,0.893
1413,1152,0.797
1422,1152,0.845
1431,1152,0.972
1440,1152,0.87
1449,1152,0.774
1458,1152,0.684
1467,1152,0.798
1476,1152,0.925
1485,1152,0.901
1494,1152,0.729
1503,1152,0.776
1512,1152,0.906
1521,1152,0.964
1530,1152,1.025
1539,1152,0.999
1548,1152,0.661
1557,1152,0.639
1566,1152,0.617
1575,1152,0.531
1584,1152,0.452
1593,1152,0.489
1602,1152,0.469
1611,1152,0.508
1620,1152,0.375
1629,1152,0.408
1638,1152,0.445
1647,1152,0.424
1656,1152,0.463
1665,1152,0.442
1674,1152,0.265
1683,1152,0.293
1692,1152,0.23
1701,1152,0.303
1710,1152,0.336
1719,1152,0.265
1728,1152,0.351
1737,1152,0.274
1746,1152,0.367
1755,1152,0.285
1764,1152,0.321
1773,1152,0.297
1782,1152,0.274
1791,1152,0.251
1800,1152,0.355
1809,1152,0.261
1818,1152,0.136
1827,1152,0.158
1836,1152,0.184
1845,1152,0.288
1854,1152,0.443
1863,1152,0.409
1872,1152,0.188
1881,1152,0.151
1890,1152,0.423
1899,1152,0.135
1908,1152,0.322
1917,1152,0.535
9,1161,-0.01
18,1161,-0.059
27,1161,-0.031
36,1161,-0.034
45,1161,-0.061
54,1161,-0.02
63,1161,-0.011
72,1161,-0.012
81,1161,-0.073
90,1161,-0.182
99,1161,-0.123
108,1161,-0.082
117,1161,-0.103
126,1161,-0.095
135,1161,-0.193
144,1161,-0.338
153,1161,-0.532
162,1161,-0.489
171,1161,-0.38
180,1161,-0.417
189,1161,-0.529
198,1161,-0.42
207,1161,-0.529
216,1161,-0.493
225,1161,-0.53
234,1161,-0.567
243,1161,-0.4
252,1161,-0.432
261,1161,-0.405
270,1161,-0.499
279,1161,-0.355
288,1161,-0.384
297,1161,-0.361
306,1161,-0.389
315,1161,-0.476
324,1161,-0.449
333,1161,-0.372
342,1161,-0.35
351,1161,-0.249
360,1161,-0.201
369,1161,-0.189
378,1161,-0.24
387,1161,-0.299
396,1161,-0.282
405,1161,-0.232
414,1161,-0.288
423,1161,-0.272
432,1161,-0.333
441,1161,-0.402
450,1161,-0.299
459,1161,-0.283
468,1161,-0.268
477,1161,-0.288
486,1161,-0.349
495,1161,-0.516
504,1161,-0.442
513,1161,-0.377
522,1161,-0.319
531,1161,-0.341
540,1161,-0.324
549,1161,-0.346
558,1161,-0.411
567,1161,-0.483
576,1161,-0.462
585,1161,-0.441
594,1161,-0.568
603,1161,-0.778
612,1161,-0.813
621,1161,-0.782
630,1161,-0.886
639,1161,-0.663
648,1161,-0.637
657,1161,-0.668
666,1161,-0.7
675,1161,-0.733
684,1161,-0.767
693,1161,-0.867
702,1161,-0.772
711,1161,-0.684
720,1161,-0.551
729,1161,-0.633
738,1161,-0.609
747,1161,-0.755
756,1161,-0.853
765,1161,-0.823
774,1161,-0.859
783,1161,-0.896
792,1161,-0.801
801,1161,-0.657
810,1161,-0.746
819,1161,-0.843
828,1161,-0.947
837,1161,-0.986
846,1161,-0.954
855,1161,-0.924
864,1161,-0.829
873,1161,-0.931
882,1161,-1.042
891,1161,-1.01
900,1161,-0.978
909,1161,-0.948
918,1161,-0.987
927,1161,-0.957
936,1161,-1.223
945,1161,-1.189
954,1161,-1.079
963,1161,-1.047
972,1161,1.016
981,1161,0.985
990,1161,0.762
999,1161,0.797
1008,1161,0.656
1017,1161,0.532
1026,1161,0.512
1035,1161,0.589
1044,1161,0.672
1053,1161,0.546
1062,1161,0.526
1071,1161,0.657
1080,1161,0.69
1089,1161,0.612
1098,1161,0.59
1107,1161,0.569
1116,1161,0.598
1125,1161,0.528
1134,1161,0.508
1143,1161,0.488
1152,1161,0.515
1161,1161,0.594
1170,1161,0.476
1179,1161,0.415
1188,1161,0.439
1197,1161,0.464
1206,1161,0.404
1215,1161,0.387
1224,1161,0.453
1233,1161,0.577
1242,1161,0.664
1251,1161,0.699
1260,1161,0.675
1269,1161,0.596
1278,1161,0.687
1287,1161,0.723
1296,1161,0.76
1305,1161,0.674
1314,1161,0.711
1323,1161,0.687
1332,1161,0.724
1341,1161,0.829
1350,1161,0.737
1359,1161,0.777
1368,1161,0.964
1377,1161,1.013
1386,1161,1.064
1395,1161,0.955
1404,1161,0.927
1413,1161,0.826
1422,1161,0.872
1431,1161,0.998
1440,1161,0.891
1449,1161,0.791
1458,1161,0.697
1467,1161,0.809
1476,1161,0.935
1485,1161,0.906
1494,1161,0.73
1503,1161,0.775
1512,1161,0.902
1521,1161,0.956
1530,1161,1.013
1539,1161,0.983
1548,1161,0.646
1557,1161,0.621
1566,1161,0.596
1575,1161,0.509
1584,1161,0.43
1593,1161,0.464
1602,1161,0.441
1611,1161,0.476
1620,1161,0.346
1629,1161,0.375
1638,1161,0.407
1647,1161,0.385
1656,1161,0.419
1665,1161,0.395
1674,1161,0.23
1683,1161,0.253
1692,1161,0.195
1701,1161,0.258
1710,1161,0.284
1719,1161,0.218
1728,1161,0.29
1737,1161,0.221
1746,1161,0.298
1755,1161,0.224
1764,1161,0.25
1773,1161,0.227
1782,1161,0.204
1791,1161,0.182
1800,1161,0.261
1809,1161,0.181
1818,1161,0.085
1827,1161,0.097
1836,1161,0.111
1845,1161,0.178
1854,1161,0.282
1863,1161,0.245
1872,1161,0.089
1881,1161,0.103
1890,1161,0.307
1899,1161,0.145
1908,1161,0.336
1917,1161,0.548
9,1170,-0.01
18,1170,-0.055
27,1170,-0.028
36,1170,-0.03
45,1170,-0.054
54,1170,-0.017
63,1170,-0.009
72,1170,-0.01
81,1170,-0.063
90,1170,-0.161
99,1170,-0.144
108,1170,-0.096
117,1170,-0.118
126,1170,-0.107
135,1170,-0.21
144,1170,-0.36
153,1170,-0.558
162,1170,-0.51
171,1170,-0.394
180,1170,-0.428
189,1170,-0.539
198,1170,-0.426
207,1170,-0.532
216,1170,-0.492
225,1170,-0.526
234,1170,-0.561
243,1170,-0.392
252,1170,-0.422
261,1170,-0.392
270,1170,-0.483
279,1170,-0.393
288,1170,-0.421
297,1170,-0.393
306,1170,-0.42
315,1170,-0.509
324,1170,-0.477
333,1170,-0.394
342,1170,-0.369
351,1170,-0.262
360,1170,-0.211
369,1170,-0.197
378,1170,-0.248
387,1170,-0.307
396,1170,-0.288
405,1170,-0.235
414,1170,-0.29
423,1170,-0.273
432,1170,-0.332
441,1170,-0.399
450,1170,-0.295
459,1170,-0.277
468,1170,-0.261
477,1170,-0.28
486,1170,-0.338
495,1170,-0.5
504,1170,-0.426
513,1170,-0.36
522,1170,-0.303
531,1170,-0.322
540,1170,-0.305
549,1170,-0.324
558,1170,-0.385
567,1170,-0.453
576,1170,-0.43
585,1170,-0.409
594,1170,-0.527
603,1170,-0.727
612,1170,-0.758
621,1170,-0.726
630,1170,-0.822
639,1170,-0.608
648,1170,-0.581
657,1170,-0.608
666,1170,-0.636
675,1170,-0.665
684,1170,-0.694
693,1170,-0.787
702,1170,-0.755
711,1170,-0.666
720,1170,-0.534
729,1170,-0.612
738,1170,-0.586
747,1170,-0.726
756,1170,-0.82
765,1170,-0.788
774,1170,-0.82
783,1170,-0.853
792,1170,-0.759
801,1170,-0.617
810,1170,-0.701
819,1170,-0.792
828,1170,-0.889
837,1170,-0.924
846,1170,-0.891
855,1170,-0.859
864,1170,-0.765
873,1170,-0.861
882,1170,-0.963
891,1170,-0.93
900,1170,-0.897
909,1170,-0.866
918,1170,-0.9
927,1170,-0.868
936,1170,-1.118
945,1170,-1.082
954,1170,-0.975
963,1170,-0.942
972,1170,0.91
981,1170,0.879
990,1170,0.669
999,1170,0.699
1008,1170,0.567
1017,1170,0.453
1026,1170,0.433
1035,1170,0.5
1044,1170,0.574
1053,1170,0.458
1062,1170,0.438
1071,1170,0.554
1080,1170,0.58
1089,1170,0.509
1098,1170,0.488
1107,1170,0.467
1116,1170,0.491
1125,1170,0.427
1134,1170,0.408
1143,1170,0.389
1152,1170,0.41
1161,1170,0.476
1170,1170,0.373
1179,1170,0.32
1188,1170,0.338
1197,1170,0.358
1206,1170,0.305
1215,1170,0.29
1224,1170,0.343
1233,1170,0.445
1242,1170,0.516
1251,1170,0.543
1260,1170,0.521
1269,1170,0.452
1278,1170,0.525
1287,1170,0.553
1296,1170,0.582
1305,1170,0.507
1314,1170,0.587
1323,1170,0.563
1332,1170,0.593
1341,1170,0.684
1350,1170,0.599
1359,1170,0.691
1368,1170,0.862
1377,1170,0.905
1386,1170,0.948
1395,1170,0.844
1404,1170,0.814
1413,1170,0.785
1422,1170,0.826
1431,1170,0.945
1440,1170,0.838
1449,1170,0.738
1458,1170,0.645
1467,1170,0.749
1476,1170,0.866
1485,1170,0.835
1494,1170,0.665
1503,1170,0.775
1512,1170,0.897
1521,1170,0.948
1530,1170,1.001
1539,1170,0.968
1548,1170,0.631
1557,1170,0.603
1566,1170,0.576
1575,1170,0.488
1584,1170,0.409
1593,1170,0.439
1602,1170,0.414
1611,1170,0.445
1620,1170,0.367
1629,1170,0.396
1638,1170,0.427
1647,1170,0.402
1656,1170,0.434
1665,1170,0.408
1674,1170,0.237
1683,1170,0.258
1692,1170,0.198
1701,1170,0.26
1710,1170,0.284
1719,1170,0.216
1728,1170,0.286
1737,1170,0.215
1746,1170,0.289
1755,1170,0.214
1764,1170,0.238
1773,1170,0.213
1782,1170,0.189
1791,1170,0.165
1800,1170,0.236
1809,1170,0.16
1818,1170,0.071
1827,1170,0.08
1836,1170,0.09
1845,1170,0.145
1854,1170,0.23
1863,1170,0.268
1872,1170,0.099
1881,1170,0.114
1890,1170,0.328
1899,1170,0.155
1908,1170,0.351
1917,1170,0.562
9,1179,-0.009
18,1179,-0.051
27,1179,-0.025
36,1179,-0.051
45,1179,-0.081
54,1179,-0.026
63,1179,-0.014
72,1179,-0.014
81,1179,-0.08
90,1179,-0.19
99,1179,-0.168
108,1179,-0.15
117,1179,-0.175
126,1179,-0.156
135,1179,-0.285
144,1179,-0.461
153,1179,-0.685
162,1179,-0.622
171,1179,-0.483
180,1179,-0.516
189,1179,-0.73
198,1179,-0.583
207,1179,-0.706
216,1179,-0.65
225,1179,-0.684
234,1179,-0.719
243,1179,-0.512
252,1179,-0.543
261,1179,-0.503
270,1179,-0.604
279,1179,-0.494
288,1179,-0.523
297,1179,-0.487
306,1179,-0.515
315,1179,-0.611
324,1179,-0.641
333,1179,-0.535
342,1179,-0.5
351,1179,-0.363
360,1179,-0.296
369,1179,-0.275
378,1179,-0.337
387,1179,-0.406
396,1179,-0.38
405,1179,-0.313
414,1179,-0.377
423,1179,-0.354
432,1179,-0.422
441,1179,-0.497
450,1179,-0.372
459,1179,-0.35
468,1179,-0.328
477,1179,-0.348
486,1179,-0.412
495,1179,-0.594
504,1179,-0.508
513,1179,-0.431
522,1179,-0.364
531,1179,-0.384
540,1179,-0.362
549,1179,-0.382
558,1179,-0.447
567,1179,-0.519
576,1179,-0.492
585,1179,-0.466
594,1179,-0.593
603,1179,-0.805
612,1179,-0.835
621,1179,-0.798
630,1179,-0.897
639,1179,-0.667
648,1179,-0.635
657,1179,-0.662
666,1179,-0.689
675,1179,-0.716
684,1179,-0.744
693,1179,-0.838
702,1179,-0.802
711,1179,-0.706
720,1179,-0.566
729,1179,-0.645
738,1179,-0.616
747,1179,-0.758
756,1179,-0.851
765,1179,-0.816
774,1179,-0.846
783,1179,-0.877
792,1179,-0.778
801,1179,-0.631
810,1179,-0.714
819,1179,-0.804
828,1179,-0.899
837,1179,-0.931
846,1179,-0.895
855,1179,-0.86
864,1179,-0.764
873,1179,-0.857
882,1179,-0.956
891,1179,-0.92
900,1179,-0.885
909,1179,-0.851
918,1179,-0.882
927,1179,-0.848
936,1179,-1.092
945,1179,-1.053
954,1179,-1.015
963,1179,-0.978
972,1179,0.943
981,1179,0.908
990,1179,0.691
999,1179,0.719
1008,1179,0.582
1017,1179,0.464
1026,1179,0.442
1035,1179,0.508
1044,1179,0.58
1053,1179,0.462
1062,1179,0.44
1071,1179,0.554
1080,1179,0.579
1089,1179,0.553
1098,1179,0.578
1107,1179,0.553
1116,1179,0.577
1125,1179,0.504
1134,1179,0.481
1143,1179,0.458
1152,1179,0.48
1161,1179,0.551
1170,1179,0.435
1179,1179,0.374
1188,1179,0.393
1197,1179,0.413
1206,1179,0.354
1215,1179,0.335
1224,1179,0.392
1233,1179,0.502
1242,1179,0.577
1251,1179,0.604
1260,1179,0.578
1269,1179,0.502
1278,1179,0.578
1287,1179,0.606
1296,1179,0.634
1305,1179,0.553
1314,1179,0.636
1323,1179,0.608
1332,1179,0.638
1341,1179,0.73
1350,1179,0.64
1359,1179,0.733
1368,1179,0.908
1377,1179,0.948
1386,1179,0.99
1395,1179,0.955
1404,1179,0.92
1413,1179,0.886
1422,1179,0.928
1431,1179,1.053
1440,1179,0.936
1449,1179,0.826
1458,1179,0.723
1467,1179,0.833
1476,1179,0.954
1485,1179,0.918
1494,1179,0.734
1503,1179,0.849
1512,1179,0.976
1521,1179,1.026
1530,1179,1.079
1539,1179,1.041
1548,1179,0.684
1557,1179,0.652
1566,1179,0.621
1575,1179,0.527
1584,1179,0.441
1593,1179,0.53
1602,1179,0.501
1611,1179,0.535
1620,1179,0.445
1629,1179,0.476
1638,1179,0.509
1647,1179,0.479
1656,1179,0.514
1665,1179,0.483
1674,1179,0.288
1683,1179,0.311
1692,1179,0.241
1701,1179,0.31
1710,1179,0.337
1719,1179,0.259
1728,1179,0.336
1737,1179,0.256
1746,1179,0.336
1755,1179,0.252
1764,1179,0.277
1773,1179,0.248
1782,1179,0.22
1791,1179,0.193
1800,1179,0.27
1809,1179,0.185
1818,1179,0.084
1827,1179,0.093
1836,1179,0.104
1845,1179,0.163
1854,1179,0.254
1863,1179,0.293
1872,1179,0.111
1881,1179,0.125
1890,1179,0.349
1899,1179,0.166
1908,1179,0.366
1917,1179,0.577
9,1188,-0.008
18,1188,-0.047
27,1188,-0.022
36,1188,-0.046
45,1188,-0.073
54,1188,-0.022
63,1188,-0.012
72,1188,-0.011
81,1188,-0.069
90,1188,-0.168
99,1188,-0.147
108,1188,-0.129
117,1188,-0.151
126,1188,-0.133
135,1188,-0.248
144,1188,-0.408
153,1188,-0.614
162,1188,-0.553
171,1188,-0.422
180,1188,-0.451
189,1188,-0.647
198,1188,-0.509
207,1188,-0.62
216,1188,-0.65
225,1188,-0.681
234,1188,-0.711
243,1188,-0.503
252,1188,-0.53
261,1188,-0.489
270,1188,-0.585
279,1188,-0.475
288,1188,-0.501
297,1188,-0.463
306,1188,-0.488
315,1188,-0.579
324,1188,-0.605
333,1188,-0.5
342,1188,-0.465
351,1188,-0.334
360,1188,-0.269
369,1188,-0.248
378,1188,-0.304
387,1188,-0.367
396,1188,-0.341
405,1188,-0.278
414,1188,-0.336
423,1188,-0.313
432,1188,-0.374
441,1188,-0.442
450,1188,-0.326
459,1188,-0.303
468,1188,-0.283
477,1188,-0.299
486,1188,-0.356
495,1188,-0.52
504,1188,-0.44
513,1188,-0.369
522,1188,-0.307
531,1188,-0.324
540,1188,-0.303
549,1188,-0.319
558,1188,-0.376
567,1188,-0.439
576,1188,-0.413
585,1188,-0.389
594,1188,-0.5
603,1188,-0.689
612,1188,-0.715
621,1188,-0.679
630,1188,-0.766
639,1188,-0.557
648,1188,-0.527
657,1188,-0.549
666,1188,-0.571
675,1188,-0.594
684,1188,-0.617
693,1188,-0.698
702,1188,-0.664
711,1188,-0.578
720,1188,-0.453
729,1188,-0.52
738,1188,-0.493
747,1188,-0.615
756,1188,-0.695
765,1188,-0.662
774,1188,-0.808
783,1188,-0.835
792,1188,-0.737
801,1188,-0.593
810,1188,-0.67
819,1188,-0.754
828,1188,-0.843
837,1188,-0.871
846,1188,-0.834
855,1188,-0.798
864,1188,-0.704
873,1188,-0.79
882,1188,-0.882
891,1188,-0.845
900,1188,-0.809
909,1188,-0.774
918,1188,-0.801
927,1188,-0.828
936,1188,-1.066
945,1188,-1.025
954,1188,-0.984
963,1188,-0.945
972,1188,0.907
981,1188,0.871
990,1188,0.657
999,1188,0.681
1008,1188,0.548
1017,1188,0.432
1026,1188,0.409
1035,1188,0.47
1044,1188,0.537
1053,1188,0.423
1062,1188,0.401
1071,1188,0.506
1080,1188,0.527
1089,1188,0.502
1098,1188,0.523
1107,1188,0.497
1116,1188,0.518
1125,1188,0.448
1134,1188,0.424
1143,1188,0.402
1152,1188,0.42
1161,1188,0.483
1170,1188,0.376
1179,1188,0.319
1188,1188,0.372
1197,1188,0.389
1206,1188,0.33
1215,1188,0.311
1224,1188,0.364
1233,1188,0.467
1242,1188,0.536
1251,1188,0.56
1260,1188,0.532
1269,1188,0.459
1278,1188,0.528
1287,1188,0.552
1296,1188,0.632
1305,1188,0.548
1314,1188,0.629
1323,1188,0.656
1332,1188,0.684
1341,1188,0.778
1350,1188,0.682
1359,1188,0.777
1368,1188,0.955
1377,1188,0.994
1386,1188,1.034
1395,1188,0.994
1404,1188,0.956
1413,1188,0.917
1422,1188,0.957
1431,1188,1.081
1440,1188,0.958
1449,1188,0.844
1458,1188,0.737
1467,1188,0.845
1476,1188,0.964
1485,1188,0.925
1494,1188,0.736
1503,1188,0.848
1512,1188,0.972
1521,1188,1.018
1530,1188,1.067
1539,1188,1.025
1548,1188,0.668
1557,1188,0.634
1566,1188,0.669
1575,1188,0.567
1584,1188,0.475
1593,1188,0.566
1602,1188,0.534
1611,1188,0.566
1620,1188,0.47
1629,1188,0.5
1638,1188,0.532
1647,1188,0.499
1656,1188,0.532
1665,1188,0.498
1674,1188,0.296
1683,1188,0.318
1692,1188,0.244
1701,1188,0.313
1710,1188,0.337
1719,1188,0.257
1728,1188,0.332
1737,1188,0.249
1746,1188,0.326
1755,1188,0.242
1764,1188,0.263
1773,1188,0.233
1782,1188,0.203
1791,1188,0.175
1800,1188,0.245
1809,1188,0.163
1818,1188,0.07
1827,1188,0.077
1836,1188,0.084
1845,1188,0.132
1854,1188,0.206
1863,1188,0.32
1872,1188,0.123
1881,1188,0.137
1890,1188,0.371
1899,1188,0.177
1908,1188,0.382
1917,1188,0.591
9,1197,-0.008
18,1197,-0.043
27,1197,-0.02
36,1197,-0.041
45,1197,-0.065
54,1197,-0.019
63,1197,-0.01
72,1197,-0.009
81,1197,-0.059
90,1197,-0.147
99,1197,-0.171
108,1197,-0.148
117,1197,-0.17
126,1197,-0.149
135,1197,-0.269
144,1197,-0.434
153,1197,-0.643
162,1197,-0.575
171,1197,-0.437
180,1197,-0.463
189,1197,-0.659
198,1197,-0.515
207,1197,-0.624
216,1197,-0.651
225,1197,-0.677
234,1197,-0.704
243,1197,-0.494
252,1197,-0.518
261,1197,-0.474
270,1197,-0.567
279,1197,-0.457
288,1197,-0.479
297,1197,-0.44
306,1197,-0.462
315,1197,-0.548
324,1197,-0.571
333,1197,-0.468
342,1197,-0.432
351,1197,-0.305
360,1197,-0.243
369,1197,-0.223
378,1197,-0.273
387,1197,-0.331
396,1197,-0.305
405,1197,-0.245
414,1197,-0.297
423,1197,-0.313
432,1197,-0.373
441,1197,-0.439
450,1197,-0.321
459,1197,-0.298
468,1197,-0.276
477,1197,-0.291
486,1197,-0.345
495,1197,-0.504
504,1197,-0.423
513,1197,-0.353
522,1197,-0.291
531,1197,-0.306
540,1197,-0.284
549,1197,-0.298
558,1197,-0.351
567,1197,-0.41
576,1197,-0.384
585,1197,-0.359
594,1197,-0.463
603,1197,-0.641
612,1197,-0.663
621,1197,-0.627
630,1197,-0.708
639,1197,-0.507
648,1197,-0.526
657,1197,-0.546
666,1197,-0.566
675,1197,-0.586
684,1197,-0.607
693,1197,-0.685
702,1197,-0.649
711,1197,-0.561
720,1197,-0.438
729,1197,-0.501
738,1197,-0.472
747,1197,-0.59
756,1197,-0.665
765,1197,-0.631
774,1197,-0.77
783,1197,-0.794
792,1197,-0.696
801,1197,-0.555
810,1197,-0.628
819,1197,-0.706
828,1197,-0.789
837,1197,-0.814
846,1197,-0.775
855,1197,-0.738
864,1197,-0.647
873,1197,-0.726
882,1197,-0.811
891,1197,-0.773
900,1197,-0.736
909,1197,-0.701
918,1197,-0.724
927,1197,-0.748
936,1197,-0.968
945,1197,-0.927
954,1197,-0.954
963,1197,-0.913
972,1197,0.873
981,1197,0.834
990,1197,0.624
999,1197,0.645
1008,1197,0.514
1017,1197,0.402
1026,1197,0.378
1035,1197,0.435
1044,1197,0.496
1053,1197,0.386
1062,1197,0.364
1071,1197,0.461
1080,1197,0.479
1089,1197,0.453
1098,1197,0.471
1107,1197,0.489
1116,1197,0.508
1125,1197,0.437
1134,1197,0.412
1143,1197,0.429
1152,1197,0.446
1161,1197,0.511
1170,1197,0.397
1179,1197,0.336
1188,1197,0.389
1197,1197,0.406
1206,1197,0.344
1215,1197,0.322
1224,1197,0.375
1233,1197,0.478
1242,1197,0.547
1251,1197,0.568
1260,1197,0.538
1269,1197,0.462
1278,1197,0.53
1287,1197,0.552
1296,1197,0.629
1305,1197,0.544
1314,1197,0.68
1323,1197,0.706
1332,1197,0.734
1341,1197,0.829
1350,1197,0.726
1359,1197,0.822
1368,1197,1.004
1377,1197,1.041
1386,1197,1.079
1395,1197,1.035
1404,1197,0.992
1413,1197,0.95
1422,1197,0.987
1431,1197,1.11
1440,1197,0.982
1449,1197,0.862
1458,1197,0.75
1467,1197,0.857
1476,1197,0.974
1485,1197,0.931
1494,1197,0.739
1503,1197,0.848
1512,1197,0.968
1521,1197,1.01
1530,1197,1.055
1539,1197,1.009
1548,1197,0.652
1557,1197,0.616
1566,1197,0.647
1575,1197,0.544
1584,1197,0.452
1593,1197,0.538
1602,1197,0.503
1611,1197,0.531
1620,1197,0.496
1629,1197,0.525
1638,1197,0.556
1647,1197,0.588
1656,1197,0.623
1665,1197,0.584
1674,1197,0.356
1683,1197,0.379
1692,1197,0.294
1701,1197,0.37
1710,1197,0.396
1719,1197,0.305
1728,1197,0.388
1737,1197,0.294
1746,1197,0.379
1755,1197,0.283
1764,1197,0.306
1773,1197,0.271
1782,1197,0.237
1791,1197,0.204
1800,1197,0.28
1809,1197,0.188
1818,1197,0.083
1827,1197,0.09
1836,1197,0.097
1845,1197,0.149
1854,1197,0.229
1863,1197,0.349
1872,1197,0.136
1881,1197,0.15
1890,1197,0.395
1899,1197,0.189
1908,1197,0.398
1917,1197,0.606
9,1206,-0.007
18,1206,-0.04
27,1206,-0.018
36,1206,-0.036
45,1206,-0.058
54,1206,-0.016
63,1206,-0.008
72,1206,-0.007
81,1206,-0.05
90,1206,-0.129
99,1206,-0.149
108,1206,-0.128
117,1206,-0.191
126,1206,-0.165
135,1206,-0.291
144,1206,-0.461
153,1206,-0.673
162,1206,-0.598
171,1206,-0.453
180,1206,-0.557
189,1206,-0.77
198,1206,-0.604
207,1206,-0.718
216,1206,-0.742
225,1206,-0.766
234,1206,-0.888
243,1206,-0.635
252,1206,-0.658
261,1206,-0.601
270,1206,-0.703
279,1206,-0.57
288,1206,-0.591
297,1206,-0.542
306,1206,-0.563
315,1206,-0.656
324,1206,-0.678
333,1206,-0.558
342,1206,-0.514
351,1206,-0.367
360,1206,-0.294
369,1206,-0.268
378,1206,-0.324
387,1206,-0.385
396,1206,-0.355
405,1206,-0.286
414,1206,-0.341
423,1206,-0.357
432,1206,-0.42
441,1206,-0.489
450,1206,-0.359
459,1206,-0.331
468,1206,-0.306
477,1206,-0.32
486,1206,-0.376
495,1206,-0.542
504,1206,-0.455
513,1206,-0.378
522,1206,-0.311
531,1206,-0.365
540,1206,-0.339
549,1206,-0.353
558,1206,-0.41
567,1206,-0.473
576,1206,-0.442
585,1206,-0.412
594,1206,-0.524
603,1206,-0.714
612,1206,-0.734
621,1206,-0.692
630,1206,-0.776
639,1206,-0.56
648,1206,-0.578
657,1206,-0.596
666,1206,-0.614
675,1206,-0.633
684,1206,-0.652
693,1206,-0.732
702,1206,-0.692
711,1206,-0.598
720,1206,-0.466
729,1206,-0.53
738,1206,-0.498
747,1206,-0.618
756,1206,-0.693
765,1206,-0.655
774,1206,-0.796
783,1206,-0.817
792,1206,-0.715
801,1206,-0.569
810,1206,-0.64
819,1206,-0.717
828,1206,-0.799
837,1206,-0.821
846,1206,-0.78
855,1206,-0.74
864,1206,-0.645
873,1206,-0.722
882,1206,-0.804
891,1206,-0.764
900,1206,-0.725
909,1206,-0.688
918,1206,-0.708
927,1206,-0.729
936,1206,-0.944
945,1206,-0.9
954,1206,-0.924
963,1206,-0.881
972,1206,0.839
981,1206,0.799
990,1206,0.592
999,1206,0.61
1008,1206,0.482
1017,1206,0.373
1026,1206,0.386
1035,1206,0.442
1044,1206,0.502
1053,1206,0.39
1062,1206,0.365
1071,1206,0.461
1080,1206,0.477
1089,1206,0.449
1098,1206,0.465
1107,1206,0.482
1116,1206,0.498
1125,1206,0.426
1134,1206,0.4
1143,1206,0.415
1152,1206,0.43
1161,1206,0.491
1170,1206,0.378
1179,1206,0.318
1188,1206,0.368
1197,1206,0.382
1206,1206,0.321
1215,1206,0.299
1224,1206,0.347
1233,1206,0.443
1242,1206,0.507
1251,1206,0.526
1260,1206,0.495
1269,1206,0.465
1278,1206,0.532
1287,1206,0.551
1296,1206,0.627
1305,1206,0.539
1314,1206,0.672
1323,1206,0.696
1332,1206,0.72
1341,1206,0.812
1350,1206,0.772
1359,1206,0.869
1368,1206,1.054
1377,1206,1.089
1386,1206,1.125
1395,1206,1.077
1404,1206,1.029
1413,1206,0.983
1422,1206,1.017
1431,1206,1.14
1440,1206,1.006
1449,1206,0.881
1458,1206,0.837
1467,1206,0.948
1476,1206,1.07
1485,1206,1.021
1494,1206,0.814
1503,1206,0.927
1512,1206,1.051
1521,1206,1.093
1530,1206,1.136
1539,1206,1.182
1548,1206,0.782
1557,1206,0.738
1566,1206,0.772
1575,1206,0.655
1584,1206,0.548
1593,1206,0.644
1602,1206,0.603
1611,1206,0.633
1620,1206,0.591
1629,1206,0.622
1638,1206,0.654
1647,1206,0.688
1656,1206,0.725
1665,1206,0.679
1674,1206,0.423
1683,1206,0.448
1692,1206,0.352
1701,1206,0.435
1710,1206,0.463
1719,1206,0.359
1728,1206,0.45
1737,1206,0.344
1746,1206,0.436
1755,1206,0.329
1764,1206,0.353
1773,1206,0.312
1782,1206,0.273
1791,1206,0.236
1800,1206,0.319
1809,1206,0.216
1818,1206,0.098
1827,1206,0.104
1836,1206,0.112
1845,1206,0.169
1854,1206,0.253
1863,1206,0.379
1872,1206,0.15
1881,1206,0.164
1890,1206,0.419
1899,1206,0.201
1908,1206,0.415
1917,1206,0.621
9,1215,-0.007
18,1215,-0.037
27,1215,-0.016
36,1215,-0.032
45,1215,-0.051
54,1215,-0.014
63,1215,-0.007
72,1215,-0.006
81,1215,-0.042
90,1215,-0.112
99,1215,-0.129
108,1215,-0.109
117,1215,-0.165
126,1215,-0.141
135,1215,-0.253
144,1215,-0.407
153,1215,-0.602
162,1215,-0.531
171,1215,-0.395
180,1215,-0.489
189,1215,-0.683
198,1215,-0.528
207,1215,-0.631
216,1215,-0.651
225,1215,-0.671
234,1215,-0.782
243,1215,-0.547
252,1215,-0.566
261,1215,-0.513
270,1215,-0.604
279,1215,-0.482
288,1215,-0.5
297,1215,-0.454
306,1215,-0.471
315,1215,-0.553
324,1215,-0.57
333,1215,-0.462
342,1215,-0.422
351,1215,-0.293
360,1215,-0.23
369,1215,-0.208
378,1215,-0.253
387,1215,-0.304
396,1215,-0.277
405,1215,-0.219
414,1215,-0.264
423,1215,-0.276
432,1215,-0.328
441,1215,-0.386
450,1215,-0.313
459,1215,-0.287
468,1215,-0.262
477,1215,-0.274
486,1215,-0.323
495,1215,-0.472
504,1215,-0.391
513,1215,-0.321
522,1215,-0.26
531,1215,-0.307
540,1215,-0.282
549,1215,-0.293
558,1215,-0.343
567,1215,-0.397
576,1215,-0.368
585,1215,-0.34
594,1215,-0.438
603,1215,-0.606
612,1215,-0.682
621,1215,-0.64
630,1215,-0.717
639,1215,-0.51
648,1215,-0.525
657,1215,-0.54
666,1215,-0.555
675,1215,-0.571
684,1215,-0.587
693,1215,-0.659
702,1215,-0.619
711,1215,-0.53
720,1215,-0.407
729,1215,-0.464
738,1215,-0.433
747,1215,-0.541
756,1215,-0.663
765,1215,-0.624
774,1215,-0.758
783,1215,-0.777
792,1215,-0.675
801,1215,-0.532
810,1215,-0.599
819,1215,-0.67
828,1215,-0.747
837,1215,-0.765
846,1215,-0.723
855,1215,-0.741
864,1215,-0.644
873,1215,-0.719
882,1215,-0.798
891,1215,-0.755
900,1215,-0.774
909,1215,-0.733
918,1215,-0.813
927,1215,-0.833
936,1215,-1.064
945,1215,-1.013
954,1215,-1.036
963,1215,-0.986
972,1215,0.938
981,1215,0.961
990,1215,0.723
999,1215,0.742
1008,1215,0.593
1017,1215,0.465
1026,1215,0.479
1035,1215,0.541
1044,1215,0.608
1053,1215,0.477
1062,1215,0.492
1071,1215,0.606
1080,1215,0.624
1089,1215,0.588
1098,1215,0.605
1107,1215,0.622
1116,1215,0.64
1125,1215,0.553
1134,1215,0.519
1143,1215,0.535
1152,1215,0.552
1161,1215,0.621
1170,1215,0.487
1179,1215,0.456
1188,1215,0.518
1197,1215,0.534
1206,1215,0.455
1215,1215,0.425
1224,1215,0.485
1233,1215,0.603
1242,1215,0.679
1251,1215,0.699
1260,1215,0.661
1269,1215,0.623
1278,1215,0.701
1287,1215,0.723
1296,1215,0.81
1305,1215,0.704
1314,1215,0.859
1323,1215,0.885
1332,1215,0.911
1341,1215,1.015
1350,1215,0.966
1359,1215,1.075
1368,1215,1.283
1377,1215,1.32
1386,1215,1.357
1395,1215,1.3
1404,1215,1.244
1413,1215,1.189
1422,1215,1.225
1431,1215,1.36
1440,1215,1.207
1449,1215,1.064
1458,1215,1.012
1467,1215,1.135
1476,1215,1.268
1485,1215,1.211
1494,1215,0.977
1503,1215,1.101
1512,1215,1.237
1521,1215,1.28
1530,1215,1.324
1539,1215,1.371
1548,1215,0.927
1557,1215,0.877
1566,1215,0.911
1575,1215,0.779
1584,1215,0.657
1593,1215,0.762
1602,1215,0.715
1611,1215,0.746
1620,1215,0.698
1629,1215,0.73
1638,1215,0.763
1647,1215,0.799
1656,1215,0.837
1665,1215,0.785
1674,1215,0.5
1683,1215,0.526
1692,1215,0.416
1701,1215,0.508
1710,1215,0.536
1719,1215,0.42
1728,1215,0.518
1737,1215,0.4
1746,1215,0.5
1755,1215,0.38
1764,1215,0.405
1773,1215,0.359
1782,1215,0.314
1791,1215,0.272
1800,1215,0.361
1809,1215,0.247
1818,1215,0.114
1827,1215,0.121
1836,1215,0.128
1845,1215,0.19
1854,1215,0.279
1863,1215,0.412
1872,1215,0.166
1881,1215,0.179
1890,1215,0.445
1899,1215,0.215
1908,1215,0.433
1917,1215,0.636
9,1224,-0.006
18,1224,-0.034
27,1224,-0.014
36,1224,-0.029
45,1224,-0.045
54,1224,-0.012
63,1224,-0.005
72,1224,-0.009
81,1224,-0.055
90,1224,-0.135
99,1224,-0.152
108,1224,-0.127
117,1224,-0.186
126,1224,-0.157
135,1224,-0.275
144,1224,-0.433
153,1224,-0.631
162,1224,-0.553
171,1224,-0.409
180,1224,-0.502
189,1224,-0.696
198,1224,-0.535
207,1224,-0.635
216,1224,-0.651
225,1224,-0.667
234,1224,-0.774
243,1224,-0.538
252,1224,-0.554
261,1224,-0.498
270,1224,-0.585
279,1224,-0.463
288,1224,-0.478
297,1224,-0.432
306,1224,-0.446
315,1224,-0.522
324,1224,-0.537
333,1224,-0.431
342,1224,-0.391
351,1224,-0.267
360,1224,-0.207
369,1224,-0.185
378,1224,-0.226
387,1224,-0.272
396,1224,-0.246
405,1224,-0.191
414,1224,-0.232
423,1224,-0.241
432,1224,-0.287
441,1224,-0.339
450,1224,-0.309
459,1224,-0.281
468,1224,-0.256
477,1224,-0.265
486,1224,-0.312
495,1224,-0.457
504,1224,-0.376
513,1224,-0.306
522,1224,-0.246
531,1224,-0.289
540,1224,-0.264
549,1224,-0.274
558,1224,-0.319
567,1224,-0.37
576,1224,-0.34
585,1224,-0.313
594,1224,-0.403
603,1224,-0.562
612,1224,-0.632
621,1224,-0.589
630,1224,-0.661
639,1224,-0.463
648,1224,-0.475
657,1224,-0.487
666,1224,-0.5
675,1224,-0.512
684,1224,-0.525
693,1224,-0.591
702,1224,-0.552
711,1224,-0.467
720,1224,-0.353
729,1224,-0.403
738,1224,-0.374
747,1224,-0.47
756,1224,-0.635
765,1224,-0.594
774,1224,-0.722
783,1224,-0.738
792,1224,-0.637
801,1224,-0.497
810,1224,-0.559
819,1224,-0.625
828,1224,-0.696
837,1224,-0.712
846,1224,-0.669
855,1224,-0.684
864,1224,-0.643
873,1224,-0.715
882,1224,-0.792
891,1224,-0.747
900,1224,-0.763
909,1224,-0.719
918,1224,-0.796
927,1224,-0.814
936,1224,-1.038
945,1224,-0.985
954,1224,-1.005
963,1224,-0.953
972,1224,0.903
981,1224,0.922
990,1224,0.688
999,1224,0.704
1008,1224,0.558
1017,1224,0.433
1026,1224,0.444
1035,1224,0.501
1044,1224,0.563
1053,1224,0.437
1062,1224,0.449
1071,1224,0.555
1080,1224,0.622
1089,1224,0.584
1098,1224,0.599
1107,1224,0.614
1116,1224,0.685
1125,1224,0.591
1134,1224,0.554
1143,1224,0.569
1152,1224,0.584
1161,1224,0.654
1170,1224,0.512
1179,1224,0.479
1188,1224,0.54
1197,1224,0.555
1206,1224,0.472
1215,1224,0.44
1224,1224,0.499
1233,1224,0.617
1242,1224,0.692
1251,1224,0.71
1260,1224,0.668
1269,1224,0.628
1278,1224,0.704
1287,1224,0.723
1296,1224,0.808
1305,1224,0.762
1314,1224,0.922
1323,1224,0.946
1332,1224,0.971
1341,1224,1.076
1350,1224,1.022
1359,1224,1.132
1368,1224,1.343
1377,1224,1.377
1386,1224,1.412
1395,1224,1.349
1404,1224,1.288
1413,1224,1.228
1422,1224,1.261
1431,1224,1.394
1440,1224,1.235
1449,1224,1.086
1458,1224,1.03
1467,1224,1.151
1476,1224,1.281
1485,1224,1.22
1494,1224,0.981
1503,1224,1.101
1512,1224,1.233
1521,1224,1.272
1530,1224,1.312
1539,1224,1.354
1548,1224,0.909
1557,1224,0.855
1566,1224,0.885
1575,1224,0.751
1584,1224,0.629
1593,1224,0.728
1602,1224,0.678
1611,1224,0.705
1620,1224,0.655
1629,1224,0.682
1638,1224,0.71
1647,1224,0.74
1656,1224,0.772
1665,1224,0.717
1674,1224,0.512
1683,1224,0.536
1692,1224,0.422
1701,1224,0.512
1710,1224,0.537
1719,1224,0.417
1728,1224,0.513
1737,1224,0.392
1746,1224,0.488
1755,1224,0.366
1764,1224,0.387
1773,1224,0.339
1782,1224,0.293
1791,1224,0.311
1800,1224,0.407
1809,1224,0.281
1818,1224,0.133
1827,1224,0.14
1836,1224,0.147
1845,1224,0.213
1854,1224,0.308
1863,1224,0.446
1872,1224,0.183
1881,1224,0.195
1890,1224,0.472
1899,1224,0.228
1908,1224,0.45
1917,1224,0.652
9,1233,-0.006
18,1233,-0.031
27,1233,-0.012
36,1233,-0.025
45,1233,-0.04
54,1233,-0.01
63,1233,-0.004
72,1233,-0.007
81,1233,-0.046
90,1233,-0.117
99,1233,-0.132
108,1233,-0.108
117,1233,-0.16
126,1233,-0.134
135,1233,-0.238
144,1233,-0.381
153,1233,-0.563
162,1233,-0.488
171,1233,-0.355
180,1233,-0.438
189,1233,-0.614
198,1233,-0.464
207,1233,-0.554
216,1233,-0.567
225,1233,-0.58
234,1233,-0.676
243,1233,-0.459
252,1233,-0.472
261,1233,-0.421
270,1233,-0.496
279,1233,-0.386
288,1233,-0.398
297,1233,-0.356
306,1233,-0.367
315,1233,-0.433
324,1233,-0.444
333,1233,-0.35
342,1233,-0.314
351,1233,-0.208
360,1233,-0.157
369,1233,-0.139
378,1233,-0.172
387,1233,-0.209
396,1233,-0.186
405,1233,-0.141
414,1233,-0.173
423,1233,-0.18
432,1233,-0.217
441,1233,-0.259
450,1233,-0.233
459,1233,-0.21
468,1233,-0.188
477,1233,-0.195
486,1233,-0.232
495,1233,-0.351
504,1233,-0.282
513,1233,-0.224
522,1233,-0.176
531,1233,-0.209
540,1233,-0.189
549,1233,-0.195
558,1233,-0.231
567,1233,-0.27
576,1233,-0.246
585,1233,-0.223
594,1233,-0.295
603,1233,-0.423
612,1233,-0.48
621,1233,-0.443
630,1233,-0.501
639,1233,-0.337
648,1233,-0.345
657,1233,-0.354
666,1233,-0.404
675,1233,-0.413
684,1233,-0.423
693,1233,-0.478
702,1233,-0.443
711,1233,-0.369
720,1233,-0.271
729,1233,-0.312
738,1233,-0.286
747,1233,-0.365
756,1233,-0.504
765,1233,-0.468
774,1233,-0.576
783,1233,-0.588
792,1233,-0.499
801,1233,-0.38
810,1233,-0.43
819,1233,-0.484
828,1233,-0.543
837,1233,-0.554
846,1233,-0.516
855,1233,-0.527
864,1233,-0.49
873,1233,-0.549
882,1233,-0.612
891,1233,-0.572
900,1233,-0.584
909,1233,-0.545
918,1233,-0.608
927,1233,-0.675
936,1233,-0.874
945,1233,-0.823
954,1233,-0.838
963,1233,-0.789
972,1233,0.742
981,1233,0.756
990,1233,0.549
999,1233,0.561
1008,1233,0.433
1017,1233,0.327
1026,1233,0.335
1035,1233,0.381
1044,1233,0.431
1053,1233,0.324
1062,1233,0.333
1071,1233,0.418
1080,1233,0.472
1089,1233,0.438
1098,1233,0.449
1107,1233,0.459
1116,1233,0.516
1125,1233,0.436
1134,1233,0.447
1143,1233,0.457
1152,1233,0.468
1161,1233,0.527
1170,1233,0.445
1179,1233,0.412
1188,1233,0.467
1197,1233,0.478
1206,1233,0.401
1215,1233,0.37
1224,1233,0.421
1233,1233,0.525
1242,1233,0.59
1251,1233,0.604
1260,1233,0.564
1269,1233,0.525
1278,1233,0.591
1287,1233,0.605
1296,1233,0.678
1305,1233,0.634
1314,1233,0.775
1323,1233,0.862
1332,1233,0.882
1341,1233,0.978
1350,1233,0.923
1359,1233,1.023
1368,1233,1.218
1377,1233,1.246
1386,1233,1.274
1395,1233,1.21
1404,1233,1.149
1413,1233,1.088
1422,1233,1.115
1431,1233,1.234
1440,1233,1.081
1449,1233,0.94
1458,1233,0.884
1467,1233,0.99
1476,1233,1.104
1485,1233,1.044
1494,1233,0.822
1503,1233,0.926
1512,1233,1.04
1521,1233,1.07
1530,1233,1.101
1539,1233,1.133
1548,1233,0.732
1557,1233,0.68
1566,1233,0.702
1575,1233,0.582
1584,1233,0.536
1593,1233,0.622
1602,1233,0.573
1611,1233,0.593
1620,1233,0.614
1629,1233,0.636
1638,1233,0.659
1647,1233,0.767
1656,1233,0.796
1665,1233,0.737
1674,1233,0.525
1683,1233,0.546
1692,1233,0.428
1701,1233,0.516
1710,1233,0.538
1719,1233,0.415
1728,1233,0.507
1737,1233,0.384
1746,1233,0.475
1755,1233,0.353
1764,1233,0.37
1773,1233,0.32
1782,1233,0.336
1791,1233,0.354
1800,1233,0.457
1809,1233,0.318
1818,1233,0.154
1827,1233,0.16
1836,1233,0.167
1845,1233,0.237
1854,1233,0.338
1863,1233,0.482
1872,1233,0.201
1881,1233,0.212
1890,1233,0.499
1899,1233,0.243
1908,1233,0.469
1917,1233,0.668
9,1242,-0.005
18,1242,-0.029
27,1242,-0.011
36,1242,-0.022
45,1242,-0.035
54,1242,-0.008
63,1242,-0.003
72,1242,-0.006
81,1242,-0.039
90,1242,-0.101
99,1242,-0.113
108,1242,-0.092
117,1242,-0.137
126,1242,-0.113
135,1242,-0.205
144,1242,-0.334
153,1242,-0.499
162,1242,-0.428
171,1242,-0.305
180,1242,-0.45
189,1242,-0.626
198,1242,-0.47
207,1242,-0.643
216,1242,-0.652
225,1242,-0.661
234,1242,-0.76
243,1242,-0.52
252,1242,-0.529
261,1242,-0.47
270,1242,-0.548
279,1242,-0.489
288,1242,-0.499
297,1242,-0.446
306,1242,-0.455
315,1242,-0.527
324,1242,-0.536
333,1242,-0.425
342,1242,-0.381
351,1242,-0.256
360,1242,-0.194
369,1242,-0.171
378,1242,-0.208
387,1242,-0.249
396,1242,-0.256
405,1242,-0.197
414,1242,-0.235
423,1242,-0.242
432,1242,-0.286
441,1242,-0.333
450,1242,-0.3
459,1242,-0.27
468,1242,-0.243
477,1242,-0.249
486,1242,-0.292
495,1242,-0.427
504,1242,-0.346
513,1242,-0.276
522,1242,-0.218
531,1242,-0.256
540,1242,-0.23
549,1242,-0.236
558,1242,-0.275
567,1242,-0.318
576,1242,-0.289
585,1242,-0.262
594,1242,-0.34
603,1242,-0.479
612,1242,-0.538
621,1242,-0.496
630,1242,-0.556
639,1242,-0.377
648,1242,-0.384
657,1242,-0.392
666,1242,-0.443
675,1242,-0.451
684,1242,-0.459
693,1242,-0.516
702,1242,-0.476
711,1242,-0.396
720,1242,-0.291
729,1242,-0.333
738,1242,-0.304
747,1242,-0.385
756,1242,-0.528
765,1242,-0.488
774,1242,-0.597
783,1242,-0.607
792,1242,-0.514
801,1242,-0.39
810,1242,-0.439
819,1242,-0.493
828,1242,-0.55
837,1242,-0.559
846,1242,-0.519
855,1242,-0.528
864,1242,-0.489
873,1242,-0.546
882,1242,-0.607
891,1242,-0.565
900,1242,-0.627
909,1242,-0.584
918,1242,-0.647
927,1242,-0.715
936,1242,-0.918
945,1242,-0.863
954,1242,-0.876
963,1242,-0.823
972,1242,0.772
981,1242,0.784
990,1242,0.569
999,1242,0.578
1008,1242,0.446
1017,1242,0.335
1026,1242,0.342
1035,1242,0.387
1044,1242,0.436
1053,1242,0.327
1062,1242,0.334
1071,1242,0.418
1080,1242,0.47
1089,1242,0.435
1098,1242,0.443
1107,1242,0.452
1116,1242,0.507
1125,1242,0.426
1134,1242,0.434
1143,1242,0.443
1152,1242,0.451
1161,1242,0.507
1170,1242,0.425
1179,1242,0.391
1188,1242,0.442
1197,1242,0.451
1206,1242,0.375
1215,1242,0.344
1224,1242,0.391
1233,1242,0.488
1242,1242,0.548
1251,1242,0.559
1260,1242,0.518
1269,1242,0.48
1278,1242,0.593
1287,1242,0.605
1296,1242,0.676
1305,1242,0.629
1314,1242,0.767
1323,1242,0.851
1332,1242,0.867
1341,1242,0.959
1350,1242,0.902
1359,1242,0.997
1368,1242,1.186
1377,1242,1.209
1386,1242,1.233
1395,1242,1.167
1404,1242,1.102
1413,1242,1.125
1422,1242,1.149
1431,1242,1.267
1440,1242,1.108
1449,1242,0.96
1458,1242,0.901
1467,1242,1.004
1476,1242,1.116
1485,1242,1.051
1494,1242,0.825
1503,1242,0.926
1512,1242,1.037
1521,1242,1.062
1530,1242,1.089
1539,1242,1.117
1548,1242,0.715
1557,1242,0.662
1566,1242,0.68
1575,1242,0.559
1584,1242,0.511
1593,1242,0.591
1602,1242,0.541
1611,1242,0.557
1620,1242,0.574
1629,1242,0.591
1638,1242,0.61
1647,1242,0.709
1656,1242,0.732
1665,1242,0.672
1674,1242,0.469
1683,1242,0.485
1692,1242,0.372
1701,1242,0.52
1710,1242,0.539
1719,1242,0.413
1728,1242,0.582
1737,1242,0.445
1746,1242,0.543
1755,1242,0.407
1764,1242,0.424
1773,1242,0.368
1782,1242,0.384
1791,1242,0.402
1800,1242,0.511
1809,1242,0.359
1818,1242,0.177
1827,1242,0.183
1836,1242,0.189
1845,1242,0.265
1854,1242,0.37
1863,1242,0.52
1872,1242,0.22
1881,1242,0.23
1890,1242,0.528
1899,1242,0.258
1908,1242,0.488
1917,1242,0.684
9,1251,-0.005
18,1251,-0.064
27,1251,-0.023
36,1251,-0.039
45,1251,-0.055
54,1251,-0.013
63,1251,-0.006
72,1251,-0.009
81,1251,-0.051
90,1251,-0.122
99,1251,-0.134
108,1251,-0.107
117,1251,-0.156
126,1251,-0.126
135,1251,-0.224
144,1251,-0.356
153,1251,-0.525
162,1251,-0.447
171,1251,-0.317
180,1251,-0.462
189,1251,-0.638
198,1251,-0.476
207,1251,-0.647
216,1251,-0.652
225,1251,-0.657
234,1251,-0.753
243,1251,-0.51
252,1251,-0.517
261,1251,-0.456
270,1251,-0.53
279,1251,-0.47
288,1251,-0.477
297,1251,-0.423
306,1251,-0.43
315,1251,-0.497
324,1251,-0.504
333,1251,-0.395
342,1251,-0.402
351,1251,-0.27
360,1251,-0.204
369,1251,-0.179
378,1251,-0.215
387,1251,-0.256
396,1251,-0.262
405,1251,-0.2
414,1251,-0.237
423,1251,-0.243
432,1251,-0.285
441,1251,-0.331
450,1251,-0.296
459,1251,-0.265
468,1251,-0.236
477,1251,-0.241
486,1251,-0.281
495,1251,-0.412
504,1251,-0.331
513,1251,-0.262
522,1251,-0.205
531,1251,-0.24
540,1251,-0.214
549,1251,-0.219
558,1251,-0.255
567,1251,-0.294
576,1251,-0.265
585,1251,-0.238
594,1251,-0.31
603,1251,-0.44
612,1251,-0.495
621,1251,-0.453
630,1251,-0.508
639,1251,-0.338
648,1251,-0.343
657,1251,-0.349
666,1251,-0.395
675,1251,-0.401
684,1251,-0.407
693,1251,-0.457
702,1251,-0.419
711,1251,-0.344
720,1251,-0.248
729,1251,-0.284
738,1251,-0.257
747,1251,-0.328
756,1251,-0.456
765,1251,-0.418
774,1251,-0.516
783,1251,-0.522
792,1251,-0.437
801,1251,-0.324
810,1251,-0.367
819,1251,-0.412
828,1251,-0.462
837,1251,-0.468
846,1251,-0.431
855,1251,-0.437
864,1251,-0.401
873,1251,-0.449
882,1251,-0.55
891,1251,-0.508
900,1251,-0.564
909,1251,-0.522
918,1251,-0.579
927,1251,-0.64
936,1251,-0.828
945,1251,-0.838
954,1251,-0.847
963,1251,-0.793
972,1251,0.74
981,1251,0.749
990,1251,0.538
999,1251,0.545
1008,1251,0.416
1017,1251,0.309
1026,1251,0.314
1035,1251,0.355
1044,1251,0.4
1053,1251,0.296
1062,1251,0.301
1071,1251,0.378
1080,1251,0.425
1089,1251,0.39
1098,1251,0.396
1107,1251,0.402
1116,1251,0.451
1125,1251,0.375
1134,1251,0.38
1143,1251,0.387
1152,1251,0.393
1161,1251,0.441
1170,1251,0.365
1179,1251,0.333
1188,1251,0.377
1197,1251,0.425
1206,1251,0.35
1215,1251,0.319
1224,1251,0.362
1233,1251,0.453
1242,1251,0.508
1251,1251,0.516
1260,1251,0.476
1269,1251,0.437
1278,1251,0.542
1287,1251,0.55
1296,1251,0.615
1305,1251,0.569
1314,1251,0.695
1323,1251,0.771
1332,1251,0.784
1341,1251,0.867
1350,1251,0.81
1359,1251,0.896
1368,1251,1.069
1377,1251,1.087
1386,1251,1.105
1395,1251,1.039
1404,1251,0.975
1413,1251,0.992
1422,1251,1.01
1431,1251,1.114
1440,1251,0.963
1449,1251,0.824
1458,1251,0.766
1467,1251,0.856
1476,1251,0.953
1485,1251,0.89
1494,1251,0.683
1503,1251,0.769
1512,1251,0.863
1521,1251,0.881
1530,1251,0.9
1539,1251,0.92
1548,1251,0.563
1557,1251,0.513
1566,1251,0.525
1575,1251,0.42
1584,1251,0.376
1593,1251,0.439
1602,1251,0.394
1611,1251,0.403
1620,1251,0.412
1629,1251,0.423
1638,1251,0.433
1647,1251,0.508
1656,1251,0.522
1665,1251,0.536
1674,1251,0.358
1683,1251,0.367
1692,1251,0.321
1701,1251,0.452
1710,1251,0.466
1719,1251,0.348
1728,1251,0.496
1737,1251,0.369
1746,1251,0.451
1755,1251,0.327
1764,1251,0.337
1773,1251,0.284
1782,1251,0.293
1791,1251,0.302
1800,1251,0.387
1809,1251,0.256
1818,1251,0.112
1827,1251,0.155
1836,1251,0.157
1845,1251,0.219
1854,1251,0.306
1863,1251,0.43
1872,1251,0.163
1881,1251,0.249
1890,1251,0.559
1899,1251,0.273
1908,1251,0.508
1917,1251,0.701
9,1260,-0.004
18,1260,-0.06
27,1260,-0.021
36,1260,-0.035
45,1260,-0.048
54,1260,-0.011
63,1260,-0.004
72,1260,-0.007
81,1260,-0.043
90,1260,-0.106
99,1260,-0.115
108,1260,-0.091
117,1260,-0.133
126,1260,-0.106
135,1260,-0.192
144,1260,-0.311
153,1260,-0.463
162,1260,-0.391
171,1260,-0.271
180,1260,-0.401
189,1260,-0.56
198,1260,-0.411
207,1260,-0.565
216,1260,-0.567
225,1260,-0.57
234,1260,-0.656
243,1260,-0.434
252,1260,-0.438
261,1260,-0.382
270,1260,-0.447
279,1260,-0.392
288,1260,-0.396
297,1260,-0.348
306,1260,-0.352
315,1260,-0.41
324,1260,-0.415
333,1260,-0.318
342,1260,-0.323
351,1260,-0.21
360,1260,-0.154
369,1260,-0.133
378,1260,-0.162
387,1260,-0.195
396,1260,-0.199
405,1260,-0.148
414,1260,-0.177
423,1260,-0.211
432,1260,-0.247
441,1260,-0.288
450,1260,-0.256
459,1260,-0.226
468,1260,-0.199
477,1260,-0.203
486,1260,-0.238
495,1260,-0.354
504,1260,-0.279
513,1260,-0.218
522,1260,-0.167
531,1260,-0.196
540,1260,-0.173
549,1260,-0.176
558,1260,-0.206
567,1260,-0.239
576,1260,-0.213
585,1260,-0.189
594,1260,-0.25
603,1260,-0.362
612,1260,-0.408
621,1260,-0.37
630,1260,-0.462
639,1260,-0.301
648,1260,-0.305
657,1260,-0.309
666,1260,-0.35
675,1260,-0.354
684,1260,-0.358
693,1260,-0.403
702,1260,-0.366
711,1260,-0.296
720,1260,-0.237
729,1260,-0.271
738,1260,-0.243
747,1260,-0.311
756,1260,-0.433
765,1260,-0.395
774,1260,-0.487
783,1260,-0.491
792,1260,-0.407
801,1260,-0.299
810,1260,-0.337
819,1260,-0.379
828,1260,-0.424
837,1260,-0.429
846,1260,-0.391
855,1260,-0.396
864,1260,-0.361
873,1260,-0.404
882,1260,-0.496
891,1260,-0.455
900,1260,-0.506
909,1260,-0.465
918,1260,-0.516
927,1260,-0.57
936,1260,-0.744
945,1260,-0.75
954,1260,-0.757
963,1260,-0.703
972,1260,0.652
981,1260,0.658
990,1260,0.463
999,1260,0.467
1008,1260,0.349
1017,1260,0.253
1026,1260,0.257
1035,1260,0.291
1044,1260,0.329
1053,1260,0.237
1062,1260,0.24
1071,1260,0.305
1080,1260,0.344
1089,1260,0.312
1098,1260,0.316
1107,1260,0.32
1116,1260,0.36
1125,1260,0.293
1134,1260,0.297
1143,1260,0.3
1152,1260,0.304
1161,1260,0.343
1170,1260,0.278
1179,1260,0.25
1188,1260,0.285
1197,1260,0.323
1206,1260,0.259
1215,1260,0.232
1224,1260,0.266
1233,1260,0.339
1242,1260,0.382
1251,1260,0.387
1260,1260,0.351
1269,1260,0.318
1278,1260,0.401
1287,1260,0.451
1296,1260,0.505
1305,1260,0.512
1314,1260,0.628
1323,1260,0.696
1332,1260,0.705
1341,1260,0.78
1350,1260,0.723
1359,1260,0.8
1368,1260,0.96
1377,1260,0.972
1386,1260,0.986
1395,1260,0.92
1404,1260,0.856
1413,1260,0.946
1422,1260,0.959
1431,1260,1.057
1440,1260,0.907
1449,1260,0.769
1458,1260,0.71
1467,1260,0.793
1476,1260,0.882
1485,1260,0.818
1494,1260,0.618
1503,1260,0.696
1512,1260,0.781
1521,1260,0.794
1530,1260,0.808
1539,1260,0.822
1548,1260,0.489
1557,1260,0.44
1566,1260,0.447
1575,1260,0.35
1584,1260,0.31
1593,1260,0.362
1602,1260,0.32
1611,1260,0.325
1620,1260,0.33
1629,1260,0.336
1638,1260,0.342
1647,1260,0.403
1656,1260,0.411
1665,1260,0.419
1674,1260,0.266
1683,1260,0.27
1692,1260,0.23
1701,1260,0.332
1710,1260,0.339
1719,1260,0.241
1728,1260,0.353
1737,1260,0.249
1746,1260,0.307
1755,1260,0.208
1764,1260,0.211
1773,1260,0.169
1782,1260,0.171
1791,1260,0.172
1800,1260,0.224
1809,1260,0.175
1818,1260,0.131
1827,1260,0.178
1836,1260,0.179
1845,1260,0.245
1854,1260,0.337
1863,1260,0.466
1872,1260,0.18
1881,1260,0.27
1890,1260,0.59
1899,1260,0.29
1908,1260,0.528
1917,1260,0.718
9,1269,-0.004
18,1269,-0.055
27,1269,-0.018
36,1269,-0.031
45,1269,-0.043
54,1269,-0.009
63,1269,-0.007
72,1269,-0.01
81,1269,-0.055
90,1269,-0.128
99,1269,-0.136
108,1269,-0.106
117,1269,-0.151
126,1269,-0.119
135,1269,-0.21
144,1269,-0.332
153,1269,-0.488
162,1269,-0.409
171,1269,-0.282
180,1269,-0.412
189,1269,-0.571
198,1269,-0.416
207,1269,-0.568
216,1269,-0.568
225,1269,-0.567
234,1269,-0.649
243,1269,-0.425
252,1269,-0.427
261,1269,-0.37
270,1269,-0.431
279,1269,-0.375
288,1269,-0.377
297,1269,-0.328
306,1269,-0.331
315,1269,-0.385
324,1269,-0.387
333,1269,-0.294
342,1269,-0.342
351,1269,-0.222
360,1269,-0.163
369,1269,-0.139
378,1269,-0.168
387,1269,-0.2
396,1269,-0.203
405,1269,-0.15
414,1269,-0.179
423,1269,-0.211
432,1269,-0.247
441,1269,-0.286
450,1269,-0.252
459,1269,-0.221
468,1269,-0.194
477,1269,-0.196
486,1269,-0.229
495,1269,-0.34
504,1269,-0.267
513,1269,-0.206
522,1269,-0.156
531,1269,-0.183
540,1269,-0.16
549,1269,-0.162
558,1269,-0.189
567,1269,-0.219
576,1269,-0.193
585,1269,-0.196
594,1269,-0.257
603,1269,-0.369
612,1269,-0.414
621,1269,-0.374
630,1269,-0.465
639,1269,-0.302
648,1269,-0.304
657,1269,-0.306
666,1269,-0.346
675,1269,-0.348
684,1269,-0.35
693,1269,-0.393
702,1269,-0.355
711,1269,-0.285
720,1269,-0.226
729,1269,-0.258
738,1269,-0.23
747,1269,-0.294
756,1269,-0.41
765,1269,-0.372
774,1269,-0.459
783,1269,-0.461
792,1269,-0.379
801,1269,-0.274
810,1269,-0.309
819,1269,-0.347
828,1269,-0.389
837,1269,-0.391
846,1269,-0.354
855,1269,-0.357
864,1269,-0.323
873,1269,-0.362
882,1269,-0.446
891,1269,-0.406
900,1269,-0.451
909,1269,-0.411
918,1269,-0.457
927,1269,-0.505
936,1269,-0.665
945,1269,-0.668
954,1269,-0.672
963,1269,-0.675
972,1269,0.623
981,1269,0.627
990,1269,0.435
999,1269,0.438
1008,1269,0.324
1017,1269,0.232
1026,1269,0.233
1035,1269,0.264
1044,1269,0.298
1053,1269,0.239
1062,1269,0.24
1071,1269,0.305
1080,1269,0.342
1089,1269,0.309
1098,1269,0.311
1107,1269,0.314
1116,1269,0.352
1125,1269,0.284
1134,1269,0.287
1143,1269,0.289
1152,1269,0.291
1161,1269,0.328
1170,1269,0.263
1179,1269,0.235
1188,1269,0.267
1197,1269,0.302
1206,1269,0.24
1215,1269,0.213
1224,1269,0.243
1233,1269,0.311
1242,1269,0.35
1251,1269,0.353
1260,1269,0.318
1269,1269,0.285
1278,1269,0.361
1287,1269,0.406
1296,1269,0.454
1305,1269,0.458
1314,1269,0.564
1323,1269,0.626
1332,1269,0.631
1341,1269,0.698
1350,1269,0.643
1359,1269,0.711
1368,1269,0.856
1377,1269,0.865
1386,1269,0.873
1395,1269,0.809
1404,1269,0.747
1413,1269,0.825
1422,1269,0.834
1431,1269,0.92
1440,1269,0.779
1449,1269,0.65
1458,1269,0.594
1467,1269,0.664
1476,1269,0.741
1485,1269,0.679
1494,1269,0.5
1503,1269,0.564
1512,1269,0.635
1521,1269,0.643
1530,1269,0.651
1539,1269,0.659
1548,1269,0.37
1557,1269,0.327
1566,1269,0.33
1575,1269,0.249
1584,1269,0.251
1593,1269,0.294
1602,1269,0.255
1611,1269,0.257
1620,1269,0.259
1629,1269,0.262
1638,1269,0.264
1647,1269,0.312
1656,1269,0.316
1665,1269,0.373
1674,1269,0.23
1683,1269,0.232
1692,1269,0.193
1701,1269,0.282
1710,1269,0.285
1719,1269,0.288
1728,1269,0.413
1737,1269,0.294
1746,1269,0.359
1755,1269,0.247
1764,1269,0.249
1773,1269,0.2
1782,1269,0.201
1791,1269,0.201
1800,1269,0.258
1809,1269,0.202
1818,1269,0.152
1827,1269,0.202
1836,1269,0.202
1845,1269,0.273
1854,1269,0.37
1863,1269,0.504
1872,1269,0.198
1881,1269,0.291
1890,1269,0.623
1899,1269,0.307
1908,1269,0.549
1917,1269,0.735
9,1278,-0.004
18,1278,-0.051
27,1278,-0.016
36,1278,-0.027
45,1278,-0.065
54,1278,-0.015
63,1278,-0.011
72,1278,-0.015
81,1278,-0.071
90,1278,-0.154
99,1278,-0.16
108,1278,-0.123
117,1278,-0.17
126,1278,-0.134
135,1278,-0.228
144,1278,-0.355
153,1278,-0.514
162,1278,-0.427
171,1278,-0.293
180,1278,-0.424
189,1278,-0.582
198,1278,-0.421
207,1278,-0.572
216,1278,-0.568
225,1278,-0.564
234,1278,-0.642
243,1278,-0.417
252,1278,-0.416
261,1278,-0.358
270,1278,-0.415
279,1278,-0.359
288,1278,-0.359
297,1278,-0.31
306,1278,-0.31
315,1278,-0.414
324,1278,-0.414
333,1278,-0.313
342,1278,-0.361
351,1278,-0.234
360,1278,-0.171
369,1278,-0.146
378,1278,-0.174
387,1278,-0.206
396,1278,-0.207
405,1278,-0.152
414,1278,-0.18
423,1278,-0.244
432,1278,-0.282
441,1278,-0.323
450,1278,-0.284
459,1278,-0.249
468,1278,-0.218
477,1278,-0.219
486,1278,-0.252
495,1278,-0.37
504,1278,-0.328
513,1278,-0.255
522,1278,-0.195
531,1278,-0.225
540,1278,-0.197
549,1278,-0.198
558,1278,-0.228
567,1278,-0.261
576,1278,-0.23
585,1278,-0.231
594,1278,-0.298
603,1278,-0.421
612,1278,-0.468
621,1278,-0.422
630,1278,-0.519
639,1278,-0.339
648,1278,-0.34
657,1278,-0.341
666,1278,-0.381
675,1278,-0.382
684,1278,-0.383
693,1278,-0.426
702,1278,-0.384
711,1278,-0.308
720,1278,-0.244
729,1278,-0.276
738,1278,-0.246
747,1278,-0.311
756,1278,-0.43
765,1278,-0.389
774,1278,-0.477
783,1278,-0.477
792,1278,-0.391
801,1278,-0.282
810,1278,-0.317
819,1278,-0.354
828,1278,-0.394
837,1278,-0.395
846,1278,-0.356
855,1278,-0.357
864,1278,-0.321
873,1278,-0.359
882,1278,-0.441
891,1278,-0.4
900,1278,-0.443
909,1278,-0.401
918,1278,-0.444
927,1278,-0.49
936,1278,-0.645
945,1278,-0.646
954,1278,-0.647
963,1278,-0.648
972,1278,0.595
981,1278,0.596
990,1278,0.409
999,1278,0.41
1008,1278,0.299
1017,1278,0.211
1026,1278,0.211
1035,1278,0.239
1044,1278,0.27
1053,1278,0.213
1062,1278,0.214
1071,1278,0.272
1080,1278,0.305
1089,1278,0.273
1098,1278,0.274
1107,1278,0.275
1116,1278,0.308
1125,1278,0.245
1134,1278,0.246
1143,1278,0.246
1152,1278,0.247
1161,1278,0.279
1170,1278,0.219
1179,1278,0.194
1188,1278,0.22
1197,1278,0.25
1206,1278,0.195
1215,1278,0.171
1224,1278,0.195
1233,1278,0.252
1242,1278,0.285
1251,1278,0.286
1260,1278,0.254
1269,1278,0.254
1278,1278,0.323
1287,1278,0.363
1296,1278,0.407
1305,1278,0.408
1314,1278,0.505
1323,1278,0.56
1332,1278,0.562
1341,1278,0.622
1350,1278,0.568
1359,1278,0.628
1368,1278,0.76
1377,1278,0.764
1386,1278,0.769
1395,1278,0.706
1404,1278,0.646
1413,1278,0.715
1422,1278,0.719
1431,1278,0.794
1440,1278,0.662
1449,1278,0.543
1458,1278,0.546
1467,1278,0.61
1476,1278,0.68
1485,1278,0.618
1494,1278,0.447
1503,1278,0.504
1512,1278,0.567
1521,1278,0.571
1530,1278,0.576
1539,1278,0.58
1548,1278,0.313
1557,1278,0.273
1566,1278,0.273
1575,1278,0.201
1584,1278,0.201
1593,1278,0.236
1602,1278,0.2
1611,1278,0.2
1620,1278,0.2
1629,1278,0.199
1638,1278,0.199
1647,1278,0.237
1656,1278,0.237
1665,1278,0.281
1674,1278,0.163
1683,1278,0.162
1692,1278,0.161
1701,1278,0.237
1710,1278,0.237
1719,1278,0.237
1728,1278,0.344
1737,1278,0.236
1746,1278,0.288
1755,1278,0.189
1764,1278,0.188
1773,1278,0.146
1782,1278,0.143
1791,1278,0.14
1800,1278,0.181
1809,1278,0.134
1818,1278,0.094
1827,1278,0.126
1836,1278,0.168
1845,1278,0.226
1854,1278,0.305
1863,1278,0.415
1872,1278,0.145
1881,1278,0.212
1890,1278,0.469
1899,1278,0.193
1908,1278,0.571
1917,1278,0.753
9,1287,-0.003
18,1287,-0.047
27,1287,-0.015
36,1287,-0.024
45,1287,-0.058
54,1287,-0.012
63,1287,-0.009
72,1287,-0.012
81,1287,-0.06
90,1287,-0.134
99,1287,-0.138
108,1287,-0.105
117,1287,-0.146
126,1287,-0.112
135,1287,-0.196
144,1287,-0.309
153,1287,-0.453
162,1287,-0.372
171,1287,-0.25
180,1287,-0.366
189,1287,-0.508
198,1287,-0.36
207,1287,-0.495
216,1287,-0.49
225,1287,-0.484
234,1287,-0.554
243,1287,-0.35
252,1287,-0.348
261,1287,-0.295
270,1287,-0.344
279,1287,-0.293
288,1287,-0.292
297,1287,-0.249
306,1287,-0.248
315,1287,-0.337
324,1287,-0.335
333,1287,-0.248
342,1287,-0.288
351,1287,-0.18
360,1287,-0.127
369,1287,-0.107
378,1287,-0.129
387,1287,-0.153
396,1287,-0.154
405,1287,-0.13
414,1287,-0.155
423,1287,-0.212
432,1287,-0.245
441,1287,-0.281
450,1287,-0.244
459,1287,-0.211
468,1287,-0.183
477,1287,-0.183
486,1287,-0.211
495,1287,-0.315
504,1287,-0.276
513,1287,-0.211
522,1287,-0.158
531,1287,-0.183
540,1287,-0.158
549,1287,-0.158
558,1287,-0.183
567,1287,-0.21
576,1287,-0.21
585,1287,-0.209
594,1287,-0.271
603,1287,-0.385
612,1287,-0.428
621,1287,-0.382
630,1287,-0.472
639,1287,-0.303
648,1287,-0.302
657,1287,-0.301
666,1287,-0.337
675,1287,-0.336
684,1287,-0.375
693,1287,-0.416
702,1287,-0.373
711,1287,-0.297
720,1287,-0.233
729,1287,-0.263
738,1287,-0.232
747,1287,-0.294
756,1287,-0.408
765,1287,-0.366
774,1287,-0.449
783,1287,-0.448
792,1287,-0.363
801,1287,-0.259
810,1287,-0.29
819,1287,-0.324
828,1287,-0.36
837,1287,-0.359
846,1287,-0.321
855,1287,-0.321
864,1287,-0.286
873,1287,-0.319
882,1287,-0.394
891,1287,-0.354
900,1287,-0.392
909,1287,-0.353
918,1287,-0.391
927,1287,-0.431
936,1287,-0.572
945,1287,-0.571
954,1287,-0.57
963,1287,-0.569
972,1287,0.518
981,1287,0.517
990,1287,0.346
999,1287,0.345
1008,1287,0.276
1017,1287,0.192
1026,1287,0.217
1035,1287,0.244
1044,1287,0.273
1053,1287,0.215
1062,1287,0.214
1071,1287,0.271
1080,1287,0.304
1089,1287,0.27
1098,1287,0.27
1107,1287,0.269
1116,1287,0.301
1125,1287,0.237
1134,1287,0.237
1143,1287,0.236
1152,1287,0.235
1161,1287,0.265
1170,1287,0.206
1179,1287,0.181
1188,1287,0.205
1197,1287,0.232
1206,1287,0.178
1215,1287,0.155
1224,1287,0.177
1233,1287,0.229
1242,1287,0.258
1251,1287,0.258
1260,1287,0.227
1269,1287,0.226
1278,1287,0.288
1287,1287,0.324
1296,1287,0.362
1305,1287,0.362
1314,1287,0.449
1323,1287,0.498
1332,1287,0.498
1341,1287,0.551
1350,1287,0.498
1359,1287,0.609
1368,1287,0.735
1377,1287,0.737
1386,1287,0.738
1395,1287,0.674
1404,1287,0.612
1413,1287,0.676
1422,1287,0.678
1431,1287,0.747
1440,1287,0.616
1449,1287,0.5
1458,1287,0.5
1467,1287,0.558
1476,1287,0.622
1485,1287,0.56
1494,1287,0.397
1503,1287,0.448
1512,1287,0.564
1521,1287,0.565
1530,1287,0.567
1539,1287,0.568
1548,1287,0.303
1557,1287,0.261
1566,1287,0.26
1575,1287,0.189
1584,1287,0.187
1593,1287,0.219
1602,1287,0.184
1611,1287,0.182
1620,1287,0.18
1629,1287,0.178
1638,1287,0.176
1647,1287,0.209
1656,1287,0.207
1665,1287,0.246
1674,1287,0.137
1683,1287,0.134
1692,1287,0.132
1701,1287,0.197
1710,1287,0.194
1719,1287,0.192
1728,1287,0.282
1737,1287,0.186
1746,1287,0.228
1755,1287,0.142
1764,1287,0.138
1773,1287,0.102
1782,1287,0.098
1791,1287,0.094
1800,1287,0.121
1809,1287,0.084
1818,1287,0.054
1827,1287,0.072
1836,1287,0.097
1845,1287,0.131
1854,1287,0.178
1863,1287,0.244
1872,1287,0.103
1881,1287,0.148
1890,1287,0.341
1899,1287,0.206
1908,1287,0.593
1917,1287,0.771
9,1296,-0.003
18,1296,-0.043
27,1296,-0.013
36,1296,-0.021
45,1296,-0.051
54,1296,-0.01
63,1296,-0.007
72,1296,-0.01
81,1296,-0.051
90,1296,-0.116
99,1296,-0.119
108,1296,-0.088
117,1296,-0.124
126,1296,-0.094
135,1296,-0.167
144,1296,-0.267
153,1296,-0.397
162,1296,-0.321
171,1296,-0.21
180,1296,-0.313
189,1296,-0.44
198,1296,-0.306
207,1296,-0.426
216,1296,-0.49
225,1296,-0.481
234,1296,-0.547
243,1296,-0.401
252,1296,-0.395
261,1296,-0.39
270,1296,-0.446
279,1296,-0.38
288,1296,-0.376
297,1296,-0.32
306,1296,-0.317
315,1296,-0.418
324,1296,-0.413
333,1296,-0.308
342,1296,-0.352
351,1296,-0.223
360,1296,-0.16
369,1296,-0.134
378,1296,-0.159
387,1296,-0.186
396,1296,-0.185
405,1296,-0.184
414,1296,-0.213
423,1296,-0.283
432,1296,-0.321
441,1296,-0.361
450,1296,-0.315
459,1296,-0.274
468,1296,-0.237
477,1296,-0.235
486,1296,-0.268
495,1296,-0.387
504,1296,-0.384
513,1296,-0.298
522,1296,-0.227
531,1296,-0.258
540,1296,-0.224
549,1296,-0.223
558,1296,-0.252
567,1296,-0.285
576,1296,-0.283
585,1296,-0.28
594,1296,-0.354
603,1296,-0.487
612,1296,-0.535
621,1296,-0.479
630,1296,-0.58
639,1296,-0.381
648,1296,-0.378
657,1296,-0.375
666,1296,-0.415
675,1296,-0.412
684,1296,-0.454
693,1296,-0.498
702,1296,-0.447
711,1296,-0.359
720,1296,-0.284
729,1296,-0.316
738,1296,-0.28
747,1296,-0.349
756,1296,-0.474
765,1296,-0.425
774,1296,-0.515
783,1296,-0.511
792,1296,-0.416
801,1296,-0.334
810,1296,-0.37
819,1296,-0.408
828,1296,-0.448
837,1296,-0.445
846,1296,-0.4
855,1296,-0.397
864,1296,-0.355
873,1296,-0.392
882,1296,-0.476
891,1296,-0.428
900,1296,-0.47
909,1296,-0.423
918,1296,-0.464
927,1296,-0.508
936,1296,-0.662
945,1296,-0.658
954,1296,-0.655
963,1296,-0.651
972,1296,0.593
981,1296,0.59
990,1296,0.399
999,1296,0.397
1008,1296,0.319
1017,1296,0.223
1026,1296,0.25
1035,1296,0.279
1044,1296,0.31
1053,1296,0.245
1062,1296,0.243
1071,1296,0.304
1080,1296,0.337
1089,1296,0.3
1098,1296,0.298
1107,1296,0.296
1116,1296,0.328
1125,1296,0.259
1134,1296,0.257
1143,1296,0.255
1152,1296,0.253
1161,1296,0.283
1170,1296,0.22
1179,1296,0.219
1188,1296,0.245
1197,1296,0.275
1206,1296,0.213
1215,1296,0.185
1224,1296,0.209
1233,1296,0.266
1242,1296,0.298
1251,1296,0.296
1260,1296,0.26
1269,1296,0.258
1278,1296,0.325
1287,1296,0.362
1296,1296,0.402
1305,1296,0.4
1314,1296,0.492
1323,1296,0.541
1332,1296,0.539
1341,1296,0.593
1350,1296,0.535
1359,1296,0.649
1368,1296,0.778
1377,1296,0.777
1386,1296,0.776
1395,1296,0.706
1404,1296,0.64
1413,1296,0.704
1422,1296,0.702
1431,1296,0.771
1440,1296,0.634
1449,1296,0.513
1458,1296,0.511
1467,1296,0.568
1476,1296,0.629
1485,1296,0.565
1494,1296,0.398
1503,1296,0.447
1512,1296,0.561
1521,1296,0.559
1530,1296,0.558
1539,1296,0.557
1548,1296,0.293
1557,1296,0.25
1566,1296,0.248
1575,1296,0.177
1584,1296,0.174
1593,1296,0.203
1602,1296,0.168
1611,1296,0.165
1620,1296,0.162
1629,1296,0.159
1638,1296,0.155
1647,1296,0.184
1656,1296,0.18
1665,1296,0.213
1674,1296,0.114
1683,1296,0.111
1692,1296,0.107
1701,1296,0.162
1710,1296,0.157
1719,1296,0.153
1728,1296,0.228
1737,1296,0.144
1746,1296,0.22
1755,1296,0.135
1764,1296,0.129
1773,1296,0.094
1782,1296,0.088
1791,1296,0.083
1800,1296,0.106
1809,1296,0.071
1818,1296,0.065
1827,1296,0.085
1836,1296,0.113
1845,1296,0.149
1854,1296,0.199
1863,1296,0.268
1872,1296,0.114
1881,1296,0.162
1890,1296,0.363
1899,1296,0.22
1908,1296,0.616
1917,1296,0.789
9,1305,-0.003
18,1305,-0.04
27,1305,-0.011
36,1305,-0.018
45,1305,-0.045
54,1305,-0.009
63,1305,-0.006
72,1305,-0.008
81,1305,-0.043
90,1305,-0.1
99,1305,-0.102
108,1305,-0.074
117,1305,-0.105
126,1305,-0.078
135,1305,-0.141
144,1305,-0.23
153,1305,-0.345
162,1305,-0.276
171,1305,-0.176
180,1305,-0.266
189,1305,-0.379
198,1305,-0.31
207,1305,-0.428
216,1305,-0.49
225,1305,-0.478
234,1305,-0.541
243,1305,-0.457
252,1305,-0.448
261,1305,-0.438
270,1305,-0.495
279,1305,-0.421
288,1305,-0.475
297,1305,-0.406
306,1305,-0.399
315,1305,-0.512
324,1305,-0.503
333,1305,-0.378
342,1305,-0.426
351,1305,-0.275
360,1305,-0.199
369,1305,-0.166
378,1305,-0.194
387,1305,-0.224
396,1305,-0.221
405,1305,-0.218
414,1305,-0.249
423,1305,-0.324
432,1305,-0.364
441,1305,-0.406
450,1305,-0.354
459,1305,-0.307
468,1305,-0.265
477,1305,-0.261
486,1305,-0.294
495,1305,-0.42
504,1305,-0.464
513,1305,-0.363
522,1305,-0.279
531,1305,-0.313
540,1305,-0.272
549,1305,-0.269
558,1305,-0.301
567,1305,-0.335
576,1305,-0.331
585,1305,-0.327
594,1305,-0.406
603,1305,-0.55
612,1305,-0.599
621,1305,-0.536
630,1305,-0.643
639,1305,-0.425
648,1305,-0.42
657,1305,-0.415
666,1305,-0.456
675,1305,-0.45
684,1305,-0.493
693,1305,-0.538
702,1305,-0.481
711,1305,-0.386
720,1305,-0.306
729,1305,-0.338
738,1305,-0.298
747,1305,-0.369
756,1305,-0.496
765,1305,-0.444
774,1305,-0.535
783,1305,-0.529
792,1305,-0.43
801,1305,-0.344
810,1305,-0.379
819,1305,-0.416
828,1305,-0.455
837,1305,-0.45
846,1305,-0.402
855,1305,-0.398
864,1305,-0.354
873,1305,-0.389
882,1305,-0.518
891,1305,-0.466
900,1305,-0.508
909,1305,-0.456
918,1305,-0.497
927,1305,-0.541
936,1305,-0.7
945,1305,-0.694
954,1305,-0.748
963,1305,-0.741
972,1305,0.675
981,1305,0.669
990,1305,0.459
999,1305,0.454
1008,1305,0.366
1017,1305,0.259
1026,1305,0.287
1035,1305,0.318
1044,1305,0.351
1053,1305,0.277
1062,1305,0.274
1071,1305,0.339
1080,1305,0.373
1089,1305,0.332
1098,1305,0.366
1107,1305,0.362
1116,1305,0.398
1125,1305,0.317
1134,1305,0.313
1143,1305,0.309
1152,1305,0.306
1161,1305,0.338
1170,1305,0.266
1179,1305,0.262
1188,1305,0.292
1197,1305,0.323
1206,1305,0.252
1215,1305,0.219
1224,1305,0.246
1233,1305,0.308
1242,1305,0.342
1251,1305,0.338
1260,1305,0.297
1269,1305,0.294
1278,1305,0.366
1287,1305,0.404
1296,1305,0.445
1305,1305,0.441
1314,1305,0.537
1323,1305,0.647
1332,1305,0.642
1341,1305,0.7
1350,1305,0.633
1359,1305,0.757
1368,1305,0.898
1377,1305,0.894
1386,1305,0.89
1395,1305,0.811
1404,1305,0.736
1413,1305,0.803
1422,1305,0.799
1431,1305,0.871
1440,1305,0.72
1449,1305,0.586
1458,1305,0.582
1467,1305,0.641
1476,1305,0.705
1485,1305,0.633
1494,1305,0.45
1503,1305,0.502
1512,1305,0.622
1521,1305,0.618
1530,1305,0.614
1539,1305,0.61
1548,1305,0.326
1557,1305,0.279
1566,1305,0.274
1575,1305,0.196
1584,1305,0.192
1593,1305,0.222
1602,1305,0.183
1611,1305,0.179
1620,1305,0.174
1629,1305,0.17
1638,1305,0.165
1647,1305,0.194
1656,1305,0.189
1665,1305,0.221
1674,1305,0.118
1683,1305,0.113
1692,1305,0.109
1701,1305,0.163
1710,1305,0.194
1719,1305,0.188
1728,1305,0.273
1737,1305,0.176
1746,1305,0.261
1755,1305,0.163
1764,1305,0.156
1773,1305,0.114
1782,1305,0.107
1791,1305,0.1
1800,1305,0.126
1809,1305,0.085
1818,1305,0.077
1827,1305,0.1
1836,1305,0.13
1845,1305,0.169
1854,1305,0.222
1863,1305,0.294
1872,1305,0.127
1881,1305,0.178
1890,1305,0.387
1899,1305,0.234
1908,1305,0.639
1917,1305,0.808
9,1314,-0.003
18,1314,-0.037
27,1314,-0.01
36,1314,-0.016
45,1314,-0.04
54,1314,-0.007
63,1314,-0.005
72,1314,-0.006
81,1314,-0.036
90,1314,-0.085
99,1314,-0.086
108,1314,-0.061
117,1314,-0.088
126,1314,-0.064
135,1314,-0.118
144,1314,-0.195
153,1314,-0.298
162,1314,-0.234
171,1314,-0.145
180,1314,-0.223
189,1314,-0.323
198,1314,-0.26
207,1314,-0.364
216,1314,-0.418
225,1314,-0.406
234,1314,-0.461
243,1314,-0.385
252,1314,-0.375
261,1314,-0.365
270,1314,-0.414
279,1314,-0.347
288,1314,-0.394
297,1314,-0.384
306,1314,-0.375
315,1314,-0.482
324,1314,-0.535
333,1314,-0.402
342,1314,-0.449
351,1314,-0.29
360,1314,-0.209
369,1314,-0.174
378,1314,-0.201
387,1314,-0.23
396,1314,-0.226
405,1314,-0.221
414,1314,-0.251
423,1314,-0.325
432,1314,-0.363
441,1314,-0.404
450,1314,-0.349
459,1314,-0.301
468,1314,-0.258
477,1314,-0.253
486,1314,-0.284
495,1314,-0.405
504,1314,-0.446
513,1314,-0.346
522,1314,-0.264
531,1314,-0.294
540,1314,-0.254
549,1314,-0.249
558,1314,-0.316
567,1314,-0.35
576,1314,-0.344
585,1314,-0.337
594,1314,-0.417
603,1314,-0.561
612,1314,-0.608
621,1314,-0.598
630,1314,-0.71
639,1314,-0.474
648,1314,-0.466
657,1314,-0.459
666,1314,-0.5
675,1314,-0.492
684,1314,-0.535
693,1314,-0.58
702,1314,-0.518
711,1314,-0.416
720,1314,-0.328
729,1314,-0.361
738,1314,-0.318
747,1314,-0.39
756,1314,-0.52
765,1314,-0.464
774,1314,-0.556
783,1314,-0.547
792,1314,-0.443
801,1314,-0.354
810,1314,-0.387
819,1314,-0.423
828,1314,-0.461
837,1314,-0.454
846,1314,-0.404
855,1314,-0.398
864,1314,-0.352
873,1314,-0.386
882,1314,-0.513
891,1314,-0.459
900,1314,-0.499
909,1314,-0.446
918,1314,-0.484
927,1314,-0.526
936,1314,-0.679
945,1314,-0.671
954,1314,-0.722
963,1314,-0.775
972,1314,0.704
981,1314,0.695
990,1314,0.476
999,1314,0.47
1008,1314,0.378
1017,1314,0.266
1026,1314,0.294
1035,1314,0.324
1044,1314,0.355
1053,1314,0.28
1062,1314,0.275
1071,1314,0.339
1080,1314,0.372
1089,1314,0.328
1098,1314,0.36
1107,1314,0.355
1116,1314,0.389
1125,1314,0.344
1134,1314,0.339
1143,1314,0.333
1152,1314,0.328
1161,1314,0.36
1170,1314,0.283
1179,1314,0.278
1188,1314,0.307
1197,1314,0.338
1206,1314,0.263
1215,1314,0.228
1224,1314,0.254
1233,1314,0.317
1242,1314,0.349
1251,1314,0.344
1260,1314,0.301
1269,1314,0.296
1278,1314,0.367
1287,1314,0.403
1296,1314,0.443
1305,1314,0.437
1314,1314,0.53
1323,1314,0.637
1332,1314,0.63
1341,1314,0.684
1350,1314,0.616
1359,1314,0.735
1368,1314,0.87
1377,1314,0.94
1386,1314,0.933
1395,1314,0.849
1404,1314,0.769
1413,1314,0.835
1422,1314,0.828
1431,1314,0.898
1440,1314,0.741
1449,1314,0.601
1458,1314,0.594
1467,1314,0.652
1476,1314,0.714
1485,1314,0.638
1494,1314,0.452
1503,1314,0.501
1512,1314,0.618
1521,1314,0.612
1530,1314,0.605
1539,1314,0.599
1548,1314,0.315
1557,1314,0.267
1566,1314,0.261
1575,1314,0.184
1584,1314,0.179
1593,1314,0.206
1602,1314,0.168
1611,1314,0.162
1620,1314,0.156
1629,1314,0.182
1638,1314,0.176
1647,1314,0.204
1656,1314,0.198
1665,1314,0.23
1674,1314,0.122
1683,1314,0.116
1692,1314,0.11
1701,1314,0.164
1710,1314,0.194
1719,1314,0.186
1728,1314,0.269
1737,1314,0.171
1746,1314,0.252
1755,1314,0.154
1764,1314,0.146
1773,1314,0.104
1782,1314,0.097
1791,1314,0.088
1800,1314,0.149
1809,1314,0.101
1818,1314,0.091
1827,1314,0.116
1836,1314,0.149
1845,1314,0.191
1854,1314,0.247
1863,1314,0.323
1872,1314,0.142
1881,1314,0.194
1890,1314,0.413
1899,1314,0.25
1908,1314,0.664
1917,1314,0.827
9,1323,-0.002
18,1323,-0.033
27,1323,-0.009
36,1323,-0.014
45,1323,-0.035
54,1323,-0.006
63,1323,-0.004
72,1323,-0.005
81,1323,-0.03
90,1323,-0.104
99,1323,-0.103
108,1323,-0.073
117,1323,-0.101
126,1323,-0.072
135,1323,-0.13
144,1323,-0.211
153,1323,-0.316
162,1323,-0.247
171,1323,-0.152
180,1323,-0.23
189,1323,-0.33
198,1323,-0.264
207,1323,-0.367
216,1323,-0.418
225,1323,-0.403
234,1323,-0.455
243,1323,-0.377
252,1323,-0.364
261,1323,-0.353
270,1323,-0.461
279,1323,-0.386
288,1323,-0.433
297,1323,-0.42
306,1323,-0.407
315,1323,-0.518
324,1323,-0.57
333,1323,-0.428
342,1323,-0.474
351,1323,-0.306
360,1323,-0.219
369,1323,-0.181
378,1323,-0.208
387,1323,-0.236
396,1323,-0.23
405,1323,-0.224
414,1323,-0.254
423,1323,-0.326
432,1323,-0.363
441,1323,-0.401
450,1323,-0.345
459,1323,-0.295
468,1323,-0.251
477,1323,-0.245
486,1323,-0.312
495,1323,-0.439
504,1323,-0.48
513,1323,-0.372
522,1323,-0.283
531,1323,-0.314
540,1323,-0.27
549,1323,-0.264
558,1323,-0.331
567,1323,-0.365
576,1323,-0.356
585,1323,-0.348
594,1323,-0.428
603,1323,-0.572
612,1323,-0.618
621,1323,-0.605
630,1323,-0.716
639,1323,-0.475
648,1323,-0.465
657,1323,-0.456
666,1323,-0.495
675,1323,-0.485
684,1323,-0.525
693,1323,-0.568
702,1323,-0.505
711,1323,-0.402
720,1323,-0.315
729,1323,-0.345
738,1323,-0.302
747,1323,-0.37
756,1323,-0.495
765,1323,-0.439
774,1323,-0.525
783,1323,-0.515
792,1323,-0.413
801,1323,-0.326
810,1323,-0.356
819,1323,-0.389
828,1323,-0.423
837,1323,-0.415
846,1323,-0.366
855,1323,-0.358
864,1323,-0.314
873,1323,-0.344
882,1323,-0.461
891,1323,-0.408
900,1323,-0.443
909,1323,-0.393
918,1323,-0.427
927,1323,-0.463
936,1323,-0.603
945,1323,-0.593
954,1323,-0.638
963,1323,-0.685
972,1323,0.617
981,1323,0.606
990,1323,0.405
999,1323,0.397
1008,1323,0.314
1017,1323,0.215
1026,1323,0.238
1035,1323,0.295
1044,1323,0.323
1053,1323,0.251
1062,1323,0.276
1071,1323,0.339
1080,1323,0.37
1089,1323,0.325
1098,1323,0.355
1107,1323,0.348
1116,1323,0.38
1125,1323,0.334
1134,1323,0.327
1143,1323,0.321
1152,1323,0.314
1161,1323,0.344
1170,1323,0.267
1179,1323,0.261
1188,1323,0.323
1197,1323,0.354
1206,1323,0.275
1215,1323,0.237
1224,1323,0.262
1233,1323,0.325
1242,1323,0.357
1251,1323,0.35
1260,1323,0.305
1269,1323,0.298
1278,1323,0.368
1287,1323,0.403
1296,1323,0.441
1305,1323,0.432
1314,1323,0.523
1323,1323,0.627
1332,1323,0.618
1341,1323,0.669
1350,1323,0.598
1359,1323,0.714
1368,1323,0.844
1377,1323,0.909
1386,1323,0.898
1395,1323,0.813
1404,1323,0.731
1413,1323,0.792
1422,1323,0.782
1431,1323,0.847
1440,1323,0.692
1449,1323,0.555
1458,1323,0.546
1467,1323,0.598
1476,1323,0.653
1485,1323,0.579
1494,1323,0.401
1503,1323,0.444
1512,1323,0.551
1521,1323,0.541
1530,1323,0.532
1539,1323,0.523
1548,1323,0.264
1557,1323,0.219
1566,1323,0.212
1575,1323,0.145
1584,1323,0.139
1593,1323,0.159
1602,1323,0.126
1611,1323,0.12
1620,1323,0.114
1629,1323,0.133
1638,1323,0.127
1647,1323,0.179
1656,1323,0.171
1665,1323,0.198
1674,1323,0.101
1683,1323,0.095
1692,1323,0.088
1701,1323,0.132
1710,1323,0.156
1719,1323,0.148
1728,1323,0.216
1737,1323,0.165
1746,1323,0.243
1755,1323,0.146
1764,1323,0.136
1773,1323,0.095
1782,1323,0.087
1791,1323,0.107
1800,1323,0.174
1809,1323,0.12
1818,1323,0.108
1827,1323,0.135
1836,1323,0.17
1845,1323,0.215
1854,1323,0.274
1863,1323,0.353
1872,1323,0.157
1881,1323,0.211
1890,1323,0.439
1899,1323,0.265
1908,1323,0.689
1917,1323,0.847
9,1332,-0.002
18,1332,-0.031
27,1332,-0.008
36,1332,-0.012
45,1332,-0.03
54,1332,-0.005
63,1332,-0.003
72,1332,-0.004
81,1332,-0.025
90,1332,-0.089
99,1332,-0.088
108,1332,-0.06
117,1332,-0.084
126,1332,-0.059
135,1332,-0.108
144,1332,-0.179
153,1332,-0.272
162,1332,-0.208
171,1332,-0.124
180,1332,-0.192
189,1332,-0.279
198,1332,-0.219
207,1332,-0.309
216,1332,-0.353
225,1332,-0.339
234,1332,-0.384
243,1332,-0.313
252,1332,-0.301
261,1332,-0.289
270,1332,-0.383
279,1332,-0.316
288,1332,-0.356
297,1332,-0.343
306,1332,-0.331
315,1332,-0.426
324,1332,-0.536
333,1332,-0.397
342,1332,-0.439
351,1332,-0.278
360,1332,-0.196
369,1332,-0.16
378,1332,-0.183
387,1332,-0.208
396,1332,-0.202
405,1332,-0.195
414,1332,-0.22
423,1332,-0.286
432,1332,-0.317
441,1332,-0.351
450,1332,-0.298
459,1332,-0.252
468,1332,-0.211
477,1332,-0.205
486,1332,-0.264
495,1332,-0.376
504,1332,-0.412
513,1332,-0.313
522,1332,-0.233
531,1332,-0.259
540,1332,-0.22
549,1332,-0.213
558,1332,-0.271
567,1332,-0.299
576,1332,-0.29
585,1332,-0.282
594,1332,-0.35
603,1332,-0.476
612,1332,-0.515
621,1332,-0.555
630,1332,-0.658
639,1332,-0.429
648,1332,-0.418
657,1332,-0.407
666,1332,-0.442
675,1332,-0.43
684,1332,-0.466
693,1332,-0.503
702,1332,-0.443
711,1332,-0.388
720,1332,-0.302
729,1332,-0.33
738,1332,-0.286
747,1332,-0.35
756,1332,-0.47
765,1332,-0.413
774,1332,-0.495
783,1332,-0.483
792,1332,-0.384
801,1332,-0.299
810,1332,-0.327
819,1332,-0.356
828,1332,-0.386
837,1332,-0.377
846,1332,-0.329
855,1332,-0.321
864,1332,-0.279
873,1332,-0.305
882,1332,-0.412
891,1332,-0.402
900,1332,-0.435
909,1332,-0.383
918,1332,-0.415
927,1332,-0.448
936,1332,-0.584
945,1332,-0.572
954,1332,-0.614
963,1332,-0.657
972,1332,0.589
981,1332,0.576
990,1332,0.38
999,1332,0.371
1008,1332,0.289
1017,1332,0.195
1026,1332,0.215
1035,1332,0.267
1044,1332,0.292
1053,1332,0.223
1062,1332,0.246
1071,1332,0.303
1080,1332,0.33
1089,1332,0.287
1098,1332,0.313
1107,1332,0.342
1116,1332,0.372
1125,1332,0.363
1134,1332,0.354
1143,1332,0.385
1152,1332,0.376
1161,1332,0.408
1170,1332,0.319
1179,1332,0.311
1188,1332,0.379
1197,1332,0.412
1206,1332,0.323
1215,1332,0.279
1224,1332,0.343
1233,1332,0.417
1242,1332,0.453
1251,1332,0.443
1260,1332,0.388
1269,1332,0.379
1278,1332,0.459
1287,1332,0.498
1296,1332,0.539
1305,1332,0.528
1314,1332,0.63
1323,1332,0.744
1332,1332,0.731
1341,1332,0.786
1350,1332,0.705
1359,1332,0.831
1368,1332,0.971
1377,1332,1.04
1386,1332,1.025
1395,1332,0.929
1404,1332,0.837
1413,1332,0.901
1422,1332,0.887
1431,1332,0.955
1440,1332,0.784
1449,1332,0.632
1458,1332,0.62
1467,1332,0.674
1476,1332,0.732
1485,1332,0.649
1494,1332,0.454
1503,1332,0.499
1512,1332,0.612
1521,1332,0.6
1530,1332,0.587
1539,1332,0.575
1548,1332,0.294
1557,1332,0.245
1566,1332,0.236
1575,1332,0.162
1584,1332,0.154
1593,1332,0.175
1602,1332,0.139
1611,1332,0.131
1620,1332,0.124
1629,1332,0.143
1638,1332,0.135
1647,1332,0.189
1656,1332,0.179
1665,1332,0.206
1674,1332,0.104
1683,1332,0.097
1692,1332,0.09
1701,1332,0.133
1710,1332,0.156
1719,1332,0.146
1728,1332,0.212
1737,1332,0.16
1746,1332,0.235
1755,1332,0.138
1764,1332,0.127
1773,1332,0.087
1782,1332,0.077
1791,1332,0.094
1800,1332,0.155
1809,1332,0.103
1818,1332,0.09
1827,1332,0.112
1836,1332,0.139
1845,1332,0.174
1854,1332,0.22
1863,1332,0.281
1872,1332,0.111
1881,1332,0.147
1890,1332,0.314
1899,1332,0.161
1908,1332,0.437
1917,1332,0.867
9,1341,-0.012
18,1341,-0.069
27,1341,-0.017
36,1341,-0.022
45,1341,-0.048
54,1341,-0.008
63,1341,-0.005
72,1341,-0.006
81,1341,-0.033
90,1341,-0.109
99,1341,-0.105
108,1341,-0.072
117,1341,-0.097
126,1341,-0.067
135,1341,-0.12
144,1341,-0.245
153,1341,-0.355
162,1341,-0.273
171,1341,-0.166
180,1341,-0.245
189,1341,-0.344
198,1341,-0.271
207,1341,-0.371
216,1341,-0.417
225,1341,-0.397
234,1341,-0.444
243,1341,-0.361
252,1341,-0.344
261,1341,-0.329
270,1341,-0.428
279,1341,-0.352
288,1341,-0.392
297,1341,-0.434
306,1341,-0.416
315,1341,-0.523
324,1341,-0.645
333,1341,-0.482
342,1341,-0.527
351,1341,-0.339
360,1341,-0.242
369,1341,-0.198
378,1341,-0.223
387,1341,-0.25
396,1341,-0.24
405,1341,-0.231
414,1341,-0.258
423,1341,-0.328
432,1341,-0.361
441,1341,-0.395
450,1341,-0.336
459,1341,-0.283
468,1341,-0.237
477,1341,-0.229
486,1341,-0.291
495,1341,-0.409
504,1341,-0.444
513,1341,-0.338
522,1341,-0.252
531,1341,-0.278
540,1341,-0.234
549,1341,-0.226
558,1341,-0.284
567,1341,-0.312
576,1341,-0.301
585,1341,-0.291
594,1341,-0.359
603,1341,-0.486
612,1341,-0.523
621,1341,-0.562
630,1341,-0.663
639,1341,-0.43
648,1341,-0.417
657,1341,-0.404
666,1341,-0.437
675,1341,-0.424
684,1341,-0.457
693,1341,-0.492
702,1341,-0.431
711,1341,-0.418
720,1341,-0.325
729,1341,-0.353
738,1341,-0.305
747,1341,-0.371
756,1341,-0.493
765,1341,-0.433
774,1341,-0.515
783,1341,-0.501
792,1341,-0.396
801,1341,-0.308
810,1341,-0.335
819,1341,-0.363
828,1341,-0.392
837,1341,-0.381
846,1341,-0.331
855,1341,-0.321
864,1341,-0.277
873,1341,-0.302
882,1341,-0.407
891,1341,-0.395
900,1341,-0.426
909,1341,-0.373
918,1341,-0.403
927,1341,-0.434
936,1341,-0.566
945,1341,-0.552
954,1341,-0.59
963,1341,-0.63
972,1341,0.561
981,1341,0.547
990,1341,0.355
999,1341,0.345
1008,1341,0.266
1017,1341,0.176
1026,1341,0.194
1035,1341,0.241
1044,1341,0.263
1053,1341,0.198
1062,1341,0.218
1071,1341,0.269
1080,1341,0.293
1089,1341,0.252
1098,1341,0.275
1107,1341,0.299
1116,1341,0.325
1125,1341,0.315
1134,1341,0.306
1143,1341,0.332
1152,1341,0.322
1161,1341,0.35
1170,1341,0.269
1179,1341,0.26
1188,1341,0.357
1197,1341,0.387
1206,1341,0.299
1215,1341,0.256
1224,1341,0.316
1233,1341,0.384
1242,1341,0.416
1251,1341,0.405
1260,1341,0.351
1269,1341,0.341
1278,1341,0.414
1287,1341,0.448
1296,1341,0.485
1305,1341,0.524
1314,1341,0.623
1323,1341,0.734
1332,1341,0.718
1341,1341,0.77
1350,1341,0.687
1359,1341,0.808
1368,1341,0.943
1377,1341,1.007
1386,1341,1.074
1395,1341,0.971
1404,1341,0.874
1413,1341,0.936
1422,1341,0.919
1431,1341,0.984
1440,1341,0.807
1449,1341,0.649
1458,1341,0.634
1467,1341,0.686
1476,1341,0.742
1485,1341,0.655
1494,1341,0.456
1503,1341,0.498
1512,1341,0.609
1521,1341,0.594
1530,1341,0.579
1539,1341,0.564
1548,1341,0.328
1557,1341,0.273
1566,1341,0.262
1575,1341,0.18
1584,1341,0.171
1593,1341,0.193
1602,1341,0.152
1611,1341,0.143
1620,1341,0.134
1629,1341,0.154
1638,1341,0.144
1647,1341,0.199
1656,1341,0.188
1665,1341,0.214
1674,1341,0.108
1683,1341,0.099
1692,1341,0.091
1701,1341,0.134
1710,1341,0.155
1719,1341,0.18
1728,1341,0.256
1737,1341,0.195
1746,1341,0.279
1755,1341,0.168
1764,1341,0.154
1773,1341,0.106
1782,1341,0.095
1791,1341,0.114
1800,1341,0.181
1809,1341,0.121
1818,1341,0.106
1827,1341,0.13
1836,1341,0.16
1845,1341,0.197
1854,1341,0.245
1863,1341,0.309
1872,1341,0.124
1881,1341,0.161
1890,1341,0.336
1899,1341,0.172
1908,1341,0.456
1917,1341,0.887
9,1350,-0.011
18,1350,-0.064
27,1350,-0.015
36,1350,-0.019
45,1350,-0.042
54,1350,-0.007
63,1350,-0.008
72,1350,-0.009
81,1350,-0.043
90,1350,-0.133
99,1350,-0.125
108,1350,-0.084
117,1350,-0.111
126,1350,-0.105
135,1350,-0.173
144,1350,-0.328
153,1350,-0.456
162,1350,-0.352
171,1350,-0.218
180,1350,-0.31
189,1350,-0.421
198,1350,-0.331
207,1350,-0.442
216,1350,-0.49
225,1350,-0.463
234,1350,-0.51
243,1350,-0.415
252,1350,-0.393
261,1350,-0.373
270,1350,-0.478
279,1350,-0.392
288,1350,-0.432
297,1350,-0.473
306,1350,-0.451
315,1350,-0.561
324,1350,-0.685
333,1350,-0.512
342,1350,-0.555
351,1350,-0.357
360,1350,-0.253
369,1350,-0.206
378,1350,-0.231
387,1350,-0.257
396,1350,-0.245
405,1350,-0.234
414,1350,-0.26
423,1350,-0.329
432,1350,-0.36
441,1350,-0.444
450,1350,-0.377
459,1350,-0.318
468,1350,-0.266
477,1350,-0.255
486,1350,-0.32
495,1350,-0.444
504,1350,-0.479
513,1350,-0.364
522,1350,-0.271
531,1350,-0.297
540,1350,-0.25
549,1350,-0.239
558,1350,-0.299
567,1350,-0.326
576,1350,-0.313
585,1350,-0.301
594,1350,-0.369
603,1350,-0.496
612,1350,-0.532
621,1350,-0.569
630,1350,-0.668
639,1350,-0.431
648,1350,-0.416
657,1350,-0.401
666,1350,-0.432
675,1350,-0.417
684,1350,-0.448
693,1350,-0.481
702,1350,-0.419
711,1350,-0.404
720,1350,-0.311
729,1350,-0.337
738,1350,-0.289
747,1350,-0.351
756,1350,-0.468
765,1350,-0.408
774,1350,-0.485
783,1350,-0.469
792,1350,-0.368
801,1350,-0.282
810,1350,-0.306
819,1350,-0.331
828,1350,-0.357
837,1350,-0.345
846,1350,-0.297
855,1350,-0.286
864,1350,-0.245
873,1350,-0.266
882,1350,-0.361
891,1350,-0.349
900,1350,-0.376
909,1350,-0.325
918,1350,-0.351
927,1350,-0.378
936,1350,-0.497
945,1350,-0.482
954,1350,-0.515
963,1350,-0.55
972,1350,0.485
981,1350,0.47
990,1350,0.296
999,1350,0.285
1008,1350,0.215
1017,1350,0.158
1026,1350,0.174
1035,1350,0.217
1044,1350,0.236
1053,1350,0.175
1062,1350,0.192
1071,1350,0.238
1080,1350,0.258
1089,1350,0.22
1098,1350,0.239
1107,1350,0.26
1116,1350,0.282
1125,1350,0.272
1134,1350,0.262
1143,1350,0.284
1152,1350,0.274
1161,1350,0.333
1170,1350,0.253
1179,1350,0.243
1188,1350,0.336
1197,1350,0.363
1206,1350,0.277
1215,1350,0.235
1224,1350,0.29
1233,1350,0.353
1242,1350,0.382
1251,1350,0.369
1260,1350,0.317
1269,1350,0.305
1278,1350,0.372
1287,1350,0.448
1296,1350,0.483
1305,1350,0.574
1314,1350,0.677
1323,1350,0.792
1332,1350,0.773
1341,1350,0.825
1350,1350,0.735
1359,1350,0.858
1368,1350,0.996
1377,1350,1.059
1386,1350,1.125
1395,1350,1.015
1404,1350,0.911
1413,1350,0.972
1422,1350,0.951
1431,1350,1.015
1440,1350,0.83
1449,1350,0.666
1458,1350,0.647
1467,1350,0.698
1476,1350,0.751
1485,1350,0.66
1494,1350,0.457
1503,1350,0.498
1512,1350,0.606
1521,1350,0.588
1530,1350,0.57
1539,1350,0.552
1548,1350,0.317
1557,1350,0.261
1566,1350,0.249
1575,1350,0.168
1584,1350,0.158
1593,1350,0.178
1602,1350,0.138
1611,1350,0.129
1620,1350,0.119
1629,1350,0.135
1638,1350,0.125
1647,1350,0.174
1656,1350,0.162
1665,1350,0.184
1674,1350,0.088
1683,1350,0.08
1692,1350,0.072
1701,1350,0.107
1710,1350,0.155
1719,1350,0.178
1728,1350,0.252
1737,1350,0.189
1746,1350,0.27
1755,1350,0.159
1764,1350,0.144
1773,1350,0.097
1782,1350,0.115
1791,1350,0.136
1800,1350,0.211
1809,1350,0.143
1818,1350,0.125
1827,1350,0.15
1836,1350,0.182
1845,1350,0.222
1854,1350,0.272
1863,1350,0.338
1872,1350,0.138
1881,1350,0.176
1890,1350,0.36
1899,1350,0.184
1908,1350,0.476
1917,1350,0.908
9,1359,-0.041
18,1359,-0.129
27,1359,-0.03
36,1359,-0.034
45,1359,-0.065
54,1359,-0.021
63,1359,-0.022
72,1359,-0.022
81,1359,-0.084
90,1359,-0.218
99,1359,-0.2
108,1359,-0.136
117,1359,-0.17
126,1359,-0.205
135,1359,-0.307
144,1359,-0.522
153,1359,-0.683
162,1359,-0.534
171,1359,-0.343
180,1359,-0.461
189,1359,-0.598
198,1359,-0.476
207,1359,-0.61
216,1359,-0.661
225,1359,-0.621
234,1359,-0.672
243,1359,-0.549
252,1359,-0.518
261,1359,-0.488
270,1359,-0.609
279,1359,-0.502
288,1359,-0.545
297,1359,-0.588
306,1359,-0.558
315,1359,-0.68
324,1359,-0.815
333,1359,-0.614
342,1359,-0.659
351,1359,-0.43
360,1359,-0.309
369,1359,-0.252
378,1359,-0.278
387,1359,-0.306
396,1359,-0.29
405,1359,-0.276
414,1359,-0.303
423,1359,-0.377
432,1359,-0.409
441,1359,-0.498
450,1359,-0.422
459,1359,-0.355
468,1359,-0.297
477,1359,-0.283
486,1359,-0.351
495,1359,-0.481
504,1359,-0.516
513,1359,-0.392
522,1359,-0.292
531,1359,-0.317
540,1359,-0.266
549,1359,-0.254
558,1359,-0.314
567,1359,-0.34
576,1359,-0.325
585,1359,-0.311
594,1359,-0.379
603,1359,-0.507
612,1359,-0.541
621,1359,-0.576
630,1359,-0.674
639,1359,-0.432
648,1359,-0.415
657,1359,-0.399
666,1359,-0.427
675,1359,-0.411
684,1359,-0.44
693,1359,-0.47
702,1359,-0.406
711,1359,-0.391
720,1359,-0.335
729,1359,-0.36
738,1359,-0.308
747,1359,-0.372
756,1359,-0.491
765,1359,-0.427
774,1359,-0.505
783,1359,-0.487
792,1359,-0.38
801,1359,-0.291
810,1359,-0.314
819,1359,-0.337
828,1359,-0.362
837,1359,-0.348
846,1359,-0.298
855,1359,-0.286
864,1359,-0.243
873,1359,-0.263
882,1359,-0.357
891,1359,-0.343
900,1359,-0.368
909,1359,-0.316
918,1359,-0.34
927,1359,-0.406
936,1359,-0.529
945,1359,-0.511
954,1359,-0.544
963,1359,-0.578
972,1359,0.508
981,1359,0.49
990,1359,0.309
999,1359,0.296
1008,1359,0.223
1017,1359,0.187
1026,1359,0.203
1035,1359,0.25
1044,1359,0.27
1053,1359,0.201
1062,1359,0.219
1071,1359,0.268
1080,1359,0.289
1089,1359,0.246
1098,1359,0.266
1107,1359,0.287
1116,1359,0.309
1125,1359,0.297
1134,1359,0.284
1143,1359,0.307
1152,1359,0.294
1161,1359,0.356
1170,1359,0.27
1179,1359,0.258
1188,1359,0.353
1197,1359,0.38
1206,1359,0.289
1215,1359,0.277
1224,1359,0.337
1233,1359,0.405
1242,1359,0.435
1251,1359,0.419
1260,1359,0.361
1269,1359,0.346
1278,1359,0.417
1287,1359,0.498
1296,1359,0.533
1305,1359,0.629
1314,1359,0.735
1323,1359,0.854
1332,1359,0.831
1341,1359,0.882
1350,1359,0.785
1359,1359,0.912
1368,1359,1.051
1377,1359,1.113
1386,1359,1.178
1395,1359,1.061
1404,1359,0.95
1413,1359,1.01
1422,1359,0.985
1431,1359,1.046
1440,1359,0.854
1449,1359,0.683
1458,1359,0.662
1467,1359,0.71
1476,1359,0.761
1485,1359,0.738
1494,1359,0.516
1503,1359,0.558
1512,1359,0.672
1521,1359,0.65
1530,1359,0.628
1539,1359,0.607
1548,1359,0.353
1557,1359,0.291
1566,1359,0.276
1575,1359,0.222
1584,1359,0.208
1593,1359,0.231
1602,1359,0.182
1611,1359,0.17
1620,1359,0.157
1629,1359,0.176
1638,1359,0.164
1647,1359,0.221
1656,1359,0.206
1665,1359,0.231
1674,1359,0.115
1683,1359,0.104
1692,1359,0.094
1701,1359,0.136
1710,1359,0.192
1719,1359,0.218
1728,1359,0.301
1737,1359,0.228
1746,1359,0.318
1755,1359,0.192
1764,1359,0.173
1773,1359,0.119
1782,1359,0.138
1791,1359,0.161
1800,1359,0.245
1809,1359,0.167
1818,1359,0.146
1827,1359,0.173
1836,1359,0.207
1845,1359,0.249
1854,1359,0.302
1863,1359,0.37
1872,1359,0.153
1881,1359,0.193
1890,1359,0.384
1899,1359,0.197
1908,1359,0.496
1917,1359,0.93
9,1368,-0.039
18,1368,-0.24
27,1368,-0.058
36,1368,-0.059
45,1368,-0.098
54,1368,-0.032
63,1368,-0.031
72,1368,-0.031
81,1368,-0.106
90,1368,-0.258
99,1368,-0.232
108,1368,-0.158
117,1368,-0.192
126,1368,-0.228
135,1368,-0.333
144,1368,-0.555
153,1368,-0.719
162,1368,-0.558
171,1368,-0.357
180,1368,-0.475
189,1368,-0.611
198,1368,-0.483
207,1368,-0.711
216,1368,-0.762
225,1368,-0.711
234,1368,-0.761
243,1368,-0.622
252,1368,-0.583
261,1368,-0.547
270,1368,-0.672
279,1368,-0.554
288,1368,-0.595
297,1368,-0.638
306,1368,-0.602
315,1368,-0.726
324,1368,-0.863
333,1368,-0.731
342,1368,-0.776
351,1368,-0.515
360,1368,-0.373
369,1368,-0.305
378,1368,-0.332
387,1368,-0.361
396,1368,-0.341
405,1368,-0.323
414,1368,-0.35
423,1368,-0.43
432,1368,-0.462
441,1368,-0.556
450,1368,-0.471
459,1368,-0.396
468,1368,-0.331
477,1368,-0.314
486,1368,-0.385
495,1368,-0.521
504,1368,-0.555
513,1368,-0.422
522,1368,-0.314
531,1368,-0.338
540,1368,-0.283
549,1368,-0.268
558,1368,-0.33
567,1368,-0.355
576,1368,-0.338
585,1368,-0.321
594,1368,-0.389
603,1368,-0.517
612,1368,-0.55
621,1368,-0.583
630,1368,-0.679
639,1368,-0.433
648,1368,-0.414
657,1368,-0.396
666,1368,-0.423
675,1368,-0.404
684,1368,-0.431
693,1368,-0.459
702,1368,-0.44
711,1368,-0.421
720,1368,-0.36
729,1368,-0.43
738,1368,-0.368
747,1368,-0.438
756,1368,-0.569
765,1368,-0.547
774,1368,-0.636
783,1368,-0.612
792,1368,-0.484
801,1368,-0.376
810,1368,-0.401
819,1368,-0.427
828,1368,-0.455
837,1368,-0.436
846,1368,-0.418
855,1368,-0.401
864,1368,-0.344
873,1368,-0.368
882,1368,-0.482
891,1368,-0.463
900,1368,-0.492
909,1368,-0.427
918,1368,-0.454
927,1368,-0.532
936,1368,-0.676
945,1368,-0.652
954,1368,-0.688
963,1368,-0.725
972,1368,0.641
981,1368,0.618
990,1368,0.401
999,1368,0.384
1008,1368,0.294
1017,1368,0.249
1026,1368,0.267
1035,1368,0.323
1044,1368,0.345
1053,1368,0.261
1062,1368,0.281
1071,1368,0.338
1080,1368,0.361
1089,1368,0.308
1098,1368,0.331
1107,1368,0.354
1116,1368,0.378
1125,1368,0.362
1134,1368,0.346
1143,1368,0.37
1152,1368,0.355
1161,1368,0.422
1170,1368,0.324
1179,1368,0.309
1188,1368,0.415
1197,1368,0.442
1206,1368,0.34
1215,1368,0.324
1224,1368,0.39
1233,1368,0.463
1242,1368,0.494
1251,1368,0.475
1260,1368,0.409
1269,1368,0.391
1278,1368,0.467
1287,1368,0.552
1296,1368,0.647
1305,1368,0.753
1314,1368,0.87
1323,1368,1
1332,1368,0.971
1341,1368,1.025
1350,1368,0.915
1359,1368,1.051
1368,1368,1.201
1377,1368,1.264
1386,1368,1.331
1395,1368,1.201
1404,1368,1.078
1413,1368,1.139
1422,1368,1.109
1431,1368,1.172
1440,1368,0.962
1449,1368,0.851
1458,1368,0.824
1467,1368,0.877
1476,1368,0.934
1485,1368,0.905
1494,1368,0.648
1503,1368,0.694
1512,1368,0.823
1521,1368,0.796
1530,1368,0.769
1539,1368,0.742
1548,1368,0.447
1557,1368,0.372
1566,1368,0.353
1575,1368,0.287
1584,1368,0.27
1593,1368,0.296
1602,1368,0.236
1611,1368,0.22
1620,1368,0.204
1629,1368,0.226
1638,1368,0.21
1647,1368,0.277
1656,1368,0.258
1665,1368,0.286
1674,1368,0.148
1683,1368,0.134
1692,1368,0.121
1701,1368,0.17
1710,1368,0.235
1719,1368,0.264
1728,1368,0.357
1737,1368,0.274
1746,1368,0.373
1755,1368,0.229
1764,1368,0.207
1773,1368,0.143
1782,1368,0.165
1791,1368,0.19
1800,1368,0.282
1809,1368,0.194
1818,1368,0.17
1827,1368,0.199
1836,1368,0.234
1845,1368,0.278
1854,1368,0.333
1863,1368,0.404
1872,1368,0.17
1881,1368,0.211
1890,1368,0.41
1899,1368,0.211
1908,1368,0.517
1917,1368,0.952
9,1377,-0.036
18,1377,-0.227
27,1377,-0.053
36,1377,-0.095
45,1377,-0.142
54,1377,-0.048
63,1377,-0.045
72,1377,-0.042
81,1377,-0.133
90,1377,-0.303
99,1377,-0.269
108,1377,-0.182
117,1377,-0.216
126,1377,-0.252
135,1377,-0.361
144,1377,-0.591
153,1377,-0.756
162,1377,-0.584
171,1377,-0.371
180,1377,-0.489
189,1377,-0.624
198,1377,-0.49
207,1377,-0.717
216,1377,-0.764
225,1377,-0.709
234,1377,-0.755
243,1377,-0.613
252,1377,-0.57
261,1377,-0.531
270,1377,-0.652
279,1377,-0.532
288,1377,-0.57
297,1377,-0.609
306,1377,-0.571
315,1377,-0.689
324,1377,-0.819
333,1377,-0.687
342,1377,-0.728
351,1377,-0.475
360,1377,-0.339
369,1377,-0.274
378,1377,-0.298
387,1377,-0.323
396,1377,-0.303
405,1377,-0.284
414,1377,-0.308
423,1377,-0.38
432,1377,-0.408
441,1377,-0.492
450,1377,-0.412
459,1377,-0.342
468,1377,-0.282
477,1377,-0.265
486,1377,-0.327
495,1377,-0.449
504,1377,-0.478
513,1377,-0.403
522,1377,-0.296
531,1377,-0.318
540,1377,-0.264
549,1377,-0.248
558,1377,-0.305
567,1377,-0.328
576,1377,-0.31
585,1377,-0.293
594,1377,-0.355
603,1377,-0.475
612,1377,-0.504
621,1377,-0.533
630,1377,-0.622
639,1377,-0.388
648,1377,-0.369
657,1377,-0.35
666,1377,-0.374
675,1377,-0.355
684,1377,-0.378
693,1377,-0.402
702,1377,-0.383
711,1377,-0.364
720,1377,-0.308
729,1377,-0.368
738,1377,-0.312
747,1377,-0.373
756,1377,-0.49
765,1377,-0.468
774,1377,-0.547
783,1377,-0.577
792,1377,-0.5
801,1377,-0.387
810,1377,-0.411
819,1377,-0.436
828,1377,-0.462
837,1377,-0.441
846,1377,-0.421
855,1377,-0.401
864,1377,-0.383
873,1377,-0.406
882,1377,-0.527
891,1377,-0.505
900,1377,-0.533
909,1377,-0.462
918,1377,-0.488
927,1377,-0.568
936,1377,-0.717
945,1377,-0.689
954,1377,-0.724
963,1377,-0.759
972,1377,0.67
981,1377,0.644
990,1377,0.418
999,1377,0.399
1008,1377,0.304
1017,1377,0.256
1026,1377,0.274
1035,1377,0.329
1044,1377,0.35
1053,1377,0.263
1062,1377,0.282
1071,1377,0.338
1080,1377,0.359
1089,1377,0.305
1098,1377,0.326
1107,1377,0.347
1116,1377,0.369
1125,1377,0.352
1134,1377,0.335
1143,1377,0.398
1152,1377,0.38
1161,1377,0.449
1170,1377,0.344
1179,1377,0.327
1188,1377,0.435
1197,1377,0.462
1206,1377,0.354
1215,1377,0.337
1224,1377,0.402
1233,1377,0.476
1242,1377,0.505
1251,1377,0.483
1260,1377,0.462
1269,1377,0.441
1278,1377,0.521
1287,1377,0.671
1296,1377,0.777
1305,1377,0.894
1314,1377,1.021
1323,1377,1.161
1332,1377,1.127
1341,1377,1.182
1350,1377,1.059
1359,1377,1.205
1368,1377,1.364
1377,1377,1.429
1386,1377,1.498
1395,1377,1.354
1404,1377,1.218
1413,1377,1.383
1422,1377,1.346
1431,1377,1.414
1440,1377,1.173
1449,1377,1.045
1458,1377,1.012
1467,1377,1.069
1476,1377,1.13
1485,1377,1.096
1494,1377,0.8
1503,1377,0.851
1512,1377,0.994
1521,1377,0.961
1530,1377,0.929
1539,1377,0.896
1548,1377,0.557
1557,1377,0.468
1566,1377,0.444
1575,1377,0.365
1584,1377,0.343
1593,1377,0.373
1602,1377,0.301
1611,1377,0.281
1620,1377,0.261
1629,1377,0.286
1638,1377,0.265
1647,1377,0.343
1656,1377,0.32
1665,1377,0.351
1674,1377,0.188
1683,1377,0.171
1692,1377,0.154
1701,1377,0.211
1710,1377,0.285
1719,1377,0.317
1728,1377,0.42
1737,1377,0.325
1746,1377,0.435
1755,1377,0.272
1764,1377,0.246
1773,1377,0.172
1782,1377,0.196
1791,1377,0.223
1800,1377,0.324
1809,1377,0.225
1818,1377,0.196
1827,1377,0.227
1836,1377,0.265
1845,1377,0.311
1854,1377,0.368
1863,1377,0.44
1872,1377,0.188
1881,1377,0.23
1890,1377,0.437
1899,1377,0.226
1908,1377,0.539
1917,1377,0.974
9,1386,-0.034
18,1386,-0.214
27,1386,-0.048
36,1386,-0.086
45,1386,-0.128
54,1386,-0.041
63,1386,-0.038
72,1386,-0.035
81,1386,-0.115
90,1386,-0.269
99,1386,-0.236
108,1386,-0.156
117,1386,-0.186
126,1386,-0.217
135,1386,-0.314
144,1386,-0.523
153,1386,-0.674
162,1386,-0.512
171,1386,-0.317
180,1386,-0.422
189,1386,-0.543
198,1386,-0.419
207,1386,-0.624
216,1386,-0.665
225,1386,-0.613
234,1386,-0.652
243,1386,-0.521
252,1386,-0.481
261,1386,-0.445
270,1386,-0.551
279,1386,-0.443
288,1386,-0.475
297,1386,-0.507
306,1386,-0.472
315,1386,-0.575
324,1386,-0.689
333,1386,-0.57
342,1386,-0.604
351,1386,-0.38
360,1386,-0.263
369,1386,-0.208
378,1386,-0.227
387,1386,-0.247
396,1386,-0.229
405,1386,-0.213
414,1386,-0.232
423,1386,-0.29
432,1386,-0.312
441,1386,-0.382
450,1386,-0.313
459,1386,-0.255
468,1386,-0.205
477,1386,-0.222
486,1386,-0.276
495,1386,-0.384
504,1386,-0.408
513,1386,-0.339
522,1386,-0.243
531,1386,-0.262
540,1386,-0.245
549,1386,-0.263
558,1386,-0.321
567,1386,-0.342
576,1386,-0.322
585,1386,-0.303
594,1386,-0.365
603,1386,-0.485
612,1386,-0.512
621,1386,-0.54
630,1386,-0.628
639,1386,-0.389
648,1386,-0.368
657,1386,-0.348
666,1386,-0.369
675,1386,-0.349
684,1386,-0.37
693,1386,-0.392
702,1386,-0.371
711,1386,-0.351
720,1386,-0.294
729,1386,-0.352
738,1386,-0.296
747,1386,-0.353
756,1386,-0.465
765,1386,-0.441
774,1386,-0.515
783,1386,-0.597
792,1386,-0.516
801,1386,-0.398
810,1386,-0.421
819,1386,-0.444
828,1386,-0.469
837,1386,-0.446
846,1386,-0.423
855,1386,-0.402
864,1386,-0.381
873,1386,-0.403
882,1386,-0.522
891,1386,-0.497
900,1386,-0.523
909,1386,-0.451
918,1386,-0.525
927,1386,-0.606
936,1386,-0.759
945,1386,-0.728
954,1386,-0.761
963,1386,-0.795
972,1386,0.7
981,1386,0.67
990,1386,0.435
999,1386,0.413
1008,1386,0.314
1017,1386,0.263
1026,1386,0.28
1035,1386,0.335
1044,1386,0.355
1053,1386,0.266
1062,1386,0.283
1071,1386,0.337
1080,1386,0.399
1089,1386,0.339
1098,1386,0.359
1107,1386,0.381
1116,1386,0.403
1125,1386,0.382
1134,1386,0.362
1143,1386,0.428
1152,1386,0.407
1161,1386,0.478
1170,1386,0.366
1179,1386,0.346
1188,1386,0.457
1197,1386,0.483
1206,1386,0.413
1215,1386,0.392
1224,1386,0.462
1233,1386,0.541
1242,1386,0.571
1251,1386,0.545
1260,1386,0.519
1269,1386,0.495
1278,1386,0.579
1287,1386,0.738
1296,1386,0.848
1305,1386,0.968
1314,1386,1.1
1323,1386,1.243
1332,1386,1.203
1341,1386,1.257
1350,1386,1.125
1359,1386,1.273
1368,1386,1.434
1377,1386,1.498
1386,1386,1.564
1395,1386,1.411
1404,1386,1.267
1413,1386,1.433
1422,1386,1.39
1431,1386,1.456
1440,1386,1.205
1449,1386,1.07
1458,1386,1.033
1467,1386,1.088
1476,1386,1.146
1485,1386,1.206
1494,1386,0.887
1503,1386,0.938
1512,1386,1.088
1521,1386,1.049
1530,1386,1.011
1539,1386,0.974
1548,1386,0.61
1557,1386,0.513
1566,1386,0.485
1575,1386,0.4
1584,1386,0.374
1593,1386,0.404
1602,1386,0.326
1611,1386,0.302
1620,1386,0.28
1629,1386,0.304
1638,1386,0.281
1647,1386,0.359
1656,1386,0.333
1665,1386,0.363
1674,1386,0.236
1683,1386,0.214
1692,1386,0.193
1701,1386,0.259
1710,1386,0.343
1719,1386,0.377
1728,1386,0.491
1737,1386,0.383
1746,1386,0.504
1755,1386,0.32
1764,1386,0.29
1773,1386,0.205
1782,1386,0.231
1791,1386,0.26
1800,1386,0.369
1809,1386,0.259
1818,1386,0.226
1827,1386,0.258
1836,1386,0.298
1845,1386,0.345
1854,1386,0.404
1863,1386,0.479
1872,1386,0.208
1881,1386,0.25
1890,1386,0.465
1899,1386,0.241
1908,1386,0.562
1917,1386,0.997
9,1395,-0.032
18,1395,-0.202
27,1395,-0.043
36,1395,-0.077
45,1395,-0.115
54,1395,-0.035
63,1395,-0.032
72,1395,-0.029
81,1395,-0.099
90,1395,-0.238
99,1395,-0.206
108,1395,-0.133
117,1395,-0.21
126,1395,-0.24
135,1395,-0.341
144,1395,-0.558
153,1395,-0.709
162,1395,-0.536
171,1395,-0.33
180,1395,-0.435
189,1395,-0.555
198,1395,-0.425
207,1395,-0.629
216,1395,-0.666
225,1395,-0.807
234,1395,-0.847
243,1395,-0.682
252,1395,-0.628
261,1395,-0.578
270,1395,-0.699
279,1395,-0.565
288,1395,-0.598
297,1395,-0.631
306,1395,-0.585
315,1395,-0.699
324,1395,-0.823
333,1395,-0.683
342,1395,-0.717
351,1395,-0.459
360,1395,-0.321
369,1395,-0.255
378,1395,-0.275
387,1395,-0.295
396,1395,-0.273
405,1395,-0.252
414,1395,-0.271
423,1395,-0.335
432,1395,-0.357
441,1395,-0.431
450,1395,-0.354
459,1395,-0.287
468,1395,-0.267
477,1395,-0.285
486,1395,-0.395
495,1395,-0.528
504,1395,-0.555
513,1395,-0.466
522,1395,-0.342
531,1395,-0.363
540,1395,-0.34
549,1395,-0.36
558,1395,-0.429
567,1395,-0.452
576,1395,-0.425
585,1395,-0.4
594,1395,-0.472
603,1395,-0.611
612,1395,-0.639
621,1395,-0.668
630,1395,-0.766
639,1395,-0.487
648,1395,-0.46
657,1395,-0.434
666,1395,-0.456
675,1395,-0.43
684,1395,-0.453
693,1395,-0.476
702,1395,-0.449
711,1395,-0.424
720,1395,-0.357
729,1395,-0.421
738,1395,-0.355
747,1395,-0.418
756,1395,-0.541
765,1395,-0.512
774,1395,-0.592
783,1395,-0.679
792,1395,-0.588
801,1395,-0.456
810,1395,-0.479
819,1395,-0.502
828,1395,-0.526
837,1395,-0.499
846,1395,-0.473
855,1395,-0.448
864,1395,-0.423
873,1395,-0.445
882,1395,-0.57
891,1395,-0.541
900,1395,-0.567
909,1395,-0.488
918,1395,-0.563
927,1395,-0.647
936,1395,-0.804
945,1395,-0.768
954,1395,-0.8
963,1395,-0.833
972,1395,0.731
981,1395,0.698
990,1395,0.453
999,1395,0.429
1008,1395,0.325
1017,1395,0.271
1026,1395,0.287
1035,1395,0.341
1044,1395,0.36
1053,1395,0.268
1062,1395,0.284
1071,1395,0.337
1080,1395,0.398
1089,1395,0.335
1098,1395,0.354
1107,1395,0.374
1116,1395,0.394
1125,1395,0.372
1134,1395,0.351
1143,1395,0.413
1152,1395,0.39
1161,1395,0.458
1170,1395,0.347
1179,1395,0.326
1188,1395,0.432
1197,1395,0.454
1206,1395,0.385
1215,1395,0.363
1224,1395,0.428
1233,1395,0.502
1242,1395,0.528
1251,1395,0.501
1260,1395,0.474
1269,1395,0.449
1278,1395,0.526
1287,1395,0.674
1296,1395,0.775
1305,1395,0.886
1314,1395,1.007
1323,1395,1.139
1332,1395,1.097
1341,1395,1.145
1350,1395,1.015
1359,1395,1.151
1368,1395,1.299
1377,1395,1.354
1386,1395,1.411
1395,1395,1.262
1404,1395,1.122
1413,1395,1.272
1422,1395,1.227
1431,1395,1.283
1440,1395,1.046
1449,1395,0.918
1458,1395,0.879
1467,1395,0.924
1476,1395,0.972
1485,1395,1.022
1494,1395,0.73
1503,1395,0.772
1512,1395,0.9
1521,1395,0.861
1530,1395,0.822
1539,1395,0.784
1548,1395,0.466
1557,1395,0.381
1566,1395,0.355
1575,1395,0.283
1584,1395,0.26
1593,1395,0.28
1602,1395,0.217
1611,1395,0.197
1620,1395,0.177
1629,1395,0.193
1638,1395,0.173
1647,1395,0.227
1656,1395,0.205
1665,1395,0.223
1674,1395,0.164
1683,1395,0.144
1692,1395,0.126
1701,1395,0.174
1710,1395,0.286
1719,1395,0.312
1728,1395,0.41
1737,1395,0.31
1746,1395,0.411
1755,1395,0.248
1764,1395,0.219
1773,1395,0.19
1782,1395,0.212
1791,1395,0.236
1800,1395,0.336
1809,1395,0.229
1818,1395,0.195
1827,1395,0.221
1836,1395,0.251
1845,1395,0.288
1854,1395,0.333
1863,1395,0.389
1872,1395,0.229
1881,1395,0.272
1890,1395,0.495
1899,1395,0.257
1908,1395,0.585
1917,1395,1.02
9,1404,-0.03
18,1404,-0.19
27,1404,-0.038
36,1404,-0.069
45,1404,-0.103
54,1404,-0.03
63,1404,-0.027
72,1404,-0.024
81,1404,-0.085
90,1404,-0.209
99,1404,-0.179
108,1404,-0.112
117,1404,-0.18
126,1404,-0.206
135,1404,-0.296
144,1404,-0.492
153,1404,-0.63
162,1404,-0.468
171,1404,-0.28
180,1404,-0.373
189,1404,-0.48
198,1404,-0.361
207,1404,-0.543
216,1404,-0.575
225,1404,-0.701
234,1404,-0.735
243,1404,-0.583
252,1404,-0.532
261,1404,-0.486
270,1404,-0.592
279,1404,-0.471
288,1404,-0.498
297,1404,-0.526
306,1404,-0.483
315,1404,-0.583
324,1404,-0.692
333,1404,-0.565
342,1404,-0.593
351,1404,-0.366
360,1404,-0.248
369,1404,-0.192
378,1404,-0.207
387,1404,-0.223
396,1404,-0.204
405,1404,-0.187
414,1404,-0.201
423,1404,-0.252
432,1404,-0.269
441,1404,-0.329
450,1404,-0.264
459,1404,-0.209
468,1404,-0.192
477,1404,-0.206
486,1404,-0.293
495,1404,-0.402
504,1404,-0.424
513,1404,-0.348
522,1404,-0.247
531,1404,-0.262
540,1404,-0.243
549,1404,-0.258
558,1404,-0.312
567,1404,-0.33
576,1404,-0.307
585,1404,-0.285
594,1404,-0.342
603,1404,-0.454
612,1404,-0.476
621,1404,-0.498
630,1404,-0.578
639,1404,-0.348
648,1404,-0.325
657,1404,-0.303
666,1404,-0.319
675,1404,-0.298
684,1404,-0.314
693,1404,-0.331
702,1404,-0.309
711,1404,-0.288
720,1404,-0.236
729,1404,-0.283
738,1404,-0.232
747,1404,-0.279
756,1404,-0.372
765,1404,-0.349
774,1404,-0.409
783,1404,-0.477
792,1404,-0.403
801,1404,-0.3
810,1404,-0.316
819,1404,-0.332
828,1404,-0.349
837,1404,-0.327
846,1404,-0.306
855,1404,-0.286
864,1404,-0.267
873,1404,-0.317
882,1404,-0.416
891,1404,-0.391
900,1404,-0.41
909,1404,-0.345
918,1404,-0.404
927,1404,-0.47
936,1404,-0.597
945,1404,-0.565
954,1404,-0.589
963,1404,-0.613
972,1404,0.528
981,1404,0.551
990,1404,0.341
999,1404,0.319
1008,1404,0.234
1017,1404,0.19
1026,1404,0.201
1035,1404,0.243
1044,1404,0.256
1053,1404,0.183
1062,1404,0.194
1071,1404,0.234
1080,1404,0.28
1089,1404,0.23
1098,1404,0.243
1107,1404,0.257
1116,1404,0.271
1125,1404,0.252
1134,1404,0.235
1143,1404,0.281
1152,1404,0.262
1161,1404,0.312
1170,1404,0.226
1179,1404,0.239
1188,1404,0.324
1197,1404,0.341
1206,1404,0.282
1215,1404,0.297
1224,1404,0.353
1233,1404,0.416
1242,1404,0.437
1251,1404,0.411
1260,1404,0.385
1269,1404,0.361
1278,1404,0.426
1287,1404,0.553
1296,1404,0.64
1305,1404,0.736
1314,1404,0.842
1323,1404,0.957
1332,1404,0.915
1341,1404,0.954
1350,1404,0.833
1359,1404,0.95
1368,1404,1.078
1377,1404,1.123
1386,1404,1.17
1395,1404,1.032
1404,1404,0.903
1413,1404,1.031
1422,1404,0.986
1431,1404,1.03
1440,1404,0.818
1449,1404,0.704
1458,1404,0.666
1467,1404,0.701
1476,1404,0.736
1485,1404,0.774
1494,1404,0.591
1503,1404,0.623
1512,1404,0.732
1521,1404,0.771
1530,1404,0.731
1539,1404,0.691
1548,1404,0.396
1557,1404,0.318
1566,1404,0.292
1575,1404,0.226
1584,1404,0.205
1593,1404,0.22
1602,1404,0.165
1611,1404,0.146
1620,1404,0.129
1629,1404,0.171
1638,1404,0.151
1647,1404,0.199
1656,1404,0.177
1665,1404,0.191
1674,1404,0.136
1683,1404,0.118
1692,1404,0.101
1701,1404,0.14
1710,1404,0.234
1719,1404,0.255
1728,1404,0.337
1737,1404,0.246
1746,1404,0.33
1755,1404,0.187
1764,1404,0.16
1773,1404,0.134
1782,1404,0.148
1791,1404,0.164
1800,1404,0.238
1809,1404,0.15
1818,1404,0.12
1827,1404,0.134
1836,1404,0.15
1845,1404,0.168
1854,1404,0.19
1863,1404,0.31
1872,1404,0.166
1881,1404,0.192
1890,1404,0.356
1899,1404,0.151
1908,1404,0.353
1917,1404,0.543
9,1413,-0.028
18,1413,-0.179
27,1413,-0.034
36,1413,-0.062
45,1413,-0.092
54,1413,-0.025
63,1413,-0.022
72,1413,-0.02
81,1413,-0.072
90,1413,-0.182
99,1413,-0.154
108,1413,-0.094
117,1413,-0.203
126,1413,-0.229
135,1413,-0.322
144,1413,-0.525
153,1413,-0.665
162,1413,-0.491
171,1413,-0.292
180,1413,-0.384
189,1413,-0.491
198,1413,-0.366
207,1413,-0.547
216,1413,-0.576
225,1413,-0.699
234,1413,-0.729
243,1413,-0.574
252,1413,-0.52
261,1413,-0.471
270,1413,-0.573
279,1413,-0.451
288,1413,-0.475
297,1413,-0.499
306,1413,-0.456
315,1413,-0.549
324,1413,-0.652
333,1413,-0.527
342,1413,-0.552
351,1413,-0.333
360,1413,-0.221
369,1413,-0.168
378,1413,-0.181
387,1413,-0.195
396,1413,-0.176
405,1413,-0.16
414,1413,-0.172
423,1413,-0.216
432,1413,-0.23
441,1413,-0.284
450,1413,-0.224
459,1413,-0.204
468,1413,-0.186
477,1413,-0.198
486,1413,-0.282
495,1413,-0.387
504,1413,-0.406
513,1413,-0.331
522,1413,-0.231
531,1413,-0.245
540,1413,-0.225
549,1413,-0.238
558,1413,-0.288
567,1413,-0.303
576,1413,-0.319
585,1413,-0.295
594,1413,-0.351
603,1413,-0.464
612,1413,-0.484
621,1413,-0.504
630,1413,-0.583
639,1413,-0.349
648,1413,-0.323
657,1413,-0.3
666,1413,-0.315
675,1413,-0.292
684,1413,-0.306
693,1413,-0.321
702,1413,-0.298
711,1413,-0.276
720,1413,-0.256
729,1413,-0.305
738,1413,-0.249
747,1413,-0.297
756,1413,-0.392
765,1413,-0.366
774,1413,-0.427
783,1413,-0.495
792,1413,-0.417
801,1413,-0.348
810,1413,-0.364
819,1413,-0.424
828,1413,-0.442
837,1413,-0.414
846,1413,-0.387
855,1413,-0.361
864,1413,-0.337
873,1413,-0.394
882,1413,-0.507
891,1413,-0.476
900,1413,-0.495
909,1413,-0.419
918,1413,-0.484
927,1413,-0.556
936,1413,-0.696
945,1413,-0.658
954,1413,-0.682
963,1413,-0.706
972,1413,0.609
981,1413,0.632
990,1413,0.397
999,1413,0.372
1008,1413,0.274
1017,1413,0.224
1026,1413,0.235
1035,1413,0.28
1044,1413,0.293
1053,1413,0.211
1062,1413,0.222
1071,1413,0.265
1080,1413,0.314
1089,1413,0.258
1098,1413,0.271
1107,1413,0.284
1116,1413,0.298
1125,1413,0.277
1134,1413,0.256
1143,1413,0.304
1152,1413,0.282
1161,1413,0.334
1170,1413,0.242
1179,1413,0.254
1188,1413,0.341
1197,1413,0.357
1206,1413,0.333
1215,1413,0.348
1224,1413,0.409
1233,1413,0.477
1242,1413,0.497
1251,1413,0.467
1260,1413,0.437
1269,1413,0.409
1278,1413,0.477
1287,1413,0.613
1296,1413,0.704
1305,1413,0.803
1314,1413,0.912
1323,1413,1.03
1332,1413,0.983
1341,1413,1.02
1350,1413,0.891
1359,1413,1.01
1368,1413,1.139
1377,1413,1.182
1386,1413,1.226
1395,1413,1.08
1404,1413,0.944
1413,1413,1.072
1422,1413,1.022
1431,1413,1.064
1440,1413,0.843
1449,1413,0.723
1458,1413,0.682
1467,1413,0.714
1476,1413,0.747
1485,1413,0.782
1494,1413,0.594
1503,1413,0.623
1512,1413,0.73
1521,1413,0.765
1530,1413,0.722
1539,1413,0.679
1548,1413,0.384
1557,1413,0.305
1566,1413,0.277
1575,1413,0.212
1584,1413,0.19
1593,1413,0.203
1602,1413,0.149
1611,1413,0.131
1620,1413,0.114
1629,1413,0.15
1638,1413,0.131
1647,1413,0.173
1656,1413,0.151
1665,1413,0.162
1674,1413,0.141
1683,1413,0.121
1692,1413,0.102
1701,1413,0.14
1710,1413,0.234
1719,1413,0.253
1728,1413,0.332
1737,1413,0.239
1746,1413,0.319
1755,1413,0.225
1764,1413,0.193
1773,1413,0.162
1782,1413,0.177
1791,1413,0.194
1800,1413,0.275
1809,1413,0.176
1818,1413,0.141
1827,1413,0.156
1836,1413,0.172
1845,1413,0.191
1854,1413,0.214
1863,1413,0.341
1872,1413,0.184
1881,1413,0.21
1890,1413,0.381
1899,1413,0.162
1908,1413,0.37
1917,1413,0.559
9,1422,-0.026
18,1422,-0.168
27,1422,-0.031
36,1422,-0.055
45,1422,-0.081
54,1422,-0.021
63,1422,-0.019
72,1422,-0.016
81,1422,-0.061
90,1422,-0.158
99,1422,-0.132
108,1422,-0.078
117,1422,-0.174
126,1422,-0.195
135,1422,-0.277
144,1422,-0.461
153,1422,-0.588
162,1422,-0.426
171,1422,-0.245
180,1422,-0.326
189,1422,-0.42
198,1422,-0.307
207,1422,-0.468
216,1422,-0.492
225,1422,-0.602
234,1422,-0.627
243,1422,-0.484
252,1422,-0.435
261,1422,-0.39
270,1422,-0.478
279,1422,-0.369
288,1422,-0.389
297,1422,-0.409
306,1422,-0.429
315,1422,-0.517
324,1422,-0.613
333,1422,-0.491
342,1422,-0.511
351,1422,-0.302
360,1422,-0.196
369,1422,-0.147
378,1422,-0.158
387,1422,-0.169
396,1422,-0.151
405,1422,-0.162
414,1422,-0.173
423,1422,-0.217
432,1422,-0.229
441,1422,-0.281
450,1422,-0.22
459,1422,-0.199
468,1422,-0.18
477,1422,-0.191
486,1422,-0.272
495,1422,-0.373
504,1422,-0.389
513,1422,-0.314
522,1422,-0.216
531,1422,-0.228
540,1422,-0.208
549,1422,-0.219
558,1422,-0.265
567,1422,-0.278
576,1422,-0.292
585,1422,-0.267
594,1422,-0.319
603,1422,-0.424
612,1422,-0.441
621,1422,-0.458
630,1422,-0.529
639,1422,-0.309
648,1422,-0.284
657,1422,-0.261
666,1422,-0.273
675,1422,-0.251
684,1422,-0.263
693,1422,-0.275
702,1422,-0.253
711,1422,-0.232
720,1422,-0.213
729,1422,-0.255
738,1422,-0.205
747,1422,-0.245
756,1422,-0.329
765,1422,-0.343
774,1422,-0.4
783,1422,-0.463
792,1422,-0.386
801,1422,-0.319
810,1422,-0.332
819,1422,-0.388
828,1422,-0.403
837,1422,-0.375
846,1422,-0.348
855,1422,-0.322
864,1422,-0.298
873,1422,-0.349
882,1422,-0.452
891,1422,-0.422
900,1422,-0.438
909,1422,-0.365
918,1422,-0.424
927,1422,-0.488
936,1422,-0.615
945,1422,-0.578
954,1422,-0.597
963,1422,-0.617
972,1422,0.526
981,1422,0.545
990,1422,0.331
999,1422,0.307
1008,1422,0.22
1017,1422,0.176
1026,1422,0.211
1035,1422,0.252
1044,1422,0.263
1053,1422,0.186
1062,1422,0.195
1071,1422,0.233
1080,1422,0.276
1089,1422,0.224
1098,1422,0.234
1107,1422,0.245
1116,1422,0.256
1125,1422,0.235
1134,1422,0.216
1143,1422,0.257
1152,1422,0.236
1161,1422,0.281
1170,1422,0.198
1179,1422,0.208
1188,1422,0.282
1197,1422,0.295
1206,1422,0.308
1215,1422,0.321
1224,1422,0.377
1233,1422,0.44
1242,1422,0.457
1251,1422,0.426
1260,1422,0.396
1269,1422,0.367
1278,1422,0.43
1287,1422,0.555
1296,1422,0.637
1305,1422,0.728
1314,1422,0.828
1323,1422,0.936
1332,1422,0.887
1341,1422,0.919
1350,1422,0.794
1359,1422,0.902
1368,1422,1.019
1377,1422,1.055
1386,1422,1.187
1395,1422,1.038
1404,1422,0.901
1413,1422,1.022
1422,1422,0.97
1431,1422,1.099
1440,1422,0.869
1449,1422,0.742
1458,1422,0.698
1467,1422,0.805
1476,1422,0.838
1485,1422,0.873
1494,1422,0.667
1503,1422,0.696
1512,1422,0.808
1521,1422,0.843
1530,1422,0.793
1539,1422,0.745
1548,1422,0.426
1557,1422,0.339
1566,1422,0.357
1575,1422,0.278
1584,1422,0.25
1593,1422,0.264
1602,1422,0.198
1611,1422,0.174
1620,1422,0.152
1629,1422,0.196
1638,1422,0.172
1647,1422,0.222
1656,1422,0.194
1665,1422,0.207
1674,1422,0.18
1683,1422,0.155
1692,1422,0.132
1701,1422,0.177
1710,1422,0.286
1719,1422,0.305
1728,1422,0.394
1737,1422,0.287
1746,1422,0.376
1755,1422,0.269
1764,1422,0.231
1773,1422,0.195
1782,1422,0.21
1791,1422,0.228
1800,1422,0.317
1809,1422,0.205
1818,1422,0.165
1827,1422,0.18
1836,1422,0.197
1845,1422,0.216
1854,1422,0.24
1863,1422,0.374
1872,1422,0.204
1881,1422,0.229
1890,1422,0.408
1899,1422,0.174
1908,1422,0.388
1917,1422,0.575
9,1431,-0.024
18,1431,-0.157
27,1431,-0.027
36,1431,-0.049
45,1431,-0.072
54,1431,-0.018
63,1431,-0.015
72,1431,-0.013
81,1431,-0.051
90,1431,-0.136
99,1431,-0.112
108,1431,-0.064
117,1431,-0.147
126,1431,-0.165
135,1431,-0.237
144,1431,-0.403
153,1431,-0.517
162,1431,-0.367
171,1431,-0.204
180,1431,-0.274
189,1431,-0.357
198,1431,-0.254
207,1431,-0.396
216,1431,-0.416
225,1431,-0.513
234,1431,-0.534
243,1431,-0.404
252,1431,-0.359
261,1431,-0.318
270,1431,-0.394
279,1431,-0.298
288,1431,-0.313
297,1431,-0.329
306,1431,-0.345
315,1431,-0.42
324,1431,-0.504
333,1431,-0.395
342,1431,-0.411
351,1431,-0.232
360,1431,-0.144
369,1431,-0.105
378,1431,-0.113
387,1431,-0.121
396,1431,-0.106
405,1431,-0.114
414,1431,-0.122
423,1431,-0.155
432,1431,-0.165
441,1431,-0.205
450,1431,-0.156
459,1431,-0.139
468,1431,-0.124
477,1431,-0.131
486,1431,-0.193
495,1431,-0.273
504,1431,-0.285
513,1431,-0.224
522,1431,-0.147
531,1431,-0.156
540,1431,-0.139
549,1431,-0.147
558,1431,-0.181
567,1431,-0.191
576,1431,-0.2
585,1431,-0.181
594,1431,-0.219
603,1431,-0.3
612,1431,-0.312
621,1431,-0.367
630,1431,-0.428
639,1431,-0.238
648,1431,-0.216
657,1431,-0.196
666,1431,-0.236
675,1431,-0.214
684,1431,-0.224
693,1431,-0.234
702,1431,-0.213
711,1431,-0.193
720,1431,-0.175
729,1431,-0.211
738,1431,-0.166
747,1431,-0.2
756,1431,-0.272
765,1431,-0.283
774,1431,-0.332
783,1431,-0.386
792,1431,-0.317
801,1431,-0.257
810,1431,-0.267
819,1431,-0.314
828,1431,-0.326
837,1431,-0.337
846,1431,-0.311
855,1431,-0.286
864,1431,-0.262
873,1431,-0.308
882,1431,-0.401
891,1431,-0.371
900,1431,-0.384
909,1431,-0.316
918,1431,-0.368
927,1431,-0.425
936,1431,-0.54
945,1431,-0.503
954,1431,-0.519
963,1431,-0.535
972,1431,0.45
981,1431,0.465
990,1431,0.272
999,1431,0.25
1008,1431,0.174
1017,1431,0.136
1026,1431,0.164
1035,1431,0.197
1044,1431,0.206
1053,1431,0.14
1062,1431,0.147
1071,1431,0.177
1080,1431,0.212
1089,1431,0.167
1098,1431,0.175
1107,1431,0.182
1116,1431,0.19
1125,1431,0.172
1134,1431,0.155
1143,1431,0.187
1152,1431,0.17
1161,1431,0.204
1170,1431,0.137
1179,1431,0.144
1188,1431,0.201
1197,1431,0.21
1206,1431,0.218
1215,1431,0.228
1224,1431,0.27
1233,1431,0.319
1242,1431,0.331
1251,1431,0.304
1260,1431,0.316
1269,1431,0.289
1278,1431,0.341
1287,1431,0.447
1296,1431,0.517
1305,1431,0.594
1314,1431,0.679
1323,1431,0.772
1332,1431,0.797
1341,1431,0.823
1350,1431,0.703
1359,1431,0.8
1368,1431,0.906
1377,1431,0.936
1386,1431,1.054
1395,1431,0.912
1404,1431,0.781
1413,1431,0.888
1422,1431,0.836
1431,1431,0.95
1440,1431,0.736
1449,1431,0.618
1458,1431,0.575
1467,1431,0.666
1476,1431,0.692
1485,1431,0.719
1494,1431,0.533
1503,1431,0.555
1512,1431,0.649
1521,1431,0.675
1530,1431,0.628
1539,1431,0.581
1548,1431,0.31
1557,1431,0.238
1566,1431,0.249
1575,1431,0.222
1584,1431,0.195
1593,1431,0.205
1602,1431,0.148
1611,1431,0.127
1620,1431,0.108
1629,1431,0.142
1638,1431,0.121
1647,1431,0.158
1656,1431,0.135
1665,1431,0.142
1674,1431,0.12
1683,1431,0.099
1692,1431,0.081
1701,1431,0.111
1710,1431,0.189
1719,1431,0.2
1728,1431,0.263
1737,1431,0.18
1746,1431,0.241
1755,1431,0.158
1764,1431,0.129
1773,1431,0.102
1782,1431,0.108
1791,1431,0.156
1800,1431,0.221
1809,1431,0.131
1818,1431,0.098
1827,1431,0.104
1836,1431,0.111
1845,1431,0.118
1854,1431,0.126
1863,1431,0.205
1872,1431,0.145
1881,1431,0.157
1890,1431,0.283
1899,1431,0.093
1908,1431,0.209
1917,1431,0.591
9,1440,-0.022
18,1440,-0.147
27,1440,-0.024
36,1440,-0.043
45,1440,-0.063
54,1440,-0.015
63,1440,-0.012
72,1440,-0.01
81,1440,-0.042
90,1440,-0.117
99,1440,-0.094
108,1440,-0.052
117,1440,-0.123
126,1440,-0.138
135,1440,-0.201
144,1440,-0.349
153,1440,-0.451
162,1440,-0.313
171,1440,-0.167
180,1440,-0.228
189,1440,-0.3
198,1440,-0.208
207,1440,-0.332
216,1440,-0.348
225,1440,-0.433
234,1440,-0.45
243,1440,-0.333
252,1440,-0.292
261,1440,-0.256
270,1440,-0.32
279,1440,-0.236
288,1440,-0.248
297,1440,-0.261
306,1440,-0.273
315,1440,-0.336
324,1440,-0.407
333,1440,-0.311
342,1440,-0.324
351,1440,-0.174
360,1440,-0.103
369,1440,-0.072
378,1440,-0.078
387,1440,-0.083
396,1440,-0.072
405,1440,-0.077
414,1440,-0.083
423,1440,-0.107
432,1440,-0.114
441,1440,-0.144
450,1440,-0.106
459,1440,-0.093
468,1440,-0.081
477,1440,-0.086
486,1440,-0.132
495,1440,-0.193
504,1440,-0.202
513,1440,-0.153
522,1440,-0.096
531,1440,-0.101
540,1440,-0.089
549,1440,-0.112
558,1440,-0.14
567,1440,-0.147
576,1440,-0.154
585,1440,-0.137
594,1440,-0.168
603,1440,-0.235
612,1440,-0.244
621,1440,-0.289
630,1440,-0.34
639,1440,-0.178
648,1440,-0.16
657,1440,-0.143
666,1440,-0.174
675,1440,-0.156
684,1440,-0.189
693,1440,-0.196
702,1440,-0.177
711,1440,-0.159
720,1440,-0.165
729,1440,-0.199
738,1440,-0.155
747,1440,-0.186
756,1440,-0.254
765,1440,-0.263
774,1440,-0.308
783,1440,-0.358
792,1440,-0.291
801,1440,-0.233
810,1440,-0.241
819,1440,-0.284
828,1440,-0.331
837,1440,-0.341
846,1440,-0.313
855,1440,-0.286
864,1440,-0.261
873,1440,-0.305
882,1440,-0.396
891,1440,-0.365
900,1440,-0.376
909,1440,-0.307
918,1440,-0.356
927,1440,-0.411
936,1440,-0.521
945,1440,-0.483
954,1440,-0.497
963,1440,-0.51
972,1440,0.425
981,1440,0.438
990,1440,0.251
999,1440,0.26
1008,1440,0.18
1017,1440,0.14
1026,1440,0.169
1035,1440,0.201
1044,1440,0.208
1053,1440,0.141
1062,1440,0.147
1071,1440,0.176
1080,1440,0.21
1089,1440,0.164
1098,1440,0.171
1107,1440,0.177
1116,1440,0.184
1125,1440,0.165
1134,1440,0.148
1143,1440,0.178
1152,1440,0.16
1161,1440,0.191
1170,1440,0.127
1179,1440,0.132
1188,1440,0.185
1197,1440,0.192
1206,1440,0.199
1215,1440,0.207
1224,1440,0.246
1233,1440,0.29
1242,1440,0.3
1251,1440,0.272
1260,1440,0.282
1269,1440,0.256
1278,1440,0.342
1287,1440,0.447
1296,1440,0.515
1305,1440,0.653
1314,1440,0.741
1323,1440,0.837
1332,1440,0.86
1341,1440,0.884
1350,1440,0.755
1359,1440,0.854
1368,1440,0.962
1377,1440,0.989
1386,1440,1.109
1395,1440,0.957
1404,1440,0.818
1413,1440,0.926
1422,1440,0.869
1431,1440,0.983
1440,1440,0.759
1449,1440,0.636
1458,1440,0.588
1467,1440,0.679
1476,1440,0.702
1485,1440,0.726
1494,1440,0.536
1503,1440,0.555
1512,1440,0.646
1521,1440,0.67
1530,1440,0.619
1539,1440,0.57
1548,1440,0.299
1557,1440,0.226
1566,1440,0.236
1575,1440,0.246
1584,1440,0.216
1593,1440,0.226
1602,1440,0.163
1611,1440,0.14
1620,1440,0.118
1629,1440,0.153
1638,1440,0.129
1647,1440,0.167
1656,1440,0.142
1665,1440,0.148
1674,1440,0.124
1683,1440,0.102
1692,1440,0.082
1701,1440,0.112
1710,1440,0.188
1719,1440,0.198
1728,1440,0.259
1737,1440,0.174
1746,1440,0.231
1755,1440,0.193
1764,1440,0.157
1773,1440,0.125
1782,1440,0.132
1791,1440,0.185
1800,1440,0.257
1809,1440,0.154
1818,1440,0.117
1827,1440,0.123
1836,1440,0.129
1845,1440,0.136
1854,1440,0.144
1863,1440,0.228
1872,1440,0.162
1881,1440,0.173
1890,1440,0.305
1899,1440,0.101
1908,1440,0.221
1917,1440,0.608
9,1449,-0.021
18,1449,-0.137
27,1449,-0.021
36,1449,-0.038
45,1449,-0.055
54,1449,-0.012
63,1449,-0.01
72,1449,-0.008
81,1449,-0.034
90,1449,-0.099
99,1449,-0.078
108,1449,-0.042
117,1449,-0.102
126,1449,-0.115
135,1449,-0.169
144,1449,-0.3
153,1449,-0.391
162,1449,-0.265
171,1449,-0.136
180,1449,-0.187
189,1449,-0.249
198,1449,-0.168
207,1449,-0.275
216,1449,-0.287
225,1449,-0.361
234,1449,-0.374
243,1449,-0.271
252,1449,-0.234
261,1449,-0.202
270,1449,-0.256
279,1449,-0.183
288,1449,-0.193
297,1449,-0.202
306,1449,-0.212
315,1449,-0.264
324,1449,-0.323
333,1449,-0.241
342,1449,-0.251
351,1449,-0.126
360,1449,-0.071
369,1449,-0.048
378,1449,-0.051
387,1449,-0.055
396,1449,-0.047
405,1449,-0.05
414,1449,-0.067
423,1449,-0.088
432,1449,-0.093
441,1449,-0.118
450,1449,-0.085
459,1449,-0.073
468,1449,-0.063
477,1449,-0.067
486,1449,-0.104
495,1449,-0.155
504,1449,-0.162
513,1449,-0.12
522,1449,-0.072
531,1449,-0.076
540,1449,-0.066
549,1449,-0.084
558,1449,-0.106
567,1449,-0.11
576,1449,-0.115
585,1449,-0.101
594,1449,-0.125
603,1449,-0.179
612,1449,-0.186
621,1449,-0.223
630,1449,-0.264
639,1449,-0.13
648,1449,-0.115
657,1449,-0.12
666,1449,-0.146
675,1449,-0.129
684,1449,-0.157
693,1449,-0.163
702,1449,-0.145
711,1449,-0.129
720,1449,-0.134
729,1449,-0.161
738,1449,-0.123
747,1449,-0.149
756,1449,-0.206
765,1449,-0.213
774,1449,-0.251
783,1449,-0.293
792,1449,-0.233
801,1449,-0.21
810,1449,-0.248
819,1449,-0.289
828,1449,-0.336
837,1449,-0.345
846,1449,-0.314
855,1449,-0.286
864,1449,-0.259
873,1449,-0.302
882,1449,-0.392
891,1449,-0.358
900,1449,-0.368
909,1449,-0.298
918,1449,-0.345
927,1449,-0.396
936,1449,-0.503
945,1449,-0.464
954,1449,-0.475
963,1449,-0.538
972,1449,0.497
981,1449,0.509
990,1449,0.298
999,1449,0.306
1008,1449,0.215
1017,1449,0.167
1026,1449,0.199
1035,1449,0.234
1044,1449,0.241
1053,1449,0.164
1062,1449,0.17
1071,1449,0.202
1080,1449,0.238
1089,1449,0.186
1098,1449,0.192
1107,1449,0.198
1116,1449,0.204
1125,1449,0.183
1134,1449,0.163
1143,1449,0.195
1152,1449,0.174
1161,1449,0.207
1170,1449,0.137
1179,1449,0.142
1188,1449,0.197
1197,1449,0.203
1206,1449,0.209
1215,1449,0.216
1224,1449,0.254
1233,1449,0.298
1242,1449,0.307
1251,1449,0.278
1260,1449,0.286
1269,1449,0.258
1278,1449,0.343
1287,1449,0.447
1296,1449,0.513
1305,1449,0.649
1314,1449,0.734
1323,1449,0.827
1332,1449,0.847
1341,1449,0.868
1350,1449,0.736
1359,1449,0.83
1368,1449,0.933
1377,1449,0.956
1386,1449,1.07
1395,1449,0.918
1404,1449,0.778
1413,1449,0.88
1422,1449,0.82
1431,1449,0.927
1440,1449,0.707
1449,1449,0.586
1458,1449,0.538
1467,1449,0.621
1476,1449,0.639
1485,1449,0.734
1494,1449,0.538
1503,1449,0.555
1512,1449,0.644
1521,1449,0.664
1530,1449,0.61
1539,1449,0.558
1548,1449,0.288
1557,1449,0.215
1566,1449,0.223
1575,1449,0.231
1584,1449,0.201
1593,1449,0.208
1602,1449,0.147
1611,1449,0.124
1620,1449,0.103
1629,1449,0.133
1638,1449,0.111
1647,1449,0.143
1656,1449,0.149
1665,1449,0.155
1674,1449,0.128
1683,1449,0.104
1692,1449,0.108
1701,1449,0.143
1710,1449,0.233
1719,1449,0.243
1728,1449,0.312
1737,1449,0.213
1746,1449,0.278
1755,1449,0.232
1764,1449,0.191
1773,1449,0.152
1782,1449,0.159
1791,1449,0.219
1800,1449,0.298
1809,1449,0.182
1818,1449,0.138
1827,1449,0.143
1836,1449,0.15
1845,1449,0.156
1854,1449,0.163
1863,1449,0.254
1872,1449,0.18
1881,1449,0.19
1890,1449,0.328
1899,1449,0.109
1908,1449,0.233
1917,1449,0.625
9,1458,-0.019
18,1458,-0.128
27,1458,-0.019
36,1458,-0.033
45,1458,-0.048
54,1458,-0.01
63,1458,-0.008
72,1458,-0.006
81,1458,-0.028
90,1458,-0.083
99,1458,-0.065
108,1458,-0.033
117,1458,-0.084
126,1458,-0.094
135,1458,-0.14
144,1458,-0.255
153,1458,-0.335
162,1458,-0.221
171,1458,-0.108
180,1458,-0.152
189,1458,-0.204
198,1458,-0.134
207,1458,-0.224
216,1458,-0.234
225,1458,-0.297
234,1458,-0.307
243,1458,-0.216
252,1458,-0.184
261,1458,-0.156
270,1458,-0.201
279,1458,-0.139
288,1458,-0.146
297,1458,-0.153
306,1458,-0.16
315,1458,-0.203
324,1458,-0.251
333,1458,-0.182
342,1458,-0.189
351,1458,-0.089
360,1458,-0.047
369,1458,-0.03
378,1458,-0.033
387,1458,-0.035
396,1458,-0.029
405,1458,-0.031
414,1458,-0.043
423,1458,-0.057
432,1458,-0.06
441,1458,-0.078
450,1458,-0.054
459,1458,-0.045
468,1458,-0.038
477,1458,-0.04
486,1458,-0.066
495,1458,-0.102
504,1458,-0.107
513,1458,-0.076
522,1458,-0.042
531,1458,-0.045
540,1458,-0.038
549,1458,-0.05
558,1458,-0.064
567,1458,-0.067
576,1458,-0.07
585,1458,-0.06
594,1458,-0.076
603,1458,-0.113
612,1458,-0.117
621,1458,-0.143
630,1458,-0.172
639,1458,-0.077
648,1458,-0.066
657,1458,-0.069
666,1458,-0.086
675,1458,-0.089
684,1458,-0.11
693,1458,-0.134
702,1458,-0.117
711,1458,-0.103
720,1458,-0.106
729,1458,-0.129
738,1458,-0.113
747,1458,-0.137
756,1458,-0.191
765,1458,-0.196
774,1458,-0.231
783,1458,-0.27
792,1458,-0.212
801,1458,-0.189
810,1458,-0.223
819,1458,-0.26
828,1458,-0.302
837,1458,-0.309
846,1458,-0.279
855,1458,-0.251
864,1458,-0.226
873,1458,-0.263
882,1458,-0.344
891,1458,-0.352
900,1458,-0.359
909,1458,-0.289
918,1458,-0.333
927,1458,-0.382
936,1458,-0.485
945,1458,-0.444
954,1458,-0.453
963,1458,-0.513
972,1458,0.471
981,1458,0.48
990,1458,0.275
999,1458,0.282
1008,1458,0.194
1017,1458,0.149
1026,1458,0.177
1035,1458,0.209
1044,1458,0.214
1053,1458,0.143
1062,1458,0.146
1071,1458,0.174
1080,1458,0.206
1089,1458,0.183
1098,1458,0.188
1107,1458,0.193
1116,1458,0.198
1125,1458,0.176
1134,1458,0.18
1143,1458,0.213
1152,1458,0.189
1161,1458,0.223
1170,1458,0.148
1179,1458,0.152
1188,1458,0.209
1197,1458,0.214
1206,1458,0.219
1215,1458,0.225
1224,1458,0.264
1233,1458,0.307
1242,1458,0.314
1251,1458,0.283
1260,1458,0.329
1269,1458,0.297
1278,1458,0.389
1287,1458,0.5
1296,1458,0.57
1305,1458,0.713
1314,1458,0.8
1323,1458,0.896
1332,1458,0.914
1341,1458,0.932
1350,1458,0.79
1359,1458,0.887
1368,1458,0.991
1377,1458,1.012
1386,1458,1.126
1395,1458,0.964
1404,1458,0.816
1413,1458,0.918
1422,1458,0.853
1431,1458,0.96
1440,1458,0.731
1449,1458,0.603
1458,1458,0.551
1467,1458,0.633
1476,1458,0.649
1485,1458,0.742
1494,1458,0.541
1503,1458,0.555
1512,1458,0.641
1521,1458,0.658
1530,1458,0.601
1539,1458,0.546
1548,1458,0.278
1557,1458,0.205
1566,1458,0.21
1575,1458,0.216
1584,1458,0.186
1593,1458,0.191
1602,1458,0.132
1611,1458,0.11
1620,1458,0.089
1629,1458,0.116
1638,1458,0.094
1647,1458,0.122
1656,1458,0.125
1665,1458,0.129
1674,1458,0.104
1683,1458,0.082
1692,1458,0.084
1701,1458,0.112
1710,1458,0.187
1719,1458,0.193
1728,1458,0.249
1737,1458,0.206
1746,1458,0.268
1755,1458,0.221
1764,1458,0.178
1773,1458,0.139
1782,1458,0.19
1791,1458,0.257
1800,1458,0.344
1809,1458,0.212
1818,1458,0.162
1827,1458,0.167
1836,1458,0.173
1845,1458,0.179
1854,1458,0.185
1863,1458,0.281
1872,1458,0.2
1881,1458,0.209
1890,1458,0.352
1899,1458,0.118
1908,1458,0.246
1917,1458,0.643
9,1467,-0.017
18,1467,-0.119
27,1467,-0.081
36,1467,-0.106
45,1467,-0.128
54,1467,-0.031
63,1467,-0.023
72,1467,-0.017
81,1467,-0.06
90,1467,-0.149
99,1467,-0.115
108,1467,-0.088
117,1467,-0.184
126,1467,-0.195
135,1467,-0.266
144,1467,-0.432
153,1467,-0.537
162,1467,-0.366
171,1467,-0.192
180,1467,-0.252
189,1467,-0.322
198,1467,-0.217
207,1467,-0.338
216,1467,-0.347
225,1467,-0.424
234,1467,-0.432
243,1467,-0.31
252,1467,-0.264
261,1467,-0.224
270,1467,-0.279
279,1467,-0.197
288,1467,-0.203
297,1467,-0.21
306,1467,-0.216
315,1467,-0.266
324,1467,-0.321
333,1467,-0.235
342,1467,-0.242
351,1467,-0.118
360,1467,-0.064
369,1467,-0.041
378,1467,-0.044
387,1467,-0.046
396,1467,-0.038
405,1467,-0.04
414,1467,-0.054
423,1467,-0.07
432,1467,-0.073
441,1467,-0.094
450,1467,-0.065
459,1467,-0.067
468,1467,-0.057
477,1467,-0.059
486,1467,-0.092
495,1467,-0.138
504,1467,-0.142
513,1467,-0.102
522,1467,-0.059
531,1467,-0.061
540,1467,-0.063
549,1467,-0.08
558,1467,-0.1
567,1467,-0.103
576,1467,-0.106
585,1467,-0.091
594,1467,-0.112
603,1467,-0.161
612,1467,-0.165
621,1467,-0.197
630,1467,-0.233
639,1467,-0.109
648,1467,-0.094
657,1467,-0.097
666,1467,-0.118
675,1467,-0.121
684,1467,-0.146
693,1467,-0.175
702,1467,-0.153
711,1467,-0.134
720,1467,-0.138
729,1467,-0.164
738,1467,-0.144
747,1467,-0.172
756,1467,-0.233
765,1467,-0.238
774,1467,-0.314
783,1467,-0.36
792,1467,-0.286
801,1467,-0.256
810,1467,-0.297
819,1467,-0.341
828,1467,-0.39
837,1467,-0.396
846,1467,-0.358
855,1467,-0.323
864,1467,-0.29
873,1467,-0.334
882,1467,-0.427
891,1467,-0.434
900,1467,-0.44
909,1467,-0.357
918,1467,-0.406
927,1467,-0.46
936,1467,-0.575
945,1467,-0.526
954,1467,-0.534
963,1467,-0.599
972,1467,0.549
981,1467,0.557
990,1467,0.326
999,1467,0.331
1008,1467,0.231
1017,1467,0.178
1026,1467,0.209
1035,1467,0.244
1044,1467,0.248
1053,1467,0.167
1062,1467,0.17
1071,1467,0.2
1080,1467,0.234
1089,1467,0.208
1098,1467,0.212
1107,1467,0.216
1116,1467,0.22
1125,1467,0.195
1134,1467,0.198
1143,1467,0.232
1152,1467,0.206
1161,1467,0.241
1170,1467,0.16
1179,1467,0.163
1188,1467,0.222
1197,1467,0.226
1206,1467,0.23
1215,1467,0.234
1224,1467,0.273
1233,1467,0.317
1242,1467,0.322
1251,1467,0.288
1260,1467,0.334
1269,1467,0.384
1278,1467,0.493
1287,1467,0.62
1296,1467,0.697
1305,1467,0.858
1314,1467,0.954
1323,1467,1.057
1332,1467,1.074
1341,1467,1.091
1350,1467,0.93
1359,1467,1.034
1368,1467,1.146
1377,1467,1.165
1386,1467,1.287
1395,1467,1.107
1404,1467,0.941
1413,1467,1.05
1422,1467,0.976
1431,1467,1.088
1440,1467,0.835
1449,1467,0.693
1458,1467,0.633
1467,1467,0.72
1476,1467,0.735
1485,1467,0.833
1494,1467,0.686
1503,1467,0.701
1512,1467,0.798
1521,1467,0.815
1530,1467,0.747
1539,1467,0.682
1548,1467,0.363
1557,1467,0.273
1566,1467,0.279
1575,1467,0.285
1584,1467,0.246
1593,1467,0.252
1602,1467,0.178
1611,1467,0.149
1620,1467,0.123
1629,1467,0.155
1638,1467,0.127
1647,1467,0.161
1656,1467,0.165
1665,1467,0.168
1674,1467,0.137
1683,1467,0.109
1692,1467,0.111
1701,1467,0.145
1710,1467,0.233
1719,1467,0.238
1728,1467,0.302
1737,1467,0.251
1746,1467,0.32
1755,1467,0.265
1764,1467,0.215
1773,1467,0.169
1782,1467,0.226
1791,1467,0.3
1800,1467,0.394
1809,1467,0.247
1818,1467,0.189
1827,1467,0.193
1836,1467,0.198
1845,1467,0.203
1854,1467,0.209
1863,1467,0.311
1872,1467,0.221
1881,1467,0.229
1890,1467,0.378
1899,1467,0.128
1908,1467,0.26
1917,1467,0.662
9,1476,-0.016
18,1476,-0.111
27,1476,-0.073
36,1476,-0.095
45,1476,-0.114
54,1476,-0.026
63,1476,-0.019
72,1476,-0.014
81,1476,-0.05
90,1476,-0.127
99,1476,-0.096
108,1476,-0.073
117,1476,-0.155
126,1476,-0.164
135,1476,-0.226
144,1476,-0.374
153,1476,-0.468
162,1476,-0.311
171,1476,-0.156
180,1476,-0.207
189,1476,-0.267
198,1476,-0.175
207,1476,-0.279
216,1476,-0.285
225,1476,-0.352
234,1476,-0.357
243,1476,-0.249
252,1476,-0.209
261,1476,-0.174
270,1476,-0.219
279,1476,-0.15
288,1476,-0.154
297,1476,-0.159
306,1476,-0.163
315,1476,-0.203
324,1476,-0.249
333,1476,-0.176
342,1476,-0.181
351,1476,-0.082
360,1476,-0.042
369,1476,-0.026
378,1476,-0.027
387,1476,-0.029
396,1476,-0.023
405,1476,-0.024
414,1476,-0.033
423,1476,-0.044
432,1476,-0.046
441,1476,-0.06
450,1476,-0.039
459,1476,-0.052
468,1476,-0.043
477,1476,-0.044
486,1476,-0.071
495,1476,-0.108
504,1476,-0.111
513,1476,-0.077
522,1476,-0.042
531,1476,-0.044
540,1476,-0.045
549,1476,-0.058
558,1476,-0.073
567,1476,-0.075
576,1476,-0.077
585,1476,-0.065
594,1476,-0.081
603,1476,-0.118
612,1476,-0.121
621,1476,-0.146
630,1476,-0.174
639,1476,-0.075
648,1476,-0.064
657,1476,-0.065
666,1476,-0.081
675,1476,-0.083
684,1476,-0.101
693,1476,-0.122
702,1476,-0.105
711,1476,-0.09
720,1476,-0.092
729,1476,-0.111
738,1476,-0.096
747,1476,-0.115
756,1476,-0.161
765,1476,-0.164
774,1476,-0.222
783,1476,-0.258
792,1476,-0.199
801,1476,-0.174
810,1476,-0.204
819,1476,-0.238
828,1476,-0.275
837,1476,-0.278
846,1476,-0.247
855,1476,-0.219
864,1476,-0.193
873,1476,-0.225
882,1476,-0.296
891,1476,-0.3
900,1476,-0.303
909,1476,-0.237
918,1476,-0.274
927,1476,-0.314
936,1476,-0.402
945,1476,-0.362
954,1476,-0.367
963,1476,-0.416
972,1476,0.375
981,1476,0.379
990,1476,0.203
999,1476,0.206
1008,1476,0.134
1017,1476,0.099
1026,1476,0.118
1035,1476,0.14
1044,1476,0.142
1053,1476,0.088
1062,1476,0.09
1071,1476,0.108
1080,1476,0.129
1089,1476,0.111
1098,1476,0.113
1107,1476,0.114
1116,1476,0.116
1125,1476,0.099
1134,1476,0.101
1143,1476,0.121
1152,1476,0.104
1161,1476,0.124
1170,1476,0.075
1179,1476,0.076
1188,1476,0.11
1197,1476,0.111
1206,1476,0.113
1215,1476,0.114
1224,1476,0.136
1233,1476,0.162
1242,1476,0.164
1251,1476,0.142
1260,1476,0.168
1269,1476,0.198
1278,1476,0.267
1287,1476,0.352
1296,1476,0.403
1305,1476,0.514
1314,1476,0.581
1323,1476,0.653
1332,1476,0.662
1341,1476,0.67
1350,1476,0.548
1359,1476,0.619
1368,1476,0.697
1377,1476,0.707
1386,1476,0.792
1395,1476,0.654
1404,1476,0.531
1413,1476,0.603
1422,1476,0.546
1431,1476,0.621
1440,1476,0.441
1449,1476,0.393
1458,1476,0.349
1467,1476,0.405
1476,1476,0.411
1485,1476,0.475
1494,1476,0.37
1503,1476,0.375
1512,1476,0.437
1521,1476,0.444
1530,1476,0.451
1539,1476,0.399
1548,1476,0.217
1557,1476,0.152
1566,1476,0.154
1575,1476,0.188
1584,1476,0.157
1593,1476,0.159
1602,1476,0.105
1611,1476,0.084
1620,1476,0.066
1629,1476,0.085
1638,1476,0.066
1647,1476,0.085
1656,1476,0.086
1665,1476,0.111
1674,1476,0.086
1683,1476,0.066
1692,1476,0.065
1701,1476,0.113
1710,1476,0.186
1719,1476,0.188
1728,1476,0.24
1737,1476,0.193
1746,1476,0.248
1755,1476,0.253
1764,1476,0.201
1773,1476,0.155
1782,1476,0.207
1791,1476,0.273
1800,1476,0.358
1809,1476,0.216
1818,1476,0.22
1827,1476,0.223
1836,1476,0.227
1845,1476,0.231
1854,1476,0.235
1863,1476,0.343
1872,1476,0.245
1881,1476,0.25
1890,1476,0.406
1899,1476,0.139
1908,1476,0.274
1917,1476,0.681
9,1485,-0.015
18,1485,-0.102
27,1485,-0.066
36,1485,-0.085
45,1485,-0.101
54,1485,-0.022
63,1485,-0.015
72,1485,-0.011
81,1485,-0.041
90,1485,-0.108
99,1485,-0.08
108,1485,-0.059
117,1485,-0.13
126,1485,-0.136
135,1485,-0.19
144,1485,-0.321
153,1485,-0.404
162,1485,-0.262
171,1485,-0.164
180,1485,-0.215
189,1485,-0.274
198,1485,-0.177
207,1485,-0.281
216,1485,-0.284
225,1485,-0.348
234,1485,-0.351
243,1485,-0.242
252,1485,-0.201
261,1485,-0.166
270,1485,-0.208
279,1485,-0.139
288,1485,-0.143
297,1485,-0.146
306,1485,-0.149
315,1485,-0.185
324,1485,-0.227
333,1485,-0.158
342,1485,-0.161
351,1485,-0.07
360,1485,-0.044
369,1485,-0.027
378,1485,-0.028
387,1485,-0.03
396,1485,-0.023
405,1485,-0.024
414,1485,-0.033
423,1485,-0.044
432,1485,-0.045
441,1485,-0.058
450,1485,-0.038
459,1485,-0.049
468,1485,-0.04
477,1485,-0.041
486,1485,-0.066
495,1485,-0.101
504,1485,-0.103
513,1485,-0.07
522,1485,-0.037
531,1485,-0.048
540,1485,-0.049
549,1485,-0.062
558,1485,-0.078
567,1485,-0.079
576,1485,-0.08
585,1485,-0.067
594,1485,-0.083
603,1485,-0.121
612,1485,-0.123
621,1485,-0.147
630,1485,-0.175
639,1485,-0.09
648,1485,-0.076
657,1485,-0.077
666,1485,-0.094
675,1485,-0.095
684,1485,-0.115
693,1485,-0.137
702,1485,-0.118
711,1485,-0.119
720,1485,-0.12
729,1485,-0.143
738,1485,-0.123
747,1485,-0.146
756,1485,-0.2
765,1485,-0.232
774,1485,-0.304
783,1485,-0.347
792,1485,-0.271
801,1485,-0.273
810,1485,-0.313
819,1485,-0.356
828,1485,-0.403
837,1485,-0.405
846,1485,-0.363
855,1485,-0.323
864,1485,-0.287
873,1485,-0.328
882,1485,-0.417
891,1485,-0.42
900,1485,-0.422
909,1485,-0.336
918,1485,-0.381
927,1485,-0.43
936,1485,-0.536
945,1485,-0.485
954,1485,-0.488
963,1485,-0.545
972,1485,0.494
981,1485,0.497
990,1485,0.279
999,1485,0.281
1008,1485,0.188
1017,1485,0.141
1026,1485,0.165
1035,1485,0.193
1044,1485,0.194
1053,1485,0.124
1062,1485,0.125
1071,1485,0.147
1080,1485,0.173
1089,1485,0.15
1098,1485,0.151
1107,1485,0.152
1116,1485,0.153
1125,1485,0.132
1134,1485,0.132
1143,1485,0.156
1152,1485,0.134
1161,1485,0.158
1170,1485,0.097
1179,1485,0.098
1188,1485,0.138
1197,1485,0.139
1206,1485,0.14
1215,1485,0.141
1224,1485,0.166
1233,1485,0.194
1242,1485,0.196
1251,1485,0.169
1260,1485,0.198
1269,1485,0.231
1278,1485,0.306
1287,1485,0.397
1296,1485,0.451
1305,1485,0.569
1314,1485,0.638
1323,1485,0.713
1332,1485,0.719
1341,1485,0.726
1350,1485,0.594
1359,1485,0.666
1368,1485,0.745
1377,1485,0.752
1386,1485,0.838
1395,1485,0.691
1404,1485,0.56
1413,1485,0.633
1422,1485,0.571
1431,1485,0.645
1440,1485,0.457
1449,1485,0.406
1458,1485,0.358
1467,1485,0.413
1476,1485,0.417
1485,1485,0.48
1494,1485,0.371
1503,1485,0.374
1512,1485,0.434
1521,1485,0.438
1530,1485,0.443
1539,1485,0.389
1548,1485,0.207
1557,1485,0.143
1566,1485,0.143
1575,1485,0.175
1584,1485,0.144
1593,1485,0.177
1602,1485,0.117
1611,1485,0.093
1620,1485,0.072
1629,1485,0.092
1638,1485,0.071
1647,1485,0.091
1656,1485,0.091
1665,1485,0.116
1674,1485,0.089
1683,1485,0.067
1692,1485,0.088
1701,1485,0.146
1710,1485,0.232
1719,1485,0.234
1728,1485,0.292
1737,1485,0.237
1746,1485,0.298
1755,1485,0.302
1764,1485,0.242
1773,1485,0.188
1782,1485,0.246
1791,1485,0.319
1800,1485,0.411
1809,1485,0.252
1818,1485,0.254
1827,1485,0.256
1836,1485,0.259
1845,1485,0.261
1854,1485,0.264
1863,1485,0.378
1872,1485,0.27
1881,1485,0.273
1890,1485,0.435
1899,1485,0.15
1908,1485,0.289
1917,1485,0.7
9,1494,-0.014
18,1494,-0.095
27,1494,-0.059
36,1494,-0.076
45,1494,-0.089
54,1494,-0.018
63,1494,-0.012
72,1494,-0.009
81,1494,-0.033
90,1494,-0.091
99,1494,-0.065
108,1494,-0.047
117,1494,-0.107
126,1494,-0.112
135,1494,-0.158
144,1494,-0.273
153,1494,-0.346
162,1494,-0.217
171,1494,-0.131
180,1494,-0.174
189,1494,-0.224
198,1494,-0.14
207,1494,-0.228
216,1494,-0.23
225,1494,-0.285
234,1494,-0.286
243,1494,-0.235
252,1494,-0.193
261,1494,-0.157
270,1494,-0.196
279,1494,-0.129
288,1494,-0.131
297,1494,-0.133
306,1494,-0.135
315,1494,-0.168
324,1494,-0.205
333,1494,-0.14
342,1494,-0.142
351,1494,-0.059
360,1494,-0.036
369,1494,-0.022
378,1494,-0.022
387,1494,-0.023
396,1494,-0.018
405,1494,-0.019
414,1494,-0.025
423,1494,-0.034
432,1494,-0.035
441,1494,-0.045
450,1494,-0.028
459,1494,-0.037
468,1494,-0.029
477,1494,-0.03
486,1494,-0.049
495,1494,-0.077
504,1494,-0.078
513,1494,-0.052
522,1494,-0.033
531,1494,-0.042
540,1494,-0.043
549,1494,-0.054
558,1494,-0.068
567,1494,-0.069
576,1494,-0.069
585,1494,-0.057
594,1494,-0.071
603,1494,-0.104
612,1494,-0.105
621,1494,-0.126
630,1494,-0.149
639,1494,-0.089
648,1494,-0.074
657,1494,-0.108
666,1494,-0.129
675,1494,-0.13
684,1494,-0.153
693,1494,-0.18
702,1494,-0.155
711,1494,-0.155
720,1494,-0.156
729,1494,-0.182
738,1494,-0.157
747,1494,-0.183
756,1494,-0.245
765,1494,-0.28
774,1494,-0.361
783,1494,-0.457
792,1494,-0.362
801,1494,-0.363
810,1494,-0.409
819,1494,-0.458
828,1494,-0.512
837,1494,-0.512
846,1494,-0.46
855,1494,-0.411
864,1494,-0.366
873,1494,-0.412
882,1494,-0.514
891,1494,-0.515
900,1494,-0.515
909,1494,-0.414
918,1494,-0.463
927,1494,-0.517
936,1494,-0.634
945,1494,-0.575
954,1494,-0.575
963,1494,-0.637
972,1494,0.577
981,1494,0.577
990,1494,0.331
999,1494,0.331
1008,1494,0.225
1017,1494,0.169
1026,1494,0.196
1035,1494,0.226
1044,1494,0.226
1053,1494,0.146
1062,1494,0.146
1071,1494,0.17
1080,1494,0.198
1089,1494,0.171
1098,1494,0.171
1107,1494,0.171
1116,1494,0.171
1125,1494,0.147
1134,1494,0.147
1143,1494,0.172
1152,1494,0.147
1161,1494,0.172
1170,1494,0.106
1179,1494,0.106
1188,1494,0.147
1197,1494,0.147
1206,1494,0.147
1215,1494,0.147
1224,1494,0.172
1233,1494,0.201
1242,1494,0.201
1251,1494,0.172
1260,1494,0.201
1269,1494,0.233
1278,1494,0.307
1287,1494,0.397
1296,1494,0.449
1305,1494,0.565
1314,1494,0.632
1323,1494,0.703
1332,1494,0.781
1341,1494,0.784
1350,1494,0.642
1359,1494,0.716
1368,1494,0.796
1377,1494,0.8
1386,1494,0.887
1395,1494,0.73
1404,1494,0.591
1413,1494,0.663
1422,1494,0.596
1431,1494,0.67
1440,1494,0.474
1449,1494,0.419
1458,1494,0.367
1467,1494,0.422
1476,1494,0.424
1485,1494,0.485
1494,1494,0.372
1503,1494,0.373
1512,1494,0.431
1521,1494,0.433
1530,1494,0.434
1539,1494,0.379
1548,1494,0.198
1557,1494,0.134
1566,1494,0.133
1575,1494,0.162
1584,1494,0.132
1593,1494,0.161
1602,1494,0.104
1611,1494,0.081
1620,1494,0.061
1629,1494,0.078
1638,1494,0.059
1647,1494,0.075
1656,1494,0.074
1665,1494,0.094
1674,1494,0.07
1683,1494,0.051
1692,1494,0.067
1701,1494,0.114
1710,1494,0.185
1719,1494,0.184
1728,1494,0.23
1737,1494,0.23
1746,1494,0.288
1755,1494,0.288
1764,1494,0.227
1773,1494,0.173
1782,1494,0.225
1791,1494,0.29
1800,1494,0.373
1809,1494,0.22
1818,1494,0.218
1827,1494,0.216
1836,1494,0.294
1845,1494,0.294
1854,1494,0.295
1863,1494,0.416
1872,1494,0.297
1881,1494,0.298
1890,1494,0.465
1899,1494,0.162
1908,1494,0.305
1917,1494,0.72
9,1503,-0.012
18,1503,-0.087
27,1503,-0.053
36,1503,-0.067
45,1503,-0.079
54,1503,-0.015
63,1503,-0.01
72,1503,-0.007
81,1503,-0.027
90,1503,-0.076
99,1503,-0.053
108,1503,-0.037
117,1503,-0.088
126,1503,-0.091
135,1503,-0.13
144,1503,-0.23
153,1503,-0.294
162,1503,-0.179
171,1503,-0.104
180,1503,-0.139
189,1503,-0.181
198,1503,-0.109
207,1503,-0.183
216,1503,-0.183
225,1503,-0.229
234,1503,-0.228
243,1503,-0.184
252,1503,-0.148
261,1503,-0.118
270,1503,-0.149
279,1503,-0.12
288,1503,-0.121
297,1503,-0.121
306,1503,-0.122
315,1503,-0.152
324,1503,-0.186
333,1503,-0.124
342,1503,-0.124
351,1503,-0.05
360,1503,-0.039
369,1503,-0.023
378,1503,-0.023
387,1503,-0.024
396,1503,-0.018
405,1503,-0.019
414,1503,-0.025
423,1503,-0.033
432,1503,-0.034
441,1503,-0.044
450,1503,-0.027
459,1503,-0.035
468,1503,-0.027
477,1503,-0.028
486,1503,-0.045
495,1503,-0.071
504,1503,-0.071
513,1503,-0.046
522,1503,-0.029
531,1503,-0.037
540,1503,-0.037
549,1503,-0.047
558,1503,-0.059
567,1503,-0.059
576,1503,-0.059
585,1503,-0.048
594,1503,-0.06
603,1503,-0.089
612,1503,-0.106
621,1503,-0.127
630,1503,-0.15
639,1503,-0.088
648,1503,-0.073
657,1503,-0.106
666,1503,-0.126
675,1503,-0.125
684,1503,-0.148
693,1503,-0.173
702,1503,-0.147
711,1503,-0.146
720,1503,-0.146
729,1503,-0.17
738,1503,-0.145
747,1503,-0.169
756,1503,-0.227
765,1503,-0.259
774,1503,-0.335
783,1503,-0.425
792,1503,-0.333
801,1503,-0.331
810,1503,-0.373
819,1503,-0.418
828,1503,-0.467
837,1503,-0.465
846,1503,-0.413
855,1503,-0.366
864,1503,-0.323
873,1503,-0.363
882,1503,-0.456
891,1503,-0.455
900,1503,-0.453
909,1503,-0.403
918,1503,-0.45
927,1503,-0.5
936,1503,-0.614
945,1503,-0.553
954,1503,-0.551
963,1503,-0.608
972,1503,0.547
981,1503,0.546
990,1503,0.306
999,1503,0.305
1008,1503,0.233
1017,1503,0.174
1026,1503,0.201
1035,1503,0.23
1044,1503,0.229
1053,1503,0.147
1062,1503,0.146
1071,1503,0.169
1080,1503,0.195
1089,1503,0.168
1098,1503,0.167
1107,1503,0.166
1116,1503,0.192
1125,1503,0.164
1134,1503,0.163
1143,1503,0.189
1152,1503,0.161
1161,1503,0.187
1170,1503,0.115
1179,1503,0.114
1188,1503,0.157
1197,1503,0.156
1206,1503,0.155
1215,1503,0.154
1224,1503,0.179
1233,1503,0.207
1242,1503,0.206
1251,1503,0.176
1260,1503,0.204
1269,1503,0.235
1278,1503,0.308
1287,1503,0.397
1296,1503,0.447
1305,1503,0.561
1314,1503,0.625
1323,1503,0.694
1332,1503,0.768
1341,1503,0.768
1350,1503,0.624
1359,1503,0.694
1368,1503,0.769
1377,1503,0.851
1386,1503,0.938
1395,1503,0.772
1404,1503,0.623
1413,1503,0.696
1422,1503,0.623
1431,1503,0.697
1440,1503,0.492
1449,1503,0.432
1458,1503,0.377
1467,1503,0.431
1476,1503,0.43
1485,1503,0.49
1494,1503,0.373
1503,1503,0.372
1512,1503,0.427
1521,1503,0.427
1530,1503,0.426
1539,1503,0.368
1548,1503,0.189
1557,1503,0.126
1566,1503,0.124
1575,1503,0.15
1584,1503,0.12
1593,1503,0.179
1602,1503,0.115
1611,1503,0.089
1620,1503,0.068
1629,1503,0.085
1638,1503,0.063
1647,1503,0.08
1656,1503,0.078
1665,1503,0.098
1674,1503,0.073
1683,1503,0.052
1692,1503,0.068
1701,1503,0.114
1710,1503,0.184
1719,1503,0.181
1728,1503,0.226
1737,1503,0.223
1746,1503,0.277
1755,1503,0.275
1764,1503,0.213
1773,1503,0.158
1782,1503,0.205
1791,1503,0.263
1800,1503,0.337
1809,1503,0.191
1818,1503,0.185
1827,1503,0.179
1836,1503,0.244
1845,1503,0.239
1854,1503,0.233
1863,1503,0.328
1872,1503,0.217
1881,1503,0.207
1890,1503,0.498
1899,1503,0.175
1908,1503,0.321
1917,1503,0.741
9,1512,-0.011
18,1512,-0.08
27,1512,-0.047
36,1512,-0.059
45,1512,-0.069
54,1512,-0.012
63,1512,-0.008
72,1512,-0.01
81,1512,-0.036
90,1512,-0.095
99,1512,-0.066
108,1512,-0.068
117,1512,-0.143
126,1512,-0.144
135,1512,-0.193
144,1512,-0.32
153,1512,-0.394
162,1512,-0.309
171,1512,-0.188
180,1512,-0.238
189,1512,-0.294
198,1512,-0.184
207,1512,-0.286
216,1512,-0.282
225,1512,-0.339
234,1512,-0.334
243,1512,-0.271
252,1512,-0.219
261,1512,-0.176
270,1512,-0.215
279,1512,-0.173
288,1512,-0.172
297,1512,-0.171
306,1512,-0.169
315,1512,-0.205
324,1512,-0.244
333,1512,-0.166
342,1512,-0.164
351,1512,-0.068
360,1512,-0.054
369,1512,-0.032
378,1512,-0.032
387,1512,-0.032
396,1512,-0.025
405,1512,-0.025
414,1512,-0.033
423,1512,-0.042
432,1512,-0.042
441,1512,-0.053
450,1512,-0.033
459,1512,-0.042
468,1512,-0.033
477,1512,-0.033
486,1512,-0.053
495,1512,-0.081
504,1512,-0.08
513,1512,-0.052
522,1512,-0.041
531,1512,-0.052
540,1512,-0.051
549,1512,-0.063
558,1512,-0.077
567,1512,-0.077
576,1512,-0.076
585,1512,-0.062
594,1512,-0.075
603,1512,-0.109
612,1512,-0.129
621,1512,-0.152
630,1512,-0.177
639,1512,-0.105
648,1512,-0.104
657,1512,-0.146
666,1512,-0.17
675,1512,-0.168
684,1512,-0.195
693,1512,-0.224
702,1512,-0.191
711,1512,-0.189
720,1512,-0.187
729,1512,-0.215
738,1512,-0.184
747,1512,-0.211
756,1512,-0.277
765,1512,-0.313
774,1512,-0.397
783,1512,-0.496
792,1512,-0.39
801,1512,-0.387
810,1512,-0.431
819,1512,-0.479
828,1512,-0.53
837,1512,-0.525
846,1512,-0.467
855,1512,-0.413
864,1512,-0.363
873,1512,-0.406
882,1512,-0.504
891,1512,-0.5
900,1512,-0.496
909,1512,-0.44
918,1512,-0.488
927,1512,-0.539
936,1512,-0.657
945,1512,-0.589
954,1512,-0.585
963,1512,-0.643
972,1512,0.576
981,1512,0.572
990,1512,0.321
999,1512,0.318
1008,1512,0.242
1017,1512,0.18
1026,1512,0.206
1035,1512,0.235
1044,1512,0.233
1053,1512,0.148
1062,1512,0.146
1071,1512,0.168
1080,1512,0.193
1089,1512,0.164
1098,1512,0.162
1107,1512,0.16
1116,1512,0.185
1125,1512,0.157
1134,1512,0.155
1143,1512,0.178
1152,1512,0.151
1161,1512,0.174
1170,1512,0.105
1179,1512,0.103
1188,1512,0.143
1197,1512,0.141
1206,1512,0.139
1215,1512,0.137
1224,1512,0.159
1233,1512,0.184
1242,1512,0.211
1251,1512,0.179
1260,1512,0.206
1269,1512,0.236
1278,1512,0.309
1287,1512,0.397
1296,1512,0.445
1305,1512,0.557
1314,1512,0.618
1323,1512,0.684
1332,1512,0.755
1341,1512,0.752
1350,1512,0.606
1359,1512,0.672
1368,1512,0.743
1377,1512,0.82
1386,1512,0.902
1395,1512,0.735
1404,1512,0.587
1413,1512,0.654
1422,1512,0.581
1431,1512,0.649
1440,1512,0.449
1449,1512,0.446
1458,1512,0.387
1467,1512,0.44
1476,1512,0.437
1485,1512,0.495
1494,1512,0.374
1503,1512,0.371
1512,1512,0.424
1521,1512,0.421
1530,1512,0.418
1539,1512,0.358
1548,1512,0.18
1557,1512,0.118
1566,1512,0.115
1575,1512,0.138
1584,1512,0.108
1593,1512,0.162
1602,1512,0.102
1611,1512,0.077
1620,1512,0.057
1629,1512,0.071
1638,1512,0.052
1647,1512,0.065
1656,1512,0.062
1665,1512,0.079
1674,1512,0.056
1683,1512,0.039
1692,1512,0.05
1701,1512,0.087
1710,1512,0.143
1719,1512,0.226
1728,1512,0.277
1737,1512,0.272
1746,1512,0.333
1755,1512,0.328
1764,1512,0.256
1773,1512,0.192
1782,1512,0.244
1791,1512,0.309
1800,1512,0.389
1809,1512,0.224
1818,1512,0.217
1827,1512,0.208
1836,1512,0.278
1845,1512,0.27
1854,1512,0.262
1863,1512,0.363
1872,1512,0.241
1881,1512,0.228
1890,1512,0.532
1899,1512,0.189
1908,1512,0.339
1917,1512,0.762
9,1521,-0.01
18,1521,-0.167
27,1521,-0.09
36,1521,-0.1
45,1521,-0.106
54,1521,-0.019
63,1521,-0.012
72,1521,-0.015
81,1521,-0.048
90,1521,-0.118
99,1521,-0.081
108,1521,-0.082
117,1521,-0.164
126,1521,-0.162
135,1521,-0.213
144,1521,-0.346
153,1521,-0.42
162,1521,-0.407
171,1521,-0.252
180,1521,-0.309
189,1521,-0.372
198,1521,-0.236
207,1521,-0.353
216,1521,-0.344
225,1521,-0.406
234,1521,-0.396
243,1521,-0.321
252,1521,-0.258
261,1521,-0.206
270,1521,-0.248
279,1521,-0.199
288,1521,-0.196
297,1521,-0.192
306,1521,-0.189
315,1521,-0.226
324,1521,-0.266
333,1521,-0.18
342,1521,-0.177
351,1521,-0.073
360,1521,-0.057
369,1521,-0.034
378,1521,-0.033
387,1521,-0.033
396,1521,-0.025
405,1521,-0.025
414,1521,-0.032
423,1521,-0.042
432,1521,-0.041
441,1521,-0.052
450,1521,-0.031
459,1521,-0.04
468,1521,-0.031
477,1521,-0.03
486,1521,-0.049
495,1521,-0.075
504,1521,-0.074
513,1521,-0.047
522,1521,-0.036
531,1521,-0.045
540,1521,-0.045
549,1521,-0.055
558,1521,-0.067
567,1521,-0.066
576,1521,-0.065
585,1521,-0.052
594,1521,-0.063
603,1521,-0.093
612,1521,-0.11
621,1521,-0.129
630,1521,-0.177
639,1521,-0.125
648,1521,-0.123
657,1521,-0.169
666,1521,-0.194
675,1521,-0.191
684,1521,-0.219
693,1521,-0.249
702,1521,-0.212
711,1521,-0.209
720,1521,-0.205
729,1521,-0.234
738,1521,-0.199
747,1521,-0.227
756,1521,-0.294
765,1521,-0.33
774,1521,-0.417
783,1521,-0.517
792,1521,-0.405
801,1521,-0.399
810,1521,-0.443
819,1521,-0.49
828,1521,-0.539
837,1521,-0.532
846,1521,-0.471
855,1521,-0.414
864,1521,-0.362
873,1521,-0.403
882,1521,-0.499
891,1521,-0.493
900,1521,-0.486
909,1521,-0.429
918,1521,-0.474
927,1521,-0.522
936,1521,-0.636
945,1521,-0.567
954,1521,-0.56
963,1521,-0.614
972,1521,0.547
981,1521,0.54
990,1521,0.296
999,1521,0.331
1008,1521,0.251
1017,1521,0.186
1026,1521,0.212
1035,1521,0.24
1044,1521,0.236
1053,1521,0.148
1062,1521,0.146
1071,1521,0.167
1080,1521,0.191
1089,1521,0.161
1098,1521,0.184
1107,1521,0.181
1116,1521,0.206
1125,1521,0.175
1134,1521,0.171
1143,1521,0.196
1152,1521,0.165
1161,1521,0.189
1170,1521,0.114
1179,1521,0.111
1188,1521,0.153
1197,1521,0.149
1206,1521,0.146
1215,1521,0.143
1224,1521,0.165
1233,1521,0.19
1242,1521,0.217
1251,1521,0.182
1260,1521,0.209
1269,1521,0.238
1278,1521,0.31
1287,1521,0.397
1296,1521,0.443
1305,1521,0.553
1314,1521,0.612
1323,1521,0.675
1332,1521,0.742
1341,1521,0.736
1350,1521,0.588
1359,1521,0.65
1368,1521,0.717
1377,1521,0.789
1386,1521,0.867
1395,1521,0.699
1404,1521,0.552
1413,1521,0.614
1422,1521,0.541
1431,1521,0.603
1440,1521,0.409
1449,1521,0.404
1458,1521,0.346
1467,1521,0.392
1476,1521,0.387
1485,1521,0.438
1494,1521,0.324
1503,1521,0.319
1512,1521,0.365
1521,1521,0.359
1530,1521,0.353
1539,1521,0.348
1548,1521,0.206
1557,1521,0.136
1566,1521,0.131
1575,1521,0.157
1584,1521,0.122
1593,1521,0.18
1602,1521,0.114
1611,1521,0.109
1620,1521,0.082
1629,1521,0.1
1638,1521,0.074
1647,1521,0.091
1656,1521,0.087
1665,1521,0.107
1674,1521,0.078
1683,1521,0.054
1692,1521,0.069
1701,1521,0.115
1710,1521,0.183
1719,1521,0.279
1728,1521,0.336
1737,1521,0.329
1746,1521,0.396
1755,1521,0.389
1764,1521,0.306
1773,1521,0.232
1782,1521,0.289
1791,1521,0.36
1800,1521,0.447
1809,1521,0.262
1818,1521,0.252
1827,1521,0.241
1836,1521,0.316
1845,1521,0.305
1854,1521,0.294
1863,1521,0.4
1872,1521,0.267
1881,1521,0.25
1890,1521,0.568
1899,1521,0.204
1908,1521,0.357
1917,1521,0.784
9,1530,-0.009
18,1530,-0.156
27,1530,-0.081
36,1530,-0.089
45,1530,-0.094
54,1530,-0.016
63,1530,-0.01
72,1530,-0.011
81,1530,-0.039
90,1530,-0.099
99,1530,-0.066
108,1530,-0.066
117,1530,-0.137
126,1530,-0.134
135,1530,-0.177
144,1530,-0.294
153,1530,-0.359
162,1530,-0.345
171,1530,-0.207
180,1530,-0.255
189,1530,-0.309
198,1530,-0.24
207,1530,-0.356
216,1530,-0.344
225,1530,-0.403
234,1530,-0.389
243,1530,-0.312
252,1530,-0.249
261,1530,-0.196
270,1530,-0.235
279,1530,-0.186
288,1530,-0.181
297,1530,-0.217
306,1530,-0.211
315,1530,-0.249
324,1530,-0.29
333,1530,-0.195
342,1530,-0.23
351,1530,-0.099
360,1530,-0.077
369,1530,-0.046
378,1530,-0.045
387,1530,-0.044
396,1530,-0.033
405,1530,-0.033
414,1530,-0.042
423,1530,-0.052
432,1530,-0.051
441,1530,-0.063
450,1530,-0.049
459,1530,-0.061
468,1530,-0.059
477,1530,-0.058
486,1530,-0.087
495,1530,-0.126
504,1530,-0.123
513,1530,-0.081
522,1530,-0.064
531,1530,-0.077
540,1530,-0.076
549,1530,-0.09
558,1530,-0.107
567,1530,-0.104
576,1530,-0.102
585,1530,-0.082
594,1530,-0.097
603,1530,-0.137
612,1530,-0.158
621,1530,-0.182
630,1530,-0.242
639,1530,-0.174
648,1530,-0.17
657,1530,-0.227
666,1530,-0.256
675,1530,-0.251
684,1530,-0.283
693,1530,-0.317
702,1530,-0.31
711,1530,-0.304
720,1530,-0.298
729,1530,-0.333
738,1530,-0.285
747,1530,-0.319
756,1530,-0.403
765,1530,-0.446
774,1530,-0.549
783,1530,-0.666
792,1530,-0.529
801,1530,-0.52
810,1530,-0.569
819,1530,-0.622
828,1530,-0.677
837,1530,-0.666
846,1530,-0.59
855,1530,-0.521
864,1530,-0.457
873,1530,-0.503
882,1530,-0.612
891,1530,-0.602
900,1530,-0.592
909,1530,-0.523
918,1530,-0.573
927,1530,-0.625
936,1530,-0.75
945,1530,-0.67
954,1530,-0.659
963,1530,-0.717
972,1530,0.639
981,1530,0.629
990,1530,0.352
999,1530,0.39
1008,1530,0.298
1017,1530,0.222
1026,1530,0.25
1035,1530,0.28
1044,1530,0.274
1053,1530,0.174
1062,1530,0.17
1071,1530,0.193
1080,1530,0.219
1089,1530,0.184
1098,1530,0.209
1107,1530,0.204
1116,1530,0.23
1125,1530,0.194
1134,1530,0.19
1143,1530,0.215
1152,1530,0.181
1161,1530,0.205
1170,1530,0.124
1179,1530,0.142
1188,1530,0.19
1197,1530,0.186
1206,1530,0.181
1215,1530,0.176
1224,1530,0.201
1233,1530,0.228
1242,1530,0.257
1251,1530,0.217
1260,1530,0.246
1269,1530,0.277
1278,1530,0.356
1287,1530,0.449
1296,1530,0.497
1305,1530,0.614
1314,1530,0.674
1323,1530,0.739
1332,1530,0.808
1341,1530,0.798
1350,1530,0.71
1359,1530,0.778
1368,1530,0.851
1377,1530,0.929
1386,1530,1.011
1395,1530,0.822
1404,1530,0.655
1413,1530,0.722
1422,1530,0.637
1431,1530,0.703
1440,1530,0.484
1449,1530,0.476
1458,1530,0.409
1467,1530,0.459
1476,1530,0.451
1485,1530,0.506
1494,1530,0.377
1503,1530,0.369
1512,1530,0.418
1521,1530,0.41
1530,1530,0.401
1539,1530,0.393
1548,1530,0.236
1557,1530,0.156
1566,1530,0.15
1575,1530,0.177
1584,1530,0.138
1593,1530,0.2
1602,1530,0.126
1611,1530,0.121
1620,1530,0.09
1629,1530,0.109
1638,1530,0.08
1647,1530,0.098
1656,1530,0.092
1665,1530,0.112
1674,1530,0.081
1683,1530,0.075
1692,1530,0.093
1701,1530,0.15
1710,1530,0.23
1719,1530,0.341
1728,1530,0.404
1737,1530,0.394
1746,1530,0.469
1755,1530,0.459
1764,1530,0.363
1773,1530,0.277
1782,1530,0.34
1791,1530,0.417
1800,1530,0.511
1809,1530,0.304
1818,1530,0.291
1827,1530,0.277
1836,1530,0.357
1845,1530,0.344
1854,1530,0.329
1863,1530,0.441
1872,1530,0.295
1881,1530,0.274
1890,1530,0.606
1899,1530,0.219
1908,1530,0.376
1917,1530,0.807
9,1539,-0.039
18,1539,-0.301
27,1539,-0.269
36,1539,-0.248
45,1539,-0.231
54,1539,-0.048
63,1539,-0.028
72,1539,-0.03
81,1539,-0.083
90,1539,-0.178
99,1539,-0.119
108,1539,-0.116
117,1539,-0.215
126,1539,-0.205
135,1539,-0.259
144,1539,-0.404
153,1539,-0.477
162,1539,-0.453
171,1539,-0.276
180,1539,-0.332
189,1539,-0.392
198,1539,-0.304
207,1539,-0.436
216,1539,-0.417
225,1539,-0.48
234,1539,-0.46
243,1539,-0.368
252,1539,-0.292
261,1539,-0.23
270,1539,-0.271
279,1539,-0.214
288,1539,-0.207
297,1539,-0.243
306,1539,-0.235
315,1539,-0.273
324,1539,-0.315
333,1539,-0.212
342,1539,-0.247
351,1539,-0.107
360,1539,-0.082
369,1539,-0.049
378,1539,-0.047
387,1539,-0.046
396,1539,-0.034
405,1539,-0.033
414,1539,-0.042
423,1539,-0.052
432,1539,-0.05
441,1539,-0.061
450,1539,-0.047
459,1539,-0.058
468,1539,-0.07
477,1539,-0.068
486,1539,-0.1
495,1539,-0.142
504,1539,-0.138
513,1539,-0.091
522,1539,-0.071
531,1539,-0.085
540,1539,-0.082
549,1539,-0.097
558,1539,-0.114
567,1539,-0.11
576,1539,-0.107
585,1539,-0.085
594,1539,-0.1
603,1539,-0.14
612,1539,-0.161
621,1539,-0.184
630,1539,-0.244
639,1539,-0.203
648,1539,-0.197
657,1539,-0.259
666,1539,-0.29
675,1539,-0.282
684,1539,-0.315
693,1539,-0.351
702,1539,-0.342
711,1539,-0.379
720,1539,-0.369
729,1539,-0.408
738,1539,-0.35
747,1539,-0.388
756,1539,-0.481
765,1539,-0.526
774,1539,-0.639
783,1539,-0.766
792,1539,-0.612
801,1539,-0.598
810,1539,-0.65
819,1539,-0.704
828,1539,-0.762
837,1539,-0.746
846,1539,-0.661
855,1539,-0.583
864,1539,-0.512
873,1539,-0.558
882,1539,-0.673
891,1539,-0.66
900,1539,-0.646
909,1539,-0.57
918,1539,-0.62
927,1539,-0.673
936,1539,-0.802
945,1539,-0.714
954,1539,-0.7
963,1539,-0.757
972,1539,0.673
981,1539,0.659
990,1539,0.369
999,1539,0.407
1008,1539,0.352
1017,1539,0.264
1026,1539,0.294
1035,1539,0.326
1044,1539,0.318
1053,1539,0.204
1062,1539,0.198
1071,1539,0.223
1080,1539,0.25
1089,1539,0.21
1098,1539,0.236
1107,1539,0.229
1116,1539,0.257
1125,1539,0.216
1134,1539,0.21
1143,1539,0.236
1152,1539,0.197
1161,1539,0.222
1170,1539,0.134
1179,1539,0.153
1188,1539,0.203
1197,1539,0.197
1206,1539,0.191
1215,1539,0.184
1224,1539,0.209
1233,1539,0.235
1242,1539,0.264
1251,1539,0.221
1260,1539,0.249
1269,1539,0.279
1278,1539,0.357
1287,1539,0.449
1296,1539,0.496
1305,1539,0.61
1314,1539,0.668
1323,1539,0.729
1332,1539,0.795
1341,1539,0.864
1350,1539,0.768
1359,1539,0.837
1368,1539,0.91
1377,1539,0.988
1386,1539,1.071
1395,1539,0.869
1404,1539,0.691
1413,1539,0.758
1422,1539,0.666
1431,1539,0.816
1440,1539,0.57
1449,1539,0.558
1458,1539,0.546
1467,1539,0.605
1476,1539,0.593
1485,1539,0.657
1494,1539,0.5
1503,1539,0.489
1512,1539,0.546
1521,1539,0.534
1530,1539,0.522
1539,1539,0.51
1548,1539,0.317
1557,1539,0.216
1566,1539,0.208
1575,1539,0.241
1584,1539,0.191
1593,1539,0.267
1602,1539,0.174
1611,1539,0.166
1620,1539,0.126
1629,1539,0.149
1638,1539,0.111
1647,1539,0.133
1656,1539,0.125
1665,1539,0.15
1674,1539,0.11
1683,1539,0.102
1692,1539,0.124
1701,1539,0.192
1710,1539,0.286
1719,1539,0.412
1728,1539,0.482
1737,1539,0.469
1746,1539,0.55
1755,1539,0.537
1764,1539,0.427
1773,1539,0.329
1782,1539,0.398
1791,1539,0.481
1800,1539,0.581
1809,1539,0.352
1818,1539,0.335
1827,1539,0.318
1836,1539,0.403
1845,1539,0.386
1854,1539,0.367
1863,1539,0.484
1872,1539,0.325
1881,1539,0.3
1890,1539,0.646
1899,1539,0.236
1908,1539,0.395
1917,1539,0.83
9,1548,-0.036
18,1548,-0.284
27,1548,-0.25
36,1548,-0.226
45,1548,-0.208
54,1548,-0.04
63,1548,-0.023
72,1548,-0.024
81,1548,-0.069
90,1548,-0.152
99,1548,-0.099
108,1548,-0.095
117,1548,-0.181
126,1548,-0.171
135,1548,-0.217
144,1548,-0.345
153,1548,-0.41
162,1548,-0.385
171,1548,-0.227
180,1548,-0.274
189,1548,-0.325
198,1548,-0.247
207,1548,-0.361
216,1548,-0.343
225,1548,-0.397
234,1548,-0.377
243,1548,-0.296
252,1548,-0.23
261,1548,-0.177
270,1548,-0.21
279,1548,-0.161
288,1548,-0.154
297,1548,-0.183
306,1548,-0.176
315,1548,-0.206
324,1548,-0.24
333,1548,-0.154
342,1548,-0.181
351,1548,-0.072
360,1548,-0.053
369,1548,-0.03
378,1548,-0.028
387,1548,-0.027
396,1548,-0.019
405,1548,-0.019
414,1548,-0.024
423,1548,-0.03
432,1548,-0.029
441,1548,-0.036
450,1548,-0.035
459,1548,-0.043
468,1548,-0.052
477,1548,-0.05
486,1548,-0.076
495,1548,-0.11
504,1548,-0.105
513,1548,-0.082
522,1548,-0.064
531,1548,-0.076
540,1548,-0.073
549,1548,-0.086
558,1548,-0.1
567,1548,-0.096
576,1548,-0.112
585,1548,-0.089
594,1548,-0.103
603,1548,-0.143
612,1548,-0.164
621,1548,-0.186
630,1548,-0.245
639,1548,-0.203
648,1548,-0.195
657,1548,-0.256
666,1548,-0.286
675,1548,-0.276
684,1548,-0.307
693,1548,-0.34
702,1548,-0.329
711,1548,-0.364
720,1548,-0.352
729,1548,-0.388
738,1548,-0.331
747,1548,-0.365
756,1548,-0.453
765,1548,-0.495
774,1548,-0.602
783,1548,-0.722
792,1548,-0.57
801,1548,-0.555
810,1548,-0.602
819,1548,-0.651
828,1548,-0.703
837,1548,-0.686
846,1548,-0.602
855,1548,-0.586
864,1548,-0.512
873,1548,-0.556
882,1548,-0.669
891,1548,-0.652
900,1548,-0.704
909,1548,-0.62
918,1548,-0.67
927,1548,-0.723
936,1548,-0.856
945,1548,-0.761
954,1548,-0.743
963,1548,-0.799
972,1548,0.708
981,1548,0.692
990,1548,0.387
999,1548,0.424
1008,1548,0.412
1017,1548,0.354
1026,1548,0.389
1035,1548,0.426
1044,1548,0.414
1053,1548,0.274
1062,1548,0.265
1071,1548,0.294
1080,1548,0.325
1089,1548,0.275
1098,1548,0.347
1107,1548,0.337
1116,1548,0.371
1125,1548,0.316
1134,1548,0.306
1143,1548,0.339
1152,1548,0.287
1161,1548,0.318
1170,1548,0.2
1179,1548,0.224
1188,1548,0.289
1197,1548,0.279
1206,1548,0.27
1215,1548,0.261
1224,1548,0.29
1233,1548,0.322
1242,1548,0.356
1251,1548,0.301
1260,1548,0.334
1269,1548,0.37
1278,1548,0.463
1287,1548,0.57
1296,1548,0.622
1305,1548,0.752
1314,1548,0.816
1323,1548,0.883
1332,1548,0.953
1341,1548,1.028
1350,1548,0.917
1359,1548,0.991
1368,1548,1.069
1377,1548,1.152
1386,1548,1.24
1395,1548,1.014
1404,1548,0.813
1413,1548,0.884
1422,1548,0.779
1431,1548,0.941
1440,1548,0.666
1449,1548,0.65
1458,1548,0.634
1467,1548,0.697
1476,1548,0.681
1485,1548,0.748
1494,1548,0.573
1503,1548,0.558
1512,1548,0.618
1521,1548,0.602
1530,1548,0.587
1539,1548,0.571
1548,1548,0.418
1557,1548,0.293
1566,1548,0.281
1575,1548,0.32
1584,1548,0.257
1593,1548,0.35
1602,1548,0.234
1611,1548,0.223
1620,1548,0.172
1629,1548,0.2
1638,1548,0.152
1647,1548,0.178
1656,1548,0.167
1665,1548,0.197
1674,1548,0.146
1683,1548,0.136
1692,1548,0.162
1701,1548,0.243
1710,1548,0.352
1719,1548,0.494
1728,1548,0.571
1737,1548,0.554
1746,1548,0.641
1755,1548,0.624
1764,1548,0.5
1773,1548,0.388
1782,1548,0.463
1791,1548,0.552
1800,1548,0.658
1809,1548,0.405
1818,1548,0.384
1827,1548,0.363
1836,1548,0.454
1845,1548,0.432
1854,1548,0.409
1863,1548,0.531
1872,1548,0.358
1881,1548,0.328
1890,1548,0.689
1899,1548,0.254
1908,1548,0.416
1917,1548,0.854
9,1557,-0.033
18,1557,-0.267
27,1557,-0.231
36,1557,-0.206
45,1557,-0.187
54,1557,-0.061
63,1557,-0.034
72,1557,-0.034
81,1557,-0.09
90,1557,-0.186
99,1557,-0.12
108,1557,-0.113
117,1557,-0.207
126,1557,-0.193
135,1557,-0.24
144,1557,-0.374
153,1557,-0.438
162,1557,-0.408
171,1557,-0.238
180,1557,-0.284
189,1557,-0.334
198,1557,-0.251
207,1557,-0.364
216,1557,-0.342
225,1557,-0.393
234,1557,-0.371
243,1557,-0.288
252,1557,-0.22
261,1557,-0.167
270,1557,-0.197
279,1557,-0.15
288,1557,-0.142
297,1557,-0.168
306,1557,-0.159
315,1557,-0.186
324,1557,-0.216
333,1557,-0.136
342,1557,-0.16
351,1557,-0.06
360,1557,-0.044
369,1557,-0.023
378,1557,-0.022
387,1557,-0.021
396,1557,-0.014
405,1557,-0.014
414,1557,-0.018
423,1557,-0.022
432,1557,-0.021
441,1557,-0.027
450,1557,-0.025
459,1557,-0.031
468,1557,-0.038
477,1557,-0.036
486,1557,-0.056
495,1557,-0.083
504,1557,-0.079
513,1557,-0.06
522,1557,-0.045
531,1557,-0.054
540,1557,-0.051
549,1557,-0.06
558,1557,-0.071
567,1557,-0.068
576,1557,-0.079
585,1557,-0.061
594,1557,-0.071
603,1557,-0.101
612,1557,-0.14
621,1557,-0.159
630,1557,-0.211
639,1557,-0.172
648,1557,-0.164
657,1557,-0.217
666,1557,-0.242
675,1557,-0.233
684,1557,-0.259
693,1557,-0.287
702,1557,-0.276
711,1557,-0.305
720,1557,-0.293
729,1557,-0.324
738,1557,-0.271
747,1557,-0.3
756,1557,-0.376
765,1557,-0.411
774,1557,-0.505
783,1557,-0.611
792,1557,-0.472
801,1557,-0.456
810,1557,-0.496
819,1557,-0.537
828,1557,-0.581
837,1557,-0.563
846,1557,-0.545
855,1557,-0.528
864,1557,-0.456
873,1557,-0.495
882,1557,-0.598
891,1557,-0.58
900,1557,-0.626
909,1557,-0.545
918,1557,-0.589
927,1557,-0.636
936,1557,-0.756
945,1557,-0.665
954,1557,-0.645
963,1557,-0.695
972,1557,0.608
981,1557,0.59
990,1557,0.315
999,1557,0.346
1008,1557,0.334
1017,1557,0.281
1026,1557,0.31
1035,1557,0.34
1044,1557,0.328
1053,1557,0.207
1062,1557,0.199
1071,1557,0.221
1080,1557,0.245
1089,1557,0.203
1098,1557,0.261
1107,1557,0.25
1116,1557,0.277
1125,1557,0.231
1134,1557,0.221
1143,1557,0.245
1152,1557,0.203
1161,1557,0.226
1170,1557,0.133
1179,1557,0.177
1188,1557,0.23
1197,1557,0.221
1206,1557,0.211
1215,1557,0.235
1224,1557,0.261
1233,1557,0.332
1242,1557,0.366
1251,1557,0.308
1260,1557,0.34
1269,1557,0.374
1278,1557,0.466
1287,1557,0.572
1296,1557,0.621
1305,1557,0.75
1314,1557,0.81
1323,1557,0.873
1332,1557,0.94
1341,1557,1.011
1350,1557,0.897
1359,1557,0.966
1368,1557,1.04
1377,1557,1.117
1386,1557,1.199
1395,1557,0.971
1404,1557,0.771
1413,1557,0.836
1422,1557,0.73
1431,1557,0.884
1440,1557,0.691
1449,1557,0.671
1458,1557,0.652
1467,1557,0.713
1476,1557,0.693
1485,1557,0.758
1494,1557,0.577
1503,1557,0.559
1512,1557,0.616
1521,1557,0.597
1530,1557,0.578
1539,1557,0.559
1548,1557,0.404
1557,1557,0.279
1566,1557,0.265
1575,1557,0.301
1584,1557,0.286
1593,1557,0.384
1602,1557,0.257
1611,1557,0.243
1620,1557,0.187
1629,1557,0.216
1638,1557,0.163
1647,1557,0.189
1656,1557,0.177
1665,1557,0.206
1674,1557,0.151
1683,1557,0.139
1692,1557,0.165
1701,1557,0.245
1710,1557,0.352
1719,1557,0.492
1728,1557,0.566
1737,1557,0.544
1746,1557,0.627
1755,1557,0.604
1764,1557,0.477
1773,1557,0.363
1782,1557,0.432
1791,1557,0.512
1800,1557,0.608
1809,1557,0.36
1818,1557,0.335
1827,1557,0.309
1836,1557,0.385
1845,1557,0.357
1854,1557,0.328
1863,1557,0.425
1872,1557,0.263
1881,1557,0.226
1890,1557,0.502
1899,1557,0.136
1908,1557,0.212
1917,1557,0.4
9,1566,-0.031
18,1566,-0.251
27,1566,-0.213
36,1566,-0.187
45,1566,-0.272
54,1566,-0.091
63,1566,-0.05
72,1566,-0.048
81,1566,-0.116
90,1566,-0.227
99,1566,-0.146
108,1566,-0.134
117,1566,-0.237
126,1566,-0.217
135,1566,-0.265
144,1566,-0.405
153,1566,-0.468
162,1566,-0.431
171,1566,-0.25
180,1566,-0.295
189,1566,-0.343
198,1566,-0.254
207,1566,-0.367
216,1566,-0.342
225,1566,-0.39
234,1566,-0.365
243,1566,-0.279
252,1566,-0.211
261,1566,-0.158
270,1566,-0.185
279,1566,-0.138
288,1566,-0.13
297,1566,-0.153
306,1566,-0.144
315,1566,-0.168
324,1566,-0.194
333,1566,-0.119
342,1566,-0.139
351,1566,-0.05
360,1566,-0.035
369,1566,-0.018
378,1566,-0.017
387,1566,-0.016
396,1566,-0.011
405,1566,-0.01
414,1566,-0.013
423,1566,-0.016
432,1566,-0.015
441,1566,-0.019
450,1566,-0.018
459,1566,-0.022
468,1566,-0.027
477,1566,-0.025
486,1566,-0.04
495,1566,-0.061
504,1566,-0.057
513,1566,-0.042
522,1566,-0.031
531,1566,-0.037
540,1566,-0.034
549,1566,-0.041
558,1566,-0.049
567,1566,-0.046
576,1566,-0.054
585,1566,-0.04
594,1566,-0.047
603,1566,-0.069
612,1566,-0.098
621,1566,-0.112
630,1566,-0.152
639,1566,-0.121
648,1566,-0.114
657,1566,-0.154
666,1566,-0.173
675,1566,-0.164
684,1566,-0.184
693,1566,-0.205
702,1566,-0.195
711,1566,-0.217
720,1566,-0.207
729,1566,-0.229
738,1566,-0.187
747,1566,-0.208
756,1566,-0.267
765,1566,-0.294
774,1566,-0.368
783,1566,-0.453
792,1566,-0.384
801,1566,-0.368
810,1566,-0.401
819,1566,-0.436
828,1566,-0.472
837,1566,-0.454
846,1566,-0.437
855,1566,-0.473
864,1566,-0.403
873,1566,-0.438
882,1566,-0.532
891,1566,-0.512
900,1566,-0.552
909,1566,-0.475
918,1566,-0.513
927,1566,-0.554
936,1566,-0.663
945,1566,-0.575
954,1566,-0.555
963,1566,-0.597
972,1566,0.516
981,1566,0.497
990,1566,0.252
999,1566,0.277
1008,1566,0.265
1017,1566,0.219
1026,1566,0.241
1035,1566,0.266
1044,1566,0.292
1053,1566,0.179
1062,1566,0.17
1071,1566,0.189
1080,1566,0.209
1089,1566,0.17
1098,1566,0.221
1107,1566,0.21
1116,1566,0.232
1125,1566,0.19
1134,1566,0.18
1143,1566,0.2
1152,1566,0.162
1161,1566,0.18
1170,1566,0.101
1179,1566,0.136
1188,1566,0.18
1197,1566,0.171
1206,1566,0.162
1215,1566,0.18
1224,1566,0.201
1233,1566,0.259
1242,1566,0.286
1251,1566,0.235
1260,1566,0.26
1269,1566,0.287
1278,1566,0.362
1287,1566,0.451
1296,1566,0.491
1305,1566,0.6
1314,1566,0.649
1323,1566,0.701
1332,1566,0.756
1341,1566,0.814
1350,1566,0.709
1359,1566,0.766
1368,1566,0.826
1377,1566,0.889
1386,1566,0.956
1395,1566,0.753
1404,1566,0.578
1413,1566,0.629
1422,1566,0.536
1431,1566,0.66
1440,1566,0.496
1449,1566,0.543
1458,1566,0.523
1467,1566,0.572
1476,1566,0.551
1485,1566,0.603
1494,1566,0.443
1503,1566,0.424
1512,1566,0.469
1521,1566,0.449
1530,1566,0.429
1539,1566,0.41
1548,1566,0.281
1557,1566,0.182
1566,1566,0.169
1575,1566,0.193
1584,1566,0.18
1593,1566,0.249
1602,1566,0.191
1611,1566,0.177
1620,1566,0.13
1629,1566,0.151
1638,1566,0.108
1647,1566,0.126
1656,1566,0.115
1665,1566,0.134
1674,1566,0.093
1683,1566,0.082
1692,1566,0.098
1701,1566,0.152
1710,1566,0.228
1719,1566,0.331
1728,1566,0.382
1737,1566,0.441
1746,1566,0.508
1755,1566,0.481
1764,1566,0.365
1773,1566,0.264
1782,1566,0.314
1791,1566,0.374
1800,1566,0.444
1809,1566,0.237
1818,1566,0.211
1827,1566,0.261
1836,1566,0.323
1845,1566,0.402
1854,1566,0.367
1863,1566,0.468
1872,1566,0.292
1881,1566,0.249
1890,1566,0.538
1899,1566,0.148
1908,1566,0.225
1917,1566,0.415
9,1575,-0.028
18,1575,-0.235
27,1575,-0.196
36,1575,-0.169
45,1575,-0.246
54,1575,-0.078
63,1575,-0.042
72,1575,-0.039
81,1575,-0.098
90,1575,-0.195
99,1575,-0.121
108,1575,-0.11
117,1575,-0.199
126,1575,-0.181
135,1575,-0.222
144,1575,-0.344
153,1575,-0.399
162,1575,-0.364
171,1575,-0.203
180,1575,-0.24
189,1575,-0.281
198,1575,-0.203
207,1575,-0.299
216,1575,-0.276
225,1575,-0.316
234,1575,-0.293
243,1575,-0.271
252,1575,-0.202
261,1575,-0.148
270,1575,-0.174
279,1575,-0.127
288,1575,-0.118
297,1575,-0.139
306,1575,-0.129
315,1575,-0.15
324,1575,-0.174
333,1575,-0.103
342,1575,-0.121
351,1575,-0.041
360,1575,-0.028
369,1575,-0.014
378,1575,-0.013
387,1575,-0.012
396,1575,-0.008
405,1575,-0.007
414,1575,-0.009
423,1575,-0.011
432,1575,-0.01
441,1575,-0.013
450,1575,-0.012
459,1575,-0.015
468,1575,-0.019
477,1575,-0.017
486,1575,-0.028
495,1575,-0.043
504,1575,-0.04
513,1575,-0.029
522,1575,-0.02
531,1575,-0.024
540,1575,-0.022
549,1575,-0.027
558,1575,-0.032
567,1575,-0.03
576,1575,-0.035
585,1575,-0.025
594,1575,-0.03
603,1575,-0.045
612,1575,-0.066
621,1575,-0.076
630,1575,-0.106
639,1575,-0.081
648,1575,-0.076
657,1575,-0.105
666,1575,-0.119
675,1575,-0.111
684,1575,-0.125
693,1575,-0.141
702,1575,-0.132
711,1575,-0.175
720,1575,-0.165
729,1575,-0.183
738,1575,-0.146
747,1575,-0.163
756,1575,-0.212
765,1575,-0.234
774,1575,-0.296
783,1575,-0.369
792,1575,-0.307
801,1575,-0.292
810,1575,-0.318
819,1575,-0.347
828,1575,-0.376
837,1575,-0.359
846,1575,-0.342
855,1575,-0.371
864,1575,-0.31
873,1575,-0.337
882,1575,-0.415
891,1575,-0.397
900,1575,-0.429
909,1575,-0.361
918,1575,-0.443
927,1575,-0.478
936,1575,-0.575
945,1575,-0.493
954,1575,-0.472
963,1575,-0.508
972,1575,0.432
981,1575,0.413
990,1575,0.197
999,1575,0.217
1008,1575,0.205
1017,1575,0.166
1026,1575,0.183
1035,1575,0.202
1044,1575,0.222
1053,1575,0.129
1062,1575,0.121
1071,1575,0.135
1080,1575,0.15
1089,1575,0.118
1098,1575,0.157
1107,1575,0.147
1116,1575,0.192
1125,1575,0.154
1134,1575,0.144
1143,1575,0.16
1152,1575,0.126
1161,1575,0.141
1170,1575,0.075
1179,1575,0.103
1188,1575,0.138
1197,1575,0.129
1206,1575,0.12
1215,1575,0.134
1224,1575,0.15
1233,1575,0.197
1242,1575,0.217
1251,1575,0.174
1260,1575,0.193
1269,1575,0.213
1278,1575,0.274
1287,1575,0.346
1296,1575,0.378
1305,1575,0.468
1314,1575,0.507
1323,1575,0.549
1332,1575,0.593
1341,1575,0.64
1350,1575,0.546
1359,1575,0.591
1368,1575,0.639
1377,1575,0.689
1386,1575,0.743
1395,1575,0.565
1404,1575,0.416
1413,1575,0.454
1422,1575,0.376
1431,1575,0.473
1440,1575,0.338
1449,1575,0.372
1458,1575,0.353
1467,1575,0.388
1476,1575,0.427
1485,1575,0.468
1494,1575,0.329
1503,1575,0.311
1512,1575,0.344
1521,1575,0.325
1530,1575,0.306
1539,1575,0.287
1548,1575,0.185
1557,1575,0.11
1566,1575,0.126
1575,1575,0.144
1584,1575,0.131
1593,1575,0.186
1602,1575,0.137
1611,1575,0.124
1620,1575,0.086
1629,1575,0.1
1638,1575,0.068
1647,1575,0.079
1656,1575,0.069
1665,1575,0.108
1674,1575,0.071
1683,1575,0.062
1692,1575,0.073
1701,1575,0.116
1710,1575,0.178
1719,1575,0.263
1728,1575,0.303
1737,1575,0.349
1746,1575,0.402
1755,1575,0.374
1764,1575,0.27
1773,1575,0.184
1782,1575,0.218
1791,1575,0.26
1800,1575,0.402
1809,1575,0.204
1818,1575,0.177
1827,1575,0.217
1836,1575,0.267
1845,1575,0.33
1854,1575,0.29
1863,1575,0.368
1872,1575,0.207
1881,1575,0.275
1890,1575,0.577
1899,1575,0.161
1908,1575,0.239
1917,1575,0.43
9,1584,-0.026
18,1584,-0.219
27,1584,-0.18
36,1584,-0.265
45,1584,-0.352
54,1584,-0.116
63,1584,-0.061
72,1584,-0.091
81,1584,-0.189
90,1584,-0.332
99,1584,-0.21
108,1584,-0.186
117,1584,-0.308
126,1584,-0.274
135,1584,-0.323
144,1584,-0.474
153,1584,-0.534
162,1584,-0.483
171,1584,-0.275
180,1584,-0.317
189,1584,-0.361
198,1584,-0.329
207,1584,-0.457
216,1584,-0.419
225,1584,-0.466
234,1584,-0.429
243,1584,-0.395
252,1584,-0.298
261,1584,-0.222
270,1584,-0.253
279,1584,-0.187
288,1584,-0.172
297,1584,-0.197
306,1584,-0.182
315,1584,-0.207
324,1584,-0.234
333,1584,-0.142
342,1584,-0.163
351,1584,-0.058
360,1584,-0.053
369,1584,-0.027
378,1584,-0.025
387,1584,-0.022
396,1584,-0.015
405,1584,-0.013
414,1584,-0.017
423,1584,-0.021
432,1584,-0.019
441,1584,-0.03
450,1584,-0.028
459,1584,-0.033
468,1584,-0.04
477,1584,-0.036
486,1584,-0.055
495,1584,-0.08
504,1584,-0.074
513,1584,-0.054
522,1584,-0.039
531,1584,-0.045
540,1584,-0.041
549,1584,-0.048
558,1584,-0.056
567,1584,-0.051
576,1584,-0.06
585,1584,-0.043
594,1584,-0.05
603,1584,-0.072
612,1584,-0.101
621,1584,-0.114
630,1584,-0.153
639,1584,-0.118
648,1584,-0.11
657,1584,-0.148
666,1584,-0.164
675,1584,-0.153
684,1584,-0.17
693,1584,-0.188
702,1584,-0.176
711,1584,-0.228
720,1584,-0.249
729,1584,-0.272
738,1584,-0.22
747,1584,-0.241
756,1584,-0.304
765,1584,-0.33
774,1584,-0.407
783,1584,-0.495
792,1584,-0.416
801,1584,-0.395
810,1584,-0.426
819,1584,-0.457
828,1584,-0.491
837,1584,-0.467
846,1584,-0.444
855,1584,-0.477
864,1584,-0.401
873,1584,-0.432
882,1584,-0.522
891,1584,-0.497
900,1584,-0.533
909,1584,-0.451
918,1584,-0.544
927,1584,-0.581
936,1584,-0.689
945,1584,-0.66
954,1584,-0.632
963,1584,-0.673
972,1584,0.578
981,1584,0.552
990,1584,0.279
999,1584,0.303
1008,1584,0.286
1017,1584,0.233
1026,1584,0.255
1035,1584,0.277
1044,1584,0.301
1053,1584,0.181
1062,1584,0.169
1071,1584,0.186
1080,1584,0.204
1089,1584,0.163
1098,1584,0.21
1107,1584,0.197
1116,1584,0.251
1125,1584,0.202
1134,1584,0.19
1143,1584,0.208
1152,1584,0.195
1161,1584,0.214
1170,1584,0.12
1179,1584,0.159
1188,1584,0.206
1197,1584,0.193
1206,1584,0.18
1215,1584,0.198
1224,1584,0.217
1233,1584,0.277
1242,1584,0.302
1251,1584,0.244
1260,1584,0.267
1269,1584,0.292
1278,1584,0.366
1287,1584,0.452
1296,1584,0.488
1305,1584,0.592
1314,1584,0.636
1323,1584,0.682
1332,1584,0.73
1341,1584,0.781
1350,1584,0.671
1359,1584,0.719
1368,1584,0.771
1377,1584,0.825
1386,1584,0.882
1395,1584,0.679
1404,1584,0.506
1413,1584,0.548
1422,1584,0.456
1431,1584,0.564
1440,1584,0.408
1449,1584,0.445
1458,1584,0.421
1467,1584,0.459
1476,1584,0.5
1485,1584,0.543
1494,1584,0.448
1503,1584,0.423
1512,1584,0.463
1521,1584,0.437
1530,1584,0.412
1539,1584,0.387
1548,1584,0.257
1557,1584,0.16
1566,1584,0.18
1575,1584,0.202
1584,1584,0.185
1593,1584,0.253
1602,1584,0.19
1611,1584,0.173
1620,1584,0.123
1629,1584,0.14
1638,1584,0.097
1647,1584,0.111
1656,1584,0.098
1665,1584,0.147
1674,1584,0.099
1683,1584,0.086
1692,1584,0.1
1701,1584,0.153
1710,1584,0.227
1719,1584,0.326
1728,1584,0.371
1737,1584,0.422
1746,1584,0.48
1755,1584,0.445
1764,1584,0.325
1773,1584,0.224
1782,1584,0.263
1791,1584,0.308
1800,1584,0.465
1809,1584,0.242
1818,1584,0.209
1827,1584,0.252
1836,1584,0.306
1845,1584,0.373
1854,1584,0.327
1863,1584,0.408
1872,1584,0.232
1881,1584,0.302
1890,1584,0.618
1899,1584,0.174
1908,1584,0.254
1917,1584,0.446
9,1593,-0.024
18,1593,-0.205
27,1593,-0.164
36,1593,-0.242
45,1593,-0.32
54,1593,-0.263
63,1593,-0.142
72,1593,-0.188
81,1593,-0.337
90,1593,-0.535
99,1593,-0.344
108,1593,-0.299
117,1593,-0.458
126,1593,-0.403
135,1593,-0.458
144,1593,-0.64
153,1593,-0.703
162,1593,-0.63
171,1593,-0.367
180,1593,-0.412
189,1593,-0.46
198,1593,-0.416
207,1593,-0.56
216,1593,-0.509
225,1593,-0.558
234,1593,-0.51
243,1593,-0.466
252,1593,-0.352
261,1593,-0.262
270,1593,-0.293
279,1593,-0.217
288,1593,-0.198
297,1593,-0.224
306,1593,-0.204
315,1593,-0.23
324,1593,-0.257
333,1593,-0.193
342,1593,-0.216
351,1593,-0.08
360,1593,-0.073
369,1593,-0.038
378,1593,-0.035
387,1593,-0.031
396,1593,-0.021
405,1593,-0.018
414,1593,-0.022
423,1593,-0.027
432,1593,-0.024
441,1593,-0.038
450,1593,-0.034
459,1593,-0.041
468,1593,-0.048
477,1593,-0.043
486,1593,-0.064
495,1593,-0.091
504,1593,-0.084
513,1593,-0.061
522,1593,-0.043
531,1593,-0.05
540,1593,-0.045
549,1593,-0.052
558,1593,-0.06
567,1593,-0.055
576,1593,-0.062
585,1593,-0.045
594,1593,-0.052
603,1593,-0.074
612,1593,-0.102
621,1593,-0.114
630,1593,-0.153
639,1593,-0.117
648,1593,-0.108
657,1593,-0.145
666,1593,-0.16
675,1593,-0.148
684,1593,-0.163
693,1593,-0.18
702,1593,-0.167
711,1593,-0.216
720,1593,-0.235
729,1593,-0.256
738,1593,-0.204
747,1593,-0.223
756,1593,-0.282
765,1593,-0.305
774,1593,-0.377
783,1593,-0.459
792,1593,-0.381
801,1593,-0.359
810,1593,-0.386
819,1593,-0.414
828,1593,-0.443
837,1593,-0.419
846,1593,-0.395
855,1593,-0.479
864,1593,-0.4
873,1593,-0.429
882,1593,-0.517
891,1593,-0.49
900,1593,-0.523
909,1593,-0.439
918,1593,-0.528
927,1593,-0.563
936,1593,-0.667
945,1593,-0.635
954,1593,-0.605
963,1593,-0.642
972,1593,0.546
981,1593,0.519
990,1593,0.254
999,1593,0.275
1008,1593,0.258
1017,1593,0.207
1026,1593,0.262
1035,1593,0.283
1044,1593,0.306
1053,1593,0.182
1062,1593,0.169
1071,1593,0.185
1080,1593,0.202
1089,1593,0.159
1098,1593,0.205
1107,1593,0.191
1116,1593,0.242
1125,1593,0.226
1134,1593,0.211
1143,1593,0.229
1152,1593,0.214
1161,1593,0.233
1170,1593,0.156
1179,1593,0.202
1188,1593,0.256
1197,1593,0.239
1206,1593,0.223
1215,1593,0.243
1224,1593,0.264
1233,1593,0.33
1242,1593,0.357
1251,1593,0.29
1260,1593,0.314
1269,1593,0.34
1278,1593,0.421
1287,1593,0.513
1296,1593,0.62
1305,1593,0.74
1314,1593,0.787
1323,1593,0.837
1332,1593,0.889
1341,1593,0.944
1350,1593,0.815
1359,1593,0.867
1368,1593,0.922
1377,1593,0.98
1386,1593,1.04
1395,1593,0.809
1404,1593,0.61
1413,1593,0.655
1422,1593,0.548
1431,1593,0.668
1440,1593,0.489
1449,1593,0.528
1458,1593,0.499
1467,1593,0.539
1476,1593,0.582
1485,1593,0.628
1494,1593,0.519
1503,1593,0.489
1512,1593,0.531
1521,1593,0.575
1530,1593,0.543
1539,1593,0.511
1548,1593,0.35
1557,1593,0.225
1566,1593,0.249
1575,1593,0.276
1584,1593,0.253
1593,1593,0.337
1602,1593,0.257
1611,1593,0.235
1620,1593,0.171
1629,1593,0.192
1638,1593,0.135
1647,1593,0.153
1656,1593,0.135
1665,1593,0.196
1674,1593,0.135
1683,1593,0.118
1692,1593,0.135
1701,1593,0.199
1710,1593,0.286
1719,1593,0.399
1728,1593,0.449
1737,1593,0.505
1746,1593,0.568
1755,1593,0.526
1764,1593,0.389
1773,1593,0.272
1782,1593,0.314
1791,1593,0.364
1800,1593,0.536
1809,1593,0.285
1818,1593,0.246
1827,1593,0.293
1836,1593,0.35
1845,1593,0.42
1854,1593,0.368
1863,1593,0.452
1872,1593,0.259
1881,1593,0.332
1890,1593,0.661
1899,1593,0.189
1908,1593,0.27
1917,1593,0.462
9,1602,-0.021
18,1602,-0.19
27,1602,-0.149
36,1602,-0.22
45,1602,-0.29
54,1602,-0.235
63,1602,-0.122
72,1602,-0.162
81,1602,-0.296
90,1602,-0.476
99,1602,-0.298
108,1602,-0.347
117,1602,-0.517
126,1602,-0.449
135,1602,-0.502
144,1602,-0.691
153,1602,-0.75
162,1602,-0.666
171,1602,-0.385
180,1602,-0.428
189,1602,-0.473
198,1602,-0.423
207,1602,-0.566
216,1602,-0.511
225,1602,-0.556
234,1602,-0.603
243,1602,-0.547
252,1602,-0.413
261,1602,-0.375
270,1602,-0.411
279,1602,-0.308
288,1602,-0.279
297,1602,-0.309
306,1602,-0.281
315,1602,-0.309
324,1602,-0.339
333,1602,-0.257
342,1602,-0.283
351,1602,-0.11
360,1602,-0.099
369,1602,-0.053
378,1602,-0.048
387,1602,-0.042
396,1602,-0.028
405,1602,-0.025
414,1602,-0.03
423,1602,-0.035
432,1602,-0.031
441,1602,-0.048
450,1602,-0.043
459,1602,-0.049
468,1602,-0.057
477,1602,-0.051
486,1602,-0.074
495,1602,-0.104
504,1602,-0.095
513,1602,-0.068
522,1602,-0.048
531,1602,-0.055
540,1602,-0.05
549,1602,-0.057
558,1602,-0.064
567,1602,-0.058
576,1602,-0.066
585,1602,-0.047
594,1602,-0.053
603,1602,-0.075
612,1602,-0.104
621,1602,-0.115
630,1602,-0.153
639,1602,-0.116
648,1602,-0.106
657,1602,-0.142
666,1602,-0.156
675,1602,-0.143
684,1602,-0.157
693,1602,-0.171
702,1602,-0.158
711,1602,-0.204
720,1602,-0.221
729,1602,-0.24
738,1602,-0.189
747,1602,-0.205
756,1602,-0.26
765,1602,-0.28
774,1602,-0.347
783,1602,-0.424
792,1602,-0.348
801,1602,-0.325
810,1602,-0.348
819,1602,-0.373
828,1602,-0.398
837,1602,-0.373
846,1602,-0.349
855,1602,-0.425
864,1602,-0.35
873,1602,-0.374
882,1602,-0.454
891,1602,-0.426
900,1602,-0.454
909,1602,-0.427
918,1602,-0.513
927,1602,-0.545
936,1602,-0.645
945,1602,-0.611
954,1602,-0.578
963,1602,-0.612
972,1602,0.516
981,1602,0.486
990,1602,0.231
999,1602,0.249
1008,1602,0.231
1017,1602,0.183
1026,1602,0.232
1035,1602,0.25
1044,1602,0.27
1053,1602,0.183
1062,1602,0.169
1071,1602,0.184
1080,1602,0.199
1089,1602,0.155
1098,1602,0.2
1107,1602,0.184
1116,1602,0.234
1125,1602,0.216
1134,1602,0.2
1143,1602,0.217
1152,1602,0.2
1161,1602,0.217
1170,1602,0.142
1179,1602,0.184
1188,1602,0.235
1197,1602,0.217
1206,1602,0.2
1215,1602,0.217
1224,1602,0.235
1233,1602,0.296
1242,1602,0.319
1251,1602,0.255
1260,1602,0.275
1269,1602,0.297
1278,1602,0.369
1287,1602,0.453
1296,1602,0.549
1305,1602,0.659
1314,1602,0.782
1323,1602,0.828
1332,1602,0.877
1341,1602,0.928
1350,1602,0.795
1359,1602,0.843
1368,1602,0.893
1377,1602,0.946
1386,1602,1.001
1395,1602,0.769
1404,1602,0.572
1413,1602,0.612
1422,1602,0.506
1431,1602,0.617
1440,1602,0.444
1449,1602,0.478
1458,1602,0.447
1467,1602,0.481
1476,1602,0.518
1485,1602,0.558
1494,1602,0.453
1503,1602,0.422
1512,1602,0.457
1521,1602,0.494
1530,1602,0.461
1539,1602,0.429
1548,1602,0.282
1557,1602,0.173
1566,1602,0.191
1575,1602,0.211
1584,1602,0.19
1593,1602,0.257
1602,1602,0.188
1611,1602,0.168
1620,1602,0.116
1629,1602,0.13
1638,1602,0.086
1647,1602,0.097
1656,1602,0.082
1665,1602,0.124
1674,1602,0.079
1683,1602,0.09
1692,1602,0.102
1701,1602,0.154
1710,1602,0.226
1719,1602,0.321
1728,1602,0.359
1737,1602,0.403
1746,1602,0.452
1755,1602,0.41
1764,1602,0.287
1773,1602,0.187
1782,1602,0.216
1791,1602,0.249
1800,1602,0.38
1809,1602,0.176
1818,1602,0.143
1827,1602,0.169
1836,1602,0.201
1845,1602,0.343
1854,1602,0.289
1863,1602,0.351
1872,1602,0.179
1881,1602,0.224
1890,1602,0.471
1899,1602,0.089
1908,1602,0.11
1917,1602,0.141
9,1611,-0.02
18,1611,-0.177
27,1611,-0.135
36,1611,-0.199
45,1611,-0.262
54,1611,-0.208
63,1611,-0.104
72,1611,-0.138
81,1611,-0.258
90,1611,-0.421
99,1611,-0.256
108,1611,-0.298
117,1611,-0.451
126,1611,-0.387
135,1611,-0.432
144,1611,-0.602
153,1611,-0.654
162,1611,-0.574
171,1611,-0.318
180,1611,-0.355
189,1611,-0.393
198,1611,-0.347
207,1611,-0.472
216,1611,-0.42
225,1611,-0.458
234,1611,-0.497
243,1611,-0.446
252,1611,-0.328
261,1611,-0.293
270,1611,-0.323
279,1611,-0.235
288,1611,-0.21
297,1611,-0.233
306,1611,-0.208
315,1611,-0.231
324,1611,-0.254
333,1611,-0.186
342,1611,-0.206
351,1611,-0.072
360,1611,-0.064
369,1611,-0.032
378,1611,-0.028
387,1611,-0.024
396,1611,-0.015
405,1611,-0.013
414,1611,-0.016
423,1611,-0.019
432,1611,-0.016
441,1611,-0.026
450,1611,-0.023
459,1611,-0.027
468,1611,-0.031
477,1611,-0.027
486,1611,-0.041
495,1611,-0.061
504,1611,-0.054
513,1611,-0.037
522,1611,-0.025
531,1611,-0.028
540,1611,-0.025
549,1611,-0.029
558,1611,-0.033
567,1611,-0.029
576,1611,-0.033
585,1611,-0.022
594,1611,-0.033
603,1611,-0.049
612,1611,-0.069
621,1611,-0.095
630,1611,-0.127
639,1611,-0.094
648,1611,-0.085
657,1611,-0.114
666,1611,-0.125
675,1611,-0.114
684,1611,-0.125
693,1611,-0.136
702,1611,-0.124
711,1611,-0.162
720,1611,-0.176
729,1611,-0.19
738,1611,-0.146
747,1611,-0.159
756,1611,-0.204
765,1611,-0.22
774,1611,-0.275
783,1611,-0.34
792,1611,-0.273
801,1611,-0.252
810,1611,-0.27
819,1611,-0.289
828,1611,-0.309
837,1611,-0.286
846,1611,-0.306
855,1611,-0.375
864,1611,-0.303
873,1611,-0.324
882,1611,-0.394
891,1611,-0.367
900,1611,-0.391
909,1611,-0.364
918,1611,-0.44
927,1611,-0.467
936,1611,-0.556
945,1611,-0.522
954,1611,-0.49
963,1611,-0.518
972,1611,0.429
981,1611,0.4
990,1611,0.177
999,1611,0.191
1008,1611,0.175
1017,1611,0.134
1026,1611,0.173
1035,1611,0.187
1044,1611,0.201
1053,1611,0.131
1062,1611,0.118
1071,1611,0.129
1080,1611,0.14
1089,1611,0.127
1098,1611,0.164
1107,1611,0.15
1116,1611,0.192
1125,1611,0.175
1134,1611,0.16
1143,1611,0.173
1152,1611,0.157
1161,1611,0.17
1170,1611,0.107
1179,1611,0.14
1188,1611,0.181
1197,1611,0.165
1206,1611,0.15
1215,1611,0.163
1224,1611,0.176
1233,1611,0.225
1242,1611,0.242
1251,1611,0.222
1260,1611,0.239
1269,1611,0.257
1278,1611,0.322
1287,1611,0.397
1296,1611,0.483
1305,1611,0.582
1314,1611,0.694
1323,1611,0.734
1332,1611,0.775
1341,1611,0.819
1350,1611,0.691
1359,1611,0.732
1368,1611,0.774
1377,1611,0.819
1386,1611,0.865
1395,1611,0.648
1404,1611,0.467
1413,1611,0.499
1422,1611,0.465
1431,1611,0.569
1440,1611,0.4
1449,1611,0.429
1458,1611,0.397
1467,1611,0.427
1476,1611,0.458
1485,1611,0.492
1494,1611,0.392
1503,1611,0.36
1512,1611,0.389
1521,1611,0.419
1530,1611,0.386
1539,1611,0.354
1548,1611,0.223
1557,1611,0.161
1566,1611,0.177
1575,1611,0.195
1584,1611,0.173
1593,1611,0.235
1602,1611,0.168
1611,1611,0.147
1620,1611,0.127
1629,1611,0.141
1638,1611,0.093
1647,1611,0.104
1656,1611,0.087
1665,1611,0.13
1674,1611,0.082
1683,1611,0.092
1692,1611,0.104
1701,1611,0.155
1710,1611,0.225
1719,1611,0.318
1728,1611,0.354
1737,1611,0.394
1746,1611,0.438
1755,1611,0.392
1764,1611,0.269
1773,1611,0.17
1782,1611,0.194
1791,1611,0.222
1800,1611,0.34
1809,1611,0.148
1818,1611,0.115
1827,1611,0.2
1836,1611,0.234
1845,1611,0.389
1854,1611,0.327
1863,1611,0.392
1872,1611,0.201
1881,1611,0.248
1890,1611,0.508
1899,1611,0.098
1908,1611,0.118
1917,1611,0.147
9,1620,-0.075
18,1620,-0.356
27,1620,-0.242
36,1620,-0.313
45,1620,-0.379
54,1620,-0.291
63,1620,-0.146
72,1620,-0.184
81,1620,-0.322
90,1620,-0.504
99,1620,-0.305
108,1620,-0.347
117,1620,-0.511
126,1620,-0.432
135,1620,-0.476
144,1620,-0.652
153,1620,-0.7
162,1620,-0.608
171,1620,-0.424
180,1620,-0.463
189,1620,-0.501
198,1620,-0.44
207,1620,-0.581
216,1620,-0.514
225,1620,-0.552
234,1620,-0.591
243,1620,-0.527
252,1620,-0.388
261,1620,-0.345
270,1620,-0.374
279,1620,-0.272
288,1620,-0.241
297,1620,-0.264
306,1620,-0.234
315,1620,-0.256
324,1620,-0.279
333,1620,-0.203
342,1620,-0.223
351,1620,-0.078
360,1620,-0.068
369,1620,-0.045
378,1620,-0.039
387,1620,-0.045
396,1620,-0.029
405,1620,-0.025
414,1620,-0.029
423,1620,-0.033
432,1620,-0.038
441,1620,-0.057
450,1620,-0.05
459,1620,-0.056
468,1620,-0.063
477,1620,-0.056
486,1620,-0.079
495,1620,-0.11
504,1620,-0.098
513,1620,-0.069
522,1620,-0.047
531,1620,-0.053
540,1620,-0.047
549,1620,-0.052
558,1620,-0.058
567,1620,-0.051
576,1620,-0.057
585,1620,-0.039
594,1620,-0.056
603,1620,-0.078
612,1620,-0.107
621,1620,-0.141
630,1620,-0.184
639,1620,-0.138
648,1620,-0.124
657,1620,-0.162
666,1620,-0.176
675,1620,-0.159
684,1620,-0.171
693,1620,-0.185
702,1620,-0.167
711,1620,-0.214
720,1620,-0.229
729,1620,-0.245
738,1620,-0.19
747,1620,-0.204
756,1620,-0.256
765,1620,-0.273
774,1620,-0.337
783,1620,-0.409
792,1620,-0.329
801,1620,-0.303
810,1620,-0.37
819,1620,-0.392
828,1620,-0.414
837,1620,-0.384
846,1620,-0.406
855,1620,-0.487
864,1620,-0.397
873,1620,-0.42
882,1620,-0.502
891,1620,-0.468
900,1620,-0.493
909,1620,-0.458
918,1620,-0.545
927,1620,-0.573
936,1620,-0.673
945,1620,-0.631
954,1620,-0.591
963,1620,-0.62
972,1620,0.516
981,1620,0.481
990,1620,0.22
999,1620,0.235
1008,1620,0.215
1017,1620,0.166
1026,1620,0.21
1035,1620,0.224
1044,1620,0.239
1053,1620,0.157
1062,1620,0.141
1071,1620,0.152
1080,1620,0.164
1089,1620,0.148
1098,1620,0.189
1107,1620,0.171
1116,1620,0.217
1125,1620,0.197
1134,1620,0.211
1143,1620,0.226
1152,1620,0.205
1161,1620,0.22
1170,1620,0.169
1179,1620,0.214
1188,1620,0.268
1197,1620,0.245
1206,1620,0.223
1215,1620,0.239
1224,1620,0.255
1233,1620,0.317
1242,1620,0.338
1251,1620,0.31
1260,1620,0.33
1269,1620,0.351
1278,1620,0.429
1287,1620,0.518
1296,1620,0.619
1305,1620,0.733
1314,1620,0.86
1323,1620,0.903
1332,1620,0.947
1341,1620,0.993
1350,1620,0.844
1359,1620,0.887
1368,1620,0.932
1377,1620,0.979
1386,1620,1.028
1395,1620,0.779
1404,1620,0.57
1413,1620,0.604
1422,1620,0.562
1431,1620,0.677
1440,1620,0.483
1449,1620,0.514
1458,1620,0.475
1467,1620,0.506
1476,1620,0.539
1485,1620,0.573
1494,1620,0.459
1503,1620,0.421
1512,1620,0.451
1521,1620,0.482
1530,1620,0.443
1539,1620,0.405
1548,1620,0.257
1557,1620,0.187
1566,1620,0.203
1575,1620,0.221
1584,1620,0.195
1593,1620,0.261
1602,1620,0.187
1611,1620,0.162
1620,1620,0.14
1629,1620,0.154
1638,1620,0.1
1647,1620,0.111
1656,1620,0.092
1665,1620,0.136
1674,1620,0.114
1683,1620,0.126
1692,1620,0.14
1701,1620,0.203
1710,1620,0.286
1719,1620,0.393
1728,1620,0.432
1737,1620,0.476
1746,1620,0.524
1755,1620,0.469
1764,1620,0.326
1773,1620,0.21
1782,1620,0.237
1791,1620,0.267
1800,1620,0.399
1809,1620,0.179
1818,1620,0.14
1827,1620,0.235
1836,1620,0.271
1845,1620,0.44
1854,1620,0.369
1863,1620,0.436
1872,1620,0.227
1881,1620,0.275
1890,1620,0.547
1899,1620,0.107
1908,1620,0.127
1917,1620,0.155
9,1629,-0.069
18,1629,-0.334
27,1629,-0.222
36,1629,-0.286
45,1629,-0.345
54,1629,-0.259
63,1629,-0.2
72,1629,-0.241
81,1629,-0.4
90,1629,-0.601
99,1629,-0.362
108,1629,-0.403
117,1629,-0.578
126,1629,-0.484
135,1629,-0.524
144,1629,-0.707
153,1629,-0.75
162,1629,-0.646
171,1629,-0.557
180,1629,-0.595
189,1629,-0.633
198,1629,-0.553
207,1629,-0.711
216,1629,-0.626
225,1629,-0.662
234,1629,-0.7
243,1629,-0.621
252,1629,-0.457
261,1629,-0.403
270,1629,-0.432
279,1629,-0.313
288,1629,-0.276
297,1629,-0.298
306,1629,-0.263
315,1629,-0.285
324,1629,-0.307
333,1629,-0.272
342,1629,-0.293
351,1629,-0.108
360,1629,-0.094
369,1629,-0.062
378,1629,-0.053
387,1629,-0.078
396,1629,-0.052
405,1629,-0.044
414,1629,-0.05
423,1629,-0.057
432,1629,-0.063
441,1629,-0.09
450,1629,-0.078
459,1629,-0.087
468,1629,-0.096
477,1629,-0.084
486,1629,-0.115
495,1629,-0.154
504,1629,-0.137
513,1629,-0.097
522,1629,-0.068
531,1629,-0.075
540,1629,-0.065
549,1629,-0.072
558,1629,-0.079
567,1629,-0.069
576,1629,-0.076
585,1629,-0.066
594,1629,-0.091
603,1629,-0.122
612,1629,-0.16
621,1629,-0.205
630,1629,-0.259
639,1629,-0.198
648,1629,-0.177
657,1629,-0.226
666,1629,-0.24
675,1629,-0.217
684,1629,-0.232
693,1629,-0.247
702,1629,-0.223
711,1629,-0.278
720,1629,-0.295
729,1629,-0.361
738,1629,-0.285
747,1629,-0.301
756,1629,-0.368
765,1629,-0.388
774,1629,-0.466
783,1629,-0.554
792,1629,-0.451
801,1629,-0.416
810,1629,-0.497
819,1629,-0.521
828,1629,-0.545
837,1629,-0.505
846,1629,-0.529
855,1629,-0.623
864,1629,-0.513
873,1629,-0.537
882,1629,-0.632
891,1629,-0.588
900,1629,-0.614
909,1629,-0.571
918,1629,-0.669
927,1629,-0.698
936,1629,-0.809
945,1629,-0.758
954,1629,-0.708
963,1629,-0.738
972,1629,0.616
981,1629,0.574
990,1629,0.271
999,1629,0.287
1008,1629,0.262
1017,1629,0.203
1026,1629,0.252
1035,1629,0.267
1044,1629,0.283
1053,1629,0.187
1062,1629,0.168
1071,1629,0.179
1080,1629,0.191
1089,1629,0.172
1098,1629,0.217
1107,1629,0.195
1116,1629,0.244
1125,1629,0.221
1134,1629,0.235
1143,1629,0.25
1152,1629,0.226
1161,1629,0.24
1170,1629,0.183
1179,1629,0.231
1188,1629,0.287
1197,1629,0.261
1206,1629,0.236
1215,1629,0.251
1224,1629,0.266
1233,1629,0.329
1242,1629,0.348
1251,1629,0.317
1260,1629,0.336
1269,1629,0.355
1278,1629,0.432
1287,1629,0.52
1296,1629,0.62
1305,1629,0.731
1314,1629,0.856
1323,1629,0.895
1332,1629,1.037
1341,1629,1.082
1350,1629,0.919
1359,1629,0.961
1368,1629,1.004
1377,1629,1.05
1386,1629,1.097
1395,1629,0.831
1404,1629,0.607
1413,1629,0.64
1422,1629,0.593
1431,1629,0.709
1440,1629,0.504
1449,1629,0.533
1458,1629,0.49
1467,1629,0.519
1476,1629,0.55
1485,1629,0.582
1494,1629,0.462
1503,1629,0.421
1512,1629,0.448
1521,1629,0.477
1530,1629,0.434
1539,1629,0.393
1548,1629,0.245
1557,1629,0.175
1566,1629,0.189
1575,1629,0.204
1584,1629,0.177
1593,1629,0.238
1602,1629,0.165
1611,1629,0.141
1620,1629,0.154
1629,1629,0.167
1638,1629,0.109
1647,1629,0.119
1656,1629,0.098
1665,1629,0.142
1674,1629,0.156
1683,1629,0.17
1692,1629,0.186
1701,1629,0.262
1710,1629,0.359
1719,1629,0.481
1728,1629,0.524
1737,1629,0.571
1746,1629,0.622
1755,1629,0.558
1764,1629,0.393
1773,1629,0.258
1782,1629,0.287
1791,1629,0.319
1800,1629,0.465
1809,1629,0.215
1818,1629,0.168
1827,1629,0.275
1836,1629,0.313
1845,1629,0.496
1854,1629,0.415
1863,1629,0.485
1872,1629,0.255
1881,1629,0.304
1890,1629,0.589
1899,1629,0.118
1908,1629,0.137
1917,1629,0.162
9,1638,-0.064
18,1638,-0.314
27,1638,-0.203
36,1638,-0.26
45,1638,-0.312
54,1638,-0.23
63,1638,-0.174
72,1638,-0.208
81,1638,-0.352
90,1638,-0.535
99,1638,-0.312
108,1638,-0.347
117,1638,-0.504
126,1638,-0.415
135,1638,-0.45
144,1638,-0.614
153,1638,-0.65
162,1638,-0.552
171,1638,-0.469
180,1638,-0.501
189,1638,-0.533
198,1638,-0.458
207,1638,-0.597
216,1638,-0.519
225,1638,-0.549
234,1638,-0.58
243,1638,-0.507
252,1638,-0.363
261,1638,-0.315
270,1638,-0.338
279,1638,-0.237
288,1638,-0.205
297,1638,-0.222
306,1638,-0.192
315,1638,-0.208
324,1638,-0.225
333,1638,-0.196
342,1638,-0.212
351,1638,-0.09
360,1638,-0.1
369,1638,-0.065
378,1638,-0.055
387,1638,-0.081
396,1638,-0.053
405,1638,-0.044
414,1638,-0.05
423,1638,-0.055
432,1638,-0.062
441,1638,-0.087
450,1638,-0.075
459,1638,-0.082
468,1638,-0.09
477,1638,-0.078
486,1638,-0.107
495,1638,-0.143
504,1638,-0.125
513,1638,-0.087
522,1638,-0.059
531,1638,-0.065
540,1638,-0.056
549,1638,-0.061
558,1638,-0.067
567,1638,-0.058
576,1638,-0.063
585,1638,-0.054
594,1638,-0.075
603,1638,-0.101
612,1638,-0.134
621,1638,-0.174
630,1638,-0.221
639,1638,-0.164
648,1638,-0.145
657,1638,-0.186
666,1638,-0.198
675,1638,-0.177
684,1638,-0.188
693,1638,-0.236
702,1638,-0.212
711,1638,-0.264
720,1638,-0.279
729,1638,-0.341
738,1638,-0.265
747,1638,-0.279
756,1638,-0.342
765,1638,-0.359
774,1638,-0.431
783,1638,-0.513
792,1638,-0.413
801,1638,-0.377
810,1638,-0.451
819,1638,-0.471
828,1638,-0.492
837,1638,-0.451
846,1638,-0.472
855,1638,-0.557
864,1638,-0.513
873,1638,-0.535
882,1638,-0.628
891,1638,-0.58
900,1638,-0.604
909,1638,-0.558
918,1638,-0.653
927,1638,-0.678
936,1638,-0.786
945,1638,-0.731
954,1638,-0.679
963,1638,-0.705
972,1638,0.583
981,1638,0.538
990,1638,0.246
999,1638,0.259
1008,1638,0.273
1017,1638,0.21
1026,1638,0.26
1035,1638,0.273
1044,1638,0.288
1053,1638,0.188
1062,1638,0.199
1071,1638,0.21
1080,1638,0.222
1089,1638,0.235
1098,1638,0.289
1107,1638,0.261
1116,1638,0.32
1125,1638,0.29
1134,1638,0.305
1143,1638,0.321
1152,1638,0.291
1161,1638,0.306
1170,1638,0.236
1179,1638,0.291
1188,1638,0.355
1197,1638,0.373
1206,1638,0.339
1215,1638,0.357
1224,1638,0.375
1233,1638,0.451
1242,1638,0.473
1251,1638,0.433
1260,1638,0.454
1269,1638,0.476
1278,1638,0.567
1287,1638,0.67
1296,1638,0.785
1305,1638,0.912
1314,1638,1.052
1323,1638,1.093
1332,1638,1.251
1341,1638,1.297
1350,1638,1.108
1359,1638,1.152
1368,1638,1.197
1377,1638,1.243
1386,1638,1.292
1395,1638,0.99
1404,1638,0.826
1413,1638,0.863
1422,1638,0.802
1431,1638,0.941
1440,1638,0.688
1449,1638,0.721
1458,1638,0.666
1467,1638,0.699
1476,1638,0.733
1485,1638,0.77
1494,1638,0.622
1503,1638,0.569
1512,1638,0.6
1521,1638,0.632
1530,1638,0.578
1539,1638,0.527
1548,1638,0.341
1557,1638,0.249
1566,1638,0.266
1575,1638,0.284
1584,1638,0.248
1593,1638,0.324
1602,1638,0.231
1611,1638,0.199
1620,1638,0.213
1629,1638,0.229
1638,1638,0.153
1647,1638,0.165
1656,1638,0.138
1665,1638,0.193
1674,1638,0.209
1683,1638,0.226
1692,1638,0.244
1701,1638,0.333
1710,1638,0.445
1719,1638,0.583
1728,1638,0.629
1737,1638,0.679
1746,1638,0.734
1755,1638,0.659
1764,1638,0.471
1773,1638,0.314
1782,1638,0.345
1791,1638,0.38
1800,1638,0.54
1809,1638,0.257
1818,1638,0.202
1827,1638,0.32
1836,1638,0.36
1845,1638,0.557
1854,1638,0.466
1863,1638,0.537
1872,1638,0.285
1881,1638,0.336
1890,1638,0.634
1899,1638,0.13
1908,1638,0.147
1917,1638,0.17
9,1647,-0.059
18,1647,-0.294
27,1647,-0.185
36,1647,-0.235
45,1647,-0.281
54,1647,-0.202
63,1647,-0.149
72,1647,-0.179
81,1647,-0.307
90,1647,-0.472
99,1647,-0.267
108,1647,-0.295
117,1647,-0.435
126,1647,-0.353
135,1647,-0.497
144,1647,-0.667
153,1647,-0.698
162,1647,-0.587
171,1647,-0.494
180,1647,-0.522
189,1647,-0.55
198,1647,-0.468
207,1647,-0.606
216,1647,-0.521
225,1647,-0.547
234,1647,-0.574
243,1647,-0.497
252,1647,-0.35
261,1647,-0.3
270,1647,-0.32
279,1647,-0.22
288,1647,-0.188
297,1647,-0.202
306,1647,-0.173
315,1647,-0.186
324,1647,-0.2
333,1647,-0.172
342,1647,-0.185
351,1647,-0.075
360,1647,-0.082
369,1647,-0.052
378,1647,-0.043
387,1647,-0.064
396,1647,-0.04
405,1647,-0.033
414,1647,-0.037
423,1647,-0.041
432,1647,-0.045
441,1647,-0.065
450,1647,-0.055
459,1647,-0.06
468,1647,-0.066
477,1647,-0.072
486,1647,-0.099
495,1647,-0.133
504,1647,-0.114
513,1647,-0.078
522,1647,-0.052
531,1647,-0.056
540,1647,-0.047
549,1647,-0.052
558,1647,-0.056
567,1647,-0.048
576,1647,-0.052
585,1647,-0.044
594,1647,-0.061
603,1647,-0.083
612,1647,-0.111
621,1647,-0.145
630,1647,-0.185
639,1647,-0.134
648,1647,-0.143
657,1647,-0.183
666,1647,-0.193
675,1647,-0.17
684,1647,-0.18
693,1647,-0.226
702,1647,-0.201
711,1647,-0.25
720,1647,-0.262
729,1647,-0.321
738,1647,-0.246
747,1647,-0.258
756,1647,-0.316
765,1647,-0.33
774,1647,-0.398
783,1647,-0.474
792,1647,-0.375
801,1647,-0.339
810,1647,-0.408
819,1647,-0.424
828,1647,-0.441
837,1647,-0.401
846,1647,-0.417
855,1647,-0.495
864,1647,-0.452
873,1647,-0.469
882,1647,-0.553
891,1647,-0.506
900,1647,-0.525
909,1647,-0.48
918,1647,-0.565
927,1647,-0.586
936,1647,-0.682
945,1647,-0.628
954,1647,-0.578
963,1647,-0.599
972,1647,0.485
981,1647,0.442
990,1647,0.187
999,1647,0.197
1008,1647,0.207
1017,1647,0.154
1026,1647,0.193
1035,1647,0.203
1044,1647,0.213
1053,1647,0.132
1062,1647,0.139
1071,1647,0.147
1080,1647,0.155
1089,1647,0.164
1098,1647,0.205
1107,1647,0.181
1116,1647,0.226
1125,1647,0.201
1134,1647,0.211
1143,1647,0.261
1152,1647,0.233
1161,1647,0.244
1170,1647,0.183
1179,1647,0.228
1188,1647,0.281
1197,1647,0.295
1206,1647,0.264
1215,1647,0.323
1224,1647,0.338
1233,1647,0.408
1242,1647,0.426
1251,1647,0.386
1260,1647,0.403
1269,1647,0.42
1278,1647,0.503
1287,1647,0.596
1296,1647,0.701
1305,1647,0.817
1314,1647,0.945
1323,1647,0.979
1332,1647,1.124
1341,1647,1.163
1350,1647,0.979
1359,1647,1.015
1368,1647,1.052
1377,1647,1.09
1386,1647,1.13
1395,1647,0.844
1404,1647,0.69
1413,1647,0.719
1422,1647,0.66
1431,1647,0.78
1440,1647,0.55
1449,1647,0.575
1458,1647,0.522
1467,1647,0.547
1476,1647,0.573
1485,1647,0.6
1494,1647,0.469
1503,1647,0.42
1512,1647,0.442
1521,1647,0.465
1530,1647,0.416
1539,1647,0.37
1548,1647,0.221
1557,1647,0.189
1566,1647,0.201
1575,1647,0.214
1584,1647,0.182
1593,1647,0.241
1602,1647,0.163
1611,1647,0.136
1620,1647,0.145
1629,1647,0.155
1638,1647,0.096
1647,1647,0.103
1656,1647,0.081
1665,1647,0.118
1674,1647,0.127
1683,1647,0.136
1692,1647,0.146
1701,1647,0.207
1710,1647,0.286
1719,1647,0.387
1728,1647,0.415
1737,1647,0.446
1746,1647,0.48
1755,1647,0.413
1764,1647,0.267
1773,1647,0.155
1782,1647,0.169
1791,1647,0.184
1800,1647,0.279
1809,1647,0.099
1818,1647,0.066
1827,1647,0.117
1836,1647,0.128
1845,1647,0.222
1854,1647,0.248
1863,1647,0.28
1872,1647,0.195
1881,1647,0.221
1890,1647,0.44
1899,1647,0.142
1908,1647,0.158
1917,1647,0.178
9,1656,-0.055
18,1656,-0.274
27,1656,-0.329
36,1656,-0.374
45,1656,-0.413
54,1656,-0.288
63,1656,-0.207
72,1656,-0.237
81,1656,-0.385
90,1656,-0.569
99,1656,-0.32
108,1656,-0.47
117,1656,-0.65
126,1656,-0.524
135,1656,-0.701
144,1656,-0.903
153,1656,-0.926
162,1656,-0.775
171,1656,-0.65
180,1656,-0.674
189,1656,-0.698
198,1656,-0.592
207,1656,-0.746
216,1656,-0.639
225,1656,-0.662
234,1656,-0.685
243,1656,-0.591
252,1656,-0.416
261,1656,-0.355
270,1656,-0.374
279,1656,-0.257
288,1656,-0.217
297,1656,-0.231
306,1656,-0.196
315,1656,-0.209
324,1656,-0.222
333,1656,-0.188
342,1656,-0.2
351,1656,-0.08
360,1656,-0.087
369,1656,-0.055
378,1656,-0.045
387,1656,-0.065
396,1656,-0.04
405,1656,-0.033
414,1656,-0.036
423,1656,-0.04
432,1656,-0.044
441,1656,-0.063
450,1656,-0.052
459,1656,-0.056
468,1656,-0.061
477,1656,-0.066
486,1656,-0.091
495,1656,-0.122
504,1656,-0.104
513,1656,-0.069
522,1656,-0.045
531,1656,-0.048
540,1656,-0.04
549,1656,-0.043
558,1656,-0.047
567,1656,-0.039
576,1656,-0.042
585,1656,-0.035
594,1656,-0.049
603,1656,-0.067
612,1656,-0.09
621,1656,-0.119
630,1656,-0.154
639,1656,-0.108
648,1656,-0.115
657,1656,-0.148
666,1656,-0.156
675,1656,-0.135
684,1656,-0.142
693,1656,-0.181
702,1656,-0.158
711,1656,-0.199
720,1656,-0.208
729,1656,-0.257
738,1656,-0.191
747,1656,-0.2
756,1656,-0.248
765,1656,-0.303
774,1656,-0.365
783,1656,-0.436
792,1656,-0.34
801,1656,-0.304
810,1656,-0.366
819,1656,-0.379
828,1656,-0.393
837,1656,-0.353
846,1656,-0.366
855,1656,-0.436
864,1656,-0.394
873,1656,-0.408
882,1656,-0.483
891,1656,-0.437
900,1656,-0.452
909,1656,-0.409
918,1656,-0.483
927,1656,-0.499
936,1656,-0.584
945,1656,-0.533
954,1656,-0.484
963,1656,-0.5
972,1656,0.396
981,1656,0.357
990,1656,0.138
999,1656,0.145
1008,1656,0.152
1017,1656,0.132
1026,1656,0.166
1035,1656,0.174
1044,1656,0.182
1053,1656,0.108
1062,1656,0.114
1071,1656,0.12
1080,1656,0.126
1089,1656,0.132
1098,1656,0.167
1107,1656,0.174
1116,1656,0.217
1125,1656,0.191
1134,1656,0.199
1143,1656,0.246
1152,1656,0.217
1161,1656,0.227
1170,1656,0.199
1179,1656,0.246
1188,1656,0.301
1197,1656,0.314
1206,1656,0.279
1215,1656,0.339
1224,1656,0.408
1233,1656,0.486
1242,1656,0.504
1251,1656,0.456
1260,1656,0.473
1269,1656,0.49
1278,1656,0.579
1287,1656,0.679
1296,1656,0.791
1305,1656,0.913
1314,1656,1.048
1323,1656,1.081
1332,1656,1.231
1341,1656,1.268
1350,1656,1.067
1359,1656,1.101
1368,1656,1.136
1377,1656,1.172
1386,1656,1.209
1395,1656,0.903
1404,1656,0.736
1413,1656,0.861
1422,1656,0.79
1431,1656,0.923
1440,1656,0.659
1449,1656,0.685
1458,1656,0.622
1467,1656,0.647
1476,1656,0.673
1485,1656,0.699
1494,1656,0.55
1503,1656,0.493
1512,1656,0.514
1521,1656,0.537
1530,1656,0.561
1539,1656,0.502
1548,1656,0.313
1557,1656,0.27
1566,1656,0.284
1575,1656,0.299
1584,1656,0.257
1593,1656,0.331
1602,1656,0.23
1611,1656,0.193
1620,1656,0.204
1629,1656,0.215
1638,1656,0.138
1647,1656,0.146
1656,1656,0.117
1665,1656,0.164
1674,1656,0.174
1683,1656,0.184
1692,1656,0.196
1701,1656,0.269
1710,1656,0.362
1719,1656,0.478
1728,1656,0.508
1737,1656,0.541
1746,1656,0.577
1755,1656,0.498
1764,1656,0.328
1773,1656,0.195
1782,1656,0.209
1791,1656,0.225
1800,1656,0.333
1809,1656,0.123
1818,1656,0.083
1827,1656,0.142
1836,1656,0.154
1845,1656,0.258
1854,1656,0.285
1863,1656,0.317
1872,1656,0.221
1881,1656,0.247
1890,1656,0.477
1899,1656,0.156
1908,1656,0.17
1917,1656,0.187
9,1665,-0.05
18,1665,-0.255
27,1665,-0.303
36,1665,-0.342
45,1665,-0.374
54,1665,-0.255
63,1665,-0.179
72,1665,-0.204
81,1665,-0.336
90,1665,-0.503
99,1665,-0.272
108,1665,-0.406
117,1665,-0.567
126,1665,-0.449
135,1665,-0.608
144,1665,-0.79
153,1665,-0.808
162,1665,-0.666
171,1665,-0.549
180,1665,-0.568
189,1665,-0.587
198,1665,-0.606
207,1665,-0.76
216,1665,-0.644
225,1665,-0.662
234,1665,-0.681
243,1665,-0.699
252,1665,-0.494
261,1665,-0.419
270,1665,-0.435
279,1665,-0.299
288,1665,-0.251
297,1665,-0.264
306,1665,-0.222
315,1665,-0.234
324,1665,-0.245
333,1665,-0.207
342,1665,-0.218
351,1665,-0.087
360,1665,-0.093
369,1665,-0.058
378,1665,-0.046
387,1665,-0.067
396,1665,-0.041
405,1665,-0.033
414,1665,-0.036
423,1665,-0.039
432,1665,-0.042
441,1665,-0.06
450,1665,-0.049
459,1665,-0.053
468,1665,-0.057
477,1665,-0.061
486,1665,-0.083
495,1665,-0.112
504,1665,-0.118
513,1665,-0.078
522,1665,-0.05
531,1665,-0.069
540,1665,-0.074
549,1665,-0.078
558,1665,-0.104
567,1665,-0.088
576,1665,-0.092
585,1665,-0.077
594,1665,-0.103
603,1665,-0.134
612,1665,-0.171
621,1665,-0.215
630,1665,-0.266
639,1665,-0.194
648,1665,-0.202
657,1665,-0.251
666,1665,-0.26
675,1665,-0.227
684,1665,-0.236
693,1665,-0.289
702,1665,-0.254
711,1665,-0.31
720,1665,-0.32
729,1665,-0.385
738,1665,-0.292
747,1665,-0.302
756,1665,-0.364
765,1665,-0.433
774,1665,-0.511
783,1665,-0.597
792,1665,-0.472
801,1665,-0.423
810,1665,-0.499
819,1665,-0.513
828,1665,-0.527
837,1665,-0.475
846,1665,-0.488
855,1665,-0.571
864,1665,-0.586
873,1665,-0.601
882,1665,-0.695
891,1665,-0.632
900,1665,-0.648
909,1665,-0.589
918,1665,-0.681
927,1665,-0.698
936,1665,-0.801
945,1665,-0.733
954,1665,-0.669
963,1665,-0.686
972,1665,0.552
981,1665,0.499
990,1665,0.21
999,1665,0.217
1008,1665,0.225
1017,1665,0.197
1026,1665,0.242
1035,1665,0.25
1044,1665,0.259
1053,1665,0.16
1062,1665,0.166
1071,1665,0.173
1080,1665,0.179
1089,1665,0.186
1098,1665,0.23
1107,1665,0.238
1116,1665,0.289
1125,1665,0.255
1134,1665,0.264
1143,1665,0.32
1152,1665,0.283
1161,1665,0.292
1170,1665,0.257
1179,1665,0.313
1188,1665,0.376
1197,1665,0.388
1206,1665,0.4
1215,1665,0.475
1224,1665,0.56
1233,1665,0.653
1242,1665,0.672
1251,1665,0.61
1260,1665,0.628
1269,1665,0.647
1278,1665,0.751
1287,1665,0.867
1296,1665,0.994
1305,1665,1.132
1314,1665,1.283
1323,1665,1.315
1332,1665,1.482
1341,1665,1.518
1350,1665,1.287
1359,1665,1.32
1368,1665,1.355
1377,1665,1.39
1386,1665,1.427
1395,1665,1.079
1404,1665,0.886
1413,1665,1.023
1422,1665,0.94
1431,1665,1.085
1440,1665,0.785
1449,1665,0.81
1458,1665,0.736
1467,1665,0.76
1476,1665,0.786
1485,1665,0.812
1494,1665,0.642
1503,1665,0.575
1512,1665,0.596
1521,1665,0.618
1530,1665,0.641
1539,1665,0.573
1548,1665,0.361
1557,1665,0.311
1566,1665,0.324
1575,1665,0.338
1584,1665,0.29
1593,1665,0.368
1602,1665,0.256
1611,1665,0.214
1620,1665,0.224
1629,1665,0.234
1638,1665,0.149
1647,1665,0.156
1656,1665,0.124
1665,1665,0.172
1674,1665,0.18
1683,1665,0.189
1692,1665,0.199
1701,1665,0.271
1710,1665,0.363
1719,1665,0.476
1728,1665,0.503
1737,1665,0.65
1746,1665,0.688
1755,1665,0.596
1764,1665,0.399
1773,1665,0.243
1782,1665,0.258
1791,1665,0.275
1800,1665,0.395
1809,1665,0.152
1818,1665,0.103
1827,1665,0.172
1836,1665,0.183
1845,1665,0.299
1854,1665,0.325
1863,1665,0.357
1872,1665,0.249
1881,1665,0.275
1890,1665,0.518
1899,1665,0.171
1908,1665,0.183
1917,1665,0.196
9,1674,-0.046
18,1674,-0.237
27,1674,-0.278
36,1674,-0.311
45,1674,-0.545
54,1674,-0.362
63,1674,-0.248
72,1674,-0.27
81,1674,-0.423
90,1674,-0.608
99,1674,-0.329
108,1674,-0.474
117,1674,-0.647
126,1674,-0.506
135,1674,-0.673
144,1674,-0.862
153,1674,-0.871
162,1674,-0.711
171,1674,-0.58
180,1674,-0.594
189,1674,-0.608
198,1674,-0.622
207,1674,-0.774
216,1674,-0.649
225,1674,-0.663
234,1674,-0.676
243,1674,-0.689
252,1674,-0.48
261,1674,-0.402
270,1674,-0.415
279,1674,-0.279
288,1674,-0.231
297,1674,-0.241
306,1674,-0.2
315,1674,-0.262
324,1674,-0.272
333,1674,-0.227
342,1674,-0.237
351,1674,-0.094
360,1674,-0.099
369,1674,-0.061
378,1674,-0.065
387,1674,-0.091
396,1674,-0.055
405,1674,-0.044
414,1674,-0.047
423,1674,-0.05
432,1674,-0.054
441,1674,-0.075
450,1674,-0.061
459,1674,-0.064
468,1674,-0.068
477,1674,-0.072
486,1674,-0.097
495,1674,-0.129
504,1674,-0.134
513,1674,-0.089
522,1674,-0.056
531,1674,-0.077
540,1674,-0.081
549,1674,-0.085
558,1674,-0.112
567,1674,-0.093
576,1674,-0.097
585,1674,-0.081
594,1674,-0.106
603,1674,-0.137
612,1674,-0.174
621,1674,-0.218
630,1674,-0.268
639,1674,-0.193
648,1674,-0.2
657,1674,-0.247
666,1674,-0.301
675,1674,-0.262
684,1674,-0.27
693,1674,-0.327
702,1674,-0.286
711,1674,-0.345
720,1674,-0.354
729,1674,-0.421
738,1674,-0.319
747,1674,-0.328
756,1674,-0.391
765,1674,-0.462
774,1674,-0.541
783,1674,-0.629
792,1674,-0.495
801,1674,-0.441
810,1674,-0.517
819,1674,-0.528
828,1674,-0.54
837,1674,-0.483
846,1674,-0.494
855,1674,-0.576
864,1674,-0.588
873,1674,-0.6
882,1674,-0.692
891,1674,-0.626
900,1674,-0.638
909,1674,-0.576
918,1674,-0.665
927,1674,-0.678
936,1674,-0.777
945,1674,-0.706
954,1674,-0.639
963,1674,-0.652
972,1674,0.518
981,1674,0.464
990,1674,0.186
999,1674,0.192
1008,1674,0.198
1017,1674,0.204
1026,1674,0.249
1035,1674,0.256
1044,1674,0.263
1053,1674,0.16
1062,1674,0.165
1071,1674,0.171
1080,1674,0.176
1089,1674,0.181
1098,1674,0.223
1107,1674,0.23
1116,1674,0.279
1125,1674,0.243
1134,1674,0.25
1143,1674,0.303
1152,1674,0.265
1161,1674,0.272
1170,1674,0.237
1179,1674,0.288
1188,1674,0.346
1197,1674,0.356
1206,1674,0.365
1215,1674,0.434
1224,1674,0.512
1233,1674,0.599
1242,1674,0.613
1251,1674,0.551
1260,1674,0.565
1269,1674,0.579
1278,1674,0.674
1287,1674,0.78
1296,1674,0.896
1305,1674,1.023
1314,1674,1.162
1323,1674,1.187
1332,1674,1.341
1341,1674,1.507
1350,1674,1.267
1359,1674,1.295
1368,1674,1.324
1377,1674,1.354
1386,1674,1.384
1395,1674,1.033
1404,1674,0.838
1413,1674,0.968
1422,1674,0.882
1431,1674,1.018
1440,1674,0.722
1449,1674,0.742
1458,1674,0.666
1467,1674,0.685
1476,1674,0.705
1485,1674,0.725
1494,1674,0.649
1503,1674,0.578
1512,1674,0.595
1521,1674,0.614
1530,1674,0.633
1539,1674,0.56
1548,1674,0.346
1557,1674,0.294
1566,1674,0.305
1575,1674,0.315
1584,1674,0.266
1593,1674,0.338
1602,1674,0.229
1611,1674,0.187
1620,1674,0.194
1629,1674,0.201
1638,1674,0.122
1647,1674,0.127
1656,1674,0.097
1665,1674,0.136
1674,1674,0.141
1683,1674,0.147
1692,1674,0.152
1701,1674,0.211
1710,1674,0.286
1719,1674,0.38
1728,1674,0.397
1737,1674,0.521
1746,1674,0.547
1755,1674,0.458
1764,1674,0.285
1773,1674,0.157
1782,1674,0.164
1791,1674,0.171
1800,1674,0.255
1809,1674,0.077
1818,1674,0.045
1827,1674,0.08
1836,1674,0.138
1845,1674,0.23
1854,1674,0.245
1863,1674,0.261
1872,1674,0.163
1881,1674,0.17
1890,1674,0.339
1899,1674,0.187
1908,1674,0.197
1917,1674,0.205
9,1683,-0.042
18,1683,-0.219
27,1683,-0.255
36,1683,-0.281
45,1683,-0.499
54,1683,-0.322
63,1683,-0.215
72,1683,-0.233
81,1683,-0.369
90,1683,-0.537
99,1683,-0.279
108,1683,-0.408
117,1683,-0.562
126,1683,-0.431
135,1683,-0.579
144,1683,-0.749
153,1683,-0.754
162,1683,-0.604
171,1683,-0.613
180,1683,-0.621
189,1683,-0.63
198,1683,-0.638
207,1683,-0.789
216,1683,-0.655
225,1683,-0.663
234,1683,-0.672
243,1683,-0.68
252,1683,-0.465
261,1683,-0.385
270,1683,-0.394
279,1683,-0.26
288,1683,-0.268
297,1683,-0.276
306,1683,-0.227
315,1683,-0.293
324,1683,-0.301
333,1683,-0.25
342,1683,-0.257
351,1683,-0.101
360,1683,-0.106
369,1683,-0.111
378,1683,-0.148
387,1683,-0.194
396,1683,-0.126
405,1683,-0.102
414,1683,-0.106
423,1683,-0.111
432,1683,-0.115
441,1683,-0.151
450,1683,-0.124
459,1683,-0.129
468,1683,-0.134
477,1683,-0.138
486,1683,-0.178
495,1683,-0.224
504,1683,-0.23
513,1683,-0.158
522,1683,-0.104
531,1683,-0.135
540,1683,-0.14
549,1683,-0.144
558,1683,-0.183
567,1683,-0.154
576,1683,-0.193
585,1683,-0.163
594,1683,-0.204
603,1683,-0.252
612,1683,-0.307
621,1683,-0.369
630,1683,-0.439
639,1683,-0.327
648,1683,-0.334
657,1683,-0.399
666,1683,-0.471
675,1683,-0.414
684,1683,-0.422
693,1683,-0.496
702,1683,-0.437
711,1683,-0.513
720,1683,-0.521
729,1683,-0.606
738,1683,-0.469
747,1683,-0.477
756,1683,-0.556
765,1683,-0.643
774,1683,-0.738
783,1683,-0.842
792,1683,-0.672
801,1683,-0.602
810,1683,-0.692
819,1683,-0.702
828,1683,-0.713
837,1683,-0.64
846,1683,-0.649
855,1683,-0.744
864,1683,-0.755
873,1683,-0.765
882,1683,-0.87
891,1683,-0.787
900,1683,-0.799
909,1683,-0.721
918,1683,-0.821
927,1683,-0.833
936,1683,-0.943
945,1683,-0.857
954,1683,-0.776
963,1683,-0.787
972,1683,0.63
981,1683,0.564
990,1683,0.278
999,1683,0.284
1008,1683,0.29
1017,1683,0.296
1026,1683,0.353
1035,1683,0.36
1044,1683,0.367
1053,1683,0.231
1062,1683,0.236
1071,1683,0.242
1080,1683,0.247
1089,1683,0.252
1098,1683,0.304
1107,1683,0.31
1116,1683,0.369
1125,1683,0.323
1134,1683,0.329
1143,1683,0.391
1152,1683,0.343
1161,1683,0.35
1170,1683,0.305
1179,1683,0.364
1188,1683,0.431
1197,1683,0.44
1206,1683,0.516
1215,1683,0.601
1224,1683,0.695
1233,1683,0.798
1242,1683,0.812
1251,1683,0.733
1260,1683,0.746
1269,1683,0.76
1278,1683,0.871
1287,1683,0.992
1296,1683,1.124
1305,1683,1.267
1314,1683,1.422
1323,1683,1.446
1332,1683,1.615
1341,1683,1.797
1350,1683,1.521
1359,1683,1.548
1368,1683,1.575
1377,1683,1.603
1386,1683,1.632
1395,1683,1.233
1404,1683,1.008
1413,1683,1.15
1422,1683,1.049
1431,1683,1.197
1440,1683,0.86
1449,1683,0.879
1458,1683,0.79
1467,1683,0.808
1476,1683,0.826
1485,1683,0.845
1494,1683,0.756
1503,1683,0.673
1512,1683,0.689
1521,1683,0.706
1530,1683,0.723
1539,1683,0.64
1548,1683,0.399
1557,1683,0.339
1566,1683,0.348
1575,1683,0.358
1584,1683,0.367
1593,1683,0.456
1602,1683,0.317
1611,1683,0.263
1620,1683,0.27
1629,1683,0.278
1638,1683,0.175
1647,1683,0.179
1656,1683,0.139
1665,1683,0.189
1674,1683,0.195
1683,1683,0.2
1692,1683,0.206
1701,1683,0.277
1710,1683,0.365
1719,1683,0.474
1728,1683,0.492
1737,1683,0.631
1746,1683,0.657
1755,1683,0.553
1764,1683,0.352
1773,1683,0.199
1782,1683,0.205
1791,1683,0.212
1800,1683,0.309
1809,1683,0.098
1818,1683,0.058
1827,1683,0.1
1836,1683,0.166
1845,1683,0.269
1854,1683,0.282
1863,1683,0.298
1872,1683,0.187
1881,1683,0.193
1890,1683,0.372
1899,1683,0.205
1908,1683,0.212
1917,1683,0.216
9,1692,-0.038
18,1692,-0.202
27,1692,-0.232
36,1692,-0.453
45,1692,-0.724
54,1692,-0.456
63,1692,-0.298
72,1692,-0.309
81,1692,-0.466
90,1692,-0.653
99,1692,-0.338
108,1692,-0.479
117,1692,-0.645
126,1692,-0.488
135,1692,-0.644
144,1692,-0.82
153,1692,-0.816
162,1692,-0.647
171,1692,-0.81
180,1692,-0.808
189,1692,-0.806
198,1692,-0.806
207,1692,-0.974
216,1692,-0.806
225,1692,-0.806
234,1692,-0.807
243,1692,-0.808
252,1692,-0.555
261,1692,-0.457
270,1692,-0.462
279,1692,-0.305
288,1692,-0.311
297,1692,-0.316
306,1692,-0.258
315,1692,-0.328
324,1692,-0.334
333,1692,-0.274
342,1692,-0.28
351,1692,-0.109
360,1692,-0.113
369,1692,-0.117
378,1692,-0.155
387,1692,-0.201
396,1692,-0.128
405,1692,-0.103
414,1692,-0.106
423,1692,-0.109
432,1692,-0.112
441,1692,-0.147
450,1692,-0.119
459,1692,-0.122
468,1692,-0.126
477,1692,-0.129
486,1692,-0.166
495,1692,-0.209
504,1692,-0.213
513,1692,-0.218
522,1692,-0.146
531,1692,-0.185
540,1692,-0.189
549,1692,-0.234
558,1692,-0.287
567,1692,-0.243
576,1692,-0.296
585,1692,-0.251
594,1692,-0.305
603,1692,-0.366
612,1692,-0.435
621,1692,-0.511
630,1692,-0.596
639,1692,-0.451
648,1692,-0.456
657,1692,-0.533
666,1692,-0.619
675,1692,-0.545
684,1692,-0.55
693,1692,-0.637
702,1692,-0.562
711,1692,-0.649
720,1692,-0.655
729,1692,-0.75
738,1692,-0.585
747,1692,-0.591
756,1692,-0.68
765,1692,-0.776
774,1692,-0.881
783,1692,-0.993
792,1692,-0.797
801,1692,-0.712
810,1692,-0.811
819,1692,-0.818
828,1692,-0.825
837,1692,-0.74
846,1692,-0.747
855,1692,-0.847
864,1692,-0.855
873,1692,-0.862
882,1692,-0.972
891,1692,-0.878
900,1692,-0.886
909,1692,-0.798
918,1692,-0.902
927,1692,-0.91
936,1692,-1.024
945,1692,-0.927
954,1692,-0.837
963,1692,-0.845
972,1692,0.673
981,1692,0.6
990,1692,0.402
999,1692,0.407
1008,1692,0.412
1017,1692,0.418
1026,1692,0.487
1035,1692,0.493
1044,1692,0.499
1053,1692,0.325
1062,1692,0.33
1071,1692,0.334
1080,1692,0.339
1089,1692,0.344
1098,1692,0.405
1107,1692,0.411
1116,1692,0.48
1125,1692,0.422
1134,1692,0.427
1143,1692,0.499
1152,1692,0.439
1161,1692,0.445
1170,1692,0.388
1179,1692,0.457
1188,1692,0.532
1197,1692,0.539
1206,1692,0.625
1215,1692,0.718
1224,1692,0.821
1233,1692,0.933
1242,1692,0.944
1251,1692,0.852
1260,1692,0.863
1269,1692,0.874
1278,1692,0.993
1287,1692,1.121
1296,1692,1.261
1305,1692,1.411
1314,1692,1.572
1323,1692,1.592
1332,1692,1.767
1341,1692,1.955
1350,1692,1.655
1359,1692,1.677
1368,1692,1.699
1377,1692,1.723
1386,1692,1.747
1395,1692,1.319
1404,1692,1.076
1413,1692,1.221
1422,1692,1.109
1431,1692,1.259
1440,1692,0.902
1449,1692,0.917
1458,1692,0.82
1467,1692,0.834
1476,1692,0.848
1485,1692,0.863
1494,1692,0.767
1503,1692,0.678
1512,1692,0.69
1521,1692,0.703
1530,1692,0.716
1539,1692,0.627
1548,1692,0.383
1557,1692,0.322
1566,1692,0.327
1575,1692,0.333
1584,1692,0.34
1593,1692,0.421
1602,1692,0.286
1611,1692,0.231
1620,1692,0.235
1629,1692,0.24
1638,1692,0.144
1647,1692,0.146
1656,1692,0.109
1665,1692,0.15
1674,1692,0.152
1683,1692,0.154
1692,1692,0.157
1701,1692,0.213
1710,1692,0.285
1719,1692,0.376
1728,1692,0.385
1737,1692,0.501
1746,1692,0.516
1755,1692,0.418
1764,1692,0.245
1773,1692,0.178
1782,1692,0.181
1791,1692,0.184
1800,1692,0.269
1809,1692,0.076
1818,1692,0.041
1827,1692,0.072
1836,1692,0.123
1845,1692,0.202
1854,1692,0.206
1863,1692,0.21
1872,1692,0.113
1881,1692,0.107
1890,1692,0.221
1899,1692,0.084
1908,1692,0.059
1917,1692,0.226
9,1701,-0.034
18,1701,-0.186
27,1701,-0.21
36,1701,-0.415
45,1701,-0.667
54,1701,-0.408
63,1701,-0.259
72,1701,-0.267
81,1701,-0.408
90,1701,-0.577
99,1701,-0.285
108,1701,-0.41
117,1701,-0.558
126,1701,-0.413
135,1701,-0.55
144,1701,-0.708
153,1701,-0.7
162,1701,-0.544
171,1701,-0.688
180,1701,-0.682
189,1701,-0.678
198,1701,-0.674
207,1701,-0.823
216,1701,-0.668
225,1701,-0.665
234,1701,-0.663
243,1701,-0.661
252,1701,-0.437
261,1701,-0.351
270,1701,-0.354
279,1701,-0.222
288,1701,-0.287
297,1701,-0.29
306,1701,-0.293
315,1701,-0.367
324,1701,-0.37
333,1701,-0.302
342,1701,-0.305
351,1701,-0.118
360,1701,-0.121
369,1701,-0.123
378,1701,-0.162
387,1701,-0.208
396,1701,-0.131
405,1701,-0.103
414,1701,-0.105
423,1701,-0.108
432,1701,-0.11
441,1701,-0.143
450,1701,-0.114
459,1701,-0.116
468,1701,-0.118
477,1701,-0.12
486,1701,-0.154
495,1701,-0.195
504,1701,-0.197
513,1701,-0.199
522,1701,-0.13
531,1701,-0.165
540,1701,-0.167
549,1701,-0.208
558,1701,-0.256
567,1701,-0.258
576,1701,-0.312
585,1701,-0.263
594,1701,-0.317
603,1701,-0.379
612,1701,-0.447
621,1701,-0.523
630,1701,-0.606
639,1701,-0.454
648,1701,-0.457
657,1701,-0.533
666,1701,-0.616
675,1701,-0.538
684,1701,-0.54
693,1701,-0.623
702,1701,-0.545
711,1701,-0.628
720,1701,-0.631
729,1701,-0.722
738,1701,-0.556
747,1701,-0.558
756,1701,-0.642
765,1701,-0.733
774,1701,-0.831
783,1701,-0.938
792,1701,-0.742
801,1701,-0.656
810,1701,-0.748
819,1701,-0.751
828,1701,-0.754
837,1701,-0.669
846,1701,-0.672
855,1701,-0.764
864,1701,-0.767
873,1701,-0.771
882,1701,-0.871
891,1701,-0.778
900,1701,-0.781
909,1701,-0.695
918,1701,-0.789
927,1701,-0.793
936,1701,-0.894
945,1701,-0.801
954,1701,-0.713
963,1701,-0.717
972,1701,0.558
981,1701,0.489
990,1701,0.313
999,1701,0.316
1008,1701,0.318
1017,1701,0.32
1026,1701,0.377
1035,1701,0.38
1044,1701,0.383
1053,1701,0.235
1062,1701,0.237
1071,1701,0.239
1080,1701,0.241
1089,1701,0.243
1098,1701,0.29
1107,1701,0.292
1116,1701,0.347
1125,1701,0.349
1134,1701,0.352
1143,1701,0.414
1152,1701,0.357
1161,1701,0.36
1170,1701,0.308
1179,1701,0.365
1188,1701,0.429
1197,1701,0.432
1206,1701,0.504
1215,1701,0.584
1224,1701,0.672
1233,1701,0.768
1242,1701,0.774
1251,1701,0.687
1260,1701,0.693
1269,1701,0.698
1278,1701,0.799
1287,1701,0.909
1296,1701,1.029
1305,1701,1.158
1314,1701,1.298
1323,1701,1.309
1332,1701,1.462
1341,1701,1.625
1350,1701,1.345
1359,1701,1.358
1368,1701,1.371
1377,1701,1.385
1386,1701,1.398
1395,1701,1.014
1404,1701,0.799
1413,1701,0.917
1422,1701,0.816
1431,1701,0.937
1440,1701,0.728
1449,1701,0.736
1458,1701,0.645
1467,1701,0.652
1476,1701,0.66
1485,1701,0.667
1494,1701,0.58
1503,1701,0.499
1512,1701,0.504
1521,1701,0.6
1530,1701,0.607
1539,1701,0.615
1548,1701,0.367
1557,1701,0.304
1566,1701,0.307
1575,1701,0.31
1584,1701,0.313
1593,1701,0.388
1602,1701,0.255
1611,1701,0.202
1620,1701,0.259
1629,1701,0.262
1638,1701,0.157
1647,1701,0.157
1656,1701,0.116
1665,1701,0.158
1674,1701,0.158
1683,1701,0.158
1692,1701,0.159
1701,1701,0.215
1710,1701,0.285
1719,1701,0.373
1728,1701,0.379
1737,1701,0.491
1746,1701,0.501
1755,1701,0.511
1764,1701,0.307
1773,1701,0.226
1782,1701,0.228
1791,1701,0.229
1800,1701,0.326
1809,1701,0.097
1818,1701,0.053
1827,1701,0.09
1836,1701,0.149
1845,1701,0.239
1854,1701,0.24
1863,1701,0.242
1872,1701,0.132
1881,1701,0.123
1890,1701,0.246
1899,1701,0.094
1908,1701,0.065
1917,1701,0.238
9,1710,-0.031
18,1710,-0.17
27,1710,-0.39
36,1710,-0.662
45,1710,-0.971
54,1710,-0.577
63,1710,-0.359
72,1710,-0.356
81,1710,-0.517
90,1710,-0.705
99,1710,-0.348
108,1710,-0.485
117,1710,-0.643
126,1710,-0.628
135,1710,-0.799
144,1710,-0.988
153,1710,-0.96
162,1710,-0.744
171,1710,-0.912
180,1710,-0.892
189,1710,-0.874
198,1710,-0.857
207,1710,-1.023
216,1710,-0.828
225,1710,-0.815
234,1710,-0.968
243,1710,-0.952
252,1710,-0.644
261,1710,-0.638
270,1710,-0.632
279,1710,-0.417
288,1710,-0.511
297,1710,-0.508
306,1710,-0.505
315,1710,-0.607
324,1710,-0.603
333,1710,-0.498
342,1710,-0.496
351,1710,-0.212
360,1710,-0.213
369,1710,-0.214
378,1710,-0.269
387,1710,-0.331
396,1710,-0.216
405,1710,-0.172
414,1710,-0.218
423,1710,-0.218
432,1710,-0.219
441,1710,-0.271
450,1710,-0.22
459,1710,-0.221
468,1710,-0.221
477,1710,-0.222
486,1710,-0.273
495,1710,-0.33
504,1710,-0.33
513,1710,-0.33
522,1710,-0.225
531,1710,-0.274
540,1710,-0.274
549,1710,-0.33
558,1710,-0.393
567,1710,-0.393
576,1710,-0.462
585,1710,-0.392
594,1710,-0.461
603,1710,-0.537
612,1710,-0.621
621,1710,-0.712
630,1710,-0.81
639,1710,-0.617
648,1710,-0.615
657,1710,-0.705
666,1710,-0.801
675,1710,-0.799
684,1710,-0.797
693,1710,-0.901
702,1710,-0.794
711,1710,-0.896
720,1710,-0.894
729,1710,-1.004
738,1710,-0.788
747,1710,-0.786
756,1710,-0.887
765,1710,-0.995
774,1710,-1.111
783,1710,-1.234
792,1710,-0.99
801,1710,-0.88
810,1710,-0.987
819,1710,-0.985
828,1710,-0.984
837,1710,-0.876
846,1710,-0.875
855,1710,-0.981
864,1710,-1.094
873,1710,-1.093
882,1710,-1.214
891,1710,-1.091
900,1710,-1.091
909,1710,-0.977
918,1710,-1.089
927,1710,-1.089
936,1710,-1.209
945,1710,-1.088
954,1710,-0.975
963,1710,-0.975
972,1710,0.773
981,1710,0.682
990,1710,0.453
999,1710,0.454
1008,1710,0.454
1017,1710,0.454
1026,1710,0.524
1035,1710,0.524
1044,1710,0.525
1053,1710,0.334
1062,1710,0.334
1071,1710,0.392
1080,1710,0.392
1089,1710,0.392
1098,1710,0.457
1107,1710,0.457
1116,1710,0.528
1125,1710,0.529
1134,1710,0.53
1143,1710,0.608
1152,1710,0.531
1161,1710,0.531
1170,1710,0.46
1179,1710,0.533
1188,1710,0.613
1197,1710,0.614
1206,1710,0.702
1215,1710,0.798
1224,1710,0.903
1233,1710,1.016
1242,1710,1.019
1251,1710,0.91
1260,1710,0.913
1269,1710,0.916
1278,1710,1.032
1287,1710,1.158
1296,1710,1.293
1305,1710,1.439
1314,1710,1.595
1323,1710,1.602
1332,1710,1.77
1341,1710,1.949
1350,1710,1.626
1359,1710,1.635
1368,1710,1.644
1377,1710,1.653
1386,1710,1.663
1395,1710,1.223
1404,1710,0.973
1413,1710,1.103
1422,1710,0.984
1431,1710,1.116
1440,1710,0.876
1449,1710,0.881
1458,1710,0.774
1467,1710,0.778
1476,1710,0.782
1485,1710,0.787
1494,1710,0.684
1503,1710,0.59
1512,1710,0.592
1521,1710,0.696
1530,1710,0.701
1539,1710,0.705
1548,1710,0.427
1557,1710,0.352
1566,1710,0.353
1575,1710,0.354
1584,1710,0.354
1593,1710,0.435
1602,1710,0.286
1611,1710,0.225
1620,1710,0.286
1629,1710,0.286
1638,1710,0.17
1647,1710,0.169
1656,1710,0.123
1665,1710,0.166
1674,1710,0.164
1683,1710,0.163
1692,1710,0.161
1701,1710,0.216
1710,1710,0.285
1719,1710,0.371
1728,1710,0.373
1737,1710,0.48
1746,1710,0.611
1755,1710,0.62
1764,1710,0.381
1773,1710,0.284
1782,1710,0.284
1791,1710,0.284
1800,1710,0.393
1809,1710,0.123
1818,1710,0.069
1827,1710,0.113
1836,1710,0.18
1845,1710,0.28
1854,1710,0.28
1863,1710,0.278
1872,1710,0.153
1881,1710,0.141
1890,1710,0.273
1899,1710,0.105
1908,1710,0.071
1917,1710,0.25
9,1719,-0.028
18,1719,-0.154
27,1719,-0.358
36,1719,-0.612
45,1719,-0.901
54,1719,-0.521
63,1719,-0.314
72,1719,-0.308
81,1719,-0.452
90,1719,-0.622
99,1719,-0.293
108,1719,-0.413
117,1719,-0.554
126,1719,-0.537
135,1719,-0.689
144,1719,-0.858
153,1719,-0.828
162,1719,-0.628
171,1719,-0.776
180,1719,-0.754
189,1719,-0.734
198,1719,-0.716
207,1719,-0.862
216,1719,-0.84
225,1719,-0.82
234,1719,-0.97
243,1719,-0.947
252,1719,-0.63
261,1719,-0.618
270,1719,-0.738
279,1719,-0.598
288,1719,-0.712
297,1719,-0.7
306,1719,-0.688
315,1719,-0.807
324,1719,-0.794
333,1719,-0.657
342,1719,-0.647
351,1719,-0.289
360,1719,-0.287
369,1719,-0.284
378,1719,-0.348
387,1719,-0.421
396,1719,-0.277
405,1719,-0.221
414,1719,-0.273
423,1719,-0.271
432,1719,-0.269
441,1719,-0.327
450,1719,-0.265
459,1719,-0.263
468,1719,-0.261
477,1719,-0.259
486,1719,-0.314
495,1719,-0.376
504,1719,-0.373
513,1719,-0.369
522,1719,-0.25
531,1719,-0.302
540,1719,-0.3
549,1719,-0.358
558,1719,-0.422
567,1719,-0.419
576,1719,-0.489
585,1719,-0.412
594,1719,-0.481
603,1719,-0.558
612,1719,-0.641
621,1719,-0.731
630,1719,-0.829
639,1719,-0.625
648,1719,-0.62
657,1719,-0.708
666,1719,-0.802
675,1719,-0.796
684,1719,-0.789
693,1719,-0.89
702,1719,-0.777
711,1719,-0.876
720,1719,-0.87
729,1719,-0.975
738,1719,-0.755
747,1719,-0.851
756,1719,-0.954
765,1719,-1.064
774,1719,-1.182
783,1719,-1.307
792,1719,-1.043
801,1719,-0.923
810,1719,-1.03
819,1719,-1.023
828,1719,-1.017
837,1719,-0.9
846,1719,-0.894
855,1719,-0.999
864,1719,-1.111
873,1719,-1.105
882,1719,-1.223
891,1719,-1.093
900,1719,-1.087
909,1719,-0.966
918,1719,-1.076
927,1719,-1.07
936,1719,-1.187
945,1719,-1.06
954,1719,-0.942
963,1719,-0.938
972,1719,0.733
981,1719,0.64
990,1719,0.415
999,1719,0.413
1008,1719,0.41
1017,1719,0.408
1026,1719,0.471
1035,1719,0.469
1044,1719,0.466
1053,1719,0.339
1062,1719,0.337
1071,1719,0.393
1080,1719,0.391
1089,1719,0.389
1098,1719,0.451
1107,1719,0.448
1116,1719,0.517
1125,1719,0.514
1134,1719,0.512
1143,1719,0.587
1152,1719,0.507
1161,1719,0.504
1170,1719,0.431
1179,1719,0.499
1188,1719,0.574
1197,1719,0.656
1206,1719,0.746
1215,1719,0.843
1224,1719,0.949
1233,1719,1.063
1242,1719,1.061
1251,1719,0.943
1260,1719,0.941
1269,1719,0.939
1278,1719,1.054
1287,1719,1.178
1296,1719,1.312
1305,1719,1.455
1314,1719,1.608
1323,1719,1.609
1332,1719,1.773
1341,1719,1.948
1350,1719,1.613
1359,1719,1.615
1368,1719,1.617
1377,1719,1.619
1386,1719,1.622
1395,1719,1.316
1404,1719,1.045
1413,1719,1.178
1422,1719,1.046
1431,1719,1.18
1440,1719,0.922
1449,1719,0.922
1458,1719,0.805
1467,1719,0.805
1476,1719,0.805
1485,1719,0.805
1494,1719,0.695
1503,1719,0.593
1512,1719,0.592
1521,1719,0.693
1530,1719,0.693
1539,1719,0.693
1548,1719,0.41
1557,1719,0.333
1566,1719,0.331
1575,1719,0.328
1584,1719,0.326
1593,1719,0.399
1602,1719,0.321
1611,1719,0.251
1620,1719,0.315
1629,1719,0.313
1638,1719,0.185
1647,1719,0.182
1656,1719,0.131
1665,1719,0.175
1674,1719,0.229
1683,1719,0.225
1692,1719,0.221
1701,1719,0.288
1710,1719,0.371
1719,1719,0.471
1728,1719,0.47
1737,1719,0.593
1746,1719,0.739
1755,1719,0.746
1764,1719,0.469
1773,1719,0.353
1782,1719,0.351
1791,1719,0.348
1800,1719,0.47
1809,1719,0.156
1818,1719,0.089
1827,1719,0.14
1836,1719,0.217
1845,1719,0.328
1854,1719,0.324
1863,1719,0.32
1872,1719,0.177
1881,1719,0.162
1890,1719,0.303
1899,1719,0.117
1908,1719,0.078
1917,1719,0.263
9,1728,-0.025
18,1728,-0.14
27,1728,-0.328
36,1728,-0.564
45,1728,-0.834
54,1728,-0.467
63,1728,-0.272
72,1728,-0.263
81,1728,-0.392
90,1728,-0.544
99,1728,-0.243
108,1728,-0.347
117,1728,-0.471
126,1728,-0.452
135,1728,-0.586
144,1728,-0.737
153,1728,-0.705
162,1728,-0.522
171,1728,-0.651
180,1728,-0.628
189,1728,-0.607
198,1728,-0.587
207,1728,-0.714
216,1728,-0.692
225,1728,-0.67
234,1728,-0.8
243,1728,-0.776
252,1728,-0.615
261,1728,-0.599
270,1728,-0.713
279,1728,-0.569
288,1728,-0.676
297,1728,-0.66
306,1728,-0.644
315,1728,-0.756
324,1728,-0.738
333,1728,-0.601
342,1728,-0.588
351,1728,-0.249
360,1728,-0.244
369,1728,-0.24
378,1728,-0.296
387,1728,-0.36
396,1728,-0.228
405,1728,-0.177
414,1728,-0.221
423,1728,-0.218
432,1728,-0.214
441,1728,-0.263
450,1728,-0.207
459,1728,-0.204
468,1728,-0.201
477,1728,-0.198
486,1728,-0.242
495,1728,-0.293
504,1728,-0.288
513,1728,-0.284
522,1728,-0.183
531,1728,-0.224
540,1728,-0.22
549,1728,-0.266
558,1728,-0.318
567,1728,-0.313
576,1728,-0.37
585,1728,-0.303
594,1728,-0.359
603,1728,-0.42
612,1728,-0.488
621,1728,-0.563
630,1728,-0.644
639,1728,-0.467
648,1728,-0.46
657,1728,-0.531
666,1728,-0.608
675,1728,-0.599
684,1728,-0.591
693,1728,-0.673
702,1728,-0.575
711,1728,-0.655
720,1728,-0.646
729,1728,-0.732
738,1728,-0.545
747,1728,-0.621
756,1728,-0.704
765,1728,-0.793
774,1728,-0.889
783,1728,-0.992
792,1728,-0.98
801,1728,-0.858
810,1728,-0.958
819,1728,-0.947
828,1728,-0.936
837,1728,-0.819
846,1728,-0.809
855,1728,-0.905
864,1728,-1.008
873,1728,-0.997
882,1728,-1.106
891,1728,-0.977
900,1728,-0.967
909,1728,-0.957
918,1728,-1.062
927,1728,-1.052
936,1728,-1.164
945,1728,-1.032
954,1728,-1.022
963,1728,-1.012
972,1728,0.788
981,1728,0.686
990,1728,0.442
999,1728,0.437
1008,1728,0.431
1017,1728,0.426
1026,1728,0.49
1035,1728,0.484
1044,1728,0.478
1053,1728,0.344
1062,1728,0.339
1071,1728,0.395
1080,1728,0.39
1089,1728,0.45
1098,1728,0.517
1107,1728,0.511
1116,1728,0.584
1125,1728,0.578
1134,1728,0.572
1143,1728,0.65
1152,1728,0.559
1161,1728,0.553
1170,1728,0.471
1179,1728,0.542
1188,1728,0.618
1197,1728,0.702
1206,1728,0.793
1215,1728,0.892
1224,1728,0.999
1233,1728,1.113
1242,1728,1.106
1251,1728,0.977
1260,1728,0.971
1269,1728,0.964
1278,1728,1.078
1287,1728,1.201
1296,1728,1.332
1305,1728,1.473
1314,1728,1.624
1323,1728,1.618
1332,1728,1.778
1341,1728,1.949
1350,1728,1.601
1359,1728,1.595
1368,1728,1.59
1377,1728,1.586
1386,1728,1.749
1395,1728,1.417
1404,1728,1.123
1413,1728,1.258
1422,1728,1.113
1431,1728,1.249
1440,1728,0.972
1449,1728,0.967
1458,1728,0.839
1467,1728,0.834
1476,1728,0.829
1485,1728,0.824
1494,1728,0.706
1503,1728,0.597
1512,1728,0.592
1521,1728,0.691
1530,1728,0.801
1539,1728,0.796
1548,1728,0.477
1557,1728,0.471
1566,1728,0.466
1575,1728,0.46
1584,1728,0.455
1593,1728,0.545
1602,1728,0.444
1611,1728,0.354
1620,1728,0.432
1629,1728,0.427
1638,1728,0.263
1647,1728,0.257
1656,1728,0.19
1665,1728,0.245
1674,1728,0.311
1683,1728,0.305
1692,1728,0.298
1701,1728,0.379
1710,1728,0.476
1719,1728,0.591
1728,1728,0.587
1737,1728,0.725
1746,1728,0.888
1755,1728,0.892
1764,1728,0.572
1773,1728,0.436
1782,1728,0.43
1791,1728,0.424
1800,1728,0.56
1809,1728,0.195
1818,1728,0.113
1827,1728,0.173
1836,1728,0.26
1845,1728,0.383
1854,1728,0.375
1863,1728,0.366
1872,1728,0.205
1881,1728,0.185
1890,1728,0.336
1899,1728,0.13
1908,1728,0.085
1917,1728,0.276
9,1737,-0.022
18,1737,-0.126
27,1737,-0.298
36,1737,-0.517
45,1737,-0.768
54,1737,-0.415
63,1737,-0.232
72,1737,-0.222
81,1737,-0.335
90,1737,-0.471
99,1737,-0.198
108,1737,-0.287
117,1737,-0.394
126,1737,-0.375
135,1737,-0.492
144,1737,-0.624
153,1737,-0.592
162,1737,-0.425
171,1737,-0.537
180,1737,-0.514
189,1737,-0.492
198,1737,-0.472
207,1737,-0.581
216,1737,-0.557
225,1737,-0.536
234,1737,-0.647
243,1737,-0.622
252,1737,-0.48
261,1737,-0.463
270,1737,-0.559
279,1737,-0.433
288,1737,-0.522
297,1737,-0.505
306,1737,-0.489
315,1737,-0.582
324,1737,-0.564
333,1737,-0.547
342,1737,-0.53
351,1737,-0.27
360,1737,-0.262
369,1737,-0.255
378,1737,-0.312
387,1737,-0.376
396,1737,-0.235
405,1737,-0.18
414,1737,-0.223
423,1737,-0.217
432,1737,-0.211
441,1737,-0.258
450,1737,-0.201
459,1737,-0.245
468,1737,-0.239
477,1737,-0.233
486,1737,-0.281
495,1737,-0.336
504,1737,-0.327
513,1737,-0.319
522,1737,-0.205
531,1737,-0.248
540,1737,-0.242
549,1737,-0.289
558,1737,-0.343
567,1737,-0.335
576,1737,-0.393
585,1737,-0.384
594,1737,-0.446
603,1737,-0.515
612,1737,-0.59
621,1737,-0.672
630,1737,-0.76
639,1737,-0.554
648,1737,-0.542
657,1737,-0.618
666,1737,-0.701
675,1737,-0.687
684,1737,-0.673
693,1737,-0.759
702,1737,-0.647
711,1737,-0.73
720,1737,-0.716
729,1737,-0.805
738,1737,-0.598
747,1737,-0.676
756,1737,-0.761
765,1737,-0.853
774,1737,-0.95
783,1737,-1.054
792,1737,-1.037
801,1737,-0.902
810,1737,-1.003
819,1737,-0.986
828,1737,-0.97
837,1737,-0.954
846,1737,-0.938
855,1737,-1.041
864,1737,-1.149
873,1737,-1.132
882,1737,-1.246
891,1737,-1.098
900,1737,-1.082
909,1737,-1.065
918,1737,-1.175
927,1737,-1.158
936,1737,-1.274
945,1737,-1.125
954,1737,-1.109
963,1737,-1.093
972,1737,0.849
981,1737,0.735
990,1737,0.548
999,1737,0.538
1008,1737,0.528
1017,1737,0.519
1026,1737,0.59
1035,1737,0.579
1044,1737,0.569
1053,1737,0.412
1062,1737,0.404
1071,1737,0.464
1080,1737,0.456
1089,1737,0.521
1098,1737,0.593
1107,1737,0.583
1116,1737,0.66
1125,1737,0.649
1134,1737,0.639
1143,1737,0.721
1152,1737,0.618
1161,1737,0.608
1170,1737,0.516
1179,1737,0.588
1188,1737,0.667
1197,1737,0.753
1206,1737,0.845
1215,1737,0.945
1224,1737,1.053
1233,1737,1.168
1242,1737,1.155
1251,1737,1.015
1260,1737,1.003
1269,1737,0.991
1278,1737,1.104
1287,1737,1.225
1296,1737,1.355
1305,1737,1.493
1314,1737,1.641
1323,1737,1.628
1332,1737,1.785
1341,1737,1.951
1350,1737,1.589
1359,1737,1.576
1368,1737,1.564
1377,1737,1.552
1386,1737,1.71
1395,1737,1.369
1404,1737,1.069
1413,1737,1.197
1422,1737,1.047
1431,1737,1.175
1440,1737,0.897
1449,1737,0.887
1458,1737,0.759
1467,1737,0.748
1476,1737,0.856
1485,1737,0.845
1494,1737,0.718
1503,1737,0.602
1512,1737,0.592
1521,1737,0.688
1530,1737,0.795
1539,1737,0.785
1548,1737,0.459
1557,1737,0.45
1566,1737,0.441
1575,1737,0.431
1584,1737,0.422
1593,1737,0.505
1602,1737,0.403
1611,1737,0.394
1620,1737,0.476
1629,1737,0.466
1638,1737,0.286
1647,1737,0.277
1656,1737,0.203
1665,1737,0.258
1674,1737,0.326
1683,1737,0.316
1692,1737,0.305
1701,1737,0.385
1710,1737,0.48
1719,1737,0.593
1728,1737,0.725
1737,1737,0.88
1746,1737,1.06
1755,1737,1.059
1764,1737,0.693
1773,1737,0.533
1782,1737,0.523
1791,1737,0.513
1800,1737,0.664
1809,1737,0.242
1818,1737,0.143
1827,1737,0.213
1836,1737,0.31
1845,1737,0.445
1854,1737,0.432
1863,1737,0.419
1872,1737,0.236
1881,1737,0.212
1890,1737,0.372
1899,1737,0.145
1908,1737,0.093
1917,1737,0.291
9,1746,-0.097
18,1746,-0.307
27,1746,-0.567
36,1746,-0.856
45,1746,-1.164
54,1746,-0.605
63,1746,-0.333
72,1746,-0.306
81,1746,-0.438
90,1746,-0.591
99,1746,-0.248
108,1746,-0.347
117,1746,-0.464
126,1746,-0.433
135,1746,-0.556
144,1746,-0.694
153,1746,-0.65
162,1746,-0.46
171,1746,-0.574
180,1746,-0.542
189,1746,-0.512
198,1746,-0.486
207,1746,-0.593
216,1746,-0.563
225,1746,-0.535
234,1746,-0.643
243,1746,-0.613
252,1746,-0.464
261,1746,-0.444
270,1746,-0.534
279,1746,-0.406
288,1746,-0.489
297,1746,-0.469
306,1746,-0.45
315,1746,-0.535
324,1746,-0.514
333,1746,-0.494
342,1746,-0.475
351,1746,-0.23
360,1746,-0.221
369,1746,-0.212
378,1746,-0.261
387,1746,-0.316
396,1746,-0.189
405,1746,-0.14
414,1746,-0.176
423,1746,-0.169
432,1746,-0.163
441,1746,-0.201
450,1746,-0.151
459,1746,-0.187
468,1746,-0.18
477,1746,-0.173
486,1746,-0.212
495,1746,-0.256
504,1746,-0.247
513,1746,-0.238
522,1746,-0.144
531,1746,-0.177
540,1746,-0.171
549,1746,-0.207
558,1746,-0.249
567,1746,-0.24
576,1746,-0.286
585,1746,-0.276
594,1746,-0.325
603,1746,-0.38
612,1746,-0.44
621,1746,-0.506
630,1746,-0.578
639,1746,-0.402
648,1746,-0.39
657,1746,-0.45
666,1746,-0.516
675,1746,-0.501
684,1746,-0.487
693,1746,-0.556
702,1746,-0.46
711,1746,-0.526
720,1746,-0.511
729,1746,-0.581
738,1746,-0.41
747,1746,-0.471
756,1746,-0.536
765,1746,-0.608
774,1746,-0.685
783,1746,-0.767
792,1746,-0.749
801,1746,-0.731
810,1746,-0.817
819,1746,-0.798
828,1746,-0.78
837,1746,-0.761
846,1746,-0.744
855,1746,-0.83
864,1746,-0.922
873,1746,-0.902
882,1746,-0.999
891,1746,-0.863
900,1746,-0.845
909,1746,-0.826
918,1746,-0.918
927,1746,-0.898
936,1746,-0.995
945,1746,-0.861
954,1746,-0.843
963,1746,-0.825
972,1746,0.706
981,1746,0.6
990,1746,0.431
999,1746,0.419
1008,1746,0.408
1017,1746,0.397
1026,1746,0.455
1035,1746,0.518
1044,1746,0.587
1053,1746,0.42
1062,1746,0.409
1071,1746,0.468
1080,1746,0.456
1089,1746,0.52
1098,1746,0.589
1107,1746,0.575
1116,1746,0.649
1125,1746,0.635
1134,1746,0.621
1143,1746,0.699
1152,1746,0.592
1161,1746,0.579
1170,1746,0.484
1179,1746,0.552
1188,1746,0.625
1197,1746,0.705
1206,1746,0.792
1215,1746,0.885
1224,1746,0.986
1233,1746,1.093
1242,1746,1.075
1251,1746,0.933
1260,1746,0.916
1269,1746,0.899
1278,1746,1.002
1287,1746,1.113
1296,1746,1.232
1305,1746,1.36
1314,1746,1.495
1323,1746,1.475
1332,1746,1.619
1341,1746,1.772
1350,1746,1.416
1359,1746,1.396
1368,1746,1.377
1377,1746,1.358
1386,1746,1.5
1395,1746,1.172
1404,1746,0.888
1413,1746,0.999
1422,1746,0.856
1431,1746,0.966
1440,1746,0.71
1449,1746,0.695
1458,1746,0.578
1467,1746,0.564
1476,1746,0.651
1485,1746,0.636
1494,1746,0.523
1503,1746,0.421
1512,1746,0.409
1521,1746,0.482
1530,1746,0.564
1539,1746,0.656
1548,1746,0.359
1557,1746,0.347
1566,1746,0.335
1575,1746,0.323
1584,1746,0.311
1593,1746,0.376
1602,1746,0.287
1611,1746,0.275
1620,1746,0.337
1629,1746,0.325
1638,1746,0.24
1647,1746,0.228
1656,1746,0.159
1665,1746,0.205
1674,1746,0.26
1683,1746,0.247
1692,1746,0.313
1701,1746,0.392
1710,1746,0.485
1719,1746,0.595
1728,1746,0.724
1737,1746,0.875
1746,1746,1.049
1755,1746,1.038
1764,1746,0.663
1773,1746,0.648
1782,1746,0.632
1791,1746,0.617
1800,1746,0.783
1809,1746,0.299
1818,1746,0.18
1827,1746,0.259
1836,1746,0.368
1845,1746,0.516
1854,1746,0.497
1863,1746,0.478
1872,1746,0.272
1881,1746,0.241
1890,1746,0.412
1899,1746,0.162
1908,1746,0.102
1917,1746,0.307
9,1755,-0.088
18,1755,-0.283
27,1755,-0.525
36,1755,-0.794
45,1755,-1.083
54,1755,-0.879
63,1755,-0.744
72,1755,-0.646
81,1755,-0.839
90,1755,-1.049
99,1755,-0.462
108,1755,-0.601
117,1755,-0.755
126,1755,-0.689
135,1755,-0.844
144,1755,-1.013
153,1755,-0.931
162,1755,-0.662
171,1755,-0.798
180,1755,-0.742
189,1755,-0.692
198,1755,-0.647
207,1755,-0.77
216,1755,-0.723
225,1755,-0.679
234,1755,-0.799
243,1755,-0.754
252,1755,-0.569
261,1755,-0.538
270,1755,-0.636
279,1755,-0.482
288,1755,-0.571
297,1755,-0.542
306,1755,-0.515
315,1755,-0.605
324,1755,-0.575
333,1755,-0.547
342,1755,-0.521
351,1755,-0.25
360,1755,-0.238
369,1755,-0.226
378,1755,-0.275
387,1755,-0.331
396,1755,-0.194
405,1755,-0.142
414,1755,-0.176
423,1755,-0.168
432,1755,-0.159
441,1755,-0.196
450,1755,-0.144
459,1755,-0.178
468,1755,-0.169
477,1755,-0.161
486,1755,-0.197
495,1755,-0.237
504,1755,-0.227
513,1755,-0.216
522,1755,-0.126
531,1755,-0.155
540,1755,-0.148
549,1755,-0.18
558,1755,-0.216
567,1755,-0.207
576,1755,-0.246
585,1755,-0.236
594,1755,-0.279
603,1755,-0.327
612,1755,-0.38
621,1755,-0.438
630,1755,-0.501
639,1755,-0.337
648,1755,-0.324
657,1755,-0.375
666,1755,-0.432
675,1755,-0.416
684,1755,-0.401
693,1755,-0.459
702,1755,-0.371
711,1755,-0.427
720,1755,-0.411
729,1755,-0.47
738,1755,-0.318
747,1755,-0.368
756,1755,-0.422
765,1755,-0.481
774,1755,-0.546
783,1755,-0.616
792,1755,-0.596
801,1755,-0.577
810,1755,-0.649
819,1755,-0.628
828,1755,-0.609
837,1755,-0.589
846,1755,-0.571
855,1755,-0.642
864,1755,-0.718
873,1755,-0.697
882,1755,-0.777
891,1755,-0.655
900,1755,-0.636
909,1755,-0.616
918,1755,-0.69
927,1755,-0.67
936,1755,-0.748
945,1755,-0.631
954,1755,-0.706
963,1755,-0.686
972,1755,0.575
981,1755,0.477
990,1755,0.328
999,1755,0.316
1008,1755,0.304
1017,1755,0.292
1026,1755,0.338
1035,1755,0.388
1044,1755,0.443
1053,1755,0.301
1062,1755,0.29
1071,1755,0.335
1080,1755,0.323
1089,1755,0.372
1098,1755,0.426
1107,1755,0.412
1116,1755,0.47
1125,1755,0.454
1134,1755,0.439
1143,1755,0.5
1152,1755,0.41
1161,1755,0.396
1170,1755,0.319
1179,1755,0.368
1188,1755,0.423
1197,1755,0.483
1206,1755,0.549
1215,1755,0.621
1224,1755,0.699
1233,1755,0.783
1242,1755,0.762
1251,1755,0.641
1260,1755,0.622
1269,1755,0.604
1278,1755,0.682
1287,1755,0.767
1296,1755,0.859
1305,1755,0.958
1314,1755,1.064
1323,1755,1.04
1332,1755,1.153
1341,1755,1.274
1350,1755,0.97
1359,1755,0.947
1368,1755,0.925
1377,1755,0.902
1386,1755,1.009
1395,1755,0.741
1404,1755,0.521
1413,1755,0.597
1422,1755,0.487
1431,1755,0.561
1440,1755,0.374
1449,1755,0.359
1458,1755,0.345
1467,1755,0.33
1476,1755,0.389
1485,1755,0.374
1494,1755,0.288
1503,1755,0.216
1512,1755,0.204
1521,1755,0.248
1530,1755,0.299
1539,1755,0.358
1548,1755,0.16
1557,1755,0.15
1566,1755,0.187
1575,1755,0.175
1584,1755,0.164
1593,1755,0.204
1602,1755,0.142
1611,1755,0.131
1620,1755,0.167
1629,1755,0.155
1638,1755,0.101
1647,1755,0.092
1656,1755,0.055
1665,1755,0.075
1674,1755,0.1
1683,1755,0.09
1692,1755,0.121
1701,1755,0.159
1710,1755,0.207
1719,1755,0.266
1728,1755,0.339
1737,1755,0.426
1746,1755,0.531
1755,1755,0.656
1764,1755,0.486
1773,1755,0.463
1782,1755,0.439
1791,1755,0.415
1800,1755,0.539
1809,1755,0.248
1818,1755,0.137
1827,1755,0.2
1836,1755,0.287
1845,1755,0.408
1854,1755,0.378
1863,1755,0.545
1872,1755,0.313
1881,1755,0.275
1890,1755,0.457
1899,1755,0.181
1908,1755,0.113
1917,1755,0.323
9,1764,-0.08
18,1764,-0.259
27,1764,-0.483
36,1764,-0.734
45,1764,-1.003
54,1764,-0.799
63,1764,-0.665
72,1764,-0.568
81,1764,-0.743
90,1764,-0.934
99,1764,-0.572
108,1764,-0.724
117,1764,-0.889
126,1764,-0.797
135,1764,-0.96
144,1764,-1.134
153,1764,-1.029
162,1764,-0.72
171,1764,-0.859
180,1764,-0.789
189,1764,-0.727
198,1764,-0.671
207,1764,-0.793
216,1764,-0.736
225,1764,-0.859
234,1764,-0.992
243,1764,-1.134
252,1764,-0.865
261,1764,-0.81
270,1764,-0.931
279,1764,-0.712
288,1764,-0.821
297,1764,-0.772
306,1764,-0.727
315,1764,-0.833
324,1764,-0.786
333,1764,-0.743
342,1764,-0.701
351,1764,-0.348
360,1764,-0.412
369,1764,-0.389
378,1764,-0.457
387,1764,-0.531
396,1764,-0.326
405,1764,-0.308
414,1764,-0.364
423,1764,-0.344
432,1764,-0.326
441,1764,-0.383
450,1764,-0.291
459,1764,-0.343
468,1764,-0.325
477,1764,-0.308
486,1764,-0.361
495,1764,-0.419
504,1764,-0.398
513,1764,-0.378
522,1764,-0.233
531,1764,-0.276
540,1764,-0.261
549,1764,-0.307
558,1764,-0.358
567,1764,-0.34
576,1764,-0.394
585,1764,-0.375
594,1764,-0.431
603,1764,-0.493
612,1764,-0.56
621,1764,-0.632
630,1764,-0.709
639,1764,-0.489
648,1764,-0.468
657,1764,-0.531
666,1764,-0.6
675,1764,-0.575
684,1764,-0.551
693,1764,-0.62
702,1764,-0.595
711,1764,-0.667
720,1764,-0.641
729,1764,-0.717
738,1764,-0.502
747,1764,-0.567
756,1764,-0.637
765,1764,-0.711
774,1764,-0.791
783,1764,-0.876
792,1764,-0.845
801,1764,-0.815
810,1764,-0.902
819,1764,-0.871
828,1764,-0.84
837,1764,-0.811
846,1764,-0.782
855,1764,-0.866
864,1764,-0.955
873,1764,-0.923
882,1764,-1.016
891,1764,-0.862
900,1764,-0.833
909,1764,-0.805
918,1764,-0.889
927,1764,-0.86
936,1764,-0.948
945,1764,-0.803
954,1764,-0.888
963,1764,-0.859
972,1764,0.723
981,1764,0.602
990,1764,0.419
999,1764,0.401
1008,1764,0.384
1017,1764,0.367
1026,1764,0.419
1035,1764,0.475
1044,1764,0.537
1053,1764,0.368
1062,1764,0.351
1071,1764,0.402
1080,1764,0.385
1089,1764,0.438
1098,1764,0.496
1107,1764,0.477
1116,1764,0.539
1125,1764,0.518
1134,1764,0.498
1143,1764,0.562
1152,1764,0.459
1161,1764,0.44
1170,1764,0.352
1179,1764,0.404
1188,1764,0.46
1197,1764,0.522
1206,1764,0.589
1215,1764,0.662
1224,1764,0.74
1233,1764,0.825
1242,1764,0.799
1251,1764,0.667
1260,1764,0.643
1269,1764,0.62
1278,1764,0.697
1287,1764,0.78
1296,1764,0.87
1305,1764,0.967
1314,1764,1.07
1323,1764,1.04
1332,1764,1.149
1341,1764,1.267
1350,1764,0.951
1359,1764,0.923
1368,1764,0.894
1377,1764,0.866
1386,1764,0.967
1395,1764,0.696
1404,1764,0.569
1413,1764,0.647
1422,1764,0.524
1431,1764,0.599
1440,1764,0.397
1449,1764,0.378
1458,1764,0.359
1467,1764,0.341
1476,1764,0.399
1485,1764,0.38
1494,1764,0.289
1503,1764,0.213
1512,1764,0.198
1521,1764,0.24
1530,1764,0.288
1539,1764,0.343
1548,1764,0.146
1557,1764,0.135
1566,1764,0.168
1575,1764,0.154
1584,1764,0.142
1593,1764,0.177
1602,1764,0.163
1611,1764,0.149
1620,1764,0.187
1629,1764,0.172
1638,1764,0.111
1647,1764,0.1
1656,1764,0.058
1665,1764,0.078
1674,1764,0.104
1683,1764,0.092
1692,1764,0.121
1701,1764,0.159
1710,1764,0.205
1719,1764,0.262
1728,1764,0.332
1737,1764,0.415
1746,1764,0.515
1755,1764,0.633
1764,1764,0.457
1773,1764,0.428
1782,1764,0.398
1791,1764,0.369
1800,1764,0.478
1809,1764,0.201
1818,1764,0.174
1827,1764,0.247
1836,1764,0.345
1845,1764,0.478
1854,1764,0.44
1863,1764,0.62
1872,1764,0.359
1881,1764,0.313
1890,1764,0.506
1899,1764,0.201
1908,1764,0.124
1917,1764,0.341
9,1773,-0.072
18,1773,-0.236
27,1773,-0.442
36,1773,-0.674
45,1773,-0.924
54,1773,-0.722
63,1773,-0.59
72,1773,-0.495
81,1773,-0.652
90,1773,-0.824
99,1773,-0.486
108,1773,-0.619
117,1773,-0.766
126,1773,-0.677
135,1773,-0.821
144,1773,-0.976
153,1773,-0.875
162,1773,-0.787
171,1773,-0.928
180,1773,-0.841
189,1773,-0.765
198,1773,-0.894
207,1773,-1.033
216,1773,-0.947
225,1773,-1.085
234,1773,-1.231
243,1773,-1.385
252,1773,-1.053
261,1773,-0.976
270,1773,-1.106
279,1773,-0.842
288,1773,-0.958
297,1773,-0.893
306,1773,-0.833
315,1773,-0.945
324,1773,-0.884
333,1773,-0.827
342,1773,-0.774
351,1773,-0.478
360,1773,-0.554
369,1773,-0.519
378,1773,-0.597
387,1773,-0.682
396,1773,-0.425
405,1773,-0.492
414,1773,-0.565
423,1773,-0.531
432,1773,-0.499
441,1773,-0.571
450,1773,-0.44
459,1773,-0.506
468,1773,-0.476
477,1773,-0.545
486,1773,-0.618
495,1773,-0.698
504,1773,-0.66
513,1773,-0.625
522,1773,-0.404
531,1773,-0.464
540,1773,-0.437
549,1773,-0.499
558,1773,-0.566
567,1773,-0.536
576,1773,-0.605
585,1773,-0.574
594,1773,-0.645
603,1773,-0.722
612,1773,-0.804
621,1773,-0.891
630,1773,-0.984
639,1773,-0.695
648,1773,-0.661
657,1773,-0.737
666,1773,-0.819
675,1773,-0.781
684,1773,-0.745
693,1773,-0.827
702,1773,-0.79
711,1773,-0.873
720,1773,-0.835
729,1773,-0.921
738,1773,-0.655
747,1773,-0.729
756,1773,-0.808
765,1773,-0.892
774,1773,-0.98
783,1773,-1.074
792,1773,-1.032
801,1773,-0.991
810,1773,-1.085
819,1773,-1.043
828,1773,-1.002
837,1773,-0.962
846,1773,-0.924
855,1773,-1.014
864,1773,-1.108
873,1773,-1.067
882,1773,-1.164
891,1773,-0.987
900,1773,-0.949
909,1773,-0.912
918,1773,-1
927,1773,-0.962
936,1773,-1.054
945,1773,-0.889
954,1773,-0.976
963,1773,-0.939
972,1773,0.787
981,1773,0.651
990,1773,0.45
999,1773,0.507
1008,1773,0.483
1017,1773,0.46
1026,1773,0.518
1035,1773,0.581
1044,1773,0.648
1053,1773,0.447
1062,1773,0.425
1071,1773,0.481
1080,1773,0.54
1089,1773,0.605
1098,1773,0.675
1107,1773,0.75
1116,1773,0.83
1125,1773,0.797
1134,1773,0.766
1143,1773,0.847
1152,1773,0.705
1161,1773,0.675
1170,1773,0.552
1179,1773,0.619
1188,1773,0.691
1197,1773,0.768
1206,1773,0.852
1215,1773,0.941
1224,1773,1.036
1233,1773,1.137
1242,1773,1.098
1251,1773,1.061
1260,1773,1.024
1269,1773,0.987
1278,1773,1.087
1287,1773,1.194
1296,1773,1.308
1305,1773,1.428
1314,1773,1.556
1323,1773,1.511
1332,1773,1.644
1341,1773,1.785
1350,1773,1.381
1359,1773,1.339
1368,1773,1.297
1377,1773,1.257
1386,1773,1.38
1395,1773,1.028
1404,1773,0.857
1413,1773,0.955
1422,1773,0.79
1431,1773,0.885
1440,1773,0.613
1449,1773,0.584
1458,1773,0.556
1467,1773,0.528
1476,1773,0.604
1485,1773,0.575
1494,1773,0.449
1503,1773,0.341
1512,1773,0.319
1521,1773,0.375
1530,1773,0.438
1539,1773,0.509
1548,1773,0.238
1557,1773,0.219
1566,1773,0.264
1575,1773,0.244
1584,1773,0.224
1593,1773,0.272
1602,1773,0.251
1611,1773,0.23
1620,1773,0.28
1629,1773,0.258
1638,1773,0.173
1647,1773,0.155
1656,1773,0.094
1665,1773,0.122
1674,1773,0.157
1683,1773,0.139
1692,1773,0.178
1701,1773,0.226
1710,1773,0.284
1719,1773,0.353
1728,1773,0.436
1737,1773,0.533
1746,1773,0.648
1755,1773,0.782
1764,1773,0.572
1773,1773,0.534
1782,1773,0.496
1791,1773,0.458
1800,1773,0.582
1809,1773,0.254
1818,1773,0.22
1827,1773,0.303
1836,1773,0.413
1845,1773,0.558
1854,1773,0.512
1863,1773,0.705
1872,1773,0.412
1881,1773,0.356
1890,1773,0.561
1899,1773,0.225
1908,1773,0.136
1917,1773,0.36
9,1782,-0.065
18,1782,-0.213
27,1782,-0.403
36,1782,-0.616
45,1782,-0.847
54,1782,-0.648
63,1782,-0.518
72,1782,-0.426
81,1782,-0.565
90,1782,-0.719
99,1782,-0.405
108,1782,-0.522
117,1782,-0.651
126,1782,-0.566
135,1782,-0.691
144,1782,-0.828
153,1782,-0.731
162,1782,-0.648
171,1782,-0.77
180,1782,-0.688
189,1782,-0.617
198,1782,-0.727
207,1782,-0.846
216,1782,-0.766
225,1782,-0.884
234,1782,-1.01
243,1782,-1.143
252,1782,-0.843
261,1782,-0.771
270,1782,-0.881
279,1782,-0.648
288,1782,-0.744
297,1782,-0.685
306,1782,-0.63
315,1782,-0.722
324,1782,-0.666
333,1782,-0.759
342,1782,-0.703
351,1782,-0.417
360,1782,-0.485
369,1782,-0.448
378,1782,-0.517
387,1782,-0.592
396,1782,-0.352
405,1782,-0.41
414,1782,-0.473
423,1782,-0.439
432,1782,-0.407
441,1782,-0.468
450,1782,-0.349
459,1782,-0.404
468,1782,-0.375
477,1782,-0.432
486,1782,-0.493
495,1782,-0.56
504,1782,-0.631
513,1782,-0.592
522,1782,-0.456
531,1782,-0.518
540,1782,-0.485
549,1782,-0.549
558,1782,-0.617
567,1782,-0.58
576,1782,-0.65
585,1782,-0.611
594,1782,-0.683
603,1782,-0.76
612,1782,-0.842
621,1782,-0.928
630,1782,-1.02
639,1782,-0.711
648,1782,-0.671
657,1782,-0.745
666,1782,-0.824
675,1782,-0.781
684,1782,-0.739
693,1782,-0.817
702,1782,-0.774
711,1782,-0.854
720,1782,-0.939
729,1782,-1.028
738,1782,-0.728
747,1782,-0.805
756,1782,-0.886
765,1782,-0.971
774,1782,-1.061
783,1782,-1.157
792,1782,-1.104
801,1782,-1.054
810,1782,-1.149
819,1782,-1.097
828,1782,-1.048
837,1782,-1
846,1782,-0.954
855,1782,-1.043
864,1782,-1.136
873,1782,-1.086
882,1782,-1.182
891,1782,-0.992
900,1782,-0.947
909,1782,-0.904
918,1782,-0.989
927,1782,-0.945
936,1782,-1.032
945,1782,-0.86
954,1782,-0.943
963,1782,-0.9
972,1782,0.744
981,1782,0.606
990,1782,0.407
999,1782,0.458
1008,1782,0.432
1017,1782,0.406
1026,1782,0.458
1035,1782,0.514
1044,1782,0.574
1053,1782,0.382
1062,1782,0.359
1071,1782,0.407
1080,1782,0.458
1089,1782,0.515
1098,1782,0.575
1107,1782,0.641
1116,1782,0.711
1125,1782,0.676
1134,1782,0.642
1143,1782,0.713
1152,1782,0.578
1161,1782,0.547
1170,1782,0.433
1179,1782,0.489
1188,1782,0.548
1197,1782,0.613
1206,1782,0.683
1215,1782,0.758
1224,1782,0.838
1233,1782,0.924
1242,1782,0.883
1251,1782,0.843
1260,1782,0.93
1269,1782,0.889
1278,1782,0.98
1287,1782,1.077
1296,1782,1.18
1305,1782,1.289
1314,1782,1.405
1323,1782,1.528
1332,1782,1.658
1341,1782,1.795
1350,1782,1.371
1359,1782,1.321
1368,1782,1.272
1377,1782,1.223
1386,1782,1.34
1395,1782,0.98
1404,1782,0.803
1413,1782,0.895
1422,1782,0.727
1431,1782,0.814
1440,1782,0.545
1449,1782,0.513
1458,1782,0.482
1467,1782,0.452
1476,1782,0.518
1485,1782,0.486
1494,1782,0.366
1503,1782,0.267
1512,1782,0.244
1521,1782,0.289
1530,1782,0.34
1539,1782,0.398
1548,1782,0.165
1557,1782,0.147
1566,1782,0.18
1575,1782,0.218
1584,1782,0.197
1593,1782,0.239
1602,1782,0.216
1611,1782,0.194
1620,1782,0.237
1629,1782,0.213
1638,1782,0.134
1647,1782,0.117
1656,1782,0.101
1665,1782,0.129
1674,1782,0.164
1683,1782,0.142
1692,1782,0.181
1701,1782,0.228
1710,1782,0.284
1719,1782,0.351
1728,1782,0.43
1737,1782,0.523
1746,1782,0.632
1755,1782,0.76
1764,1782,0.541
1773,1782,0.496
1782,1782,0.451
1791,1782,0.407
1800,1782,0.517
1809,1782,0.203
1818,1782,0.167
1827,1782,0.233
1836,1782,0.321
1845,1782,0.438
1854,1782,0.382
1863,1782,0.534
1872,1782,0.265
1881,1782,0.203
1890,1782,0.333
1899,1782,0.068
1908,1782,0.15
1917,1782,0.381
9,1791,-0.058
18,1791,-0.192
27,1791,-0.364
36,1791,-0.559
45,1791,-0.771
54,1791,-0.576
63,1791,-0.45
72,1791,-0.361
81,1791,-0.484
90,1791,-0.62
99,1791,-0.332
108,1791,-0.432
117,1791,-0.544
126,1791,-0.463
135,1791,-0.571
144,1791,-0.69
153,1791,-0.598
162,1791,-0.521
171,1791,-0.625
180,1791,-0.549
189,1791,-0.484
198,1791,-0.576
207,1791,-0.676
216,1791,-0.602
225,1791,-0.702
234,1791,-0.808
243,1791,-0.921
252,1791,-0.654
261,1791,-0.589
270,1791,-0.68
279,1791,-0.479
288,1791,-0.557
297,1791,-0.504
306,1791,-0.456
315,1791,-0.529
324,1791,-0.48
333,1791,-0.553
342,1791,-0.504
351,1791,-0.275
360,1791,-0.325
369,1791,-0.295
378,1791,-0.346
387,1791,-0.402
396,1791,-0.218
405,1791,-0.259
414,1791,-0.304
423,1791,-0.276
432,1791,-0.251
441,1791,-0.294
450,1791,-0.206
459,1791,-0.244
468,1791,-0.221
477,1791,-0.26
486,1791,-0.303
495,1791,-0.35
504,1791,-0.401
513,1791,-0.369
522,1791,-0.269
531,1791,-0.311
540,1791,-0.285
549,1791,-0.329
558,1791,-0.376
567,1791,-0.347
576,1791,-0.396
585,1791,-0.365
594,1791,-0.415
603,1791,-0.469
612,1791,-0.528
621,1791,-0.59
630,1791,-0.657
639,1791,-0.422
648,1791,-0.391
657,1791,-0.442
666,1791,-0.497
675,1791,-0.463
684,1791,-0.43
693,1791,-0.483
702,1791,-0.45
711,1791,-0.505
720,1791,-0.563
729,1791,-0.626
738,1791,-0.407
747,1791,-0.458
756,1791,-0.512
765,1791,-0.571
774,1791,-0.634
783,1791,-0.701
792,1791,-0.659
801,1791,-0.618
810,1791,-0.684
819,1791,-0.642
828,1791,-0.603
837,1791,-0.565
846,1791,-0.529
855,1791,-0.589
864,1791,-0.652
873,1791,-0.612
882,1791,-0.677
891,1791,-0.539
900,1791,-0.504
909,1791,-0.472
918,1791,-0.526
927,1791,-0.493
936,1791,-0.549
945,1791,-0.43
954,1791,-0.481
963,1791,-0.45
972,1791,0.346
981,1791,0.261
990,1791,0.149
999,1791,0.174
1008,1791,0.159
1017,1791,0.144
1026,1791,0.169
1035,1791,0.196
1044,1791,0.226
1053,1791,0.126
1062,1791,0.114
1071,1791,0.134
1080,1791,0.158
1089,1791,0.184
1098,1791,0.213
1107,1791,0.245
1116,1791,0.281
1125,1791,0.259
1134,1791,0.238
1143,1791,0.273
1152,1791,0.199
1161,1791,0.182
1170,1791,0.165
1179,1791,0.193
1188,1791,0.223
1197,1791,0.257
1206,1791,0.295
1215,1791,0.336
1224,1791,0.382
1233,1791,0.432
1242,1791,0.402
1251,1791,0.373
1260,1791,0.422
1269,1791,0.476
1278,1791,0.535
1287,1791,0.598
1296,1791,0.666
1305,1791,0.74
1314,1791,0.819
1323,1791,0.904
1332,1791,0.995
1341,1791,1.092
1350,1791,0.766
1359,1791,0.849
1368,1791,0.803
1377,1791,0.758
1386,1791,0.841
1395,1791,0.561
1404,1791,0.429
1413,1791,0.488
1422,1791,0.367
1431,1791,0.42
1440,1791,0.242
1449,1791,0.219
1458,1791,0.197
1467,1791,0.233
1476,1791,0.273
1485,1791,0.319
1494,1791,0.29
1503,1791,0.2
1512,1791,0.179
1521,1791,0.214
1530,1791,0.254
1539,1791,0.299
1548,1791,0.149
1557,1791,0.131
1566,1791,0.159
1575,1791,0.193
1584,1791,0.171
1593,1791,0.207
1602,1791,0.182
1611,1791,0.16
1620,1791,0.196
1629,1791,0.171
1638,1791,0.148
1647,1791,0.127
1656,1791,0.159
1665,1791,0.197
1674,1791,0.243
1683,1791,0.212
1692,1791,0.262
1701,1791,0.321
1710,1791,0.389
1719,1791,0.47
1728,1791,0.563
1737,1791,0.671
1746,1791,0.795
1755,1791,0.938
1764,1791,0.679
1773,1791,0.622
1782,1791,0.565
1791,1791,0.509
1800,1791,0.633
1809,1791,0.261
1818,1791,0.215
1827,1791,0.291
1836,1791,0.39
1845,1791,0.519
1854,1791,0.451
1863,1791,0.615
1872,1791,0.31
1881,1791,0.236
1890,1791,0.376
1899,1791,0.078
1908,1791,0.165
1917,1791,0.404
9,1800,-0.051
18,1800,-0.171
27,1800,-0.326
36,1800,-0.504
45,1800,-0.697
54,1800,-0.507
63,1800,-0.385
72,1800,-0.301
81,1800,-0.407
90,1800,-0.526
99,1800,-0.427
108,1800,-0.537
117,1800,-0.659
126,1800,-0.55
135,1800,-0.664
144,1800,-0.788
153,1800,-0.671
162,1800,-0.575
171,1800,-0.68
180,1800,-0.588
189,1800,-0.509
198,1800,-0.601
207,1800,-0.699
216,1800,-0.614
225,1800,-0.71
234,1800,-0.813
243,1800,-0.922
252,1800,-0.64
261,1800,-0.568
270,1800,-0.653
279,1800,-0.448
288,1800,-0.519
297,1800,-0.463
306,1800,-0.412
315,1800,-0.478
324,1800,-0.427
333,1800,-0.493
342,1800,-0.442
351,1800,-0.228
360,1800,-0.27
369,1800,-0.24
378,1800,-0.283
387,1800,-0.33
396,1800,-0.167
405,1800,-0.2
414,1800,-0.236
423,1800,-0.211
432,1800,-0.248
441,1800,-0.289
450,1800,-0.198
459,1800,-0.233
468,1800,-0.208
477,1800,-0.244
486,1800,-0.283
495,1800,-0.326
504,1800,-0.373
513,1800,-0.339
522,1800,-0.239
531,1800,-0.277
540,1800,-0.25
549,1800,-0.288
558,1800,-0.33
567,1800,-0.376
576,1800,-0.426
585,1800,-0.389
594,1800,-0.439
603,1800,-0.493
612,1800,-0.551
621,1800,-0.613
630,1800,-0.679
639,1800,-0.428
648,1800,-0.392
657,1800,-0.441
666,1800,-0.494
675,1800,-0.455
684,1800,-0.418
693,1800,-0.468
702,1800,-0.431
711,1800,-0.482
720,1800,-0.537
729,1800,-0.596
738,1800,-0.375
747,1800,-0.421
756,1800,-0.471
765,1800,-0.524
774,1800,-0.582
783,1800,-0.643
792,1800,-0.597
801,1800,-0.554
810,1800,-0.613
819,1800,-0.569
828,1800,-0.528
837,1800,-0.489
846,1800,-0.451
855,1800,-0.503
864,1800,-0.558
873,1800,-0.517
882,1800,-0.573
891,1800,-0.443
900,1800,-0.408
909,1800,-0.376
918,1800,-0.421
927,1800,-0.388
936,1800,-0.435
945,1800,-0.328
954,1800,-0.369
963,1800,-0.339
972,1800,0.25
981,1800,0.178
990,1800,0.092
999,1800,0.109
1008,1800,0.097
1017,1800,0.085
1026,1800,0.101
1035,1800,0.119
1044,1800,0.14
1053,1800,0.069
1062,1800,0.06
1071,1800,0.072
1080,1800,0.086
1089,1800,0.102
1098,1800,0.121
1107,1800,0.141
1116,1800,0.165
1125,1800,0.147
1134,1800,0.131
1143,1800,0.153
1152,1800,0.137
1161,1800,0.16
1170,1800,0.142
1179,1800,0.166
1188,1800,0.192
1197,1800,0.222
1206,1800,0.255
1215,1800,0.291
1224,1800,0.33
1233,1800,0.374
1242,1800,0.342
1251,1800,0.313
1260,1800,0.355
1269,1800,0.401
1278,1800,0.451
1287,1800,0.506
1296,1800,0.565
1305,1800,0.628
1314,1800,0.697
1323,1800,0.771
1332,1800,0.85
1341,1800,0.934
1350,1800,0.626
1359,1800,0.696
1368,1800,0.648
1377,1800,0.602
1386,1800,0.672
1395,1800,0.42
1404,1800,0.305
1413,1800,0.35
1422,1800,0.247
1431,1800,0.286
1440,1800,0.257
1449,1800,0.23
1458,1800,0.204
1467,1800,0.24
1476,1800,0.279
1485,1800,0.324
1494,1800,0.291
1503,1800,0.196
1512,1800,0.172
1521,1800,0.204
1530,1800,0.241
1539,1800,0.283
1548,1800,0.134
1557,1800,0.114
1566,1800,0.139
1575,1800,0.169
1584,1800,0.145
1593,1800,0.176
1602,1800,0.151
1611,1800,0.184
1620,1800,0.222
1629,1800,0.192
1638,1800,0.164
1647,1800,0.138
1656,1800,0.171
1665,1800,0.21
1674,1800,0.255
1683,1800,0.22
1692,1800,0.269
1701,1800,0.326
1710,1800,0.393
1719,1800,0.47
1728,1800,0.56
1737,1800,0.664
1746,1800,0.783
1755,1800,0.919
1764,1800,0.647
1773,1800,0.582
1782,1800,0.517
1791,1800,0.454
1800,1800,0.563
1809,1800,0.332
1818,1800,0.274
1827,1800,0.36
1836,1800,0.471
1845,1800,0.613
1854,1800,0.531
1863,1800,0.708
1872,1800,0.362
1881,1800,0.274
1890,1800,0.424
1899,1800,0.09
1908,1800,0.182
1917,1800,0.428
9,1809,-0.241
18,1809,-0.484
27,1809,-0.728
36,1809,-0.973
45,1809,-1.219
54,1809,-0.81
63,1809,-0.584
72,1809,-0.438
81,1809,-0.563
90,1809,-0.698
99,1809,-0.551
108,1809,-0.673
117,1809,-0.804
126,1809,-0.657
135,1809,-0.778
144,1809,-0.906
153,1809,-0.758
162,1809,-0.637
171,1809,-0.744
180,1809,-0.858
189,1809,-0.733
198,1809,-0.842
207,1809,-0.956
216,1809,-0.829
225,1809,-0.938
234,1809,-1.054
243,1809,-1.175
252,1809,-0.811
261,1809,-0.713
270,1809,-0.806
279,1809,-0.549
288,1809,-0.627
297,1809,-0.552
306,1809,-0.486
315,1809,-0.556
324,1809,-0.491
333,1809,-0.559
342,1809,-0.496
351,1809,-0.439
360,1809,-0.501
369,1809,-0.445
378,1809,-0.506
387,1809,-0.572
396,1809,-0.308
405,1809,-0.355
414,1809,-0.406
423,1809,-0.361
432,1809,-0.412
441,1809,-0.467
450,1809,-0.327
459,1809,-0.374
468,1809,-0.333
477,1809,-0.38
486,1809,-0.43
495,1809,-0.485
504,1809,-0.543
513,1809,-0.49
522,1809,-0.351
531,1809,-0.398
540,1809,-0.357
549,1809,-0.404
558,1809,-0.454
567,1809,-0.508
576,1809,-0.565
585,1809,-0.514
594,1809,-0.571
603,1809,-0.633
612,1809,-0.697
621,1809,-0.766
630,1809,-0.839
639,1809,-0.645
648,1809,-0.59
657,1809,-0.651
666,1809,-0.715
675,1809,-0.657
684,1809,-0.602
693,1809,-0.663
702,1809,-0.609
711,1809,-0.67
720,1809,-0.735
729,1809,-0.803
738,1809,-0.516
747,1809,-0.571
756,1809,-0.629
765,1809,-0.691
774,1809,-0.756
783,1809,-0.825
792,1809,-0.764
801,1809,-0.706
810,1809,-0.771
819,1809,-0.713
828,1809,-0.658
837,1809,-0.606
846,1809,-0.557
855,1809,-0.614
864,1809,-0.674
873,1809,-0.622
882,1809,-0.682
891,1809,-0.629
900,1809,-0.58
909,1809,-0.533
918,1809,-0.587
927,1809,-0.54
936,1809,-0.595
945,1809,-0.548
954,1809,-0.603
963,1809,-0.556
972,1809,0.421
981,1809,0.31
990,1809,0.172
999,1809,0.198
1008,1809,0.176
1017,1809,0.156
1026,1809,0.179
1035,1809,0.205
1044,1809,0.234
1053,1809,0.123
1062,1809,0.107
1071,1809,0.125
1080,1809,0.146
1089,1809,0.168
1098,1809,0.193
1107,1809,0.221
1116,1809,0.252
1125,1809,0.225
1134,1809,0.201
1143,1809,0.23
1152,1809,0.205
1161,1809,0.234
1170,1809,0.208
1179,1809,0.238
1188,1809,0.271
1197,1809,0.307
1206,1809,0.346
1215,1809,0.389
1224,1809,0.435
1233,1809,0.485
1242,1809,0.443
1251,1809,0.403
1260,1809,0.451
1269,1809,0.503
1278,1809,0.559
1287,1809,0.619
1296,1809,0.684
1305,1809,0.753
1314,1809,0.827
1323,1809,0.906
1332,1809,0.99
1341,1809,1.079
1350,1809,0.725
1359,1809,0.799
1368,1809,0.74
1377,1809,0.683
1386,1809,0.756
1395,1809,0.471
1404,1809,0.339
1413,1809,0.385
1422,1809,0.269
1431,1809,0.309
1440,1809,0.275
1449,1809,0.242
1458,1809,0.212
1467,1809,0.247
1476,1809,0.286
1485,1809,0.329
1494,1809,0.292
1503,1809,0.191
1512,1809,0.224
1521,1809,0.262
1530,1809,0.304
1539,1809,0.352
1548,1809,0.169
1557,1809,0.143
1566,1809,0.171
1575,1809,0.204
1584,1809,0.174
1593,1809,0.208
1602,1809,0.176
1611,1809,0.211
1620,1809,0.252
1629,1809,0.215
1638,1809,0.182
1647,1809,0.151
1656,1809,0.184
1665,1809,0.223
1674,1809,0.269
1683,1809,0.228
1692,1809,0.276
1701,1809,0.332
1710,1809,0.397
1719,1809,0.472
1728,1809,0.558
1737,1809,0.657
1746,1809,0.77
1755,1809,0.9
1764,1809,0.615
1773,1809,0.541
1782,1809,0.468
1791,1809,0.398
1800,1809,0.495
1809,1809,0.268
1818,1809,0.209
1827,1809,0.277
1836,1809,0.365
1845,1809,0.478
1854,1809,0.389
1863,1809,0.525
1872,1809,0.214
1881,1809,0.319
1890,1809,0.479
1899,1809,0.104
1908,1809,0.202
1917,1809,0.455
9,1818,-0.222
18,1818,-0.445
27,1818,-0.669
36,1818,-0.894
45,1818,-1.121
54,1818,-0.721
63,1818,-0.895
72,1818,-0.64
81,1818,-0.785
90,1818,-0.939
99,1818,-0.718
108,1818,-0.852
117,1818,-0.994
126,1818,-0.792
135,1818,-0.919
144,1818,-1.053
153,1818,-0.864
162,1818,-0.712
171,1818,-0.82
180,1818,-0.935
189,1818,-0.785
198,1818,-0.892
207,1818,-1.005
216,1818,-0.857
225,1818,-0.963
234,1818,-1.075
243,1818,-1.192
252,1818,-0.802
261,1818,-0.693
270,1818,-0.78
279,1818,-0.677
288,1818,-0.761
297,1818,-0.663
306,1818,-0.577
315,1818,-0.65
324,1818,-0.568
333,1818,-0.639
342,1818,-0.56
351,1818,-0.489
360,1818,-0.552
369,1818,-0.484
378,1818,-0.546
387,1818,-0.612
396,1818,-0.321
405,1818,-0.367
414,1818,-0.418
423,1818,-0.366
432,1818,-0.415
441,1818,-0.468
450,1818,-0.319
459,1818,-0.363
468,1818,-0.318
477,1818,-0.361
486,1818,-0.408
495,1818,-0.458
504,1818,-0.512
513,1818,-0.456
522,1818,-0.316
531,1818,-0.358
540,1818,-0.316
549,1818,-0.357
558,1818,-0.401
567,1818,-0.449
576,1818,-0.499
585,1818,-0.446
594,1818,-0.497
603,1818,-0.55
612,1818,-0.607
621,1818,-0.668
630,1818,-0.731
639,1818,-0.544
648,1818,-0.49
657,1818,-0.542
666,1818,-0.597
675,1818,-0.539
684,1818,-0.486
693,1818,-0.537
702,1818,-0.484
711,1818,-0.534
720,1818,-0.588
729,1818,-0.645
738,1818,-0.389
747,1818,-0.432
756,1818,-0.479
765,1818,-0.529
774,1818,-0.581
783,1818,-0.637
792,1818,-0.579
801,1818,-0.525
810,1818,-0.578
819,1818,-0.524
828,1818,-0.474
837,1818,-0.427
846,1818,-0.384
855,1818,-0.426
864,1818,-0.472
873,1818,-0.426
882,1818,-0.471
891,1818,-0.425
900,1818,-0.47
909,1818,-0.424
918,1818,-0.469
927,1818,-0.424
936,1818,-0.469
945,1818,-0.423
954,1818,-0.468
963,1818,-0.422
972,1818,0.305
981,1818,0.212
990,1818,0.105
999,1818,0.122
1008,1818,0.105
1017,1818,0.089
1026,1818,0.104
1035,1818,0.121
1044,1818,0.14
1053,1818,0.063
1062,1818,0.053
1071,1818,0.063
1080,1818,0.074
1089,1818,0.087
1098,1818,0.102
1107,1818,0.119
1116,1818,0.138
1125,1818,0.118
1134,1818,0.101
1143,1818,0.118
1152,1818,0.1
1161,1818,0.117
1170,1818,0.099
1179,1818,0.116
1188,1818,0.135
1197,1818,0.156
1206,1818,0.179
1215,1818,0.205
1224,1818,0.233
1233,1818,0.265
1242,1818,0.233
1251,1818,0.203
1260,1818,0.232
1269,1818,0.263
1278,1818,0.298
1287,1818,0.336
1296,1818,0.377
1305,1818,0.422
1314,1818,0.47
1323,1818,0.522
1332,1818,0.579
1341,1818,0.639
1350,1818,0.378
1359,1818,0.424
1368,1818,0.378
1377,1818,0.335
1386,1818,0.378
1395,1818,0.195
1404,1818,0.167
1413,1818,0.193
1422,1818,0.118
1431,1818,0.14
1440,1818,0.117
1449,1818,0.096
1458,1818,0.078
1467,1818,0.094
1476,1818,0.113
1485,1818,0.134
1494,1818,0.11
1503,1818,0.059
1512,1818,0.072
1521,1818,0.088
1530,1818,0.106
1539,1818,0.127
1548,1818,0.041
1557,1818,0.052
1566,1818,0.064
1575,1818,0.079
1584,1818,0.062
1593,1818,0.076
1602,1818,0.059
1611,1818,0.073
1620,1818,0.091
1629,1818,0.07
1638,1818,0.052
1647,1818,0.038
1656,1818,0.048
1665,1818,0.062
1674,1818,0.079
1683,1818,0.099
1692,1818,0.124
1701,1818,0.153
1710,1818,0.189
1719,1818,0.231
1728,1818,0.281
1737,1818,0.34
1746,1818,0.409
1755,1818,0.489
1764,1818,0.413
1773,1818,0.499
1782,1818,0.419
1791,1818,0.344
1800,1818,0.427
1809,1818,0.346
1818,1818,0.271
1827,1818,0.35
1836,1818,0.449
1845,1818,0.575
1854,1818,0.467
1863,1818,0.614
1872,1818,0.256
1881,1818,0.371
1890,1818,0.541
1899,1818,0.119
1908,1818,0.224
1917,1818,0.484
9,1827,-0.203
18,1827,-0.406
27,1827,-0.611
36,1827,-0.816
45,1827,-1.023
54,1827,-0.634
63,1827,-0.79
72,1827,-0.546
81,1827,-0.673
90,1827,-0.808
99,1827,-0.599
108,1827,-0.715
117,1827,-0.838
126,1827,-0.967
135,1827,-1.101
144,1827,-1.241
153,1827,-0.994
162,1827,-0.802
171,1827,-0.912
180,1827,-1.027
189,1827,-0.846
198,1827,-0.952
207,1827,-1.063
216,1827,-0.89
225,1827,-0.994
234,1827,-1.102
243,1827,-1.214
252,1827,-1.036
261,1827,-1.142
270,1827,-1.252
279,1827,-1.08
288,1827,-1.184
297,1827,-1.026
306,1827,-0.888
315,1827,-0.978
324,1827,-0.849
333,1827,-0.935
342,1827,-1.025
351,1827,-0.897
360,1827,-0.983
369,1827,-0.862
378,1827,-0.945
387,1827,-1.031
396,1827,-0.573
405,1827,-0.636
414,1827,-0.704
423,1827,-0.616
432,1827,-0.681
441,1827,-0.749
450,1827,-0.66
459,1827,-0.726
468,1827,-0.641
477,1827,-0.705
486,1827,-0.772
495,1827,-0.843
504,1827,-0.918
513,1827,-0.819
522,1827,-0.589
531,1827,-0.648
540,1827,-0.574
549,1827,-0.631
558,1827,-0.692
567,1827,-0.755
576,1827,-0.822
585,1827,-0.736
594,1827,-0.802
603,1827,-0.87
612,1827,-0.942
621,1827,-1.017
630,1827,-1.095
639,1827,-0.829
648,1827,-0.746
657,1827,-0.81
666,1827,-0.878
675,1827,-0.792
684,1827,-0.713
693,1827,-0.775
702,1827,-0.698
711,1827,-0.759
720,1827,-0.822
729,1827,-0.889
738,1827,-0.549
747,1827,-0.6
756,1827,-0.655
765,1827,-0.713
774,1827,-0.774
783,1827,-0.837
792,1827,-0.759
801,1827,-0.685
810,1827,-0.744
819,1827,-0.672
828,1827,-0.605
837,1827,-0.543
846,1827,-0.486
855,1827,-0.533
864,1827,-0.582
873,1827,-0.522
882,1827,-0.572
891,1827,-0.513
900,1827,-0.561
909,1827,-0.503
918,1827,-0.551
927,1827,-0.494
936,1827,-0.541
945,1827,-0.484
954,1827,-0.531
963,1827,-0.475
972,1827,0.339
981,1827,0.232
990,1827,0.112
999,1827,0.129
1008,1827,0.109
1017,1827,0.091
1026,1827,0.105
1035,1827,0.122
1044,1827,0.14
1053,1827,0.06
1062,1827,0.048
1071,1827,0.057
1080,1827,0.068
1089,1827,0.079
1098,1827,0.093
1107,1827,0.107
1116,1827,0.124
1125,1827,0.142
1134,1827,0.12
1143,1827,0.138
1152,1827,0.116
1161,1827,0.134
1170,1827,0.112
1179,1827,0.13
1188,1827,0.149
1197,1827,0.17
1206,1827,0.194
1215,1827,0.22
1224,1827,0.248
1233,1827,0.279
1242,1827,0.242
1251,1827,0.208
1260,1827,0.236
1269,1827,0.266
1278,1827,0.3
1287,1827,0.336
1296,1827,0.375
1305,1827,0.417
1314,1827,0.463
1323,1827,0.513
1332,1827,0.566
1341,1827,0.623
1350,1827,0.353
1359,1827,0.395
1368,1827,0.345
1377,1827,0.387
1386,1827,0.432
1395,1827,0.221
1404,1827,0.186
1413,1827,0.214
1422,1827,0.128
1431,1827,0.15
1440,1827,0.123
1449,1827,0.099
1458,1827,0.079
1467,1827,0.094
1476,1827,0.111
1485,1827,0.131
1494,1827,0.105
1503,1827,0.053
1512,1827,0.064
1521,1827,0.078
1530,1827,0.094
1539,1827,0.112
1548,1827,0.032
1557,1827,0.04
1566,1827,0.05
1575,1827,0.062
1584,1827,0.045
1593,1827,0.056
1602,1827,0.04
1611,1827,0.051
1620,1827,0.063
1629,1827,0.045
1638,1827,0.031
1647,1827,0.02
1656,1827,0.027
1665,1827,0.034
1674,1827,0.044
1683,1827,0.057
1692,1827,0.072
1701,1827,0.09
1710,1827,0.113
1719,1827,0.14
1728,1827,0.173
1737,1827,0.213
1746,1827,0.259
1755,1827,0.315
1764,1827,0.38
1773,1827,0.457
1782,1827,0.37
1791,1827,0.451
1800,1827,0.546
1809,1827,0.445
1818,1827,0.35
1827,1827,0.44
1836,1827,0.551
1845,1827,0.689
1854,1827,0.559
1863,1827,0.72
1872,1827,0.307
1881,1827,0.432
1890,1827,0.613
1899,1827,0.138
1908,1827,0.248
1917,1827,0.517
9,1836,-0.183
18,1836,-0.368
27,1836,-0.553
36,1836,-0.739
45,1836,-0.926
54,1836,-0.55
63,1836,-0.687
72,1836,-0.831
81,1836,-0.979
90,1836,-1.132
99,1836,-0.805
108,1836,-0.933
117,1836,-1.066
126,1836,-1.203
135,1836,-1.344
144,1836,-1.489
153,1836,-1.161
162,1836,-0.914
171,1836,-1.026
180,1836,-1.142
189,1836,-0.92
198,1836,-1.025
207,1836,-1.134
216,1836,-0.931
225,1836,-1.031
234,1836,-1.135
243,1836,-1.243
252,1836,-1.041
261,1836,-1.142
270,1836,-1.246
279,1836,-1.055
288,1836,-1.152
297,1836,-0.98
306,1836,-0.831
315,1836,-0.914
324,1836,-0.778
333,1836,-0.855
342,1836,-0.936
351,1836,-0.803
360,1836,-0.88
369,1836,-0.756
378,1836,-0.829
387,1836,-0.905
396,1836,-0.47
405,1836,-0.523
414,1836,-0.579
423,1836,-0.639
432,1836,-0.702
441,1836,-0.768
450,1836,-0.666
459,1836,-0.729
468,1836,-0.633
477,1836,-0.693
486,1836,-0.757
495,1836,-0.823
504,1836,-0.893
513,1836,-0.785
522,1836,-0.547
531,1836,-0.6
540,1836,-0.522
549,1836,-0.573
558,1836,-0.627
567,1836,-0.684
576,1836,-0.744
585,1836,-0.654
594,1836,-0.712
603,1836,-0.773
612,1836,-0.836
621,1836,-0.902
630,1836,-0.971
639,1836,-0.866
648,1836,-0.77
657,1836,-0.832
666,1836,-0.897
675,1836,-0.8
684,1836,-0.71
693,1836,-0.769
702,1836,-0.683
711,1836,-0.74
720,1836,-0.799
729,1836,-0.861
738,1836,-0.511
747,1836,-0.558
756,1836,-0.607
765,1836,-0.659
774,1836,-0.714
783,1836,-0.772
792,1836,-0.688
801,1836,-0.611
810,1836,-0.663
819,1836,-0.718
828,1836,-0.639
837,1836,-0.567
846,1836,-0.5
855,1836,-0.546
864,1836,-0.594
873,1836,-0.526
882,1836,-0.573
891,1836,-0.506
900,1836,-0.552
909,1836,-0.487
918,1836,-0.532
927,1836,-0.469
936,1836,-0.512
945,1836,-0.558
954,1836,-0.607
963,1836,-0.539
972,1836,0.38
981,1836,0.256
990,1836,0.12
999,1836,0.137
1008,1836,0.113
1017,1836,0.093
1026,1836,0.107
1035,1836,0.122
1044,1836,0.139
1053,1836,0.056
1062,1836,0.044
1071,1836,0.052
1080,1836,0.061
1089,1836,0.071
1098,1836,0.082
1107,1836,0.095
1116,1836,0.11
1125,1836,0.126
1134,1836,0.103
1143,1836,0.118
1152,1836,0.096
1161,1836,0.111
1170,1836,0.09
1179,1836,0.104
1188,1836,0.119
1197,1836,0.136
1206,1836,0.156
1215,1836,0.177
1224,1836,0.2
1233,1836,0.225
1242,1836,0.189
1251,1836,0.214
1260,1836,0.24
1269,1836,0.27
1278,1836,0.301
1287,1836,0.336
1296,1836,0.373
1305,1836,0.413
1314,1836,0.456
1323,1836,0.503
1332,1836,0.552
1341,1836,0.605
1350,1836,0.327
1359,1836,0.365
1368,1836,0.312
1377,1836,0.349
1386,1836,0.389
1395,1836,0.183
1404,1836,0.15
1413,1836,0.172
1422,1836,0.095
1431,1836,0.111
1440,1836,0.129
1449,1836,0.102
1458,1836,0.079
1467,1836,0.093
1476,1836,0.109
1485,1836,0.128
1494,1836,0.1
1503,1836,0.047
1512,1836,0.056
1521,1836,0.068
1530,1836,0.081
1539,1836,0.097
1548,1836,0.024
1557,1836,0.03
1566,1836,0.037
1575,1836,0.046
1584,1836,0.056
1593,1836,0.068
1602,1836,0.048
1611,1836,0.059
1620,1836,0.072
1629,1836,0.05
1638,1836,0.033
1647,1836,0.021
1656,1836,0.027
1665,1836,0.034
1674,1836,0.044
1683,1836,0.055
1692,1836,0.069
1701,1836,0.086
1710,1836,0.107
1719,1836,0.132
1728,1836,0.161
1737,1836,0.196
1746,1836,0.238
1755,1836,0.287
1764,1836,0.345
1773,1836,0.413
1782,1836,0.321
1791,1836,0.39
1800,1836,0.471
1809,1836,0.365
1818,1836,0.267
1827,1836,0.337
1836,1836,0.425
1845,1836,0.534
1854,1836,0.398
1863,1836,0.518
1872,1836,0.156
1881,1836,0.226
1890,1836,0.331
1899,1836,-0
1908,1836,-0
1917,1836,-0
9,1845,-0.164
18,1845,-0.329
27,1845,-0.495
36,1845,-0.662
45,1845,-0.829
54,1845,-0.468
63,1845,-0.588
72,1845,-0.712
81,1845,-0.842
90,1845,-0.976
99,1845,-0.668
108,1845,-0.777
117,1845,-0.891
126,1845,-1.009
135,1845,-1.131
144,1845,-1.256
153,1845,-0.949
162,1845,-0.723
171,1845,-0.815
180,1845,-0.912
189,1845,-0.711
198,1845,-0.797
207,1845,-0.887
216,1845,-0.705
225,1845,-0.786
234,1845,-0.871
243,1845,-0.959
252,1845,-0.779
261,1845,-0.86
270,1845,-0.944
279,1845,-0.775
288,1845,-0.853
297,1845,-0.933
306,1845,-0.774
315,1845,-0.849
324,1845,-0.706
333,1845,-0.775
342,1845,-0.847
351,1845,-0.71
360,1845,-0.777
369,1845,-0.652
378,1845,-0.715
387,1845,-0.78
396,1845,-0.372
405,1845,-0.416
414,1845,-0.462
423,1845,-0.511
432,1845,-0.562
441,1845,-0.617
450,1845,-0.521
459,1845,-0.572
468,1845,-0.483
477,1845,-0.531
486,1845,-0.582
495,1845,-0.635
504,1845,-0.691
513,1845,-0.592
522,1845,-0.386
531,1845,-0.426
540,1845,-0.358
549,1845,-0.396
558,1845,-0.437
567,1845,-0.479
576,1845,-0.525
585,1845,-0.572
594,1845,-0.623
603,1845,-0.675
612,1845,-0.73
621,1845,-0.788
630,1845,-0.848
639,1845,-0.741
648,1845,-0.645
657,1845,-0.697
666,1845,-0.752
675,1845,-0.656
684,1845,-0.569
693,1845,-0.617
702,1845,-0.535
711,1845,-0.581
720,1845,-0.629
729,1845,-0.68
738,1845,-0.471
747,1845,-0.514
756,1845,-0.558
765,1845,-0.605
774,1845,-0.654
783,1845,-0.705
792,1845,-0.617
801,1845,-0.537
810,1845,-0.582
819,1845,-0.63
828,1845,-0.549
837,1845,-0.595
846,1845,-0.518
855,1845,-0.562
864,1845,-0.608
873,1845,-0.53
882,1845,-0.575
891,1845,-0.5
900,1845,-0.543
909,1845,-0.471
918,1845,-0.512
927,1845,-0.443
936,1845,-0.483
945,1845,-0.525
954,1845,-0.569
963,1845,-0.495
972,1845,0.335
981,1845,0.215
990,1845,0.129
999,1845,0.145
1008,1845,0.118
1017,1845,0.094
1026,1845,0.107
1035,1845,0.122
1044,1845,0.138
1053,1845,0.077
1062,1845,0.06
1071,1845,0.069
1080,1845,0.08
1089,1845,0.092
1098,1845,0.105
1107,1845,0.119
1116,1845,0.135
1125,1845,0.153
1134,1845,0.124
1143,1845,0.14
1152,1845,0.158
1161,1845,0.178
1170,1845,0.145
1179,1845,0.163
1188,1845,0.184
1197,1845,0.206
1206,1845,0.23
1215,1845,0.256
1224,1845,0.285
1233,1845,0.315
1242,1845,0.265
1251,1845,0.294
1260,1845,0.325
1269,1845,0.359
1278,1845,0.396
1287,1845,0.435
1296,1845,0.477
1305,1845,0.522
1314,1845,0.569
1323,1845,0.62
1332,1845,0.674
1341,1845,0.731
1350,1845,0.396
1359,1845,0.436
1368,1845,0.37
1377,1845,0.409
1386,1845,0.451
1395,1845,0.21
1404,1845,0.168
1413,1845,0.191
1422,1845,0.102
1431,1845,0.118
1440,1845,0.136
1449,1845,0.105
1458,1845,0.078
1467,1845,0.092
1476,1845,0.107
1485,1845,0.124
1494,1845,0.093
1503,1845,0.109
1512,1845,0.127
1521,1845,0.147
1530,1845,0.17
1539,1845,0.195
1548,1845,0.058
1557,1845,0.069
1566,1845,0.083
1575,1845,0.098
1584,1845,0.116
1593,1845,0.136
1602,1845,0.099
1611,1845,0.117
1620,1845,0.139
1629,1845,0.1
1638,1845,0.069
1647,1845,0.045
1656,1845,0.055
1665,1845,0.068
1674,1845,0.083
1683,1845,0.1
1692,1845,0.121
1701,1845,0.146
1710,1845,0.175
1719,1845,0.209
1728,1845,0.248
1737,1845,0.294
1746,1845,0.347
1755,1845,0.408
1764,1845,0.478
1773,1845,0.558
1782,1845,0.438
1791,1845,0.519
1800,1845,0.613
1809,1845,0.478
1818,1845,0.354
1827,1845,0.435
1836,1845,0.534
1845,1845,0.655
1854,1845,0.49
1863,1845,0.621
1872,1845,0.194
1881,1845,0.272
1890,1845,0.386
1899,1845,-0
1908,1845,-0
1917,1845,-0
9,1854,-0.145
18,1854,-0.291
27,1854,-0.438
36,1854,-0.585
45,1854,-0.733
54,1854,-0.39
63,1854,-0.492
72,1854,-0.598
81,1854,-0.709
90,1854,-0.824
99,1854,-0.942
108,1854,-1.063
117,1854,-1.187
126,1854,-1.313
135,1854,-1.441
144,1854,-1.572
153,1854,-1.141
162,1854,-0.841
171,1854,-0.934
180,1854,-1.031
189,1854,-0.781
198,1854,-0.866
207,1854,-0.954
216,1854,-0.737
225,1854,-0.814
234,1854,-0.895
243,1854,-0.979
252,1854,-0.774
261,1854,-0.849
270,1854,-0.927
279,1854,-0.742
288,1854,-0.813
297,1854,-0.886
306,1854,-0.716
315,1854,-0.782
324,1854,-0.633
333,1854,-0.693
342,1854,-0.757
351,1854,-0.616
360,1854,-0.674
369,1854,-0.549
378,1854,-0.602
387,1854,-0.658
396,1854,-0.282
405,1854,-0.316
414,1854,-0.353
423,1854,-0.391
432,1854,-0.432
441,1854,-0.475
450,1854,-0.387
459,1854,-0.427
468,1854,-0.347
477,1854,-0.384
486,1854,-0.423
495,1854,-0.464
504,1854,-0.507
513,1854,-0.419
522,1854,-0.25
531,1854,-0.278
540,1854,-0.223
549,1854,-0.249
558,1854,-0.277
567,1854,-0.307
576,1854,-0.339
585,1854,-0.373
594,1854,-0.408
603,1854,-0.446
612,1854,-0.486
621,1854,-0.528
630,1854,-0.572
639,1854,-0.482
648,1854,-0.523
657,1854,-0.566
666,1854,-0.612
675,1854,-0.519
684,1854,-0.436
693,1854,-0.474
702,1854,-0.398
711,1854,-0.433
720,1854,-0.471
729,1854,-0.511
738,1854,-0.329
747,1854,-0.36
756,1854,-0.393
765,1854,-0.428
774,1854,-0.465
783,1854,-0.504
792,1854,-0.426
801,1854,-0.357
810,1854,-0.39
819,1854,-0.424
828,1854,-0.355
837,1854,-0.388
846,1854,-0.422
855,1854,-0.458
864,1854,-0.496
873,1854,-0.42
882,1854,-0.456
891,1854,-0.385
900,1854,-0.418
909,1854,-0.351
918,1854,-0.383
927,1854,-0.417
936,1854,-0.452
945,1854,-0.49
954,1854,-0.529
963,1854,-0.451
972,1854,0.38
981,1854,0.238
990,1854,0.139
999,1854,0.155
1008,1854,0.123
1017,1854,0.095
1026,1854,0.108
1035,1854,0.122
1044,1854,0.137
1053,1854,0.072
1062,1854,0.054
1071,1854,0.062
1080,1854,0.071
1089,1854,0.081
1098,1854,0.092
1107,1854,0.105
1116,1854,0.118
1125,1854,0.133
1134,1854,0.103
1143,1854,0.117
1152,1854,0.132
1161,1854,0.148
1170,1854,0.116
1179,1854,0.13
1188,1854,0.147
1197,1854,0.164
1206,1854,0.184
1215,1854,0.204
1224,1854,0.227
1233,1854,0.252
1242,1854,0.203
1251,1854,0.226
1260,1854,0.25
1269,1854,0.277
1278,1854,0.305
1287,1854,0.336
1296,1854,0.369
1305,1854,0.404
1314,1854,0.442
1323,1854,0.482
1332,1854,0.525
1341,1854,0.57
1350,1854,0.272
1359,1854,0.302
1368,1854,0.244
1377,1854,0.271
1386,1854,0.301
1395,1854,0.169
1404,1854,0.129
1413,1854,0.147
1422,1854,0.11
1431,1854,0.126
1440,1854,0.144
1449,1854,0.107
1458,1854,0.123
1467,1854,0.141
1476,1854,0.16
1485,1854,0.182
1494,1854,0.137
1503,1854,0.157
1512,1854,0.179
1521,1854,0.203
1530,1854,0.23
1539,1854,0.259
1548,1854,0.078
1557,1854,0.092
1566,1854,0.107
1575,1854,0.124
1584,1854,0.144
1593,1854,0.167
1602,1854,0.119
1611,1854,0.139
1620,1854,0.162
1629,1854,0.114
1638,1854,0.076
1647,1854,0.047
1656,1854,0.057
1665,1854,0.069
1674,1854,0.083
1683,1854,0.1
1692,1854,0.12
1701,1854,0.142
1710,1854,0.169
1719,1854,0.2
1728,1854,0.235
1737,1854,0.277
1746,1854,0.324
1755,1854,0.378
1764,1854,0.44
1773,1854,0.512
1782,1854,0.382
1791,1854,0.451
1800,1854,0.531
1809,1854,0.389
1818,1854,0.467
1827,1854,0.559
1836,1854,0.671
1845,1854,0.805
1854,1854,0.605
1863,1854,0.747
1872,1854,0.243
1881,1854,0.329
1890,1854,0.452
1899,1854,-0
1908,1854,-0
1917,1854,-0
9,1863,-0.126
18,1863,-0.253
27,1863,-0.38
36,1863,-0.508
45,1863,-0.637
54,1863,-0.316
63,1863,-0.4
72,1863,-0.489
81,1863,-0.582
90,1863,-0.678
99,1863,-0.777
108,1863,-0.879
117,1863,-0.983
126,1863,-1.09
135,1863,-1.199
144,1863,-1.309
153,1863,-0.91
162,1863,-0.639
171,1863,-0.714
180,1863,-0.792
189,1863,-0.572
198,1863,-0.638
207,1863,-0.707
216,1863,-0.52
225,1863,-0.579
234,1863,-0.641
243,1863,-0.705
252,1863,-0.532
261,1863,-0.588
270,1863,-0.647
279,1863,-0.493
288,1863,-0.545
297,1863,-0.599
306,1863,-0.46
315,1863,-0.508
324,1863,-0.39
333,1863,-0.432
342,1863,-0.476
351,1863,-0.368
360,1863,-0.407
369,1863,-0.448
378,1863,-0.492
387,1863,-0.537
396,1863,-0.297
405,1863,-0.329
414,1863,-0.364
423,1863,-0.401
432,1863,-0.439
441,1863,-0.48
450,1863,-0.38
459,1863,-0.417
468,1863,-0.329
477,1863,-0.362
486,1863,-0.397
495,1863,-0.433
504,1863,-0.472
513,1863,-0.378
522,1863,-0.21
531,1863,-0.233
540,1863,-0.18
549,1863,-0.201
558,1863,-0.223
567,1863,-0.247
576,1863,-0.272
585,1863,-0.3
594,1863,-0.328
603,1863,-0.359
612,1863,-0.391
621,1863,-0.425
630,1863,-0.461
639,1863,-0.374
648,1863,-0.407
657,1863,-0.441
666,1863,-0.477
675,1863,-0.39
684,1863,-0.423
693,1863,-0.457
702,1863,-0.494
711,1863,-0.532
720,1863,-0.572
729,1863,-0.613
738,1863,-0.511
747,1863,-0.549
756,1863,-0.59
765,1863,-0.632
774,1863,-0.676
783,1863,-0.722
792,1863,-0.608
801,1863,-0.508
810,1863,-0.546
819,1863,-0.586
828,1863,-0.489
837,1863,-0.526
846,1863,-0.565
855,1863,-0.605
864,1863,-0.647
873,1863,-0.544
882,1863,-0.584
891,1863,-0.488
900,1863,-0.525
909,1863,-0.436
918,1863,-0.47
927,1863,-0.506
936,1863,-0.544
945,1863,-0.583
954,1863,-0.624
963,1863,-0.525
972,1863,0.437
981,1863,0.267
990,1863,0.15
999,1863,0.166
1008,1863,0.128
1017,1863,0.096
1026,1863,0.108
1035,1863,0.121
1044,1863,0.134
1053,1863,0.066
1062,1863,0.047
1071,1863,0.054
1080,1863,0.061
1089,1863,0.07
1098,1863,0.079
1107,1863,0.089
1116,1863,0.1
1125,1863,0.113
1134,1863,0.083
1143,1863,0.094
1152,1863,0.106
1161,1863,0.118
1170,1863,0.088
1179,1863,0.099
1188,1863,0.111
1197,1863,0.124
1206,1863,0.139
1215,1863,0.155
1224,1863,0.172
1233,1863,0.191
1242,1863,0.146
1251,1863,0.162
1260,1863,0.18
1269,1863,0.2
1278,1863,0.221
1287,1863,0.244
1296,1863,0.268
1305,1863,0.294
1314,1863,0.323
1323,1863,0.353
1332,1863,0.385
1341,1863,0.419
1350,1863,0.167
1359,1863,0.187
1368,1863,0.14
1377,1863,0.157
1386,1863,0.175
1395,1863,0.13
1404,1863,0.093
1413,1863,0.105
1422,1863,0.073
1431,1863,0.084
1440,1863,0.096
1449,1863,0.066
1458,1863,0.076
1467,1863,0.087
1476,1863,0.1
1485,1863,0.114
1494,1863,0.078
1503,1863,0.09
1512,1863,0.103
1521,1863,0.118
1530,1863,0.135
1539,1863,0.153
1548,1863,0.03
1557,1863,0.036
1566,1863,0.043
1575,1863,0.051
1584,1863,0.06
1593,1863,0.071
1602,1863,0.042
1611,1863,0.05
1620,1863,0.06
1629,1863,0.071
1638,1863,0.083
1647,1863,0.049
1656,1863,0.059
1665,1863,0.07
1674,1863,0.083
1683,1863,0.099
1692,1863,0.117
1701,1863,0.138
1710,1863,0.162
1719,1863,0.189
1728,1863,0.221
1737,1863,0.257
1746,1863,0.299
1755,1863,0.347
1764,1863,0.401
1773,1863,0.463
1782,1863,0.325
1791,1863,0.382
1800,1863,0.448
1809,1863,0.3
1818,1863,0.36
1827,1863,0.432
1836,1863,0.518
1845,1863,0.621
1854,1863,0.415
1863,1863,0.516
1872,1863,0.088
1881,1863,0.123
1890,1863,0.175
1899,1863,-0
1908,1863,-0
1917,1863,-0
9,1872,-0.107
18,1872,-0.215
27,1872,-0.324
36,1872,-0.432
45,1872,-0.542
54,1872,-0.246
63,1872,-0.313
72,1872,-0.385
81,1872,-0.46
90,1872,-0.538
99,1872,-0.618
108,1872,-0.701
117,1872,-0.787
126,1872,-0.874
135,1872,-0.964
144,1872,-1.055
153,1872,-0.692
162,1872,-0.766
171,1872,-0.841
180,1872,-0.919
189,1872,-0.635
198,1872,-0.699
207,1872,-0.765
216,1872,-0.54
225,1872,-0.595
234,1872,-0.653
243,1872,-0.713
252,1872,-0.516
261,1872,-0.566
270,1872,-0.619
279,1872,-0.674
288,1872,-0.73
297,1872,-0.789
306,1872,-0.592
315,1872,-0.643
324,1872,-0.481
333,1872,-0.525
342,1872,-0.571
351,1872,-0.429
360,1872,-0.469
369,1872,-0.51
378,1872,-0.554
387,1872,-0.599
396,1872,-0.458
405,1872,-0.498
414,1872,-0.539
423,1872,-0.582
432,1872,-0.627
441,1872,-0.673
450,1872,-0.526
459,1872,-0.568
468,1872,-0.441
477,1872,-0.477
486,1872,-0.516
495,1872,-0.555
504,1872,-0.597
513,1872,-0.64
522,1872,-0.506
531,1872,-0.544
540,1872,-0.428
549,1872,-0.462
558,1872,-0.498
567,1872,-0.535
576,1872,-0.574
585,1872,-0.614
594,1872,-0.656
603,1872,-0.699
612,1872,-0.744
621,1872,-0.791
630,1872,-0.839
639,1872,-0.687
648,1872,-0.731
657,1872,-0.776
666,1872,-0.823
675,1872,-0.872
684,1872,-0.922
693,1872,-0.974
702,1872,-1.027
711,1872,-1.082
720,1872,-1.139
729,1872,-1.197
738,1872,-1.01
747,1872,-1.064
756,1872,-1.119
765,1872,-1.177
774,1872,-1.235
783,1872,-1.296
792,1872,-1.102
801,1872,-1.159
810,1872,-1.217
819,1872,-1.276
828,1872,-1.087
837,1872,-1.143
846,1872,-1.201
855,1872,-1.26
864,1872,-1.321
873,1872,-1.13
882,1872,-1.187
891,1872,-1.01
900,1872,-1.064
909,1872,-0.9
918,1872,-0.95
927,1872,-1.002
936,1872,-1.055
945,1872,-1.109
954,1872,-1.166
963,1872,-0.994
972,1872,0.84
981,1872,0.544
990,1872,0.327
999,1872,0.353
1008,1872,0.277
1017,1872,0.214
1026,1872,0.233
1035,1872,0.254
1044,1872,0.275
1053,1872,0.145
1062,1872,0.159
1071,1872,0.175
1080,1872,0.192
1089,1872,0.21
1098,1872,0.229
1107,1872,0.25
1116,1872,0.271
1125,1872,0.294
1134,1872,0.227
1143,1872,0.247
1152,1872,0.269
1161,1872,0.292
1170,1872,0.225
1179,1872,0.245
1188,1872,0.267
1197,1872,0.29
1206,1872,0.315
1215,1872,0.341
1224,1872,0.369
1233,1872,0.398
1242,1872,0.313
1251,1872,0.339
1260,1872,0.367
1269,1872,0.397
1278,1872,0.428
1287,1872,0.461
1296,1872,0.496
1305,1872,0.533
1314,1872,0.572
1323,1872,0.613
1332,1872,0.656
1341,1872,0.701
1350,1872,0.306
1359,1872,0.334
1368,1872,0.254
1377,1872,0.278
1386,1872,0.304
1395,1872,0.229
1404,1872,0.166
1413,1872,0.184
1422,1872,0.13
1431,1872,0.145
1440,1872,0.162
1449,1872,0.18
1458,1872,0.2
1467,1872,0.221
1476,1872,0.245
1485,1872,0.27
1494,1872,0.195
1503,1872,0.217
1512,1872,0.241
1521,1872,0.267
1530,1872,0.295
1539,1872,0.325
1548,1872,0.083
1557,1872,0.095
1566,1872,0.108
1575,1872,0.123
1584,1872,0.14
1593,1872,0.158
1602,1872,0.101
1611,1872,0.115
1620,1872,0.132
1629,1872,0.151
1638,1872,0.171
1647,1872,0.107
1656,1872,0.123
1665,1872,0.142
1674,1872,0.163
1683,1872,0.187
1692,1872,0.213
1701,1872,0.243
1710,1872,0.277
1719,1872,0.315
1728,1872,0.357
1737,1872,0.405
1746,1872,0.458
1755,1872,0.518
1764,1872,0.584
1773,1872,0.659
1782,1872,0.472
1791,1872,0.54
1800,1872,0.618
1809,1872,0.423
1818,1872,0.494
1827,1872,0.576
1836,1872,0.674
1845,1872,0.79
1854,1872,0.533
1863,1872,0.645
1872,1872,0.117
1881,1872,0.157
1890,1872,0.215
1899,1872,-0
1908,1872,-0
1917,1872,-0
9,1881,-0.089
18,1881,-0.177
27,1881,-0.267
36,1881,-0.357
45,1881,-0.447
54,1881,-0.182
63,1881,-0.233
72,1881,-0.287
81,1881,-0.345
90,1881,-0.405
99,1881,-0.468
108,1881,-0.533
117,1881,-0.6
126,1881,-0.668
135,1881,-0.738
144,1881,-0.81
153,1881,-0.492
162,1881,-0.547
171,1881,-0.604
180,1881,-0.663
189,1881,-0.723
198,1881,-0.785
207,1881,-0.849
216,1881,-0.567
225,1881,-0.619
234,1881,-0.672
243,1881,-0.727
252,1881,-0.498
261,1881,-0.543
270,1881,-0.59
279,1881,-0.638
288,1881,-0.687
297,1881,-0.739
306,1881,-0.526
315,1881,-0.569
324,1881,-0.402
333,1881,-0.438
342,1881,-0.475
351,1881,-0.514
360,1881,-0.554
369,1881,-0.595
378,1881,-0.638
387,1881,-0.683
396,1881,-0.504
405,1881,-0.542
414,1881,-0.582
423,1881,-0.622
432,1881,-0.664
441,1881,-0.708
450,1881,-0.533
459,1881,-0.571
468,1881,-0.426
477,1881,-0.458
486,1881,-0.491
495,1881,-0.526
504,1881,-0.562
513,1881,-0.6
522,1881,-0.455
531,1881,-0.487
540,1881,-0.365
549,1881,-0.392
558,1881,-0.422
567,1881,-0.452
576,1881,-0.484
585,1881,-0.516
594,1881,-0.551
603,1881,-0.586
612,1881,-0.622
621,1881,-0.66
630,1881,-0.699
639,1881,-0.547
648,1881,-0.581
657,1881,-0.617
666,1881,-0.654
675,1881,-0.692
684,1881,-0.732
693,1881,-0.773
702,1881,-0.815
711,1881,-0.858
720,1881,-0.903
729,1881,-0.948
738,1881,-0.766
747,1881,-0.807
756,1881,-0.85
765,1881,-0.894
774,1881,-0.939
783,1881,-0.986
792,1881,-0.802
801,1881,-0.844
810,1881,-0.887
819,1881,-0.932
828,1881,-0.757
837,1881,-0.798
846,1881,-0.84
855,1881,-0.883
864,1881,-0.928
873,1881,-0.755
882,1881,-0.796
891,1881,-0.641
900,1881,-0.678
909,1881,-0.54
918,1881,-0.573
927,1881,-0.607
936,1881,-0.642
945,1881,-0.678
954,1881,-0.716
963,1881,-0.574
972,1881,0.452
981,1881,0.481
990,1881,0.263
999,1881,0.284
1008,1881,0.21
1017,1881,0.151
1026,1881,0.164
1035,1881,0.179
1044,1881,0.194
1053,1881,0.138
1062,1881,0.151
1071,1881,0.165
1080,1881,0.179
1089,1881,0.195
1098,1881,0.211
1107,1881,0.229
1116,1881,0.247
1125,1881,0.267
1134,1881,0.195
1143,1881,0.212
1152,1881,0.229
1161,1881,0.248
1170,1881,0.179
1179,1881,0.195
1188,1881,0.212
1197,1881,0.23
1206,1881,0.249
1215,1881,0.269
1224,1881,0.29
1233,1881,0.313
1242,1881,0.336
1251,1881,0.361
1260,1881,0.388
1269,1881,0.416
1278,1881,0.445
1287,1881,0.476
1296,1881,0.508
1305,1881,0.542
1314,1881,0.578
1323,1881,0.615
1332,1881,0.654
1341,1881,0.695
1350,1881,0.395
1359,1881,0.425
1368,1881,0.456
1377,1881,0.488
1386,1881,0.523
1395,1881,0.559
1404,1881,0.43
1413,1881,0.462
1422,1881,0.347
1431,1881,0.375
1440,1881,0.405
1449,1881,0.436
1458,1881,0.47
1467,1881,0.505
1476,1881,0.543
1485,1881,0.583
1494,1881,0.444
1503,1881,0.479
1512,1881,0.516
1521,1881,0.556
1530,1881,0.599
1539,1881,0.644
1548,1881,0.205
1557,1881,0.226
1566,1881,0.249
1575,1881,0.275
1584,1881,0.302
1593,1881,0.332
1602,1881,0.224
1611,1881,0.248
1620,1881,0.275
1629,1881,0.304
1638,1881,0.336
1647,1881,0.221
1656,1881,0.247
1665,1881,0.275
1674,1881,0.306
1683,1881,0.341
1692,1881,0.378
1701,1881,0.42
1710,1881,0.465
1719,1881,0.515
1728,1881,0.57
1737,1881,0.63
1746,1881,0.696
1755,1881,0.769
1764,1881,0.849
1773,1881,0.938
1782,1881,0.684
1791,1881,0.765
1800,1881,0.856
1809,1881,0.596
1818,1881,0.679
1827,1881,0.774
1836,1881,0.885
1845,1881,1.014
1854,1881,0.69
1863,1881,0.814
1872,1881,0.157
1881,1881,0.204
1890,1881,0.268
1899,1881,-0
1908,1881,-0
1917,1881,-0
9,1890,-0.07
18,1890,-0.14
27,1890,-0.211
36,1890,-0.281
45,1890,-0.353
54,1890,-0.123
63,1890,-0.159
72,1890,-0.198
81,1890,-0.239
90,1890,-0.282
99,1890,-0.328
108,1890,-0.375
117,1890,-0.424
126,1890,-0.474
135,1890,-0.526
144,1890,-0.579
153,1890,-0.633
162,1890,-0.689
171,1890,-0.745
180,1890,-0.803
189,1890,-0.862
198,1890,-0.921
207,1890,-0.982
216,1890,-0.608
225,1890,-0.655
234,1890,-0.704
243,1890,-0.753
252,1890,-0.481
261,1890,-0.52
270,1890,-0.559
279,1890,-0.601
288,1890,-0.643
297,1890,-0.686
306,1890,-0.455
315,1890,-0.49
324,1890,-0.32
333,1890,-0.347
342,1890,-0.376
351,1890,-0.405
360,1890,-0.436
369,1890,-0.468
378,1890,-0.501
387,1890,-0.535
396,1890,-0.365
405,1890,-0.393
414,1890,-0.421
423,1890,-0.451
432,1890,-0.481
441,1890,-0.513
450,1890,-0.546
459,1890,-0.579
468,1890,-0.409
477,1890,-0.437
486,1890,-0.465
495,1890,-0.495
504,1890,-0.526
513,1890,-0.558
522,1890,-0.398
531,1890,-0.425
540,1890,-0.297
549,1890,-0.319
558,1890,-0.341
567,1890,-0.365
576,1890,-0.389
585,1890,-0.415
594,1890,-0.441
603,1890,-0.468
612,1890,-0.496
621,1890,-0.525
630,1890,-0.555
639,1890,-0.406
648,1890,-0.431
657,1890,-0.457
666,1890,-0.484
675,1890,-0.513
684,1890,-0.542
693,1890,-0.572
702,1890,-0.603
711,1890,-0.634
720,1890,-0.667
729,1890,-0.701
738,1890,-0.53
747,1890,-0.559
756,1890,-0.589
765,1890,-0.62
774,1890,-0.652
783,1890,-0.685
792,1890,-0.519
801,1890,-0.548
810,1890,-0.577
819,1890,-0.608
828,1890,-0.457
837,1890,-0.483
846,1890,-0.51
855,1890,-0.538
864,1890,-0.567
873,1890,-0.597
882,1890,-0.628
891,1890,-0.476
900,1890,-0.502
909,1890,-0.373
918,1890,-0.395
927,1890,-0.419
936,1890,-0.444
945,1890,-0.469
954,1890,-0.495
963,1890,-0.367
972,1890,0.39
981,1890,0.413
990,1890,0.301
999,1890,0.321
1008,1890,0.341
1017,1890,0.243
1026,1890,0.26
1035,1890,0.278
1044,1890,0.297
1053,1890,0.208
1062,1890,0.223
1071,1890,0.239
1080,1890,0.256
1089,1890,0.274
1098,1890,0.292
1107,1890,0.312
1116,1890,0.332
1125,1890,0.353
1134,1890,0.252
1143,1890,0.269
1152,1890,0.288
1161,1890,0.307
1170,1890,0.214
1179,1890,0.23
1188,1890,0.247
1197,1890,0.265
1206,1890,0.283
1215,1890,0.303
1224,1890,0.323
1233,1890,0.345
1242,1890,0.367
1251,1890,0.391
1260,1890,0.416
1269,1890,0.442
1278,1890,0.469
1287,1890,0.497
1296,1890,0.527
1305,1890,0.558
1314,1890,0.59
1323,1890,0.623
1332,1890,0.658
1341,1890,0.695
1350,1890,0.36
1359,1890,0.384
1368,1890,0.41
1377,1890,0.437
1386,1890,0.465
1395,1890,0.495
1404,1890,0.526
1413,1890,0.559
1422,1890,0.408
1431,1890,0.435
1440,1890,0.465
1449,1890,0.496
1458,1890,0.528
1467,1890,0.563
1476,1890,0.599
1485,1890,0.636
1494,1890,0.465
1503,1890,0.498
1512,1890,0.532
1521,1890,0.568
1530,1890,0.606
1539,1890,0.646
1548,1890,0.467
1557,1890,0.502
1566,1890,0.538
1575,1890,0.577
1584,1890,0.618
1593,1890,0.661
1602,1890,0.471
1611,1890,0.508
1620,1890,0.547
1629,1890,0.589
1638,1890,0.634
1647,1890,0.44
1656,1890,0.477
1665,1890,0.518
1674,1890,0.561
1683,1890,0.608
1692,1890,0.659
1701,1890,0.713
1710,1890,0.772
1719,1890,0.836
1728,1890,0.904
1737,1890,0.978
1746,1890,1.059
1755,1890,1.146
1764,1890,1.241
1773,1890,1.344
1782,1890,0.998
1791,1890,1.093
1800,1890,1.198
1809,1890,0.849
1818,1890,0.945
1827,1890,1.053
1836,1890,1.177
1845,1890,1.32
1854,1890,0.907
1863,1890,1.043
1872,1890,0.215
1881,1890,0.268
1890,1890,0.34
1899,1890,-0
1908,1890,-0
1917,1890,-0
9,1899,-0.051
18,1899,-0.103
27,1899,-0.154
36,1899,-0.206
45,1899,-0.259
54,1899,-0.073
63,1899,-0.095
72,1899,-0.119
81,1899,-0.145
90,1899,-0.173
99,1899,-0.202
108,1899,-0.232
117,1899,-0.264
126,1899,-0.297
135,1899,-0.331
144,1899,-0.366
153,1899,-0.402
162,1899,-0.439
171,1899,-0.477
180,1899,-0.515
189,1899,-0.555
198,1899,-0.595
207,1899,-0.636
216,1899,-0.678
225,1899,-0.72
234,1899,-0.763
243,1899,-0.807
252,1899,-0.851
261,1899,-0.896
270,1899,-0.942
279,1899,-0.988
288,1899,-1.035
297,1899,-1.082
306,1899,-0.668
315,1899,-0.705
324,1899,-0.43
333,1899,-0.458
342,1899,-0.487
351,1899,-0.516
360,1899,-0.547
369,1899,-0.578
378,1899,-0.61
387,1899,-0.642
396,1899,-0.407
405,1899,-0.433
414,1899,-0.458
423,1899,-0.485
432,1899,-0.512
441,1899,-0.54
450,1899,-0.569
459,1899,-0.599
468,1899,-0.629
477,1899,-0.66
486,1899,-0.691
495,1899,-0.724
504,1899,-0.757
513,1899,-0.79
522,1899,-0.539
531,1899,-0.566
540,1899,-0.376
549,1899,-0.397
558,1899,-0.42
567,1899,-0.443
576,1899,-0.466
585,1899,-0.49
594,1899,-0.515
603,1899,-0.541
612,1899,-0.567
621,1899,-0.594
630,1899,-0.622
639,1899,-0.427
648,1899,-0.449
657,1899,-0.472
666,1899,-0.496
675,1899,-0.52
684,1899,-0.546
693,1899,-0.571
702,1899,-0.598
711,1899,-0.625
720,1899,-0.653
729,1899,-0.681
738,1899,-0.48
747,1899,-0.503
756,1899,-0.528
765,1899,-0.552
774,1899,-0.578
783,1899,-0.604
792,1899,-0.423
801,1899,-0.444
810,1899,-0.466
819,1899,-0.489
828,1899,-0.335
837,1899,-0.354
846,1899,-0.373
855,1899,-0.392
864,1899,-0.412
873,1899,-0.433
882,1899,-0.454
891,1899,-0.31
900,1899,-0.327
909,1899,-0.214
918,1899,-0.228
927,1899,-0.242
936,1899,-0.256
945,1899,-0.271
954,1899,-0.287
963,1899,-0.184
972,1899,0.196
981,1899,0.209
990,1899,0.222
999,1899,0.235
1008,1899,0.25
1017,1899,0.157
1026,1899,0.168
1035,1899,0.179
1044,1899,0.191
1053,1899,0.115
1062,1899,0.123
1071,1899,0.132
1080,1899,0.142
1089,1899,0.151
1098,1899,0.162
1107,1899,0.173
1116,1899,0.184
1125,1899,0.196
1134,1899,0.118
1143,1899,0.126
1152,1899,0.135
1161,1899,0.145
1170,1899,0.155
1179,1899,0.166
1188,1899,0.177
1197,1899,0.189
1206,1899,0.201
1215,1899,0.215
1224,1899,0.228
1233,1899,0.243
1242,1899,0.258
1251,1899,0.273
1260,1899,0.29
1269,1899,0.307
1278,1899,0.325
1287,1899,0.344
1296,1899,0.364
1305,1899,0.384
1314,1899,0.406
1323,1899,0.428
1332,1899,0.451
1341,1899,0.476
1350,1899,0.184
1359,1899,0.197
1368,1899,0.211
1377,1899,0.226
1386,1899,0.241
1395,1899,0.257
1404,1899,0.274
1413,1899,0.291
1422,1899,0.31
1431,1899,0.33
1440,1899,0.351
1449,1899,0.372
1458,1899,0.395
1467,1899,0.419
1476,1899,0.444
1485,1899,0.471
1494,1899,0.302
1503,1899,0.322
1512,1899,0.344
1521,1899,0.367
1530,1899,0.391
1539,1899,0.416
1548,1899,0.443
1557,1899,0.471
1566,1899,0.501
1575,1899,0.533
1584,1899,0.566
1593,1899,0.601
1602,1899,0.638
1611,1899,0.678
1620,1899,0.719
1629,1899,0.763
1638,1899,0.809
1647,1899,0.544
1656,1899,0.581
1665,1899,0.621
1674,1899,0.664
1683,1899,0.709
1692,1899,0.758
1701,1899,0.81
1710,1899,0.865
1719,1899,0.924
1728,1899,0.988
1737,1899,1.056
1746,1899,1.13
1755,1899,1.209
1764,1899,1.295
1773,1899,1.387
1782,1899,0.97
1791,1899,1.05
1800,1899,1.139
1809,1899,0.734
1818,1899,0.808
1827,1899,0.892
1836,1899,0.987
1845,1899,1.096
1854,1899,0.638
1863,1899,0.729
1872,1899,0.303
1881,1899,0.363
1890,1899,0.442
1899,1899,-0
1908,1899,-0
1917,1899,-0
9,1908,-0.033
18,1908,-0.066
27,1908,-0.099
36,1908,-0.132
45,1908,-0.165
54,1908,-0.033
63,1908,-0.043
72,1908,-0.055
81,1908,-0.067
90,1908,-0.081
99,1908,-0.096
108,1908,-0.111
117,1908,-0.127
126,1908,-0.144
135,1908,-0.162
144,1908,-0.18
153,1908,-0.199
162,1908,-0.219
171,1908,-0.239
180,1908,-0.26
189,1908,-0.281
198,1908,-0.303
207,1908,-0.325
216,1908,-0.348
225,1908,-0.371
234,1908,-0.395
243,1908,-0.419
252,1908,-0.444
261,1908,-0.469
270,1908,-0.495
279,1908,-0.521
288,1908,-0.547
297,1908,-0.574
306,1908,-0.284
315,1908,-0.302
324,1908,-0.32
333,1908,-0.339
342,1908,-0.358
351,1908,-0.377
360,1908,-0.397
369,1908,-0.418
378,1908,-0.439
387,1908,-0.46
396,1908,-0.241
405,1908,-0.255
414,1908,-0.27
423,1908,-0.285
432,1908,-0.301
441,1908,-0.317
450,1908,-0.333
459,1908,-0.35
468,1908,-0.368
477,1908,-0.385
486,1908,-0.403
495,1908,-0.422
504,1908,-0.441
513,1908,-0.461
522,1908,-0.257
531,1908,-0.271
540,1908,-0.141
549,1908,-0.15
558,1908,-0.159
567,1908,-0.169
576,1908,-0.179
585,1908,-0.189
594,1908,-0.2
603,1908,-0.211
612,1908,-0.222
621,1908,-0.234
630,1908,-0.246
639,1908,-0.13
648,1908,-0.138
657,1908,-0.146
666,1908,-0.155
675,1908,-0.164
684,1908,-0.173
693,1908,-0.182
702,1908,-0.192
711,1908,-0.203
720,1908,-0.213
729,1908,-0.224
738,1908,-0.118
747,1908,-0.125
756,1908,-0.133
765,1908,-0.141
774,1908,-0.149
783,1908,-0.157
792,1908,-0.166
801,1908,-0.175
810,1908,-0.184
819,1908,-0.194
828,1908,-0.204
837,1908,-0.214
846,1908,-0.225
855,1908,-0.236
864,1908,-0.247
873,1908,-0.259
882,1908,-0.271
891,1908,-0.284
900,1908,-0.296
909,1908,-0.166
918,1908,-0.175
927,1908,-0.184
936,1908,-0.193
945,1908,-0.203
954,1908,-0.213
963,1908,-0.112
972,1908,0.119
981,1908,0.126
990,1908,0.133
999,1908,0.14
1008,1908,0.148
1017,1908,0.072
1026,1908,0.076
1035,1908,0.081
1044,1908,0.086
1053,1908,0.092
1062,1908,0.097
1071,1908,0.103
1080,1908,0.11
1089,1908,0.116
1098,1908,0.123
1107,1908,0.13
1116,1908,0.137
1125,1908,0.145
1134,1908,0.068
1143,1908,0.073
1152,1908,0.077
1161,1908,0.082
1170,1908,0.088
1179,1908,0.093
1188,1908,0.099
1197,1908,0.105
1206,1908,0.111
1215,1908,0.118
1224,1908,0.125
1233,1908,0.132
1242,1908,0.14
1251,1908,0.148
1260,1908,0.156
1269,1908,0.165
1278,1908,0.174
1287,1908,0.184
1296,1908,0.194
1305,1908,0.204
1314,1908,0.215
1323,1908,0.227
1332,1908,0.239
1341,1908,0.251
1350,1908,0.125
1359,1908,0.132
1368,1908,0.14
1377,1908,0.149
1386,1908,0.158
1395,1908,0.167
1404,1908,0.177
1413,1908,0.187
1422,1908,0.198
1431,1908,0.209
1440,1908,0.221
1449,1908,0.233
1458,1908,0.246
1467,1908,0.26
1476,1908,0.274
1485,1908,0.289
1494,1908,0.137
1503,1908,0.146
1512,1908,0.155
1521,1908,0.166
1530,1908,0.176
1539,1908,0.187
1548,1908,0.199
1557,1908,0.212
1566,1908,0.225
1575,1908,0.239
1584,1908,0.254
1593,1908,0.27
1602,1908,0.287
1611,1908,0.304
1620,1908,0.323
1629,1908,0.343
1638,1908,0.364
1647,1908,0.386
1656,1908,0.41
1665,1908,0.435
1674,1908,0.461
1683,1908,0.489
1692,1908,0.52
1701,1908,0.552
1710,1908,0.586
1719,1908,0.622
1728,1908,0.661
1737,1908,0.703
1746,1908,0.747
1755,1908,0.796
1764,1908,0.847
1773,1908,0.903
1782,1908,0.478
1791,1908,0.516
1800,1908,0.559
1809,1908,0.202
1818,1908,0.224
1827,1908,0.248
1836,1908,0.277
1845,1908,0.31
1854,1908,-0
1863,1908,-0
1872,1908,-0
1881,1908,-0
1890,1908,-0
1899,1908,-0
1908,1908,-0
1917,1908,-0
9,1917,-0.014
18,1917,-0.029
27,1917,-0.043
36,1917,-0.058
45,1917,-0.072
54,1917,-0.087
63,1917,-0.101
72,1917,-0.116
81,1917,-0.131
90,1917,-0.146
99,1917,-0.161
108,1917,-0.176
117,1917,-0.191
126,1917,-0.206
135,1917,-0.222
144,1917,-0.237
153,1917,-0.252
162,1917,-0.268
171,1917,-0.283
180,1917,-0.299
189,1917,-0.315
198,1917,-0.331
207,1917,-0.347
216,1917,-0.363
225,1917,-0.379
234,1917,-0.395
243,1917,-0.411
252,1917,-0.427
261,1917,-0.444
270,1917,-0.46
279,1917,-0.477
288,1917,-0.494
297,1917,-0.511
306,1917,-0.527
315,1917,-0.544
324,1917,-0.562
333,1917,-0.579
342,1917,-0.596
351,1917,-0.613
360,1917,-0.631
369,1917,-0.648
378,1917,-0.666
387,1917,-0.684
396,1917,-0.702
405,1917,-0.72
414,1917,-0.738
423,1917,-0.756
432,1917,-0.774
441,1917,-0.793
450,1917,-0.811
459,1917,-0.83
468,1917,-0.849
477,1917,-0.868
486,1917,-0.887
495,1917,-0.906
504,1917,-0.925
513,1917,-0.944
522,1917,-0.964
531,1917,-0.984
540,1917,-0.43
549,1917,-0.443
558,1917,-0.455
567,1917,-0.468
576,1917,-0.481
585,1917,-0.494
594,1917,-0.508
603,1917,-0.521
612,1917,-0.535
621,1917,-0.548
630,1917,-0.562
639,1917,-0.577
648,1917,-0.591
657,1917,-0.605
666,1917,-0.62
675,1917,-0.635
684,1917,-0.65
693,1917,-0.665
702,1917,-0.68
711,1917,-0.696
720,1917,-0.711
729,1917,-0.727
738,1917,-0.341
747,1917,-0.351
756,1917,-0.361
765,1917,-0.372
774,1917,-0.382
783,1917,-0.393
792,1917,-0.404
801,1917,-0.415
810,1917,-0.426
819,1917,-0.438
828,1917,-0.449
837,1917,-0.461
846,1917,-0.473
855,1917,-0.485
864,1917,-0.498
873,1917,-0.51
882,1917,-0.523
891,1917,-0.536
900,1917,-0.549
909,1917,-0.563
918,1917,-0.576
927,1917,-0.59
936,1917,-0.604
945,1917,-0.618
954,1917,-0.633
963,1917,-0.647
972,1917,0.662
981,1917,0.677
990,1917,0.693
999,1917,0.708
1008,1917,0.724
1017,1917,0.359
1026,1917,0.369
1035,1917,0.379
1044,1917,0.39
1053,1917,0.401
1062,1917,0.412
1071,1917,0.423
1080,1917,0.435
1089,1917,0.446
1098,1917,0.458
1107,1917,0.47
1116,1917,0.483
1125,1917,0.495
1134,1917,0.508
1143,1917,0.521
1152,1917,0.535
1161,1917,0.548
1170,1917,0.562
1179,1917,0.577
1188,1917,0.591
1197,1917,0.606
1206,1917,0.621
1215,1917,0.636
1224,1917,0.652
1233,1917,0.668
1242,1917,0.684
1251,1917,0.701
1260,1917,0.718
1269,1917,0.735
1278,1917,0.753
1287,1917,0.771
1296,1917,0.789
1305,1917,0.808
1314,1917,0.827
1323,1917,0.847
1332,1917,0.867
1341,1917,0.887
1350,1917,0.457
1359,1917,0.471
1368,1917,0.484
1377,1917,0.498
1386,1917,0.513
1395,1917,0.528
1404,1917,0.543
1413,1917,0.559
1422,1917,0.575
1431,1917,0.591
1440,1917,0.608
1449,1917,0.625
1458,1917,0.643
1467,1917,0.662
1476,1917,0.681
1485,1917,0.7
1494,1917,0.72
1503,1917,0.741
1512,1917,0.762
1521,1917,0.784
1530,1917,0.807
1539,1917,0.83
1548,1917,0.854
1557,1917,0.879
1566,1917,0.905
1575,1917,0.931
1584,1917,0.958
1593,1917,0.987
1602,1917,1.016
1611,1917,1.046
1620,1917,1.078
1629,1917,1.11
1638,1917,1.144
1647,1917,1.179
1656,1917,1.216
1665,1917,1.254
1674,1917,1.294
1683,1917,1.335
1692,1917,1.378
1701,1917,1.423
1710,1917,1.471
1719,1917,1.52
1728,1917,1.573
1737,1917,1.628
1746,1917,1.686
1755,1917,1.748
1764,1917,1.813
1773,1917,1.882
1782,1917,1.051
1791,1917,1.101
1800,1917,1.156
1809,1917,0.455
1818,1917,0.484
1827,1917,0.517
1836,1917,0.553
1845,1917,0.594
1854,1917,-0
1863,1917,-0
1872,1917,-0
1881,1917,-0
1890,1917,-0
1899,1917,-0
1908,1917,-0
1917,1917,-0
