gene,lfc_hi,lfc_lo,sig_hi,sig_lo,sig_int,quadrant,class
ESYT2,0.113780658298214,0.624715653562554,FALSE,FALSE,FALSE,Concordant Up,NS
ILVBL,-0.154460048008048,0.333884196180723,FALSE,FALSE,FALSE,HR Down / LR Up,NS
FITM1,0.191142781048597,-0.953480329849269,FALSE,TRUE,TRUE,HR Up / LR Down,Divergent
CARNS1,-0.308360419686469,-0.301875400921002,FALSE,FALSE,FALSE,Concordant Down,NS
MAP1LC3B2,0.916938635343548,-0.00639056558082984,TRUE,FALSE,TRUE,HR Up / LR Down,Divergent
PGP,-0.237215241861506,0.064886696870122,FALSE,FALSE,FALSE,HR Down / LR Up,NS
DHRS7C,-0.0921033567540768,-0.095470475210071,FALSE,FALSE,FALSE,Concordant Down,NS
SMTNL1,-0.441682818192923,0.0442943806398191,FALSE,FALSE,FALSE,HR Down / LR Up,NS
NUDT19,-1.0280963946401,-0.0630255159175217,FALSE,FALSE,FALSE,Concordant Down,NS
NACA,0.0573475509503218,-0.0877782167263064,FALSE,FALSE,FALSE,HR Up / LR Down,NS
SLC35A4,0.0658919698264882,0.0680689464536215,FALSE,FALSE,FALSE,Concordant Up,NS
PDLIM1,0.646596358122018,-0.239904357271282,FALSE,FALSE,FALSE,HR Up / LR Down,NS
MYO1C,-0.37692705944426,-0.429871694675416,FALSE,FALSE,FALSE,Concordant Down,NS
FXYD1,1.13488676775148,-0.50099059059303,TRUE,FALSE,TRUE,HR Up / LR Down,Divergent
STXBP3,-0.269840842560882,0.0663426143431387,FALSE,FALSE,FALSE,HR Down / LR Up,NS
NDUFS8,-0.311998588407597,-0.140029921951413,FALSE,FALSE,FALSE,Concordant Down,NS
PSMD11,-0.0696250656332715,-0.0105861778863598,FALSE,FALSE,FALSE,Concordant Down,NS
PSMD12,0.0473195411021408,0.0366837374368814,FALSE,FALSE,FALSE,Concordant Up,NS
PSMD9,0.506959886516881,0.473279844969547,FALSE,FALSE,FALSE,Concordant Up,NS
PGRMC1,-0.40140698056269,-0.0551502143248008,FALSE,FALSE,FALSE,Concordant Down,NS
CLIC1,0.14860513268502001,0.821906044833622,FALSE,TRUE,FALSE,Concordant Up,LR
EIF3F,0.0791737296513091,-0.0463546563958559,FALSE,FALSE,FALSE,HR Up / LR Down,NS
PDHX,-0.311932445352856,0.050811061967547,FALSE,FALSE,FALSE,HR Down / LR Up,NS
IPO5,0.0665189784061617,0.107126688385605,FALSE,FALSE,FALSE,Concordant Up,NS
EML1,-0.333618138907354,-0.141756655934444,FALSE,FALSE,FALSE,Concordant Down,NS
DNM1L,-0.0447414964975188,-0.238726869212357,FALSE,FALSE,FALSE,Concordant Down,NS
RTCA,0.0375586676688968,-0.311444714965916,FALSE,FALSE,FALSE,HR Up / LR Down,NS
NDUFA4,-0.127719687769837,0.0800531501440176,FALSE,FALSE,FALSE,HR Down / LR Up,NS
PSMD14,0.222067251269664,0.195322831298441,FALSE,FALSE,FALSE,Concordant Up,NS
BIN1,0.237788921193143,-0.114278158314043,FALSE,FALSE,FALSE,HR Up / LR Down,NS
KPNA3,0.12176987528504,-0.0981299874509887,FALSE,FALSE,FALSE,HR Up / LR Down,NS
DDX3X,0.354658253925646,-0.184637859529381,FALSE,FALSE,FALSE,HR Up / LR Down,NS
KPNA4,0.140671561990629,0.0838466089806182,FALSE,FALSE,FALSE,Concordant Up,NS
CES2,0.215617688508555,-0.542460621199638,FALSE,FALSE,FALSE,HR Up / LR Down,NS
FBP2,-0.642571451195735,-0.0716578887195034,TRUE,FALSE,FALSE,Concordant Down,HR
ACACB,0.291195653743806,0.106985401705236,FALSE,FALSE,FALSE,Concordant Up,NS
PDXK,0.157709196151504,0.266184547969548,FALSE,FALSE,FALSE,Concordant Up,NS
SDHD,-0.126522289292719,0.263575206228069,FALSE,FALSE,FALSE,HR Down / LR Up,NS
GAPDHS,-0.605994565044181,0.0779929718464416,FALSE,FALSE,FALSE,HR Down / LR Up,NS
HSPB6,-0.00722754886571764,-0.282949077935157,FALSE,FALSE,FALSE,Concordant Down,NS
NDUFAB1,-0.336923949098033,0.0685120329575781,FALSE,FALSE,FALSE,HR Down / LR Up,NS
CCS,-0.0616232572064455,1.17955272120466,FALSE,TRUE,TRUE,HR Down / LR Up,Divergent
GOSR2,0.931356390899076,-0.323699675966658,FALSE,FALSE,FALSE,HR Up / LR Down,NS
IMPA2,-0.239156240045912,-0.0118209854405684,FALSE,FALSE,FALSE,Concordant Down,NS
PDCD5,-0.011664685664531,0.185277194059282,FALSE,FALSE,FALSE,HR Down / LR Up,NS
PRMT5,-0.179975212616629,-0.0784802679681249,FALSE,FALSE,FALSE,Concordant Down,NS
PSMA7,-0.0761914546669686,0.228562875100437,FALSE,FALSE,FALSE,HR Down / LR Up,NS
OPLAH,-0.330255894673908,-0.299488103435632,FALSE,FALSE,FALSE,Concordant Down,NS
BCKDK,0.337640215812833,-0.0192042768692886,FALSE,FALSE,FALSE,HR Up / LR Down,NS
MGST3,0.0633592125311999,-0.04592595802227,FALSE,FALSE,FALSE,HR Up / LR Down,NS
UQCRQ,-0.183169344550485,0.0413305880831665,FALSE,FALSE,FALSE,HR Down / LR Up,NS
MYL12B,0.293011754086038,0.491039996175434,FALSE,FALSE,FALSE,Concordant Up,NS
UQCR11,0.251727868684608,-0.24958515199615,FALSE,FALSE,FALSE,HR Up / LR Down,NS
CASQ2,0.48705782366098,-0.0852883388781756,FALSE,FALSE,FALSE,HR Up / LR Down,NS
HNRNPDL,0.606435270918812,0.330553416452805,FALSE,FALSE,FALSE,Concordant Up,NS
XPO1,0.117442193649836,-0.363362568763133,FALSE,FALSE,FALSE,HR Up / LR Down,NS
ATP2A1,-0.0111537790955545,0.0021240503512594,FALSE,FALSE,FALSE,HR Down / LR Up,NS
SYNM,-0.156394473571552,0.0384108415274298,FALSE,FALSE,FALSE,HR Down / LR Up,NS
ARPC1B,-0.658684901738493,0.49156062277569,FALSE,FALSE,TRUE,HR Down / LR Up,Divergent
ARPC2,0.912056122458342,0.229212031690608,TRUE,FALSE,FALSE,Concordant Up,HR
ARPC3,0.150141059401211,0.257972161127217,FALSE,FALSE,FALSE,Concordant Up,NS
PGRMC2,-0.166295197180588,0.100330641918642,FALSE,FALSE,FALSE,HR Down / LR Up,NS
PFDN6,-0.219468311452683,-0.00218695993276086,FALSE,FALSE,FALSE,Concordant Down,NS
TCAP,0.810904673814282,1.21692035983154,FALSE,TRUE,FALSE,Concordant Up,LR
PMM2,0.247461341721912,-0.0556646237323051,FALSE,FALSE,FALSE,HR Up / LR Down,NS
EIF3D,0.339133911055264,-0.106353569173461,FALSE,FALSE,FALSE,HR Up / LR Down,NS
BCAT2,-0.171009369142251,-0.321706005838884,FALSE,FALSE,FALSE,Concordant Down,NS
STX7,0.198679045075739,-0.136410530144317,FALSE,FALSE,FALSE,HR Up / LR Down,NS
YKT6,-0.0618326664512097,0.213608121322508,FALSE,FALSE,FALSE,HR Down / LR Up,NS
CYB5B,-0.156321235249717,0.139082650550797,FALSE,FALSE,FALSE,HR Down / LR Up,NS
NDUFS4,-0.305639530727209,-0.127015105462775,FALSE,FALSE,FALSE,Concordant Down,NS
DYNC1LI2,-0.396621591309401,0.290433978720397,FALSE,FALSE,FALSE,HR Down / LR Up,NS
PSMD3,0.0744464576848252,0.210413709787353,FALSE,FALSE,FALSE,Concordant Up,NS
RASA4,0.0984153865718547,0.0442989978762327,FALSE,FALSE,FALSE,Concordant Up,NS
HNRNPR,0.728953468926999,0.649583873165124,TRUE,TRUE,FALSE,Concordant Up,Shared
TXNL1,0.0721330663830599,-0.0255354675750361,FALSE,FALSE,FALSE,HR Up / LR Down,NS
TPD52L2,0.0851386426249405,0.0386347590775848,FALSE,FALSE,FALSE,Concordant Up,NS
ERI3,-0.411387662239775,-0.092708920958394,FALSE,FALSE,FALSE,Concordant Down,NS
HTRA2,-0.257199877129555,0.0583813530934911,FALSE,FALSE,FALSE,HR Down / LR Up,NS
AKR7A2,-0.0488917014787198,0.250541776843161,FALSE,FALSE,FALSE,HR Down / LR Up,NS
EPB41L2,0.519052831503924,0.194735017344073,FALSE,FALSE,FALSE,Concordant Up,NS
DENR,-0.318271998528299,-0.515490128013479,FALSE,FALSE,FALSE,Concordant Down,NS
DNPH1,0.0427789703086638,-0.416155278274701,FALSE,FALSE,FALSE,HR Up / LR Down,NS
TIMM44,0.145475156684366,0.0334261611487428,FALSE,FALSE,FALSE,Concordant Up,NS
TRAPPC3,0.311604225936293,0.248513753498358,FALSE,FALSE,FALSE,Concordant Up,NS
CHMP2A,0.277328437022142,0.30285148449661,FALSE,FALSE,FALSE,Concordant Up,NS
NDUFB5,-0.0257282214355143,-0.588141704330457,FALSE,FALSE,FALSE,Concordant Down,NS
NDUFB3,-0.0746532264413347,-0.0829580813495703,FALSE,FALSE,FALSE,Concordant Down,NS
NDUFA2,-0.00803606264683765,0.0551908293034948,FALSE,FALSE,FALSE,HR Down / LR Up,NS
ACTN4,0.663916911983279,0.134516173161209,FALSE,FALSE,FALSE,Concordant Up,NS
GSTZ1,0.274665832009589,0.0970588608485805,FALSE,FALSE,FALSE,Concordant Up,NS
PRKAB2,-0.356306101411779,-0.0407647998648102,FALSE,FALSE,FALSE,Concordant Down,NS
AP1G1,0.454542186313535,0.393390673770842,FALSE,FALSE,FALSE,Concordant Up,NS
SYNGR2,0.200523161690082,0.273288984782024,FALSE,FALSE,FALSE,Concordant Up,NS
SGTA,-0.302495957343073,-0.216953865186287,FALSE,FALSE,FALSE,Concordant Down,NS
ENSA,0.608188736445136,-0.28321708010844,FALSE,FALSE,FALSE,HR Up / LR Down,NS
SLC25A20,0.00618053406704178,-0.132968694505113,FALSE,FALSE,FALSE,HR Up / LR Down,NS
NARS1,0.260307792111256,0.023853936013051,FALSE,FALSE,FALSE,Concordant Up,NS
LANCL1,0.185622862908883,-0.302469539031982,FALSE,FALSE,FALSE,HR Up / LR Down,NS
SLC37A4,-0.343278970242839,-0.0859788510327917,FALSE,FALSE,FALSE,Concordant Down,NS
IDH3B,-0.297660822082271,-0.17124511734221,FALSE,FALSE,FALSE,Concordant Down,NS
CALU,-0.518182958511733,-0.244151737995203,TRUE,FALSE,FALSE,Concordant Down,HR
AHCYL1,0.0998659174373451,0.0653676762889681,FALSE,FALSE,FALSE,Concordant Up,NS
NDUFS5,-0.343613796682614,-0.429995849375409,FALSE,FALSE,FALSE,Concordant Down,NS
TIMM8A,0.146123526024059,-0.730235699314573,FALSE,TRUE,FALSE,HR Up / LR Down,LR
PPP1R12B,0.649004534263632,0.404480153278609,FALSE,FALSE,FALSE,Concordant Up,NS
PRPSAP2,-0.0871915234550542,0.648039630371436,FALSE,FALSE,FALSE,HR Down / LR Up,NS
OPA1,-0.0609383142343987,-0.140589691132007,FALSE,FALSE,FALSE,Concordant Down,NS
SNX3,0.196445348087451,-0.13460636685279,FALSE,FALSE,FALSE,HR Up / LR Down,NS
SYNCRIP,0.735224741832713,0.243816095461781,TRUE,FALSE,FALSE,Concordant Up,HR
DIAPH1,0.584885470320483,0.659722535535153,FALSE,FALSE,FALSE,Concordant Up,NS
KLHL41,0.263012754247555,0.231024364398834,FALSE,FALSE,FALSE,Concordant Up,NS
PLIN3,-0.0125580419601263,-0.124277155990342,FALSE,FALSE,FALSE,Concordant Down,NS
KPNA6,-0.153188792941009,-0.0247739781393683,FALSE,FALSE,FALSE,Concordant Down,NS
SNX2,0.102129113874867,-0.0230501312295814,FALSE,FALSE,FALSE,HR Up / LR Down,NS
USO1,-0.0876159885597545,0.014920277507354,FALSE,FALSE,FALSE,HR Down / LR Up,NS
TOM1,0.207156554337139,-0.296134911447446,FALSE,FALSE,FALSE,HR Up / LR Down,NS
PFKFB2,-0.0673021659566047,-0.0386937670599004,FALSE,FALSE,FALSE,Concordant Down,NS
CCDC22,0.394525013892782,0.516098882927754,FALSE,FALSE,FALSE,Concordant Up,NS
EIF5B,0.111580538252035,-0.0828644303780646,FALSE,FALSE,FALSE,HR Up / LR Down,NS
DNAJA2,0.10488314743419,-0.107576183379514,FALSE,FALSE,FALSE,HR Up / LR Down,NS
NOL3,-0.326122794043052,0.0416691992827651,FALSE,FALSE,FALSE,HR Down / LR Up,NS
ABCB7,0.0800975839864577,0.604639110130924,FALSE,FALSE,FALSE,Concordant Up,NS
WDR1,-0.0699006892980805,0.184235487200606,FALSE,FALSE,FALSE,HR Down / LR Up,NS
LDB3,0.198226408324242,-0.0344964624731965,FALSE,FALSE,FALSE,HR Up / LR Down,NS
COBL,-0.0769682393707534,-0.734822187410582,FALSE,TRUE,FALSE,Concordant Down,LR
CPNE3,0.0486683761567654,0.401915335946075,FALSE,FALSE,FALSE,Concordant Up,NS
CLUH,0.0419007326845922,-0.0987571976707429,FALSE,FALSE,FALSE,HR Up / LR Down,NS
CAND2,-0.0363912932179637,0.0789823120337765,FALSE,FALSE,FALSE,HR Down / LR Up,NS
COQ9,-0.19238300163574,-0.243998645776809,FALSE,FALSE,FALSE,Concordant Down,NS
GGCT,-0.273878757098565,-0.00843963910589807,FALSE,FALSE,FALSE,Concordant Down,NS
NDUFS7,-0.30059199051718,-0.189522349771696,FALSE,FALSE,FALSE,Concordant Down,NS
RTN2,-0.157884895060512,0.400635232160322,FALSE,FALSE,FALSE,HR Down / LR Up,NS
NDUFS2,0.0282926331049538,0.0123532176686574,FALSE,FALSE,FALSE,Concordant Up,NS
NIPSNAP2,-0.109570514420298,-0.189448379492802,FALSE,FALSE,FALSE,Concordant Down,NS
PDCD6,-0.223208188205472,0.0648225681312056,FALSE,FALSE,FALSE,HR Down / LR Up,NS
TBCA,0.163786202859075,0.148062058215441,FALSE,FALSE,FALSE,Concordant Up,NS
ATP6V1G1,-0.165645772015679,0.361204046284048,FALSE,FALSE,FALSE,HR Down / LR Up,NS
VPS4B,0.0361652422170593,0.122742991748538,FALSE,FALSE,FALSE,Concordant Up,NS
MPDU1,0.176419899954613,-0.28289306630294,FALSE,FALSE,FALSE,HR Up / LR Down,NS
SH3BGRL,-0.964333617552221,1.09787103561958,FALSE,TRUE,TRUE,HR Down / LR Up,Divergent
FLNB,0.125173666485818,-0.124873560563117,FALSE,FALSE,FALSE,HR Up / LR Down,NS
NDUFS6,-0.148103700257352,-0.122294106608873,FALSE,FALSE,FALSE,Concordant Down,NS
CS,-0.248751085252636,-0.0355737367572431,FALSE,FALSE,FALSE,Concordant Down,NS
SEC22B,0.493500203580645,0.228612409163755,FALSE,FALSE,FALSE,Concordant Up,NS
MTX2,-0.0585951744925417,-0.267312163779771,FALSE,FALSE,FALSE,Concordant Down,NS
VPS26A,-0.0744450080662808,0.290278536183997,FALSE,FALSE,FALSE,HR Down / LR Up,NS
NDUFB1,-0.096077315720251,-0.0198512038360406,FALSE,FALSE,FALSE,Concordant Down,NS
PMPCB,-0.608252322203089,-0.59958624610519,FALSE,FALSE,FALSE,Concordant Down,NS
NDUFS3,-0.0986820265677792,-0.0162161619835608,FALSE,FALSE,FALSE,Concordant Down,NS
ECI2,-0.557018246302572,-0.127198370410316,FALSE,FALSE,FALSE,Concordant Down,NS
BANF1,0.173943008133243,0.387514778379323,FALSE,FALSE,FALSE,Concordant Up,NS
CSDE1,0.581477053591907,0.279979215215114,FALSE,FALSE,FALSE,Concordant Up,NS
PRKRA,0.497209858469132,-0.740310198271443,FALSE,FALSE,TRUE,HR Up / LR Down,Divergent
LYPLA1,-0.0139067454241122,-0.149105627852812,FALSE,FALSE,FALSE,Concordant Down,NS
TIPRL,0.216100092570993,-0.520249469233875,FALSE,FALSE,FALSE,HR Up / LR Down,NS
PPM1B,-0.366137068478199,-0.102856751073702,FALSE,FALSE,FALSE,Concordant Down,NS
SLC25A12,-0.238849615618694,-0.00521573755242954,FALSE,FALSE,FALSE,Concordant Down,NS
EIF3G,-0.102883571247588,0.155899621362678,FALSE,FALSE,FALSE,HR Down / LR Up,NS
EIF3J,0.019712645607644,0.00115822554968403,FALSE,FALSE,FALSE,Concordant Up,NS
PSMD10,0.121096220674843,-0.238016221961509,FALSE,FALSE,FALSE,HR Up / LR Down,NS
IDH1,-0.514143825866185,0.0441479922227472,FALSE,FALSE,FALSE,HR Down / LR Up,NS
ALDH1L1,-0.392979662280357,0.0397130389941296,FALSE,FALSE,FALSE,HR Down / LR Up,NS
ARL6IP5,0.415705424763811,-0.200285707687964,FALSE,FALSE,FALSE,HR Up / LR Down,NS
DYSF,0.203409823624344,-0.162007745592042,FALSE,FALSE,FALSE,HR Up / LR Down,NS
DCTN3,0.197583942970429,-0.702351445775184,FALSE,FALSE,FALSE,HR Up / LR Down,NS
ATP5PD,-0.105596312795193,-0.214956431131295,FALSE,FALSE,FALSE,Concordant Down,NS
FLOT1,0.00699228653586914,1.03863783577291,FALSE,TRUE,TRUE,Concordant Up,Divergent
ATP5MG,-0.413592385811345,0.304315358631062,FALSE,FALSE,FALSE,HR Down / LR Up,NS
GLRX3,-0.219536397813723,0.00635383215835716,FALSE,FALSE,FALSE,HR Down / LR Up,NS
DDAH1,-0.240029157542235,0.0878122256956502,FALSE,FALSE,FALSE,HR Down / LR Up,NS
TPPP,0.665586705083882,0.443535280989487,FALSE,FALSE,FALSE,Concordant Up,NS
TOMM70,0.278965401243855,-0.282067520511639,FALSE,FALSE,FALSE,HR Up / LR Down,NS
UFL1,0.248272486657047,0.0815708605359227,FALSE,FALSE,FALSE,Concordant Up,NS
PLPBP,-0.172695620232076,-0.207593786874003,FALSE,FALSE,FALSE,Concordant Down,NS
ERLIN2,0.239064709208396,0.0701066470102916,FALSE,FALSE,FALSE,Concordant Up,NS
ENDOD1,-0.291523745850039,0.297124042174318,FALSE,FALSE,FALSE,HR Down / LR Up,NS
SEC31A,0.185332270776019,-0.110299943570009,FALSE,FALSE,FALSE,HR Up / LR Down,NS
NDUFB6,-0.401545096176346,0.0646349723936694,FALSE,FALSE,FALSE,HR Down / LR Up,NS
MFN2,-0.430676686169004,-0.0848274354520058,FALSE,FALSE,FALSE,Concordant Down,NS
NDUFA3,0.22068501792754,-0.635399580237205,FALSE,FALSE,FALSE,HR Up / LR Down,NS
NDUFB4,-0.360562032818112,0.16995396197812,FALSE,FALSE,FALSE,HR Down / LR Up,NS
NDUFB8,-0.296646332934898,-0.0289884179636744,FALSE,FALSE,FALSE,Concordant Down,NS
NDUFA7,-0.249944497125455,0.0222293385430028,FALSE,FALSE,FALSE,HR Down / LR Up,NS
RTN3,0.743997137611917,-0.52029216346531,TRUE,FALSE,TRUE,HR Up / LR Down,Divergent
LETM1,-0.334509928710446,0.151784100676444,FALSE,FALSE,FALSE,HR Down / LR Up,NS
STBD1,0.0772065716734751,-0.203179558183447,FALSE,FALSE,FALSE,HR Up / LR Down,NS
EPM2A,-0.859198977666178,-0.455593540100868,TRUE,FALSE,FALSE,Concordant Down,HR
VAPB,0.0810193103234447,-0.0867266513769529,FALSE,FALSE,FALSE,HR Up / LR Down,NS
NDUFC2,-0.308921617565108,-0.213609966149306,FALSE,FALSE,FALSE,Concordant Down,NS
NDUFA10,0.0259114998700483,-0.201429831710819,FALSE,FALSE,FALSE,HR Up / LR Down,NS
PGLS,-0.183061201179132,0.409699994728285,FALSE,FALSE,FALSE,HR Down / LR Up,NS
TACC2,-0.211171486856973,-0.114877419293496,FALSE,FALSE,FALSE,Concordant Down,NS
LYPLA2,-0.227504487017711,-0.11702991845322,FALSE,FALSE,FALSE,Concordant Down,NS
IPO7,-0.215375309073334,0.416616159351779,FALSE,FALSE,FALSE,HR Down / LR Up,NS
ARIH2,0.68174379520342,-0.177754216265825,FALSE,FALSE,FALSE,HR Up / LR Down,NS
AHSA1,0.48655495857666903,-0.0405038875870432,FALSE,FALSE,FALSE,HR Up / LR Down,NS
H6PD,-0.65215568592058,-0.397150530915138,FALSE,FALSE,FALSE,Concordant Down,NS
MPC2,-0.252403845974623,0.185312503409314,FALSE,FALSE,FALSE,HR Down / LR Up,NS
ETHE1,0.0819055226736438,0.198313313297216,FALSE,FALSE,FALSE,Concordant Up,NS
ACSL3,0.115293621747,-0.0885347248920532,FALSE,FALSE,FALSE,HR Up / LR Down,NS
OXSR1,-0.014736342538388,0.368184376121555,FALSE,FALSE,FALSE,HR Down / LR Up,NS
AP2A1,-0.0518624863482913,0.166376126425838,FALSE,FALSE,FALSE,HR Down / LR Up,NS
CAVIN2,-0.179402681616331,-0.1356988376833,FALSE,FALSE,FALSE,Concordant Down,NS
BAG3,0.0183608536530286,0.057663961917477,FALSE,FALSE,FALSE,Concordant Up,NS
MLYCD,0.225753553200786,-0.192774016523538,FALSE,FALSE,FALSE,HR Up / LR Down,NS
AIFM1,-0.237432220674258,-0.0877957779203804,FALSE,FALSE,FALSE,Concordant Down,NS
EML2,-0.105913418020453,-0.205899807192072,FALSE,FALSE,FALSE,Concordant Down,NS
BPNT1,-0.498437171214494,-0.0209314683556876,FALSE,FALSE,FALSE,Concordant Down,NS
DDAH2,0.0925840479338547,-0.128322328604614,FALSE,FALSE,FALSE,HR Up / LR Down,NS
ABHD16A,-0.406902948800298,0.0705531033165361,FALSE,FALSE,FALSE,HR Down / LR Up,NS
TXNDC12,0.163550703388577,0.195168085813261,FALSE,FALSE,FALSE,Concordant Up,NS
NUDT3,-0.0075058741725087,0.0561642782634948,FALSE,FALSE,FALSE,HR Down / LR Up,NS
NDUFB10,-0.3179373605922,0.0421512744528627,FALSE,FALSE,FALSE,HR Down / LR Up,NS
MOCS2,0.274920921988823,-0.0514062970873077,FALSE,FALSE,FALSE,HR Up / LR Down,NS
TOMM40,0.312296418443001,0.0838347522888796,FALSE,FALSE,FALSE,Concordant Up,NS
MT-CYB,-0.212567586742409,-0.0135747224623941,FALSE,FALSE,FALSE,Concordant Down,NS
CYB5A,0.0470807377438049,-0.0908774410605986,FALSE,FALSE,FALSE,HR Up / LR Down,NS
ADH1B,-0.562489960965184,0.167489755408237,FALSE,FALSE,FALSE,HR Down / LR Up,NS
LDHA,-0.145121541809274,-0.217429990273331,FALSE,FALSE,FALSE,Concordant Down,NS
ALDH1A1,-0.14111201625445,0.0521194272031948,FALSE,FALSE,FALSE,HR Down / LR Up,NS
GLUD1,-0.215196839763095,-0.141566336236597,FALSE,FALSE,FALSE,Concordant Down,NS
CYB5R3,0.112134241268755,0.229574821444228,FALSE,FALSE,FALSE,Concordant Up,NS
GSR,0.140727271743621,0.1401500778782,FALSE,FALSE,FALSE,Concordant Up,NS
MT-CO1,0.19317440669499,0.0602458557003196,FALSE,FALSE,FALSE,Concordant Up,NS
MT-CO2,-0.181128431826522,0.206691568134861,FALSE,FALSE,FALSE,HR Down / LR Up,NS
SOD1,-0.00692399088227447,0.204614733380318,FALSE,FALSE,FALSE,HR Down / LR Up,NS
PNP,0.546773325928509,2.14532805651237,FALSE,TRUE,TRUE,Concordant Up,Divergent
HPRT1,0.471239754876372,0.85891406264334,FALSE,TRUE,FALSE,Concordant Up,LR
GOT2,-0.338594268974095,-0.00782840891740832,FALSE,FALSE,FALSE,Concordant Down,NS
PGK1,-0.0501235614943809,-0.112394723715116,FALSE,FALSE,FALSE,Concordant Down,NS
AK1,0.0911789717478868,-0.0409601937919746,FALSE,FALSE,FALSE,HR Up / LR Down,NS
MT-ATP6,-0.456765272743777,0.56201096005071,FALSE,FALSE,FALSE,HR Down / LR Up,NS
CA2,0.493867907809904,0.655915106663596,FALSE,TRUE,FALSE,Concordant Up,LR
ASS1,0.27915578842163,-0.304484789385857,FALSE,FALSE,FALSE,HR Up / LR Down,NS
KRAS,0.148180434693543,-0.23351330333124,FALSE,FALSE,FALSE,HR Up / LR Down,NS
HLA-B,0.19477199250478,1.20066157263471,FALSE,TRUE,FALSE,Concordant Up,LR
HLA-DRA,0.220891707828187,0.0675819760542353,FALSE,FALSE,FALSE,Concordant Up,NS
MB,0.218778299683585,-0.339569903264447,FALSE,FALSE,FALSE,HR Up / LR Down,NS
CRYAB,0.317975184506,-0.083890524219445,FALSE,FALSE,FALSE,HR Up / LR Down,NS
LMNA,0.347698715456261,0.0950185635949836,FALSE,FALSE,FALSE,Concordant Up,NS
TNNC2,0.21868082377139,0.143400342509395,FALSE,FALSE,FALSE,Concordant Up,NS
TFRC,-0.0668081734403305,1.03241126670164,FALSE,TRUE,TRUE,HR Down / LR Up,Divergent
FTL,1.2882119073374,-0.159369597609668,TRUE,FALSE,TRUE,HR Up / LR Down,Divergent
FTH1,0.439539146303371,-0.329004003744771,FALSE,FALSE,FALSE,HR Up / LR Down,NS
MT-ND1,-0.290663516610991,0.140766314425058,FALSE,FALSE,FALSE,HR Down / LR Up,NS
MT-ND2,-0.105414568874203,0.428197747115913,FALSE,FALSE,FALSE,HR Down / LR Up,NS
MT-ND3,-0.590273480662223,0.568817523383526,FALSE,FALSE,TRUE,HR Down / LR Up,Divergent
MT-ND4,-0.0461017791865821,0.168727741741534,FALSE,FALSE,FALSE,HR Down / LR Up,NS
MT-ND5,-0.247132654996872,-0.180421379729093,FALSE,FALSE,FALSE,Concordant Down,NS
MT-ATP8,-0.188491303271771,-0.0460964493877896,FALSE,FALSE,FALSE,Concordant Down,NS
CAT,0.51980665786644,1.60601860190098,FALSE,TRUE,TRUE,Concordant Up,Divergent
ALDOA,-0.178582033116058,0.0441882496333292,FALSE,FALSE,FALSE,HR Down / LR Up,NS
CSTB,0.203634139786306,-0.118700485159248,FALSE,FALSE,FALSE,HR Up / LR Down,NS
SOD2,-0.0380579885246277,0.133107559904492,FALSE,FALSE,FALSE,HR Down / LR Up,NS
THY1,-0.287038784430145,-0.584266854802983,FALSE,FALSE,FALSE,Concordant Down,NS
KRT1,-0.732694765845267,-0.411016305824823,FALSE,FALSE,FALSE,Concordant Down,NS
GAPDH,-0.0380737841228118,-0.0121317887099224,FALSE,FALSE,FALSE,Concordant Down,NS
HLA-A,0.192503186488395,-0.0270951562173565,FALSE,FALSE,FALSE,HR Up / LR Down,NS
CAPNS1,0.179592092111562,-0.0820723985096521,FALSE,FALSE,FALSE,HR Up / LR Down,NS
HSPB1,0.00907322624188822,-0.281722519920169,FALSE,FALSE,FALSE,HR Up / LR Down,NS
RPN1,0.27741656126447,0.0200695048151687,FALSE,FALSE,FALSE,Concordant Up,NS
RPN2,0.113523566018234,-0.0738434093183642,FALSE,FALSE,FALSE,HR Up / LR Down,NS
GNAI2,0.1133502043023,0.398954487307307,FALSE,FALSE,FALSE,Concordant Up,NS
GYPC,-0.215279100103341,0.992598404113899,FALSE,FALSE,FALSE,HR Down / LR Up,NS
ATP1A1,-0.161031612700935,0.0631876422519717,FALSE,FALSE,FALSE,HR Down / LR Up,NS
ATP1B1,-0.04737234755234,-0.0905999329286828,FALSE,FALSE,FALSE,Concordant Down,NS
ALDH2,0.574119636506072,0.0774670999396321,FALSE,FALSE,FALSE,Concordant Up,NS
SLC25A5,0.196485523822393,0.115230034500453,FALSE,FALSE,FALSE,Concordant Up,NS
PCCA,-0.378132933239179,-0.462142735251614,FALSE,FALSE,FALSE,Concordant Down,NS
PCCB,-0.195019520947987,-0.209821839972211,FALSE,FALSE,FALSE,Concordant Down,NS
EIF2S1,0.126387576922991,-0.179103153612541,FALSE,FALSE,FALSE,HR Up / LR Down,NS
RPLP1,0.894443745197275,0.21180799088188,TRUE,FALSE,FALSE,Concordant Up,HR
RPLP2,0.707128293114472,0.190186291704151,TRUE,FALSE,FALSE,Concordant Up,HR
RPLP0,0.37528749437125,0.360523381079549,FALSE,FALSE,FALSE,Concordant Up,NS
FABP3,0.0160903872622704,-0.32199000837738,FALSE,FALSE,FALSE,HR Up / LR Down,NS
SSB,0.791173154130117,-0.887510805834435,FALSE,FALSE,TRUE,HR Up / LR Down,Divergent
ITGB1,-0.00925518127564473,-0.107034138132281,FALSE,FALSE,FALSE,Concordant Down,NS
KRT8,-1.18379702827833,-0.592746272910318,FALSE,FALSE,FALSE,Concordant Down,NS
MYL1,0.451607796231876,0.378631850586846,FALSE,FALSE,FALSE,Concordant Up,NS
UROD,0.305491050161859,0.24715487135262,FALSE,FALSE,FALSE,Concordant Up,NS
ATP5F1B,-0.0337348500477006,-0.172506748997044,FALSE,FALSE,FALSE,Concordant Down,NS
S100A6,0.255388623083455,0.643764247195794,FALSE,FALSE,FALSE,Concordant Up,NS
EIF4E,0.241456891296536,-0.0860532919772368,FALSE,FALSE,FALSE,HR Up / LR Down,NS
CKM,-0.242539214614769,0.00734942530928251,FALSE,FALSE,FALSE,HR Down / LR Up,NS
ENO1,0.0586277226824343,0.119645239315204,FALSE,FALSE,FALSE,Concordant Up,NS
PYGL,-0.156090155477148,-0.41340144823327,FALSE,FALSE,FALSE,Concordant Down,NS
NPM1,0.610276022490179,0.660742207362439,FALSE,TRUE,FALSE,Concordant Up,LR
TPM3,0.305444738945422,0.474756933048834,FALSE,FALSE,FALSE,Concordant Up,NS
EPHX1,0.0473998650979439,-0.0596618940618576,FALSE,FALSE,FALSE,HR Up / LR Down,NS
DBI,-0.328895886557003,0.165510741161707,FALSE,FALSE,FALSE,HR Down / LR Up,NS
LDHB,0.276878322862135,-0.0866274467054211,FALSE,FALSE,FALSE,HR Up / LR Down,NS
GPX1,-0.249496172469527,0.204827237867026,FALSE,FALSE,FALSE,HR Down / LR Up,NS
P4HB,0.240508556546537,0.0684153779498402,FALSE,FALSE,FALSE,Concordant Up,NS
H1-0,0.408503494649754,0.204732877263641,FALSE,FALSE,FALSE,Concordant Up,NS
CAPN1,-0.0985375559493527,0.0185094035595199,FALSE,FALSE,FALSE,HR Down / LR Up,NS
TUBB,0.433091219456205,-0.135508470670036,FALSE,FALSE,FALSE,HR Up / LR Down,NS
CA3,0.474919080479218,-0.290988799879056,FALSE,FALSE,FALSE,HR Up / LR Down,NS
DCN,-0.101103767969185,-0.523735372313368,FALSE,FALSE,FALSE,Concordant Down,NS
PSAP,0.250398310331352,-0.0276199081265034,FALSE,FALSE,FALSE,HR Up / LR Down,NS
PFN1,0.181554484455635,0.437593653195684,FALSE,FALSE,FALSE,Concordant Up,NS
BPGM,0.0878467392477056,1.65055695386557,FALSE,TRUE,TRUE,Concordant Up,Divergent
APRT,0.202280338179829,0.0370185637093812,FALSE,FALSE,FALSE,Concordant Up,NS
EPRS1,-0.0548011900151195,-0.305760352589573,FALSE,FALSE,FALSE,Concordant Down,NS
HSP90AA1,0.312979815864914,0.00833999790817685,FALSE,FALSE,FALSE,Concordant Up,NS
HNRNPC,0.651049067463273,1.24537225886567,FALSE,TRUE,FALSE,Concordant Up,LR
UQCRH,-0.339774165212397,-0.415274808820424,FALSE,FALSE,FALSE,Concordant Down,NS
TPM2,-0.0324966510030471,0.553356063374313,FALSE,FALSE,FALSE,HR Down / LR Up,NS
FH,-0.130963718922203,0.0282250639885078,FALSE,FALSE,FALSE,HR Down / LR Up,NS
COL1A2,-0.591198639804777,-0.509522444538916,FALSE,FALSE,FALSE,Concordant Down,NS
ANXA6,0.0703854739803162,-0.120998683499913,FALSE,FALSE,FALSE,HR Up / LR Down,NS
PFKM,-0.0699694217295566,-0.0236205813931747,FALSE,FALSE,FALSE,Concordant Down,NS
HSP90AB1,0.345502233579985,0.0423900544604336,FALSE,FALSE,FALSE,Concordant Up,NS
CTSG,2.04251313992949,2.11092854190211,FALSE,TRUE,FALSE,Concordant Up,LR
MME,-0.247457058537375,-0.169903463755526,FALSE,FALSE,FALSE,Concordant Down,NS
PDHA1,-0.343234978046009,0.0214866155557303,FALSE,FALSE,FALSE,HR Down / LR Up,NS
COL4A2,-0.519086412162554,-0.554592647308105,FALSE,FALSE,FALSE,Concordant Down,NS
CYC1,0.117000204533191,-0.204454854734031,FALSE,FALSE,FALSE,HR Up / LR Down,NS
MYL3,0.661721060175054,0.362978391360386,FALSE,FALSE,FALSE,Concordant Up,NS
VIM,0.538552768047573,0.147413895864645,FALSE,FALSE,FALSE,Concordant Up,NS
RPS17,0.270806951440829,0.00810263505507791,FALSE,FALSE,FALSE,Concordant Up,NS
ANXA5,0.233347082611918,-0.13295068962621,FALSE,FALSE,FALSE,HR Up / LR Down,NS
RPSA,0.244889938536115,0.30821163261119,FALSE,FALSE,FALSE,Concordant Up,NS
CD63,1.02906983826771,0.123071877332741,TRUE,FALSE,FALSE,Concordant Up,HR
ENO2,-0.314235976758951,-0.131384987347168,FALSE,FALSE,FALSE,Concordant Down,NS
ACAA1,0.163785638273204,-0.467318950851688,FALSE,FALSE,FALSE,HR Up / LR Down,NS
GSTP1,0.140774619801707,-0.0539569573568492,FALSE,FALSE,FALSE,HR Up / LR Down,NS
QDPR,-0.191292263451327,0.100997196743219,FALSE,FALSE,FALSE,HR Down / LR Up,NS
HMGB1,0.23142315549342,0.114130808485864,FALSE,FALSE,FALSE,Concordant Up,NS
FBP1,-0.028743352585419,-0.32033185156542,FALSE,FALSE,FALSE,Concordant Down,NS
GSTM1,-0.134703048620999,0.218841691763654,FALSE,FALSE,FALSE,HR Down / LR Up,NS
TPM1,0.172479160900771,0.348096192701838,FALSE,FALSE,FALSE,Concordant Up,NS
CLTB,0.0361143199650975,-0.010853557106616,FALSE,FALSE,FALSE,HR Up / LR Down,NS
ANXA4,0.219250151481159,0.0481518615992726,FALSE,FALSE,FALSE,Concordant Up,NS
DLD,-0.0491226537877836,-0.0754708431913542,FALSE,FALSE,FALSE,Concordant Down,NS
HNRNPA1,0.3112614815409,0.898420250377658,FALSE,TRUE,FALSE,Concordant Up,LR
COX6C,-0.012335591924451,-0.28078606616608,FALSE,FALSE,FALSE,Concordant Down,NS
PARP1,0.357351944508435,0.284892324654408,FALSE,FALSE,FALSE,Concordant Up,NS
UCHL1,0.371034793951772,-0.0448255161715778,FALSE,FALSE,FALSE,HR Up / LR Down,NS
LTA4H,-0.043476539256126,0.190445293535671,FALSE,FALSE,FALSE,HR Down / LR Up,NS
ALDOC,-0.439136940135853,0.448224714202556,FALSE,FALSE,TRUE,HR Down / LR Up,Divergent
LIMS3,0.137435311290773,-0.395683009649261,FALSE,FALSE,FALSE,HR Up / LR Down,NS
HSPA1A,-0.0768349526312839,-0.062028921011894,FALSE,FALSE,FALSE,Concordant Down,NS
CALM1,0.253604535670245,0.234723161992807,FALSE,FALSE,FALSE,Concordant Up,NS
RO60,2.39006571818911,-0.50951922124181,TRUE,FALSE,TRUE,HR Up / LR Down,Divergent
GAA,0.755014405430966,-0.388308839481343,FALSE,FALSE,TRUE,HR Up / LR Down,Divergent
RRAS,-0.0675459636696196,-0.16096966583298,FALSE,FALSE,FALSE,Concordant Down,NS
HLA-C,-1.77940785676,-0.774157279590703,TRUE,FALSE,FALSE,Concordant Down,HR
DLAT,-0.315223434077609,-0.0276680350527663,FALSE,FALSE,FALSE,Concordant Down,NS
TXN,0.188532363192962,0.418019847783711,FALSE,FALSE,FALSE,Concordant Up,NS
COX5B,-0.313234617795921,-0.0291116448918594,FALSE,FALSE,FALSE,Concordant Down,NS
PRKAR1A,0.208846264264668,-0.134082748028863,FALSE,FALSE,FALSE,HR Up / LR Down,NS
ESD,0.0560697054379631,-0.160915777941668,FALSE,FALSE,FALSE,HR Up / LR Down,NS
HSPD1,-0.151984547728706,-0.143626645045313,FALSE,FALSE,FALSE,Concordant Down,NS
MYL2,0.724943506131325,0.215370809476308,FALSE,FALSE,FALSE,Concordant Up,NS
HSPA5,0.352090578903614,0.0889427486589476,FALSE,FALSE,FALSE,Concordant Up,NS
LAMC1,0.32814198324677,-0.288232473691277,FALSE,FALSE,FALSE,HR Up / LR Down,NS
MYH3,0.324393542618957,-0.300234170140335,FALSE,FALSE,FALSE,HR Up / LR Down,NS
HSPA8,0.200693537297973,-0.00222144658534518,FALSE,FALSE,FALSE,HR Up / LR Down,NS
SLC2A1,0.277742185761387,1.8295611312996,FALSE,TRUE,TRUE,Concordant Up,Divergent
EPB41,-0.137307386747398,1.7832533574475,FALSE,TRUE,TRUE,HR Down / LR Up,Divergent
PDHB,-0.2278174060413,-0.150562014374742,FALSE,FALSE,FALSE,Concordant Down,NS
DBT,0.103813829597065,-0.496532038668764,FALSE,FALSE,FALSE,HR Up / LR Down,NS
PYGB,-0.210420452988206,-0.0335222490442888,FALSE,FALSE,FALSE,Concordant Down,NS
PYGM,-0.235390820764589,-0.20943749358549,FALSE,FALSE,FALSE,Concordant Down,NS
RALA,-0.200500017145583,-0.0504047521402278,FALSE,FALSE,FALSE,Concordant Down,NS
SPTB,0.500232963137147,1.80648269174518,FALSE,TRUE,TRUE,Concordant Up,Divergent
LAMP1,1.01062103948632,-0.182426586023578,FALSE,FALSE,FALSE,HR Up / LR Down,NS
ACADM,-0.277522187671771,-0.0451921262922745,FALSE,FALSE,FALSE,Concordant Down,NS
DMD,0.0908612403130817,-0.27155658688951,FALSE,FALSE,FALSE,HR Up / LR Down,NS
MTHFD1,0.128371865671308,-0.0571910325844307,FALSE,FALSE,FALSE,HR Up / LR Down,NS
ADH5,0.0213584366325286,-0.183319933061515,FALSE,FALSE,FALSE,HR Up / LR Down,NS
PABPC1,0.26425436617091,0.0046052300712276,FALSE,FALSE,FALSE,Concordant Up,NS
HARS1,-0.0952340442994171,0.0677613697676769,FALSE,FALSE,FALSE,HR Down / LR Up,NS
COL6A1,-0.330151087924655,-0.227322729215757,FALSE,FALSE,FALSE,Concordant Down,NS
COL6A2,0.15253003935182,-0.195789416721841,FALSE,FALSE,FALSE,HR Up / LR Down,NS
COL6A3,0.277221940792892,-0.402803422382394,FALSE,FALSE,FALSE,HR Up / LR Down,NS
SLC25A4,-0.168240301339569,0.075036400619318,FALSE,FALSE,FALSE,HR Down / LR Up,NS
SLC25A6,-0.459435947595441,0.0301858573042431,FALSE,FALSE,FALSE,HR Down / LR Up,NS
IMPDH2,0.126973246087356,0.276954942827196,FALSE,FALSE,FALSE,Concordant Up,NS
CKB,-0.126369140263325,0.013367439066684,FALSE,FALSE,FALSE,HR Down / LR Up,NS
ANXA3,0.549965721024051,0.83835448793317,FALSE,TRUE,FALSE,Concordant Up,LR
BCKDHA,-0.039957927121101,-0.0600778216640272,FALSE,FALSE,FALSE,Concordant Down,NS
ACTN1,0.44802961088568,0.666204828357781,FALSE,FALSE,FALSE,Concordant Up,NS
MYL4,0.154294017725597,0.731924037810504,FALSE,FALSE,FALSE,Concordant Up,NS
MYH1,0.314524960063086,0.258958900922178,FALSE,FALSE,FALSE,Concordant Up,NS
MYH7,0.645118669948317,0.452706478211162,FALSE,FALSE,FALSE,Concordant Up,NS
PEPD,-0.0832833591617295,0.167431704370898,FALSE,FALSE,FALSE,HR Down / LR Up,NS
XRCC6,-0.573739002309125,0.390415702038823,FALSE,FALSE,TRUE,HR Down / LR Up,Divergent
XRCC5,0.722930483038283,0.0512151947309327,FALSE,FALSE,FALSE,Concordant Up,NS
COX4I1,-0.0187520423382814,0.126929776105531,FALSE,FALSE,FALSE,HR Down / LR Up,NS
IFITM1,1.32412976652017,1.03852093684156,TRUE,FALSE,FALSE,Concordant Up,HR
LAMP2,-0.179379273011605,-0.140648486452374,FALSE,FALSE,FALSE,Concordant Down,NS
RNH1,0.136718997941788,0.118430564711911,FALSE,FALSE,FALSE,Concordant Up,NS
MYH6,0.957786791691291,0.350035535781608,FALSE,FALSE,FALSE,Concordant Up,NS
MYH8,-0.210019505636584,1.17605211056032,FALSE,TRUE,FALSE,HR Down / LR Up,LR
EEF2,0.26899559751547,-0.112403221221065,FALSE,FALSE,FALSE,HR Up / LR Down,NS
KRT10,-1.17546260775676,-0.816729966199251,TRUE,FALSE,FALSE,Concordant Down,HR
PDIA4,0.359472174377519,-0.276792135158516,FALSE,FALSE,FALSE,HR Up / LR Down,NS
TPT1,-0.0592473902751713,-0.0604065549770638,FALSE,FALSE,FALSE,Concordant Down,NS
ALAD,0.148513108721783,1.22220845036844,FALSE,TRUE,TRUE,Concordant Up,Divergent
LCP1,1.05320721490473,2.3373647764562002,FALSE,TRUE,TRUE,Concordant Up,Divergent
PLS3,-0.334217123945031,-0.715006092744975,FALSE,FALSE,FALSE,Concordant Down,NS
APEH,-0.148987577611713,0.13323559862625,FALSE,FALSE,FALSE,HR Down / LR Up,NS
ETFA,-0.0977148371892902,-0.0560475606584632,FALSE,FALSE,FALSE,Concordant Down,NS
TNNT1,0.0962458445957104,0.105925807570955,FALSE,FALSE,FALSE,Concordant Up,NS
GYS1,-0.0895689500660986,-0.0774380841951334,FALSE,FALSE,FALSE,Concordant Down,NS
PRKAR2A,-0.0602457919134807,-0.0752271326197906,FALSE,FALSE,FALSE,Concordant Down,NS
ENO3,-0.106748825795982,0.0897555857493622,FALSE,FALSE,FALSE,HR Down / LR Up,NS
CD59,0.060012752114357,-0.114639910836551,FALSE,FALSE,FALSE,HR Up / LR Down,NS
PRKCSH,0.208445284356475,-0.481544524270674,FALSE,FALSE,TRUE,HR Up / LR Down,Divergent
FDPS,0.0742608468092278,-0.0349705556985072,FALSE,FALSE,FALSE,HR Up / LR Down,NS
COX7A2,0.0135173101571624,-0.0378983960800596,FALSE,FALSE,FALSE,HR Up / LR Down,NS
NID1,-0.152028270350371,-0.226149657973043,FALSE,FALSE,FALSE,Concordant Down,NS
AKR1A1,0.359838518303462,0.0229622488225765,FALSE,FALSE,FALSE,Concordant Up,NS
PKM,-0.259044297413023,-0.0291871264342873,FALSE,FALSE,FALSE,Concordant Down,NS
ACYP2,0.141819203592302,0.0457254060437009,FALSE,FALSE,FALSE,Concordant Up,NS
HSP90B1,0.305893741226992,-0.0230180958379123,FALSE,FALSE,FALSE,HR Up / LR Down,NS
MYL6B,0.937197523508615,0.413195778734206,FALSE,FALSE,FALSE,Concordant Up,NS
SNRPB,0.438756072489518,-0.177331367999466,FALSE,FALSE,FALSE,HR Up / LR Down,NS
IDE,-0.164179773107243,-0.0507400616228004,FALSE,FALSE,FALSE,Concordant Down,NS
COX6B1,-0.537654890889335,-0.10206092761846,FALSE,FALSE,FALSE,Concordant Down,NS
HNRNPL,0.860091276750488,0.620598261812738,FALSE,FALSE,FALSE,Concordant Up,NS
DARS1,-0.0321233676416739,0.233308611901162,FALSE,FALSE,FALSE,HR Down / LR Up,NS
JUP,-0.685372901123326,-0.055127399409546,FALSE,FALSE,FALSE,Concordant Down,NS
UQCRB,-0.111149934953357,0.0354928040530247,FALSE,FALSE,FALSE,HR Down / LR Up,NS
FABP4,-0.0606888140934352,-0.0159530127340766,FALSE,FALSE,FALSE,Concordant Down,NS
GLUL,-0.248483664202595,0.41664566952338,FALSE,FALSE,FALSE,HR Down / LR Up,NS
AKR1B1,0.106168794039366,-0.347982528805861,FALSE,FALSE,FALSE,HR Up / LR Down,NS
GSPT1,-0.174964159603125,-0.052168941243,FALSE,FALSE,FALSE,Concordant Down,NS
PGAM2,-0.339158615958766,-0.211630219426876,FALSE,FALSE,FALSE,Concordant Down,NS
EZR,0.740262617211602,0.152057710844009,FALSE,FALSE,FALSE,Concordant Up,NS
UCHL3,-0.00608081230251045,-0.0510386502808338,FALSE,FALSE,FALSE,Concordant Down,NS
NME1,-0.110876812101434,0.571340153689327,FALSE,FALSE,FALSE,HR Down / LR Up,NS
RPS2,0.117386710165039,-0.28504670750721,FALSE,FALSE,FALSE,HR Up / LR Down,NS
RPA2,0.911009254743547,0.49194756914514,TRUE,FALSE,FALSE,Concordant Up,HR
COX7C,0.105770566379917,-0.12251618865858,FALSE,FALSE,FALSE,HR Up / LR Down,NS
NQO2,-0.577944559247744,0.0288371224672375,FALSE,FALSE,FALSE,HR Down / LR Up,NS
PFKFB1,-0.61134953134335,0.201448537734777,FALSE,FALSE,TRUE,HR Down / LR Up,Divergent
CBR1,0.26790571150287,-0.0158688928383235,FALSE,FALSE,FALSE,HR Up / LR Down,NS
ANK1,0.266795888521777,2.0983986782965802,FALSE,TRUE,TRUE,Concordant Up,Divergent
ACADS,-0.186016464682677,-0.0311914033452538,FALSE,FALSE,FALSE,Concordant Down,NS
PPP3CB,-0.371127361323229,0.0133966154356102,FALSE,FALSE,FALSE,HR Down / LR Up,NS
ATP2A2,-0.00823468725064558,-0.00674195381593634,FALSE,FALSE,FALSE,Concordant Down,NS
CD36,-0.138572303007678,-0.16070438050459,FALSE,FALSE,FALSE,Concordant Down,NS
FAH,0.0913272077661915,-0.147358058749258,FALSE,FALSE,FALSE,HR Up / LR Down,NS
YBX3,0.141702325612222,-0.00201142592809944,FALSE,FALSE,FALSE,HR Up / LR Down,NS
TMEM11,-0.367567442390204,-0.00547605319490785,FALSE,FALSE,FALSE,Concordant Down,NS
GOT1,-0.237791804728644,-0.0363690933562992,FALSE,FALSE,FALSE,Concordant Down,NS
CKMT2,-0.342814698076442,-0.0342132775419408,FALSE,FALSE,FALSE,Concordant Down,NS
NDUFB7,-0.194865671682464,-0.159376091113273,FALSE,FALSE,FALSE,Concordant Down,NS
PRKACA,0.176252576990382,-0.313659147390613,FALSE,FALSE,FALSE,HR Up / LR Down,NS
CAPN2,0.08336467526982,-0.306505242101693,FALSE,FALSE,FALSE,HR Up / LR Down,NS
DES,0.393427743985622,0.100021329029541,FALSE,FALSE,FALSE,Concordant Up,NS
CTPS1,0.317338096760043,-0.502670071810041,FALSE,FALSE,FALSE,HR Up / LR Down,NS
PFKL,-0.380384082516677,0.234376519203668,FALSE,FALSE,FALSE,HR Down / LR Up,NS
PSMC3,0.228513224472731,-0.0494235359868398,FALSE,FALSE,FALSE,HR Up / LR Down,NS
TCP1,0.0406697678595478,0.423692839344682,FALSE,FALSE,FALSE,Concordant Up,NS
PTPN1,1.39076305932538,-0.411524180087913,TRUE,FALSE,TRUE,HR Up / LR Down,Divergent
ARF4,0.0127071176899278,-0.394497291776812,FALSE,FALSE,FALSE,HR Up / LR Down,NS
RPL7,0.781592700987481,0.0412366023681905,TRUE,FALSE,FALSE,Concordant Up,HR
VCL,-0.00101281934466968,-0.0758471719696168,FALSE,FALSE,FALSE,Concordant Down,NS
RPL17,0.257363371247617,-0.177838330087091,FALSE,FALSE,FALSE,HR Up / LR Down,NS
PGAM1,-0.159381350684416,0.123554290546348,FALSE,FALSE,FALSE,HR Down / LR Up,NS
ATP5PF,-0.168851340270173,0.0159289514243603,FALSE,FALSE,FALSE,HR Down / LR Up,NS
TNNI1,0.213306907379017,-0.206035347811234,FALSE,FALSE,FALSE,HR Up / LR Down,NS
NCL,0.740106275699713,0.128365213347156,TRUE,FALSE,FALSE,Concordant Up,HR
HK1,0.00958876200635927,-0.0898035086943985,FALSE,FALSE,FALSE,HR Up / LR Down,NS
NDUFV2,-0.0705391281075904,0.0533645439500141,FALSE,FALSE,FALSE,HR Down / LR Up,NS
SRM,0.609767234520884,0.558610129081359,FALSE,FALSE,FALSE,Concordant Up,NS
TYMP,0.875066131088101,-0.224837198061124,FALSE,FALSE,FALSE,HR Up / LR Down,NS
EIF2S2,-0.189331613862024,0.440803612410289,FALSE,FALSE,FALSE,HR Down / LR Up,NS
ANXA7,0.0640750214883141,0.0298817633844415,FALSE,FALSE,FALSE,Concordant Up,NS
RAB6A,-0.201629538036443,0.493307088823123,FALSE,FALSE,FALSE,HR Down / LR Up,NS
PVALB,-0.255129432873055,-1.04772696371474,FALSE,FALSE,FALSE,Concordant Down,NS
PSMB1,-0.17478037025919901,0.20546031282155,FALSE,FALSE,FALSE,HR Down / LR Up,NS
COX5A,-0.131835278330648,-0.136673200392529,FALSE,FALSE,FALSE,Concordant Down,NS
OGN,0.00533808448084372,-0.591728455843452,FALSE,FALSE,FALSE,HR Up / LR Down,NS
CAPN3,-0.232825650532508,0.0254900906876969,FALSE,FALSE,FALSE,HR Down / LR Up,NS
CAST,-0.0927945899184373,0.0699681874652818,FALSE,FALSE,FALSE,HR Down / LR Up,NS
NEB,0.501719469899392,0.191542754090516,FALSE,FALSE,FALSE,Concordant Up,NS
GSTM3,0.045096904336404,-0.0602267252176176,FALSE,FALSE,FALSE,HR Up / LR Down,NS
ATP6V1B2,0.0390908251534192,0.080866006917379,FALSE,FALSE,FALSE,Concordant Up,NS
CSRP1,-0.933414925259612,-0.00182400764105495,FALSE,FALSE,FALSE,Concordant Down,NS
FLNA,0.216366799096882,-0.0781957724606137,FALSE,FALSE,FALSE,HR Up / LR Down,NS
MAOA,-0.490917530259534,-0.19811980350638,FALSE,FALSE,FALSE,Concordant Down,NS
ACO1,-0.101477627730695,-0.193295009661973,FALSE,FALSE,FALSE,Concordant Down,NS
GPD1,-0.0592423367016401,-0.105037745451888,FALSE,FALSE,FALSE,Concordant Down,NS
VDAC1,-0.167174596507007,0.0609533891320133,FALSE,FALSE,FALSE,HR Down / LR Up,NS
RYR1,-0.0298815512430934,-0.0356601482295815,FALSE,FALSE,FALSE,Concordant Down,NS
SDHB,-0.1162463491608,0.0394530990742901,FALSE,FALSE,FALSE,HR Down / LR Up,NS
CD9,0.321747655027288,0.423093984988935,FALSE,FALSE,FALSE,Concordant Up,NS
BCKDHB,0.188010956555893,0.274475722947084,FALSE,FALSE,FALSE,Concordant Up,NS
COMT,0.0877844127802767,-0.00755172412326743,FALSE,FALSE,FALSE,HR Up / LR Down,NS
TGM2,0.0551941942820413,0.386970702865518,FALSE,FALSE,FALSE,Concordant Up,NS
MMUT,-0.364780588531492,-0.194969871975896,FALSE,FALSE,FALSE,Concordant Down,NS
OSBP,-0.229722135259973,-0.429344682426894,FALSE,FALSE,FALSE,Concordant Down,NS
PCMT1,0.0745017040332421,-0.0170002604880324,FALSE,FALSE,FALSE,HR Up / LR Down,NS
GART,-0.0582231342704276,0.417733584902599,FALSE,FALSE,FALSE,HR Down / LR Up,NS
PAICS,-0.0425811646828755,0.215063435715734,FALSE,FALSE,FALSE,HR Down / LR Up,NS
SCP2,-0.392008540552439,0.263549715595754,FALSE,FALSE,FALSE,HR Down / LR Up,NS
UBA1,0.256648972532371,0.0238178171277106,FALSE,FALSE,FALSE,Concordant Up,NS
NME2,0.0844195719508356,-0.144815230268154,FALSE,FALSE,FALSE,HR Up / LR Down,NS
FDXR,0.469556848770168,0.493542335255139,FALSE,FALSE,FALSE,Concordant Up,NS
HNRNPA2B1,0.698108030796334,1.04130057964543,FALSE,TRUE,FALSE,Concordant Up,LR
UQCRC2,-0.141030057241291,-0.0763266911209399,FALSE,FALSE,FALSE,Concordant Down,NS
FECH,0.00667725281026321,-0.440233662062266,FALSE,FALSE,FALSE,HR Up / LR Down,NS
AMPD1,-0.297098432474254,-0.0894034546700126,FALSE,FALSE,FALSE,Concordant Down,NS
FBLN1,-0.411857988380799,0.112812352719754,FALSE,FALSE,FALSE,HR Down / LR Up,NS
SFPQ,0.522499409299407,0.3805594748702,FALSE,FALSE,FALSE,Concordant Up,NS
S100A1,0.0301719526128643,-0.298222037834055,FALSE,FALSE,FALSE,HR Up / LR Down,NS
HRC,0.417095446309837,-0.0549935396060697,FALSE,FALSE,FALSE,HR Up / LR Down,NS
ME2,0.261356057588873,-0.135742394728435,FALSE,FALSE,FALSE,HR Up / LR Down,NS
WARS1,0.135660345651672,0.190070924997187,FALSE,FALSE,FALSE,Concordant Up,NS
RPS3,0.272422017422357,0.230267758819593,FALSE,FALSE,FALSE,Concordant Up,NS
GCSH,-0.377058099793651,0.125859432753444,FALSE,FALSE,FALSE,HR Down / LR Up,NS
AHCY,0.148117687346993,0.109678209057229,FALSE,FALSE,FALSE,Concordant Up,NS
CFL1,0.230822681751199,0.0658306943268769,FALSE,FALSE,FALSE,Concordant Up,NS
ATP2B4,-0.0735735863166163,0.370238591454074,FALSE,FALSE,FALSE,HR Down / LR Up,NS
CPT2,-0.386768519093874,0.0181703552884045,FALSE,FALSE,FALSE,HR Down / LR Up,NS
LAMA2,-0.29484525815533,-0.0983464590519567,FALSE,FALSE,FALSE,Concordant Down,NS
GPT,-0.240789591258316,0.0172839412506356,FALSE,FALSE,FALSE,HR Down / LR Up,NS
COX7A1,-0.292355965250977,0.164341515180698,FALSE,FALSE,FALSE,HR Down / LR Up,NS
EEF1B2,0.278736421333299,-0.111147932255356,FALSE,FALSE,FALSE,HR Up / LR Down,NS
ATP5PB,-0.161618415045606,-0.0293691924101687,FALSE,FALSE,FALSE,Concordant Down,NS
ACP1,-0.0211373300988136,0.288968902111009,FALSE,FALSE,FALSE,HR Down / LR Up,NS
ACAT1,-0.233619235351917,-0.134477396830299,FALSE,FALSE,FALSE,Concordant Down,NS
MPST,-0.0867998502313085,0.351233657761419,FALSE,FALSE,FALSE,HR Down / LR Up,NS
RPS12,-0.00485273836311606,-0.00152097938508078,FALSE,FALSE,FALSE,Concordant Down,NS
DNAJB1,0.621392924389191,0.0291111548053387,FALSE,FALSE,FALSE,Concordant Up,NS
ATP5F1A,-0.207578536037069,0.00134307253107124,FALSE,FALSE,FALSE,HR Down / LR Up,NS
PSMA1,-0.138988387361135,-0.065240859315896,FALSE,FALSE,FALSE,Concordant Down,NS
PSMA2,0.204559406461257,0.0133976179563007,FALSE,FALSE,FALSE,Concordant Up,NS
PSMA3,-0.0980180549256175,-0.108311685981395,FALSE,FALSE,FALSE,Concordant Down,NS
PSMA4,0.0845198972163494,-0.0734118697788517,FALSE,FALSE,FALSE,HR Up / LR Down,NS
MSN,0.34849079268945,0.146040008122267,FALSE,FALSE,FALSE,Concordant Up,NS
DDX6,0.337326548908951,0.833575136980976,FALSE,TRUE,FALSE,Concordant Up,LR
RPL13,0.254936524258483,0.0666402906530017,FALSE,FALSE,FALSE,Concordant Up,NS
IVD,0.0715153021734558,-0.107712487205802,FALSE,FALSE,FALSE,HR Up / LR Down,NS
PTBP1,-0.0202942540103486,0.312317565840207,FALSE,FALSE,FALSE,HR Down / LR Up,NS
TARS1,-0.291069154054906,-0.289477853065581,FALSE,FALSE,FALSE,Concordant Down,NS
VARS1,0.403627576599554,-0.534027518032275,FALSE,FALSE,TRUE,HR Up / LR Down,Divergent
EEF1G,0.214627267597905,-0.117366810044651,FALSE,FALSE,FALSE,HR Up / LR Down,NS
PLN,0.373314719608832,-0.664688150475694,FALSE,FALSE,FALSE,HR Up / LR Down,NS
FKBP2,-0.0890773987426208,0.113384921303812,FALSE,FALSE,FALSE,HR Down / LR Up,NS
STOM,0.660093607437442,1.78485652008549,FALSE,TRUE,FALSE,Concordant Up,LR
MAOB,-0.471515284998357,-0.0385713202382441,FALSE,FALSE,FALSE,Concordant Down,NS
YWHAQ,0.261200029229244,0.00519394165655029,FALSE,FALSE,FALSE,Concordant Up,NS
RPL10,0.0571643426967512,-0.112981372023743,FALSE,FALSE,FALSE,HR Up / LR Down,NS
APEX1,0.310662705197903,0.0860811326071236,FALSE,FALSE,FALSE,Concordant Up,NS
CALR,0.117830110681801,0.187367965024251,FALSE,FALSE,FALSE,Concordant Up,NS
MAP4,0.313654368860128,0.0493146581274289,FALSE,FALSE,FALSE,Concordant Up,NS
CANX,0.304584772596197,0.137534319273097,FALSE,FALSE,FALSE,Concordant Up,NS
PSMA5,0.0415951765148606,0.0455342748370811,FALSE,FALSE,FALSE,Concordant Up,NS
PSMB4,-0.0219365701514889,0.040725721412354,FALSE,FALSE,FALSE,HR Down / LR Up,NS
PSMB6,-0.0472034664730039,-0.0906210262105276,FALSE,FALSE,FALSE,Concordant Down,NS
PSMB5,-0.142121714974113,0.021576572317251,FALSE,FALSE,FALSE,HR Down / LR Up,NS
GSTM2,0.203511580012133,-8.55787262636909e-5,FALSE,FALSE,FALSE,HR Up / LR Down,NS
TMOD1,0.27189592027165,0.952469179068643,FALSE,TRUE,FALSE,Concordant Up,LR
NDUFS1,-0.120623430466978,-0.0413605391492133,FALSE,FALSE,FALSE,Concordant Down,NS
MAPK1,0.302027772448611,-0.0259204361797956,FALSE,FALSE,FALSE,HR Up / LR Down,NS
LAP3,0.18908851946663,-0.229474471532544,FALSE,FALSE,FALSE,HR Up / LR Down,NS
TPP2,-0.414385917278572,0.205756773505147,FALSE,FALSE,FALSE,HR Down / LR Up,NS
IMPA1,-0.238641150557413,-0.0612024122353283,FALSE,FALSE,FALSE,Concordant Down,NS
TKT,0.59353688818209,1.48648533337608,FALSE,TRUE,FALSE,Concordant Up,LR
EEF1D,0.198884418267102,-0.0638023579502516,FALSE,FALSE,FALSE,HR Up / LR Down,NS
MARCKS,0.574186529738872,-0.518474391276175,FALSE,FALSE,FALSE,HR Up / LR Down,NS
AQP1,-0.0151909905726342,0.77256812235106,FALSE,TRUE,FALSE,HR Down / LR Up,LR
GNA11,-0.221992014738174,0.203750449024028,FALSE,FALSE,FALSE,HR Down / LR Up,NS
ALDH4A1,-0.0621977137184508,-0.00462709652225968,FALSE,FALSE,FALSE,Concordant Down,NS
ERP29,-0.0871391203860981,0.141007215008965,FALSE,FALSE,FALSE,HR Down / LR Up,NS
PRDX6,0.163301861093551,0.123560244009997,FALSE,FALSE,FALSE,Concordant Up,NS
BLVRB,0.34636614644916,0.98640508325856,FALSE,TRUE,FALSE,Concordant Up,LR
PRDX5,0.294869736975748,-0.00566442114038423,FALSE,FALSE,FALSE,HR Up / LR Down,NS
DDT,-0.159417925892484,0.441103658807577,FALSE,FALSE,FALSE,HR Down / LR Up,NS
PRDX3,-0.128191938167028,0.0232700057411357,FALSE,FALSE,FALSE,HR Down / LR Up,NS
ATP5F1D,0.0629586544480425,-0.130049207961164,FALSE,FALSE,FALSE,HR Up / LR Down,NS
RPL12,0.851350741419861,0.0299205866365604,TRUE,FALSE,FALSE,Concordant Up,HR
ECHS1,-0.0764637798543362,-0.158997525282299,FALSE,FALSE,FALSE,Concordant Down,NS
CMPK1,-0.149376955399404,0.0385148694020607,FALSE,FALSE,FALSE,HR Down / LR Up,NS
PEBP1,-0.0365205028352555,-0.00948980564325552,FALSE,FALSE,FALSE,Concordant Down,NS
PDIA3,0.423661240199607,-0.0694202552458947,FALSE,FALSE,FALSE,HR Up / LR Down,NS
PPP2R1A,0.246296170545808,-0.0751530053540499,FALSE,FALSE,FALSE,HR Up / LR Down,NS
PPIF,-0.351428957232866,0.0783619173570109,FALSE,FALSE,FALSE,HR Down / LR Up,NS
NMT1,-0.302141399573621,0.12552865790683,FALSE,FALSE,FALSE,HR Down / LR Up,NS
ADSS2,-0.64136777125444,0.492867310350302,FALSE,FALSE,TRUE,HR Down / LR Up,Divergent
LRPAP1,-0.0748470153063181,0.0629246493953204,FALSE,FALSE,FALSE,HR Down / LR Up,NS
TSPO,-0.193878523521505,-0.173273725593063,FALSE,FALSE,FALSE,Concordant Down,NS
ADSL,-0.142458356235775,-0.142372863262754,FALSE,FALSE,FALSE,Concordant Down,NS
CLIP1,0.287851440801116,-0.0381927046131665,FALSE,FALSE,FALSE,HR Up / LR Down,NS
SRI,0.183407057041279,0.533439474290901,FALSE,FALSE,FALSE,Concordant Up,NS
ALDH1B1,0.553011276758301,-0.0428144131071875,FALSE,FALSE,FALSE,HR Up / LR Down,NS
SDHA,-0.143723963548478,-0.150161231898203,FALSE,FALSE,FALSE,Concordant Down,NS
GDI1,-0.0585085584737968,-0.105769745898165,FALSE,FALSE,FALSE,Concordant Down,NS
MAT2A,0.0548881527095268,0.238711443301494,FALSE,FALSE,FALSE,Concordant Up,NS
CASQ1,0.114990698971308,0.111242749030598,FALSE,FALSE,FALSE,Concordant Up,NS
AKT1,0.397129411976959,-0.319938043240661,FALSE,FALSE,FALSE,HR Up / LR Down,NS
AKT2,0.109270722213626,-0.122227770093424,FALSE,FALSE,FALSE,HR Up / LR Down,NS
UQCRC1,-0.0909421463877393,-0.0720054001204531,FALSE,FALSE,FALSE,Concordant Down,NS
HIBADH,-0.224177275873856,0.0371967106787068,FALSE,FALSE,FALSE,HR Down / LR Up,NS
ATIC,0.174096674816532,0.0500990511274786,FALSE,FALSE,FALSE,Concordant Up,NS
HNRNPH3,0.291029307317853,0.0605233276021906,FALSE,FALSE,FALSE,Concordant Up,NS
HNRNPH1,0.381457293633819,0.190890263855593,FALSE,FALSE,FALSE,Concordant Up,NS
YWHAB,0.179142621004168,0.114026400459203,FALSE,FALSE,FALSE,Concordant Up,NS
STIP1,-0.0598249165773979,0.0260280402387565,FALSE,FALSE,FALSE,HR Down / LR Up,NS
S100A11,0.921807688802495,0.55027891622213,FALSE,FALSE,FALSE,Concordant Up,NS
PRDX2,-0.058567204316752,0.494767990884856,FALSE,FALSE,FALSE,HR Down / LR Up,NS
RPL9,0.337911679779197,0.459299599742678,FALSE,FALSE,FALSE,Concordant Up,NS
ACSL1,-0.268480830813921,-0.00276996198793356,FALSE,FALSE,FALSE,Concordant Down,NS
KIF5B,0.134756720827184,0.0486447314880643,FALSE,FALSE,FALSE,Concordant Up,NS
SHMT1,-0.206762455912063,0.215794384191881,FALSE,FALSE,FALSE,HR Down / LR Up,NS
SHMT2,-0.717566806184816,-0.212664809796632,FALSE,FALSE,FALSE,Concordant Down,NS
EPHX2,0.0337840777002612,-0.138769368953014,FALSE,FALSE,FALSE,HR Up / LR Down,NS
HSPA4,0.221386051131958,-0.0524006502155565,FALSE,FALSE,FALSE,HR Up / LR Down,NS
MPI,-0.203854081314283,-0.188778992074859,FALSE,FALSE,FALSE,Concordant Down,NS
GPC1,2.07775113828361,0.877758314457092,TRUE,FALSE,FALSE,Concordant Up,HR
PFN2,0.337070395078307,0.178086229731345,FALSE,FALSE,FALSE,Concordant Up,NS
SERPINB6,-0.322693368376662,-0.492813335904298,FALSE,FALSE,FALSE,Concordant Down,NS
RDX,-0.168410539746869,-0.153101579727647,FALSE,FALSE,FALSE,Concordant Down,NS
RPA3,-0.594451971449697,0.347857477952267,FALSE,FALSE,TRUE,HR Down / LR Up,Divergent
RPL22,0.413158408039408,0.0412351696097168,FALSE,FALSE,FALSE,Concordant Up,NS
SPR,-0.00697445542691355,-0.31740807233129,FALSE,FALSE,FALSE,Concordant Down,NS
AGL,-0.342162917086529,-0.127098356839955,FALSE,FALSE,FALSE,Concordant Down,NS
MYH9,0.385170282285394,0.356361946545963,FALSE,FALSE,FALSE,Concordant Up,NS
COPB2,0.233160296298571,-0.164555599991953,FALSE,FALSE,FALSE,HR Up / LR Down,NS
ACTN2,0.662366067320505,0.0842123178416827,FALSE,FALSE,FALSE,Concordant Up,NS
ADD1,1.08117320760813,1.55571250462477,FALSE,TRUE,FALSE,Concordant Up,LR
BSG,-0.380849175237032,-0.107755915765779,FALSE,FALSE,FALSE,Concordant Down,NS
FUS,0.390057392064072,0.107587944572604,FALSE,FALSE,FALSE,Concordant Up,NS
MYH11,-0.982822596209353,0.129753686939544,FALSE,FALSE,FALSE,HR Down / LR Up,NS
GLRX,0.132573651900351,-0.00366243820406709,FALSE,FALSE,FALSE,HR Up / LR Down,NS
PPM1A,0.462851862330435,-0.162144252349524,FALSE,FALSE,FALSE,HR Up / LR Down,NS
KRT2,-0.673773141034477,-0.302430814113613,FALSE,FALSE,FALSE,Concordant Down,NS
HMGCL,-0.711021127634108,-0.107951393407269,TRUE,FALSE,FALSE,Concordant Down,HR
PSMC2,0.104533423538502,0.110550352089202,FALSE,FALSE,FALSE,Concordant Up,NS
ARL3,-0.378573626759827,0.173850292954878,FALSE,FALSE,FALSE,HR Down / LR Up,NS
MAP2K2,-0.136123604030832,-0.375638929928723,FALSE,FALSE,FALSE,Concordant Down,NS
ATP5F1C,0.0176609170781425,-0.161237921783034,FALSE,FALSE,FALSE,HR Up / LR Down,NS
ATP6V1E1,0.0692196624400161,-0.176550256672616,FALSE,FALSE,FALSE,HR Up / LR Down,NS
RPL4,0.375139674118543,0.132534781468614,FALSE,FALSE,FALSE,Concordant Up,NS
LONP1,-0.227761232470641,-0.24087992179928,FALSE,FALSE,FALSE,Concordant Down,NS
PGM1,-0.100845405944789,-0.0639967944521551,FALSE,FALSE,FALSE,Concordant Down,NS
PPP1CC,0.282538714720705,-0.119577341520181,FALSE,FALSE,FALSE,HR Up / LR Down,NS
DLST,-0.212873751203261,0.0884425966651108,FALSE,FALSE,FALSE,HR Down / LR Up,NS
GMPR,-0.55036386387016,-0.141067061636544,FALSE,FALSE,FALSE,Concordant Down,NS
GPX4,-0.126161968475728,0.276593729485981,FALSE,FALSE,FALSE,HR Down / LR Up,NS
SRP14,-0.517300353569794,-0.193062683195443,FALSE,FALSE,FALSE,Concordant Down,NS
HPCAL1,0.0390921445557773,0.174229629271586,FALSE,FALSE,FALSE,Concordant Up,NS
TAGLN2,0.17373315345732,0.0447753190190276,FALSE,FALSE,FALSE,Concordant Up,NS
TALDO1,0.246286082621733,0.52716780376841,FALSE,FALSE,FALSE,Concordant Up,NS
SNCA,0.27684157089465,2.91867840763285,FALSE,TRUE,TRUE,Concordant Up,Divergent
ETFB,-0.0406572557355851,-0.124410532409328,FALSE,FALSE,FALSE,Concordant Down,NS
RBMX,1.11169843745173,1.13115829405867,FALSE,TRUE,FALSE,Concordant Up,LR
ATP6V1A,0.0280862351579039,0.235950798736138,FALSE,FALSE,FALSE,Concordant Up,NS
HSPA9,0.0177179959693063,0.0502064584526174,FALSE,FALSE,FALSE,Concordant Up,NS
RPS19,0.315271025705322,0.0347460602528962,FALSE,FALSE,FALSE,Concordant Up,NS
COL15A1,0.272342971840679,-0.23947046914121,FALSE,FALSE,FALSE,HR Up / LR Down,NS
COL18A1,-0.505878032726011,-0.379048647287103,FALSE,FALSE,FALSE,Concordant Down,NS
DDOST,0.243274223218418,0.368075159370189,FALSE,FALSE,FALSE,Concordant Up,NS
ANP32A,0.373518653027201,-0.107365658483122,FALSE,FALSE,FALSE,HR Up / LR Down,NS
CAP2,0.181845023908838,-0.0508180602202764,FALSE,FALSE,FALSE,HR Up / LR Down,NS
CCT6A,0.110317014566416,0.150117823430364,FALSE,FALSE,FALSE,Concordant Up,NS
NNMT,1.95515911881102,0.286016068920215,FALSE,FALSE,FALSE,Concordant Up,NS
RPL13A,0.658438222030703,-0.578081126583545,FALSE,FALSE,TRUE,HR Up / LR Down,Divergent
ARL1,1.41373310327177,-0.402166315135151,TRUE,FALSE,TRUE,HR Up / LR Down,Divergent
STAT3,0.410912364117781,-0.00475615720291955,FALSE,FALSE,FALSE,HR Up / LR Down,NS
MDH1,-0.11250849149674,-0.251090797459234,FALSE,FALSE,FALSE,Concordant Down,NS
MDH2,-0.238105094425872,0.0155389705064053,FALSE,FALSE,FALSE,HR Down / LR Up,NS
HADHA,0.0205914261747928,-0.218290030926347,FALSE,FALSE,FALSE,HR Up / LR Down,NS
EIF2S3,0.20739739313148,0.11334144058667,FALSE,FALSE,FALSE,Concordant Up,NS
PPP1R2,-0.172852076797106,0.358168917548653,FALSE,FALSE,FALSE,HR Down / LR Up,NS
GARS1,0.378100418893563,-0.215018934139962,FALSE,FALSE,FALSE,HR Up / LR Down,NS
IARS1,-0.00395903381097895,-0.368186761807401,FALSE,FALSE,FALSE,Concordant Down,NS
EIF1,0.00236544859103915,0.218978459255052,FALSE,FALSE,FALSE,Concordant Up,NS
ACTR1B,0.0146364769106917,0.0761776494742215,FALSE,FALSE,FALSE,Concordant Up,NS
ECI1,-0.252337216670202,0.0183025360831017,FALSE,FALSE,FALSE,HR Down / LR Up,NS
AKR1C3,0.87621613196282,-0.202819164209327,FALSE,FALSE,FALSE,HR Up / LR Down,NS
RPS27,-0.29890285703026,0.0640923613110544,FALSE,FALSE,FALSE,HR Down / LR Up,NS
LRPPRC,-0.00464188982300584,-0.00417467013950912,FALSE,FALSE,FALSE,Concordant Down,NS
ACAA2,-0.0577408310851979,-0.100397844226979,FALSE,FALSE,FALSE,Concordant Down,NS
RPL35,-0.104385385759382,0.207807445611778,FALSE,FALSE,FALSE,HR Down / LR Up,NS
SLC1A4,-0.356801876642525,-0.489925807822026,FALSE,FALSE,FALSE,Concordant Down,NS
PAFAH1B1,0.0495789672742646,-0.0234761495499392,FALSE,FALSE,FALSE,HR Up / LR Down,NS
CRAT,-0.223825643898877,-0.0680895144305964,FALSE,FALSE,FALSE,Concordant Down,NS
GPD2,-0.108526976703359,0.0617818936813173,FALSE,FALSE,FALSE,HR Down / LR Up,NS
RANBP1,-0.256734330092552,0.516422140313232,FALSE,FALSE,FALSE,HR Down / LR Up,NS
PSMC4,0.12168960055957,-0.251295883910291,FALSE,FALSE,FALSE,HR Up / LR Down,NS
TSFM,0.00558395075880114,-0.240442921808608,FALSE,FALSE,FALSE,HR Up / LR Down,NS
TNNT3,0.279727675332143,-0.148924856533256,FALSE,FALSE,FALSE,HR Up / LR Down,NS
ASPA,-0.581573507986846,-0.0221952993368113,FALSE,FALSE,FALSE,Concordant Down,NS
PPIC,0.0959265994137937,0.349980530503718,FALSE,FALSE,FALSE,Concordant Up,NS
VDAC2,-0.089871273413717,0.0903840954492594,FALSE,FALSE,FALSE,HR Down / LR Up,NS
ACADSB,-0.325755078609159,-0.162218207053737,FALSE,FALSE,FALSE,Concordant Down,NS
USP5,0.377538366193416,0.0464143650391726,FALSE,FALSE,FALSE,Concordant Up,NS
MAPK9,0.0110393701562188,-0.283295407288605,FALSE,FALSE,FALSE,HR Up / LR Down,NS
MAP2K4,0.283008771452756,-0.147343417064928,FALSE,FALSE,FALSE,HR Up / LR Down,NS
PHKA2,-0.630901483056061,0.0567459716135268,FALSE,FALSE,FALSE,HR Down / LR Up,NS
PHKA1,-0.563011368262494,-0.162836053982215,FALSE,FALSE,FALSE,Concordant Down,NS
CRKL,0.0257823937933992,0.33129570443295703,FALSE,FALSE,FALSE,Concordant Up,NS
MTIF2,-0.0365574220202216,0.163329043495548,FALSE,FALSE,FALSE,HR Down / LR Up,NS
NSF,0.0061493191154085,0.20146734821633,FALSE,FALSE,FALSE,Concordant Up,NS
MAP2K3,-0.287177031601544,0.0817785166253522,FALSE,FALSE,FALSE,HR Down / LR Up,NS
RPL27A,0.293415392056485,0.140193512348613,FALSE,FALSE,FALSE,Concordant Up,NS
RPL5,0.313817411864516,0.746389760797271,FALSE,FALSE,FALSE,Concordant Up,NS
RPS9,0.00770316943046012,0.225734146248133,FALSE,FALSE,FALSE,Concordant Up,NS
RPS5,0.667222942926738,-0.439332927741937,FALSE,FALSE,FALSE,HR Up / LR Down,NS
RPS10,0.35433132810676,-0.100850736440304,FALSE,FALSE,FALSE,HR Up / LR Down,NS
GNPDA1,-0.198489618513314,0.152045539475726,FALSE,FALSE,FALSE,HR Down / LR Up,NS
UTRN,-0.0362063641244639,-0.00468373783276377,FALSE,FALSE,FALSE,Concordant Down,NS
IQGAP1,0.220220022940637,-0.108869634991752,FALSE,FALSE,FALSE,HR Up / LR Down,NS
GYG1,-0.176507716919087,-0.0825143850785075,FALSE,FALSE,FALSE,Concordant Down,NS
STT3A,-0.108447292095505,-0.0350871768279504,FALSE,FALSE,FALSE,Concordant Down,NS
CAPZA2,0.0489728732780854,0.140717569276063,FALSE,FALSE,FALSE,Concordant Up,NS
CAPZB,0.0937650548822937,-0.0126693941006621,FALSE,FALSE,FALSE,HR Up / LR Down,NS
EIF1AX,0.466495830213695,0.201277409854502,FALSE,FALSE,FALSE,Concordant Up,NS
QARS1,-0.174350541745643,-0.188736271611376,FALSE,FALSE,FALSE,Concordant Down,NS
UQCRFS1,-0.102638493209369,-0.00695966841061235,FALSE,FALSE,FALSE,Concordant Down,NS
ATP5PO,-0.240154107382072,-0.192745058280948,FALSE,FALSE,FALSE,Concordant Down,NS
LIMS1,-0.276016471974312,-0.22399971827188,FALSE,FALSE,FALSE,Concordant Down,NS
PREP,-0.0596087449785863,0.0107887117685372,FALSE,FALSE,FALSE,HR Down / LR Up,NS
ME1,-0.427607214401593,0.0340638715015587,FALSE,FALSE,FALSE,HR Down / LR Up,NS
ARCN1,-0.349861784141474,-0.471646734233794,FALSE,FALSE,FALSE,Concordant Down,NS
LSS,-0.609390051242816,-0.494437565053978,FALSE,FALSE,FALSE,Concordant Down,NS
GCLC,0.204215029389225,1.22150124823792,FALSE,TRUE,FALSE,Concordant Up,LR
GCLM,0.0778170600204433,0.551316979804998,FALSE,FALSE,FALSE,Concordant Up,NS
PSMD8,0.297490782083933,-0.141410389711115,FALSE,FALSE,FALSE,HR Up / LR Down,NS
GSS,0.145352765456902,0.0747790241428703,FALSE,FALSE,FALSE,Concordant Up,NS
CCT5,0.183759773485789,0.0791251659901704,FALSE,FALSE,FALSE,Concordant Up,NS
CSNK1A1,0.805310940791149,0.856943620294711,FALSE,TRUE,FALSE,Concordant Up,LR
IDH2,-0.22534719668986,-0.164843750289062,FALSE,FALSE,FALSE,Concordant Down,NS
TNNI2,-0.101006597050972,0.0058950496392356,FALSE,FALSE,FALSE,HR Down / LR Up,NS
PXN,0.750470041421401,-0.0600383103395536,FALSE,FALSE,FALSE,HR Up / LR Down,NS
MAPKAPK2,0.10082420672726,-0.202769525710483,FALSE,FALSE,FALSE,HR Up / LR Down,NS
ALDH9A1,0.00791115449322888,-0.0398795211805592,FALSE,FALSE,FALSE,HR Up / LR Down,NS
RPIA,0.122537142537457,-0.0102629666130873,FALSE,FALSE,FALSE,HR Up / LR Down,NS
LMAN1,0.0524568479762166,-0.100895797311956,FALSE,FALSE,FALSE,HR Up / LR Down,NS
FNTA,-0.00811066269805494,-0.204244195682143,FALSE,FALSE,FALSE,Concordant Down,NS
CCT3,0.0289895793271064,0.0951709618856924,FALSE,FALSE,FALSE,Concordant Up,NS
TUFM,-0.108606017776683,-0.135417905992043,FALSE,FALSE,FALSE,Concordant Down,NS
ALDH7A1,-0.136134177351995,-0.205250697705143,FALSE,FALSE,FALSE,Concordant Down,NS
INPP1,0.464476124916555,-0.705694755661966,FALSE,FALSE,FALSE,HR Up / LR Down,NS
SRP9,-0.205560807761703,0.140392322677492,FALSE,FALSE,FALSE,HR Down / LR Up,NS
AARS1,-0.146908440101551,-0.00867452804683921,FALSE,FALSE,FALSE,Concordant Down,NS
CARS1,-0.111739520738922,0.0031646529531244,FALSE,FALSE,FALSE,HR Down / LR Up,NS
SARS1,0.390028362077249,0.0570951653024103,FALSE,FALSE,FALSE,Concordant Up,NS
PSMB3,0.0464834867088868,0.17907708160293,FALSE,FALSE,FALSE,Concordant Up,NS
PSMB2,-0.18746245131625,0.277255647646726,FALSE,FALSE,FALSE,HR Down / LR Up,NS
ACADVL,-0.0891973116849982,0.0628557222719195,FALSE,FALSE,FALSE,HR Down / LR Up,NS
ACOT2,-0.164859729306425,-0.148101226456678,FALSE,FALSE,FALSE,Concordant Down,NS
TMED10,0.22846281427746,0.0305875551397499,FALSE,FALSE,FALSE,Concordant Up,NS
HINT1,0.102054086169801,-0.325820347022333,FALSE,FALSE,FALSE,HR Up / LR Down,NS
NDUFV1,-0.150789309426372,-0.142108196989046,FALSE,FALSE,FALSE,Concordant Down,NS
GSK3A,0.496668935584275,0.382463723430412,FALSE,FALSE,FALSE,Concordant Up,NS
GSK3B,-0.0649999612546495,-0.131964745868643,FALSE,FALSE,FALSE,Concordant Down,NS
NT5C2,-0.158250028667556,-0.154978899849585,FALSE,FALSE,FALSE,Concordant Down,NS
IDH3A,-0.252793909247483,0.0759282118404734,FALSE,FALSE,FALSE,HR Down / LR Up,NS
CRIP1,0.30210647517065,-0.249219145654582,FALSE,FALSE,FALSE,HR Up / LR Down,NS
GDI2,0.225014033183964,0.104956433491388,FALSE,FALSE,FALSE,Concordant Up,NS
CPT1A,-0.473134982480182,0.412754483074089,FALSE,FALSE,FALSE,HR Down / LR Up,NS
CSRP3,0.0730535862750621,-0.34261440908459,FALSE,FALSE,FALSE,HR Up / LR Down,NS
ST13,-0.0229139391380002,0.091921313259185,FALSE,FALSE,FALSE,HR Down / LR Up,NS
DNM2,-0.155498730073354,0.107923031243605,FALSE,FALSE,FALSE,HR Down / LR Up,NS
METAP2,0.118448241047194,0.263825564190437,FALSE,FALSE,FALSE,Concordant Up,NS
NUDT2,0.146232076736741,-0.399049689196538,FALSE,FALSE,FALSE,HR Up / LR Down,NS
BCAM,-0.539593995938976,0.0754888880663138,FALSE,FALSE,FALSE,HR Down / LR Up,NS
RPL14,0.712916342528331,-0.489109788888932,FALSE,FALSE,TRUE,HR Up / LR Down,Divergent
CCT8,0.0886066745726488,0.16195786675576,FALSE,FALSE,FALSE,Concordant Up,NS
CCT4,0.185385652139761,0.108360500340375,FALSE,FALSE,FALSE,Concordant Up,NS
ATP1A2,-0.0699230080559161,-0.0291461720505453,FALSE,FALSE,FALSE,Concordant Down,NS
ANXA11,-0.138748429256793,-0.0750540915535858,FALSE,FALSE,FALSE,Concordant Down,NS
FXR1,-0.106365426739607,0.233027682396806,FALSE,FALSE,FALSE,HR Down / LR Up,NS
RAB5C,0.190020285598514,0.62454867773971,FALSE,FALSE,FALSE,Concordant Up,NS
RAB7A,-0.0129588843505815,-0.0484144344632789,FALSE,FALSE,FALSE,Concordant Down,NS
RAB9A,-0.432681875734833,-0.294210947386102,FALSE,FALSE,FALSE,Concordant Down,NS
DUSP3,-0.229854068642066,0.00124516362334859,FALSE,FALSE,FALSE,HR Down / LR Up,NS
IDH3G,-0.335926871359,-0.12076065749968,FALSE,FALSE,FALSE,Concordant Down,NS
BCAP31,0.0213914862222175,-0.387093852623494,FALSE,FALSE,FALSE,HR Up / LR Down,NS
CAV2,0.299431663118774,-0.165566706996593,FALSE,FALSE,FALSE,HR Up / LR Down,NS
ALDH3A2,0.506706054231582,-0.236055510079495,FALSE,FALSE,FALSE,HR Up / LR Down,NS
ALDH5A1,-0.179185824651846,-0.202744852639992,FALSE,FALSE,FALSE,Concordant Down,NS
HSD17B4,-0.314290825568797,-0.0705654011049184,FALSE,FALSE,FALSE,Concordant Down,NS
PSMD7,-0.594385863615802,-0.174891635954893,FALSE,FALSE,FALSE,Concordant Down,NS
UBE2D1,-0.208486700709088,-0.920759688840768,FALSE,TRUE,FALSE,Concordant Down,LR
STAT5B,-0.406637667352348,0.069294246761407,FALSE,FALSE,FALSE,HR Down / LR Up,NS
RPS6KA3,-0.354651476068199,-0.272673960129637,FALSE,FALSE,FALSE,Concordant Down,NS
LUM,-0.181795137027869,-0.246318246602232,FALSE,FALSE,FALSE,Concordant Down,NS
PRELP,-0.825510517550942,-0.364670647287763,FALSE,FALSE,FALSE,Concordant Down,NS
NDUFA8,-0.255977152127368,0.0187978044822579,FALSE,FALSE,FALSE,HR Down / LR Up,NS
HNRNPA3,1.13410396221215,0.845503149461468,TRUE,TRUE,FALSE,Concordant Up,Shared
MYOM1,-0.156292537814149,0.182038266778822,FALSE,FALSE,FALSE,HR Down / LR Up,NS
PGD,0.358367575465387,0.700117085554385,FALSE,TRUE,FALSE,Concordant Up,LR
KPNA1,0.135042494955535,-0.421597413717787,FALSE,FALSE,FALSE,HR Up / LR Down,NS
MAP2K6,-0.653969534847636,-0.159750023459971,TRUE,FALSE,FALSE,Concordant Down,HR
ARHGDIA,0.209612716305912,0.126184442065167,FALSE,FALSE,FALSE,Concordant Up,NS
ARHGDIB,1.48419209447944,1.44175071761113,TRUE,TRUE,FALSE,Concordant Up,Shared
RIDA,-0.0271792221838076,-0.0137207923846034,FALSE,FALSE,FALSE,Concordant Down,NS
SMS,-0.162824339624084,-0.188420742000485,FALSE,FALSE,FALSE,Concordant Down,NS
MRPL12,-0.300336336278189,-0.427158049247339,FALSE,FALSE,FALSE,Concordant Down,NS
THOP1,-0.29446618907885,0.328407367601763,FALSE,FALSE,FALSE,HR Down / LR Up,NS
AKR1C2,0.241427361042394,0.906191575796555,FALSE,FALSE,FALSE,Concordant Up,NS
CAPZA1,-0.23542227114989,0.612487910770934,FALSE,FALSE,FALSE,HR Down / LR Up,NS
CRIP2,0.405981615602027,-1.00116053004633,FALSE,TRUE,TRUE,HR Up / LR Down,Divergent
BLVRA,-0.214944145765813,0.256885934281549,FALSE,FALSE,FALSE,HR Down / LR Up,NS
PPP5C,-0.108131598622091,-0.167062397367918,FALSE,FALSE,FALSE,Concordant Down,NS
NUBP1,0.065256338692631,-0.957869974654763,FALSE,TRUE,TRUE,HR Up / LR Down,Divergent
SUCLG1,-0.363109428448269,-0.120831677167295,FALSE,FALSE,FALSE,Concordant Down,NS
COPB1,0.529659085572625,-0.42634036951462,FALSE,FALSE,TRUE,HR Up / LR Down,Divergent
COPA,-0.137589769107549,0.972200237985586,FALSE,FALSE,FALSE,HR Down / LR Up,NS
HCCS,-0.553865069459864,0.0442088189290395,FALSE,FALSE,FALSE,HR Down / LR Up,NS
MAPK12,-0.0812479875353276,-0.293458421266159,FALSE,FALSE,FALSE,Concordant Down,NS
SMTN,-0.634513691386918,-0.0848210879295905,FALSE,FALSE,FALSE,Concordant Down,NS
SLC16A1,-0.11274165137565,-0.08190585992282,FALSE,FALSE,FALSE,Concordant Down,NS
IST1,-0.122569786372338,-0.242995989491742,FALSE,FALSE,FALSE,Concordant Down,NS
SEC24C,0.573599807873606,-0.194224862137817,FALSE,FALSE,FALSE,HR Up / LR Down,NS
SUB1,0.431403599398294,-0.0185595978499968,FALSE,FALSE,FALSE,HR Up / LR Down,NS
RARS1,-0.100675232313616,0.0934359259969462,FALSE,FALSE,FALSE,HR Down / LR Up,NS
CACNB3,-0.106991217535711,0.317760215126714,FALSE,FALSE,FALSE,HR Down / LR Up,NS
CACNA2D1,0.0915213614967207,-0.224251056225391,FALSE,FALSE,FALSE,HR Up / LR Down,NS
MYOM2,-0.0998926215435851,0.101784795058212,FALSE,FALSE,FALSE,HR Down / LR Up,NS
YARS1,-0.40717604545793,1.25355755988999,FALSE,TRUE,TRUE,HR Down / LR Up,Divergent
USP14,0.133432909749796,0.14687364433366,FALSE,FALSE,FALSE,Concordant Up,NS
PRKAG1,-0.116749784182634,-0.359414285217273,FALSE,FALSE,FALSE,Concordant Down,NS
PRKAA2,-0.104743265289724,-0.328257458083719,FALSE,FALSE,FALSE,Concordant Down,NS
HSPA2,-0.165498651325812,-0.0351423084634348,FALSE,FALSE,FALSE,Concordant Down,NS
RAD23A,-0.113737590475036,0.0407735067704849,FALSE,FALSE,FALSE,HR Down / LR Up,NS
RAD23B,0.061003774683936,-0.320985945269527,FALSE,FALSE,FALSE,HR Up / LR Down,NS
AK2,-0.184374228227572,0.00621794551075538,FALSE,FALSE,FALSE,HR Down / LR Up,NS
NAPA,0.181362361808247,-0.00445247696112716,FALSE,FALSE,FALSE,HR Up / LR Down,NS
ADPRH,0.0391758123561488,-0.254316546343688,FALSE,FALSE,FALSE,HR Up / LR Down,NS
EIF5,-0.0102307377460953,-0.289242432952854,FALSE,FALSE,FALSE,Concordant Down,NS
PSMD4,-0.228111658832518,-0.0922621722360191,FALSE,FALSE,FALSE,Concordant Down,NS
RRAD,1.84414522545424,1.21351255827594,TRUE,TRUE,FALSE,Concordant Up,Shared
CSE1L,0.0407664564406467,0.0453680273467327,FALSE,FALSE,FALSE,Concordant Up,NS
VCP,0.398246972427462,0.121292538502839,FALSE,FALSE,FALSE,Concordant Up,NS
MFAP4,-0.396615122684512,-0.317282809741258,FALSE,FALSE,FALSE,Concordant Down,NS
HADHB,-0.114995784647924,-0.054714862056013,FALSE,FALSE,FALSE,Concordant Down,NS
NAP1L1,0.327013098392712,0.13494345164243499,FALSE,FALSE,FALSE,Concordant Up,NS
ADK,-0.15877844931525,0.0891892392322973,FALSE,FALSE,FALSE,HR Down / LR Up,NS
CDH13,-0.182093931746888,-0.112833626138599,FALSE,FALSE,FALSE,Concordant Down,NS
NPEPPS,-0.049041773752311,0.027609880952987,FALSE,FALSE,FALSE,HR Down / LR Up,NS
OXCT1,0.66295629177041,-0.58452032064875,FALSE,FALSE,FALSE,HR Up / LR Down,NS
SH3BGR,0.305903119318877,0.0137577782132468,FALSE,FALSE,FALSE,Concordant Up,NS
EIF3B,0.389510496528462,0.0209501634251588,FALSE,FALSE,FALSE,Concordant Up,NS
ATP5MF,0.0068964867009953,0.364339242948358,FALSE,FALSE,FALSE,Concordant Up,NS
NDUFV3,0.0616001442099972,-0.203974221949281,FALSE,FALSE,FALSE,HR Up / LR Down,NS
ARPP19,0.533693891882809,-0.057001283369928,FALSE,FALSE,FALSE,HR Up / LR Down,NS
ATP5F1E,-0.542803998343633,-0.129237363503531,FALSE,FALSE,FALSE,Concordant Down,NS
ATP5ME,-0.275914688555801,-0.049047939066508,FALSE,FALSE,FALSE,Concordant Down,NS
EIF6,0.233576745183118,0.199364169535876,FALSE,FALSE,FALSE,Concordant Up,NS
NDUFA6,-0.346367291529958,0.231305318264937,FALSE,FALSE,FALSE,HR Down / LR Up,NS
SYNJ2BP,-0.105955837778648,-0.187661469450823,FALSE,FALSE,FALSE,Concordant Down,NS
MTPN,0.0113174317435814,0.563838399643078,FALSE,FALSE,FALSE,Concordant Up,NS
ARPC4,0.365580800827495,0.879280711643684,FALSE,TRUE,FALSE,Concordant Up,LR
CD81,-1.06142604313058,-0.770722670676818,TRUE,TRUE,FALSE,Concordant Down,Shared
TPI1,-0.127731916601228,-0.0953664742264912,FALSE,FALSE,FALSE,Concordant Down,NS
EIF3E,0.483171901479881,-0.12747080858616,FALSE,FALSE,FALSE,HR Up / LR Down,NS
GABARAPL2,0.258803793407843,0.66427821864411,FALSE,FALSE,FALSE,Concordant Up,NS
ROMO1,0.0810893883373929,-0.538554670086764,FALSE,FALSE,FALSE,HR Up / LR Down,NS
MYL6,0.51372492314543206,0.250226480031678,FALSE,FALSE,FALSE,Concordant Up,NS
ACTB,0.56158155765451,0.3267546187219,FALSE,FALSE,FALSE,Concordant Up,NS
EIF4A1,0.281666875872865,0.233008941743734,FALSE,FALSE,FALSE,Concordant Up,NS
RPS20,0.861187057305909,-0.484306125006199,TRUE,FALSE,TRUE,HR Up / LR Down,Divergent
PRPS1,0.0516522688701961,0.356438924839605,FALSE,FALSE,FALSE,Concordant Up,NS
PSMA6,-0.0219597407088834,0.061833978927492,FALSE,FALSE,FALSE,HR Down / LR Up,NS
S100A10,-0.22796909702188,0.0179002896627303,FALSE,FALSE,FALSE,HR Down / LR Up,NS
CDC42,0.17605052958417,-0.155835124922049,FALSE,FALSE,FALSE,HR Up / LR Down,NS
DSTN,-0.411495028844168,0.134571855315002,FALSE,FALSE,FALSE,HR Down / LR Up,NS
GMFB,0.188956593305157,0.14411124379945,FALSE,FALSE,FALSE,Concordant Up,NS
RAB8A,0.0489341314633407,-0.736469908276643,FALSE,FALSE,FALSE,HR Up / LR Down,NS
RAB2A,0.0598647718374821,0.123345088339917,FALSE,FALSE,FALSE,Concordant Up,NS
RAB5B,-0.0558565708620442,0.016491629612311,FALSE,FALSE,FALSE,HR Down / LR Up,NS
RAB10,0.213962546794399,-0.112857266684269,FALSE,FALSE,FALSE,HR Up / LR Down,NS
UBE2D3,-0.103867069977259,-0.0651222778440044,FALSE,FALSE,FALSE,Concordant Down,NS
UBE2M,-0.209581753192825,0.125621994290057,FALSE,FALSE,FALSE,HR Down / LR Up,NS
UBE2K,0.0127151051916883,0.28905396384588,FALSE,FALSE,FALSE,Concordant Up,NS
UBE2N,0.0513317674166487,0.0122869044576426,FALSE,FALSE,FALSE,Concordant Up,NS
RAB14,-0.186338571761009,0.3123685947185,FALSE,FALSE,FALSE,HR Down / LR Up,NS
ACTR3,0.333197787752134,0.410215585824858,FALSE,FALSE,FALSE,Concordant Up,NS
ACTR2,0.351602155739865,0.326423114193062,FALSE,FALSE,FALSE,Concordant Up,NS
ACTR1A,0.203289981103122,-0.192395514391869,FALSE,FALSE,FALSE,HR Up / LR Down,NS
COPS2,-0.0781264772912422,0.0269601459062514,FALSE,FALSE,FALSE,HR Down / LR Up,NS
ABCE1,0.522144262541126,-0.121526927147126,FALSE,FALSE,FALSE,HR Up / LR Down,NS
RAP1B,0.322966096206464,-0.0433860296338509,FALSE,FALSE,FALSE,HR Up / LR Down,NS
RAP2B,0.371399810618556,0.0976057705080677,FALSE,FALSE,FALSE,Concordant Up,NS
RPS3A,0.236012481165773,0.0155671784283733,FALSE,FALSE,FALSE,Concordant Up,NS
PSME3,0.486560354094479,-0.226443277224867,FALSE,FALSE,FALSE,HR Up / LR Down,NS
RPL15,0.767900926480447,0.209034900429089,FALSE,FALSE,FALSE,Concordant Up,NS
RPL27,0.77872230239808,0.0108516976634796,FALSE,FALSE,FALSE,Concordant Up,NS
PCBD1,-0.171611853439803,-0.0718587105500603,FALSE,FALSE,FALSE,Concordant Down,NS
RPL37A,-0.187555935708863,-0.592044963788171,FALSE,FALSE,FALSE,Concordant Down,NS
RHOA,0.0267167123498666,-0.0803494842079537,FALSE,FALSE,FALSE,HR Up / LR Down,NS
HSPE1,0.0372125645289145,-0.0991981934293378,FALSE,FALSE,FALSE,HR Up / LR Down,NS
VBP1,-0.280885401941244,-0.179221877699732,FALSE,FALSE,FALSE,Concordant Down,NS
DAD1,-0.0995551220869508,0.0438192858911197,FALSE,FALSE,FALSE,HR Down / LR Up,NS
COPZ1,0.682902033149109,0.01314588152648,FALSE,FALSE,FALSE,Concordant Up,NS
PKIA,-0.320258344929137,0.15049508953058,FALSE,FALSE,FALSE,HR Down / LR Up,NS
SUMO2,-0.019467052095667,-0.241438286733036,FALSE,FALSE,FALSE,Concordant Down,NS
UFM1,-0.192919894938559,0.481161406044546,FALSE,FALSE,FALSE,HR Down / LR Up,NS
NUTF2,-0.00593402702164525,-0.0316918511172091,FALSE,FALSE,FALSE,Concordant Down,NS
HNRNPK,0.386879509940311,0.224644909237259,FALSE,FALSE,FALSE,Concordant Up,NS
YWHAG,0.16720137860111,-0.20764178179876,FALSE,FALSE,FALSE,HR Up / LR Down,NS
RRAS2,0.120673235364649,-0.150792312102283,FALSE,FALSE,FALSE,HR Up / LR Down,NS
TIMM10,-0.615081962528709,0.149976110127671,FALSE,FALSE,FALSE,HR Down / LR Up,NS
RPS7,0.557393898708352,-0.392430444256895,FALSE,FALSE,FALSE,HR Up / LR Down,NS
PPP1CA,-0.00944537509044707,-0.025743830032166,FALSE,FALSE,FALSE,Concordant Down,NS
PPP1CB,-0.0164487692052866,-0.181491131412415,FALSE,FALSE,FALSE,Concordant Down,NS
PSMC1,0.218867560014207,-0.0333984284532995,FALSE,FALSE,FALSE,HR Up / LR Down,NS
PSMC5,0.0279518994719723,-0.166059341621931,FALSE,FALSE,FALSE,HR Up / LR Down,NS
RPS8,-0.328252216529371,0.0235919952979557,FALSE,FALSE,FALSE,HR Down / LR Up,NS
RPS15A,0.197424487437683,0.00738476378517916,FALSE,FALSE,FALSE,Concordant Up,NS
RPS16,0.196229304682401,0.0503737306898202,FALSE,FALSE,FALSE,Concordant Up,NS
UBE2G1,-0.120522992237014,-0.389741134199216,FALSE,FALSE,FALSE,Concordant Down,NS
YWHAE,0.19581088594137,-0.0993252345819897,FALSE,FALSE,FALSE,HR Up / LR Down,NS
RPS14,0.229554806847261,-0.469861059683442,FALSE,FALSE,FALSE,HR Up / LR Down,NS
RPS18,0.204918206986488,0.0841873682546819,FALSE,FALSE,FALSE,Concordant Up,NS
RPS13,-0.789818102623915,-0.552788337687733,FALSE,FALSE,FALSE,Concordant Down,NS
RPS11,-0.21299122265064,0.533936746454994,FALSE,FALSE,FALSE,HR Down / LR Up,NS
SNRPG,0.224013765666626,0.450622579155361,FALSE,FALSE,FALSE,Concordant Up,NS
SNRPD3,-0.217565257023452,-0.0678528005419956,FALSE,FALSE,FALSE,Concordant Down,NS
ARF6,0.240936223624097,0.264236713580026,FALSE,FALSE,FALSE,Concordant Up,NS
PSMC6,0.192047121083476,0.308990331837762,FALSE,FALSE,FALSE,Concordant Up,NS
RPL7A,0.872829220516699,0.347369389351208,TRUE,FALSE,FALSE,Concordant Up,HR
ETF1,0.524708297691721,0.0354916349421863,FALSE,FALSE,FALSE,Concordant Up,NS
CNBP,-0.135166495687507,-0.275284033563619,FALSE,FALSE,FALSE,Concordant Down,NS
RPS4X,0.12746992861063,0.182587358541607,FALSE,FALSE,FALSE,Concordant Up,NS
PPP2CB,-0.395177410564177,-0.148792132827925,FALSE,FALSE,FALSE,Concordant Down,NS
RPL23A,0.165046840990573,0.144060833432736,FALSE,FALSE,FALSE,Concordant Up,NS
RPS6,0.100405829328533,0.114518918392147,FALSE,FALSE,FALSE,Concordant Up,NS
H2BC4,1.04059097036036,0.671277293555747,TRUE,FALSE,FALSE,Concordant Up,HR
RAB1A,-0.144514720082881,0.246625664716401,FALSE,FALSE,FALSE,HR Down / LR Up,NS
RAN,0.239702871135787,0.230792615685544,FALSE,FALSE,FALSE,Concordant Up,NS
RPL23,0.0775836425574461,-0.0433362763285672,FALSE,FALSE,FALSE,HR Up / LR Down,NS
RAP1A,-0.576603044561452,-0.170571382707742,FALSE,FALSE,FALSE,Concordant Down,NS
RPS24,-0.0164742901336972,-0.351155147820446,FALSE,FALSE,FALSE,Concordant Down,NS
RPS25,0.365483315665831,0.134024503490984,FALSE,FALSE,FALSE,Concordant Up,NS
RPS26,0.238194198300441,-0.453850981599533,FALSE,FALSE,FALSE,HR Up / LR Down,NS
RPS28,-0.117587128955435,0.424637966293275,FALSE,FALSE,FALSE,HR Down / LR Up,NS
GNB1,0.122374958561796,0.0935319498575602,FALSE,FALSE,FALSE,Concordant Up,NS
GNB2,-0.167741010538396,-0.242432667318667,FALSE,FALSE,FALSE,Concordant Down,NS
RPL30,0.597259382276359,0.461374462400819,FALSE,FALSE,FALSE,Concordant Up,NS
RPL31,0.160903271834734,-0.531848223539853,FALSE,FALSE,FALSE,HR Up / LR Down,NS
RPL10A,0.752619245070438,0.453174618159768,FALSE,FALSE,FALSE,Concordant Up,NS
RPL11,0.70168129635784,0.598796043076057,FALSE,FALSE,FALSE,Concordant Up,NS
FKBP1A,0.0483321298984905,-0.0404505068965619,FALSE,FALSE,FALSE,HR Up / LR Down,NS
RPS27A,-0.0484726464516392,0.771051765817404,FALSE,TRUE,FALSE,HR Down / LR Up,LR
GRB2,-0.0717734969192954,-0.125906319747198,FALSE,FALSE,FALSE,Concordant Down,NS
RAC1,0.24203483078352,0.00641244896824134,FALSE,FALSE,FALSE,Concordant Up,NS
AP2B1,0.15518893055788,-0.0651009819631199,FALSE,FALSE,FALSE,HR Up / LR Down,NS
VAMP2,0.314682242469001,-0.0594855562593182,FALSE,FALSE,FALSE,HR Up / LR Down,NS
PPP3R1,-0.240519372087959,0.17577728245033,FALSE,FALSE,FALSE,HR Down / LR Up,NS
YWHAZ,0.52100291459789,0.272592815751114,FALSE,FALSE,FALSE,Concordant Up,NS
UBE2B,-0.540748023734594,-0.131752950201967,FALSE,FALSE,FALSE,Concordant Down,NS
PPP2R2A,-0.0153579925154972,-0.230154151165685,FALSE,FALSE,FALSE,Concordant Down,NS
DYNLL1,0.382842758484681,-0.558989147833277,FALSE,FALSE,FALSE,HR Up / LR Down,NS
DYNLT1,-0.205748995594689,-0.363244254952221,FALSE,FALSE,FALSE,Concordant Down,NS
RPL38,0.166250064419415,0.42470024919853,FALSE,FALSE,FALSE,Concordant Up,NS
SKP1,0.333581617755062,0.315977840638972,FALSE,FALSE,FALSE,Concordant Up,NS
RPS21,0.154941155503572,-0.0781634789462871,FALSE,FALSE,FALSE,HR Up / LR Down,NS
EIF5A,0.219120728500748,0.0889946766466636,FALSE,FALSE,FALSE,Concordant Up,NS
RACK1,0.159583901666576,0.130850613691294,FALSE,FALSE,FALSE,Concordant Up,NS
UBE2I,-0.16485137747464,0.0224061840348568,FALSE,FALSE,FALSE,HR Down / LR Up,NS
SELENOW,0.0410086563967447,-0.699941836873418,FALSE,FALSE,FALSE,HR Up / LR Down,NS
TNNC1,0.321119245312442,0.234983624236939,FALSE,FALSE,FALSE,Concordant Up,NS
PPP2CA,0.18280891589179,-0.0200694928495935,FALSE,FALSE,FALSE,HR Up / LR Down,NS
YBX1,0.0850316321663627,0.295305188313645,FALSE,FALSE,FALSE,Concordant Up,NS
CSNK2B,0.854847827445498,-0.0779821002028225,TRUE,FALSE,FALSE,HR Up / LR Down,HR
TPM4,0.461239385937112,0.0211257198980768,FALSE,FALSE,FALSE,Concordant Up,NS
UBE2L3,0.591328218621548,-0.177864623218525,FALSE,FALSE,FALSE,HR Up / LR Down,NS
EEF1A1,0.510287442176256,-0.215227317249937,FALSE,FALSE,FALSE,HR Up / LR Down,NS
ACTA1,0.347106352392519,0.0545930569508286,FALSE,FALSE,FALSE,Concordant Up,NS
TUBA1B,0.381729370374316,0.0258457617479095,FALSE,FALSE,FALSE,Concordant Up,NS
TUBA4A,0.386829134582321,0.0187018255661648,FALSE,FALSE,FALSE,Concordant Up,NS
TUBB4B,0.0540733615676956,0.0246460444439798,FALSE,FALSE,FALSE,Concordant Up,NS
CSNK2A1,-0.31831335979853,-0.0277022317759616,FALSE,FALSE,FALSE,Concordant Down,NS
PAFAH1B2,-0.175347026131004,0.382261833036182,FALSE,FALSE,FALSE,HR Down / LR Up,NS
HBG2,0.869239402199224,2.75742142086002,FALSE,TRUE,TRUE,Concordant Up,Divergent
EIF4G2,0.0613062914454083,0.22689701350852,FALSE,FALSE,FALSE,Concordant Up,NS
PIP4K2B,0.15835199440431,-0.485757345389253,FALSE,FALSE,FALSE,HR Up / LR Down,NS
CCT2,0.210270274644845,-0.0668882839346772,FALSE,FALSE,FALSE,HR Up / LR Down,NS
GSTO1,-0.00989542199099347,0.340796853478182,FALSE,FALSE,FALSE,HR Down / LR Up,NS
CRADD,0.248582833871541,0.533618040875549,FALSE,FALSE,FALSE,Concordant Up,NS
MRPS22,-0.126611277754915,-0.151267698446077,FALSE,FALSE,FALSE,Concordant Down,NS
MRPS36,-0.441228039228491,0.36683226786576,FALSE,FALSE,FALSE,HR Down / LR Up,NS
LACTB,-0.403886057694606,-0.149578664568775,FALSE,FALSE,FALSE,Concordant Down,NS
RPL24,-0.164619113799017,-0.570785722689276,FALSE,FALSE,FALSE,Concordant Down,NS
ARF1,-0.00539728016898167,0.256830986027811,FALSE,FALSE,FALSE,HR Down / LR Up,NS
ARF5,0.70005592286279,-0.188703949049971,FALSE,FALSE,FALSE,HR Up / LR Down,NS
RPL19,0.0646096674031007,0.114652273575523,FALSE,FALSE,FALSE,Concordant Up,NS
SRSF3,0.65941546472725,0.0232478020808387,FALSE,FALSE,FALSE,Concordant Up,NS
MXRA7,-0.135237733240372,0.467240492345089,FALSE,FALSE,FALSE,HR Down / LR Up,NS
H3-3A,0.673147387757137,0.881219884480327,FALSE,FALSE,FALSE,Concordant Up,NS
FBLN2,0.087745800998718,0.433162068419737,FALSE,FALSE,FALSE,Concordant Up,NS
HSPG2,-0.0807079832311075,-0.404959895116054,FALSE,FALSE,FALSE,Concordant Down,NS
CYCS,0.0637897534366196,-0.0207051338240625,FALSE,FALSE,FALSE,HR Up / LR Down,NS
MPP1,0.335159599056556,1.19127211906542,FALSE,TRUE,FALSE,Concordant Up,LR
TFAM,-0.682864890539811,-0.0519768302237225,FALSE,FALSE,FALSE,Concordant Down,NS
PITPNA,0.428419062583266,0.995026778548198,FALSE,TRUE,FALSE,Concordant Up,LR
SLC25A3,0.0368147375551047,-0.102055464869025,FALSE,FALSE,FALSE,HR Up / LR Down,NS
PURA,0.6558930204971,0.489904992639193,FALSE,FALSE,FALSE,Concordant Up,NS
CLTC,0.219525824047267,0.138888595777384,FALSE,FALSE,FALSE,Concordant Up,NS
FKBP3,-0.0926602850515259,-0.0969414824182593,FALSE,FALSE,FALSE,Concordant Down,NS
REEP5,0.385631026970682,-0.148735309115871,FALSE,FALSE,FALSE,HR Up / LR Down,NS
SORD,-0.218127679795895,0.0998129531410363,FALSE,FALSE,FALSE,HR Down / LR Up,NS
HNRNPU,0.107374038914259,0.31748106841177,FALSE,FALSE,FALSE,Concordant Up,NS
MYBPC1,0.315785158319411,0.259488558976312,FALSE,FALSE,FALSE,Concordant Up,NS
PLIN5,-0.228312062670916,0.0266666480339843,FALSE,FALSE,FALSE,HR Down / LR Up,NS
SPTBN1,0.272827340316582,0.494636212668052,FALSE,FALSE,FALSE,Concordant Up,NS
SET,0.296946408919482,0.508921857700361,FALSE,FALSE,FALSE,Concordant Up,NS
SRSF2,0.723341251316395,-0.0492950271365657,TRUE,FALSE,FALSE,HR Up / LR Down,HR
AMPD3,0.0450341522333169,-0.440505694775254,FALSE,FALSE,FALSE,HR Up / LR Down,NS
FABP5,-0.193187976486321,-0.0816616985785892,FALSE,FALSE,FALSE,Concordant Down,NS
ANK2,-0.163472525880021,-0.196070664423182,FALSE,FALSE,FALSE,Concordant Down,NS
CAP1,0.625849008890597,0.977098424328208,FALSE,TRUE,FALSE,Concordant Up,LR
TAGLN,-0.90192330103536,0.282815194666835,FALSE,FALSE,FALSE,HR Down / LR Up,NS
OGDH,-0.172061430226666,-0.173035021664816,FALSE,FALSE,FALSE,Concordant Down,NS
ALDH6A1,-0.219693314348415,-0.040051915542513,FALSE,FALSE,FALSE,Concordant Down,NS
BDH1,-0.698325246126426,0.0657244269097497,FALSE,FALSE,FALSE,HR Down / LR Up,NS
RPL18A,0.693159369022158,0.0022394695089325,FALSE,FALSE,FALSE,Concordant Up,NS
CACNB1,-0.385950888381469,-0.418490575998646,FALSE,FALSE,FALSE,Concordant Down,NS
MAP2K1,0.340979837233565,-0.482079512705045,FALSE,FALSE,FALSE,HR Up / LR Down,NS
FKBP4,0.0943572883142743,-0.00946863772535878,FALSE,FALSE,FALSE,HR Up / LR Down,NS
RPL6,0.791239334046711,-0.343988040502794,TRUE,FALSE,TRUE,HR Up / LR Down,Divergent
AKAP12,0.867243912174693,0.211828148430055,FALSE,FALSE,FALSE,Concordant Up,NS
SLC25A11,-0.158934987921768,0.447268717795858,FALSE,FALSE,FALSE,HR Down / LR Up,NS
GSTM4,-0.850420093619999,0.0366153164628855,FALSE,FALSE,FALSE,HR Down / LR Up,NS
CAV1,0.275505900971243,-0.387008880962782,FALSE,FALSE,FALSE,HR Up / LR Down,NS
ACY1,-0.295509301860527,0.0285996346968318,FALSE,FALSE,FALSE,HR Down / LR Up,NS
LMNB2,0.170570624088896,-0.912712619006346,FALSE,FALSE,FALSE,HR Up / LR Down,NS
UBXN1,-0.223964506042346,0.0196451453649082,FALSE,FALSE,FALSE,HR Down / LR Up,NS
GBE1,0.234706505927523,-0.17331971211431,FALSE,FALSE,FALSE,HR Up / LR Down,NS
EIF4G1,-0.125328293187518,-0.134629960539009,FALSE,FALSE,FALSE,Concordant Down,NS
PRKCQ,-0.491655393583393,-0.301757221726412,FALSE,FALSE,FALSE,Concordant Down,NS
GLO1,0.0418990240188108,0.0335242814836185,FALSE,FALSE,FALSE,Concordant Up,NS
AKR1C1,0.525562998185165,0.145052095352014,FALSE,FALSE,FALSE,Concordant Up,NS
SSBP1,-0.0220527452234727,-0.398047890312441,FALSE,FALSE,FALSE,Concordant Down,NS
YWHAH,0.255726440216268,-0.206174583338832,FALSE,FALSE,FALSE,HR Up / LR Down,NS
UBE3A,-0.499417763804765,-0.618381900445732,FALSE,FALSE,FALSE,Concordant Down,NS
EEF1A2,0.740294299732955,0.100255631403673,FALSE,FALSE,FALSE,Concordant Up,NS
CALD1,-0.366913730646548,0.178676780119758,FALSE,FALSE,FALSE,HR Down / LR Up,NS
ATP5MC2,0.0753456825348913,0.279824712371095,FALSE,FALSE,FALSE,Concordant Up,NS
PTPN11,-0.156808704172363,0.269494465130009,FALSE,FALSE,FALSE,HR Down / LR Up,NS
PSME1,0.175851485662299,0.497299704623057,FALSE,FALSE,FALSE,Concordant Up,NS
CACNG1,-0.866643186264128,-0.489716870768879,TRUE,FALSE,FALSE,Concordant Down,HR
PRDX1,0.111220278952374,0.0707326697388808,FALSE,FALSE,FALSE,Concordant Up,NS
RPL18,0.586983224750057,0.234907834651523,FALSE,FALSE,FALSE,Concordant Up,NS
SCN1B,-0.38868067784689603,0.598218759348558,FALSE,FALSE,FALSE,HR Down / LR Up,NS
ARHGAP1,1.22303731002295,0.0397592381613769,TRUE,FALSE,TRUE,Concordant Up,Divergent
ACTN3,-0.807365274617975,0.487829165989016,FALSE,FALSE,FALSE,HR Down / LR Up,NS
PPP3CA,0.0352013937421667,-0.0914513553495873,FALSE,FALSE,FALSE,HR Up / LR Down,NS
CRYZ,-0.0841775754699619,-0.24333396091329,FALSE,FALSE,FALSE,Concordant Down,NS
PUDP,-0.159637514893486,-0.205557432145483,FALSE,FALSE,FALSE,Concordant Down,NS
PPID,0.503944697910555,0.357354091309926,FALSE,FALSE,FALSE,Concordant Up,NS
RBBP4,0.49710337923511,-0.109060806988431,FALSE,FALSE,FALSE,HR Up / LR Down,NS
AHNAK,0.232678696303797,0.145717263750107,FALSE,FALSE,FALSE,Concordant Up,NS
LMOD3,-0.609493696794544,0.155731553231565,FALSE,FALSE,FALSE,HR Down / LR Up,NS
SCRN3,-0.0428563463138012,-0.511913689828571,FALSE,FALSE,FALSE,Concordant Down,NS
NEXN,0.278710538948953,-0.0753283979902619,FALSE,FALSE,FALSE,HR Up / LR Down,NS
AP1B1,0.750602565336717,-0.180129120859938,FALSE,FALSE,FALSE,HR Up / LR Down,NS
PMPCA,-0.483494489053758,-0.151596969834515,FALSE,FALSE,FALSE,Concordant Down,NS
ASPH,-0.174689149639324,0.220584222210896,FALSE,FALSE,FALSE,HR Down / LR Up,NS
GRSF1,0.167449228164312,0.218216338565906,FALSE,FALSE,FALSE,Concordant Up,NS
ILF2,0.458507442656487,0.756937986709655,FALSE,FALSE,FALSE,Concordant Up,NS
ILF3,1.43637421507262,0.421486662611034,TRUE,FALSE,TRUE,Concordant Up,Divergent
LMAN2,-0.54138505224596,0.0132360944181187,FALSE,FALSE,FALSE,HR Down / LR Up,NS
TRAP1,-0.236816924101323,-0.181836815814634,FALSE,FALSE,FALSE,Concordant Down,NS
ANK3,-0.477327919643617,0.16379905853829901,FALSE,FALSE,FALSE,HR Down / LR Up,NS
HSPB3,0.112784122579708,0.0949491928290378,FALSE,FALSE,FALSE,Concordant Up,NS
ECH1,-0.0601106007463805,-0.0384501587405737,FALSE,FALSE,FALSE,Concordant Down,NS
COASY,0.232968765742257,-0.0177006622659484,FALSE,FALSE,FALSE,HR Up / LR Down,NS
ACACA,-0.302025198950808,0.35635133978688,FALSE,FALSE,FALSE,HR Down / LR Up,NS
GPS1,-0.0484554734024059,0.107123839992333,FALSE,FALSE,FALSE,HR Down / LR Up,NS
MTAP,-0.122593642371697,0.0762422406509984,FALSE,FALSE,FALSE,HR Down / LR Up,NS
PRKAA1,0.0349594783026603,-0.264875903725915,FALSE,FALSE,FALSE,HR Up / LR Down,NS
TARDBP,-0.620841786336495,0.626539844227242,FALSE,FALSE,TRUE,HR Down / LR Up,Divergent
HNRNPA0,0.0605978593066077,0.508586144226086,FALSE,FALSE,FALSE,Concordant Up,NS
PAK1,-0.272830727822441,-0.0997603852402946,FALSE,FALSE,FALSE,Concordant Down,NS
AIMP2,-0.391848701270479,-0.0628823075167126,FALSE,FALSE,FALSE,Concordant Down,NS
PRDX4,0.117493673798688,-0.243036714596911,FALSE,FALSE,FALSE,HR Up / LR Down,NS
PAK2,0.00413644632024202,0.0897760778907326,FALSE,FALSE,FALSE,Concordant Up,NS
PSMD2,-0.0114139841838785,0.0789455013677163,FALSE,FALSE,FALSE,HR Down / LR Up,NS
MYBPH,0.873712543087841,0.265151646093674,FALSE,FALSE,FALSE,Concordant Up,NS
SELENBP1,-0.130353851228854,0.553737720284666,FALSE,FALSE,FALSE,HR Down / LR Up,NS
PABPC4,0.0194957451344315,0.196118034222678,FALSE,FALSE,FALSE,Concordant Up,NS
SGCG,-0.394541804167812,0.208011358950969,FALSE,FALSE,FALSE,HR Down / LR Up,NS
EIF3I,0.0373555997590422,-0.0407070647584611,FALSE,FALSE,FALSE,HR Up / LR Down,NS
CTBP1,0.390753338656548,-0.0384608794934067,FALSE,FALSE,FALSE,HR Up / LR Down,NS
UBE2V1,-0.0705914414410032,0.053371737267053,FALSE,FALSE,FALSE,HR Down / LR Up,NS
MRPL49,-0.287865718606113,-1.15902216366153,FALSE,TRUE,FALSE,Concordant Down,LR
DYNC1I2,0.188500529847918,-0.19308265217548,FALSE,FALSE,FALSE,HR Up / LR Down,NS
ILK,-0.181782316985974,-0.0963536213228728,FALSE,FALSE,FALSE,Concordant Down,NS
NNT,-0.163600099030475,-0.0161044730741082,FALSE,FALSE,FALSE,Concordant Down,NS
SNTA1,-0.493798378750807,-0.0125697024771334,FALSE,FALSE,FALSE,Concordant Down,NS
SNTB2,-0.169184298526819,-0.0226904698672286,FALSE,FALSE,FALSE,Concordant Down,NS
PDAP1,-0.409541008506682,0.303189830638381,FALSE,FALSE,FALSE,HR Down / LR Up,NS
TMED1,-0.341057459459737,-0.0307045904648611,FALSE,FALSE,FALSE,Concordant Down,NS
MTM1,-0.395940057585225,0.270943990909043,FALSE,FALSE,FALSE,HR Down / LR Up,NS
MTX1,-0.640692242125896,-0.489817486532305,FALSE,FALSE,FALSE,Concordant Down,NS
ART3,-0.311748719377167,0.104774902562536,FALSE,FALSE,FALSE,HR Down / LR Up,NS
ASAH1,-0.18540143105583,-0.0310922568805125,FALSE,FALSE,FALSE,Concordant Down,NS
PPP1R1A,-0.799958204739266,-0.679935041016943,FALSE,FALSE,FALSE,Concordant Down,NS
PIN1,-0.249993904166224,-0.067095329711254,FALSE,FALSE,FALSE,Concordant Down,NS
EIF4EBP1,-0.0996779829899932,-0.246457513787137,FALSE,FALSE,FALSE,Concordant Down,NS
CAMK2B,-0.231992795884725,-0.129103992750853,FALSE,FALSE,FALSE,Concordant Down,NS
CAMK2G,-0.347171822387619,-0.259661080789325,FALSE,FALSE,FALSE,Concordant Down,NS
CAMK2D,0.486830195035658,-0.150434310897793,FALSE,FALSE,TRUE,HR Up / LR Down,Divergent
DCTN2,-0.0657324331501208,-0.0459830832379744,FALSE,FALSE,FALSE,Concordant Down,NS
NAE1,-0.275130081677379,-0.353393158851031,FALSE,FALSE,FALSE,Concordant Down,NS
STIM1,-0.575527721707715,-0.0516472427618702,FALSE,FALSE,FALSE,Concordant Down,NS
CUL1,-0.0507444550267522,0.100349757630944,FALSE,FALSE,FALSE,HR Down / LR Up,NS
CUL2,0.0901934794128216,0.0411880141392444,FALSE,FALSE,FALSE,Concordant Up,NS
CUL3,0.0615791318458108,0.142676719480828,FALSE,FALSE,FALSE,Concordant Up,NS
CUL4A,-0.0773524934508423,-0.487726374060113,FALSE,FALSE,FALSE,Concordant Down,NS
CUL4B,-0.0908775514087594,-0.00919609484153838,FALSE,FALSE,FALSE,Concordant Down,NS
FHL1,0.176882073461595,-0.197745083614571,FALSE,FALSE,FALSE,HR Up / LR Down,NS
FHL3,-0.532821931437727,-0.184941388967697,FALSE,FALSE,FALSE,Concordant Down,NS
ITGA7,-0.156363012427494,-0.153317072777046,FALSE,FALSE,FALSE,Concordant Down,NS
CACNA1S,-0.127023248892328,0.0828573895083835,FALSE,FALSE,FALSE,HR Down / LR Up,NS
MOGS,0.0862565472861441,0.159121282400955,FALSE,FALSE,FALSE,Concordant Up,NS
SPTAN1,0.0218405075633044,-0.0203670535761837,FALSE,FALSE,FALSE,HR Up / LR Down,NS
AUH,-0.353247573673634,-0.0685137217679923,FALSE,FALSE,FALSE,Concordant Down,NS
DDX39B,0.539285457379759,0.490301379510523,FALSE,FALSE,FALSE,Concordant Up,NS
BLMH,-0.252504491275658,0.0963174238394444,FALSE,FALSE,FALSE,HR Down / LR Up,NS
SNTB1,-0.100618209601453,0.0522556937791485,FALSE,FALSE,FALSE,HR Down / LR Up,NS
TUBB2A,0.249640758540398,-0.510828724082337,FALSE,FALSE,FALSE,HR Up / LR Down,NS
IDI1,-0.297330929713841,-0.32610695034279,FALSE,FALSE,FALSE,Concordant Down,NS
PRKG1,-0.306287452449208,-0.374743677166109,FALSE,FALSE,FALSE,Concordant Down,NS
CIRBP,0.165013249048876,-0.0880141247291277,FALSE,FALSE,FALSE,HR Up / LR Down,NS
COX17,-0.151711997812406,-0.155734461315507,FALSE,FALSE,FALSE,Concordant Down,NS
HNRNPD,0.387424035241999,0.311051736732161,FALSE,FALSE,FALSE,Concordant Up,NS
SCARB2,-0.302084692207618,-0.580570547210698,FALSE,FALSE,FALSE,Concordant Down,NS
IL18,0.397524063180967,0.39060748024869,FALSE,FALSE,FALSE,Concordant Up,NS
DAG1,-0.474151990114603,-0.214813923874235,FALSE,FALSE,FALSE,Concordant Down,NS
SEPTIN6,0.289034980044853,2.24357522804491,FALSE,TRUE,TRUE,Concordant Up,Divergent
EIF3A,0.209698408397745,0.0940910360090328,FALSE,FALSE,FALSE,Concordant Up,NS
UBAP2L,-0.0491035970797853,-0.531776644067399,FALSE,FALSE,FALSE,Concordant Down,NS
MLEC,-0.751910587020177,0.0848866047750576,TRUE,FALSE,TRUE,HR Down / LR Up,Divergent
DPYSL3,-0.171210748773824,-0.344892659025685,FALSE,FALSE,FALSE,Concordant Down,NS
DCTN1,-0.0414707733084221,-0.219466667151504,FALSE,FALSE,FALSE,Concordant Down,NS
DYNC1H1,0.205558084602888,-0.177332730536161,FALSE,FALSE,FALSE,HR Up / LR Down,NS
EIF4A2,0.155369350504536,-0.151682362784257,FALSE,FALSE,FALSE,HR Up / LR Down,NS
ENDOG,-0.5513003170643,-0.0230371932102535,FALSE,FALSE,FALSE,Concordant Down,NS
FLOT2,-0.480569752420305,0.751837859944594,FALSE,TRUE,TRUE,HR Down / LR Up,Divergent
RCN2,0.01739537112433,-0.326463017618895,FALSE,FALSE,FALSE,HR Up / LR Down,NS
FLNC,0.164845528670025,0.0319837270512515,FALSE,FALSE,FALSE,Concordant Up,NS
MYBPC2,0.155304226351003,0.415367726512184,FALSE,FALSE,FALSE,Concordant Up,NS
GAMT,-0.109074174510443,-0.143097555984586,FALSE,FALSE,FALSE,Concordant Down,NS
PRPSAP1,0.589443332592687,0.81427861884346,FALSE,FALSE,FALSE,Concordant Up,NS
GANAB,0.280373410871142,-0.13599967291157,FALSE,FALSE,FALSE,HR Up / LR Down,NS
PPP2R5D,1.21197538724017,-0.72577923210398,TRUE,FALSE,TRUE,HR Up / LR Down,Divergent
LASP1,0.594858290956651,0.455439509441156,FALSE,FALSE,FALSE,Concordant Up,NS
CRYM,-0.138092477153297,-0.211459485601903,FALSE,FALSE,FALSE,Concordant Down,NS
PTGR1,-0.294268276949001,-0.181196520074593,FALSE,FALSE,FALSE,Concordant Down,NS
KPNB1,0.53277778336815,0.0518734559154836,FALSE,FALSE,FALSE,Concordant Up,NS
SLMAP,0.504471894850237,0.110010770890572,FALSE,FALSE,FALSE,Concordant Up,NS
ARHGAP19,0.135188819899678,1.48780721566485,FALSE,TRUE,TRUE,Concordant Up,Divergent
PSMD6,0.25588055022282,0.225904599657749,FALSE,FALSE,FALSE,Concordant Up,NS
SEPTIN2,-0.0247799207243347,-0.641752763833299,FALSE,FALSE,FALSE,Concordant Down,NS
KARS1,-0.171826899334533,-0.0636876845438437,FALSE,FALSE,FALSE,Concordant Down,NS
EIF4H,0.10019299395654,0.138256731629898,FALSE,FALSE,FALSE,Concordant Up,NS
EEA1,0.0304205987029746,-0.0865739728931914,FALSE,FALSE,FALSE,HR Up / LR Down,NS
PDIA6,-0.039743603370674,0.127143323503152,FALSE,FALSE,FALSE,HR Down / LR Up,NS
PAFAH1B3,-0.281069144850672,0.722323693477207,FALSE,FALSE,FALSE,HR Down / LR Up,NS
PDK2,-0.615088968482695,-0.185534885306495,FALSE,FALSE,FALSE,Concordant Down,NS
PEA15,1.01094737252937,-0.675473861748326,FALSE,FALSE,TRUE,HR Up / LR Down,Divergent
PGM5,0.13368875064787,-0.40129158875299,FALSE,FALSE,FALSE,HR Up / LR Down,NS
PLEC,0.256807401811333,-0.0098223822039678,FALSE,FALSE,FALSE,HR Up / LR Down,NS
PPP2R5A,-0.427488497546332,-0.198722681630333,FALSE,FALSE,FALSE,Concordant Down,NS
PPA1,-0.120435976092388,0.186646806333652,FALSE,FALSE,FALSE,HR Down / LR Up,NS
PTGES3,-0.17865952659664,0.29878783012218,FALSE,FALSE,FALSE,HR Down / LR Up,NS
STK38,-0.287411935137865,0.530203015665936,FALSE,FALSE,FALSE,HR Down / LR Up,NS
NONO,0.740344521671968,0.400637301037683,FALSE,FALSE,FALSE,Concordant Up,NS
PTPA,-0.0953227999011581,0.0787816025656767,FALSE,FALSE,FALSE,HR Down / LR Up,NS
RCN1,0.284406382713026,-0.10480490307495,FALSE,FALSE,FALSE,HR Up / LR Down,NS
TMED2,0.396940863567185,0.085238679139021,FALSE,FALSE,FALSE,Concordant Up,NS
PCBP1,0.0723782062249647,0.0984096269368777,FALSE,FALSE,FALSE,Concordant Up,NS
PCBP2,0.0603980497452383,-0.0089285485543229,FALSE,FALSE,FALSE,HR Up / LR Down,NS
ELOC,0.131143867515494,-0.371737891642404,FALSE,FALSE,FALSE,HR Up / LR Down,NS
ELOB,0.0662153320379062,-0.0851517996341045,FALSE,FALSE,FALSE,HR Up / LR Down,NS
UBE3C,0.0572816090420805,0.246406873620572,FALSE,FALSE,FALSE,Concordant Up,NS
DHCR24,1.27165450030452,0.123379190447068,TRUE,FALSE,FALSE,Concordant Up,HR
RSU1,-0.0700606344684225,-0.272598083733588,FALSE,FALSE,FALSE,Concordant Down,NS
PPP1R7,5.56488877379024e-6,0.156605671228643,FALSE,FALSE,FALSE,Concordant Up,NS
SEC23A,0.212916254100538,-0.188272030768477,FALSE,FALSE,FALSE,HR Up / LR Down,NS
SURF1,-0.483525443155305,-0.00309449916611015,FALSE,FALSE,FALSE,Concordant Down,NS
MAPRE2,-0.0113029391998758,-0.143428139811409,FALSE,FALSE,FALSE,Concordant Down,NS
TSN,0.171007032343585,0.600723792127773,FALSE,FALSE,FALSE,Concordant Up,NS
TRIP10,0.0738105252153538,-0.0595129065098554,FALSE,FALSE,FALSE,HR Up / LR Down,NS
MAPRE1,0.647172482033898,0.0278510661109443,TRUE,FALSE,FALSE,Concordant Up,HR
MYLK,-0.88403227774252,0.317543974856715,FALSE,FALSE,TRUE,HR Down / LR Up,Divergent
SPEG,-0.0590935143628144,-0.169817615056207,FALSE,FALSE,FALSE,Concordant Down,NS
UBE2V2,0.179786856866151,-0.110818201550078,FALSE,FALSE,FALSE,HR Up / LR Down,NS
VAMP3,-0.283188439007141,-0.0119819966212802,FALSE,FALSE,FALSE,Concordant Down,NS
NEDD8,-0.319541930601421,0.189299282957869,FALSE,FALSE,FALSE,HR Down / LR Up,NS
ADIRF,-0.629242657651659,-0.127474920382138,FALSE,FALSE,FALSE,Concordant Down,NS
RAB11B,0.415236319771335,0.0997585331539526,FALSE,FALSE,FALSE,Concordant Up,NS
ZYX,0.102841261107937,0.332717525373514,FALSE,FALSE,FALSE,Concordant Up,NS
HSPB2,0.266932972038784,-0.0851175405628233,FALSE,FALSE,FALSE,HR Up / LR Down,NS
ETFDH,-0.279788851189341,-0.146391491093063,FALSE,FALSE,FALSE,Concordant Down,NS
SEPTIN7,0.193580186520915,-0.44767962613103,FALSE,FALSE,FALSE,HR Up / LR Down,NS
DDB1,0.275168546464634,-0.0125871684084977,FALSE,FALSE,FALSE,HR Up / LR Down,NS
CDC37,-0.402522511939768,0.250358924875368,FALSE,FALSE,FALSE,HR Down / LR Up,NS
DPYSL2,0.0831883099506641,-0.285229263037362,FALSE,FALSE,FALSE,HR Up / LR Down,NS
SYPL1,-0.258993759592681,-0.143358648955385,FALSE,FALSE,FALSE,Concordant Down,NS
RBBP7,0.53212164430952,-0.57365469469784,FALSE,FALSE,FALSE,HR Up / LR Down,NS
SGCB,0.116630824528333,-0.117314354112008,FALSE,FALSE,FALSE,HR Up / LR Down,NS
SGCA,-0.185604621374921,-0.0954796096992858,FALSE,FALSE,FALSE,Concordant Down,NS
FXN,-0.240809073925675,0.0753003054954746,FALSE,FALSE,FALSE,HR Down / LR Up,NS
PDK4,0.278045522189498,0.439151292353912,FALSE,FALSE,FALSE,Concordant Up,NS
FSCN1,1.07343854936738,-0.276082309601641,TRUE,FALSE,TRUE,HR Up / LR Down,Divergent
DECR1,-0.126770619574561,-0.0919150553389088,FALSE,FALSE,FALSE,Concordant Down,NS
NDUFA5,0.0718403836848509,-0.287075203036871,FALSE,FALSE,FALSE,HR Up / LR Down,NS
CLPP,0.0778113352628615,0.364374887710458,FALSE,FALSE,FALSE,Concordant Up,NS
TST,-0.701712530089949,0.321569294072443,FALSE,FALSE,TRUE,HR Down / LR Up,Divergent
KYAT1,-0.0873471838445781,0.0330119321182174,FALSE,FALSE,FALSE,HR Down / LR Up,NS
HAGH,0.0912373842791787,0.112849573518549,FALSE,FALSE,FALSE,Concordant Up,NS
NDUFA9,0.129528012081312,-0.132940777414234,FALSE,FALSE,FALSE,HR Up / LR Down,NS
PHKG1,-0.928271971629126,0.0483169129630987,TRUE,FALSE,TRUE,HR Down / LR Up,Divergent
PPP1R3A,-0.812032397100555,-0.762399602238801,FALSE,FALSE,FALSE,Concordant Down,NS
HADH,-0.119792631153729,-0.0705106803136353,FALSE,FALSE,FALSE,Concordant Down,NS
UGP2,0.100310488131704,-0.0987353339154033,FALSE,FALSE,FALSE,HR Up / LR Down,NS
AOC3,-0.411540812676137,-0.0538271305942679,FALSE,FALSE,FALSE,Concordant Down,NS
TXNRD1,0.191838744991966,-0.00302508640135457,FALSE,FALSE,FALSE,HR Up / LR Down,NS
TPD52L1,0.42893623955095,0.577757651107405,FALSE,FALSE,FALSE,Concordant Up,NS
IMMT,-0.200721252241259,-0.0564498929768007,FALSE,FALSE,FALSE,Concordant Down,NS
HNRNPUL2,1.56335689397233,0.503760647004118,TRUE,FALSE,FALSE,Concordant Up,HR
IAH1,0.0126315170700053,-0.0871975329519259,FALSE,FALSE,FALSE,HR Up / LR Down,NS
KLHL40,0.0512014704899784,0.412717125784312,FALSE,FALSE,FALSE,Concordant Up,NS
HLA-DRB5,-0.824190836786247,0.199108635908061,FALSE,FALSE,FALSE,HR Down / LR Up,NS
TKFC,-0.14770805689286,0.435857962967393,FALSE,FALSE,FALSE,HR Down / LR Up,NS
HSDL1,-0.131074391175265,-0.247384064661194,FALSE,FALSE,FALSE,Concordant Down,NS
TIMM50,-0.721645660044206,-0.351668273352541,FALSE,FALSE,FALSE,Concordant Down,NS
CDNF,-0.258314608443047,0.221744251911197,FALSE,FALSE,FALSE,HR Down / LR Up,NS
COX19,-0.735006986520791,-0.0130777549502454,TRUE,FALSE,FALSE,Concordant Down,HR
DUSP28,-0.900517771338983,0.0137285783410697,TRUE,FALSE,FALSE,HR Down / LR Up,HR
FAM98B,-0.357184573030827,-0.791474529893572,FALSE,FALSE,FALSE,Concordant Down,NS
GPAT3,0.197996984033379,0.431064168835061,FALSE,FALSE,FALSE,Concordant Up,NS
HIKESHI,-0.224314208998592,-0.309627576574556,FALSE,FALSE,FALSE,Concordant Down,NS
PDLIM3,0.660384562388295,-0.171017860710776,TRUE,FALSE,TRUE,HR Up / LR Down,Divergent
HSD17B12,-0.117364402402497,-0.085175083072091,FALSE,FALSE,FALSE,Concordant Down,NS
LACTB2,-0.0530549093965647,-0.133770367134762,FALSE,FALSE,FALSE,Concordant Down,NS
DCAF6,-0.0674644248607734,0.155634711679113,FALSE,FALSE,FALSE,HR Down / LR Up,NS
CAVIN4,0.293884317611788,-0.219226237700521,FALSE,FALSE,FALSE,HR Up / LR Down,NS
COQ5,-0.450984558129175,-0.224893535248896,FALSE,FALSE,FALSE,Concordant Down,NS
PITRM1,-0.0249952910050553,-0.0538341304232404,FALSE,FALSE,FALSE,Concordant Down,NS
COA6,-0.491675144222881,-0.158854870848696,FALSE,FALSE,FALSE,Concordant Down,NS
GNAS,0.127416557258044,-0.382103480126482,FALSE,FALSE,FALSE,HR Up / LR Down,NS
TTC38,0.173583307724588,0.244092282242406,FALSE,FALSE,FALSE,Concordant Up,NS
COX20,-0.497065291628537,-0.375232523173977,FALSE,FALSE,FALSE,Concordant Down,NS
C6orf136,-0.687933144926902,-0.598963397643473,FALSE,FALSE,FALSE,Concordant Down,NS
IBA57,-0.506584988040025,-0.308173505466232,FALSE,FALSE,FALSE,Concordant Down,NS
DCAF8,1.63816280623417,2.06398582339525,TRUE,FALSE,FALSE,Concordant Up,HR
ATPAF1,-0.251116146748792,-0.100452055840222,FALSE,FALSE,FALSE,Concordant Down,NS
DDI2,0.0894932082035851,1.36254229893729,FALSE,TRUE,FALSE,Concordant Up,LR
NDUFAF5,0.239560700035813,0.680390248442141,FALSE,FALSE,FALSE,Concordant Up,NS
LYRM7,-0.0947636751122047,0.534206339492147,FALSE,FALSE,FALSE,HR Down / LR Up,NS
OBSCN,0.356788592924584,-0.0478331864787442,FALSE,FALSE,FALSE,HR Up / LR Down,NS
MYOM3,0.0757462583207413,0.162476258787876,FALSE,FALSE,FALSE,Concordant Up,NS
GARNL3,-0.448388161681876,0.612232220777287,FALSE,FALSE,TRUE,HR Down / LR Up,Divergent
BROX,-0.097112140363592,0.357080741848435,FALSE,FALSE,FALSE,HR Down / LR Up,NS
MLIP,-0.0555714366922935,0.115987499444582,FALSE,FALSE,FALSE,HR Down / LR Up,NS
SYPL2,0.200494068259562,-0.0048369711369034,FALSE,FALSE,FALSE,HR Up / LR Down,NS
ECPAS,0.0201586293240261,-0.221820175026227,FALSE,FALSE,FALSE,HR Up / LR Down,NS
MICOS13,-0.64965935243023,0.381851798739763,FALSE,FALSE,TRUE,HR Down / LR Up,Divergent
RNF123,-0.359991248196682,0.208103457346301,FALSE,FALSE,FALSE,HR Down / LR Up,NS
C12orf73,-0.353477922924132,-0.205314581596625,FALSE,FALSE,FALSE,Concordant Down,NS
NXN,0.192481101700992,-0.0746604808847948,FALSE,FALSE,FALSE,HR Up / LR Down,NS
PTRHD1,0.145792201512378,-0.137164226739529,FALSE,FALSE,FALSE,HR Up / LR Down,NS
LAMTOR1,0.757915004404431,-0.432436551942498,FALSE,FALSE,TRUE,HR Up / LR Down,Divergent
DHRS7B,-0.077687102813897,0.248795142027706,FALSE,FALSE,FALSE,HR Down / LR Up,NS
TWF2,-0.0469968903611679,0.173860707017958,FALSE,FALSE,FALSE,HR Down / LR Up,NS
ETFRF1,-0.186539794979929,0.191999964062301,FALSE,FALSE,FALSE,HR Down / LR Up,NS
RAB12,-0.122810735250642,0.0561768139184622,FALSE,FALSE,FALSE,HR Down / LR Up,NS
RCSD1,-0.620798654717653,-0.578907856218024,TRUE,TRUE,FALSE,Concordant Down,Shared
ACAD10,-0.94696237383501,0.0958394888645877,TRUE,FALSE,TRUE,HR Down / LR Up,Divergent
SLC25A24,-0.306333525650569,-0.0436000880705194,FALSE,FALSE,FALSE,Concordant Down,NS
HIBCH,-0.215125472676334,-0.143710834971749,FALSE,FALSE,FALSE,Concordant Down,NS
CAVIN1,0.0311110709137026,-0.360543303620108,FALSE,FALSE,FALSE,HR Up / LR Down,NS
LPCAT3,0.208112692287504,0.361229080530894,FALSE,FALSE,FALSE,Concordant Up,NS
TATDN1,-0.246842869082585,0.0976873109251919,FALSE,FALSE,FALSE,HR Down / LR Up,NS
FAHD1,-0.102671388166272,0.0946915688763781,FALSE,FALSE,FALSE,HR Down / LR Up,NS
DARS2,-0.175856996083475,0.769125409583342,FALSE,TRUE,FALSE,HR Down / LR Up,LR
CORO6,0.813736723585047,-0.131054917507875,FALSE,FALSE,FALSE,HR Up / LR Down,NS
TMEM205,0.222699011682653,9.4058630782001e-4,FALSE,FALSE,FALSE,Concordant Up,NS
UQCC3,0.939756883712565,-0.79933369262525,FALSE,FALSE,TRUE,HR Up / LR Down,Divergent
DHRS11,-0.563165204799216,0.0403612850511976,FALSE,FALSE,FALSE,HR Down / LR Up,NS
APOOL,-0.382727730115466,0.026407491093444,FALSE,FALSE,FALSE,HR Down / LR Up,NS
NAPRT,-0.0253491670261496,-0.034895405796032,FALSE,FALSE,FALSE,Concordant Down,NS
HSDL2,-0.456497465398741,-0.0979160295530583,FALSE,FALSE,FALSE,Concordant Down,NS
KYAT3,-0.531176989325344,-0.0366280686828286,FALSE,FALSE,FALSE,Concordant Down,NS
TRIM72,-0.00834537994117213,-0.0669133640334643,FALSE,FALSE,FALSE,Concordant Down,NS
TOM1L2,0.00973123413501398,-0.411013366640599,FALSE,FALSE,FALSE,HR Up / LR Down,NS
XIRP1,0.42006175338787,0.430885099103971,FALSE,FALSE,FALSE,Concordant Up,NS
VPS13C,-0.281699599502964,0.0813706141792458,FALSE,FALSE,FALSE,HR Down / LR Up,NS
MOB2,-0.10474471580784,0.0312085676654945,FALSE,FALSE,FALSE,HR Down / LR Up,NS
UBE2R2,-0.618370145422793,0.293496543503078,FALSE,FALSE,FALSE,HR Down / LR Up,NS
SND1,0.0605841887184724,-0.466482959191868,FALSE,FALSE,FALSE,HR Up / LR Down,NS
TRMT10C,0.0612543040846347,-0.0785371820694607,FALSE,FALSE,FALSE,HR Up / LR Down,NS
BZW1,-0.288519200109782,0.149984036843946,FALSE,FALSE,FALSE,HR Down / LR Up,NS
EIF3M,0.721544586059728,0.323757423805237,FALSE,FALSE,FALSE,Concordant Up,NS
COPS6,-0.0400749551392785,-0.0788297101762012,FALSE,FALSE,FALSE,Concordant Down,NS
CHMP1B,0.225504574695616,-0.124978339962027,FALSE,FALSE,FALSE,HR Up / LR Down,NS
DGLUCY,0.141668382015595,-0.0181076776022699,FALSE,FALSE,FALSE,HR Up / LR Down,NS
MYH14,0.164500114997885,-0.203728796130044,FALSE,FALSE,FALSE,HR Up / LR Down,NS
MAVS,8.6576412701688e-4,-0.217957463370706,FALSE,FALSE,FALSE,HR Up / LR Down,NS
DCXR,-0.0431452505089851,0.0589909348300566,FALSE,FALSE,FALSE,HR Down / LR Up,NS
HUWE1,0.147739461725301,0.496529478339127,FALSE,FALSE,FALSE,Concordant Up,NS
MRPL55,-0.328492728236938,0.1330631785378,FALSE,FALSE,FALSE,HR Down / LR Up,NS
GLRX5,-0.31207857965445,0.186814973242797,FALSE,FALSE,FALSE,HR Down / LR Up,NS
MYPN,0.70882549309768506,-0.286694598509808,FALSE,FALSE,TRUE,HR Up / LR Down,Divergent
SRL,-0.133619554218274,0.1475471530864,FALSE,FALSE,FALSE,HR Down / LR Up,NS
PRUNE1,0.0418695253113341,-0.287053253264915,FALSE,FALSE,FALSE,HR Up / LR Down,NS
ACOT1,-0.177145778999403,-0.0840949195445511,FALSE,FALSE,FALSE,Concordant Down,NS
ISCA2,-0.0875406444396418,-0.188960915820491,FALSE,FALSE,FALSE,Concordant Down,NS
NLRX1,-0.116139597481421,-0.236805228564876,FALSE,FALSE,FALSE,Concordant Down,NS
FERMT3,2.12244905371572,1.64966328645544,TRUE,TRUE,FALSE,Concordant Up,Shared
MDP1,-0.0963547056511835,-0.0712885978282891,FALSE,FALSE,FALSE,Concordant Down,NS
NRAP,0.162979191740092,0.351419397656404,FALSE,FALSE,FALSE,Concordant Up,NS
CAND1,0.10677699944544,0.579371879636991,FALSE,FALSE,FALSE,Concordant Up,NS
HOOK3,0.469918354178034,1.01369164167043,FALSE,FALSE,FALSE,Concordant Up,NS
COMTD1,-0.701925580356523,0.0684538820963496,FALSE,FALSE,FALSE,HR Down / LR Up,NS
LDHD,-0.148278559856372,0.0759962596567441,FALSE,FALSE,FALSE,HR Down / LR Up,NS
CARM1,-0.122786191905057,0.399983365067072,FALSE,FALSE,FALSE,HR Down / LR Up,NS
NIT1,-0.0632810527487244,0.0569652902743165,FALSE,FALSE,FALSE,HR Down / LR Up,NS
NDUFA11,-0.445751606498433,0.399115437097674,FALSE,FALSE,FALSE,HR Down / LR Up,NS
ECHDC2,0.849158194739699,0.463884495981979,FALSE,FALSE,FALSE,Concordant Up,NS
PHYKPL,-0.297488024842352,-0.205119889544399,FALSE,FALSE,FALSE,Concordant Down,NS
MUSTN1,0.0807382975339195,0.219010526404318,FALSE,FALSE,FALSE,Concordant Up,NS
NAXD,-0.0147114788199829,-0.0662487570891024,FALSE,FALSE,FALSE,Concordant Down,NS
SLC44A2,-0.2300020113145,0.192761866516928,FALSE,FALSE,FALSE,HR Down / LR Up,NS
ADHFE1,-0.253431227280039,0.18462911323234,FALSE,FALSE,FALSE,HR Down / LR Up,NS
UNC45B,0.432394058262243,-0.114063855662742,FALSE,FALSE,FALSE,HR Up / LR Down,NS
SIRT2,-0.28620073623863,0.219677831164741,FALSE,FALSE,FALSE,HR Down / LR Up,NS
MRPL41,-0.111834762189726,-0.144715479319988,FALSE,FALSE,FALSE,Concordant Down,NS
PM20D2,1.60975407847974,-0.369758362241521,TRUE,FALSE,TRUE,HR Up / LR Down,Divergent
MICU2,-0.218431654879554,0.634781017557966,FALSE,FALSE,FALSE,HR Down / LR Up,NS
ALDH16A1,0.95379065662631,-0.458729657831498,FALSE,FALSE,FALSE,HR Up / LR Down,NS
VKORC1L1,0.239671198425942,0.353387596325323,FALSE,FALSE,FALSE,Concordant Up,NS
CLYBL,-0.841632652707467,0.302553130893408,FALSE,FALSE,FALSE,HR Down / LR Up,NS
ADSS1,-0.480362914574158,-0.0422912542385525,FALSE,FALSE,FALSE,Concordant Down,NS
LRRC47,0.221009037560343,0.0509618095843507,FALSE,FALSE,FALSE,Concordant Up,NS
GPD1L,-0.394851554586257,0.024795228334952,FALSE,FALSE,FALSE,HR Down / LR Up,NS
EHBP1L1,0.293118185697306,-0.36589990320342,FALSE,FALSE,FALSE,HR Up / LR Down,NS
TXLNB,-0.198925575844228,-0.155983664198157,FALSE,FALSE,FALSE,Concordant Down,NS
SYNPO,-0.521410786222557,-0.237211346808774,FALSE,FALSE,FALSE,Concordant Down,NS
CBR4,-0.175500696860482,0.0861261023689508,FALSE,FALSE,FALSE,HR Down / LR Up,NS
CISD2,-0.319085210220784,-0.152236479865181,FALSE,FALSE,FALSE,Concordant Down,NS
ATPAF2,-0.788182980169381,-0.458144225450461,TRUE,FALSE,FALSE,Concordant Down,HR
JAGN1,0.0637146342168577,0.120241577647995,FALSE,FALSE,FALSE,Concordant Up,NS
FITM2,0.0109427337156944,0.143123155136863,FALSE,FALSE,FALSE,Concordant Up,NS
EMC1,0.315390616786395,0.148970308100154,FALSE,FALSE,FALSE,Concordant Up,NS
PTGR2,-0.159181068007896,-0.0672930300542482,FALSE,FALSE,FALSE,Concordant Down,NS
SMYD1,0.0758713188382458,-0.302682677536072,FALSE,FALSE,FALSE,HR Up / LR Down,NS
NHLRC2,0.312064680894011,-0.339128615891234,FALSE,FALSE,FALSE,HR Up / LR Down,NS
RDH13,-0.12015287435025,-0.436229008443494,FALSE,FALSE,FALSE,Concordant Down,NS
ATAD1,0.0598958535051288,-0.154532359059765,FALSE,FALSE,FALSE,HR Up / LR Down,NS
SCCPDH,-0.0927900325295354,-0.115106727559112,FALSE,FALSE,FALSE,Concordant Down,NS
SERBP1,0.407235792809278,0.301435332076878,FALSE,FALSE,FALSE,Concordant Up,NS
FAM98A,-0.16360752953214,-0.361561977923909,FALSE,FALSE,FALSE,Concordant Down,NS
PDPR,-0.250629827559436,-0.0378888290058903,FALSE,FALSE,FALSE,Concordant Down,NS
NPEPL1,-0.17329646482823,-0.337029949265624,FALSE,FALSE,FALSE,Concordant Down,NS
ADPRHL1,0.0235789430530886,-0.210899135460835,FALSE,FALSE,FALSE,HR Up / LR Down,NS
ABCF1,-0.00872506714800636,0.479721258274751,FALSE,FALSE,FALSE,HR Down / LR Up,NS
MCU,-0.108468308899749,0.222257745344354,FALSE,FALSE,FALSE,HR Down / LR Up,NS
ABHD11,-0.438728384327025,-0.243720299749899,FALSE,FALSE,FALSE,Concordant Down,NS
ATL2,0.00405352001401127,-0.177939762226096,FALSE,FALSE,FALSE,HR Up / LR Down,NS
PPTC7,-0.498397394789446,-0.21421451693007,FALSE,FALSE,FALSE,Concordant Down,NS
COQ8A,-0.446608168828977,-0.0985211724870965,FALSE,FALSE,FALSE,Concordant Down,NS
NPLOC4,0.33240853451397,0.0208913180242156,FALSE,FALSE,FALSE,Concordant Up,NS
NUBPL,-0.185070050778705,-0.183407185783985,FALSE,FALSE,FALSE,Concordant Down,NS
DEPTOR,-0.24026175882836,-0.267797408965688,FALSE,FALSE,FALSE,Concordant Down,NS
UBA3,-0.628177044080267,-0.171121825358515,TRUE,FALSE,FALSE,Concordant Down,HR
RDH11,-0.251039796534442,0.287604239773959,FALSE,FALSE,FALSE,HR Down / LR Up,NS
LRRC20,-0.651375712881659,-0.236177436494259,TRUE,FALSE,FALSE,Concordant Down,HR
NT5C,0.0247431506923874,-0.374567773268225,FALSE,FALSE,FALSE,HR Up / LR Down,NS
STT3B,-0.193814186800548,0.367814494467176,FALSE,FALSE,FALSE,HR Down / LR Up,NS
PNPT1,-0.863370347148972,-1.06921209593721,TRUE,TRUE,FALSE,Concordant Down,Shared
SPPL2A,0.339650025887,0.0474365208153635,FALSE,FALSE,FALSE,Concordant Up,NS
MYOZ3,-0.130724994733018,0.048189418405542,FALSE,FALSE,FALSE,HR Down / LR Up,NS
NEK7,-0.244637749079999,0.241264074909775,FALSE,FALSE,FALSE,HR Down / LR Up,NS
DTD1,0.182124544291348,-0.180641993073692,FALSE,FALSE,FALSE,HR Up / LR Down,NS
SETD7,0.329598221496177,-0.154677290614082,FALSE,FALSE,FALSE,HR Up / LR Down,NS
RAB2B,-0.220412935418658,-0.30673097690844,FALSE,FALSE,FALSE,Concordant Down,NS
PDCD6IP,0.0732033099956482,0.085265456619716,FALSE,FALSE,FALSE,Concordant Up,NS
SMIM4,-0.886233106091156,0.0174437072564011,TRUE,FALSE,FALSE,HR Down / LR Up,HR
SCFD1,-0.212078106654666,-0.647757157095178,FALSE,FALSE,FALSE,Concordant Down,NS
DNAJA4,0.250510507817182,0.00434622064406653,FALSE,FALSE,FALSE,Concordant Up,NS
SPRYD4,-0.00252227339405309,0.0471115993690852,FALSE,FALSE,FALSE,HR Down / LR Up,NS
RTN4IP1,-0.591057982141983,0.254590618904302,FALSE,FALSE,FALSE,HR Down / LR Up,NS
SYNE2,1.96814530583141,3.14054806789831,TRUE,TRUE,FALSE,Concordant Up,Shared
THAP4,-0.473060751433128,-0.197821036649376,FALSE,FALSE,FALSE,Concordant Down,NS
CHCHD10,-1.10041504883347,-0.288407072148484,TRUE,FALSE,FALSE,Concordant Down,HR
TTN,0.563944907154433,0.225339972883607,FALSE,FALSE,FALSE,Concordant Up,NS
LZIC,-0.533536321528775,0.0501213725381682,FALSE,FALSE,FALSE,HR Down / LR Up,NS
IRGQ,-0.281060604721219,-0.448560626107225,FALSE,FALSE,FALSE,Concordant Down,NS
DDX1,0.187875563865695,-0.448071946316158,FALSE,FALSE,FALSE,HR Up / LR Down,NS
HSD17B8,-0.23040072143138,-0.239568970909087,FALSE,FALSE,FALSE,Concordant Down,NS
CPT1B,-0.39594436258616,0.0444552508869052,FALSE,FALSE,FALSE,HR Down / LR Up,NS
PSMF1,-0.155875669284846,0.426497227571286,FALSE,FALSE,FALSE,HR Down / LR Up,NS
MRPS27,-0.883891397747,0.174784551941634,FALSE,FALSE,FALSE,HR Down / LR Up,NS
HSPH1,0.211925066047613,0.456621993948602,FALSE,FALSE,FALSE,Concordant Up,NS
MYO18A,0.973503414154486,-0.0745692453316451,TRUE,FALSE,TRUE,HR Up / LR Down,Divergent
GCN1,-0.533769695860148,-0.418750319372428,FALSE,FALSE,FALSE,Concordant Down,NS
SGCD,0.079054223888523,-0.0475350609262719,FALSE,FALSE,FALSE,HR Up / LR Down,NS
RABGGTA,-0.204983164621428,-0.0442938415296616,FALSE,FALSE,FALSE,Concordant Down,NS
TFG,-0.110769498145977,-0.253078491600725,FALSE,FALSE,FALSE,Concordant Down,NS
DDX17,0.405249197632166,0.308355980186874,FALSE,FALSE,FALSE,Concordant Up,NS
OSTF1,2.28734543096162,0.938815042861787,TRUE,FALSE,FALSE,Concordant Up,HR
UFD1,0.0699515684916676,0.204508445898814,FALSE,FALSE,FALSE,Concordant Up,NS
COPS5,0.0962924547855941,-0.0430836569709498,FALSE,FALSE,FALSE,HR Up / LR Down,NS
GCDH,-0.387982250331603,-0.386201685719069,FALSE,FALSE,FALSE,Concordant Down,NS
TNPO1,0.437422633883507,-0.0902186412832062,FALSE,FALSE,FALSE,HR Up / LR Down,NS
USP9X,0.513931179759229,-0.358405217134152,FALSE,FALSE,FALSE,HR Up / LR Down,NS
CUL5,-7.1157124324372e-4,-0.0755628473686336,FALSE,FALSE,FALSE,Concordant Down,NS
LPP,-0.0544879991047758,-0.551086981137065,FALSE,FALSE,FALSE,Concordant Down,NS
ATP2A3,-0.0138317773359944,0.307959212168665,FALSE,FALSE,FALSE,HR Down / LR Up,NS
PHKB,-0.700940198679376,-0.214580295816553,TRUE,FALSE,FALSE,Concordant Down,HR
RAB24,-0.0111326866919157,-0.0230389521858747,FALSE,FALSE,FALSE,Concordant Down,NS
ERGIC1,-0.26207450130147,-0.329200156426179,FALSE,FALSE,FALSE,Concordant Down,NS
MTARC2,-0.396131431036164,0.326727975543438,FALSE,FALSE,FALSE,HR Down / LR Up,NS
FAM162A,-0.170355018543528,0.212059181278814,FALSE,FALSE,FALSE,HR Down / LR Up,NS
ISOC2,-0.229591816019401,-0.235121838291569,FALSE,FALSE,FALSE,Concordant Down,NS
FERMT2,-0.0653796299968441,-0.224811962870035,FALSE,FALSE,FALSE,Concordant Down,NS
FUBP1,0.433009069374325,0.363418145112941,FALSE,FALSE,FALSE,Concordant Up,NS
SLC25A46,-0.169699788666527,-0.217197677006091,FALSE,FALSE,FALSE,Concordant Down,NS
TMEM143,0.218871333861511,-0.13300034390867,FALSE,FALSE,FALSE,HR Up / LR Down,NS
PBXIP1,0.518680766354304,-0.254237588956581,FALSE,FALSE,TRUE,HR Up / LR Down,Divergent
ARL8A,-0.345209886816516,0.08931997591867,FALSE,FALSE,FALSE,HR Down / LR Up,NS
ZBTB9,-0.303166418060712,0.280687334801232,FALSE,FALSE,FALSE,HR Down / LR Up,NS
FAM136A,-0.421237286368129,-0.43331196913492,FALSE,FALSE,FALSE,Concordant Down,NS
FGGY,0.713746138783552,0.41664024637695,FALSE,FALSE,FALSE,Concordant Up,NS
GALM,0.0684965248831801,0.0026639667442474,FALSE,FALSE,FALSE,Concordant Up,NS
PPP1R14B,0.150941325755575,-0.470141775046265,FALSE,FALSE,FALSE,HR Up / LR Down,NS
ACSF2,-0.675423836737103,-0.206720646852599,TRUE,FALSE,FALSE,Concordant Down,HR
ISOC1,-0.201251619324218,-0.0215635687296896,FALSE,FALSE,FALSE,Concordant Down,NS
OPTN,0.114685346647565,0.221440657088067,FALSE,FALSE,FALSE,Concordant Up,NS
AP2M1,-0.0342846765429563,0.0798245928091603,FALSE,FALSE,FALSE,HR Down / LR Up,NS
KCTD12,0.0300008655840465,0.110241688733126,FALSE,FALSE,FALSE,Concordant Up,NS
DNAJC19,-0.48542676899817,-0.252264254434909,FALSE,FALSE,FALSE,Concordant Down,NS
RMDN1,0.0773611771818814,-0.246911220358822,FALSE,FALSE,FALSE,HR Up / LR Down,NS
ECHDC3,-0.0797526419599741,0.185538082556185,FALSE,FALSE,FALSE,HR Down / LR Up,NS
NUDT16,-0.488618661481855,-0.174471031986972,FALSE,FALSE,FALSE,Concordant Down,NS
CMBL,-0.0759927829729108,-0.406311930700692,FALSE,FALSE,FALSE,Concordant Down,NS
MSI2,0.159952908366044,0.022393425619871,FALSE,FALSE,FALSE,Concordant Up,NS
MRPL38,-0.297923591109821,-0.461171952456784,FALSE,FALSE,FALSE,Concordant Down,NS
DNAJA3,0.00838700803586079,0.325847033856359,FALSE,FALSE,FALSE,Concordant Up,NS
PTCD3,0.331985794610269,0.129724851887417,FALSE,FALSE,FALSE,Concordant Up,NS
MMAB,-0.2545102536745,0.0948362148209405,FALSE,FALSE,FALSE,HR Down / LR Up,NS
DYNLL2,-0.0845316312688773,-0.0666968218970041,FALSE,FALSE,FALSE,Concordant Down,NS
S100A16,0.414815786049825,0.464388308588038,FALSE,FALSE,FALSE,Concordant Up,NS
SCRN2,5.8204100174208e-4,-0.00577010332414574,FALSE,FALSE,FALSE,HR Up / LR Down,NS
OTUB1,0.223157089963891,-0.230353442751561,FALSE,FALSE,FALSE,HR Up / LR Down,NS
CHMP6,-0.392074213975635,-0.0643046013472244,FALSE,FALSE,FALSE,Concordant Down,NS
DCUN1D1,0.638307754729794,0.671871024085036,FALSE,FALSE,FALSE,Concordant Up,NS
FAHD2A,-0.11433926863036,-0.125982089280722,FALSE,FALSE,FALSE,Concordant Down,NS
APIP,-0.483261667503221,-0.0453956886101246,FALSE,FALSE,FALSE,Concordant Down,NS
PDLIM5,0.110970118739463,0.232333402728319,FALSE,FALSE,FALSE,Concordant Up,NS
ERO1A,-0.1940549664467,-0.111529587785341,FALSE,FALSE,FALSE,Concordant Down,NS
AHCYL2,-0.58636734754495,0.163996323388542,FALSE,FALSE,FALSE,HR Down / LR Up,NS
DHTKD1,-0.488923091939686,-0.342163580451711,FALSE,FALSE,FALSE,Concordant Down,NS
PYURF,0.0626273280701604,-0.557045736574768,FALSE,FALSE,FALSE,HR Up / LR Down,NS
SUCLG2,-0.566049176419444,0.0068303554177156,FALSE,FALSE,FALSE,HR Down / LR Up,NS
ABHD14B,-0.14242667230755,0.0114641799161355,FALSE,FALSE,FALSE,HR Down / LR Up,NS
TMX3,0.125429081469314,0.0765712130475613,FALSE,FALSE,FALSE,Concordant Up,NS
BTF3L4,0.220620626650522,-0.159958281893086,FALSE,FALSE,FALSE,HR Up / LR Down,NS
USP47,-0.186390683934963,-0.083198013229552,FALSE,FALSE,FALSE,Concordant Down,NS
CNDP2,0.129766194333083,-0.218122102287822,FALSE,FALSE,FALSE,HR Up / LR Down,NS
STAC3,-0.254964690371697,-0.32488770834312,FALSE,FALSE,FALSE,Concordant Down,NS
COQ10A,-0.229878695883865,-0.088138832747628,FALSE,FALSE,FALSE,Concordant Down,NS
JSRP1,0.0573702745279192,-0.429527726060964,FALSE,FALSE,FALSE,HR Up / LR Down,NS
CCDC43,-0.167919615757819,-0.0455764313669302,FALSE,FALSE,FALSE,Concordant Down,NS
CLIC6,-0.497892082227246,0.0866487673125107,FALSE,FALSE,FALSE,HR Down / LR Up,NS
MCEE,0.14612839823516,-0.360547925046205,FALSE,FALSE,FALSE,HR Up / LR Down,NS
QKI,0.192750205594589,0.275512967410751,FALSE,FALSE,FALSE,Concordant Up,NS
PLIN4,-0.642678333956102,-0.394262043314836,TRUE,FALSE,FALSE,Concordant Down,HR
VPS35,0.253735942460082,-0.303878852512415,FALSE,FALSE,FALSE,HR Up / LR Down,NS
GFM1,0.309958513338668,-0.132214639241326,FALSE,FALSE,FALSE,HR Up / LR Down,NS
MCCC1,0.19059133787222,-0.0479371462493461,FALSE,FALSE,FALSE,HR Up / LR Down,NS
METTL26,0.03741117908368,0.122700818009228,FALSE,FALSE,FALSE,Concordant Up,NS
CLCC1,-0.441178065368669,0.17070281457668,FALSE,FALSE,FALSE,HR Down / LR Up,NS
TBCB,-0.21252471366217,-0.295790791129011,FALSE,FALSE,FALSE,Concordant Down,NS
PSMB7,-0.169560410785547,-0.0112979362419452,FALSE,FALSE,FALSE,Concordant Down,NS
PCYT2,0.690721772640568,-0.280516455254292,FALSE,FALSE,FALSE,HR Up / LR Down,NS
PSMD1,0.0832758410477545,-0.0624013866105955,FALSE,FALSE,FALSE,HR Up / LR Down,NS
PFDN5,-0.182397681862405,0.0400330007451721,FALSE,FALSE,FALSE,HR Down / LR Up,NS
PARK7,0.074465676916514,-0.0205117430963142,FALSE,FALSE,FALSE,HR Up / LR Down,NS
EYA3,0.113601914452747,0.166754712890569,FALSE,FALSE,FALSE,Concordant Up,NS
VAT1,-0.0102105895029787,0.190247397799862,FALSE,FALSE,FALSE,HR Down / LR Up,NS
PLIN2,-0.600922692898543,0.321320202670389,FALSE,FALSE,FALSE,HR Down / LR Up,NS
S100A13,1.06611188915005,-0.349337017645453,TRUE,FALSE,TRUE,HR Up / LR Down,Divergent
EIF3C,0.122043407312429,-0.0680423777354626,FALSE,FALSE,FALSE,HR Up / LR Down,NS
PHB2,0.0388516756165238,0.0184757954961832,FALSE,FALSE,FALSE,Concordant Up,NS
COPS8,0.0430520177743468,-0.0788870904527741,FALSE,FALSE,FALSE,HR Up / LR Down,NS
SDHC,0.105285089228431,-0.103423365861676,FALSE,FALSE,FALSE,HR Up / LR Down,NS
CHP1,0.27485238323225,-0.00236281921075943,FALSE,FALSE,FALSE,HR Up / LR Down,NS
MGLL,-0.40524707999495,0.426077052005539,FALSE,FALSE,FALSE,HR Down / LR Up,NS
HSD17B10,-0.206301163259127,-0.0802975690170165,FALSE,FALSE,FALSE,Concordant Down,NS
NAP1L4,-0.0494165153476729,0.320269060632956,FALSE,FALSE,FALSE,HR Down / LR Up,NS
MGST2,0.123864305085,0.124913671234442,FALSE,FALSE,FALSE,Concordant Up,NS
TXN2,-0.338431661574791,-0.369706531799189,FALSE,FALSE,FALSE,Concordant Down,NS
DMAC2L,-0.236838490480665,-0.367887730637968,FALSE,FALSE,FALSE,Concordant Down,NS
ACO2,-0.0434946817124491,-0.145778246216601,FALSE,FALSE,FALSE,Concordant Down,NS
COQ7,-0.252097107701449,-0.329253861389965,FALSE,FALSE,FALSE,Concordant Down,NS
TSG101,0.287625602682859,0.339639387471131,FALSE,FALSE,FALSE,Concordant Up,NS
CPNE1,0.287302802144634,0.0741214504505656,FALSE,FALSE,FALSE,Concordant Up,NS
CCT7,0.203148004420196,6.7508314450748e-4,FALSE,FALSE,FALSE,Concordant Up,NS
PRMT1,0.0051777892185747,0.0849343545765535,FALSE,FALSE,FALSE,Concordant Up,NS
ARPC5L,-0.0667700592962746,-0.168498388879147,FALSE,FALSE,FALSE,Concordant Down,NS
MACROD1,-0.142464690453028,-0.110560046361204,FALSE,FALSE,FALSE,Concordant Down,NS
WDR77,-0.333730946099728,0.121887881143472,FALSE,FALSE,FALSE,HR Down / LR Up,NS
FYCO1,-0.244742066918729,-0.212686397922216,FALSE,FALSE,FALSE,Concordant Down,NS
JPH2,0.124058109746112,-0.141857177740086,FALSE,FALSE,FALSE,HR Up / LR Down,NS
TXNDC17,-0.0491979110645566,-0.232347462019455,FALSE,FALSE,FALSE,Concordant Down,NS
PLCD4,-0.532401023577282,-0.325314479791913,FALSE,FALSE,FALSE,Concordant Down,NS
CPPED1,0.227626866718179,0.00382285219706802,FALSE,FALSE,FALSE,Concordant Up,NS
MIEN1,-0.521485518313554,-0.119337168015882,FALSE,FALSE,FALSE,Concordant Down,NS
PRXL2A,-0.542696064287007,0.1536903514457,FALSE,FALSE,FALSE,HR Down / LR Up,NS
ERP44,0.36210402076275,0.334749452164345,FALSE,FALSE,FALSE,Concordant Up,NS
LXN,0.303948544541417,1.61044049826116,FALSE,TRUE,FALSE,Concordant Up,LR
NIPSNAP3B,-0.345776072655383,-0.266003074864873,FALSE,FALSE,FALSE,Concordant Down,NS
NTPCR,-0.321747269875885,0.0893478990552339,FALSE,FALSE,FALSE,HR Down / LR Up,NS
AGMAT,0.188768904495568,-0.211207736599896,FALSE,FALSE,FALSE,HR Up / LR Down,NS
TACO1,-0.415928555661008,-0.0590793673949435,FALSE,FALSE,FALSE,Concordant Down,NS
ESYT1,0.182200349500558,0.302237729631688,FALSE,FALSE,FALSE,Concordant Up,NS
UBAC1,-0.197665577344953,-0.0441522509535694,FALSE,FALSE,FALSE,Concordant Down,NS
COPS4,-0.228157462784704,-0.224026665245308,FALSE,FALSE,FALSE,Concordant Down,NS
AARSD1,-0.335877388550628,0.0976890249042377,FALSE,FALSE,FALSE,HR Down / LR Up,NS
ANP32E,1.07022310929329,0.487969832727327,FALSE,FALSE,FALSE,Concordant Up,NS
TMEM43,0.494550776333792,-0.529157107986762,FALSE,FALSE,TRUE,HR Up / LR Down,Divergent
DHRS4,-0.293492292617639,-0.444517551590714,FALSE,FALSE,FALSE,Concordant Down,NS
THTPA,0.0912778761084567,-0.538325363311374,FALSE,FALSE,FALSE,HR Up / LR Down,NS
NDUFAF3,-0.359509315611533,0.00583600672646511,FALSE,FALSE,FALSE,HR Down / LR Up,NS
TUBB6,0.21721107333622,0.017095319099667,FALSE,FALSE,FALSE,Concordant Up,NS
HNRNPUL1,0.298981117691124,0.605015954370643,FALSE,FALSE,FALSE,Concordant Up,NS
CHCHD7,-0.119205345675969,-0.185449124613054,FALSE,FALSE,FALSE,Concordant Down,NS
APOO,-0.581703505943334,0.17084096449312,FALSE,FALSE,FALSE,HR Down / LR Up,NS
BDH2,-0.426512481839701,0.130340850511876,FALSE,FALSE,FALSE,HR Down / LR Up,NS
RNF126,-0.0837774970128358,-0.0891349950442013,FALSE,FALSE,FALSE,Concordant Down,NS
MECR,-0.298053386313828,-0.144496549166206,FALSE,FALSE,FALSE,Concordant Down,NS
NTMT1,-0.230743075513605,-0.37058659529278,FALSE,FALSE,FALSE,Concordant Down,NS
TMEM109,-0.142283362274064,0.326098112255856,FALSE,FALSE,FALSE,HR Down / LR Up,NS
PBDC1,0.0568918093975235,0.45275818587214,FALSE,FALSE,FALSE,Concordant Up,NS
TIMM21,-0.0496295263060098,-0.0876248858449387,FALSE,FALSE,FALSE,Concordant Down,NS
TPPP3,1.75291544811513,0.170485477989459,TRUE,FALSE,TRUE,Concordant Up,Divergent
FUNDC2,-0.117650149839314,-0.126133158273319,FALSE,FALSE,FALSE,Concordant Down,NS
HINT2,-0.528841942036063,-0.167100301853409,FALSE,FALSE,FALSE,Concordant Down,NS
OSBPL11,-0.258824141705151,-0.230380466760202,FALSE,FALSE,FALSE,Concordant Down,NS
NT5C1A,-0.156868459573158,-0.23468481820116,FALSE,FALSE,FALSE,Concordant Down,NS
BCL2L13,-0.0456926011651149,-0.00548120395326279,FALSE,FALSE,FALSE,Concordant Down,NS
ASPN,-0.198757784535275,-0.619516126562409,FALSE,FALSE,FALSE,Concordant Down,NS
CACNG6,0.765701339045444,-0.49281828999155,FALSE,FALSE,FALSE,HR Up / LR Down,NS
OSBPL1A,0.182543666877265,0.70678039147765,FALSE,FALSE,FALSE,Concordant Up,NS
HDHD5,-0.245555354280235,-0.467909892732401,FALSE,FALSE,FALSE,Concordant Down,NS
EIF2A,0.0318753250711232,0.20368685130699,FALSE,FALSE,FALSE,Concordant Up,NS
MRPL13,-0.299881902831237,0.233582273220303,FALSE,FALSE,FALSE,HR Down / LR Up,NS
MRPL9,0.627644434989111,0.946254039057738,FALSE,FALSE,FALSE,Concordant Up,NS
MRPL1,0.124142599792954,-0.158627671919401,FALSE,FALSE,FALSE,HR Up / LR Down,NS
TRIM54,0.556389619121994,0.348201263535074,FALSE,FALSE,FALSE,Concordant Up,NS
MRPL37,-0.606996523799115,-0.431561131471007,FALSE,FALSE,FALSE,Concordant Down,NS
UBL5,-0.137399943015506,-0.211562855133497,FALSE,FALSE,FALSE,Concordant Down,NS
NIBAN1,-0.608660324457212,-0.0882411353939432,FALSE,FALSE,FALSE,Concordant Down,NS
UBXN6,0.223927877469777,-0.436949306190584,FALSE,FALSE,FALSE,HR Up / LR Down,NS
API5,0.687964403491494,0.800151946479099,FALSE,FALSE,FALSE,Concordant Up,NS
UBE2O,0.406640455366801,-1.0726451681377,FALSE,TRUE,TRUE,HR Up / LR Down,Divergent
LNPK,0.100964021683421,-0.0837101399664704,FALSE,FALSE,FALSE,HR Up / LR Down,NS
PITHD1,0.260688675819175,0.682391757902359,FALSE,FALSE,FALSE,Concordant Up,NS
SLIRP,-0.181371064428429,0.0338370420249419,FALSE,FALSE,FALSE,HR Down / LR Up,NS
NIF3L1,-0.488678253931067,-0.0117019556688689,FALSE,FALSE,FALSE,Concordant Down,NS
ANKRD2,0.583750768770074,-0.0189591649627872,FALSE,FALSE,FALSE,HR Up / LR Down,NS
NAA50,-0.554123848231576,-0.100859426777085,FALSE,FALSE,FALSE,Concordant Down,NS
TMEM126A,-0.249114952766412,-0.309950048926765,FALSE,FALSE,FALSE,Concordant Down,NS
PAIP1,0.265502126251175,-0.436387557214442,FALSE,FALSE,FALSE,HR Up / LR Down,NS
TOLLIP,0.2681897990797,-0.210631626684439,FALSE,FALSE,FALSE,HR Up / LR Down,NS
PCBD2,-0.148403516236446,-0.0646344636242766,FALSE,FALSE,FALSE,Concordant Down,NS
NT5C3A,-0.41773146825713797,-0.136999185182709,FALSE,FALSE,FALSE,Concordant Down,NS
HDHD2,-0.155487092712605,0.0478975365582812,FALSE,FALSE,FALSE,HR Down / LR Up,NS
RAB1B,0.190636784201505,0.490602116773367,FALSE,FALSE,FALSE,Concordant Up,NS
C11orf54,-0.126334717179599,0.00238452717977111,FALSE,FALSE,FALSE,HR Down / LR Up,NS
RBM38,-0.19747147623783,0.0912543757693669,FALSE,FALSE,FALSE,HR Down / LR Up,NS
CYSTM1,0.192181213357253,0.352410705122377,FALSE,FALSE,FALSE,Concordant Up,NS
TMX4,0.275650886395596,-0.207117637297532,FALSE,FALSE,FALSE,HR Up / LR Down,NS
ISCU,0.671329020875977,-0.470740438500759,FALSE,FALSE,TRUE,HR Up / LR Down,Divergent
MYLK2,-0.733822525007287,8.3581715619374e-4,TRUE,FALSE,FALSE,HR Down / LR Up,HR
EHD4,-0.273390699363787,0.34445598864118,FALSE,FALSE,FALSE,HR Down / LR Up,NS
SH3BGRL3,0.530633199463544,0.899606714872885,FALSE,FALSE,FALSE,Concordant Up,NS
SLK,-0.0463507358923447,-0.872675556794645,FALSE,FALSE,FALSE,Concordant Down,NS
PPIL3,0.185788148436568,-0.125609924216299,FALSE,FALSE,FALSE,HR Up / LR Down,NS
PDCL3,-0.104663716666627,-0.106817480583294,FALSE,FALSE,FALSE,Concordant Down,NS
PPA2,-0.246281894950162,-0.175157965067537,FALSE,FALSE,FALSE,Concordant Down,NS
MRPL46,-0.388684528808298,0.245623908772469,FALSE,FALSE,FALSE,HR Down / LR Up,NS
C11orf68,-0.194745916141741,0.22449516145608,FALSE,FALSE,FALSE,HR Down / LR Up,NS
GHITM,-0.21504302525117,-0.630799899613711,FALSE,FALSE,FALSE,Concordant Down,NS
BOLA2,0.793850326476495,0.0761243067516446,TRUE,FALSE,FALSE,Concordant Up,HR
TMX1,0.491905160530781,-0.123114028686157,FALSE,FALSE,FALSE,HR Up / LR Down,NS
CHMP4B,-0.394587560291882,-0.36362765910258,FALSE,FALSE,FALSE,Concordant Down,NS
RWDD1,0.601536256601388,-0.552059656584397,FALSE,FALSE,TRUE,HR Up / LR Down,Divergent
RBKS,0.773261981940333,-0.439904423235756,FALSE,FALSE,FALSE,HR Up / LR Down,NS
FN3K,-0.205718016321981,0.1177771136344,FALSE,FALSE,FALSE,HR Down / LR Up,NS
RNPEP,-0.185491323869655,-0.136336874486002,FALSE,FALSE,FALSE,Concordant Down,NS
EHD1,0.104253875956491,-0.199872708344621,FALSE,FALSE,FALSE,HR Up / LR Down,NS
TMEM38A,0.383304225082806,0.275297174758769,FALSE,FALSE,FALSE,Concordant Up,NS
OPA3,0.177916275817669,-0.102585249762662,FALSE,FALSE,FALSE,HR Up / LR Down,NS
SYNC,0.64645330169467,0.192155539052855,FALSE,FALSE,FALSE,Concordant Up,NS
AAMDC,-0.454465274053483,-0.181901410231411,FALSE,FALSE,FALSE,Concordant Down,NS
PTGES2,-0.18888218534266701,-0.0779624235800469,FALSE,FALSE,FALSE,Concordant Down,NS
ACAD9,-0.49183231497187,0.268776478517058,FALSE,FALSE,FALSE,HR Down / LR Up,NS
METTL7A,-0.368608186492519,-0.00594911368721895,FALSE,FALSE,FALSE,Concordant Down,NS
COQ10B,-0.497165928066504,0.0706092999741692,FALSE,FALSE,FALSE,HR Down / LR Up,NS
GORASP2,0.168937609079663,-0.0331686971191125,FALSE,FALSE,FALSE,HR Up / LR Down,NS
JPT2,0.334172034997382,-0.659534449335704,FALSE,FALSE,TRUE,HR Up / LR Down,Divergent
SYNPO2L,0.333656744230847,-0.34744805666864,FALSE,FALSE,FALSE,HR Up / LR Down,NS
ARMT1,-0.289175148225407,0.288764010194125,FALSE,FALSE,FALSE,HR Down / LR Up,NS
SFXN1,-0.208670024114181,-0.028808007990591,FALSE,FALSE,FALSE,Concordant Down,NS
L2HGDH,-0.239918317596789,0.0826815116858555,FALSE,FALSE,FALSE,HR Down / LR Up,NS
CAB39L,-0.276960267937213,1.07336113727203,FALSE,FALSE,FALSE,HR Down / LR Up,NS
TBC1D17,-0.125572535942407,-0.224574898595808,FALSE,FALSE,FALSE,Concordant Down,NS
CARS2,-0.393988004555151,0.154142782982273,FALSE,FALSE,FALSE,HR Down / LR Up,NS
PPCS,0.160293500806983,0.376943132257301,FALSE,FALSE,FALSE,Concordant Up,NS
CACYBP,0.408476496188761,-0.00303715420463391,FALSE,FALSE,FALSE,HR Up / LR Down,NS
RRAGC,-0.115285606998526,-0.0239843234349983,FALSE,FALSE,FALSE,Concordant Down,NS
RDH14,0.269248234773784,-0.203776092575687,FALSE,FALSE,FALSE,HR Up / LR Down,NS
PARVB,-0.0520968222847529,-0.108311752730302,FALSE,FALSE,FALSE,Concordant Down,NS
TNS1,0.13972734893597,-0.053030215266233,FALSE,FALSE,FALSE,HR Up / LR Down,NS
PLGRKT,-0.24439625055739,0.300697698283525,FALSE,FALSE,FALSE,HR Down / LR Up,NS
GLOD4,0.207238857266368,-0.131520513011417,FALSE,FALSE,FALSE,HR Up / LR Down,NS
MCCC2,-0.544440577408587,-0.107449226534605,FALSE,FALSE,FALSE,Concordant Down,NS
HHATL,0.599277410235434,-0.123825706769548,FALSE,FALSE,FALSE,HR Up / LR Down,NS
PREB,-0.117798174532428,-0.740108980959391,FALSE,FALSE,FALSE,Concordant Down,NS
MRPL47,-0.4100890439409,0.35349802714143,FALSE,FALSE,FALSE,HR Down / LR Up,NS
JPH1,0.279891841697047,0.270557542966735,FALSE,FALSE,FALSE,Concordant Up,NS
APMAP,0.938549229033214,0.972808092819292,TRUE,TRUE,FALSE,Concordant Up,Shared
TXNRD2,-0.102867435067434,0.177327154113186,FALSE,FALSE,FALSE,HR Down / LR Up,NS
RAB18,0.146897646287801,0.0627536901398926,FALSE,FALSE,FALSE,Concordant Up,NS
PALMD,0.414026357654048,0.257432745911148,FALSE,FALSE,FALSE,Concordant Up,NS
VTA1,-0.224171883731724,-0.243588672340628,FALSE,FALSE,FALSE,Concordant Down,NS
SARS2,-0.0439223143408682,-0.140054356280434,FALSE,FALSE,FALSE,Concordant Down,NS
DYNLRB1,0.0657842849422927,-0.017519720038468,FALSE,FALSE,FALSE,HR Up / LR Down,NS
MYOZ1,0.5298517412396,-0.246925448504502,FALSE,FALSE,FALSE,HR Up / LR Down,NS
ISYNA1,-0.108218001070345,-0.0424802729936218,FALSE,FALSE,FALSE,Concordant Down,NS
ACOT13,-0.241016954344925,-0.106774472394751,FALSE,FALSE,FALSE,Concordant Down,NS
TIMMDC1,0.89617324207163,-0.49119057141359,FALSE,FALSE,TRUE,HR Up / LR Down,Divergent
RIC8A,0.947642015222637,0.285253183949315,FALSE,FALSE,FALSE,Concordant Up,NS
MRPL40,-0.710051783055675,-0.356734901895109,FALSE,FALSE,FALSE,Concordant Down,NS
TIGAR,0.961140113274524,1.32984767066732,FALSE,FALSE,FALSE,Concordant Up,NS
RTN4,0.123000742795607,-0.32920761395307,FALSE,FALSE,FALSE,HR Up / LR Down,NS
HINT3,-0.327388539790007,0.0724673844555639,FALSE,FALSE,FALSE,HR Down / LR Up,NS
PFDN4,0.0030039985253083,-0.129491026963365,FALSE,FALSE,FALSE,HR Up / LR Down,NS
NIT2,0.155740484331371,-0.00290503588439961,FALSE,FALSE,FALSE,HR Up / LR Down,NS
XPNPEP1,-0.0356775938515099,-0.0489655576256531,FALSE,FALSE,FALSE,Concordant Down,NS
GPHN,-0.665727879143327,0.289956919085451,FALSE,FALSE,FALSE,HR Down / LR Up,NS
BIN3,0.904260701371747,-0.253032135304686,FALSE,FALSE,TRUE,HR Up / LR Down,Divergent
PDLIM7,-0.37153227622262,0.316931061968457,FALSE,FALSE,FALSE,HR Down / LR Up,NS
ACSS2,-0.845543513136338,0.16543033837756,TRUE,FALSE,TRUE,HR Down / LR Up,Divergent
DIABLO,-0.305365548020525,-0.416568795351736,FALSE,FALSE,FALSE,Concordant Down,NS
SAR1A,-0.334307570320227,0.351942280663131,FALSE,FALSE,FALSE,HR Down / LR Up,NS
NANS,0.654938036547659,1.28908361015979,FALSE,TRUE,FALSE,Concordant Up,LR
MBNL1,0.175026885188647,-0.111612071191875,FALSE,FALSE,FALSE,HR Up / LR Down,NS
SMYD2,-0.0842926772111952,0.3439504693808,FALSE,FALSE,FALSE,HR Down / LR Up,NS
SDR39U1,0.228863254254744,-0.381110607172097,FALSE,FALSE,FALSE,HR Up / LR Down,NS
OSTC,-0.297650918355231,-0.117988757560571,FALSE,FALSE,FALSE,Concordant Down,NS
PHPT1,-0.00427530530824427,-0.475887205065753,FALSE,FALSE,FALSE,Concordant Down,NS
FAM114A2,-0.188043885508691,0.523689039712934,FALSE,FALSE,FALSE,HR Down / LR Up,NS
TOMM22,0.447970717301263,0.263853921369574,FALSE,FALSE,FALSE,Concordant Up,NS
LANCL2,-0.00767865193458661,0.275365183580028,FALSE,FALSE,FALSE,HR Down / LR Up,NS
FARSB,0.443123343767123,0.255188699170901,FALSE,FALSE,FALSE,Concordant Up,NS
IARS2,-0.135177443934392,-0.114524380182193,FALSE,FALSE,FALSE,Concordant Down,NS
ATG3,-1.09159402406281,0.422466772916394,FALSE,FALSE,TRUE,HR Down / LR Up,Divergent
SIRT3,-0.443182141231141,-0.583410495336935,FALSE,FALSE,FALSE,Concordant Down,NS
MAN2C1,-0.11826662623881,-0.462205225723796,FALSE,FALSE,FALSE,Concordant Down,NS
OLA1,0.249746299684436,-0.126467318305913,FALSE,FALSE,FALSE,HR Up / LR Down,NS
CUTC,-0.264641553142916,-0.00714598000712385,FALSE,FALSE,FALSE,Concordant Down,NS
ECHDC1,0.104735987457236,-0.422178055001087,FALSE,FALSE,FALSE,HR Up / LR Down,NS
ABHD10,-0.0947277785141942,-0.0758150717422268,FALSE,FALSE,FALSE,Concordant Down,NS
ABCF3,-0.0306397404402325,0.273813444896366,FALSE,FALSE,FALSE,HR Down / LR Up,NS
DDX19A,-0.177551081835201,-0.28714924363825,FALSE,FALSE,FALSE,Concordant Down,NS
SEPTIN11,-0.230690736581028,0.145667820355595,FALSE,FALSE,FALSE,HR Down / LR Up,NS
PARVA,0.361694228590515,-0.472664948297083,FALSE,FALSE,FALSE,HR Up / LR Down,NS
PANK4,-0.455053312491021,-0.0337263290494576,FALSE,FALSE,FALSE,Concordant Down,NS
TMLHE,-0.00430396987967541,0.255583906051243,FALSE,FALSE,FALSE,HR Down / LR Up,NS
ATAD3A,-0.31603274222794703,0.090376875330282,FALSE,FALSE,FALSE,HR Down / LR Up,NS
ARL8B,0.0207673905335213,-0.152308550853455,FALSE,FALSE,FALSE,HR Up / LR Down,NS
PNPO,-0.206045280720183,-0.00858205450786897,FALSE,FALSE,FALSE,Concordant Down,NS
OXSM,-0.298982373023488,-0.155477802132932,FALSE,FALSE,FALSE,Concordant Down,NS
MRPL22,-0.318230959032633,-0.81907945181938,FALSE,TRUE,FALSE,Concordant Down,LR
CZIB,0.00655670844350453,0.206777040562876,FALSE,FALSE,FALSE,Concordant Up,NS
NDUFB11,0.144138116372499,-0.0176693124607219,FALSE,FALSE,FALSE,HR Up / LR Down,NS
OCIAD1,-0.33486548661606,-0.153912364428084,FALSE,FALSE,FALSE,Concordant Down,NS
CHCHD3,-0.225988477276644,-0.185052803232914,FALSE,FALSE,FALSE,Concordant Down,NS
SIRT5,-0.467001655278139,-0.322302048686048,FALSE,FALSE,FALSE,Concordant Down,NS
PGPEP1,-0.111997392183643,-0.381625327500011,FALSE,FALSE,FALSE,Concordant Down,NS
DPP3,0.151263935688906,-0.0336911509369706,FALSE,FALSE,FALSE,HR Up / LR Down,NS
TUBA8,-0.534704907489925,-0.0587826324438758,FALSE,FALSE,FALSE,Concordant Down,NS
MAP3K20,0.13186657157484,0.262576338368895,FALSE,FALSE,FALSE,Concordant Up,NS
UGGT1,-0.332148699005625,0.131601778010449,FALSE,FALSE,FALSE,HR Down / LR Up,NS
TECR,0.307334026766416,0.10570567902646,FALSE,FALSE,FALSE,Concordant Up,NS
ERAP1,-0.0458653582958775,0.0273659109244946,FALSE,FALSE,FALSE,HR Down / LR Up,NS
CISD1,0.0821807978936455,-0.200910067138253,FALSE,FALSE,FALSE,HR Up / LR Down,NS
CLIC5,-0.584574084098232,0.0526266835088371,FALSE,FALSE,FALSE,HR Down / LR Up,NS
COQ3,-0.686050339347645,0.0281214738853031,TRUE,FALSE,FALSE,HR Down / LR Up,HR
HSPBP1,-0.158284463349652,-0.181509574901003,FALSE,FALSE,FALSE,Concordant Down,NS
MAT2B,-0.243117172639,-0.181122121809164,FALSE,FALSE,FALSE,Concordant Down,NS
MYOF,-0.0645121746091029,-0.0777651592870541,FALSE,FALSE,FALSE,Concordant Down,NS
EHD2,0.0660062712250742,-0.360866728687842,FALSE,FALSE,FALSE,HR Up / LR Down,NS
TMOD4,0.239849732205638,0.293520894547253,FALSE,FALSE,FALSE,Concordant Up,NS
LMCD1,-0.304391447769291,0.100930154936634,FALSE,FALSE,FALSE,HR Down / LR Up,NS
CNIH4,-0.145964425169559,0.269078983139185,FALSE,FALSE,FALSE,HR Down / LR Up,NS
NDUFAF4,-0.6101047097826,-0.563039562624464,FALSE,FALSE,FALSE,Concordant Down,NS
NDUFA13,-0.0523715599513714,-0.0348390743631022,FALSE,FALSE,FALSE,Concordant Down,NS
PDP1,-0.217106227208223,-0.168814559946465,FALSE,FALSE,FALSE,Concordant Down,NS
VAPA,0.288883089430545,0.437975471971658,FALSE,FALSE,FALSE,Concordant Up,NS
MTRES1,-0.49897519934779,-0.221718064699921,FALSE,FALSE,FALSE,Concordant Down,NS
TMEM14C,0.496582436504681,0.167942137280505,FALSE,FALSE,FALSE,Concordant Up,NS
TOMM7,0.315565976878307,0.107795389345831,FALSE,FALSE,FALSE,Concordant Up,NS
LARS1,0.161761568915498,0.152824675391557,FALSE,FALSE,FALSE,Concordant Up,NS
SUCLA2,-0.298323087540368,-0.151428381064637,FALSE,FALSE,FALSE,Concordant Down,NS
ATXN10,-0.338498009159618,-0.124509451483327,FALSE,FALSE,FALSE,Concordant Down,NS
EPS15L1,-0.0372065046743977,0.149441453393017,FALSE,FALSE,FALSE,HR Down / LR Up,NS
RNF7,-0.0319150010102831,-0.277607201470058,FALSE,FALSE,FALSE,Concordant Down,NS
MYOT,0.0963758707323308,0.097906728012429,FALSE,FALSE,FALSE,Concordant Up,NS
MRC2,-0.125455806182604,-0.548109571888542,FALSE,FALSE,FALSE,Concordant Down,NS
GNG12,-0.280896945085768,-0.202291812946012,FALSE,FALSE,FALSE,Concordant Down,NS
VPS29,-0.204957632352912,-0.573154801675738,FALSE,FALSE,FALSE,Concordant Down,NS
EIF3K,-0.262642880410667,-0.0973332146331494,FALSE,FALSE,FALSE,Concordant Down,NS
GRHPR,-0.12468673592079,-0.119023365778258,FALSE,FALSE,FALSE,Concordant Down,NS
UBA2,-0.182229324273489,0.153439645619493,FALSE,FALSE,FALSE,HR Down / LR Up,NS
COPS7A,-0.154580723870623,-0.351968440583338,FALSE,FALSE,FALSE,Concordant Down,NS
FBLN5,-0.370850085089341,-0.577796527075865,FALSE,FALSE,FALSE,Concordant Down,NS
HSPB7,-0.30149340282593,-0.078240051082421,FALSE,FALSE,FALSE,Concordant Down,NS
CLIP2,0.477560711828865,-0.16602511435924,FALSE,FALSE,FALSE,HR Up / LR Down,NS
UQCR10,-0.17496429894717,0.504004870667465,FALSE,FALSE,FALSE,HR Down / LR Up,NS
MTFP1,0.187314071794319,-0.205460226454122,FALSE,FALSE,FALSE,HR Up / LR Down,NS
DNAJB4,0.92085145002811,0.265882134643235,TRUE,FALSE,FALSE,Concordant Up,HR
NIPSNAP3A,0.162362448434603,0.242043500296937,FALSE,FALSE,FALSE,Concordant Up,NS
ABCF2,0.103280399305365,0.674049014024291,FALSE,FALSE,FALSE,Concordant Up,NS
LAMTOR3,0.046495699678605,0.235177138105637,FALSE,FALSE,FALSE,Concordant Up,NS
CHORDC1,0.5718672167181,-1.18649179188393,FALSE,TRUE,TRUE,HR Up / LR Down,Divergent
SEPTIN9,-0.0500963417711304,-1.17288859728278,FALSE,TRUE,TRUE,Concordant Down,Divergent
PCYOX1,-0.315310902280522,-0.0965458078357351,FALSE,FALSE,FALSE,Concordant Down,NS
SMPX,-0.118446224811052,0.223379800003162,FALSE,FALSE,FALSE,HR Down / LR Up,NS
BCAP29,-0.44456635962457,0.16845895290102,FALSE,FALSE,FALSE,HR Down / LR Up,NS
CYB5R1,0.274759420878272,-0.368095928819084,FALSE,FALSE,TRUE,HR Up / LR Down,Divergent
PFDN2,-0.184814755173662,-0.0109760332587854,FALSE,FALSE,FALSE,Concordant Down,NS
ENOPH1,-0.279057490360785,0.107298833477454,FALSE,FALSE,FALSE,HR Down / LR Up,NS
NDUFA12,-0.196362796064037,-0.094848724876293,FALSE,FALSE,FALSE,Concordant Down,NS
ATP6V1H,-0.222045282582499,-0.508822379480858,FALSE,FALSE,FALSE,Concordant Down,NS
TRMT112,0.147162987750548,-0.0876998948034746,FALSE,FALSE,FALSE,HR Up / LR Down,NS
XPO7,-0.608765243582038,-0.272194525844668,FALSE,FALSE,FALSE,Concordant Down,NS
LCMT1,-0.519790466438401,-0.226572816357912,FALSE,FALSE,FALSE,Concordant Down,NS
AK3,-0.163170051357302,-0.189598592576068,FALSE,FALSE,FALSE,Concordant Down,NS
NAGK,0.743194505948004,0.243278538339688,TRUE,FALSE,FALSE,Concordant Up,HR
SLC25A13,-0.248134770897988,0.082802289106489,FALSE,FALSE,FALSE,HR Down / LR Up,NS
DCTN4,0.0292151901459228,-0.29362401449222,FALSE,FALSE,FALSE,HR Up / LR Down,NS
HSPB8,0.152715522807604,0.0554116094570318,FALSE,FALSE,FALSE,Concordant Up,NS
STOML2,0.11781813217878,-0.608440100137877,FALSE,TRUE,TRUE,HR Up / LR Down,Divergent
APPL1,-0.0183447322512009,-0.527803533302563,FALSE,FALSE,FALSE,Concordant Down,NS
PACSIN3,0.307990416446579,-0.0714447739942194,FALSE,FALSE,FALSE,HR Up / LR Down,NS
ACAD8,-0.609769885210028,-0.00711956221488563,FALSE,FALSE,FALSE,Concordant Down,NS
AGO2,0.0898598782189737,0.112501159184536,FALSE,FALSE,FALSE,Concordant Up,NS
MYH2,0.482677073082886,0.333138193918341,FALSE,FALSE,FALSE,Concordant Up,NS
MYH13,0.580887532979695,0.761276174886387,FALSE,FALSE,FALSE,Concordant Up,NS
CDV3,0.535620781749095,0.0993332209017588,FALSE,FALSE,FALSE,Concordant Up,NS
RAB21,0.260849343126601,-0.33432913339319,FALSE,FALSE,FALSE,HR Up / LR Down,NS
PSME2,0.543950914726395,-0.0468832677772077,FALSE,FALSE,FALSE,HR Up / LR Down,NS
DNPEP,-0.0277360901708974,-0.0666616087301435,FALSE,FALSE,FALSE,Concordant Down,NS
MCTS1,0.27735166201969,-0.37690776061379,FALSE,FALSE,FALSE,HR Up / LR Down,NS
HECTD1,-3.8132072036845e-4,0.404631719523604,FALSE,FALSE,FALSE,HR Down / LR Up,NS
CA14,0.0657380959163341,0.0654362402638249,FALSE,FALSE,FALSE,Concordant Up,NS
TMCO1,-0.483238907073122,-0.105690771953089,FALSE,FALSE,FALSE,Concordant Down,NS
EPDR1,0.0012785433242577,-0.0657974185576791,FALSE,FALSE,FALSE,HR Up / LR Down,NS
MYO6,-0.294193579630729,-0.22174307195839,FALSE,FALSE,FALSE,Concordant Down,NS
DDX19B,0.287823161784516,0.276542012781054,FALSE,FALSE,FALSE,Concordant Up,NS
NFU1,-0.477391602602257,-0.443286716319626,FALSE,FALSE,FALSE,Concordant Down,NS
SYNPO2,0.861761620326867,0.7619962251635,FALSE,FALSE,FALSE,Concordant Up,NS
UBQLN1,-0.201581834110765,-0.0192789280480881,FALSE,FALSE,FALSE,Concordant Down,NS
NDRG2,-0.149260310563182,-0.0270406920042525,FALSE,FALSE,FALSE,Concordant Down,NS
VPS4A,-0.399455238653747,0.0615326275688233,FALSE,FALSE,FALSE,HR Down / LR Up,NS
STUB1,0.339928612833639,0.0152681253072764,FALSE,FALSE,FALSE,Concordant Up,NS
PSMD13,0.0127832419738496,-0.172517943810966,FALSE,FALSE,FALSE,HR Up / LR Down,NS
COPS3,-0.538641674716487,-0.314372210246916,FALSE,FALSE,FALSE,Concordant Down,NS
NSFL1C,0.141623255788765,-0.0236148354171064,FALSE,FALSE,FALSE,HR Up / LR Down,NS
PLCL2,-0.321633684371063,-0.467440820216664,FALSE,FALSE,FALSE,Concordant Down,NS
MAPRE3,0.242368072626931,-0.535738223649023,FALSE,FALSE,TRUE,HR Up / LR Down,Divergent
SHOC2,0.267672509829557,0.383309709886609,FALSE,FALSE,FALSE,Concordant Up,NS
PA2G4,0.471147020153239,0.328295092210482,FALSE,FALSE,FALSE,Concordant Up,NS
SPG7,-0.0316640346351527,-0.395027021789531,FALSE,FALSE,FALSE,Concordant Down,NS
CAMK2A,-0.184772656793651,0.104811210242197,FALSE,FALSE,FALSE,HR Down / LR Up,NS
RTRAF,0.0180665962950748,-0.146720667984152,FALSE,FALSE,FALSE,HR Up / LR Down,NS
RUVBL2,0.0633121875115492,0.173867455124466,FALSE,FALSE,FALSE,Concordant Up,NS
APOBEC2,-0.18791709732508,-0.0787174084059252,FALSE,FALSE,FALSE,Concordant Down,NS
PIN4,0.0518931642277956,-0.239794645332172,FALSE,FALSE,FALSE,HR Up / LR Down,NS
HIGD1A,-0.542130255113307,0.493578541513003,FALSE,FALSE,FALSE,HR Down / LR Up,NS
EIF3L,-0.250829018957102,0.467773110176687,FALSE,FALSE,FALSE,HR Down / LR Up,NS
PLAA,0.0664254369915831,-0.258886534518318,FALSE,FALSE,FALSE,HR Up / LR Down,NS
RUVBL1,0.460377085043707,-0.326018346321423,FALSE,FALSE,TRUE,HR Up / LR Down,Divergent
NUDC,0.212209545942674,-0.271939315355681,FALSE,FALSE,FALSE,HR Up / LR Down,NS
BCS1L,0.00217896743914636,0.04408710137821,FALSE,FALSE,FALSE,Concordant Up,NS
VDAC3,-0.0166671570761778,-0.0127763691202389,FALSE,FALSE,FALSE,Concordant Down,NS
CFL2,-0.0249416819629786,-0.166077603463833,FALSE,FALSE,FALSE,Concordant Down,NS
FARSA,0.904766550162066,-0.0407252261406974,TRUE,FALSE,FALSE,HR Up / LR Down,HR
DRG1,0.231711401393294,0.553737788921033,FALSE,FALSE,FALSE,Concordant Up,NS
CNPY2,-0.282260536094842,0.118190429427131,FALSE,FALSE,FALSE,HR Down / LR Up,NS
STK38L,0.168324950858523,-0.354667304408164,FALSE,FALSE,FALSE,HR Up / LR Down,NS
PADI2,0.716412682390782,0.00356916707668731,TRUE,FALSE,FALSE,Concordant Up,HR
GSTK1,-0.425568265503657,-0.0880837293561534,FALSE,FALSE,FALSE,Concordant Down,NS
LAMTOR2,-0.163530351473685,-0.507993718284357,FALSE,FALSE,FALSE,Concordant Down,NS
MRPS28,0.270733403896035,0.0483040867626663,FALSE,FALSE,FALSE,Concordant Up,NS
COA3,-0.279432848007183,0.525502911787605,FALSE,FALSE,FALSE,HR Down / LR Up,NS
MRPS17,-0.247017740367287,0.407822578913557,FALSE,FALSE,FALSE,HR Down / LR Up,NS
POLDIP2,-0.502014434331608,-0.0881859256025663,FALSE,FALSE,FALSE,Concordant Down,NS
SUGT1,0.358681018045047,-0.284814619046966,FALSE,FALSE,FALSE,HR Up / LR Down,NS
COQ6,0.00424996417370593,-0.118912333175484,FALSE,FALSE,FALSE,HR Up / LR Down,NS
ACOT9,0.193850741677231,0.0501908003038203,FALSE,FALSE,FALSE,Concordant Up,NS
MEMO1,0.0351342515295894,0.232100016379478,FALSE,FALSE,FALSE,Concordant Up,NS
LSM2,0.399961064750663,1.05874675512572,FALSE,TRUE,FALSE,Concordant Up,LR
SH3GLB1,0.274461481248508,-0.0431263790308485,FALSE,FALSE,FALSE,HR Up / LR Down,NS
CAB39,-0.0742889229665948,-0.0310478534316694,FALSE,FALSE,FALSE,Concordant Down,NS
DHRS7,0.554682585732223,-0.0783399461198719,FALSE,FALSE,FALSE,HR Up / LR Down,NS
MOB4,0.225948595559036,0.65055858501961,FALSE,TRUE,FALSE,Concordant Up,LR
SBDS,0.144333454863958,-0.162990541403712,FALSE,FALSE,FALSE,HR Up / LR Down,NS
TMED5,0.174789888373073,0.0699030549509914,FALSE,FALSE,FALSE,Concordant Up,NS
TPRKB,-1.58401480345606,0.0501753186281508,TRUE,FALSE,TRUE,HR Down / LR Up,Divergent
PPIL1,0.0292016339795182,0.279296990249431,FALSE,FALSE,FALSE,Concordant Up,NS
MSRB2,0.132359906528425,-0.00383652799307299,FALSE,FALSE,FALSE,HR Up / LR Down,NS
MRPS16,0.433753987331666,-0.667873926525214,FALSE,FALSE,FALSE,HR Up / LR Down,NS
FIS1,0.304009209851767,-0.47506713086478,FALSE,FALSE,FALSE,HR Up / LR Down,NS
MRPS23,-0.0739821611656168,-0.113152028020153,FALSE,FALSE,FALSE,Concordant Down,NS
STRAP,0.103610527000079,0.0471711293835604,FALSE,FALSE,FALSE,Concordant Up,NS
RTCB,0.267845078001017,-0.141457113952793,FALSE,FALSE,FALSE,HR Up / LR Down,NS
RPL36,0.337733846948566,-0.0172260148657628,FALSE,FALSE,FALSE,HR Up / LR Down,NS
HBS1L,-0.350038761042555,-0.105284293196537,FALSE,FALSE,FALSE,Concordant Down,NS
TLN1,0.240524388081507,0.360370153420739,FALSE,FALSE,FALSE,Concordant Up,NS
USP15,-0.382801241126263,0.214329269947921,FALSE,FALSE,FALSE,HR Down / LR Up,NS
TLN2,0.136727743996978,-0.00260324315476979,FALSE,FALSE,FALSE,HR Up / LR Down,NS
DTNA,-0.240117237630567,-0.119585096247889,FALSE,FALSE,FALSE,Concordant Down,NS
HYOU1,0.421439161391969,0.306799303937634,FALSE,FALSE,FALSE,Concordant Up,NS
AFG3L2,-0.302338049228997,-0.0541381714642242,FALSE,FALSE,FALSE,Concordant Down,NS
LSM4,0.0938901827592709,-0.848470320940333,FALSE,FALSE,FALSE,HR Up / LR Down,NS
RNF114,-0.153861337038967,-0.378931456196762,FALSE,FALSE,FALSE,Concordant Down,NS
SAMM50,-0.332476814881641,0.0118776141652965,FALSE,FALSE,FALSE,HR Down / LR Up,NS
PPME1,-0.125578022726692,0.129966218348777,FALSE,FALSE,FALSE,HR Down / LR Up,NS
TIMM9,-0.361281051143759,0.186661840982318,FALSE,FALSE,FALSE,HR Down / LR Up,NS
UCHL5,-0.28577056276675,0.166401187266143,FALSE,FALSE,FALSE,HR Down / LR Up,NS
TNPO3,0.0109297543105633,0.260785337016259,FALSE,FALSE,FALSE,Concordant Up,NS
TIMM13,-0.697799658726389,0.0575577323428291,FALSE,FALSE,FALSE,HR Down / LR Up,NS
SRPRB,0.224920403003175,0.360367543199153,FALSE,FALSE,FALSE,Concordant Up,NS
GMPPB,-0.85647516384214,0.199510792548459,TRUE,FALSE,TRUE,HR Down / LR Up,Divergent
MPC1,-0.0764456854091797,-1.63693608401153,FALSE,FALSE,FALSE,Concordant Down,NS
SNX5,0.0560834945400401,-0.0724710708077545,FALSE,FALSE,FALSE,HR Up / LR Down,NS
NUBP2,1.43149743236759,1.07762778085537,TRUE,FALSE,FALSE,Concordant Up,HR
HEBP2,-0.057470292691864,-0.0460707263975912,FALSE,FALSE,FALSE,Concordant Down,NS
FHOD1,-0.386407687004112,-0.128758760426873,FALSE,FALSE,FALSE,Concordant Down,NS
MYH4,0.397403427726946,0.0103854253062039,FALSE,FALSE,FALSE,Concordant Up,NS
MRPS18B,-0.557267470395221,0.516332123112079,FALSE,FALSE,FALSE,HR Down / LR Up,NS
CLIC4,0.293326989171238,-0.443088084634464,FALSE,FALSE,FALSE,HR Up / LR Down,NS
SPCS1,0.279018787896577,-0.287553106069204,FALSE,FALSE,FALSE,HR Up / LR Down,NS
SAR1B,-0.0756559538903652,-0.533709730696366,FALSE,FALSE,FALSE,Concordant Down,NS
MTCH2,0.0302462021608072,-0.142978576388572,FALSE,FALSE,FALSE,HR Up / LR Down,NS
BZW2,-0.484774901677188,0.0380231039971939,FALSE,FALSE,FALSE,HR Down / LR Up,NS
DYNC1LI1,0.426468462857923,0.145585770202239,FALSE,FALSE,FALSE,Concordant Up,NS
CHCHD2,-0.136429531430519,-0.23842210257709,FALSE,FALSE,FALSE,Concordant Down,NS
NDUFB9,-0.35826922321408,0.0549060313208187,FALSE,FALSE,FALSE,HR Down / LR Up,NS
SQOR,0.014898775675281,0.182183579902972,FALSE,FALSE,FALSE,Concordant Up,NS
SESN1,-0.493981351647825,-0.602904492663363,FALSE,FALSE,FALSE,Concordant Down,NS
