module,uniprot_id,gene,group,z
turquoise,A8MXV4,NUDT19,HR_T1,0.22327786724186427
turquoise,O00186,STXBP3,HR_T1,0.2581995311521422
turquoise,O00264,PGRMC1,HR_T1,-0.4254202995312931
turquoise,O00423,EML1,HR_T1,0.3889734499258978
turquoise,O00764,PDXK,HR_T1,0.07834174786872972
turquoise,O14556,GAPDHS,HR_T1,-0.5689559726595153
turquoise,O14737,PDCD5,HR_T1,-0.8107886563185172
turquoise,O14744,PRMT5,HR_T1,-0.3839442353330014
turquoise,O14818,PSMA7,HR_T1,0.0333792178984996
turquoise,O15382,BCAT2,HR_T1,-0.37765134463043737
turquoise,O43399,TPD52L2,HR_T1,-0.9332138746257714
turquoise,O43488,AKR7A2,HR_T1,-0.5347830841606592
turquoise,O43617,TRAPPC3,HR_T1,0.029435931554319037
turquoise,O43776,NARS1,HR_T1,-0.14204642377630797
turquoise,O43852,CALU,HR_T1,0.3856301040728983
turquoise,O60662,KLHL41,HR_T1,-0.01836760774722479
turquoise,O60664,PLIN3,HR_T1,-0.16769531531253914
turquoise,O60763,USO1,HR_T1,-0.6429701492398393
turquoise,O60825,PFKFB2,HR_T1,-0.22088452574955283
turquoise,O75083,WDR1,HR_T1,-0.11050997703765605
turquoise,O75131,CPNE3,HR_T1,-0.5781882158624326
turquoise,O75155,CAND2,HR_T1,-0.29803683055868807
turquoise,O75298,RTN2,HR_T1,-0.5862586565613795
turquoise,O75348,ATP6V1G1,HR_T1,-0.03559961872072933
turquoise,O75351,VPS4B,HR_T1,-0.7898631607519203
turquoise,O75396,SEC22B,HR_T1,0.23054640622824255
turquoise,O75436,VPS26A,HR_T1,-0.6921533382104262
turquoise,O75964,ATP5MG,HR_T1,-0.4909063863653538
turquoise,O94760,DDAH1,HR_T1,-0.09098608062190365
turquoise,O94919,ENDOD1,HR_T1,0.22667659536592866
turquoise,O95140,MFN2,HR_T1,-0.5296757737760004
turquoise,O95373,IPO7,HR_T1,-0.26755564462266956
turquoise,O95571,ETHE1,HR_T1,-0.2220461215142702
turquoise,O95747,OXSR1,HR_T1,-0.20476903744356015
turquoise,O95881,TXNDC12,HR_T1,0.04622445684811887
turquoise,P00352,ALDH1A1,HR_T1,-0.2410011174396066
turquoise,P00387,CYB5R3,HR_T1,-0.1312576929916991
turquoise,P00441,SOD1,HR_T1,0.2389289877119907
turquoise,P00846,MT-ATP6,HR_T1,-0.41663862989566025
turquoise,P02792,FTL,HR_T1,-0.04529234209567364
turquoise,P02794,FTH1,HR_T1,0.32557859869170214
turquoise,P03897,MT-ND3,HR_T1,-0.37006574697529154
turquoise,P04075,ALDOA,HR_T1,-0.2500104423242666
turquoise,P04792,HSPB1,HR_T1,-0.008746186766528925
turquoise,P05023,ATP1A1,HR_T1,-0.6569801801289018
turquoise,P05787,KRT8,HR_T1,-0.10815330977726802
turquoise,P07099,EPHX1,HR_T1,-0.12564342393759015
turquoise,P07108,DBI,HR_T1,0.06045949435052855
turquoise,P07203,GPX1,HR_T1,-0.37609282460171395
turquoise,P07737,PFN1,HR_T1,-0.1955820285081799
turquoise,P07900,HSP90AA1,HR_T1,-0.5247389514555484
turquoise,P09417,QDPR,HR_T1,0.16105164777047135
turquoise,P09960,LTA4H,HR_T1,-0.07625410896184874
turquoise,P09972,ALDOC,HR_T1,-0.2873523812960124
turquoise,P0DP23,CALM1,HR_T1,-0.12124438823497583
turquoise,P10599,TXN,HR_T1,0.017836645901906097
turquoise,P11142,HSPA8,HR_T1,-0.36928912057003344
turquoise,P12081,HARS1,HR_T1,-0.33028713354899303
turquoise,P12268,IMPDH2,HR_T1,0.13992375425158005
turquoise,P12277,CKB,HR_T1,-0.7787475781769538
turquoise,P12956,XRCC6,HR_T1,0.3561180829010101
turquoise,P13693,TPT1,HR_T1,-0.03793714931669286
turquoise,P14621,ACYP2,HR_T1,-0.322222454992573
turquoise,P14678,SNRPB,HR_T1,0.14511509270382597
turquoise,P14868,DARS1,HR_T1,-0.45948347224066516
turquoise,P15531,NME1,HR_T1,-0.23135775878739834
turquoise,P15927,RPA2,HR_T1,0.3677690948942018
turquoise,P17858,PFKL,HR_T1,-0.0712743796998571
turquoise,P17987,TCP1,HR_T1,-0.6166272640589188
turquoise,P19623,SRM,HR_T1,-0.17613571181344917
turquoise,P20042,EIF2S2,HR_T1,-0.2045624499838087
turquoise,P20340,RAB6A,HR_T1,-0.3531731769617246
turquoise,P20618,PSMB1,HR_T1,0.052818685014777635
turquoise,P21281,ATP6V1B2,HR_T1,-0.21417162735413312
turquoise,P22033,MMUT,HR_T1,-0.10279715817804434
turquoise,P22307,SCP2,HR_T1,-0.15792299459831602
turquoise,P23434,GCSH,HR_T1,0.09520904200553564
turquoise,P24539,ATP5PB,HR_T1,0.4326457725134376
turquoise,P24666,ACP1,HR_T1,-0.04586706136039439
turquoise,P25705,ATP5F1A,HR_T1,-0.5177217973262213
turquoise,P26885,FKBP2,HR_T1,-0.1953523715103486
turquoise,P27797,CALR,HR_T1,-0.7545305519046218
turquoise,P29218,IMPA1,HR_T1,0.29435779807564527
turquoise,P30038,ALDH4A1,HR_T1,-0.7988076685979865
turquoise,P30041,PRDX6,HR_T1,-0.14109383681558385
turquoise,P30046,DDT,HR_T1,0.4163885396212356
turquoise,P30086,PEBP1,HR_T1,0.18994752844020352
turquoise,P30520,ADSS2,HR_T1,-0.3146663045775689
turquoise,P30622,CLIP1,HR_T1,-0.21184677465125826
turquoise,P31153,MAT2A,HR_T1,-0.4410844979713862
turquoise,P31415,CASQ1,HR_T1,0.5070011189864917
turquoise,P31937,HIBADH,HR_T1,-0.35456689211491366
turquoise,P34896,SHMT1,HR_T1,-0.5717544370465256
turquoise,P35080,PFN2,HR_T1,0.1610279278182185
turquoise,P35908,KRT2,HR_T1,-0.0018928244843589967
turquoise,P36405,ARL3,HR_T1,-0.09755419223742239
turquoise,P36776,LONP1,HR_T1,-0.8994056461290977
turquoise,P36969,GPX4,HR_T1,-0.02783807640152452
turquoise,P37837,TALDO1,HR_T1,-0.5023212550472872
turquoise,P41091,EIF2S3,HR_T1,-0.03170266475413625
turquoise,P41567,EIF1,HR_T1,-0.5100491063750399
turquoise,P43304,GPD2,HR_T1,0.1473359357731141
turquoise,P45381,ASPA,HR_T1,-0.16918072509294207
turquoise,P46109,CRKL,HR_T1,-0.4582626287148345
turquoise,P46459,NSF,HR_T1,-0.5464643376725947
turquoise,P46926,GNPDA1,HR_T1,0.15648817273938817
turquoise,P48059,LIMS1,HR_T1,-0.1582763885831542
turquoise,P48163,ME1,HR_T1,0.3248747692274347
turquoise,P48449,LSS,HR_T1,0.34157865221370237
turquoise,P49368,CCT3,HR_T1,-0.32418408458772463
turquoise,P49419,ALDH7A1,HR_T1,-0.16810002948732158
turquoise,P49458,SRP9,HR_T1,-0.461455138004711
turquoise,P49720,PSMB3,HR_T1,0.4135689280259856
turquoise,P49721,PSMB2,HR_T1,-0.3414214256862337
turquoise,P49748,ACADVL,HR_T1,-0.5522343245646454
turquoise,P50213,IDH3A,HR_T1,-0.45300503559436073
turquoise,P50416,CPT1A,HR_T1,-0.7441418021271087
turquoise,P50993,ATP1A2,HR_T1,-0.10114156378920305
turquoise,P51148,RAB5C,HR_T1,-0.08347543904876142
turquoise,P51452,DUSP3,HR_T1,0.4232353699349414
turquoise,P52888,THOP1,HR_T1,0.04235224942607677
turquoise,P52907,CAPZA1,HR_T1,-0.22777688787986153
turquoise,P53621,COPA,HR_T1,-0.5585895315141304
turquoise,P53814,SMTN,HR_T1,0.31408585857490084
turquoise,P53985,SLC16A1,HR_T1,-0.633893440213831
turquoise,P53992,SEC24C,HR_T1,-0.3285518761862471
turquoise,P54136,RARS1,HR_T1,-0.08747581453802404
turquoise,P54652,HSPA2,HR_T1,0.6954478368966018
turquoise,P55290,CDH13,HR_T1,0.06805708372774293
turquoise,P55809,OXCT1,HR_T1,-0.02457402782616677
turquoise,P56556,NDUFA6,HR_T1,-0.4387209091475361
turquoise,P58546,MTPN,HR_T1,-0.38844948021845216
turquoise,P60891,PRPS1,HR_T1,0.04126060741039695
turquoise,P61019,RAB2A,HR_T1,-0.38838985480531557
turquoise,P61077,UBE2D3,HR_T1,-0.4605447253535285
turquoise,P61081,UBE2M,HR_T1,0.21613799272554893
turquoise,P61086,UBE2K,HR_T1,0.2688412771448842
turquoise,P61106,RAB14,HR_T1,-0.3670306740889823
turquoise,P61201,COPS2,HR_T1,-0.04750712849038178
turquoise,P61925,PKIA,HR_T1,0.0677385996036063
turquoise,P62241,RPS8,HR_T1,-0.5213360416628595
turquoise,P62318,SNRPD3,HR_T1,-0.005128083617819483
turquoise,P62330,ARF6,HR_T1,-0.38216738894489416
turquoise,P62333,PSMC6,HR_T1,0.35152530967304685
turquoise,P62495,ETF1,HR_T1,-0.6345955655960974
turquoise,P62834,RAP1A,HR_T1,-0.07038432439238265
turquoise,P62979,RPS27A,HR_T1,-0.18309226142995755
turquoise,P63098,PPP3R1,HR_T1,0.06127767530314172
turquoise,P63172,DYNLT1,HR_T1,-0.7304269242788799
turquoise,P63279,UBE2I,HR_T1,-0.056880136543984064
turquoise,P67809,YBX1,HR_T1,-0.9028296086014899
turquoise,P68366,TUBA4A,HR_T1,0.3090691966855864
turquoise,P68371,TUBB4B,HR_T1,0.1455132190262855
turquoise,P68400,CSNK2A1,HR_T1,-0.31524454381295586
turquoise,P68402,PAFAH1B2,HR_T1,0.13514126447648467
turquoise,P78344,EIF4G2,HR_T1,-0.44371775300473953
turquoise,P78417,GSTO1,HR_T1,0.3132616584496956
turquoise,Q01469,FABP5,HR_T1,-0.6053145163960821
turquoise,Q02790,FKBP4,HR_T1,-0.7580088576212273
turquoise,Q02978,SLC25A11,HR_T1,-0.5904776695531607
turquoise,Q04759,PRKCQ,HR_T1,-0.004781003664079361
turquoise,Q06124,PTPN11,HR_T1,0.24504767945564368
turquoise,Q09028,RBBP4,HR_T1,-0.42562571948193256
turquoise,Q12907,LMAN2,HR_T1,-0.8537776118930583
turquoise,Q13085,ACACA,HR_T1,-0.4734966033916171
turquoise,Q13098,GPS1,HR_T1,-0.21771064598385986
turquoise,Q13155,AIMP2,HR_T1,-0.42388750708795414
turquoise,Q13177,PAK2,HR_T1,-0.5761333793542903
turquoise,Q13200,PSMD2,HR_T1,-0.3669402497840503
turquoise,Q13228,SELENBP1,HR_T1,-0.040992785303337734
turquoise,Q13442,PDAP1,HR_T1,0.027197565240684878
turquoise,Q13510,ASAH1,HR_T1,-0.26373445122398703
turquoise,Q13561,DCTN2,HR_T1,0.25853335278408435
turquoise,Q13616,CUL1,HR_T1,0.08599537016924594
turquoise,Q13683,ITGA7,HR_T1,-0.3072401330875692
turquoise,Q13838,DDX39B,HR_T1,-0.21505474582061426
turquoise,Q13884,SNTB1,HR_T1,-0.07587161798490108
turquoise,Q14141,SEPTIN6,HR_T1,-0.3726778747347633
turquoise,Q15102,PAFAH1B3,HR_T1,-0.12527431308684625
turquoise,Q15172,PPP2R5A,HR_T1,-0.07822719129591119
turquoise,Q15181,PPA1,HR_T1,-0.4720483487973248
turquoise,Q15185,PTGES3,HR_T1,-0.407453454112136
turquoise,Q15233,NONO,HR_T1,-0.330595662716476
turquoise,Q15257,PTPA,HR_T1,-0.5731277374765439
turquoise,Q15365,PCBP1,HR_T1,-0.5946591942439454
turquoise,Q15435,PPP1R7,HR_T1,0.11065899632466958
turquoise,Q15631,TSN,HR_T1,-0.3129768770902127
turquoise,Q15746,MYLK,HR_T1,0.1840172634512665
turquoise,Q15843,NEDD8,HR_T1,-0.1485563197933318
turquoise,Q16595,FXN,HR_T1,-0.8154183215917621
turquoise,Q16762,TST,HR_T1,-0.014431349764154224
turquoise,Q16773,KYAT1,HR_T1,0.0884972513622363
turquoise,Q16816,PHKG1,HR_T1,0.0593563192850362
turquoise,Q16890,TPD52L1,HR_T1,0.21605098985924132
turquoise,Q2TBA0,KLHL40,HR_T1,-0.17604854663378894
turquoise,Q3SXM5,HSDL1,HR_T1,-0.2172059637777908
turquoise,Q49AH0,CDNF,HR_T1,0.09366362814761701
turquoise,Q4G0W2,DUSP28,HR_T1,-0.20490510457531919
turquoise,Q53H82,LACTB2,HR_T1,-0.35494355681348744
turquoise,Q5HYK3,COQ5,HR_T1,-0.5191118896763687
turquoise,Q5U5X0,LYRM7,HR_T1,-0.661310712374319
turquoise,Q5XPI4,RNF123,HR_T1,-0.004571740858610911
turquoise,Q6IPR1,ETFRF1,HR_T1,0.07315020213095612
turquoise,Q6IQ22,RAB12,HR_T1,0.18514128098663787
turquoise,Q6P1N9,TATDN1,HR_T1,0.3709404633462352
turquoise,Q6ZMU5,TRIM72,HR_T1,0.46264389260292355
turquoise,Q7L1Q6,BZW1,HR_T1,-0.06944215127466884
turquoise,Q86TD4,SRL,HR_T1,-0.15021900845591052
turquoise,Q86VP6,CAND1,HR_T1,0.2135222508091932
turquoise,Q86X76,NIT1,HR_T1,-0.11620124994103613
turquoise,Q8IUZ5,PHYKPL,HR_T1,-0.237068835972337
turquoise,Q8IWW8,ADHFE1,HR_T1,-0.5884662679016971
turquoise,Q8N1G4,LRRC47,HR_T1,-0.6195746513338459
turquoise,Q8N335,GPD1L,HR_T1,-0.12702090639198194
turquoise,Q8N5M9,JAGN1,HR_T1,0.41152093680137114
turquoise,Q8N6M3,FITM2,HR_T1,0.19594815387459294
turquoise,Q8NI60,COQ8A,HR_T1,0.47469889836712614
turquoise,Q8TBC4,UBA3,HR_T1,0.6811363490542999
turquoise,Q8TDX7,NEK7,HR_T1,-0.2668492907787624
turquoise,Q8WW22,DNAJA4,HR_T1,-0.6850037627832298
turquoise,Q8WWV3,RTN4IP1,HR_T1,-0.5954372282603794
turquoise,Q8WZA0,LZIC,HR_T1,-0.04077841361081443
turquoise,Q92530,PSMF1,HR_T1,-0.2496298842187177
turquoise,Q92890,UFD1,HR_T1,-0.2764216912063792
turquoise,Q93084,ATP2A3,HR_T1,-0.1353227102165826
turquoise,Q96CN7,ISOC1,HR_T1,0.43647050978304686
turquoise,Q96HN2,AHCYL2,HR_T1,0.7276151510697939
turquoise,Q96IU4,ABHD14B,HR_T1,0.1782557012508104
turquoise,Q96IV0,NGLY1,HR_T1,0.1657126812915577
turquoise,Q96JJ7,TMX3,HR_T1,0.03548512295007571
turquoise,Q99627,COPS8,HR_T1,0.12815828307156232
turquoise,Q99873,PRMT1,HR_T1,-0.254469414883608
turquoise,Q9BQ69,MACROD1,HR_T1,0.712063225255179
turquoise,Q9BQA1,WDR77,HR_T1,-0.25744062068690654
turquoise,Q9BRX8,PRXL2A,HR_T1,0.11289687459982274
turquoise,Q9BS26,ERP44,HR_T1,-0.08082957257661463
turquoise,Q9BT78,COPS4,HR_T1,0.25696668046129983
turquoise,Q9BTE6,AARSD1,HR_T1,-0.008448057009217977
turquoise,Q9BUR5,APOO,HR_T1,-0.5152423310886206
turquoise,Q9BVC6,TMEM109,HR_T1,-0.24106261867694562
turquoise,Q9BXB4,OSBPL11,HR_T1,0.39218437486881436
turquoise,Q9C0E8,LNPK,HR_T1,-0.15998039095489386
turquoise,Q9GZT8,NIF3L1,HR_T1,-0.16211147544330937
turquoise,Q9GZZ1,NAA50,HR_T1,-0.11300131058555049
turquoise,Q9H0E2,TOLLIP,HR_T1,0.35744988365028624
turquoise,Q9H0U4,RAB1B,HR_T1,-0.20455352170238866
turquoise,Q9H0W9,C11orf54,HR_T1,0.455069747462948
turquoise,Q9H0Z9,RBM38,HR_T1,-0.009431501484759273
turquoise,Q9H2J4,PDCL3,HR_T1,0.029342511133979194
turquoise,Q9H4A4,RNPEP,HR_T1,-0.2462850867934261
turquoise,Q9H993,ARMT1,HR_T1,0.8304002528540596
turquoise,Q9H9S4,CAB39L,HR_T1,0.17575911309006345
turquoise,Q9HA65,TBC1D17,HR_T1,0.07520454343230608
turquoise,Q9NP72,RAB18,HR_T1,-0.2003992882596903
turquoise,Q9NQE9,HINT3,HR_T1,-0.10426938867057396
turquoise,Q9NR31,SAR1A,HR_T1,-0.25060417743038144
turquoise,Q9NT62,ATG3,HR_T1,-0.2568527879414847
turquoise,Q9NUU7,DDX19A,HR_T1,-0.15117689421443006
turquoise,Q9NVE7,PANK4,HR_T1,0.15693349354205724
turquoise,Q9NWV4,CZIB,HR_T1,-0.10527085005678591
turquoise,Q9NY65,TUBA8,HR_T1,-0.270192084482516
turquoise,Q9NYL2,MAP3K20,HR_T1,-0.41738553356818947
turquoise,Q9NZA1,CLIC5,HR_T1,-0.19030329763800777
turquoise,Q9NZJ6,COQ3,HR_T1,-0.4386157921030002
turquoise,Q9NZL9,MAT2B,HR_T1,-0.14322797538696902
turquoise,Q9P0L0,VAPA,HR_T1,-0.611364344593283
turquoise,Q9UBC2,EPS15L1,HR_T1,0.23488098409265712
turquoise,Q9UBG0,MRC2,HR_T1,-0.30551492533593744
turquoise,Q9UBQ5,EIF3K,HR_T1,-0.39948293066922524
turquoise,Q9UDT6,CLIP2,HR_T1,-0.10846558587909039
turquoise,Q9UHG3,PCYOX1,HR_T1,0.47563263192112937
turquoise,Q9UHP9,SMPX,HR_T1,-0.23043295348746937
turquoise,Q9UHV9,PFDN2,HR_T1,0.27166562912031356
turquoise,Q9UIA9,XPO7,HR_T1,-0.21905785370833114
turquoise,Q9UIC8,LCMT1,HR_T1,-0.2177097177394498
turquoise,Q9UJW0,DCTN4,HR_T1,0.18891765815159786
turquoise,Q9UKU7,ACAD8,HR_T1,-0.5551778542362851
turquoise,Q9UM00,TMCO1,HR_T1,0.32542314629399394
turquoise,Q9UM22,EPDR1,HR_T1,-0.4253754308171148
turquoise,Q9UMS0,NFU1,HR_T1,-0.20537216301461822
turquoise,Q9UMX0,UBQLN1,HR_T1,-0.49564659856422033
turquoise,Q9UN37,VPS4A,HR_T1,-0.13460647020104197
turquoise,Q9UNS2,COPS3,HR_T1,-0.2017867681992037
turquoise,Q9Y230,RUVBL2,HR_T1,-0.4915824377606492
turquoise,Q9Y266,NUDC,HR_T1,-0.26459629200990226
turquoise,Q9Y2B0,CNPY2,HR_T1,-0.046168831285992605
turquoise,Q9Y2R0,COA3,HR_T1,-0.5553813876859368
turquoise,Q9Y3A3,MOB4,HR_T1,-0.05649211861866659
turquoise,Q9Y3C4,TPRKB,HR_T1,0.0814821397878749
turquoise,Q9Y3C6,PPIL1,HR_T1,-0.2721106427902756
turquoise,Q9Y3F4,STRAP,HR_T1,-0.532444242960549
turquoise,Q9Y450,HBS1L,HR_T1,-0.9081350608957496
turquoise,Q9Y4E8,USP15,HR_T1,-0.8323512806708558
turquoise,Q9Y4G6,TLN2,HR_T1,-0.01946235993936295
turquoise,Q9Y570,PPME1,HR_T1,-0.280528665937896
turquoise,Q9Y5K5,UCHL5,HR_T1,0.11014847472748669
turquoise,Q9Y5L4,TIMM13,HR_T1,-0.6947943777380339
turquoise,Q9Y5M8,SRPRB,HR_T1,-0.16513174068541298
turquoise,Q9Y6E2,BZW2,HR_T1,0.2466651636618106
turquoise,Q9Y6H1,CHCHD2,HR_T1,-0.09948772331322502
turquoise,A8MXV4,NUDT19,HR_T2,0.5357879353241742
turquoise,O00186,STXBP3,HR_T2,0.2656009384385829
turquoise,O00264,PGRMC1,HR_T2,0.15650677790526762
turquoise,O00423,EML1,HR_T2,-0.03752419931221437
turquoise,O00764,PDXK,HR_T2,0.10261867692825812
turquoise,O14556,GAPDHS,HR_T2,0.17252086113590673
turquoise,O14737,PDCD5,HR_T2,0.1671408676635258
turquoise,O14744,PRMT5,HR_T2,0.2710426937780866
turquoise,O14818,PSMA7,HR_T2,0.3624471950716016
turquoise,O15382,BCAT2,HR_T2,0.4363019654612068
turquoise,O43399,TPD52L2,HR_T2,0.16642189154906797
turquoise,O43488,AKR7A2,HR_T2,0.22526401837124968
turquoise,O43617,TRAPPC3,HR_T2,-0.15925262524428693
turquoise,O43776,NARS1,HR_T2,0.09255482935313707
turquoise,O43852,CALU,HR_T2,0.6412173244633129
turquoise,O60662,KLHL41,HR_T2,-0.014349855618165788
turquoise,O60664,PLIN3,HR_T2,0.02622692987398269
turquoise,O60763,USO1,HR_T2,0.055890478758248506
turquoise,O60825,PFKFB2,HR_T2,0.299790289688452
turquoise,O75083,WDR1,HR_T2,0.3742047960877839
turquoise,O75131,CPNE3,HR_T2,-0.28161209663707537
turquoise,O75155,CAND2,HR_T2,0.20174140643035754
turquoise,O75298,RTN2,HR_T2,0.15581298283205094
turquoise,O75348,ATP6V1G1,HR_T2,0.24915881408770255
turquoise,O75351,VPS4B,HR_T2,0.21820744650479587
turquoise,O75396,SEC22B,HR_T2,-0.13429092520385436
turquoise,O75436,VPS26A,HR_T2,0.3159483767227288
turquoise,O75964,ATP5MG,HR_T2,0.4685187545768085
turquoise,O94760,DDAH1,HR_T2,0.46089739477287484
turquoise,O94919,ENDOD1,HR_T2,0.5573664015906032
turquoise,O95140,MFN2,HR_T2,0.25396991311690076
turquoise,O95373,IPO7,HR_T2,0.04927420405826569
turquoise,O95571,ETHE1,HR_T2,0.17247359826998881
turquoise,O95747,OXSR1,HR_T2,0.16031314512874198
turquoise,O95881,TXNDC12,HR_T2,-0.028030816070752668
turquoise,P00352,ALDH1A1,HR_T2,-0.15135615388307397
turquoise,P00387,CYB5R3,HR_T2,0.2997670639168735
turquoise,P00441,SOD1,HR_T2,0.10923493214705537
turquoise,P00846,MT-ATP6,HR_T2,0.38654034591029796
turquoise,P02792,FTL,HR_T2,-0.2243792143118719
turquoise,P02794,FTH1,HR_T2,0.21263691861435943
turquoise,P03897,MT-ND3,HR_T2,0.3741430550778881
turquoise,P04075,ALDOA,HR_T2,0.17468050008918298
turquoise,P04792,HSPB1,HR_T2,0.33081639940909324
turquoise,P05023,ATP1A1,HR_T2,0.34135087167142913
turquoise,P05787,KRT8,HR_T2,0.513710363053452
turquoise,P07099,EPHX1,HR_T2,0.45373449468490445
turquoise,P07108,DBI,HR_T2,0.36621660612991397
turquoise,P07203,GPX1,HR_T2,-0.1157850728895805
turquoise,P07737,PFN1,HR_T2,0.16511123004175143
turquoise,P07900,HSP90AA1,HR_T2,-0.10366587657966801
turquoise,P09417,QDPR,HR_T2,0.2357275317229772
turquoise,P09960,LTA4H,HR_T2,0.10680926068082901
turquoise,P09972,ALDOC,HR_T2,0.496643235519418
turquoise,P0DP23,CALM1,HR_T2,-0.28476382193361954
turquoise,P10599,TXN,HR_T2,0.14194239305821338
turquoise,P11142,HSPA8,HR_T2,-0.18115195510046797
turquoise,P12081,HARS1,HR_T2,-0.09461861988090492
turquoise,P12268,IMPDH2,HR_T2,-0.012552490149366166
turquoise,P12277,CKB,HR_T2,0.3783391507796675
turquoise,P12956,XRCC6,HR_T2,0.7910938025363308
turquoise,P13693,TPT1,HR_T2,0.016229998577042565
turquoise,P14621,ACYP2,HR_T2,-0.25106293916281935
turquoise,P14678,SNRPB,HR_T2,-0.24642616889496513
turquoise,P14868,DARS1,HR_T2,0.1749206399924216
turquoise,P15531,NME1,HR_T2,0.14732401557108474
turquoise,P15927,RPA2,HR_T2,-0.35383782970699446
turquoise,P17858,PFKL,HR_T2,0.5098275504258335
turquoise,P17987,TCP1,HR_T2,0.13619179022904354
turquoise,P19623,SRM,HR_T2,-0.12581324579011557
turquoise,P20042,EIF2S2,HR_T2,0.3542467916651061
turquoise,P20340,RAB6A,HR_T2,0.43272528161442975
turquoise,P20618,PSMB1,HR_T2,0.29896791185205956
turquoise,P21281,ATP6V1B2,HR_T2,-0.09045866630153261
turquoise,P22033,MMUT,HR_T2,0.45506874299179273
turquoise,P22307,SCP2,HR_T2,0.12011516560991232
turquoise,P23434,GCSH,HR_T2,0.6074064576050535
turquoise,P24539,ATP5PB,HR_T2,0.8231141918254515
turquoise,P24666,ACP1,HR_T2,-0.1249323519435717
turquoise,P25705,ATP5F1A,HR_T2,0.7174383111447392
turquoise,P26885,FKBP2,HR_T2,0.2832610862700461
turquoise,P27797,CALR,HR_T2,-0.12698731322754492
turquoise,P29218,IMPA1,HR_T2,0.30866731025839717
turquoise,P30038,ALDH4A1,HR_T2,0.28865778447895224
turquoise,P30041,PRDX6,HR_T2,0.06001280856806667
turquoise,P30046,DDT,HR_T2,0.15353637145784388
turquoise,P30086,PEBP1,HR_T2,0.37632261197389344
turquoise,P30520,ADSS2,HR_T2,0.375623419170259
turquoise,P30622,CLIP1,HR_T2,-0.18161156203658704
turquoise,P31153,MAT2A,HR_T2,-0.08412532346278354
turquoise,P31415,CASQ1,HR_T2,0.19507686262182347
turquoise,P31937,HIBADH,HR_T2,0.8003758366420026
turquoise,P34896,SHMT1,HR_T2,0.17064536418533796
turquoise,P35080,PFN2,HR_T2,-0.011323759744211273
turquoise,P35908,KRT2,HR_T2,0.33957800588171866
turquoise,P36405,ARL3,HR_T2,0.4417667904458139
turquoise,P36776,LONP1,HR_T2,0.33191961668125275
turquoise,P36969,GPX4,HR_T2,-0.1405221803452608
turquoise,P37837,TALDO1,HR_T2,-0.14361076614512852
turquoise,P41091,EIF2S3,HR_T2,0.3147174194944258
turquoise,P41567,EIF1,HR_T2,0.17180507989807617
turquoise,P43304,GPD2,HR_T2,0.20107183500888137
turquoise,P45381,ASPA,HR_T2,0.512997849445654
turquoise,P46109,CRKL,HR_T2,0.18202000654807282
turquoise,P46459,NSF,HR_T2,-0.15671475680203503
turquoise,P46926,GNPDA1,HR_T2,0.4944527859563393
turquoise,P48059,LIMS1,HR_T2,0.22987656612852272
turquoise,P48163,ME1,HR_T2,0.5933164628193757
turquoise,P48449,LSS,HR_T2,0.49253711344024464
turquoise,P49368,CCT3,HR_T2,0.10496045443934224
turquoise,P49419,ALDH7A1,HR_T2,0.46118091121683535
turquoise,P49458,SRP9,HR_T2,0.11185666136630583
turquoise,P49720,PSMB3,HR_T2,0.34597615360545847
turquoise,P49721,PSMB2,HR_T2,0.3574164570197027
turquoise,P49748,ACADVL,HR_T2,-0.15056961479138437
turquoise,P50213,IDH3A,HR_T2,0.7729407438407091
turquoise,P50416,CPT1A,HR_T2,0.3089947965285006
turquoise,P50993,ATP1A2,HR_T2,0.601919054206306
turquoise,P51148,RAB5C,HR_T2,0.081644068367156
turquoise,P51452,DUSP3,HR_T2,0.4859190273490409
turquoise,P52888,THOP1,HR_T2,0.2496935109607559
turquoise,P52907,CAPZA1,HR_T2,0.13582685628313199
turquoise,P53621,COPA,HR_T2,0.5253723737786128
turquoise,P53814,SMTN,HR_T2,0.2566124569774373
turquoise,P53985,SLC16A1,HR_T2,-0.11203396192903933
turquoise,P53992,SEC24C,HR_T2,-0.2236760795248269
turquoise,P54136,RARS1,HR_T2,0.1808896201414513
turquoise,P54652,HSPA2,HR_T2,0.32481403913875767
turquoise,P55290,CDH13,HR_T2,0.18118024179035647
turquoise,P55809,OXCT1,HR_T2,0.10224578151190486
turquoise,P56556,NDUFA6,HR_T2,0.22527762941443905
turquoise,P58546,MTPN,HR_T2,0.04050045839461165
turquoise,P60891,PRPS1,HR_T2,0.35625444970665443
turquoise,P61019,RAB2A,HR_T2,0.3020190405518878
turquoise,P61077,UBE2D3,HR_T2,0.3442811963043954
turquoise,P61081,UBE2M,HR_T2,0.16371960861547058
turquoise,P61086,UBE2K,HR_T2,0.1316952343261645
turquoise,P61106,RAB14,HR_T2,0.07569944102950533
turquoise,P61201,COPS2,HR_T2,0.24046212672256193
turquoise,P61925,PKIA,HR_T2,0.29397745841334816
turquoise,P62241,RPS8,HR_T2,0.5413165224038275
turquoise,P62318,SNRPD3,HR_T2,0.5290699865862475
turquoise,P62330,ARF6,HR_T2,-0.08050325163758998
turquoise,P62333,PSMC6,HR_T2,-0.2466128388131764
turquoise,P62495,ETF1,HR_T2,-0.3801061309641427
turquoise,P62834,RAP1A,HR_T2,0.8525483905942489
turquoise,P62979,RPS27A,HR_T2,0.1772231702571716
turquoise,P63098,PPP3R1,HR_T2,0.37402470629602985
turquoise,P63172,DYNLT1,HR_T2,0.2548162702748859
turquoise,P63279,UBE2I,HR_T2,0.35042006256353553
turquoise,P67809,YBX1,HR_T2,0.013329289204144588
turquoise,P68366,TUBA4A,HR_T2,-0.0018192994613672583
turquoise,P68371,TUBB4B,HR_T2,0.1297220678564623
turquoise,P68400,CSNK2A1,HR_T2,0.653065644254926
turquoise,P68402,PAFAH1B2,HR_T2,0.43290143492931005
turquoise,P78344,EIF4G2,HR_T2,0.14823155884506958
turquoise,P78417,GSTO1,HR_T2,0.11817463944323307
turquoise,Q01469,FABP5,HR_T2,0.32044417031881894
turquoise,Q02790,FKBP4,HR_T2,0.19987676020902617
turquoise,Q02978,SLC25A11,HR_T2,0.16249058656758014
turquoise,Q04759,PRKCQ,HR_T2,0.4723938689764374
turquoise,Q06124,PTPN11,HR_T2,0.5532932379233964
turquoise,Q09028,RBBP4,HR_T2,-0.2576490724847556
turquoise,Q12907,LMAN2,HR_T2,0.7583039921484028
turquoise,Q13085,ACACA,HR_T2,0.2585410093817737
turquoise,Q13098,GPS1,HR_T2,0.26416175302590766
turquoise,Q13155,AIMP2,HR_T2,0.7678740602362809
turquoise,Q13177,PAK2,HR_T2,0.1782770195793792
turquoise,Q13200,PSMD2,HR_T2,-4.1745302011927547e-4
turquoise,Q13228,SELENBP1,HR_T2,0.15120760100006223
turquoise,Q13442,PDAP1,HR_T2,0.4086322794359808
turquoise,Q13510,ASAH1,HR_T2,0.10235298718423727
turquoise,Q13561,DCTN2,HR_T2,0.5090912787067412
turquoise,Q13616,CUL1,HR_T2,-0.06335212982932528
turquoise,Q13683,ITGA7,HR_T2,0.1895743824454343
turquoise,Q13838,DDX39B,HR_T2,-0.22187562354063264
turquoise,Q13884,SNTB1,HR_T2,0.22587057988590487
turquoise,Q14141,SEPTIN6,HR_T2,-0.06390186977930644
turquoise,Q15102,PAFAH1B3,HR_T2,0.37313077815526435
turquoise,Q15172,PPP2R5A,HR_T2,0.30587973786565115
turquoise,Q15181,PPA1,HR_T2,0.010925719078476772
turquoise,Q15185,PTGES3,HR_T2,0.3512375761161461
turquoise,Q15233,NONO,HR_T2,-0.2706551016591717
turquoise,Q15257,PTPA,HR_T2,0.3904561553560241
turquoise,Q15365,PCBP1,HR_T2,0.23166521325234418
turquoise,Q15435,PPP1R7,HR_T2,0.29119994124307186
turquoise,Q15631,TSN,HR_T2,-0.10392966086321888
turquoise,Q15746,MYLK,HR_T2,0.4312728069950378
turquoise,Q15843,NEDD8,HR_T2,0.3697386604507259
turquoise,Q16595,FXN,HR_T2,0.14732165421386778
turquoise,Q16762,TST,HR_T2,0.762459667812694
turquoise,Q16773,KYAT1,HR_T2,0.015519969075344349
turquoise,Q16816,PHKG1,HR_T2,0.5711216120710467
turquoise,Q16890,TPD52L1,HR_T2,0.35331916240296507
turquoise,Q2TBA0,KLHL40,HR_T2,-0.06530985191940102
turquoise,Q3SXM5,HSDL1,HR_T2,0.45984176765264284
turquoise,Q49AH0,CDNF,HR_T2,0.5010394509688789
turquoise,Q4G0W2,DUSP28,HR_T2,0.7612939470181299
turquoise,Q53H82,LACTB2,HR_T2,0.20323201306905211
turquoise,Q5HYK3,COQ5,HR_T2,0.460911901166354
turquoise,Q5U5X0,LYRM7,HR_T2,0.39106997330383
turquoise,Q5XPI4,RNF123,HR_T2,0.49093921574547844
turquoise,Q6IPR1,ETFRF1,HR_T2,0.46652108945872506
turquoise,Q6IQ22,RAB12,HR_T2,0.45577405896804274
turquoise,Q6P1N9,TATDN1,HR_T2,0.03980564442800758
turquoise,Q6ZMU5,TRIM72,HR_T2,-0.03842516559526928
turquoise,Q7L1Q6,BZW1,HR_T2,0.424391396987935
turquoise,Q86TD4,SRL,HR_T2,0.12355267159963436
turquoise,Q86VP6,CAND1,HR_T2,0.2802115098275806
turquoise,Q86X76,NIT1,HR_T2,-0.19237380065334703
turquoise,Q8IUZ5,PHYKPL,HR_T2,0.4064110219332312
turquoise,Q8IWW8,ADHFE1,HR_T2,0.16125005058565223
turquoise,Q8N1G4,LRRC47,HR_T2,0.001640061562398265
turquoise,Q8N335,GPD1L,HR_T2,0.3124750221388051
turquoise,Q8N5M9,JAGN1,HR_T2,0.1778223499965494
turquoise,Q8N6M3,FITM2,HR_T2,0.5854337480014513
turquoise,Q8NI60,COQ8A,HR_T2,1.0024217513189477
turquoise,Q8TBC4,UBA3,HR_T2,0.8398877954864677
turquoise,Q8TDX7,NEK7,HR_T2,0.012375932073531206
turquoise,Q8WW22,DNAJA4,HR_T2,0.14889994632704776
turquoise,Q8WWV3,RTN4IP1,HR_T2,0.7470161977245595
turquoise,Q8WZA0,LZIC,HR_T2,0.39709610660098094
turquoise,Q92530,PSMF1,HR_T2,0.07972379170643815
turquoise,Q92890,UFD1,HR_T2,0.18281084106808407
turquoise,Q93084,ATP2A3,HR_T2,0.4444300326437043
turquoise,Q96CN7,ISOC1,HR_T2,0.3538490508941009
turquoise,Q96HN2,AHCYL2,HR_T2,0.7657424297276068
turquoise,Q96IU4,ABHD14B,HR_T2,-0.08317974110989519
turquoise,Q96IV0,NGLY1,HR_T2,-0.34559938882028446
turquoise,Q96JJ7,TMX3,HR_T2,0.4197390142762657
turquoise,Q99627,COPS8,HR_T2,0.04721939519871027
turquoise,Q99873,PRMT1,HR_T2,0.11838576298208649
turquoise,Q9BQ69,MACROD1,HR_T2,0.0972172314484778
turquoise,Q9BQA1,WDR77,HR_T2,0.31826016551707337
turquoise,Q9BRX8,PRXL2A,HR_T2,0.7632689458825069
turquoise,Q9BS26,ERP44,HR_T2,-0.18087138365803446
turquoise,Q9BT78,COPS4,HR_T2,0.5305216009843882
turquoise,Q9BTE6,AARSD1,HR_T2,0.2582378333699419
turquoise,Q9BUR5,APOO,HR_T2,0.5212958193341911
turquoise,Q9BVC6,TMEM109,HR_T2,0.29042001066310963
turquoise,Q9BXB4,OSBPL11,HR_T2,0.35858495334995527
turquoise,Q9C0E8,LNPK,HR_T2,0.24932107395400407
turquoise,Q9GZT8,NIF3L1,HR_T2,0.3995215123346843
turquoise,Q9GZZ1,NAA50,HR_T2,0.626277539643899
turquoise,Q9H0E2,TOLLIP,HR_T2,0.14003036796526339
turquoise,Q9H0U4,RAB1B,HR_T2,0.10961715151244866
turquoise,Q9H0W9,C11orf54,HR_T2,0.4625722478169874
turquoise,Q9H0Z9,RBM38,HR_T2,0.12955561599520202
turquoise,Q9H2J4,PDCL3,HR_T2,0.030939781848637975
turquoise,Q9H4A4,RNPEP,HR_T2,0.5440288108402156
turquoise,Q9H993,ARMT1,HR_T2,0.6792494182464376
turquoise,Q9H9S4,CAB39L,HR_T2,0.15716443661465834
turquoise,Q9HA65,TBC1D17,HR_T2,0.0024158201904791454
turquoise,Q9NP72,RAB18,HR_T2,-0.0010294808235440061
turquoise,Q9NQE9,HINT3,HR_T2,0.34810382946816887
turquoise,Q9NR31,SAR1A,HR_T2,0.3872940328740432
turquoise,Q9NT62,ATG3,HR_T2,0.3663610958731712
turquoise,Q9NUU7,DDX19A,HR_T2,0.18722574198821723
turquoise,Q9NVE7,PANK4,HR_T2,0.4693753319766088
turquoise,Q9NWV4,CZIB,HR_T2,-0.1283125912850271
turquoise,Q9NY65,TUBA8,HR_T2,0.4853958143893783
turquoise,Q9NYL2,MAP3K20,HR_T2,-0.19066287338037444
turquoise,Q9NZA1,CLIC5,HR_T2,0.535066521245045
turquoise,Q9NZJ6,COQ3,HR_T2,0.5025106398700901
turquoise,Q9NZL9,MAT2B,HR_T2,0.04448353865915048
turquoise,Q9P0L0,VAPA,HR_T2,0.15132409976684208
turquoise,Q9UBC2,EPS15L1,HR_T2,0.1034171610582109
turquoise,Q9UBG0,MRC2,HR_T2,0.13831190943890173
turquoise,Q9UBQ5,EIF3K,HR_T2,0.4193675955531965
turquoise,Q9UDT6,CLIP2,HR_T2,-0.3082441681823937
turquoise,Q9UHG3,PCYOX1,HR_T2,0.4544104212509894
turquoise,Q9UHP9,SMPX,HR_T2,0.10407704686360973
turquoise,Q9UHV9,PFDN2,HR_T2,0.3643412992506011
turquoise,Q9UIA9,XPO7,HR_T2,0.4818679316533689
turquoise,Q9UIC8,LCMT1,HR_T2,0.4463975871680897
turquoise,Q9UJW0,DCTN4,HR_T2,0.20131391897188372
turquoise,Q9UKU7,ACAD8,HR_T2,0.39125449421091957
turquoise,Q9UM00,TMCO1,HR_T2,0.45975862925641114
turquoise,Q9UM22,EPDR1,HR_T2,0.3519710880216288
turquoise,Q9UMS0,NFU1,HR_T2,0.6222675756129368
turquoise,Q9UMX0,UBQLN1,HR_T2,0.4873110159691751
turquoise,Q9UN37,VPS4A,HR_T2,0.13964358739498617
turquoise,Q9UNS2,COPS3,HR_T2,0.5960070874583724
turquoise,Q9Y230,RUVBL2,HR_T2,-0.22026461403830963
turquoise,Q9Y266,NUDC,HR_T2,-0.23428202570013343
turquoise,Q9Y2B0,CNPY2,HR_T2,0.11873189331519245
turquoise,Q9Y2R0,COA3,HR_T2,0.3200421739726914
turquoise,Q9Y3A3,MOB4,HR_T2,0.02259047593652105
turquoise,Q9Y3C4,TPRKB,HR_T2,0.7541701358721387
turquoise,Q9Y3C6,PPIL1,HR_T2,-0.04545569381953862
turquoise,Q9Y3F4,STRAP,HR_T2,-0.32200488235847097
turquoise,Q9Y450,HBS1L,HR_T2,0.5694237510444257
turquoise,Q9Y4E8,USP15,HR_T2,0.22956555188773023
turquoise,Q9Y4G6,TLN2,HR_T2,0.3334085846569961
turquoise,Q9Y570,PPME1,HR_T2,0.15366475404761196
turquoise,Q9Y5K5,UCHL5,HR_T2,0.021577151585651388
turquoise,Q9Y5L4,TIMM13,HR_T2,0.5781134305302728
turquoise,Q9Y5M8,SRPRB,HR_T2,0.04724223169846603
turquoise,Q9Y6E2,BZW2,HR_T2,0.6218018925812574
turquoise,Q9Y6H1,CHCHD2,HR_T2,-0.1926265214968166
turquoise,A8MXV4,NUDT19,LR_T1,-0.2768658833113013
turquoise,O00186,STXBP3,LR_T1,-0.4584978082449739
turquoise,O00264,PGRMC1,LR_T1,0.15388904408559434
turquoise,O00423,EML1,LR_T1,0.5210392991430658
turquoise,O00764,PDXK,LR_T1,-0.27909771848672693
turquoise,O14556,GAPDHS,LR_T1,0.4116094671516362
turquoise,O14737,PDCD5,LR_T1,-0.28277464607842767
turquoise,O14744,PRMT5,LR_T1,0.014896727488153069
turquoise,O14818,PSMA7,LR_T1,-0.27142431661469607
turquoise,O15382,BCAT2,LR_T1,-0.11522535052589306
turquoise,O43399,TPD52L2,LR_T1,-0.13343925209997304
turquoise,O43488,AKR7A2,LR_T1,0.06701180341892042
turquoise,O43617,TRAPPC3,LR_T1,-0.3574056505677355
turquoise,O43776,NARS1,LR_T1,-0.23257946191106854
turquoise,O43852,CALU,LR_T1,0.03920688793287229
turquoise,O60662,KLHL41,LR_T1,-0.31270537827014006
turquoise,O60664,PLIN3,LR_T1,-0.39265338482212164
turquoise,O60763,USO1,LR_T1,0.493028356769895
turquoise,O60825,PFKFB2,LR_T1,-0.7765830667767317
turquoise,O75083,WDR1,LR_T1,-0.10322614089221441
turquoise,O75131,CPNE3,LR_T1,0.26860807866386266
turquoise,O75155,CAND2,LR_T1,-0.11210533368040226
turquoise,O75298,RTN2,LR_T1,0.14950530180517235
turquoise,O75348,ATP6V1G1,LR_T1,-0.3309503167652151
turquoise,O75351,VPS4B,LR_T1,-0.03348366646853097
turquoise,O75396,SEC22B,LR_T1,-0.5033704775106544
turquoise,O75436,VPS26A,LR_T1,-0.3268699638774946
turquoise,O75964,ATP5MG,LR_T1,-0.08365561821993962
turquoise,O94760,DDAH1,LR_T1,-0.33282637670466786
turquoise,O94919,ENDOD1,LR_T1,-0.10801271153320197
turquoise,O95140,MFN2,LR_T1,0.6598033821197911
turquoise,O95373,IPO7,LR_T1,0.3587021407778392
turquoise,O95571,ETHE1,LR_T1,-0.2656858272381015
turquoise,O95747,OXSR1,LR_T1,0.07174537981277988
turquoise,O95881,TXNDC12,LR_T1,-0.5215355827012013
turquoise,P00352,ALDH1A1,LR_T1,0.3111349713266953
turquoise,P00387,CYB5R3,LR_T1,-0.47226923035248225
turquoise,P00441,SOD1,LR_T1,-0.31133608760100595
turquoise,P00846,MT-ATP6,LR_T1,-0.05750321855653914
turquoise,P02792,FTL,LR_T1,-0.34345040128284804
turquoise,P02794,FTH1,LR_T1,-0.3491448063698676
turquoise,P03897,MT-ND3,LR_T1,0.1425541010463788
turquoise,P04075,ALDOA,LR_T1,0.39460341585029013
turquoise,P04792,HSPB1,LR_T1,-0.4558358411208145
turquoise,P05023,ATP1A1,LR_T1,0.0525106057987591
turquoise,P05787,KRT8,LR_T1,0.1561742440089646
turquoise,P07099,EPHX1,LR_T1,-0.20840409389823017
turquoise,P07108,DBI,LR_T1,0.16110498600701123
turquoise,P07203,GPX1,LR_T1,0.47892628250107716
turquoise,P07737,PFN1,LR_T1,-0.42883105185781756
turquoise,P07900,HSP90AA1,LR_T1,-0.2853911558892304
turquoise,P09417,QDPR,LR_T1,0.36052004505941215
turquoise,P09960,LTA4H,LR_T1,0.014028351409641676
turquoise,P09972,ALDOC,LR_T1,0.07560632821159366
turquoise,P0DP23,CALM1,LR_T1,0.06100169287386834
turquoise,P10599,TXN,LR_T1,-0.1588675990805449
turquoise,P11142,HSPA8,LR_T1,-0.15663905442135573
turquoise,P12081,HARS1,LR_T1,0.07139597808271878
turquoise,P12268,IMPDH2,LR_T1,0.03692220866914128
turquoise,P12277,CKB,LR_T1,-0.2533290242626544
turquoise,P12956,XRCC6,LR_T1,-0.28935265239187435
turquoise,P13693,TPT1,LR_T1,-0.16076496883918456
turquoise,P14621,ACYP2,LR_T1,0.3308386356618211
turquoise,P14678,SNRPB,LR_T1,-0.33670555962190113
turquoise,P14868,DARS1,LR_T1,-0.16672949923130037
turquoise,P15531,NME1,LR_T1,-0.3445497282665373
turquoise,P15927,RPA2,LR_T1,-0.48927976209141777
turquoise,P17858,PFKL,LR_T1,0.027160472306213712
turquoise,P17987,TCP1,LR_T1,0.037279666207600995
turquoise,P19623,SRM,LR_T1,-0.40456536772651086
turquoise,P20042,EIF2S2,LR_T1,-0.33257954705043385
turquoise,P20340,RAB6A,LR_T1,-0.03507744518872849
turquoise,P20618,PSMB1,LR_T1,0.0026632265339143757
turquoise,P21281,ATP6V1B2,LR_T1,0.00715747151357532
turquoise,P22033,MMUT,LR_T1,-0.014844227916407738
turquoise,P22307,SCP2,LR_T1,-0.39060272831166243
turquoise,P23434,GCSH,LR_T1,-0.18985913692596385
turquoise,P24539,ATP5PB,LR_T1,-0.3433160093183028
turquoise,P24666,ACP1,LR_T1,0.3644730758496386
turquoise,P25705,ATP5F1A,LR_T1,-0.40093111609423226
turquoise,P26885,FKBP2,LR_T1,-0.5139870418652098
turquoise,P27797,CALR,LR_T1,-0.14140171435029308
turquoise,P29218,IMPA1,LR_T1,0.1909758658113006
turquoise,P30038,ALDH4A1,LR_T1,-0.04708714768687025
turquoise,P30041,PRDX6,LR_T1,0.03509800955897725
turquoise,P30046,DDT,LR_T1,-0.07922268048620647
turquoise,P30086,PEBP1,LR_T1,-0.17031641586347745
turquoise,P30520,ADSS2,LR_T1,0.17387903731848575
turquoise,P30622,CLIP1,LR_T1,0.21502871651563257
turquoise,P31153,MAT2A,LR_T1,-0.44482624167528695
turquoise,P31415,CASQ1,LR_T1,-0.28121916873183345
turquoise,P31937,HIBADH,LR_T1,-0.3965836619033251
turquoise,P34896,SHMT1,LR_T1,0.23518007322438939
turquoise,P35080,PFN2,LR_T1,-0.3566821355710319
turquoise,P35908,KRT2,LR_T1,-0.17226595427793048
turquoise,P36405,ARL3,LR_T1,-0.15306569294873523
turquoise,P36776,LONP1,LR_T1,-0.06774552742312903
turquoise,P36969,GPX4,LR_T1,0.5090606403868311
turquoise,P37837,TALDO1,LR_T1,-0.24003764191989208
turquoise,P41091,EIF2S3,LR_T1,-0.21141377885642687
turquoise,P41567,EIF1,LR_T1,-0.19338320174980878
turquoise,P43304,GPD2,LR_T1,0.27166488950825857
turquoise,P45381,ASPA,LR_T1,-0.26752312282900287
turquoise,P46109,CRKL,LR_T1,-0.24276676813671993
turquoise,P46459,NSF,LR_T1,0.24827746284066268
turquoise,P46926,GNPDA1,LR_T1,0.013658900192166923
turquoise,P48059,LIMS1,LR_T1,-0.023017224189609234
turquoise,P48163,ME1,LR_T1,0.11357480674656961
turquoise,P48449,LSS,LR_T1,0.15210484142516412
turquoise,P49368,CCT3,LR_T1,-0.36088657625701326
turquoise,P49419,ALDH7A1,LR_T1,-0.304292898681648
turquoise,P49458,SRP9,LR_T1,0.1679981987604306
turquoise,P49720,PSMB3,LR_T1,-0.14181447446938417
turquoise,P49721,PSMB2,LR_T1,0.23271115535642095
turquoise,P49748,ACADVL,LR_T1,0.353967984104737
turquoise,P50213,IDH3A,LR_T1,-0.5434608543705062
turquoise,P50416,CPT1A,LR_T1,0.4465156541959006
turquoise,P50993,ATP1A2,LR_T1,-0.34459472849104644
turquoise,P51148,RAB5C,LR_T1,0.13639105356645193
turquoise,P51452,DUSP3,LR_T1,-0.006052721920428494
turquoise,P52888,THOP1,LR_T1,-0.22820862479679035
turquoise,P52907,CAPZA1,LR_T1,-0.20229174887879703
turquoise,P53621,COPA,LR_T1,0.0023826080656926124
turquoise,P53814,SMTN,LR_T1,0.360671644325064
turquoise,P53985,SLC16A1,LR_T1,0.352026706259227
turquoise,P53992,SEC24C,LR_T1,0.1597382938415764
turquoise,P54136,RARS1,LR_T1,-0.08854081835385226
turquoise,P54652,HSPA2,LR_T1,0.07305958642570591
turquoise,P55290,CDH13,LR_T1,-0.0824515429974288
turquoise,P55809,OXCT1,LR_T1,-0.12291976194445653
turquoise,P56556,NDUFA6,LR_T1,-0.1032095251440001
turquoise,P58546,MTPN,LR_T1,0.00862985038238595
turquoise,P60891,PRPS1,LR_T1,-0.567403786626019
turquoise,P61019,RAB2A,LR_T1,-0.2597692355455955
turquoise,P61077,UBE2D3,LR_T1,-0.45364571465951053
turquoise,P61081,UBE2M,LR_T1,0.1689886530919239
turquoise,P61086,UBE2K,LR_T1,-0.006380618784659717
turquoise,P61106,RAB14,LR_T1,-0.06441803665840574
turquoise,P61201,COPS2,LR_T1,-0.22948830296628042
turquoise,P61925,PKIA,LR_T1,0.42487486218190357
turquoise,P62241,RPS8,LR_T1,-0.12805683045312882
turquoise,P62318,SNRPD3,LR_T1,-0.44211391034347336
turquoise,P62330,ARF6,LR_T1,-0.49016742618816633
turquoise,P62333,PSMC6,LR_T1,-0.12470658678153895
turquoise,P62495,ETF1,LR_T1,0.11661787486315689
turquoise,P62834,RAP1A,LR_T1,-0.6898932226690889
turquoise,P62979,RPS27A,LR_T1,-0.08622472564628841
turquoise,P63098,PPP3R1,LR_T1,0.5263626611698828
turquoise,P63172,DYNLT1,LR_T1,0.23830869928857554
turquoise,P63279,UBE2I,LR_T1,-0.0014752821757215429
turquoise,P67809,YBX1,LR_T1,-0.07102179848484341
turquoise,P68366,TUBA4A,LR_T1,-0.17923468844231139
turquoise,P68371,TUBB4B,LR_T1,-0.4680389328626878
turquoise,P68400,CSNK2A1,LR_T1,-0.36999904692975844
turquoise,P68402,PAFAH1B2,LR_T1,-0.41858228368254935
turquoise,P78344,EIF4G2,LR_T1,-0.058591756112259724
turquoise,P78417,GSTO1,LR_T1,-0.13499613267127433
turquoise,Q01469,FABP5,LR_T1,-0.06501894972261621
turquoise,Q02790,FKBP4,LR_T1,-0.007717038058727145
turquoise,Q02978,SLC25A11,LR_T1,0.2423495164281356
turquoise,Q04759,PRKCQ,LR_T1,0.19591268784506435
turquoise,Q06124,PTPN11,LR_T1,-0.5629093566631995
turquoise,Q09028,RBBP4,LR_T1,-0.21336831913516638
turquoise,Q12907,LMAN2,LR_T1,0.13088526844882944
turquoise,Q13085,ACACA,LR_T1,-0.34946260412508134
turquoise,Q13098,GPS1,LR_T1,-0.004013755504705868
turquoise,Q13155,AIMP2,LR_T1,-0.28217919539357544
turquoise,Q13177,PAK2,LR_T1,-0.33641630634448993
turquoise,Q13200,PSMD2,LR_T1,-0.08258280029052653
turquoise,Q13228,SELENBP1,LR_T1,-0.17490793909372826
turquoise,Q13442,PDAP1,LR_T1,-0.18463192461861627
turquoise,Q13510,ASAH1,LR_T1,0.05992824497154286
turquoise,Q13561,DCTN2,LR_T1,-0.507538107016174
turquoise,Q13616,CUL1,LR_T1,-0.038449443234099816
turquoise,Q13683,ITGA7,LR_T1,0.3576579750222705
turquoise,Q13838,DDX39B,LR_T1,-0.5105439326765362
turquoise,Q13884,SNTB1,LR_T1,-0.27595964516674676
turquoise,Q14141,SEPTIN6,LR_T1,-0.05267970480934771
turquoise,Q15102,PAFAH1B3,LR_T1,-0.4962901758605911
turquoise,Q15172,PPP2R5A,LR_T1,-0.13082668972805356
turquoise,Q15181,PPA1,LR_T1,-0.108946186475707
turquoise,Q15185,PTGES3,LR_T1,-0.19067735619506426
turquoise,Q15233,NONO,LR_T1,-0.15141710515143864
turquoise,Q15257,PTPA,LR_T1,-0.48940022562491137
turquoise,Q15365,PCBP1,LR_T1,-0.26266412790989035
turquoise,Q15435,PPP1R7,LR_T1,-0.39613756592520444
turquoise,Q15631,TSN,LR_T1,0.2501418184219272
turquoise,Q15746,MYLK,LR_T1,0.11081692280236016
turquoise,Q15843,NEDD8,LR_T1,0.3367521732517431
turquoise,Q16595,FXN,LR_T1,0.08482384853607708
turquoise,Q16762,TST,LR_T1,0.21253910262823136
turquoise,Q16773,KYAT1,LR_T1,0.41234033550420945
turquoise,Q16816,PHKG1,LR_T1,0.029593586603974577
turquoise,Q16890,TPD52L1,LR_T1,-0.5422604812182453
turquoise,Q2TBA0,KLHL40,LR_T1,-0.20407456598601204
turquoise,Q3SXM5,HSDL1,LR_T1,-0.5918911061178909
turquoise,Q49AH0,CDNF,LR_T1,-0.2385629025146347
turquoise,Q4G0W2,DUSP28,LR_T1,0.01458566077118939
turquoise,Q53H82,LACTB2,LR_T1,0.25167145550716763
turquoise,Q5HYK3,COQ5,LR_T1,-0.009177826304000013
turquoise,Q5U5X0,LYRM7,LR_T1,-0.21481454808249328
turquoise,Q5XPI4,RNF123,LR_T1,-0.10681239545857553
turquoise,Q6IPR1,ETFRF1,LR_T1,-0.4806630426105073
turquoise,Q6IQ22,RAB12,LR_T1,0.1498713036605966
turquoise,Q6P1N9,TATDN1,LR_T1,-0.08549215216544756
turquoise,Q6ZMU5,TRIM72,LR_T1,-0.2392629735995084
turquoise,Q7L1Q6,BZW1,LR_T1,-0.11992844876976169
turquoise,Q86TD4,SRL,LR_T1,0.06851806196474347
turquoise,Q86VP6,CAND1,LR_T1,-0.5891158906602229
turquoise,Q86X76,NIT1,LR_T1,0.5312994674415276
turquoise,Q8IUZ5,PHYKPL,LR_T1,0.1493595900962074
turquoise,Q8IWW8,ADHFE1,LR_T1,3.178570048549753e-4
turquoise,Q8N1G4,LRRC47,LR_T1,-0.14293965712220166
turquoise,Q8N335,GPD1L,LR_T1,0.1856950667193111
turquoise,Q8N5M9,JAGN1,LR_T1,-0.3662199023145076
turquoise,Q8N6M3,FITM2,LR_T1,-0.3356383600349153
turquoise,Q8NI60,COQ8A,LR_T1,-0.24316578850793888
turquoise,Q8TBC4,UBA3,LR_T1,-0.08419978094203519
turquoise,Q8TDX7,NEK7,LR_T1,0.2703083772587019
turquoise,Q8WW22,DNAJA4,LR_T1,-0.4296619179604821
turquoise,Q8WWV3,RTN4IP1,LR_T1,0.1625549534010065
turquoise,Q8WZA0,LZIC,LR_T1,0.10699628515482223
turquoise,Q92530,PSMF1,LR_T1,-0.2432899305549005
turquoise,Q92890,UFD1,LR_T1,0.3227515328947957
turquoise,Q93084,ATP2A3,LR_T1,0.09908202470806032
turquoise,Q96CN7,ISOC1,LR_T1,-0.11568573174913668
turquoise,Q96HN2,AHCYL2,LR_T1,-0.381100227331567
turquoise,Q96IU4,ABHD14B,LR_T1,-0.12057327796789831
turquoise,Q96IV0,NGLY1,LR_T1,2.6885926891150047e-4
turquoise,Q96JJ7,TMX3,LR_T1,-0.7612626146398181
turquoise,Q99627,COPS8,LR_T1,-0.3877854487961497
turquoise,Q99873,PRMT1,LR_T1,0.21227091987087038
turquoise,Q9BQ69,MACROD1,LR_T1,0.08870859514366211
turquoise,Q9BQA1,WDR77,LR_T1,0.00913045137192775
turquoise,Q9BRX8,PRXL2A,LR_T1,-0.054915018109429926
turquoise,Q9BS26,ERP44,LR_T1,0.05271585087333045
turquoise,Q9BT78,COPS4,LR_T1,-0.08914402632442603
turquoise,Q9BTE6,AARSD1,LR_T1,-0.017532200899591358
turquoise,Q9BUR5,APOO,LR_T1,0.23971793205466974
turquoise,Q9BVC6,TMEM109,LR_T1,0.20654188697380693
turquoise,Q9BXB4,OSBPL11,LR_T1,-0.14114025152295906
turquoise,Q9C0E8,LNPK,LR_T1,-0.06589682964051674
turquoise,Q9GZT8,NIF3L1,LR_T1,0.17929529455623325
turquoise,Q9GZZ1,NAA50,LR_T1,0.2501507107448437
turquoise,Q9H0E2,TOLLIP,LR_T1,-0.7650478451592917
turquoise,Q9H0U4,RAB1B,LR_T1,-0.025745065568634165
turquoise,Q9H0W9,C11orf54,LR_T1,-0.05765589366041811
turquoise,Q9H0Z9,RBM38,LR_T1,0.08340407010637219
turquoise,Q9H2J4,PDCL3,LR_T1,-0.047407848168886005
turquoise,Q9H4A4,RNPEP,LR_T1,-0.15864542295793496
turquoise,Q9H993,ARMT1,LR_T1,-0.1731432307266574
turquoise,Q9H9S4,CAB39L,LR_T1,0.02354235957194653
turquoise,Q9HA65,TBC1D17,LR_T1,0.18287898852810902
turquoise,Q9NP72,RAB18,LR_T1,-0.18780884296418215
turquoise,Q9NQE9,HINT3,LR_T1,0.17821101675759943
turquoise,Q9NR31,SAR1A,LR_T1,0.021168345676663727
turquoise,Q9NT62,ATG3,LR_T1,-0.023983534099261197
turquoise,Q9NUU7,DDX19A,LR_T1,0.12093930872693506
turquoise,Q9NVE7,PANK4,LR_T1,-0.06833366129660208
turquoise,Q9NWV4,CZIB,LR_T1,0.006426820773874371
turquoise,Q9NY65,TUBA8,LR_T1,-0.26180996401990736
turquoise,Q9NYL2,MAP3K20,LR_T1,0.5675854358296614
turquoise,Q9NZA1,CLIC5,LR_T1,0.0056341006330238586
turquoise,Q9NZJ6,COQ3,LR_T1,-0.262295317679488
turquoise,Q9NZL9,MAT2B,LR_T1,0.29925114251091667
turquoise,Q9P0L0,VAPA,LR_T1,-0.061908856835771686
turquoise,Q9UBC2,EPS15L1,LR_T1,-0.2471569841580718
turquoise,Q9UBG0,MRC2,LR_T1,0.09583302178924401
turquoise,Q9UBQ5,EIF3K,LR_T1,-0.17211204923936005
turquoise,Q9UDT6,CLIP2,LR_T1,-0.07209490294547374
turquoise,Q9UHG3,PCYOX1,LR_T1,0.20509365078030903
turquoise,Q9UHP9,SMPX,LR_T1,-0.17155722451327587
turquoise,Q9UHV9,PFDN2,LR_T1,0.22024621147618353
turquoise,Q9UIA9,XPO7,LR_T1,-0.26470785470332314
turquoise,Q9UIC8,LCMT1,LR_T1,0.13049924326034912
turquoise,Q9UJW0,DCTN4,LR_T1,0.06323699466262782
turquoise,Q9UKU7,ACAD8,LR_T1,0.34896470504552024
turquoise,Q9UM00,TMCO1,LR_T1,-0.20744077962823126
turquoise,Q9UM22,EPDR1,LR_T1,-0.4958273416958437
turquoise,Q9UMS0,NFU1,LR_T1,-0.2726489238112817
turquoise,Q9UMX0,UBQLN1,LR_T1,-0.09085683438336135
turquoise,Q9UN37,VPS4A,LR_T1,0.2947942930566848
turquoise,Q9UNS2,COPS3,LR_T1,-0.12334989777346969
turquoise,Q9Y230,RUVBL2,LR_T1,0.1759739705280788
turquoise,Q9Y266,NUDC,LR_T1,-0.3234686136624558
turquoise,Q9Y2B0,CNPY2,LR_T1,0.05880101516311248
turquoise,Q9Y2R0,COA3,LR_T1,0.12036180815945675
turquoise,Q9Y3A3,MOB4,LR_T1,-0.21443111582665803
turquoise,Q9Y3C4,TPRKB,LR_T1,0.30246040091759674
turquoise,Q9Y3C6,PPIL1,LR_T1,0.4124954563782933
turquoise,Q9Y3F4,STRAP,LR_T1,0.16313650838244276
turquoise,Q9Y450,HBS1L,LR_T1,0.17794720478600837
turquoise,Q9Y4E8,USP15,LR_T1,0.08137485223070892
turquoise,Q9Y4G6,TLN2,LR_T1,0.08708223253426617
turquoise,Q9Y570,PPME1,LR_T1,-0.1231848258220776
turquoise,Q9Y5K5,UCHL5,LR_T1,-0.001673166077759719
turquoise,Q9Y5L4,TIMM13,LR_T1,-0.2842562371782038
turquoise,Q9Y5M8,SRPRB,LR_T1,-0.4767886599841231
turquoise,Q9Y6E2,BZW2,LR_T1,-0.047394020099679135
turquoise,Q9Y6H1,CHCHD2,LR_T1,0.04706458422020433
turquoise,A8MXV4,NUDT19,LR_T2,0.03170758054425682
turquoise,O00186,STXBP3,LR_T2,0.06781126233420826
turquoise,O00264,PGRMC1,LR_T2,0.2641871271775798
turquoise,O00423,EML1,LR_T2,0.010150202945484355
turquoise,O00764,PDXK,LR_T2,-0.41299986636211794
turquoise,O14556,GAPDHS,LR_T2,0.12257790556680911
turquoise,O14737,PDCD5,LR_T2,0.17495681130565308
turquoise,O14744,PRMT5,LR_T2,0.3148698745109353
turquoise,O14818,PSMA7,LR_T2,-0.47182890429538965
turquoise,O15382,BCAT2,LR_T2,0.26761471763183164
turquoise,O43399,TPD52L2,LR_T2,0.23417996464968055
turquoise,O43488,AKR7A2,LR_T2,-0.18151372313932906
turquoise,O43617,TRAPPC3,LR_T2,-0.1688360977290133
turquoise,O43776,NARS1,LR_T2,-0.2640577242778297
turquoise,O43852,CALU,LR_T2,0.2519869476954651
turquoise,O60662,KLHL41,LR_T2,-0.2911024567531384
turquoise,O60664,PLIN3,LR_T2,0.4340621636327439
turquoise,O60763,USO1,LR_T2,0.07449820454136062
turquoise,O60825,PFKFB2,LR_T2,0.26145379915144373
turquoise,O75083,WDR1,LR_T2,-0.407561153562469
turquoise,O75131,CPNE3,LR_T2,-0.31057946960783617
turquoise,O75155,CAND2,LR_T2,-0.03990689705856114
turquoise,O75298,RTN2,LR_T2,-0.17406855204744934
turquoise,O75348,ATP6V1G1,LR_T2,-0.2524286993273373
turquoise,O75351,VPS4B,LR_T2,-0.05504000906007046
turquoise,O75396,SEC22B,LR_T2,-0.36456669575131034
turquoise,O75436,VPS26A,LR_T2,-0.061011949205282155
turquoise,O75964,ATP5MG,LR_T2,-0.10013939299697944
turquoise,O94760,DDAH1,LR_T2,-0.06426877107781756
turquoise,O94919,ENDOD1,LR_T2,-0.5776781781171979
turquoise,O95140,MFN2,LR_T2,0.08682019784538544
turquoise,O95373,IPO7,LR_T2,-0.31163717038616895
turquoise,O95571,ETHE1,LR_T2,-0.19645295981255043
turquoise,O95747,OXSR1,LR_T2,-0.47766479478736773
turquoise,O95881,TXNDC12,LR_T2,-0.1019959328396068
turquoise,P00352,ALDH1A1,LR_T2,0.14078088623853413
turquoise,P00387,CYB5R3,LR_T2,-0.41846777442252625
turquoise,P00441,SOD1,LR_T2,-0.27649779818572623
turquoise,P00846,MT-ATP6,LR_T2,-0.20607828988695298
turquoise,P02792,FTL,LR_T2,0.022890774004839957
turquoise,P02794,FTH1,LR_T2,-0.18527346884913734
turquoise,P03897,MT-ND3,LR_T2,-0.26496032674518805
turquoise,P04075,ALDOA,LR_T2,0.009684541086465284
turquoise,P04792,HSPB1,LR_T2,0.327426857993124
turquoise,P05023,ATP1A1,LR_T2,0.07628999503517922
turquoise,P05787,KRT8,LR_T2,-0.0797640083103164
turquoise,P07099,EPHX1,LR_T2,-0.22198912674270366
turquoise,P07108,DBI,LR_T2,-0.3394269157680078
turquoise,P07203,GPX1,LR_T2,0.04323389397952463
turquoise,P07737,PFN1,LR_T2,-0.6068616995365259
turquoise,P07900,HSP90AA1,LR_T2,0.04786893009191655
turquoise,P09417,QDPR,LR_T2,-0.3384514501737636
turquoise,P09960,LTA4H,LR_T2,-0.34168588781112613
turquoise,P09972,ALDOC,LR_T2,-0.4080944637801013
turquoise,P0DP23,CALM1,LR_T2,-0.28564930250349035
turquoise,P10599,TXN,LR_T2,-0.6730585648540286
turquoise,P11142,HSPA8,LR_T2,0.020681120743496963
turquoise,P12081,HARS1,LR_T2,0.2201811390372689
turquoise,P12268,IMPDH2,LR_T2,-0.6470685876957896
turquoise,P12277,CKB,LR_T2,0.2678665658167178
turquoise,P12956,XRCC6,LR_T2,-0.7682265314635073
turquoise,P13693,TPT1,LR_T2,0.25393027232091486
turquoise,P14621,ACYP2,LR_T2,-0.008386058960242915
turquoise,P14678,SNRPB,LR_T2,0.046909585384076274
turquoise,P14868,DARS1,LR_T2,-0.0826431586871016
turquoise,P15531,NME1,LR_T2,-0.2090293477055627
turquoise,P15927,RPA2,LR_T2,-0.5654516797164195
turquoise,P17858,PFKL,LR_T2,-0.34370481724897683
turquoise,P17987,TCP1,LR_T2,-0.4052756539842067
turquoise,P19623,SRM,LR_T2,-0.1635246723122384
turquoise,P20042,EIF2S2,LR_T2,-0.24850666628726503
turquoise,P20340,RAB6A,LR_T2,-0.5098765263088231
turquoise,P20618,PSMB1,LR_T2,-0.3872713975513622
turquoise,P21281,ATP6V1B2,LR_T2,0.008168177506014262
turquoise,P22033,MMUT,LR_T2,0.39227484275542557
turquoise,P22307,SCP2,LR_T2,0.15017953529211134
turquoise,P23434,GCSH,LR_T2,-0.2562902676729182
turquoise,P24539,ATP5PB,LR_T2,-0.33435815817028897
turquoise,P24666,ACP1,LR_T2,-0.3884761861939805
turquoise,P25705,ATP5F1A,LR_T2,0.1910076835846005
turquoise,P26885,FKBP2,LR_T2,0.06991809213320276
turquoise,P27797,CALR,LR_T2,0.19640043493526502
turquoise,P29218,IMPA1,LR_T2,-0.19182399653975205
turquoise,P30038,ALDH4A1,LR_T2,0.21745374268321227
turquoise,P30041,PRDX6,LR_T2,-0.4690215078466515
turquoise,P30046,DDT,LR_T2,-0.4765684383578364
turquoise,P30086,PEBP1,LR_T2,-0.24915487790869903
turquoise,P30520,ADSS2,LR_T2,-0.23273488991388552
turquoise,P30622,CLIP1,LR_T2,-0.1758221399212503
turquoise,P31153,MAT2A,LR_T2,0.14556082986162566
turquoise,P31415,CASQ1,LR_T2,-0.5888822698368346
turquoise,P31937,HIBADH,LR_T2,-0.09376158296144796
turquoise,P34896,SHMT1,LR_T2,-0.009912538235581275
turquoise,P35080,PFN2,LR_T2,-0.3648133206743495
turquoise,P35908,KRT2,LR_T2,0.2026684598478084
turquoise,P36405,ARL3,LR_T2,-0.19214365286399157
turquoise,P36776,LONP1,LR_T2,0.6697359286150979
turquoise,P36969,GPX4,LR_T2,-0.32096169766286714
turquoise,P37837,TALDO1,LR_T2,-0.40226482347843373
turquoise,P41091,EIF2S3,LR_T2,-0.5774642141606112
turquoise,P41567,EIF1,LR_T2,-0.08354798038897193
turquoise,P43304,GPD2,LR_T2,-0.33076874716086685
turquoise,P45381,ASPA,LR_T2,0.07326618551574604
turquoise,P46109,CRKL,LR_T2,-0.16280398969997112
turquoise,P46459,NSF,LR_T2,0.02643883933770701
turquoise,P46926,GNPDA1,LR_T2,-0.4651360279865544
turquoise,P48059,LIMS1,LR_T2,0.44075189033021944
turquoise,P48163,ME1,LR_T2,-0.35270516595380785
turquoise,P48449,LSS,LR_T2,-0.16155552822014352
turquoise,P49368,CCT3,LR_T2,0.07505962808508934
turquoise,P49419,ALDH7A1,LR_T2,0.09979634706961868
turquoise,P49458,SRP9,LR_T2,0.06564022627391307
turquoise,P49720,PSMB3,LR_T2,-0.6196194519132671
turquoise,P49721,PSMB2,LR_T2,-0.46276480659351127
turquoise,P49748,ACADVL,LR_T2,0.22996511656392443
turquoise,P50213,IDH3A,LR_T2,0.039274001468999814
turquoise,P50416,CPT1A,LR_T2,-0.08971336506793104
turquoise,P50993,ATP1A2,LR_T2,-0.16124253633644448
turquoise,P51148,RAB5C,LR_T2,-0.6881070638830807
turquoise,P51452,DUSP3,LR_T2,-0.20351209682411833
turquoise,P52888,THOP1,LR_T2,-0.06942416348448403
turquoise,P52907,CAPZA1,LR_T2,-0.11364503275537344
turquoise,P53621,COPA,LR_T2,-0.29820358954516246
turquoise,P53814,SMTN,LR_T2,0.015497988041817068
turquoise,P53985,SLC16A1,LR_T2,0.33780020868347915
turquoise,P53992,SEC24C,LR_T2,0.06590468061674111
turquoise,P54136,RARS1,LR_T2,-0.08310969759558948
turquoise,P54652,HSPA2,LR_T2,-0.47560135159393446
turquoise,P55290,CDH13,LR_T2,0.11757388008715328
turquoise,P55809,OXCT1,LR_T2,-0.5411986604670118
turquoise,P56556,NDUFA6,LR_T2,0.08986363685364941
turquoise,P58546,MTPN,LR_T2,-0.4444756430696227
turquoise,P60891,PRPS1,LR_T2,-0.42339942821492155
turquoise,P61019,RAB2A,LR_T2,-0.23586902617981093
turquoise,P61077,UBE2D3,LR_T2,0.2924092138117808
turquoise,P61081,UBE2M,LR_T2,-0.22048757070965713
turquoise,P61086,UBE2K,LR_T2,-0.4828557243475869
turquoise,P61106,RAB14,LR_T2,-0.12153640811823709
turquoise,P61201,COPS2,LR_T2,-0.013122922917886574
turquoise,P61925,PKIA,LR_T2,-0.3907398534264391
turquoise,P62241,RPS8,LR_T2,0.013662895014042595
turquoise,P62318,SNRPD3,LR_T2,-0.0598255015734244
turquoise,P62330,ARF6,LR_T2,0.1492659530573149
turquoise,P62333,PSMC6,LR_T2,-0.7171991476876748
turquoise,P62495,ETF1,LR_T2,-0.048108197845573436
turquoise,P62834,RAP1A,LR_T2,0.07381914594843571
turquoise,P62979,RPS27A,LR_T2,-0.5401577177772116
turquoise,P63098,PPP3R1,LR_T2,-0.5768716468673459
turquoise,P63172,DYNLT1,LR_T2,0.2648667106304078
turquoise,P63279,UBE2I,LR_T2,-0.1621645002139545
turquoise,P67809,YBX1,LR_T2,0.020115432110343445
turquoise,P68366,TUBA4A,LR_T2,-0.38409183324108337
turquoise,P68371,TUBB4B,LR_T2,-0.06449757834450778
turquoise,P68400,CSNK2A1,LR_T2,0.045304795075362336
turquoise,P68402,PAFAH1B2,LR_T2,-0.506506919054081
turquoise,P78344,EIF4G2,LR_T2,-0.139246500567608
turquoise,P78417,GSTO1,LR_T2,-0.580679921185428
turquoise,Q01469,FABP5,LR_T2,0.24665831514395153
turquoise,Q02790,FKBP4,LR_T2,0.07785350084203664
turquoise,Q02978,SLC25A11,LR_T2,-0.3244003206792209
turquoise,Q04759,PRKCQ,LR_T2,0.19797921016813524
turquoise,Q06124,PTPN11,LR_T2,-0.6119202713300304
turquoise,Q09028,RBBP4,LR_T2,0.25171389718771237
turquoise,Q12907,LMAN2,LR_T2,-0.1534557432470115
turquoise,Q13085,ACACA,LR_T2,0.10028567412081012
turquoise,Q13098,GPS1,LR_T2,-0.23182088649460758
turquoise,Q13155,AIMP2,LR_T2,0.05983794570461702
turquoise,Q13177,PAK2,LR_T2,0.11659749885764545
turquoise,Q13200,PSMD2,LR_T2,0.09339249842195169
turquoise,Q13228,SELENBP1,LR_T2,-0.5016784178222804
turquoise,Q13442,PDAP1,LR_T2,-0.2359759568281627
turquoise,Q13510,ASAH1,LR_T2,0.09647378865708744
turquoise,Q13561,DCTN2,LR_T2,-0.13538269527859037
turquoise,Q13616,CUL1,LR_T2,-0.03172809834393321
turquoise,Q13683,ITGA7,LR_T2,0.09235072258068552
turquoise,Q13838,DDX39B,LR_T2,-0.30501942940849747
turquoise,Q13884,SNTB1,LR_T2,0.0019852327894084544
turquoise,Q14141,SEPTIN6,LR_T2,-0.5837353185154814
turquoise,Q15102,PAFAH1B3,LR_T2,-0.3407655196881334
turquoise,Q15172,PPP2R5A,LR_T2,0.12433167167494459
turquoise,Q15181,PPA1,LR_T2,0.13054743370640443
turquoise,Q15185,PTGES3,LR_T2,-0.16648042212410097
turquoise,Q15233,NONO,LR_T2,-0.12575396146095152
turquoise,Q15257,PTPA,LR_T2,0.15700031102923773
turquoise,Q15365,PCBP1,LR_T2,-0.04256618257661179
turquoise,Q15435,PPP1R7,LR_T2,-0.39395583718654337
turquoise,Q15631,TSN,LR_T2,-0.582125954162331
turquoise,Q15746,MYLK,LR_T2,-0.2853007643994605
turquoise,Q15843,NEDD8,LR_T2,-0.3291000920146882
turquoise,Q16595,FXN,LR_T2,0.25621503584933686
turquoise,Q16762,TST,LR_T2,-0.5408374161556705
turquoise,Q16773,KYAT1,LR_T2,-0.1804824500044754
turquoise,Q16816,PHKG1,LR_T2,0.03866973569069689
turquoise,Q16890,TPD52L1,LR_T2,-0.7058656153056405
turquoise,Q2TBA0,KLHL40,LR_T2,-0.0745982510911613
turquoise,Q3SXM5,HSDL1,LR_T2,0.3361338446329453
turquoise,Q49AH0,CDNF,LR_T2,-0.2766578096278466
turquoise,Q4G0W2,DUSP28,LR_T2,0.010233778360472512
turquoise,Q53H82,LACTB2,LR_T2,0.04942698492798156
turquoise,Q5HYK3,COQ5,LR_T2,0.43519653377448
turquoise,Q5U5X0,LYRM7,LR_T2,-0.21684868782516256
turquoise,Q5XPI4,RNF123,LR_T2,-0.22188073166324362
turquoise,Q6IPR1,ETFRF1,LR_T2,-0.2399246863959968
turquoise,Q6IQ22,RAB12,LR_T2,-0.5136010473232135
turquoise,Q6P1N9,TATDN1,LR_T2,-0.0561444893850135
turquoise,Q6ZMU5,TRIM72,LR_T2,0.09028760513310363
turquoise,Q7L1Q6,BZW1,LR_T2,-0.2521986558838557
turquoise,Q86TD4,SRL,LR_T2,-0.11256345889429878
turquoise,Q86VP6,CAND1,LR_T2,-0.6300710046710105
turquoise,Q86X76,NIT1,LR_T2,-0.0483238502138672
turquoise,Q8IUZ5,PHYKPL,LR_T2,0.03461672995267076
turquoise,Q8IWW8,ADHFE1,LR_T2,0.14678446864278488
turquoise,Q8N1G4,LRRC47,LR_T2,-0.03966419760157516
turquoise,Q8N335,GPD1L,LR_T2,0.12281709135025044
turquoise,Q8N5M9,JAGN1,LR_T2,-0.3139452641220913
turquoise,Q8N6M3,FITM2,LR_T2,-0.5350495215720078
turquoise,Q8NI60,COQ8A,LR_T2,-0.13842580793625361
turquoise,Q8TBC4,UBA3,LR_T2,-0.22296462597891095
turquoise,Q8TDX7,NEK7,LR_T2,-0.0512526298639609
turquoise,Q8WW22,DNAJA4,LR_T2,0.17673964961562016
turquoise,Q8WWV3,RTN4IP1,LR_T2,-0.2990501004160925
turquoise,Q8WZA0,LZIC,LR_T2,-0.051159568096738287
turquoise,Q92530,PSMF1,LR_T2,-0.09124960157655203
turquoise,Q92890,UFD1,LR_T2,-0.5053084805820138
turquoise,Q93084,ATP2A3,LR_T2,-0.6706230618253262
turquoise,Q96CN7,ISOC1,LR_T2,-0.2730472066936892
turquoise,Q96HN2,AHCYL2,LR_T2,-0.48408493000942465
turquoise,Q96IU4,ABHD14B,LR_T2,0.2143937484724044
turquoise,Q96IV0,NGLY1,LR_T2,0.009133220225853445
turquoise,Q96JJ7,TMX3,LR_T2,-0.28296772821588095
turquoise,Q99627,COPS8,LR_T2,0.14527950038638326
turquoise,Q99873,PRMT1,LR_T2,-0.2012370436859051
turquoise,Q9BQ69,MACROD1,LR_T2,-0.08469201263501484
turquoise,Q9BQA1,WDR77,LR_T2,-0.05065175318878547
turquoise,Q9BRX8,PRXL2A,LR_T2,-0.4271831232267443
turquoise,Q9BS26,ERP44,LR_T2,-0.5958599073169135
turquoise,Q9BT78,COPS4,LR_T2,0.26198551609738285
turquoise,Q9BTE6,AARSD1,LR_T2,-0.047798345172297696
turquoise,Q9BUR5,APOO,LR_T2,-0.05183539837829304
turquoise,Q9BVC6,TMEM109,LR_T2,-0.4132297165056471
turquoise,Q9BXB4,OSBPL11,LR_T2,-0.09540839148008907
turquoise,Q9C0E8,LNPK,LR_T2,-0.1958213984383344
turquoise,Q9GZT8,NIF3L1,LR_T2,-0.03881870543577062
turquoise,Q9GZZ1,NAA50,LR_T2,-0.09110323715073912
turquoise,Q9H0E2,TOLLIP,LR_T2,0.012874081801071927
turquoise,Q9H0U4,RAB1B,LR_T2,-0.6996235351655854
turquoise,Q9H0W9,C11orf54,LR_T2,-0.4533006702205754
turquoise,Q9H0Z9,RBM38,LR_T2,-0.032786533159644846
turquoise,Q9H2J4,PDCL3,LR_T2,0.1569211551272529
turquoise,Q9H4A4,RNPEP,LR_T2,0.1493775841809063
turquoise,Q9H993,ARMT1,LR_T2,-0.8478410396775399
turquoise,Q9H9S4,CAB39L,LR_T2,-0.48473386972414967
turquoise,Q9HA65,TBC1D17,LR_T2,0.09928509073229898
turquoise,Q9NP72,RAB18,LR_T2,-0.027265217995820136
turquoise,Q9NQE9,HINT3,LR_T2,-0.06997922561663829
turquoise,Q9NR31,SAR1A,LR_T2,-0.2864857746849249
turquoise,Q9NT62,ATG3,LR_T2,-0.11979497242803955
turquoise,Q9NUU7,DDX19A,LR_T2,0.4709716192581009
turquoise,Q9NVE7,PANK4,LR_T2,0.11634940869307804
turquoise,Q9NWV4,CZIB,LR_T2,0.02148198175864069
turquoise,Q9NY65,TUBA8,LR_T2,0.4291837067432704
turquoise,Q9NYL2,MAP3K20,LR_T2,-0.5348415284980824
turquoise,Q9NZA1,CLIC5,LR_T2,0.0787325236746952
turquoise,Q9NZJ6,COQ3,LR_T2,0.3958971365049242
turquoise,Q9NZL9,MAT2B,LR_T2,0.24086651657640656
turquoise,Q9P0L0,VAPA,LR_T2,-0.3468462123240157
turquoise,Q9UBC2,EPS15L1,LR_T2,-0.15620898649012643
turquoise,Q9UBG0,MRC2,LR_T2,0.14740546761894696
turquoise,Q9UBQ5,EIF3K,LR_T2,0.3638366975983768
turquoise,Q9UDT6,CLIP2,LR_T2,0.062170735476840044
turquoise,Q9UHG3,PCYOX1,LR_T2,-0.06047726947585295
turquoise,Q9UHP9,SMPX,LR_T2,0.03315685064565895
turquoise,Q9UHV9,PFDN2,LR_T2,-0.3516664704289888
turquoise,Q9UIA9,XPO7,LR_T2,0.3899556509007484
turquoise,Q9UIC8,LCMT1,LR_T2,0.34264912274190545
turquoise,Q9UJW0,DCTN4,LR_T2,-0.47767041370011337
turquoise,Q9UKU7,ACAD8,LR_T2,0.22648950485600636
turquoise,Q9UM00,TMCO1,LR_T2,-0.30928836564173845
turquoise,Q9UM22,EPDR1,LR_T2,0.1843956194513724
turquoise,Q9UMS0,NFU1,LR_T2,0.44047665672104636
turquoise,Q9UMX0,UBQLN1,LR_T2,0.02679649695838593
turquoise,Q9UN37,VPS4A,LR_T2,0.17766315357556284
turquoise,Q9UNS2,COPS3,LR_T2,0.3463616665631761
turquoise,Q9Y230,RUVBL2,LR_T2,0.12148265105085765
turquoise,Q9Y266,NUDC,LR_T2,0.5521089316571741
turquoise,Q9Y2B0,CNPY2,LR_T2,-0.012214701390071803
turquoise,Q9Y2R0,COA3,LR_T2,-0.34235235616447185
turquoise,Q9Y3A3,MOB4,LR_T2,-0.74394381613611
turquoise,Q9Y3C4,TPRKB,LR_T2,-0.4244891796377317
turquoise,Q9Y3C6,PPIL1,LR_T2,-0.35277122030936375
turquoise,Q9Y3F4,STRAP,LR_T2,0.23600649964902165
turquoise,Q9Y450,HBS1L,LR_T2,0.35440682027181125
turquoise,Q9Y4E8,USP15,LR_T2,0.21941366236879203
turquoise,Q9Y4G6,TLN2,LR_T2,-0.3826890515374719
turquoise,Q9Y570,PPME1,LR_T2,0.03418026024400997
turquoise,Q9Y5K5,UCHL5,LR_T2,0.04628846528223326
turquoise,Q9Y5L4,TIMM13,LR_T2,0.26704159770896957
turquoise,Q9Y5M8,SRPRB,LR_T2,-0.35629676402258215
turquoise,Q9Y6E2,BZW2,LR_T2,-0.1525822405535049
turquoise,Q9Y6H1,CHCHD2,LR_T2,0.43894073773947345
blue,A1L0T0,ILVBL,HR_T1,-0.10374825083388366
blue,A6NNS2,DHRS7C,HR_T1,0.7045305081839092
blue,O00159,MYO1C,HR_T1,0.5960450131445404
blue,O00410,IPO5,HR_T1,0.31354435914101014
blue,O00429,DNM1L,HR_T1,0.37703078559400216
blue,O00442,RTCA,HR_T1,0.2703060626172944
blue,O00505,KPNA3,HR_T1,0.3291492616120605
blue,O00571,DDX3X,HR_T1,-0.0657460050861893
blue,O14653,GOSR2,HR_T1,0.24905031056968815
blue,O14874,BCKDK,HR_T1,0.40747626045500634
blue,O14957,UQCR11,HR_T1,0.1019433600713432
blue,O14980,XPO1,HR_T1,0.4393248370385106
blue,O14983,ATP2A1,HR_T1,0.06159590728630653
blue,O15144,ARPC2,HR_T1,-0.19710706450785745
blue,O15145,ARPC3,HR_T1,0.2848340578371183
blue,O15371,EIF3D,HR_T1,0.0954104655185937
blue,O43414,ERI3,HR_T1,0.9604916155573203
blue,O43598,DNPH1,HR_T1,0.22860936849899915
blue,O43615,TIMM44,HR_T1,0.10822432421264414
blue,O43813,LANCL1,HR_T1,0.6380257678231277
blue,O60237,PPP1R12B,HR_T1,0.30586318010994884
blue,O60256,PRPSAP2,HR_T1,0.24486412281860684
blue,O60313,OPA1,HR_T1,0.08233267527165546
blue,O60506,SYNCRIP,HR_T1,0.455006440672624
blue,O60610,DIAPH1,HR_T1,0.45620107792485676
blue,O60784,TOM1,HR_T1,0.7113202987565205
blue,O60884,DNAJA2,HR_T1,-0.00587327463743738
blue,O75027,ABCB7,HR_T1,0.011568091795271915
blue,O75208,COQ9,HR_T1,0.37670658289972414
blue,O75380,NDUFS6,HR_T1,-0.20999410563791324
blue,O75431,MTX2,HR_T1,0.045901264185926514
blue,O75439,PMPCB,HR_T1,-0.41971548383001245
blue,O75663,TIPRL,HR_T1,0.5610897879640784
blue,O75915,ARL6IP5,HR_T1,0.556986357425041
blue,O75935,DCTN3,HR_T1,0.1881692274430386
blue,O94811,TPPP,HR_T1,0.1850420212302461
blue,O94826,TOMM70,HR_T1,0.21871784734560532
blue,O94903,PLPBP,HR_T1,-0.12007025096363946
blue,O95376,ARIH2,HR_T1,0.18146474430208456
blue,O95433,AHSA1,HR_T1,0.4288460913097936
blue,P00395,MT-CO1,HR_T1,0.19341921918404995
blue,P04406,GAPDH,HR_T1,0.045039735666370984
blue,P04843,RPN1,HR_T1,-0.006892640315571852
blue,P04844,RPN2,HR_T1,0.0681906203754498
blue,P05386,RPLP1,HR_T1,-0.12837277454956852
blue,P05455,SSB,HR_T1,0.01903850069281963
blue,P06748,NPM1,HR_T1,0.016937100533348386
blue,P07741,APRT,HR_T1,-0.2425334179879501
blue,P08574,CYC1,HR_T1,0.19406253347156424
blue,P08708,RPS17,HR_T1,0.31115035919391715
blue,P10155,RO60,HR_T1,0.03378477071521259
blue,P11182,DBT,HR_T1,0.2509838216070345
blue,P11586,MTHFD1,HR_T1,0.3259938016569807
blue,P11940,PABPC1,HR_T1,-0.21349154190951145
blue,P13010,XRCC5,HR_T1,0.19762096116020464
blue,P13473,LAMP2,HR_T1,-0.08840809945146348
blue,P14618,PKM,HR_T1,-0.13796919856100515
blue,P15880,RPS2,HR_T1,0.03773157948444862
blue,P16671,CD36,HR_T1,0.3536156477406025
blue,P17612,PRKACA,HR_T1,0.7369092590817531
blue,P17812,CTPS1,HR_T1,0.21153791545989248
blue,P17980,PSMC3,HR_T1,0.18988066217464067
blue,P19971,TYMP,HR_T1,0.25533272761980746
blue,P20774,OGN,HR_T1,0.5193407650617652
blue,P21333,FLNA,HR_T1,0.462858950068524
blue,P21399,ACO1,HR_T1,0.6241284458238249
blue,P21953,BCKDHB,HR_T1,-0.27225926520272636
blue,P21980,TGM2,HR_T1,-0.12142100012886667
blue,P22570,FDXR,HR_T1,-0.6734698949263846
blue,P23786,CPT2,HR_T1,-0.2727208862783023
blue,P24534,EEF1B2,HR_T1,0.019427718381928454
blue,P25787,PSMA2,HR_T1,0.2800764699430262
blue,P26599,PTBP1,HR_T1,0.33307406368524567
blue,P28482,MAPK1,HR_T1,0.0781777226571965
blue,P30084,ECHS1,HR_T1,-0.010942164447775904
blue,P30085,CMPK1,HR_T1,0.7643490097724942
blue,P30153,PPP2R1A,HR_T1,0.22992913093615638
blue,P30419,NMT1,HR_T1,0.2678055806315049
blue,P30536,TSPO,HR_T1,0.1357366881126776
blue,P30566,ADSL,HR_T1,0.7047629890863032
blue,P31040,SDHA,HR_T1,-0.5166369985059944
blue,P31939,ATIC,HR_T1,0.5878766709666012
blue,P31942,HNRNPH3,HR_T1,-0.20716124463046368
blue,P34897,SHMT2,HR_T1,-0.15643422743904736
blue,P35241,RDX,HR_T1,0.37897791714537327
blue,P35270,SPR,HR_T1,0.17418555336073505
blue,P35998,PSMC2,HR_T1,0.06064260602953068
blue,P36543,ATP6V1E1,HR_T1,0.39246179110119855
blue,P38159,RBMX,HR_T1,0.16131663517162448
blue,P40227,CCT6A,HR_T1,0.19550331412621455
blue,P40939,HADHA,HR_T1,0.08785594334295053
blue,P41250,GARS1,HR_T1,0.4137425703370719
blue,P42704,LRPPRC,HR_T1,-0.760072441566435
blue,P42765,ACAA2,HR_T1,-0.5619126022699464
blue,P43686,PSMC4,HR_T1,0.15126481850856993
blue,P45984,MAPK9,HR_T1,-0.15692207027301916
blue,P45985,MAP2K4,HR_T1,0.14909073586641206
blue,P46782,RPS5,HR_T1,0.20335076378108458
blue,P46783,RPS10,HR_T1,-0.020134685148753335
blue,P49023,PXN,HR_T1,0.05944506392666419
blue,P49354,FNTA,HR_T1,-0.10858030651366467
blue,P49441,INPP1,HR_T1,-0.053775788531221495
blue,P49591,SARS1,HR_T1,0.04099847727036411
blue,P50583,NUDT2,HR_T1,0.4067568735841808
blue,P50995,ANXA11,HR_T1,0.5919025434918856
blue,P51570,GALK1,HR_T1,0.1915772261715774
blue,P51648,ALDH3A2,HR_T1,0.12519803553916428
blue,P52788,SMS,HR_T1,0.24028205633590233
blue,P53618,COPB1,HR_T1,-0.023195845442170793
blue,P53990,IST1,HR_T1,0.6048076999346899
blue,P54619,PRKAG1,HR_T1,0.4657513136076004
blue,P54819,AK2,HR_T1,-0.6135141238468045
blue,P55010,EIF5,HR_T1,0.3659934354827458
blue,P55060,CSE1L,HR_T1,0.5092972641722092
blue,P60953,CDC42,HR_T1,0.08936501705293699
blue,P61006,RAB8A,HR_T1,0.19106114377291775
blue,P61020,RAB5B,HR_T1,0.09436006324809197
blue,P61026,RAB10,HR_T1,0.6226004718340965
blue,P61221,ABCE1,HR_T1,-0.16523243317421388
blue,P61224,RAP1B,HR_T1,0.08299364759579829
blue,P61225,RAP2B,HR_T1,0.39648271991057304
blue,P61923,COPZ1,HR_T1,0.1234266989150146
blue,P62081,RPS7,HR_T1,0.39778715725858765
blue,P62140,PPP1CB,HR_T1,0.2752339619073071
blue,P62191,PSMC1,HR_T1,0.2619095347441075
blue,P62253,UBE2G1,HR_T1,0.8427647130454783
blue,P62807,H2BC4,HR_T1,0.23315731763089806
blue,P62841,RPS15,HR_T1,0.24093049870790031
blue,P62847,RPS24,HR_T1,0.11318261369585032
blue,P62879,GNB2,HR_T1,0.14343750901174263
blue,P63104,YWHAZ,HR_T1,0.24603785077518564
blue,P68036,UBE2L3,HR_T1,0.40653734050175716
blue,P78356,PIP4K2B,HR_T1,0.008783369603261886
blue,P78371,CCT2,HR_T1,0.09134431444183015
blue,P78560,CRADD,HR_T1,0.1289693920284444
blue,P82909,MRPS36,HR_T1,0.23909978192751322
blue,P84085,ARF5,HR_T1,0.41505953583907385
blue,Q00169,PITPNA,HR_T1,0.35094783072824426
blue,Q00G26,PLIN5,HR_T1,0.022066602267697504
blue,Q02218,OGDH,HR_T1,0.10419174540094048
blue,Q02750,MAP2K1,HR_T1,0.7016483895474833
blue,Q02878,RPL6,HR_T1,0.14383171390645846
blue,Q02952,AKAP12,HR_T1,0.2296344328596819
blue,Q03135,CAV1,HR_T1,0.48480051677063496
blue,Q04837,SSBP1,HR_T1,0.20453680607721028
blue,Q08623,PUDP,HR_T1,0.5472820590621302
blue,Q10567,AP1B1,HR_T1,0.1425713315743266
blue,Q10713,PMPCA,HR_T1,0.62270186218391
blue,Q13148,TARDBP,HR_T1,0.18436030517358232
blue,Q13405,MRPL49,HR_T1,0.07839644902338297
blue,Q13424,SNTA1,HR_T1,0.1607658939737843
blue,Q13496,MTM1,HR_T1,0.13604227030144608
blue,Q13526,PIN1,HR_T1,0.575900400652925
blue,Q13557,CAMK2D,HR_T1,-0.09905297538593887
blue,Q13564,NAE1,HR_T1,0.22594908235056232
blue,Q13619,CUL4A,HR_T1,0.45647347325321336
blue,Q13620,CUL4B,HR_T1,0.6023788615781948
blue,Q13724,MOGS,HR_T1,0.012515049034496137
blue,Q13976,PRKG1,HR_T1,0.16127285116293338
blue,Q14011,CIRBP,HR_T1,0.8070028678186603
blue,Q14108,SCARB2,HR_T1,0.26555463881554503
blue,Q14558,PRPSAP1,HR_T1,0.11167153054420008
blue,Q14914,PTGR1,HR_T1,-0.13442183621484127
blue,Q14974,KPNB1,HR_T1,0.2086597289087914
blue,Q15121,PEA15,HR_T1,0.6427224697241402
blue,Q15363,TMED2,HR_T1,0.34861063960471245
blue,Q15642,TRIP10,HR_T1,0.16893175580701184
blue,Q16718,NDUFA5,HR_T1,0.061741609947928176
blue,Q16740,CLPP,HR_T1,0.13902536922061293
blue,Q16795,NDUFA9,HR_T1,-0.10322067327677373
blue,Q16836,HADH,HR_T1,-0.02296416311047454
blue,Q2TAA2,IAH1,HR_T1,0.4627286494974655
blue,Q5VYK3,ECPAS,HR_T1,0.7118397423107973
blue,Q5XKP0,MICOS13,HR_T1,0.12474678997212056
blue,Q6DKJ4,NXN,HR_T1,0.3809532698347396
blue,Q6IBS0,TWF2,HR_T1,0.09212726241316387
blue,Q6JQN1,ACAD10,HR_T1,-0.3809049659400618
blue,Q6UW78,UQCC3,HR_T1,0.21045583344064545
blue,Q7KZF4,SND1,HR_T1,0.3988393072774991
blue,Q7L2H7,EIF3M,HR_T1,0.3180316422484158
blue,Q86VS8,HOOK3,HR_T1,0.15059889893037673
blue,Q86VU5,COMTD1,HR_T1,0.37422371391104475
blue,Q8IXM3,MRPL41,HR_T1,0.209030833882088
blue,Q8IZ83,ALDH16A1,HR_T1,-0.14073481983757177
blue,Q8N0U8,VKORC1L1,HR_T1,0.06157277499308606
blue,Q8N142,ADSS1,HR_T1,0.2569900070997093
blue,Q8N766,EMC1,HR_T1,0.13324088541814794
blue,Q8NBX0,SCCPDH,HR_T1,0.6758972303187258
blue,Q8NHH9,ATL2,HR_T1,0.1375683681107712
blue,Q8TAT6,NPLOC4,HR_T1,0.5424934664437925
blue,Q8TB37,NUBPL,HR_T1,-0.3594884892091708
blue,Q8TCD5,NT5C,HR_T1,0.6460047410813956
blue,Q92616,GCN1,HR_T1,0.1185812251627486
blue,Q92882,OSTF1,HR_T1,-0.0027414856582180396
blue,Q93008,USP9X,HR_T1,-0.2447374304489218
blue,Q93034,CUL5,HR_T1,0.6236239444245276
blue,Q969Q5,RAB24,HR_T1,-0.5772474891582325
blue,Q96AB3,ISOC2,HR_T1,0.16141560747635827
blue,Q96AC1,FERMT2,HR_T1,0.12348039160645559
blue,Q96AQ6,PBXIP1,HR_T1,-0.006357494055504747
blue,Q96C23,GALM,HR_T1,0.3631530077635311
blue,Q96C90,PPP1R14B,HR_T1,0.12232894449479827
blue,Q96CV9,OPTN,HR_T1,0.23995088162114847
blue,Q96EY7,PTCD3,HR_T1,0.21455061819449248
blue,Q96FV2,SCRN2,HR_T1,0.15057724263302005
blue,Q96GG9,DCUN1D1,HR_T1,0.29280370374592035
blue,Q96HY7,DHTKD1,HR_T1,0.023283720019470582
blue,Q96I23,PYURF,HR_T1,0.16408176202266933
blue,Q96MF6,COQ10A,HR_T1,0.328252857901067
blue,Q96PE7,MCEE,HR_T1,-0.12084565061465012
blue,Q96RQ3,MCCC1,HR_T1,0.585111190423316
blue,Q99460,PSMD1,HR_T1,0.6440609581248087
blue,Q99471,PFDN5,HR_T1,0.10918145837387702
blue,Q99598,TSNAX,HR_T1,0.5501777731876267
blue,Q99685,MGLL,HR_T1,-0.017723356259000535
blue,Q99757,TXN2,HR_T1,0.17085315838146314
blue,Q99829,CPNE1,HR_T1,0.6538793493921661
blue,Q99832,CCT7,HR_T1,0.08491639739855097
blue,Q9BR39,JPH2,HR_T1,-0.07523942466451031
blue,Q9BRF8,CPPED1,HR_T1,0.21113631477827483
blue,Q9BS92,NIPSNAP3B,HR_T1,0.07496941286353245
blue,Q9BTT0,ANP32E,HR_T1,0.08506076526548932
blue,Q9BWH2,FUNDC2,HR_T1,0.07512805003364302
blue,Q9BXW6,OSBPL1A,HR_T1,0.1037215490300059
blue,Q9BXW7,HDHD5,HR_T1,0.19245050583658305
blue,Q9BYD1,MRPL13,HR_T1,0.7466410192321121
blue,Q9BYD2,MRPL9,HR_T1,0.30436751333873824
blue,Q9BYT8,NLN,HR_T1,0.021175076897471952
blue,Q9BYV2,TRIM54,HR_T1,0.15362430804545554
blue,Q9H061,TMEM126A,HR_T1,0.26597311276279517
blue,Q9H1K1,ISCU,HR_T1,-0.36622926599636385
blue,Q9H477,RBKS,HR_T1,0.3104114490909811
blue,Q9H6F2,TMEM38A,HR_T1,0.306324045422347
blue,Q9H9J2,MRPL44,HR_T1,0.6365361108080786
blue,Q9HBH5,RDH14,HR_T1,0.28930537489100816
blue,Q9HBI1,PARVB,HR_T1,0.20025095936855938
blue,Q9HDC9,APMAP,HR_T1,-0.11544641110547296
blue,Q9NPJ3,ACOT13,HR_T1,-0.12027276881802604
blue,Q9NPL8,TIMMDC1,HR_T1,-0.0926418006645651
blue,Q9NPQ8,RIC8A,HR_T1,0.16968200337497885
blue,Q9NQ50,MRPL40,HR_T1,0.34787151426577606
blue,Q9NQC3,RTN4,HR_T1,0.6980311730019262
blue,Q9NR56,MBNL1,HR_T1,0.4613632689051835
blue,Q9NRG7,SDR39U1,HR_T1,-0.02908028353192114
blue,Q9NTG7,SIRT3,HR_T1,0.40774463231346186
blue,Q9NTK5,OLA1,HR_T1,0.27124828370339527
blue,Q9NTX5,ECHDC1,HR_T1,0.2247479263027609
blue,Q9NUJ1,ABHD10,HR_T1,0.4087528215338056
blue,Q9NVA2,SEPTIN11,HR_T1,0.04717310239307216
blue,Q9NZN4,EHD2,HR_T1,0.5107642579211177
blue,Q9P0S9,TMEM14C,HR_T1,0.33661582310455757
blue,Q9P0U1,TOMM7,HR_T1,0.18602578322454957
blue,Q9UBB4,ATXN10,HR_T1,0.029621022745169867
blue,Q9UHD1,CHORDC1,HR_T1,0.30284221811277884
blue,Q9UI12,ATP6V1H,HR_T1,0.8575214759727593
blue,Q9UIQ6,LNPEP,HR_T1,0.7109486941117522
blue,Q9UL25,RAB21,HR_T1,0.4646727235074337
blue,Q9UL46,PSME2,HR_T1,0.12574875691368426
blue,Q9ULC4,MCTS1,HR_T1,0.49114271198908355
blue,Q9UNM6,PSMD13,HR_T1,0.3398632656376814
blue,Q9Y241,HIGD1A,HR_T1,0.4617828106276165
blue,Q9Y263,PLAA,HR_T1,0.2849903129199132
blue,Q9Y276,BCS1L,HR_T1,-0.053829121435140626
blue,Q9Y285,FARSA,HR_T1,0.20551064724641394
blue,Q9Y295,DRG1,HR_T1,0.26063702568496644
blue,Q9Y2Z9,COQ6,HR_T1,0.13603573108421724
blue,Q9Y305,ACOT9,HR_T1,-0.1949332320967558
blue,Q9Y333,LSM2,HR_T1,-0.00494658773795014
blue,Q9Y376,CAB39,HR_T1,0.6952303505669588
blue,Q9Y3D6,FIS1,HR_T1,0.1597505614632089
blue,Q9Y3I1,FBXO7,HR_T1,0.055107007271032
blue,Q9Y4L1,HYOU1,HR_T1,-0.018492596046098337
blue,Q9Y5U8,MPC1,HR_T1,0.09624283873659066
blue,Q9Y5Y2,NUBP2,HR_T1,0.6443256732433429
blue,Q9Y6B6,SAR1B,HR_T1,0.46320943331099634
blue,A1L0T0,ILVBL,HR_T2,0.10420018107427723
blue,A6NNS2,DHRS7C,HR_T2,-0.1253817508150904
blue,O00159,MYO1C,HR_T2,0.255575276551064
blue,O00410,IPO5,HR_T2,-0.1266899376319438
blue,O00429,DNM1L,HR_T2,-0.25949937354737884
blue,O00442,RTCA,HR_T2,-0.38001370747122826
blue,O00505,KPNA3,HR_T2,-0.23826720447440838
blue,O00571,DDX3X,HR_T2,-0.1445852065143453
blue,O14653,GOSR2,HR_T2,-0.48974331160809575
blue,O14874,BCKDK,HR_T2,-0.2733036938150119
blue,O14957,UQCR11,HR_T2,-0.03539821533729485
blue,O14980,XPO1,HR_T2,-0.22736472906771382
blue,O14983,ATP2A1,HR_T2,-0.15886487712207334
blue,O15144,ARPC2,HR_T2,-0.48181947088371213
blue,O15145,ARPC3,HR_T2,-0.2612758600332455
blue,O15371,EIF3D,HR_T2,-0.23446751765177895
blue,O43414,ERI3,HR_T2,0.23558634140218038
blue,O43598,DNPH1,HR_T2,-0.11678537863445636
blue,O43615,TIMM44,HR_T2,-0.32913749586165103
blue,O43813,LANCL1,HR_T2,-0.05968332742766352
blue,O60237,PPP1R12B,HR_T2,-0.3917495111949848
blue,O60256,PRPSAP2,HR_T2,0.20162019087911695
blue,O60313,OPA1,HR_T2,-0.07564481793452489
blue,O60506,SYNCRIP,HR_T2,-1.1224873973566787
blue,O60610,DIAPH1,HR_T2,-0.24346018482099008
blue,O60784,TOM1,HR_T2,-0.4236052992821047
blue,O60884,DNAJA2,HR_T2,0.04266461415336442
blue,O75027,ABCB7,HR_T2,0.048661429197254136
blue,O75208,COQ9,HR_T2,0.15098713202030073
blue,O75380,NDUFS6,HR_T2,-0.1976320640791853
blue,O75431,MTX2,HR_T2,-0.19455932600677922
blue,O75439,PMPCB,HR_T2,0.07431988453453935
blue,O75663,TIPRL,HR_T2,-0.2642776782982645
blue,O75915,ARL6IP5,HR_T2,-0.4630456423331525
blue,O75935,DCTN3,HR_T2,-0.48780144039381323
blue,O94811,TPPP,HR_T2,-0.36174431932076384
blue,O94826,TOMM70,HR_T2,-0.46222464026965
blue,O94903,PLPBP,HR_T2,-0.08155973199538098
blue,O95376,ARIH2,HR_T2,-0.3123486032129228
blue,O95433,AHSA1,HR_T2,-0.43868040481158344
blue,P00395,MT-CO1,HR_T2,-0.3135761211721543
blue,P04406,GAPDH,HR_T2,-0.21111390325136026
blue,P04843,RPN1,HR_T2,-0.1952785578963288
blue,P04844,RPN2,HR_T2,-0.051918202624486605
blue,P05386,RPLP1,HR_T2,-0.5502213027319176
blue,P05455,SSB,HR_T2,-0.5235112923363398
blue,P06748,NPM1,HR_T2,-0.3176007329963634
blue,P07741,APRT,HR_T2,-0.1353733033779214
blue,P08574,CYC1,HR_T2,-0.3983827918252908
blue,P08708,RPS17,HR_T2,-0.14308209420692578
blue,P10155,RO60,HR_T2,-0.43963124079431876
blue,P11182,DBT,HR_T2,-0.28300725113139785
blue,P11586,MTHFD1,HR_T2,0.1407254644281837
blue,P11940,PABPC1,HR_T2,-0.42215076948689084
blue,P13010,XRCC5,HR_T2,-0.5128376083745619
blue,P13473,LAMP2,HR_T2,-0.08450822263982075
blue,P14618,PKM,HR_T2,0.3152254670245421
blue,P15880,RPS2,HR_T2,-0.41085656155697975
blue,P16671,CD36,HR_T2,-0.3042435395266169
blue,P17612,PRKACA,HR_T2,-0.08562547582842481
blue,P17812,CTPS1,HR_T2,-0.4677184357576422
blue,P17980,PSMC3,HR_T2,-0.5171632592085703
blue,P19971,TYMP,HR_T2,-0.4878712978196534
blue,P20774,OGN,HR_T2,-0.20565032273034387
blue,P21333,FLNA,HR_T2,-0.2072913543907498
blue,P21399,ACO1,HR_T2,0.058244684741922965
blue,P21953,BCKDHB,HR_T2,-0.08206553051409825
blue,P21980,TGM2,HR_T2,-0.6754083042768428
blue,P22570,FDXR,HR_T2,-0.22447593057082646
blue,P23786,CPT2,HR_T2,0.06796506370935793
blue,P24534,EEF1B2,HR_T2,-0.18265066611297504
blue,P25787,PSMA2,HR_T2,-0.6211127440731306
blue,P26599,PTBP1,HR_T2,-0.07626683033945511
blue,P28482,MAPK1,HR_T2,-0.570752772566291
blue,P30084,ECHS1,HR_T2,-0.017834535982081116
blue,P30085,CMPK1,HR_T2,0.06182555597868354
blue,P30153,PPP2R1A,HR_T2,-0.3747696464713725
blue,P30419,NMT1,HR_T2,0.17156971650725275
blue,P30536,TSPO,HR_T2,-0.40256331383666283
blue,P30566,ADSL,HR_T2,-0.18344204377745643
blue,P31040,SDHA,HR_T2,-0.12702853851509066
blue,P31939,ATIC,HR_T2,-0.07880063192527971
blue,P31942,HNRNPH3,HR_T2,-0.5056819413775726
blue,P34897,SHMT2,HR_T2,0.3699001843681094
blue,P35241,RDX,HR_T2,0.06986868288406435
blue,P35270,SPR,HR_T2,-0.28994151589441175
blue,P35998,PSMC2,HR_T2,-0.1923895020563681
blue,P36543,ATP6V1E1,HR_T2,-0.030354689194585338
blue,P38159,RBMX,HR_T2,-0.5325910420709065
blue,P40227,CCT6A,HR_T2,-0.2226642577675575
blue,P40939,HADHA,HR_T2,-0.4844283564640363
blue,P41250,GARS1,HR_T2,-0.39571605752130307
blue,P42704,LRPPRC,HR_T2,0.04636897012611507
blue,P42765,ACAA2,HR_T2,-0.06529657111094105
blue,P43686,PSMC4,HR_T2,-0.10718499124268725
blue,P45984,MAPK9,HR_T2,-0.1947523379049026
blue,P45985,MAP2K4,HR_T2,-0.4629874100609475
blue,P46782,RPS5,HR_T2,-0.27285222029861134
blue,P46783,RPS10,HR_T2,-0.33062441078546473
blue,P49023,PXN,HR_T2,-0.5802469906750666
blue,P49354,FNTA,HR_T2,0.08600240466934501
blue,P49441,INPP1,HR_T2,-0.3898583149074525
blue,P49591,SARS1,HR_T2,-0.25253991241971757
blue,P50583,NUDT2,HR_T2,-0.1501439319193621
blue,P50995,ANXA11,HR_T2,0.23119636673030822
blue,P51570,GALK1,HR_T2,-0.09078662137012149
blue,P51648,ALDH3A2,HR_T2,-0.2611780971873197
blue,P52788,SMS,HR_T2,0.12089926126587269
blue,P53618,COPB1,HR_T2,-0.5138359478135174
blue,P53990,IST1,HR_T2,0.1096947877342767
blue,P54619,PRKAG1,HR_T2,0.24935419273464765
blue,P54819,AK2,HR_T2,0.3459233364340701
blue,P55010,EIF5,HR_T2,-0.3118198598579403
blue,P55060,CSE1L,HR_T2,-0.10724046329868644
blue,P60953,CDC42,HR_T2,-0.36658426810030736
blue,P61006,RAB8A,HR_T2,-0.609250280688954
blue,P61020,RAB5B,HR_T2,-0.25981489561372684
blue,P61026,RAB10,HR_T2,-0.302915069564455
blue,P61221,ABCE1,HR_T2,-0.6602299154384762
blue,P61224,RAP1B,HR_T2,-0.27715353634746015
blue,P61225,RAP2B,HR_T2,-0.482279511307045
blue,P61923,COPZ1,HR_T2,-0.32227265585327164
blue,P62081,RPS7,HR_T2,-0.4763294319434266
blue,P62140,PPP1CB,HR_T2,-0.44812059006863
blue,P62191,PSMC1,HR_T2,-0.3860877863555513
blue,P62253,UBE2G1,HR_T2,0.03286044594373892
blue,P62807,H2BC4,HR_T2,-0.6280664189618564
blue,P62841,RPS15,HR_T2,-0.18404570172434212
blue,P62847,RPS24,HR_T2,-0.08770483558804358
blue,P62879,GNB2,HR_T2,-0.05274225617598143
blue,P63104,YWHAZ,HR_T2,-0.389496401255452
blue,P68036,UBE2L3,HR_T2,-0.27308531168738887
blue,P78356,PIP4K2B,HR_T2,0.18090850209259607
blue,P78371,CCT2,HR_T2,-0.32428301449904556
blue,P78560,CRADD,HR_T2,-0.34965188828095556
blue,P82909,MRPS36,HR_T2,0.35786150647471837
blue,P84085,ARF5,HR_T2,-0.38778843567273136
blue,Q00169,PITPNA,HR_T2,-0.12933617497946212
blue,Q00G26,PLIN5,HR_T2,-0.13325341018571984
blue,Q02218,OGDH,HR_T2,-0.06175611541922733
blue,Q02750,MAP2K1,HR_T2,-0.39445216645961245
blue,Q02878,RPL6,HR_T2,-0.7159113386284123
blue,Q02952,AKAP12,HR_T2,-0.5121623330435016
blue,Q03135,CAV1,HR_T2,-0.23408452885584194
blue,Q04837,SSBP1,HR_T2,-0.14081377075298915
blue,Q08623,PUDP,HR_T2,0.05412139382731514
blue,Q10567,AP1B1,HR_T2,-0.43818610001637276
blue,Q10713,PMPCA,HR_T2,0.07651512619040399
blue,Q13148,TARDBP,HR_T2,0.10830811057332543
blue,Q13405,MRPL49,HR_T2,0.1414550130092465
blue,Q13424,SNTA1,HR_T2,-0.008342689062243487
blue,Q13496,MTM1,HR_T2,0.14629638524493002
blue,Q13526,PIN1,HR_T2,0.3859403014053128
blue,Q13557,CAMK2D,HR_T2,-0.2579442164509015
blue,Q13564,NAE1,HR_T2,0.11644573460740207
blue,Q13619,CUL4A,HR_T2,-0.11356337350589404
blue,Q13620,CUL4B,HR_T2,0.28432535733716513
blue,Q13724,MOGS,HR_T2,-0.058356792014608236
blue,Q13976,PRKG1,HR_T2,0.01919948895409667
blue,Q14011,CIRBP,HR_T2,-0.06741893824679061
blue,Q14108,SCARB2,HR_T2,0.12130738997319293
blue,Q14558,PRPSAP1,HR_T2,-0.47083359048580803
blue,Q14914,PTGR1,HR_T2,0.26313021904893974
blue,Q14974,KPNB1,HR_T2,-0.38439685015500175
blue,Q15121,PEA15,HR_T2,-0.44184447120382364
blue,Q15363,TMED2,HR_T2,-0.48718995622361516
blue,Q15642,TRIP10,HR_T2,-0.1855895086512884
blue,Q16718,NDUFA5,HR_T2,-0.2639977318926602
blue,Q16740,CLPP,HR_T2,-0.19141269087061077
blue,Q16795,NDUFA9,HR_T2,-0.3135841560230645
blue,Q16836,HADH,HR_T2,-0.11571204740663454
blue,Q2TAA2,IAH1,HR_T2,-0.23803042548893136
blue,Q5VYK3,ECPAS,HR_T2,0.07827846264705328
blue,Q5XKP0,MICOS13,HR_T2,0.21478809322632617
blue,Q6DKJ4,NXN,HR_T2,-0.30077172193110696
blue,Q6IBS0,TWF2,HR_T2,-0.3408318689647581
blue,Q6JQN1,ACAD10,HR_T2,1.0062186572196763
blue,Q6UW78,UQCC3,HR_T2,-0.5497099358252656
blue,Q7KZF4,SND1,HR_T2,-0.1795446782655814
blue,Q7L2H7,EIF3M,HR_T2,-0.6133018109698894
blue,Q86VS8,HOOK3,HR_T2,-0.23150549925941788
blue,Q86VU5,COMTD1,HR_T2,0.14164676282718194
blue,Q8IXM3,MRPL41,HR_T2,-0.3476766831483618
blue,Q8IZ83,ALDH16A1,HR_T2,-0.6004722078879687
blue,Q8N0U8,VKORC1L1,HR_T2,-0.19557484734389988
blue,Q8N142,ADSS1,HR_T2,0.37284305663501843
blue,Q8N766,EMC1,HR_T2,-0.08966707267046367
blue,Q8NBX0,SCCPDH,HR_T2,0.28905431308292073
blue,Q8NHH9,ATL2,HR_T2,-0.16552664861034985
blue,Q8TAT6,NPLOC4,HR_T2,-0.36522239259282024
blue,Q8TB37,NUBPL,HR_T2,0.06495565984218306
blue,Q8TCD5,NT5C,HR_T2,-0.04914630773055769
blue,Q92616,GCN1,HR_T2,-0.2664515826242276
blue,Q92882,OSTF1,HR_T2,-0.4970092842598253
blue,Q93008,USP9X,HR_T2,-0.3452840268371329
blue,Q93034,CUL5,HR_T2,-0.3068221499121283
blue,Q969Q5,RAB24,HR_T2,0.04229709063584569
blue,Q96AB3,ISOC2,HR_T2,0.22117996199512097
blue,Q96AC1,FERMT2,HR_T2,-0.10115533104620321
blue,Q96AQ6,PBXIP1,HR_T2,-0.4849643580838537
blue,Q96C23,GALM,HR_T2,-0.19780232706663425
blue,Q96C90,PPP1R14B,HR_T2,-0.06922234929317292
blue,Q96CV9,OPTN,HR_T2,-0.29942859270771294
blue,Q96EY7,PTCD3,HR_T2,-0.3641807897676027
blue,Q96FV2,SCRN2,HR_T2,-0.22133807319132906
blue,Q96GG9,DCUN1D1,HR_T2,-0.5533317753504271
blue,Q96HY7,DHTKD1,HR_T2,-0.12169757439675036
blue,Q96I23,PYURF,HR_T2,-0.25149715120631355
blue,Q96MF6,COQ10A,HR_T2,-0.06689516363450865
blue,Q96PE7,MCEE,HR_T2,-0.14222626112465403
blue,Q96RQ3,MCCC1,HR_T2,-0.3939801749391983
blue,Q99460,PSMD1,HR_T2,-0.08558099036590272
blue,Q99471,PFDN5,HR_T2,-0.12428266955921732
blue,Q99598,TSNAX,HR_T2,-0.16151806261451301
blue,Q99685,MGLL,HR_T2,0.5271120671674482
blue,Q99757,TXN2,HR_T2,-0.3137496782101489
blue,Q99829,CPNE1,HR_T2,-0.18061951949961777
blue,Q99832,CCT7,HR_T2,-0.23296114191593453
blue,Q9BR39,JPH2,HR_T2,-0.3260361304571512
blue,Q9BRF8,CPPED1,HR_T2,-0.10606171728488481
blue,Q9BS92,NIPSNAP3B,HR_T2,-0.018615808347695734
blue,Q9BTT0,ANP32E,HR_T2,-0.4705163303820678
blue,Q9BWH2,FUNDC2,HR_T2,-0.22146047809002553
blue,Q9BXW6,OSBPL1A,HR_T2,-0.06243485186553161
blue,Q9BXW7,HDHD5,HR_T2,0.3288407779896864
blue,Q9BYD1,MRPL13,HR_T2,-0.2810991723906145
blue,Q9BYD2,MRPL9,HR_T2,-0.45244883054345925
blue,Q9BYT8,NLN,HR_T2,-0.48563715152790293
blue,Q9BYV2,TRIM54,HR_T2,-0.41747132149317523
blue,Q9H061,TMEM126A,HR_T2,-0.2304075886607599
blue,Q9H1K1,ISCU,HR_T2,-0.7354161536527176
blue,Q9H477,RBKS,HR_T2,-0.49571950449512653
blue,Q9H6F2,TMEM38A,HR_T2,-0.3124549865383996
blue,Q9H9J2,MRPL44,HR_T2,-0.008050505137187247
blue,Q9HBH5,RDH14,HR_T2,-0.35300777597896366
blue,Q9HBI1,PARVB,HR_T2,-0.16253625706559946
blue,Q9HDC9,APMAP,HR_T2,-0.6008050227332691
blue,Q9NPJ3,ACOT13,HR_T2,-0.12429647359448585
blue,Q9NPL8,TIMMDC1,HR_T2,-0.4459186473139563
blue,Q9NPQ8,RIC8A,HR_T2,-0.3714692813575642
blue,Q9NQ50,MRPL40,HR_T2,-0.055536947795156374
blue,Q9NQC3,RTN4,HR_T2,-0.4609985265542496
blue,Q9NR56,MBNL1,HR_T2,-0.03850982680857803
blue,Q9NRG7,SDR39U1,HR_T2,-0.29053577845064715
blue,Q9NTG7,SIRT3,HR_T2,-0.05834184078931981
blue,Q9NTK5,OLA1,HR_T2,-0.2628352793372299
blue,Q9NTX5,ECHDC1,HR_T2,0.07784190567542747
blue,Q9NUJ1,ABHD10,HR_T2,0.06330091992578053
blue,Q9NVA2,SEPTIN11,HR_T2,0.11031178922961356
blue,Q9NZN4,EHD2,HR_T2,-0.02379949543461349
blue,Q9P0S9,TMEM14C,HR_T2,-0.3635380843405057
blue,Q9P0U1,TOMM7,HR_T2,-0.4544307722994283
blue,Q9UBB4,ATXN10,HR_T2,0.04401399240680125
blue,Q9UHD1,CHORDC1,HR_T2,-0.11762842047348573
blue,Q9UI12,ATP6V1H,HR_T2,0.07248794501122206
blue,Q9UIQ6,LNPEP,HR_T2,-0.10303214641657096
blue,Q9UL25,RAB21,HR_T2,-0.1384374678375822
blue,Q9UL46,PSME2,HR_T2,-0.22344098327880244
blue,Q9ULC4,MCTS1,HR_T2,-0.2948438296466361
blue,Q9UNM6,PSMD13,HR_T2,0.1375611353306389
blue,Q9Y241,HIGD1A,HR_T2,0.2933515700887015
blue,Q9Y263,PLAA,HR_T2,-0.2876922752579458
blue,Q9Y276,BCS1L,HR_T2,-0.11632873047910186
blue,Q9Y285,FARSA,HR_T2,-0.6019674298793269
blue,Q9Y295,DRG1,HR_T2,-0.47200878221701237
blue,Q9Y2Z9,COQ6,HR_T2,-0.13646665216045356
blue,Q9Y305,ACOT9,HR_T2,-0.10659548353140476
blue,Q9Y333,LSM2,HR_T2,-0.3183681260819899
blue,Q9Y376,CAB39,HR_T2,0.04366674538841121
blue,Q9Y3D6,FIS1,HR_T2,-0.46173917720220453
blue,Q9Y3I1,FBXO7,HR_T2,-0.5658155842135348
blue,Q9Y4L1,HYOU1,HR_T2,-0.13284457910639785
blue,Q9Y5U8,MPC1,HR_T2,-0.2878333477686393
blue,Q9Y5Y2,NUBP2,HR_T2,-0.7181738159965223
blue,Q9Y6B6,SAR1B,HR_T2,-0.13105412969203775
blue,A1L0T0,ILVBL,LR_T1,0.017907079161807657
blue,A6NNS2,DHRS7C,LR_T1,0.36125024726490856
blue,O00159,MYO1C,LR_T1,-0.45029494763787414
blue,O00410,IPO5,LR_T1,0.2887114055450607
blue,O00429,DNM1L,LR_T1,0.025718204502622355
blue,O00442,RTCA,LR_T1,0.25717430402814284
blue,O00505,KPNA3,LR_T1,0.15151004260695297
blue,O00571,DDX3X,LR_T1,-0.23155057401400198
blue,O14653,GOSR2,LR_T1,0.28946808638998395
blue,O14874,BCKDK,LR_T1,0.42349086185784257
blue,O14957,UQCR11,LR_T1,0.14697393938427983
blue,O14980,XPO1,LR_T1,0.06694964208017651
blue,O14983,ATP2A1,LR_T1,0.7680215832355856
blue,O15144,ARPC2,LR_T1,-0.26519483366351676
blue,O15145,ARPC3,LR_T1,-0.25319945360420004
blue,O15371,EIF3D,LR_T1,-0.45726887220765244
blue,O43414,ERI3,LR_T1,0.2536725196609776
blue,O43598,DNPH1,LR_T1,0.10455553937319101
blue,O43615,TIMM44,LR_T1,0.23619491086705904
blue,O43813,LANCL1,LR_T1,-0.22457889660787575
blue,O60237,PPP1R12B,LR_T1,0.0687520715125407
blue,O60256,PRPSAP2,LR_T1,0.49545425612135174
blue,O60313,OPA1,LR_T1,0.04756586841866908
blue,O60506,SYNCRIP,LR_T1,-0.1537117986957219
blue,O60610,DIAPH1,LR_T1,-0.07708025339215117
blue,O60784,TOM1,LR_T1,0.09255645865987491
blue,O60884,DNAJA2,LR_T1,-0.2590199845217209
blue,O75027,ABCB7,LR_T1,0.24413139176768178
blue,O75208,COQ9,LR_T1,0.04440066527905234
blue,O75380,NDUFS6,LR_T1,0.44030150402029955
blue,O75431,MTX2,LR_T1,0.33506296708570865
blue,O75439,PMPCB,LR_T1,0.41571550941390534
blue,O75663,TIPRL,LR_T1,0.013930995319431053
blue,O75915,ARL6IP5,LR_T1,-0.010340169267366296
blue,O75935,DCTN3,LR_T1,0.2036523390865035
blue,O94811,TPPP,LR_T1,0.40037457112854213
blue,O94826,TOMM70,LR_T1,-0.22853041682036024
blue,O94903,PLPBP,LR_T1,0.3976229466876584
blue,O95376,ARIH2,LR_T1,-0.010240940848775193
blue,O95433,AHSA1,LR_T1,0.209813823423585
blue,P00395,MT-CO1,LR_T1,0.4559958285264901
blue,P04406,GAPDH,LR_T1,0.08555157291108824
blue,P04843,RPN1,LR_T1,-0.06468464303411495
blue,P04844,RPN2,LR_T1,0.0949603720676793
blue,P05386,RPLP1,LR_T1,0.03743130008702338
blue,P05455,SSB,LR_T1,0.15028255884687863
blue,P06748,NPM1,LR_T1,-0.19928798696717812
blue,P07741,APRT,LR_T1,0.103554866502031
blue,P08574,CYC1,LR_T1,0.02173743713935121
blue,P08708,RPS17,LR_T1,-0.10728084995582796
blue,P10155,RO60,LR_T1,-0.10749340510007831
blue,P11182,DBT,LR_T1,0.3388942201266809
blue,P11586,MTHFD1,LR_T1,-0.17012832278204887
blue,P11940,PABPC1,LR_T1,-0.15363572343013276
blue,P13010,XRCC5,LR_T1,-0.6452082200453361
blue,P13473,LAMP2,LR_T1,0.038508151423763085
blue,P14618,PKM,LR_T1,0.06365566898275091
blue,P15880,RPS2,LR_T1,0.15688917185550477
blue,P16671,CD36,LR_T1,0.19745252152943837
blue,P17612,PRKACA,LR_T1,0.02797399238925557
blue,P17812,CTPS1,LR_T1,0.10371202307506568
blue,P17980,PSMC3,LR_T1,0.3048393188931935
blue,P19971,TYMP,LR_T1,-0.1577523627361571
blue,P20774,OGN,LR_T1,0.07449633930792819
blue,P21333,FLNA,LR_T1,0.10021038797876657
blue,P21399,ACO1,LR_T1,-0.10598026873205255
blue,P21953,BCKDHB,LR_T1,-0.005641689389637855
blue,P21980,TGM2,LR_T1,0.0937467927853614
blue,P22570,FDXR,LR_T1,-0.14518450450143594
blue,P23786,CPT2,LR_T1,0.30478707976190794
blue,P24534,EEF1B2,LR_T1,-0.059904353447677944
blue,P25787,PSMA2,LR_T1,0.39308842332327665
blue,P26599,PTBP1,LR_T1,0.30798470988771454
blue,P28482,MAPK1,LR_T1,0.07611866347857685
blue,P30084,ECHS1,LR_T1,-0.01943389214892466
blue,P30085,CMPK1,LR_T1,-0.0924977850265736
blue,P30153,PPP2R1A,LR_T1,0.03823464268429934
blue,P30419,NMT1,LR_T1,0.6509590188795559
blue,P30536,TSPO,LR_T1,0.15276757490845158
blue,P30566,ADSL,LR_T1,0.28197888961639317
blue,P31040,SDHA,LR_T1,0.10377305898865036
blue,P31939,ATIC,LR_T1,-0.23348406940037372
blue,P31942,HNRNPH3,LR_T1,0.390087093270775
blue,P34897,SHMT2,LR_T1,0.34284471516397846
blue,P35241,RDX,LR_T1,0.5811159522577407
blue,P35270,SPR,LR_T1,0.146099835512437
blue,P35998,PSMC2,LR_T1,5.967802073266748e-4
blue,P36543,ATP6V1E1,LR_T1,0.10155653071362097
blue,P38159,RBMX,LR_T1,-0.272130494960117
blue,P40227,CCT6A,LR_T1,-0.06802135368539078
blue,P40939,HADHA,LR_T1,0.16254547256514196
blue,P41250,GARS1,LR_T1,0.25663704790670944
blue,P42704,LRPPRC,LR_T1,-0.3754382111189833
blue,P42765,ACAA2,LR_T1,0.3745039379882005
blue,P43686,PSMC4,LR_T1,-0.16691388400940443
blue,P45984,MAPK9,LR_T1,0.4595244727733706
blue,P45985,MAP2K4,LR_T1,-0.009729463205988761
blue,P46782,RPS5,LR_T1,0.03469751362126722
blue,P46783,RPS10,LR_T1,0.28433023367028465
blue,P49023,PXN,LR_T1,0.28889910694902465
blue,P49354,FNTA,LR_T1,-0.06814690031177706
blue,P49441,INPP1,LR_T1,0.29418929779072545
blue,P49591,SARS1,LR_T1,0.3286040933445101
blue,P50583,NUDT2,LR_T1,0.16945308271013013
blue,P50995,ANXA11,LR_T1,-0.06667794938908625
blue,P51570,GALK1,LR_T1,0.32567954830749246
blue,P51648,ALDH3A2,LR_T1,-0.007983943152322912
blue,P52788,SMS,LR_T1,0.10608385116113062
blue,P53618,COPB1,LR_T1,-0.15330331981246706
blue,P53990,IST1,LR_T1,-0.021192711176324486
blue,P54619,PRKAG1,LR_T1,-0.15676612950935792
blue,P54819,AK2,LR_T1,-0.03876763313691034
blue,P55010,EIF5,LR_T1,0.4475163946193742
blue,P55060,CSE1L,LR_T1,0.07373256390039928
blue,P60953,CDC42,LR_T1,0.09649599780318675
blue,P61006,RAB8A,LR_T1,0.0613774097975142
blue,P61020,RAB5B,LR_T1,0.533710594911194
blue,P61026,RAB10,LR_T1,0.17258251502090188
blue,P61221,ABCE1,LR_T1,0.399364936035991
blue,P61224,RAP1B,LR_T1,-0.19767367579672734
blue,P61225,RAP2B,LR_T1,0.12653997693236219
blue,P61923,COPZ1,LR_T1,-0.30890593565073093
blue,P62081,RPS7,LR_T1,0.21016382693387695
blue,P62140,PPP1CB,LR_T1,0.32519690662523754
blue,P62191,PSMC1,LR_T1,0.3303597181465708
blue,P62253,UBE2G1,LR_T1,0.14353789652836368
blue,P62807,H2BC4,LR_T1,-0.049614596163627
blue,P62841,RPS15,LR_T1,0.25470113727015337
blue,P62847,RPS24,LR_T1,0.1383260810179611
blue,P62879,GNB2,LR_T1,-0.15914694695796242
blue,P63104,YWHAZ,LR_T1,-0.06584817918007987
blue,P68036,UBE2L3,LR_T1,-0.05193902541625388
blue,P78356,PIP4K2B,LR_T1,0.6000310812446594
blue,P78371,CCT2,LR_T1,0.06541247470302224
blue,P78560,CRADD,LR_T1,0.24557221422090525
blue,P82909,MRPS36,LR_T1,-0.09757391798004324
blue,P84085,ARF5,LR_T1,0.16085342615597814
blue,Q00169,PITPNA,LR_T1,0.20204175919681366
blue,Q00G26,PLIN5,LR_T1,0.3118759341503402
blue,Q02218,OGDH,LR_T1,-0.08611873121162034
blue,Q02750,MAP2K1,LR_T1,0.11483945610624721
blue,Q02878,RPL6,LR_T1,0.43139500686440924
blue,Q02952,AKAP12,LR_T1,0.14485262133333704
blue,Q03135,CAV1,LR_T1,0.0282453279242757
blue,Q04837,SSBP1,LR_T1,0.013110572194617254
blue,Q08623,PUDP,LR_T1,-0.23582668057472755
blue,Q10567,AP1B1,LR_T1,0.0963849409216784
blue,Q10713,PMPCA,LR_T1,0.23312171913750673
blue,Q13148,TARDBP,LR_T1,0.27206234911459093
blue,Q13405,MRPL49,LR_T1,-0.30276563162557724
blue,Q13424,SNTA1,LR_T1,0.7058251767036492
blue,Q13496,MTM1,LR_T1,0.3006043715476978
blue,Q13526,PIN1,LR_T1,0.1486599502237267
blue,Q13557,CAMK2D,LR_T1,-0.28098500353152916
blue,Q13564,NAE1,LR_T1,0.5061773126965288
blue,Q13619,CUL4A,LR_T1,0.15724314006483087
blue,Q13620,CUL4B,LR_T1,-0.15191420385459958
blue,Q13724,MOGS,LR_T1,0.15957333123092005
blue,Q13976,PRKG1,LR_T1,0.4960831188701358
blue,Q14011,CIRBP,LR_T1,0.40264146457807054
blue,Q14108,SCARB2,LR_T1,0.12507680547781175
blue,Q14558,PRPSAP1,LR_T1,0.2069424032781894
blue,Q14914,PTGR1,LR_T1,0.17655061904294328
blue,Q14974,KPNB1,LR_T1,0.0191398082096597
blue,Q15121,PEA15,LR_T1,0.09324400059774374
blue,Q15363,TMED2,LR_T1,0.34441146326276684
blue,Q15642,TRIP10,LR_T1,0.20043597249487705
blue,Q16718,NDUFA5,LR_T1,-0.05231575661314286
blue,Q16740,CLPP,LR_T1,0.4326207509423774
blue,Q16795,NDUFA9,LR_T1,0.36025698445111776
blue,Q16836,HADH,LR_T1,0.2267172848404535
blue,Q2TAA2,IAH1,LR_T1,0.2856416369971246
blue,Q5VYK3,ECPAS,LR_T1,-0.32616972092143204
blue,Q5XKP0,MICOS13,LR_T1,0.1943234865905561
blue,Q6DKJ4,NXN,LR_T1,0.012022134595464473
blue,Q6IBS0,TWF2,LR_T1,0.668709209227475
blue,Q6JQN1,ACAD10,LR_T1,0.20698080120263745
blue,Q6UW78,UQCC3,LR_T1,0.17063260505304464
blue,Q7KZF4,SND1,LR_T1,-0.12823702362187758
blue,Q7L2H7,EIF3M,LR_T1,0.003080253517644925
blue,Q86VS8,HOOK3,LR_T1,0.17035336174957605
blue,Q86VU5,COMTD1,LR_T1,0.4342086735758368
blue,Q8IXM3,MRPL41,LR_T1,0.13285315773737688
blue,Q8IZ83,ALDH16A1,LR_T1,0.2987322788185857
blue,Q8N0U8,VKORC1L1,LR_T1,0.2264369847263163
blue,Q8N142,ADSS1,LR_T1,0.09797475777444031
blue,Q8N766,EMC1,LR_T1,-0.06579189661953033
blue,Q8NBX0,SCCPDH,LR_T1,-0.3810609229068176
blue,Q8NHH9,ATL2,LR_T1,0.3297208225456545
blue,Q8TAT6,NPLOC4,LR_T1,0.45341595636761745
blue,Q8TB37,NUBPL,LR_T1,0.045828376920500014
blue,Q8TCD5,NT5C,LR_T1,0.024475544128460064
blue,Q92616,GCN1,LR_T1,0.192928420012575
blue,Q92882,OSTF1,LR_T1,-0.06127688454128454
blue,Q93008,USP9X,LR_T1,0.14780525660094337
blue,Q93034,CUL5,LR_T1,0.1336265714801773
blue,Q969Q5,RAB24,LR_T1,0.060584785292481264
blue,Q96AB3,ISOC2,LR_T1,-0.011362594467315246
blue,Q96AC1,FERMT2,LR_T1,0.1716643899128707
blue,Q96AQ6,PBXIP1,LR_T1,0.14289273074376413
blue,Q96C23,GALM,LR_T1,0.26907020985392194
blue,Q96C90,PPP1R14B,LR_T1,0.015997030384757804
blue,Q96CV9,OPTN,LR_T1,0.4006816476524534
blue,Q96EY7,PTCD3,LR_T1,0.19366825040592478
blue,Q96FV2,SCRN2,LR_T1,0.3460694540862608
blue,Q96GG9,DCUN1D1,LR_T1,0.2673885604182336
blue,Q96HY7,DHTKD1,LR_T1,0.2690272624912934
blue,Q96I23,PYURF,LR_T1,0.16717219321667892
blue,Q96MF6,COQ10A,LR_T1,0.09226483980809033
blue,Q96PE7,MCEE,LR_T1,0.49244271266204326
blue,Q96RQ3,MCCC1,LR_T1,0.6499366142005782
blue,Q99460,PSMD1,LR_T1,-0.10380948023213293
blue,Q99471,PFDN5,LR_T1,0.2970684896986657
blue,Q99598,TSNAX,LR_T1,-0.27170876443965963
blue,Q99685,MGLL,LR_T1,-0.5290725380854734
blue,Q99757,TXN2,LR_T1,0.2695373413600482
blue,Q99829,CPNE1,LR_T1,-0.32851134524580566
blue,Q99832,CCT7,LR_T1,0.13248863404848638
blue,Q9BR39,JPH2,LR_T1,0.34447314686504216
blue,Q9BRF8,CPPED1,LR_T1,-0.14578345995612685
blue,Q9BS92,NIPSNAP3B,LR_T1,0.18781726755015926
blue,Q9BTT0,ANP32E,LR_T1,0.12801547936092922
blue,Q9BWH2,FUNDC2,LR_T1,0.490284505463815
blue,Q9BXW6,OSBPL1A,LR_T1,0.21751883835016234
blue,Q9BXW7,HDHD5,LR_T1,-0.1837412555114172
blue,Q9BYD1,MRPL13,LR_T1,0.1437043126167357
blue,Q9BYD2,MRPL9,LR_T1,-0.04578885984186251
blue,Q9BYT8,NLN,LR_T1,0.18223115183055094
blue,Q9BYV2,TRIM54,LR_T1,0.25191182110543875
blue,Q9H061,TMEM126A,LR_T1,0.34793734226176687
blue,Q9H1K1,ISCU,LR_T1,0.28067262156791173
blue,Q9H477,RBKS,LR_T1,-6.250304399596507e-4
blue,Q9H6F2,TMEM38A,LR_T1,0.35655352414020725
blue,Q9H9J2,MRPL44,LR_T1,0.30744662693161645
blue,Q9HBH5,RDH14,LR_T1,0.5267688130852498
blue,Q9HBI1,PARVB,LR_T1,0.21291597906396986
blue,Q9HDC9,APMAP,LR_T1,-0.2958532490664229
blue,Q9NPJ3,ACOT13,LR_T1,0.09065472756910992
blue,Q9NPL8,TIMMDC1,LR_T1,0.10281940308171844
blue,Q9NPQ8,RIC8A,LR_T1,0.2149799167468363
blue,Q9NQ50,MRPL40,LR_T1,0.24975822506481038
blue,Q9NQC3,RTN4,LR_T1,0.26083524249618684
blue,Q9NR56,MBNL1,LR_T1,0.03514017760149951
blue,Q9NRG7,SDR39U1,LR_T1,-0.07351629791235673
blue,Q9NTG7,SIRT3,LR_T1,0.2757173197309274
blue,Q9NTK5,OLA1,LR_T1,-0.13315886290181617
blue,Q9NTX5,ECHDC1,LR_T1,0.16884910483815876
blue,Q9NUJ1,ABHD10,LR_T1,-0.182055947148132
blue,Q9NVA2,SEPTIN11,LR_T1,-0.07648833743929617
blue,Q9NZN4,EHD2,LR_T1,-0.09126063425867748
blue,Q9P0S9,TMEM14C,LR_T1,0.20883532894529425
blue,Q9P0U1,TOMM7,LR_T1,0.30962087217061535
blue,Q9UBB4,ATXN10,LR_T1,0.13802927635225776
blue,Q9UHD1,CHORDC1,LR_T1,0.05206212630708282
blue,Q9UI12,ATP6V1H,LR_T1,-0.36898689649437866
blue,Q9UIQ6,LNPEP,LR_T1,0.0290084991316906
blue,Q9UL25,RAB21,LR_T1,-0.04394335772614126
blue,Q9UL46,PSME2,LR_T1,-0.41096342205461
blue,Q9ULC4,MCTS1,LR_T1,-0.15369112958386505
blue,Q9UNM6,PSMD13,LR_T1,-0.09583690046625964
blue,Q9Y241,HIGD1A,LR_T1,-0.17477437500958434
blue,Q9Y263,PLAA,LR_T1,0.010667375096392302
blue,Q9Y276,BCS1L,LR_T1,0.08688426282198583
blue,Q9Y285,FARSA,LR_T1,0.11542677784854216
blue,Q9Y295,DRG1,LR_T1,0.2244851896758342
blue,Q9Y2Z9,COQ6,LR_T1,0.19518473253611177
blue,Q9Y305,ACOT9,LR_T1,0.041758872227712046
blue,Q9Y333,LSM2,LR_T1,0.2573631857963459
blue,Q9Y376,CAB39,LR_T1,0.3440803121752427
blue,Q9Y3D6,FIS1,LR_T1,0.23910919345185
blue,Q9Y3I1,FBXO7,LR_T1,-0.04786756460049022
blue,Q9Y4L1,HYOU1,LR_T1,-0.10177104095063966
blue,Q9Y5U8,MPC1,LR_T1,0.2863987308066074
blue,Q9Y5Y2,NUBP2,LR_T1,-0.12362241716102206
blue,Q9Y6B6,SAR1B,LR_T1,0.2665738949314712
blue,A1L0T0,ILVBL,LR_T2,-0.38274971214443115
blue,A6NNS2,DHRS7C,LR_T2,-0.21903956006693293
blue,O00159,MYO1C,LR_T2,0.44698666884957095
blue,O00410,IPO5,LR_T2,-0.4260631566495785
blue,O00429,DNM1L,LR_T2,0.37605387815813196
blue,O00442,RTCA,LR_T2,0.3344081148718189
blue,O00505,KPNA3,LR_T2,-0.021235048287043368
blue,O00571,DDX3X,LR_T2,0.16155641001409424
blue,O14653,GOSR2,LR_T2,0.24411310047258872
blue,O14874,BCKDK,LR_T2,-0.07377825266161711
blue,O14957,UQCR11,LR_T2,-0.07175856207396744
blue,O14980,XPO1,LR_T2,0.21485011192163223
blue,O14983,ATP2A1,LR_T2,-0.260761190477522
blue,O15144,ARPC2,LR_T2,0.011296686717851945
blue,O15145,ARPC3,LR_T2,-1.6283075387452106e-4
blue,O15371,EIF3D,LR_T2,0.22519252831024375
blue,O43414,ERI3,LR_T2,-0.30466354773327997
blue,O43598,DNPH1,LR_T2,0.2767021778245379
blue,O43615,TIMM44,LR_T2,0.0032114223832247282
blue,O43813,LANCL1,LR_T2,0.027870613212461266
blue,O60237,PPP1R12B,LR_T2,0.021078115988796657
blue,O60256,PRPSAP2,LR_T2,-0.7949051774435467
blue,O60313,OPA1,LR_T2,0.1953545406422757
blue,O60506,SYNCRIP,LR_T2,-0.20700351660084154
blue,O60610,DIAPH1,LR_T2,-0.4937158938452646
blue,O60784,TOM1,LR_T2,0.16009111930072834
blue,O60884,DNAJA2,LR_T2,0.11847507229090835
blue,O75027,ABCB7,LR_T2,-0.7408060664374538
blue,O75208,COQ9,LR_T2,0.39799919679207574
blue,O75380,NDUFS6,LR_T2,0.25842947881829853
blue,O75431,MTX2,LR_T2,0.15431426505923024
blue,O75439,PMPCB,LR_T2,0.5480691313618834
blue,O75663,TIPRL,LR_T2,0.1781959515239694
blue,O75915,ARL6IP5,LR_T2,-0.019012630097266753
blue,O75935,DCTN3,LR_T2,0.8055854047264253
blue,O94811,TPPP,LR_T2,-0.39535271167171215
blue,O94826,TOMM70,LR_T2,0.4570500445000937
blue,O94903,PLPBP,LR_T2,0.40223025882927893
blue,O95376,ARIH2,LR_T2,0.03542539192087617
blue,O95433,AHSA1,LR_T2,-0.13932670445349032
blue,P00395,MT-CO1,LR_T2,-0.1138471056576298
blue,P04406,GAPDH,LR_T2,0.2214988408998267
blue,P04843,RPN1,LR_T2,-0.14004109427712816
blue,P04844,RPN2,LR_T2,-0.06346858017516216
blue,P05386,RPLP1,LR_T2,-0.1584924488736985
blue,P05455,SSB,LR_T2,0.2653036331287103
blue,P06748,NPM1,LR_T2,-0.7064467522106969
blue,P07741,APRT,LR_T2,-0.03690089620379286
blue,P08574,CYC1,LR_T2,0.3723022790335801
blue,P08708,RPS17,LR_T2,-0.13579637012914408
blue,P10155,RO60,LR_T2,0.1946913007070743
blue,P11182,DBT,LR_T2,0.315254045315687
blue,P11586,MTHFD1,LR_T2,-0.2775196096408597
blue,P11940,PABPC1,LR_T2,0.2284272473943536
blue,P13010,XRCC5,LR_T2,0.13833652347234685
blue,P13473,LAMP2,LR_T2,0.37456397004212816
blue,P14618,PKM,LR_T2,0.23900030196496588
blue,P15880,RPS2,LR_T2,0.46730833991633947
blue,P16671,CD36,LR_T2,0.20387120623213556
blue,P17612,PRKACA,LR_T2,-0.066725891540905
blue,P17812,CTPS1,LR_T2,0.3466015668010552
blue,P17980,PSMC3,LR_T2,-0.03116560994123241
blue,P19971,TYMP,LR_T2,0.27472030848221135
blue,P20774,OGN,LR_T2,0.3064380066522228
blue,P21333,FLNA,LR_T2,-0.18751715560561746
blue,P21399,ACO1,LR_T2,0.03485588104077615
blue,P21953,BCKDHB,LR_T2,0.18267496515022735
blue,P21980,TGM2,LR_T2,0.24998285228140013
blue,P22570,FDXR,LR_T2,2.7424037965617307e-4
blue,P23786,CPT2,LR_T2,0.24395521394052916
blue,P24534,EEF1B2,LR_T2,0.025423821447195953
blue,P25787,PSMA2,LR_T2,0.033035348882418145
blue,P26599,PTBP1,LR_T2,-0.529286857106569
blue,P28482,MAPK1,LR_T2,0.17574433173552292
blue,P30084,ECHS1,LR_T2,0.43310151589786344
blue,P30085,CMPK1,LR_T2,-0.29569313493620464
blue,P30153,PPP2R1A,LR_T2,0.035664077244525735
blue,P30419,NMT1,LR_T2,-0.42338112062358896
blue,P30536,TSPO,LR_T2,0.42475236875767547
blue,P30566,ADSL,LR_T2,0.013892534278612173
blue,P31040,SDHA,LR_T2,0.8281905191490757
blue,P31939,ATIC,LR_T2,-0.32600968811000447
blue,P31942,HNRNPH3,LR_T2,0.05791106040030378
blue,P34897,SHMT2,LR_T2,0.2289924340365569
blue,P35241,RDX,LR_T2,0.06690813979184551
blue,P35270,SPR,LR_T2,0.3422146027881315
blue,P35998,PSMC2,LR_T2,-0.11185277695578241
blue,P36543,ATP6V1E1,LR_T2,-0.1028934354733541
blue,P38159,RBMX,LR_T2,-0.20314177176981724
blue,P40227,CCT6A,LR_T2,-0.15960323655511088
blue,P40939,HADHA,LR_T2,0.7642760779947332
blue,P41250,GARS1,LR_T2,-0.07189246467224647
blue,P42704,LRPPRC,LR_T2,0.49653372561685294
blue,P42765,ACAA2,LR_T2,0.40934291145143276
blue,P43686,PSMC4,LR_T2,0.367567391590893
blue,P45984,MAPK9,LR_T2,0.2608041707335688
blue,P45985,MAP2K4,LR_T2,0.2581387972342426
blue,P46782,RPS5,LR_T2,0.05961905987174597
blue,P46783,RPS10,LR_T2,0.05253546981194393
blue,P49023,PXN,LR_T2,0.08914806315325285
blue,P49354,FNTA,LR_T2,0.24795680300305065
blue,P49441,INPP1,LR_T2,0.37414497727384954
blue,P49591,SARS1,LR_T2,-0.24136768894844457
blue,P50583,NUDT2,LR_T2,0.14618208601049726
blue,P50995,ANXA11,LR_T2,0.08496273643304438
blue,P51570,GALK1,LR_T2,-0.20902764046442512
blue,P51648,ALDH3A2,LR_T2,-0.008528118519197353
blue,P52788,SMS,LR_T2,-0.016545835870256015
blue,P53618,COPB1,LR_T2,0.5193663505039089
blue,P53990,IST1,LR_T2,-1.1959986319942661e-4
blue,P54619,PRKAG1,LR_T2,0.22778561425001734
blue,P54819,AK2,LR_T2,0.2798615750585511
blue,P55010,EIF5,LR_T2,0.20409049215308028
blue,P55060,CSE1L,LR_T2,-0.3063356773734645
blue,P60953,CDC42,LR_T2,0.23507792003728195
blue,P61006,RAB8A,LR_T2,0.5330351100785228
blue,P61020,RAB5B,LR_T2,0.005855852587669031
blue,P61026,RAB10,LR_T2,-0.14882037504065226
blue,P61221,ABCE1,LR_T2,0.10004133660432388
blue,P61224,RAP1B,LR_T2,0.05419546428180346
blue,P61225,RAP2B,LR_T2,0.16764392811860382
blue,P61923,COPZ1,LR_T2,-0.0927311938663894
blue,P62081,RPS7,LR_T2,0.08620394524523943
blue,P62140,PPP1CB,LR_T2,0.3562043332235435
blue,P62191,PSMC1,LR_T2,-0.21530358886163528
blue,P62253,UBE2G1,LR_T2,-0.15264211206390482
blue,P62807,H2BC4,LR_T2,-0.32769421402272986
blue,P62841,RPS15,LR_T2,-0.3567425168134761
blue,P62847,RPS24,LR_T2,0.21855494960181054
blue,P62879,GNB2,LR_T2,0.5881795995664847
blue,P63104,YWHAZ,LR_T2,-0.19008562990434988
blue,P68036,UBE2L3,LR_T2,-0.08643623580175853
blue,P78356,PIP4K2B,LR_T2,-0.26752795615207325
blue,P78371,CCT2,LR_T2,0.06460283503124954
blue,P78560,CRADD,LR_T2,-0.051116060616920186
blue,P82909,MRPS36,LR_T2,-0.3267099758691246
blue,P84085,ARF5,LR_T2,-0.1503711868182215
blue,Q00169,PITPNA,LR_T2,-0.7636324246478419
blue,Q00G26,PLIN5,LR_T2,0.09240585969893295
blue,Q02218,OGDH,LR_T2,0.8232986219476438
blue,Q02750,MAP2K1,LR_T2,0.15807051531269734
blue,Q02878,RPL6,LR_T2,0.07239933204250434
blue,Q02952,AKAP12,LR_T2,0.0014308937323117
blue,Q03135,CAV1,LR_T2,0.11744731061938919
blue,Q04837,SSBP1,LR_T2,0.5726121524462937
blue,Q08623,PUDP,LR_T2,0.0715409744035157
blue,Q10567,AP1B1,LR_T2,0.1363234860642467
blue,Q10713,PMPCA,LR_T2,-0.11694947476296236
blue,Q13148,TARDBP,LR_T2,-0.2913641288670684
blue,Q13405,MRPL49,LR_T2,0.8582190268820865
blue,Q13424,SNTA1,LR_T2,0.07552461227708554
blue,Q13496,MTM1,LR_T2,-0.3241027925619217
blue,Q13526,PIN1,LR_T2,-0.31689526801087364
blue,Q13557,CAMK2D,LR_T2,0.02387164753698534
blue,Q13564,NAE1,LR_T2,0.24127075432500378
blue,Q13619,CUL4A,LR_T2,0.22209136738922353
blue,Q13620,CUL4B,LR_T2,-0.3002958573239105
blue,Q13724,MOGS,LR_T2,-0.16208873749951902
blue,Q13976,PRKG1,LR_T2,0.06261082470391435
blue,Q14011,CIRBP,LR_T2,-0.565307722134336
blue,Q14108,SCARB2,LR_T2,0.16782326855795932
blue,Q14558,PRPSAP1,LR_T2,-0.12192462700452891
blue,Q14914,PTGR1,LR_T2,0.145872213916092
blue,Q14974,KPNB1,LR_T2,-0.16201043712501412
blue,Q15121,PEA15,LR_T2,-0.14195183169278813
blue,Q15363,TMED2,LR_T2,-0.15225354354609338
blue,Q15642,TRIP10,LR_T2,-0.018194954411165663
blue,Q16718,NDUFA5,LR_T2,0.46354670905081524
blue,Q16740,CLPP,LR_T2,-0.39336765461164463
blue,Q16795,NDUFA9,LR_T2,0.16218685290785434
blue,Q16836,HADH,LR_T2,0.2366832930710028
blue,Q2TAA2,IAH1,LR_T2,-0.06895903194847816
blue,Q5VYK3,ECPAS,LR_T2,0.08598947289156042
blue,Q5XKP0,MICOS13,LR_T2,-0.19763490824732916
blue,Q6DKJ4,NXN,LR_T2,0.06247175574331165
blue,Q6IBS0,TWF2,LR_T2,-0.21179331858146705
blue,Q6JQN1,ACAD10,LR_T2,-0.17334924412700248
blue,Q6UW78,UQCC3,LR_T2,0.27247293719363763
blue,Q7KZF4,SND1,LR_T2,0.31370755037507486
blue,Q7L2H7,EIF3M,LR_T2,-0.38948621720461873
blue,Q86VS8,HOOK3,LR_T2,0.05089600760125873
blue,Q86VU5,COMTD1,LR_T2,-0.27007833511093715
blue,Q8IXM3,MRPL41,LR_T2,0.19414730987993767
blue,Q8IZ83,ALDH16A1,LR_T2,0.2572668653944899
blue,Q8N0U8,VKORC1L1,LR_T2,-0.4004997385824478
blue,Q8N142,ADSS1,LR_T2,0.09863646002983364
blue,Q8N766,EMC1,LR_T2,-0.2248811632434786
blue,Q8NBX0,SCCPDH,LR_T2,-0.09413206744862299
blue,Q8NHH9,ATL2,LR_T2,0.04849957290865707
blue,Q8TAT6,NPLOC4,LR_T2,-0.5398921141164669
blue,Q8TB37,NUBPL,LR_T2,0.4488166250027244
blue,Q8TCD5,NT5C,LR_T2,-0.12211392390060974
blue,Q92616,GCN1,LR_T2,0.2267793017019632
blue,Q92882,OSTF1,LR_T2,-0.37799525898158604
blue,Q93008,USP9X,LR_T2,0.30998033037834527
blue,Q93034,CUL5,LR_T2,0.046701223031470285
blue,Q969Q5,RAB24,LR_T2,0.36207057232789763
blue,Q96AB3,ISOC2,LR_T2,0.2251386926472208
blue,Q96AC1,FERMT2,LR_T2,0.20958136135723673
blue,Q96AQ6,PBXIP1,LR_T2,0.1119610681421648
blue,Q96C23,GALM,LR_T2,-0.10467632763486859
blue,Q96C90,PPP1R14B,LR_T2,0.16720112716549704
blue,Q96CV9,OPTN,LR_T2,-0.017914201272111838
blue,Q96EY7,PTCD3,LR_T2,0.2059863857982288
blue,Q96FV2,SCRN2,LR_T2,-0.04160481809177162
blue,Q96GG9,DCUN1D1,LR_T2,-0.46573131975413895
blue,Q96HY7,DHTKD1,LR_T2,0.20332337978813203
blue,Q96I23,PYURF,LR_T2,0.26575049430635916
blue,Q96MF6,COQ10A,LR_T2,0.08880678794868224
blue,Q96PE7,MCEE,LR_T2,0.2228989462580056
blue,Q96RQ3,MCCC1,LR_T2,-0.30428631970813674
blue,Q99460,PSMD1,LR_T2,-0.17102979116976802
blue,Q99471,PFDN5,LR_T2,0.012425240390984
blue,Q99598,TSNAX,LR_T2,-0.3099200554619231
blue,Q99685,MGLL,LR_T2,-0.20495469577110687
blue,Q99757,TXN2,LR_T2,0.6031856075527101
blue,Q99829,CPNE1,LR_T2,-0.16296056547226442
blue,Q99832,CCT7,LR_T2,-0.14237427262922503
blue,Q9BR39,JPH2,LR_T2,0.12857882427946407
blue,Q9BRF8,CPPED1,LR_T2,-0.10279314056062877
blue,Q9BS92,NIPSNAP3B,LR_T2,0.36394383852617485
blue,Q9BTT0,ANP32E,LR_T2,0.023064978420672844
blue,Q9BWH2,FUNDC2,LR_T2,0.11470918890820328
blue,Q9BXW6,OSBPL1A,LR_T2,-0.42096231343129215
blue,Q9BXW7,HDHD5,LR_T2,0.29941628671517573
blue,Q9BYD1,MRPL13,LR_T2,-0.20099807585408325
blue,Q9BYD2,MRPL9,LR_T2,0.12176340693937632
blue,Q9BYT8,NLN,LR_T2,0.11622423521965324
blue,Q9BYV2,TRIM54,LR_T2,-0.47161887509031963
blue,Q9H061,TMEM126A,LR_T2,0.15259249794970892
blue,Q9H1K1,ISCU,LR_T2,0.5030012099729527
blue,Q9H477,RBKS,LR_T2,0.09275312936165894
blue,Q9H6F2,TMEM38A,LR_T2,-0.3449680696429972
blue,Q9H9J2,MRPL44,LR_T2,-0.6866372355763825
blue,Q9HBH5,RDH14,LR_T2,-0.22766160898870053
blue,Q9HBI1,PARVB,LR_T2,0.0725058811158998
blue,Q9HDC9,APMAP,LR_T2,-0.291514363446235
blue,Q9NPJ3,ACOT13,LR_T2,0.48271308510012123
blue,Q9NPL8,TIMMDC1,LR_T2,0.3617167106238096
blue,Q9NPQ8,RIC8A,LR_T2,-0.13230708086012039
blue,Q9NQ50,MRPL40,LR_T2,-0.03496790730184532
blue,Q9NQC3,RTN4,LR_T2,0.1911870970906699
blue,Q9NR56,MBNL1,LR_T2,-0.26618464884406884
blue,Q9NRG7,SDR39U1,LR_T2,0.3995860193071163
blue,Q9NTG7,SIRT3,LR_T2,0.24456410234232318
blue,Q9NTK5,OLA1,LR_T2,0.020943271875836153
blue,Q9NTX5,ECHDC1,LR_T2,0.03493475557773182
blue,Q9NUJ1,ABHD10,LR_T2,0.01926514307289913
blue,Q9NVA2,SEPTIN11,LR_T2,-0.09366072404743667
blue,Q9NZN4,EHD2,LR_T2,0.1958797806898573
blue,Q9P0S9,TMEM14C,LR_T2,0.050130448307340286
blue,Q9P0U1,TOMM7,LR_T2,0.14204898718859105
blue,Q9UBB4,ATXN10,LR_T2,0.20414866740510773
blue,Q9UHD1,CHORDC1,LR_T2,0.394555330941845
blue,Q9UI12,ATP6V1H,LR_T2,0.12076800092556042
blue,Q9UIQ6,LNPEP,LR_T2,-0.6522207562195261
blue,Q9UL25,RAB21,LR_T2,-0.0018757595426587628
blue,Q9UL46,PSME2,LR_T2,0.07318987186627181
blue,Q9ULC4,MCTS1,LR_T2,0.2603766244854499
blue,Q9UNM6,PSMD13,LR_T2,-0.015829282172948805
blue,Q9Y241,HIGD1A,LR_T2,-0.29151929185634595
blue,Q9Y263,PLAA,LR_T2,0.36881890325328087
blue,Q9Y276,BCS1L,LR_T2,0.18193060391654314
blue,Q9Y285,FARSA,LR_T2,-0.13623174788107623
blue,Q9Y295,DRG1,LR_T2,0.05477343840806466
blue,Q9Y2Z9,COQ6,LR_T2,0.09927805531274914
blue,Q9Y305,ACOT9,LR_T2,-0.04589658640345705
blue,Q9Y333,LSM2,LR_T2,-0.5164454916259618
blue,Q9Y376,CAB39,LR_T2,-0.38994444642355375
blue,Q9Y3D6,FIS1,LR_T2,0.37599852866514205
blue,Q9Y3I1,FBXO7,LR_T2,-0.03690002822018129
blue,Q9Y4L1,HYOU1,LR_T2,-0.5595906581934595
blue,Q9Y5U8,MPC1,LR_T2,0.32373651536344084
blue,Q9Y5Y2,NUBP2,LR_T2,-0.09240162306567686
blue,Q9Y6B6,SAR1B,LR_T2,0.1896809911817915
brown,A0FGR8,ESYT2,HR_T1,0.4039707830259987
brown,O00299,CLIC1,HR_T1,-0.18402559772714838
brown,O14950,MYL12B,HR_T1,-0.14462380469695063
brown,O15498,YKT6,HR_T1,0.36216744784504146
brown,O43237,DYNC1LI2,HR_T1,-0.16481339297681113
brown,O43491,EPB41L2,HR_T1,0.07758723722726124
brown,O60749,SNX2,HR_T1,0.04844001892255366
brown,O75340,PDCD6,HR_T1,0.1296067045675004
brown,O75368,SH3BGRL,HR_T1,0.2328539151062627
brown,O95336,PGLS,HR_T1,-0.09808053513381951
brown,O95782,AP2A1,HR_T1,-0.6103192905434229
brown,O95865,DDAH2,HR_T1,0.030780857031852866
brown,P00325,ADH1B,HR_T1,0.12832039671655185
brown,P01889,HLA-B,HR_T1,0.14801672368544158
brown,P01903,HLA-DRA,HR_T1,0.040351819643897405
brown,P04216,THY1,HR_T1,0.2686260637846864
brown,P04439,HLA-A,HR_T1,0.05493139473256451
brown,P04899,GNAI2,HR_T1,-0.4901663698465741
brown,P05556,ITGB1,HR_T1,-0.4131365431916255
brown,P06703,S100A6,HR_T1,0.3079401744281281
brown,P07237,P4HB,HR_T1,0.27961346835894696
brown,P07384,CAPN1,HR_T1,0.35542530768222586
brown,P07437,TUBB,HR_T1,-0.15646829340628138
brown,P07585,DCN,HR_T1,0.03698781629808667
brown,P07910,HNRNPC,HR_T1,-0.1295961027538764
brown,P08133,ANXA6,HR_T1,-0.07927276583353653
brown,P08670,VIM,HR_T1,0.07407463521753004
brown,P08758,ANXA5,HR_T1,0.3764716200316597
brown,P09211,GSTP1,HR_T1,0.5076546537754502
brown,P09525,ANXA4,HR_T1,0.44989357917255673
brown,P09936,UCHL1,HR_T1,0.33728238700107144
brown,P10321,HLA-C,HR_T1,0.5822343476660942
brown,P11021,HSPA5,HR_T1,-0.32441738962943417
brown,P11766,ADH5,HR_T1,0.26557559483750665
brown,P13164,IFITM1,HR_T1,-0.15687786236199777
brown,P13489,RNH1,HR_T1,0.4323165385257317
brown,P13667,PDIA4,HR_T1,-0.030837072401829202
brown,P13796,LCP1,HR_T1,-0.3906616929008602
brown,P13797,PLS3,HR_T1,0.14575068265749763
brown,P14314,PRKCSH,HR_T1,0.2378626853690314
brown,P14550,AKR1A1,HR_T1,-0.011272148739421062
brown,P14625,HSP90B1,HR_T1,0.13062328550110666
brown,P15090,FABP4,HR_T1,0.5733076613172193
brown,P16152,CBR1,HR_T1,-0.09239482188074626
brown,P17655,CAPN2,HR_T1,-0.004818794381185899
brown,P20962,PTMS,HR_T1,-0.09247194499265686
brown,P21291,CSRP1,HR_T1,-0.14709839568914468
brown,P21926,CD9,HR_T1,-0.4097580035014846
brown,P22314,UBA1,HR_T1,0.5019286478811126
brown,P23142,FBLN1,HR_T1,0.4601502901142543
brown,P23634,ATP2B4,HR_T1,0.479371011429116
brown,P26038,MSN,HR_T1,0.02666753491322273
brown,P26639,TARS1,HR_T1,-0.36825194602438044
brown,P27348,YWHAQ,HR_T1,-0.5149780744296858
brown,P27695,APEX1,HR_T1,-0.213730273595536
brown,P27824,CANX,HR_T1,0.18623528973190165
brown,P28838,LAP3,HR_T1,0.09028874584017248
brown,P29401,TKT,HR_T1,-0.3392787521465283
brown,P29966,MARCKS,HR_T1,-0.11832382939558836
brown,P29992,GNA11,HR_T1,-0.1093627936485344
brown,P30101,PDIA3,HR_T1,0.10104168922274241
brown,P31949,S100A11,HR_T1,-0.012493665271007528
brown,P35579,MYH9,HR_T1,0.0013005185087969615
brown,P35606,COPB2,HR_T1,-0.3623940963549957
brown,P35749,MYH11,HR_T1,-0.031043296255015753
brown,P37235,HPCAL1,HR_T1,0.5802444639758849
brown,P37802,TAGLN2,HR_T1,-0.28169022393698573
brown,P39687,ANP32A,HR_T1,0.05410835060168932
brown,P40261,NNMT,HR_T1,-0.20825228986857988
brown,P46940,IQGAP1,HR_T1,-0.25379404990761173
brown,P49589,CARS1,HR_T1,0.19697871183706844
brown,P49755,TMED10,HR_T1,0.1919160464892299
brown,P50238,CRIP1,HR_T1,-0.1639650784492578
brown,P51149,RAB7A,HR_T1,-0.6801061016878458
brown,P51636,CAV2,HR_T1,0.014413727210483823
brown,P51884,LUM,HR_T1,0.5238044213080821
brown,P51888,PRELP,HR_T1,0.18617634231739874
brown,P52565,ARHGDIA,HR_T1,0.2428955867665826
brown,P52566,ARHGDIB,HR_T1,-0.08150737599235591
brown,P52943,CRIP2,HR_T1,-0.20622594357002463
brown,P55042,RRAD,HR_T1,-0.23297874275952785
brown,P55083,MFAP4,HR_T1,0.6247107499169643
brown,P59998,ARPC4,HR_T1,-0.2705517551302169
brown,P60033,CD81,HR_T1,0.2885549663938067
brown,P60903,S100A10,HR_T1,0.0915959726636527
brown,P60981,DSTN,HR_T1,-0.20491394496778126
brown,P61158,ACTR3,HR_T1,-0.5028249754150523
brown,P61160,ACTR2,HR_T1,-0.5226199074345941
brown,P61960,UFM1,HR_T1,-0.22831674479383499
brown,P61978,HNRNPK,HR_T1,0.2784382975551884
brown,P62820,RAB1A,HR_T1,0.6695120338134447
brown,P62873,GNB1,HR_T1,-0.29412199741528006
brown,P63027,VAMP2,HR_T1,-0.2537114269280015
brown,P63208,SKP1,HR_T1,0.1686920586140109
brown,P67936,TPM4,HR_T1,-0.06815377011630967
brown,P68363,TUBA1B,HR_T1,0.010965113305019045
brown,P84157,MXRA7,HR_T1,-0.014791320385459272
brown,P98095,FBLN2,HR_T1,0.09698868990904366
brown,Q00610,CLTC,HR_T1,-0.2526613389206469
brown,Q01105,SET,HR_T1,0.010646235563724587
brown,Q01518,CAP1,HR_T1,-0.32351447812228634
brown,Q01995,TAGLN,HR_T1,-0.040794247019916456
brown,Q05682,CALD1,HR_T1,0.1373626007806716
brown,Q06323,PSME1,HR_T1,-0.1307041392177411
brown,Q07960,ARHGAP1,HR_T1,-0.025049315051936968
brown,Q09666,AHNAK,HR_T1,-0.35241444328037935
brown,Q12988,HSPB3,HR_T1,0.5050291136216438
brown,Q13418,ILK,HR_T1,-0.30012996432851446
brown,Q13813,SPTAN1,HR_T1,0.07605605239437262
brown,Q13885,TUBB2A,HR_T1,0.27844995323752675
brown,Q14118,DAG1,HR_T1,0.08851333996942445
brown,Q14697,GANAB,HR_T1,-0.02234071112316952
brown,Q14847,LASP1,HR_T1,-0.38308629679047684
brown,Q15019,SEPTIN2,HR_T1,-0.06821252295130442
brown,Q15084,PDIA6,HR_T1,0.018987318514288937
brown,Q15404,RSU1,HR_T1,-0.32286257214488545
brown,Q15691,MAPRE1,HR_T1,0.0668666056568462
brown,Q15836,VAMP3,HR_T1,0.11471277354756126
brown,Q15847,ADIRF,HR_T1,-0.48417795802796226
brown,Q15907,RAB11B,HR_T1,0.2870002826380187
brown,Q15942,ZYX,HR_T1,-0.8730230005584421
brown,Q16181,SEPTIN7,HR_T1,-0.12931321185414568
brown,Q16555,DPYSL2,HR_T1,0.10676232866873095
brown,Q16658,FSCN1,HR_T1,-0.30575233672560603
brown,Q16853,AOC3,HR_T1,0.4704997747827866
brown,Q30154,HLA-DRB5,HR_T1,-0.07591336996823574
brown,Q53GQ0,HSD17B12,HR_T1,0.1398676515523817
brown,Q5BKX8,CAVIN4,HR_T1,-0.26901166543695976
brown,Q709C8,VPS13C,HR_T1,0.7085055385677869
brown,Q7Z7F7,MRPL55,HR_T1,0.2567231475043527
brown,Q8IYS1,PM20D2,HR_T1,0.09636110950030796
brown,Q8TC12,RDH11,HR_T1,-0.7459553292078975
brown,Q8TCJ2,STT3B,HR_T1,0.11125236102943202
brown,Q8WZA9,IRGQ,HR_T1,0.4820636653581962
brown,Q93052,LPP,HR_T1,0.24085582781220402
brown,Q96CW1,AP2M1,HR_T1,0.29483127418722826
brown,Q96CX2,KCTD12,HR_T1,-0.1933271662777632
brown,Q96FQ6,S100A16,HR_T1,-0.0014370053850952563
brown,Q96KP4,CNDP2,HR_T1,0.784294232694654
brown,Q96PU8,QKI,HR_T1,0.028753046103490505
brown,Q96QK1,VPS35,HR_T1,-0.27951912473791374
brown,Q99536,VAT1,HR_T1,-0.07136630656156913
brown,Q99584,S100A13,HR_T1,-0.05746942100721929
brown,Q9BUF5,TUBB6,HR_T1,-0.2684321434029161
brown,Q9BV68,RNF126,HR_T1,-0.266557360797871
brown,Q9BVK6,TMED9,HR_T1,-0.1727288007120489
brown,Q9BW30,TPPP3,HR_T1,-0.043791645322766526
brown,Q9BXN1,ASPN,HR_T1,0.25646301923084813
brown,Q9H299,SH3BGRL3,HR_T1,-0.007048449934021206
brown,Q9H3N1,TMX1,HR_T1,0.12886767812768868
brown,Q9H446,RWDD1,HR_T1,-0.04810729291102988
brown,Q9H4M9,EHD1,HR_T1,0.08421260155870283
brown,Q9H8Y8,GORASP2,HR_T1,0.14443195599932143
brown,Q9NPH2,ISYNA1,HR_T1,0.6243573576845206
brown,Q9NQ88,TIGAR,HR_T1,0.3514276444354563
brown,Q9NR45,NANS,HR_T1,-0.02143262893153162
brown,Q9NYU2,UGGT1,HR_T1,0.4388657419080749
brown,Q9UBI6,GNG12,HR_T1,0.33469408935161643
brown,Q9UBT2,UBA2,HR_T1,-0.5745196757506968
brown,Q9UBX5,FBLN5,HR_T1,-0.08176856871418624
brown,Q9UHD8,SEPTIN9,HR_T1,-0.22912873367736908
brown,Q9UJ70,NAGK,HR_T1,0.108589980902195
brown,Q9Y2J8,PADI2,HR_T1,-0.06982616649768551
brown,Q9Y2Q5,LAMTOR2,HR_T1,-0.03726866713570111
brown,Q9Y316,MEMO1,HR_T1,0.37013428301437035
brown,Q9Y490,TLN1,HR_T1,-0.15572837843673262
brown,Q9Y696,CLIC4,HR_T1,-0.16321567431934378
brown,A0FGR8,ESYT2,HR_T2,0.04807671475609549
brown,O00299,CLIC1,HR_T2,-0.04295084240956796
brown,O14950,MYL12B,HR_T2,-0.016264017131115343
brown,O15498,YKT6,HR_T2,0.23865306894166954
brown,O43237,DYNC1LI2,HR_T2,0.45171279078681664
brown,O43491,EPB41L2,HR_T2,0.5722073386707264
brown,O60749,SNX2,HR_T2,-0.005182487412825311
brown,O75340,PDCD6,HR_T2,0.6433970833418391
brown,O75368,SH3BGRL,HR_T2,0.4706843271075197
brown,O95336,PGLS,HR_T2,0.4869232797013202
brown,O95782,AP2A1,HR_T2,0.35857977645327
brown,O95865,DDAH2,HR_T2,0.1700076604192023
brown,P00325,ADH1B,HR_T2,0.33011523745539045
brown,P01889,HLA-B,HR_T2,0.006900530832457531
brown,P01903,HLA-DRA,HR_T2,-0.49015209238472784
brown,P04216,THY1,HR_T2,0.2890011466603194
brown,P04439,HLA-A,HR_T2,0.055691668633131367
brown,P04899,GNAI2,HR_T2,0.13451749395513182
brown,P05556,ITGB1,HR_T2,0.07793989827332824
brown,P06703,S100A6,HR_T2,0.2200346614982261
brown,P07237,P4HB,HR_T2,-0.11637100299893618
brown,P07384,CAPN1,HR_T2,0.23055275491452445
brown,P07437,TUBB,HR_T2,-0.13925518528464034
brown,P07585,DCN,HR_T2,0.0010714270255070626
brown,P07910,HNRNPC,HR_T2,-0.30991792181637423
brown,P08133,ANXA6,HR_T2,-0.020252545497929226
brown,P08670,VIM,HR_T2,-0.40933438219200463
brown,P08758,ANXA5,HR_T2,0.1583278689127227
brown,P09211,GSTP1,HR_T2,-0.033403921940763415
brown,P09525,ANXA4,HR_T2,-0.058344544339290184
brown,P09936,UCHL1,HR_T2,0.30311751485653654
brown,P10321,HLA-C,HR_T2,0.029919340252860988
brown,P11021,HSPA5,HR_T2,-0.33228256326299555
brown,P11766,ADH5,HR_T2,0.1329428419138051
brown,P13164,IFITM1,HR_T2,-0.30023063379029535
brown,P13489,RNH1,HR_T2,-0.06618295719746611
brown,P13667,PDIA4,HR_T2,-0.10827362796120413
brown,P13796,LCP1,HR_T2,-0.16827084197507886
brown,P13797,PLS3,HR_T2,0.29724442252572986
brown,P14314,PRKCSH,HR_T2,-0.1898379735942905
brown,P14550,AKR1A1,HR_T2,-0.1666983631744774
brown,P14625,HSP90B1,HR_T2,-0.08213608757848513
brown,P15090,FABP4,HR_T2,0.12506072680222427
brown,P16152,CBR1,HR_T2,0.119369557469974
brown,P17655,CAPN2,HR_T2,0.4240687718608948
brown,P20962,PTMS,HR_T2,0.02801699542111253
brown,P21291,CSRP1,HR_T2,0.24581593309870026
brown,P21926,CD9,HR_T2,0.42244642347432954
brown,P22314,UBA1,HR_T2,-0.1953264857998936
brown,P23142,FBLN1,HR_T2,0.19906917747541822
brown,P23634,ATP2B4,HR_T2,0.13736131562904394
brown,P26038,MSN,HR_T2,-0.25580170513010375
brown,P26639,TARS1,HR_T2,0.3947666830917042
brown,P27348,YWHAQ,HR_T2,-0.4453972840452943
brown,P27695,APEX1,HR_T2,-0.059879865846193994
brown,P27824,CANX,HR_T2,-0.05263653719617994
brown,P28838,LAP3,HR_T2,0.19436876385885515
brown,P29401,TKT,HR_T2,-0.20859299575766338
brown,P29966,MARCKS,HR_T2,-0.07157982416130244
brown,P29992,GNA11,HR_T2,0.3322057063959193
brown,P30101,PDIA3,HR_T2,-0.29476788285586525
brown,P31949,S100A11,HR_T2,-0.28627439607048516
brown,P35579,MYH9,HR_T2,-0.14083230604271943
brown,P35606,COPB2,HR_T2,0.040960020952574415
brown,P35749,MYH11,HR_T2,0.36434503434512655
brown,P37235,HPCAL1,HR_T2,-0.0223495550815286
brown,P37802,TAGLN2,HR_T2,-0.06472691421575034
brown,P39687,ANP32A,HR_T2,-0.08775268279507101
brown,P40261,NNMT,HR_T2,-0.16165757055533425
brown,P46940,IQGAP1,HR_T2,-0.14557153543299942
brown,P49589,CARS1,HR_T2,0.3936141662898577
brown,P49755,TMED10,HR_T2,-0.25777922249405716
brown,P50238,CRIP1,HR_T2,-0.40723108571942834
brown,P51149,RAB7A,HR_T2,0.3087133413197175
brown,P51636,CAV2,HR_T2,0.12150978949246308
brown,P51884,LUM,HR_T2,0.2286995919872193
brown,P51888,PRELP,HR_T2,0.5764903379072784
brown,P52565,ARHGDIA,HR_T2,-0.05674840436414154
brown,P52566,ARHGDIB,HR_T2,-0.5951772983772224
brown,P52943,CRIP2,HR_T2,-0.052238891604361334
brown,P55042,RRAD,HR_T2,-0.3319391172447969
brown,P55083,MFAP4,HR_T2,0.5824186877329343
brown,P59998,ARPC4,HR_T2,-0.013734211260937388
brown,P60033,CD81,HR_T2,0.600853013131104
brown,P60903,S100A10,HR_T2,0.35793066855762606
brown,P60981,DSTN,HR_T2,0.4406987739181019
brown,P61158,ACTR3,HR_T2,-0.17177244610067816
brown,P61160,ACTR2,HR_T2,-0.15575947223100842
brown,P61960,UFM1,HR_T2,0.20939420191836594
brown,P61978,HNRNPK,HR_T2,-0.057225347736764895
brown,P62820,RAB1A,HR_T2,0.2536326970599912
brown,P62873,GNB1,HR_T2,-0.11186707295125804
brown,P63027,VAMP2,HR_T2,-0.14608497158182626
brown,P63208,SKP1,HR_T2,-0.33842490626514016
brown,P67936,TPM4,HR_T2,-0.35368380011564815
brown,P68363,TUBA1B,HR_T2,-0.08579402900294356
brown,P84157,MXRA7,HR_T2,0.18855705751802457
brown,P98095,FBLN2,HR_T2,-0.18817877705086108
brown,Q00610,CLTC,HR_T2,0.12237511750468445
brown,Q01105,SET,HR_T2,-0.36651498206316824
brown,Q01518,CAP1,HR_T2,-0.3111196388280664
brown,Q01995,TAGLN,HR_T2,0.21729884396302138
brown,Q05682,CALD1,HR_T2,0.07077860618212917
brown,Q06323,PSME1,HR_T2,0.1640488181982061
brown,Q07960,ARHGAP1,HR_T2,-0.624166411813776
brown,Q09666,AHNAK,HR_T2,0.16220401023512215
brown,Q12988,HSPB3,HR_T2,0.1697191304848733
brown,Q13418,ILK,HR_T2,0.20327250560997187
brown,Q13813,SPTAN1,HR_T2,0.45815838956387733
brown,Q13885,TUBB2A,HR_T2,-0.15681531311866276
brown,Q14118,DAG1,HR_T2,0.276279450576495
brown,Q14697,GANAB,HR_T2,-0.15210559977458157
brown,Q14847,LASP1,HR_T2,-0.33721202425202274
brown,Q15019,SEPTIN2,HR_T2,-0.09030646774815786
brown,Q15084,PDIA6,HR_T2,0.06117271537860965
brown,Q15404,RSU1,HR_T2,0.3482913378798723
brown,Q15691,MAPRE1,HR_T2,-0.5415150821699942
brown,Q15836,VAMP3,HR_T2,0.4185784048768112
brown,Q15847,ADIRF,HR_T2,0.44816575918373835
brown,Q15907,RAB11B,HR_T2,-0.39342070161121573
brown,Q15942,ZYX,HR_T2,-0.1769624859568637
brown,Q16181,SEPTIN7,HR_T2,-0.19719392944097408
brown,Q16555,DPYSL2,HR_T2,-0.022585703665072763
brown,Q16658,FSCN1,HR_T2,-0.6585625024265594
brown,Q16853,AOC3,HR_T2,0.15466693406937113
brown,Q30154,HLA-DRB5,HR_T2,0.272971617507747
brown,Q53GQ0,HSD17B12,HR_T2,0.11328947447715605
brown,Q5BKX8,CAVIN4,HR_T2,0.029742017882346476
brown,Q709C8,VPS13C,HR_T2,0.1624525789550715
brown,Q7Z7F7,MRPL55,HR_T2,0.36668452177187383
brown,Q8IYS1,PM20D2,HR_T2,-0.43981608330187544
brown,Q8TC12,RDH11,HR_T2,0.2870826185908938
brown,Q8TCJ2,STT3B,HR_T2,0.48918524369076005
brown,Q8WZA9,IRGQ,HR_T2,0.1845681633115601
brown,Q93052,LPP,HR_T2,0.06609686197030713
brown,Q96CW1,AP2M1,HR_T2,0.4101142841952967
brown,Q96CX2,KCTD12,HR_T2,0.3953530220015279
brown,Q96FQ6,S100A16,HR_T2,0.17576920735541296
brown,Q96KP4,CNDP2,HR_T2,-0.08093205637761113
brown,Q96PU8,QKI,HR_T2,-0.22886462083130382
brown,Q96QK1,VPS35,HR_T2,-0.18533034359891035
brown,Q99536,VAT1,HR_T2,0.18118565469619027
brown,Q99584,S100A13,HR_T2,0.07810144510966001
brown,Q9BUF5,TUBB6,HR_T2,-0.04557686896835046
brown,Q9BV68,RNF126,HR_T2,0.42415504875883986
brown,Q9BVK6,TMED9,HR_T2,0.02360287592766037
brown,Q9BW30,TPPP3,HR_T2,-0.19953112693582592
brown,Q9BXN1,ASPN,HR_T2,-0.06889171826146932
brown,Q9H299,SH3BGRL3,HR_T2,-0.09972574766895233
brown,Q9H3N1,TMX1,HR_T2,-0.11476387783361916
brown,Q9H446,RWDD1,HR_T2,0.1616336957000297
brown,Q9H4M9,EHD1,HR_T2,5.150326233065439e-4
brown,Q9H8Y8,GORASP2,HR_T2,-3.0405702542939713e-4
brown,Q9NPH2,ISYNA1,HR_T2,0.3272625597860213
brown,Q9NQ88,TIGAR,HR_T2,-0.1431530944032245
brown,Q9NR45,NANS,HR_T2,-0.17362010897189187
brown,Q9NYU2,UGGT1,HR_T2,0.04947189765571353
brown,Q9UBI6,GNG12,HR_T2,0.3942141170170155
brown,Q9UBT2,UBA2,HR_T2,0.22638987279449704
brown,Q9UBX5,FBLN5,HR_T2,0.3802565830373438
brown,Q9UHD8,SEPTIN9,HR_T2,0.15111720948639226
brown,Q9UJ70,NAGK,HR_T2,-0.4845154387848045
brown,Q9Y2J8,PADI2,HR_T2,-0.4811946426929024
brown,Q9Y2Q5,LAMTOR2,HR_T2,0.30014073401376534
brown,Q9Y316,MEMO1,HR_T2,0.09373482252044686
brown,Q9Y490,TLN1,HR_T2,-0.2661693638182335
brown,Q9Y696,CLIC4,HR_T2,0.0854114611326815
brown,A0FGR8,ESYT2,LR_T1,-0.09866077855246055
brown,O00299,CLIC1,LR_T1,-0.5759701875099033
brown,O14950,MYL12B,LR_T1,-0.34565727110884725
brown,O15498,YKT6,LR_T1,-0.2709669682512875
brown,O43237,DYNC1LI2,LR_T1,0.025924791081372342
brown,O43491,EPB41L2,LR_T1,-0.8385160379629957
brown,O60749,SNX2,LR_T1,0.026269019581751693
brown,O75340,PDCD6,LR_T1,-0.392608715458375
brown,O75368,SH3BGRL,LR_T1,-0.4748352003857735
brown,O95336,PGLS,LR_T1,-0.04999617127007912
brown,O95782,AP2A1,LR_T1,-0.6907410114713741
brown,O95865,DDAH2,LR_T1,-0.40683580067962527
brown,P00325,ADH1B,LR_T1,0.2019520374311337
brown,P01889,HLA-B,LR_T1,-0.14409921703381134
brown,P01903,HLA-DRA,LR_T1,-0.30069282642610184
brown,P04216,THY1,LR_T1,-0.2952050624644793
brown,P04439,HLA-A,LR_T1,-0.4020555794267856
brown,P04899,GNAI2,LR_T1,-0.3705236264411519
brown,P05556,ITGB1,LR_T1,0.2546326551163855
brown,P06703,S100A6,LR_T1,-0.4798427421271305
brown,P07237,P4HB,LR_T1,-0.32147486186548935
brown,P07384,CAPN1,LR_T1,-0.21769758884280818
brown,P07437,TUBB,LR_T1,-0.3965580080974283
brown,P07585,DCN,LR_T1,0.3510343978832466
brown,P07910,HNRNPC,LR_T1,-0.3531584621133685
brown,P08133,ANXA6,LR_T1,-0.0856905270594499
brown,P08670,VIM,LR_T1,-0.28847111068215087
brown,P08758,ANXA5,LR_T1,-0.47713182143028565
brown,P09211,GSTP1,LR_T1,-0.07179453272266069
brown,P09525,ANXA4,LR_T1,-0.45841205834149157
brown,P09936,UCHL1,LR_T1,-0.3433537306189657
brown,P10321,HLA-C,LR_T1,0.08456764591735888
brown,P11021,HSPA5,LR_T1,-0.2856443143197751
brown,P11766,ADH5,LR_T1,-0.38455776122730456
brown,P13164,IFITM1,LR_T1,-0.6617288699143418
brown,P13489,RNH1,LR_T1,-0.10969430176222521
brown,P13667,PDIA4,LR_T1,-0.4610812524981575
brown,P13796,LCP1,LR_T1,-0.5619349541374318
brown,P13797,PLS3,LR_T1,-0.20291916030849202
brown,P14314,PRKCSH,LR_T1,0.031777649899641935
brown,P14550,AKR1A1,LR_T1,-0.3245991872030337
brown,P14625,HSP90B1,LR_T1,-0.21160543199966872
brown,P15090,FABP4,LR_T1,0.04831232664933305
brown,P16152,CBR1,LR_T1,-0.514626161330378
brown,P17655,CAPN2,LR_T1,-0.4119610565502843
brown,P20962,PTMS,LR_T1,0.019370453561894593
brown,P21291,CSRP1,LR_T1,-0.03095349927964984
brown,P21926,CD9,LR_T1,-0.037362450887419615
brown,P22314,UBA1,LR_T1,-0.11258467541582182
brown,P23142,FBLN1,LR_T1,-0.15033794644458373
brown,P23634,ATP2B4,LR_T1,0.21696821484385237
brown,P26038,MSN,LR_T1,-0.5073311629835048
brown,P26639,TARS1,LR_T1,-0.3424159708749643
brown,P27348,YWHAQ,LR_T1,-0.14862466829506554
brown,P27695,APEX1,LR_T1,-0.33854938370652204
brown,P27824,CANX,LR_T1,-0.5434098042757686
brown,P28838,LAP3,LR_T1,-0.49771149286701266
brown,P29401,TKT,LR_T1,-0.28322366739367394
brown,P29966,MARCKS,LR_T1,-0.0691309937333644
brown,P29992,GNA11,LR_T1,-0.5650351211420367
brown,P30101,PDIA3,LR_T1,-0.380752654045543
brown,P31949,S100A11,LR_T1,-0.08618752193940168
brown,P35579,MYH9,LR_T1,-0.6002619402213808
brown,P35606,COPB2,LR_T1,-0.1592406023304105
brown,P35749,MYH11,LR_T1,0.09254113100577108
brown,P37235,HPCAL1,LR_T1,-0.21999630405526352
brown,P37802,TAGLN2,LR_T1,-0.3401912727479601
brown,P39687,ANP32A,LR_T1,-0.5357798758484906
brown,P40261,NNMT,LR_T1,-0.2259017272115738
brown,P46940,IQGAP1,LR_T1,-0.0730503047962133
brown,P49589,CARS1,LR_T1,-0.4559622627602112
brown,P49755,TMED10,LR_T1,0.07295452856662835
brown,P50238,CRIP1,LR_T1,0.10064594596710214
brown,P51149,RAB7A,LR_T1,-0.19623929117545544
brown,P51636,CAV2,LR_T1,0.32111002379403897
brown,P51884,LUM,LR_T1,-0.23081159582075667
brown,P51888,PRELP,LR_T1,-0.10895817527637625
brown,P52565,ARHGDIA,LR_T1,-0.4177827427033254
brown,P52566,ARHGDIB,LR_T1,-0.3262870985173594
brown,P52943,CRIP2,LR_T1,-0.09489476258842977
brown,P55042,RRAD,LR_T1,-0.6561297844265995
brown,P55083,MFAP4,LR_T1,0.02583507764958585
brown,P59998,ARPC4,LR_T1,-0.7386599985896491
brown,P60033,CD81,LR_T1,-0.38999102132377733
brown,P60903,S100A10,LR_T1,-0.27739707867067614
brown,P60981,DSTN,LR_T1,0.02630183520637628
brown,P61158,ACTR3,LR_T1,-0.39389469527868143
brown,P61160,ACTR2,LR_T1,-0.5471540410962636
brown,P61960,UFM1,LR_T1,0.028036458467120356
brown,P61978,HNRNPK,LR_T1,-0.46488899843682213
brown,P62820,RAB1A,LR_T1,0.10426299056261058
brown,P62873,GNB1,LR_T1,-0.07932069392804723
brown,P63027,VAMP2,LR_T1,0.14285111261196085
brown,P63208,SKP1,LR_T1,-0.06401581463164038
brown,P67936,TPM4,LR_T1,-0.08988311176346186
brown,P68363,TUBA1B,LR_T1,-0.3034955513519508
brown,P84157,MXRA7,LR_T1,-0.19310782697677892
brown,P98095,FBLN2,LR_T1,0.03064599981321292
brown,Q00610,CLTC,LR_T1,-0.4934690110380105
brown,Q01105,SET,LR_T1,-0.3606496084933588
brown,Q01518,CAP1,LR_T1,-0.3834622560835233
brown,Q01995,TAGLN,LR_T1,-0.12364032706783364
brown,Q05682,CALD1,LR_T1,0.0792760677703726
brown,Q06323,PSME1,LR_T1,-0.5156706515247748
brown,Q07960,ARHGAP1,LR_T1,-0.3870592706334794
brown,Q09666,AHNAK,LR_T1,-0.5781009930439245
brown,Q12988,HSPB3,LR_T1,-0.3251524719518767
brown,Q13418,ILK,LR_T1,-0.14511069488742015
brown,Q13813,SPTAN1,LR_T1,-0.32602143274774326
brown,Q13885,TUBB2A,LR_T1,-0.21551209165078122
brown,Q14118,DAG1,LR_T1,-0.08930706568824542
brown,Q14697,GANAB,LR_T1,-0.29788562796099555
brown,Q14847,LASP1,LR_T1,-0.2826979986399943
brown,Q15019,SEPTIN2,LR_T1,0.2679368239672654
brown,Q15084,PDIA6,LR_T1,0.08914271186251255
brown,Q15404,RSU1,LR_T1,-0.05639373818041477
brown,Q15691,MAPRE1,LR_T1,-0.26869338193134984
brown,Q15836,VAMP3,LR_T1,-0.47780700690327427
brown,Q15847,ADIRF,LR_T1,-0.107209575158694
brown,Q15907,RAB11B,LR_T1,-0.5733815524146009
brown,Q15942,ZYX,LR_T1,-0.04276295452838428
brown,Q16181,SEPTIN7,LR_T1,-0.01098042404766755
brown,Q16555,DPYSL2,LR_T1,-0.2694157548591644
brown,Q16658,FSCN1,LR_T1,-0.11932701595916753
brown,Q16853,AOC3,LR_T1,0.1277183458353399
brown,Q30154,HLA-DRB5,LR_T1,-0.09062986166007718
brown,Q53GQ0,HSD17B12,LR_T1,-0.3985968153384057
brown,Q5BKX8,CAVIN4,LR_T1,0.009044509535703599
brown,Q709C8,VPS13C,LR_T1,-0.29106263708752134
brown,Q7Z7F7,MRPL55,LR_T1,-0.47504424934349543
brown,Q8IYS1,PM20D2,LR_T1,-0.11966532227092369
brown,Q8TC12,RDH11,LR_T1,-0.2382304430114965
brown,Q8TCJ2,STT3B,LR_T1,0.2449363847705179
brown,Q8WZA9,IRGQ,LR_T1,0.4018618165549671
brown,Q93052,LPP,LR_T1,0.1760142648641052
brown,Q96CW1,AP2M1,LR_T1,-0.8245125671717026
brown,Q96CX2,KCTD12,LR_T1,-0.43372217789210704
brown,Q96FQ6,S100A16,LR_T1,-0.470570658001145
brown,Q96KP4,CNDP2,LR_T1,-0.16260098011054136
brown,Q96PU8,QKI,LR_T1,-0.24868453359794512
brown,Q96QK1,VPS35,LR_T1,-0.3652625601587038
brown,Q99536,VAT1,LR_T1,-0.5573288383730771
brown,Q99584,S100A13,LR_T1,-0.7458527453289353
brown,Q9BUF5,TUBB6,LR_T1,-0.16426338410123453
brown,Q9BV68,RNF126,LR_T1,0.09280923238402186
brown,Q9BVK6,TMED9,LR_T1,-0.7028016370496082
brown,Q9BW30,TPPP3,LR_T1,-0.31113839471670823
brown,Q9BXN1,ASPN,LR_T1,-0.15827040162992015
brown,Q9H299,SH3BGRL3,LR_T1,-0.7981562917375414
brown,Q9H3N1,TMX1,LR_T1,-0.3907191599204466
brown,Q9H446,RWDD1,LR_T1,-0.3165550831798076
brown,Q9H4M9,EHD1,LR_T1,-0.5210060382935537
brown,Q9H8Y8,GORASP2,LR_T1,-0.5872797601878497
brown,Q9NPH2,ISYNA1,LR_T1,0.028634623668069983
brown,Q9NQ88,TIGAR,LR_T1,0.06390879526114016
brown,Q9NR45,NANS,LR_T1,-0.4264738884107114
brown,Q9NYU2,UGGT1,LR_T1,-0.08772641038665069
brown,Q9UBI6,GNG12,LR_T1,0.0064698950797828815
brown,Q9UBT2,UBA2,LR_T1,0.006725854184697261
brown,Q9UBX5,FBLN5,LR_T1,-0.03403522832633557
brown,Q9UHD8,SEPTIN9,LR_T1,-0.046933175645380174
brown,Q9UJ70,NAGK,LR_T1,0.08552712737630389
brown,Q9Y2J8,PADI2,LR_T1,-0.2188280008971778
brown,Q9Y2Q5,LAMTOR2,LR_T1,-0.5862531976949985
brown,Q9Y316,MEMO1,LR_T1,-0.21971647794184837
brown,Q9Y490,TLN1,LR_T1,-0.44075273932328785
brown,Q9Y696,CLIC4,LR_T1,-0.25542694328855686
brown,A0FGR8,ESYT2,LR_T2,-0.9863723443731034
brown,O00299,CLIC1,LR_T2,-0.330981992282685
brown,O14950,MYL12B,LR_T2,-0.47329544361053205
brown,O15498,YKT6,LR_T2,-0.4113140389275664
brown,O43237,DYNC1LI2,LR_T2,-0.37631547823047196
brown,O43491,EPB41L2,LR_T2,-0.24526885326752837
brown,O60749,SNX2,LR_T2,-0.12264406691550934
brown,O75340,PDCD6,LR_T2,-0.3834770642097403
brown,O75368,SH3BGRL,LR_T2,-0.5518166557523139
brown,O95336,PGLS,LR_T2,-0.6235536695353898
brown,O95782,AP2A1,LR_T2,0.11337758969130238
brown,O95865,DDAH2,LR_T2,0.041525913976958546
brown,P00325,ADH1B,LR_T2,-0.24864134688153802
brown,P01889,HLA-B,LR_T2,-0.6192992976089288
brown,P01903,HLA-DRA,LR_T2,0.4756145766534879
brown,P04216,THY1,LR_T2,0.0787398896801128
brown,P04439,HLA-A,LR_T2,0.032775449313235845
brown,P04899,GNAI2,LR_T2,-0.18983048628164387
brown,P05556,ITGB1,LR_T2,0.13958178778752384
brown,P06703,S100A6,LR_T2,-0.37917417489436417
brown,P07237,P4HB,LR_T2,-0.334561162739095
brown,P07384,CAPN1,LR_T2,-0.09066472349513582
brown,P07437,TUBB,LR_T2,0.11716251206530018
brown,P07585,DCN,LR_T2,0.382760730428137
brown,P07910,HNRNPC,LR_T2,-0.46237522352005306
brown,P08133,ANXA6,LR_T2,0.2301599076421813
brown,P08670,VIM,LR_T2,0.09265322481600205
brown,P08758,ANXA5,LR_T2,-0.14574524112941883
brown,P09211,GSTP1,LR_T2,-0.2836828408341504
brown,P09525,ANXA4,LR_T2,-0.14983315526072116
brown,P09936,UCHL1,LR_T2,-0.37685712876935085
brown,P10321,HLA-C,LR_T2,-0.03861256175936484
brown,P11021,HSPA5,LR_T2,-0.04658691004034311
brown,P11766,ADH5,LR_T2,0.18676885358198353
brown,P13164,IFITM1,LR_T2,-0.13953356304910358
brown,P13489,RNH1,LR_T2,-0.5199152222407936
brown,P13667,PDIA4,LR_T2,0.35249410070040516
brown,P13796,LCP1,LR_T2,-0.5726045249362661
brown,P13797,PLS3,LR_T2,0.4862678674321762
brown,P14314,PRKCSH,LR_T2,0.42588499962955795
brown,P14550,AKR1A1,LR_T2,-0.055626505010039226
brown,P14625,HSP90B1,LR_T2,-0.17075154735463807
brown,P15090,FABP4,LR_T2,-0.29279702166178295
brown,P16152,CBR1,LR_T2,-0.04848325393593553
brown,P17655,CAPN2,LR_T2,0.059343262696692906
brown,P20962,PTMS,LR_T2,-0.11420891176262794
brown,P21291,CSRP1,LR_T2,0.1440842470614634
brown,P21926,CD9,LR_T2,-0.31447674313988816
brown,P22314,UBA1,LR_T2,-0.38799017667976377
brown,P23142,FBLN1,LR_T2,-0.13638793529129042
brown,P23634,ATP2B4,LR_T2,-0.7792020505337091
brown,P26038,MSN,LR_T2,-0.07572049312817648
brown,P26639,TARS1,LR_T2,0.43438034248357726
brown,P27348,YWHAQ,LR_T2,0.45570442119475996
brown,P27695,APEX1,LR_T2,-0.009300475094121139
brown,P27824,CANX,LR_T2,-0.4504232355176593
brown,P28838,LAP3,LR_T2,0.0990612127704555
brown,P29401,TKT,LR_T2,-0.43093590382913294
brown,P29966,MARCKS,LR_T2,0.00973837500980218
brown,P29992,GNA11,LR_T2,-0.021354609731634066
brown,P30101,PDIA3,LR_T2,0.07147711176299162
brown,P31949,S100A11,LR_T2,-0.3293563101695863
brown,P35579,MYH9,LR_T2,-0.2594572200585864
brown,P35606,COPB2,LR_T2,0.11202356424991369
brown,P35749,MYH11,LR_T2,0.05314748469389112
brown,P37235,HPCAL1,LR_T2,-0.4530325121028043
brown,P37802,TAGLN2,LR_T2,0.14028469103085017
brown,P39687,ANP32A,LR_T2,0.11275487634355356
brown,P40261,NNMT,LR_T2,-0.2231022380477017
brown,P46940,IQGAP1,LR_T2,0.23826782079870812
brown,P49589,CARS1,LR_T2,-0.1101807659069815
brown,P49755,TMED10,LR_T2,-0.14414252128567911
brown,P50238,CRIP1,LR_T2,0.30584331750194804
brown,P51149,RAB7A,LR_T2,0.24457358824537007
brown,P51636,CAV2,LR_T2,-0.4425578445631675
brown,P51884,LUM,LR_T2,0.0515313919607019
brown,P51888,PRELP,LR_T2,-0.03604753893538913
brown,P52565,ARHGDIA,LR_T2,-0.3454346057453444
brown,P52566,ARHGDIB,LR_T2,-0.27069049431279896
brown,P52943,CRIP2,LR_T2,0.5883332767137063
brown,P55042,RRAD,LR_T2,-0.35192272921238454
brown,P55083,MFAP4,LR_T2,-0.5797026961096675
brown,P59998,ARPC4,LR_T2,-0.36767713118815737
brown,P60033,CD81,LR_T2,0.48134535763723213
brown,P60903,S100A10,LR_T2,-0.07955986395961258
brown,P60981,DSTN,LR_T2,-0.10768744027048674
brown,P61158,ACTR3,LR_T2,-0.12499495295470836
brown,P61160,ACTR2,LR_T2,0.08455953576160058
brown,P61960,UFM1,LR_T2,-0.42505527221263784
brown,P61978,HNRNPK,LR_T2,-0.548354316794357
brown,P62820,RAB1A,LR_T2,-0.7819758920704918
brown,P62873,GNB1,LR_T2,-0.019986252197314678
brown,P63027,VAMP2,LR_T2,-0.02436274347177192
brown,P63208,SKP1,LR_T2,-0.5118557865718244
brown,P67936,TPM4,LR_T2,0.1124424897132974
brown,P68363,TUBA1B,LR_T2,-0.21512703703970465
brown,P84157,MXRA7,LR_T2,-0.24178621736920913
brown,P98095,FBLN2,LR_T2,-0.05841160150561876
brown,Q00610,CLTC,LR_T2,-0.18884729985626422
brown,Q01105,SET,LR_T2,-0.11677834801818565
brown,Q01518,CAP1,LR_T2,-0.38118250757364863
brown,Q01995,TAGLN,LR_T2,0.06198353976027265
brown,Q05682,CALD1,LR_T2,-0.1651742190361936
brown,Q06323,PSME1,LR_T2,-0.48436654832628784
brown,Q07960,ARHGAP1,LR_T2,0.25319316062063596
brown,Q09666,AHNAK,LR_T2,-0.02741282132450601
brown,Q12988,HSPB3,LR_T2,-0.44670464103971524
brown,Q13418,ILK,LR_T2,0.23084608949369373
brown,Q13813,SPTAN1,LR_T2,-0.34900111994595207
brown,Q13885,TUBB2A,LR_T2,0.3515710362458024
brown,Q14118,DAG1,LR_T2,0.31120018302152364
brown,Q14697,GANAB,LR_T2,0.18828045194149612
brown,Q14847,LASP1,LR_T2,-0.1844723662791417
brown,Q15019,SEPTIN2,LR_T2,0.5012543517818067
brown,Q15084,PDIA6,LR_T2,-0.22229019544287232
brown,Q15404,RSU1,LR_T2,0.37255701143122366
brown,Q15691,MAPRE1,LR_T2,-0.05975520896712986
brown,Q15836,VAMP3,LR_T2,9.659239143386539e-4
brown,Q15847,ADIRF,LR_T2,0.03894166322378
brown,Q15907,RAB11B,LR_T2,-0.07269731242334866
brown,Q15942,ZYX,LR_T2,0.15630505325071123
brown,Q16181,SEPTIN7,LR_T2,0.5336175738779693
brown,Q16555,DPYSL2,LR_T2,0.34332297502351333
brown,Q16658,FSCN1,LR_T2,0.3850173815111236
brown,Q16853,AOC3,LR_T2,-0.21773080456855137
brown,Q30154,HLA-DRB5,LR_T2,-0.06304374921023237
brown,Q53GQ0,HSD17B12,LR_T2,0.24918642603990826
brown,Q5BKX8,CAVIN4,LR_T2,0.04876790413752149
brown,Q709C8,VPS13C,LR_T2,-0.2669582710412058
brown,Q7Z7F7,MRPL55,LR_T2,-0.0830173651106646
brown,Q8IYS1,PM20D2,LR_T2,-0.05435411667649354
brown,Q8TC12,RDH11,LR_T2,0.11354794351712583
brown,Q8TCJ2,STT3B,LR_T2,-0.7358114077661099
brown,Q8WZA9,IRGQ,LR_T2,8.765611047086772e-4
brown,Q93052,LPP,LR_T2,0.11386336365003663
brown,Q96CW1,AP2M1,LR_T2,-0.21048696586275328
brown,Q96CX2,KCTD12,LR_T2,-0.2809887139905425
brown,Q96FQ6,S100A16,LR_T2,-0.3959145230095234
brown,Q96KP4,CNDP2,LR_T2,-0.09407871870233621
brown,Q96PU8,QKI,LR_T2,-0.20337142032187933
brown,Q96QK1,VPS35,LR_T2,0.5923389724884311
brown,Q99536,VAT1,LR_T2,-0.04385403714742549
brown,Q99584,S100A13,LR_T2,0.08077195457679917
brown,Q9BUF5,TUBB6,LR_T2,0.07440443338900443
brown,Q9BV68,RNF126,LR_T2,-0.12317908534551852
brown,Q9BVK6,TMED9,LR_T2,-0.10086317228675118
brown,Q9BW30,TPPP3,LR_T2,-0.3612357854192108
brown,Q9BXN1,ASPN,LR_T2,0.2319502047106973
brown,Q9H299,SH3BGRL3,LR_T2,-0.2935184916733283
brown,Q9H3N1,TMX1,LR_T2,-0.09567968397673693
brown,Q9H446,RWDD1,LR_T2,0.09254554522301237
brown,Q9H4M9,EHD1,LR_T2,0.3829860353115061
brown,Q9H8Y8,GORASP2,LR_T2,0.1323945107021385
brown,Q9NPH2,ISYNA1,LR_T2,-0.48193885700329864
brown,Q9NQ88,TIGAR,LR_T2,-0.49238403624551996
brown,Q9NR45,NANS,LR_T2,-0.6360599251681521
brown,Q9NYU2,UGGT1,LR_T2,-0.20147686237629447
brown,Q9UBI6,GNG12,LR_T2,-0.1547471196328582
brown,Q9UBT2,UBA2,LR_T2,0.05170087487312039
brown,Q9UBX5,FBLN5,LR_T2,0.010669464198773515
brown,Q9UHD8,SEPTIN9,LR_T2,0.5007840040240263
brown,Q9UJ70,NAGK,LR_T2,-0.3812432055355178
brown,Q9Y2J8,PADI2,LR_T2,-0.084009290133038
brown,Q9Y2Q5,LAMTOR2,LR_T2,0.7771895370328339
brown,Q9Y316,MEMO1,LR_T2,-0.35444895902000634
brown,Q9Y490,TLN1,LR_T2,-0.09304900800250046
brown,Q9Y696,CLIC4,LR_T2,0.26531732566434857
yellow,O14558,HSPB6,HR_T1,0.2838865893486345
yellow,O15400,STX7,HR_T1,-0.5735285085879068
yellow,O43169,CYB5B,HR_T1,0.4921820811032488
yellow,O43374,RASA4,HR_T1,0.4478056520795352
yellow,O43396,TXNL1,HR_T1,0.32306772298685654
yellow,O43765,SGTA,HR_T1,-0.24911057619467733
yellow,O60493,SNX3,HR_T1,-0.4206251096519963
yellow,O75128,COBL,HR_T1,-0.08574722161430169
yellow,O75223,GGCT,HR_T1,0.19063688289189176
yellow,O75347,TBCA,HR_T1,-0.138213022459892
yellow,O75352,MPDU1,HR_T1,0.11996842070244478
yellow,O75608,LYPLA1,HR_T1,0.24621404992183857
yellow,O75688,PPM1B,HR_T1,0.293692332479751
yellow,O75822,EIF3J,HR_T1,0.2881028521900517
yellow,O75832,PSMD10,HR_T1,0.35897074670371515
yellow,O95197,RTN3,HR_T1,0.5085011822849574
yellow,O95278,EPM2A,HR_T1,-0.2179356117711683
yellow,O95573,ACSL3,HR_T1,-0.12783972494493367
yellow,O95861,BPNT1,HR_T1,0.4856753523402072
yellow,O95989,NUDT3,HR_T1,0.3746417467731803
yellow,P00167,CYB5A,HR_T1,0.11046121251935101
yellow,P01116,KRAS,HR_T1,0.18822143720470233
yellow,P04080,CSTB,HR_T1,0.4087100087531995
yellow,P04632,CAPNS1,HR_T1,0.5563252063302608
yellow,P05164,MPO,HR_T1,-0.3231913055442671
yellow,P05198,EIF2S1,HR_T1,0.13727269140442083
yellow,P05413,FABP3,HR_T1,0.35577987514131465
yellow,P07451,CA3,HR_T1,0.33097721089706195
yellow,P07602,PSAP,HR_T1,0.04897757003435304
yellow,P08311,CTSG,HR_T1,-0.12764796518560287
yellow,P09429,HMGB1,HR_T1,0.11230043735937024
yellow,P09467,FBP1,HR_T1,-0.22325587991084453
yellow,P0DMV8,HSPA1A,HR_T1,0.015358450147808915
yellow,P10301,RRAS,HR_T1,-0.0023815617012368268
yellow,P13987,CD59,HR_T1,0.013152205051854977
yellow,P15121,AKR1B1,HR_T1,0.5635779857968028
yellow,P15374,UCHL3,HR_T1,0.4227447316327115
yellow,P16930,FAH,HR_T1,0.7306307272707244
yellow,P16989,YBX3,HR_T1,0.05566303223376269
yellow,P18031,PTPN1,HR_T1,0.2596666690735984
yellow,P18085,ARF4,HR_T1,-0.09580090391574184
yellow,P18206,VCL,HR_T1,0.14952044331204004
yellow,P22061,PCMT1,HR_T1,0.36679470314120527
yellow,P22392,NME2,HR_T1,0.15373610082353048
yellow,P23526,AHCY,HR_T1,0.1758047121121498
yellow,P25786,PSMA1,HR_T1,-0.09873358050103168
yellow,P26640,VARS1,HR_T1,0.14132842385064162
yellow,P26641,EEF1G,HR_T1,-0.10442544184631827
yellow,P28072,PSMB6,HR_T1,0.00439460071769898
yellow,P28074,PSMB5,HR_T1,0.034187290751650216
yellow,P35813,PPM1A,HR_T1,-0.4216921161486519
yellow,P36871,PGM1,HR_T1,0.4511606391955651
yellow,P39060,COL18A1,HR_T1,0.9461646024935982
yellow,P43034,PAFAH1B1,HR_T1,0.5840996569746192
yellow,P49257,LMAN1,HR_T1,0.6374473422899991
yellow,P49588,AARS1,HR_T1,-0.21520241608621218
yellow,P49773,HINT1,HR_T1,0.9938564881778352
yellow,P49840,GSK3A,HR_T1,-0.18460187166647687
yellow,P50461,CSRP3,HR_T1,0.45646954653781463
yellow,P50502,ST13,HR_T1,0.11576882284838046
yellow,P51151,RAB9A,HR_T1,0.11624976335416891
yellow,P51572,BCAP31,HR_T1,0.19885628826953697
yellow,P51668,UBE2D1,HR_T1,0.7176179256119598
yellow,P51812,RPS6KA3,HR_T1,-0.009414900941567208
yellow,P52294,KPNA1,HR_T1,0.017359364523789594
yellow,P53004,BLVRA,HR_T1,0.40683692995066406
yellow,P53778,MAPK12,HR_T1,0.36017479261471375
yellow,P54577,YARS1,HR_T1,-0.17089473743635722
yellow,P54646,PRKAA2,HR_T1,-0.19927373026095976
yellow,P54725,RAD23A,HR_T1,0.48521608504057523
yellow,P54727,RAD23B,HR_T1,0.250309103104342
yellow,P54922,ADPRH,HR_T1,-0.2687366851424699
yellow,P55786,NPEPPS,HR_T1,0.6947585430027994
yellow,P56211,ARPP19,HR_T1,0.2348668239814002
yellow,P56537,EIF6,HR_T1,-0.011246634969550409
yellow,P60842,EIF4A1,HR_T1,0.2927490731228672
yellow,P60866,RPS20,HR_T1,-0.3133717573748026
yellow,P61586,RHOA,HR_T1,0.20824112716329046
yellow,P62633,CNBP,HR_T1,0.27433208998319636
yellow,P62993,GRB2,HR_T1,0.37408409882349897
yellow,P63000,RAC1,HR_T1,-0.015646751667678798
yellow,P63146,UBE2B,HR_T1,-0.10280633619631173
yellow,P63151,PPP2R2A,HR_T1,0.15729830273817763
yellow,P63167,DYNLL1,HR_T1,0.6124655744745435
yellow,P67870,CSNK2B,HR_T1,0.035499326091566315
yellow,P69892,HBG2,HR_T1,-0.032581152185906334
yellow,Q00765,REEP5,HR_T1,0.49229169925792854
yellow,Q01130,SRSF2,HR_T1,-0.5951046500871257
yellow,Q05086,UBE3A,HR_T1,0.2791832726656844
yellow,Q06830,PRDX1,HR_T1,0.4342706122325983
yellow,Q08209,PPP3CA,HR_T1,0.49278416863969693
yellow,Q13162,PRDX4,HR_T1,0.21908055772786567
yellow,Q13404,UBE2V1,HR_T1,0.13275571743177605
yellow,Q13409,DYNC1I2,HR_T1,0.09086582446412318
yellow,Q13425,SNTB2,HR_T1,-0.236861577133263
yellow,Q13642,FHL1,HR_T1,0.7190598657187467
yellow,Q13698,CACNA1S,HR_T1,0.24319949920226508
yellow,Q14103,HNRNPD,HR_T1,0.03728144291227085
yellow,Q14195,DPYSL3,HR_T1,0.3420630722450126
yellow,Q14203,DCTN1,HR_T1,-0.22112491055140465
yellow,Q14240,EIF4A2,HR_T1,0.531137219022754
yellow,Q14BN4,SLMAP,HR_T1,0.1948903763691001
yellow,Q15075,EEA1,HR_T1,-0.12029650797170362
yellow,Q15366,PCBP2,HR_T1,-0.5010829172511315
yellow,Q15369,ELOC,HR_T1,-0.259924280773549
yellow,Q15392,DHCR24,HR_T1,0.17660769235456839
yellow,Q15819,UBE2V2,HR_T1,0.35325669202944027
yellow,Q16082,HSPB2,HR_T1,0.14355261008862552
yellow,Q16563,SYPL1,HR_T1,0.49746510402448096
yellow,Q16881,TXNRD1,HR_T1,-0.25160073505985425
yellow,Q52LJ0,FAM98B,HR_T1,0.3148765181041148
yellow,Q53GG5,PDLIM3,HR_T1,0.3105045577263718
yellow,Q5JWF2,GNAS,HR_T1,0.5929962215403239
yellow,Q6GMV3,PTRHD1,HR_T1,0.2979297424691066
yellow,Q6NZI2,CAVIN1,HR_T1,0.4289079294420352
yellow,Q702N8,XIRP1,HR_T1,-0.19640877424876615
yellow,Q7L5N1,COPS6,HR_T1,0.6017341742608674
yellow,Q7LBR1,CHMP1B,HR_T1,-0.2677009679780105
yellow,Q86V88,MDP1,HR_T1,0.545758169124705
yellow,Q8N3D4,EHBP1L1,HR_T1,0.23647446050322762
yellow,Q8NDY3,ADPRHL1,HR_T1,0.055475119313773025
yellow,Q8TCA0,LRRC20,HR_T1,0.22181134333671285
yellow,Q8TEA8,DTD1,HR_T1,0.15150278622478536
yellow,Q8WTS6,SETD7,HR_T1,0.583644903150068
yellow,Q8WUD1,RAB2B,HR_T1,0.4667587828652069
yellow,Q92629,SGCD,HR_T1,-0.6641795360521284
yellow,Q92734,TFG,HR_T1,-0.30020975678670475
yellow,Q92973,TNPO1,HR_T1,0.34106930939270835
yellow,Q96AE4,FUBP1,HR_T1,-0.05954345055316664
yellow,Q96FW1,OTUB1,HR_T1,0.8494291509111485
yellow,Q96FZ7,CHMP6,HR_T1,0.4770452079959523
yellow,Q96MG2,JSRP1,HR_T1,0.33070884082094787
yellow,Q99504,EYA3,HR_T1,0.46835836493484784
yellow,Q99807,COQ7,HR_T1,0.19885487361165863
yellow,Q99816,TSG101,HR_T1,0.08009827781045036
yellow,Q9BRA2,TXNDC17,HR_T1,-0.14893857669952126
yellow,Q9BTV4,TMEM43,HR_T1,-0.18901178803268848
yellow,Q9BU02,THTPA,HR_T1,0.3639981451734906
yellow,Q9GZV1,ANKRD2,HR_T1,0.562825745746021
yellow,Q9H074,PAIP1,HR_T1,0.18322112980648417
yellow,Q9H0N5,PCBD2,HR_T1,0.8452027218881492
yellow,Q9H1C7,CYSTM1,HR_T1,0.13271833035766828
yellow,Q9H1E5,TMX4,HR_T1,0.7454715902626459
yellow,Q9H2H8,PPIL3,HR_T1,0.5945300766468187
yellow,Q9H2U2,PPA2,HR_T1,0.025310100009623464
yellow,Q9H444,CHMP4B,HR_T1,0.15621426903582175
yellow,Q9H7C4,SYNC,HR_T1,0.6488402445275543
yellow,Q9H7C9,AAMDC,HR_T1,0.5563288573577135
yellow,Q9H910,JPT2,HR_T1,0.41842804294935754
yellow,Q9NQW7,XPNPEP1,HR_T1,0.761045059239276
yellow,Q9NQY0,BIN3,HR_T1,-0.07317551238442695
yellow,Q9NRX4,PHPT1,HR_T1,0.3499447441993889
yellow,Q9NTM9,CUTC,HR_T1,0.16902878153052536
yellow,Q9NVJ2,ARL8B,HR_T1,0.3629232616334204
yellow,Q9NVS9,PNPO,HR_T1,0.04219366661618446
yellow,Q9NZU5,LMCD1,HR_T1,0.4468431741858789
yellow,Q9UBF6,RNF7,HR_T1,-0.08245718024523531
yellow,Q9UBW8,COPS7A,HR_T1,-0.01047786842415177
yellow,Q9UKG1,APPL1,HR_T1,-0.03702806121917817
yellow,Q9UNE7,STUB1,HR_T1,0.045527051759837414
yellow,Q9UPR0,PLCL2,HR_T1,0.2583026319104568
yellow,Q9Y237,PIN4,HR_T1,0.6588253852321045
yellow,Q9Y281,CFL2,HR_T1,1.0092900996798826
yellow,Q9Y371,SH3GLB1,HR_T1,0.17103173883345185
yellow,Q9Y5Z4,HEBP2,HR_T1,0.5430768370171329
yellow,O14558,HSPB6,HR_T2,0.09024240885770445
yellow,O15400,STX7,HR_T2,-0.44779071172501356
yellow,O43169,CYB5B,HR_T2,0.24883355307776617
yellow,O43374,RASA4,HR_T2,-0.13750606796773984
yellow,O43396,TXNL1,HR_T2,-0.2910658178303645
yellow,O43765,SGTA,HR_T2,-0.12207530910859374
yellow,O60493,SNX3,HR_T2,0.10959891769526028
yellow,O75128,COBL,HR_T2,0.3861955479875196
yellow,O75223,GGCT,HR_T2,0.12991118886262715
yellow,O75347,TBCA,HR_T2,-0.5498442997285663
yellow,O75352,MPDU1,HR_T2,0.44039519772512675
yellow,O75608,LYPLA1,HR_T2,0.2539332417789626
yellow,O75688,PPM1B,HR_T2,-0.3952555147828241
yellow,O75822,EIF3J,HR_T2,-0.011710991971679923
yellow,O75832,PSMD10,HR_T2,-0.5880531866222006
yellow,O95197,RTN3,HR_T2,-0.46335744613523727
yellow,O95278,EPM2A,HR_T2,0.19623321580037642
yellow,O95573,ACSL3,HR_T2,-0.13706593805866354
yellow,O95861,BPNT1,HR_T2,-0.283576609520404
yellow,O95989,NUDT3,HR_T2,0.04635874941914827
yellow,P00167,CYB5A,HR_T2,0.01813903702205751
yellow,P01116,KRAS,HR_T2,-0.4128068718010129
yellow,P04080,CSTB,HR_T2,-0.2428876414973071
yellow,P04632,CAPNS1,HR_T2,-0.1061747764308736
yellow,P05164,MPO,HR_T2,-0.1941189449271826
yellow,P05198,EIF2S1,HR_T2,-0.09170251689574191
yellow,P05413,FABP3,HR_T2,-0.4784692323225935
yellow,P07451,CA3,HR_T2,-0.15825427745049175
yellow,P07602,PSAP,HR_T2,-0.0018912333202109294
yellow,P08311,CTSG,HR_T2,-0.3138026189715514
yellow,P09429,HMGB1,HR_T2,-0.1797365388669541
yellow,P09467,FBP1,HR_T2,-0.21151468158389353
yellow,P0DMV8,HSPA1A,HR_T2,0.16915977130434298
yellow,P10301,RRAS,HR_T2,0.07723644593976668
yellow,P13987,CD59,HR_T2,-0.6720443500835677
yellow,P15121,AKR1B1,HR_T2,-0.07080562940256242
yellow,P15374,UCHL3,HR_T2,0.2280692505920388
yellow,P16930,FAH,HR_T2,0.06994456021876864
yellow,P16989,YBX3,HR_T2,-0.30741851161540396
yellow,P18031,PTPN1,HR_T2,-0.758604295039879
yellow,P18085,ARF4,HR_T2,-0.00390102972657285
yellow,P18206,VCL,HR_T2,-0.2123191797943196
yellow,P22061,PCMT1,HR_T2,-0.396163123861434
yellow,P22392,NME2,HR_T2,-0.10326320896471251
yellow,P23526,AHCY,HR_T2,-0.26167654655957184
yellow,P25786,PSMA1,HR_T2,0.07919038903846123
yellow,P26640,VARS1,HR_T2,-0.137899559921372
yellow,P26641,EEF1G,HR_T2,-0.3508871850105696
yellow,P28072,PSMB6,HR_T2,-0.2885700466523277
yellow,P28074,PSMB5,HR_T2,-0.28084064651938234
yellow,P35813,PPM1A,HR_T2,-0.2581125734353347
yellow,P36871,PGM1,HR_T2,0.22964380468643292
yellow,P39060,COL18A1,HR_T2,0.18237950181225032
yellow,P43034,PAFAH1B1,HR_T2,0.12537564706688642
yellow,P49257,LMAN1,HR_T2,0.0444968210089877
yellow,P49588,AARS1,HR_T2,0.35616120796119927
yellow,P49773,HINT1,HR_T2,-0.26269069517964583
yellow,P49840,GSK3A,HR_T2,-0.4707959264898483
yellow,P50461,CSRP3,HR_T2,-0.12890806436594307
yellow,P50502,ST13,HR_T2,-0.09154732919919319
yellow,P51151,RAB9A,HR_T2,0.2540281019925434
yellow,P51572,BCAP31,HR_T2,-0.12324217428294991
yellow,P51668,UBE2D1,HR_T2,-0.2758844387667371
yellow,P51812,RPS6KA3,HR_T2,0.39977697659486816
yellow,P52294,KPNA1,HR_T2,-0.25891988637093816
yellow,P53004,BLVRA,HR_T2,0.05051787453305542
yellow,P53778,MAPK12,HR_T2,0.22728505603439744
yellow,P54577,YARS1,HR_T2,0.6259049130200767
yellow,P54646,PRKAA2,HR_T2,0.10829136417109127
yellow,P54725,RAD23A,HR_T2,0.20600050384935784
yellow,P54727,RAD23B,HR_T2,0.25745661869991665
yellow,P54922,ADPRH,HR_T2,-0.27437636591889886
yellow,P55786,NPEPPS,HR_T2,0.22193189680627712
yellow,P56211,ARPP19,HR_T2,-0.5631261096807457
yellow,P56537,EIF6,HR_T2,-0.2599605351935908
yellow,P60842,EIF4A1,HR_T2,-0.19614201185344246
yellow,P60866,RPS20,HR_T2,-0.4321245702554434
yellow,P61586,RHOA,HR_T2,0.01716890110006113
yellow,P62633,CNBP,HR_T2,-0.0863757712100461
yellow,P62993,GRB2,HR_T2,-0.21268009593468137
yellow,P63000,RAC1,HR_T2,-0.401001945557558
yellow,P63146,UBE2B,HR_T2,0.2530058618642292
yellow,P63151,PPP2R2A,HR_T2,-0.2719601945233726
yellow,P63167,DYNLL1,HR_T2,-0.5832924178164879
yellow,P67870,CSNK2B,HR_T2,-0.5045412990165727
yellow,P69892,HBG2,HR_T2,-0.5560051064636419
yellow,Q00765,REEP5,HR_T2,-0.07689199262532125
yellow,Q01130,SRSF2,HR_T2,-0.17891868991334597
yellow,Q05086,UBE3A,HR_T2,0.12297753310882113
yellow,Q06830,PRDX1,HR_T2,0.1165593427479714
yellow,Q08209,PPP3CA,HR_T2,-0.10264447843149246
yellow,Q13162,PRDX4,HR_T2,-0.08457515589754726
yellow,Q13404,UBE2V1,HR_T2,-0.3133356582159275
yellow,Q13409,DYNC1I2,HR_T2,0.14747962365142447
yellow,Q13425,SNTB2,HR_T2,0.025332414498083964
yellow,Q13642,FHL1,HR_T2,-0.26057833847445716
yellow,Q13698,CACNA1S,HR_T2,0.35826858530421574
yellow,Q14103,HNRNPD,HR_T2,-0.45553967964652237
yellow,Q14195,DPYSL3,HR_T2,0.04462116519601711
yellow,Q14203,DCTN1,HR_T2,0.18898949245854205
yellow,Q14240,EIF4A2,HR_T2,0.0608102646364165
yellow,Q14BN4,SLMAP,HR_T2,-0.3293298671879139
yellow,Q15075,EEA1,HR_T2,0.0654012822689892
yellow,Q15366,PCBP2,HR_T2,-0.08134577683605461
yellow,Q15369,ELOC,HR_T2,-0.4291793561984894
yellow,Q15392,DHCR24,HR_T2,-0.896612034751321
yellow,Q15819,UBE2V2,HR_T2,-0.49781259393251226
yellow,Q16082,HSPB2,HR_T2,-0.07661437495602497
yellow,Q16563,SYPL1,HR_T2,0.10272142754633704
yellow,Q16881,TXNRD1,HR_T2,-0.053941803494707105
yellow,Q52LJ0,FAM98B,HR_T2,0.5349415280738933
yellow,Q53GG5,PDLIM3,HR_T2,-0.5582293028191759
yellow,Q5JWF2,GNAS,HR_T2,-0.3287949204064313
yellow,Q6GMV3,PTRHD1,HR_T2,-0.09519967669806864
yellow,Q6NZI2,CAVIN1,HR_T2,0.12798270093875067
yellow,Q702N8,XIRP1,HR_T2,-0.3836743149939929
yellow,Q7L5N1,COPS6,HR_T2,-0.04613854079719458
yellow,Q7LBR1,CHMP1B,HR_T2,-0.16230881563935803
yellow,Q86V88,MDP1,HR_T2,0.4573224824564964
yellow,Q8N3D4,EHBP1L1,HR_T2,-0.3284511704119205
yellow,Q8NDY3,ADPRHL1,HR_T2,-0.25077597744883107
yellow,Q8TCA0,LRRC20,HR_T2,0.29468203905113993
yellow,Q8TEA8,DTD1,HR_T2,-0.3622623118026205
yellow,Q8WTS6,SETD7,HR_T2,-0.23270637537520433
yellow,Q8WUD1,RAB2B,HR_T2,0.2422355930164962
yellow,Q92629,SGCD,HR_T2,-0.15194160809921306
yellow,Q92734,TFG,HR_T2,0.016672799619236813
yellow,Q92973,TNPO1,HR_T2,-0.36428566813745056
yellow,Q96AE4,FUBP1,HR_T2,-0.231501650854281
yellow,Q96FW1,OTUB1,HR_T2,-0.3687172011789036
yellow,Q96FZ7,CHMP6,HR_T2,0.3318447181272725
yellow,Q96MG2,JSRP1,HR_T2,-0.05601815840655343
yellow,Q99504,EYA3,HR_T2,-0.042836612512228554
yellow,Q99807,COQ7,HR_T2,0.109453065288092
yellow,Q99816,TSG101,HR_T2,-0.04125520819053512
yellow,Q9BRA2,TXNDC17,HR_T2,-0.0301638824084827
yellow,Q9BTV4,TMEM43,HR_T2,-0.22713289097143657
yellow,Q9BU02,THTPA,HR_T2,-0.4660337989458542
yellow,Q9GZV1,ANKRD2,HR_T2,-0.683252124303694
yellow,Q9H074,PAIP1,HR_T2,-0.013104676084532339
yellow,Q9H0N5,PCBD2,HR_T2,-0.05920889802644599
yellow,Q9H1C7,CYSTM1,HR_T2,0.07186815405892842
yellow,Q9H1E5,TMX4,HR_T2,-0.35545987880006585
yellow,Q9H2H8,PPIL3,HR_T2,-0.13769481455811197
yellow,Q9H2U2,PPA2,HR_T2,-0.007318106080748613
yellow,Q9H444,CHMP4B,HR_T2,0.10176373102871956
yellow,Q9H7C4,SYNC,HR_T2,-0.38405691066018005
yellow,Q9H7C9,AAMDC,HR_T2,0.17516495373193935
yellow,Q9H910,JPT2,HR_T2,-0.5171150745849709
yellow,Q9NQW7,XPNPEP1,HR_T2,-0.04578342831829306
yellow,Q9NQY0,BIN3,HR_T2,-0.5549543427781914
yellow,Q9NRX4,PHPT1,HR_T2,-0.03104596294437586
yellow,Q9NTM9,CUTC,HR_T2,0.2839520294901909
yellow,Q9NVJ2,ARL8B,HR_T2,0.09842127832942729
yellow,Q9NVS9,PNPO,HR_T2,-0.14162229601357346
yellow,Q9NZU5,LMCD1,HR_T2,0.12817810829941254
yellow,Q9UBF6,RNF7,HR_T2,0.15085739924652009
yellow,Q9UBW8,COPS7A,HR_T2,0.03505673216574308
yellow,Q9UKG1,APPL1,HR_T2,-0.06082173020336918
yellow,Q9UNE7,STUB1,HR_T2,-0.2900745410203309
yellow,Q9UPR0,PLCL2,HR_T2,0.08700273384842981
yellow,Q9Y237,PIN4,HR_T2,-0.49091164121976355
yellow,Q9Y281,CFL2,HR_T2,-0.28486113252113227
yellow,Q9Y371,SH3GLB1,HR_T2,-0.189625940982897
yellow,Q9Y5Z4,HEBP2,HR_T2,-0.04582354691192535
yellow,O14558,HSPB6,LR_T1,-0.3957637039264263
yellow,O15400,STX7,LR_T1,0.32895079575608605
yellow,O43169,CYB5B,LR_T1,0.32751821108960966
yellow,O43374,RASA4,LR_T1,0.005601413018515244
yellow,O43396,TXNL1,LR_T1,0.32876750710092617
yellow,O43765,SGTA,LR_T1,0.1992077107415726
yellow,O60493,SNX3,LR_T1,0.005931131907131355
yellow,O75128,COBL,LR_T1,-0.24280823879352942
yellow,O75223,GGCT,LR_T1,0.5162870104341116
yellow,O75347,TBCA,LR_T1,0.33222095136231217
yellow,O75352,MPDU1,LR_T1,-0.5182664293423659
yellow,O75608,LYPLA1,LR_T1,-0.15977291880136824
yellow,O75688,PPM1B,LR_T1,0.08158682931773721
yellow,O75822,EIF3J,LR_T1,0.24237530760450082
yellow,O75832,PSMD10,LR_T1,0.40818988882423163
yellow,O95197,RTN3,LR_T1,-0.016239832379494737
yellow,O95278,EPM2A,LR_T1,0.567161199785726
yellow,O95573,ACSL3,LR_T1,-0.05729229954414017
yellow,O95861,BPNT1,LR_T1,0.3053429327528347
yellow,O95989,NUDT3,LR_T1,0.1724580926603817
yellow,P00167,CYB5A,LR_T1,0.026732750302355085
yellow,P01116,KRAS,LR_T1,0.04666948398400425
yellow,P04080,CSTB,LR_T1,0.20442405197090066
yellow,P04632,CAPNS1,LR_T1,-0.050419183653360705
yellow,P05164,MPO,LR_T1,-0.10181730089246077
yellow,P05198,EIF2S1,LR_T1,0.010740601096497882
yellow,P05413,FABP3,LR_T1,0.24184298573969104
yellow,P07451,CA3,LR_T1,-0.2845300316715398
yellow,P07602,PSAP,LR_T1,0.047689400458452755
yellow,P08311,CTSG,LR_T1,-0.12030057229124629
yellow,P09429,HMGB1,LR_T1,0.060934023484030306
yellow,P09467,FBP1,LR_T1,0.04088806534634558
yellow,P0DMV8,HSPA1A,LR_T1,0.03856472236219344
yellow,P10301,RRAS,LR_T1,0.2041738274689601
yellow,P13987,CD59,LR_T1,0.5368275075789594
yellow,P15121,AKR1B1,LR_T1,-0.07995028810875193
yellow,P15374,UCHL3,LR_T1,-0.2648622473566199
yellow,P16930,FAH,LR_T1,-0.36146600075990654
yellow,P16989,YBX3,LR_T1,-0.28022078491906477
yellow,P18031,PTPN1,LR_T1,0.04425078807207822
yellow,P18085,ARF4,LR_T1,-0.29321232765867755
yellow,P18206,VCL,LR_T1,0.306077317722028
yellow,P22061,PCMT1,LR_T1,0.1393089594973445
yellow,P22392,NME2,LR_T1,-0.25295284482846586
yellow,P23526,AHCY,LR_T1,-0.05435976077297671
yellow,P25786,PSMA1,LR_T1,0.458591852242504
yellow,P26640,VARS1,LR_T1,-0.24039144463319936
yellow,P26641,EEF1G,LR_T1,0.1918855506647427
yellow,P28072,PSMB6,LR_T1,0.4854073807894864
yellow,P28074,PSMB5,LR_T1,0.7416396694468415
yellow,P35813,PPM1A,LR_T1,0.03113911136441066
yellow,P36871,PGM1,LR_T1,0.2391800903977252
yellow,P39060,COL18A1,LR_T1,-0.24103932219585641
yellow,P43034,PAFAH1B1,LR_T1,-0.1595866964712684
yellow,P49257,LMAN1,LR_T1,0.10190829350182565
yellow,P49588,AARS1,LR_T1,0.09959594164862856
yellow,P49773,HINT1,LR_T1,-0.19786335617071646
yellow,P49840,GSK3A,LR_T1,0.052394618119894
yellow,P50461,CSRP3,LR_T1,-0.23803579842295122
yellow,P50502,ST13,LR_T1,0.31598082291169294
yellow,P51151,RAB9A,LR_T1,0.5039229915359363
yellow,P51572,BCAP31,LR_T1,0.12239447750828528
yellow,P51668,UBE2D1,LR_T1,0.6296667042225796
yellow,P51812,RPS6KA3,LR_T1,0.41446409002024265
yellow,P52294,KPNA1,LR_T1,0.19664833430304696
yellow,P53004,BLVRA,LR_T1,-0.2540217575423178
yellow,P53778,MAPK12,LR_T1,0.07799916239698419
yellow,P54577,YARS1,LR_T1,-0.18391144639381846
yellow,P54646,PRKAA2,LR_T1,0.2594878175930541
yellow,P54725,RAD23A,LR_T1,0.08422745313486674
yellow,P54727,RAD23B,LR_T1,-0.03673326985881889
yellow,P54922,ADPRH,LR_T1,0.25214258000094736
yellow,P55786,NPEPPS,LR_T1,0.38132271324176775
yellow,P56211,ARPP19,LR_T1,0.3224968557805312
yellow,P56537,EIF6,LR_T1,0.11289183774740098
yellow,P60842,EIF4A1,LR_T1,-0.14641389561788568
yellow,P60866,RPS20,LR_T1,-0.3552785604680762
yellow,P61586,RHOA,LR_T1,-0.2969050310961978
yellow,P62633,CNBP,LR_T1,0.3895205492298995
yellow,P62993,GRB2,LR_T1,0.42101299567131745
yellow,P63000,RAC1,LR_T1,-0.27793735631418365
yellow,P63146,UBE2B,LR_T1,0.3595666227663482
yellow,P63151,PPP2R2A,LR_T1,0.39307316783404533
yellow,P63167,DYNLL1,LR_T1,0.03559330046507993
yellow,P67870,CSNK2B,LR_T1,-0.416072975314967
yellow,P69892,HBG2,LR_T1,-0.006154940745466714
yellow,Q00765,REEP5,LR_T1,-0.2956581990291653
yellow,Q01130,SRSF2,LR_T1,0.028346782243108874
yellow,Q05086,UBE3A,LR_T1,0.33464817748035575
yellow,Q06830,PRDX1,LR_T1,-0.11152782637727646
yellow,Q08209,PPP3CA,LR_T1,0.39635763021388004
yellow,Q13162,PRDX4,LR_T1,-0.1478908498650361
yellow,Q13404,UBE2V1,LR_T1,-0.09451838570159043
yellow,Q13409,DYNC1I2,LR_T1,-0.1311324334519068
yellow,Q13425,SNTB2,LR_T1,0.31478414174399066
yellow,Q13642,FHL1,LR_T1,0.09430444678405756
yellow,Q13698,CACNA1S,LR_T1,0.36861897835994994
yellow,Q14103,HNRNPD,LR_T1,-0.14463154115266616
yellow,Q14195,DPYSL3,LR_T1,-0.037179843932672846
yellow,Q14203,DCTN1,LR_T1,-0.18220145918291242
yellow,Q14240,EIF4A2,LR_T1,0.24235041203042973
yellow,Q14BN4,SLMAP,LR_T1,-0.09912474504146121
yellow,Q15075,EEA1,LR_T1,0.2612882631739432
yellow,Q15366,PCBP2,LR_T1,-0.39007066040051563
yellow,Q15369,ELOC,LR_T1,0.4116609922238869
yellow,Q15392,DHCR24,LR_T1,0.44056619807129976
yellow,Q15819,UBE2V2,LR_T1,-0.010863735103841476
yellow,Q16082,HSPB2,LR_T1,-0.11554175679920847
yellow,Q16563,SYPL1,LR_T1,0.39611428517131075
yellow,Q16881,TXNRD1,LR_T1,0.4939114111289595
yellow,Q52LJ0,FAM98B,LR_T1,-0.5275718630929975
yellow,Q53GG5,PDLIM3,LR_T1,-0.057399198677331134
yellow,Q5JWF2,GNAS,LR_T1,0.3003918520381497
yellow,Q6GMV3,PTRHD1,LR_T1,0.3035445062878504
yellow,Q6NZI2,CAVIN1,LR_T1,-0.19670803989695262
yellow,Q702N8,XIRP1,LR_T1,-0.2910237208871698
yellow,Q7L5N1,COPS6,LR_T1,0.04519406364836345
yellow,Q7LBR1,CHMP1B,LR_T1,0.16545638741930538
yellow,Q86V88,MDP1,LR_T1,-0.2776287402264137
yellow,Q8N3D4,EHBP1L1,LR_T1,0.14507025814595656
yellow,Q8NDY3,ADPRHL1,LR_T1,0.4344869400690923
yellow,Q8TCA0,LRRC20,LR_T1,0.4709985949819606
yellow,Q8TEA8,DTD1,LR_T1,0.44162064294915304
yellow,Q8WTS6,SETD7,LR_T1,-0.16318558900665586
yellow,Q8WUD1,RAB2B,LR_T1,-0.0661648200925668
yellow,Q92629,SGCD,LR_T1,0.2764911969152388
yellow,Q92734,TFG,LR_T1,-0.278798393385564
yellow,Q92973,TNPO1,LR_T1,-0.09562728471528623
yellow,Q96AE4,FUBP1,LR_T1,-0.4143375536406543
yellow,Q96FW1,OTUB1,LR_T1,-0.330120187643584
yellow,Q96FZ7,CHMP6,LR_T1,0.3037931099023687
yellow,Q96MG2,JSRP1,LR_T1,0.08014845659534445
yellow,Q99504,EYA3,LR_T1,0.11769438014308256
yellow,Q99807,COQ7,LR_T1,0.1971195535500989
yellow,Q99816,TSG101,LR_T1,0.12337101063580475
yellow,Q9BRA2,TXNDC17,LR_T1,0.017809224044204226
yellow,Q9BTV4,TMEM43,LR_T1,-0.01889491443303498
yellow,Q9BU02,THTPA,LR_T1,0.3580935375481903
yellow,Q9GZV1,ANKRD2,LR_T1,-0.04016521838235845
yellow,Q9H074,PAIP1,LR_T1,-0.32946528462064356
yellow,Q9H0N5,PCBD2,LR_T1,0.1888594458938839
yellow,Q9H1C7,CYSTM1,LR_T1,-0.3021921485678457
yellow,Q9H1E5,TMX4,LR_T1,-0.12100400421262697
yellow,Q9H2H8,PPIL3,LR_T1,-0.013009059618079702
yellow,Q9H2U2,PPA2,LR_T1,0.12770249111416287
yellow,Q9H444,CHMP4B,LR_T1,0.398253305866402
yellow,Q9H7C4,SYNC,LR_T1,-0.5716903027641963
yellow,Q9H7C9,AAMDC,LR_T1,0.2768595354635178
yellow,Q9H910,JPT2,LR_T1,-3.911780846821006e-4
yellow,Q9NQW7,XPNPEP1,LR_T1,-0.01591004059124136
yellow,Q9NQY0,BIN3,LR_T1,-0.0033978410905955436
yellow,Q9NRX4,PHPT1,LR_T1,-0.006625775608897433
yellow,Q9NTM9,CUTC,LR_T1,0.2735765846492677
yellow,Q9NVJ2,ARL8B,LR_T1,-0.20819798459926275
yellow,Q9NVS9,PNPO,LR_T1,0.637265551841733
yellow,Q9NZU5,LMCD1,LR_T1,0.09643941678746015
yellow,Q9UBF6,RNF7,LR_T1,0.04261025527478657
yellow,Q9UBW8,COPS7A,LR_T1,0.6295038982124573
yellow,Q9UKG1,APPL1,LR_T1,-0.13772231134018603
yellow,Q9UNE7,STUB1,LR_T1,0.4597738189744307
yellow,Q9UPR0,PLCL2,LR_T1,0.3283572560486166
yellow,Q9Y237,PIN4,LR_T1,0.6091256754274305
yellow,Q9Y281,CFL2,LR_T1,0.15187024476098498
yellow,Q9Y371,SH3GLB1,LR_T1,-0.04403585201346772
yellow,Q9Y5Z4,HEBP2,LR_T1,0.16250101231134612
yellow,O14558,HSPB6,LR_T2,0.28712223327076153
yellow,O15400,STX7,LR_T2,0.49107358625084047
yellow,O43169,CYB5B,LR_T2,-0.5997834064581814
yellow,O43374,RASA4,LR_T2,-0.1515513428332419
yellow,O43396,TXNL1,LR_T2,-0.11921274121725906
yellow,O43765,SGTA,LR_T2,0.6567759845873575
yellow,O60493,SNX3,LR_T2,0.04674812268417326
yellow,O75128,COBL,LR_T2,0.4547472727341214
yellow,O75223,GGCT,LR_T2,-0.17511464060139068
yellow,O75347,TBCA,LR_T2,0.012736252662119179
yellow,O75352,MPDU1,LR_T2,0.025131531176461372
yellow,O75608,LYPLA1,LR_T2,-0.014212505564361017
yellow,O75688,PPM1B,LR_T2,0.4884295172550024
yellow,O75822,EIF3J,LR_T2,-0.26695671769135015
yellow,O75832,PSMD10,LR_T2,0.2842438117325917
yellow,O95197,RTN3,LR_T2,-0.1356909044751024
yellow,O95278,EPM2A,LR_T2,0.47882024119837796
yellow,O95573,ACSL3,LR_T2,0.18335412893049235
yellow,O95861,BPNT1,LR_T2,0.40704705986106127
yellow,O95989,NUDT3,LR_T2,-0.3516023206546744
yellow,P00167,CYB5A,LR_T2,-0.02877078278508256
yellow,P01116,KRAS,LR_T2,0.32192716901738083
yellow,P04080,CSTB,LR_T2,-0.1410531256670955
yellow,P04632,CAPNS1,LR_T2,-0.21655701254012127
yellow,P05164,MPO,LR_T2,-0.0011073524229711536
yellow,P05198,EIF2S1,LR_T2,0.12494760689784586
yellow,P05413,FABP3,LR_T2,0.5112561528681465
yellow,P07451,CA3,LR_T2,0.023365143952916584
yellow,P07602,PSAP,LR_T2,-0.24745914565963725
yellow,P08311,CTSG,LR_T2,-0.17801765558756275
yellow,P09429,HMGB1,LR_T2,-0.25840999710986046
yellow,P09467,FBP1,LR_T2,0.4263078906757386
yellow,P0DMV8,HSPA1A,LR_T2,0.08567996575909201
yellow,P10301,RRAS,LR_T2,0.04255565902718193
yellow,P13987,CD59,LR_T2,0.3608656105858761
yellow,P15121,AKR1B1,LR_T2,0.07253047704893749
yellow,P15374,UCHL3,LR_T2,-0.16376971090015138
yellow,P16930,FAH,LR_T2,-0.13603094560460693
yellow,P16989,YBX3,LR_T2,0.2041643200385712
yellow,P18031,PTPN1,LR_T2,0.05734663727355749
yellow,P18085,ARF4,LR_T2,0.6389112862925241
yellow,P18206,VCL,LR_T2,0.12083096100899157
yellow,P22061,PCMT1,LR_T2,0.0022559275765273723
yellow,P22392,NME2,LR_T2,0.24440885504538615
yellow,P23526,AHCY,LR_T2,-0.20561443369231747
yellow,P25786,PSMA1,LR_T2,0.0923094602200133
yellow,P26640,VARS1,LR_T2,0.3503591057093066
yellow,P26641,EEF1G,LR_T2,0.1399666242289958
yellow,P28072,PSMB6,LR_T2,0.133676099575892
yellow,P28074,PSMB5,LR_T2,0.05033214918359958
yellow,P35813,PPM1A,LR_T2,0.08106912449952108
yellow,P36871,PGM1,LR_T2,-0.21114666389167985
yellow,P39060,COL18A1,LR_T2,-0.10663278092595604
yellow,P43034,PAFAH1B1,LR_T2,-0.32048692120097083
yellow,P49257,LMAN1,LR_T2,-0.30852541610591466
yellow,P49588,AARS1,LR_T2,-0.09020382735519941
yellow,P49773,HINT1,LR_T2,0.14038857706689173
yellow,P49840,GSK3A,LR_T2,0.4013612267656577
yellow,P50461,CSRP3,LR_T2,0.2825828818802241
yellow,P50502,ST13,LR_T2,-0.278830273021847
yellow,P51151,RAB9A,LR_T2,0.1645979100466811
yellow,P51572,BCAP31,LR_T2,0.12607095148424488
yellow,P51668,UBE2D1,LR_T2,-0.047211940724408666
yellow,P51812,RPS6KA3,LR_T2,0.5073647441270528
yellow,P52294,KPNA1,LR_T2,0.45584414060213785
yellow,P53004,BLVRA,LR_T2,-0.20592453753267848
yellow,P53778,MAPK12,LR_T2,-0.04295420352737829
yellow,P54577,YARS1,LR_T2,-0.668646238387366
yellow,P54646,PRKAA2,LR_T2,0.5075513860288812
yellow,P54725,RAD23A,LR_T2,-0.3683309706188314
yellow,P54727,RAD23B,LR_T2,0.06400710819270611
yellow,P54922,ADPRH,LR_T2,0.36780512719189973
yellow,P55786,NPEPPS,LR_T2,-0.6531843148832724
yellow,P56211,ARPP19,LR_T2,-0.11240360003826169
yellow,P56537,EIF6,LR_T2,-0.2852688171904727
yellow,P60842,EIF4A1,LR_T2,-0.6592441401513859
yellow,P60866,RPS20,LR_T2,0.46701385813671115
yellow,P61586,RHOA,LR_T2,0.13503927369328922
yellow,P62633,CNBP,LR_T2,0.31718683928429936
yellow,P62993,GRB2,LR_T2,0.13232389173568587
yellow,P63000,RAC1,LR_T2,0.21854868726448107
yellow,P63146,UBE2B,LR_T2,-0.05429457803561667
yellow,P63151,PPP2R2A,LR_T2,0.45249497029303876
yellow,P63167,DYNLL1,LR_T2,0.252218724942817
yellow,P67870,CSNK2B,LR_T2,0.14796916514205768
yellow,P69892,HBG2,LR_T2,-0.2729091015360069
yellow,Q00765,REEP5,LR_T2,-0.17057724700967192
yellow,Q01130,SRSF2,LR_T2,-0.08204327333041903
yellow,Q05086,UBE3A,LR_T2,0.2718668898002741
yellow,Q06830,PRDX1,LR_T2,-0.5052373605729277
yellow,Q08209,PPP3CA,LR_T2,-0.22126046828861268
yellow,Q13162,PRDX4,LR_T2,0.22292936976970554
yellow,Q13404,UBE2V1,LR_T2,0.2753033317603395
yellow,Q13409,DYNC1I2,LR_T2,-0.06527127784644088
yellow,Q13425,SNTB2,LR_T2,0.10991980440851558
yellow,Q13642,FHL1,LR_T2,-0.06086455149119557
yellow,Q13698,CACNA1S,LR_T2,-0.566360149268573
yellow,Q14103,HNRNPD,LR_T2,-0.5602942674446177
yellow,Q14195,DPYSL3,LR_T2,0.20137685892110863
yellow,Q14203,DCTN1,LR_T2,0.4097059684130722
yellow,Q14240,EIF4A2,LR_T2,-0.3824115930025432
yellow,Q14BN4,SLMAP,LR_T2,-0.3411014574945438
yellow,Q15075,EEA1,LR_T2,-0.08557484157041406
yellow,Q15366,PCBP2,LR_T2,0.4075061652255401
yellow,Q15369,ELOC,LR_T2,0.5933667659853237
yellow,Q15392,DHCR24,LR_T2,-0.00485022699128361
yellow,Q15819,UBE2V2,LR_T2,0.20814456473276682
yellow,Q16082,HSPB2,LR_T2,-0.1471412256255853
yellow,Q16563,SYPL1,LR_T2,-0.14226689536388143
yellow,Q16881,TXNRD1,LR_T2,-0.36307945476592085
yellow,Q52LJ0,FAM98B,LR_T2,0.11107993656752443
yellow,Q53GG5,PDLIM3,LR_T2,-0.0436422417463275
yellow,Q5JWF2,GNAS,LR_T2,0.22364257795364173
yellow,Q6GMV3,PTRHD1,LR_T2,-0.2453953980411624
yellow,Q6NZI2,CAVIN1,LR_T2,0.18457500682901448
yellow,Q702N8,XIRP1,LR_T2,-0.06332182906242743
yellow,Q7L5N1,COPS6,LR_T2,-0.04319551017812914
yellow,Q7LBR1,CHMP1B,LR_T2,0.13073606239552032
yellow,Q86V88,MDP1,LR_T2,-0.3861170649839697
yellow,Q8N3D4,EHBP1L1,LR_T2,0.26440563695910035
yellow,Q8NDY3,ADPRHL1,LR_T2,0.144684131767782
yellow,Q8TCA0,LRRC20,LR_T2,0.19116271060378728
yellow,Q8TEA8,DTD1,LR_T2,0.05398262320770554
yellow,Q8WTS6,SETD7,LR_T2,-0.12018516236418429
yellow,Q8WUD1,RAB2B,LR_T2,-0.01480312879628038
yellow,Q92629,SGCD,LR_T2,0.25014936930288945
yellow,Q92734,TFG,LR_T2,0.8183268250407498
yellow,Q92973,TNPO1,LR_T2,-0.026692385023352583
yellow,Q96AE4,FUBP1,LR_T2,-0.31074933877109023
yellow,Q96FW1,OTUB1,LR_T2,0.16452119844425417
yellow,Q96FZ7,CHMP6,LR_T2,-0.4950208414710719
yellow,Q96MG2,JSRP1,LR_T2,0.21067645240403401
yellow,Q99504,EYA3,LR_T2,-0.3245913781482858
yellow,Q99807,COQ7,LR_T2,0.5567267080535455
yellow,Q99816,TSG101,LR_T2,-0.6984480532861411
yellow,Q9BRA2,TXNDC17,LR_T2,0.4914462412154774
yellow,Q9BTV4,TMEM43,LR_T2,0.36642859263220096
yellow,Q9BU02,THTPA,LR_T2,0.6266436841689078
yellow,Q9GZV1,ANKRD2,LR_T2,-0.06507306394984905
yellow,Q9H074,PAIP1,LR_T2,0.3208778982080619
yellow,Q9H0N5,PCBD2,LR_T2,-0.08842039038028457
yellow,Q9H1C7,CYSTM1,LR_T2,-0.23633820463533312
yellow,Q9H1E5,TMX4,LR_T2,0.0056864214773849845
yellow,Q9H2H8,PPIL3,LR_T2,-0.17992426451615748
yellow,Q9H2U2,PPA2,LR_T2,0.3255038957254127
yellow,Q9H444,CHMP4B,LR_T2,0.28970594753698353
yellow,Q9H7C4,SYNC,LR_T2,-0.17171409912419697
yellow,Q9H7C9,AAMDC,LR_T2,-0.10010280301100187
yellow,Q9H910,JPT2,LR_T2,0.6208396719107743
yellow,Q9NQW7,XPNPEP1,LR_T2,-0.24612170022778254
yellow,Q9NQY0,BIN3,LR_T2,0.2948448596071109
yellow,Q9NRX4,PHPT1,LR_T2,0.337646223318009
yellow,Q9NTM9,CUTC,LR_T2,-0.12333076596986722
yellow,Q9NVJ2,ARL8B,LR_T2,0.04263366635793933
yellow,Q9NVS9,PNPO,LR_T2,0.07974889786458378
yellow,Q9NZU5,LMCD1,LR_T2,-0.14044021256577105
yellow,Q9UBF6,RNF7,LR_T2,0.22131204632797577
yellow,Q9UBW8,COPS7A,LR_T2,0.6853106924218253
yellow,Q9UKG1,APPL1,LR_T2,0.7144189837890889
yellow,Q9UNE7,STUB1,LR_T2,-0.34337942437180013
yellow,Q9UPR0,PLCL2,LR_T2,0.2762670098699187
yellow,Q9Y237,PIN4,LR_T2,0.006435850160469658
yellow,Q9Y281,CFL2,LR_T2,0.08285067163837588
yellow,Q9Y371,SH3GLB1,LR_T2,-0.1055308442970223
yellow,Q9Y5Z4,HEBP2,LR_T2,-0.13834263998503063
green,O00763,ACACB,HR_T1,-0.07105068861775345
green,O15061,SYNM,HR_T1,0.5363876014419305
green,O15273,TCAP,HR_T1,-0.2897720208190621
green,O43390,HNRNPR,HR_T1,-0.6159081597797708
green,O43707,ACTN4,HR_T1,0.4091414971131498
green,O43768,ENSA,HR_T1,0.32780088171685096
green,O60841,EIF5B,HR_T1,-0.25357794297298875
green,O75531,BANF1,HR_T1,0.4635318781734518
green,O75569,PRKRA,HR_T1,0.18791413367052634
green,O94905,ERLIN2,HR_T1,-0.07506891561139595
green,O95822,MLYCD,HR_T1,0.6812772744141269
green,O95834,EML2,HR_T1,0.3092008568055538
green,O95870,ABHD16A,HR_T1,0.06950986921407663
green,P02545,LMNA,HR_T1,0.19983562160534024
green,P02585,TNNC2,HR_T1,0.5152276681839869
green,P05976,MYL1,HR_T1,0.13160648353233134
green,P06753,TPM3,HR_T1,0.15344693664229117
green,P07305,H1-0,HR_T1,-0.10976077594699483
green,P07951,TPM2,HR_T1,0.025500373980244757
green,P08123,COL1A2,HR_T1,0.417863093383926
green,P08572,COL4A2,HR_T1,0.2728059574693068
green,P08590,MYL3,HR_T1,-0.01888084323592563
green,P08962,CD63,HR_T1,-0.031868807458987805
green,P09493,TPM1,HR_T1,0.45692192065550247
green,P0CW19,LIMS3,HR_T1,-0.26793723370753264
green,P10916,MYL2,HR_T1,0.02137221330506892
green,P11047,LAMC1,HR_T1,0.3288221064678601
green,P11055,MYH3,HR_T1,0.6218728031800458
green,P11233,RALA,HR_T1,0.2284694432195519
green,P11532,DMD,HR_T1,0.32132426124340796
green,P12109,COL6A1,HR_T1,0.18034261897919562
green,P12110,COL6A2,HR_T1,0.6403326529052896
green,P12111,COL6A3,HR_T1,0.2191017804177994
green,P12814,ACTN1,HR_T1,0.18535044200067924
green,P12829,MYL4,HR_T1,0.45496443196437525
green,P12882,MYH1,HR_T1,-0.018681055262388835
green,P12883,MYH7,HR_T1,-0.10538341313666091
green,P13533,MYH6,HR_T1,0.4548604288726756
green,P13535,MYH8,HR_T1,0.25482129242765195
green,P13805,TNNT1,HR_T1,0.2914031492403099
green,P14543,NID1,HR_T1,0.12788281532134108
green,P14649,MYL6B,HR_T1,0.1003131836844304
green,P17661,DES,HR_T1,0.40004110942175025
green,P18621,RPL17,HR_T1,-0.05408785506709167
green,P19237,TNNI1,HR_T1,0.5422569147123238
green,P20807,CAPN3,HR_T1,-0.0046706773468021545
green,P20929,NEB,HR_T1,0.3726582806088053
green,P21817,RYR1,HR_T1,-0.0294935574849009
green,P25685,DNAJB1,HR_T1,-0.07629177894547322
green,P26196,DDX6,HR_T1,0.15008741450390792
green,P27635,RPL10,HR_T1,-0.10416842589972543
green,P28289,TMOD1,HR_T1,0.18276383923470427
green,P31948,STIP1,HR_T1,0.2663101121874282
green,P35609,ACTN2,HR_T1,0.3729831580378637
green,P39059,COL15A1,HR_T1,0.19684097296395295
green,P45378,TNNT3,HR_T1,0.5390188521431191
green,P47755,CAPZA2,HR_T1,0.18202604620861113
green,P47756,CAPZB,HR_T1,0.43340528118985555
green,P48729,CSNK1A1,HR_T1,0.0287636363612424
green,P48788,TNNI2,HR_T1,0.12217795821036136
green,P50579,METAP2,HR_T1,0.5148173110044482
green,P50914,RPL14,HR_T1,0.013300503116096778
green,P51114,FXR1,HR_T1,0.3785818184795541
green,P51991,HNRNPA3,HR_T1,-0.31154967160468344
green,P52179,MYOM1,HR_T1,0.0800546632877661
green,P54296,MYOM2,HR_T1,0.4060057855003212
green,P60660,MYL6,HR_T1,0.011848228695115561
green,P60709,ACTB,HR_T1,0.4725747941232234
green,P61313,RPL15,HR_T1,-0.07695245823876272
green,P62910,RPL32,HR_T1,0.2965751403032151
green,P63316,TNNC1,HR_T1,0.1575426128580373
green,P68133,ACTA1,HR_T1,0.5926655307782097
green,P84103,SRSF3,HR_T1,-0.4067988556423502
green,P84243,H3-3A,HR_T1,0.15169446060815442
green,P98160,HSPG2,HR_T1,0.005108258921463874
green,Q00577,PURA,HR_T1,0.40937672785515883
green,Q00688,FKBP3,HR_T1,-0.0746301959734638
green,Q00872,MYBPC1,HR_T1,0.046381602807055486
green,Q01082,SPTBN1,HR_T1,-0.1984240462874827
green,Q02543,RPL18A,HR_T1,0.0552592045792572
green,Q02641,CACNB1,HR_T1,0.11725482218569716
green,Q03252,LMNB2,HR_T1,0.020930546895712134
green,Q06432,CACNG1,HR_T1,0.5032970121664853
green,Q08043,ACTN3,HR_T1,0.37510054273238874
green,Q0ZGT2,NEXN,HR_T1,-0.3041447992897016
green,Q12797,ASPH,HR_T1,0.038134849388968474
green,Q12905,ILF2,HR_T1,-0.01375005201492509
green,Q13151,HNRNPA0,HR_T1,0.16672378159459905
green,Q13203,MYBPH,HR_T1,0.4732487342548625
green,Q13508,ART3,HR_T1,0.5486966485876306
green,Q13555,CAMK2G,HR_T1,0.8280387181489555
green,Q13586,STIM1,HR_T1,0.07722117754627732
green,Q13617,CUL2,HR_T1,0.20835861510996448
green,Q14324,MYBPC2,HR_T1,-0.0034047792816676342
green,Q15149,PLEC,HR_T1,0.4278891690222035
green,Q16585,SGCB,HR_T1,-0.1336721893471653
green,Q16654,PDK4,HR_T1,-0.06357757261066992
green,Q5TAQ9,DCAF8,HR_T1,0.1815920750329629
green,Q5VST9,OBSCN,HR_T1,0.28251660865083467
green,Q5VTT5,MYOM3,HR_T1,0.6226849700515545
green,Q5VWP3,MLIP,HR_T1,0.24504798258639468
green,Q6QEF8,CORO6,HR_T1,0.4101594964280727
green,Q6UW68,TMEM205,HR_T1,0.001501027395019529
green,Q712K3,UBE2R2,HR_T1,0.6640365897800339
green,Q7Z406,MYH14,HR_T1,0.29347373630326573
green,Q86TC9,MYPN,HR_T1,-0.1016750174204459
green,Q8N3V7,SYNPO,HR_T1,0.001776620241016737
green,Q8NB12,SMYD1,HR_T1,0.18024604087874233
green,Q8TCT8,SPPL2A,HR_T1,0.7593096113572084
green,Q8TDC0,MYOZ3,HR_T1,0.48448639807637456
green,Q8WZ42,TTN,HR_T1,0.35731320900376995
green,Q92614,MYO18A,HR_T1,0.19070845469545908
green,Q96HC4,PDLIM5,HR_T1,0.780394671803685
green,Q9BSE5,AGMAT,HR_T1,0.12096563950987885
green,Q9BZL1,UBL5,HR_T1,0.14741056462837657
green,Q9BZV1,UBXN6,HR_T1,0.024833936294396557
green,Q9H8H3,METTL7A,HR_T1,-0.12016543898325446
green,Q9H987,SYNPO2L,HR_T1,0.6264005322253272
green,Q9HBL0,TNS1,HR_T1,0.0856288534238215
green,Q9HCP6,HHATL,HR_T1,-0.04884101325975083
green,Q9HCU5,PREB,HR_T1,0.4053156602431388
green,Q9HDC5,JPH1,HR_T1,0.04351038870495216
green,Q9NP98,MYOZ1,HR_T1,0.4106140906784565
green,Q9NR12,PDLIM7,HR_T1,0.13712186318519232
green,Q9NRG4,SMYD2,HR_T1,0.12731018694184248
green,Q9NZ01,TECR,HR_T1,-0.07645197435563768
green,Q9NZQ9,TMOD4,HR_T1,0.4507448932331668
green,Q9UBF9,MYOT,HR_T1,0.03592507227428755
green,Q9UDY4,DNAJB4,HR_T1,0.10661393168287583
green,Q9UG63,ABCF2,HR_T1,-0.19059135558383414
green,Q9UKV8,AGO2,HR_T1,0.015785866970574883
green,Q9UKX2,MYH2,HR_T1,-0.08031403606760985
green,Q9UKX3,MYH13,HR_T1,0.5609622942293659
green,Q9ULT8,HECTD1,HR_T1,0.2108348641794188
green,Q9UMS6,SYNPO2,HR_T1,0.3047111861058589
green,Q9UQ80,PA2G4,HR_T1,0.15042945605510752
green,Q9UQM7,CAMK2A,HR_T1,0.31235353962357804
green,Q9Y262,EIF3L,HR_T1,-0.317767292793924
green,Q9Y3A6,TMED5,HR_T1,-0.4180494803332548
green,Q9Y3U8,RPL36,HR_T1,-0.4462919812328761
green,Q9Y623,MYH4,HR_T1,0.3454312278384869
green,O00763,ACACB,HR_T2,-0.49053906571946465
green,O15061,SYNM,HR_T2,-0.4976660339494355
green,O15273,TCAP,HR_T2,-0.6968752283384336
green,O43390,HNRNPR,HR_T2,-0.6156581594956462
green,O43707,ACTN4,HR_T2,-0.31931645293990496
green,O43768,ENSA,HR_T2,-0.2157034968316274
green,O60841,EIF5B,HR_T2,0.2566690291905666
green,O75531,BANF1,HR_T2,-0.31317703091260035
green,O75569,PRKRA,HR_T2,-0.17318348970852301
green,O94905,ERLIN2,HR_T2,-0.08431219992801206
green,O95822,MLYCD,HR_T2,-0.5239720220586437
green,O95834,EML2,HR_T2,0.23244269413815427
green,O95870,ABHD16A,HR_T2,0.3211198731248544
green,P02545,LMNA,HR_T2,-0.170605282958201
green,P02585,TNNC2,HR_T2,-0.5111167148058345
green,P05976,MYL1,HR_T2,-0.380701066517885
green,P06753,TPM3,HR_T2,-0.3244092379647202
green,P07305,H1-0,HR_T2,-0.19954035478810098
green,P07951,TPM2,HR_T2,-0.15343669929836287
green,P08123,COL1A2,HR_T2,-0.056300994562709476
green,P08572,COL4A2,HR_T2,-0.1563784678623177
green,P08590,MYL3,HR_T2,-0.4033405599816056
green,P08962,CD63,HR_T2,-0.460915997675501
green,P09493,TPM1,HR_T2,-0.32488373673897203
green,P0CW19,LIMS3,HR_T2,0.2166571507450556
green,P10916,MYL2,HR_T2,-0.41156442852632763
green,P11047,LAMC1,HR_T2,-0.38102493552776207
green,P11055,MYH3,HR_T2,-0.33823049604662714
green,P11233,RALA,HR_T2,0.28659304896842536
green,P11532,DMD,HR_T2,-0.22834230304539418
green,P12109,COL6A1,HR_T2,-0.04834368678782569
green,P12110,COL6A2,HR_T2,-0.3191069136233766
green,P12111,COL6A3,HR_T2,-0.3168106041164423
green,P12814,ACTN1,HR_T2,-0.16216401585116724
green,P12829,MYL4,HR_T2,-0.08720223218356733
green,P12882,MYH1,HR_T2,-0.2415675930957777
green,P12883,MYH7,HR_T2,-0.2697297918380831
green,P13533,MYH6,HR_T2,-0.6964168268146234
green,P13535,MYH8,HR_T2,-0.08342074723534529
green,P13805,TNNT1,HR_T2,-0.18055508096635733
green,P14543,NID1,HR_T2,0.04837868736243017
green,P14649,MYL6B,HR_T2,-0.406711488075409
green,P17661,DES,HR_T2,-0.3602151073307818
green,P18621,RPL17,HR_T2,0.20583256854174245
green,P19237,TNNI1,HR_T2,-0.34429156060628874
green,P20807,CAPN3,HR_T2,0.0897976501286368
green,P20929,NEB,HR_T2,-0.34341443446081277
green,P21817,RYR1,HR_T2,0.21874288954459356
green,P25685,DNAJB1,HR_T2,-0.3454749375028076
green,P26196,DDX6,HR_T2,0.07796999811796179
green,P27635,RPL10,HR_T2,-0.05622092330555052
green,P28289,TMOD1,HR_T2,-0.28277525924615743
green,P31948,STIP1,HR_T2,0.3927106284790048
green,P35609,ACTN2,HR_T2,-0.2867447477136725
green,P39059,COL15A1,HR_T2,0.02878640148273682
green,P45378,TNNT3,HR_T2,-0.41790719101474283
green,P47755,CAPZA2,HR_T2,-0.21001911878265747
green,P47756,CAPZB,HR_T2,-0.4021203249920503
green,P48729,CSNK1A1,HR_T2,-0.4716536736588809
green,P48788,TNNI2,HR_T2,-0.23938244445890952
green,P50579,METAP2,HR_T2,-0.0889571347570616
green,P50914,RPL14,HR_T2,-0.42670097147513186
green,P51114,FXR1,HR_T2,-0.24182702506472714
green,P51991,HNRNPA3,HR_T2,-0.5623002981261955
green,P52179,MYOM1,HR_T2,-0.04524235944489119
green,P54296,MYOM2,HR_T2,-0.018821935829182283
green,P60660,MYL6,HR_T2,-0.43343087027648414
green,P60709,ACTB,HR_T2,-0.5673954887117596
green,P61313,RPL15,HR_T2,-0.30319257481691836
green,P62910,RPL32,HR_T2,-0.5415866203072298
green,P63316,TNNC1,HR_T2,-0.3700546959250059
green,P68133,ACTA1,HR_T2,-0.46274827339613245
green,P84103,SRSF3,HR_T2,-0.2392229670276867
green,P84243,H3-3A,HR_T2,-0.2621450273641541
green,P98160,HSPG2,HR_T2,-0.19627514343870134
green,Q00577,PURA,HR_T2,-0.7693374930146287
green,Q00688,FKBP3,HR_T2,-0.295993323278076
green,Q00872,MYBPC1,HR_T2,-0.4779420599153574
green,Q01082,SPTBN1,HR_T2,-0.14706343345586695
green,Q02543,RPL18A,HR_T2,-0.4000701161316713
green,Q02641,CACNB1,HR_T2,0.4461270546316371
green,Q03252,LMNB2,HR_T2,0.06610417410072805
green,Q06432,CACNG1,HR_T2,0.7436452417489746
green,Q08043,ACTN3,HR_T2,-0.040976152253563033
green,Q0ZGT2,NEXN,HR_T2,-0.04803740768121174
green,Q12797,ASPH,HR_T2,0.17819914623093908
green,Q12905,ILF2,HR_T2,-0.18557402336325252
green,Q13151,HNRNPA0,HR_T2,-0.24063988266182293
green,Q13203,MYBPH,HR_T2,-0.22765553466916982
green,Q13508,ART3,HR_T2,-0.20630148638973989
green,Q13555,CAMK2G,HR_T2,0.357979385995112
green,Q13586,STIM1,HR_T2,0.6337987255886292
green,Q13617,CUL2,HR_T2,-0.4662798032393815
green,Q14324,MYBPC2,HR_T2,-0.08908445027545588
green,Q15149,PLEC,HR_T2,-0.24672738952555115
green,Q16585,SGCB,HR_T2,-0.21494406358250331
green,Q16654,PDK4,HR_T2,-0.4705986026132409
green,Q5TAQ9,DCAF8,HR_T2,-0.6696653333937878
green,Q5VST9,OBSCN,HR_T2,-0.08746503099815854
green,Q5VTT5,MYOM3,HR_T2,-0.1618668060871147
green,Q5VWP3,MLIP,HR_T2,-0.2369177797559038
green,Q6QEF8,CORO6,HR_T2,-0.540117545061619
green,Q6UW68,TMEM205,HR_T2,-0.16078437691085076
green,Q712K3,UBE2R2,HR_T2,0.03814775480648756
green,Q7Z406,MYH14,HR_T2,0.10616865654936485
green,Q86TC9,MYPN,HR_T2,-0.5538835965827742
green,Q8N3V7,SYNPO,HR_T2,0.15759936463470595
green,Q8NB12,SMYD1,HR_T2,-0.39118733790440163
green,Q8TCT8,SPPL2A,HR_T2,0.06754476053387494
green,Q8TDC0,MYOZ3,HR_T2,-0.24556201889712476
green,Q8WZ42,TTN,HR_T2,-0.3900223777994989
green,Q92614,MYO18A,HR_T2,-0.5926407533466416
green,Q96HC4,PDLIM5,HR_T2,-0.17542483222362953
green,Q9BSE5,AGMAT,HR_T2,0.17733809569510917
green,Q9BZL1,UBL5,HR_T2,-0.17898816596766384
green,Q9BZV1,UBXN6,HR_T2,-0.10939777635258364
green,Q9H8H3,METTL7A,HR_T2,0.0632675524218366
green,Q9H987,SYNPO2L,HR_T2,-0.2610991206054224
green,Q9HBL0,TNS1,HR_T2,-0.25621102673688206
green,Q9HCP6,HHATL,HR_T2,-0.6279582587482643
green,Q9HCU5,PREB,HR_T2,-0.14464581943702357
green,Q9HDC5,JPH1,HR_T2,-0.2976979512549359
green,Q9NP98,MYOZ1,HR_T2,-0.34700794933412293
green,Q9NR12,PDLIM7,HR_T2,-0.1321629935548641
green,Q9NRG4,SMYD2,HR_T2,-0.07974810710684911
green,Q9NZ01,TECR,HR_T2,0.16217492217401044
green,Q9NZQ9,TMOD4,HR_T2,-0.6009009899410179
green,Q9UBF9,MYOT,HR_T2,-0.09127181705033251
green,Q9UDY4,DNAJB4,HR_T2,-0.8861126424862739
green,Q9UG63,ABCF2,HR_T2,-0.09013936587053832
green,Q9UKV8,AGO2,HR_T2,-0.015487112957005127
green,Q9UKX2,MYH2,HR_T2,-0.3060471405902262
green,Q9UKX3,MYH13,HR_T2,-0.5242271600208569
green,Q9ULT8,HECTD1,HR_T2,-0.19540092387300986
green,Q9UMS6,SYNPO2,HR_T2,-0.40147555177459876
green,Q9UQ80,PA2G4,HR_T2,-0.38348806099237215
green,Q9UQM7,CAMK2A,HR_T2,0.4646110435106882
green,Q9Y262,EIF3L,HR_T2,0.3671566719066428
green,Q9Y3A6,TMED5,HR_T2,0.15101349396748423
green,Q9Y3U8,RPL36,HR_T2,-0.022777131712657588
green,Q9Y623,MYH4,HR_T2,-0.6173383321715926
green,O00763,ACACB,LR_T1,0.34892415746678684
green,O15061,SYNM,LR_T1,0.254847216545151
green,O15273,TCAP,LR_T1,-0.1132338505529801
green,O43390,HNRNPR,LR_T1,-0.3903484429635933
green,O43707,ACTN4,LR_T1,-0.22131955874678655
green,O43768,ENSA,LR_T1,-0.22356966739246878
green,O60841,EIF5B,LR_T1,-0.054261990832203455
green,O75531,BANF1,LR_T1,0.17324053583092172
green,O75569,PRKRA,LR_T1,-0.1265437346208313
green,O94905,ERLIN2,LR_T1,-0.0949955969191983
green,O95822,MLYCD,LR_T1,0.05985792191381829
green,O95834,EML2,LR_T1,-0.02936766194966388
green,O95870,ABHD16A,LR_T1,0.028004303526165578
green,P02545,LMNA,LR_T1,-0.04870767100349599
green,P02585,TNNC2,LR_T1,0.15615179007145724
green,P05976,MYL1,LR_T1,0.006256138192171329
green,P06753,TPM3,LR_T1,-0.12308701792894777
green,P07305,H1-0,LR_T1,-0.0016671296614745312
green,P07951,TPM2,LR_T1,0.02746277186607582
green,P08123,COL1A2,LR_T1,0.01799759955651155
green,P08572,COL4A2,LR_T1,-0.08602618946086005
green,P08590,MYL3,LR_T1,-0.11839370782840389
green,P08962,CD63,LR_T1,-0.29318999467762547
green,P09493,TPM1,LR_T1,0.06508350491040321
green,P0CW19,LIMS3,LR_T1,-0.37667094793058314
green,P10916,MYL2,LR_T1,0.07596245242641547
green,P11047,LAMC1,LR_T1,0.3107322209260123
green,P11055,MYH3,LR_T1,0.35666411283399124
green,P11233,RALA,LR_T1,-0.250085559480558
green,P11532,DMD,LR_T1,-0.09703535800738328
green,P12109,COL6A1,LR_T1,0.18955767217337563
green,P12110,COL6A2,LR_T1,0.2534245210446665
green,P12111,COL6A3,LR_T1,7.234441293891142e-4
green,P12814,ACTN1,LR_T1,-0.16801246786223195
green,P12829,MYL4,LR_T1,-0.13998119175243476
green,P12882,MYH1,LR_T1,0.2716395054574554
green,P12883,MYH7,LR_T1,-0.08596326318409567
green,P13533,MYH6,LR_T1,-0.08531696495862964
green,P13535,MYH8,LR_T1,-0.14600572179924212
green,P13805,TNNT1,LR_T1,-0.14460849203661175
green,P14543,NID1,LR_T1,-0.27869305106058123
green,P14649,MYL6B,LR_T1,-0.22901476322055908
green,P17661,DES,LR_T1,-0.2088285760979328
green,P18621,RPL17,LR_T1,0.05919864423547333
green,P19237,TNNI1,LR_T1,0.03251110152262779
green,P20807,CAPN3,LR_T1,0.09518530549780838
green,P20929,NEB,LR_T1,-0.12579894614203657
green,P21817,RYR1,LR_T1,0.15920894131917754
green,P25685,DNAJB1,LR_T1,0.0071588712840959245
green,P26196,DDX6,LR_T1,-0.051029766760289655
green,P27635,RPL10,LR_T1,-0.10681349179592399
green,P28289,TMOD1,LR_T1,-0.3648582303889723
green,P31948,STIP1,LR_T1,-0.36782754105996485
green,P35609,ACTN2,LR_T1,-0.1049345850207527
green,P39059,COL15A1,LR_T1,-0.4140176067041633
green,P45378,TNNT3,LR_T1,0.16625554679305962
green,P47755,CAPZA2,LR_T1,-0.31879209548977927
green,P47756,CAPZB,LR_T1,-0.23244701341830004
green,P48729,CSNK1A1,LR_T1,-0.08321680374137615
green,P48788,TNNI2,LR_T1,-0.002112524548307515
green,P50579,METAP2,LR_T1,-0.07520352531774493
green,P50914,RPL14,LR_T1,-0.17233290164511564
green,P51114,FXR1,LR_T1,-0.06708336368545843
green,P51991,HNRNPA3,LR_T1,0.18088219885960857
green,P52179,MYOM1,LR_T1,-0.023519782015032464
green,P54296,MYOM2,LR_T1,0.08920633060529415
green,P60660,MYL6,LR_T1,-0.151938598464467
green,P60709,ACTB,LR_T1,-0.32532685313783155
green,P61313,RPL15,LR_T1,-0.7328845152181777
green,P62910,RPL32,LR_T1,0.12562821167230476
green,P63316,TNNC1,LR_T1,-0.036359570198266744
green,P68133,ACTA1,LR_T1,-0.08767574983946608
green,P84103,SRSF3,LR_T1,-0.2938635243972305
green,P84243,H3-3A,LR_T1,-0.20631089765888735
green,P98160,HSPG2,LR_T1,0.23639500889674397
green,Q00577,PURA,LR_T1,-0.11383655706187246
green,Q00688,FKBP3,LR_T1,0.5098861728792567
green,Q00872,MYBPC1,LR_T1,0.37134097495687396
green,Q01082,SPTBN1,LR_T1,-0.018279618805055575
green,Q02543,RPL18A,LR_T1,0.016695732721333713
green,Q02641,CACNB1,LR_T1,0.08229110919184413
green,Q03252,LMNB2,LR_T1,-0.13735320183426283
green,Q06432,CACNG1,LR_T1,0.08502276154780997
green,Q08043,ACTN3,LR_T1,0.28167339892966725
green,Q0ZGT2,NEXN,LR_T1,-0.3609645099912706
green,Q12797,ASPH,LR_T1,0.2893345129169328
green,Q12905,ILF2,LR_T1,-0.44810906156302377
green,Q13151,HNRNPA0,LR_T1,-0.20461181691047992
green,Q13203,MYBPH,LR_T1,-0.13394727930486655
green,Q13508,ART3,LR_T1,0.6199508598274394
green,Q13555,CAMK2G,LR_T1,0.036333120365136466
green,Q13586,STIM1,LR_T1,-0.10073246173258786
green,Q13617,CUL2,LR_T1,-0.09955384018986538
green,Q14324,MYBPC2,LR_T1,0.20199667033273994
green,Q15149,PLEC,LR_T1,-0.21950712661678565
green,Q16585,SGCB,LR_T1,-0.09825036556008833
green,Q16654,PDK4,LR_T1,0.1686630296725824
green,Q5TAQ9,DCAF8,LR_T1,0.4035917237565405
green,Q5VST9,OBSCN,LR_T1,-0.2941705491964968
green,Q5VTT5,MYOM3,LR_T1,-0.20225564358482667
green,Q5VWP3,MLIP,LR_T1,-0.4542707568939303
green,Q6QEF8,CORO6,LR_T1,-0.20695149851397598
green,Q6UW68,TMEM205,LR_T1,0.19743887211469965
green,Q712K3,UBE2R2,LR_T1,-0.08748021490373253
green,Q7Z406,MYH14,LR_T1,-0.42967560654016335
green,Q86TC9,MYPN,LR_T1,-0.33512214553080155
green,Q8N3V7,SYNPO,LR_T1,-0.05050763627958223
green,Q8NB12,SMYD1,LR_T1,0.15914551515300918
green,Q8TCT8,SPPL2A,LR_T1,-0.37768839513783925
green,Q8TDC0,MYOZ3,LR_T1,-0.09949268176814062
green,Q8WZ42,TTN,LR_T1,-0.13091417114802698
green,Q92614,MYO18A,LR_T1,-0.27562685083677013
green,Q96HC4,PDLIM5,LR_T1,-0.11301129515769101
green,Q9BSE5,AGMAT,LR_T1,-0.04285337801361578
green,Q9BZL1,UBL5,LR_T1,0.5538803634806909
green,Q9BZV1,UBXN6,LR_T1,0.07200779114893956
green,Q9H8H3,METTL7A,LR_T1,0.41925390431766524
green,Q9H987,SYNPO2L,LR_T1,-0.054825097343180154
green,Q9HBL0,TNS1,LR_T1,-0.09756343174100707
green,Q9HCP6,HHATL,LR_T1,0.48019259341838555
green,Q9HCU5,PREB,LR_T1,0.13127882350888975
green,Q9HDC5,JPH1,LR_T1,0.25848862908204306
green,Q9NP98,MYOZ1,LR_T1,0.1641053826570065
green,Q9NR12,PDLIM7,LR_T1,0.09479476582104102
green,Q9NRG4,SMYD2,LR_T1,0.11591017017591314
green,Q9NZ01,TECR,LR_T1,-0.2143981174207228
green,Q9NZQ9,TMOD4,LR_T1,0.3495993896719851
green,Q9UBF9,MYOT,LR_T1,-0.08447109691010879
green,Q9UDY4,DNAJB4,LR_T1,0.19626438691136847
green,Q9UG63,ABCF2,LR_T1,-0.01458590509261859
green,Q9UKV8,AGO2,LR_T1,-0.015941059704422722
green,Q9UKX2,MYH2,LR_T1,-0.010342519041915438
green,Q9UKX3,MYH13,LR_T1,-0.3423522412631743
green,Q9ULT8,HECTD1,LR_T1,0.5705599783384355
green,Q9UMS6,SYNPO2,LR_T1,-0.30712669964192296
green,Q9UQ80,PA2G4,LR_T1,-0.025557685747909925
green,Q9UQM7,CAMK2A,LR_T1,0.07095310731537269
green,Q9Y262,EIF3L,LR_T1,0.35721860969050545
green,Q9Y3A6,TMED5,LR_T1,-0.047189445336099534
green,Q9Y3U8,RPL36,LR_T1,-0.1494592641193961
green,Q9Y623,MYH4,LR_T1,0.30780532284751866
green,O00763,ACACB,LR_T2,-0.007030526578995389
green,O15061,SYNM,LR_T2,0.13352730428327178
green,O15273,TCAP,LR_T2,-0.2882590262827043
green,O43390,HNRNPR,LR_T2,-0.25279579444605743
green,O43707,ACTN4,LR_T2,-0.03965625611289859
green,O43768,ENSA,LR_T2,0.06924260586132486
green,O60841,EIF5B,LR_T2,-0.24351742523289308
green,O75531,BANF1,LR_T2,-0.549336346452318
green,O75569,PRKRA,LR_T2,0.02927403792776251
green,O94905,ERLIN2,LR_T2,-0.13886313787201654
green,O95822,MLYCD,LR_T2,0.10051530296183112
green,O95834,EML2,LR_T2,0.03530859746478221
green,O95870,ABHD16A,LR_T2,-0.13578759679016267
green,P02545,LMNA,LR_T2,-0.16241428506230227
green,P02585,TNNC2,LR_T2,-0.09898692038859783
green,P05976,MYL1,LR_T2,-0.1476736334530558
green,P06753,TPM3,LR_T2,-0.07905230149589926
green,P07305,H1-0,LR_T2,-0.034200587909386376
green,P07951,TPM2,LR_T2,-0.15346415433848823
green,P08123,COL1A2,LR_T2,-0.09403369512502728
green,P08572,COL4A2,LR_T2,0.4028467191786045
green,P08590,MYL3,LR_T2,-0.03287520011613618
green,P08962,CD63,LR_T2,0.030945629346833328
green,P09493,TPM1,LR_T2,-0.23245582462459752
green,P0CW19,LIMS3,LR_T2,0.3771485176154233
green,P10916,MYL2,LR_T2,-0.0917073019754111
green,P11047,LAMC1,LR_T2,0.04715978541974907
green,P11055,MYH3,LR_T2,-0.16068024310918344
green,P11233,RALA,LR_T2,0.09622395386328379
green,P11532,DMD,LR_T2,0.40299857663918753
green,P12109,COL6A1,LR_T2,0.12756414619570888
green,P12110,COL6A2,LR_T2,-0.2223375278764827
green,P12111,COL6A3,LR_T2,0.2761381131267838
green,P12814,ACTN1,LR_T2,-0.1449536499941172
green,P12829,MYL4,LR_T2,-0.3860378751168937
green,P12882,MYH1,LR_T2,-0.11882482679195142
green,P12883,MYH7,LR_T2,-0.12715738749797773
green,P13533,MYH6,LR_T2,0.022098730275299655
green,P13535,MYH8,LR_T2,-0.23613885380909364
green,P13805,TNNT1,LR_T2,0.014773661039876762
green,P14543,NID1,LR_T2,0.12322801587625917
green,P14649,MYL6B,LR_T2,-0.19257266047352578
green,P17661,DES,LR_T2,0.04183538177083157
green,P18621,RPL17,LR_T2,-0.180752364453118
green,P19237,TNNI1,LR_T2,0.05722518848824823
green,P20807,CAPN3,LR_T2,0.0022342501242917367
green,P20929,NEB,LR_T2,-0.05563655236320846
green,P21817,RYR1,LR_T2,-0.15362469321485867
green,P25685,DNAJB1,LR_T2,0.02800213133751875
green,P26196,DDX6,LR_T2,-0.840621780009569
green,P27635,RPL10,LR_T2,0.11164699543177856
green,P28289,TMOD1,LR_T2,-0.3716684746984996
green,P31948,STIP1,LR_T2,-0.22236375298146666
green,P35609,ACTN2,LR_T2,-0.05001851542351962
green,P39059,COL15A1,LR_T2,0.03074754675147906
green,P45378,TNNT3,LR_T2,-0.007242988950499192
green,P47755,CAPZA2,LR_T2,0.09407051866071478
green,P47756,CAPZB,LR_T2,0.2063744190014679
green,P48729,CSNK1A1,LR_T2,-0.5615702255017608
green,P48788,TNNI2,LR_T2,0.201286570017075
green,P50579,METAP2,LR_T2,-0.43726576345891227
green,P50914,RPL14,LR_T2,0.2672143453948305
green,P51114,FXR1,LR_T2,-0.16005673426094036
green,P51991,HNRNPA3,LR_T2,-0.5592337328251885
green,P52179,MYOM1,LR_T2,-0.010643755795262264
green,P54296,MYOM2,LR_T2,-0.21762917345277505
green,P60660,MYL6,LR_T2,-0.04373484041808731
green,P60709,ACTB,LR_T2,-0.11618953435349162
green,P61313,RPL15,LR_T2,-0.0650129168025657
green,P62910,RPL32,LR_T2,0.009174850242437652
green,P63316,TNNC1,LR_T2,-0.030540408212826484
green,P68133,ACTA1,LR_T2,-0.032095994047560986
green,P84103,SRSF3,LR_T2,0.03933707324268139
green,P84243,H3-3A,LR_T2,-0.42585683972967825
green,P98160,HSPG2,LR_T2,0.4192642647242572
green,Q00577,PURA,LR_T2,-0.1363881441199998
green,Q00688,FKBP3,LR_T2,0.314858502516111
green,Q00872,MYBPC1,LR_T2,-0.13378496028042708
green,Q01082,SPTBN1,LR_T2,-0.5133597414164868
green,Q02543,RPL18A,LR_T2,-0.06528299087772087
green,Q02641,CACNB1,LR_T2,0.33451638387073257
green,Q03252,LMNB2,LR_T2,0.24540728106433507
green,Q06432,CACNG1,LR_T2,-0.22897224684940265
green,Q08043,ACTN3,LR_T2,-0.19157834935113532
green,Q0ZGT2,NEXN,LR_T2,0.12246733478752483
green,Q12797,ASPH,LR_T2,-0.41071000921940193
green,Q12905,ILF2,LR_T2,-0.3417535071560257
green,Q13151,HNRNPA0,LR_T2,-0.3678146245676804
green,Q13203,MYBPH,LR_T2,-0.40178208133416143
green,Q13508,ART3,LR_T2,-0.21925141975779688
green,Q13555,CAMK2G,LR_T2,-0.25673120980328656
green,Q13586,STIM1,LR_T2,0.009589574259579403
green,Q13617,CUL2,LR_T2,0.15045506123661356
green,Q14324,MYBPC2,LR_T2,-0.2654751268340932
green,Q15149,PLEC,LR_T2,-0.045064323974079806
green,Q16585,SGCB,LR_T2,0.31743826205882414
green,Q16654,PDK4,LR_T2,0.04158006033562464
green,Q5TAQ9,DCAF8,LR_T2,-0.2666966890608535
green,Q5VST9,OBSCN,LR_T2,-0.11136857185702478
green,Q5VTT5,MYOM3,LR_T2,-0.15867838273231338
green,Q5VWP3,MLIP,LR_T2,0.27266557123844165
green,Q6QEF8,CORO6,LR_T2,0.18382295929973677
green,Q6UW68,TMEM205,LR_T2,-0.14885941981773895
green,Q712K3,UBE2R2,LR_T2,-0.38546792578130595
green,Q7Z406,MYH14,LR_T2,0.07874330046447761
green,Q86TC9,MYPN,LR_T2,0.3515683252264168
green,Q8N3V7,SYNPO,LR_T2,0.35003597200789316
green,Q8NB12,SMYD1,LR_T2,0.49258011293451565
green,Q8TCT8,SPPL2A,LR_T2,-0.4963127430525696
green,Q8TDC0,MYOZ3,LR_T2,0.08261543054896983
green,Q8WZ42,TTN,LR_T2,-0.054732417667471556
green,Q92614,MYO18A,LR_T2,0.023990996879238127
green,Q96HC4,PDLIM5,LR_T2,-0.4030306341303478
green,Q9BSE5,AGMAT,LR_T2,0.047920194122729284
green,Q9BZL1,UBL5,LR_T2,0.0547512598179402
green,Q9BZV1,UBXN6,LR_T2,-0.006682963412655785
green,Q9H8H3,METTL7A,LR_T2,0.09826796501547555
green,Q9H987,SYNPO2L,LR_T2,-0.02972129718967416
green,Q9HBL0,TNS1,LR_T2,0.16419672468645624
green,Q9HCP6,HHATL,LR_T2,0.09898542505685129
green,Q9HCU5,PREB,LR_T2,0.3202016365925992
green,Q9HDC5,JPH1,LR_T2,-0.28145303751244216
green,Q9NP98,MYOZ1,LR_T2,-0.022563240592377645
green,Q9NR12,PDLIM7,LR_T2,0.041387851679537305
green,Q9NRG4,SMYD2,LR_T2,-0.07590178221173345
green,Q9NZ01,TECR,LR_T2,-0.24573558341071094
green,Q9NZQ9,TMOD4,LR_T2,-0.11545759431453541
green,Q9UBF9,MYOT,LR_T2,0.021242687995642356
green,Q9UDY4,DNAJB4,LR_T2,-0.00863931325530902
green,Q9UG63,ABCF2,LR_T2,-0.4175625940706453
green,Q9UKV8,AGO2,LR_T2,-0.0996325314031007
green,Q9UKX2,MYH2,LR_T2,-0.03747230456029566
green,Q9UKX3,MYH13,LR_T2,-0.22298593614310874
green,Q9ULT8,HECTD1,LR_T2,-0.453593097408058
green,Q9UMS6,SYNPO2,LR_T2,-0.3313465405317355
green,Q9UQ80,PA2G4,LR_T2,-0.6712970398755236
green,Q9UQM7,CAMK2A,LR_T2,-0.5353864866157683
green,Q9Y262,EIF3L,LR_T2,-0.7244792572471354
green,Q9Y3A6,TMED5,LR_T2,-0.11084156886134687
green,Q9Y3U8,RPL36,LR_T2,-0.04251421792681809
green,Q9Y623,MYH4,LR_T2,0.12089860696877959
