quantile,Acute_HR,Acute_LR,ratio
Q25,0.11477636783076405,0.08113987203052897,1.415
Q50,0.22878045536327285,0.18298388337767335,1.25
Q75,0.40433325886534366,0.3659307941561529,1.105
Q90,0.651309957625857,0.6235054995450146,1.045
