contrast,median_absLFC,ci_lower,ci_upper,boot_se,n_proteins
Training_HR,0.20749955392035702,0.19522036703073908,0.2181031035520403,0.005864067341671978,1960
Training_LR,0.1532553667595522,0.1455116332938393,0.16091074725404295,0.004025658354229436,1963
Acute_HR,0.229950886488524,0.21735312926578487,0.24181189563288183,0.006260841137135779,1967
Acute_LR,0.1835901384897092,0.17201426753343085,0.1954356538715949,0.005701025651176837,1959
Baseline_HRvLR,0.1779509131974244,0.16653059538345616,0.1890273905693043,0.006068670414967639,1959
Training_Interaction,0.2289552127134673,0.21486387377889749,0.24179051369256205,0.00718658674190481,1952
Acute_Interaction,0.27937832131394913,0.2598593656865713,0.2927062679049097,0.008799613492234123,1952
