"uniprot_id","gene","timepoint","cv_HR","cv_LR"
"A0FGR8","ESYT2","T1",18.5778142802667,8.34599454973282
"A1L0T0","ILVBL","T1",6.05607019462175,15.9868059467499
"A5D6W6","FITM1","T1",23.8602493636679,49.2227170826258
"A5YM72","CARNS1","T1",57.4105488746124,30.7956631320764
"A6NCE7","MAP1LC3B2","T1",31.3872143914743,31.7322930118391
"A6NDG6","PGP","T1",23.0251431274614,13.6158095844976
"A6NNS2","DHRS7C","T1",36.9936196814111,30.1387081916432
"A8MU46","SMTNL1","T1",48.7653680966595,31.2595102634795
"A8MXV4","NUDT19","T1",26.3871409644946,9.44300151872762
"E9PAV3","NACA","T1",14.945380234991,15.3079212165659
"L0R6Q1","SLC35A4","T1",15.0468140692844,29.4630796216424
"O00151","PDLIM1","T1",54.1195252053342,33.1598277146759
"O00159","MYO1C","T1",30.3609263033436,32.2155379561865
"O00168","FXYD1","T1",28.8192278569077,50.3755763897714
"O00186","STXBP3","T1",23.340512820288,36.1677894492244
"O00217","NDUFS8","T1",30.2615729417299,21.2705029122989
"O00231","PSMD11","T1",15.7345395848571,17.0288588885802
"O00232","PSMD12","T1",24.4128494060578,14.1491513095866
"O00233","PSMD9","T1",40.5477881584863,32.7830465701346
"O00264","PGRMC1","T1",41.4329779966066,23.1167437577418
"O00299","CLIC1","T1",30.4864131979192,27.8818711247965
"O00303","EIF3F","T1",26.9538672357711,25.8692166353001
"O00330","PDHX","T1",28.8572332701481,23.2632850575652
"O00410","IPO5","T1",23.1534361672894,20.9153598584429
"O00423","EML1","T1",35.2179423326179,32.9417986716211
"O00429","DNM1L","T1",41.8123314876347,18.1185895184266
"O00442","RTCA","T1",55.2119888347839,27.8288665297224
"O00483","NDUFA4","T1",24.4393220249784,39.1610495615632
"O00487","PSMD14","T1",10.6382116787182,25.7142981641271
"O00499","BIN1","T1",17.0036550335506,16.3417884942408
"O00505","KPNA3","T1",46.5627005797782,18.5238031766346
"O00571","DDX3X","T1",52.4298028224933,48.3506409886801
"O00629","KPNA4","T1",14.1683772102594,24.362225326346
"O00748","CES2","T1",30.7018268797438,28.1490273645408
"O00757","FBP2","T1",17.7889889773164,31.0386578910934
"O00763","ACACB","T1",5.74487657285112,12.3442940236275
"O00764","PDXK","T1",36.1315677185346,32.596210815464
"O14521","SDHD","T1",44.1063482859377,29.5426758463074
"O14556","GAPDHS","T1",49.7940109229462,72.1441726249922
"O14558","HSPB6","T1",37.1373228298449,53.222516936017
"O14561","NDUFAB1","T1",17.0651096851205,40.437968440181
"O14618","CCS","T1",56.4102906620784,45.6293835935924
"O14653","GOSR2","T1",96.3871174944366,70.037358817921
"O14732","IMPA2","T1",34.0088152844092,33.088889960116
"O14737","PDCD5","T1",40.6179217524035,34.368961838015
"O14744","PRMT5","T1",24.0281520545944,25.9670142055487
"O14818","PSMA7","T1",28.8850416425192,24.7784317138438
"O14841","OPLAH","T1",50.57874961546,35.03636848938
"O14874","BCKDK","T1",76.9738613850141,44.884657775852
"O14880","MGST3","T1",30.5318973200807,35.934199858748
"O14949","UQCRQ","T1",32.261787882711,18.4117596323336
"O14950","MYL12B","T1",23.3072787956345,42.5988318074179
"O14957","UQCR11","T1",149.350369150697,62.4690586662684
"O14958","CASQ2","T1",34.6686798192885,30.0046602973338
"O14979","HNRNPDL","T1",45.8824269888345,37.0086476016158
"O14980","XPO1","T1",44.6934518558835,39.014228318595
"O14983","ATP2A1","T1",28.058873169752,20.4313958557074
"O15061","SYNM","T1",94.7213160907312,38.723395633722
"O15143","ARPC1B","T1",11.7818256484624,5.8970679382743
"O15144","ARPC2","T1",40.986802382704,23.9509315704288
"O15145","ARPC3","T1",58.6897996576841,59.6391239834324
"O15173","PGRMC2","T1",20.6165841808167,19.0912261512321
"O15212","PFDN6","T1",34.0498015584214,34.3512258873222
"O15273","TCAP","T1",53.4579208051183,60.3129156890088
"O15305","PMM2","T1",26.6757486626604,29.5025502107385
"O15371","EIF3D","T1",56.6383768523842,42.2300670694676
"O15382","BCAT2","T1",36.0005330059404,32.855669273702
"O15400","STX7","T1",45.4652045528623,41.7079548861809
"O15498","YKT6","T1",31.4660797130165,41.4257726072139
"O43169","CYB5B","T1",29.6359496426813,33.3967529160686
"O43181","NDUFS4","T1",47.2438186626651,25.4146627100445
"O43237","DYNC1LI2","T1",47.700723817807,24.1492218473672
"O43242","PSMD3","T1",10.7019458369758,22.5086539957864
"O43374","RASA4","T1",24.6770704821218,54.7091824945074
"O43390","HNRNPR","T1",42.0208460107382,26.2494959022749
"O43396","TXNL1","T1",14.4689781515621,29.8495624703725
"O43399","TPD52L2","T1",54.8549483010736,13.9936696570049
"O43414","ERI3","T1",39.9060067560811,16.5176949916022
"O43464","HTRA2","T1",12.2259532022084,16.6098935117833
"O43488","AKR7A2","T1",44.8193496751465,17.5658663841857
"O43491","EPB41L2","T1",13.8758201606267,29.3832447789462
"O43583","DENR","T1",48.4425490021878,14.9813945397049
"O43598","DNPH1","T1",43.4709873235788,56.8081765484532
"O43615","TIMM44","T1",90.7673286340764,50.6362228156292
"O43617","TRAPPC3","T1",14.1345617044101,40.7298686059328
"O43633","CHMP2A","T1",21.2149782235625,26.0940254843168
"O43674","NDUFB5","T1",39.8923426637456,19.4258319392078
"O43676","NDUFB3","T1",46.6200120588101,28.1335345817575
"O43678","NDUFA2","T1",32.7295070653769,29.9870009175202
"O43681","ASNA1","T1",26.7566708149233,30.4272089637939
"O43707","ACTN4","T1",117.804031475682,106.119676370967
"O43708","GSTZ1","T1",68.9819487058088,54.3011007346717
"O43741","PRKAB2","T1",32.1523465763876,23.698876773806
"O43747","AP1G1","T1",32.8301967101774,21.7631013031595
"O43760","SYNGR2","T1",40.3903307960021,47.5848054922201
"O43765","SGTA","T1",19.6817144079125,36.5050090527637
"O43768","ENSA","T1",51.8596059147498,47.2550026343887
"O43772","SLC25A20","T1",39.8133084552334,30.1664711111151
"O43776","NARS1","T1",25.3895250338456,29.383133098653
"O43813","LANCL1","T1",26.7260672331811,25.3811152210882
"O43837","IDH3B","T1",21.8761007671685,32.6603333598633
"O43852","CALU","T1",14.60641343908,19.2168301467586
"O43865","AHCYL1","T1",27.9004354687531,27.6365162233264
"O43920","NDUFS5","T1",43.2897053178037,20.0543461208124
"O60220","TIMM8A","T1",31.5990938662883,33.5074502685383
"O60237","PPP1R12B","T1",55.8687090011193,63.29745918017
"O60256","PRPSAP2","T1",50.8419833663954,67.5429032230223
"O60313","OPA1","T1",66.0349574463758,49.8197057517183
"O60493","SNX3","T1",41.9839716805063,34.516885697348
"O60506","SYNCRIP","T1",36.1845537678389,14.7076192189872
"O60610","DIAPH1","T1",32.0420198123047,26.3727028516247
"O60662","KLHL41","T1",33.4472698109828,29.176024310995
"O60664","PLIN3","T1",36.0189249958048,27.0624473005663
"O60684","KPNA6","T1",30.3522513969421,25.6851126965402
"O60749","SNX2","T1",18.4248203610586,27.3616716510719
"O60763","USO1","T1",33.6831972010739,27.5781959693091
"O60784","TOM1","T1",25.5208608591024,34.4279706689379
"O60825","PFKFB2","T1",59.7049462175229,103.065621277081
"O60826","CCDC22","T1",17.1016042284305,33.1193268380654
"O60841","EIF5B","T1",19.6659440581343,10.1081295825725
"O60884","DNAJA2","T1",18.8122606890951,25.7069705507132
"O60936","NOL3","T1",12.837572339607,20.8873508153545
"O75027","ABCB7","T1",25.5683416470598,33.6959261176194
"O75083","WDR1","T1",32.1484937318,24.188923044
"O75112","LDB3","T1",22.9051624582658,28.2135146925113
"O75122","CLASP2","T1",27.579158972967,19.5049105590926
"O75128","COBL","T1",25.3732826451995,35.8449691302272
"O75131","CPNE3","T1",26.7077551752812,25.9100161210211
"O75153","CLUH","T1",30.9959968708024,33.5909744565408
"O75155","CAND2","T1",40.9548691991715,29.7069228502025
"O75208","COQ9","T1",16.0075587221983,24.597238461254
"O75223","GGCT","T1",34.3971984021303,35.5656496269456
"O75251","NDUFS7","T1",52.3952377091432,32.6858972962667
"O75298","RTN2","T1",44.2157626806985,34.2155256962078
"O75306","NDUFS2","T1",34.7375200847935,31.2947068986617
"O75323","NIPSNAP2","T1",35.2369588293549,33.9536861371745
"O75340","PDCD6","T1",28.1341397500666,9.09516796105644
"O75347","TBCA","T1",43.5931326482029,40.0719303320315
"O75348","ATP6V1G1","T1",30.9197261376056,21.6827512837688
"O75351","VPS4B","T1",33.1081755963303,15.6182762175073
"O75352","MPDU1","T1",11.5874788164684,20.2607996189573
"O75368","SH3BGRL","T1",62.4416221840598,38.5715545103134
"O75369","FLNB","T1",42.935807398287,20.214415644871
"O75380","NDUFS6","T1",47.3310500003518,31.5188538708507
"O75390","CS","T1",13.4448836709073,15.3674899127271
"O75396","SEC22B","T1",16.8236324690156,30.3187047021177
"O75431","MTX2","T1",74.7589525814936,66.9933480611455
"O75436","VPS26A","T1",47.3560798764667,34.0140458050161
"O75438","NDUFB1","T1",46.4520816592165,26.1148323100228
"O75439","PMPCB","T1",35.4791371765959,83.7024365753985
"O75489","NDUFS3","T1",39.7341146798621,27.4266930613361
"O75521","ECI2","T1",16.554513775169,36.4937045222396
"O75531","BANF1","T1",31.1446059791853,24.6471635823848
"O75534","CSDE1","T1",32.3855422300785,27.306677788912
"O75569","PRKRA","T1",17.4758918408677,33.8473273844981
"O75608","LYPLA1","T1",33.5050013214879,26.539165431819
"O75663","TIPRL","T1",75.2462938693879,53.6966860566274
"O75688","PPM1B","T1",30.5947516715444,46.2835570643576
"O75746","SLC25A12","T1",22.6554676903367,19.8489347248879
"O75821","EIF3G","T1",18.1491944532014,31.5411916963663
"O75822","EIF3J","T1",22.2521520067619,22.7369920708668
"O75832","PSMD10","T1",37.4128862146648,34.235515239235
"O75874","IDH1","T1",29.8576745985511,10.892437697082
"O75891","ALDH1L1","T1",25.9139949180871,21.952924126248
"O75915","ARL6IP5","T1",50.7892296948333,19.4583582420744
"O75923","DYSF","T1",17.5411022485474,14.8758495208066
"O75935","DCTN3","T1",34.1877948721846,29.3199092268755
"O75947","ATP5PD","T1",14.8008090481936,27.4401817883082
"O75955","FLOT1","T1",42.643862920676,51.7071444656871
"O75964","ATP5MG","T1",47.6393769633477,29.656752683554
"O76003","GLRX3","T1",53.1883324102078,26.8569347187779
"O94760","DDAH1","T1",34.6760692022074,38.8748075567293
"O94811","TPPP","T1",84.461333981441,39.1104768676622
"O94826","TOMM70","T1",47.18637682267,39.5884393654275
"O94874","UFL1","T1",27.1884586469428,37.4205552736777
"O94903","PLPBP","T1",24.8342856036077,27.3966283591507
"O94905","ERLIN2","T1",36.9763474035199,33.1198943202626
"O94919","ENDOD1","T1",34.7163254549572,39.3777693748243
"O94979","SEC31A","T1",19.1004272085993,24.6255613399126
"O95139","NDUFB6","T1",49.2070550167058,41.9310180277375
"O95140","MFN2","T1",39.3457863460225,27.4099203173554
"O95167","NDUFA3","T1",29.6574593852695,25.0714511504627
"O95168","NDUFB4","T1",37.5844388120977,49.4122268860102
"O95169","NDUFB8","T1",51.295571990702,50.1988563673715
"O95182","NDUFA7","T1",65.2880305611325,42.9375630224543
"O95197","RTN3","T1",33.1956149681602,18.7348152369978
"O95202","LETM1","T1",21.3606815481969,34.2894310925852
"O95210","STBD1","T1",36.2645699151968,23.3764427498193
"O95278","EPM2A","T1",27.3675294743834,37.4547333447025
"O95292","VAPB","T1",43.9844714039183,48.5813594141894
"O95298","NDUFC2","T1",60.1352104409018,30.6396958680843
"O95299","NDUFA10","T1",59.3754571182703,27.9862487814222
"O95336","PGLS","T1",24.5339495940457,28.547640135681
"O95359","TACC2","T1",27.7640230182927,19.1252603331292
"O95372","LYPLA2","T1",17.5152546906023,29.4947481617758
"O95373","IPO7","T1",28.8136933703793,25.3875737003934
"O95376","ARIH2","T1",35.964726393294,63.2497477157198
"O95433","AHSA1","T1",41.1257453697868,62.3038602918078
"O95479","H6PD","T1",23.5066567211513,30.1407023809041
"O95563","MPC2","T1",31.8724664476908,36.9360472459891
"O95571","ETHE1","T1",34.1722967397876,30.9452262142316
"O95573","ACSL3","T1",22.1413940098399,25.6300006625315
"O95747","OXSR1","T1",39.9166103761717,27.1148621479558
"O95782","AP2A1","T1",32.6389701456304,34.2010790420735
"O95810","CAVIN2","T1",29.7349502471845,33.3858777521524
"O95817","BAG3","T1",40.2395108370714,51.3211048110002
"O95822","MLYCD","T1",37.4517514231107,14.0741629928017
"O95831","AIFM1","T1",14.5291374710953,15.4684772330884
"O95834","EML2","T1",39.5235494018819,21.1285401379918
"O95861","BPNT1","T1",35.8791046342234,48.2552724087785
"O95865","DDAH2","T1",12.8644812717021,17.0240156432375
"O95870","ABHD16A","T1",15.1221089022931,10.7589407571687
"O95881","TXNDC12","T1",31.7504084819962,41.1992739949655
"O95989","NUDT3","T1",42.7066675997166,47.851808759368
"O96000","NDUFB10","T1",57.3219175009002,35.5088996780707
"O96007","MOCS2","T1",6.29569848727917,22.248888391717
"O96008","TOMM40","T1",61.5503936937607,33.5750719475112
"P00156","MT-CYB","T1",15.9821768923053,44.804102778022
"P00167","CYB5A","T1",15.3683715045079,40.3220094559285
"P00325","ADH1B","T1",50.8111919391448,61.0238367036662
"P00338","LDHA","T1",28.1588260315019,30.0580656727247
"P00352","ALDH1A1","T1",32.206219659957,48.5764132223634
"P00367","GLUD1","T1",19.9772810116801,35.5051177450798
"P00387","CYB5R3","T1",23.7718742408173,25.1968232197229
"P00390","GSR","T1",24.1346378741938,30.5522404884965
"P00395","MT-CO1","T1",49.6541384588794,79.208652627045
"P00403","MT-CO2","T1",39.1376886961728,34.7702090412248
"P00441","SOD1","T1",41.8686661780913,34.2990263414133
"P00491","PNP","T1",90.0568126221385,97.4447255544827
"P00492","HPRT1","T1",48.3313857397052,55.1422432728912
"P00505","GOT2","T1",12.9847557289572,28.845584542852
"P00558","PGK1","T1",31.2640114089225,9.2139679233722
"P00568","AK1","T1",14.8656258844176,20.8881538362326
"P00846","MT-ATP6","T1",62.4835885710839,43.5513887768376
"P00918","CA2","T1",45.479392929812,34.1396211154526
"P00966","ASS1","T1",28.5328476935066,20.3990036390383
"P01116","KRAS","T1",17.1766957280402,40.5744133627613
"P01889","HLA-B","T1",48.1849450406335,29.5484465706235
"P01903","HLA-DRA","T1",8.05695993267352,18.4057297476693
"P02144","MB","T1",23.3747993689846,17.8045865401057
"P02511","CRYAB","T1",27.2117657069522,21.3452496695292
"P02545","LMNA","T1",53.1489417767825,51.0231151765744
"P02585","TNNC2","T1",61.1122766308836,39.2163686469147
"P02786","TFRC","T1",43.4231651785898,23.9888484044372
"P02792","FTL","T1",97.0299636760754,70.2028049410339
"P02794","FTH1","T1",46.1471471786418,44.4461292287677
"P03886","MT-ND1","T1",57.5897841928268,20.3641453619668
"P03891","MT-ND2","T1",38.2867521934718,34.5229541450769
"P03897","MT-ND3","T1",45.3988153228378,45.3966135355143
"P03905","MT-ND4","T1",43.3751111290669,62.9539834684559
"P03915","MT-ND5","T1",45.2568600504746,45.4810613608668
"P03928","MT-ATP8","T1",33.41840180884,46.9223067654828
"P04040","CAT","T1",81.4728716505057,68.6326100204491
"P04075","ALDOA","T1",17.9510578474369,7.81577896428084
"P04080","CSTB","T1",39.4956287043689,32.4708768585084
"P04179","SOD2","T1",30.3815875195171,25.6887135272694
"P04216","THY1","T1",18.9853906217251,31.9902371677018
"P04264","KRT1","T1",64.0509993790797,49.7445656842886
"P04406","GAPDH","T1",14.2005661695215,11.7338881483137
"P04439","HLA-A","T1",50.7000399802634,44.3679389088597
"P04632","CAPNS1","T1",43.1521096683369,31.6431361209634
"P04792","HSPB1","T1",33.1983330109,25.0934582637871
"P04843","RPN1","T1",22.6728346988446,31.1590810699684
"P04844","RPN2","T1",34.6393012519117,26.1109393021021
"P04899","GNAI2","T1",28.5384394935152,24.7781513209571
"P04921","GYPC","T1",147.408898728658,59.8329334133007
"P05023","ATP1A1","T1",31.5382965493388,21.7880056511103
"P05026","ATP1B1","T1",30.3114681788379,22.3900877052311
"P05091","ALDH2","T1",45.3505020825807,37.071501058143
"P05141","SLC25A5","T1",39.5449733310679,43.01533964435
"P05164","MPO","T1",42.2893003781366,28.4371785134401
"P05165","PCCA","T1",24.2821632038242,33.4913945062096
"P05166","PCCB","T1",13.2348063640269,39.0501179466821
"P05198","EIF2S1","T1",22.3660505751301,26.7640517705112
"P05386","RPLP1","T1",67.9182309501193,43.5136608203056
"P05387","RPLP2","T1",36.8942141321232,31.7613592820106
"P05388","RPLP0","T1",44.9972751143849,35.5715334645508
"P05413","FABP3","T1",31.1078378722981,39.3809993547405
"P05455","SSB","T1",75.6256246128527,37.3868229965727
"P05556","ITGB1","T1",33.7738822016985,19.2977638556643
"P05787","KRT8","T1",77.2416635948149,75.8479734993325
"P05976","MYL1","T1",93.8767507814831,42.0915212302818
"P06132","UROD","T1",10.5032207536306,29.7053553012349
"P06576","ATP5F1B","T1",9.98214044400547,21.2102771968211
"P06703","S100A6","T1",143.472010410742,58.9841572298947
"P06730","EIF4E","T1",19.3891227929896,19.7779133291286
"P06732","CKM","T1",20.437261837434,13.0554955138968
"P06733","ENO1","T1",31.8095060050693,9.26440806912452
"P06737","PYGL","T1",54.7604363612362,69.1953731233363
"P06748","NPM1","T1",34.5908330602307,26.149944159744
"P06753","TPM3","T1",101.447770589366,47.6635242145154
"P07099","EPHX1","T1",45.2206186353592,28.4416374083521
"P07108","DBI","T1",45.3171638365724,36.8768060252793
"P07195","LDHB","T1",39.1657362346626,31.1143049873718
"P07203","GPX1","T1",36.0599031668329,24.7290594382915
"P07237","P4HB","T1",10.9722352618669,15.4699072352193
"P07305","H1-0","T1",96.5246695573069,66.1519528100502
"P07384","CAPN1","T1",17.405571265363,15.4372699818741
"P07437","TUBB","T1",28.3895865889628,8.34987412933021
"P07451","CA3","T1",41.7637958625357,45.0851477154054
"P07585","DCN","T1",30.4874861817961,37.8436355612792
"P07602","PSAP","T1",29.2689732033894,18.2617790516456
"P07737","PFN1","T1",23.5971581200951,19.6283687468606
"P07738","BPGM","T1",97.3469657355839,66.171470044022
"P07741","APRT","T1",37.7415408006059,45.1406544507597
"P07814","EPRS1","T1",16.9883506005269,13.7757357244512
"P07900","HSP90AA1","T1",17.0594509659029,20.3821270932536
"P07910","HNRNPC","T1",7.0271729189368,21.5743741948128
"P07919","UQCRH","T1",30.8646521868742,37.5576110367577
"P07951","TPM2","T1",93.8158933443052,55.3494681638078
"P07954","FH","T1",13.9204663122496,20.7445037851784
"P08123","COL1A2","T1",164.09290497321,29.9747997243133
"P08133","ANXA6","T1",16.416893009142,12.8248348361437
"P08237","PFKM","T1",9.97303835137256,18.7989881097873
"P08238","HSP90AB1","T1",14.4986690465756,14.6679469874792
"P08311","CTSG","T1",15.387140480737,28.7032015370339
"P08473","MME","T1",18.9497255705748,19.6816164512421
"P08559","PDHA1","T1",21.3289763039494,20.2243387492453
"P08572","COL4A2","T1",67.2681269274592,71.134344092555
"P08574","CYC1","T1",42.9369249179596,30.4708282238901
"P08590","MYL3","T1",105.03054014224,54.4057229931787
"P08670","VIM","T1",73.3224235791269,36.4681336715126
"P08708","RPS17","T1",33.5499596318813,71.9201837299959
"P08758","ANXA5","T1",27.930816532285,11.2165808888914
"P08865","RPSA","T1",37.1827110876392,40.8287315433776
"P08962","CD63","T1",25.3162999070519,34.6921493600583
"P09104","ENO2","T1",39.651648353433,51.9124659958269
"P09110","ACAA1","T1",39.5241856696524,63.4497147800773
"P09211","GSTP1","T1",19.2570991311182,18.3366086900253
"P09417","QDPR","T1",23.1091854933734,27.2094225289914
"P09429","HMGB1","T1",32.925808504881,34.5326862446193
"P09467","FBP1","T1",75.2524445881184,66.5709186354801
"P09488","GSTM1","T1",70.7678267981613,108.695565988176
"P09493","TPM1","T1",75.0807124986567,48.3534386271004
"P09497","CLTB","T1",50.6062897363843,43.3574474010978
"P09525","ANXA4","T1",25.0139205002079,35.0235064160629
"P09622","DLD","T1",14.4023442729987,13.7330465431143
"P09651","HNRNPA1","T1",55.0604728738814,44.7596112098162
"P09669","COX6C","T1",58.4820730948607,35.8707203682591
"P09874","PARP1","T1",10.1941831952856,24.8424852747062
"P09936","UCHL1","T1",61.25150781944,83.1370696902382
"P09960","LTA4H","T1",24.8015828125366,23.0754149273177
"P09972","ALDOC","T1",50.1815086878795,18.9284586854509
"P0CW19","LIMS3","T1",21.3451839295187,28.714156441968
"P0DMV8","HSPA1A","T1",27.0174343245947,20.7156515564048
"P0DP23","CALM1","T1",36.2443196024646,21.2413654493083
"P10155","RO60","T1",106.706887125687,56.8525342057942
"P10253","GAA","T1",45.1711786962178,65.6679414305741
"P10301","RRAS","T1",41.7605921114387,27.9863849470225
"P10321","HLA-C","T1",46.8654048446086,40.2090919889627
"P10515","DLAT","T1",21.2558447326002,16.0875485342433
"P10599","TXN","T1",44.3226282066552,33.4659596602413
"P10606","COX5B","T1",41.1352904100425,29.7008329841624
"P10644","PRKAR1A","T1",27.7946059571142,17.3828752187738
"P10768","ESD","T1",35.5572547799869,26.1595802296961
"P10809","HSPD1","T1",18.4136311214274,22.002304181503
"P10916","MYL2","T1",92.9742593081867,52.673571937544
"P11021","HSPA5","T1",21.0771808560609,8.49042467024999
"P11047","LAMC1","T1",70.9333692219178,38.3655684367574
"P11055","MYH3","T1",77.6367944852756,52.4281097109328
"P11142","HSPA8","T1",15.6914388844874,17.9392636310225
"P11166","SLC2A1","T1",136.458720790634,101.875082911706
"P11171","EPB41","T1",70.2546904146243,83.3031828151056
"P11177","PDHB","T1",17.4594727701929,17.2297991051738
"P11182","DBT","T1",41.9224713419086,32.4029727644772
"P11216","PYGB","T1",10.7112129285375,22.6217075394797
"P11217","PYGM","T1",8.90126556763327,8.26949693925139
"P11233","RALA","T1",16.6848661561275,31.5961038893388
"P11277","SPTB","T1",99.5170188712834,81.6938852238599
"P11279","LAMP1","T1",60.9921145207207,16.7477098121841
"P11310","ACADM","T1",21.7690300344975,30.7812516479786
"P11532","DMD","T1",18.3976395579076,17.0169083493968
"P11586","MTHFD1","T1",23.8011275510127,24.2658719995832
"P11766","ADH5","T1",33.4979979514341,27.5719711921995
"P11940","PABPC1","T1",39.5999533416943,18.3386561858278
"P12081","HARS1","T1",28.0207832435456,21.4840730580782
"P12109","COL6A1","T1",110.568650162828,71.7645109181687
"P12110","COL6A2","T1",98.4951113144673,40.4213930457626
"P12111","COL6A3","T1",94.7674037936481,62.1911926095625
"P12235","SLC25A4","T1",17.8889937309644,31.7836390938914
"P12236","SLC25A6","T1",30.8553325550935,19.2614958341222
"P12268","IMPDH2","T1",27.1599038658573,29.6352336058019
"P12277","CKB","T1",30.8468144796724,30.1079515918899
"P12429","ANXA3","T1",47.4331392636343,29.8371344990296
"P12694","BCKDHA","T1",27.9562395041689,20.1078066643327
"P12814","ACTN1","T1",133.336986232872,126.036649159475
"P12829","MYL4","T1",104.413906285959,56.0835709100072
"P12882","MYH1","T1",92.3743862098838,68.4955367601247
"P12883","MYH7","T1",116.378524386723,52.5482725896489
"P12955","PEPD","T1",30.6648224909709,32.7509421515182
"P12956","XRCC6","T1",37.5628229390328,25.5550887138051
"P13010","XRCC5","T1",39.4741623004938,38.3488165938986
"P13073","COX4I1","T1",36.4116852545046,26.2516954473901
"P13164","IFITM1","T1",17.909846439885,37.4943229046683
"P13473","LAMP2","T1",27.284036394362,51.0480895605897
"P13489","RNH1","T1",18.1176548526819,22.1057764131847
"P13533","MYH6","T1",60.9076257376123,37.0837306989491
"P13535","MYH8","T1",142.204516519052,58.0991866591256
"P13639","EEF2","T1",28.2573033203101,17.6169248028538
"P13645","KRT10","T1",50.1025223245855,59.622824076654
"P13667","PDIA4","T1",51.3759417817734,44.4804130616666
"P13693","TPT1","T1",28.6105715650478,20.8761009948491
"P13716","ALAD","T1",50.3998782847932,61.3755536966258
"P13796","LCP1","T1",39.9249483164483,19.7344250001235
"P13797","PLS3","T1",32.8953446353131,51.4819727507727
"P13798","APEH","T1",21.1680112516442,16.5878663268344
"P13804","ETFA","T1",12.8127158130271,17.6924999978211
"P13805","TNNT1","T1",108.773545424469,49.2066459944206
"P13807","GYS1","T1",12.1681994087428,27.837825434575
"P13861","PRKAR2A","T1",13.9894845233377,21.8369557048442
"P13929","ENO3","T1",26.14172752362,21.2151500760661
"P13987","CD59","T1",49.6920058444365,41.4240895956487
"P14314","PRKCSH","T1",28.1119009785066,23.6405703479328
"P14324","FDPS","T1",24.3442881443828,30.8326346775962
"P14406","COX7A2","T1",42.7689533507169,44.4064482081613
"P14543","NID1","T1",56.5243761403007,43.1252895992116
"P14550","AKR1A1","T1",31.989125719885,23.3060871028221
"P14618","PKM","T1",24.8824427698656,19.4742303875219
"P14621","ACYP2","T1",43.361720319279,35.0727558712579
"P14625","HSP90B1","T1",23.9646590493641,18.834299631431
"P14649","MYL6B","T1",106.533578688086,35.1609195147665
"P14678","SNRPB","T1",45.4038455558927,32.2012314771848
"P14735","IDE","T1",24.0279072209806,17.2985056913666
"P14854","COX6B1","T1",48.7765373936042,38.7461182021743
"P14866","HNRNPL","T1",34.8776428468449,37.0222658256118
"P14868","DARS1","T1",37.5948715423824,35.1308235078333
"P14923","JUP","T1",36.8093247873732,12.7137904112411
"P14927","UQCRB","T1",29.178432069277,22.5467020465595
"P15090","FABP4","T1",24.1840127215084,28.9336484824918
"P15104","GLUL","T1",25.3958534863334,31.2876140944394
"P15121","AKR1B1","T1",36.444437135382,41.2936006709282
"P15170","GSPT1","T1",29.4269822183887,22.2145403689084
"P15259","PGAM2","T1",16.2593281611112,10.4994445194817
"P15311","EZR","T1",101.230313129948,36.8869592719973
"P15374","UCHL3","T1",21.4802369365578,28.7680584737124
"P15531","NME1","T1",47.3670418154769,37.5295346001766
"P15880","RPS2","T1",36.191126664839,28.9372409294214
"P15927","RPA2","T1",18.1437763712678,21.847524881756
"P15954","COX7C","T1",61.8162467961715,30.7546840673321
"P16083","NQO2","T1",111.324977025435,64.2762576746998
"P16118","PFKFB1","T1",21.0875506919877,28.9454820651602
"P16152","CBR1","T1",26.1993179330977,33.5303593276632
"P16157","ANK1","T1",124.320898163713,96.027009528124
"P16219","ACADS","T1",31.6934033324265,36.5864713153606
"P16298","PPP3CB","T1",28.4507041532232,19.5404342758018
"P16615","ATP2A2","T1",27.9751548970601,20.7754549815523
"P16671","CD36","T1",27.5134439893538,26.7236967176179
"P16930","FAH","T1",32.5365203632161,28.1201851034729
"P16989","YBX3","T1",23.4764329904592,27.3278682486342
"P17152","TMEM11","T1",27.2336845111917,16.9025128177376
"P17174","GOT1","T1",14.9745779980611,18.4300674062069
"P17540","CKMT2","T1",20.4134105315857,31.3104792026244
"P17568","NDUFB7","T1",70.0552612972376,32.776903698532
"P17612","PRKACA","T1",45.3120088452218,22.4048111734936
"P17655","CAPN2","T1",37.9483002051576,46.8337108224551
"P17661","DES","T1",113.088888178281,93.6890365932017
"P17812","CTPS1","T1",88.1569867508856,54.3303571251842
"P17858","PFKL","T1",40.0600822606126,30.6593437060635
"P17980","PSMC3","T1",28.3194830840946,13.5427925728489
"P17987","TCP1","T1",30.8431677734867,29.609879415948
"P18031","PTPN1","T1",25.1975835481477,18.1182676734285
"P18085","ARF4","T1",29.7081816488499,45.9009767811699
"P18124","RPL7","T1",33.7760231960217,33.8765139643244
"P18206","VCL","T1",22.1887288536358,17.9498275418769
"P18621","RPL17","T1",56.0942690081111,41.1772940420506
"P18669","PGAM1","T1",14.1471130917833,24.4055807784339
"P18859","ATP5PF","T1",20.0512795711773,30.8746651068216
"P19237","TNNI1","T1",100.99200682113,54.9036501584174
"P19338","NCL","T1",21.8450364596366,22.2467239026047
"P19367","HK1","T1",17.1060900949212,17.2933990299386
"P19404","NDUFV2","T1",36.9038355998324,23.9073071980657
"P19623","SRM","T1",48.1198358073398,45.7761385233771
"P19971","TYMP","T1",37.0143845406885,18.7274128453548
"P20042","EIF2S2","T1",54.223135258385,45.8146160350474
"P20073","ANXA7","T1",16.7215971396805,10.9959928468505
"P20340","RAB6A","T1",28.3410054779336,27.9565316566598
"P20472","PVALB","T1",125.380585075509,21.4691257172164
"P20618","PSMB1","T1",19.2079467328224,31.8804238529584
"P20674","COX5A","T1",37.498366013232,25.2451957267626
"P20774","OGN","T1",74.385338205859,25.9699537499625
"P20807","CAPN3","T1",43.9662187549609,42.2961345345867
"P20810","CAST","T1",55.6006196758292,24.0947697388897
"P20929","NEB","T1",107.698450881118,84.8984816950271
"P20962","PTMS","T1",8.36569159238288,3.7852554453359
"P21266","GSTM3","T1",44.6629550120884,43.6646555099187
"P21281","ATP6V1B2","T1",22.7155297338363,38.412040609887
"P21291","CSRP1","T1",92.5877241854479,126.505437379486
"P21333","FLNA","T1",44.4981105854815,31.0819979045355
"P21397","MAOA","T1",60.0290072174642,28.7350431532953
"P21399","ACO1","T1",17.9722425908429,36.042514876291
"P21695","GPD1","T1",42.3567773151972,16.3621077082911
"P21796","VDAC1","T1",19.3255137339982,20.7809393597638
"P21817","RYR1","T1",16.5798840209834,23.4754817343708
"P21912","SDHB","T1",29.722597711857,12.7573720059573
"P21926","CD9","T1",72.0768611081533,70.711733549017
"P21953","BCKDHB","T1",75.167848312966,75.8321641461878
"P21964","COMT","T1",23.9491536854594,24.7742633079086
"P21980","TGM2","T1",40.3332030245178,33.1584269158157
"P22033","MMUT","T1",28.0931952302158,30.2771187935334
"P22059","OSBP","T1",31.0240434324124,32.4679612661251
"P22061","PCMT1","T1",20.5021362664172,14.3219792204159
"P22102","GART","T1",48.5380729179755,37.212780480634
"P22234","PAICS","T1",29.5681943084541,18.1540729551534
"P22307","SCP2","T1",44.5202118728633,32.1229560828559
"P22314","UBA1","T1",20.7988425127351,18.9075027855275
"P22392","NME2","T1",27.0757978698566,31.0491742695015
"P22570","FDXR","T1",35.6986239803053,31.7591679178125
"P22626","HNRNPA2B1","T1",53.220375966266,41.3477704868723
"P22695","UQCRC2","T1",29.229388753997,16.6300910866921
"P22830","FECH","T1",24.8346743672387,27.2807627239629
"P23109","AMPD1","T1",58.3408804408341,22.2803056850037
"P23142","FBLN1","T1",33.1102561848825,33.523883807753
"P23246","SFPQ","T1",26.0081979703619,19.0174724764378
"P23297","S100A1","T1",55.407249939226,83.8948815817162
"P23327","HRC","T1",31.4626823756672,29.7322582891819
"P23368","ME2","T1",22.9589781514574,53.8682804622572
"P23381","WARS1","T1",18.6200751820507,30.4374155836353
"P23396","RPS3","T1",23.3129174820234,27.343002003056
"P23434","GCSH","T1",38.107390740223,28.7894131306202
"P23526","AHCY","T1",17.8851427626727,25.9627231541384
"P23528","CFL1","T1",33.801884291521,14.163469891214
"P23634","ATP2B4","T1",20.8727614632855,28.747966373989
"P23786","CPT2","T1",21.3576434839583,47.5450900333589
"P24043","LAMA2","T1",56.1493399029207,28.0047091010243
"P24298","GPT","T1",29.3243912571661,21.3808405981612
"P24310","COX7A1","T1",40.2693700319494,32.0309601441164
"P24534","EEF1B2","T1",28.4304314753454,28.1195006199737
"P24539","ATP5PB","T1",12.7265318236168,19.2986391593892
"P24666","ACP1","T1",37.4051879889081,22.6873059122081
"P24752","ACAT1","T1",23.9810077023677,29.1183340610134
"P25325","MPST","T1",18.559756227321,28.3300291435518
"P25398","RPS12","T1",34.1450923378491,30.8997081801527
"P25685","DNAJB1","T1",22.3277274299491,42.5023811601212
"P25705","ATP5F1A","T1",20.4939966360792,17.00968191313
"P25786","PSMA1","T1",20.747133782339,34.50429049191
"P25787","PSMA2","T1",54.9073521351298,15.2850057786674
"P25788","PSMA3","T1",25.3285965679771,39.4846185602816
"P25789","PSMA4","T1",37.1482113228787,18.2458291377631
"P26038","MSN","T1",29.6093255218204,14.9191973719954
"P26196","DDX6","T1",33.6427820304074,41.800522274768
"P26373","RPL13","T1",55.3973388103873,42.0753582905846
"P26440","IVD","T1",37.3724995650896,33.6306049173032
"P26599","PTBP1","T1",30.3315591435727,46.295376642814
"P26639","TARS1","T1",35.2059386702646,26.5042201083708
"P26640","VARS1","T1",56.6531722531358,45.5430085949921
"P26641","EEF1G","T1",27.5480472442796,18.0900942156265
"P26678","PLN","T1",84.788251324323,54.9536087007333
"P26885","FKBP2","T1",46.1652282603997,39.4075364705853
"P27105","STOM","T1",88.9424040724425,80.3988628667686
"P27338","MAOB","T1",37.7882073387901,14.1208465401094
"P27348","YWHAQ","T1",19.3277011191941,18.3589328746554
"P27635","RPL10","T1",21.7160651782282,46.8747079377199
"P27695","APEX1","T1",44.4218345717944,55.3886181998695
"P27797","CALR","T1",36.2997786279273,29.6995813032803
"P27816","MAP4","T1",27.4218601477584,25.1851948565455
"P27824","CANX","T1",12.1869887206471,11.7094516939741
"P28066","PSMA5","T1",6.45283251873796,23.6755879001147
"P28070","PSMB4","T1",19.6837763567142,27.7159457936309
"P28072","PSMB6","T1",32.4433081952135,20.5223080696285
"P28074","PSMB5","T1",14.5551381603814,27.0468496793663
"P28161","GSTM2","T1",46.2133156982652,30.328114062894
"P28289","TMOD1","T1",50.9319803240995,41.801571947868
"P28331","NDUFS1","T1",31.5988787861949,21.9729687007377
"P28482","MAPK1","T1",40.505577695866,28.1071306619511
"P28838","LAP3","T1",50.2135891417246,34.2744058316508
"P29144","TPP2","T1",34.5108681686013,29.7200669677879
"P29218","IMPA1","T1",25.1449093262018,36.1484953083137
"P29401","TKT","T1",37.5435891218851,20.9317050176994
"P29692","EEF1D","T1",20.4125240830027,15.464311193983
"P29966","MARCKS","T1",18.2604005207102,8.98250133818925
"P29972","AQP1","T1",53.0719834095867,40.7740924145703
"P29992","GNA11","T1",27.3810803988761,35.3556642532152
"P30038","ALDH4A1","T1",27.2990715950641,15.5907755956956
"P30040","ERP29","T1",26.4896456995757,36.7845628872495
"P30041","PRDX6","T1",25.6514939598423,20.3279485588659
"P30043","BLVRB","T1",38.4845517580043,31.98414416199
"P30044","PRDX5","T1",17.04820527495,23.4642430860679
"P30046","DDT","T1",62.4266311337583,46.8917126414868
"P30048","PRDX3","T1",21.2105248756031,23.0736745443911
"P30049","ATP5F1D","T1",47.7471232876983,34.4255845132916
"P30050","RPL12","T1",54.7850360107844,46.0525962143879
"P30084","ECHS1","T1",21.4382716551713,17.1237028122373
"P30085","CMPK1","T1",90.489377022156,50.5320257016067
"P30086","PEBP1","T1",28.3139563865801,16.47350835358
"P30101","PDIA3","T1",20.0137555417733,18.9986348915619
"P30153","PPP2R1A","T1",40.3089355406982,26.0428055126461
"P30405","PPIF","T1",17.0376990270726,26.174978862527
"P30419","NMT1","T1",108.848293539893,47.9485653250283
"P30520","ADSS2","T1",57.1869324107357,39.8406743649527
"P30533","LRPAP1","T1",57.3835529991355,44.4934474976654
"P30536","TSPO","T1",87.9039474448599,55.1965918796519
"P30566","ADSL","T1",31.5169302908215,22.3611474676235
"P30622","CLIP1","T1",29.3252542197659,31.7170979336159
"P30626","SRI","T1",21.9300521855278,46.9091475481777
"P30837","ALDH1B1","T1",65.98899589386,37.6323174593894
"P31040","SDHA","T1",12.2582580935153,13.9535332166798
"P31146","CORO1A","T1",0,0
"P31150","GDI1","T1",24.7292809607839,9.11249902816281
"P31153","MAT2A","T1",24.1528735991785,24.8727483140861
"P31415","CASQ1","T1",19.5173405033852,24.7513067795501
"P31749","AKT1","T1",6.86534713720008,23.246959999738
"P31751","AKT2","T1",19.9508081864392,40.9455047247202
"P31930","UQCRC1","T1",24.0258213554927,17.8171654912071
"P31937","HIBADH","T1",31.5324547730309,24.8561811674144
"P31939","ATIC","T1",41.8314372272039,25.2257002851885
"P31942","HNRNPH3","T1",35.6489577159492,33.1765186398055
"P31943","HNRNPH1","T1",14.9605129425313,23.6857296993001
"P31946","YWHAB","T1",27.9853630282846,33.2667274490896
"P31948","STIP1","T1",14.1630547563668,25.8089078229749
"P31949","S100A11","T1",76.0425096552188,49.5072334510586
"P32119","PRDX2","T1",25.1148014578158,29.3508706934013
"P32969","RPL9","T1",22.6140688113261,37.6747397337047
"P33121","ACSL1","T1",16.678322706461,11.1214804740421
"P33176","KIF5B","T1",35.5600238640484,28.684037723691
"P34896","SHMT1","T1",28.790984398838,58.9266235671009
"P34897","SHMT2","T1",31.5231142921912,35.644820586036
"P34913","EPHX2","T1",58.2777639241876,25.9327680868202
"P34932","HSPA4","T1",29.0221883238702,15.6708550911457
"P34949","MPI","T1",18.375807281522,23.2771235576659
"P35052","GPC1","T1",55.8242272505961,19.7105613055839
"P35080","PFN2","T1",41.8918739519005,40.1881021581732
"P35232","PHB","T1",15.0385994704067,20.2331241558704
"P35237","SERPINB6","T1",21.4650035556054,7.00875923306997
"P35241","RDX","T1",20.343752381162,18.27677488713
"P35244","RPA3","T1",21.6373119523389,21.1531850484855
"P35268","RPL22","T1",26.8715942462544,32.951963711254
"P35270","SPR","T1",59.4401000722233,42.0786667743397
"P35573","AGL","T1",13.6348649733879,9.50171297096715
"P35579","MYH9","T1",14.8252148584942,28.0656788010426
"P35606","COPB2","T1",24.719684572223,22.4090833665406
"P35609","ACTN2","T1",130.657675258241,120.28331761777
"P35611","ADD1","T1",60.9932728849371,34.221221273392
"P35613","BSG","T1",11.2854301053309,16.8413263180123
"P35637","FUS","T1",22.0886487325828,15.6185969465903
"P35749","MYH11","T1",82.1266593041742,138.752698255959
"P35754","GLRX","T1",45.9559671492354,35.5667840805345
"P35813","PPM1A","T1",30.1800707065615,27.8172516952281
"P35908","KRT2","T1",57.550704649572,52.0089040348414
"P35914","HMGCL","T1",27.257855623871,27.0115952034203
"P35998","PSMC2","T1",33.8876992952854,21.5033229947822
"P36405","ARL3","T1",44.8703842436663,46.5213336977032
"P36507","MAP2K2","T1",15.9348361703239,19.8109210377322
"P36542","ATP5F1C","T1",13.7645636422196,27.9042190168115
"P36543","ATP6V1E1","T1",71.7783363389576,38.106495199493
"P36578","RPL4","T1",80.9201010050072,51.9470739937927
"P36776","LONP1","T1",11.7087170857723,29.6814592315499
"P36871","PGM1","T1",19.8639641541309,15.8660988035896
"P36873","PPP1CC","T1",29.4801585468931,26.5473744978649
"P36957","DLST","T1",15.3679186198658,9.7552411184328
"P36959","GMPR","T1",48.6355751510612,39.3672445698473
"P36969","GPX4","T1",41.3005156140351,38.787113604853
"P37108","SRP14","T1",34.2775531773383,41.5373322902186
"P37235","HPCAL1","T1",24.3323138102477,15.7425274055061
"P37802","TAGLN2","T1",18.3156282252676,28.368982376122
"P37837","TALDO1","T1",19.7320349798102,25.6486377538451
"P37840","SNCA","T1",152.232333653449,148.40353863575
"P38117","ETFB","T1",23.2417434093293,27.5888699961202
"P38159","RBMX","T1",13.8905690729509,39.2151306908279
"P38606","ATP6V1A","T1",41.2490486199524,21.5581237542795
"P38646","HSPA9","T1",16.7941925129483,9.81588863948975
"P39019","RPS19","T1",45.6985239958721,24.898442164263
"P39059","COL15A1","T1",41.5538510202936,22.3446061312723
"P39060","COL18A1","T1",19.6698333004316,13.2458664964315
"P39656","DDOST","T1",23.6064253261428,27.7970655121131
"P39687","ANP32A","T1",29.863696901255,21.8084160686335
"P40123","CAP2","T1",18.604881090169,35.5524908266156
"P40227","CCT6A","T1",34.2194092859399,15.5313884066168
"P40261","NNMT","T1",44.4189952232235,18.120958919173
"P40429","RPL13A","T1",65.2272758108336,27.7879895293607
"P40616","ARL1","T1",83.2260111845733,24.0257118337066
"P40763","STAT3","T1",9.31822733423331,30.708455242462
"P40925","MDH1","T1",19.9046210593297,16.4255317770914
"P40926","MDH2","T1",10.7968277442007,20.3692149752908
"P40939","HADHA","T1",19.7811621996601,14.1021094414991
"P41091","EIF2S3","T1",26.6715948202192,21.4071175228525
"P41236","PPP1R2","T1",31.742760469587,32.8031878825835
"P41250","GARS1","T1",42.7959387463081,44.2310900077229
"P41252","IARS1","T1",22.9022748537364,29.7919542886813
"P41567","EIF1","T1",31.0405642551186,29.2791912390947
"P42025","ACTR1B","T1",25.4555584915875,26.3673956784385
"P42126","ECI1","T1",15.902385410693,15.0511295140714
"P42330","AKR1C3","T1",69.2178161203623,62.7962402431884
"P42677","RPS27","T1",23.7823819647435,12.4241125932317
"P42704","LRPPRC","T1",12.2400415784769,18.2616866131816
"P42765","ACAA2","T1",14.853888898964,24.2584995343914
"P42766","RPL35","T1",19.4536745681956,51.9633678554677
"P43007","SLC1A4","T1",31.105138030539,81.4779281830908
"P43034","PAFAH1B1","T1",14.4497427492149,23.3838098176369
"P43155","CRAT","T1",29.4103096565543,12.8664117803565
"P43304","GPD2","T1",29.1059230371334,19.3265866859902
"P43487","RANBP1","T1",54.6407569163946,45.1488448125582
"P43686","PSMC4","T1",12.1036129159029,13.573923790542
"P43897","TSFM","T1",30.1837198360421,32.6443959285799
"P45378","TNNT3","T1",85.5081424424705,53.5330237709379
"P45381","ASPA","T1",63.0952311530277,40.7395432199752
"P45877","PPIC","T1",9.63848983200228,29.4573701475411
"P45880","VDAC2","T1",25.4517633278966,19.3647224575654
"P45954","ACADSB","T1",26.9700837523424,37.8917358378935
"P45974","USP5","T1",38.6288607778765,18.6781953303298
"P45984","MAPK9","T1",43.5820182162974,60.8662713849447
"P45985","MAP2K4","T1",61.9426347329619,64.7206415661638
"P46019","PHKA2","T1",27.5963498088585,36.7795033966263
"P46020","PHKA1","T1",31.524858532396,20.9072232536914
"P46109","CRKL","T1",39.710952622051,32.9043366702709
"P46199","MTIF2","T1",20.1890115458503,33.1018689343575
"P46459","NSF","T1",41.531926733157,30.7416927194788
"P46734","MAP2K3","T1",18.4756367695187,17.1943896115698
"P46776","RPL27A","T1",80.7394752409526,39.9347025742764
"P46777","RPL5","T1",67.5663098183383,49.6072679029128
"P46781","RPS9","T1",44.5375257681143,44.555659288946
"P46782","RPS5","T1",102.978783799533,54.080490055077
"P46783","RPS10","T1",87.4010238639708,53.6161693200283
"P46926","GNPDA1","T1",21.0145427068903,18.3752537213482
"P46939","UTRN","T1",42.1828878734369,36.6194748548102
"P46940","IQGAP1","T1",34.0336401237161,40.7328975196943
"P46976","GYG1","T1",25.9797892887129,29.7924865687752
"P46977","STT3A","T1",24.8116674402484,10.275226680819
"P47755","CAPZA2","T1",50.029332225293,33.0277439584369
"P47756","CAPZB","T1",47.5388268154458,33.350813388802
"P47813","EIF1AX","T1",44.9870927707269,35.2527664268851
"P47897","QARS1","T1",19.7187205766801,17.5484327461108
"P47985","UQCRFS1","T1",32.1056527201311,24.8889267416886
"P48047","ATP5PO","T1",13.4590734659591,17.5054188059135
"P48059","LIMS1","T1",25.7509325889528,16.4023980192616
"P48147","PREP","T1",24.1452627548032,14.384810803431
"P48163","ME1","T1",39.1812124140207,25.8277561741951
"P48444","ARCN1","T1",15.9283560487261,15.7869361448386
"P48449","LSS","T1",55.51329729991,30.3896795214127
"P48506","GCLC","T1",30.6311377708324,61.9878096556302
"P48507","GCLM","T1",39.1044803617484,40.8009618769112
"P48556","PSMD8","T1",19.8639865144862,25.7562873731925
"P48637","GSS","T1",26.3090072537331,32.292956833129
"P48643","CCT5","T1",21.2833840907441,18.5313292615006
"P48729","CSNK1A1","T1",55.6098002848148,20.1395065919119
"P48735","IDH2","T1",14.2939829667102,17.1220668599316
"P48788","TNNI2","T1",102.526017437066,69.5143679931261
"P49023","PXN","T1",56.5819154581598,55.2590457886392
"P49137","MAPKAPK2","T1",29.9644671739735,23.5536088452024
"P49189","ALDH9A1","T1",23.6402451239941,26.8884699630088
"P49247","RPIA","T1",17.3352830890775,42.4027275773864
"P49257","LMAN1","T1",17.926241343385,33.5943877307875
"P49354","FNTA","T1",39.545764204535,27.0831680343808
"P49368","CCT3","T1",28.2451096761883,31.8330903897869
"P49411","TUFM","T1",21.6077285856981,20.5026035621961
"P49419","ALDH7A1","T1",30.9112954115723,69.5139955572419
"P49441","INPP1","T1",58.3701227838297,84.9634284065151
"P49458","SRP9","T1",36.415460924402,29.5902242541158
"P49588","AARS1","T1",19.6176010836374,19.0488280122176
"P49589","CARS1","T1",31.8259448489099,27.8897706295008
"P49591","SARS1","T1",51.3669604326974,56.32098778368
"P49720","PSMB3","T1",25.8540747773597,33.3937296186959
"P49721","PSMB2","T1",21.6295995332722,34.8935158492842
"P49748","ACADVL","T1",19.2179577756643,14.6428017184157
"P49753","ACOT2","T1",17.9846766522773,33.7608232870736
"P49755","TMED10","T1",39.5673875001937,26.1563461888796
"P49773","HINT1","T1",26.5309873876815,31.1359294537299
"P49821","NDUFV1","T1",46.5660197054792,22.0517562117136
"P49840","GSK3A","T1",18.9144906684826,33.4299013430567
"P49841","GSK3B","T1",27.5112148897528,33.4855249418188
"P49902","NT5C2","T1",29.0960422413453,38.5535218481906
"P50213","IDH3A","T1",21.2769320397039,24.9361043974793
"P50238","CRIP1","T1",40.3699006102831,23.9645353681668
"P50395","GDI2","T1",18.0900690739558,16.527289967115
"P50416","CPT1A","T1",67.0476338600491,31.5143307746913
"P50461","CSRP3","T1",78.7194295476817,23.6904762953803
"P50502","ST13","T1",15.7441766922734,24.7191799031816
"P50570","DNM2","T1",16.3187392854675,25.4951756608182
"P50579","METAP2","T1",23.3374808216362,36.3683226078236
"P50583","NUDT2","T1",25.7735896218512,20.5952037182305
"P50895","BCAM","T1",25.2087594899216,41.1596148037036
"P50914","RPL14","T1",51.3745947177486,35.9123480088015
"P50990","CCT8","T1",22.3863178769057,19.1979191478637
"P50991","CCT4","T1",23.6436968550328,25.6498525328081
"P50993","ATP1A2","T1",19.3503349349394,18.8069740982803
"P50995","ANXA11","T1",19.5498888456354,9.53108226268816
"P51114","FXR1","T1",34.1587389137786,21.549475053122
"P51148","RAB5C","T1",26.5322966516093,20.0734661048936
"P51149","RAB7A","T1",23.4291745683829,9.93615424303432
"P51151","RAB9A","T1",34.0736909023575,22.2451044502715
"P51452","DUSP3","T1",16.1600526525886,16.4619456297458
"P51553","IDH3G","T1",22.9470071123091,30.2070544924778
"P51570","GALK1","T1",39.5802800372425,28.6851902441691
"P51572","BCAP31","T1",37.4685916735234,37.2732698083231
"P51636","CAV2","T1",11.6540381512663,41.4139498194511
"P51648","ALDH3A2","T1",52.5914284647049,49.175601193211
"P51649","ALDH5A1","T1",23.2679617873085,23.2709400970196
"P51659","HSD17B4","T1",25.7997279592675,42.2289181581379
"P51665","PSMD7","T1",50.010935437415,28.5228976647235
"P51668","UBE2D1","T1",26.7865590697742,34.7512194327982
"P51692","STAT5B","T1",37.4674385131924,26.7440811692627
"P51812","RPS6KA3","T1",12.7497682173037,21.0182059311182
"P51884","LUM","T1",33.6311484272837,33.1750574762326
"P51888","PRELP","T1",56.047896004693,68.3044852833133
"P51970","NDUFA8","T1",40.232294737286,29.9736271916315
"P51991","HNRNPA3","T1",56.8928103500684,35.7003583454767
"P52179","MYOM1","T1",57.2891358041272,47.3361353815342
"P52209","PGD","T1",32.8779541610322,33.6233939093205
"P52294","KPNA1","T1",28.5515579754523,22.7470324675035
"P52564","MAP2K6","T1",22.678668570069,22.1531432623804
"P52565","ARHGDIA","T1",14.7624405718488,18.2334350626679
"P52566","ARHGDIB","T1",19.6319627273739,34.8107060514668
"P52758","RIDA","T1",28.9052051616571,16.5232814886177
"P52788","SMS","T1",59.4556715460587,28.3666234620587
"P52815","MRPL12","T1",29.4188901342645,41.1981186151554
"P52888","THOP1","T1",20.2332760447747,65.1453206227344
"P52895","AKR1C2","T1",36.8622292117103,49.8077700481783
"P52907","CAPZA1","T1",61.8592149561689,48.6255421409262
"P52943","CRIP2","T1",49.6025601118336,51.976700738257
"P53004","BLVRA","T1",18.1192278587911,22.7813508872536
"P53041","PPP5C","T1",37.325979164426,24.826490475291
"P53384","NUBP1","T1",40.8636815745863,28.9914281796758
"P53597","SUCLG1","T1",17.5494598281123,24.1077322750193
"P53618","COPB1","T1",65.0362091283626,33.7867697472284
"P53621","COPA","T1",77.3123932742243,46.7990914447575
"P53701","HCCS","T1",27.3349041754016,36.7530607324806
"P53778","MAPK12","T1",32.9123441803622,33.7532597066874
"P53814","SMTN","T1",39.5484716864322,32.8857663663634
"P53985","SLC16A1","T1",47.3546728140056,33.7212469101374
"P53990","IST1","T1",42.5910071498514,50.7546330491824
"P53992","SEC24C","T1",22.7237018630737,26.7501806064806
"P53999","SUB1","T1",17.8246666278975,21.1257069689344
"P54136","RARS1","T1",24.6269744535472,28.3846449564529
"P54284","CACNB3","T1",15.5635492284317,20.8450247327508
"P54289","CACNA2D1","T1",24.8677588363369,26.6166558901091
"P54296","MYOM2","T1",38.2242991687157,37.6728954724484
"P54577","YARS1","T1",45.7329722238067,16.1399971843391
"P54578","USP14","T1",16.4649834056716,21.9275207687763
"P54619","PRKAG1","T1",50.2792015679543,16.8360324349518
"P54646","PRKAA2","T1",22.4854411183873,23.9455042279243
"P54652","HSPA2","T1",30.450098565306,37.8732837720373
"P54725","RAD23A","T1",40.8300310855402,29.3929061814128
"P54727","RAD23B","T1",30.5127533164404,21.4025822156264
"P54819","AK2","T1",23.1012848894929,20.9868762601838
"P54920","NAPA","T1",19.8747931101692,21.7614405317664
"P54922","ADPRH","T1",70.7396689827228,40.3911952369137
"P55010","EIF5","T1",49.5871947689261,33.5250619770597
"P55036","PSMD4","T1",19.8837330756034,26.9663974709644
"P55042","RRAD","T1",28.4448763197469,49.1829023308068
"P55060","CSE1L","T1",27.1989811778774,26.6389838200288
"P55072","VCP","T1",15.8348580013291,15.1811476522013
"P55083","MFAP4","T1",39.9394069799025,32.9988658450789
"P55084","HADHB","T1",15.5205453421441,12.0958879671811
"P55209","NAP1L1","T1",24.8197694732896,21.0209824221211
"P55263","ADK","T1",59.9037772380554,26.4129446236189
"P55290","CDH13","T1",40.7044737838621,36.3126995985245
"P55786","NPEPPS","T1",15.5812165644864,12.9770204628287
"P55809","OXCT1","T1",29.762976647617,24.8247156235981
"P55822","SH3BGR","T1",35.2617876781123,23.6545366128019
"P55884","EIF3B","T1",28.9586479769741,33.8806605005719
"P56134","ATP5MF","T1",29.953721621611,34.9657752211874
"P56181","NDUFV3","T1",46.1120684838374,34.0322241313168
"P56211","ARPP19","T1",55.6142902932566,44.0472788317668
"P56381","ATP5F1E","T1",68.5321586387757,36.4067797066952
"P56385","ATP5ME","T1",16.186623675994,23.0711180207411
"P56537","EIF6","T1",33.6599190995694,39.5571113186004
"P56556","NDUFA6","T1",45.6720671315764,38.4719557650718
"P57105","SYNJ2BP","T1",10.9234170546697,20.1253272972202
"P58511","SMIM11A","T1",113.99086258194,64.256702309824
"P58546","MTPN","T1",44.9608559744727,25.9571959974307
"P59998","ARPC4","T1",14.985183204606,30.8804918549292
"P60033","CD81","T1",47.1785897548407,58.5531229389523
"P60174","TPI1","T1",15.9144148276711,16.1676428520793
"P60228","EIF3E","T1",33.0494143753274,37.3129678869538
"P60520","GABARAPL2","T1",34.2679853100258,26.403217109229
"P60602","ROMO1","T1",53.4082660227494,53.813701608146
"P60660","MYL6","T1",75.3059368216526,26.6788736874861
"P60709","ACTB","T1",76.6638302151791,32.6590028282789
"P60842","EIF4A1","T1",12.1493858579603,17.816454593628
"P60866","RPS20","T1",48.3454064127901,30.9405198119922
"P60891","PRPS1","T1",37.4919474583868,40.6784659425201
"P60900","PSMA6","T1",22.3210766760698,25.5718925709325
"P60903","S100A10","T1",58.3711954595187,41.0235841079175
"P60953","CDC42","T1",38.6466917177105,53.3551469307472
"P60981","DSTN","T1",30.9479221612396,45.1789110213798
"P60983","GMFB","T1",17.7552787360033,18.5257115637471
"P61006","RAB8A","T1",41.2667922301517,35.8586987753601
"P61019","RAB2A","T1",25.6900442398369,21.3336985086524
"P61020","RAB5B","T1",58.3484521008933,44.0655061218137
"P61026","RAB10","T1",101.906632200038,30.1112389980167
"P61077","UBE2D3","T1",45.7203481325923,38.7031983134375
"P61081","UBE2M","T1",23.2679625419492,29.7621273545475
"P61086","UBE2K","T1",26.4463840046424,37.2063845528039
"P61088","UBE2N","T1",20.8830276621861,15.1485169598486
"P61106","RAB14","T1",40.5833806957834,29.2729031853648
"P61158","ACTR3","T1",12.2994918368725,24.5024609665566
"P61160","ACTR2","T1",27.2676626158896,32.0112993395817
"P61163","ACTR1A","T1",33.9634584837471,16.6182074047618
"P61201","COPS2","T1",32.2448028172095,29.707121270965
"P61221","ABCE1","T1",32.3488048241253,34.3904364240921
"P61224","RAP1B","T1",38.6193266966129,37.0509356135614
"P61225","RAP2B","T1",73.5120930766629,55.3599312367024
"P61247","RPS3A","T1",20.1956465352548,21.875303034683
"P61289","PSME3","T1",31.7106488140422,28.9430500155826
"P61313","RPL15","T1",41.6679008163896,39.4147378278297
"P61353","RPL27","T1",32.4697525123453,43.3038307277116
"P61457","PCBD1","T1",28.5701863396688,34.1603795604113
"P61513","RPL37A","T1",35.6317959629216,31.3222578281714
"P61586","RHOA","T1",18.5859852135458,22.2977455086014
"P61604","HSPE1","T1",15.0368171304338,15.3465279768173
"P61758","VBP1","T1",35.6121552753931,27.23813518211
"P61803","DAD1","T1",22.5072755132433,28.8622031053542
"P61923","COPZ1","T1",23.1699440524726,17.3709131984801
"P61925","PKIA","T1",43.0998869015676,18.8732734757507
"P61956","SUMO2","T1",17.2221664501465,46.7720457472231
"P61960","UFM1","T1",37.8499369352867,27.3292792294952
"P61970","NUTF2","T1",32.6556471941188,28.5228479475016
"P61978","HNRNPK","T1",11.5564901693095,18.8885657201301
"P61981","YWHAG","T1",33.5494483610218,36.4557112487108
"P62070","RRAS2","T1",65.7087240124325,35.5172781778802
"P62072","TIMM10","T1",14.5438614627574,37.443669386777
"P62081","RPS7","T1",71.4092895748876,58.6959973128894
"P62136","PPP1CA","T1",26.2859863304432,17.7859211256508
"P62140","PPP1CB","T1",49.5905510345918,25.3030953718592
"P62191","PSMC1","T1",23.8950514171083,16.5296003756929
"P62195","PSMC5","T1",19.572151162887,15.0870956889813
"P62241","RPS8","T1",44.232598476156,40.4893385638092
"P62244","RPS15A","T1",20.3595847662623,17.2390513920927
"P62249","RPS16","T1",24.6541678641985,27.5389243455049
"P62253","UBE2G1","T1",42.2632641848595,35.8799785185806
"P62258","YWHAE","T1",31.4415075005488,27.7161632573049
"P62263","RPS14","T1",63.1793463996981,32.2359008935946
"P62269","RPS18","T1",35.9093129914863,31.7579399953552
"P62277","RPS13","T1",46.7874446720184,42.6722493763554
"P62280","RPS11","T1",38.252684380349,53.6770710507206
"P62308","SNRPG","T1",21.3732717857924,24.7051116760595
"P62318","SNRPD3","T1",36.6887099706262,42.8584429589754
"P62330","ARF6","T1",38.3958568617378,45.2964708714443
"P62333","PSMC6","T1",16.6917705301679,23.6447243551293
"P62424","RPL7A","T1",53.2615996194177,35.697564640729
"P62495","ETF1","T1",26.4687263335086,30.5732365151921
"P62633","CNBP","T1",22.2114943955204,22.8797532385753
"P62701","RPS4X","T1",22.9737834585874,28.793018978674
"P62714","PPP2CB","T1",4.25926267891865,13.8295366643062
"P62750","RPL23A","T1",32.8846965369678,39.5813455627647
"P62753","RPS6","T1",23.4316486824464,37.9490987496225
"P62805","H4C1","T1",46.5358602592868,71.9632843684795
"P62807","H2BC4","T1",101.810299092493,56.6752773299194
"P62820","RAB1A","T1",24.0597819794663,29.4771782225319
"P62826","RAN","T1",18.1385939901329,24.6088825932536
"P62829","RPL23","T1",26.1772323079036,44.0879615600865
"P62834","RAP1A","T1",50.7436135911682,63.0497623785142
"P62841","RPS15","T1",86.7233725043951,34.6203836355926
"P62847","RPS24","T1",36.2383533923794,30.0408470152879
"P62851","RPS25","T1",32.7996880062057,32.8252745521541
"P62854","RPS26","T1",35.4648586736768,33.3572658446576
"P62857","RPS28","T1",33.5262404351664,38.2886613569295
"P62873","GNB1","T1",27.2301081123891,16.8089955399223
"P62879","GNB2","T1",30.1095784999281,24.9242039297233
"P62888","RPL30","T1",64.1153928886674,49.4481935235202
"P62899","RPL31","T1",38.9747081452064,60.0601689389583
"P62906","RPL10A","T1",46.3311223046858,50.8601584810581
"P62910","RPL32","T1",55.7056769556832,50.8717474026353
"P62913","RPL11","T1",17.9833840169071,45.2157259170032
"P62942","FKBP1A","T1",28.8872386387428,16.6920326862502
"P62979","RPS27A","T1",51.532560548936,33.0425805896212
"P62993","GRB2","T1",22.5799957946456,26.6145533689134
"P63000","RAC1","T1",13.591184195951,29.8339491774729
"P63010","AP2B1","T1",37.6030442233691,19.5827271144379
"P63027","VAMP2","T1",21.4871612821986,29.3263253078747
"P63098","PPP3R1","T1",37.6438289689965,27.1214968405343
"P63104","YWHAZ","T1",66.4697194236038,56.3113538097712
"P63146","UBE2B","T1",66.9819711532118,59.6130773015247
"P63151","PPP2R2A","T1",18.9961235270237,21.5463773793773
"P63167","DYNLL1","T1",44.5775220185521,39.5222853994928
"P63172","DYNLT1","T1",36.8961331175669,35.1360531225027
"P63173","RPL38","T1",30.2429277117028,47.588563464085
"P63208","SKP1","T1",21.691214001878,19.8551519247345
"P63220","RPS21","T1",26.5413144071914,42.5808167054375
"P63241","EIF5A","T1",9.0846930113908,22.0291429812672
"P63244","RACK1","T1",32.1126790677746,32.8843480020849
"P63279","UBE2I","T1",34.7251906480948,29.7895961878312
"P63302","SELENOW","T1",24.4981959242993,40.3155892324193
"P63316","TNNC1","T1",75.9913087093246,44.1134398225606
"P67775","PPP2CA","T1",11.1929351717646,10.585884491899
"P67809","YBX1","T1",32.8244259376762,21.4964311315813
"P67870","CSNK2B","T1",21.3314137907522,38.9373894151824
"P67936","TPM4","T1",56.3636232380344,29.7669367994476
"P68036","UBE2L3","T1",88.8761855437402,51.4438914886618
"P68104","EEF1A1","T1",48.0879668546455,31.5676471431122
"P68133","ACTA1","T1",88.9724627551286,52.5842452914177
"P68363","TUBA1B","T1",24.268935825955,11.6991447813941
"P68366","TUBA4A","T1",31.4805463659046,40.4502847593106
"P68371","TUBB4B","T1",21.6646979414544,22.2562129744182
"P68400","CSNK2A1","T1",14.8570721152119,41.7535234393748
"P68402","PAFAH1B2","T1",36.0655568589447,29.7693104884342
"P69892","HBG2","T1",54.0543852668056,46.3801158170785
"P78344","EIF4G2","T1",60.7841594893401,44.7426554639565
"P78356","PIP4K2B","T1",20.8556732465061,40.8716937760313
"P78371","CCT2","T1",45.9051573316699,13.9282040955819
"P78417","GSTO1","T1",25.4060268990555,38.321816227978
"P78560","CRADD","T1",44.3099107081245,42.8587671096615
"P82650","MRPS22","T1",20.4522139783034,38.575984915541
"P82909","MRPS36","T1",40.0182960192858,47.8338457939163
"P83111","LACTB","T1",43.364870752763,28.903414462271
"P83731","RPL24","T1",39.5270401379361,23.664087555669
"P84077","ARF1","T1",22.021982376595,28.8679017992944
"P84085","ARF5","T1",34.1486006368519,24.5170676570357
"P84098","RPL19","T1",43.0849552909041,44.1551444020669
"P84103","SRSF3","T1",27.5503297987781,31.6875899256118
"P84157","MXRA7","T1",31.9919364855104,29.0758051850174
"P84243","H3-3A","T1",55.2103495148414,69.1469208788696
"P98095","FBLN2","T1",5.97669340718937,20.8225885364254
"P98160","HSPG2","T1",86.0514503212395,37.1803163301437
"P99999","CYCS","T1",27.2923784864069,26.6820829308017
"Q00013","MPP1","T1",41.4942374304391,50.0000220744888
"Q00059","TFAM","T1",38.9224890442829,29.038695322387
"Q00169","PITPNA","T1",41.2281602152798,21.9627864075596
"Q00325","SLC25A3","T1",32.9871246603511,21.2197240304498
"Q00577","PURA","T1",48.2124811795764,44.1336481717911
"Q00610","CLTC","T1",13.2713408934377,14.7620212020288
"Q00688","FKBP3","T1",24.4278367802139,21.5765510218956
"Q00765","REEP5","T1",46.7043736899995,46.9778955967076
"Q00796","SORD","T1",16.9754027541922,53.3633976129762
"Q00839","HNRNPU","T1",44.4421990180219,37.3532411932834
"Q00872","MYBPC1","T1",68.5781592937289,36.0807747127759
"Q00G26","PLIN5","T1",59.4373831515613,37.8548441116138
"Q01082","SPTBN1","T1",46.1240727513497,23.5987775787466
"Q01105","SET","T1",8.62831200047486,25.3327551384161
"Q01130","SRSF2","T1",25.9330287490552,34.1464664314896
"Q01432","AMPD3","T1",52.0517745373612,35.6101115442909
"Q01469","FABP5","T1",58.285152937324,31.7859166751432
"Q01484","ANK2","T1",20.3688910643605,31.8263199678322
"Q01518","CAP1","T1",58.5394947089545,40.3129168453068
"Q01995","TAGLN","T1",126.765592759713,166.992267927669
"Q02127","DHODH","T1",17.801725332981,31.3332529701806
"Q02218","OGDH","T1",13.7722206298165,15.6124339739081
"Q02252","ALDH6A1","T1",41.1624774897272,31.5309063589858
"Q02338","BDH1","T1",54.5961959582975,21.211966639833
"Q02543","RPL18A","T1",60.2110519171056,45.8720302788699
"Q02641","CACNB1","T1",27.1052105938883,24.6928872120902
"Q02750","MAP2K1","T1",51.2066365723715,55.4082874196303
"Q02790","FKBP4","T1",20.3637727236514,34.9328009713664
"Q02878","RPL6","T1",60.745370020053,42.837915069943
"Q02952","AKAP12","T1",43.1308851191803,38.3965817707719
"Q02978","SLC25A11","T1",30.3013759476138,31.4838875193459
"Q03013","GSTM4","T1",132.923294216999,91.8626249074229
"Q03135","CAV1","T1",33.0583791393004,40.0367363134842
"Q03154","ACY1","T1",25.1238320406076,30.6997382373201
"Q03252","LMNB2","T1",50.5897158643279,19.0730029661439
"Q04323","UBXN1","T1",37.7756138851174,24.3369128002963
"Q04446","GBE1","T1",41.2051896317167,31.4434619319055
"Q04637","EIF4G1","T1",33.1313097697229,25.4630062471901
"Q04759","PRKCQ","T1",30.330962357814,21.3284770623702
"Q04760","GLO1","T1",24.982249326436,17.6226485031349
"Q04828","AKR1C1","T1",39.2582390140887,58.337283889946
"Q04837","SSBP1","T1",34.7875376272638,37.7839692235159
"Q04917","YWHAH","T1",32.5937124728016,38.1331182215143
"Q05086","UBE3A","T1",33.5587246407817,39.3850263805305
"Q05639","EEF1A2","T1",36.5107674097328,16.8425024954227
"Q05682","CALD1","T1",36.9633334643424,66.7748669706667
"Q06055","ATP5MC2","T1",59.188693849464,102.103215040094
"Q06124","PTPN11","T1",27.2100762079648,13.6814076082674
"Q06323","PSME1","T1",35.1956263547283,24.9804418633433
"Q06432","CACNG1","T1",36.5606750020492,12.5749118015871
"Q06830","PRDX1","T1",17.9601992246941,29.9598231716481
"Q07020","RPL18","T1",37.7795145117117,38.6193791743615
"Q07699","SCN1B","T1",40.8721392315272,40.2492743424524
"Q07960","ARHGAP1","T1",26.4801330863817,28.5652609955111
"Q08043","ACTN3","T1",107.775002874229,170.835253385461
"Q08209","PPP3CA","T1",19.7451758748811,28.8983429783985
"Q08257","CRYZ","T1",44.9319404769924,41.4463708477041
"Q08623","PUDP","T1",53.5004995913275,51.3519981014041
"Q08752","PPID","T1",29.4601288953658,21.6749989121595
"Q09028","RBBP4","T1",40.417673159771,30.0332708537726
"Q09666","AHNAK","T1",27.9961752310009,26.3000713633614
"Q0VAK6","LMOD3","T1",20.6776562787723,36.9544135440446
"Q0VDG4","SCRN3","T1",30.1710851986072,51.284108894226
"Q0ZGT2","NEXN","T1",64.7434489799327,48.0202932524391
"Q10567","AP1B1","T1",57.7825310277504,53.7240953123206
"Q10713","PMPCA","T1",40.625759400413,41.0383007208304
"Q12797","ASPH","T1",49.2260701459119,36.4357183363044
"Q12849","GRSF1","T1",23.8891388924096,30.8863891565607
"Q12905","ILF2","T1",22.6619709769285,30.0488441524406
"Q12906","ILF3","T1",14.3824933879346,12.2061103438692
"Q12907","LMAN2","T1",44.0535644496273,41.7279746912136
"Q12931","TRAP1","T1",17.1356786716954,16.333293254905
"Q12955","ANK3","T1",9.59370797145156,21.2299518378652
"Q12988","HSPB3","T1",23.5165802100819,20.0369423625722
"Q13011","ECH1","T1",18.3462565961097,15.0199542265218
"Q13057","COASY","T1",37.6876207947507,83.9382798611456
"Q13085","ACACA","T1",61.9086102383465,63.515129873619
"Q13098","GPS1","T1",23.0318924043177,23.9187870290813
"Q13126","MTAP","T1",36.4420306415628,40.4444012699557
"Q13131","PRKAA1","T1",29.788638456347,26.3598795335677
"Q13148","TARDBP","T1",26.97573999568,23.4177861332165
"Q13151","HNRNPA0","T1",16.5310471105459,27.8238875144104
"Q13153","PAK1","T1",40.2623416375483,33.6611741370392
"Q13155","AIMP2","T1",29.3794149912477,36.9182370020282
"Q13162","PRDX4","T1",33.0854419698291,34.5344794739773
"Q13177","PAK2","T1",15.7777759357671,29.6280102949746
"Q13200","PSMD2","T1",28.9536359636882,25.9001649126028
"Q13203","MYBPH","T1",57.4584733651166,56.3532725346436
"Q13228","SELENBP1","T1",42.5768604977163,40.8893095791891
"Q13310","PABPC4","T1",15.5188307154859,20.8239325798651
"Q13326","SGCG","T1",24.927823386469,31.9844515166563
"Q13347","EIF3I","T1",35.9537472452234,23.231621882123
"Q13363","CTBP1","T1",49.6796550929287,39.6175764353201
"Q13404","UBE2V1","T1",22.6738467486567,25.0791717286233
"Q13405","MRPL49","T1",10.3038384549371,53.2916841075155
"Q13409","DYNC1I2","T1",27.5588517496337,28.8112903843311
"Q13418","ILK","T1",45.272354812032,34.1391848359791
"Q13423","NNT","T1",20.4670868080944,21.8254383338731
"Q13424","SNTA1","T1",30.6527257093289,25.279624818481
"Q13425","SNTB2","T1",33.2753804011169,27.1904303887003
"Q13442","PDAP1","T1",37.4920379057072,40.21867800696
"Q13445","TMED1","T1",43.8827484666683,43.5782484468588
"Q13496","MTM1","T1",17.92358256984,33.7697124587554
"Q13505","MTX1","T1",34.0203367846666,23.7941186453119
"Q13508","ART3","T1",40.6192456686712,36.8879043181609
"Q13510","ASAH1","T1",45.6135764618021,15.9888612502868
"Q13522","PPP1R1A","T1",34.2562518673423,35.0259145221704
"Q13526","PIN1","T1",18.9480627132754,22.0534457247171
"Q13541","EIF4EBP1","T1",14.135402091345,17.7434742773142
"Q13554","CAMK2B","T1",15.2265168363898,18.7078161953382
"Q13555","CAMK2G","T1",28.2554055168721,21.2785859964175
"Q13557","CAMK2D","T1",20.6245519693767,14.7576713233098
"Q13561","DCTN2","T1",18.998199969913,24.2194938021731
"Q13564","NAE1","T1",31.1306674041656,26.8857436014481
"Q13586","STIM1","T1",21.359836521086,26.6190273021047
"Q13616","CUL1","T1",36.3086599074733,25.2336217098818
"Q13617","CUL2","T1",8.845950181302,24.0392046696889
"Q13618","CUL3","T1",28.2040465082614,20.280524399958
"Q13619","CUL4A","T1",74.6136885683371,49.5375404411631
"Q13620","CUL4B","T1",120.019193763948,49.8834840671853
"Q13642","FHL1","T1",22.1139868823888,19.927039801985
"Q13643","FHL3","T1",33.8325843845264,27.4076786409927
"Q13683","ITGA7","T1",54.0282117924154,27.9034419941251
"Q13698","CACNA1S","T1",14.7545319713437,21.7421202898827
"Q13724","MOGS","T1",63.4075620104462,57.5912012547097
"Q13813","SPTAN1","T1",46.3665105252763,36.5762289051101
"Q13825","AUH","T1",7.60737945632311,18.293584083474
"Q13838","DDX39B","T1",27.6969121304236,39.1101381174299
"Q13867","BLMH","T1",30.4034013043347,22.0296380253091
"Q13884","SNTB1","T1",48.6028344671245,41.3787161074777
"Q13885","TUBB2A","T1",38.9525825668375,28.223301208865
"Q13907","IDI1","T1",20.6513616265685,40.7221927058816
"Q13976","PRKG1","T1",73.6468145016157,56.1899519861212
"Q14011","CIRBP","T1",34.9978331439615,28.4310547360016
"Q14061","COX17","T1",45.3107556331058,38.2540184098902
"Q14103","HNRNPD","T1",10.9483656883519,17.2741243465189
"Q14108","SCARB2","T1",43.6431371367202,48.6084738736539
"Q14116","IL18","T1",67.5300679937499,42.7607477005054
"Q14118","DAG1","T1",44.6117793619556,32.5055177116406
"Q14141","SEPTIN6","T1",115.662044008936,71.0405328757928
"Q14152","EIF3A","T1",26.4278065197813,27.0997891704744
"Q14157","UBAP2L","T1",14.4757455011175,41.5211111667279
"Q14165","MLEC","T1",47.9549403853829,38.087460897317
"Q14195","DPYSL3","T1",43.4754828873315,52.3607100152164
"Q14203","DCTN1","T1",43.0048000827407,18.8496474179819
"Q14204","DYNC1H1","T1",25.3134594040186,19.0889579646828
"Q14240","EIF4A2","T1",18.0027066218166,13.0817068906565
"Q14249","ENDOG","T1",58.955538935558,51.5651367615855
"Q14254","FLOT2","T1",27.9730372474305,22.2824131807631
"Q14257","RCN2","T1",42.4589235149962,32.2012578566268
"Q14315","FLNC","T1",23.5512317976738,13.8532318447324
"Q14324","MYBPC2","T1",89.9187455170211,55.9116901810453
"Q14353","GAMT","T1",18.6876751616305,21.5524595674329
"Q14558","PRPSAP1","T1",50.1130521705926,25.1864275821168
"Q14697","GANAB","T1",39.5175314723062,28.7699206005776
"Q14738","PPP2R5D","T1",16.5276249266717,27.2114180968188
"Q14847","LASP1","T1",59.2480370491956,30.7654517410774
"Q14894","CRYM","T1",38.1422537973183,42.2939735748482
"Q14914","PTGR1","T1",38.8931844184757,31.4100846377437
"Q14974","KPNB1","T1",61.398619646805,44.6735598498461
"Q14BN4","SLMAP","T1",29.0129676552719,31.1540449707133
"Q14CB8","ARHGAP19","T1",95.7709961924741,25.8573941189626
"Q15008","PSMD6","T1",39.1168740665009,28.0338344486229
"Q15019","SEPTIN2","T1",39.0049125499473,74.6747139630002
"Q15046","KARS1","T1",23.255606827563,10.7700314406312
"Q15056","EIF4H","T1",15.1048478196047,15.0645688446804
"Q15075","EEA1","T1",14.6862238185804,38.4101576007295
"Q15084","PDIA6","T1",21.941874543245,26.6026276374209
"Q15102","PAFAH1B3","T1",45.6949878179725,46.8077238468699
"Q15119","PDK2","T1",62.6517658442856,32.2797562681781
"Q15121","PEA15","T1",76.3482207340737,41.6181207424638
"Q15124","PGM5","T1",56.169128729027,33.2508811230423
"Q15149","PLEC","T1",53.1794490658171,42.4939754871213
"Q15172","PPP2R5A","T1",61.9666476573363,38.4330686984328
"Q15181","PPA1","T1",11.5696453601438,25.4075018796265
"Q15185","PTGES3","T1",42.5464549942198,33.7713577952193
"Q15208","STK38","T1",22.4641262414499,48.895544288019
"Q15233","NONO","T1",16.8314676603827,16.6942455654837
"Q15257","PTPA","T1",61.6286364660247,58.2547066208118
"Q15293","RCN1","T1",36.8612154101247,21.1234183381397
"Q15363","TMED2","T1",82.2800176009012,56.4204639134306
"Q15365","PCBP1","T1",33.8520402800095,19.9125946577283
"Q15366","PCBP2","T1",30.67759617916,13.8560781825879
"Q15369","ELOC","T1",36.787092491932,28.8513928608278
"Q15370","ELOB","T1",23.425146786383,14.564508110878
"Q15386","UBE3C","T1",17.4767954188308,16.5238994991592
"Q15392","DHCR24","T1",23.803267724573,41.202268401515
"Q15404","RSU1","T1",28.0057961965773,21.7917650747804
"Q15435","PPP1R7","T1",24.0022844103647,18.3516171850871
"Q15436","SEC23A","T1",30.2801406430605,40.7172682314534
"Q15526","SURF1","T1",40.9401280782702,33.5079945293555
"Q15555","MAPRE2","T1",44.9182722854673,19.0518420432638
"Q15631","TSN","T1",32.9701316210756,46.3603998673351
"Q15642","TRIP10","T1",53.4762441415247,22.1972639080075
"Q15691","MAPRE1","T1",23.3087219691207,28.1402009506994
"Q15746","MYLK","T1",73.0546666333132,48.8682938746563
"Q15772","SPEG","T1",48.8668383763203,35.9057769098429
"Q15819","UBE2V2","T1",24.3322728605593,33.1239305077197
"Q15836","VAMP3","T1",24.4862645534135,44.2170988004946
"Q15843","NEDD8","T1",40.7172279334519,33.8237191072011
"Q15847","ADIRF","T1",25.1340519148755,29.019641590582
"Q15907","RAB11B","T1",18.9161184288569,27.0225302372566
"Q15942","ZYX","T1",43.8915036341982,29.9162264767431
"Q16082","HSPB2","T1",21.755465654539,22.2827943970897
"Q16134","ETFDH","T1",16.4380769088843,30.2909960205542
"Q16181","SEPTIN7","T1",26.4772159228123,37.0435197961348
"Q16531","DDB1","T1",18.1720943514873,11.0069757271961
"Q16543","CDC37","T1",53.4976576483929,25.2461775728735
"Q16555","DPYSL2","T1",20.0064310507181,32.0946445739794
"Q16563","SYPL1","T1",22.8801548231927,39.9069790712241
"Q16576","RBBP7","T1",29.520928677879,23.4584810990709
"Q16585","SGCB","T1",28.9087651513019,16.1081822896924
"Q16586","SGCA","T1",42.9923349621546,23.9139160841209
"Q16595","FXN","T1",43.1257261017094,25.3558063590442
"Q16654","PDK4","T1",9.92335640364283,46.204587593225
"Q16658","FSCN1","T1",22.5363858316316,12.0188732834131
"Q16698","DECR1","T1",10.073823962535,21.922051956405
"Q16718","NDUFA5","T1",62.6196326593342,28.5972462060702
"Q16740","CLPP","T1",3.95082993333204,17.2858883839442
"Q16762","TST","T1",46.372179658945,28.591793356791
"Q16773","KYAT1","T1",36.7039215381931,35.6930646386257
"Q16775","HAGH","T1",18.3750467917875,29.6424005863057
"Q16778","HIST2H2BE","T1",59.4250186843184,66.2077266030006
"Q16795","NDUFA9","T1",52.7428421243807,31.7221926563171
"Q16816","PHKG1","T1",38.8655560522915,28.971753844536
"Q16821","PPP1R3A","T1",18.4153270381215,34.9605516826243
"Q16836","HADH","T1",20.092539413609,27.88775641019
"Q16851","UGP2","T1",17.2286113798158,24.5336458629013
"Q16853","AOC3","T1",48.1466596968145,69.6551634053608
"Q16881","TXNRD1","T1",24.9084857564935,21.6144698255057
"Q16890","TPD52L1","T1",42.6289485434611,34.872003642897
"Q16891","IMMT","T1",27.1184752781497,22.3036446826393
"Q1KMD3","HNRNPUL2","T1",25.3497534483715,39.1976124983999
"Q2TAA2","IAH1","T1",53.3710003812126,38.7931344527849
"Q2TBA0","KLHL40","T1",40.1673917879612,47.566254655976
"Q30154","HLA-DRB5","T1",5.85171499564055,4.98293466303219
"Q3LXA3","TKFC","T1",21.6743716406328,35.6277622297133
"Q3SXM5","HSDL1","T1",30.1422455022241,31.2349073484907
"Q3ZCQ8","TIMM50","T1",56.8907093577862,56.0498173532326
"Q49AH0","CDNF","T1",49.9356374423956,49.6863155850113
"Q49B96","COX19","T1",27.5290308465549,20.4301014019056
"Q4G0W2","DUSP28","T1",53.0186198447206,40.9395943713388
"Q4VC31","CCDC58","T1",38.382664051133,24.2376221589587
"Q52LJ0","FAM98B","T1",11.215912690791,16.0252398638681
"Q53EU6","GPAT3","T1",40.0586743156787,49.9494352453216
"Q53FT3","HIKESHI","T1",30.4422859218799,18.8865387903711
"Q53GG5","PDLIM3","T1",48.9400112124232,11.85907942161
"Q53GQ0","HSD17B12","T1",24.8776598023874,32.5551412522638
"Q53H82","LACTB2","T1",42.9389346147507,31.6409126532343
"Q58WW2","DCAF6","T1",17.039847656609,8.50748876727972
"Q5BKX8","CAVIN4","T1",40.3571886794753,21.577991740377
"Q5HYK3","COQ5","T1",37.0213804194547,42.4133202929125
"Q5JRX3","PITRM1","T1",25.0687469704066,31.3004395000133
"Q5JTJ3","COA6","T1",33.2571238926519,31.6694725711502
"Q5JWF2","GNAS","T1",30.0124778135343,26.8596929364423
"Q5R3I4","TTC38","T1",3.56846385673522,20.011530808435
"Q5RI15","COX20","T1",48.4787683983617,54.1971807178479
"Q5SQH8","C6orf136","T1",30.1721902370406,33.7541983233845
"Q5T440","IBA57","T1",20.5498267050549,71.8599210620906
"Q5TAQ9","DCAF8","T1",106.159140965731,120.22749339719
"Q5TC12","ATPAF1","T1",35.5345190754811,26.421934199526
"Q5TDH0","DDI2","T1",95.4920455373056,78.6208678482175
"Q5TEU4","NDUFAF5","T1",29.1099697048206,20.3579229392733
"Q5U5X0","LYRM7","T1",52.7340963348313,38.554596045724
"Q5VST9","OBSCN","T1",53.3924398532748,38.2247066076143
"Q5VTT5","MYOM3","T1",88.2654390592875,54.3760208437216
"Q5VVW2","GARNL3","T1",36.3433628471887,39.9506311072466
"Q5VW32","BROX","T1",40.462977371601,37.465584267101
"Q5VWP3","MLIP","T1",41.2683133218473,60.3473950682288
"Q5VXT5","SYPL2","T1",43.0630728261663,30.8904710011668
"Q5VYK3","ECPAS","T1",28.0718336385084,13.3197747495468
"Q5XKP0","MICOS13","T1",34.6779352985204,27.9597974996398
"Q5XPI4","RNF123","T1",19.7173523808663,24.2951684599762
"Q69YU5","C12orf73","T1",17.5417656437118,52.1150899080108
"Q6DKJ4","NXN","T1",58.6389781559044,33.4569321400632
"Q6FI13","HIST2H2AA3","T1",66.2653607419609,45.875450354125
"Q6GMV3","PTRHD1","T1",29.9851794790187,43.9866445818428
"Q6IAA8","LAMTOR1","T1",12.7029639423727,32.1982179647167
"Q6IAN0","DHRS7B","T1",46.5008064638993,31.0371637104771
"Q6IBS0","TWF2","T1",25.8347846807961,28.5148532013872
"Q6IPR1","ETFRF1","T1",68.8140261892945,79.0998683541098
"Q6JBY9","RCSD1","T1",40.7292166494163,35.2036961089308
"Q6JQN1","ACAD10","T1",18.3449264617836,9.56792277223282
"Q6NUK1","SLC25A24","T1",33.7874606792654,16.262999855109
"Q6NVY1","HIBCH","T1",35.3537863253835,46.4360986504883
"Q6NZI2","CAVIN1","T1",30.0339626543081,23.6710926661825
"Q6P1A2","LPCAT3","T1",5.69851760409154,18.7539776000792
"Q6P1N9","TATDN1","T1",36.7878538131306,37.9359534599139
"Q6P587","FAHD1","T1",31.8525044086808,48.2888540135983
"Q6PI48","DARS2","T1",48.8504097034647,26.7358545496444
"Q6QEF8","CORO6","T1",67.9337574007893,41.3024300136111
"Q6UW68","TMEM205","T1",33.8844386480576,32.2703750624586
"Q6UW78","UQCC3","T1",9.83734818250247,42.7335194554606
"Q6UWP2","DHRS11","T1",21.4515328760081,35.7062811499248
"Q6UXV4","APOOL","T1",28.4616794151076,20.1865177516933
"Q6XQN6","NAPRT","T1",31.7689428544986,56.0963888174684
"Q6YN16","HSDL2","T1",11.864991812178,13.4671386827739
"Q6YP21","KYAT3","T1",8.66353252537899,25.8052412775347
"Q6ZMU5","TRIM72","T1",22.7636423656944,14.7253530102919
"Q6ZVM7","TOM1L2","T1",35.0610106669719,16.4410561293757
"Q702N8","XIRP1","T1",37.8981763898126,35.836789206606
"Q709C8","VPS13C","T1",25.5942897280801,9.17593469481417
"Q70IA6","MOB2","T1",25.3580790484193,42.3847286103165
"Q712K3","UBE2R2","T1",34.7150825603549,23.0976107424796
"Q7KZF4","SND1","T1",64.268673915793,31.6101701194843
"Q7L0Y3","TRMT10C","T1",10.6054679800865,22.4275502971001
"Q7L1Q6","BZW1","T1",55.4125547309271,37.7127352694963
"Q7L2H7","EIF3M","T1",42.3539981766614,39.9834621483359
"Q7L5N1","COPS6","T1",20.0056961329358,27.4233453624896
"Q7LBR1","CHMP1B","T1",58.8005860996793,55.8886615385301
"Q7Z3D6","DGLUCY","T1",50.4635681783235,22.5132630010052
"Q7Z406","MYH14","T1",18.9706679351595,20.4070738564492
"Q7Z434","MAVS","T1",15.0226167151202,15.5752952403411
"Q7Z4H3","HDDC2","T1",48.6822196009381,38.6901496092294
"Q7Z4W1","DCXR","T1",36.1515908069424,34.8640402603325
"Q7Z6Z7","HUWE1","T1",37.6367037856737,55.6711087766664
"Q7Z7F7","MRPL55","T1",43.2936862258587,38.3475600807488
"Q86SX6","GLRX5","T1",14.8359574909055,22.4396395760749
"Q86TC9","MYPN","T1",57.559527465199,35.5493316795842
"Q86TD4","SRL","T1",27.9681253098456,32.9460250888747
"Q86TP1","PRUNE1","T1",39.9663609911765,20.1856016161701
"Q86TX2","ACOT1","T1",15.8449104292446,54.7973912928835
"Q86U28","ISCA2","T1",32.5789734549274,22.2020437273692
"Q86UT6","NLRX1","T1",24.7492935845611,22.756340770806
"Q86UX7","FERMT3","T1",19.0845607742681,10.2328008599831
"Q86V88","MDP1","T1",33.0852685862113,32.2320239310619
"Q86VF7","NRAP","T1",48.6169090014093,33.0845144386876
"Q86VP6","CAND1","T1",39.7607364658533,29.2234968299868
"Q86VS8","HOOK3","T1",37.9123562012764,53.8224725617239
"Q86VU5","COMTD1","T1",26.0429460634412,52.5347413180598
"Q86WU2","LDHD","T1",23.8023303096283,45.0064318915073
"Q86X55","CARM1","T1",40.1548867968691,62.6710464275121
"Q86X76","NIT1","T1",40.3143669106614,37.0436383829343
"Q86Y39","NDUFA11","T1",45.1009236906409,53.0436267290576
"Q86YB7","ECHDC2","T1",18.3962712698843,16.0773735701041
"Q8IUZ5","PHYKPL","T1",34.7852194290286,57.0241469902391
"Q8IVN3","MUSTN1","T1",61.8176279801271,37.1379287280941
"Q8IW45","NAXD","T1",30.7061673215261,50.2367248712818
"Q8IWA5","SLC44A2","T1",5.15627530378262,31.4271412420384
"Q8IWW8","ADHFE1","T1",78.5274222052578,33.1922694399188
"Q8IWX7","UNC45B","T1",32.5070556681791,16.0395637694951
"Q8IXJ6","SIRT2","T1",22.4651596075783,50.9980356493911
"Q8IXM3","MRPL41","T1",24.4179362630329,28.2021339741437
"Q8IYS1","PM20D2","T1",30.649239967877,27.2303976983752
"Q8IYU8","MICU2","T1",10.3523624362812,27.7703593218402
"Q8IZ83","ALDH16A1","T1",76.705065386005,70.706997373359
"Q8N0U8","VKORC1L1","T1",32.7102518832385,17.6791389787738
"Q8N0X4","CLYBL","T1",74.0789379642689,31.6293074972184
"Q8N142","ADSS1","T1",20.9312917345505,28.6800280414066
"Q8N1G4","LRRC47","T1",22.9845291462031,17.0153870637838
"Q8N335","GPD1L","T1",43.251053679247,19.8799961921919
"Q8N3D4","EHBP1L1","T1",35.1563598139987,46.401418236412
"Q8N3L3","TXLNB","T1",24.4678293435935,15.3173452928011
"Q8N3V7","SYNPO","T1",47.5978304544073,37.8374618135096
"Q8N4Q0","ZADH2","T1",26.2671543242032,29.0885592011026
"Q8N4T8","CBR4","T1",20.2056658305642,36.938047934494
"Q8N5K1","CISD2","T1",56.9352504801528,22.3603911937239
"Q8N5M1","ATPAF2","T1",23.4120212677179,20.1068284858604
"Q8N5M9","JAGN1","T1",27.7461707784602,53.9878299733147
"Q8N6M3","FITM2","T1",55.3857993874412,41.9770185273073
"Q8N766","EMC1","T1",11.4610157848948,31.267942884154
"Q8N8N7","PTGR2","T1",37.3065646538018,19.252492858336
"Q8NB12","SMYD1","T1",27.6764448915076,24.4307008921103
"Q8NBF2","NHLRC2","T1",35.9483043026319,41.1903886070953
"Q8NBN7","RDH13","T1",25.7296359047237,56.2153107091439
"Q8NBU5","ATAD1","T1",45.8769978089424,19.5046416950073
"Q8NBX0","SCCPDH","T1",43.6412597801736,8.89209478101049
"Q8NC51","SERBP1","T1",58.5455150061331,36.7879404553076
"Q8NCA5","FAM98A","T1",62.0423890722736,32.6024195376407
"Q8NCN5","PDPR","T1",33.3638396463523,24.4465020550282
"Q8NDH3","NPEPL1","T1",35.2507232497437,39.307575233034
"Q8NDY3","ADPRHL1","T1",47.1090548533081,33.3411362620749
"Q8NE62","CHDH","T1",0,0
"Q8NE71","ABCF1","T1",46.3782195874057,45.1741076177944
"Q8NE86","MCU","T1",37.5703393396542,35.591522698227
"Q8NFV4","ABHD11","T1",46.3806317595289,44.2061584790441
"Q8NHH9","ATL2","T1",51.3130308797179,37.1460383345898
"Q8NI37","PPTC7","T1",20.8895288302002,13.9075520197218
"Q8NI60","COQ8A","T1",22.6204829355146,8.90412737701235
"Q8TAT6","NPLOC4","T1",34.0734475036868,26.8888772105881
"Q8TB37","NUBPL","T1",54.7669874216783,34.2725876476907
"Q8TB45","DEPTOR","T1",32.4839713448349,38.5547019933885
"Q8TBC4","UBA3","T1",30.3414891020558,39.5800624210111
"Q8TBQ9","TMEM167A","T1",39.398838646211,17.0058593113941
"Q8TC12","RDH11","T1",19.4493700230005,20.0133494065264
"Q8TCA0","LRRC20","T1",25.9041920363555,17.8030832258219
"Q8TCD5","NT5C","T1",49.3138813802763,35.9681475183666
"Q8TCJ2","STT3B","T1",22.6229718548734,30.8507999106374
"Q8TCS8","PNPT1","T1",35.0345501795436,37.4825770038032
"Q8TCT8","SPPL2A","T1",36.417452183879,23.2574817310231
"Q8TDC0","MYOZ3","T1",81.5470046403283,72.5897006945604
"Q8TDX7","NEK7","T1",44.0565038861736,37.7633807979699
"Q8TEA8","DTD1","T1",52.6201152295312,38.9924630941186
"Q8WTS6","SETD7","T1",15.4722854752064,37.2186923238599
"Q8WUD1","RAB2B","T1",55.1261276592684,26.1077945518643
"Q8WUM4","PDCD6IP","T1",33.3967581782535,23.3184276202308
"Q8WVI0","SMIM4","T1",48.5391389826199,44.4841612191909
"Q8WVM8","SCFD1","T1",25.8220396666264,39.7479596451256
"Q8WW22","DNAJA4","T1",34.2349993973594,33.8127232072338
"Q8WW59","SPRYD4","T1",32.816736178475,33.2519124924937
"Q8WWV3","RTN4IP1","T1",60.9714031650552,45.310744545908
"Q8WXH0","SYNE2","T1",47.0550089971959,108.551470421801
"Q8WY91","THAP4","T1",34.216054781478,49.3692982483912
"Q8WYQ3","CHCHD10","T1",26.0643163223005,63.4483872197289
"Q8WZ42","TTN","T1",108.048605416178,80.6538625626212
"Q8WZA0","LZIC","T1",50.6958915979511,40.5613829068431
"Q8WZA9","IRGQ","T1",21.0426445347022,39.7097670132753
"Q92499","DDX1","T1",38.2357018913952,30.083017271892
"Q92506","HSD17B8","T1",31.3404726888126,53.1590679247109
"Q92523","CPT1B","T1",66.2870619015063,22.3794313844281
"Q92530","PSMF1","T1",47.469385822843,47.1147572454626
"Q92552","MRPS27","T1",56.7637198988503,12.2434485588342
"Q92598","HSPH1","T1",26.1551048321285,25.4385823634127
"Q92614","MYO18A","T1",59.8082144380845,39.3187641573476
"Q92616","GCN1","T1",78.7326888321964,51.2503164717191
"Q92629","SGCD","T1",17.3636113671456,22.7906531571458
"Q92696","RABGGTA","T1",43.4106534722347,30.4686097180869
"Q92734","TFG","T1",22.1540083217344,36.7845397403849
"Q92841","DDX17","T1",33.5219838953052,43.1865357680613
"Q92882","OSTF1","T1",22.6067848641398,18.2541381578875
"Q92890","UFD1","T1",31.9656205752931,42.4212098661061
"Q92905","COPS5","T1",26.0818120643446,18.0163066550123
"Q92947","GCDH","T1",19.4368507792837,18.2202214663403
"Q92973","TNPO1","T1",22.9492566225042,26.2694670370059
"Q93008","USP9X","T1",71.7599383615403,42.508216477782
"Q93034","CUL5","T1",29.2464942244857,22.0921380051229
"Q93052","LPP","T1",48.1387706883999,35.3025133708667
"Q93084","ATP2A3","T1",44.2014447654867,28.3723669757492
"Q93100","PHKB","T1",31.2963800991393,26.2409236885921
"Q969Q5","RAB24","T1",22.3506879968233,21.1891615586882
"Q969X5","ERGIC1","T1",17.1191263350131,40.8122887608126
"Q969Z3","MTARC2","T1",7.97772943847408,28.3191856364935
"Q96A26","FAM162A","T1",13.5642406620312,25.9538166671413
"Q96A32","MYLPF","T1",116.07252642661,45.529843545669
"Q96AB3","ISOC2","T1",49.1632102526268,43.2808060901471
"Q96AC1","FERMT2","T1",50.4313800256426,37.2834607705907
"Q96AE4","FUBP1","T1",15.8244319071767,14.5798803384138
"Q96AG3","SLC25A46","T1",10.6630594671635,32.4006438127997
"Q96AN5","TMEM143","T1",57.1596651275022,37.003488270739
"Q96AQ6","PBXIP1","T1",22.7398091206602,25.4035467025764
"Q96BM9","ARL8A","T1",23.6933169610266,44.1667576609246
"Q96C00","ZBTB9","T1",40.4241500752451,45.2578645193841
"Q96C01","FAM136A","T1",18.9052030112348,22.431094973991
"Q96C11","FGGY","T1",32.4674676781982,40.0930589895583
"Q96C23","GALM","T1",41.250072483168,58.2809300981848
"Q96C90","PPP1R14B","T1",70.4934791876774,27.1949912421205
"Q96CM8","ACSF2","T1",49.8013544602139,17.3970129965211
"Q96CN7","ISOC1","T1",49.2620481122242,26.1796958201101
"Q96CT7","CCDC124","T1",53.2171963206246,16.9456261588831
"Q96CV9","OPTN","T1",82.2225956281918,56.158396243749
"Q96CW1","AP2M1","T1",18.1104652009976,28.7458576867212
"Q96CX2","KCTD12","T1",55.3324031401244,28.4900782339927
"Q96DA6","DNAJC19","T1",34.9658034643278,31.5493350220041
"Q96DB5","RMDN1","T1",43.5025400762387,43.3657341855145
"Q96DC8","ECHDC3","T1",22.0941129337107,39.5491165522261
"Q96DE0","NUDT16","T1",31.7163431486166,21.029055463733
"Q96DG6","CMBL","T1",32.6633155047679,22.988062509491
"Q96DH6","MSI2","T1",34.6569448660833,26.4204331376343
"Q96DV4","MRPL38","T1",5.81135349356465,30.709108217265
"Q96EY1","DNAJA3","T1",98.1096156997715,34.9239763678281
"Q96EY7","PTCD3","T1",71.750083368175,62.5699763832026
"Q96EY8","MMAB","T1",39.9905539218743,25.0030313213819
"Q96FJ2","DYNLL2","T1",29.3382805947161,18.325060006058
"Q96FQ6","S100A16","T1",23.5747340255295,28.3327332639665
"Q96FV2","SCRN2","T1",39.7830165547916,51.7663480029653
"Q96FW1","OTUB1","T1",35.6539542487648,24.4764726188631
"Q96FZ7","CHMP6","T1",20.6878440539777,27.8129953129408
"Q96GG9","DCUN1D1","T1",33.9434727589431,30.0281536071487
"Q96GK7","FAHD2A","T1",15.7948052962661,23.2493976747379
"Q96GX9","APIP","T1",40.8710459252779,47.9579379722489
"Q96HC4","PDLIM5","T1",42.1305582606895,35.9856122611036
"Q96HE7","ERO1A","T1",35.4538765644967,40.4786688770847
"Q96HN2","AHCYL2","T1",27.2497975083165,38.0983139962042
"Q96HY7","DHTKD1","T1",13.6655421225217,27.8303553056309
"Q96I23","PYURF","T1",82.1039864888563,76.6972102811206
"Q96I99","SUCLG2","T1",30.7153867354232,36.3832297708826
"Q96IU4","ABHD14B","T1",38.704032879899,11.3948448618417
"Q96IV0","NGLY1","T1",45.4140715884136,15.1764812409917
"Q96IX5","ATP5MD","T1",21.3664673673681,26.0542945076586
"Q96JJ7","TMX3","T1",19.1468269627605,32.1519899272825
"Q96K17","BTF3L4","T1",35.7394875252929,29.2718478970461
"Q96K76","USP47","T1",29.8702279073721,30.9974633806653
"Q96KP4","CNDP2","T1",27.1387355223754,31.3582661504659
"Q96L96","ALPK3","T1",45.0912583841635,59.2464038711566
"Q96MF2","STAC3","T1",34.2794055249115,31.1207722745577
"Q96MF6","COQ10A","T1",54.5070776974133,48.2335585110486
"Q96MG2","JSRP1","T1",33.7967433313704,37.8401250927788
"Q96MW1","CCDC43","T1",26.7231635815014,51.1667442006515
"Q96NY7","CLIC6","T1",39.8273596581074,43.6281984496458
"Q96PE7","MCEE","T1",12.384127545658,32.3451111892548
"Q96PU8","QKI","T1",8.10391992103752,24.6608820370408
"Q96Q06","PLIN4","T1",25.0778278741242,19.5849943321929
"Q96QK1","VPS35","T1",24.9025002459492,22.1891626276393
"Q96RP9","GFM1","T1",38.3717198959222,25.5837290272511
"Q96RQ3","MCCC1","T1",52.6483793431894,45.6721212261686
"Q96S19","METTL26","T1",37.4798103532355,25.711932320556
"Q96S66","CLCC1","T1",27.0887188702648,30.8675775449972
"Q99426","TBCB","T1",32.9046595874927,45.4145173609777
"Q99436","PSMB7","T1",33.6194333625806,32.0864889379593
"Q99447","PCYT2","T1",13.55046674441,34.6954761174951
"Q99460","PSMD1","T1",27.3853531812663,8.64435879992369
"Q99471","PFDN5","T1",20.1831112115884,34.8391912475045
"Q99497","PARK7","T1",32.6212041369214,9.25327089175507
"Q99504","EYA3","T1",46.5044591301871,58.1841398430483
"Q99536","VAT1","T1",46.6319450989183,35.3721390484177
"Q99541","PLIN2","T1",43.6839460087613,69.9210783875395
"Q99584","S100A13","T1",145.783213631574,42.8561446599743
"Q99598","TSNAX","T1",14.7266666117492,13.7429465780138
"Q99613","EIF3C","T1",27.1311708238618,23.3868049316814
"Q99623","PHB2","T1",18.9732064770618,14.6754774896041
"Q99627","COPS8","T1",33.0726814667043,44.141805510996
"Q99643","SDHC","T1",38.5928861517905,43.9999234039761
"Q99653","CHP1","T1",33.4176905076662,12.8903665901887
"Q99685","MGLL","T1",8.03006004591306,20.7195711475267
"Q99714","HSD17B10","T1",18.8191122714437,20.5249013536047
"Q99733","NAP1L4","T1",26.2461795305312,31.6134931226522
"Q99735","MGST2","T1",43.6257054388196,46.746948495859
"Q99757","TXN2","T1",43.7565685556729,34.6651354519387
"Q99766","DMAC2L","T1",40.6327765049537,51.5420635081666
"Q99798","ACO2","T1",21.4377693574316,26.1208053820055
"Q99807","COQ7","T1",12.6901350062228,28.8669226835529
"Q99816","TSG101","T1",25.1431214348935,36.3685685267669
"Q99829","CPNE1","T1",45.0347883955396,37.1097931507226
"Q99832","CCT7","T1",46.1570538936521,11.9092029187429
"Q99873","PRMT1","T1",33.4506512116122,24.039781629527
"Q9BPX5","ARPC5L","T1",39.8719966078576,42.162570171197
"Q9BQ69","MACROD1","T1",21.3756930153041,15.6847722637059
"Q9BQA1","WDR77","T1",48.1873826067389,39.6230617057219
"Q9BQS8","FYCO1","T1",25.6774002928547,47.3806841912836
"Q9BR39","JPH2","T1",95.8007691505233,59.0779474273624
"Q9BRA2","TXNDC17","T1",32.8189089856845,18.0301195602452
"Q9BRC7","PLCD4","T1",19.9600641200125,14.2755109793295
"Q9BRF8","CPPED1","T1",54.0297976323962,31.2176310651875
"Q9BRT3","MIEN1","T1",50.8586126807156,40.0206052326081
"Q9BRX8","PRXL2A","T1",39.51460471894,37.8603683926587
"Q9BS26","ERP44","T1",26.2011221043134,17.0149693218522
"Q9BS40","LXN","T1",111.852991133153,107.986042608797
"Q9BS92","NIPSNAP3B","T1",27.2549655941646,36.3988001171168
"Q9BSD7","NTPCR","T1",18.7014228284699,27.4202165138288
"Q9BSE5","AGMAT","T1",24.0227506486334,37.3536304948007
"Q9BSH4","TACO1","T1",14.6341135393153,31.0885599088502
"Q9BSJ8","ESYT1","T1",36.9581127289294,50.4381895655782
"Q9BSL1","UBAC1","T1",20.8514828685145,23.0252612208851
"Q9BT78","COPS4","T1",27.2029253251033,9.5315033962128
"Q9BTE6","AARSD1","T1",36.7677768949679,56.4511386341642
"Q9BTT0","ANP32E","T1",37.2707087764067,41.8767961005457
"Q9BTV4","TMEM43","T1",80.2689061120241,33.5392893443027
"Q9BTZ2","DHRS4","T1",15.4672166500885,32.8296286610198
"Q9BU02","THTPA","T1",16.8006586473714,24.1429219917444
"Q9BU61","NDUFAF3","T1",24.4111246651693,32.4664239211831
"Q9BUF5","TUBB6","T1",30.4866846211531,39.8581123469834
"Q9BUJ2","HNRNPUL1","T1",12.0362001589491,15.5195554704304
"Q9BUK0","CHCHD7","T1",41.2547426433209,31.3696286079926
"Q9BUR5","APOO","T1",42.8202777015852,35.2896316901516
"Q9BUT1","BDH2","T1",17.5187183524721,13.9941637547515
"Q9BV68","RNF126","T1",28.3760650593392,24.429487335204
"Q9BV79","MECR","T1",44.5609208423997,42.6236812211872
"Q9BV86","NTMT1","T1",33.6848101268232,52.4725877208776
"Q9BVC6","TMEM109","T1",54.1819317985628,38.8964403079812
"Q9BVG4","PBDC1","T1",21.9063438813863,29.0170021495108
"Q9BVK6","TMED9","T1",10.5483562184411,31.1858818180932
"Q9BVV7","TIMM21","T1",30.7940188817989,24.0624761165199
"Q9BW30","TPPP3","T1",18.9101065423258,14.3049258549959
"Q9BWH2","FUNDC2","T1",43.4299055481251,20.0412691736994
"Q9BX68","HINT2","T1",16.6523251945407,38.1738087283435
"Q9BXB4","OSBPL11","T1",38.8023211667843,36.0863384211995
"Q9BXI3","NT5C1A","T1",55.0749125188901,19.2898577957859
"Q9BXK5","BCL2L13","T1",24.2398004571503,20.344759012943
"Q9BXN1","ASPN","T1",53.5702444398581,61.4317207029801
"Q9BXT2","CACNG6","T1",35.2482428418022,68.5517359516688
"Q9BXW6","OSBPL1A","T1",35.6239360475859,50.4428758685941
"Q9BXW7","HDHD5","T1",52.2893198145594,38.8680514976195
"Q9BY44","EIF2A","T1",10.1861271414536,17.9783414626439
"Q9BYD1","MRPL13","T1",35.5312293506242,6.89480982233738
"Q9BYD2","MRPL9","T1",104.651595037566,65.8701379487347
"Q9BYD6","MRPL1","T1",21.2107852271151,59.0248148049245
"Q9BYT8","NLN","T1",35.5839309327746,108.822022306969
"Q9BYV2","TRIM54","T1",70.0604404968719,34.2897561880387
"Q9BZE1","MRPL37","T1",26.2096758598456,37.3606327154752
"Q9BZL1","UBL5","T1",50.5169412336139,46.2114487104465
"Q9BZQ8","NIBAN1","T1",21.7433703277101,55.2102645029642
"Q9BZV1","UBXN6","T1",5.69472058362598,5.99075271810692
"Q9BZZ5","API5","T1",38.3195028132374,29.825687994587
"Q9C0C9","UBE2O","T1",17.4694251408283,22.1237367281978
"Q9C0E8","LNPK","T1",40.4950818062081,32.3045488988673
"Q9GZP4","PITHD1","T1",15.7143514517369,40.940568309791
"Q9GZS3","WDR61","T1",47.3341267538554,33.7332637916671
"Q9GZT3","SLIRP","T1",34.2359441853988,41.4485983434881
"Q9GZT8","NIF3L1","T1",36.4697739627282,38.2104110981314
"Q9GZV1","ANKRD2","T1",46.9614365908531,26.9018054878071
"Q9GZZ1","NAA50","T1",41.6681752692183,29.1939897938214
"Q9H061","TMEM126A","T1",74.2209369864959,70.2724012216599
"Q9H074","PAIP1","T1",31.7423394025029,37.2572042810443
"Q9H0E2","TOLLIP","T1",37.6778808531193,31.0800667990897
"Q9H0N5","PCBD2","T1",21.978597720683,27.2213862872856
"Q9H0P0","NT5C3A","T1",25.7503813359501,8.29496040820726
"Q9H0R4","HDHD2","T1",21.3955516538178,26.4961959501794
"Q9H0U4","RAB1B","T1",32.8605933434876,25.8766415375753
"Q9H0W9","C11orf54","T1",45.2787814878799,25.9819881357042
"Q9H0Z9","RBM38","T1",37.1752360066837,14.9331762637876
"Q9H1C7","CYSTM1","T1",32.5242107290303,26.920010562479
"Q9H1E5","TMX4","T1",29.6400505003538,32.1825926376222
"Q9H1K1","ISCU","T1",22.5324004273894,38.1305772639501
"Q9H1R3","MYLK2","T1",39.567138356902,32.7450408654932
"Q9H223","EHD4","T1",3.28416254111795,25.725666598391
"Q9H299","SH3BGRL3","T1",37.454623878765,49.7737318657327
"Q9H2G2","SLK","T1",25.4683652958577,31.4783925826184
"Q9H2H8","PPIL3","T1",50.370109417936,57.6801153405704
"Q9H2J4","PDCL3","T1",17.3368189866037,42.3359909678781
"Q9H2U2","PPA2","T1",27.0877994941968,42.0241466784608
"Q9H2W6","MRPL46","T1",7.14750647282509,37.6620310070381
"Q9H3H3","C11orf68","T1",21.4044657512462,22.0355108174895
"Q9H3K2","GHITM","T1",12.7812318726388,13.0135816805927
"Q9H3K6","BOLA2","T1",35.7698578770449,24.624133465575
"Q9H3N1","TMX1","T1",15.7377853136119,17.3744135461691
"Q9H444","CHMP4B","T1",29.3373974647436,30.6146117610342
"Q9H446","RWDD1","T1",13.9502579211694,25.8081660865535
"Q9H477","RBKS","T1",44.0503459353232,49.6145865761052
"Q9H479","FN3K","T1",32.042013931428,24.3101046524813
"Q9H488","POFUT1","T1",23.6514443969067,5.51229938210327
"Q9H4A4","RNPEP","T1",42.6549806700905,23.0708799389013
"Q9H4M9","EHD1","T1",28.7012543979316,15.7675387831779
"Q9H6F2","TMEM38A","T1",83.4137784247867,61.1283226116528
"Q9H6K4","OPA3","T1",28.2605497046516,29.732526908237
"Q9H7C4","SYNC","T1",28.9850857357387,25.7634898883528
"Q9H7C9","AAMDC","T1",44.5886291887296,42.6020998579402
"Q9H7Z7","PTGES2","T1",26.1098600458488,27.1000762769173
"Q9H845","ACAD9","T1",32.2696663545346,36.0085613014006
"Q9H8H3","METTL7A","T1",33.8855906826916,38.4759321412639
"Q9H8M1","COQ10B","T1",43.2771926978196,36.8144608659402
"Q9H8Y8","GORASP2","T1",8.27156638376829,14.1379780703131
"Q9H910","JPT2","T1",28.1788773519028,28.3001223579661
"Q9H987","SYNPO2L","T1",74.0938628148726,36.728084594296
"Q9H993","ARMT1","T1",29.3234773154157,22.6674351102457
"Q9H9B4","SFXN1","T1",27.2056275288333,23.9882675667498
"Q9H9J2","MRPL44","T1",67.9480945693492,56.9585843659351
"Q9H9P8","L2HGDH","T1",39.7345605327947,39.1643203863915
"Q9H9S4","CAB39L","T1",69.6088608410545,31.3917463024001
"Q9HA65","TBC1D17","T1",48.1720727353655,48.8066828149465
"Q9HA77","CARS2","T1",11.8842356470343,8.83549000225977
"Q9HAB8","PPCS","T1",24.0724739965193,21.8715880778882
"Q9HB71","CACYBP","T1",25.3447120258538,29.9108830177054
"Q9HB90","RRAGC","T1",33.279784423929,11.9517431633474
"Q9HBH5","RDH14","T1",35.1205735684489,38.0183946628579
"Q9HBI1","PARVB","T1",80.0339772700413,50.4359761785524
"Q9HBL0","TNS1","T1",38.7585404853233,39.9202605706329
"Q9HBL7","PLGRKT","T1",58.0563001948037,27.3124307160824
"Q9HC38","GLOD4","T1",24.1044590318452,33.3922686557144
"Q9HCC0","MCCC2","T1",27.491060976503,34.3325427841975
"Q9HCP6","HHATL","T1",52.3908360459749,37.7973944934847
"Q9HCU5","PREB","T1",44.5351072666551,20.5228886183436
"Q9HD33","MRPL47","T1",28.9199881112807,40.6684474284166
"Q9HDC5","JPH1","T1",43.0314330464088,34.7798799460166
"Q9HDC9","APMAP","T1",33.6249255587095,49.3145023698696
"Q9NNW7","TXNRD2","T1",42.2190692912462,34.8786556402805
"Q9NP72","RAB18","T1",27.045526483659,25.0756644381358
"Q9NP74","PALMD","T1",21.3111350387142,25.0141362441887
"Q9NP79","VTA1","T1",14.629384705447,36.7885704896366
"Q9NP81","SARS2","T1",10.1570280043073,54.6748762399963
"Q9NP97","DYNLRB1","T1",23.0855950044984,15.5927539648965
"Q9NP98","MYOZ1","T1",121.005399385808,106.656318629496
"Q9NPH2","ISYNA1","T1",41.1060586659276,53.5852853808389
"Q9NPJ3","ACOT13","T1",29.1556541974394,25.3465054717227
"Q9NPL8","TIMMDC1","T1",33.313888102628,45.7714548019501
"Q9NPQ8","RIC8A","T1",68.8619939547127,41.3160016772424
"Q9NQ50","MRPL40","T1",103.950049681713,58.6046955523935
"Q9NQ88","TIGAR","T1",44.9280986570926,107.133471414229
"Q9NQC3","RTN4","T1",53.8448986421437,31.5973716357708
"Q9NQE9","HINT3","T1",24.6867281562078,37.2749391916227
"Q9NQP4","PFDN4","T1",35.314085334619,37.7753196120559
"Q9NQR4","NIT2","T1",36.3110197010909,26.4668476587328
"Q9NQW7","XPNPEP1","T1",25.7765434760035,33.7733964862638
"Q9NQX3","GPHN","T1",40.2770564097275,22.0922469226837
"Q9NQY0","BIN3","T1",56.8835017775802,25.9631963160251
"Q9NR12","PDLIM7","T1",78.6001499396934,62.156028534573
"Q9NR19","ACSS2","T1",31.1195995399605,28.5036070916582
"Q9NR28","DIABLO","T1",21.9199824369923,48.2229882634399
"Q9NR31","SAR1A","T1",56.573399857726,31.0148796171574
"Q9NR45","NANS","T1",13.4455765787468,17.7266835263769
"Q9NR56","MBNL1","T1",24.1303897206504,26.8431523800429
"Q9NRG4","SMYD2","T1",23.1836821066933,12.6718033571976
"Q9NRG7","SDR39U1","T1",90.0806773984629,59.7296729951295
"Q9NRP0","OSTC","T1",28.9793718289389,40.0942383964637
"Q9NRV9","HEBP1","T1",6.97847478669398,18.6233298123353
"Q9NRX4","PHPT1","T1",39.8968211729382,46.2912511164764
"Q9NRY5","FAM114A2","T1",18.7470655344858,21.6765222114308
"Q9NS69","TOMM22","T1",15.7542557111431,13.907343405235
"Q9NS86","LANCL2","T1",32.5746895361393,33.5787430615997
"Q9NSD9","FARSB","T1",39.8601981657068,44.402390443899
"Q9NSE4","IARS2","T1",24.1187265218936,35.2615839913356
"Q9NSK7","C19orf12","T1",2.44231703947603,14.4281041254489
"Q9NT62","ATG3","T1",22.6395665463591,26.3893287872527
"Q9NTG7","SIRT3","T1",98.2263136569479,89.2946589477404
"Q9NTJ4","MAN2C1","T1",27.1444963646064,33.5822335670813
"Q9NTK5","OLA1","T1",17.1842441623883,15.7374419904547
"Q9NTM9","CUTC","T1",32.6998097362988,18.8145785539798
"Q9NTX5","ECHDC1","T1",26.2211527876554,62.5025367580392
"Q9NUJ1","ABHD10","T1",31.4433360652698,35.0954680539505
"Q9NUQ8","ABCF3","T1",13.7563513367313,31.5777670855817
"Q9NUQ9","FAM49B","T1",32.4363925878265,22.0935625157593
"Q9NUU7","DDX19A","T1",35.0119145300253,26.2515298435868
"Q9NVA2","SEPTIN11","T1",22.40757809416,21.2759502921402
"Q9NVD7","PARVA","T1",62.3610177952716,57.6809978328642
"Q9NVE7","PANK4","T1",35.0636691358969,11.9952182876015
"Q9NVH6","TMLHE","T1",32.9411088526397,28.9458236261695
"Q9NVI7","ATAD3A","T1",18.677940473811,29.7470613542178
"Q9NVJ2","ARL8B","T1",22.0853019073019,28.1661959326773
"Q9NVS9","PNPO","T1",38.825419072516,23.3380466170623
"Q9NWU1","OXSM","T1",49.7023920704946,37.4517394157042
"Q9NWU5","MRPL22","T1",24.2051519422369,19.6641314123237
"Q9NWV4","CZIB","T1",63.8828467220368,39.8503446927337
"Q9NX14","NDUFB11","T1",39.9919565838471,28.430467486651
"Q9NX40","OCIAD1","T1",19.0041309268107,41.6310534362556
"Q9NX46","ADPRHL2","T1",46.3837474898406,48.1299149439645
"Q9NX63","CHCHD3","T1",39.3464903035449,21.8210400313186
"Q9NXA8","SIRT5","T1",34.8956706493572,34.8934688075111
"Q9NXJ5","PGPEP1","T1",32.4878806730369,33.047243428275
"Q9NY33","DPP3","T1",13.6203413416808,33.5366200888008
"Q9NY65","TUBA8","T1",28.347206749326,26.5411508332181
"Q9NYL2","MAP3K20","T1",23.8180148369549,31.7489592838371
"Q9NYU2","UGGT1","T1",26.1602937906658,16.4957581435043
"Q9NZ01","TECR","T1",51.9009620679792,40.9905007165405
"Q9NZ08","ERAP1","T1",68.5282998003033,55.4841432418716
"Q9NZ45","CISD1","T1",16.7846820113943,27.7907307585022
"Q9NZA1","CLIC5","T1",27.4317985901459,30.3206665688614
"Q9NZJ6","COQ3","T1",46.6106446860092,25.2618387494028
"Q9NZL4","HSPBP1","T1",46.8803080584781,25.575846112518
"Q9NZL9","MAT2B","T1",41.4750772862798,29.2374137743231
"Q9NZM1","MYOF","T1",25.9954552339446,26.2367868315047
"Q9NZN4","EHD2","T1",21.6775064896868,34.0374841887778
"Q9NZQ9","TMOD4","T1",119.998580226634,51.1767068572357
"Q9NZU5","LMCD1","T1",23.2812023319045,16.8729065737635
"Q9P003","CNIH4","T1",36.2958320817331,40.469615864601
"Q9P032","NDUFAF4","T1",80.2732495003775,25.0152193324502
"Q9P0J0","NDUFA13","T1",38.76210518039,23.3961514235151
"Q9P0J1","PDP1","T1",25.3016332395598,11.9723279419243
"Q9P0L0","VAPA","T1",48.230027941601,35.6435857337158
"Q9P0P8","MTRES1","T1",25.6948989140282,25.6886186561365
"Q9P0S9","TMEM14C","T1",124.055865659773,55.2014449748928
"Q9P0U1","TOMM7","T1",52.6908778467066,52.5184165621606
"Q9P2J5","LARS1","T1",34.4776403342203,12.0769265071545
"Q9P2R7","SUCLA2","T1",10.7778306599603,19.6724503630787
"Q9UBB4","ATXN10","T1",67.0349855530322,41.9370246708037
"Q9UBC2","EPS15L1","T1",86.9656088120923,41.8740353986025
"Q9UBF6","RNF7","T1",27.7103196671431,43.8012655680012
"Q9UBF9","MYOT","T1",78.9868445085726,53.68568245489
"Q9UBG0","MRC2","T1",24.842031217333,14.3567899103992
"Q9UBI6","GNG12","T1",29.6587206243614,38.8091837117741
"Q9UBQ0","VPS29","T1",50.4931432455218,42.4654459203958
"Q9UBQ5","EIF3K","T1",22.280372111544,22.7797400613902
"Q9UBQ7","GRHPR","T1",19.4380226650256,15.9311275586813
"Q9UBT2","UBA2","T1",34.8219240072565,24.7433442325031
"Q9UBW8","COPS7A","T1",16.068694392065,11.0637180554065
"Q9UBX5","FBLN5","T1",29.0982425003348,38.1924249756325
"Q9UBY9","HSPB7","T1",36.2259883052591,15.4216485416243
"Q9UDT6","CLIP2","T1",31.8570040204159,27.0994632661734
"Q9UDW1","UQCR10","T1",30.7459689239769,24.0418269952749
"Q9UDX5","MTFP1","T1",7.56574973607894,24.6303817189359
"Q9UDY4","DNAJB4","T1",31.4258970780888,45.0947654519292
"Q9UFN0","NIPSNAP3A","T1",15.7024240418529,40.5680087649724
"Q9UG63","ABCF2","T1",20.2818872155044,38.2968934364585
"Q9UHA4","LAMTOR3","T1",35.8113914456842,20.3810878277249
"Q9UHD1","CHORDC1","T1",100.04594465279,28.8204839057142
"Q9UHD8","SEPTIN9","T1",19.2277629780502,13.2980736050841
"Q9UHG3","PCYOX1","T1",14.9370306044319,27.2732267571155
"Q9UHP9","SMPX","T1",82.5102130463602,55.5839158809869
"Q9UHQ4","BCAP29","T1",23.5859883971562,25.1805995191373
"Q9UHQ9","CYB5R1","T1",23.967385163218,23.967928316706
"Q9UHV9","PFDN2","T1",26.704004581477,32.0898608077896
"Q9UHY7","ENOPH1","T1",24.5247751933687,25.49362298565
"Q9UI09","NDUFA12","T1",42.911409384715,26.6572222572592
"Q9UI12","ATP6V1H","T1",28.7460991640539,54.7476977266773
"Q9UI30","TRMT112","T1",55.8994186780066,19.9876279244935
"Q9UIA9","XPO7","T1",26.9675262743872,16.7738419350244
"Q9UIC8","LCMT1","T1",39.2461243591636,19.8582418427211
"Q9UIJ7","AK3","T1",32.7360728530522,40.6145164217888
"Q9UIQ6","LNPEP","T1",33.267440435612,0
"Q9UJ70","NAGK","T1",29.617979365775,27.799127831324
"Q9UJS0","SLC25A13","T1",29.3606684679231,13.0052758452851
"Q9UJW0","DCTN4","T1",9.89874301085818,28.3159442921588
"Q9UJY1","HSPB8","T1",35.5392259127511,24.752503863402
"Q9UJZ1","STOML2","T1",31.0366467765636,24.5061002289062
"Q9UKG1","APPL1","T1",21.8116371641946,38.3460733576406
"Q9UKS6","PACSIN3","T1",33.7668234704457,16.5612692933639
"Q9UKU7","ACAD8","T1",35.778054402831,29.1934973312236
"Q9UKV8","AGO2","T1",8.40100165544018,34.1952281145238
"Q9UKX2","MYH2","T1",127.323476096876,48.1775990039931
"Q9UKX3","MYH13","T1",62.2433580796735,62.2333175761645
"Q9UKY7","CDV3","T1",25.2689095499529,30.5782192097454
"Q9UL25","RAB21","T1",67.7462550214145,48.7736983882351
"Q9UL46","PSME2","T1",93.486122766271,55.8377897846668
"Q9ULA0","DNPEP","T1",25.0061025890857,25.4135363979382
"Q9ULC4","MCTS1","T1",51.5642987132236,35.0849726853059
"Q9ULT8","HECTD1","T1",18.885559308269,20.8292043563088
"Q9ULX7","CA14","T1",20.6292269711458,34.7348249477959
"Q9UM00","TMCO1","T1",68.1274949692193,50.3366627784603
"Q9UM22","EPDR1","T1",51.9016960054551,38.5105940514448
"Q9UM54","MYO6","T1",23.4919713835049,31.1499146339976
"Q9UMR2","DDX19B","T1",111.735382492199,81.4406410534426
"Q9UMS0","NFU1","T1",44.7675561501543,43.3443162472557
"Q9UMS6","SYNPO2","T1",68.5923738484516,50.0109312243117
"Q9UMX0","UBQLN1","T1",44.2484161237983,23.631810853025
"Q9UN36","NDRG2","T1",21.6463407184232,22.9492871781838
"Q9UN37","VPS4A","T1",34.256231606239,30.2898521287648
"Q9UNE7","STUB1","T1",31.4329616340142,37.897844053468
"Q9UNM6","PSMD13","T1",38.8886117385209,25.0271582023637
"Q9UNS2","COPS3","T1",34.5467264957128,43.8189983862854
"Q9UNZ2","NSFL1C","T1",19.3971619406205,19.5329661619032
"Q9UPR0","PLCL2","T1",24.5477592307077,11.4850769790934
"Q9UPY8","MAPRE3","T1",19.7777354326016,49.4188432274157
"Q9UQ13","SHOC2","T1",7.95280468502387,47.0994360729857
"Q9UQ80","PA2G4","T1",28.2517238362544,21.980593346621
"Q9UQ90","SPG7","T1",12.4876412585651,18.1632021377144
"Q9UQM7","CAMK2A","T1",24.7592843117339,37.1120688254137
"Q9Y224","RTRAF","T1",66.4500370503574,36.8186213608119
"Q9Y230","RUVBL2","T1",25.3235094658356,40.4753325469433
"Q9Y235","APOBEC2","T1",21.1701262264134,39.0934708094782
"Q9Y237","PIN4","T1",33.249039260896,27.6845646053886
"Q9Y241","HIGD1A","T1",61.0116179528967,37.6611396953312
"Q9Y262","EIF3L","T1",25.382378655088,26.2099643530765
"Q9Y263","PLAA","T1",37.643509486001,52.8042129405173
"Q9Y265","RUVBL1","T1",28.1024608222318,28.268114684371
"Q9Y266","NUDC","T1",27.6375388059653,27.8404364749843
"Q9Y276","BCS1L","T1",78.1441937196817,57.3568078097907
"Q9Y277","VDAC3","T1",33.3567712287074,18.2768856569542
"Q9Y281","CFL2","T1",15.2719756077299,21.7766739253044
"Q9Y285","FARSA","T1",86.5969852100459,52.1416430630945
"Q9Y295","DRG1","T1",89.2513384334709,75.0776857509584
"Q9Y2B0","CNPY2","T1",35.8287277159464,38.3056936783419
"Q9Y2H1","STK38L","T1",35.0935299908456,29.6830442255326
"Q9Y2J8","PADI2","T1",20.7159255270302,11.8106441412566
"Q9Y2Q3","GSTK1","T1",34.7354572475209,26.0117847653921
"Q9Y2Q5","LAMTOR2","T1",7.46357588639604,21.3039970544501
"Q9Y2Q9","MRPS28","T1",26.2682917270433,31.8583975371474
"Q9Y2R0","COA3","T1",52.2307626085294,48.2927773011018
"Q9Y2R5","MRPS17","T1",47.2892495327397,28.8046392250678
"Q9Y2S7","POLDIP2","T1",51.4784358479809,53.384305473846
"Q9Y2Z0","SUGT1","T1",16.6214198085313,43.2400066551963
"Q9Y2Z9","COQ6","T1",18.9817962991128,40.9286135723562
"Q9Y305","ACOT9","T1",47.5623118503069,46.3594037185857
"Q9Y316","MEMO1","T1",35.8822742686432,31.8002141432143
"Q9Y333","LSM2","T1",26.6614155812746,145.723528288913
"Q9Y371","SH3GLB1","T1",41.4409082727212,32.9667292762449
"Q9Y376","CAB39","T1",43.8024715088519,20.8675929941188
"Q9Y394","DHRS7","T1",22.0081712169504,11.9937183068747
"Q9Y3A3","MOB4","T1",21.4667478543921,36.0185373278606
"Q9Y3A5","SBDS","T1",52.4890541105027,16.8061558142155
"Q9Y3A6","TMED5","T1",27.8350946842821,36.2216841592239
"Q9Y3C4","TPRKB","T1",10.1577263339098,41.1249217219699
"Q9Y3C6","PPIL1","T1",42.8975261148826,38.1996952868711
"Q9Y3D2","MSRB2","T1",9.21004706171687,33.5124335736541
"Q9Y3D3","MRPS16","T1",32.5451194293257,27.1353783136516
"Q9Y3D6","FIS1","T1",67.1852758048814,46.3633702170718
"Q9Y3D9","MRPS23","T1",18.5999766161029,53.1959593885343
"Q9Y3F4","STRAP","T1",28.6595434922053,32.0109809412347
"Q9Y3I0","RTCB","T1",29.1706850090386,6.12976490345123
"Q9Y3I1","FBXO7","T1",36.9582826184027,60.8208157943294
"Q9Y3U8","RPL36","T1",25.3193320607738,13.2633276275518
"Q9Y450","HBS1L","T1",22.5432342331733,16.2241630468496
"Q9Y490","TLN1","T1",24.2135472527246,21.8927728751969
"Q9Y4E8","USP15","T1",48.2661829899969,21.2558910224226
"Q9Y4G6","TLN2","T1",27.1325141378563,27.3270261798983
"Q9Y4J8","DTNA","T1",26.3525885327235,20.7767717574639
"Q9Y4L1","HYOU1","T1",15.790861803276,28.8039011100633
"Q9Y4W6","AFG3L2","T1",19.8822705840476,28.326433472056
"Q9Y4Z0","LSM4","T1",34.5890551989631,40.8442050255373
"Q9Y508","RNF114","T1",29.9063977776482,48.9065050993294
"Q9Y512","SAMM50","T1",46.0884656035042,25.8425049998821
"Q9Y570","PPME1","T1",47.4456934495484,35.8516805639879
"Q9Y5J7","TIMM9","T1",35.1077552011581,34.7660195635411
"Q9Y5K5","UCHL5","T1",31.0768485488981,7.10214248835087
"Q9Y5L0","TNPO3","T1",69.9262207162691,52.2070718928725
"Q9Y5L4","TIMM13","T1",60.1895448152324,48.2228493738319
"Q9Y5M8","SRPRB","T1",30.6257357051291,29.9911332861097
"Q9Y5P6","GMPPB","T1",23.0138804137307,50.993545030769
"Q9Y5U8","MPC1","T1",131.872254182683,71.1118234824514
"Q9Y5X3","SNX5","T1",33.0312221275131,27.8631211336727
"Q9Y5Y2","NUBP2","T1",41.1812931693888,25.2826992808592
"Q9Y5Z4","HEBP2","T1",28.8362479697209,32.9378660372828
"Q9Y613","FHOD1","T1",20.1626078398351,15.6638446214382
"Q9Y623","MYH4","T1",89.8426538451036,80.0873134535543
"Q9Y676","MRPS18B","T1",35.1356112675269,30.5703635351975
"Q9Y696","CLIC4","T1",73.3261345376733,25.7868213589096
"Q9Y6A9","SPCS1","T1",18.5533835694952,37.1318554876025
"Q9Y6B6","SAR1B","T1",55.0366924214507,34.4958565884849
"Q9Y6C9","MTCH2","T1",41.9960799511007,16.3792958179838
"Q9Y6E2","BZW2","T1",28.0306823455309,18.130077913508
"Q9Y6G9","DYNC1LI1","T1",36.8582540090093,14.7275821560001
"Q9Y6H1","CHCHD2","T1",27.829402398299,32.2191116133081
"Q9Y6M9","NDUFB9","T1",48.2722539143312,24.9520533597215
"Q9Y6N5","SQOR","T1",13.9087494307954,47.7695399184601
"Q9Y6P5","SESN1","T1",36.0188680972102,21.3360966990225
"A0FGR8","ESYT2","T2",7.13567895496081,29.9280365767922
"A1L0T0","ILVBL","T2",13.9170063977423,28.6232502269801
"A5D6W6","FITM1","T2",54.2909193298428,85.9427949956978
"A5YM72","CARNS1","T2",42.2509538549406,28.4555562282765
"A6NCE7","MAP1LC3B2","T2",41.5991678552424,24.2152443536625
"A6NDG6","PGP","T2",28.7785118325271,14.6689313703997
"A6NNS2","DHRS7C","T2",38.6519075222338,34.934542272807
"A8MU46","SMTNL1","T2",38.4104969211546,31.2404355779417
"A8MXV4","NUDT19","T2",24.19938276895,38.3427529455438
"E9PAV3","NACA","T2",36.337283513799,12.0180803778158
"L0R6Q1","SLC35A4","T2",51.7631037110526,34.4903123389596
"O00151","PDLIM1","T2",45.9096984954089,36.2476919318558
"O00159","MYO1C","T2",32.6092772996208,28.367835322186
"O00168","FXYD1","T2",31.2451524875296,41.8928044841289
"O00186","STXBP3","T2",20.4475166619989,7.76397017692913
"O00217","NDUFS8","T2",20.6236199895076,29.6009171361782
"O00231","PSMD11","T2",16.6885490342807,11.0961132876164
"O00232","PSMD12","T2",12.1655426010776,12.3340953302341
"O00233","PSMD9","T2",27.9082811370535,16.8927234518523
"O00264","PGRMC1","T2",26.9667844503288,24.2646646146103
"O00299","CLIC1","T2",14.7513263000417,80.6655320749407
"O00303","EIF3F","T2",9.9861871438064,19.772677492435
"O00330","PDHX","T2",9.69366274971614,21.0180923797868
"O00410","IPO5","T2",25.7601696265481,23.8856767727959
"O00423","EML1","T2",20.6506389315326,29.5990135640792
"O00429","DNM1L","T2",25.124366577082,26.2705259278601
"O00442","RTCA","T2",22.9515884481191,52.589795194612
"O00483","NDUFA4","T2",36.5225961111101,35.9890904058151
"O00487","PSMD14","T2",32.624262244178,21.8817982582752
"O00499","BIN1","T2",20.1012412177838,19.5708532692751
"O00505","KPNA3","T2",29.1823232675226,26.3408697110408
"O00571","DDX3X","T2",19.1545234418916,31.4979721635782
"O00629","KPNA4","T2",30.0955236105174,26.0484235606032
"O00748","CES2","T2",26.5371768473864,44.0737170504515
"O00757","FBP2","T2",19.8106584173119,23.7879517447008
"O00763","ACACB","T2",12.5196018452301,21.6426453010844
"O00764","PDXK","T2",23.8431710465334,28.678148556584
"O14521","SDHD","T2",25.5541062960084,54.506386298443
"O14556","GAPDHS","T2",55.3994721517273,72.3280546027698
"O14558","HSPB6","T2",27.5517575827721,25.1848129819007
"O14561","NDUFAB1","T2",29.6866667972456,30.2908462083728
"O14618","CCS","T2",10.2964211758574,19.7498276883879
"O14653","GOSR2","T2",73.2863029626517,62.7087162936259
"O14732","IMPA2","T2",68.5920604399692,25.5560225178388
"O14737","PDCD5","T2",21.6968968054082,22.749981174919
"O14744","PRMT5","T2",16.7876688428971,16.9354297530177
"O14818","PSMA7","T2",6.60735995762568,18.0949836131471
"O14841","OPLAH","T2",24.5635914033342,37.3246830487511
"O14874","BCKDK","T2",31.7134340996194,45.0210729214746
"O14880","MGST3","T2",48.7691615353526,35.8439764395531
"O14949","UQCRQ","T2",14.8784230156721,50.247504544978
"O14950","MYL12B","T2",47.7901843947075,46.1414794721453
"O14957","UQCR11","T2",50.4054217966374,63.5695528427505
"O14958","CASQ2","T2",41.817423387923,13.2660102339863
"O14979","HNRNPDL","T2",27.9244629699326,30.8474719460136
"O14980","XPO1","T2",12.2733058895948,43.9957700789756
"O14983","ATP2A1","T2",23.8778984120665,21.3995769772678
"O15061","SYNM","T2",48.3833610341049,86.7225209375007
"O15143","ARPC1B","T2",49.0884011510203,19.7387182140032
"O15144","ARPC2","T2",20.0977345842778,53.6227435122442
"O15145","ARPC3","T2",57.948099973445,73.9330400666365
"O15173","PGRMC2","T2",23.8007517054461,35.2247427032515
"O15212","PFDN6","T2",18.9173065574056,33.7343675303976
"O15273","TCAP","T2",46.3706553973239,69.0498717409941
"O15305","PMM2","T2",40.2566764349318,39.2121423455754
"O15371","EIF3D","T2",30.9563536280481,30.5494243584352
"O15382","BCAT2","T2",41.4362000135315,42.851178207663
"O15400","STX7","T2",21.7117545337781,25.178735931146
"O15498","YKT6","T2",20.226243942478,33.4658208238713
"O43169","CYB5B","T2",19.5782658212165,31.135063173194
"O43181","NDUFS4","T2",32.8300850079828,42.2351737842137
"O43237","DYNC1LI2","T2",29.3824386474843,29.2625308847935
"O43242","PSMD3","T2",19.6047910278701,21.6477921133644
"O43374","RASA4","T2",27.8120770222857,49.9715314178877
"O43390","HNRNPR","T2",20.1052681974354,15.4684192434446
"O43396","TXNL1","T2",17.0429672806161,24.0867562064368
"O43399","TPD52L2","T2",16.1198853178168,32.1186749407824
"O43414","ERI3","T2",24.3061240776705,33.1392135610695
"O43464","HTRA2","T2",19.3036903739787,14.8832226842098
"O43488","AKR7A2","T2",17.6837136761309,39.2245088692552
"O43491","EPB41L2","T2",35.5036951873739,57.9032519719788
"O43583","DENR","T2",44.9014995733067,23.7609428691838
"O43598","DNPH1","T2",65.0422415233759,26.1043981268586
"O43615","TIMM44","T2",32.8223817288906,39.7887721603704
"O43617","TRAPPC3","T2",27.2820118586079,38.1637202343006
"O43633","CHMP2A","T2",16.0428311879237,27.0844840600178
"O43674","NDUFB5","T2",62.8817164260716,47.0320611359709
"O43676","NDUFB3","T2",17.495695798343,23.9075609589837
"O43678","NDUFA2","T2",30.0928360207448,26.3320015526823
"O43681","ASNA1","T2",19.293500966308,19.6287058837828
"O43707","ACTN4","T2",132.040274319815,197.133328299522
"O43708","GSTZ1","T2",54.8546766402642,25.3775293776638
"O43741","PRKAB2","T2",28.7016328401361,31.1554967376373
"O43747","AP1G1","T2",27.2618959989586,22.5275546196586
"O43760","SYNGR2","T2",22.7486008133799,30.7522654376388
"O43765","SGTA","T2",15.2884745804392,17.801870255951
"O43768","ENSA","T2",27.1370041989954,58.4027403906089
"O43772","SLC25A20","T2",27.9153165024527,33.5713466447573
"O43776","NARS1","T2",25.4041846752517,17.3365990605576
"O43813","LANCL1","T2",27.8913772259896,44.2785450262618
"O43837","IDH3B","T2",21.1255607860821,14.4535380031276
"O43852","CALU","T2",8.87356617204892,21.2968086728462
"O43865","AHCYL1","T2",17.8074953303058,37.3818790668126
"O43920","NDUFS5","T2",11.880973483788,45.1319145238123
"O60220","TIMM8A","T2",29.6788952429885,49.7502536384791
"O60237","PPP1R12B","T2",58.9055417267738,67.873232747415
"O60256","PRPSAP2","T2",78.3091472875571,46.4771862908613
"O60313","OPA1","T2",32.0569999142317,22.5658629691753
"O60493","SNX3","T2",36.9791156108928,31.1376553501342
"O60506","SYNCRIP","T2",21.0897215414871,19.5091618824769
"O60610","DIAPH1","T2",20.6713240421478,56.2770919965034
"O60662","KLHL41","T2",30.8490811152593,44.3969389474132
"O60664","PLIN3","T2",10.6111492674438,29.6518419942003
"O60684","KPNA6","T2",19.1579197525254,33.1806910338559
"O60749","SNX2","T2",19.8190000968109,45.0289855738632
"O60763","USO1","T2",19.7794638644818,22.0820464117731
"O60784","TOM1","T2",26.980477679874,20.1429437824279
"O60825","PFKFB2","T2",29.7854099545557,39.1208279681352
"O60826","CCDC22","T2",63.2270822530732,40.4108580880647
"O60841","EIF5B","T2",19.3892082174028,21.9144487172283
"O60884","DNAJA2","T2",21.6679870545524,31.4785389744795
"O60936","NOL3","T2",11.7907567516078,31.9933679744425
"O75027","ABCB7","T2",19.4301621784012,41.4515530207607
"O75083","WDR1","T2",14.2163438566986,22.2036167716977
"O75112","LDB3","T2",13.5803678331317,34.3170307195264
"O75122","CLASP2","T2",15.1288168566386,43.6319368212984
"O75128","COBL","T2",42.4615607948473,36.0274476482439
"O75131","CPNE3","T2",14.8684626640692,13.7521064031405
"O75153","CLUH","T2",12.7653948340359,10.3021311753469
"O75155","CAND2","T2",21.6223691467689,22.6319400877825
"O75208","COQ9","T2",8.34014721019695,21.4234576442827
"O75223","GGCT","T2",8.14927039480131,16.910365258851
"O75251","NDUFS7","T2",33.6611101179585,47.5746044643571
"O75298","RTN2","T2",22.6277246993651,30.1462261726111
"O75306","NDUFS2","T2",20.7806737193226,25.7417998229856
"O75323","NIPSNAP2","T2",16.8515083243106,45.1958338650601
"O75340","PDCD6","T2",20.2362604099228,33.337612953385
"O75347","TBCA","T2",23.4419225427513,16.7640877427105
"O75348","ATP6V1G1","T2",14.0872751922793,22.2886730792669
"O75351","VPS4B","T2",11.364566588304,20.6901560508836
"O75352","MPDU1","T2",38.7739916714209,14.9060627827759
"O75368","SH3BGRL","T2",57.871308665864,80.4485254093725
"O75369","FLNB","T2",32.0943548831166,27.5699955508356
"O75380","NDUFS6","T2",61.1250063407382,44.117581887561
"O75390","CS","T2",11.1230435150591,29.5319550404966
"O75396","SEC22B","T2",31.3224899882716,36.8386295541682
"O75431","MTX2","T2",28.1769617512351,71.997117869133
"O75436","VPS26A","T2",7.20814682866499,25.425211719581
"O75438","NDUFB1","T2",29.7755337784052,31.6466656460256
"O75439","PMPCB","T2",76.5954215541434,39.3774596985494
"O75489","NDUFS3","T2",24.6302461277506,25.9442737180392
"O75521","ECI2","T2",19.813050766249,39.5930912797771
"O75531","BANF1","T2",31.2940550330388,47.0484759604966
"O75534","CSDE1","T2",36.995666058652,21.2351069598834
"O75569","PRKRA","T2",25.6117824669692,50.7373511659777
"O75608","LYPLA1","T2",19.9834039434803,15.7125635554313
"O75663","TIPRL","T2",74.922456864645,54.8649746196266
"O75688","PPM1B","T2",29.6737421602405,18.8419819326711
"O75746","SLC25A12","T2",16.8202528865165,24.3629246753789
"O75821","EIF3G","T2",16.9146901112644,40.7973950316767
"O75822","EIF3J","T2",30.5814736532608,25.1581136256746
"O75832","PSMD10","T2",30.9435373660695,19.0693092041536
"O75874","IDH1","T2",34.3409337965426,11.0511270977412
"O75891","ALDH1L1","T2",24.3446782627069,20.1700361365796
"O75915","ARL6IP5","T2",29.7908147045781,27.3166591637231
"O75923","DYSF","T2",14.8793890907141,15.5393839139057
"O75935","DCTN3","T2",31.201445446762,32.9813982646656
"O75947","ATP5PD","T2",12.4480158354149,35.7757327871239
"O75955","FLOT1","T2",27.4721294776459,18.4950113469659
"O75964","ATP5MG","T2",12.9476604632071,29.4663929434106
"O76003","GLRX3","T2",38.4151456217573,26.803772423517
"O94760","DDAH1","T2",15.3625059638547,24.524036924458
"O94811","TPPP","T2",76.5718575767661,42.5265684257069
"O94826","TOMM70","T2",37.780086940084,28.8372917755507
"O94874","UFL1","T2",23.5577246388177,28.7272439994611
"O94903","PLPBP","T2",36.1557795005058,25.5633269623301
"O94905","ERLIN2","T2",25.4614338156073,30.1442305803324
"O94919","ENDOD1","T2",23.278488537363,15.1475540023881
"O94979","SEC31A","T2",18.6888502232012,29.1139315493901
"O95139","NDUFB6","T2",38.8077547517856,40.1864903346726
"O95140","MFN2","T2",21.9428729292518,40.1922577036775
"O95167","NDUFA3","T2",30.8067697468526,37.0600698361481
"O95168","NDUFB4","T2",20.0198376370625,32.7147137010221
"O95169","NDUFB8","T2",25.1835752158415,57.8740808254465
"O95182","NDUFA7","T2",28.2870848836547,32.3220937528258
"O95197","RTN3","T2",31.876070225404,34.6183023242572
"O95202","LETM1","T2",24.9065004697263,39.2661805378359
"O95210","STBD1","T2",47.5936515104156,18.2571053849671
"O95278","EPM2A","T2",21.6394612429627,41.4583113739354
"O95292","VAPB","T2",34.013094289089,31.23801924375
"O95298","NDUFC2","T2",39.2118098059123,37.3373194319317
"O95299","NDUFA10","T2",34.6459336825552,21.4569305151459
"O95336","PGLS","T2",31.1918090329263,52.3165628480518
"O95359","TACC2","T2",14.8412981446226,33.3603065993886
"O95372","LYPLA2","T2",24.8067721686343,25.4326742907518
"O95373","IPO7","T2",23.7493835406592,37.1781627969016
"O95376","ARIH2","T2",39.1281332221737,43.8548588112692
"O95433","AHSA1","T2",39.17468965024,39.9959828234988
"O95479","H6PD","T2",20.6491405214223,28.6510454463274
"O95563","MPC2","T2",21.7620549936352,46.7032201598904
"O95571","ETHE1","T2",8.1962786252697,36.8515171979953
"O95573","ACSL3","T2",18.3467398357244,15.9930710687569
"O95747","OXSR1","T2",19.1811877762657,31.0171668581308
"O95782","AP2A1","T2",15.7495489225458,33.0322365834943
"O95810","CAVIN2","T2",35.8526530458682,24.4252768561533
"O95817","BAG3","T2",22.9234617418048,25.4712009074389
"O95822","MLYCD","T2",23.099809218579,25.2096536970015
"O95831","AIFM1","T2",11.990188633514,17.3301851178198
"O95834","EML2","T2",21.8232779942232,23.8061013055956
"O95861","BPNT1","T2",20.0446965239262,20.6544941214437
"O95865","DDAH2","T2",24.7268392207057,37.039283393827
"O95870","ABHD16A","T2",11.4728028042198,22.9097493425752
"O95881","TXNDC12","T2",37.2166924140886,37.7052541321964
"O95989","NUDT3","T2",29.4017387914568,22.4060349300307
"O96000","NDUFB10","T2",25.1407396077298,14.4609516115013
"O96007","MOCS2","T2",45.9466847212616,25.7838103455263
"O96008","TOMM40","T2",25.81600604847,24.8642438127565
"P00156","MT-CYB","T2",30.9223411704201,38.0645007846469
"P00167","CYB5A","T2",28.7745319034258,23.3066469564787
"P00325","ADH1B","T2",77.0458159800195,45.452120235568
"P00338","LDHA","T2",38.6425521536949,23.9552853749774
"P00352","ALDH1A1","T2",39.5999589384515,48.9254957473406
"P00367","GLUD1","T2",15.9510340042723,21.6201713072233
"P00387","CYB5R3","T2",22.1570982884718,30.1334151744616
"P00390","GSR","T2",14.23049112984,24.6969974327724
"P00395","MT-CO1","T2",80.8339509836571,44.2647356282825
"P00403","MT-CO2","T2",26.3955101209008,38.1035671586817
"P00441","SOD1","T2",24.9948153450044,5.80003332802277
"P00491","PNP","T2",96.7536568663831,48.4616627927019
"P00492","HPRT1","T2",23.3924432426149,47.5596384502958
"P00505","GOT2","T2",13.9311333056692,25.3628800970477
"P00558","PGK1","T2",20.3830052163407,13.3047980784945
"P00568","AK1","T2",26.0023384593809,16.8138913943681
"P00846","MT-ATP6","T2",22.0742877993408,48.6830304225173
"P00918","CA2","T2",31.3895766052622,26.8615131151904
"P00966","ASS1","T2",49.8537144412408,37.4152301629546
"P01116","KRAS","T2",34.7718770522181,31.8858267177215
"P01889","HLA-B","T2",20.5495794372753,39.4498229635396
"P01903","HLA-DRA","T2",17.3277387597801,83.5789526107232
"P02144","MB","T2",26.4052628908082,17.7655187177743
"P02511","CRYAB","T2",20.669823083746,28.1042722577463
"P02545","LMNA","T2",33.7189007930922,91.0197602695426
"P02585","TNNC2","T2",57.7334115608101,41.5602857242464
"P02786","TFRC","T2",53.8343142786574,44.2693553373953
"P02792","FTL","T2",69.8706377502103,110.940745119426
"P02794","FTH1","T2",40.4597693139051,44.3508462241883
"P03886","MT-ND1","T2",27.662659142201,45.7914810345994
"P03891","MT-ND2","T2",44.9213294911118,39.8473839476554
"P03897","MT-ND3","T2",38.6204687082157,55.4789275459722
"P03905","MT-ND4","T2",37.0633811017035,25.193675571072
"P03915","MT-ND5","T2",33.8989457923568,36.5512662169966
"P03928","MT-ATP8","T2",25.8688614169636,38.2537074231582
"P04040","CAT","T2",51.1750470051385,42.2764545601859
"P04075","ALDOA","T2",15.464113153462,18.7526116686966
"P04080","CSTB","T2",26.7280124159979,24.8938901031569
"P04179","SOD2","T2",24.8058331460878,43.10081783893
"P04216","THY1","T2",26.4184951247016,194.546153137166
"P04264","KRT1","T2",168.896957158663,97.161754033072
"P04406","GAPDH","T2",26.2966342104327,13.1089426460092
"P04439","HLA-A","T2",45.5007186534889,49.6250150669105
"P04632","CAPNS1","T2",18.6928237741771,20.2542570138063
"P04792","HSPB1","T2",20.9289095245611,18.2199350516058
"P04843","RPN1","T2",9.21331466304632,26.4461637106595
"P04844","RPN2","T2",8.88773350518762,36.078690761892
"P04899","GNAI2","T2",30.2615279711693,62.2743692874395
"P04921","GYPC","T2",46.7630674255598,28.763440080758
"P05023","ATP1A1","T2",13.885887435865,15.62533900993
"P05026","ATP1B1","T2",33.1508665895873,38.8339882073023
"P05091","ALDH2","T2",49.6188329319523,36.7450043424729
"P05141","SLC25A5","T2",56.6485017427577,41.7144588961509
"P05164","MPO","T2",23.6610541038229,21.2891864519277
"P05165","PCCA","T2",32.3192422501945,72.9168162585839
"P05166","PCCB","T2",28.2219799223147,23.2063304510455
"P05198","EIF2S1","T2",22.441192086262,23.3087886817407
"P05386","RPLP1","T2",48.6008860854605,55.1617249277972
"P05387","RPLP2","T2",16.2645332829371,33.1042404285565
"P05388","RPLP0","T2",19.5015859745946,24.6760870391995
"P05413","FABP3","T2",22.9840498780028,25.1837812585393
"P05455","SSB","T2",30.9955802275299,103.400947490779
"P05556","ITGB1","T2",24.2370340203142,28.2638926668208
"P05787","KRT8","T2",178.874374660351,81.4450702692238
"P05976","MYL1","T2",43.7971323554828,64.0021388682064
"P06132","UROD","T2",24.959804130093,21.6447709463561
"P06576","ATP5F1B","T2",10.5361487888635,15.3567716517818
"P06703","S100A6","T2",133.481600690459,90.269160349191
"P06730","EIF4E","T2",33.116157485314,17.0698687521701
"P06732","CKM","T2",13.8039481928359,17.2448343901451
"P06733","ENO1","T2",15.8220669965173,19.5283479884948
"P06737","PYGL","T2",56.6006811400911,75.992752555385
"P06748","NPM1","T2",32.1687910146261,40.0416063122975
"P06753","TPM3","T2",98.1590946179176,118.749019766251
"P07099","EPHX1","T2",24.5397193806244,38.9413992205018
"P07108","DBI","T2",23.4618291555868,36.0391404246017
"P07195","LDHB","T2",40.173430994841,28.1702127785876
"P07203","GPX1","T2",28.2509093388402,21.0789479218401
"P07237","P4HB","T2",14.2256013173024,32.4605110427487
"P07305","H1-0","T2",49.5106588536254,65.602551319932
"P07384","CAPN1","T2",10.4417394687242,9.66373979013612
"P07437","TUBB","T2",13.7482990398291,50.3917022357721
"P07451","CA3","T2",31.3368164572544,28.5396067439275
"P07585","DCN","T2",42.5497246763355,43.4047103789063
"P07602","PSAP","T2",26.8746248023609,41.8397633032241
"P07737","PFN1","T2",12.9887953018446,30.9277032240489
"P07738","BPGM","T2",58.7046867038648,47.0048206163014
"P07741","APRT","T2",34.7021621155602,33.9221001327326
"P07814","EPRS1","T2",15.131506500959,20.5228200681969
"P07900","HSP90AA1","T2",16.5955421772451,27.7109944872474
"P07910","HNRNPC","T2",19.4747413633346,19.8561138983577
"P07919","UQCRH","T2",14.5104924134764,64.5844232138574
"P07951","TPM2","T2",78.9916062040828,102.222472790734
"P07954","FH","T2",8.14923649510249,15.1982974504325
"P08123","COL1A2","T2",105.260516533946,218.769610975557
"P08133","ANXA6","T2",14.5080886796338,16.5354636324138
"P08237","PFKM","T2",17.8720788877493,10.5744053855098
"P08238","HSP90AB1","T2",11.0659214234662,19.9201770296809
"P08311","CTSG","T2",37.0725139802474,23.0800285570444
"P08473","MME","T2",55.0430977308599,36.1671837478367
"P08559","PDHA1","T2",11.2394742332224,21.3233435093811
"P08572","COL4A2","T2",19.1741408138343,177.424537325163
"P08574","CYC1","T2",17.0182090870049,35.854983039891
"P08590","MYL3","T2",53.4918781326488,65.8621575967536
"P08670","VIM","T2",77.7974165904105,122.722906971699
"P08708","RPS17","T2",50.9892007512654,39.2994579921997
"P08758","ANXA5","T2",21.2505629888506,55.2313013767871
"P08865","RPSA","T2",20.4236929969125,37.8094582908638
"P08962","CD63","T2",18.0382229617664,71.0726494334213
"P09104","ENO2","T2",78.4472512817397,99.0428373550716
"P09110","ACAA1","T2",23.2668003443286,47.2038794364554
"P09211","GSTP1","T2",16.4892180602854,23.5185386086532
"P09417","QDPR","T2",16.0798682174174,16.8736104997417
"P09429","HMGB1","T2",31.7960007033746,39.491574180092
"P09467","FBP1","T2",34.6582881551952,50.8491136721666
"P09488","GSTM1","T2",92.5545903764239,102.456930537101
"P09493","TPM1","T2",82.8776361988926,87.7327089334838
"P09497","CLTB","T2",39.7249045574253,33.8640404491086
"P09525","ANXA4","T2",26.9419943279714,58.563132423291
"P09622","DLD","T2",14.6990629206062,25.2721255059245
"P09651","HNRNPA1","T2",21.2545219446107,25.1236336327179
"P09669","COX6C","T2",43.1969171156929,37.5981938794126
"P09874","PARP1","T2",28.1140416939531,27.8916188662479
"P09936","UCHL1","T2",38.7679023644238,75.3333843820183
"P09960","LTA4H","T2",10.2731867466316,15.0318988829702
"P09972","ALDOC","T2",25.9378270182697,25.6658921816417
"P0CW19","LIMS3","T2",22.6782135190554,32.4884524245703
"P0DMV8","HSPA1A","T2",17.9513554145869,14.7676597625109
"P0DP23","CALM1","T2",30.4148590533524,36.4888565430429
"P10155","RO60","T2",58.0884457537137,72.5435571821996
"P10253","GAA","T2",31.2094431849501,34.9938503870687
"P10301","RRAS","T2",40.6955967616975,31.3539528625665
"P10321","HLA-C","T2",9.06975854427832,32.4970328758506
"P10515","DLAT","T2",13.3484834784619,18.5944575196243
"P10599","TXN","T2",13.4794221161232,36.6302205557241
"P10606","COX5B","T2",41.8014580489254,26.0415745488699
"P10644","PRKAR1A","T2",19.0851756102952,18.264119136626
"P10768","ESD","T2",12.2876517506227,19.7901271227732
"P10809","HSPD1","T2",15.7374266338332,26.4189631483423
"P10916","MYL2","T2",48.5152211544,70.4014049569556
"P11021","HSPA5","T2",15.4273303428273,27.0190522429058
"P11047","LAMC1","T2",38.2924364283536,132.001808294659
"P11055","MYH3","T2",46.1724922031356,73.0536979883385
"P11142","HSPA8","T2",12.9919244611376,13.8069061784844
"P11166","SLC2A1","T2",64.1994453117985,46.2716587851523
"P11171","EPB41","T2",52.4431747137875,30.809729401103
"P11177","PDHB","T2",10.7328814857039,27.4655297182911
"P11182","DBT","T2",49.4525609416526,32.595970968398
"P11216","PYGB","T2",11.5171408429723,32.486663935482
"P11217","PYGM","T2",7.54841275084452,19.4026467816971
"P11233","RALA","T2",18.6967982649717,22.6500291802354
"P11277","SPTB","T2",63.7130999442101,29.2237485860413
"P11279","LAMP1","T2",19.9839014508749,46.8687884285757
"P11310","ACADM","T2",9.97923596947401,36.9380002685641
"P11532","DMD","T2",15.8287628737985,38.3233497553518
"P11586","MTHFD1","T2",10.3644040434977,19.2003284913933
"P11766","ADH5","T2",21.7218341787063,27.1498934099417
"P11940","PABPC1","T2",31.9119118557252,32.8520084326401
"P12081","HARS1","T2",20.2468025085507,15.3407567274646
"P12109","COL6A1","T2",55.9952181984546,123.720918123091
"P12110","COL6A2","T2",36.5231021150289,134.712001821485
"P12111","COL6A3","T2",65.5389549199924,119.876324240633
"P12235","SLC25A4","T2",20.1338110489993,29.8620061739175
"P12236","SLC25A6","T2",16.2956804420523,31.5805235402168
"P12268","IMPDH2","T2",17.944904316709,36.449571131198
"P12277","CKB","T2",22.0919516987467,23.4720502503523
"P12429","ANXA3","T2",36.9288140482686,23.5397632201418
"P12694","BCKDHA","T2",31.2172084352959,39.4473008302088
"P12814","ACTN1","T2",152.477026818561,222.703806048896
"P12829","MYL4","T2",83.9412217325657,48.8145053391925
"P12882","MYH1","T2",62.2090660465573,80.8881318861113
"P12883","MYH7","T2",54.1743170831696,75.6742080072872
"P12955","PEPD","T2",28.5943382491305,48.1862878072181
"P12956","XRCC6","T2",35.9741908020976,28.6109293137227
"P13010","XRCC5","T2",31.4847849714807,38.0401793110095
"P13073","COX4I1","T2",34.2015734732659,39.5031567289024
"P13164","IFITM1","T2",11.8963086352951,90.907945740762
"P13473","LAMP2","T2",19.0687214617132,37.0810158162192
"P13489","RNH1","T2",8.88466133765843,22.9459591755142
"P13533","MYH6","T2",31.7626314387253,39.3001671585707
"P13535","MYH8","T2",49.9095958817734,94.9662982644602
"P13639","EEF2","T2",12.0933216868907,14.2156988622017
"P13645","KRT10","T2",183.740068097284,71.117891774157
"P13667","PDIA4","T2",37.5112251918964,83.3345828541203
"P13693","TPT1","T2",20.5089033598735,20.1973025218203
"P13716","ALAD","T2",37.0911120524788,27.2051931463759
"P13796","LCP1","T2",16.9625690110933,112.765919076285
"P13797","PLS3","T2",14.379318970741,51.3035445214833
"P13798","APEH","T2",11.9915371133695,13.1066761071794
"P13804","ETFA","T2",21.6417356051617,18.4746018986807
"P13805","TNNT1","T2",83.7569344313709,138.274755395654
"P13807","GYS1","T2",22.1462405419752,25.5302949066781
"P13861","PRKAR2A","T2",11.1091994649171,13.9819353855391
"P13929","ENO3","T2",18.2001455869076,20.2620533108474
"P13987","CD59","T2",44.7895237033634,45.8167155480933
"P14314","PRKCSH","T2",19.0846206574493,32.2521654163668
"P14324","FDPS","T2",11.4839806606268,20.65067888208
"P14406","COX7A2","T2",31.6687148044937,27.9894948812943
"P14543","NID1","T2",26.9484802680312,121.587549139397
"P14550","AKR1A1","T2",32.5079486232313,31.1609097345195
"P14618","PKM","T2",16.4663371482895,22.0774343692771
"P14621","ACYP2","T2",24.7948402514713,27.2460353003464
"P14625","HSP90B1","T2",18.8452707311209,48.5594362198674
"P14649","MYL6B","T2",43.0927140932011,92.3582214792206
"P14678","SNRPB","T2",27.000952742398,25.1915387101795
"P14735","IDE","T2",13.149279061095,12.1278948884669
"P14854","COX6B1","T2",13.8722663521714,45.5325287427455
"P14866","HNRNPL","T2",26.116336388985,27.1800636741276
"P14868","DARS1","T2",13.5614682207782,27.3835807103387
"P14923","JUP","T2",94.0861348709161,38.5878503018594
"P14927","UQCRB","T2",12.4981044609082,19.739166363929
"P15090","FABP4","T2",31.9021271905158,28.6169612629465
"P15104","GLUL","T2",21.2715564773186,27.3531688730891
"P15121","AKR1B1","T2",27.1738145653334,53.9840388481287
"P15170","GSPT1","T2",14.4812748426818,41.3319030095004
"P15259","PGAM2","T2",21.6948064157702,20.6484930194831
"P15311","EZR","T2",32.6619557144224,53.4688400950366
"P15374","UCHL3","T2",20.1081597077238,22.6469183346177
"P15531","NME1","T2",31.7636851064307,37.7448524534639
"P15880","RPS2","T2",34.9018415650995,14.7458712221873
"P15927","RPA2","T2",24.0409490706757,38.3476500956734
"P15954","COX7C","T2",54.5605310812994,26.5854878179853
"P16083","NQO2","T2",74.4884323917743,79.1858885902282
"P16118","PFKFB1","T2",31.2853032877568,32.5336500736258
"P16152","CBR1","T2",14.8358895041671,40.1221052639377
"P16157","ANK1","T2",82.9382033530028,26.8133452702542
"P16219","ACADS","T2",37.8698503262898,47.165575068946
"P16298","PPP3CB","T2",19.7170169222568,22.2460687214854
"P16615","ATP2A2","T2",27.3578514342658,15.7792935320249
"P16671","CD36","T2",42.7145304952441,43.8882242511765
"P16930","FAH","T2",34.1063308471952,22.2435530206353
"P16989","YBX3","T2",33.7515789420136,31.9446118229403
"P17152","TMEM11","T2",25.2029427950893,38.8123848494377
"P17174","GOT1","T2",9.60326310405347,15.6807532864256
"P17540","CKMT2","T2",13.4694041907312,23.7398273424058
"P17568","NDUFB7","T2",27.6720920070186,39.2564012661746
"P17612","PRKACA","T2",25.8456984020955,13.5232860435877
"P17655","CAPN2","T2",34.9686120132351,38.7171009961254
"P17661","DES","T2",72.8134030978619,173.48672486216
"P17812","CTPS1","T2",17.6266981972945,57.1534407921897
"P17858","PFKL","T2",34.5285746894325,43.3199611366668
"P17980","PSMC3","T2",14.529079651403,33.1624453725543
"P17987","TCP1","T2",26.5308091903206,30.6474084442455
"P18031","PTPN1","T2",46.9109665567982,38.1456182726289
"P18085","ARF4","T2",18.3484123142848,26.5940010543264
"P18124","RPL7","T2",19.0126022753484,34.7532283968979
"P18206","VCL","T2",19.2459485998584,17.5456203768042
"P18621","RPL17","T2",30.0727037962921,74.7045492363457
"P18669","PGAM1","T2",15.3517393165184,19.4803338575138
"P18859","ATP5PF","T2",18.8321501140356,21.7451661340492
"P19237","TNNI1","T2",75.3921358471665,102.622884262994
"P19338","NCL","T2",29.5094551929277,27.7359082844605
"P19367","HK1","T2",22.2732932477236,15.3449091629421
"P19404","NDUFV2","T2",32.6448669474781,21.9415624849911
"P19623","SRM","T2",33.1975857648838,68.3111916563908
"P19971","TYMP","T2",20.3806686645365,78.9405156629994
"P20042","EIF2S2","T2",26.4399557276146,37.7283533072643
"P20073","ANXA7","T2",9.00923391900259,21.0009565983279
"P20340","RAB6A","T2",17.314018357911,52.4175005780751
"P20472","PVALB","T2",163.156048910856,82.3572751891943
"P20618","PSMB1","T2",9.13526657457528,10.5516178236811
"P20674","COX5A","T2",27.1600592520804,25.0268348322896
"P20774","OGN","T2",46.7056207871105,64.3270753006884
"P20807","CAPN3","T2",39.9904033207464,43.859489711771
"P20810","CAST","T2",22.5453574393335,42.2645681815026
"P20929","NEB","T2",96.2317042537614,172.680082973252
"P20962","PTMS","T2",0,127.676265713533
"P21266","GSTM3","T2",47.2360715138718,43.2928637479129
"P21281","ATP6V1B2","T2",24.1056884363953,21.6913929914989
"P21291","CSRP1","T2",126.885637552146,76.9502371882596
"P21333","FLNA","T2",33.0039360362035,19.6593062388179
"P21397","MAOA","T2",35.545850787516,45.775907439774
"P21399","ACO1","T2",32.230448365441,28.8968230160218
"P21695","GPD1","T2",33.4046299986481,23.8250074182647
"P21796","VDAC1","T2",20.1252515156541,12.818382145281
"P21817","RYR1","T2",12.9853414738356,23.2778957458324
"P21912","SDHB","T2",12.2989338419885,15.5867624711776
"P21926","CD9","T2",102.960932642794,129.01382990215
"P21953","BCKDHB","T2",51.9441692692044,58.9586216265137
"P21964","COMT","T2",19.7339271736696,19.6434894023619
"P21980","TGM2","T2",46.855825147973,34.3140182862976
"P22033","MMUT","T2",22.4729885827222,13.8239545363694
"P22059","OSBP","T2",39.1827012606121,49.5639599279172
"P22061","PCMT1","T2",15.8942020844461,20.725120743614
"P22102","GART","T2",13.5772469025404,23.9546251428309
"P22234","PAICS","T2",16.3611349079663,14.1360603321257
"P22307","SCP2","T2",21.7119453023302,37.6818107375017
"P22314","UBA1","T2",9.95591560741749,16.9714534387376
"P22392","NME2","T2",13.9485577439225,22.5750507175498
"P22570","FDXR","T2",33.1382140635855,54.969783356094
"P22626","HNRNPA2B1","T2",34.1980529873836,40.2485580292471
"P22695","UQCRC2","T2",19.9391664199254,23.9108395048489
"P22830","FECH","T2",19.9400010750568,40.6765617632735
"P23109","AMPD1","T2",58.7846835533492,19.8656091584247
"P23142","FBLN1","T2",23.6751276009657,79.0432128531188
"P23246","SFPQ","T2",28.0017089587752,19.7458331278933
"P23297","S100A1","T2",40.918109787537,111.682430308079
"P23327","HRC","T2",35.3989674012505,16.1321855095459
"P23368","ME2","T2",30.1846773721171,50.0116283389251
"P23381","WARS1","T2",30.2311280677256,15.1960741325498
"P23396","RPS3","T2",23.1855935638291,17.0548048221975
"P23434","GCSH","T2",26.0042537227951,31.2491595506065
"P23526","AHCY","T2",13.8958993695751,21.1277934234485
"P23528","CFL1","T2",7.21237157532162,32.5129801923621
"P23634","ATP2B4","T2",15.5662012199833,37.968431412164
"P23786","CPT2","T2",22.3248220172235,38.73907013074
"P24043","LAMA2","T2",26.5377425270606,97.8700149146591
"P24298","GPT","T2",32.6365107446672,28.4159334690141
"P24310","COX7A1","T2",23.5843094739486,42.3339881684036
"P24534","EEF1B2","T2",9.2654377201575,60.4643420106141
"P24539","ATP5PB","T2",12.5719880620701,13.8558764697765
"P24666","ACP1","T2",24.5824288899032,29.4879266113856
"P24752","ACAT1","T2",14.7052911898785,28.8784433053524
"P25325","MPST","T2",26.9456885107503,21.0112456184014
"P25398","RPS12","T2",13.4290629540294,13.7148275430162
"P25685","DNAJB1","T2",18.5152022566891,65.0127288535435
"P25705","ATP5F1A","T2",13.3911996251261,14.7858683457538
"P25786","PSMA1","T2",16.1866728469068,15.0625800764091
"P25787","PSMA2","T2",37.6351249016274,45.4358584225286
"P25788","PSMA3","T2",20.4218331897544,20.2608127938388
"P25789","PSMA4","T2",20.0475818674306,20.6547037795209
"P26038","MSN","T2",25.3698463407481,41.4491361590465
"P26196","DDX6","T2",37.5938224235181,34.885023137469
"P26373","RPL13","T2",39.2965992176325,60.2991489990936
"P26440","IVD","T2",38.8550398452908,42.9983365187636
"P26599","PTBP1","T2",15.8892799861994,65.7376904650079
"P26639","TARS1","T2",30.1071069259671,40.0982942333733
"P26640","VARS1","T2",31.3422065744848,26.9821290044861
"P26641","EEF1G","T2",23.2762643445565,17.6811682909034
"P26678","PLN","T2",76.1253970849307,53.5944981889412
"P26885","FKBP2","T2",12.6339397950897,28.1236169159718
"P27105","STOM","T2",75.1665591764544,42.6847314226831
"P27338","MAOB","T2",47.9662266276325,34.1992661501638
"P27348","YWHAQ","T2",24.1413616559461,55.6824028392394
"P27635","RPL10","T2",22.2705854849099,68.854330875434
"P27695","APEX1","T2",27.1202748949395,36.9647034834875
"P27797","CALR","T2",13.3861801701798,33.4248743359747
"P27816","MAP4","T2",23.9053257307087,14.3968425202662
"P27824","CANX","T2",15.3474219038441,31.7439141128693
"P28066","PSMA5","T2",13.9509723934255,11.7889173286672
"P28070","PSMB4","T2",26.2740574037406,23.7952771524671
"P28072","PSMB6","T2",44.0357621055113,23.7917808264443
"P28074","PSMB5","T2",22.9969587321695,9.69311367267788
"P28161","GSTM2","T2",36.9986255606292,23.7137260529457
"P28289","TMOD1","T2",51.4091515240091,69.7160879690268
"P28331","NDUFS1","T2",17.4292447271338,18.3001111974718
"P28482","MAPK1","T2",19.3135641843843,32.9097135313135
"P28838","LAP3","T2",37.7124015603562,33.1595130491726
"P29144","TPP2","T2",32.4219291062221,23.3059300196764
"P29218","IMPA1","T2",11.6945072427847,33.2633013743882
"P29401","TKT","T2",42.7573020500531,87.6405815268538
"P29692","EEF1D","T2",16.614016640682,17.7451781063292
"P29966","MARCKS","T2",47.5018959947456,134.067661810962
"P29972","AQP1","T2",40.7426967651089,39.8703658180322
"P29992","GNA11","T2",50.6325083395765,34.3212262111158
"P30038","ALDH4A1","T2",19.2019088023344,18.693060766348
"P30040","ERP29","T2",16.6915549338999,22.8045985051722
"P30041","PRDX6","T2",10.7779166967176,17.1754725516447
"P30043","BLVRB","T2",29.9978321280548,31.517188219886
"P30044","PRDX5","T2",9.46952921353465,21.7065255018842
"P30046","DDT","T2",55.6088438782044,61.0113032830072
"P30048","PRDX3","T2",22.8458177419358,25.303421550953
"P30049","ATP5F1D","T2",56.5661616909958,30.8932754654046
"P30050","RPL12","T2",27.7285283414486,54.8805627698087
"P30084","ECHS1","T2",14.920009751237,32.963273608406
"P30085","CMPK1","T2",56.7227641294855,74.4030630013042
"P30086","PEBP1","T2",13.1171731177728,18.9825631907602
"P30101","PDIA3","T2",30.0438156767028,46.4635493738492
"P30153","PPP2R1A","T2",17.6855069148344,23.1142567569786
"P30405","PPIF","T2",17.6894022601529,35.5300184644582
"P30419","NMT1","T2",40.2499375991182,52.6767894968165
"P30520","ADSS2","T2",21.4877712442274,44.1808510301891
"P30533","LRPAP1","T2",50.8396676123555,41.9799885627299
"P30536","TSPO","T2",82.1471987491224,49.7249467482971
"P30566","ADSL","T2",28.4883933085635,28.9980567882206
"P30622","CLIP1","T2",27.0768434755444,18.1367009515175
"P30626","SRI","T2",30.9643880462804,50.5150531192369
"P30837","ALDH1B1","T2",50.5077578896418,39.8617021890191
"P31040","SDHA","T2",16.9222120761145,17.1289531122287
"P31146","CORO1A","T2",0,0
"P31150","GDI1","T2",14.2636948230125,11.8464255088385
"P31153","MAT2A","T2",22.8010234406249,32.3009978606971
"P31415","CASQ1","T2",17.0798484226772,23.8633118161637
"P31749","AKT1","T2",51.4641895383947,17.8760873919563
"P31751","AKT2","T2",25.1266939416158,25.4901286014252
"P31930","UQCRC1","T2",15.6804057784928,11.8019242619879
"P31937","HIBADH","T2",15.0642314292811,24.4748326257345
"P31939","ATIC","T2",20.0615027525789,22.190544698855
"P31942","HNRNPH3","T2",21.684366836002,48.2910773828146
"P31943","HNRNPH1","T2",20.6057816340946,23.1483596081146
"P31946","YWHAB","T2",25.4421865671622,28.9921035407662
"P31948","STIP1","T2",10.7963862506423,17.2205995955293
"P31949","S100A11","T2",27.2001414888499,147.250941694086
"P32119","PRDX2","T2",40.3405477882506,26.6542795953702
"P32969","RPL9","T2",37.3928457069309,29.5933417278474
"P33121","ACSL1","T2",19.7634731495471,16.0159281908267
"P33176","KIF5B","T2",11.7350344287555,30.0839247622914
"P34896","SHMT1","T2",38.0389309078382,41.8677591701822
"P34897","SHMT2","T2",31.2608199466264,49.0646783347502
"P34913","EPHX2","T2",48.5811826893551,18.6672142296966
"P34932","HSPA4","T2",23.4878452903445,21.1337273706796
"P34949","MPI","T2",15.7804204280018,16.5394373808098
"P35052","GPC1","T2",23.7405291094947,30.8248148343039
"P35080","PFN2","T2",16.6311496187914,40.814199575547
"P35232","PHB","T2",18.1085509248355,23.6295564297722
"P35237","SERPINB6","T2",18.6938005766094,24.2430861186385
"P35241","RDX","T2",6.80373904409617,31.8619611081933
"P35244","RPA3","T2",23.9683027128856,27.6820775091816
"P35268","RPL22","T2",38.9098331692911,44.8989228086017
"P35270","SPR","T2",46.8934673784923,40.5419246394629
"P35573","AGL","T2",16.79706787328,19.8303210773754
"P35579","MYH9","T2",43.6525111153218,59.9347260633659
"P35606","COPB2","T2",28.7573034665031,66.7539622843734
"P35609","ACTN2","T2",144.764660975011,232.8889359277
"P35611","ADD1","T2",64.6657746916719,60.6941808524778
"P35613","BSG","T2",9.09437236199654,29.6635928816434
"P35637","FUS","T2",23.223175832344,20.8404657849232
"P35749","MYH11","T2",117.077366825868,101.46294421539
"P35754","GLRX","T2",35.2414691493644,34.872331872999
"P35813","PPM1A","T2",20.3551838527987,26.1366287674807
"P35908","KRT2","T2",188.747420222072,40.4580134657111
"P35914","HMGCL","T2",24.0473542940783,26.3201321220176
"P35998","PSMC2","T2",29.5393759520488,37.3888482635522
"P36405","ARL3","T2",26.6125415310405,44.3787747147375
"P36507","MAP2K2","T2",18.6165676191097,28.3129558360004
"P36542","ATP5F1C","T2",13.9021686516795,23.6063987361731
"P36543","ATP6V1E1","T2",32.521424846262,62.6964876836269
"P36578","RPL4","T2",33.975104020076,50.7919958470393
"P36776","LONP1","T2",31.1406829378856,35.305238774811
"P36871","PGM1","T2",18.9816317942731,16.9494672991174
"P36873","PPP1CC","T2",32.7855070523841,31.8259688595371
"P36957","DLST","T2",22.8885905264428,15.6605815634661
"P36959","GMPR","T2",40.5907925140625,24.1640344602896
"P36969","GPX4","T2",15.4287091042249,22.8500830085748
"P37108","SRP14","T2",22.6090549886997,53.9381333421721
"P37235","HPCAL1","T2",27.3668950721492,40.0809311276913
"P37802","TAGLN2","T2",29.1900630794399,82.2564188873031
"P37837","TALDO1","T2",11.4854061705385,32.9420619283681
"P37840","SNCA","T2",68.5912515541997,77.7140638496123
"P38117","ETFB","T2",27.5520306493642,15.6119948773114
"P38159","RBMX","T2",33.1721859730583,35.7058873720689
"P38606","ATP6V1A","T2",18.4361528481035,32.3065261370834
"P38646","HSPA9","T2",11.9229960485887,18.511107833948
"P39019","RPS19","T2",51.3410112375403,22.5130167417844
"P39059","COL15A1","T2",36.3448354874118,111.555369217874
"P39060","COL18A1","T2",18.6492101563398,56.3393544779992
"P39656","DDOST","T2",33.6522656802456,25.3588720847326
"P39687","ANP32A","T2",34.0260868353266,30.7967588914023
"P40123","CAP2","T2",13.4742513321703,33.7035847147457
"P40227","CCT6A","T2",32.3821559750658,22.9558437414343
"P40261","NNMT","T2",14.0820925104595,102.659362727204
"P40429","RPL13A","T2",49.1375424112854,48.0156121779138
"P40616","ARL1","T2",48.1878138279639,29.4170208930356
"P40763","STAT3","T2",15.1750072837978,54.856248499102
"P40925","MDH1","T2",15.7710320600079,31.1826588321575
"P40926","MDH2","T2",12.9657582251463,16.1491243363946
"P40939","HADHA","T2",7.82954649285467,14.7731372727234
"P41091","EIF2S3","T2",8.83254283615756,26.7975605436649
"P41236","PPP1R2","T2",11.7783647855869,33.2279497049858
"P41250","GARS1","T2",24.0444620274216,37.7979280743375
"P41252","IARS1","T2",35.1255711062337,22.9956242147132
"P41567","EIF1","T2",5.66320489048094,34.9679372058006
"P42025","ACTR1B","T2",19.2428188548108,23.1367492121018
"P42126","ECI1","T2",15.5437281979511,14.0069322441981
"P42330","AKR1C3","T2",74.3794137760844,57.3624140501933
"P42677","RPS27","T2",46.7210234044422,23.9624785080239
"P42704","LRPPRC","T2",15.4968198541818,14.3927836517771
"P42765","ACAA2","T2",15.9140370648205,20.8438797094116
"P42766","RPL35","T2",80.7675129389396,61.738712928235
"P43007","SLC1A4","T2",14.7480659409363,76.9635404494596
"P43034","PAFAH1B1","T2",25.596120554309,19.725728480447
"P43155","CRAT","T2",8.32382922526297,22.3597912977429
"P43304","GPD2","T2",30.1678199115686,20.9870451843688
"P43487","RANBP1","T2",16.7998128144546,22.8502239929722
"P43686","PSMC4","T2",29.0153750991603,23.5518312614267
"P43897","TSFM","T2",31.397214143258,34.5691190323817
"P45378","TNNT3","T2",55.3211787709731,47.2878086224293
"P45381","ASPA","T2",27.9529910099088,20.3754777863982
"P45877","PPIC","T2",26.0660582030466,34.9476844274201
"P45880","VDAC2","T2",32.0253983824027,18.9229951385665
"P45954","ACADSB","T2",43.5179714460042,27.5803753393723
"P45974","USP5","T2",11.5767767840093,26.5283986589231
"P45984","MAPK9","T2",71.148243530374,49.2840296684167
"P45985","MAP2K4","T2",41.0183425760733,22.0236636127225
"P46019","PHKA2","T2",24.216781223162,45.5022874413074
"P46020","PHKA1","T2",35.7119033430483,24.564079780628
"P46109","CRKL","T2",8.62540582926044,33.2066167815268
"P46199","MTIF2","T2",21.0969406908411,18.0205776002782
"P46459","NSF","T2",20.525550195987,24.7027104892259
"P46734","MAP2K3","T2",28.1348659544238,26.5021479757885
"P46776","RPL27A","T2",35.5423311508771,57.0642463376038
"P46777","RPL5","T2",34.5659800566648,59.0390322366835
"P46781","RPS9","T2",15.1697460166223,36.4715822484067
"P46782","RPS5","T2",63.8516713755728,70.0871701598462
"P46783","RPS10","T2",48.8491050658181,57.1030503648771
"P46926","GNPDA1","T2",20.3871889643846,17.7355291725519
"P46939","UTRN","T2",17.7539991288309,51.7833589296616
"P46940","IQGAP1","T2",19.5270852930662,80.4707869442838
"P46976","GYG1","T2",30.5080992519615,23.6960969318287
"P46977","STT3A","T2",11.1254489204847,39.4703906454643
"P47755","CAPZA2","T2",24.920665126479,61.8566606498356
"P47756","CAPZB","T2",19.3197370568313,64.999205489436
"P47813","EIF1AX","T2",28.4110363838545,44.166239183827
"P47897","QARS1","T2",27.2593816504166,17.2419975521915
"P47985","UQCRFS1","T2",12.8061357751515,19.9808206195976
"P48047","ATP5PO","T2",15.9416349513704,12.9835969341839
"P48059","LIMS1","T2",23.3558678539321,37.7320969790171
"P48147","PREP","T2",12.9625301482487,16.5140877044712
"P48163","ME1","T2",11.111567252179,20.6200924388881
"P48444","ARCN1","T2",16.6546158052825,28.4596735529348
"P48449","LSS","T2",34.1303611162605,13.9140578026884
"P48506","GCLC","T2",37.2978501168305,30.7387309088274
"P48507","GCLM","T2",21.2832255176887,40.5981924635923
"P48556","PSMD8","T2",15.6074994769524,26.518616013084
"P48637","GSS","T2",23.19799402754,27.3931222348832
"P48643","CCT5","T2",27.978094058295,13.8707200896859
"P48729","CSNK1A1","T2",19.9468721111702,26.9725347989253
"P48735","IDH2","T2",15.4974244768359,13.5286341549466
"P48788","TNNI2","T2",74.4770903321726,43.6618339726527
"P49023","PXN","T2",59.4682134472281,33.9940539599611
"P49137","MAPKAPK2","T2",23.2495988284424,15.3298267532702
"P49189","ALDH9A1","T2",16.6452265622887,22.0009227572422
"P49247","RPIA","T2",26.5770665257535,64.4424592534904
"P49257","LMAN1","T2",7.60935980032406,22.7999400848617
"P49354","FNTA","T2",56.5109453040451,15.5610034780536
"P49368","CCT3","T2",20.4102822537223,17.815741012982
"P49411","TUFM","T2",10.0524984359593,34.7914692376093
"P49419","ALDH7A1","T2",31.3074150644993,47.8021066809013
"P49441","INPP1","T2",59.5295044673837,74.1329689855058
"P49458","SRP9","T2",12.2216724201212,24.9733039090638
"P49588","AARS1","T2",27.454211847545,30.040405795922
"P49589","CARS1","T2",34.4156456277709,31.8306736703156
"P49591","SARS1","T2",25.0085975728735,27.6639450737184
"P49720","PSMB3","T2",41.1088624999823,25.0952777948431
"P49721","PSMB2","T2",12.8851110024166,10.8967369708367
"P49748","ACADVL","T2",5.74437976478996,14.7135361677686
"P49753","ACOT2","T2",20.8231938311677,24.10465984668
"P49755","TMED10","T2",41.4153320317864,37.4665905752812
"P49773","HINT1","T2",37.0046083416496,40.5137109578849
"P49821","NDUFV1","T2",17.1900011238934,25.2300171406739
"P49840","GSK3A","T2",31.2473820117342,33.7919095820462
"P49841","GSK3B","T2",30.4419349805139,43.7426860149323
"P49902","NT5C2","T2",22.9668813670709,26.4021504763362
"P50213","IDH3A","T2",10.4310124390949,21.0735698802193
"P50238","CRIP1","T2",32.4617410955882,80.0112393144632
"P50395","GDI2","T2",11.0890533530612,17.7364944453003
"P50416","CPT1A","T2",36.1083101562807,53.5503794661407
"P50461","CSRP3","T2",44.9023697038918,29.8874134690991
"P50502","ST13","T2",15.2550574592147,21.2452130396755
"P50570","DNM2","T2",13.880164759283,31.0664287922598
"P50579","METAP2","T2",35.8172081870281,40.2261277430234
"P50583","NUDT2","T2",37.5357804133223,15.250029113204
"P50895","BCAM","T2",37.7934470733753,23.3512145346341
"P50914","RPL14","T2",35.3776747288145,52.3069202291382
"P50990","CCT8","T2",23.4808520829851,14.7094427470208
"P50991","CCT4","T2",20.2149171883222,13.0063307992775
"P50993","ATP1A2","T2",27.8514253064336,22.4788427649123
"P50995","ANXA11","T2",11.7077878436262,11.238620357463
"P51114","FXR1","T2",13.5252188781623,51.1653510119834
"P51148","RAB5C","T2",13.2967068749891,42.9878252743804
"P51149","RAB7A","T2",10.675040757676,24.1167079902251
"P51151","RAB9A","T2",24.9407364328427,20.206360797117
"P51452","DUSP3","T2",19.1748843995529,9.65787923561022
"P51553","IDH3G","T2",20.6704157270229,20.8746807586988
"P51570","GALK1","T2",62.1473470586557,44.3577122232962
"P51572","BCAP31","T2",56.9913216620424,65.2852745797564
"P51636","CAV2","T2",59.7322420809639,53.6696079843009
"P51648","ALDH3A2","T2",37.9212757245871,31.350320898801
"P51649","ALDH5A1","T2",30.3932688923044,34.5051999690452
"P51659","HSD17B4","T2",17.7528023753768,21.2789668922546
"P51665","PSMD7","T2",28.1985884315328,30.9024963443157
"P51668","UBE2D1","T2",25.9856237813887,37.0561554957662
"P51692","STAT5B","T2",18.7917984513152,25.4190036944233
"P51812","RPS6KA3","T2",17.2873781969492,22.2569867907771
"P51884","LUM","T2",55.8041812902431,69.9152934949768
"P51888","PRELP","T2",98.1786471982864,69.5088990385618
"P51970","NDUFA8","T2",21.1028185399405,37.0480385069486
"P51991","HNRNPA3","T2",23.8854880784118,45.1649422182134
"P52179","MYOM1","T2",53.5956294156224,52.478815263057
"P52209","PGD","T2",15.9320151708872,33.3706776130092
"P52294","KPNA1","T2",33.8250932536297,25.5606408553582
"P52564","MAP2K6","T2",14.8667518572281,24.2464329122313
"P52565","ARHGDIA","T2",17.5709255081548,33.590480279782
"P52566","ARHGDIB","T2",35.9718416226804,105.436377387939
"P52758","RIDA","T2",12.0887495726988,14.7188053404397
"P52788","SMS","T2",29.5932671256706,52.9900894844805
"P52815","MRPL12","T2",39.297745036195,20.4634886769259
"P52888","THOP1","T2",20.6555217865402,44.3541357217217
"P52895","AKR1C2","T2",69.6887364117555,27.0612759322462
"P52907","CAPZA1","T2",22.6304448233239,50.8383528915384
"P52943","CRIP2","T2",76.7090218019163,45.3654695067334
"P53004","BLVRA","T2",22.7559755462014,22.145951732847
"P53041","PPP5C","T2",9.11197065891274,23.5654134364537
"P53384","NUBP1","T2",29.2719207335916,20.9840787297804
"P53597","SUCLG1","T2",15.0389100306512,19.149516099541
"P53618","COPB1","T2",18.6109867232591,71.2580461509865
"P53621","COPA","T2",44.6064538482653,98.6756260415758
"P53701","HCCS","T2",19.7664792543449,29.6903190917912
"P53778","MAPK12","T2",35.0233177159755,37.0331448184409
"P53814","SMTN","T2",24.026823975305,20.8326526968379
"P53985","SLC16A1","T2",38.5438381263503,43.168568288487
"P53990","IST1","T2",21.9395000694069,50.3700012142494
"P53992","SEC24C","T2",35.3976537235745,28.3755838941054
"P53999","SUB1","T2",31.7317974998488,25.144702468376
"P54136","RARS1","T2",26.9850421692781,19.3329148597978
"P54284","CACNB3","T2",16.988552321718,33.0449707397007
"P54289","CACNA2D1","T2",12.7191188568418,27.4270025815831
"P54296","MYOM2","T2",39.7564966301792,38.7182500592824
"P54577","YARS1","T2",35.8689633555989,41.3139926748852
"P54578","USP14","T2",14.5458157022176,26.1466378067862
"P54619","PRKAG1","T2",16.2104899910037,25.010570143529
"P54646","PRKAA2","T2",22.3535605170798,33.0666175649465
"P54652","HSPA2","T2",33.2806019285867,45.0996676788959
"P54725","RAD23A","T2",20.0735720483506,25.2451541744797
"P54727","RAD23B","T2",22.2024605653565,19.8685249830638
"P54819","AK2","T2",17.1992976007283,18.159531286142
"P54920","NAPA","T2",11.8482296671714,19.8630791602085
"P54922","ADPRH","T2",58.0398542340513,36.1747131000819
"P55010","EIF5","T2",10.9985001228031,31.3412163090569
"P55036","PSMD4","T2",17.2227699880199,25.2996924541141
"P55042","RRAD","T2",38.6792234378246,80.3936439802944
"P55060","CSE1L","T2",8.69418880320565,14.352102212318
"P55072","VCP","T2",9.14533749703318,25.7763122819419
"P55083","MFAP4","T2",67.5463714095158,64.7775908899413
"P55084","HADHB","T2",10.8709743620623,14.103095774645
"P55209","NAP1L1","T2",25.1609088159345,34.7351954872557
"P55263","ADK","T2",12.9316685496207,26.1458395103625
"P55290","CDH13","T2",40.6436697696105,29.8956567054669
"P55786","NPEPPS","T2",4.38102986139495,16.0171154876863
"P55809","OXCT1","T2",39.0741640528189,44.8977353281219
"P55822","SH3BGR","T2",33.1115522895225,27.1178263911403
"P55884","EIF3B","T2",21.2006253265882,21.7956178606569
"P56134","ATP5MF","T2",33.0442653890819,48.6623669088244
"P56181","NDUFV3","T2",44.1379745077333,55.5859251551955
"P56211","ARPP19","T2",29.5539736822235,36.1659893387291
"P56381","ATP5F1E","T2",30.6893869594564,59.363697386534
"P56385","ATP5ME","T2",23.4598279922382,20.884666994996
"P56537","EIF6","T2",16.3122646637529,24.7215128856864
"P56556","NDUFA6","T2",12.908645360984,38.3169784053965
"P57105","SYNJ2BP","T2",24.4751825246862,17.2960581024907
"P58511","SMIM11A","T2",126.927632864676,61.8799981290361
"P58546","MTPN","T2",15.7446555246133,28.6845428264669
"P59998","ARPC4","T2",21.1756251069423,69.661061340354
"P60033","CD81","T2",68.215857077558,53.8125554007152
"P60174","TPI1","T2",13.9209973367468,11.0554053643135
"P60228","EIF3E","T2",19.7112627048909,11.9369289036163
"P60520","GABARAPL2","T2",35.2698833458278,43.7806670047954
"P60602","ROMO1","T2",18.0805176241546,43.995802697685
"P60660","MYL6","T2",33.8053354256205,40.6964260711661
"P60709","ACTB","T2",43.851787525778,96.4075216052928
"P60842","EIF4A1","T2",17.4109701744268,20.5937963727285
"P60866","RPS20","T2",34.3556334318332,35.370263454164
"P60891","PRPS1","T2",22.7564934004128,25.765317306449
"P60900","PSMA6","T2",14.3177101491758,10.1304238011717
"P60903","S100A10","T2",47.5537167914944,96.1715008989352
"P60953","CDC42","T2",15.1933843014533,41.5920405876696
"P60981","DSTN","T2",44.7043989175671,61.9110402472262
"P60983","GMFB","T2",17.2562066148028,65.1342071395505
"P61006","RAB8A","T2",37.0627623901834,48.7056260226495
"P61019","RAB2A","T2",19.1121524619678,23.5890435816513
"P61020","RAB5B","T2",14.5919322818322,72.4232756816025
"P61026","RAB10","T2",34.5818034234603,37.3810558265842
"P61077","UBE2D3","T2",14.2968518700352,9.80478806475259
"P61081","UBE2M","T2",13.2813160798878,9.41310569527891
"P61086","UBE2K","T2",21.5962053517782,45.0428446474242
"P61088","UBE2N","T2",14.5457331406312,8.36668995701621
"P61106","RAB14","T2",30.5543549422428,43.3810279688217
"P61158","ACTR3","T2",22.0148266977893,41.2178597968657
"P61160","ACTR2","T2",21.7276849601308,36.8168155164576
"P61163","ACTR1A","T2",10.4014353628641,20.696246298528
"P61201","COPS2","T2",23.3147302249839,12.3273686238131
"P61221","ABCE1","T2",14.1405491985491,31.8501014834826
"P61224","RAP1B","T2",22.3015702160193,38.0860006111973
"P61225","RAP2B","T2",47.1853129930754,71.7915087983436
"P61247","RPS3A","T2",36.0246204435645,26.5424252614136
"P61289","PSME3","T2",24.7786236219688,33.4021935953438
"P61313","RPL15","T2",19.915265091011,23.1035388993006
"P61353","RPL27","T2",38.306894941536,43.394620312739
"P61457","PCBD1","T2",24.6474093630153,9.51685241255514
"P61513","RPL37A","T2",21.6014742453214,35.1984287311188
"P61586","RHOA","T2",11.1026933412791,19.6327264506682
"P61604","HSPE1","T2",21.7492669544594,27.5779294579034
"P61758","VBP1","T2",36.6227655954819,20.1054658995786
"P61803","DAD1","T2",35.3194013180324,41.4088212652923
"P61923","COPZ1","T2",23.4506050777318,44.4240263379822
"P61925","PKIA","T2",28.0855727312634,36.185736621135
"P61956","SUMO2","T2",20.7141597685676,33.0086672419911
"P61960","UFM1","T2",26.9471717837473,34.4228986131588
"P61970","NUTF2","T2",20.4147529082038,25.949242093318
"P61978","HNRNPK","T2",22.74781148834,20.3412803988576
"P61981","YWHAG","T2",24.3735797014014,26.0268371950281
"P62070","RRAS2","T2",49.3540811316408,42.5107894869025
"P62072","TIMM10","T2",28.4479999677718,41.8893536872175
"P62081","RPS7","T2",41.2211074628636,52.5311598836051
"P62136","PPP1CA","T2",6.69895105920886,19.5409556803806
"P62140","PPP1CB","T2",24.7985283090729,25.7145366259143
"P62191","PSMC1","T2",17.3835172817177,20.0490803187675
"P62195","PSMC5","T2",18.6970628401848,8.69580372674153
"P62241","RPS8","T2",14.711499780742,34.9254301530864
"P62244","RPS15A","T2",28.1513411584239,29.0453891297871
"P62249","RPS16","T2",16.6900269718543,18.3187003465534
"P62253","UBE2G1","T2",42.5791087157285,27.4549811578687
"P62258","YWHAE","T2",18.5245024695038,20.7513738190701
"P62263","RPS14","T2",43.4315336994274,63.3101270397679
"P62269","RPS18","T2",30.3038518782913,22.2844618040603
"P62277","RPS13","T2",47.6520700568853,63.5951046660482
"P62280","RPS11","T2",42.8610429103977,32.5629563785376
"P62308","SNRPG","T2",28.8040364061624,24.5017091019671
"P62318","SNRPD3","T2",16.0707505494325,32.2818510354846
"P62330","ARF6","T2",33.336030721817,46.4353295025834
"P62333","PSMC6","T2",22.2929765399482,13.5028705239904
"P62424","RPL7A","T2",21.9551346407279,43.0704056032614
"P62495","ETF1","T2",27.474703118458,13.4705637527684
"P62633","CNBP","T2",23.6682681809599,36.1325823978
"P62701","RPS4X","T2",18.971701579143,31.216898485028
"P62714","PPP2CB","T2",28.0253872643673,22.0988682578171
"P62750","RPL23A","T2",21.5857252744462,38.4645280578307
"P62753","RPS6","T2",21.9202889149648,33.687765112897
"P62805","H4C1","T2",60.9809652315299,72.1777517301244
"P62807","H2BC4","T2",72.0717518978969,55.4348417837069
"P62820","RAB1A","T2",32.2318057245851,33.0287985005372
"P62826","RAN","T2",16.8055939967724,14.1059378522061
"P62829","RPL23","T2",43.2796693050424,33.6474837826198
"P62834","RAP1A","T2",23.1051111969755,33.2336526224913
"P62841","RPS15","T2",28.5191421022725,39.6852524129418
"P62847","RPS24","T2",35.2415439355796,58.9506231295519
"P62851","RPS25","T2",41.4933422141372,30.3076695369193
"P62854","RPS26","T2",30.8735627268954,57.9251943099367
"P62857","RPS28","T2",37.1514050312682,54.5903930916659
"P62873","GNB1","T2",14.7732629746026,50.4254041449616
"P62879","GNB2","T2",18.4302096410893,38.6883149943831
"P62888","RPL30","T2",30.2775971317751,42.4965445188313
"P62899","RPL31","T2",48.2738781505498,54.3571282132356
"P62906","RPL10A","T2",36.5989286498683,36.9383395153489
"P62910","RPL32","T2",49.9699835615995,42.1463999639641
"P62913","RPL11","T2",27.856885324462,72.9802535482149
"P62942","FKBP1A","T2",23.3325272273901,11.6775216778566
"P62979","RPS27A","T2",14.2600221859611,58.7919355381935
"P62993","GRB2","T2",8.89689959942391,28.4786192893767
"P63000","RAC1","T2",19.9706592440787,25.4645077552546
"P63010","AP2B1","T2",25.5606226095631,39.0651917871632
"P63027","VAMP2","T2",25.8296418066266,21.8243200891484
"P63098","PPP3R1","T2",28.2594817245361,22.8988029296136
"P63104","YWHAZ","T2",39.0058789607106,70.0855688329308
"P63146","UBE2B","T2",24.4241518810126,38.338970142105
"P63151","PPP2R2A","T2",9.60751219958432,14.0125373344562
"P63167","DYNLL1","T2",41.5019682842441,35.0073666193341
"P63172","DYNLT1","T2",34.1241059628419,37.5802371622081
"P63173","RPL38","T2",29.2758791928963,43.8091527712938
"P63208","SKP1","T2",24.8534474447805,20.3176170347828
"P63220","RPS21","T2",23.2527740637748,43.3514765639319
"P63241","EIF5A","T2",22.5136727095773,27.3341579218695
"P63244","RACK1","T2",30.7556653498439,22.843161336617
"P63279","UBE2I","T2",21.2827568541768,28.0269474233566
"P63302","SELENOW","T2",56.149773360642,82.4914160308797
"P63316","TNNC1","T2",91.8176493743571,56.3444341212145
"P67775","PPP2CA","T2",25.5337246821647,13.7470307499751
"P67809","YBX1","T2",29.0459408080562,20.4243510857007
"P67870","CSNK2B","T2",14.5530692835687,23.0227487651539
"P67936","TPM4","T2",28.1566106972956,99.8726834369029
"P68036","UBE2L3","T2",80.2960334335805,56.2170251798875
"P68104","EEF1A1","T2",23.6070400138378,25.5876215392942
"P68133","ACTA1","T2",61.2269844130142,104.270026726214
"P68363","TUBA1B","T2",18.246632388914,52.0884448516212
"P68366","TUBA4A","T2",21.8896076606321,21.2574441139213
"P68371","TUBB4B","T2",16.8096904295303,21.8127099541754
"P68400","CSNK2A1","T2",28.2137649645835,22.6693577822697
"P68402","PAFAH1B2","T2",16.5557589675259,40.1790454162157
"P69892","HBG2","T2",57.0497836683355,61.0738348057544
"P78344","EIF4G2","T2",42.7991784574316,29.4503770607406
"P78356","PIP4K2B","T2",18.0013382379983,18.2324939840192
"P78371","CCT2","T2",27.6101192160492,21.3377800334141
"P78417","GSTO1","T2",23.0578169797593,28.5615304345154
"P78560","CRADD","T2",39.3213153419593,55.6595187844395
"P82650","MRPS22","T2",55.5409578533041,31.963958337454
"P82909","MRPS36","T2",21.1475482985914,40.078353359123
"P83111","LACTB","T2",27.1737391443048,40.8770990725817
"P83731","RPL24","T2",38.3750209629121,59.0907120136339
"P84077","ARF1","T2",21.0163665330732,47.0567597346228
"P84085","ARF5","T2",27.2616041803101,41.6841684164496
"P84098","RPL19","T2",26.8183789831058,73.3769625996189
"P84103","SRSF3","T2",9.50493667929227,24.9415513534649
"P84157","MXRA7","T2",17.9712232262566,54.4059226178891
"P84243","H3-3A","T2",37.2804330862,93.903232278434
"P98095","FBLN2","T2",29.069468390808,88.4667722227289
"P98160","HSPG2","T2",21.6391067838492,117.277099648693
"P99999","CYCS","T2",24.5486623192341,31.2126588421454
"Q00013","MPP1","T2",29.2870638189802,22.7604421574656
"Q00059","TFAM","T2",20.9964433856064,42.4958572816531
"Q00169","PITPNA","T2",24.3859856270262,39.8558317959419
"Q00325","SLC25A3","T2",29.1863315725753,11.8772647882128
"Q00577","PURA","T2",40.4937583894889,34.7066576111773
"Q00610","CLTC","T2",15.9150375173663,54.2699451639647
"Q00688","FKBP3","T2",26.1062957256622,20.2015803123689
"Q00765","REEP5","T2",28.9867224562682,34.6052867395168
"Q00796","SORD","T2",25.1882654968944,17.1217291278942
"Q00839","HNRNPU","T2",19.8072882141589,33.3400558208673
"Q00872","MYBPC1","T2",48.9136685855112,40.6078776743905
"Q00G26","PLIN5","T2",50.3019269380356,40.2000580619344
"Q01082","SPTBN1","T2",16.8633773757108,42.7548723555941
"Q01105","SET","T2",26.0760378792733,41.2230305639152
"Q01130","SRSF2","T2",40.7598899371268,35.0838781620148
"Q01432","AMPD3","T2",69.0189547640872,37.5217066513403
"Q01469","FABP5","T2",20.3346459311835,31.7589565220829
"Q01484","ANK2","T2",18.3326473755051,16.5308333674754
"Q01518","CAP1","T2",23.7355953737388,87.5824882173803
"Q01995","TAGLN","T2",160.343698222695,144.199494764535
"Q02127","DHODH","T2",46.8385016627912,65.1265326391496
"Q02218","OGDH","T2",9.01497460117455,14.8407310546049
"Q02252","ALDH6A1","T2",37.0800853839076,38.1211532377261
"Q02338","BDH1","T2",57.6906186490845,36.8991746792613
"Q02543","RPL18A","T2",33.2902683027423,53.0726875898466
"Q02641","CACNB1","T2",16.3550291990479,30.6001671195327
"Q02750","MAP2K1","T2",14.2855072028086,53.6489691787809
"Q02790","FKBP4","T2",13.5536745542945,26.2979450536254
"Q02878","RPL6","T2",29.5346506259696,36.7344142208177
"Q02952","AKAP12","T2",28.4499745834558,61.5378822070915
"Q02978","SLC25A11","T2",19.2221001388082,40.8883780898339
"Q03013","GSTM4","T2",133.979613411096,119.290168741767
"Q03135","CAV1","T2",61.2515499204928,41.7377122427292
"Q03154","ACY1","T2",41.0080915653498,22.3929474505515
"Q03252","LMNB2","T2",93.6876528609342,49.3190879444052
"Q04323","UBXN1","T2",26.5945606865778,26.2366896773343
"Q04446","GBE1","T2",43.1815239265838,24.3557941646942
"Q04637","EIF4G1","T2",13.7881000958286,27.8371148546558
"Q04759","PRKCQ","T2",19.867152818542,26.8152025382304
"Q04760","GLO1","T2",27.2239610840368,22.0588872269782
"Q04828","AKR1C1","T2",57.6150944914054,57.5952033379093
"Q04837","SSBP1","T2",21.6709362734622,34.197204970905
"Q04917","YWHAH","T2",25.4810190672004,26.4991147852437
"Q05086","UBE3A","T2",16.9244640754395,19.2575691876614
"Q05639","EEF1A2","T2",46.648136897391,28.0599896971702
"Q05682","CALD1","T2",57.8112039853828,73.4286200648754
"Q06055","ATP5MC2","T2",94.9303188528697,49.231930044557
"Q06124","PTPN11","T2",11.2507221385422,13.861101639227
"Q06323","PSME1","T2",24.2499328974169,46.1230956777029
"Q06432","CACNG1","T2",34.5831263173526,37.8441013393976
"Q06830","PRDX1","T2",11.9769231946866,25.8621424011451
"Q07020","RPL18","T2",15.2280155965455,38.1040141036983
"Q07699","SCN1B","T2",17.0534903277722,31.032082914963
"Q07960","ARHGAP1","T2",32.4693008640795,93.819562595053
"Q08043","ACTN3","T2",106.185762449706,179.133396169087
"Q08209","PPP3CA","T2",17.7360950704606,24.8951130145964
"Q08257","CRYZ","T2",47.9172319055396,29.3127986338209
"Q08623","PUDP","T2",37.6707851645458,55.6769939122309
"Q08752","PPID","T2",29.7848102460234,43.6741016251872
"Q09028","RBBP4","T2",27.7788876549151,21.2996065926097
"Q09666","AHNAK","T2",27.3993069710021,82.7554454761114
"Q0VAK6","LMOD3","T2",47.3551509623971,36.5522380279087
"Q0VDG4","SCRN3","T2",41.4488542483181,37.9985982446184
"Q0ZGT2","NEXN","T2",51.361504212153,84.1383188723174
"Q10567","AP1B1","T2",42.5794718446052,86.2207510390977
"Q10713","PMPCA","T2",45.5457017655437,50.732998114324
"Q12797","ASPH","T2",44.8966602857203,64.082116905431
"Q12849","GRSF1","T2",38.7324539474672,22.8851069214179
"Q12905","ILF2","T2",18.6319007004632,36.2548596292672
"Q12906","ILF3","T2",30.383949675249,7.21811594055415
"Q12907","LMAN2","T2",42.2520160499881,14.8412731426154
"Q12931","TRAP1","T2",21.4968203067849,19.8094944217418
"Q12955","ANK3","T2",20.5620481460273,38.3725038785436
"Q12988","HSPB3","T2",28.8451675879926,31.1585260644105
"Q13011","ECH1","T2",25.5048900921353,11.6699653249818
"Q13057","COASY","T2",26.4612650344902,35.8855476247609
"Q13085","ACACA","T2",22.4446771452058,32.120346439458
"Q13098","GPS1","T2",8.97593084728618,29.3569654094653
"Q13126","MTAP","T2",35.711458291444,22.7393658815861
"Q13131","PRKAA1","T2",25.2443526174825,23.6088794423566
"Q13148","TARDBP","T2",26.5725668614355,88.5728933241099
"Q13151","HNRNPA0","T2",10.21265647357,24.7794578090153
"Q13153","PAK1","T2",49.4644681726247,35.8371417160456
"Q13155","AIMP2","T2",19.1348679492414,17.6199263999402
"Q13162","PRDX4","T2",25.9370593626542,34.121669031439
"Q13177","PAK2","T2",16.4114558851094,21.8655996746592
"Q13200","PSMD2","T2",22.9207533959423,11.6178766321104
"Q13203","MYBPH","T2",50.6682324983817,82.9610618234007
"Q13228","SELENBP1","T2",27.0738786952918,21.2959573265902
"Q13310","PABPC4","T2",19.5565095705519,27.8523332260548
"Q13326","SGCG","T2",34.0269090149054,65.7301516316697
"Q13347","EIF3I","T2",20.83820694137,38.6975211837929
"Q13363","CTBP1","T2",28.3338670213737,48.5707036850448
"Q13404","UBE2V1","T2",28.8633354372011,18.2110830438047
"Q13405","MRPL49","T2",39.1160688219807,38.6119537114284
"Q13409","DYNC1I2","T2",26.0532488096468,27.4952686527457
"Q13418","ILK","T2",27.5112740898126,28.6740368767849
"Q13423","NNT","T2",19.2473512145308,19.1517955770714
"Q13424","SNTA1","T2",19.0886369058071,22.6125078334736
"Q13425","SNTB2","T2",27.8011144138473,47.9244394978113
"Q13442","PDAP1","T2",21.6793366459247,32.6173748916807
"Q13445","TMED1","T2",38.3821575035427,32.7463420522406
"Q13496","MTM1","T2",39.5467346448877,64.2566092145937
"Q13505","MTX1","T2",24.4608275401377,35.4045354154601
"Q13508","ART3","T2",25.2074534326735,35.4361129291622
"Q13510","ASAH1","T2",44.185293473675,19.2873071195515
"Q13522","PPP1R1A","T2",36.7219249702232,39.6545079411197
"Q13526","PIN1","T2",20.4289056908164,37.6157180257508
"Q13541","EIF4EBP1","T2",41.4895151893784,48.5725901095962
"Q13554","CAMK2B","T2",8.47387049331808,18.1664123364386
"Q13555","CAMK2G","T2",24.1583691336044,59.8131983850856
"Q13557","CAMK2D","T2",20.3291490867387,29.3024995400649
"Q13561","DCTN2","T2",16.0327700018071,13.8017628276493
"Q13564","NAE1","T2",43.1802533759485,23.4799157901995
"Q13586","STIM1","T2",19.6666137702183,36.4825130738785
"Q13616","CUL1","T2",30.0658484475818,15.878979958925
"Q13617","CUL2","T2",9.85187625627276,11.544556776402
"Q13618","CUL3","T2",26.5946955052237,23.6064833078154
"Q13619","CUL4A","T2",17.7057084710966,42.1956860016242
"Q13620","CUL4B","T2",42.9507825713523,36.711466632969
"Q13642","FHL1","T2",22.0070126454266,23.07787527542
"Q13643","FHL3","T2",19.6734659929984,41.1970202388749
"Q13683","ITGA7","T2",27.9645447853914,35.6241625443597
"Q13698","CACNA1S","T2",32.0284717921486,27.1314018394854
"Q13724","MOGS","T2",67.0726043892299,57.0332054666105
"Q13813","SPTAN1","T2",33.850869867325,70.651595669844
"Q13825","AUH","T2",22.7379766513591,22.3556316126927
"Q13838","DDX39B","T2",38.6869243866029,40.2608172532237
"Q13867","BLMH","T2",30.7900849366238,14.3477622748927
"Q13884","SNTB1","T2",44.7644822743375,30.5815115592679
"Q13885","TUBB2A","T2",22.5128650317509,48.757904766681
"Q13907","IDI1","T2",29.7076082140211,37.159748334015
"Q13976","PRKG1","T2",53.9211690100833,60.2509781999971
"Q14011","CIRBP","T2",20.5157896058929,41.1533758326306
"Q14061","COX17","T2",52.8477834630673,43.3430566788433
"Q14103","HNRNPD","T2",20.145594222972,17.0590683959349
"Q14108","SCARB2","T2",23.6909030288123,32.0162545612003
"Q14116","IL18","T2",8.97030249346518,52.2702153847613
"Q14118","DAG1","T2",32.6777245257797,30.4600490654513
"Q14141","SEPTIN6","T2",21.3754941093263,51.9203219587558
"Q14152","EIF3A","T2",11.0159284422894,16.403713105623
"Q14157","UBAP2L","T2",35.8693303243658,51.9559273639491
"Q14165","MLEC","T2",22.3875868821425,17.4978198581008
"Q14195","DPYSL3","T2",59.4746774142479,40.9600004378994
"Q14203","DCTN1","T2",13.528136015202,21.7832162012538
"Q14204","DYNC1H1","T2",19.9573038520937,11.037866031294
"Q14240","EIF4A2","T2",14.7003353314783,31.832659251874
"Q14249","ENDOG","T2",28.105335290104,48.2829097614563
"Q14254","FLOT2","T2",36.0338670963962,23.3224214509118
"Q14257","RCN2","T2",19.7159076290317,49.2475711810643
"Q14315","FLNC","T2",21.4220000539212,21.3250038611641
"Q14324","MYBPC2","T2",67.1485980477672,65.7032946734466
"Q14353","GAMT","T2",19.7444924422519,28.0767484503367
"Q14558","PRPSAP1","T2",30.387943806588,16.0121725839736
"Q14697","GANAB","T2",15.8868470805433,47.2683192211577
"Q14738","PPP2R5D","T2",63.1322473801017,29.4562186429641
"Q14847","LASP1","T2",44.3457719179496,52.1384528988769
"Q14894","CRYM","T2",62.9625935501547,37.8862725363997
"Q14914","PTGR1","T2",34.6556723075539,39.7483628930359
"Q14974","KPNB1","T2",18.2912918847972,38.9574509452766
"Q14BN4","SLMAP","T2",25.4397084281167,17.4580305125597
"Q14CB8","ARHGAP19","T2",37.563819937666,34.2283876499315
"Q15008","PSMD6","T2",10.5224721583189,33.4197266430576
"Q15019","SEPTIN2","T2",38.1746321425164,43.2098938331597
"Q15046","KARS1","T2",14.0782892729811,31.1348671364429
"Q15056","EIF4H","T2",14.2273991686332,29.6157002030073
"Q15075","EEA1","T2",27.7401306597028,50.0694267247535
"Q15084","PDIA6","T2",18.4015405383502,46.8838133239532
"Q15102","PAFAH1B3","T2",28.2318489831193,22.1073125980208
"Q15119","PDK2","T2",26.0688425938285,30.4309573148742
"Q15121","PEA15","T2",42.8929133940919,97.6841027795167
"Q15124","PGM5","T2",52.3681768414209,45.7611803014038
"Q15149","PLEC","T2",30.0295331481696,69.9068525719392
"Q15172","PPP2R5A","T2",24.599269506844,17.0519577018128
"Q15181","PPA1","T2",18.1111311786376,24.0570430679383
"Q15185","PTGES3","T2",15.8848899745993,30.1515665323055
"Q15208","STK38","T2",12.9854677437742,26.8584041318747
"Q15233","NONO","T2",10.6813381756421,11.3282437265048
"Q15257","PTPA","T2",32.9393441380956,20.1946276047078
"Q15293","RCN1","T2",42.2709810760568,61.7373778368216
"Q15363","TMED2","T2",48.5222391074783,63.3818171436604
"Q15365","PCBP1","T2",10.262034270504,30.2723943385761
"Q15366","PCBP2","T2",17.8165268137288,12.0219956424699
"Q15369","ELOC","T2",28.4061817230555,30.9807252059616
"Q15370","ELOB","T2",27.6690052879153,25.8296597155859
"Q15386","UBE3C","T2",27.9706637656018,20.9085784366114
"Q15392","DHCR24","T2",39.6858418669345,51.845697415157
"Q15404","RSU1","T2",26.6096222107887,22.1405348250254
"Q15435","PPP1R7","T2",7.8612300018341,16.1627544356673
"Q15436","SEC23A","T2",25.1224758765768,22.3692498078342
"Q15526","SURF1","T2",40.2843370153013,41.7279538823209
"Q15555","MAPRE2","T2",35.6061441111421,17.6255607663573
"Q15631","TSN","T2",36.2047938343273,43.2863787903364
"Q15642","TRIP10","T2",24.523073972524,18.0610220077361
"Q15691","MAPRE1","T2",21.1429511929968,35.9895759159869
"Q15746","MYLK","T2",43.8679543641938,36.8404907062002
"Q15772","SPEG","T2",24.3588276547556,44.260129743233
"Q15819","UBE2V2","T2",19.1200880722138,13.5862064661176
"Q15836","VAMP3","T2",30.8455457461761,28.3554005566002
"Q15843","NEDD8","T2",36.9674518850574,30.9404472484153
"Q15847","ADIRF","T2",81.0861876517633,60.7182213647957
"Q15907","RAB11B","T2",25.1656697138235,41.3647251937002
"Q15942","ZYX","T2",20.4080578796215,47.5827001867393
"Q16082","HSPB2","T2",30.3266550109214,31.4615518256367
"Q16134","ETFDH","T2",16.0681127764611,27.1173705748104
"Q16181","SEPTIN7","T2",30.2048902428783,46.3128722808579
"Q16531","DDB1","T2",16.1938496686019,18.4312486395906
"Q16543","CDC37","T2",51.9256275957356,20.3213099723282
"Q16555","DPYSL2","T2",38.0240055650532,54.5375634563161
"Q16563","SYPL1","T2",22.7369453302162,49.7793288928319
"Q16576","RBBP7","T2",10.3566913331866,49.4796852949394
"Q16585","SGCB","T2",21.6007860920828,35.4942332180267
"Q16586","SGCA","T2",8.64952522215819,23.4138689780248
"Q16595","FXN","T2",29.4255277749858,22.2467199653291
"Q16654","PDK4","T2",28.1728513398014,49.2344518448985
"Q16658","FSCN1","T2",25.8823686466457,106.002682009901
"Q16698","DECR1","T2",14.063454427815,23.6303646123792
"Q16718","NDUFA5","T2",19.5440124583294,23.9431084938865
"Q16740","CLPP","T2",16.8854922819673,83.8770866505732
"Q16762","TST","T2",18.3986149745934,54.4796792345806
"Q16773","KYAT1","T2",56.7079963534768,39.3711099699008
"Q16775","HAGH","T2",15.4102884755443,11.361342084719
"Q16778","HIST2H2BE","T2",35.6160191891162,67.2128583498627
"Q16795","NDUFA9","T2",18.5947291731245,33.6423415409037
"Q16816","PHKG1","T2",39.1022986089234,30.2377856677444
"Q16821","PPP1R3A","T2",68.734225306287,31.7161907867835
"Q16836","HADH","T2",33.6111795650559,23.528531905552
"Q16851","UGP2","T2",14.1956453712474,22.0496187720569
"Q16853","AOC3","T2",95.3825878868032,63.4012718893357
"Q16881","TXNRD1","T2",12.9439325817258,22.8183676160388
"Q16890","TPD52L1","T2",41.9289399651717,54.0691868487547
"Q16891","IMMT","T2",11.4019752714138,19.2255785574643
"Q1KMD3","HNRNPUL2","T2",52.3878277406439,66.015600469817
"Q2TAA2","IAH1","T2",23.2835461441749,45.2914638846033
"Q2TBA0","KLHL40","T2",52.9606268420797,38.9781611579563
"Q30154","HLA-DRB5","T2",12.7311898653787,67.5294277537429
"Q3LXA3","TKFC","T2",25.5954117643913,22.9900937201556
"Q3SXM5","HSDL1","T2",37.1202658303225,11.9363021325245
"Q3ZCQ8","TIMM50","T2",34.654100986899,27.2566161452677
"Q49AH0","CDNF","T2",30.3070870486072,41.1349829704309
"Q49B96","COX19","T2",21.2527006451577,30.3807684999577
"Q4G0W2","DUSP28","T2",25.4929329681886,49.6355355342105
"Q4VC31","CCDC58","T2",22.4681587141073,31.9115246492621
"Q52LJ0","FAM98B","T2",19.2896576940094,24.1807889297153
"Q53EU6","GPAT3","T2",37.0509648152135,25.175849230378
"Q53FT3","HIKESHI","T2",35.5483436153809,55.4615794371208
"Q53GG5","PDLIM3","T2",31.7606088275831,25.113502908357
"Q53GQ0","HSD17B12","T2",17.3854151919634,33.6844676287626
"Q53H82","LACTB2","T2",56.5585508771072,31.8321539544832
"Q58WW2","DCAF6","T2",16.8585285936904,34.0777609924027
"Q5BKX8","CAVIN4","T2",34.2431294633452,28.5954146252633
"Q5HYK3","COQ5","T2",33.6013066575665,21.0240257016578
"Q5JRX3","PITRM1","T2",32.0259948532219,49.8945972153864
"Q5JTJ3","COA6","T2",34.9217572457337,24.8953778656662
"Q5JWF2","GNAS","T2",20.5983424277319,28.6039530299797
"Q5R3I4","TTC38","T2",8.95573993320015,6.49448721774379
"Q5RI15","COX20","T2",27.2102006771663,27.5207274669583
"Q5SQH8","C6orf136","T2",38.0647470879528,108.34392569829
"Q5T440","IBA57","T2",15.9571597235946,64.4202743398808
"Q5TAQ9","DCAF8","T2",125.187477531947,38.8152600843077
"Q5TC12","ATPAF1","T2",23.9827776951736,22.5398759230913
"Q5TDH0","DDI2","T2",14.0953646150612,27.4900013525598
"Q5TEU4","NDUFAF5","T2",24.1233742158857,34.3711272859439
"Q5U5X0","LYRM7","T2",19.0472173249894,37.5261972650558
"Q5VST9","OBSCN","T2",35.6576188711478,50.3299429952728
"Q5VTT5","MYOM3","T2",69.3393750606351,121.447207361231
"Q5VVW2","GARNL3","T2",34.3109412629657,44.0685691292429
"Q5VW32","BROX","T2",30.0181248462957,28.6250530112472
"Q5VWP3","MLIP","T2",24.2625302893708,58.0137518334011
"Q5VXT5","SYPL2","T2",29.0217215500097,20.0237250833799
"Q5VYK3","ECPAS","T2",25.648168943118,17.3270691807465
"Q5XKP0","MICOS13","T2",31.3374079410931,54.973602144563
"Q5XPI4","RNF123","T2",14.5839511340094,24.3706358203798
"Q69YU5","C12orf73","T2",40.2938336123334,57.5805326604371
"Q6DKJ4","NXN","T2",16.7853823648442,37.8463459721463
"Q6FI13","HIST2H2AA3","T2",44.4195477559819,79.2057187247216
"Q6GMV3","PTRHD1","T2",34.5934278558331,26.7699822286479
"Q6IAA8","LAMTOR1","T2",31.3717950843198,35.9099449671488
"Q6IAN0","DHRS7B","T2",49.8060048820249,22.0602055523091
"Q6IBS0","TWF2","T2",16.7633478274581,40.0027719736198
"Q6IPR1","ETFRF1","T2",55.5341342184778,33.6649067757132
"Q6JBY9","RCSD1","T2",24.2249738701688,25.1563258160835
"Q6JQN1","ACAD10","T2",35.7014367212099,18.8367908101811
"Q6NUK1","SLC25A24","T2",22.4369094016917,32.9736622130368
"Q6NVY1","HIBCH","T2",21.4828491227482,38.9804138775815
"Q6NZI2","CAVIN1","T2",43.1294060864449,22.1328773373554
"Q6P1A2","LPCAT3","T2",40.1508347737921,29.7724037173286
"Q6P1N9","TATDN1","T2",43.062331842547,35.8796364310987
"Q6P587","FAHD1","T2",32.7413935384942,56.6625164038675
"Q6PI48","DARS2","T2",26.049323076587,51.4670398519762
"Q6QEF8","CORO6","T2",25.9242384639452,84.4260538538845
"Q6UW68","TMEM205","T2",23.7113433653826,35.6479834999785
"Q6UW78","UQCC3","T2",30.6306957005285,71.6818494550014
"Q6UWP2","DHRS11","T2",4.31050384538502,17.1445735021565
"Q6UXV4","APOOL","T2",22.8937412972682,26.6298170311084
"Q6XQN6","NAPRT","T2",29.3305227453114,68.9303920163256
"Q6YN16","HSDL2","T2",14.2485230869177,28.5281937795723
"Q6YP21","KYAT3","T2",18.1720217053713,21.6203967312097
"Q6ZMU5","TRIM72","T2",25.9903027920712,8.85305166125694
"Q6ZVM7","TOM1L2","T2",24.5713051743204,21.0597826464805
"Q702N8","XIRP1","T2",31.6675555144842,61.4385662786235
"Q709C8","VPS13C","T2",21.51546701654,24.0485077464066
"Q70IA6","MOB2","T2",26.6434108607709,31.599579670497
"Q712K3","UBE2R2","T2",26.5721488813466,21.1637638090092
"Q7KZF4","SND1","T2",71.0638313204759,48.9799871615963
"Q7L0Y3","TRMT10C","T2",16.4608499363208,21.613621712886
"Q7L1Q6","BZW1","T2",22.0265566703746,32.3568931540738
"Q7L2H7","EIF3M","T2",32.442446826316,32.4304709494798
"Q7L5N1","COPS6","T2",12.6391955164384,17.7460417550173
"Q7LBR1","CHMP1B","T2",38.8615941454816,43.9814208466186
"Q7Z3D6","DGLUCY","T2",66.4225910300067,30.7720052180935
"Q7Z406","MYH14","T2",25.7091843411412,33.2896050325979
"Q7Z434","MAVS","T2",17.7740547965219,31.4648942233101
"Q7Z4H3","HDDC2","T2",27.2110890673379,47.8220438005044
"Q7Z4W1","DCXR","T2",35.8562396977941,26.5231065982154
"Q7Z6Z7","HUWE1","T2",20.3773106182552,28.8234519992616
"Q7Z7F7","MRPL55","T2",40.1645336541083,31.174656956317
"Q86SX6","GLRX5","T2",27.820769290169,22.1054300836826
"Q86TC9","MYPN","T2",30.2048670122104,54.8230672291107
"Q86TD4","SRL","T2",16.4298771217285,30.7143854112142
"Q86TP1","PRUNE1","T2",42.4075014765124,35.5178547754838
"Q86TX2","ACOT1","T2",60.7415686645982,51.0107148525011
"Q86U28","ISCA2","T2",40.1525045949609,57.4754572895766
"Q86UT6","NLRX1","T2",22.7134068716152,30.8565137045411
"Q86UX7","FERMT3","T2",29.6731195438101,18.7933718625103
"Q86V88","MDP1","T2",34.6887162330943,34.3652646788849
"Q86VF7","NRAP","T2",51.8822122116662,36.3952682073203
"Q86VP6","CAND1","T2",33.6498262933315,41.5272448022676
"Q86VS8","HOOK3","T2",29.5938890313908,62.5800167542728
"Q86VU5","COMTD1","T2",71.94551968493,29.1543241616112
"Q86WU2","LDHD","T2",51.643542689548,29.5903347591534
"Q86X55","CARM1","T2",19.8650030258069,30.4915861089282
"Q86X76","NIT1","T2",23.7399652546814,22.4231180048104
"Q86Y39","NDUFA11","T2",43.3389074611382,42.7551579629978
"Q86YB7","ECHDC2","T2",22.7067029904072,31.7299586728696
"Q8IUZ5","PHYKPL","T2",9.32592822796112,35.4078564180808
"Q8IVN3","MUSTN1","T2",46.2658034066692,48.5968802193568
"Q8IW45","NAXD","T2",22.0310255795788,37.5362737994921
"Q8IWA5","SLC44A2","T2",23.878074725739,20.157549493427
"Q8IWW8","ADHFE1","T2",46.2169613590714,47.4665332289949
"Q8IWX7","UNC45B","T2",47.4698967258928,23.265555313361
"Q8IXJ6","SIRT2","T2",41.3937643624213,52.4437970341724
"Q8IXM3","MRPL41","T2",45.1847717125997,43.2060960204164
"Q8IYS1","PM20D2","T2",38.3488713767303,40.5097284180124
"Q8IYU8","MICU2","T2",17.8830571783039,20.5230850677219
"Q8IZ83","ALDH16A1","T2",94.5775704060326,63.6588713926242
"Q8N0U8","VKORC1L1","T2",25.1324287802076,46.9559587169032
"Q8N0X4","CLYBL","T2",67.9675740204543,44.4179979327765
"Q8N142","ADSS1","T2",11.6710116726394,23.8771804282414
"Q8N1G4","LRRC47","T2",18.5312610622593,11.5065421045538
"Q8N335","GPD1L","T2",14.9453126558868,15.9423818161129
"Q8N3D4","EHBP1L1","T2",45.7339110092054,23.7100342299336
"Q8N3L3","TXLNB","T2",15.884047409529,54.8735663799803
"Q8N3V7","SYNPO","T2",24.405147493238,83.1872467260318
"Q8N4Q0","ZADH2","T2",28.6303378600213,25.1653152370245
"Q8N4T8","CBR4","T2",17.1054095930338,38.4982035136048
"Q8N5K1","CISD2","T2",24.422380854503,39.1320760659689
"Q8N5M1","ATPAF2","T2",31.5897732444881,33.8695159915553
"Q8N5M9","JAGN1","T2",26.4081816233648,22.9532230334889
"Q8N6M3","FITM2","T2",24.9121630174289,47.3154565504938
"Q8N766","EMC1","T2",31.0982273270264,31.9852589297687
"Q8N8N7","PTGR2","T2",23.7525928556309,23.3197412699687
"Q8NB12","SMYD1","T2",29.2853399772597,25.201678449769
"Q8NBF2","NHLRC2","T2",23.1344793019553,21.8152914151279
"Q8NBN7","RDH13","T2",30.149311422564,38.9984822100591
"Q8NBU5","ATAD1","T2",39.8066458379932,21.032387791836
"Q8NBX0","SCCPDH","T2",20.3408962589821,38.5402253566939
"Q8NC51","SERBP1","T2",23.8627030312018,44.2462924802809
"Q8NCA5","FAM98A","T2",37.3991150548526,37.8206941581931
"Q8NCN5","PDPR","T2",30.8384092675322,55.1757280531584
"Q8NDH3","NPEPL1","T2",25.8394461470025,26.9225387056928
"Q8NDY3","ADPRHL1","T2",40.6653577523034,19.440619458488
"Q8NE62","CHDH","T2",32.3033821978863,35.338756462381
"Q8NE71","ABCF1","T2",20.5923675867063,53.2545477525446
"Q8NE86","MCU","T2",42.7713197810919,40.4945316332633
"Q8NFV4","ABHD11","T2",52.5088685643678,40.7272233240602
"Q8NHH9","ATL2","T2",54.0246082896358,65.5896502888459
"Q8NI37","PPTC7","T2",39.6777026355815,32.94396865788
"Q8NI60","COQ8A","T2",10.4231131289417,15.9054878440571
"Q8TAT6","NPLOC4","T2",18.6413037878306,29.5528384991753
"Q8TB37","NUBPL","T2",35.5131423816754,32.0727958579973
"Q8TB45","DEPTOR","T2",20.5424804113056,28.9470137729516
"Q8TBC4","UBA3","T2",23.0617032302488,11.9183661752319
"Q8TBQ9","TMEM167A","T2",31.1796798442316,22.658794963811
"Q8TC12","RDH11","T2",28.2930316966289,26.4439882783668
"Q8TCA0","LRRC20","T2",16.6202772438726,30.4559936341023
"Q8TCD5","NT5C","T2",64.1035897912741,61.7563600385499
"Q8TCJ2","STT3B","T2",10.1086159419357,19.3711506057011
"Q8TCS8","PNPT1","T2",28.6165093160644,41.0005966720734
"Q8TCT8","SPPL2A","T2",13.2739889656723,24.8208112984502
"Q8TDC0","MYOZ3","T2",62.425383740897,102.949250620568
"Q8TDX7","NEK7","T2",13.0170547700003,48.3281904219993
"Q8TEA8","DTD1","T2",41.194217352187,35.4045435931643
"Q8WTS6","SETD7","T2",26.1036717096536,30.2308323199238
"Q8WUD1","RAB2B","T2",15.8631903947832,8.98954391231178
"Q8WUM4","PDCD6IP","T2",23.7832851305026,21.6886052443063
"Q8WVI0","SMIM4","T2",29.5190333185179,50.4779825842959
"Q8WVM8","SCFD1","T2",41.1054649854222,42.7914587952432
"Q8WW22","DNAJA4","T2",41.2134489984797,30.9333217796136
"Q8WW59","SPRYD4","T2",16.873128871864,27.4312515242184
"Q8WWV3","RTN4IP1","T2",31.3535271066108,55.0960619697303
"Q8WXH0","SYNE2","T2",83.1281800632923,69.3922311870089
"Q8WY91","THAP4","T2",24.6031156370093,42.7238131243759
"Q8WYQ3","CHCHD10","T2",50.4632658322865,28.4153137616793
"Q8WZ42","TTN","T2",100.211011497796,159.373436466328
"Q8WZA0","LZIC","T2",14.0131972906743,34.0853454946361
"Q8WZA9","IRGQ","T2",27.884103114519,45.878446897005
"Q92499","DDX1","T2",13.4614355670264,28.4684241771639
"Q92506","HSD17B8","T2",36.8779015126247,63.3900527615792
"Q92523","CPT1B","T2",21.4125861100787,35.0681208333025
"Q92530","PSMF1","T2",27.3216795188091,24.7867992143912
"Q92552","MRPS27","T2",38.9763219396788,35.2317512730424
"Q92598","HSPH1","T2",20.812452642087,28.4608952249895
"Q92614","MYO18A","T2",24.509852105704,41.6793547768534
"Q92616","GCN1","T2",104.62666046277,63.9265168609083
"Q92629","SGCD","T2",20.7573734009228,25.4900211780419
"Q92696","RABGGTA","T2",20.3374697295601,23.8523386493758
"Q92734","TFG","T2",15.8127300310781,29.7652470566079
"Q92841","DDX17","T2",30.476926625111,25.4924317762455
"Q92882","OSTF1","T2",23.8796202741798,38.1438825215237
"Q92890","UFD1","T2",28.8107259286638,33.3479377468496
"Q92905","COPS5","T2",11.2190107658988,26.5880522587518
"Q92947","GCDH","T2",32.6556158224477,25.4225997442533
"Q92973","TNPO1","T2",16.6776249395023,31.7045602798519
"Q93008","USP9X","T2",64.3676389251779,60.5029081537978
"Q93034","CUL5","T2",10.483532814518,24.6249280765331
"Q93052","LPP","T2",61.0652156553695,87.3056803364517
"Q93084","ATP2A3","T2",32.010757008029,30.9507445825598
"Q93100","PHKB","T2",39.2492587329637,25.8823923635315
"Q969Q5","RAB24","T2",32.889228847867,29.2662300497951
"Q969X5","ERGIC1","T2",24.5907511929558,42.1782605861903
"Q969Z3","MTARC2","T2",29.3114305826688,13.2287986435516
"Q96A26","FAM162A","T2",15.8254353165201,29.574076659727
"Q96A32","MYLPF","T2",44.055537507607,66.780564867608
"Q96AB3","ISOC2","T2",35.1697200127812,28.3218968008027
"Q96AC1","FERMT2","T2",50.5046366461091,40.601114411012
"Q96AE4","FUBP1","T2",6.74491782937316,23.575535344618
"Q96AG3","SLC25A46","T2",19.486878635495,21.7072446093054
"Q96AN5","TMEM143","T2",33.9448613060105,37.5176753081207
"Q96AQ6","PBXIP1","T2",12.2771550508669,20.3263681834869
"Q96BM9","ARL8A","T2",22.1152310379248,32.7395038949907
"Q96C00","ZBTB9","T2",31.9273110231928,70.1342483849967
"Q96C01","FAM136A","T2",13.0859961471008,28.9221559553163
"Q96C11","FGGY","T2",28.9388981459852,26.9394991315218
"Q96C23","GALM","T2",59.8018887173465,60.4417966094601
"Q96C90","PPP1R14B","T2",49.3539021734798,30.4879878101082
"Q96CM8","ACSF2","T2",16.4619615050203,24.7228733311958
"Q96CN7","ISOC1","T2",41.2622859651298,35.1394974489105
"Q96CT7","CCDC124","T2",12.1593152947588,16.4707078258692
"Q96CV9","OPTN","T2",60.009640242075,79.9777036409585
"Q96CW1","AP2M1","T2",27.5546678675925,24.2968987242172
"Q96CX2","KCTD12","T2",55.2296278402147,64.3365520209397
"Q96DA6","DNAJC19","T2",35.0851206996969,38.9689892299879
"Q96DB5","RMDN1","T2",40.7434476380479,54.701516949799
"Q96DC8","ECHDC3","T2",29.5227175824,49.5242819920149
"Q96DE0","NUDT16","T2",20.779959648658,15.3902212134335
"Q96DG6","CMBL","T2",20.3495251918046,18.5338362979441
"Q96DH6","MSI2","T2",24.3217576436834,21.7909773606835
"Q96DV4","MRPL38","T2",24.9802620721717,13.6297246742995
"Q96EY1","DNAJA3","T2",43.1780472229517,63.5057055456371
"Q96EY7","PTCD3","T2",115.925233620959,86.3795006369068
"Q96EY8","MMAB","T2",17.3510420579709,42.4910314268503
"Q96FJ2","DYNLL2","T2",26.2611177882616,28.5990569214159
"Q96FQ6","S100A16","T2",53.3470405514779,97.7654029773141
"Q96FV2","SCRN2","T2",24.0952831839633,53.6262742810088
"Q96FW1","OTUB1","T2",21.7973796997002,10.8323920412446
"Q96FZ7","CHMP6","T2",27.1465502354757,18.553203066952
"Q96GG9","DCUN1D1","T2",55.9317400022084,43.3442593207489
"Q96GK7","FAHD2A","T2",36.5245828689844,41.8125275648763
"Q96GX9","APIP","T2",44.150947558721,61.7056765621223
"Q96HC4","PDLIM5","T2",32.000182683781,34.8556952307354
"Q96HE7","ERO1A","T2",45.9642759246974,65.4113090480205
"Q96HN2","AHCYL2","T2",23.6067730795767,18.2466145031246
"Q96HY7","DHTKD1","T2",34.6609231047303,44.6281344539455
"Q96I23","PYURF","T2",105.360843097143,116.835404330964
"Q96I99","SUCLG2","T2",34.9902753347915,38.362783952299
"Q96IU4","ABHD14B","T2",28.7259072686064,13.6401360923382
"Q96IV0","NGLY1","T2",47.7172981892277,27.5986540905565
"Q96IX5","ATP5MD","T2",22.7677957555029,31.3871337088132
"Q96JJ7","TMX3","T2",27.7841455806279,21.2312498664997
"Q96K17","BTF3L4","T2",25.3849371944573,14.7111142079576
"Q96K76","USP47","T2",19.7904844166372,17.0721987435972
"Q96KP4","CNDP2","T2",33.754544085607,57.7583616650588
"Q96L96","ALPK3","T2",53.5367912239827,45.968924270996
"Q96MF2","STAC3","T2",33.2904407888317,44.8062683942578
"Q96MF6","COQ10A","T2",44.9855236241091,58.7106072240032
"Q96MG2","JSRP1","T2",40.9290157371162,39.5484575546049
"Q96MW1","CCDC43","T2",17.311818452029,34.185006877568
"Q96NY7","CLIC6","T2",36.4542699858947,59.6694582651371
"Q96PE7","MCEE","T2",20.8256739478139,58.9695879659252
"Q96PU8","QKI","T2",30.1213669595861,23.1394406146457
"Q96Q06","PLIN4","T2",15.8734340321247,31.0495322158929
"Q96QK1","VPS35","T2",18.2269741322165,24.5217150311361
"Q96RP9","GFM1","T2",35.6970673426927,40.5410645083377
"Q96RQ3","MCCC1","T2",27.9766169640274,34.5792123452013
"Q96S19","METTL26","T2",42.769058642651,20.2540639759437
"Q96S66","CLCC1","T2",37.444509874226,21.0137438972921
"Q99426","TBCB","T2",15.6112309556761,23.0679862169413
"Q99436","PSMB7","T2",23.7166877196026,33.9116127554225
"Q99447","PCYT2","T2",28.6180615253636,39.764818538381
"Q99460","PSMD1","T2",25.9058710531402,29.2176471292975
"Q99471","PFDN5","T2",35.1745174806484,36.8383601371829
"Q99497","PARK7","T2",13.2850214088852,33.3629953137474
"Q99504","EYA3","T2",27.2664284981221,28.5490228182867
"Q99536","VAT1","T2",37.3779808848913,104.874598397297
"Q99541","PLIN2","T2",53.2271564815382,37.4204518914297
"Q99584","S100A13","T2",109.828311835469,76.4053966826766
"Q99598","TSNAX","T2",5.33671210591907,19.7105413411701
"Q99613","EIF3C","T2",18.127767975561,28.3058991199657
"Q99623","PHB2","T2",9.67682076384729,15.9614924563738
"Q99627","COPS8","T2",20.0978438609232,26.07505062091
"Q99643","SDHC","T2",33.1138890661806,54.9175888655399
"Q99653","CHP1","T2",28.5620471125052,21.7683496655204
"Q99685","MGLL","T2",40.5003437334957,32.2649982325512
"Q99714","HSD17B10","T2",17.7362136299285,21.4165734857566
"Q99733","NAP1L4","T2",40.7531276351165,49.3636131112908
"Q99735","MGST2","T2",42.170629045651,55.150522515399
"Q99757","TXN2","T2",36.58400630871,49.7552944621287
"Q99766","DMAC2L","T2",21.0668683847538,28.775629034993
"Q99798","ACO2","T2",16.1375871163034,16.0000866536721
"Q99807","COQ7","T2",24.4833317019943,20.9064256682269
"Q99816","TSG101","T2",24.7973841841288,40.9729118995251
"Q99829","CPNE1","T2",26.3631255628267,58.5919822511782
"Q99832","CCT7","T2",25.953739704351,11.8449706091344
"Q99873","PRMT1","T2",16.5257809778108,26.1509609282177
"Q9BPX5","ARPC5L","T2",20.9333876041712,18.2287783957629
"Q9BQ69","MACROD1","T2",22.0398821794626,13.705017429266
"Q9BQA1","WDR77","T2",13.0878526233423,25.4517419259303
"Q9BQS8","FYCO1","T2",25.5615065801504,33.2998462554469
"Q9BR39","JPH2","T2",64.5641326830603,39.3569091056691
"Q9BRA2","TXNDC17","T2",31.7970294908141,16.5959942216252
"Q9BRC7","PLCD4","T2",22.2929363639963,22.410724481193
"Q9BRF8","CPPED1","T2",38.0124825859456,48.4201404279086
"Q9BRT3","MIEN1","T2",37.9304702967729,36.5734091848179
"Q9BRX8","PRXL2A","T2",30.074012598139,30.994156837775
"Q9BS26","ERP44","T2",25.045394882184,39.2795631250629
"Q9BS40","LXN","T2",70.0098177121474,36.6406489573673
"Q9BS92","NIPSNAP3B","T2",46.2940801415414,37.6092042285566
"Q9BSD7","NTPCR","T2",34.0554488845424,25.3504620093264
"Q9BSE5","AGMAT","T2",35.3921800594387,25.197960327453
"Q9BSH4","TACO1","T2",14.8516486705991,41.1077621466845
"Q9BSJ8","ESYT1","T2",51.0595354598748,42.6143042373689
"Q9BSL1","UBAC1","T2",24.0368410150956,25.457933748413
"Q9BT78","COPS4","T2",13.2567085739113,15.5102849442036
"Q9BTE6","AARSD1","T2",34.5305424354887,29.7936775441455
"Q9BTT0","ANP32E","T2",48.2388545019324,41.4722145754388
"Q9BTV4","TMEM43","T2",41.3824405421683,40.4382923323729
"Q9BTZ2","DHRS4","T2",30.7903045592859,33.9874811314194
"Q9BU02","THTPA","T2",34.4943970585904,15.1447154099013
"Q9BU61","NDUFAF3","T2",25.0243569370114,35.3361287517046
"Q9BUF5","TUBB6","T2",25.1402199544317,78.3886207499029
"Q9BUJ2","HNRNPUL1","T2",19.1195332027458,16.7074011035648
"Q9BUK0","CHCHD7","T2",38.0594025475548,46.7515770324564
"Q9BUR5","APOO","T2",33.910116244133,34.4742932003547
"Q9BUT1","BDH2","T2",4.81938108451765,20.3430334811607
"Q9BV68","RNF126","T2",20.9735027069974,24.3929500178677
"Q9BV79","MECR","T2",21.0932453519195,43.4383400117366
"Q9BV86","NTMT1","T2",13.6163544889936,31.3977672423034
"Q9BVC6","TMEM109","T2",18.1219989229811,46.5227795925406
"Q9BVG4","PBDC1","T2",26.4971370999552,25.6722964283988
"Q9BVK6","TMED9","T2",6.84754598455234,45.4785609373197
"Q9BVV7","TIMM21","T2",27.8147934448033,34.8766795552268
"Q9BW30","TPPP3","T2",33.0473402821604,124.928337634012
"Q9BWH2","FUNDC2","T2",29.2574716001902,41.4545622049527
"Q9BX68","HINT2","T2",12.2510676346812,29.9164874865035
"Q9BXB4","OSBPL11","T2",27.6811492885073,41.6214607349425
"Q9BXI3","NT5C1A","T2",46.2113741654339,27.5958520098766
"Q9BXK5","BCL2L13","T2",15.523236197728,36.6416966586064
"Q9BXN1","ASPN","T2",101.55818588472,109.769100115656
"Q9BXT2","CACNG6","T2",23.2980479889565,17.5862829930002
"Q9BXW6","OSBPL1A","T2",46.9062248742614,39.8690498103669
"Q9BXW7","HDHD5","T2",43.0459943312574,49.762673043502
"Q9BY44","EIF2A","T2",18.6173081861355,25.7368180488989
"Q9BYD1","MRPL13","T2",24.8276848725786,28.1173177357734
"Q9BYD2","MRPL9","T2",76.512684245086,70.1140038067916
"Q9BYD6","MRPL1","T2",41.9349116711116,20.3112104962638
"Q9BYT8","NLN","T2",68.7494190793375,33.3195918510813
"Q9BYV2","TRIM54","T2",25.3987570719524,49.8532800664673
"Q9BZE1","MRPL37","T2",28.4504108564059,26.8719405477089
"Q9BZL1","UBL5","T2",34.6228454315114,60.7653040110293
"Q9BZQ8","NIBAN1","T2",26.2048881401015,44.4656758739837
"Q9BZV1","UBXN6","T2",19.4329768997122,29.8386696262414
"Q9BZZ5","API5","T2",15.9574837429923,23.0800230257554
"Q9C0C9","UBE2O","T2",9.09146231629409,52.3237285859488
"Q9C0E8","LNPK","T2",26.7156359895642,36.1208602875312
"Q9GZP4","PITHD1","T2",25.2987630767021,26.5898096221849
"Q9GZS3","WDR61","T2",26.3757609154679,31.6702190473177
"Q9GZT3","SLIRP","T2",19.3215426703212,20.001974751631
"Q9GZT8","NIF3L1","T2",37.1410561897652,26.9775824083987
"Q9GZV1","ANKRD2","T2",26.2243546430907,31.9594564598901
"Q9GZZ1","NAA50","T2",31.2756487800295,33.8725970150401
"Q9H061","TMEM126A","T2",56.1661012780381,60.27268418145
"Q9H074","PAIP1","T2",28.0620517239462,35.7124830950277
"Q9H0E2","TOLLIP","T2",15.5017705439921,11.3951655402687
"Q9H0N5","PCBD2","T2",6.69215204410731,20.1201677658255
"Q9H0P0","NT5C3A","T2",25.4896878180811,29.2987474897633
"Q9H0R4","HDHD2","T2",20.0743435443173,37.1237313482876
"Q9H0U4","RAB1B","T2",4.3763943092793,52.3015550817512
"Q9H0W9","C11orf54","T2",15.1587498974706,23.3574918133021
"Q9H0Z9","RBM38","T2",19.0160240340116,18.0471472619239
"Q9H1C7","CYSTM1","T2",30.6179876152602,33.2629110785608
"Q9H1E5","TMX4","T2",38.3213100775793,24.3013579415181
"Q9H1K1","ISCU","T2",42.8692313667044,32.8001988586483
"Q9H1R3","MYLK2","T2",27.4501420477966,34.3340840974532
"Q9H223","EHD4","T2",5.58071356708989,15.1412151900596
"Q9H299","SH3BGRL3","T2",44.2423626950413,67.3222675466281
"Q9H2G2","SLK","T2",22.2684202696735,78.4169421035906
"Q9H2H8","PPIL3","T2",41.2285933014637,37.0779204660769
"Q9H2J4","PDCL3","T2",29.3520813691238,39.6354031432247
"Q9H2U2","PPA2","T2",34.7257717786695,21.4191633932013
"Q9H2W6","MRPL46","T2",10.532318175968,33.1795991049316
"Q9H3H3","C11orf68","T2",12.930379079665,20.0707292403331
"Q9H3K2","GHITM","T2",16.890517505326,41.1357307985973
"Q9H3K6","BOLA2","T2",40.0646646412272,24.2894643245367
"Q9H3N1","TMX1","T2",25.9685051000062,32.408496265013
"Q9H444","CHMP4B","T2",21.1748562644895,35.2306536925382
"Q9H446","RWDD1","T2",18.043726369216,24.6292297639927
"Q9H477","RBKS","T2",43.1541926245446,59.2629987833125
"Q9H479","FN3K","T2",22.0954526664295,45.3912015903537
"Q9H488","POFUT1","T2",14.2082189865442,29.5728409525386
"Q9H4A4","RNPEP","T2",16.8753673716389,12.66614793447
"Q9H4M9","EHD1","T2",30.5285130324735,16.122702183812
"Q9H6F2","TMEM38A","T2",35.1654363035344,44.3886010235041
"Q9H6K4","OPA3","T2",55.3494165220286,42.2169391808447
"Q9H7C4","SYNC","T2",19.8406147557121,39.420928711057
"Q9H7C9","AAMDC","T2",26.690093189314,43.3773699209248
"Q9H7Z7","PTGES2","T2",24.0790225007539,27.1010137439788
"Q9H845","ACAD9","T2",31.0608812369469,67.3733875091606
"Q9H8H3","METTL7A","T2",31.6630624312984,29.6796824735814
"Q9H8M1","COQ10B","T2",29.7612107611071,49.3209488881107
"Q9H8Y8","GORASP2","T2",17.9758675281498,18.4406219938338
"Q9H910","JPT2","T2",19.6878999243549,22.6054768565253
"Q9H987","SYNPO2L","T2",23.7291653118596,156.565705297256
"Q9H993","ARMT1","T2",24.2514784082136,38.052745572652
"Q9H9B4","SFXN1","T2",21.0034458921938,30.6093606146004
"Q9H9J2","MRPL44","T2",12.3115398566643,53.5872572337419
"Q9H9P8","L2HGDH","T2",16.9337235925758,34.8536353494127
"Q9H9S4","CAB39L","T2",41.8106693485259,51.5479189075977
"Q9HA65","TBC1D17","T2",55.3379177295586,24.7109128065781
"Q9HA77","CARS2","T2",37.9502552722523,88.4341635512276
"Q9HAB8","PPCS","T2",12.414780480593,33.1516788848963
"Q9HB71","CACYBP","T2",8.79980522160653,21.0408296264665
"Q9HB90","RRAGC","T2",19.8728570620785,27.533766354721
"Q9HBH5","RDH14","T2",62.6467207089687,32.8529972954245
"Q9HBI1","PARVB","T2",62.836346942085,48.3386462632675
"Q9HBL0","TNS1","T2",23.8336477818221,58.0125262407092
"Q9HBL7","PLGRKT","T2",26.916925055317,48.0821177951675
"Q9HC38","GLOD4","T2",12.9868507389504,44.3264900261261
"Q9HCC0","MCCC2","T2",24.5504970253762,29.6489383683229
"Q9HCP6","HHATL","T2",34.9744770516583,48.9490693033369
"Q9HCU5","PREB","T2",32.2107699715395,28.4089531684958
"Q9HD33","MRPL47","T2",19.4651595066936,16.240976115791
"Q9HDC5","JPH1","T2",41.4248430136998,52.1021864875826
"Q9HDC9","APMAP","T2",21.8737366196261,45.9389104669188
"Q9NNW7","TXNRD2","T2",74.6390259592216,64.8472144825457
"Q9NP72","RAB18","T2",43.0452066023738,38.388129454434
"Q9NP74","PALMD","T2",9.27271797539044,33.4967043056639
"Q9NP79","VTA1","T2",26.4882931710819,14.6508483517936
"Q9NP81","SARS2","T2",41.1877758286503,44.2648035361875
"Q9NP97","DYNLRB1","T2",23.4781491804457,24.8940765075041
"Q9NP98","MYOZ1","T2",139.857826974535,176.302115129038
"Q9NPH2","ISYNA1","T2",56.1925040152509,35.6114893587905
"Q9NPJ3","ACOT13","T2",34.8300506690165,32.5234877644961
"Q9NPL8","TIMMDC1","T2",35.6739038156751,37.5363710374423
"Q9NPQ8","RIC8A","T2",31.6564663358676,47.7002178538637
"Q9NQ50","MRPL40","T2",125.515716693111,63.2936851679258
"Q9NQ88","TIGAR","T2",21.8201003033208,161.166808615071
"Q9NQC3","RTN4","T2",26.9222791339386,28.54297327089
"Q9NQE9","HINT3","T2",15.6129988438149,20.678806834729
"Q9NQP4","PFDN4","T2",28.2194196247085,24.5239530460312
"Q9NQR4","NIT2","T2",23.1508946503808,28.4790713486496
"Q9NQW7","XPNPEP1","T2",35.4658682765203,35.3815023219876
"Q9NQX3","GPHN","T2",43.0077650867065,25.1157613478394
"Q9NQY0","BIN3","T2",55.5302547433236,18.3105221365267
"Q9NR12","PDLIM7","T2",64.8998608382498,63.8564056726865
"Q9NR19","ACSS2","T2",15.2659553688632,41.1375464116561
"Q9NR28","DIABLO","T2",25.6918608191358,32.8984854585822
"Q9NR31","SAR1A","T2",31.1391194763447,33.7297810350792
"Q9NR45","NANS","T2",9.70361885878264,33.8360984079922
"Q9NR56","MBNL1","T2",32.7845835685786,31.9681414963974
"Q9NRG4","SMYD2","T2",31.8209470446467,42.6033268928152
"Q9NRG7","SDR39U1","T2",83.6177834827168,77.4994468003776
"Q9NRP0","OSTC","T2",14.8336268142598,42.7607818555355
"Q9NRV9","HEBP1","T2",6.43080259856177,22.3918147857399
"Q9NRX4","PHPT1","T2",25.3261234143471,43.7249274921474
"Q9NRY5","FAM114A2","T2",34.0274506424806,22.510531320677
"Q9NS69","TOMM22","T2",29.3174940324534,18.9949506954214
"Q9NS86","LANCL2","T2",26.5998883913541,10.8429342597917
"Q9NSD9","FARSB","T2",34.7061343333086,41.4107550409417
"Q9NSE4","IARS2","T2",9.69654080827871,21.862068313797
"Q9NSK7","C19orf12","T2",9.73594332231493,11.2428522955355
"Q9NT62","ATG3","T2",26.3029268480051,15.7357937432812
"Q9NTG7","SIRT3","T2",33.5723852493053,37.4352093783239
"Q9NTJ4","MAN2C1","T2",31.7598414937573,32.5375764077321
"Q9NTK5","OLA1","T2",19.6975191728911,22.774310724425
"Q9NTM9","CUTC","T2",15.4043376472956,32.6706723578463
"Q9NTX5","ECHDC1","T2",64.1212798455693,48.9613513666313
"Q9NUJ1","ABHD10","T2",28.6383499144134,43.525315735629
"Q9NUQ8","ABCF3","T2",35.5971308825659,44.2115078749428
"Q9NUQ9","FAM49B","T2",12.7683265139188,37.4079858950348
"Q9NUU7","DDX19A","T2",22.2175053138786,17.0795169375888
"Q9NVA2","SEPTIN11","T2",33.8791618435197,57.7768087537044
"Q9NVD7","PARVA","T2",45.5888975518191,23.5352668576268
"Q9NVE7","PANK4","T2",27.3497679316364,23.5492487643479
"Q9NVH6","TMLHE","T2",26.7861157531586,27.3831910929495
"Q9NVI7","ATAD3A","T2",26.5626149068564,49.0926811194635
"Q9NVJ2","ARL8B","T2",21.8415392223551,30.6190033913673
"Q9NVS9","PNPO","T2",14.783294267584,16.8825020617065
"Q9NWU1","OXSM","T2",19.0074481092707,26.2969289363605
"Q9NWU5","MRPL22","T2",15.99912445213,37.3612061492777
"Q9NWV4","CZIB","T2",39.7726548142826,34.2326082037384
"Q9NX14","NDUFB11","T2",29.9674637121375,32.4980160946098
"Q9NX40","OCIAD1","T2",26.5675859348032,37.9170519392906
"Q9NX46","ADPRHL2","T2",34.620097477096,54.9192533074806
"Q9NX63","CHCHD3","T2",30.6084045728,30.3539507495969
"Q9NXA8","SIRT5","T2",12.8805575548034,27.4177947544287
"Q9NXJ5","PGPEP1","T2",17.4278705897982,53.543717359479
"Q9NY33","DPP3","T2",30.475305948891,30.2583430955705
"Q9NY65","TUBA8","T2",15.9947523582526,15.3285781841176
"Q9NYL2","MAP3K20","T2",16.2384350206519,14.7746919016169
"Q9NYU2","UGGT1","T2",23.2138718453943,27.778370443148
"Q9NZ01","TECR","T2",31.1670998383976,30.1782126913653
"Q9NZ08","ERAP1","T2",42.1340805556137,53.1963274347101
"Q9NZ45","CISD1","T2",13.4978632907925,23.5503897072346
"Q9NZA1","CLIC5","T2",18.0796182035814,29.3405811088444
"Q9NZJ6","COQ3","T2",12.4125190905923,28.4529883272327
"Q9NZL4","HSPBP1","T2",26.5639450520372,24.4687654440894
"Q9NZL9","MAT2B","T2",37.7967934530263,29.9860953898524
"Q9NZM1","MYOF","T2",22.379518760417,12.8723226977439
"Q9NZN4","EHD2","T2",34.4559309913673,25.0805187347361
"Q9NZQ9","TMOD4","T2",65.1396659591707,54.9176126432326
"Q9NZU5","LMCD1","T2",18.6342381335157,20.1443996825073
"Q9P003","CNIH4","T2",15.3914970238623,41.0147968436166
"Q9P032","NDUFAF4","T2",29.9815790775237,83.8030505308803
"Q9P0J0","NDUFA13","T2",21.2921520762857,24.5835778517707
"Q9P0J1","PDP1","T2",22.5290028770908,25.8211420978757
"Q9P0L0","VAPA","T2",20.3855526610048,38.6113385491898
"Q9P0P8","MTRES1","T2",25.8110104189746,44.6808480581011
"Q9P0S9","TMEM14C","T2",41.1947159830869,51.7172782256469
"Q9P0U1","TOMM7","T2",85.6582780160503,86.0612498271353
"Q9P2J5","LARS1","T2",8.65288224658378,24.0398664298765
"Q9P2R7","SUCLA2","T2",12.0928736292178,20.7935500230255
"Q9UBB4","ATXN10","T2",17.0165638074589,38.0997602707618
"Q9UBC2","EPS15L1","T2",31.3443817390598,21.1774102315912
"Q9UBF6","RNF7","T2",26.6938650492744,42.3470959891252
"Q9UBF9","MYOT","T2",15.4926969798887,94.808476082261
"Q9UBG0","MRC2","T2",16.8052773854894,52.5454002974068
"Q9UBI6","GNG12","T2",31.1039228712241,32.8362500814135
"Q9UBQ0","VPS29","T2",25.7140944042999,37.1523982499846
"Q9UBQ5","EIF3K","T2",13.54256463843,20.2102088545883
"Q9UBQ7","GRHPR","T2",17.8814561290342,15.8610702567398
"Q9UBT2","UBA2","T2",32.9643989838238,23.5422602987107
"Q9UBW8","COPS7A","T2",15.3237291683251,9.01760542919707
"Q9UBX5","FBLN5","T2",30.1947909952946,103.943669482212
"Q9UBY9","HSPB7","T2",18.2511705698001,17.8637834466373
"Q9UDT6","CLIP2","T2",34.8091055476901,18.7952133418518
"Q9UDW1","UQCR10","T2",27.2775386919334,46.3049901603264
"Q9UDX5","MTFP1","T2",71.6410715637463,44.9049168648771
"Q9UDY4","DNAJB4","T2",45.1967162868442,68.7791776308904
"Q9UFN0","NIPSNAP3A","T2",54.8591615372567,49.2038984455964
"Q9UG63","ABCF2","T2",28.1098306806355,48.9321326360834
"Q9UHA4","LAMTOR3","T2",20.2545320949099,18.6573748226529
"Q9UHD1","CHORDC1","T2",42.8259121544527,83.438194262483
"Q9UHD8","SEPTIN9","T2",35.9791216913504,55.2522074368138
"Q9UHG3","PCYOX1","T2",14.0209578559517,14.3170819343052
"Q9UHP9","SMPX","T2",43.7348060504735,40.0244618075661
"Q9UHQ4","BCAP29","T2",9.44247615737347,29.8474463989107
"Q9UHQ9","CYB5R1","T2",12.2016370551958,38.9251915843846
"Q9UHV9","PFDN2","T2",20.6188417211735,32.4089434745991
"Q9UHY7","ENOPH1","T2",18.190170865122,44.4752889912355
"Q9UI09","NDUFA12","T2",20.410252450556,36.2621677152365
"Q9UI12","ATP6V1H","T2",31.4338727089133,63.6586553519667
"Q9UI30","TRMT112","T2",14.1992449726884,36.8593448435202
"Q9UIA9","XPO7","T2",22.9850205081449,14.1723858595052
"Q9UIC8","LCMT1","T2",26.7679369451746,32.0519152530989
"Q9UIJ7","AK3","T2",35.0572299292466,35.5302808064898
"Q9UIQ6","LNPEP","T2",5.9800849604404,39.8551675431993
"Q9UJ70","NAGK","T2",31.9080190573265,52.7132748960046
"Q9UJS0","SLC25A13","T2",26.7654210844277,41.5554192578571
"Q9UJW0","DCTN4","T2",19.4763052955551,8.92236926671283
"Q9UJY1","HSPB8","T2",44.8723449396203,38.3914440039723
"Q9UJZ1","STOML2","T2",13.6765862643891,34.8268945440668
"Q9UKG1","APPL1","T2",25.6168000887599,19.9901727998848
"Q9UKS6","PACSIN3","T2",26.2887714396849,29.1562693860183
"Q9UKU7","ACAD8","T2",31.4571765083738,32.3365907645791
"Q9UKV8","AGO2","T2",22.3627948995522,26.9428062278265
"Q9UKX2","MYH2","T2",37.4925946387445,67.7733325732103
"Q9UKX3","MYH13","T2",29.8574921725577,62.1207623184659
"Q9UKY7","CDV3","T2",39.7549980224184,33.0231843963862
"Q9UL25","RAB21","T2",29.2115077461725,49.1064755860119
"Q9UL46","PSME2","T2",39.8530001381317,38.7051873295533
"Q9ULA0","DNPEP","T2",21.6773446446148,19.6568917977864
"Q9ULC4","MCTS1","T2",27.7775399048656,36.2108878429877
"Q9ULT8","HECTD1","T2",11.5122253558292,25.179924810268
"Q9ULX7","CA14","T2",55.4091972131036,58.868179378892
"Q9UM00","TMCO1","T2",32.2480588448919,40.9099267270736
"Q9UM22","EPDR1","T2",10.7090183038972,34.3805719188596
"Q9UM54","MYO6","T2",31.4003156405983,33.3098700980258
"Q9UMR2","DDX19B","T2",24.5500006808438,68.7238676819433
"Q9UMS0","NFU1","T2",21.6154833200445,30.312039913154
"Q9UMS6","SYNPO2","T2",33.3988249975325,72.9408408358903
"Q9UMX0","UBQLN1","T2",20.7751068584303,20.4888678895198
"Q9UN36","NDRG2","T2",17.494075091045,24.0059012752363
"Q9UN37","VPS4A","T2",12.6688739647191,20.9400209254687
"Q9UNE7","STUB1","T2",34.9005005458539,29.4943485013094
"Q9UNM6","PSMD13","T2",21.300525140303,35.2163020329052
"Q9UNS2","COPS3","T2",28.1359957015419,24.8941760019463
"Q9UNZ2","NSFL1C","T2",10.9312472912001,15.6878848181491
"Q9UPR0","PLCL2","T2",8.87827931739221,48.4285105400205
"Q9UPY8","MAPRE3","T2",24.1125998329346,32.61322783272
"Q9UQ13","SHOC2","T2",20.039016138335,11.2920570463684
"Q9UQ80","PA2G4","T2",14.7704936659948,17.6225912643293
"Q9UQ90","SPG7","T2",28.1340547958461,33.8899333119387
"Q9UQM7","CAMK2A","T2",25.4984871434238,44.4047280357045
"Q9Y224","RTRAF","T2",38.949260011939,32.0204175641945
"Q9Y230","RUVBL2","T2",26.991478737381,31.9213189414143
"Q9Y235","APOBEC2","T2",18.3665488358442,36.8871064128968
"Q9Y237","PIN4","T2",38.4646617898674,40.56134934631
"Q9Y241","HIGD1A","T2",87.6529814417877,38.9524691243876
"Q9Y262","EIF3L","T2",14.255178403713,35.6949437988141
"Q9Y263","PLAA","T2",13.0934630931183,23.5501886982093
"Q9Y265","RUVBL1","T2",25.5674070728746,29.9074825959987
"Q9Y266","NUDC","T2",27.0977045979322,23.4943394799371
"Q9Y276","BCS1L","T2",94.6273243949089,62.7863020414281
"Q9Y277","VDAC3","T2",25.7604606892799,23.9220743838359
"Q9Y281","CFL2","T2",20.99163957311,20.080292680416
"Q9Y285","FARSA","T2",40.3763961623287,62.3422988664664
"Q9Y295","DRG1","T2",86.1567987412367,69.9114788963602
"Q9Y2B0","CNPY2","T2",20.5136811233021,38.5666660241497
"Q9Y2H1","STK38L","T2",22.0572490505126,36.8359491748137
"Q9Y2J8","PADI2","T2",15.6238198961467,43.2739062725037
"Q9Y2Q3","GSTK1","T2",7.56784881170903,26.8758156769065
"Q9Y2Q5","LAMTOR2","T2",24.5759905184431,11.8285025133938
"Q9Y2Q9","MRPS28","T2",29.1466181208029,47.935364311164
"Q9Y2R0","COA3","T2",34.1315709047988,35.2338975196858
"Q9Y2R5","MRPS17","T2",33.4764751694987,34.1951685489926
"Q9Y2S7","POLDIP2","T2",42.0478309534431,40.9606396519537
"Q9Y2Z0","SUGT1","T2",46.8063838930474,61.3653640368998
"Q9Y2Z9","COQ6","T2",23.9714649268635,26.3274683721189
"Q9Y305","ACOT9","T2",32.1468066161081,39.0408112777255
"Q9Y316","MEMO1","T2",33.7239779588489,48.482217450173
"Q9Y333","LSM2","T2",51.6363771264264,39.1289827249285
"Q9Y371","SH3GLB1","T2",13.923070024561,24.658863192685
"Q9Y376","CAB39","T2",13.5389738224806,21.0745200406249
"Q9Y394","DHRS7","T2",22.2687080809015,22.7040063236193
"Q9Y3A3","MOB4","T2",18.5176258162517,30.7013005507178
"Q9Y3A5","SBDS","T2",24.2920908875523,32.9177711344556
"Q9Y3A6","TMED5","T2",14.2037448828846,21.6102704005677
"Q9Y3C4","TPRKB","T2",40.6989813512433,19.203577477469
"Q9Y3C6","PPIL1","T2",18.7812622527065,37.3488352051636
"Q9Y3D2","MSRB2","T2",11.2039470615404,43.934035346153
"Q9Y3D3","MRPS16","T2",43.4537832934361,25.0186196902422
"Q9Y3D6","FIS1","T2",16.05521031843,73.9519157663948
"Q9Y3D9","MRPS23","T2",35.7128429446084,36.4550386225962
"Q9Y3F4","STRAP","T2",16.8540301395897,18.7219119565398
"Q9Y3I0","RTCB","T2",14.6803654987669,20.2461195833265
"Q9Y3I1","FBXO7","T2",30.2421421005996,17.855474022559
"Q9Y3U8","RPL36","T2",19.4043186142355,42.0606758223764
"Q9Y450","HBS1L","T2",19.7795758371466,28.1729833604995
"Q9Y490","TLN1","T2",33.2275502689111,61.8356914556582
"Q9Y4E8","USP15","T2",23.0240535479001,17.5974529799057
"Q9Y4G6","TLN2","T2",35.5964117953546,40.0998461817526
"Q9Y4J8","DTNA","T2",12.41327211058,47.6881972462368
"Q9Y4L1","HYOU1","T2",15.3225267030085,25.8391822378943
"Q9Y4W6","AFG3L2","T2",11.540547812366,21.8074372191452
"Q9Y4Z0","LSM4","T2",40.0248925259979,46.7977035344542
"Q9Y508","RNF114","T2",39.6142867248727,43.1681124630368
"Q9Y512","SAMM50","T2",17.5508122050516,30.6568974586715
"Q9Y570","PPME1","T2",33.5218784941992,40.223170078647
"Q9Y5J7","TIMM9","T2",37.4469599372105,46.7810406082338
"Q9Y5K5","UCHL5","T2",10.485265204942,15.7422772236654
"Q9Y5L0","TNPO3","T2",39.5754747928684,43.1747854964131
"Q9Y5L4","TIMM13","T2",16.7757560649436,36.5663375653732
"Q9Y5M8","SRPRB","T2",24.7887981812872,33.5964439620306
"Q9Y5P6","GMPPB","T2",18.7594580092832,20.6834884604102
"Q9Y5U8","MPC1","T2",72.474412532007,58.1180935874448
"Q9Y5X3","SNX5","T2",24.5456367849447,8.54281303792994
"Q9Y5Y2","NUBP2","T2",35.435255830125,28.2808968511318
"Q9Y5Z4","HEBP2","T2",23.29780532266,22.3562817141814
"Q9Y613","FHOD1","T2",13.2750275525081,18.580755444169
"Q9Y623","MYH4","T2",90.29634960032,87.7727446316209
"Q9Y676","MRPS18B","T2",32.9400743881535,74.3888860746307
"Q9Y696","CLIC4","T2",37.4632212985086,70.7625273496357
"Q9Y6A9","SPCS1","T2",40.4483656414492,44.0199411286487
"Q9Y6B6","SAR1B","T2",39.1974261417966,75.2977977071704
"Q9Y6C9","MTCH2","T2",27.8435428059952,26.0395609352823
"Q9Y6E2","BZW2","T2",19.0267644276514,25.1316228137682
"Q9Y6G9","DYNC1LI1","T2",29.3799311999596,24.5692234684632
"Q9Y6H1","CHCHD2","T2",40.8536878301764,55.6983210859748
"Q9Y6M9","NDUFB9","T2",13.3382099172044,42.7311471722049
"Q9Y6N5","SQOR","T2",19.6500033949054,41.3147896613243
"Q9Y6P5","SESN1","T2",17.8389648777096,39.5611575533078
"A0FGR8","ESYT2","T3",29.5555223525876,21.245738035844
"A1L0T0","ILVBL","T3",69.5885833929665,12.6949049972698
"A5D6W6","FITM1","T3",29.6676907230266,20.5940009421965
"A5YM72","CARNS1","T3",36.8213969915874,14.0127885561838
"A6NCE7","MAP1LC3B2","T3",18.460803750969,24.0543432080071
"A6NDG6","PGP","T3",27.4377708000859,15.0065862767961
"A6NNS2","DHRS7C","T3",44.7548694078292,34.0047727703078
"A8MU46","SMTNL1","T3",38.5737250457154,20.5416963842756
"A8MXV4","NUDT19","T3",15.4093171400831,24.7646147960804
"E9PAV3","NACA","T3",27.583855928058,21.775453434524
"L0R6Q1","SLC35A4","T3",27.7517787276097,36.8524884926906
"O00151","PDLIM1","T3",75.0721557054783,39.4457350140821
"O00159","MYO1C","T3",48.2691634042973,32.6355240729277
"O00168","FXYD1","T3",58.8782092194337,12.3911106376033
"O00186","STXBP3","T3",33.4280680386527,27.1459919824722
"O00217","NDUFS8","T3",38.2882910949902,26.5754942973028
"O00231","PSMD11","T3",19.1834543190255,12.0370031004922
"O00232","PSMD12","T3",19.4458559804845,22.0049765157093
"O00233","PSMD9","T3",24.8339983064828,40.7201463977705
"O00264","PGRMC1","T3",43.0825687228895,35.9062410655175
"O00299","CLIC1","T3",55.3306032100779,53.8888173190744
"O00303","EIF3F","T3",27.658952989615,19.5743498358008
"O00330","PDHX","T3",24.244355226793,19.4887717109505
"O00410","IPO5","T3",27.5844895287375,22.0503354215028
"O00423","EML1","T3",54.7970227636268,31.7538424611708
"O00429","DNM1L","T3",34.1980972831847,33.5016522977702
"O00442","RTCA","T3",28.5335311515296,33.0187184344337
"O00483","NDUFA4","T3",28.3426409737,25.1561847170257
"O00487","PSMD14","T3",13.9834655755807,12.6050169955294
"O00499","BIN1","T3",31.8892007876679,20.1496620603659
"O00505","KPNA3","T3",42.5576473023563,22.3897802191013
"O00571","DDX3X","T3",31.8503083530414,50.6529056811532
"O00629","KPNA4","T3",21.7303889143492,12.267717467209
"O00748","CES2","T3",32.6849480411117,47.4572768938272
"O00757","FBP2","T3",44.792472502797,27.9518808838711
"O00763","ACACB","T3",2.71906573648844,17.8708136942834
"O00764","PDXK","T3",29.3360916867495,30.8529483147044
"O14521","SDHD","T3",27.3008251798716,29.9087827982675
"O14556","GAPDHS","T3",76.9546519384342,74.6869677356869
"O14558","HSPB6","T3",31.7871203942007,27.8396932612309
"O14561","NDUFAB1","T3",48.7181576449856,25.3048336108536
"O14618","CCS","T3",33.487508560095,65.3440693254115
"O14653","GOSR2","T3",67.8201438596557,45.4435365271832
"O14732","IMPA2","T3",46.8471465251165,21.3784102714285
"O14737","PDCD5","T3",17.5563648191117,19.1062372547556
"O14744","PRMT5","T3",22.7352900508866,16.0297069326174
"O14818","PSMA7","T3",16.1118520461764,12.5724301012718
"O14841","OPLAH","T3",24.6558946299962,22.5333332407499
"O14874","BCKDK","T3",19.0255103423418,45.792188983388
"O14880","MGST3","T3",56.763896122655,30.4698326739187
"O14949","UQCRQ","T3",23.3530940832856,19.9362949229742
"O14950","MYL12B","T3",28.7411987142502,30.2175691726283
"O14957","UQCR11","T3",39.5733682836038,51.5581470289447
"O14958","CASQ2","T3",76.2159626488677,26.6770500495373
"O14979","HNRNPDL","T3",41.6545434248716,31.0095600680764
"O14980","XPO1","T3",83.004461316456,32.675762411218
"O14983","ATP2A1","T3",18.6464130913556,23.0788562135045
"O15061","SYNM","T3",38.3802883471049,41.3254123632056
"O15143","ARPC1B","T3",42.9894862303367,22.0358643743748
"O15144","ARPC2","T3",55.5608257320151,41.9391044429628
"O15145","ARPC3","T3",69.2285162327607,28.775234091077
"O15173","PGRMC2","T3",23.7122205577266,16.2999635658519
"O15212","PFDN6","T3",30.0961555047673,13.0874276105021
"O15273","TCAP","T3",56.7205370527539,16.6018941120848
"O15305","PMM2","T3",28.5146909856056,27.3421622207745
"O15371","EIF3D","T3",37.1093977957917,36.5604707799178
"O15382","BCAT2","T3",34.7060000138476,16.4446215182293
"O15400","STX7","T3",31.3106980824811,28.2287802959395
"O15498","YKT6","T3",10.8368066584074,14.9985476840786
"O43169","CYB5B","T3",22.448203910671,14.962519878899
"O43181","NDUFS4","T3",44.4616248836436,18.4038896547865
"O43237","DYNC1LI2","T3",21.8411268564628,28.4348320877954
"O43242","PSMD3","T3",8.5933052146556,11.9478958233604
"O43374","RASA4","T3",12.9599764157772,27.3822675546548
"O43390","HNRNPR","T3",39.3510007234898,21.7008835741477
"O43396","TXNL1","T3",12.8985387219069,19.3458048138131
"O43399","TPD52L2","T3",17.9200325355792,18.6994166112748
"O43414","ERI3","T3",37.5457840425179,23.1225818477101
"O43464","HTRA2","T3",19.1019557102203,47.5233315751614
"O43488","AKR7A2","T3",11.6823116990678,24.1863271389354
"O43491","EPB41L2","T3",27.2858160698667,13.6217521043165
"O43583","DENR","T3",59.7169651866344,38.9665782413025
"O43598","DNPH1","T3",83.7050066132585,22.5365640407385
"O43615","TIMM44","T3",45.7163805424701,45.8159831146549
"O43617","TRAPPC3","T3",10.3314155631386,29.9688924056402
"O43633","CHMP2A","T3",21.118029670342,26.4041490010868
"O43674","NDUFB5","T3",29.8599160742611,21.0167914170154
"O43676","NDUFB3","T3",36.6537508347684,17.4568605856733
"O43678","NDUFA2","T3",36.072860290959,21.421995006073
"O43681","ASNA1","T3",17.4987859876212,27.0219913726565
"O43707","ACTN4","T3",37.4410337271696,56.4106245165509
"O43708","GSTZ1","T3",46.3840572452873,27.3933587226566
"O43741","PRKAB2","T3",36.9059102500063,26.9333917283572
"O43747","AP1G1","T3",42.1785026656363,30.9713071553458
"O43760","SYNGR2","T3",24.5699972568182,31.250571994638
"O43765","SGTA","T3",35.6682520754502,24.5368955501506
"O43768","ENSA","T3",31.5336413828905,29.17636856229
"O43772","SLC25A20","T3",28.3478481163673,36.0654925454073
"O43776","NARS1","T3",23.2404594563459,15.1668547919582
"O43813","LANCL1","T3",57.7218026110082,24.5374244329069
"O43837","IDH3B","T3",19.0968952543694,18.3815821100249
"O43852","CALU","T3",39.5997118712563,14.5627104241261
"O43865","AHCYL1","T3",36.3908630643572,17.547477062216
"O43920","NDUFS5","T3",37.7674773201239,31.256349462539
"O60220","TIMM8A","T3",14.1778121958571,28.4392648731058
"O60237","PPP1R12B","T3",96.1904179261846,52.7001014970914
"O60256","PRPSAP2","T3",86.5249030089786,52.3860052075533
"O60313","OPA1","T3",32.4771465545706,25.8707171990614
"O60493","SNX3","T3",43.8091735197011,21.1745838116182
"O60506","SYNCRIP","T3",33.8393515326499,11.4257483330002
"O60610","DIAPH1","T3",25.4537735331448,53.7202483474522
"O60662","KLHL41","T3",48.0767336262213,24.7743039388406
"O60664","PLIN3","T3",13.8101497780364,19.9827716847839
"O60684","KPNA6","T3",33.495042346309,27.147028543921
"O60749","SNX2","T3",23.050101923631,18.0436735563538
"O60763","USO1","T3",22.0380482295789,13.805556790831
"O60784","TOM1","T3",36.5218217316018,18.2945021988661
"O60825","PFKFB2","T3",38.04893715157,28.9601832000042
"O60826","CCDC22","T3",19.4157284622205,32.648378017258
"O60841","EIF5B","T3",32.5665628886262,28.3334801980435
"O60884","DNAJA2","T3",24.983632586065,16.9932498864184
"O60936","NOL3","T3",30.4834173544513,10.3056906462532
"O75027","ABCB7","T3",23.0145935737571,21.3226781203594
"O75083","WDR1","T3",15.6500264267885,18.1554162382305
"O75112","LDB3","T3",21.2259029277142,29.1486207454164
"O75122","CLASP2","T3",9.09145269825241,4.36168837193861
"O75128","COBL","T3",50.6641265172934,36.3902734447443
"O75131","CPNE3","T3",27.6848877257006,14.5088654682798
"O75153","CLUH","T3",27.0265640987388,31.8980312779961
"O75155","CAND2","T3",33.9263329804197,24.8555191083829
"O75208","COQ9","T3",18.4553109840049,23.3527136745086
"O75223","GGCT","T3",36.7294480896788,21.3239907031462
"O75251","NDUFS7","T3",58.978241439606,31.7318561300833
"O75298","RTN2","T3",31.4136999316621,10.8808904403134
"O75306","NDUFS2","T3",26.9858245183374,20.3058404732457
"O75323","NIPSNAP2","T3",15.9933152579562,14.7392315991224
"O75340","PDCD6","T3",29.7908523731644,19.5060842080861
"O75347","TBCA","T3",22.0114047279702,23.6641678736812
"O75348","ATP6V1G1","T3",19.2107559462195,20.2961251355152
"O75351","VPS4B","T3",22.1942529298544,20.3140055255424
"O75352","MPDU1","T3",62.3394188873273,32.5786412524642
"O75368","SH3BGRL","T3",19.0260840474798,58.3083970691126
"O75369","FLNB","T3",20.5718122620788,21.8557879322946
"O75380","NDUFS6","T3",34.6762658813987,25.437246176019
"O75390","CS","T3",15.370452692298,10.3570053083748
"O75396","SEC22B","T3",44.8355646137206,34.4725177041368
"O75431","MTX2","T3",49.2378825533493,52.3998936908042
"O75436","VPS26A","T3",24.5713469219091,11.6064142928295
"O75438","NDUFB1","T3",36.4627970464254,19.862668337757
"O75439","PMPCB","T3",19.0731987057144,28.4808568346117
"O75489","NDUFS3","T3",32.7306305649271,19.833884180179
"O75521","ECI2","T3",29.5305924654138,25.5816541529973
"O75531","BANF1","T3",30.8982454061814,34.0463201935603
"O75534","CSDE1","T3",37.4281629482343,23.2157979992498
"O75569","PRKRA","T3",38.9556143534381,26.4996535035201
"O75608","LYPLA1","T3",17.7271604661031,16.414960379108
"O75663","TIPRL","T3",51.5846124811435,64.2498266360127
"O75688","PPM1B","T3",32.6822556325766,15.0897903339517
"O75746","SLC25A12","T3",17.3916608986263,17.5373575467528
"O75821","EIF3G","T3",41.6361069082407,31.581000883647
"O75822","EIF3J","T3",14.8368188353422,14.4425065882807
"O75832","PSMD10","T3",21.8523738656723,35.8064153335548
"O75874","IDH1","T3",48.2686604571396,13.7428668211415
"O75891","ALDH1L1","T3",35.6913844257865,23.3371651122863
"O75915","ARL6IP5","T3",41.3645165158493,19.0079128826224
"O75923","DYSF","T3",23.5042738109328,14.9674819831885
"O75935","DCTN3","T3",19.5560545799964,38.8553376991146
"O75947","ATP5PD","T3",12.9284005111493,14.1878944857517
"O75955","FLOT1","T3",27.78989622349,34.8565511908953
"O75964","ATP5MG","T3",35.5457974442688,17.8501291534554
"O76003","GLRX3","T3",48.573358054661,31.0545371181619
"O94760","DDAH1","T3",26.794197903235,23.8735574943537
"O94811","TPPP","T3",91.9388667855706,22.1674885585172
"O94826","TOMM70","T3",62.8681941440209,22.1001338381997
"O94874","UFL1","T3",35.12351072816,26.2528059414933
"O94903","PLPBP","T3",21.781855174049,23.6628316941312
"O94905","ERLIN2","T3",32.9839929671711,35.8394745706191
"O94919","ENDOD1","T3",28.6013330046733,28.0844257087481
"O94979","SEC31A","T3",44.1741672093888,35.4003812165814
"O95139","NDUFB6","T3",62.3563101237253,41.7750768465108
"O95140","MFN2","T3",31.1829446069324,18.0268794586928
"O95167","NDUFA3","T3",42.0269675284217,38.5636916087968
"O95168","NDUFB4","T3",42.4825235438589,25.5921995347802
"O95169","NDUFB8","T3",44.6371991750139,31.2130136381241
"O95182","NDUFA7","T3",50.1277749622004,28.2467457630358
"O95197","RTN3","T3",52.3576057640272,28.4416625939331
"O95202","LETM1","T3",31.5988602286624,17.1986537063974
"O95210","STBD1","T3",32.4658281680836,16.1853998045266
"O95278","EPM2A","T3",47.9809460751591,36.0378691765098
"O95292","VAPB","T3",39.6714875412686,35.6349885250654
"O95298","NDUFC2","T3",48.6079467563204,20.5500327850467
"O95299","NDUFA10","T3",26.6379463968285,24.4073390202566
"O95336","PGLS","T3",35.2743844848742,38.1272972351472
"O95359","TACC2","T3",17.6642316810274,34.0282837559257
"O95372","LYPLA2","T3",13.0973570627494,17.7088286851335
"O95373","IPO7","T3",42.6717763896141,19.952207677979
"O95376","ARIH2","T3",100.878520829663,62.0904625227766
"O95433","AHSA1","T3",54.899246690096,53.5151642828341
"O95479","H6PD","T3",19.6664948005688,44.6853125046098
"O95563","MPC2","T3",16.6040131260067,22.3390013928964
"O95571","ETHE1","T3",15.538198838559,20.5067876576436
"O95573","ACSL3","T3",19.5328536873558,22.5111288732325
"O95747","OXSR1","T3",14.5253928393001,17.4399023241313
"O95782","AP2A1","T3",18.2771575567169,25.6274128746278
"O95810","CAVIN2","T3",38.7184897911052,26.8824106257343
"O95817","BAG3","T3",23.5833770627888,31.5699604239413
"O95822","MLYCD","T3",19.8957076018886,21.8789868551368
"O95831","AIFM1","T3",17.7458193184732,9.58165387098339
"O95834","EML2","T3",27.1103129988643,26.3112305095747
"O95861","BPNT1","T3",24.4091087812314,15.570195291361
"O95865","DDAH2","T3",41.7529569537071,34.9623964792108
"O95870","ABHD16A","T3",15.2334974070169,18.9472027424997
"O95881","TXNDC12","T3",25.3415673323461,27.3783978383849
"O95989","NUDT3","T3",29.4942574327998,20.8148915969009
"O96000","NDUFB10","T3",47.8502631013059,15.4747288666845
"O96007","MOCS2","T3",24.1553815854964,9.57602963009214
"O96008","TOMM40","T3",33.0814317675798,43.3057711206264
"P00156","MT-CYB","T3",24.9145131490153,45.492503852179
"P00167","CYB5A","T3",14.3848734969061,44.2102274793677
"P00325","ADH1B","T3",60.0091340861338,41.6641256491113
"P00338","LDHA","T3",35.873524693288,31.8510936843255
"P00352","ALDH1A1","T3",39.4993485996599,56.1139737652545
"P00367","GLUD1","T3",18.8364380338065,25.6873360999121
"P00387","CYB5R3","T3",23.0956269796572,15.0939857992494
"P00390","GSR","T3",14.962121217088,33.1948890825122
"P00395","MT-CO1","T3",53.0197589116564,41.9158877611587
"P00403","MT-CO2","T3",37.5121075356312,26.1595297630859
"P00441","SOD1","T3",11.3618688451703,26.58424232429
"P00491","PNP","T3",81.5347266916796,70.0311462922369
"P00492","HPRT1","T3",49.8284157038163,51.8676324516468
"P00505","GOT2","T3",25.0492670837614,26.6780215264716
"P00558","PGK1","T3",19.4981959591222,14.0559439281451
"P00568","AK1","T3",20.090852791623,13.4750244384967
"P00846","MT-ATP6","T3",42.321858890664,20.1825828377855
"P00918","CA2","T3",53.7450273800615,47.7852834790637
"P00966","ASS1","T3",28.8462525637673,14.2654684250385
"P01116","KRAS","T3",18.5162087520208,30.7507033312873
"P01889","HLA-B","T3",38.5939825146327,47.5434895007176
"P01903","HLA-DRA","T3",11.108914580793,30.7209671942051
"P02144","MB","T3",47.4326347572094,13.6693679878636
"P02511","CRYAB","T3",41.1714379542917,14.3035723505527
"P02545","LMNA","T3",41.5976743037784,52.3215473994044
"P02585","TNNC2","T3",31.7104784151685,47.5940139024514
"P02786","TFRC","T3",37.005775110573,45.9743144258159
"P02792","FTL","T3",145.893580655376,78.5567564446891
"P02794","FTH1","T3",77.7051679382877,50.50603805254
"P03886","MT-ND1","T3",38.1427545133317,21.9613816293986
"P03891","MT-ND2","T3",51.8189203571638,24.2063840327186
"P03897","MT-ND3","T3",53.749331498492,31.9496737606569
"P03905","MT-ND4","T3",48.6754042290935,29.976344062531
"P03915","MT-ND5","T3",49.6786515550234,32.3396884130489
"P03928","MT-ATP8","T3",47.6031110238345,28.248357128056
"P04040","CAT","T3",56.545621674874,70.2305764509811
"P04075","ALDOA","T3",14.5929264643538,12.0840360299011
"P04080","CSTB","T3",22.3200750764414,22.7290290282528
"P04179","SOD2","T3",16.2735170066186,24.5213359596955
"P04216","THY1","T3",62.274948574481,46.9574835400494
"P04264","KRT1","T3",52.9557494197109,153.224452796773
"P04406","GAPDH","T3",20.2182351776952,10.011989259817
"P04439","HLA-A","T3",56.6989124270637,52.1266772289142
"P04632","CAPNS1","T3",39.4886041836616,26.8238515076893
"P04792","HSPB1","T3",11.8359509841268,19.6658876182093
"P04843","RPN1","T3",24.0187949934977,23.2593784952661
"P04844","RPN2","T3",34.4255443297203,24.588555012481
"P04899","GNAI2","T3",45.3228824173307,37.0609051366291
"P04921","GYPC","T3",30.5151262676459,76.1550621605421
"P05023","ATP1A1","T3",33.6707883984897,13.166393161527
"P05026","ATP1B1","T3",18.0968628875488,24.790440531993
"P05091","ALDH2","T3",98.435803678491,33.4376209001698
"P05141","SLC25A5","T3",36.3987648525042,25.4600778178523
"P05164","MPO","T3",116.724100927759,96.2146398886387
"P05165","PCCA","T3",39.8640184247243,30.9923280140805
"P05166","PCCB","T3",13.8245166164803,24.8411488742347
"P05198","EIF2S1","T3",13.36024699889,23.6792336715322
"P05386","RPLP1","T3",44.76160566292,23.9838559712441
"P05387","RPLP2","T3",52.964018600495,39.4956184532293
"P05388","RPLP0","T3",31.1142360968129,44.8831243097852
"P05413","FABP3","T3",23.5003164247059,21.8066120613463
"P05455","SSB","T3",68.46433101201,32.4424816385758
"P05556","ITGB1","T3",13.3743640262009,18.7583944248049
"P05787","KRT8","T3",33.2181769526538,167.897748346994
"P05976","MYL1","T3",41.7110697893428,76.1303287806638
"P06132","UROD","T3",30.3610211501705,61.4501633124012
"P06576","ATP5F1B","T3",7.37957806226612,13.3786475980147
"P06703","S100A6","T3",112.25280195515,117.118034388633
"P06730","EIF4E","T3",21.6687707789745,22.5040316460149
"P06732","CKM","T3",16.793484048123,13.0164852832353
"P06733","ENO1","T3",11.4011281093895,3.93559286513517
"P06737","PYGL","T3",72.8298298899995,83.635396719814
"P06748","NPM1","T3",37.1967978422957,27.5539902362849
"P06753","TPM3","T3",45.8851920584044,51.7843354365721
"P07099","EPHX1","T3",23.7147360830988,33.8103285851296
"P07108","DBI","T3",39.2955757036012,17.2039054331801
"P07195","LDHB","T3",55.1676767927279,42.9047621834218
"P07203","GPX1","T3",23.8827550790952,18.3101899464996
"P07237","P4HB","T3",29.7634902419432,13.65465150621
"P07305","H1-0","T3",63.2187485710001,53.1711815419605
"P07384","CAPN1","T3",16.6674027701975,22.2893471778708
"P07437","TUBB","T3",67.0939769213344,21.8947066802527
"P07451","CA3","T3",64.1557886943055,35.251114622093
"P07585","DCN","T3",41.1527016410889,26.2682684724947
"P07602","PSAP","T3",40.2951970208746,23.3553265702341
"P07737","PFN1","T3",27.1940065081451,36.4642181058174
"P07738","BPGM","T3",57.8566526094217,61.769416439348
"P07741","APRT","T3",29.5857377879799,49.4875903137749
"P07814","EPRS1","T3",13.2844924180913,14.9569221609166
"P07900","HSP90AA1","T3",36.3995718632913,16.2931566879316
"P07910","HNRNPC","T3",108.304904586772,65.362315517024
"P07919","UQCRH","T3",20.0580934256918,23.5742860277504
"P07951","TPM2","T3",46.513793488154,49.3654814089238
"P07954","FH","T3",10.9350443381379,10.6861247601184
"P08123","COL1A2","T3",72.5055164146521,32.6280687162855
"P08133","ANXA6","T3",20.6501118560061,14.1957211662791
"P08237","PFKM","T3",14.9671778017593,9.16232082634925
"P08238","HSP90AB1","T3",34.2517352967704,17.6823955051409
"P08311","CTSG","T3",144.904702079321,103.446169271446
"P08473","MME","T3",36.1627965660224,36.724338636457
"P08559","PDHA1","T3",25.7392473151461,11.0278951718191
"P08572","COL4A2","T3",28.1528498574573,25.3623243864155
"P08574","CYC1","T3",14.668691589028,32.54960978723
"P08590","MYL3","T3",58.1437923141047,69.5974897582541
"P08670","VIM","T3",40.6985821731288,33.4134017189104
"P08708","RPS17","T3",36.36993889681,51.4536206970365
"P08758","ANXA5","T3",50.283000170758,11.3489835887133
"P08865","RPSA","T3",28.1917045428979,29.8051292449413
"P08962","CD63","T3",44.5776601240545,41.9034328051393
"P09104","ENO2","T3",76.5974854539487,65.6421941641667
"P09110","ACAA1","T3",30.5061972692521,19.6450984196536
"P09211","GSTP1","T3",12.5771449124269,17.4217705684041
"P09417","QDPR","T3",16.2914506633407,10.7862577072322
"P09429","HMGB1","T3",30.3766982250518,21.5302071500024
"P09467","FBP1","T3",68.2660094379018,55.1999080660031
"P09488","GSTM1","T3",89.218828599196,117.473475188385
"P09493","TPM1","T3",30.8891701479246,51.4078612791917
"P09497","CLTB","T3",47.6748186431596,18.3779867270849
"P09525","ANXA4","T3",40.7251432444069,36.7630076543011
"P09622","DLD","T3",14.183012017096,13.069948733302
"P09651","HNRNPA1","T3",48.0156263600175,40.3633165887353
"P09669","COX6C","T3",30.6309822233485,18.3582613487603
"P09874","PARP1","T3",28.7405459691423,19.4832383717668
"P09936","UCHL1","T3",41.0968752507724,76.9338599826503
"P09960","LTA4H","T3",20.874810497474,18.0306792701143
"P09972","ALDOC","T3",35.4960845549098,31.2626640930125
"P0CW19","LIMS3","T3",27.3845675303861,37.2310709817689
"P0DMV8","HSPA1A","T3",21.8687355094446,9.21850290154559
"P0DP23","CALM1","T3",35.6224321566214,20.6593800817255
"P10155","RO60","T3",141.016320147813,74.921485668986
"P10253","GAA","T3",106.455468762638,34.1085950775755
"P10301","RRAS","T3",39.5081061868641,32.8494097893303
"P10321","HLA-C","T3",31.6830330089839,18.1971508902753
"P10515","DLAT","T3",24.1001317421185,11.7427062012277
"P10599","TXN","T3",25.5405661266611,22.5981101862708
"P10606","COX5B","T3",41.2130375278241,21.2020117553281
"P10644","PRKAR1A","T3",31.7910957630578,16.0371617100084
"P10768","ESD","T3",41.8108407555128,17.276874183874
"P10809","HSPD1","T3",17.7702189830506,18.2108124517704
"P10916","MYL2","T3",75.0968995922049,73.2879288998643
"P11021","HSPA5","T3",34.2520376848526,18.7987169230436
"P11047","LAMC1","T3",27.1996914095151,26.2754343607788
"P11055","MYH3","T3",30.2335227831306,85.3964815474359
"P11142","HSPA8","T3",23.596042691161,9.37628459016249
"P11166","SLC2A1","T3",56.6834091612076,85.0492782295956
"P11171","EPB41","T3",55.6115992345595,89.5337574729691
"P11177","PDHB","T3",14.7982597177728,8.19865293572783
"P11182","DBT","T3",18.5486478381017,16.8762258845928
"P11216","PYGB","T3",29.528136751584,23.1954532831402
"P11217","PYGM","T3",20.8010811463753,16.001860690655
"P11233","RALA","T3",23.9256647944983,32.9688628492501
"P11277","SPTB","T3",54.4194133975263,75.9483267573757
"P11279","LAMP1","T3",149.539209010336,23.8145290843097
"P11310","ACADM","T3",25.4103872778663,37.1769747472551
"P11532","DMD","T3",14.9143089662455,16.2364805966767
"P11586","MTHFD1","T3",19.7379024945854,13.7079045065519
"P11766","ADH5","T3",18.8199835371786,24.8178693318614
"P11940","PABPC1","T3",9.71527269537975,18.7430236763345
"P12081","HARS1","T3",17.748684717956,20.203246207124
"P12109","COL6A1","T3",42.6888905920203,52.6173080103186
"P12110","COL6A2","T3",16.2269856842447,34.403877771803
"P12111","COL6A3","T3",42.4697804443545,58.4314988925811
"P12235","SLC25A4","T3",15.7774616912828,13.0009661543436
"P12236","SLC25A6","T3",28.632671150526,13.7023049057428
"P12268","IMPDH2","T3",16.353712439245,9.87987405699846
"P12277","CKB","T3",18.3203177959005,20.3407550352118
"P12429","ANXA3","T3",49.1840823326576,63.0157280855992
"P12694","BCKDHA","T3",21.7804857163246,30.8618295721548
"P12814","ACTN1","T3",58.7093772496442,85.7801495991218
"P12829","MYL4","T3",72.7341413166362,73.4655449367936
"P12882","MYH1","T3",63.3616506312419,71.4840653574619
"P12883","MYH7","T3",62.5976318735463,77.8298630336373
"P12955","PEPD","T3",33.2664353780032,28.6350889201626
"P12956","XRCC6","T3",32.8252615319856,11.0022605145723
"P13010","XRCC5","T3",58.104589234974,32.3804000730413
"P13073","COX4I1","T3",24.1177447674999,20.5519812094184
"P13164","IFITM1","T3",71.4674823303001,94.1207677918463
"P13473","LAMP2","T3",58.594230751448,32.6742033511535
"P13489","RNH1","T3",23.2615523004039,16.1287232450828
"P13533","MYH6","T3",23.5171196106328,63.1609329262718
"P13535","MYH8","T3",65.3730546779919,96.5271900974509
"P13639","EEF2","T3",25.8837536824108,11.1243011333216
"P13645","KRT10","T3",47.7672442981886,74.8553824471635
"P13667","PDIA4","T3",65.944051998655,53.8157672249502
"P13693","TPT1","T3",15.1544796969331,17.142913500624
"P13716","ALAD","T3",56.0413782665477,72.4428809718408
"P13796","LCP1","T3",136.350985711297,81.9560067064568
"P13797","PLS3","T3",72.0558538707379,33.5243897011283
"P13798","APEH","T3",16.5002023763974,18.6141798284899
"P13804","ETFA","T3",12.6029238450672,14.696839615438
"P13805","TNNT1","T3",52.3967367512765,52.2275620926094
"P13807","GYS1","T3",16.9377234678496,19.7229060770245
"P13861","PRKAR2A","T3",33.6845523250903,15.4362810189272
"P13929","ENO3","T3",35.9950210598715,13.2461553436643
"P13987","CD59","T3",44.6937344292626,20.6959699840088
"P14314","PRKCSH","T3",18.5619533746421,29.4866508686718
"P14324","FDPS","T3",11.8839998281777,19.8095916045042
"P14406","COX7A2","T3",25.7255233145786,34.6295852004373
"P14543","NID1","T3",13.8578323343883,10.773532517917
"P14550","AKR1A1","T3",15.6849617081468,23.0201906980174
"P14618","PKM","T3",14.1705306134721,14.3084279687515
"P14621","ACYP2","T3",18.6947804691673,17.395821711301
"P14625","HSP90B1","T3",42.3179997026909,22.8069842807232
"P14649","MYL6B","T3",82.420302265813,87.5462789785189
"P14678","SNRPB","T3",35.5349978757024,18.304953146207
"P14735","IDE","T3",23.5807815750082,14.1094640336811
"P14854","COX6B1","T3",47.1837324183897,21.5068834026219
"P14866","HNRNPL","T3",55.3975001183332,36.5941720259093
"P14868","DARS1","T3",21.1317738713001,16.7919752012577
"P14923","JUP","T3",21.2099239872112,30.8545498842645
"P14927","UQCRB","T3",12.6084227462469,20.0893503584876
"P15090","FABP4","T3",24.2867873776335,18.2962456004936
"P15104","GLUL","T3",16.095520464385,33.8506270473229
"P15121","AKR1B1","T3",37.1057621215362,30.6271188227916
"P15170","GSPT1","T3",24.7862628075616,29.7229966585889
"P15259","PGAM2","T3",29.5372800216476,14.6341490290828
"P15311","EZR","T3",60.1846237432895,43.4515884794223
"P15374","UCHL3","T3",20.7393892234286,21.2832497718513
"P15531","NME1","T3",56.9645189374181,40.8620554714824
"P15880","RPS2","T3",21.0832284917649,30.1650363380782
"P15927","RPA2","T3",28.7376173972332,13.3305030189334
"P15954","COX7C","T3",16.0716865421098,21.5814803125072
"P16083","NQO2","T3",115.707828326405,83.8053085548349
"P16118","PFKFB1","T3",18.9883546283665,12.3980057622437
"P16152","CBR1","T3",37.287077751391,33.4311316169048
"P16157","ANK1","T3",77.8869387027918,84.5138685684419
"P16219","ACADS","T3",37.2371476676329,47.0520982563955
"P16298","PPP3CB","T3",33.6459236864227,24.4717235505372
"P16615","ATP2A2","T3",32.5864768762403,16.7584615576046
"P16671","CD36","T3",43.7844016143191,28.1419885406757
"P16930","FAH","T3",25.4908481063409,34.9695301281283
"P16989","YBX3","T3",19.037134448396,16.7204086616125
"P17152","TMEM11","T3",43.0363045631393,18.4635885916519
"P17174","GOT1","T3",20.4537870445482,13.6759428276452
"P17540","CKMT2","T3",35.0681485956515,25.6810344000674
"P17568","NDUFB7","T3",31.0214209476022,28.1916161602179
"P17612","PRKACA","T3",32.5574309901158,18.5556326780006
"P17655","CAPN2","T3",26.7354559761404,33.5867045294779
"P17661","DES","T3",34.5897221540773,38.4545134456543
"P17812","CTPS1","T3",107.628566300786,79.7421671040764
"P17858","PFKL","T3",36.0579118175297,20.1811213433768
"P17980","PSMC3","T3",17.9459165501056,15.2797220933719
"P17987","TCP1","T3",20.8272699749024,14.481336130864
"P18031","PTPN1","T3",78.0615176932853,27.1891232065857
"P18085","ARF4","T3",17.9920554047742,22.799662264453
"P18124","RPL7","T3",54.2128186546044,48.914784636074
"P18206","VCL","T3",19.469677974831,11.6252664565729
"P18621","RPL17","T3",39.6199638244416,55.9541692488056
"P18669","PGAM1","T3",18.9039048058324,15.6129586141527
"P18859","ATP5PF","T3",27.5821111122402,22.926425435592
"P19237","TNNI1","T3",58.4832345782779,48.9968896440351
"P19338","NCL","T3",38.1156693906022,37.0114856125016
"P19367","HK1","T3",24.7950110873905,11.6897966434035
"P19404","NDUFV2","T3",22.3152066255248,26.0241759049207
"P19623","SRM","T3",82.1124727671437,53.0314561508629
"P19971","TYMP","T3",31.3088946327465,42.2324481290198
"P20042","EIF2S2","T3",27.8025584535598,30.505436120292
"P20073","ANXA7","T3",19.2470976773495,12.2454705037246
"P20340","RAB6A","T3",23.776986975333,25.9359149819018
"P20472","PVALB","T3",101.273050657111,47.0716583571285
"P20618","PSMB1","T3",12.7378962824664,15.845996185798
"P20674","COX5A","T3",28.4994263225741,25.879199735532
"P20774","OGN","T3",108.470007090593,44.7873446202277
"P20807","CAPN3","T3",56.4866820324892,34.5119600143413
"P20810","CAST","T3",22.8869964734009,29.905335626761
"P20929","NEB","T3",27.3319507437363,58.2511211048935
"P20962","PTMS","T3",20.771036933016,0
"P21266","GSTM3","T3",43.1710166834471,34.2335423453497
"P21281","ATP6V1B2","T3",18.7776736769126,24.65090243645
"P21291","CSRP1","T3",39.086636604643,99.1319512596386
"P21333","FLNA","T3",54.5126223008847,25.8403886387371
"P21397","MAOA","T3",58.0293738516287,22.500432093389
"P21399","ACO1","T3",35.9024096485372,34.6661375060602
"P21695","GPD1","T3",29.0440817909706,13.300474148668
"P21796","VDAC1","T3",25.5308287320336,16.3667231293116
"P21817","RYR1","T3",18.2765491300404,22.0703076897954
"P21912","SDHB","T3",21.7635530882929,14.589538097304
"P21926","CD9","T3",51.9362695742798,31.939290989349
"P21953","BCKDHB","T3",37.6029222334139,60.3111577404563
"P21964","COMT","T3",39.7661638058129,21.1303516569607
"P21980","TGM2","T3",41.6344741139051,61.2430299345022
"P22033","MMUT","T3",31.8210492687156,11.0180099461826
"P22059","OSBP","T3",26.7452568383748,28.1111577151188
"P22061","PCMT1","T3",7.72068866155913,10.9782439522776
"P22102","GART","T3",31.355087113603,25.3988998865572
"P22234","PAICS","T3",17.5859090210145,29.7569853596276
"P22307","SCP2","T3",44.0931616499858,39.1041074428337
"P22314","UBA1","T3",46.6783939516793,15.5000259836393
"P22392","NME2","T3",29.1269690098069,26.8252588429061
"P22570","FDXR","T3",69.3240011128495,55.890762606326
"P22626","HNRNPA2B1","T3",65.7849906644884,32.8024757376969
"P22695","UQCRC2","T3",16.4270958780658,12.6828354840801
"P22830","FECH","T3",27.5968164863224,36.0114596554124
"P23109","AMPD1","T3",51.0553458506802,15.2202265183562
"P23142","FBLN1","T3",49.175430586056,51.8385500721505
"P23246","SFPQ","T3",68.2210065166894,40.980581098017
"P23297","S100A1","T3",74.2396829915076,67.9030262208423
"P23327","HRC","T3",39.8897404331127,22.3170819782648
"P23368","ME2","T3",33.7166853963933,38.7592316954848
"P23381","WARS1","T3",28.0883425155173,15.7744666415609
"P23396","RPS3","T3",23.8396279676653,26.2436061281082
"P23434","GCSH","T3",28.9659731928923,25.6002818999522
"P23526","AHCY","T3",20.8593208570382,25.290035542673
"P23528","CFL1","T3",51.6848368678042,14.8018768164228
"P23634","ATP2B4","T3",22.7587591631629,39.9566333417011
"P23786","CPT2","T3",18.1140883056353,25.6656858071037
"P24043","LAMA2","T3",39.1040253673228,10.33568837481
"P24298","GPT","T3",38.5049223211845,21.9187299621379
"P24310","COX7A1","T3",39.9876880493398,34.0632621662619
"P24534","EEF1B2","T3",45.3576807973113,21.556774375714
"P24539","ATP5PB","T3",11.7747255387855,11.8699024373949
"P24666","ACP1","T3",17.0763110307992,9.63321091568804
"P24752","ACAT1","T3",19.0725372726313,17.8273767924125
"P25325","MPST","T3",32.087616156088,23.7932985617509
"P25398","RPS12","T3",19.7380969441853,22.9099828150496
"P25685","DNAJB1","T3",48.1249621299439,43.9490352851835
"P25705","ATP5F1A","T3",9.89089806624753,11.6687747367789
"P25786","PSMA1","T3",18.3945953653398,12.2852006206328
"P25787","PSMA2","T3",33.3766479763364,22.3379485975721
"P25788","PSMA3","T3",21.4918329603917,18.3038786531411
"P25789","PSMA4","T3",19.4081920874867,17.4794097581639
"P26038","MSN","T3",37.6649144904973,31.5915236644485
"P26196","DDX6","T3",26.0127650356476,31.5355974289586
"P26373","RPL13","T3",37.4902415418431,51.3107925024686
"P26440","IVD","T3",38.4736338208236,34.7233771609603
"P26599","PTBP1","T3",38.7199269956215,43.2702827053333
"P26639","TARS1","T3",37.3102835427712,42.0237269073602
"P26640","VARS1","T3",44.9481055625974,27.1667825579662
"P26641","EEF1G","T3",19.7501289181575,21.3861198892913
"P26678","PLN","T3",40.3326692236145,48.5074283689209
"P26885","FKBP2","T3",46.9831357147321,17.8887563288464
"P27105","STOM","T3",69.4711692497578,77.6472513520746
"P27338","MAOB","T3",50.3172207612114,30.5078108099317
"P27348","YWHAQ","T3",23.2775531478489,30.4631363783079
"P27635","RPL10","T3",39.3273382680332,16.6409781375712
"P27695","APEX1","T3",52.0886155842604,10.2834900796925
"P27797","CALR","T3",28.3196737961118,22.8936079494754
"P27816","MAP4","T3",38.1776162503006,15.2068793506104
"P27824","CANX","T3",23.8018944554968,15.0726362053931
"P28066","PSMA5","T3",6.26704299385462,12.9668156147738
"P28070","PSMB4","T3",19.2031616131779,21.354509224761
"P28072","PSMB6","T3",37.6174990938757,27.6786396041545
"P28074","PSMB5","T3",11.8543945911325,15.5068137243922
"P28161","GSTM2","T3",32.0803944995851,30.0918218954349
"P28289","TMOD1","T3",43.7186049778363,54.6772800455545
"P28331","NDUFS1","T3",30.0275322549407,17.0812988959286
"P28482","MAPK1","T3",46.5235762734719,41.549175838833
"P28838","LAP3","T3",20.3063491423464,29.4318258350006
"P29144","TPP2","T3",35.6905251049128,8.75156327061161
"P29218","IMPA1","T3",18.6093908749187,27.6793486009353
"P29401","TKT","T3",109.434256768381,83.6100532261358
"P29692","EEF1D","T3",15.6861618248096,16.2373282000481
"P29966","MARCKS","T3",69.3283576790191,15.9518135454488
"P29972","AQP1","T3",37.9819627294333,33.5268066525895
"P29992","GNA11","T3",36.3351187139599,22.9143503654976
"P30038","ALDH4A1","T3",22.7595170067512,15.1878505933437
"P30040","ERP29","T3",38.9783443300813,20.9470470214635
"P30041","PRDX6","T3",29.8080708668835,18.2506564815431
"P30043","BLVRB","T3",20.4025530743854,47.4246106720194
"P30044","PRDX5","T3",31.3507988712381,17.4095438314625
"P30046","DDT","T3",49.7404522500034,41.3267416940416
"P30048","PRDX3","T3",20.1412787751892,13.4358376251039
"P30049","ATP5F1D","T3",33.0285370726257,30.9212571338376
"P30050","RPL12","T3",44.1668366423964,43.9795625643563
"P30084","ECHS1","T3",23.5854312648351,12.6371980334196
"P30085","CMPK1","T3",103.917054957371,41.1160804861661
"P30086","PEBP1","T3",16.5824556189991,9.62696004395459
"P30101","PDIA3","T3",35.614879725739,33.1938282800844
"P30153","PPP2R1A","T3",62.4699648318081,19.9922664836499
"P30405","PPIF","T3",20.3441370868543,16.6971397342828
"P30419","NMT1","T3",30.2595898595746,37.0290840318692
"P30520","ADSS2","T3",48.1266556507152,39.7864916220126
"P30533","LRPAP1","T3",22.3914788045108,40.9375814300197
"P30536","TSPO","T3",40.944689476419,52.0872579444101
"P30566","ADSL","T3",30.7514871721149,25.2659495878575
"P30622","CLIP1","T3",9.47236171060674,20.0096517639116
"P30626","SRI","T3",37.0128782001563,54.3528750517953
"P30837","ALDH1B1","T3",70.8475289752852,43.7005631341156
"P31040","SDHA","T3",17.3387515888204,12.4505722743022
"P31146","CORO1A","T3",44.8505971437236,55.14824387333
"P31150","GDI1","T3",25.9016288294994,8.0246255161326
"P31153","MAT2A","T3",23.8305501707877,19.7923654626126
"P31415","CASQ1","T3",22.2816637735972,15.1172653701477
"P31749","AKT1","T3",71.6029452450211,10.8719133674182
"P31751","AKT2","T3",18.3519678742576,40.0169182815331
"P31930","UQCRC1","T3",10.5381235574759,13.8226308078269
"P31937","HIBADH","T3",7.7701366549705,14.9576390345358
"P31939","ATIC","T3",39.4387516536674,21.195358419318
"P31942","HNRNPH3","T3",52.5076275653602,43.2837785491584
"P31943","HNRNPH1","T3",35.3053953302568,36.3750388671688
"P31946","YWHAB","T3",32.9917205084588,16.3519631861559
"P31948","STIP1","T3",15.0174043389936,12.5109212371187
"P31949","S100A11","T3",109.207273013497,79.2874136085802
"P32119","PRDX2","T3",31.9891190433571,39.7351264331553
"P32969","RPL9","T3",41.4733144655178,41.5850628002709
"P33121","ACSL1","T3",21.708311997321,11.907542792247
"P33176","KIF5B","T3",21.9339667142231,9.31442046026671
"P34896","SHMT1","T3",26.5689035349163,47.8229057137975
"P34897","SHMT2","T3",45.0522898229207,42.6081082071557
"P34913","EPHX2","T3",43.8716014284789,38.1219440331905
"P34932","HSPA4","T3",26.1230225789177,14.2734783396887
"P34949","MPI","T3",12.4928646261722,17.4217229461807
"P35052","GPC1","T3",65.6435386108594,22.7833527726082
"P35080","PFN2","T3",25.9793964894856,28.4797664214085
"P35232","PHB","T3",6.7524341828016,12.5350062469011
"P35237","SERPINB6","T3",39.8598568818901,45.1039137434209
"P35241","RDX","T3",12.1644857916231,11.1710343911987
"P35244","RPA3","T3",60.8916538448151,36.5910703234531
"P35268","RPL22","T3",36.634309186492,39.2081879481499
"P35270","SPR","T3",74.362393267758,46.984204433285
"P35573","AGL","T3",29.9625657036852,18.3689379413331
"P35579","MYH9","T3",37.5902151607302,31.1394256224751
"P35606","COPB2","T3",27.1158357699789,28.917332313991
"P35609","ACTN2","T3",51.3606183707698,94.2350125861622
"P35611","ADD1","T3",37.4420636133293,64.3327684895559
"P35613","BSG","T3",21.0917595661272,12.3613974237465
"P35637","FUS","T3",23.6509825847784,25.9721258869191
"P35749","MYH11","T3",32.0317747715437,116.162374560685
"P35754","GLRX","T3",39.8875230196498,40.8122536782977
"P35813","PPM1A","T3",34.7382831439903,17.9703611083422
"P35908","KRT2","T3",33.2965428702126,80.6753355336577
"P35914","HMGCL","T3",35.2688095046967,28.6380726535435
"P35998","PSMC2","T3",28.971120339693,24.3807201504995
"P36405","ARL3","T3",26.3155314667182,25.4921948235303
"P36507","MAP2K2","T3",25.6713845297445,22.001356415626
"P36542","ATP5F1C","T3",11.3700540710256,15.4194109207812
"P36543","ATP6V1E1","T3",64.2603112351578,53.1300226128957
"P36578","RPL4","T3",38.8880300480868,66.3071331902344
"P36776","LONP1","T3",23.491968013597,21.5303108530295
"P36871","PGM1","T3",13.5451711463402,18.9064501349772
"P36873","PPP1CC","T3",25.172603340946,13.6537893221988
"P36957","DLST","T3",18.0110966566536,9.5702740855853
"P36959","GMPR","T3",45.3278456673656,33.7720924384386
"P36969","GPX4","T3",16.0865067026062,16.7304392486197
"P37108","SRP14","T3",39.236609112364,42.1997439013662
"P37235","HPCAL1","T3",19.2314269630235,23.7664477575171
"P37802","TAGLN2","T3",29.2527367051012,9.99041948055402
"P37837","TALDO1","T3",37.7737699481054,37.1712036626893
"P37840","SNCA","T3",65.0300866792479,85.5766729083091
"P38117","ETFB","T3",19.5877910430121,17.2689838730172
"P38159","RBMX","T3",93.0977242398212,58.5882175014117
"P38606","ATP6V1A","T3",51.199593690836,27.6138282995577
"P38646","HSPA9","T3",26.4291194603389,13.1101006339495
"P39019","RPS19","T3",14.4261114543394,24.3723673074638
"P39059","COL15A1","T3",33.4294469202521,18.6175612470395
"P39060","COL18A1","T3",18.595564868402,13.0230965132181
"P39656","DDOST","T3",20.3344661070011,25.7385595402115
"P39687","ANP32A","T3",25.0291516239215,42.6744437073957
"P40123","CAP2","T3",21.1036360807311,35.7327596867126
"P40227","CCT6A","T3",45.109723131201,15.8105748558893
"P40261","NNMT","T3",150.043120570401,104.660698712205
"P40429","RPL13A","T3",31.8564144924526,58.1912286839722
"P40616","ARL1","T3",72.4036241343541,11.886427768953
"P40763","STAT3","T3",28.6079048015961,14.6691937999126
"P40925","MDH1","T3",18.9888084509378,15.1342998596659
"P40926","MDH2","T3",19.0550005097022,16.8215662636987
"P40939","HADHA","T3",20.9837874038895,11.1187026274008
"P41091","EIF2S3","T3",21.1779037931709,15.5028724839443
"P41236","PPP1R2","T3",35.9938474488291,17.5369160277297
"P41250","GARS1","T3",46.7331939563227,26.2682920731504
"P41252","IARS1","T3",19.5376183355195,27.7221885208386
"P41567","EIF1","T3",19.4925904258564,22.8768587229995
"P42025","ACTR1B","T3",20.9984851386788,23.7832253374016
"P42126","ECI1","T3",20.3475586362448,17.2695939000047
"P42330","AKR1C3","T3",94.4467455385988,50.5179282896005
"P42677","RPS27","T3",35.4325915579221,28.3793814871375
"P42704","LRPPRC","T3",21.8998852800061,11.2019432343264
"P42765","ACAA2","T3",12.8956885939392,14.6847735039011
"P42766","RPL35","T3",21.1560070936313,25.1919468786525
"P43007","SLC1A4","T3",32.9039359620928,32.6948348996065
"P43034","PAFAH1B1","T3",19.0134559286673,18.7259274251665
"P43155","CRAT","T3",25.7773512987937,12.9547981319603
"P43304","GPD2","T3",29.598516513772,18.8091483983558
"P43487","RANBP1","T3",46.5760825599366,39.7639048944459
"P43686","PSMC4","T3",19.0299263469713,13.9844803134965
"P43897","TSFM","T3",18.4367893091048,28.6937598713597
"P45378","TNNT3","T3",22.9114386276151,70.7141957124828
"P45381","ASPA","T3",54.1554306603365,31.6765976430167
"P45877","PPIC","T3",23.915848937646,20.9416172984032
"P45880","VDAC2","T3",26.4506970322225,16.7599559287101
"P45954","ACADSB","T3",32.5494738966579,34.3635491915827
"P45974","USP5","T3",50.6866851605047,23.6696957320807
"P45984","MAPK9","T3",91.1916948226588,31.2057881859729
"P45985","MAP2K4","T3",41.6475832100414,41.9028082061347
"P46019","PHKA2","T3",52.3892875959864,32.3280535893259
"P46020","PHKA1","T3",48.7053794702293,28.273696321422
"P46109","CRKL","T3",28.5483808293783,19.6789388656401
"P46199","MTIF2","T3",20.4324987638647,33.4643148251115
"P46459","NSF","T3",15.3539359328723,38.9192723319799
"P46734","MAP2K3","T3",30.3445367059428,17.0464612092139
"P46776","RPL27A","T3",76.4082305055377,34.6206823865206
"P46777","RPL5","T3",81.3537319158085,41.1039100978536
"P46781","RPS9","T3",34.1072147070994,33.9009150121676
"P46782","RPS5","T3",78.2277036489255,58.5312674235644
"P46783","RPS10","T3",79.3599871032031,48.1551961761858
"P46926","GNPDA1","T3",11.9774435333214,14.3762329395902
"P46939","UTRN","T3",37.5021234955949,23.2015126407327
"P46940","IQGAP1","T3",55.6081780944825,35.7825929320015
"P46976","GYG1","T3",34.3116033256597,21.7339821061108
"P46977","STT3A","T3",16.8478369413112,6.68523521287451
"P47755","CAPZA2","T3",12.5610859849508,23.4738237466097
"P47756","CAPZB","T3",13.435817856865,22.0313563130045
"P47813","EIF1AX","T3",23.8254424403778,34.5862350859738
"P47897","QARS1","T3",24.5899367605109,18.4615118181291
"P47985","UQCRFS1","T3",16.7845887674459,12.5297779415443
"P48047","ATP5PO","T3",21.2152054577825,13.3443129468677
"P48059","LIMS1","T3",30.1428951269652,28.0591900445419
"P48147","PREP","T3",18.106011954923,9.11645886178025
"P48163","ME1","T3",35.0955639483636,32.0260653806454
"P48444","ARCN1","T3",34.5808260039421,8.51022094607458
"P48449","LSS","T3",31.3487376677316,21.5054928828702
"P48506","GCLC","T3",52.3363565701566,84.1167715344877
"P48507","GCLM","T3",15.0257025338129,48.5432319643923
"P48556","PSMD8","T3",24.1839455264982,19.6338773845686
"P48637","GSS","T3",26.9417649757558,43.8371256628913
"P48643","CCT5","T3",26.8439585176378,23.3178764971713
"P48729","CSNK1A1","T3",15.3418768318674,47.7101532280065
"P48735","IDH2","T3",21.8812864082838,18.3413211579567
"P48788","TNNI2","T3",52.9819080496546,54.2243494093416
"P49023","PXN","T3",83.2629095051093,42.8905385658739
"P49137","MAPKAPK2","T3",9.22183242765223,26.8078293563748
"P49189","ALDH9A1","T3",16.5820036549412,14.2962282741595
"P49247","RPIA","T3",59.2149802708766,19.157163997839
"P49257","LMAN1","T3",24.0505921974468,25.23971073794
"P49354","FNTA","T3",59.0338255884707,28.5141456070726
"P49368","CCT3","T3",26.2629713506217,19.0743215143213
"P49411","TUFM","T3",16.0642997788455,14.7616583547954
"P49419","ALDH7A1","T3",27.3548174972178,48.0546621967184
"P49441","INPP1","T3",55.8995791834346,30.6734784452014
"P49458","SRP9","T3",36.8811973220343,20.8055110642603
"P49588","AARS1","T3",47.150639751378,20.1632114724591
"P49589","CARS1","T3",22.2626956082417,21.6690082450894
"P49591","SARS1","T3",73.3532432923612,30.7695940422315
"P49720","PSMB3","T3",23.8190554420587,30.8382566576744
"P49721","PSMB2","T3",21.9505942356477,16.1538200907257
"P49748","ACADVL","T3",17.3338793475731,13.6254047284524
"P49753","ACOT2","T3",11.3515452215441,16.9276388199104
"P49755","TMED10","T3",21.2145847097492,19.8528274664647
"P49773","HINT1","T3",26.367261044028,15.4347231331318
"P49821","NDUFV1","T3",31.2972743615562,15.5249198474663
"P49840","GSK3A","T3",29.0429350792246,18.0603606389413
"P49841","GSK3B","T3",37.5540159865122,38.4240261090058
"P49902","NT5C2","T3",59.7253016753406,30.65114154146
"P50213","IDH3A","T3",22.5892069389226,14.5542622755924
"P50238","CRIP1","T3",28.7329592551356,59.8503819908968
"P50395","GDI2","T3",18.7903465062375,17.7240783117018
"P50416","CPT1A","T3",29.4185788519499,20.2271697319588
"P50461","CSRP3","T3",48.7384932140623,17.3568419525074
"P50502","ST13","T3",12.574052515614,7.84818862960889
"P50570","DNM2","T3",28.8304636442366,19.4191776800639
"P50579","METAP2","T3",26.8690424461085,29.7401778899463
"P50583","NUDT2","T3",11.0748106712036,22.0374950658037
"P50895","BCAM","T3",38.3650119243395,51.9493229385794
"P50914","RPL14","T3",22.0382611605656,57.0605366817597
"P50990","CCT8","T3",25.2896896283236,18.8250273072686
"P50991","CCT4","T3",23.4407216777696,17.0569711761605
"P50993","ATP1A2","T3",23.1282280545182,15.672920588225
"P50995","ANXA11","T3",13.9410953591737,12.1660592517841
"P51114","FXR1","T3",31.1958819561242,19.9141780781041
"P51148","RAB5C","T3",22.3531893014958,17.1655406853572
"P51149","RAB7A","T3",12.4257403570165,19.5420156357159
"P51151","RAB9A","T3",21.9416565711191,24.732908929537
"P51452","DUSP3","T3",23.8866402680926,14.2101783396422
"P51553","IDH3G","T3",25.3980712926338,18.6011340858013
"P51570","GALK1","T3",10.8863079167688,7.5821000709788
"P51572","BCAP31","T3",50.0981052105104,19.2773109536875
"P51636","CAV2","T3",12.7523025205537,22.7318516785135
"P51648","ALDH3A2","T3",55.2687624694928,23.2256644827727
"P51649","ALDH5A1","T3",29.6034308857447,26.1485322138184
"P51659","HSD17B4","T3",41.6149860699663,29.4274157176066
"P51665","PSMD7","T3",41.6472971057454,15.0529498088101
"P51668","UBE2D1","T3",24.4638561587626,23.3438361627004
"P51692","STAT5B","T3",31.1989071367065,17.1546693883928
"P51812","RPS6KA3","T3",13.4383537803529,13.5425055981331
"P51884","LUM","T3",39.622709652032,23.4265863190841
"P51888","PRELP","T3",115.012227965341,26.5591414130352
"P51970","NDUFA8","T3",42.0023945788752,28.8594853578919
"P51991","HNRNPA3","T3",67.7993407728284,41.0385060158892
"P52179","MYOM1","T3",43.5260299378527,49.8873244847295
"P52209","PGD","T3",31.7054740919021,44.9984880853568
"P52294","KPNA1","T3",30.2545452631584,33.4835080783811
"P52564","MAP2K6","T3",43.2887550795093,17.8285768210571
"P52565","ARHGDIA","T3",20.3653523305395,21.5746467703425
"P52566","ARHGDIB","T3",92.1465729088689,97.5089433026603
"P52758","RIDA","T3",23.6428677826345,10.9007464750059
"P52788","SMS","T3",57.8691159273383,45.337698226188
"P52815","MRPL12","T3",26.2835184373309,22.1195831537276
"P52888","THOP1","T3",32.895562002331,37.4464762692218
"P52895","AKR1C2","T3",71.2057855651936,16.6447973236133
"P52907","CAPZA1","T3",51.5707814309862,23.2865315401416
"P52943","CRIP2","T3",62.8156239430351,60.0385093237178
"P53004","BLVRA","T3",11.6428250864724,25.4964700032977
"P53041","PPP5C","T3",18.935636783257,7.87650224917263
"P53384","NUBP1","T3",30.7974511156162,37.9863028430533
"P53597","SUCLG1","T3",27.9998384199088,17.428702222123
"P53618","COPB1","T3",38.7435925009169,25.2597003074825
"P53621","COPA","T3",50.7878670649125,20.6541830085475
"P53701","HCCS","T3",26.6078691850805,29.0451541212383
"P53778","MAPK12","T3",35.394679932184,28.655548501242
"P53814","SMTN","T3",41.4173663751984,29.7027768495752
"P53985","SLC16A1","T3",49.5037145079226,23.5876058660017
"P53990","IST1","T3",29.6596289573631,17.5545625657792
"P53992","SEC24C","T3",28.3460582653164,20.1161526200854
"P53999","SUB1","T3",39.9685795411935,13.8532661315103
"P54136","RARS1","T3",27.1904943913069,24.8648807328006
"P54284","CACNB3","T3",23.4046353521909,23.9137791649273
"P54289","CACNA2D1","T3",27.7153733463552,18.6358395711088
"P54296","MYOM2","T3",29.2117491347979,36.9073204397612
"P54577","YARS1","T3",44.2807839866349,35.1678897453886
"P54578","USP14","T3",9.8986164944098,13.3790068150466
"P54619","PRKAG1","T3",46.576010084254,19.8512913334843
"P54646","PRKAA2","T3",16.7105656783903,13.5211090670296
"P54652","HSPA2","T3",34.0286343339904,41.445112476146
"P54725","RAD23A","T3",35.3105440247665,25.6519399346831
"P54727","RAD23B","T3",21.6178689442906,18.8482575144715
"P54819","AK2","T3",14.6539767928868,12.5559081440262
"P54920","NAPA","T3",29.493669753204,15.5364883520875
"P54922","ADPRH","T3",45.0195621079268,32.8846137260742
"P55010","EIF5","T3",34.0298034188352,32.607119595969
"P55036","PSMD4","T3",22.5032211849977,16.7010093090244
"P55042","RRAD","T3",80.1509625675677,96.7855004538795
"P55060","CSE1L","T3",25.3189937427333,14.9776783850887
"P55072","VCP","T3",36.30408794144,19.7237457051815
"P55083","MFAP4","T3",32.1280002501826,31.9534555319821
"P55084","HADHB","T3",15.7402331224278,11.5506799692818
"P55209","NAP1L1","T3",44.0430430548401,32.9404367015074
"P55263","ADK","T3",34.0317946355569,25.9420968461801
"P55290","CDH13","T3",38.0403547744698,32.3772274148697
"P55786","NPEPPS","T3",18.3647484899868,9.59808381331452
"P55809","OXCT1","T3",47.774038848031,23.5772557507872
"P55822","SH3BGR","T3",16.2683765252127,27.629176224547
"P55884","EIF3B","T3",43.4981967374393,22.0855466021053
"P56134","ATP5MF","T3",21.999500201977,18.1300582071863
"P56181","NDUFV3","T3",66.5190006835353,39.4979905133618
"P56211","ARPP19","T3",16.4515331518451,25.6838136558512
"P56381","ATP5F1E","T3",37.563637451237,23.9028473269785
"P56385","ATP5ME","T3",22.3741116895445,13.9044933249997
"P56537","EIF6","T3",14.8072679386417,32.4569758629045
"P56556","NDUFA6","T3",46.040703518515,21.8342322433352
"P57105","SYNJ2BP","T3",22.4987568634873,25.1947190968026
"P58511","SMIM11A","T3",95.4137862098881,67.7734408553572
"P58546","MTPN","T3",31.5420985056832,20.0271548859271
"P59998","ARPC4","T3",54.43548723728,41.835431850707
"P60033","CD81","T3",43.140558077542,42.9039728210381
"P60174","TPI1","T3",19.266050743977,11.1601363174824
"P60228","EIF3E","T3",26.7425603542513,19.7431573622817
"P60520","GABARAPL2","T3",42.0708026753885,22.3396070787677
"P60602","ROMO1","T3",17.9908635422922,27.8403119216807
"P60660","MYL6","T3",46.1456173825023,65.342368685446
"P60709","ACTB","T3",36.8677736206034,37.0309797633953
"P60842","EIF4A1","T3",19.7791261710106,31.2885327886967
"P60866","RPS20","T3",23.2564164065945,39.8319778336342
"P60891","PRPS1","T3",22.1258835286472,45.5758387273052
"P60900","PSMA6","T3",14.2714791282669,9.93759051521232
"P60903","S100A10","T3",31.5308309800489,29.5569676040687
"P60953","CDC42","T3",63.5789114166323,23.3558604954249
"P60981","DSTN","T3",20.0660218436995,41.7368044331626
"P60983","GMFB","T3",71.1656771377684,8.52152126970174
"P61006","RAB8A","T3",24.6613389083178,27.9460341052888
"P61019","RAB2A","T3",17.2183253895804,14.9613080690828
"P61020","RAB5B","T3",28.3306157852938,38.9969103483705
"P61026","RAB10","T3",44.3439521394823,34.0864649307203
"P61077","UBE2D3","T3",18.5005343876,14.6557694576038
"P61081","UBE2M","T3",19.3008264412856,16.4218568277871
"P61086","UBE2K","T3",33.9321686820411,32.5290326450705
"P61088","UBE2N","T3",9.77163746503382,15.9178382507951
"P61106","RAB14","T3",26.7657935286417,22.8498695219753
"P61158","ACTR3","T3",48.0701486120192,45.8789564729987
"P61160","ACTR2","T3",55.7277382214302,47.3383024602054
"P61163","ACTR1A","T3",17.0440180703782,20.1106693600811
"P61201","COPS2","T3",14.2322802266473,16.1319679590881
"P61221","ABCE1","T3",55.3053363424869,27.2362924277079
"P61224","RAP1B","T3",53.3850728625921,29.3277748488061
"P61225","RAP2B","T3",61.8572505438425,94.5439572850673
"P61247","RPS3A","T3",26.0332097197159,34.9808238401006
"P61289","PSME3","T3",19.1426704953384,25.089332164911
"P61313","RPL15","T3",49.0539822488642,39.146833034636
"P61353","RPL27","T3",23.8552257259812,54.3763551997317
"P61457","PCBD1","T3",36.4687061317681,10.3447466870292
"P61513","RPL37A","T3",23.0109842795341,30.9499009294374
"P61586","RHOA","T3",34.0556914354284,19.8227235437332
"P61604","HSPE1","T3",20.9926573047902,13.0595724283707
"P61758","VBP1","T3",65.8628103348839,34.683130659201
"P61803","DAD1","T3",35.6485364147591,29.1837571505624
"P61923","COPZ1","T3",28.0556348780118,15.4111770395365
"P61925","PKIA","T3",52.9430474711526,27.6663558435599
"P61956","SUMO2","T3",37.1403194057974,22.2868304343144
"P61960","UFM1","T3",26.7263295063605,34.9363298976747
"P61970","NUTF2","T3",19.8345842755697,15.319639291355
"P61978","HNRNPK","T3",33.5205471936556,35.8953902552764
"P61981","YWHAG","T3",37.3547910725207,12.834492912924
"P62070","RRAS2","T3",39.0644220672183,22.9124471457327
"P62072","TIMM10","T3",42.933002810744,38.5598500004381
"P62081","RPS7","T3",70.3925213695375,54.0733220090253
"P62136","PPP1CA","T3",16.0785927187456,17.0291389469104
"P62140","PPP1CB","T3",17.5625991493517,20.4699997729427
"P62191","PSMC1","T3",29.6230915475278,17.5285145824716
"P62195","PSMC5","T3",13.2583345096271,15.6471272947873
"P62241","RPS8","T3",29.0708251924432,31.7168877261739
"P62244","RPS15A","T3",26.3132352580429,28.6751918782893
"P62249","RPS16","T3",21.9894642758944,26.3363973594072
"P62253","UBE2G1","T3",53.9638511252766,24.4179961091128
"P62258","YWHAE","T3",43.4701707759739,11.2068676458761
"P62263","RPS14","T3",54.217952709157,27.954055608723
"P62269","RPS18","T3",26.0268080993331,28.5760184873143
"P62277","RPS13","T3",68.2081607577139,46.3329390651366
"P62280","RPS11","T3",56.338212690701,25.0098608026078
"P62308","SNRPG","T3",26.8167374067654,21.0801839953748
"P62318","SNRPD3","T3",32.7638260874082,49.7985475769201
"P62330","ARF6","T3",20.801018192145,17.03518426436
"P62333","PSMC6","T3",14.6737710944413,18.1632893789055
"P62424","RPL7A","T3",47.1895998542444,53.5042618248195
"P62495","ETF1","T3",34.4214263868023,26.3017288869335
"P62633","CNBP","T3",13.1964454695815,9.22019552569777
"P62701","RPS4X","T3",20.1246477448831,25.8735028644802
"P62714","PPP2CB","T3",24.6535111612569,10.6217549042379
"P62750","RPL23A","T3",47.2332693882115,40.2699758063821
"P62753","RPS6","T3",29.6494667480924,30.0728317237604
"P62805","H4C1","T3",48.1425639272261,46.4845790279883
"P62807","H2BC4","T3",105.272180751386,50.6655659152851
"P62820","RAB1A","T3",45.4240745028869,33.0524004626974
"P62826","RAN","T3",20.9814790194658,22.0148794188794
"P62829","RPL23","T3",36.8406707093023,50.5826524219767
"P62834","RAP1A","T3",33.1897484644363,34.4634579645239
"P62841","RPS15","T3",78.3692087191133,20.9801559719907
"P62847","RPS24","T3",41.1116737756573,41.6556689037488
"P62851","RPS25","T3",29.1856395922084,28.720300164625
"P62854","RPS26","T3",42.308866070339,37.2150875131809
"P62857","RPS28","T3",41.9661669731834,39.9254068024331
"P62873","GNB1","T3",21.2662222644681,20.1687424141637
"P62879","GNB2","T3",23.3665917349826,17.3857976022591
"P62888","RPL30","T3",35.5269466871629,43.4922849869625
"P62899","RPL31","T3",28.0175912498503,68.3066314928385
"P62906","RPL10A","T3",52.279474971678,45.7087215914833
"P62910","RPL32","T3",25.5708128010807,17.1621002393743
"P62913","RPL11","T3",67.8662467531908,27.1024099261906
"P62942","FKBP1A","T3",19.1840714041807,17.7557755044206
"P62979","RPS27A","T3",30.0150251645628,27.5114823074875
"P62993","GRB2","T3",10.2038358481242,17.8812702391138
"P63000","RAC1","T3",34.7551644141432,39.5673165298768
"P63010","AP2B1","T3",24.4331258228985,32.2710739077857
"P63027","VAMP2","T3",71.3950160044571,29.5335968257226
"P63098","PPP3R1","T3",27.7282582561495,15.226323496839
"P63104","YWHAZ","T3",105.482783524458,46.446238676938
"P63146","UBE2B","T3",25.4814295831194,39.6797975571841
"P63151","PPP2R2A","T3",24.4091694451542,12.671494871211
"P63167","DYNLL1","T3",35.7156780246962,21.9823242123486
"P63172","DYNLT1","T3",39.5158404102264,40.6830164699925
"P63173","RPL38","T3",26.2888994569195,46.5224389712195
"P63208","SKP1","T3",47.903282009482,29.3766509141559
"P63220","RPS21","T3",20.6043535340569,35.3968969447984
"P63241","EIF5A","T3",16.3390110934905,15.2765527803343
"P63244","RACK1","T3",27.2386087307125,29.2231892604854
"P63279","UBE2I","T3",31.8199864163853,40.2480190496196
"P63302","SELENOW","T3",22.4107442500309,19.7623530751837
"P63316","TNNC1","T3",43.6611098772768,39.8956599036343
"P67775","PPP2CA","T3",21.044563087947,8.91288759607915
"P67809","YBX1","T3",43.7140748702601,19.2063213966222
"P67870","CSNK2B","T3",64.8761919032658,14.160659843857
"P67936","TPM4","T3",38.1613724433875,47.5407472477305
"P68036","UBE2L3","T3",124.027055785401,68.6588325338938
"P68104","EEF1A1","T3",54.9125154308568,18.3532098473404
"P68133","ACTA1","T3",28.7476188337569,43.0962983600055
"P68363","TUBA1B","T3",43.0194751103572,21.6259795392049
"P68366","TUBA4A","T3",53.1377926832103,33.3863640640372
"P68371","TUBB4B","T3",19.7105040192729,18.9354020758717
"P68400","CSNK2A1","T3",24.1815211548295,15.3072022840618
"P68402","PAFAH1B2","T3",24.0984389465559,23.8741091734676
"P69892","HBG2","T3",63.4300909275307,175.885607723976
"P78344","EIF4G2","T3",42.224174062054,21.1595630494594
"P78356","PIP4K2B","T3",26.3691202480294,22.6319312915908
"P78371","CCT2","T3",41.3242145084689,13.1711469890263
"P78417","GSTO1","T3",28.2029853047325,27.551204024104
"P78560","CRADD","T3",48.3594254139805,43.7682226670138
"P82650","MRPS22","T3",34.9849858401897,33.5527651177737
"P82909","MRPS36","T3",34.1439705257449,31.1662896310263
"P83111","LACTB","T3",50.5369407843163,34.3124817067269
"P83731","RPL24","T3",36.4575526644532,27.0217819637043
"P84077","ARF1","T3",31.5503207894707,19.5390893903438
"P84085","ARF5","T3",26.78415526246,33.2555394637886
"P84098","RPL19","T3",69.992839614888,30.5351793450302
"P84103","SRSF3","T3",37.6588218322869,24.1744673809018
"P84157","MXRA7","T3",37.397434283754,7.50443460858693
"P84243","H3-3A","T3",61.1272789087243,39.9148948738215
"P98095","FBLN2","T3",24.663363321919,14.8895142402333
"P98160","HSPG2","T3",21.5342302229376,16.4422459473563
"P99999","CYCS","T3",30.7832790750897,20.8199833211695
"Q00013","MPP1","T3",50.6424952466837,68.5893696482701
"Q00059","TFAM","T3",38.6354854211,31.0748009148401
"Q00169","PITPNA","T3",45.241614461418,52.458953397781
"Q00325","SLC25A3","T3",19.8111977184985,11.8775233272918
"Q00577","PURA","T3",34.3066711407334,46.8211758361886
"Q00610","CLTC","T3",28.5517763396032,24.8705629319248
"Q00688","FKBP3","T3",20.0574852864346,20.1888855402907
"Q00765","REEP5","T3",36.3224774492872,28.4853464721255
"Q00796","SORD","T3",36.9021992588804,27.0278104147034
"Q00839","HNRNPU","T3",73.8115271061661,31.0917570134867
"Q00872","MYBPC1","T3",43.8928618876327,57.3061772545048
"Q00G26","PLIN5","T3",36.1342841776935,54.8180631894666
"Q01082","SPTBN1","T3",24.2305231710899,54.2825932356808
"Q01105","SET","T3",57.7679191712865,35.8142402779455
"Q01130","SRSF2","T3",49.7220508690955,42.3571661779381
"Q01432","AMPD3","T3",38.3041651988704,23.567837369499
"Q01469","FABP5","T3",36.3485255970744,25.3738477706004
"Q01484","ANK2","T3",11.3377158308164,27.2039456275362
"Q01518","CAP1","T3",62.7893476053402,50.6603924156891
"Q01995","TAGLN","T3",57.2910533421422,135.111769003747
"Q02127","DHODH","T3",7.39940641374359,72.6637264609714
"Q02218","OGDH","T3",11.3756104124669,13.7083971010008
"Q02252","ALDH6A1","T3",26.4903331981413,22.9738855502172
"Q02338","BDH1","T3",49.233184949927,29.2054731940493
"Q02543","RPL18A","T3",52.9643018732367,52.2004835502358
"Q02641","CACNB1","T3",36.9225688440475,39.8374649608218
"Q02750","MAP2K1","T3",46.2450911560027,21.6678065800742
"Q02790","FKBP4","T3",32.3015391830107,25.4306557685893
"Q02878","RPL6","T3",64.2730392594214,44.3401237892973
"Q02952","AKAP12","T3",75.0880698384994,39.5758241029497
"Q02978","SLC25A11","T3",30.1280007938629,15.8504395206102
"Q03013","GSTM4","T3",165.157776016847,113.932061304362
"Q03135","CAV1","T3",57.3638204543555,44.769939459579
"Q03154","ACY1","T3",22.6574840269228,23.3773732968152
"Q03252","LMNB2","T3",23.4252406402967,26.6767303202091
"Q04323","UBXN1","T3",16.4958689928822,23.3014053956663
"Q04446","GBE1","T3",31.8592891237971,31.5030148060251
"Q04637","EIF4G1","T3",28.0905504410433,14.1176950039923
"Q04759","PRKCQ","T3",45.2347105566839,44.1524971660817
"Q04760","GLO1","T3",21.0692616366031,5.93287993091856
"Q04828","AKR1C1","T3",71.8543565316072,45.0692909694974
"Q04837","SSBP1","T3",20.4775061983796,11.6870361819317
"Q04917","YWHAH","T3",35.3543445589606,19.6337252356944
"Q05086","UBE3A","T3",43.6590683369325,25.9518545889319
"Q05639","EEF1A2","T3",46.2133598794498,14.6759444056012
"Q05682","CALD1","T3",14.3208883919996,55.0127743791207
"Q06055","ATP5MC2","T3",45.6504597675255,74.6065569874702
"Q06124","PTPN11","T3",24.166949202469,4.41852629464326
"Q06323","PSME1","T3",33.8645616342311,29.0097205394799
"Q06432","CACNG1","T3",24.7424894871866,15.1993836650231
"Q06830","PRDX1","T3",24.4193415390293,15.9794876453779
"Q07020","RPL18","T3",34.9989244865566,39.7843789412074
"Q07699","SCN1B","T3",25.9297852353368,18.2422632627011
"Q07960","ARHGAP1","T3",39.8885971245175,46.7454197577827
"Q08043","ACTN3","T3",60.1739930275494,54.699646769152
"Q08209","PPP3CA","T3",13.3046488841208,13.7954326886307
"Q08257","CRYZ","T3",52.4696236095766,22.2765195358081
"Q08623","PUDP","T3",82.4863435479083,42.0020720385209
"Q08752","PPID","T3",25.0860620035436,12.9521625911156
"Q09028","RBBP4","T3",25.256794822131,28.134417988632
"Q09666","AHNAK","T3",44.196497812577,22.9995880879947
"Q0VAK6","LMOD3","T3",28.747211696673,36.1445890521741
"Q0VDG4","SCRN3","T3",29.2240780556117,30.9608821553247
"Q0ZGT2","NEXN","T3",65.098821387086,46.8254716868831
"Q10567","AP1B1","T3",129.054017193311,47.5113120091887
"Q10713","PMPCA","T3",20.1594287181635,51.0832360719476
"Q12797","ASPH","T3",57.6244034099482,36.2312156901649
"Q12849","GRSF1","T3",30.6832285045877,33.9727071409391
"Q12905","ILF2","T3",71.9012352535469,47.9803575607009
"Q12906","ILF3","T3",52.5159713716605,29.5359010982381
"Q12907","LMAN2","T3",30.3481307396812,16.9336523730609
"Q12931","TRAP1","T3",24.9774945948927,25.5146506412855
"Q12955","ANK3","T3",35.1685008217248,18.165635556597
"Q12988","HSPB3","T3",26.5106450831714,16.2028433430565
"Q13011","ECH1","T3",20.9279550401273,12.8305110045613
"Q13057","COASY","T3",56.2210745477906,35.8775103764278
"Q13085","ACACA","T3",43.651794486473,29.8045684803652
"Q13098","GPS1","T3",12.7163449409248,16.2533218087462
"Q13126","MTAP","T3",63.9034096034489,49.2792632364737
"Q13131","PRKAA1","T3",42.4503193173625,23.713147710339
"Q13148","TARDBP","T3",29.4077436859927,24.577273321897
"Q13151","HNRNPA0","T3",61.4753814305852,46.1774346065859
"Q13153","PAK1","T3",42.627254765981,46.6528909193389
"Q13155","AIMP2","T3",29.8318222021423,17.6525121485938
"Q13162","PRDX4","T3",26.1930372992177,16.4183100730786
"Q13177","PAK2","T3",18.3954310796975,18.4678605668803
"Q13200","PSMD2","T3",12.5853106466924,8.98209564599597
"Q13203","MYBPH","T3",52.5244847578996,98.2204214488429
"Q13228","SELENBP1","T3",22.4821120639963,18.170416271706
"Q13310","PABPC4","T3",31.3320678441868,19.4585352484955
"Q13326","SGCG","T3",34.9256428311181,13.2137065711983
"Q13347","EIF3I","T3",29.985784899381,26.6354476024962
"Q13363","CTBP1","T3",29.186663988782,25.0191203220987
"Q13404","UBE2V1","T3",30.1355776756003,12.8766134285
"Q13405","MRPL49","T3",37.8050650440975,27.6880636653921
"Q13409","DYNC1I2","T3",31.8272430150127,10.2985943092825
"Q13418","ILK","T3",30.689229936912,17.2089730637977
"Q13423","NNT","T3",25.8020145833862,16.74961871889
"Q13424","SNTA1","T3",32.2720595051966,22.5484910215853
"Q13425","SNTB2","T3",22.4788541515595,17.5801413378003
"Q13442","PDAP1","T3",44.8971321146555,38.4840744179031
"Q13445","TMED1","T3",33.244834048807,32.1853418626704
"Q13496","MTM1","T3",17.1106396327549,43.4153958808103
"Q13505","MTX1","T3",19.7949913126745,26.9416822826018
"Q13508","ART3","T3",47.9429774449919,29.4567286841945
"Q13510","ASAH1","T3",34.460314505839,23.9838898611817
"Q13522","PPP1R1A","T3",99.9382847603405,40.2371460457136
"Q13526","PIN1","T3",28.9309164190993,8.9486829770478
"Q13541","EIF4EBP1","T3",56.5752839448726,30.6334842748018
"Q13554","CAMK2B","T3",27.2318307678739,19.3275372381412
"Q13555","CAMK2G","T3",34.5893662272972,35.653621696498
"Q13557","CAMK2D","T3",34.3006817648363,16.7429787665565
"Q13561","DCTN2","T3",22.4717403550306,21.399852811489
"Q13564","NAE1","T3",20.4938275341741,40.4262089731432
"Q13586","STIM1","T3",45.9352082208345,38.783263567683
"Q13616","CUL1","T3",18.7124136711328,16.6617998139707
"Q13617","CUL2","T3",20.0864702131917,25.2259541891786
"Q13618","CUL3","T3",62.5147394731882,20.9331383802195
"Q13619","CUL4A","T3",74.6281180494697,41.1245327869443
"Q13620","CUL4B","T3",66.4544116455305,53.4293399242279
"Q13642","FHL1","T3",22.3226188215822,10.2090729042837
"Q13643","FHL3","T3",57.9558932756395,33.2357569672506
"Q13683","ITGA7","T3",20.2848259260267,19.659953903753
"Q13698","CACNA1S","T3",15.6936694210843,29.8593700768104
"Q13724","MOGS","T3",69.5192423526651,40.1390098889647
"Q13813","SPTAN1","T3",58.0230930526649,42.9460824113811
"Q13825","AUH","T3",38.4152122749243,39.6860869556577
"Q13838","DDX39B","T3",40.3840967895019,34.0717673878487
"Q13867","BLMH","T3",24.489391060896,16.7804760736096
"Q13884","SNTB1","T3",47.6746730254762,45.2393004226664
"Q13885","TUBB2A","T3",86.7069733362225,31.2995422808106
"Q13907","IDI1","T3",36.9998502498144,30.0940773372137
"Q13976","PRKG1","T3",50.2451631469773,49.2540790261373
"Q14011","CIRBP","T3",54.2244105631225,23.4237750385032
"Q14061","COX17","T3",44.2046362834027,24.5197788215535
"Q14103","HNRNPD","T3",32.3226365343319,22.3563733059189
"Q14108","SCARB2","T3",37.253415810881,24.4691158711998
"Q14116","IL18","T3",48.0107520598206,36.6181059273831
"Q14118","DAG1","T3",45.5630640886834,28.9946927713886
"Q14141","SEPTIN6","T3",106.051151506291,94.9818957035515
"Q14152","EIF3A","T3",44.0987786296569,19.5534037968328
"Q14157","UBAP2L","T3",64.4396751301485,27.4575061605805
"Q14165","MLEC","T3",44.0632153601842,23.6491838950381
"Q14195","DPYSL3","T3",53.8459641958873,34.8772431017678
"Q14203","DCTN1","T3",19.4832065461813,17.246161341675
"Q14204","DYNC1H1","T3",26.9457044465154,16.76386225027
"Q14240","EIF4A2","T3",11.1661802332701,15.8949735540777
"Q14249","ENDOG","T3",38.4904216977222,35.5910109048023
"Q14254","FLOT2","T3",27.105562240395,61.2777516293284
"Q14257","RCN2","T3",35.1723520355494,14.6087845647861
"Q14315","FLNC","T3",23.6251403003008,23.050206923969
"Q14324","MYBPC2","T3",54.1076638790955,65.3621063786174
"Q14353","GAMT","T3",32.8202193383544,24.2623625162409
"Q14558","PRPSAP1","T3",94.7215042760157,22.2273773433398
"Q14697","GANAB","T3",36.9675709877612,30.966990817118
"Q14738","PPP2R5D","T3",145.024135839401,30.4865126712749
"Q14847","LASP1","T3",22.3353961461908,29.4820257407008
"Q14894","CRYM","T3",43.377300762109,37.0657214265707
"Q14914","PTGR1","T3",45.6629036959966,28.9919837949419
"Q14974","KPNB1","T3",75.0974659517457,31.5927652897785
"Q14BN4","SLMAP","T3",54.4476532168174,34.3491646314368
"Q14CB8","ARHGAP19","T3",26.9277867199761,40.4489518737676
"Q15008","PSMD6","T3",52.1065731107763,29.0307392554419
"Q15019","SEPTIN2","T3",49.1573881626674,41.0357346772597
"Q15046","KARS1","T3",15.9489008028508,18.8181690942235
"Q15056","EIF4H","T3",38.2538749900688,12.6811744033231
"Q15075","EEA1","T3",40.6721065496351,22.1929146170531
"Q15084","PDIA6","T3",23.484653894762,11.0642854098121
"Q15102","PAFAH1B3","T3",30.9020151149325,25.3466240124379
"Q15119","PDK2","T3",42.4656531872417,18.9560198573441
"Q15121","PEA15","T3",121.386821557755,36.0827576588624
"Q15124","PGM5","T3",41.639528012262,26.9539893369773
"Q15149","PLEC","T3",23.3464886438463,40.1443702041141
"Q15172","PPP2R5A","T3",53.9443360552532,34.6605652076003
"Q15181","PPA1","T3",26.537934252817,21.9222294467579
"Q15185","PTGES3","T3",28.9657190093097,14.5838422690751
"Q15208","STK38","T3",29.0721372450341,38.9709818753314
"Q15233","NONO","T3",71.0317764244923,31.3020992446429
"Q15257","PTPA","T3",40.2925798849948,25.7181084479406
"Q15293","RCN1","T3",33.0078112420671,23.8727905761257
"Q15363","TMED2","T3",72.4782198062517,48.6837062151873
"Q15365","PCBP1","T3",25.7511044596425,13.8274756577769
"Q15366","PCBP2","T3",15.2031931551693,12.9988573757677
"Q15369","ELOC","T3",14.6068248046746,24.3662814207266
"Q15370","ELOB","T3",26.9661001971249,22.0965448189571
"Q15386","UBE3C","T3",24.1256761750566,12.708537475092
"Q15392","DHCR24","T3",14.4207727665641,40.5851009651012
"Q15404","RSU1","T3",17.6161762775134,19.0884198973894
"Q15435","PPP1R7","T3",20.421670830761,15.898264459864
"Q15436","SEC23A","T3",66.9683959837912,31.2554988246962
"Q15526","SURF1","T3",40.631211585773,27.1674023910864
"Q15555","MAPRE2","T3",42.5348624172966,27.0275777590209
"Q15631","TSN","T3",27.437217512426,29.1464766766978
"Q15642","TRIP10","T3",33.414425847343,26.312371327677
"Q15691","MAPRE1","T3",39.5106991923109,36.834189108411
"Q15746","MYLK","T3",63.4054660392204,24.2188834720936
"Q15772","SPEG","T3",30.133055352182,28.9199832998751
"Q15819","UBE2V2","T3",18.9253831607167,13.9465754143064
"Q15836","VAMP3","T3",29.5920632786354,21.3138294205113
"Q15843","NEDD8","T3",31.4380732834737,9.48935739306489
"Q15847","ADIRF","T3",15.154188152432,44.3137248482602
"Q15907","RAB11B","T3",20.3472832128582,18.5694554595406
"Q15942","ZYX","T3",38.9895817879879,31.7387816085576
"Q16082","HSPB2","T3",26.2608737050235,17.6270234348203
"Q16134","ETFDH","T3",40.0066095625504,19.163984727113
"Q16181","SEPTIN7","T3",42.3199415022665,22.9059263141346
"Q16531","DDB1","T3",34.9531213821101,15.9640956291162
"Q16543","CDC37","T3",39.1145763004138,24.4202924581799
"Q16555","DPYSL2","T3",31.741200295171,25.1368070288473
"Q16563","SYPL1","T3",30.6635468496701,39.1926612327147
"Q16576","RBBP7","T3",53.2334243402117,12.1291437625263
"Q16585","SGCB","T3",25.74905627098,16.3703745844726
"Q16586","SGCA","T3",26.933083181271,16.280842871516
"Q16595","FXN","T3",35.1644170123404,22.9029519011074
"Q16654","PDK4","T3",47.323872579163,64.8970173632324
"Q16658","FSCN1","T3",52.3880767012076,43.129654179544
"Q16698","DECR1","T3",19.3677891992382,18.3137907035293
"Q16718","NDUFA5","T3",24.9838983384754,40.8299188634177
"Q16740","CLPP","T3",18.1965604966186,15.8526003492406
"Q16762","TST","T3",36.2285225388903,26.9871536015074
"Q16773","KYAT1","T3",44.8184158805818,30.5520773194171
"Q16775","HAGH","T3",18.7327985329052,7.18674220017071
"Q16778","HIST2H2BE","T3",59.6266385192181,62.6170183455385
"Q16795","NDUFA9","T3",19.7243573837589,21.2123040327963
"Q16816","PHKG1","T3",56.6755312782925,29.032093192416
"Q16821","PPP1R3A","T3",62.0818440523614,20.1672755388709
"Q16836","HADH","T3",16.8706746733874,20.4814289776861
"Q16851","UGP2","T3",22.1493722891126,13.1790939464778
"Q16853","AOC3","T3",46.7225604827609,42.5601176647167
"Q16881","TXNRD1","T3",22.4522319783806,17.3193789726223
"Q16890","TPD52L1","T3",40.7388719003961,43.0349474707821
"Q16891","IMMT","T3",23.9578433865536,13.3223313328152
"Q1KMD3","HNRNPUL2","T3",71.6056456297563,22.988304357401
"Q2TAA2","IAH1","T3",37.0277082005649,25.3106511919068
"Q2TBA0","KLHL40","T3",86.4298602247826,27.7238572027521
"Q30154","HLA-DRB5","T3",17.120031332462,21.4772616082777
"Q3LXA3","TKFC","T3",27.9479227003178,35.3407741864487
"Q3SXM5","HSDL1","T3",38.9961181847984,34.0815797402184
"Q3ZCQ8","TIMM50","T3",46.8950272171682,37.1076485985836
"Q49AH0","CDNF","T3",27.0690429311682,36.265260011781
"Q49B96","COX19","T3",49.0034418949377,40.3680849496561
"Q4G0W2","DUSP28","T3",25.9428792969288,35.954419331513
"Q4VC31","CCDC58","T3",45.8961111566221,27.3355759514441
"Q52LJ0","FAM98B","T3",19.7409402352147,13.899673753617
"Q53EU6","GPAT3","T3",20.6956668219643,28.9342553439644
"Q53FT3","HIKESHI","T3",20.4629323174593,31.6630652083233
"Q53GG5","PDLIM3","T3",62.4774479401207,16.8985034032019
"Q53GQ0","HSD17B12","T3",27.4594747789163,21.5144952978794
"Q53H82","LACTB2","T3",55.17186086275,23.328642858657
"Q58WW2","DCAF6","T3",21.7405206836109,29.5209844042954
"Q5BKX8","CAVIN4","T3",49.0448296170835,22.2000195350274
"Q5HYK3","COQ5","T3",38.268329770531,21.4102602030395
"Q5JRX3","PITRM1","T3",36.4125297795564,29.3188158782678
"Q5JTJ3","COA6","T3",41.0155774949207,30.560224899356
"Q5JWF2","GNAS","T3",53.3230567178935,28.2499072877986
"Q5R3I4","TTC38","T3",2.81056763085332,19.0460729668478
"Q5RI15","COX20","T3",42.6624365285606,43.7556183668808
"Q5SQH8","C6orf136","T3",20.8591670531702,42.1095670346545
"Q5T440","IBA57","T3",20.8581868510854,9.6155989823069
"Q5TAQ9","DCAF8","T3",105.239449646194,23.5574782105581
"Q5TC12","ATPAF1","T3",18.6047560980789,31.0619760089545
"Q5TDH0","DDI2","T3",18.153658479824,78.1421167066313
"Q5TEU4","NDUFAF5","T3",21.1125751298138,17.9892995629873
"Q5U5X0","LYRM7","T3",31.8932401486193,26.3059363756999
"Q5VST9","OBSCN","T3",27.3715777269717,35.5128762467191
"Q5VTT5","MYOM3","T3",31.8018664439394,59.2127694048263
"Q5VVW2","GARNL3","T3",34.6920009472442,41.1352152734871
"Q5VW32","BROX","T3",36.0862930657103,15.2964019566792
"Q5VWP3","MLIP","T3",45.5298930677495,28.9782917685903
"Q5VXT5","SYPL2","T3",39.2081470958661,19.0240364569198
"Q5VYK3","ECPAS","T3",33.7395194215423,20.2097621824442
"Q5XKP0","MICOS13","T3",59.5072268943608,22.5946919183997
"Q5XPI4","RNF123","T3",26.6858018150277,17.1025893773001
"Q69YU5","C12orf73","T3",43.5075963024452,25.4100916842894
"Q6DKJ4","NXN","T3",72.6840905352274,19.7821186220131
"Q6FI13","HIST2H2AA3","T3",72.7875910286154,54.5691191926399
"Q6GMV3","PTRHD1","T3",58.2649780909031,28.2094554069641
"Q6IAA8","LAMTOR1","T3",35.4962743779965,24.5158766367142
"Q6IAN0","DHRS7B","T3",61.155053315304,29.1000784666846
"Q6IBS0","TWF2","T3",39.1026212147014,37.9450534835846
"Q6IPR1","ETFRF1","T3",28.4554159024168,37.3266372437388
"Q6JBY9","RCSD1","T3",36.314831214929,20.1791786784212
"Q6JQN1","ACAD10","T3",7.72533385458875,21.8400963791186
"Q6NUK1","SLC25A24","T3",17.587257602372,17.2132387364351
"Q6NVY1","HIBCH","T3",32.8719629816287,47.8484301267038
"Q6NZI2","CAVIN1","T3",28.2741163284205,24.0809579699787
"Q6P1A2","LPCAT3","T3",25.3748071357592,19.2414309426171
"Q6P1N9","TATDN1","T3",52.6512466846597,34.6710711262276
"Q6P587","FAHD1","T3",33.0703378744123,17.5650173024216
"Q6PI48","DARS2","T3",83.8651079098497,29.9737465310655
"Q6QEF8","CORO6","T3",23.5364792429338,36.9518019020771
"Q6UW68","TMEM205","T3",27.5422565777786,36.6905398058868
"Q6UW78","UQCC3","T3",17.5989559535544,18.40445821764
"Q6UWP2","DHRS11","T3",16.5987422097751,8.54106674625474
"Q6UXV4","APOOL","T3",27.2564076983864,28.0920362623147
"Q6XQN6","NAPRT","T3",40.0502566098924,23.9660648016993
"Q6YN16","HSDL2","T3",26.5692874091358,15.0712841149541
"Q6YP21","KYAT3","T3",25.538809626938,7.99672999953503
"Q6ZMU5","TRIM72","T3",9.08947973351114,8.75914711619502
"Q6ZVM7","TOM1L2","T3",33.7654344051368,21.9366934138165
"Q702N8","XIRP1","T3",24.4279013767725,50.8048310981107
"Q709C8","VPS13C","T3",16.0700728184606,7.8958602495778
"Q70IA6","MOB2","T3",11.6320274190469,29.7555630755027
"Q712K3","UBE2R2","T3",17.4917088055309,12.2837614016362
"Q7KZF4","SND1","T3",87.2938539574126,54.3389504126234
"Q7L0Y3","TRMT10C","T3",10.6509514251765,11.150436812512
"Q7L1Q6","BZW1","T3",48.5998963273056,56.314839361301
"Q7L2H7","EIF3M","T3",25.2295358124248,29.6283237692797
"Q7L5N1","COPS6","T3",19.6644800119245,20.760257748823
"Q7LBR1","CHMP1B","T3",51.6975922870049,36.7533014969169
"Q7Z3D6","DGLUCY","T3",34.4291980960214,27.92606069326
"Q7Z406","MYH14","T3",27.551688852154,16.8613079809528
"Q7Z434","MAVS","T3",14.8401964637346,26.6888737197241
"Q7Z4H3","HDDC2","T3",38.5282887527092,3.29733259975956
"Q7Z4W1","DCXR","T3",12.0838764258908,25.8529197262401
"Q7Z6Z7","HUWE1","T3",58.5975036254383,36.215959924278
"Q7Z7F7","MRPL55","T3",39.5927318810882,30.3346868130227
"Q86SX6","GLRX5","T3",27.6108408509373,20.74115801439
"Q86TC9","MYPN","T3",31.3926349207831,47.5333349678998
"Q86TD4","SRL","T3",31.426187813275,25.3213457034396
"Q86TP1","PRUNE1","T3",23.1029640100056,36.0296392155207
"Q86TX2","ACOT1","T3",10.0793580566298,34.6320125113705
"Q86U28","ISCA2","T3",30.8285558172898,27.7032547351318
"Q86UT6","NLRX1","T3",40.2071852912415,30.0722274280006
"Q86UX7","FERMT3","T3",34.601298582474,74.8318004706184
"Q86V88","MDP1","T3",20.0331844294889,44.6843610508146
"Q86VF7","NRAP","T3",41.8951315302382,30.5915510380792
"Q86VP6","CAND1","T3",28.8912846346041,33.5592867563795
"Q86VS8","HOOK3","T3",39.2237122378219,42.3332129432313
"Q86VU5","COMTD1","T3",31.1847507003468,18.1764469535687
"Q86WU2","LDHD","T3",32.3365485044507,16.5643683767991
"Q86X55","CARM1","T3",19.7608333243795,26.0177321490867
"Q86X76","NIT1","T3",23.2958351315187,19.8423584382163
"Q86Y39","NDUFA11","T3",58.0487556207583,32.9608842956394
"Q86YB7","ECHDC2","T3",26.6234585921204,28.2803615067049
"Q8IUZ5","PHYKPL","T3",19.9161512574404,45.938708438263
"Q8IVN3","MUSTN1","T3",26.4825902934777,71.1634103195575
"Q8IW45","NAXD","T3",19.7960866160171,37.6976327915871
"Q8IWA5","SLC44A2","T3",21.7937628495452,16.007076055582
"Q8IWW8","ADHFE1","T3",66.3901165521136,39.4551286753602
"Q8IWX7","UNC45B","T3",41.9514979195395,31.2766363329711
"Q8IXJ6","SIRT2","T3",34.0752744974754,20.6542352399222
"Q8IXM3","MRPL41","T3",19.7869315332601,20.9853717432912
"Q8IYS1","PM20D2","T3",89.7733130046476,58.0095088572398
"Q8IYU8","MICU2","T3",27.8136541202052,29.704496672435
"Q8IZ83","ALDH16A1","T3",100.699593794875,71.4165832534247
"Q8N0U8","VKORC1L1","T3",44.4297170560113,24.6579402269167
"Q8N0X4","CLYBL","T3",24.8144552586578,18.0549139922277
"Q8N142","ADSS1","T3",34.6661745003987,22.2323294362186
"Q8N1G4","LRRC47","T3",32.7722723351742,20.8819046581632
"Q8N335","GPD1L","T3",31.5980706537751,12.5390115925542
"Q8N3D4","EHBP1L1","T3",37.7537337252614,13.8428640267688
"Q8N3L3","TXLNB","T3",24.3994955278441,19.4748287340105
"Q8N3V7","SYNPO","T3",45.6987624396323,36.2386742392518
"Q8N4Q0","ZADH2","T3",44.9949022199892,27.9131741232251
"Q8N4T8","CBR4","T3",19.1185371609936,33.3604203978745
"Q8N5K1","CISD2","T3",78.2828537576425,19.4468685646155
"Q8N5M1","ATPAF2","T3",65.7920572324934,35.1355533851906
"Q8N5M9","JAGN1","T3",31.6499645363133,20.9936277303035
"Q8N6M3","FITM2","T3",55.6392487631786,14.8274077768673
"Q8N766","EMC1","T3",14.0225343040705,18.6080274227785
"Q8N8N7","PTGR2","T3",32.0482162507747,22.0488668817145
"Q8NB12","SMYD1","T3",23.2601264881388,26.1916716505125
"Q8NBF2","NHLRC2","T3",70.6627779090261,27.3983598963333
"Q8NBN7","RDH13","T3",20.2748471076494,20.6657078288293
"Q8NBU5","ATAD1","T3",32.6247131171804,36.2198304109677
"Q8NBX0","SCCPDH","T3",27.9231025973786,16.0372267440529
"Q8NC51","SERBP1","T3",76.2995338529094,36.9588594741602
"Q8NCA5","FAM98A","T3",50.4618861242548,30.8362203003301
"Q8NCN5","PDPR","T3",30.519781433103,38.4561686697664
"Q8NDH3","NPEPL1","T3",56.0846221088472,27.5779979379977
"Q8NDY3","ADPRHL1","T3",38.4772848155769,30.0889158001961
"Q8NE62","CHDH","T3",7.02839650160026,0
"Q8NE71","ABCF1","T3",39.815806088974,38.3276166348793
"Q8NE86","MCU","T3",26.5040375730146,34.3116946587689
"Q8NFV4","ABHD11","T3",44.6661394753318,39.1750404056032
"Q8NHH9","ATL2","T3",35.6979689437167,35.2736299482315
"Q8NI37","PPTC7","T3",17.2949612245411,26.6488289690069
"Q8NI60","COQ8A","T3",25.8900944073238,14.5493040659418
"Q8TAT6","NPLOC4","T3",31.8075958341769,8.46490175089615
"Q8TB37","NUBPL","T3",27.9662268123247,18.2240361826451
"Q8TB45","DEPTOR","T3",27.6954724556206,27.9790069593903
"Q8TBC4","UBA3","T3",26.4286276392205,25.8786273989334
"Q8TBQ9","TMEM167A","T3",34.5712922849039,10.0271133490655
"Q8TC12","RDH11","T3",33.6565763171041,26.2811307389121
"Q8TCA0","LRRC20","T3",46.3658727642819,25.4549287425246
"Q8TCD5","NT5C","T3",98.4982310795608,60.155477655991
"Q8TCJ2","STT3B","T3",11.2678335792075,20.4946225959673
"Q8TCS8","PNPT1","T3",29.678919666968,38.4841212853018
"Q8TCT8","SPPL2A","T3",41.3805772326691,15.7531106114228
"Q8TDC0","MYOZ3","T3",16.3036293185408,52.822685416999
"Q8TDX7","NEK7","T3",40.2924661492364,27.730751836547
"Q8TEA8","DTD1","T3",19.7738276114394,31.457366675056
"Q8WTS6","SETD7","T3",27.4764872466473,36.0626218280954
"Q8WUD1","RAB2B","T3",29.7982698082266,18.8273947258953
"Q8WUM4","PDCD6IP","T3",23.6119660671466,15.1436263307432
"Q8WVI0","SMIM4","T3",74.9796815026041,40.2021620973964
"Q8WVM8","SCFD1","T3",64.2493516360769,27.822426752889
"Q8WW22","DNAJA4","T3",38.0914595595369,11.1913837291294
"Q8WW59","SPRYD4","T3",28.1364490665754,24.2994840653371
"Q8WWV3","RTN4IP1","T3",65.0919156432899,35.0508467386167
"Q8WXH0","SYNE2","T3",58.8869530925311,50.481866173552
"Q8WY91","THAP4","T3",22.2476687843452,54.1716038415884
"Q8WYQ3","CHCHD10","T3",65.2077521777688,37.7463813471408
"Q8WZ42","TTN","T3",30.9977541842609,60.2467691451928
"Q8WZA0","LZIC","T3",31.3764788706458,25.1805883962581
"Q8WZA9","IRGQ","T3",18.8168611334672,33.5889622812611
"Q92499","DDX1","T3",45.9270088707132,18.4996377696615
"Q92506","HSD17B8","T3",33.1567552260202,48.9113906170106
"Q92523","CPT1B","T3",31.112355745587,20.4788726381057
"Q92530","PSMF1","T3",24.4368161586067,45.8371359198695
"Q92552","MRPS27","T3",49.4730698070982,49.2412881523288
"Q92598","HSPH1","T3",53.435977967442,34.292410973477
"Q92614","MYO18A","T3",59.173163887807,34.7002148708763
"Q92616","GCN1","T3",54.5985904878141,53.5014693047388
"Q92629","SGCD","T3",25.1892894987906,13.8096050043294
"Q92696","RABGGTA","T3",29.2562166287484,27.3112782157461
"Q92734","TFG","T3",23.1561138787607,12.3988595284199
"Q92841","DDX17","T3",40.0535048028544,37.4381484867251
"Q92882","OSTF1","T3",80.5929678741415,55.743596878903
"Q92890","UFD1","T3",19.1175278058022,23.1079640060932
"Q92905","COPS5","T3",25.8750917533773,20.2240643478198
"Q92947","GCDH","T3",25.6752397134079,24.1919867297177
"Q92973","TNPO1","T3",41.3018412307867,3.890577891748
"Q93008","USP9X","T3",73.0094880968532,50.8735104085809
"Q93034","CUL5","T3",35.3421693078821,16.2932006351792
"Q93052","LPP","T3",61.4674698345628,29.5591129766721
"Q93084","ATP2A3","T3",7.68409064679625,41.4024918194032
"Q93100","PHKB","T3",45.6482769561457,33.0776068086593
"Q969Q5","RAB24","T3",23.5745279207568,20.6326843076313
"Q969X5","ERGIC1","T3",26.775436045273,21.7337647597565
"Q969Z3","MTARC2","T3",27.4275251590511,23.3482668239968
"Q96A26","FAM162A","T3",10.936042887016,24.6139793605533
"Q96A32","MYLPF","T3",52.9739291164978,78.6810605924478
"Q96AB3","ISOC2","T3",28.3110019313776,26.2612879908541
"Q96AC1","FERMT2","T3",52.8039376622508,23.7185599780911
"Q96AE4","FUBP1","T3",32.0972790182652,35.8975626434931
"Q96AG3","SLC25A46","T3",23.4007702524858,33.2798140351962
"Q96AN5","TMEM143","T3",40.9730709347556,44.5130545159591
"Q96AQ6","PBXIP1","T3",51.0836965996164,22.8538974348552
"Q96BM9","ARL8A","T3",35.1185605929544,23.0004501784638
"Q96C00","ZBTB9","T3",45.2452600283601,27.284025688673
"Q96C01","FAM136A","T3",10.1799687496736,24.3247957845152
"Q96C11","FGGY","T3",45.4280588417529,15.3014903322025
"Q96C23","GALM","T3",89.0600261669607,54.9060115310238
"Q96C90","PPP1R14B","T3",67.2713849667888,42.0202707541999
"Q96CM8","ACSF2","T3",52.4478641826887,30.2444377254799
"Q96CN7","ISOC1","T3",48.0472133109548,31.1906950301965
"Q96CT7","CCDC124","T3",58.9361353429216,41.7386510218867
"Q96CV9","OPTN","T3",56.7126318892548,62.3407525985297
"Q96CW1","AP2M1","T3",24.9288178453769,37.434584670284
"Q96CX2","KCTD12","T3",53.881660988408,39.6620140286951
"Q96DA6","DNAJC19","T3",21.3454027521212,19.297647457713
"Q96DB5","RMDN1","T3",27.4201156885454,48.7662496708629
"Q96DC8","ECHDC3","T3",32.195897419267,35.5410758963936
"Q96DE0","NUDT16","T3",33.612260968038,24.835643078796
"Q96DG6","CMBL","T3",29.2089085871219,25.6026529277523
"Q96DH6","MSI2","T3",30.9594706154906,16.846785797182
"Q96DV4","MRPL38","T3",15.8691293738469,28.6170619013642
"Q96EY1","DNAJA3","T3",34.2042291681686,44.6512618962064
"Q96EY7","PTCD3","T3",49.1589018782121,36.2455081342076
"Q96EY8","MMAB","T3",43.307480193966,31.0275282676466
"Q96FJ2","DYNLL2","T3",16.0251905643042,18.7574125972157
"Q96FQ6","S100A16","T3",43.0439519377045,29.4003247641038
"Q96FV2","SCRN2","T3",49.8700830096086,33.9158358867081
"Q96FW1","OTUB1","T3",26.8194911438373,13.8356235295183
"Q96FZ7","CHMP6","T3",29.6924421777587,15.6342057708299
"Q96GG9","DCUN1D1","T3",35.4851263782129,42.454998244009
"Q96GK7","FAHD2A","T3",42.1193567343104,19.6940069569672
"Q96GX9","APIP","T3",43.939148758882,45.475255096545
"Q96HC4","PDLIM5","T3",30.8896560435768,33.3845668515533
"Q96HE7","ERO1A","T3",53.0594218230722,36.1946839048021
"Q96HN2","AHCYL2","T3",37.3856452559928,28.8465172515767
"Q96HY7","DHTKD1","T3",15.2950580067433,22.382559760986
"Q96I23","PYURF","T3",87.4217200047729,74.9514448945056
"Q96I99","SUCLG2","T3",34.8262305362149,32.6666753065007
"Q96IU4","ABHD14B","T3",23.1058257268852,18.2023539629435
"Q96IV0","NGLY1","T3",38.3698948265591,11.8179810754389
"Q96IX5","ATP5MD","T3",25.4300110607541,14.010614637802
"Q96JJ7","TMX3","T3",46.3442127622714,13.5206060240514
"Q96K17","BTF3L4","T3",22.3557824581439,30.0419939519383
"Q96K76","USP47","T3",15.4236063145147,23.523399873697
"Q96KP4","CNDP2","T3",34.0403019454356,22.5939592414668
"Q96L96","ALPK3","T3",47.1453078754722,14.0180702292766
"Q96MF2","STAC3","T3",32.9999799877015,22.8657536865658
"Q96MF6","COQ10A","T3",24.6962453874594,35.4523368878235
"Q96MG2","JSRP1","T3",34.7026492686474,45.9423200061036
"Q96MW1","CCDC43","T3",21.7016987613938,16.6607545284027
"Q96NY7","CLIC6","T3",53.887102507883,29.1143038300403
"Q96PE7","MCEE","T3",30.3070731358049,28.3462458540332
"Q96PU8","QKI","T3",40.0128963922656,21.9831895556443
"Q96Q06","PLIN4","T3",36.4180216780656,29.7570966355326
"Q96QK1","VPS35","T3",22.9708994507873,15.7740822465603
"Q96RP9","GFM1","T3",35.2292738387039,21.3231596194781
"Q96RQ3","MCCC1","T3",32.8534425201948,37.5779685826946
"Q96S19","METTL26","T3",21.2533311052392,21.3630205456184
"Q96S66","CLCC1","T3",14.8704075123981,15.7823840758648
"Q99426","TBCB","T3",26.9776288089034,22.6501052776798
"Q99436","PSMB7","T3",29.1197742440374,12.8076397422236
"Q99447","PCYT2","T3",39.309235940708,8.56509397098127
"Q99460","PSMD1","T3",21.9185736719884,20.1067760025896
"Q99471","PFDN5","T3",27.7454094258263,26.7973950831235
"Q99497","PARK7","T3",45.2664582995556,9.66388225014013
"Q99504","EYA3","T3",24.7848069012141,23.0619386329652
"Q99536","VAT1","T3",53.5988113821855,46.7618562624937
"Q99541","PLIN2","T3",48.4715973577076,42.2111748412139
"Q99584","S100A13","T3",79.7809662089487,66.3188384936649
"Q99598","TSNAX","T3",65.0601817083031,5.88181919106694
"Q99613","EIF3C","T3",15.4617283162978,16.28916747841
"Q99623","PHB2","T3",15.6938161248947,13.5225626177226
"Q99627","COPS8","T3",14.7597719185919,9.52767585486686
"Q99643","SDHC","T3",29.585501008803,21.4357003396313
"Q99653","CHP1","T3",41.9827798909675,8.20505496095894
"Q99685","MGLL","T3",8.91964835529003,18.9370553015751
"Q99714","HSD17B10","T3",13.1555197780226,19.785267193838
"Q99733","NAP1L4","T3",65.1694979033741,25.6731540027376
"Q99735","MGST2","T3",57.5850390575826,46.5029293523957
"Q99757","TXN2","T3",37.7498680235006,20.7137891926818
"Q99766","DMAC2L","T3",24.1301871659735,38.0709390912951
"Q99798","ACO2","T3",19.1829688262314,22.8368371271419
"Q99807","COQ7","T3",10.9524230694727,23.8591757546687
"Q99816","TSG101","T3",19.9393609854175,23.9876387216448
"Q99829","CPNE1","T3",33.1711312714779,33.6661367567802
"Q99832","CCT7","T3",33.9303919509801,13.8963166442763
"Q99873","PRMT1","T3",28.6229624985416,20.7582199649834
"Q9BPX5","ARPC5L","T3",29.0251336577836,22.4153007839181
"Q9BQ69","MACROD1","T3",32.8657718987456,16.0405902288336
"Q9BQA1","WDR77","T3",48.5123774594416,33.6351030254233
"Q9BQS8","FYCO1","T3",21.4456984211415,22.5512222663811
"Q9BR39","JPH2","T3",61.3733170498747,48.514369670427
"Q9BRA2","TXNDC17","T3",21.5251476164155,17.3595464522779
"Q9BRC7","PLCD4","T3",41.1640151234111,19.7300147444331
"Q9BRF8","CPPED1","T3",42.9107366480266,41.6781144198614
"Q9BRT3","MIEN1","T3",23.2295491908733,22.792323807713
"Q9BRX8","PRXL2A","T3",35.6898523243355,41.7625777317461
"Q9BS26","ERP44","T3",27.8381196633048,18.2669027902249
"Q9BS40","LXN","T3",72.3927661451179,85.8336507912853
"Q9BS92","NIPSNAP3B","T3",50.500283847045,29.2010865109095
"Q9BSD7","NTPCR","T3",50.8249100019905,38.7473998614231
"Q9BSE5","AGMAT","T3",32.6327196393852,14.3166668207891
"Q9BSH4","TACO1","T3",29.389985516077,20.4590026810331
"Q9BSJ8","ESYT1","T3",52.1455996560921,26.7995053264989
"Q9BSL1","UBAC1","T3",12.7372791363536,15.0247372589582
"Q9BT78","COPS4","T3",18.3596336614683,11.0502466658083
"Q9BTE6","AARSD1","T3",46.4525326726366,24.7907344352243
"Q9BTT0","ANP32E","T3",132.24741673689,65.2466290124569
"Q9BTV4","TMEM43","T3",37.3626541133117,37.3082755921112
"Q9BTZ2","DHRS4","T3",39.0955229346085,38.853826052623
"Q9BU02","THTPA","T3",16.8856631348203,18.7270701504239
"Q9BU61","NDUFAF3","T3",28.8275261593262,21.248603502813
"Q9BUF5","TUBB6","T3",46.4167145318855,28.0186864180141
"Q9BUJ2","HNRNPUL1","T3",39.2657698734054,24.038225005528
"Q9BUK0","CHCHD7","T3",37.5035572979122,30.3915898030249
"Q9BUR5","APOO","T3",35.0816372079949,29.9773550913777
"Q9BUT1","BDH2","T3",21.868513964994,18.6216466243976
"Q9BV68","RNF126","T3",24.9503143002105,17.1167941475115
"Q9BV79","MECR","T3",25.9594723116159,30.2350505330038
"Q9BV86","NTMT1","T3",40.7795810481559,19.5898008766814
"Q9BVC6","TMEM109","T3",48.9379133344326,27.7188046130626
"Q9BVG4","PBDC1","T3",23.8305582348018,20.2731102737468
"Q9BVK6","TMED9","T3",31.8663779113745,10.2112643896427
"Q9BVV7","TIMM21","T3",23.4629152997964,24.7934615332487
"Q9BW30","TPPP3","T3",95.7494360542348,50.1549000306148
"Q9BWH2","FUNDC2","T3",56.0767151983956,34.5795227983656
"Q9BX68","HINT2","T3",27.3733480829877,44.1079237383925
"Q9BXB4","OSBPL11","T3",30.8021856923984,20.4972907788239
"Q9BXI3","NT5C1A","T3",52.0135776385003,33.2489439145054
"Q9BXK5","BCL2L13","T3",29.7241093098971,15.2562558591939
"Q9BXN1","ASPN","T3",103.217713733776,60.1473404277409
"Q9BXT2","CACNG6","T3",13.1455589495645,66.7053512953095
"Q9BXW6","OSBPL1A","T3",35.3679923774895,26.3772398967749
"Q9BXW7","HDHD5","T3",22.900367430727,22.2058434477116
"Q9BY44","EIF2A","T3",9.69206677757452,5.0454240839595
"Q9BYD1","MRPL13","T3",19.7066669061493,22.9098975725923
"Q9BYD2","MRPL9","T3",65.5696345177386,62.757886973089
"Q9BYD6","MRPL1","T3",73.5305035055951,40.8660452104919
"Q9BYT8","NLN","T3",93.9854788319768,46.4448596513047
"Q9BYV2","TRIM54","T3",50.8639352270708,32.4595347834034
"Q9BZE1","MRPL37","T3",32.6416381955703,34.9415457515141
"Q9BZL1","UBL5","T3",39.2147743266443,16.5814048559297
"Q9BZQ8","NIBAN1","T3",49.1012422010744,55.61264299803
"Q9BZV1","UBXN6","T3",31.6888317211951,24.8161221547227
"Q9BZZ5","API5","T3",37.661762792421,23.8742417818396
"Q9C0C9","UBE2O","T3",13.0208649878876,32.0800397475149
"Q9C0E8","LNPK","T3",30.6657474950132,20.3730298766843
"Q9GZP4","PITHD1","T3",47.8012036672363,47.203461221086
"Q9GZS3","WDR61","T3",17.4282928228335,57.3502715752906
"Q9GZT3","SLIRP","T3",19.3852029169588,14.2586507162471
"Q9GZT8","NIF3L1","T3",41.7717986447393,40.4187001408783
"Q9GZV1","ANKRD2","T3",51.8145027082139,34.3723906261469
"Q9GZZ1","NAA50","T3",44.5294424287228,16.2928394594495
"Q9H061","TMEM126A","T3",33.9294417222847,43.1999269975099
"Q9H074","PAIP1","T3",34.7517746497826,22.7603975306288
"Q9H0E2","TOLLIP","T3",36.2602838143242,24.6337235992439
"Q9H0N5","PCBD2","T3",21.4930134093915,9.78177108118582
"Q9H0P0","NT5C3A","T3",31.5732130322318,15.5809076387819
"Q9H0R4","HDHD2","T3",35.4625591977118,29.0324825787768
"Q9H0U4","RAB1B","T3",23.8687189710441,22.6693091815356
"Q9H0W9","C11orf54","T3",22.9565776162156,22.9641411184031
"Q9H0Z9","RBM38","T3",29.7484687321939,15.2396003560657
"Q9H1C7","CYSTM1","T3",19.5181137179797,31.3940132602956
"Q9H1E5","TMX4","T3",15.6264420023198,11.4120816916444
"Q9H1K1","ISCU","T3",23.6105927885066,23.7969101062486
"Q9H1R3","MYLK2","T3",69.8152636469528,23.829788391853
"Q9H223","EHD4","T3",10.8326780724469,4.68550040511024
"Q9H299","SH3BGRL3","T3",46.3555011992146,54.5216687622216
"Q9H2G2","SLK","T3",8.30702434756655,17.213920650339
"Q9H2H8","PPIL3","T3",48.7896149681168,22.4937850942696
"Q9H2J4","PDCL3","T3",40.3209200476226,63.1308505710044
"Q9H2U2","PPA2","T3",48.1795802073148,26.7164904507408
"Q9H2W6","MRPL46","T3",14.3433457832012,29.121463982748
"Q9H3H3","C11orf68","T3",27.437832050399,16.9178574615062
"Q9H3K2","GHITM","T3",33.7443711783887,7.07012476492638
"Q9H3K6","BOLA2","T3",23.739673454001,14.6375428953177
"Q9H3N1","TMX1","T3",50.7927733489433,37.182710648073
"Q9H444","CHMP4B","T3",40.0911230102144,32.5606808353028
"Q9H446","RWDD1","T3",36.1871633134162,25.2528613641253
"Q9H477","RBKS","T3",102.543618592155,43.1501608049173
"Q9H479","FN3K","T3",43.6997410628335,24.76285767678
"Q9H488","POFUT1","T3",23.2862174066736,4.71706479342907
"Q9H4A4","RNPEP","T3",16.1165925474129,12.2396609149326
"Q9H4M9","EHD1","T3",17.8256310463785,30.1199382270885
"Q9H6F2","TMEM38A","T3",27.5611957439157,63.5165829421054
"Q9H6K4","OPA3","T3",14.1040079155132,40.9694016289642
"Q9H7C4","SYNC","T3",34.0601148035452,10.1214146634321
"Q9H7C9","AAMDC","T3",55.8970682004466,30.7827777702447
"Q9H7Z7","PTGES2","T3",37.5568224525464,27.0348504741145
"Q9H845","ACAD9","T3",39.4506800998243,39.1891327258833
"Q9H8H3","METTL7A","T3",33.0108449111065,36.2403604931933
"Q9H8M1","COQ10B","T3",22.5299534901435,27.3398057930496
"Q9H8Y8","GORASP2","T3",7.58398986564794,5.3195290788509
"Q9H910","JPT2","T3",34.3747018890464,45.5607036873503
"Q9H987","SYNPO2L","T3",42.1513296200666,35.9542510826508
"Q9H993","ARMT1","T3",33.7896774715615,18.1136226464473
"Q9H9B4","SFXN1","T3",34.2180416493236,19.0251727377628
"Q9H9J2","MRPL44","T3",18.1082026289637,11.3158132184565
"Q9H9P8","L2HGDH","T3",32.9800167116946,37.9185238721616
"Q9H9S4","CAB39L","T3",35.2788722947079,55.8983237313552
"Q9HA65","TBC1D17","T3",54.6915556051127,43.4082204676748
"Q9HA77","CARS2","T3",28.7036078683476,8.20001667221871
"Q9HAB8","PPCS","T3",38.2521794504655,31.7072371315374
"Q9HB71","CACYBP","T3",49.5084877872011,34.2899455150435
"Q9HB90","RRAGC","T3",40.432925705017,19.7472831084977
"Q9HBH5","RDH14","T3",46.653567005816,26.2303426413135
"Q9HBI1","PARVB","T3",67.6002896403475,28.2892054455628
"Q9HBL0","TNS1","T3",27.0110913760921,32.1724580721449
"Q9HBL7","PLGRKT","T3",53.1025657461303,31.7631639527561
"Q9HC38","GLOD4","T3",22.7233300281046,11.5714616001149
"Q9HCC0","MCCC2","T3",57.7555092332966,17.198361279393
"Q9HCP6","HHATL","T3",38.2250212811177,25.1524875294815
"Q9HCU5","PREB","T3",29.8998586902541,15.8946164326488
"Q9HD33","MRPL47","T3",15.7650486440196,10.4660656112903
"Q9HDC5","JPH1","T3",43.1309060164633,40.6092651542646
"Q9HDC9","APMAP","T3",70.1140171794762,42.0730723716405
"Q9NNW7","TXNRD2","T3",83.1489044792432,39.8778327423198
"Q9NP72","RAB18","T3",29.0321395808051,28.7797624925531
"Q9NP74","PALMD","T3",43.5728748233384,28.0434623828179
"Q9NP79","VTA1","T3",23.7719823298444,20.9346480334022
"Q9NP81","SARS2","T3",43.4324933781643,18.1321997487223
"Q9NP97","DYNLRB1","T3",26.6198457959305,12.5881106107082
"Q9NP98","MYOZ1","T3",67.9655321265797,89.8624838909291
"Q9NPH2","ISYNA1","T3",40.4057543940531,35.0858372139575
"Q9NPJ3","ACOT13","T3",25.3623370998594,36.2927679329471
"Q9NPL8","TIMMDC1","T3",64.3014605470552,50.7383220814332
"Q9NPQ8","RIC8A","T3",55.3923433972423,39.2388014769288
"Q9NQ50","MRPL40","T3",64.6550962242318,58.2232629335377
"Q9NQ88","TIGAR","T3",37.8565129330863,99.4219965382295
"Q9NQC3","RTN4","T3",29.9579691559568,27.8468040832546
"Q9NQE9","HINT3","T3",46.7993136693349,22.2357402669582
"Q9NQP4","PFDN4","T3",33.7017029081021,13.4087265367857
"Q9NQR4","NIT2","T3",29.616797646656,27.5516333258044
"Q9NQW7","XPNPEP1","T3",14.5620905282499,32.7659830707279
"Q9NQX3","GPHN","T3",40.5332452108908,18.450941822834
"Q9NQY0","BIN3","T3",37.5042011988423,16.9732695979034
"Q9NR12","PDLIM7","T3",61.6396166862622,59.2470746573958
"Q9NR19","ACSS2","T3",37.765923719405,21.6334096991842
"Q9NR28","DIABLO","T3",23.5085186250577,14.5673763899342
"Q9NR31","SAR1A","T3",36.7177489381194,21.7302326706181
"Q9NR45","NANS","T3",36.9103240551673,35.3621208858291
"Q9NR56","MBNL1","T3",27.6400560832694,22.4016237482806
"Q9NRG4","SMYD2","T3",28.6564459888975,23.3286177319888
"Q9NRG7","SDR39U1","T3",76.619999653667,55.0802380577098
"Q9NRP0","OSTC","T3",26.9136369609011,33.985214863123
"Q9NRV9","HEBP1","T3",19.403316019349,77.3307616083206
"Q9NRX4","PHPT1","T3",41.3437833272408,26.0483911605642
"Q9NRY5","FAM114A2","T3",24.65723073445,35.850802757184
"Q9NS69","TOMM22","T3",29.3049652065582,28.8092993555458
"Q9NS86","LANCL2","T3",28.5721252909573,23.4774847409184
"Q9NSD9","FARSB","T3",44.9707061835441,40.2537318907271
"Q9NSE4","IARS2","T3",15.8010741866132,17.6297875776577
"Q9NSK7","C19orf12","T3",0,0
"Q9NT62","ATG3","T3",43.176593630308,65.5698224771568
"Q9NTG7","SIRT3","T3",50.153303640338,41.0419321105906
"Q9NTJ4","MAN2C1","T3",23.192082429324,10.7877938891401
"Q9NTK5","OLA1","T3",33.5560893255441,11.3422047735386
"Q9NTM9","CUTC","T3",29.8761798261611,15.5111777734394
"Q9NTX5","ECHDC1","T3",79.0025503928991,39.5674565594786
"Q9NUJ1","ABHD10","T3",32.2834237680473,30.4699970414884
"Q9NUQ8","ABCF3","T3",31.4233221152041,9.72569955253121
"Q9NUQ9","FAM49B","T3",40.3267206723118,21.2494707601199
"Q9NUU7","DDX19A","T3",24.1924418740548,17.7585167447137
"Q9NVA2","SEPTIN11","T3",41.3144255459159,32.272244370288
"Q9NVD7","PARVA","T3",32.7171928224135,33.5210318132466
"Q9NVE7","PANK4","T3",27.1238545884414,20.443226318543
"Q9NVH6","TMLHE","T3",44.4892758085109,35.9565258557451
"Q9NVI7","ATAD3A","T3",19.4574824069983,22.2709971183235
"Q9NVJ2","ARL8B","T3",16.2895932414093,27.0547979358575
"Q9NVS9","PNPO","T3",31.980697392272,9.56291726015431
"Q9NWU1","OXSM","T3",31.0543414891688,27.9384869312081
"Q9NWU5","MRPL22","T3",21.6327472489241,11.7775729033161
"Q9NWV4","CZIB","T3",41.4780952952895,15.8172090846485
"Q9NX14","NDUFB11","T3",36.058973163329,26.0251518656308
"Q9NX40","OCIAD1","T3",36.9904957394548,41.4974949510371
"Q9NX46","ADPRHL2","T3",48.938760351788,33.2130470937958
"Q9NX63","CHCHD3","T3",26.9790332996853,21.1268409147079
"Q9NXA8","SIRT5","T3",35.27179154934,20.6571445884453
"Q9NXJ5","PGPEP1","T3",34.2794701305146,40.9117311794774
"Q9NY33","DPP3","T3",22.7566883520286,31.3622162789597
"Q9NY65","TUBA8","T3",39.4038876575184,16.3961093797934
"Q9NYL2","MAP3K20","T3",25.0271708063406,15.9416567821271
"Q9NYU2","UGGT1","T3",38.115911169756,26.6364331312161
"Q9NZ01","TECR","T3",43.6805499336106,36.8028940917654
"Q9NZ08","ERAP1","T3",26.0112471187217,39.781806626825
"Q9NZ45","CISD1","T3",14.1699678998981,10.8005287388648
"Q9NZA1","CLIC5","T3",38.4022344655848,19.3881291983801
"Q9NZJ6","COQ3","T3",46.4336178290403,20.5195624447081
"Q9NZL4","HSPBP1","T3",13.8613719602381,18.4187366184672
"Q9NZL9","MAT2B","T3",47.396307409221,17.3907949536306
"Q9NZM1","MYOF","T3",26.4635324014653,30.6246763821798
"Q9NZN4","EHD2","T3",47.9977194532868,15.7834048977595
"Q9NZQ9","TMOD4","T3",16.3369946074728,51.6021359403064
"Q9NZU5","LMCD1","T3",44.6201483938685,17.6812823600392
"Q9P003","CNIH4","T3",32.5673083943549,32.3244876807234
"Q9P032","NDUFAF4","T3",45.9939903232819,21.3027564993312
"Q9P0J0","NDUFA13","T3",30.6156479020631,24.3957544944395
"Q9P0J1","PDP1","T3",23.6149388267017,5.94228996111905
"Q9P0L0","VAPA","T3",56.1024868498154,28.3267080207326
"Q9P0P8","MTRES1","T3",22.7848308546563,17.913975250622
"Q9P0S9","TMEM14C","T3",89.6345070563556,37.7040025433576
"Q9P0U1","TOMM7","T3",34.7263691210286,60.3815970194081
"Q9P2J5","LARS1","T3",35.0684712840255,20.7370097314226
"Q9P2R7","SUCLA2","T3",25.3553765494839,12.1826156387244
"Q9UBB4","ATXN10","T3",62.6153097959815,29.3766707220442
"Q9UBC2","EPS15L1","T3",41.2227069328524,34.9720518452232
"Q9UBF6","RNF7","T3",17.8880653375842,24.1917156077366
"Q9UBF9","MYOT","T3",52.609662540506,79.9392731013539
"Q9UBG0","MRC2","T3",38.7652792999475,11.791402772931
"Q9UBI6","GNG12","T3",35.474491553877,52.9654603715177
"Q9UBQ0","VPS29","T3",22.8642030863395,46.2784708021642
"Q9UBQ5","EIF3K","T3",31.1635715028255,19.5883585949048
"Q9UBQ7","GRHPR","T3",15.5921786792789,19.7104427894407
"Q9UBT2","UBA2","T3",30.930613944258,27.7926718819868
"Q9UBW8","COPS7A","T3",16.5383737798357,17.3246333933682
"Q9UBX5","FBLN5","T3",64.6333089883699,29.4917911502258
"Q9UBY9","HSPB7","T3",41.4164277401156,19.3666135517696
"Q9UDT6","CLIP2","T3",28.1634237234938,29.7231820677462
"Q9UDW1","UQCR10","T3",35.3619739624071,23.1068380222093
"Q9UDX5","MTFP1","T3",10.5634390005254,30.7096098995243
"Q9UDY4","DNAJB4","T3",40.8727847917711,35.755957335027
"Q9UFN0","NIPSNAP3A","T3",35.6349712835901,43.4371211721663
"Q9UG63","ABCF2","T3",42.3559085086099,30.2175643314222
"Q9UHA4","LAMTOR3","T3",18.0796336859431,18.7536550654324
"Q9UHD1","CHORDC1","T3",50.0975006233323,37.6099361939217
"Q9UHD8","SEPTIN9","T3",42.4656040793405,22.9196835956278
"Q9UHG3","PCYOX1","T3",19.0960743696751,21.4543852886643
"Q9UHP9","SMPX","T3",64.36828450216,14.6702980315667
"Q9UHQ4","BCAP29","T3",24.5034984015067,22.1868367507151
"Q9UHQ9","CYB5R1","T3",42.7809885249823,10.3205255441429
"Q9UHV9","PFDN2","T3",22.7321798983048,31.9379026296855
"Q9UHY7","ENOPH1","T3",37.1611246690251,9.58253632112761
"Q9UI09","NDUFA12","T3",35.3133816158503,25.4813487004222
"Q9UI12","ATP6V1H","T3",30.3037485400989,24.4741224964045
"Q9UI30","TRMT112","T3",15.6179011148056,32.6482116551883
"Q9UIA9","XPO7","T3",41.7604365578345,38.0079110617588
"Q9UIC8","LCMT1","T3",28.1036281425866,27.6541293651077
"Q9UIJ7","AK3","T3",27.8528236292719,33.4699505083816
"Q9UIQ6","LNPEP","T3",0,2.97640652786786
"Q9UJ70","NAGK","T3",39.6962934048774,33.1214334975762
"Q9UJS0","SLC25A13","T3",19.1499553811155,19.9482008385223
"Q9UJW0","DCTN4","T3",9.80783935683575,12.5705650990965
"Q9UJY1","HSPB8","T3",28.5441174141501,26.7779846258007
"Q9UJZ1","STOML2","T3",19.5838873928459,21.964919710288
"Q9UKG1","APPL1","T3",42.2200969997988,23.8578612843486
"Q9UKS6","PACSIN3","T3",31.3142085593843,25.8766712647456
"Q9UKU7","ACAD8","T3",42.732656858765,31.5595703009899
"Q9UKV8","AGO2","T3",33.4266656594119,46.4459096097251
"Q9UKX2","MYH2","T3",51.6849842166435,77.8417064664866
"Q9UKX3","MYH13","T3",62.3671147896454,74.1510970391655
"Q9UKY7","CDV3","T3",57.8811069268365,26.8059744313017
"Q9UL25","RAB21","T3",69.6504017230693,62.8515992726884
"Q9UL46","PSME2","T3",86.7319462569781,50.7091227905475
"Q9ULA0","DNPEP","T3",26.0363340603019,14.6082987150864
"Q9ULC4","MCTS1","T3",42.2789293996467,19.3401326793527
"Q9ULT8","HECTD1","T3",35.3246994132836,36.6736612314617
"Q9ULX7","CA14","T3",32.717902075869,34.67667408601
"Q9UM00","TMCO1","T3",63.513983708087,38.7170083199092
"Q9UM22","EPDR1","T3",36.3682275322746,23.3421286928524
"Q9UM54","MYO6","T3",38.5328584944859,18.2301380424085
"Q9UMR2","DDX19B","T3",71.2255025216786,134.984837431455
"Q9UMS0","NFU1","T3",35.8825050766551,16.177703841838
"Q9UMS6","SYNPO2","T3",57.3855501465993,59.3757928886066
"Q9UMX0","UBQLN1","T3",16.2539577220639,18.8829491929378
"Q9UN36","NDRG2","T3",38.4302057221537,20.8530470316169
"Q9UN37","VPS4A","T3",40.6302475097555,24.4315110686524
"Q9UNE7","STUB1","T3",18.0056487195332,18.801590641431
"Q9UNM6","PSMD13","T3",24.4027613181268,31.3192196357531
"Q9UNS2","COPS3","T3",21.5433968259381,23.3148018344214
"Q9UNZ2","NSFL1C","T3",22.215311241152,10.7056613890687
"Q9UPR0","PLCL2","T3",40.8436380794543,18.9980211399918
"Q9UPY8","MAPRE3","T3",41.1495542389602,26.5469352241208
"Q9UQ13","SHOC2","T3",15.3850583025375,20.5537301018886
"Q9UQ80","PA2G4","T3",35.2799549963372,29.7371567544379
"Q9UQ90","SPG7","T3",38.1089209084825,40.177314949219
"Q9UQM7","CAMK2A","T3",50.3431307838577,42.5719286534898
"Q9Y224","RTRAF","T3",44.9135793604617,35.9701675110716
"Q9Y230","RUVBL2","T3",32.0146041505192,39.455220759616
"Q9Y235","APOBEC2","T3",30.8805793744178,36.2253444929877
"Q9Y237","PIN4","T3",28.6349166367302,26.9664863873306
"Q9Y241","HIGD1A","T3",18.6407063157487,36.6319746797614
"Q9Y262","EIF3L","T3",26.6723755134986,31.7047117267473
"Q9Y263","PLAA","T3",30.1112508245258,18.067137665803
"Q9Y265","RUVBL1","T3",19.3839287131024,18.4328386568538
"Q9Y266","NUDC","T3",37.0874288834206,27.057260269788
"Q9Y276","BCS1L","T3",91.3112550802349,85.4160032853047
"Q9Y277","VDAC3","T3",25.9517308799166,16.2100804531978
"Q9Y281","CFL2","T3",14.2459949085805,7.45486136829367
"Q9Y285","FARSA","T3",51.0586313338824,33.1746779529519
"Q9Y295","DRG1","T3",101.825104086402,47.8097183649941
"Q9Y2B0","CNPY2","T3",22.4959817521474,36.1129034986476
"Q9Y2H1","STK38L","T3",29.9237742121057,49.9741261621553
"Q9Y2J8","PADI2","T3",60.3447121379983,32.0227884683811
"Q9Y2Q3","GSTK1","T3",31.7362413625244,26.1430365981378
"Q9Y2Q5","LAMTOR2","T3",22.1708384611167,18.3553591846644
"Q9Y2Q9","MRPS28","T3",38.2504256612516,15.5020778567692
"Q9Y2R0","COA3","T3",33.867252415874,25.0273240338536
"Q9Y2R5","MRPS17","T3",50.0027599825594,31.7887772456258
"Q9Y2S7","POLDIP2","T3",44.8079626261383,34.4724832154022
"Q9Y2Z0","SUGT1","T3",20.6701142535607,22.936875867014
"Q9Y2Z9","COQ6","T3",24.2619157213016,30.568656280526
"Q9Y305","ACOT9","T3",62.1770149641973,22.0141939909603
"Q9Y316","MEMO1","T3",42.6044135927265,16.5919302035047
"Q9Y333","LSM2","T3",22.2033266556417,127.289968543231
"Q9Y371","SH3GLB1","T3",38.4435155887378,33.6086944099131
"Q9Y376","CAB39","T3",30.3027934381802,17.9318906069733
"Q9Y394","DHRS7","T3",54.6051921637888,23.0452663112151
"Q9Y3A3","MOB4","T3",20.4194933238802,25.4904508584964
"Q9Y3A5","SBDS","T3",18.6174610970237,17.0206131582406
"Q9Y3A6","TMED5","T3",25.0412291019643,24.4773128528226
"Q9Y3C4","TPRKB","T3",25.3251591314607,22.6610783088998
"Q9Y3C6","PPIL1","T3",25.5745801829521,22.783745630002
"Q9Y3D2","MSRB2","T3",37.4163300843399,31.0661393687842
"Q9Y3D3","MRPS16","T3",26.1380080982341,40.2050269400306
"Q9Y3D6","FIS1","T3",25.6193957767948,33.5782842738934
"Q9Y3D9","MRPS23","T3",19.4056319899823,26.2043181338567
"Q9Y3F4","STRAP","T3",22.0096729316105,26.4225339773322
"Q9Y3I0","RTCB","T3",43.2892988708972,14.2510074747776
"Q9Y3I1","FBXO7","T3",71.5470768164481,107.866325049228
"Q9Y3U8","RPL36","T3",46.4513875540514,8.26501213985048
"Q9Y450","HBS1L","T3",19.8406498890242,35.0397541998797
"Q9Y490","TLN1","T3",29.8725075710648,34.7925800045528
"Q9Y4E8","USP15","T3",33.1013372806398,23.2956729866946
"Q9Y4G6","TLN2","T3",23.7482732120886,45.8663482593738
"Q9Y4J8","DTNA","T3",39.602216194348,20.5737323985273
"Q9Y4L1","HYOU1","T3",38.1418149593273,17.6191320283603
"Q9Y4W6","AFG3L2","T3",23.6443477389644,19.1461439891301
"Q9Y4Z0","LSM4","T3",52.0305469583111,35.2744706051089
"Q9Y508","RNF114","T3",45.9246843988859,42.565286963826
"Q9Y512","SAMM50","T3",29.2514240340918,20.0502524342674
"Q9Y570","PPME1","T3",42.696983166919,27.7953225746868
"Q9Y5J7","TIMM9","T3",36.4949049372478,36.1707896761408
"Q9Y5K5","UCHL5","T3",34.7390289786614,14.7526617256425
"Q9Y5L0","TNPO3","T3",40.7823821166883,44.0094187821158
"Q9Y5L4","TIMM13","T3",42.9253167526227,21.5087104349804
"Q9Y5M8","SRPRB","T3",33.7734824795159,14.3154592048933
"Q9Y5P6","GMPPB","T3",40.0062540889622,45.2292718069278
"Q9Y5U8","MPC1","T3",84.9947493176926,57.1282565416829
"Q9Y5X3","SNX5","T3",15.3139562279706,18.4180917044187
"Q9Y5Y2","NUBP2","T3",68.6246938949792,22.596701140532
"Q9Y5Z4","HEBP2","T3",17.1382658915988,14.5271697791959
"Q9Y613","FHOD1","T3",27.8816403317701,21.5600201324574
"Q9Y623","MYH4","T3",72.8026339803643,70.0482966707709
"Q9Y676","MRPS18B","T3",28.3683082992185,25.7166052807892
"Q9Y696","CLIC4","T3",38.7520495747276,39.8382346419538
"Q9Y6A9","SPCS1","T3",27.808919662747,33.684838492338
"Q9Y6B6","SAR1B","T3",53.6897421503111,70.7293001487509
"Q9Y6C9","MTCH2","T3",32.1803348607008,28.4239203377611
"Q9Y6E2","BZW2","T3",35.6242772728072,21.264235686188
"Q9Y6G9","DYNC1LI1","T3",40.3761060938803,17.5395113159938
"Q9Y6H1","CHCHD2","T3",55.6547978258366,33.5083085049216
"Q9Y6M9","NDUFB9","T3",37.390612184764,20.1223471397424
"Q9Y6N5","SQOR","T3",27.995278155315,33.3824223769144
"Q9Y6P5","SESN1","T3",30.6363361208566,20.6721958362037
