Group,n,mean,sd,sem,t_test_p
HR,8,126078.625,51615.8804548077,18248.969543254352,0.6425546142260182
LR,8,139466.25,60830.835929884866,21506.948295633934,0.6425546142260182
