contrast_1,contrast_2,ks_D,ks_p
Training_HR,Training_LR,0.17610779924028575,2.069870914593648e-25
Acute_HR,Acute_LR,0.16194569979048903,1.2548351543878398e-21
