PC,var_pct,ci_lo,ci_hi
PC1,13.5,12.895000000000001,14.231
PC2,11.6,11.011975000000001,12.133225
