rank_HR,rank_LR,signed_log10p
9,9,-0
18,9,-0
27,9,-0
36,9,-0
45,9,-0
54,9,-0
63,9,-0
72,9,-0
81,9,-0
90,9,-0
99,9,-0
108,9,-0
117,9,-0
126,9,-0
135,9,-0
144,9,0.297
153,9,0.278
162,9,0.261
171,9,0.245
180,9,0.23
189,9,0.216
198,9,0.204
207,9,0.192
216,9,0.571
225,9,0.545
234,9,0.52
243,9,0.497
252,9,0.475
261,9,0.454
270,9,0.434
279,9,0.415
288,9,0.397
297,9,0.38
306,9,0.363
315,9,0.348
324,9,0.333
333,9,0.318
342,9,0.305
351,9,0.292
360,9,0.279
369,9,0.267
378,9,0.256
387,9,0.245
396,9,0.234
405,9,0.224
414,9,0.214
423,9,0.205
432,9,0.196
441,9,0.188
450,9,0.179
459,9,0.172
468,9,0.164
477,9,0.157
486,9,0.15
495,9,0.143
504,9,0.137
513,9,0.131
522,9,0.125
531,9,0.119
540,9,0.114
549,9,0.109
558,9,0.104
567,9,0.099
576,9,0.094
585,9,0.09
594,9,0.086
603,9,0.082
612,9,0.078
621,9,0.074
630,9,0.214
639,9,0.206
648,9,0.198
657,9,0.19
666,9,0.183
675,9,0.176
684,9,0.39
693,9,0.378
702,9,0.701
711,9,0.683
720,9,0.665
729,9,0.647
738,9,0.629
747,9,0.612
756,9,0.596
765,9,0.58
774,9,0.564
783,9,0.548
792,9,0.533
801,9,0.518
810,9,0.503
819,9,0.489
828,9,0.475
837,9,0.461
846,9,0.448
855,9,0.434
864,9,0.421
873,9,0.409
882,9,0.397
891,9,0.385
900,9,0.373
909,9,0.361
918,9,0.35
927,9,0.339
936,9,0.328
945,9,0.318
954,9,0.606
963,9,0.59
972,9,-0.574
981,9,-0.559
990,9,-0.544
999,9,-0.529
1008,9,-0.515
1017,9,-0.501
1026,9,-0.487
1035,9,-0.473
1044,9,-0.459
1053,9,-0.446
1062,9,-0.433
1071,9,-0.42
1080,9,-0.408
1089,9,-0.395
1098,9,-0.383
1107,9,-0.372
1116,9,-0.36
1125,9,-0.349
1134,9,-0.337
1143,9,-0.327
1152,9,-0.316
1161,9,-0.305
1170,9,-0.295
1179,9,-0.285
1188,9,-0.275
1197,9,-0.266
1206,9,-0.256
1215,9,-0.525
1224,9,-0.51
1233,9,-0.495
1242,9,-0.481
1251,9,-0.467
1260,9,-0.453
1269,9,-0.439
1278,9,-0.426
1287,9,-0.413
1296,9,-0.4
1305,9,-0.387
1314,9,-0.374
1323,9,-0.362
1332,9,-0.35
1341,9,-0.338
1350,9,-0.326
1359,9,-0.315
1368,9,-0.303
1377,9,-0.292
1386,9,-0.281
1395,9,-0.271
1404,9,-0.26
1413,9,-0.25
1422,9,-0.24
1431,9,-0.23
1440,9,-0.221
1449,9,-0.211
1458,9,-0.202
1467,9,-0.193
1476,9,-0.184
1485,9,-0.176
1494,9,-0.167
1503,9,-0.159
1512,9,-0.151
1521,9,-0.143
1530,9,-0.136
1539,9,-0.129
1548,9,-0.121
1557,9,-0.115
1566,9,-0.108
1575,9,-0.101
1584,9,-0.095
1593,9,-0.089
1602,9,-0.083
1611,9,-0.078
1620,9,-0.072
1629,9,-0.067
1638,9,-0.213
1647,9,-0.202
1656,9,-0.191
1665,9,-0.18
1674,9,-0.169
1683,9,-0.158
1692,9,-0.148
1701,9,-0.472
1710,9,-0.452
1719,9,-0.431
1728,9,-0.411
1737,9,-0.39
1746,9,-0.37
1755,9,-0.35
1764,9,-0.33
1773,9,-0.31
1782,9,-0.29
1791,9,-0.27
1800,9,-0.251
1809,9,-0.231
1818,9,-0.212
1827,9,-0.192
1836,9,-0.173
1845,9,-0.154
1854,9,-0.135
1863,9,-0.116
1872,9,-0.097
1881,9,-0.078
1890,9,-0.06
1899,9,-0.041
1908,9,-0.023
1917,9,-0.004
9,18,-0
18,18,-0
27,18,-0
36,18,-0
45,18,-0
54,18,-0
63,18,-0
72,18,-0
81,18,-0
90,18,-0
99,18,-0
108,18,-0
117,18,-0
126,18,-0
135,18,-0
144,18,0.121
153,18,0.109
162,18,0.098
171,18,0.089
180,18,0.08
189,18,0.072
198,18,0.065
207,18,0.059
216,18,0.209
225,18,0.192
234,18,0.178
243,18,0.164
252,18,0.151
261,18,0.139
270,18,0.323
279,18,0.302
288,18,0.283
297,18,0.265
306,18,0.247
315,18,0.231
324,18,0.216
333,18,0.202
342,18,0.394
351,18,0.372
360,18,0.352
369,18,0.332
378,18,0.313
387,18,0.295
396,18,0.278
405,18,0.262
414,18,0.247
423,18,0.233
432,18,0.219
441,18,0.206
450,18,0.194
459,18,0.182
468,18,0.171
477,18,0.161
486,18,0.306
495,18,0.29
504,18,0.486
513,18,0.464
522,18,0.443
531,18,0.422
540,18,0.403
549,18,0.384
558,18,0.605
567,18,0.58
576,18,0.556
585,18,0.533
594,18,0.51
603,18,0.489
612,18,0.468
621,18,0.447
630,18,0.681
639,18,0.655
648,18,0.63
657,18,0.605
666,18,0.582
675,18,0.559
684,18,0.82
693,18,0.791
702,18,1.108
711,18,1.073
720,18,1.04
729,18,1.007
738,18,0.975
747,18,0.943
756,18,0.913
765,18,0.883
774,18,0.853
783,18,0.825
792,18,0.797
801,18,0.77
810,18,0.744
819,18,0.718
828,18,0.693
837,18,0.668
846,18,0.644
855,18,0.621
864,18,0.598
873,18,0.576
882,18,0.554
891,18,0.533
900,18,0.513
909,18,0.493
918,18,0.473
927,18,0.454
936,18,0.436
945,18,0.418
954,18,0.635
963,18,0.612
972,18,-0.889
981,18,-0.86
990,18,-0.833
999,18,-0.806
1008,18,-0.779
1017,18,-0.753
1026,18,-0.728
1035,18,-0.703
1044,18,-0.679
1053,18,-0.655
1062,18,-0.632
1071,18,-0.609
1080,18,-0.587
1089,18,-0.565
1098,18,-0.544
1107,18,-0.523
1116,18,-0.503
1125,18,-0.483
1134,18,-0.464
1143,18,-0.445
1152,18,-0.426
1161,18,-0.409
1170,18,-0.391
1179,18,-0.374
1188,18,-0.358
1197,18,-0.342
1206,18,-0.326
1215,18,-0.523
1224,18,-0.502
1233,18,-0.482
1242,18,-0.462
1251,18,-0.443
1260,18,-0.424
1269,18,-0.406
1278,18,-0.388
1287,18,-0.371
1296,18,-0.595
1305,18,-0.572
1314,18,-0.549
1323,18,-0.527
1332,18,-0.506
1341,18,-0.485
1350,18,-0.464
1359,18,-0.444
1368,18,-0.424
1377,18,-0.405
1386,18,-0.386
1395,18,-0.368
1404,18,-0.35
1413,18,-0.333
1422,18,-0.316
1431,18,-0.3
1440,18,-0.284
1449,18,-0.269
1458,18,-0.254
1467,18,-0.239
1476,18,-0.225
1485,18,-0.212
1494,18,-0.199
1503,18,-0.186
1512,18,-0.174
1521,18,-0.162
1530,18,-0.151
1539,18,-0.14
1548,18,-0.13
1557,18,-0.12
1566,18,-0.11
1575,18,-0.101
1584,18,-0.093
1593,18,-0.085
1602,18,-0.077
1611,18,-0.07
1620,18,-0.063
1629,18,-0.057
1638,18,-0.133
1647,18,-0.284
1656,18,-0.265
1665,18,-0.246
1674,18,-0.228
1683,18,-0.211
1692,18,-0.194
1701,18,-0.425
1710,18,-0.906
1719,18,-0.864
1728,18,-0.823
1737,18,-0.783
1746,18,-0.742
1755,18,-0.702
1764,18,-0.661
1773,18,-0.621
1782,18,-0.582
1791,18,-0.542
1800,18,-0.503
1809,18,-0.464
1818,18,-0.425
1827,18,-0.386
1836,18,-0.347
1845,18,-0.309
1854,18,-0.271
1863,18,-0.233
1872,18,-0.195
1881,18,-0.157
1890,18,-0.12
1899,18,-0.082
1908,18,-0.045
1917,18,-0.008
9,27,-0
18,27,-0
27,27,-0
36,27,-0
45,27,-0
54,27,-0
63,27,-0
72,27,-0
81,27,-0
90,27,-0
99,27,-0
108,27,-0
117,27,0.087
126,27,0.075
135,27,0.064
144,27,0.212
153,27,0.189
162,27,0.168
171,27,0.149
180,27,0.133
189,27,0.118
198,27,0.105
207,27,0.093
216,27,0.221
225,27,0.201
234,27,0.182
243,27,0.165
252,27,0.149
261,27,0.135
270,27,0.268
279,27,0.246
288,27,0.226
297,27,0.207
306,27,0.19
315,27,0.174
324,27,0.159
333,27,0.146
342,27,0.266
351,27,0.247
360,27,0.228
369,27,0.211
378,27,0.195
387,27,0.18
396,27,0.165
405,27,0.152
414,27,0.14
423,27,0.129
432,27,0.118
441,27,0.109
450,27,0.099
459,27,0.091
468,27,0.083
477,27,0.076
486,27,0.145
495,27,0.134
504,27,0.229
513,27,0.214
522,27,0.199
531,27,0.185
540,27,0.172
549,27,0.16
558,27,0.261
567,27,0.245
576,27,0.229
585,27,0.214
594,27,0.2
603,27,0.186
612,27,0.174
621,27,0.162
630,27,0.259
639,27,0.243
648,27,0.228
657,27,0.214
666,27,0.2
675,27,0.187
684,27,0.29
693,27,0.273
702,27,0.404
711,27,0.567
720,27,0.54
729,27,0.514
738,27,0.489
747,27,0.465
756,27,0.442
765,27,0.419
774,27,0.397
783,27,0.377
792,27,0.357
801,27,0.337
810,27,0.482
819,27,0.458
828,27,0.632
837,27,0.603
846,27,0.576
855,27,0.55
864,27,0.524
873,27,0.499
882,27,0.475
891,27,0.452
900,27,0.43
909,27,0.408
918,27,0.388
927,27,0.368
936,27,0.348
945,27,0.33
954,27,0.471
963,27,0.448
972,27,-0.619
981,27,-0.592
990,27,-0.565
999,27,-0.54
1008,27,-0.515
1017,27,-0.703
1026,27,-0.674
1035,27,-0.645
1044,27,-0.617
1053,27,-0.589
1062,27,-0.563
1071,27,-0.537
1080,27,-0.512
1089,27,-0.488
1098,27,-0.464
1107,27,-0.441
1116,27,-0.419
1125,27,-0.398
1134,27,-0.377
1143,27,-0.357
1152,27,-0.338
1161,27,-0.319
1170,27,-0.301
1179,27,-0.284
1188,27,-0.267
1197,27,-0.251
1206,27,-0.236
1215,27,-0.354
1224,27,-0.335
1233,27,-0.316
1242,27,-0.298
1251,27,-0.28
1260,27,-0.263
1269,27,-0.247
1278,27,-0.232
1287,27,-0.217
1296,27,-0.332
1305,27,-0.313
1314,27,-0.294
1323,27,-0.276
1332,27,-0.259
1341,27,-0.243
1350,27,-0.227
1359,27,-0.211
1368,27,-0.197
1377,27,-0.183
1386,27,-0.17
1395,27,-0.157
1404,27,-0.145
1413,27,-0.237
1422,27,-0.221
1431,27,-0.205
1440,27,-0.19
1449,27,-0.176
1458,27,-0.163
1467,27,-0.15
1476,27,-0.137
1485,27,-0.126
1494,27,-0.214
1503,27,-0.198
1512,27,-0.182
1521,27,-0.168
1530,27,-0.154
1539,27,-0.141
1548,27,-0.128
1557,27,-0.116
1566,27,-0.105
1575,27,-0.095
1584,27,-0.085
1593,27,-0.076
1602,27,-0.067
1611,27,-0.06
1620,27,-0.052
1629,27,-0.046
1638,27,-0.093
1647,27,-0.176
1656,27,-0.16
1665,27,-0.144
1674,27,-0.128
1683,27,-0.114
1692,27,-0.101
1701,27,-0.2
1710,27,-0.374
1719,27,-0.343
1728,27,-0.313
1737,27,-0.284
1746,27,-0.256
1755,27,-0.229
1764,27,-0.204
1773,27,-0.179
1782,27,-0.156
1791,27,-0.135
1800,27,-0.115
1809,27,-0.096
1818,27,-0.237
1827,27,-0.204
1836,27,-0.172
1845,27,-0.142
1854,27,-0.115
1863,27,-0.089
1872,27,-0.293
1881,27,-0.236
1890,27,-0.18
1899,27,-0.124
1908,27,-0.068
1917,27,-0.012
9,36,-0
18,36,-0
27,36,-0
36,36,-0
45,36,-0
54,36,-0
63,36,-0
72,36,-0
81,36,-0
90,36,-0
99,36,-0
108,36,-0
117,36,0.047
126,36,0.038
135,36,0.032
144,36,0.116
153,36,0.099
162,36,0.085
171,36,0.073
180,36,0.173
189,36,0.152
198,36,0.134
207,36,0.117
216,36,0.229
225,36,0.204
234,36,0.183
243,36,0.163
252,36,0.145
261,36,0.129
270,36,0.232
279,36,0.209
288,36,0.189
297,36,0.17
306,36,0.153
315,36,0.137
324,36,0.123
333,36,0.111
342,36,0.193
351,36,0.175
360,36,0.159
369,36,0.144
378,36,0.13
387,36,0.117
396,36,0.105
405,36,0.095
414,36,0.085
423,36,0.076
432,36,0.068
441,36,0.061
450,36,0.055
459,36,0.049
468,36,0.043
477,36,0.038
486,36,0.073
495,36,0.066
504,36,0.114
513,36,0.104
522,36,0.094
531,36,0.085
540,36,0.077
549,36,0.07
558,36,0.117
567,36,0.107
576,36,0.097
585,36,0.088
594,36,0.08
603,36,0.072
612,36,0.065
621,36,0.059
630,36,0.1
639,36,0.091
648,36,0.082
657,36,0.075
666,36,0.068
675,36,0.061
684,36,0.171
693,36,0.157
702,36,0.232
711,36,0.326
720,36,0.305
729,36,0.285
738,36,0.266
747,36,0.248
756,36,0.23
765,36,0.214
774,36,0.199
783,36,0.184
792,36,0.17
801,36,0.157
810,36,0.229
819,36,0.213
828,36,0.3
837,36,0.28
846,36,0.262
855,36,0.244
864,36,0.227
873,36,0.211
882,36,0.196
891,36,0.182
900,36,0.169
909,36,0.156
918,36,0.144
927,36,0.21
936,36,0.195
945,36,0.181
954,36,0.257
963,36,0.24
972,36,-0.333
981,36,-0.312
990,36,-0.292
999,36,-0.273
1008,36,-0.255
1017,36,-0.352
1026,36,-0.33
1035,36,-0.309
1044,36,-0.29
1053,36,-0.271
1062,36,-0.372
1071,36,-0.349
1080,36,-0.327
1089,36,-0.307
1098,36,-0.287
1107,36,-0.268
1116,36,-0.25
1125,36,-0.233
1134,36,-0.216
1143,36,-0.201
1152,36,-0.186
1161,36,-0.172
1170,36,-0.158
1179,36,-0.146
1188,36,-0.134
1197,36,-0.123
1206,36,-0.112
1215,36,-0.169
1224,36,-0.155
1233,36,-0.143
1242,36,-0.131
1251,36,-0.12
1260,36,-0.109
1269,36,-0.099
1278,36,-0.09
1287,36,-0.082
1296,36,-0.127
1305,36,-0.116
1314,36,-0.106
1323,36,-0.096
1332,36,-0.087
1341,36,-0.078
1350,36,-0.07
1359,36,-0.063
1368,36,-0.056
1377,36,-0.05
1386,36,-0.044
1395,36,-0.039
1404,36,-0.034
1413,36,-0.059
1422,36,-0.052
1431,36,-0.046
1440,36,-0.041
1449,36,-0.036
1458,36,-0.031
1467,36,-0.027
1476,36,-0.023
1485,36,-0.042
1494,36,-0.072
1503,36,-0.064
1512,36,-0.056
1521,36,-0.049
1530,36,-0.043
1539,36,-0.037
1548,36,-0.032
1557,36,-0.027
1566,36,-0.05
1575,36,-0.087
1584,36,-0.077
1593,36,-0.067
1602,36,-0.058
1611,36,-0.05
1620,36,-0.043
1629,36,-0.037
1638,36,-0.068
1647,36,-0.119
1656,36,-0.105
1665,36,-0.18
1674,36,-0.16
1683,36,-0.141
1692,36,-0.123
1701,36,-0.214
1710,36,-0.36
1719,36,-0.325
1728,36,-0.291
1737,36,-0.26
1746,36,-0.229
1755,36,-0.201
1764,36,-0.174
1773,36,-0.15
1782,36,-0.127
1791,36,-0.106
1800,36,-0.086
1809,36,-0.069
1818,36,-0.151
1827,36,-0.123
1836,36,-0.273
1845,36,-0.228
1854,36,-0.185
1863,36,-0.145
1872,36,-0.391
1881,36,-0.316
1890,36,-0.24
1899,36,-0.165
1908,36,-0.091
1917,36,-0.016
9,45,-0
18,45,-0
27,45,-0
36,45,-0
45,45,-0
54,45,-0
63,45,-0
72,45,-0
81,45,-0
90,45,0.052
99,45,0.041
108,45,0.032
117,45,0.112
126,45,0.093
135,45,0.077
144,45,0.174
153,45,0.149
162,45,0.127
171,45,0.108
180,45,0.206
189,45,0.179
198,45,0.156
207,45,0.135
216,45,0.234
225,45,0.206
234,45,0.182
243,45,0.16
252,45,0.258
261,45,0.23
270,45,0.346
279,45,0.312
288,45,0.281
297,45,0.253
306,45,0.227
315,45,0.203
324,45,0.182
333,45,0.163
342,45,0.248
351,45,0.224
360,45,0.201
369,45,0.181
378,45,0.163
387,45,0.146
396,45,0.13
405,45,0.116
414,45,0.104
423,45,0.092
432,45,0.146
441,45,0.131
450,45,0.118
459,45,0.105
468,45,0.094
477,45,0.084
486,45,0.131
495,45,0.118
504,45,0.176
513,45,0.16
522,45,0.145
531,45,0.131
540,45,0.118
549,45,0.106
558,45,0.158
567,45,0.143
576,45,0.13
585,45,0.117
594,45,0.106
603,45,0.095
612,45,0.086
621,45,0.077
630,45,0.117
639,45,0.105
648,45,0.095
657,45,0.085
666,45,0.077
675,45,0.069
684,45,0.166
693,45,0.152
702,45,0.212
711,45,0.405
720,45,0.377
729,45,0.351
738,45,0.327
747,45,0.303
756,45,0.281
765,45,0.26
774,45,0.24
783,45,0.221
792,45,0.204
801,45,0.187
810,45,0.254
819,45,0.235
828,45,0.312
837,45,0.29
846,45,0.269
855,45,0.353
864,45,0.329
873,45,0.306
882,45,0.284
891,45,0.263
900,45,0.243
909,45,0.225
918,45,0.207
927,45,0.277
936,45,0.257
945,45,0.238
954,45,0.315
963,45,0.292
972,45,-0.381
981,45,-0.356
990,45,-0.331
999,45,-0.308
1008,45,-0.286
1017,45,-0.373
1026,45,-0.348
1035,45,-0.324
1044,45,-0.301
1053,45,-0.28
1062,45,-0.366
1071,45,-0.341
1080,45,-0.318
1089,45,-0.295
1098,45,-0.273
1107,45,-0.253
1116,45,-0.234
1125,45,-0.215
1134,45,-0.198
1143,45,-0.182
1152,45,-0.166
1161,45,-0.152
1170,45,-0.138
1179,45,-0.126
1188,45,-0.176
1197,45,-0.161
1206,45,-0.147
1215,45,-0.203
1224,45,-0.186
1233,45,-0.17
1242,45,-0.155
1251,45,-0.141
1260,45,-0.128
1269,45,-0.116
1278,45,-0.104
1287,45,-0.093
1296,45,-0.135
1305,45,-0.122
1314,45,-0.11
1323,45,-0.099
1332,45,-0.088
1341,45,-0.079
1350,45,-0.07
1359,45,-0.062
1368,45,-0.054
1377,45,-0.048
1386,45,-0.074
1395,45,-0.065
1404,45,-0.057
1413,45,-0.087
1422,45,-0.077
1431,45,-0.068
1440,45,-0.06
1449,45,-0.052
1458,45,-0.045
1467,45,-0.039
1476,45,-0.034
1485,45,-0.054
1494,45,-0.085
1503,45,-0.074
1512,45,-0.065
1521,45,-0.056
1530,45,-0.048
1539,45,-0.077
1548,45,-0.067
1557,45,-0.058
1566,45,-0.092
1575,45,-0.141
1584,45,-0.211
1593,45,-0.188
1602,45,-0.167
1611,45,-0.148
1620,45,-0.13
1629,45,-0.113
1638,45,-0.177
1647,45,-0.267
1656,45,-0.238
1665,45,-0.357
1674,45,-0.321
1683,45,-0.287
1692,45,-0.255
1701,45,-0.39
1710,45,-0.585
1719,45,-0.532
1728,45,-0.482
1737,45,-0.433
1746,45,-0.387
1755,45,-0.342
1764,45,-0.3
1773,45,-0.261
1782,45,-0.224
1791,45,-0.189
1800,45,-0.157
1809,45,-0.128
1818,45,-0.241
1827,45,-0.199
1836,45,-0.385
1845,45,-0.323
1854,45,-0.264
1863,45,-0.208
1872,45,-0.49
1881,45,-0.395
1890,45,-0.301
1899,45,-0.207
1908,45,-0.114
1917,45,-0.021
9,54,-0
18,54,-0
27,54,-0
36,54,-0
45,54,-0
54,54,-0
63,54,-0
72,54,-0
81,54,-0
90,54,0.032
99,54,0.025
108,54,0.019
117,54,0.069
126,54,0.055
135,54,0.044
144,54,0.105
153,54,0.087
162,54,0.071
171,54,0.058
180,54,0.118
189,54,0.099
198,54,0.083
207,54,0.07
216,54,0.128
225,54,0.109
234,54,0.093
243,54,0.156
252,54,0.239
261,54,0.21
270,54,0.303
279,54,0.27
288,54,0.24
297,54,0.212
306,54,0.187
315,54,0.165
324,54,0.145
333,54,0.128
342,54,0.19
351,54,0.169
360,54,0.149
369,54,0.132
378,54,0.116
387,54,0.102
396,54,0.089
405,54,0.078
414,54,0.068
423,54,0.059
432,54,0.155
441,54,0.138
450,54,0.122
459,54,0.108
468,54,0.095
477,54,0.084
486,54,0.124
495,54,0.111
504,54,0.158
513,54,0.142
522,54,0.126
531,54,0.113
540,54,0.1
549,54,0.089
558,54,0.128
567,54,0.114
576,54,0.16
585,54,0.144
594,54,0.129
603,54,0.116
612,54,0.103
621,54,0.092
630,54,0.13
639,54,0.117
648,54,0.105
657,54,0.093
666,54,0.083
675,54,0.074
684,54,0.162
693,54,0.146
702,54,0.196
711,54,0.357
720,54,0.329
729,54,0.303
738,54,0.279
747,54,0.256
756,54,0.234
765,54,0.302
774,54,0.277
783,54,0.255
792,54,0.233
801,54,0.213
810,54,0.276
819,54,0.253
828,54,0.323
837,54,0.298
846,54,0.274
855,54,0.347
864,54,0.321
873,54,0.402
882,54,0.373
891,54,0.345
900,54,0.319
909,54,0.294
918,54,0.271
927,54,0.343
936,54,0.317
945,54,0.293
954,54,0.368
963,54,0.341
972,54,-0.425
981,54,-0.395
990,54,-0.366
999,54,-0.339
1008,54,-0.313
1017,54,-0.393
1026,54,-0.364
1035,54,-0.337
1044,54,-0.312
1053,54,-0.287
1062,54,-0.362
1071,54,-0.335
1080,54,-0.31
1089,54,-0.285
1098,54,-0.262
1107,54,-0.241
1116,54,-0.308
1125,54,-0.284
1134,54,-0.26
1143,54,-0.239
1152,54,-0.218
1161,54,-0.199
1170,54,-0.181
1179,54,-0.164
1188,54,-0.216
1197,54,-0.197
1206,54,-0.179
1215,54,-0.235
1224,54,-0.214
1233,54,-0.195
1242,54,-0.176
1251,54,-0.159
1260,54,-0.144
1269,54,-0.129
1278,54,-0.115
1287,54,-0.103
1296,54,-0.141
1305,54,-0.126
1314,54,-0.113
1323,54,-0.1
1332,54,-0.089
1341,54,-0.078
1350,54,-0.11
1359,54,-0.097
1368,54,-0.086
1377,54,-0.075
1386,54,-0.107
1395,54,-0.094
1404,54,-0.083
1413,54,-0.117
1422,54,-0.103
1431,54,-0.091
1440,54,-0.079
1449,54,-0.069
1458,54,-0.06
1467,54,-0.051
1476,54,-0.044
1485,54,-0.065
1494,54,-0.095
1503,54,-0.083
1512,54,-0.071
1521,54,-0.061
1530,54,-0.052
1539,54,-0.078
1548,54,-0.067
1557,54,-0.057
1566,54,-0.085
1575,54,-0.125
1584,54,-0.279
1593,54,-0.25
1602,54,-0.343
1611,54,-0.309
1620,54,-0.276
1629,54,-0.245
1638,54,-0.343
1647,54,-0.472
1656,54,-0.426
1665,54,-0.585
1674,54,-0.532
1683,54,-0.481
1692,54,-0.432
1701,54,-0.607
1710,54,-0.845
1719,54,-0.773
1728,54,-0.704
1737,54,-0.638
1746,54,-0.573
1755,54,-0.512
1764,54,-0.453
1773,54,-0.397
1782,54,-0.343
1791,54,-0.294
1800,54,-0.247
1809,54,-0.204
1818,54,-0.345
1827,54,-0.288
1836,54,-0.506
1845,54,-0.426
1854,54,-0.35
1863,54,-0.278
1872,54,-0.59
1881,54,-0.476
1890,54,-0.362
1899,54,-0.249
1908,54,-0.137
1917,54,-0.025
9,63,-0
18,63,-0
27,63,-0
36,63,-0
45,63,-0
54,63,-0
63,63,-0
72,63,-0
81,63,-0
90,63,0.02
99,63,0.015
108,63,0.011
117,63,0.042
126,63,0.032
135,63,0.025
144,63,0.063
153,63,0.122
162,63,0.1
171,63,0.082
180,63,0.143
189,63,0.119
198,63,0.099
207,63,0.082
216,63,0.136
225,63,0.115
234,63,0.097
243,63,0.152
252,63,0.222
261,63,0.193
270,63,0.27
279,63,0.237
288,63,0.207
297,63,0.181
306,63,0.157
315,63,0.136
324,63,0.118
333,63,0.102
342,63,0.346
351,63,0.31
360,63,0.398
369,63,0.359
378,63,0.322
387,63,0.289
396,63,0.258
405,63,0.334
414,63,0.301
423,63,0.27
432,63,0.475
441,63,0.433
450,63,0.394
459,63,0.358
468,63,0.324
477,63,0.293
486,63,0.369
495,63,0.335
504,63,0.417
513,63,0.38
522,63,0.346
531,63,0.315
540,63,0.286
549,63,0.258
558,63,0.326
567,63,0.296
576,63,0.369
585,63,0.337
594,63,0.307
603,63,0.279
612,63,0.253
621,63,0.229
630,63,0.289
639,63,0.263
648,63,0.238
657,63,0.216
666,63,0.195
675,63,0.175
684,63,0.309
693,63,0.282
702,63,0.349
711,63,0.551
720,63,0.511
729,63,0.473
738,63,0.437
747,63,0.403
756,63,0.371
765,63,0.577
774,63,0.536
783,63,0.498
792,63,0.461
801,63,0.426
810,63,0.51
819,63,0.473
828,63,0.563
837,63,0.523
846,63,0.486
855,63,0.577
864,63,0.537
873,63,0.634
882,63,0.592
891,63,0.551
900,63,0.512
909,63,0.475
918,63,0.44
927,63,0.526
936,63,0.488
945,63,0.453
954,63,0.54
963,63,0.502
972,63,-0.596
981,63,-0.555
990,63,-0.516
999,63,-0.479
1008,63,-0.444
1017,63,-0.531
1026,63,-0.493
1035,63,-0.457
1044,63,-0.423
1053,63,-0.391
1062,63,-0.471
1071,63,-0.436
1080,63,-0.403
1089,63,-0.371
1098,63,-0.341
1107,63,-0.313
1116,63,-0.383
1125,63,-0.352
1134,63,-0.323
1143,63,-0.296
1152,63,-0.27
1161,63,-0.246
1170,63,-0.224
1179,63,-0.28
1188,63,-0.345
1197,63,-0.316
1206,63,-0.289
1215,63,-0.357
1224,63,-0.327
1233,63,-0.299
1242,63,-0.272
1251,63,-0.247
1260,63,-0.224
1269,63,-0.202
1278,63,-0.182
1287,63,-0.163
1296,63,-0.209
1305,63,-0.188
1314,63,-0.168
1323,63,-0.15
1332,63,-0.133
1341,63,-0.118
1350,63,-0.155
1359,63,-0.138
1368,63,-0.122
1377,63,-0.107
1386,63,-0.142
1395,63,-0.125
1404,63,-0.11
1413,63,-0.147
1422,63,-0.129
1431,63,-0.113
1440,63,-0.099
1449,63,-0.086
1458,63,-0.074
1467,63,-0.063
1476,63,-0.054
1485,63,-0.075
1494,63,-0.104
1503,63,-0.09
1512,63,-0.077
1521,63,-0.065
1530,63,-0.055
1539,63,-0.078
1548,63,-0.066
1557,63,-0.056
1566,63,-0.079
1575,63,-0.111
1584,63,-0.236
1593,63,-0.208
1602,63,-0.278
1611,63,-0.245
1620,63,-0.215
1629,63,-0.187
1638,63,-0.255
1647,63,-0.343
1656,63,-0.304
1665,63,-0.408
1674,63,-0.362
1683,63,-0.319
1692,63,-0.278
1701,63,-0.383
1710,63,-0.78
1719,63,-0.706
1728,63,-0.635
1737,63,-0.567
1746,63,-0.783
1755,63,-0.703
1764,63,-0.627
1773,63,-0.553
1782,63,-0.483
1791,63,-0.416
1800,63,-0.353
1809,63,-0.295
1818,63,-0.462
1827,63,-0.388
1836,63,-0.634
1845,63,-0.536
1854,63,-0.442
1863,63,-0.353
1872,63,-0.69
1881,63,-0.556
1890,63,-0.424
1899,63,-0.291
1908,63,-0.16
1917,63,-0.029
9,72,-0
18,72,-0
27,72,-0
36,72,-0
45,72,-0
54,72,-0
63,72,-0
72,72,-0
81,72,-0
90,72,0.013
99,72,0.009
108,72,0.006
117,72,0.026
126,72,0.019
135,72,0.014
144,72,0.037
153,72,0.075
162,72,0.06
171,72,0.047
180,72,0.085
189,72,0.069
198,72,0.055
207,72,0.044
216,72,0.076
225,72,0.062
234,72,0.05
243,72,0.082
252,72,0.125
261,72,0.105
270,72,0.152
279,72,0.13
288,72,0.11
297,72,0.093
306,72,0.078
315,72,0.065
324,72,0.054
333,72,0.045
342,72,0.186
351,72,0.161
360,72,0.214
369,72,0.187
378,72,0.163
387,72,0.142
396,72,0.123
405,72,0.165
414,72,0.144
423,72,0.125
432,72,0.243
441,72,0.215
450,72,0.19
459,72,0.168
468,72,0.147
477,72,0.129
486,72,0.169
495,72,0.149
504,72,0.192
513,72,0.17
522,72,0.15
531,72,0.132
540,72,0.115
549,72,0.101
558,72,0.133
567,72,0.116
576,72,0.151
585,72,0.133
594,72,0.117
603,72,0.103
612,72,0.09
621,72,0.078
630,72,0.104
639,72,0.091
648,72,0.079
657,72,0.069
666,72,0.059
675,72,0.051
684,72,0.105
693,72,0.092
702,72,0.12
711,72,0.289
720,72,0.262
729,72,0.237
738,72,0.213
747,72,0.191
756,72,0.171
765,72,0.287
774,72,0.26
783,72,0.235
792,72,0.212
801,72,0.19
810,72,0.234
819,72,0.284
828,72,0.341
837,72,0.311
846,72,0.283
855,72,0.339
864,72,0.309
873,72,0.369
882,72,0.338
891,72,0.308
900,72,0.28
909,72,0.336
918,72,0.306
927,72,0.366
936,72,0.334
945,72,0.305
954,72,0.364
963,72,0.333
972,72,-0.395
981,72,-0.362
990,72,-0.331
999,72,-0.302
1008,72,-0.275
1017,72,-0.33
1026,72,-0.301
1035,72,-0.273
1044,72,-0.248
1053,72,-0.224
1062,72,-0.272
1071,72,-0.246
1080,72,-0.222
1089,72,-0.2
1098,72,-0.18
1107,72,-0.161
1116,72,-0.199
1125,72,-0.178
1134,72,-0.159
1143,72,-0.142
1152,72,-0.125
1161,72,-0.111
1170,72,-0.097
1179,72,-0.124
1188,72,-0.156
1197,72,-0.139
1206,72,-0.122
1215,72,-0.154
1224,72,-0.137
1233,72,-0.121
1242,72,-0.106
1251,72,-0.093
1260,72,-0.081
1269,72,-0.07
1278,72,-0.06
1287,72,-0.051
1296,72,-0.068
1305,72,-0.089
1314,72,-0.077
1323,72,-0.066
1332,72,-0.057
1341,72,-0.048
1350,72,-0.064
1359,72,-0.055
1368,72,-0.047
1377,72,-0.039
1386,72,-0.053
1395,72,-0.045
1404,72,-0.037
1413,72,-0.051
1422,72,-0.043
1431,72,-0.036
1440,72,-0.049
1449,72,-0.041
1458,72,-0.034
1467,72,-0.028
1476,72,-0.022
1485,72,-0.032
1494,72,-0.044
1503,72,-0.036
1512,72,-0.03
1521,72,-0.024
1530,72,-0.019
1539,72,-0.027
1548,72,-0.022
1557,72,-0.017
1566,72,-0.025
1575,72,-0.036
1584,72,-0.084
1593,72,-0.07
1602,72,-0.095
1611,72,-0.079
1620,72,-0.065
1629,72,-0.053
1638,72,-0.074
1647,72,-0.166
1656,72,-0.14
1665,72,-0.189
1674,72,-0.16
1683,72,-0.134
1692,72,-0.11
1701,72,-0.153
1710,72,-0.331
1719,72,-0.285
1728,72,-0.384
1737,72,-0.331
1746,72,-0.449
1755,72,-0.387
1764,72,-0.33
1773,72,-0.277
1782,72,-0.229
1791,72,-0.185
1800,72,-0.146
1809,72,-0.112
1818,72,-0.173
1827,72,-0.131
1836,72,-0.411
1845,72,-0.33
1854,72,-0.255
1863,72,-0.188
1872,72,-0.331
1881,72,-0.237
1890,72,-0.153
1899,72,-0.334
1908,72,-0.183
1917,72,-0.033
9,81,-0
18,81,-0
27,81,-0
36,81,-0
45,81,-0
54,81,-0
63,81,-0
72,81,-0
81,81,-0
90,81,0.008
99,81,0.005
108,81,0.004
117,81,0.016
126,81,0.011
135,81,0.008
144,81,0.022
153,81,0.046
162,81,0.035
171,81,0.026
180,81,0.05
189,81,0.083
198,81,0.066
207,81,0.052
216,81,0.083
225,81,0.067
234,81,0.054
243,81,0.083
252,81,0.12
261,81,0.1
270,81,0.14
279,81,0.188
288,81,0.16
297,81,0.136
306,81,0.114
315,81,0.096
324,81,0.08
333,81,0.066
342,81,0.223
351,81,0.193
360,81,0.245
369,81,0.213
378,81,0.185
387,81,0.16
396,81,0.138
405,81,0.178
414,81,0.154
423,81,0.133
432,81,0.244
441,81,0.298
450,81,0.264
459,81,0.234
468,81,0.206
477,81,0.181
486,81,0.224
495,81,0.197
504,81,0.243
513,81,0.215
522,81,0.19
531,81,0.167
540,81,0.146
549,81,0.127
558,81,0.223
567,81,0.198
576,81,0.241
585,81,0.214
594,81,0.19
603,81,0.168
612,81,0.148
621,81,0.129
630,81,0.161
639,81,0.142
648,81,0.124
657,81,0.109
666,81,0.136
675,81,0.119
684,81,0.205
693,81,0.182
702,81,0.221
711,81,0.443
720,81,0.404
729,81,0.367
738,81,0.333
747,81,0.301
756,81,0.272
765,81,0.412
774,81,0.375
783,81,0.341
792,81,0.309
801,81,0.279
810,81,0.328
819,81,0.383
828,81,0.444
837,81,0.406
846,81,0.37
855,81,0.429
864,81,0.392
873,81,0.453
882,81,0.414
891,81,0.378
900,81,0.344
909,81,0.4
918,81,0.365
927,81,0.423
936,81,0.387
945,81,0.352
954,81,0.409
963,81,0.373
972,81,-0.433
981,81,-0.395
990,81,-0.36
999,81,-0.327
1008,81,-0.297
1017,81,-0.348
1026,81,-0.316
1035,81,-0.286
1044,81,-0.258
1053,81,-0.232
1062,81,-0.275
1071,81,-0.247
1080,81,-0.222
1089,81,-0.199
1098,81,-0.177
1107,81,-0.213
1116,81,-0.254
1125,81,-0.228
1134,81,-0.204
1143,81,-0.181
1152,81,-0.161
1161,81,-0.142
1170,81,-0.125
1179,81,-0.153
1188,81,-0.186
1197,81,-0.164
1206,81,-0.145
1215,81,-0.177
1224,81,-0.156
1233,81,-0.137
1242,81,-0.12
1251,81,-0.105
1260,81,-0.091
1269,81,-0.078
1278,81,-0.067
1287,81,-0.057
1296,81,-0.073
1305,81,-0.092
1314,81,-0.079
1323,81,-0.099
1332,81,-0.086
1341,81,-0.073
1350,81,-0.093
1359,81,-0.079
1368,81,-0.067
1377,81,-0.057
1386,81,-0.073
1395,81,-0.062
1404,81,-0.052
1413,81,-0.067
1422,81,-0.056
1431,81,-0.047
1440,81,-0.061
1449,81,-0.051
1458,81,-0.042
1467,81,-0.055
1476,81,-0.046
1485,81,-0.06
1494,81,-0.078
1503,81,-0.065
1512,81,-0.054
1521,81,-0.044
1530,81,-0.036
1539,81,-0.048
1548,81,-0.039
1557,81,-0.031
1566,81,-0.042
1575,81,-0.056
1584,81,-0.117
1593,81,-0.097
1602,81,-0.191
1611,81,-0.163
1620,81,-0.137
1629,81,-0.115
1638,81,-0.149
1647,81,-0.287
1656,81,-0.247
1665,81,-0.314
1674,81,-0.27
1683,81,-0.23
1692,81,-0.194
1701,81,-0.252
1710,81,-0.485
1719,81,-0.422
1728,81,-0.541
1737,81,-0.471
1746,81,-0.61
1755,81,-0.531
1764,81,-0.457
1773,81,-0.388
1782,81,-0.324
1791,81,-0.266
1800,81,-0.213
1809,81,-0.166
1818,81,-0.24
1827,81,-0.185
1836,81,-0.511
1845,81,-0.413
1854,81,-0.322
1863,81,-0.24
1872,81,-0.396
1881,81,-0.286
1890,81,-0.186
1899,81,-0.376
1908,81,-0.207
1917,81,-0.037
9,90,-0
18,90,-0
27,90,-0
36,90,-0
45,90,-0
54,90,0.032
63,90,0.094
72,90,0.064
81,90,0.044
90,90,0.094
99,90,0.068
108,90,0.049
117,90,0.09
126,90,0.068
135,90,0.05
144,90,0.086
153,90,0.132
162,90,0.104
171,90,0.081
180,90,0.121
189,90,0.169
198,90,0.138
207,90,0.111
216,90,0.244
225,90,0.204
234,90,0.17
243,90,0.221
252,90,0.279
261,90,0.237
270,90,0.295
279,90,0.36
288,90,0.312
297,90,0.269
306,90,0.231
315,90,0.197
324,90,0.168
333,90,0.142
342,90,0.359
351,90,0.314
360,90,0.374
369,90,0.329
378,90,0.39
387,90,0.344
396,90,0.303
405,90,0.359
414,90,0.317
423,90,0.279
432,90,0.435
441,90,0.502
450,90,0.45
459,90,0.403
468,90,0.359
477,90,0.319
486,90,0.373
495,90,0.333
504,90,0.388
513,90,0.346
522,90,0.402
531,90,0.462
540,90,0.416
549,90,0.374
558,90,0.543
567,90,0.493
576,90,0.559
585,90,0.508
594,90,0.46
603,90,0.416
612,90,0.375
621,90,0.337
630,90,0.49
639,90,0.445
648,90,0.402
657,90,0.363
666,90,0.416
675,90,0.376
684,90,0.537
693,90,0.489
702,90,0.553
711,90,0.903
720,90,0.836
729,90,0.773
738,90,0.713
747,90,0.657
756,90,0.603
765,90,0.812
774,90,0.751
783,90,0.693
792,90,0.638
801,90,0.586
810,90,0.656
819,90,0.731
828,90,0.811
837,90,0.751
846,90,0.693
855,90,0.771
864,90,0.713
873,90,0.792
882,90,0.733
891,90,0.677
900,90,0.623
909,90,0.696
918,90,0.642
927,90,0.716
936,90,0.661
945,90,0.609
954,90,0.681
963,90,0.628
972,90,-0.701
981,90,-0.647
990,90,-0.595
999,90,-0.547
1008,90,-0.501
1017,90,-0.564
1026,90,-0.517
1035,90,-0.473
1044,90,-0.431
1053,90,-0.392
1062,90,-0.446
1071,90,-0.406
1080,90,-0.368
1089,90,-0.333
1098,90,-0.3
1107,90,-0.345
1116,90,-0.495
1125,90,-0.452
1134,90,-0.411
1143,90,-0.372
1152,90,-0.336
1161,90,-0.302
1170,90,-0.271
1179,90,-0.314
1188,90,-0.363
1197,90,-0.327
1206,90,-0.293
1215,90,-0.34
1224,90,-0.305
1233,90,-0.273
1242,90,-0.243
1251,90,-0.216
1260,90,-0.191
1269,90,-0.167
1278,90,-0.146
1287,90,-0.127
1296,90,-0.153
1305,90,-0.182
1314,90,-0.159
1323,90,-0.19
1332,90,-0.166
1341,90,-0.145
1350,90,-0.174
1359,90,-0.151
1368,90,-0.131
1377,90,-0.112
1386,90,-0.137
1395,90,-0.117
1404,90,-0.1
1413,90,-0.123
1422,90,-0.104
1431,90,-0.088
1440,90,-0.109
1449,90,-0.092
1458,90,-0.077
1467,90,-0.096
1476,90,-0.081
1485,90,-0.1
1494,90,-0.124
1503,90,-0.105
1512,90,-0.088
1521,90,-0.072
1530,90,-0.059
1539,90,-0.075
1548,90,-0.062
1557,90,-0.05
1566,90,-0.064
1575,90,-0.124
1584,90,-0.223
1593,90,-0.19
1602,90,-0.329
1611,90,-0.285
1620,90,-0.245
1629,90,-0.209
1638,90,-0.258
1647,90,-0.444
1656,90,-0.388
1665,90,-0.472
1674,90,-0.412
1683,90,-0.356
1692,90,-0.304
1701,90,-0.379
1710,90,-0.664
1719,90,-0.583
1728,90,-0.721
1737,90,-0.633
1746,90,-0.791
1755,90,-0.694
1764,90,-0.602
1773,90,-0.516
1782,90,-0.435
1791,90,-0.361
1800,90,-0.293
1809,90,-0.231
1818,90,-0.318
1827,90,-0.248
1836,90,-0.618
1845,90,-0.503
1854,90,-0.395
1863,90,-0.296
1872,90,-0.465
1881,90,-0.337
1890,90,-0.221
1899,90,-0.419
1908,90,-0.23
1917,90,-0.042
9,99,-0
18,99,-0
27,99,-0
36,99,-0
45,99,-0
54,99,0.025
63,99,0.072
72,99,0.048
81,99,0.031
90,99,0.068
99,99,0.047
108,99,0.033
117,99,0.062
126,99,0.101
135,99,0.075
144,99,0.114
153,99,0.161
162,99,0.127
171,99,0.099
180,99,0.138
189,99,0.184
198,99,0.149
207,99,0.119
216,99,0.245
225,99,0.203
234,99,0.167
243,99,0.212
252,99,0.37
261,99,0.316
270,99,0.376
279,99,0.441
288,99,0.382
297,99,0.33
306,99,0.283
315,99,0.243
324,99,0.206
333,99,0.175
342,99,0.399
351,99,0.46
360,99,0.525
369,99,0.464
378,99,0.529
387,99,0.469
396,99,0.415
405,99,0.474
414,99,0.42
423,99,0.372
432,99,0.541
441,99,0.608
450,99,0.546
459,99,0.489
468,99,0.436
477,99,0.388
486,99,0.442
495,99,0.394
504,99,0.447
513,99,0.399
522,99,0.452
531,99,0.509
540,99,0.458
549,99,0.41
558,99,0.575
567,99,0.52
576,99,0.58
585,99,0.525
594,99,0.474
603,99,0.427
612,99,0.48
621,99,0.432
630,99,0.597
639,99,0.542
648,99,0.491
657,99,0.444
666,99,0.497
675,99,0.449
684,99,0.615
693,99,0.56
702,99,0.621
711,99,0.969
720,99,0.895
729,99,0.826
738,99,0.76
747,99,0.698
756,99,0.64
765,99,0.84
774,99,0.775
783,99,0.712
792,99,0.654
801,99,0.72
810,99,0.79
819,99,0.864
828,99,0.942
837,99,0.872
846,99,0.806
855,99,0.881
864,99,0.814
873,99,0.89
882,99,0.823
891,99,0.759
900,99,0.699
909,99,0.768
918,99,0.708
927,99,0.777
936,99,0.716
945,99,0.658
954,99,0.725
963,99,0.667
972,99,-0.734
981,99,-0.676
990,99,-0.62
999,99,-0.568
1008,99,-0.518
1017,99,-0.576
1026,99,-0.526
1035,99,-0.478
1044,99,-0.434
1053,99,-0.393
1062,99,-0.441
1071,99,-0.399
1080,99,-0.36
1089,99,-0.323
1098,99,-0.289
1107,99,-0.328
1116,99,-0.462
1125,99,-0.418
1134,99,-0.378
1143,99,-0.339
1152,99,-0.304
1161,99,-0.271
1170,99,-0.241
1179,99,-0.276
1188,99,-0.314
1197,99,-0.28
1206,99,-0.249
1215,99,-0.363
1224,99,-0.325
1233,99,-0.29
1242,99,-0.257
1251,99,-0.227
1260,99,-0.2
1269,99,-0.175
1278,99,-0.152
1287,99,-0.131
1296,99,-0.154
1305,99,-0.18
1314,99,-0.156
1323,99,-0.183
1332,99,-0.159
1341,99,-0.137
1350,99,-0.161
1359,99,-0.139
1368,99,-0.119
1377,99,-0.101
1386,99,-0.12
1395,99,-0.102
1404,99,-0.086
1413,99,-0.103
1422,99,-0.087
1431,99,-0.072
1440,99,-0.087
1449,99,-0.073
1458,99,-0.06
1467,99,-0.073
1476,99,-0.089
1485,99,-0.107
1494,99,-0.129
1503,99,-0.108
1512,99,-0.13
1521,99,-0.109
1530,99,-0.09
1539,99,-0.11
1548,99,-0.091
1557,99,-0.074
1566,99,-0.091
1575,99,-0.162
1584,99,-0.272
1593,99,-0.233
1602,99,-0.38
1611,99,-0.33
1620,99,-0.284
1629,99,-0.242
1638,99,-0.29
1647,99,-0.475
1656,99,-0.414
1665,99,-0.492
1674,99,-0.584
1683,99,-0.511
1692,99,-0.442
1701,99,-0.531
1710,99,-0.866
1719,99,-0.767
1728,99,-0.921
1737,99,-0.814
1746,99,-0.988
1755,99,-0.872
1764,99,-0.762
1773,99,-0.658
1782,99,-0.559
1791,99,-0.468
1800,99,-0.384
1809,99,-0.307
1818,99,-0.405
1827,99,-0.319
1836,99,-0.731
1845,99,-0.597
1854,99,-0.472
1863,99,-0.356
1872,99,-0.536
1881,99,-0.39
1890,99,-0.257
1899,99,-0.462
1908,99,-0.254
1917,99,-0.046
9,108,-0
18,108,-0
27,108,-0
36,108,-0
45,108,-0
54,108,0.019
63,108,0.055
72,108,0.035
81,108,0.022
90,108,0.049
99,108,0.033
108,108,0.022
117,108,0.042
126,108,0.07
135,108,0.05
144,108,0.078
153,108,0.111
162,108,0.084
171,108,0.064
180,108,0.09
189,108,0.122
198,108,0.095
207,108,0.126
216,108,0.246
225,108,0.202
234,108,0.165
243,108,0.204
252,108,0.347
261,108,0.293
270,108,0.343
279,108,0.397
288,108,0.341
297,108,0.291
306,108,0.247
315,108,0.208
324,108,0.174
333,108,0.146
342,108,0.333
351,108,0.382
360,108,0.433
369,108,0.379
378,108,0.429
387,108,0.375
396,108,0.327
405,108,0.373
414,108,0.325
423,108,0.283
432,108,0.417
441,108,0.468
450,108,0.414
459,108,0.365
468,108,0.32
477,108,0.28
486,108,0.319
495,108,0.279
504,108,0.317
513,108,0.358
522,108,0.402
531,108,0.449
540,108,0.4
549,108,0.354
558,108,0.495
567,108,0.443
576,108,0.491
585,108,0.44
594,108,0.393
603,108,0.349
612,108,0.39
621,108,0.347
630,108,0.481
639,108,0.432
648,108,0.386
657,108,0.344
666,108,0.384
675,108,0.427
684,108,0.692
693,108,0.631
702,108,0.688
711,108,1.034
720,108,0.954
729,108,0.878
738,108,0.807
747,108,0.739
756,108,0.676
765,108,0.868
774,108,0.798
783,108,0.732
792,108,0.669
801,108,0.728
810,108,0.79
819,108,0.855
828,108,0.924
837,108,0.852
846,108,0.783
855,108,0.848
864,108,0.78
873,108,0.845
882,108,0.777
891,108,0.713
900,108,0.653
909,108,0.711
918,108,0.651
927,108,0.709
936,108,0.649
945,108,0.592
954,108,0.647
963,108,0.591
972,108,-0.646
981,108,-0.589
990,108,-0.536
999,108,-0.486
1008,108,-0.44
1017,108,-0.485
1026,108,-0.439
1035,108,-0.395
1044,108,-0.354
1053,108,-0.317
1062,108,-0.353
1071,108,-0.316
1080,108,-0.281
1089,108,-0.315
1098,108,-0.28
1107,108,-0.313
1116,108,-0.433
1125,108,-0.39
1134,108,-0.349
1143,108,-0.311
1152,108,-0.276
1161,108,-0.244
1170,108,-0.215
1179,108,-0.243
1188,108,-0.274
1197,108,-0.242
1206,108,-0.212
1215,108,-0.307
1224,108,-0.272
1233,108,-0.239
1242,108,-0.21
1251,108,-0.183
1260,108,-0.158
1269,108,-0.136
1278,108,-0.116
1287,108,-0.098
1296,108,-0.115
1305,108,-0.133
1314,108,-0.113
1323,108,-0.131
1332,108,-0.112
1341,108,-0.094
1350,108,-0.11
1359,108,-0.128
1368,108,-0.108
1377,108,-0.091
1386,108,-0.107
1395,108,-0.089
1404,108,-0.074
1413,108,-0.087
1422,108,-0.072
1431,108,-0.059
1440,108,-0.07
1449,108,-0.057
1458,108,-0.046
1467,108,-0.055
1476,108,-0.066
1485,108,-0.079
1494,108,-0.094
1503,108,-0.077
1512,108,-0.092
1521,108,-0.075
1530,108,-0.06
1539,108,-0.072
1548,108,-0.058
1557,108,-0.045
1566,108,-0.055
1575,108,-0.1
1584,108,-0.172
1593,108,-0.142
1602,108,-0.237
1611,108,-0.199
1620,108,-0.165
1629,108,-0.135
1638,108,-0.161
1647,108,-0.273
1656,108,-0.228
1665,108,-0.27
1674,108,-0.32
1683,108,-0.268
1692,108,-0.221
1701,108,-0.265
1710,108,-0.449
1719,108,-0.379
1728,108,-0.453
1737,108,-0.381
1746,108,-0.459
1755,108,-0.554
1764,108,-0.466
1773,108,-0.385
1782,108,-0.312
1791,108,-0.247
1800,108,-0.189
1809,108,-0.14
1818,108,-0.18
1827,108,-0.129
1836,108,-0.307
1845,108,-0.697
1854,108,-0.554
1863,108,-0.421
1872,108,-0.609
1881,108,-0.445
1890,108,-0.295
1899,108,-0.506
1908,108,-0.277
1917,108,-0.05
9,117,-0
18,117,-0
27,117,-0
36,117,-0
45,117,-0
54,117,0.014
63,117,0.042
72,117,0.026
81,117,0.016
90,117,0.035
99,117,0.023
108,117,0.014
117,117,0.028
126,117,0.048
135,117,0.033
144,117,0.052
153,117,0.075
162,117,0.055
171,117,0.04
180,117,0.058
189,117,0.079
198,117,0.06
207,117,0.08
216,117,0.247
225,117,0.201
234,117,0.162
243,117,0.196
252,117,0.326
261,117,0.272
270,117,0.315
279,117,0.36
288,117,0.305
297,117,0.257
306,117,0.215
315,117,0.179
324,117,0.148
333,117,0.121
342,117,0.279
351,117,0.318
360,117,0.359
369,117,0.309
378,117,0.448
387,117,0.39
396,117,0.339
405,117,0.379
414,117,0.329
423,117,0.285
432,117,0.41
441,117,0.454
450,117,0.399
459,117,0.349
468,117,0.304
477,117,0.264
486,117,0.297
495,117,0.257
504,117,0.369
513,117,0.408
522,117,0.449
531,117,0.493
540,117,0.438
549,117,0.388
558,117,0.526
567,117,0.469
576,117,0.513
585,117,0.458
594,117,0.407
603,117,0.361
612,117,0.398
621,117,0.352
630,117,0.58
639,117,0.521
648,117,0.467
657,117,0.417
666,117,0.457
675,117,0.499
684,117,0.771
693,117,0.702
702,117,0.755
711,117,1.098
720,117,1.012
729,117,0.93
738,117,0.853
747,117,0.78
756,117,0.711
765,117,0.896
774,117,0.821
783,117,0.751
792,117,0.685
801,117,0.737
810,117,0.792
819,117,0.849
828,117,0.909
837,117,0.834
846,117,0.764
855,117,0.82
864,117,0.751
873,117,0.806
882,117,0.738
891,117,0.674
900,117,0.726
909,117,0.78
918,117,0.714
927,117,0.768
936,117,0.702
945,117,0.64
954,117,0.69
963,117,0.629
972,117,-0.679
981,117,-0.618
990,117,-0.561
999,117,-0.508
1008,117,-0.458
1017,117,-0.499
1026,117,-0.449
1035,117,-0.403
1044,117,-0.36
1053,117,-0.32
1062,117,-0.353
1071,117,-0.314
1080,117,-0.277
1089,117,-0.307
1098,117,-0.271
1107,117,-0.3
1116,117,-0.408
1125,117,-0.365
1134,117,-0.324
1143,117,-0.287
1152,117,-0.252
1161,117,-0.28
1170,117,-0.246
1179,117,-0.274
1188,117,-0.303
1197,117,-0.267
1206,117,-0.234
1215,117,-0.328
1224,117,-0.362
1233,117,-0.321
1242,117,-0.283
1251,117,-0.248
1260,117,-0.276
1269,117,-0.242
1278,117,-0.21
1287,117,-0.182
1296,117,-0.204
1305,117,-0.229
1314,117,-0.198
1323,117,-0.223
1332,117,-0.192
1341,117,-0.165
1350,117,-0.186
1359,117,-0.21
1368,117,-0.18
1377,117,-0.154
1386,117,-0.174
1395,117,-0.148
1404,117,-0.125
1413,117,-0.143
1422,117,-0.12
1431,117,-0.099
1440,117,-0.114
1449,117,-0.095
1458,117,-0.077
1467,117,-0.09
1476,117,-0.104
1485,117,-0.12
1494,117,-0.138
1503,117,-0.114
1512,117,-0.132
1521,117,-0.108
1530,117,-0.088
1539,117,-0.103
1548,117,-0.083
1557,117,-0.066
1566,117,-0.077
1575,117,-0.131
1584,117,-0.211
1593,117,-0.176
1602,117,-0.278
1611,117,-0.234
1620,117,-0.194
1629,117,-0.159
1638,117,-0.185
1647,117,-0.299
1656,117,-0.25
1665,117,-0.289
1674,117,-0.335
1683,117,-0.279
1692,117,-0.229
1701,117,-0.269
1710,117,-0.44
1719,117,-0.368
1728,117,-0.432
1737,117,-0.359
1746,117,-0.423
1755,117,-0.501
1764,117,-0.415
1773,117,-0.337
1782,117,-0.267
1791,117,-0.206
1800,117,-0.154
1809,117,-0.11
1818,117,-0.137
1827,117,-0.094
1836,117,-0.218
1845,117,-0.485
1854,117,-0.365
1863,117,-0.259
1872,117,-0.351
1881,117,-0.23
1890,117,-0.13
1899,117,-0.549
1908,117,-0.301
1917,117,-0.055
9,126,-0
18,126,-0
27,126,-0
36,126,-0
45,126,-0
54,126,0.011
63,126,0.032
72,126,0.019
81,126,0.011
90,126,0.025
99,126,0.015
108,126,0.009
117,126,0.019
126,126,0.032
135,126,0.021
144,126,0.034
153,126,0.05
162,126,0.035
171,126,0.092
180,126,0.118
189,126,0.146
198,126,0.113
207,126,0.139
216,126,0.347
225,126,0.285
234,126,0.233
243,126,0.269
252,126,0.412
261,126,0.347
270,126,0.389
279,126,0.432
288,126,0.367
297,126,0.31
306,126,0.26
315,126,0.217
324,126,0.179
333,126,0.147
342,126,0.313
351,126,0.348
360,126,0.386
369,126,0.331
378,126,0.466
387,126,0.404
396,126,0.349
405,126,0.385
414,126,0.423
423,126,0.368
432,126,0.503
441,126,0.664
450,126,0.59
459,126,0.522
468,126,0.46
477,126,0.403
486,126,0.44
495,126,0.386
504,126,0.518
513,126,0.56
522,126,0.603
531,126,0.647
540,126,0.579
549,126,0.515
558,126,0.667
567,126,0.598
576,126,0.642
585,126,0.575
594,126,0.514
603,126,0.457
612,126,0.494
621,126,0.439
630,126,0.683
639,126,0.615
648,126,0.552
657,126,0.494
666,126,0.532
675,126,0.572
684,126,0.85
693,126,0.773
702,126,0.822
711,126,1.162
720,126,1.069
729,126,0.981
738,126,0.898
747,126,0.82
756,126,0.871
765,126,1.065
774,126,0.978
783,126,0.896
792,126,0.819
801,126,0.87
810,126,1.063
819,126,1.122
828,126,1.184
837,126,1.092
846,126,1.006
855,126,1.063
864,126,0.978
873,126,1.035
882,126,0.952
891,126,0.873
900,126,0.927
909,126,0.982
918,126,0.902
927,126,0.956
936,126,0.877
945,126,0.803
954,126,0.854
963,126,0.781
972,126,-0.831
981,126,-0.759
990,126,-0.691
999,126,-0.627
1008,126,-0.568
1017,126,-0.609
1026,126,-0.55
1035,126,-0.495
1044,126,-0.444
1053,126,-0.396
1062,126,-0.429
1071,126,-0.382
1080,126,-0.339
1089,126,-0.369
1098,126,-0.327
1107,126,-0.355
1116,126,-0.468
1125,126,-0.418
1134,126,-0.372
1143,126,-0.329
1152,126,-0.29
1161,126,-0.317
1170,126,-0.279
1179,126,-0.305
1188,126,-0.333
1197,126,-0.293
1206,126,-0.256
1215,126,-0.349
1224,126,-0.38
1233,126,-0.336
1242,126,-0.295
1251,126,-0.258
1260,126,-0.283
1269,126,-0.246
1278,126,-0.213
1287,126,-0.235
1296,126,-0.259
1305,126,-0.285
1314,126,-0.248
1323,126,-0.273
1332,126,-0.236
1341,126,-0.203
1350,126,-0.225
1359,126,-0.249
1368,126,-0.214
1377,126,-0.183
1386,126,-0.203
1395,126,-0.173
1404,126,-0.146
1413,126,-0.163
1422,126,-0.137
1431,126,-0.114
1440,126,-0.128
1449,126,-0.106
1458,126,-0.086
1467,126,-0.098
1476,126,-0.111
1485,126,-0.125
1494,126,-0.142
1503,126,-0.117
1512,126,-0.132
1521,126,-0.108
1530,126,-0.087
1539,126,-0.099
1548,126,-0.113
1557,126,-0.091
1566,126,-0.104
1575,126,-0.165
1584,126,-0.254
1593,126,-0.212
1602,126,-0.32
1611,126,-0.27
1620,126,-0.224
1629,126,-0.184
1638,126,-0.21
1647,126,-0.325
1656,126,-0.271
1665,126,-0.308
1674,126,-0.349
1683,126,-0.29
1692,126,-0.237
1701,126,-0.272
1710,126,-0.432
1719,126,-0.359
1728,126,-0.412
1737,126,-0.339
1746,126,-0.392
1755,126,-0.455
1764,126,-0.372
1773,126,-0.296
1782,126,-0.23
1791,126,-0.173
1800,126,-0.125
1809,126,-0.086
1818,126,-0.104
1827,126,-0.068
1836,126,-0.155
1845,126,-0.34
1854,126,-0.43
1863,126,-0.308
1872,126,-0.405
1881,126,-0.268
1890,126,-0.152
1899,126,-0.593
1908,126,-0.325
1917,126,-0.059
9,135,-0
18,135,-0
27,135,-0
36,135,-0
45,135,-0
54,135,0.008
63,135,0.025
72,135,0.014
81,135,0.008
90,135,0.018
99,135,0.01
108,135,0.006
117,135,0.012
126,135,0.021
135,135,0.014
144,135,0.022
153,135,0.033
162,135,0.022
171,135,0.061
180,135,0.079
189,135,0.099
198,135,0.074
207,135,0.092
216,135,0.247
225,135,0.198
234,135,0.157
243,135,0.183
252,135,0.29
261,135,0.238
270,135,0.268
279,135,0.299
288,135,0.247
297,135,0.203
306,135,0.166
315,135,0.134
324,135,0.107
333,135,0.085
342,135,0.197
351,135,0.221
360,135,0.246
369,135,0.206
378,135,0.301
387,135,0.254
396,135,0.214
405,135,0.237
414,135,0.262
423,135,0.222
432,135,0.315
441,135,0.43
450,135,0.373
459,135,0.322
468,135,0.277
477,135,0.236
486,135,0.259
495,135,0.221
504,135,0.309
513,135,0.336
522,135,0.364
531,135,0.393
540,135,0.342
549,135,0.297
558,135,0.399
567,135,0.349
576,135,0.377
585,135,0.329
594,135,0.286
603,135,0.247
612,135,0.269
621,135,0.232
630,135,0.39
639,135,0.342
648,135,0.298
657,135,0.259
666,135,0.281
675,135,0.305
684,135,0.486
693,135,0.432
702,135,0.462
711,135,0.692
720,135,0.623
729,135,0.559
738,135,0.5
747,135,0.445
756,135,0.476
765,135,0.602
774,135,0.54
783,135,0.483
792,135,0.43
801,135,0.548
810,135,0.684
819,135,0.724
828,135,0.765
837,135,0.693
846,135,0.626
855,135,0.774
864,135,0.702
873,135,0.743
882,135,0.673
891,135,0.607
900,135,0.644
909,135,0.682
918,135,0.617
927,135,0.654
936,135,0.59
945,135,0.53
954,135,0.664
963,135,0.6
972,135,-0.636
981,135,-0.574
990,135,-0.515
999,135,-0.461
1008,135,-0.41
1017,135,-0.439
1026,135,-0.39
1035,135,-0.345
1044,135,-0.304
1053,135,-0.266
1062,135,-0.287
1071,135,-0.251
1080,135,-0.218
1089,135,-0.236
1098,135,-0.204
1107,135,-0.222
1116,135,-0.299
1125,135,-0.261
1134,135,-0.227
1143,135,-0.196
1152,135,-0.168
1161,135,-0.183
1170,135,-0.156
1179,135,-0.171
1188,135,-0.187
1197,135,-0.159
1206,135,-0.135
1215,135,-0.191
1224,135,-0.208
1233,135,-0.178
1242,135,-0.151
1251,135,-0.127
1260,135,-0.14
1269,135,-0.118
1278,135,-0.098
1287,135,-0.108
1296,135,-0.119
1305,135,-0.132
1314,135,-0.11
1323,135,-0.121
1332,135,-0.101
1341,135,-0.082
1350,135,-0.092
1359,135,-0.102
1368,135,-0.083
1377,135,-0.067
1386,135,-0.075
1395,135,-0.06
1404,135,-0.048
1413,135,-0.054
1422,135,-0.042
1431,135,-0.033
1440,135,-0.054
1449,135,-0.042
1458,135,-0.032
1467,135,-0.037
1476,135,-0.042
1485,135,-0.047
1494,135,-0.053
1503,135,-0.041
1512,135,-0.047
1521,135,-0.036
1530,135,-0.027
1539,135,-0.03
1548,135,-0.035
1557,135,-0.026
1566,135,-0.029
1575,135,-0.051
1584,135,-0.084
1593,135,-0.065
1602,135,-0.107
1611,135,-0.083
1620,135,-0.064
1629,135,-0.048
1638,135,-0.054
1647,135,-0.093
1656,135,-0.105
1665,135,-0.119
1674,135,-0.135
1683,135,-0.104
1692,135,-0.078
1701,135,-0.089
1710,135,-0.152
1719,135,-0.173
1728,135,-0.197
1737,135,-0.151
1746,135,-0.173
1755,135,-0.198
1764,135,-0.149
1773,135,-0.108
1782,135,-0.126
1791,135,-0.088
1800,135,-0.058
1809,135,-0.036
1818,135,-0.08
1827,135,-0.049
1836,135,-0.11
1845,135,-0.238
1854,135,-0.29
1863,135,-0.193
1872,135,-0.24
1881,135,-0.14
1890,135,-0.067
1899,135,-0.637
1908,135,-0.349
1917,135,-0.063
9,144,-0
18,144,-0
27,144,-0
36,144,-0
45,144,-0
54,144,0.006
63,144,0.019
72,144,0.01
81,144,0.005
90,144,0.037
99,144,0.056
108,144,0.036
117,144,0.052
126,144,0.07
135,144,0.048
144,144,0.064
153,144,0.081
162,144,0.058
171,144,0.122
180,144,0.145
189,144,0.169
198,144,0.129
207,144,0.15
216,144,0.341
225,144,0.276
234,144,0.222
243,144,0.248
252,144,0.367
261,144,0.303
270,144,0.332
279,144,0.361
288,144,0.3
297,144,0.247
306,144,0.202
315,144,0.164
324,144,0.132
333,144,0.105
342,144,0.225
351,144,0.247
360,144,0.27
369,144,0.225
378,144,0.318
387,144,0.268
396,144,0.225
405,144,0.245
414,144,0.267
423,144,0.225
432,144,0.313
441,144,0.42
450,144,0.362
459,144,0.31
468,144,0.265
477,144,0.224
486,144,0.243
495,144,0.206
504,144,0.355
513,144,0.38
522,144,0.405
531,144,0.432
540,144,0.376
549,144,0.326
558,144,0.427
567,144,0.373
576,144,0.397
585,144,0.346
594,144,0.369
603,144,0.321
612,144,0.343
621,144,0.298
630,144,0.471
639,144,0.415
648,144,0.363
657,144,0.317
666,144,0.338
675,144,0.361
684,144,0.551
693,144,0.489
702,144,0.517
711,144,0.75
720,144,0.675
729,144,0.606
738,144,0.541
747,144,0.481
756,144,0.508
765,144,0.631
774,144,0.566
783,144,0.504
792,144,0.448
801,144,0.561
810,144,0.691
819,144,0.725
828,144,0.76
837,144,0.686
846,144,0.618
855,144,0.755
864,144,0.682
873,144,0.716
882,144,0.645
891,144,0.58
900,144,0.61
909,144,0.642
918,144,0.576
927,144,0.607
936,144,0.544
945,144,0.486
954,144,0.604
963,144,0.541
972,144,-0.571
981,144,-0.511
990,144,-0.455
999,144,-0.403
1008,144,-0.355
1017,144,-0.378
1026,144,-0.332
1035,144,-0.291
1044,144,-0.31
1053,144,-0.27
1062,144,-0.289
1071,144,-0.251
1080,144,-0.217
1089,144,-0.232
1098,144,-0.2
1107,144,-0.215
1116,144,-0.285
1125,144,-0.247
1134,144,-0.213
1143,144,-0.182
1152,144,-0.196
1161,144,-0.211
1170,144,-0.181
1179,144,-0.194
1188,144,-0.209
1197,144,-0.179
1206,144,-0.151
1215,144,-0.207
1224,144,-0.223
1233,144,-0.19
1242,144,-0.161
1251,144,-0.136
1260,144,-0.147
1269,144,-0.123
1278,144,-0.133
1287,144,-0.145
1296,144,-0.157
1305,144,-0.17
1314,144,-0.142
1323,144,-0.154
1332,144,-0.129
1341,144,-0.106
1350,144,-0.152
1359,144,-0.211
1368,144,-0.178
1377,144,-0.149
1386,144,-0.162
1395,144,-0.134
1404,144,-0.11
1413,144,-0.12
1422,144,-0.098
1431,144,-0.079
1440,144,-0.117
1449,144,-0.095
1458,144,-0.076
1467,144,-0.083
1476,144,-0.091
1485,144,-0.1
1494,144,-0.11
1503,144,-0.088
1512,144,-0.096
1521,144,-0.076
1530,144,-0.059
1539,144,-0.065
1548,144,-0.072
1557,144,-0.055
1566,144,-0.062
1575,144,-0.097
1584,144,-0.149
1593,144,-0.118
1602,144,-0.179
1611,144,-0.143
1620,144,-0.113
1629,144,-0.087
1638,144,-0.096
1647,144,-0.152
1656,144,-0.168
1665,144,-0.186
1674,144,-0.205
1683,144,-0.162
1692,144,-0.124
1701,144,-0.138
1710,144,-0.221
1719,144,-0.246
1728,144,-0.274
1737,144,-0.214
1746,144,-0.24
1755,144,-0.269
1764,144,-0.206
1773,144,-0.153
1782,144,-0.173
1791,144,-0.123
1800,144,-0.084
1809,144,-0.054
1818,144,-0.109
1827,144,-0.069
1836,144,-0.143
1845,144,-0.289
1854,144,-0.343
1863,144,-0.231
1872,144,-0.28
1881,144,-0.166
1890,144,-0.08
1899,144,-0.681
1908,144,-0.374
1917,144,-0.068
9,153,-0
18,153,-0
27,153,-0
36,153,-0
45,153,-0
54,153,0.005
63,153,0.014
72,153,0.007
81,153,0.004
90,153,0.027
99,153,0.041
108,153,0.025
117,153,0.037
126,153,0.05
135,153,0.033
144,153,0.044
153,153,0.056
162,153,0.038
171,153,0.085
180,153,0.101
189,153,0.118
198,153,0.088
207,153,0.102
216,153,0.248
225,153,0.195
234,153,0.152
243,153,0.171
252,153,0.347
261,153,0.284
270,153,0.307
279,153,0.331
288,153,0.272
297,153,0.222
306,153,0.179
315,153,0.143
324,153,0.113
333,153,0.089
342,153,0.19
351,153,0.207
360,153,0.225
369,153,0.185
378,153,0.262
387,153,0.218
396,153,0.179
405,153,0.195
414,153,0.211
423,153,0.174
432,153,0.245
441,153,0.331
450,153,0.281
459,153,0.236
468,153,0.198
477,153,0.164
486,153,0.178
495,153,0.147
504,153,0.262
513,153,0.279
522,153,0.297
531,153,0.316
540,153,0.27
549,153,0.229
558,153,0.306
567,153,0.261
576,153,0.278
585,153,0.237
594,153,0.313
603,153,0.269
612,153,0.286
621,153,0.303
630,153,0.47
639,153,0.412
648,153,0.359
657,153,0.311
666,153,0.329
675,153,0.348
684,153,0.524
693,153,0.463
702,153,0.485
711,153,0.699
720,153,0.625
729,153,0.557
738,153,0.494
747,153,0.436
756,153,0.457
765,153,0.565
774,153,0.502
783,153,0.444
792,153,0.391
801,153,0.488
810,153,0.6
819,153,0.626
828,153,0.653
837,153,0.584
846,153,0.52
855,153,0.636
864,153,0.569
873,153,0.594
882,153,0.53
891,153,0.471
900,153,0.493
909,153,0.516
918,153,0.458
927,153,0.48
936,153,0.425
945,153,0.374
954,153,0.551
963,153,0.49
972,153,-0.514
981,153,-0.456
990,153,-0.478
999,153,-0.423
1008,153,-0.372
1017,153,-0.391
1026,153,-0.343
1035,153,-0.299
1044,153,-0.316
1053,153,-0.274
1062,153,-0.29
1071,153,-0.251
1080,153,-0.216
1089,153,-0.229
1098,153,-0.196
1107,153,-0.208
1116,153,-0.332
1125,153,-0.288
1134,153,-0.249
1143,153,-0.213
1152,153,-0.227
1161,153,-0.241
1170,153,-0.206
1179,153,-0.219
1188,153,-0.232
1197,153,-0.198
1206,153,-0.168
1215,153,-0.224
1224,153,-0.238
1233,153,-0.203
1242,153,-0.171
1251,153,-0.144
1260,153,-0.154
1269,153,-0.128
1278,153,-0.137
1287,153,-0.147
1296,153,-0.157
1305,153,-0.168
1314,153,-0.14
1323,153,-0.15
1332,153,-0.124
1341,153,-0.101
1350,153,-0.142
1359,153,-0.195
1368,153,-0.208
1377,153,-0.175
1386,153,-0.187
1395,153,-0.155
1404,153,-0.127
1413,153,-0.137
1422,153,-0.111
1431,153,-0.09
1440,153,-0.129
1449,153,-0.104
1458,153,-0.083
1467,153,-0.09
1476,153,-0.097
1485,153,-0.105
1494,153,-0.113
1503,153,-0.09
1512,153,-0.097
1521,153,-0.076
1530,153,-0.059
1539,153,-0.064
1548,153,-0.069
1557,153,-0.052
1566,153,-0.057
1575,153,-0.088
1584,153,-0.133
1593,153,-0.104
1602,153,-0.156
1611,153,-0.123
1620,153,-0.095
1629,153,-0.071
1638,153,-0.078
1647,153,-0.122
1656,153,-0.132
1665,153,-0.144
1674,153,-0.157
1683,153,-0.12
1692,153,-0.089
1701,153,-0.097
1710,153,-0.156
1719,153,-0.171
1728,153,-0.187
1737,153,-0.14
1746,153,-0.226
1755,153,-0.248
1764,153,-0.187
1773,153,-0.136
1782,153,-0.151
1791,153,-0.105
1800,153,-0.069
1809,153,-0.076
1818,153,-0.143
1827,153,-0.093
1836,153,-0.181
1845,153,-0.344
1854,153,-0.401
1863,153,-0.272
1872,153,-0.322
1881,153,-0.193
1890,153,-0.095
1899,153,-0.725
1908,153,-0.398
1917,153,-0.072
9,162,-0
18,162,-0
27,162,-0
36,162,-0
45,162,-0
54,162,0.003
63,162,0.011
72,162,0.005
81,162,0.003
90,162,0.02
99,162,0.03
108,162,0.018
117,162,0.026
126,162,0.035
135,162,0.022
144,162,0.03
153,162,0.038
162,162,0.025
171,162,0.058
180,162,0.07
189,162,0.081
198,162,0.058
207,162,0.068
216,162,0.177
225,162,0.135
234,162,0.102
243,162,0.115
252,162,0.248
261,162,0.197
270,162,0.286
279,162,0.305
288,162,0.248
297,162,0.199
306,162,0.159
315,162,0.172
324,162,0.137
333,162,0.107
342,162,0.215
351,162,0.231
360,162,0.316
369,162,0.262
378,162,0.352
387,162,0.295
396,162,0.245
405,162,0.261
414,162,0.276
423,162,0.23
432,162,0.383
441,162,0.489
450,162,0.42
459,162,0.359
468,162,0.305
477,162,0.257
486,162,0.272
495,162,0.229
504,162,0.372
513,162,0.389
522,162,0.407
531,162,0.425
540,162,0.367
549,162,0.315
558,162,0.401
567,162,0.346
576,162,0.363
585,162,0.312
594,162,0.396
603,162,0.342
612,162,0.358
621,162,0.375
630,162,0.554
639,162,0.487
648,162,0.506
657,162,0.444
666,162,0.462
675,162,0.481
684,162,0.685
693,162,0.609
702,162,0.631
711,162,0.99
720,162,0.894
729,162,0.805
738,162,0.722
747,162,0.645
756,162,0.667
765,162,0.795
774,162,0.713
783,162,0.637
792,162,0.659
801,162,0.786
810,162,0.926
819,162,0.954
828,162,0.983
837,162,0.89
846,162,0.803
855,162,0.945
864,162,0.856
873,162,0.882
882,162,0.797
891,162,0.716
900,162,0.741
909,162,0.765
918,162,0.687
927,162,0.711
936,162,0.637
945,162,0.66
954,162,0.898
963,162,0.812
972,162,-0.839
981,162,-0.756
990,162,-0.782
999,162,-0.703
1008,162,-0.63
1017,162,-0.653
1026,162,-0.582
1035,162,-0.517
1044,162,-0.538
1053,162,-0.476
1062,162,-0.495
1071,162,-0.437
1080,162,-0.455
1089,162,-0.473
1098,162,-0.416
1107,162,-0.434
1116,162,-0.623
1125,162,-0.554
1134,162,-0.491
1143,162,-0.432
1152,162,-0.45
1161,162,-0.469
1170,162,-0.412
1179,162,-0.43
1188,162,-0.448
1197,162,-0.392
1206,162,-0.341
1215,162,-0.428
1224,162,-0.447
1233,162,-0.39
1242,162,-0.339
1251,162,-0.292
1260,162,-0.306
1269,162,-0.263
1278,162,-0.276
1287,162,-0.289
1296,162,-0.304
1305,162,-0.319
1314,162,-0.273
1323,162,-0.287
1332,162,-0.244
1341,162,-0.205
1350,162,-0.27
1359,162,-0.348
1368,162,-0.365
1377,162,-0.314
1386,162,-0.329
1395,162,-0.281
1404,162,-0.237
1413,162,-0.25
1422,162,-0.209
1431,162,-0.173
1440,162,-0.233
1449,162,-0.193
1458,162,-0.159
1467,162,-0.168
1476,162,-0.178
1485,162,-0.189
1494,162,-0.2
1503,162,-0.163
1512,162,-0.173
1521,162,-0.14
1530,162,-0.111
1539,162,-0.118
1548,162,-0.126
1557,162,-0.098
1566,162,-0.105
1575,162,-0.152
1584,162,-0.214
1593,162,-0.172
1602,162,-0.242
1611,162,-0.195
1620,162,-0.154
1629,162,-0.12
1638,162,-0.128
1647,162,-0.188
1656,162,-0.201
1665,162,-0.215
1674,162,-0.23
1683,162,-0.18
1692,162,-0.137
1701,162,-0.147
1710,162,-0.222
1719,162,-0.239
1728,162,-0.257
1737,162,-0.197
1746,162,-0.3
1755,162,-0.325
1764,162,-0.249
1773,162,-0.185
1782,162,-0.201
1791,162,-0.142
1800,162,-0.096
1809,162,-0.103
1818,162,-0.184
1827,162,-0.122
1836,162,-0.223
1845,162,-0.404
1854,162,-0.462
1863,162,-0.317
1872,162,-0.367
1881,162,-0.223
1890,162,-0.111
1899,162,-0.77
1908,162,-0.422
1917,162,-0.077
9,171,-0
18,171,-0
27,171,-0
36,171,0.015
45,171,0.006
54,171,0.017
63,171,0.031
72,171,0.016
81,171,0.008
90,171,0.038
99,171,0.05
108,171,0.03
117,171,0.04
126,171,0.05
135,171,0.032
144,171,0.04
153,171,0.085
162,171,0.058
171,171,0.11
180,171,0.124
189,171,0.137
198,171,0.1
207,171,0.112
216,171,0.248
225,171,0.193
234,171,0.148
243,171,0.16
252,171,0.313
261,171,0.251
270,171,0.346
279,171,0.363
288,171,0.296
297,171,0.239
306,171,0.253
315,171,0.267
324,171,0.216
333,171,0.173
342,171,0.309
351,171,0.324
360,171,0.421
369,171,0.353
378,171,0.454
387,171,0.383
396,171,0.322
405,171,0.336
414,171,0.35
423,171,0.293
432,171,0.461
441,171,0.572
450,171,0.493
459,171,0.423
468,171,0.361
477,171,0.305
486,171,0.318
495,171,0.268
504,171,0.418
513,171,0.433
522,171,0.448
531,171,0.55
540,171,0.478
549,171,0.413
558,171,0.509
567,171,0.442
576,171,0.457
585,171,0.395
594,171,0.487
603,171,0.423
612,171,0.438
621,171,0.452
630,171,0.643
639,171,0.567
648,171,0.584
657,171,0.513
666,171,0.529
675,171,0.545
684,171,0.754
693,171,0.671
702,171,0.689
711,171,1.051
720,171,1.074
729,171,0.97
738,171,0.874
747,171,0.784
756,171,0.803
765,171,0.938
774,171,0.844
783,171,0.757
792,171,0.776
801,171,0.907
810,171,1.051
819,171,1.075
828,171,1.099
837,171,0.997
846,171,0.901
855,171,1.044
864,171,0.945
873,171,0.968
882,171,0.875
891,171,0.787
900,171,0.807
909,171,0.828
918,171,0.744
927,171,0.764
936,171,0.684
945,171,0.703
954,171,0.939
963,171,0.848
972,171,-0.87
981,171,-0.783
990,171,-0.804
999,171,-0.722
1008,171,-0.645
1017,171,-0.663
1026,171,-0.591
1035,171,-0.523
1044,171,-0.626
1053,171,-0.556
1062,171,-0.573
1071,171,-0.507
1080,171,-0.523
1089,171,-0.54
1098,171,-0.476
1107,171,-0.491
1116,171,-0.686
1125,171,-0.61
1134,171,-0.541
1143,171,-0.476
1152,171,-0.492
1161,171,-0.508
1170,171,-0.446
1179,171,-0.461
1188,171,-0.477
1197,171,-0.417
1206,171,-0.362
1215,171,-0.447
1224,171,-0.463
1233,171,-0.403
1242,171,-0.349
1251,171,-0.3
1260,171,-0.312
1269,171,-0.266
1278,171,-0.277
1287,171,-0.288
1296,171,-0.299
1305,171,-0.311
1314,171,-0.264
1323,171,-0.275
1332,171,-0.232
1341,171,-0.194
1350,171,-0.252
1359,171,-0.323
1368,171,-0.406
1377,171,-0.349
1386,171,-0.363
1395,171,-0.309
1404,171,-0.261
1413,171,-0.272
1422,171,-0.228
1431,171,-0.188
1440,171,-0.248
1449,171,-0.206
1458,171,-0.168
1467,171,-0.176
1476,171,-0.184
1485,171,-0.193
1494,171,-0.202
1503,171,-0.164
1512,171,-0.172
1521,171,-0.137
1530,171,-0.108
1539,171,-0.113
1548,171,-0.119
1557,171,-0.092
1566,171,-0.097
1575,171,-0.138
1584,171,-0.192
1593,171,-0.152
1602,171,-0.212
1611,171,-0.168
1620,171,-0.131
1629,171,-0.099
1638,171,-0.145
1647,171,-0.206
1656,171,-0.217
1665,171,-0.229
1674,171,-0.242
1683,171,-0.188
1692,171,-0.143
1701,171,-0.21
1710,171,-0.302
1719,171,-0.321
1728,171,-0.341
1737,171,-0.265
1746,171,-0.387
1755,171,-0.413
1764,171,-0.321
1773,171,-0.242
1782,171,-0.259
1791,171,-0.187
1800,171,-0.129
1809,171,-0.137
1818,171,-0.231
1827,171,-0.155
1836,171,-0.271
1845,171,-0.468
1854,171,-0.526
1863,171,-0.365
1872,171,-0.415
1881,171,-0.254
1890,171,-0.128
1899,171,-0.815
1908,171,-0.447
1917,171,-0.081
9,180,-0
18,180,-0
27,180,-0
36,180,0.012
45,180,0.005
54,180,0.014
63,180,0.024
72,180,0.012
81,180,0.006
90,180,0.028
99,180,0.038
108,180,0.022
117,180,0.029
126,180,0.036
135,180,0.022
144,180,0.028
153,180,0.061
162,180,0.04
171,180,0.079
180,180,0.088
189,180,0.097
198,180,0.069
207,180,0.076
216,180,0.18
225,180,0.136
234,180,0.101
243,180,0.109
252,180,0.225
261,180,0.175
270,180,0.248
279,180,0.259
288,180,0.206
297,180,0.161
306,180,0.17
315,180,0.179
324,180,0.141
333,180,0.149
342,180,0.268
351,180,0.278
360,180,0.361
369,180,0.299
378,180,0.385
387,180,0.32
396,180,0.265
405,180,0.275
414,180,0.285
423,180,0.235
432,180,0.375
441,180,0.467
450,180,0.397
459,180,0.335
468,180,0.281
477,180,0.233
486,180,0.242
495,180,0.2
504,180,0.319
513,180,0.329
522,180,0.339
531,180,0.42
540,180,0.359
549,180,0.305
558,180,0.38
567,180,0.324
576,180,0.333
585,180,0.283
594,180,0.353
603,180,0.3
612,180,0.31
621,180,0.319
630,180,0.466
639,180,0.403
648,180,0.414
657,180,0.357
666,180,0.366
675,180,0.376
684,180,0.536
693,180,0.548
702,180,0.561
711,180,0.87
720,180,0.885
729,180,0.791
738,180,0.704
747,180,0.718
756,180,0.733
765,180,0.852
774,180,0.762
783,180,0.678
792,180,0.792
801,180,0.916
810,180,1.052
819,180,1.07
828,180,1.088
837,180,0.984
846,180,0.886
855,180,1.019
864,180,0.919
873,180,0.936
882,180,0.842
891,180,0.754
900,180,0.77
909,180,0.785
918,180,0.701
927,180,0.716
936,180,0.637
945,180,0.651
954,180,0.867
963,180,0.778
972,180,-0.794
981,180,-0.709
990,180,-0.725
999,180,-0.645
1008,180,-0.572
1017,180,-0.585
1026,180,-0.516
1035,180,-0.453
1044,180,-0.541
1053,180,-0.476
1062,180,-0.488
1071,180,-0.426
1080,180,-0.437
1089,180,-0.449
1098,180,-0.391
1107,180,-0.401
1116,180,-0.564
1125,180,-0.496
1134,180,-0.434
1143,180,-0.377
1152,180,-0.387
1161,180,-0.397
1170,180,-0.343
1179,180,-0.353
1188,180,-0.363
1197,180,-0.312
1206,180,-0.266
1215,180,-0.33
1224,180,-0.339
1233,180,-0.29
1242,180,-0.246
1251,180,-0.207
1260,180,-0.213
1269,180,-0.22
1278,180,-0.227
1287,180,-0.234
1296,180,-0.241
1305,180,-0.249
1314,180,-0.208
1323,180,-0.215
1332,180,-0.178
1341,180,-0.146
1350,180,-0.19
1359,180,-0.299
1368,180,-0.374
1377,180,-0.318
1386,180,-0.328
1395,180,-0.277
1404,180,-0.231
1413,180,-0.238
1422,180,-0.197
1431,180,-0.203
1440,180,-0.263
1449,180,-0.217
1458,180,-0.178
1467,180,-0.232
1476,180,-0.24
1485,180,-0.249
1494,180,-0.257
1503,180,-0.211
1512,180,-0.218
1521,180,-0.176
1530,180,-0.14
1539,180,-0.145
1548,180,-0.15
1557,180,-0.117
1566,180,-0.121
1575,180,-0.167
1584,180,-0.226
1593,180,-0.18
1602,180,-0.243
1611,180,-0.193
1620,180,-0.151
1629,180,-0.115
1638,180,-0.162
1647,180,-0.295
1656,180,-0.307
1665,180,-0.319
1674,180,-0.333
1683,180,-0.264
1692,180,-0.205
1701,180,-0.288
1710,180,-0.398
1719,180,-0.417
1728,180,-0.438
1737,180,-0.346
1746,180,-0.485
1755,180,-0.513
1764,180,-0.404
1773,180,-0.309
1782,180,-0.326
1791,180,-0.24
1800,180,-0.168
1809,180,-0.176
1818,180,-0.283
1827,180,-0.194
1836,180,-0.323
1845,180,-0.536
1854,180,-0.595
1863,180,-0.416
1872,180,-0.465
1881,180,-0.287
1890,180,-0.147
1899,180,-0.86
1908,180,-0.472
1917,180,-0.086
9,189,-0
18,189,-0
27,189,-0
36,189,0.01
45,189,0.004
54,189,0.011
63,189,0.019
72,189,0.009
81,189,0.004
90,189,0.049
99,189,0.059
108,189,0.035
117,189,0.043
126,189,0.089
135,189,0.058
144,189,0.066
153,189,0.118
162,189,0.081
171,189,0.137
180,189,0.146
189,189,0.155
198,189,0.113
207,189,0.12
216,189,0.248
225,189,0.19
234,189,0.143
243,189,0.151
252,189,0.284
261,189,0.223
270,189,0.301
279,189,0.31
288,189,0.318
297,189,0.255
306,189,0.263
315,189,0.271
324,189,0.217
333,189,0.224
342,189,0.368
351,189,0.376
360,189,0.47
369,189,0.392
378,189,0.486
387,189,0.409
396,189,0.341
405,189,0.348
414,189,0.356
423,189,0.296
432,189,0.449
441,189,0.545
450,189,0.465
459,189,0.394
468,189,0.331
477,189,0.276
486,189,0.283
495,189,0.235
504,189,0.36
513,189,0.368
522,189,0.375
531,189,0.456
540,189,0.39
549,189,0.331
558,189,0.405
567,189,0.344
576,189,0.351
585,189,0.297
594,189,0.365
603,189,0.31
612,189,0.317
621,189,0.323
630,189,0.466
639,189,0.401
648,189,0.409
657,189,0.35
666,189,0.357
675,189,0.364
684,189,0.514
693,189,0.522
702,189,0.53
711,189,0.817
720,189,0.828
729,189,0.736
738,189,0.651
747,189,0.66
756,189,0.669
765,189,0.776
774,189,0.688
783,189,0.608
792,189,0.708
801,189,0.817
810,189,0.937
819,189,0.948
828,189,0.96
837,189,0.861
846,189,0.769
855,189,0.884
864,189,0.791
873,189,0.802
882,189,0.714
891,189,0.633
900,189,0.643
909,189,0.652
918,189,0.576
927,189,0.586
936,189,0.515
945,189,0.523
954,189,0.703
963,189,0.624
972,189,-0.633
981,189,-0.559
990,189,-0.654
999,189,-0.578
1008,189,-0.508
1017,189,-0.516
1026,189,-0.451
1035,189,-0.392
1044,189,-0.543
1053,189,-0.476
1062,189,-0.484
1071,189,-0.422
1080,189,-0.43
1089,189,-0.438
1098,189,-0.379
1107,189,-0.386
1116,189,-0.538
1125,189,-0.471
1134,189,-0.409
1143,189,-0.353
1152,189,-0.36
1161,189,-0.367
1170,189,-0.314
1179,189,-0.321
1188,189,-0.327
1197,189,-0.334
1206,189,-0.284
1215,189,-0.347
1224,189,-0.354
1233,189,-0.302
1242,189,-0.256
1251,189,-0.214
1260,189,-0.219
1269,189,-0.224
1278,189,-0.229
1287,189,-0.234
1296,189,-0.239
1305,189,-0.244
1314,189,-0.203
1323,189,-0.208
1332,189,-0.171
1341,189,-0.139
1350,189,-0.179
1359,189,-0.278
1368,189,-0.345
1377,189,-0.291
1386,189,-0.297
1395,189,-0.248
1404,189,-0.205
1413,189,-0.209
1422,189,-0.214
1431,189,-0.219
1440,189,-0.278
1449,189,-0.229
1458,189,-0.187
1467,189,-0.24
1476,189,-0.246
1485,189,-0.252
1494,189,-0.258
1503,189,-0.21
1512,189,-0.215
1521,189,-0.172
1530,189,-0.136
1539,189,-0.139
1548,189,-0.142
1557,189,-0.11
1566,189,-0.112
1575,189,-0.153
1584,189,-0.204
1593,189,-0.16
1602,189,-0.214
1611,189,-0.168
1620,189,-0.128
1629,189,-0.096
1638,189,-0.134
1647,189,-0.244
1656,189,-0.251
1665,189,-0.258
1674,189,-0.265
1683,189,-0.205
1692,189,-0.155
1701,189,-0.29
1710,189,-0.393
1719,189,-0.407
1728,189,-0.422
1737,189,-0.331
1746,189,-0.456
1755,189,-0.476
1764,189,-0.37
1773,189,-0.278
1782,189,-0.289
1791,189,-0.207
1800,189,-0.214
1809,189,-0.221
1818,189,-0.342
1827,189,-0.237
1836,189,-0.38
1845,189,-0.608
1854,189,-0.666
1863,189,-0.469
1872,189,-0.517
1881,189,-0.322
1890,189,-0.166
1899,189,-0.905
1908,189,-0.497
1917,189,-0.09
9,198,-0
18,198,-0
27,198,-0
36,198,0.008
45,198,0.003
54,198,0.008
63,198,0.015
72,198,0.007
81,198,0.003
90,198,0.037
99,198,0.086
108,198,0.052
117,198,0.06
126,198,0.113
135,198,0.074
144,198,0.081
153,198,0.136
162,198,0.094
171,198,0.151
180,198,0.157
189,198,0.229
198,198,0.17
207,198,0.177
216,198,0.328
225,198,0.254
234,198,0.194
243,198,0.2
252,198,0.349
261,198,0.276
270,198,0.36
279,198,0.365
288,198,0.369
297,198,0.297
306,198,0.302
315,198,0.307
324,198,0.246
333,198,0.251
342,198,0.398
351,198,0.403
360,198,0.494
369,198,0.412
378,198,0.502
387,198,0.421
396,198,0.35
405,198,0.354
414,198,0.359
423,198,0.297
432,198,0.443
441,198,0.533
450,198,0.452
459,198,0.381
468,198,0.318
477,198,0.264
486,198,0.268
495,198,0.22
504,198,0.335
513,198,0.34
522,198,0.344
531,198,0.416
540,198,0.352
549,198,0.296
558,198,0.361
567,198,0.304
576,198,0.308
585,198,0.258
594,198,0.316
603,198,0.265
612,198,0.269
621,198,0.273
630,198,0.395
639,198,0.336
648,198,0.34
657,198,0.288
666,198,0.291
675,198,0.295
684,198,0.421
693,198,0.425
702,198,0.43
711,198,0.674
720,198,0.68
729,198,0.597
738,198,0.602
747,198,0.607
756,198,0.612
765,198,0.707
774,198,0.623
783,198,0.546
792,198,0.634
801,198,0.73
810,198,0.834
819,198,0.841
828,198,0.847
837,198,0.754
846,198,0.667
855,198,0.766
864,198,0.679
873,198,0.685
882,198,0.604
891,198,0.61
900,198,0.615
909,198,0.621
918,198,0.545
927,198,0.551
936,198,0.481
945,198,0.486
954,198,0.651
963,198,0.573
972,198,-0.579
981,198,-0.507
990,198,-0.59
999,198,-0.517
1008,198,-0.451
1017,198,-0.456
1026,198,-0.395
1035,198,-0.339
1044,198,-0.471
1053,198,-0.408
1062,198,-0.413
1071,198,-0.355
1080,198,-0.422
1089,198,-0.427
1098,198,-0.368
1107,198,-0.373
1116,198,-0.514
1125,198,-0.447
1134,198,-0.386
1143,198,-0.331
1152,198,-0.335
1161,198,-0.339
1170,198,-0.288
1179,198,-0.292
1188,198,-0.295
1197,198,-0.299
1206,198,-0.252
1215,198,-0.307
1224,198,-0.31
1233,198,-0.262
1242,198,-0.219
1251,198,-0.181
1260,198,-0.183
1269,198,-0.186
1278,198,-0.188
1287,198,-0.233
1296,198,-0.236
1305,198,-0.239
1314,198,-0.198
1323,198,-0.201
1332,198,-0.164
1341,198,-0.132
1350,198,-0.168
1359,198,-0.259
1368,198,-0.318
1377,198,-0.266
1386,198,-0.27
1395,198,-0.222
1404,198,-0.181
1413,198,-0.184
1422,198,-0.186
1431,198,-0.188
1440,198,-0.238
1449,198,-0.193
1458,198,-0.155
1467,198,-0.198
1476,198,-0.201
1485,198,-0.204
1494,198,-0.206
1503,198,-0.165
1512,198,-0.212
1521,198,-0.169
1530,198,-0.132
1539,198,-0.134
1548,198,-0.135
1557,198,-0.103
1566,198,-0.104
1575,198,-0.139
1584,198,-0.184
1593,198,-0.142
1602,198,-0.189
1611,198,-0.146
1620,198,-0.109
1629,198,-0.08
1638,198,-0.111
1647,198,-0.202
1656,198,-0.205
1665,198,-0.208
1674,198,-0.21
1683,198,-0.158
1692,198,-0.16
1701,198,-0.292
1710,198,-0.389
1719,198,-0.399
1728,198,-0.408
1737,198,-0.316
1746,198,-0.43
1755,198,-0.442
1764,198,-0.339
1773,198,-0.251
1782,198,-0.255
1791,198,-0.179
1800,198,-0.181
1809,198,-0.183
1818,198,-0.279
1827,198,-0.186
1836,198,-0.294
1845,198,-0.464
1854,198,-0.491
1863,198,-0.325
1872,198,-0.34
1881,198,-0.19
1890,198,-0.187
1899,198,-0.951
1908,198,-0.522
1917,198,-0.095
9,207,-0
18,207,-0
27,207,-0
36,207,0.007
45,207,0.002
54,207,0.006
63,207,0.012
72,207,0.005
81,207,0.002
90,207,0.028
99,207,0.067
108,207,0.039
117,207,0.045
126,207,0.086
135,207,0.055
144,207,0.059
153,207,0.102
162,207,0.068
171,207,0.112
180,207,0.116
189,207,0.173
198,207,0.124
207,207,0.128
216,207,0.248
225,207,0.187
234,207,0.139
243,207,0.142
252,207,0.259
261,207,0.199
270,207,0.264
279,207,0.266
288,207,0.268
297,207,0.21
306,207,0.213
315,207,0.215
324,207,0.167
333,207,0.17
342,207,0.281
351,207,0.283
360,207,0.353
369,207,0.287
378,207,0.356
387,207,0.291
396,207,0.235
405,207,0.237
414,207,0.239
423,207,0.192
432,207,0.299
441,207,0.366
450,207,0.303
459,207,0.248
468,207,0.25
477,207,0.203
486,207,0.205
495,207,0.165
504,207,0.257
513,207,0.259
522,207,0.26
531,207,0.317
540,207,0.264
549,207,0.217
558,207,0.267
567,207,0.22
576,207,0.27
585,207,0.223
594,207,0.273
603,207,0.226
612,207,0.228
621,207,0.229
630,207,0.334
639,207,0.281
648,207,0.282
657,207,0.235
666,207,0.237
675,207,0.238
684,207,0.343
693,207,0.345
702,207,0.346
711,207,0.553
720,207,0.554
729,207,0.481
738,207,0.482
747,207,0.484
756,207,0.485
765,207,0.562
774,207,0.488
783,207,0.422
792,207,0.492
801,207,0.569
810,207,0.653
819,207,0.655
828,207,0.657
837,207,0.576
846,207,0.502
855,207,0.58
864,207,0.506
873,207,0.507
882,207,0.44
891,207,0.442
900,207,0.513
909,207,0.515
918,207,0.447
927,207,0.449
936,207,0.387
945,207,0.388
954,207,0.525
963,207,0.456
972,207,-0.458
981,207,-0.395
990,207,-0.462
999,207,-0.399
1008,207,-0.342
1017,207,-0.343
1026,207,-0.292
1035,207,-0.246
1044,207,-0.348
1053,207,-0.296
1062,207,-0.297
1071,207,-0.251
1080,207,-0.3
1089,207,-0.302
1098,207,-0.254
1107,207,-0.256
1116,207,-0.362
1125,207,-0.308
1134,207,-0.259
1143,207,-0.217
1152,207,-0.218
1161,207,-0.219
1170,207,-0.181
1179,207,-0.181
1188,207,-0.182
1197,207,-0.183
1206,207,-0.149
1215,207,-0.185
1224,207,-0.185
1233,207,-0.151
1242,207,-0.122
1251,207,-0.097
1260,207,-0.097
1269,207,-0.097
1278,207,-0.098
1287,207,-0.124
1296,207,-0.124
1305,207,-0.124
1314,207,-0.098
1323,207,-0.099
1332,207,-0.077
1341,207,-0.059
1350,207,-0.077
1359,207,-0.159
1368,207,-0.198
1377,207,-0.16
1386,207,-0.199
1395,207,-0.16
1404,207,-0.127
1413,207,-0.128
1422,207,-0.128
1431,207,-0.128
1440,207,-0.163
1449,207,-0.128
1458,207,-0.099
1467,207,-0.164
1476,207,-0.164
1485,207,-0.164
1494,207,-0.165
1503,207,-0.129
1512,207,-0.165
1521,207,-0.128
1530,207,-0.098
1539,207,-0.098
1548,207,-0.097
1557,207,-0.072
1566,207,-0.071
1575,207,-0.096
1584,207,-0.127
1593,207,-0.095
1602,207,-0.127
1611,207,-0.094
1620,207,-0.067
1629,207,-0.047
1638,207,-0.066
1647,207,-0.167
1656,207,-0.22
1665,207,-0.22
1674,207,-0.221
1683,207,-0.166
1692,207,-0.165
1701,207,-0.294
1710,207,-0.386
1719,207,-0.39
1728,207,-0.395
1737,207,-0.303
1746,207,-0.406
1755,207,-0.539
1764,207,-0.419
1773,207,-0.314
1782,207,-0.318
1791,207,-0.227
1800,207,-0.227
1809,207,-0.227
1818,207,-0.334
1827,207,-0.226
1836,207,-0.345
1845,207,-0.527
1854,207,-0.552
1863,207,-0.369
1872,207,-0.381
1881,207,-0.216
1890,207,-0.21
1899,207,-0.997
1908,207,-0.547
1917,207,-0.099
9,216,-0
18,216,-0
27,216,-0
36,216,0.006
45,216,0.002
54,216,0.005
63,216,0.009
72,216,0.004
81,216,0.002
90,216,0.047
99,216,0.095
108,216,0.057
117,216,0.061
126,216,0.108
135,216,0.112
144,216,0.115
153,216,0.175
162,216,0.121
171,216,0.178
180,216,0.18
189,216,0.248
198,216,0.183
207,216,0.184
216,216,0.324
225,216,0.248
234,216,0.187
243,216,0.187
252,216,0.318
261,216,0.247
270,216,0.316
279,216,0.315
288,216,0.313
297,216,0.247
306,216,0.246
315,216,0.246
324,216,0.192
333,216,0.192
342,216,0.307
351,216,0.306
360,216,0.374
369,216,0.304
378,216,0.371
387,216,0.302
396,216,0.244
405,216,0.243
414,216,0.243
423,216,0.194
432,216,0.298
441,216,0.36
450,216,0.296
459,216,0.241
468,216,0.241
477,216,0.194
486,216,0.194
495,216,0.194
504,216,0.292
513,216,0.291
522,216,0.29
531,216,0.347
540,216,0.346
549,216,0.288
558,216,0.344
567,216,0.287
576,216,0.342
585,216,0.285
594,216,0.34
603,216,0.284
612,216,0.283
621,216,0.283
630,216,0.397
639,216,0.335
648,216,0.334
657,216,0.28
666,216,0.279
675,216,0.279
684,216,0.389
693,216,0.388
702,216,0.387
711,216,0.6
720,216,0.598
729,216,0.519
738,216,0.517
747,216,0.515
756,216,0.514
765,216,0.589
774,216,0.511
783,216,0.44
792,216,0.508
801,216,0.582
810,216,0.662
819,216,0.66
828,216,0.659
837,216,0.576
846,216,0.5
855,216,0.573
864,216,0.497
873,216,0.496
882,216,0.428
891,216,0.427
900,216,0.493
909,216,0.492
918,216,0.424
927,216,0.423
936,216,0.362
945,216,0.362
954,216,0.487
963,216,0.42
972,216,-0.419
981,216,-0.358
990,216,-0.417
999,216,-0.357
1008,216,-0.303
1017,216,-0.302
1026,216,-0.254
1035,216,-0.212
1044,216,-0.3
1053,216,-0.252
1062,216,-0.298
1071,216,-0.251
1080,216,-0.297
1089,216,-0.296
1098,216,-0.249
1107,216,-0.248
1116,216,-0.347
1125,216,-0.293
1134,216,-0.246
1143,216,-0.204
1152,216,-0.203
1161,216,-0.202
1170,216,-0.166
1179,216,-0.165
1188,216,-0.164
1197,216,-0.163
1206,216,-0.132
1215,216,-0.162
1224,216,-0.161
1233,216,-0.13
1242,216,-0.103
1251,216,-0.08
1260,216,-0.102
1269,216,-0.101
1278,216,-0.1
1287,216,-0.125
1296,216,-0.124
1305,216,-0.123
1314,216,-0.097
1323,216,-0.096
1332,216,-0.074
1341,216,-0.056
1350,216,-0.073
1359,216,-0.148
1368,216,-0.183
1377,216,-0.146
1386,216,-0.181
1395,216,-0.18
1404,216,-0.143
1413,216,-0.142
1422,216,-0.141
1431,216,-0.139
1440,216,-0.174
1449,216,-0.137
1458,216,-0.106
1467,216,-0.17
1476,216,-0.169
1485,216,-0.168
1494,216,-0.166
1503,216,-0.129
1512,216,-0.164
1521,216,-0.126
1530,216,-0.095
1539,216,-0.094
1548,216,-0.122
1557,216,-0.091
1566,216,-0.089
1575,216,-0.117
1584,216,-0.151
1593,216,-0.113
1602,216,-0.147
1611,216,-0.11
1620,216,-0.079
1629,216,-0.055
1638,216,-0.076
1647,216,-0.182
1656,216,-0.235
1665,216,-0.233
1674,216,-0.231
1683,216,-0.173
1692,216,-0.171
1701,216,-0.296
1710,216,-0.382
1719,216,-0.382
1728,216,-0.383
1737,216,-0.291
1746,216,-0.384
1755,216,-0.503
1764,216,-0.386
1773,216,-0.285
1782,216,-0.283
1791,216,-0.197
1800,216,-0.193
1809,216,-0.189
1818,216,-0.274
1827,216,-0.179
1836,216,-0.268
1845,216,-0.405
1854,216,-0.41
1863,216,-0.256
1872,216,-0.25
1881,216,-0.125
1890,216,-0.233
1899,216,-1.043
1908,216,-0.572
1917,216,-0.104
9,225,-0
18,225,-0
27,225,-0
36,225,0.005
45,225,0.001
54,225,0.004
63,225,0.007
72,225,0.003
81,225,0.001
90,225,0.036
99,225,0.075
108,225,0.043
117,225,0.046
126,225,0.084
135,225,0.086
144,225,0.087
153,225,0.135
162,225,0.09
171,225,0.135
180,225,0.136
189,225,0.257
198,225,0.188
207,225,0.187
216,225,0.323
225,225,0.245
234,225,0.183
243,225,0.182
252,225,0.305
261,225,0.234
270,225,0.296
279,225,0.293
288,225,0.289
297,225,0.225
306,225,0.222
315,225,0.22
324,225,0.17
333,225,0.216
342,225,0.333
351,225,0.329
360,225,0.396
369,225,0.321
378,225,0.386
387,225,0.314
396,225,0.252
405,225,0.249
414,225,0.247
423,225,0.196
432,225,0.296
441,225,0.354
450,225,0.29
459,225,0.235
468,225,0.232
477,225,0.186
486,225,0.184
495,225,0.226
504,225,0.328
513,225,0.324
522,225,0.321
531,225,0.378
540,225,0.374
549,225,0.311
558,225,0.366
567,225,0.305
576,225,0.359
585,225,0.299
594,225,0.352
603,225,0.293
612,225,0.29
621,225,0.287
630,225,0.398
639,225,0.335
648,225,0.331
657,225,0.276
666,225,0.274
675,225,0.271
684,225,0.375
693,225,0.372
702,225,0.368
711,225,0.568
720,225,0.562
729,225,0.484
738,225,0.48
747,225,0.476
756,225,0.471
765,225,0.538
774,225,0.463
783,225,0.396
792,225,0.455
801,225,0.52
810,225,0.59
819,225,0.585
828,225,0.58
837,225,0.502
846,225,0.432
855,225,0.494
864,225,0.424
873,225,0.421
882,225,0.359
891,225,0.355
900,225,0.41
909,225,0.407
918,225,0.346
927,225,0.343
936,225,0.289
945,225,0.287
954,225,0.39
963,225,0.331
972,225,-0.328
981,225,-0.276
990,225,-0.322
999,225,-0.271
1008,225,-0.225
1017,225,-0.223
1026,225,-0.184
1035,225,-0.15
1044,225,-0.216
1053,225,-0.178
1062,225,-0.212
1071,225,-0.174
1080,225,-0.207
1089,225,-0.205
1098,225,-0.168
1107,225,-0.166
1116,225,-0.238
1125,225,-0.196
1134,225,-0.16
1143,225,-0.129
1152,225,-0.127
1161,225,-0.125
1170,225,-0.099
1179,225,-0.098
1188,225,-0.096
1197,225,-0.095
1206,225,-0.073
1215,225,-0.091
1224,225,-0.09
1233,225,-0.069
1242,225,-0.053
1251,225,-0.039
1260,225,-0.051
1269,225,-0.049
1278,225,-0.048
1287,225,-0.062
1296,225,-0.06
1305,225,-0.059
1314,225,-0.044
1323,225,-0.043
1332,225,-0.031
1341,225,-0.022
1350,225,-0.029
1359,225,-0.067
1368,225,-0.085
1377,225,-0.064
1386,225,-0.104
1395,225,-0.102
1404,225,-0.078
1413,225,-0.076
1422,225,-0.074
1431,225,-0.072
1440,225,-0.092
1449,225,-0.069
1458,225,-0.05
1467,225,-0.085
1476,225,-0.083
1485,225,-0.081
1494,225,-0.079
1503,225,-0.058
1512,225,-0.075
1521,225,-0.072
1530,225,-0.052
1539,225,-0.05
1548,225,-0.066
1557,225,-0.047
1566,225,-0.045
1575,225,-0.059
1584,225,-0.078
1593,225,-0.055
1602,225,-0.073
1611,225,-0.051
1620,225,-0.048
1629,225,-0.032
1638,225,-0.044
1647,225,-0.151
1656,225,-0.193
1665,225,-0.189
1674,225,-0.185
1683,225,-0.134
1692,225,-0.176
1701,225,-0.298
1710,225,-0.379
1719,225,-0.375
1728,225,-0.371
1737,225,-0.279
1746,225,-0.364
1755,225,-0.47
1764,225,-0.469
1773,225,-0.351
1782,225,-0.347
1791,225,-0.246
1800,225,-0.239
1809,225,-0.232
1818,225,-0.327
1827,225,-0.216
1836,225,-0.315
1845,225,-0.461
1854,225,-0.463
1863,225,-0.293
1872,225,-0.283
1881,225,-0.144
1890,225,-0.258
1899,225,-1.089
1908,225,-0.597
1917,225,-0.108
9,234,-0
18,234,-0
27,234,-0
36,234,0.004
45,234,0.001
54,234,0.003
63,234,0.005
72,234,0.002
81,234,0.001
90,234,0.028
99,234,0.059
108,234,0.033
117,234,0.035
126,234,0.064
135,234,0.065
144,234,0.065
153,234,0.103
162,234,0.066
171,234,0.101
180,234,0.101
189,234,0.266
198,234,0.194
207,234,0.19
216,234,0.321
225,234,0.242
234,234,0.179
243,234,0.176
252,234,0.291
261,234,0.222
270,234,0.279
279,234,0.272
288,234,0.267
297,234,0.205
306,234,0.201
315,234,0.197
324,234,0.15
333,234,0.19
342,234,0.293
351,234,0.287
360,234,0.345
369,234,0.276
378,234,0.331
387,234,0.266
396,234,0.21
405,234,0.206
414,234,0.202
423,234,0.158
432,234,0.241
441,234,0.289
450,234,0.233
459,234,0.185
468,234,0.181
477,234,0.142
486,234,0.14
495,234,0.212
504,234,0.307
513,234,0.301
522,234,0.296
531,234,0.347
540,234,0.341
549,234,0.281
558,234,0.329
567,234,0.271
576,234,0.318
585,234,0.312
594,234,0.363
603,234,0.302
612,234,0.297
621,234,0.292
630,234,0.399
639,234,0.334
648,234,0.329
657,234,0.273
666,234,0.318
675,234,0.313
684,234,0.422
693,234,0.415
702,234,0.409
711,234,0.614
720,234,0.605
729,234,0.521
738,234,0.514
747,234,0.506
756,234,0.499
765,234,0.563
774,234,0.556
783,234,0.478
792,234,0.54
801,234,0.608
810,234,0.68
819,234,0.671
828,234,0.662
837,234,0.654
846,234,0.568
855,234,0.637
864,234,0.553
873,234,0.545
882,234,0.469
891,234,0.463
900,234,0.524
909,234,0.516
918,234,0.444
927,234,0.437
936,234,0.372
945,234,0.367
954,234,0.483
963,234,0.413
972,234,-0.407
981,234,-0.345
990,234,-0.396
999,234,-0.335
1008,234,-0.281
1017,234,-0.277
1026,234,-0.23
1035,234,-0.226
1044,234,-0.31
1053,234,-0.259
1062,234,-0.3
1071,234,-0.25
1080,234,-0.291
1089,234,-0.286
1098,234,-0.238
1107,234,-0.234
1116,234,-0.321
1125,234,-0.268
1134,234,-0.221
1143,234,-0.181
1152,234,-0.177
1161,234,-0.174
1170,234,-0.14
1179,234,-0.136
1188,234,-0.163
1197,234,-0.16
1206,234,-0.128
1215,234,-0.153
1224,234,-0.15
1233,234,-0.119
1242,234,-0.093
1251,234,-0.071
1260,234,-0.088
1269,234,-0.085
1278,234,-0.083
1287,234,-0.102
1296,234,-0.099
1305,234,-0.097
1314,234,-0.074
1323,234,-0.072
1332,234,-0.053
1341,234,-0.039
1350,234,-0.05
1359,234,-0.103
1368,234,-0.157
1377,234,-0.123
1386,234,-0.184
1395,234,-0.18
1404,234,-0.141
1413,234,-0.138
1422,234,-0.134
1431,234,-0.13
1440,234,-0.159
1449,234,-0.123
1458,234,-0.093
1467,234,-0.147
1476,234,-0.142
1485,234,-0.138
1494,234,-0.134
1503,234,-0.101
1512,234,-0.126
1521,234,-0.122
1530,234,-0.091
1539,234,-0.087
1548,234,-0.11
1557,234,-0.081
1566,234,-0.077
1575,234,-0.098
1584,234,-0.124
1593,234,-0.09
1602,234,-0.115
1611,234,-0.083
1620,234,-0.079
1629,234,-0.054
1638,234,-0.071
1647,234,-0.214
1656,234,-0.266
1665,234,-0.259
1674,234,-0.252
1683,234,-0.188
1692,234,-0.238
1701,234,-0.383
1710,234,-0.475
1719,234,-0.468
1728,234,-0.461
1737,234,-0.353
1746,234,-0.447
1755,234,-0.566
1764,234,-0.56
1773,234,-0.425
1782,234,-0.418
1791,234,-0.301
1800,234,-0.291
1809,234,-0.281
1818,234,-0.385
1827,234,-0.259
1836,234,-0.366
1845,234,-0.521
1854,234,-0.519
1863,234,-0.332
1872,234,-0.318
1881,234,-0.164
1890,234,-0.283
1899,234,-1.136
1908,234,-0.623
1917,234,-0.113
9,243,-0
18,243,-0
27,243,-0
36,243,0.003
45,243,0.001
54,243,0.002
63,243,0.004
72,243,0.001
81,243,0.001
90,243,0.021
99,243,0.046
108,243,0.024
117,243,0.026
126,243,0.048
135,243,0.048
144,243,0.048
153,243,0.077
162,243,0.048
171,243,0.075
180,243,0.109
189,243,0.275
198,243,0.2
207,243,0.193
216,243,0.32
225,243,0.24
234,243,0.176
243,243,0.171
252,243,0.279
261,243,0.211
270,243,0.262
279,243,0.254
288,243,0.246
297,243,0.187
306,243,0.181
315,243,0.176
324,243,0.132
333,243,0.167
342,243,0.258
351,243,0.251
360,243,0.366
369,243,0.292
378,243,0.346
387,243,0.276
396,243,0.218
405,243,0.212
414,243,0.206
423,243,0.161
432,243,0.241
441,243,0.286
450,243,0.228
459,243,0.18
468,243,0.176
477,243,0.137
486,243,0.133
495,243,0.2
504,243,0.287
513,243,0.28
522,243,0.273
531,243,0.318
540,243,0.31
549,243,0.253
558,243,0.295
567,243,0.241
576,243,0.281
585,243,0.275
594,243,0.318
603,243,0.261
612,243,0.255
621,243,0.249
630,243,0.342
639,243,0.283
648,243,0.276
657,243,0.226
666,243,0.263
675,243,0.257
684,243,0.349
693,243,0.341
702,243,0.334
711,243,0.509
720,243,0.498
729,243,0.424
738,243,0.415
747,243,0.406
756,243,0.397
765,243,0.45
774,243,0.44
783,243,0.373
792,243,0.423
801,243,0.477
810,243,0.535
819,243,0.525
828,243,0.515
837,243,0.505
846,243,0.495
855,243,0.554
864,243,0.476
873,243,0.467
882,243,0.397
891,243,0.389
900,243,0.44
909,243,0.431
918,243,0.365
927,243,0.358
936,243,0.3
945,243,0.293
954,243,0.389
963,243,0.328
972,243,-0.321
981,243,-0.268
990,243,-0.307
999,243,-0.256
1008,243,-0.21
1017,243,-0.205
1026,243,-0.167
1035,243,-0.162
1044,243,-0.227
1053,243,-0.185
1062,243,-0.216
1071,243,-0.176
1080,243,-0.205
1089,243,-0.2
1098,243,-0.162
1107,243,-0.157
1116,243,-0.221
1125,243,-0.18
1134,243,-0.144
1143,243,-0.114
1152,243,-0.111
1161,243,-0.107
1170,243,-0.083
1179,243,-0.08
1188,243,-0.097
1197,243,-0.094
1206,243,-0.072
1215,243,-0.088
1224,243,-0.084
1233,243,-0.064
1242,243,-0.048
1251,243,-0.035
1260,243,-0.044
1269,243,-0.042
1278,243,-0.04
1287,243,-0.05
1296,243,-0.048
1305,243,-0.046
1314,243,-0.033
1323,243,-0.031
1332,243,-0.022
1341,243,-0.015
1350,243,-0.019
1359,243,-0.045
1368,243,-0.072
1377,243,-0.053
1386,243,-0.085
1395,243,-0.082
1404,243,-0.06
1413,243,-0.075
1422,243,-0.072
1431,243,-0.068
1440,243,-0.108
1449,243,-0.081
1458,243,-0.077
1467,243,-0.121
1476,243,-0.116
1485,243,-0.112
1494,243,-0.107
1503,243,-0.079
1512,243,-0.098
1521,243,-0.093
1530,243,-0.067
1539,243,-0.084
1548,243,-0.105
1557,243,-0.076
1566,243,-0.072
1575,243,-0.09
1584,243,-0.113
1593,243,-0.081
1602,243,-0.102
1611,243,-0.072
1620,243,-0.067
1629,243,-0.045
1638,243,-0.059
1647,243,-0.179
1656,243,-0.221
1665,243,-0.212
1674,243,-0.204
1683,243,-0.147
1692,243,-0.186
1701,243,-0.302
1710,243,-0.373
1719,243,-0.362
1728,243,-0.35
1737,243,-0.258
1746,243,-0.327
1755,243,-0.413
1764,243,-0.4
1773,243,-0.291
1782,243,-0.375
1791,243,-0.265
1800,243,-0.251
1809,243,-0.237
1818,243,-0.32
1827,243,-0.207
1836,243,-0.42
1845,243,-0.585
1854,243,-0.578
1863,243,-0.374
1872,243,-0.355
1881,243,-0.186
1890,243,-0.31
1899,243,-1.182
1908,243,-0.649
1917,243,-0.118
9,252,-0
18,252,-0
27,252,-0
36,252,0.003
45,252,0.001
54,252,0.002
63,252,0.003
72,252,0.001
81,252,0
90,252,0.016
99,252,0.036
108,252,0.018
117,252,0.019
126,252,0.036
135,252,0.036
144,252,0.035
153,252,0.057
162,252,0.034
171,252,0.054
180,252,0.08
189,252,0.215
198,252,0.151
207,252,0.145
216,252,0.248
225,252,0.18
234,252,0.128
243,252,0.123
252,252,0.209
261,252,0.153
270,252,0.246
279,252,0.237
288,252,0.227
297,252,0.17
306,252,0.164
315,252,0.158
324,252,0.116
333,252,0.146
342,252,0.227
351,252,0.218
360,252,0.32
369,252,0.252
378,252,0.297
387,252,0.287
396,252,0.226
405,252,0.218
414,252,0.21
423,252,0.163
432,252,0.241
441,252,0.282
450,252,0.224
459,252,0.176
468,252,0.17
477,252,0.131
486,252,0.126
495,252,0.189
504,252,0.269
513,252,0.26
522,252,0.252
531,252,0.292
540,252,0.336
549,252,0.274
558,252,0.315
567,252,0.257
576,252,0.296
585,252,0.287
594,252,0.329
603,252,0.27
612,252,0.262
621,252,0.254
630,252,0.343
639,252,0.283
648,252,0.274
657,252,0.266
666,252,0.305
675,252,0.296
684,252,0.393
693,252,0.382
702,252,0.372
711,252,0.552
720,252,0.538
729,252,0.458
738,252,0.446
747,252,0.434
756,252,0.423
765,252,0.473
774,252,0.461
783,252,0.39
792,252,0.438
801,252,0.489
810,252,0.545
819,252,0.532
828,252,0.519
837,252,0.576
846,252,0.562
855,252,0.622
864,252,0.536
873,252,0.523
882,252,0.446
891,252,0.435
900,252,0.554
909,252,0.541
918,252,0.463
927,252,0.451
936,252,0.382
945,252,0.372
954,252,0.479
963,252,0.407
972,252,-0.456
981,252,-0.387
990,252,-0.434
999,252,-0.367
1008,252,-0.307
1017,252,-0.298
1026,252,-0.29
1035,252,-0.282
1044,252,-0.372
1053,252,-0.311
1062,252,-0.352
1071,252,-0.294
1080,252,-0.333
1089,252,-0.324
1098,252,-0.269
1107,252,-0.261
1116,252,-0.347
1125,252,-0.289
1134,252,-0.238
1143,252,-0.193
1152,252,-0.187
1161,252,-0.181
1170,252,-0.144
1179,252,-0.139
1188,252,-0.162
1197,252,-0.156
1206,252,-0.123
1215,252,-0.145
1224,252,-0.14
1233,252,-0.109
1242,252,-0.084
1251,252,-0.063
1260,252,-0.076
1269,252,-0.073
1278,252,-0.069
1287,252,-0.083
1296,252,-0.079
1305,252,-0.076
1314,252,-0.056
1323,252,-0.053
1332,252,-0.038
1341,252,-0.027
1350,252,-0.034
1359,252,-0.071
1368,252,-0.108
1377,252,-0.081
1386,252,-0.123
1395,252,-0.118
1404,252,-0.089
1413,252,-0.107
1422,252,-0.102
1431,252,-0.097
1440,252,-0.146
1449,252,-0.111
1458,252,-0.105
1467,252,-0.158
1476,252,-0.151
1485,252,-0.144
1494,252,-0.138
1503,252,-0.103
1512,252,-0.125
1521,252,-0.118
1530,252,-0.087
1539,252,-0.106
1548,252,-0.129
1557,252,-0.094
1566,252,-0.088
1575,252,-0.109
1584,252,-0.133
1593,252,-0.096
1602,252,-0.118
1611,252,-0.084
1620,252,-0.104
1629,252,-0.072
1638,252,-0.091
1647,252,-0.247
1656,252,-0.297
1665,252,-0.285
1674,252,-0.273
1683,252,-0.202
1692,252,-0.248
1701,252,-0.384
1710,252,-0.465
1719,252,-0.45
1728,252,-0.434
1737,252,-0.326
1746,252,-0.403
1755,252,-0.497
1764,252,-0.481
1773,252,-0.354
1782,252,-0.448
1791,252,-0.32
1800,252,-0.303
1809,252,-0.285
1818,252,-0.375
1827,252,-0.247
1836,252,-0.479
1845,252,-0.652
1854,252,-0.64
1863,252,-0.418
1872,252,-0.394
1881,252,-0.209
1890,252,-0.338
1899,252,-1.229
1908,252,-0.674
1917,252,-0.122
9,261,-0
18,261,0.032
27,261,0.008
36,261,0.015
45,261,0.005
54,261,0.007
63,261,0.009
72,261,0.003
81,261,0.001
90,261,0.027
99,261,0.052
108,261,0.05
117,261,0.049
126,261,0.078
135,261,0.074
144,261,0.071
153,261,0.103
162,261,0.064
171,261,0.092
180,261,0.126
189,261,0.293
198,261,0.211
207,261,0.199
216,261,0.317
225,261,0.234
234,261,0.17
243,261,0.161
252,261,0.257
261,261,0.19
270,261,0.292
279,261,0.278
288,261,0.265
297,261,0.2
306,261,0.19
315,261,0.181
324,261,0.134
333,261,0.165
342,261,0.248
351,261,0.237
360,261,0.339
369,261,0.267
378,261,0.311
387,261,0.297
396,261,0.234
405,261,0.223
414,261,0.214
423,261,0.165
432,261,0.24
441,261,0.279
450,261,0.22
459,261,0.172
468,261,0.164
477,261,0.126
486,261,0.12
495,261,0.178
504,261,0.252
513,261,0.242
522,261,0.232
531,261,0.268
540,261,0.307
549,261,0.248
558,261,0.284
567,261,0.229
576,261,0.263
585,261,0.253
594,261,0.289
603,261,0.234
612,261,0.225
621,261,0.216
630,261,0.294
639,261,0.239
648,261,0.23
657,261,0.221
666,261,0.253
675,261,0.244
684,261,0.326
693,261,0.315
702,261,0.304
711,261,0.458
720,261,0.443
729,261,0.372
738,261,0.415
747,261,0.402
756,261,0.389
765,261,0.434
774,261,0.42
783,261,0.352
792,261,0.394
801,261,0.439
810,261,0.487
819,261,0.472
828,261,0.458
837,261,0.507
846,261,0.492
855,261,0.544
864,261,0.463
873,261,0.449
882,261,0.379
891,261,0.367
900,261,0.469
909,261,0.455
918,261,0.384
927,261,0.372
936,261,0.31
945,261,0.3
954,261,0.389
963,261,0.326
972,261,-0.365
981,261,-0.304
990,261,-0.342
999,261,-0.284
1008,261,-0.233
1017,261,-0.264
1026,261,-0.255
1035,261,-0.246
1044,261,-0.325
1053,261,-0.269
1062,261,-0.303
1071,261,-0.25
1080,261,-0.283
1089,261,-0.273
1098,261,-0.223
1107,261,-0.214
1116,261,-0.287
1125,261,-0.235
1134,261,-0.19
1143,261,-0.152
1152,261,-0.145
1161,261,-0.139
1170,261,-0.108
1179,261,-0.103
1188,261,-0.121
1197,261,-0.115
1206,261,-0.088
1215,261,-0.104
1224,261,-0.099
1233,261,-0.075
1242,261,-0.056
1251,261,-0.041
1260,261,-0.049
1269,261,-0.046
1278,261,-0.043
1287,261,-0.052
1296,261,-0.049
1305,261,-0.046
1314,261,-0.033
1323,261,-0.03
1332,261,-0.021
1341,261,-0.014
1350,261,-0.018
1359,261,-0.039
1368,261,-0.062
1377,261,-0.045
1386,261,-0.07
1395,261,-0.066
1404,261,-0.047
1413,261,-0.057
1422,261,-0.053
1431,261,-0.05
1440,261,-0.078
1449,261,-0.056
1458,261,-0.052
1467,261,-0.082
1476,261,-0.077
1485,261,-0.071
1494,261,-0.066
1503,261,-0.046
1512,261,-0.057
1521,261,-0.053
1530,261,-0.036
1539,261,-0.044
1548,261,-0.055
1557,261,-0.037
1566,261,-0.033
1575,261,-0.057
1584,261,-0.07
1593,261,-0.047
1602,261,-0.059
1611,261,-0.039
1620,261,-0.049
1629,261,-0.044
1638,261,-0.055
1647,261,-0.162
1656,261,-0.196
1665,261,-0.184
1674,261,-0.172
1683,261,-0.16
1692,261,-0.195
1701,261,-0.305
1710,261,-0.367
1719,261,-0.349
1728,261,-0.331
1737,261,-0.24
1746,261,-0.295
1755,261,-0.363
1764,261,-0.344
1773,261,-0.241
1782,261,-0.304
1791,261,-0.205
1800,261,-0.186
1809,261,-0.242
1818,261,-0.314
1827,261,-0.199
1836,261,-0.385
1845,261,-0.517
1854,261,-0.491
1863,261,-0.301
1872,261,-0.269
1881,261,-0.126
1890,261,-0.193
1899,261,-0.655
1908,261,-0.7
1917,261,-0.127
9,270,-0
18,270,0.029
27,270,0.007
36,270,0.012
45,270,0.004
54,270,0.005
63,270,0.007
72,270,0.002
81,270,0.001
90,270,0.021
99,270,0.041
108,270,0.039
117,270,0.037
126,270,0.06
135,270,0.057
144,270,0.053
153,270,0.078
162,270,0.047
171,270,0.069
180,270,0.095
189,270,0.231
198,270,0.162
207,270,0.151
216,270,0.247
225,270,0.178
234,270,0.124
243,270,0.117
252,270,0.192
261,270,0.138
270,270,0.218
279,270,0.206
288,270,0.194
297,270,0.142
306,270,0.134
315,270,0.126
324,270,0.09
333,270,0.112
342,270,0.174
351,270,0.165
360,270,0.243
369,270,0.185
378,270,0.218
387,270,0.254
396,270,0.196
405,270,0.186
414,270,0.176
423,270,0.167
432,270,0.24
441,270,0.276
450,270,0.217
459,270,0.168
468,270,0.159
477,270,0.121
486,270,0.115
495,270,0.168
504,270,0.236
513,270,0.225
522,270,0.215
531,270,0.246
540,270,0.28
549,270,0.224
558,270,0.256
567,270,0.203
576,270,0.233
585,270,0.222
594,270,0.253
603,270,0.202
612,270,0.193
621,270,0.184
630,270,0.251
639,270,0.201
648,270,0.192
657,270,0.183
666,270,0.209
675,270,0.2
684,270,0.269
693,270,0.257
702,270,0.246
711,270,0.377
720,270,0.363
729,270,0.299
738,270,0.335
747,270,0.321
756,270,0.358
765,270,0.398
774,270,0.383
783,270,0.318
792,270,0.354
801,270,0.393
810,270,0.497
819,270,0.479
828,270,0.463
837,270,0.509
846,270,0.491
855,270,0.539
864,270,0.458
873,270,0.441
882,270,0.37
891,270,0.41
900,270,0.516
909,270,0.498
918,270,0.421
927,270,0.406
936,270,0.339
945,270,0.326
954,270,0.417
963,270,0.349
972,270,-0.388
981,270,-0.323
990,270,-0.359
999,270,-0.346
1008,270,-0.286
1017,270,-0.32
1026,270,-0.356
1035,270,-0.342
1044,270,-0.437
1053,270,-0.366
1062,270,-0.406
1071,270,-0.339
1080,270,-0.377
1089,270,-0.363
1098,270,-0.301
1107,270,-0.336
1116,270,-0.43
1125,270,-0.36
1134,270,-0.298
1143,270,-0.243
1152,270,-0.233
1161,270,-0.222
1170,270,-0.178
1179,270,-0.169
1188,270,-0.193
1197,270,-0.184
1206,270,-0.145
1215,270,-0.166
1224,270,-0.158
1233,270,-0.123
1242,270,-0.094
1251,270,-0.071
1260,270,-0.083
1269,270,-0.078
1278,270,-0.073
1287,270,-0.086
1296,270,-0.08
1305,270,-0.075
1314,270,-0.055
1323,270,-0.051
1332,270,-0.036
1341,270,-0.025
1350,270,-0.03
1359,270,-0.062
1368,270,-0.093
1377,270,-0.068
1386,270,-0.102
1395,270,-0.119
1404,270,-0.089
1413,270,-0.104
1422,270,-0.097
1431,270,-0.091
1440,270,-0.134
1449,270,-0.1
1458,270,-0.093
1467,270,-0.137
1476,270,-0.128
1485,270,-0.12
1494,270,-0.112
1503,270,-0.081
1512,270,-0.097
1521,270,-0.089
1530,270,-0.063
1539,270,-0.076
1548,270,-0.091
1557,270,-0.063
1566,270,-0.058
1575,270,-0.092
1584,270,-0.11
1593,270,-0.077
1602,270,-0.093
1611,270,-0.063
1620,270,-0.077
1629,270,-0.07
1638,270,-0.085
1647,270,-0.224
1656,270,-0.264
1665,270,-0.248
1674,270,-0.232
1683,270,-0.216
1692,270,-0.258
1701,270,-0.386
1710,270,-0.456
1719,270,-0.433
1728,270,-0.41
1737,270,-0.302
1746,270,-0.364
1755,270,-0.439
1764,270,-0.415
1773,270,-0.296
1782,270,-0.365
1791,270,-0.25
1800,270,-0.228
1809,270,-0.288
1818,270,-0.367
1827,270,-0.236
1836,270,-0.439
1845,270,-0.577
1854,270,-0.546
1863,270,-0.338
1872,270,-0.3
1881,270,-0.143
1890,270,-0.213
1899,270,-0.689
1908,270,-0.726
1917,270,-0.132
9,279,-0
18,279,0.026
27,279,0.006
36,279,0.011
45,279,0.003
54,279,0.015
63,279,0.039
72,279,0.016
81,279,0.007
90,279,0.062
99,279,0.153
108,279,0.139
117,279,0.127
126,279,0.171
135,279,0.156
144,279,0.143
153,279,0.251
162,279,0.169
171,279,0.212
180,279,0.259
189,279,0.489
198,279,0.365
207,279,0.338
216,279,0.484
225,279,0.366
234,279,0.272
243,279,0.254
252,279,0.369
261,279,0.278
270,279,0.395
279,279,0.371
288,279,0.348
297,279,0.265
306,279,0.249
315,279,0.233
324,279,0.174
333,279,0.205
342,279,0.293
351,279,0.275
360,279,0.378
369,279,0.297
378,279,0.337
387,279,0.38
396,279,0.301
405,279,0.284
414,279,0.268
423,279,0.253
432,279,0.344
441,279,0.385
450,279,0.308
459,279,0.244
468,279,0.23
477,279,0.179
486,279,0.168
495,279,0.234
504,279,0.316
513,279,0.353
522,279,0.336
531,279,0.374
540,279,0.415
549,279,0.339
558,279,0.377
567,279,0.307
576,279,0.342
585,279,0.326
594,279,0.362
603,279,0.295
612,279,0.281
621,279,0.267
630,279,0.349
639,279,0.284
648,279,0.27
657,279,0.257
666,279,0.287
675,279,0.274
684,279,0.355
693,279,0.339
702,279,0.323
711,279,0.473
720,279,0.454
729,279,0.378
738,279,0.416
747,279,0.399
756,279,0.438
765,279,0.48
774,279,0.46
783,279,0.385
792,279,0.423
801,279,0.464
810,279,0.574
819,279,0.552
828,279,0.531
837,279,0.577
846,279,0.556
855,279,0.604
864,279,0.514
873,279,0.494
882,279,0.416
891,279,0.456
900,279,0.564
909,279,0.543
918,279,0.46
927,279,0.441
936,279,0.37
945,279,0.354
954,279,0.446
963,279,0.373
972,279,-0.41
981,279,-0.342
990,279,-0.377
999,279,-0.361
1008,279,-0.298
1017,279,-0.33
1026,279,-0.365
1035,279,-0.349
1044,279,-0.441
1053,279,-0.369
1062,279,-0.406
1071,279,-0.389
1080,279,-0.427
1089,279,-0.41
1098,279,-0.341
1107,279,-0.377
1116,279,-0.474
1125,279,-0.398
1134,279,-0.33
1143,279,-0.27
1152,279,-0.257
1161,279,-0.245
1170,279,-0.196
1179,279,-0.186
1188,279,-0.209
1197,279,-0.198
1206,279,-0.156
1215,279,-0.177
1224,279,-0.167
1233,279,-0.13
1242,279,-0.1
1251,279,-0.075
1260,279,-0.086
1269,279,-0.08
1278,279,-0.075
1287,279,-0.087
1296,279,-0.08
1305,279,-0.075
1314,279,-0.054
1323,279,-0.05
1332,279,-0.035
1341,279,-0.024
1350,279,-0.029
1359,279,-0.058
1368,279,-0.086
1377,279,-0.08
1386,279,-0.115
1395,279,-0.133
1404,279,-0.1
1413,279,-0.143
1422,279,-0.133
1431,279,-0.124
1440,279,-0.175
1449,279,-0.133
1458,279,-0.123
1467,279,-0.176
1476,279,-0.164
1485,279,-0.153
1494,279,-0.142
1503,279,-0.105
1512,279,-0.122
1521,279,-0.112
1530,279,-0.103
1539,279,-0.121
1548,279,-0.141
1557,279,-0.102
1566,279,-0.093
1575,279,-0.14
1584,279,-0.163
1593,279,-0.118
1602,279,-0.138
1611,279,-0.098
1620,279,-0.116
1629,279,-0.105
1638,279,-0.125
1647,279,-0.298
1656,279,-0.346
1665,279,-0.324
1674,279,-0.303
1683,279,-0.282
1692,279,-0.331
1701,279,-0.478
1710,279,-0.555
1719,279,-0.527
1728,279,-0.498
1737,279,-0.373
1746,279,-0.442
1755,279,-0.524
1764,279,-0.494
1773,279,-0.357
1782,279,-0.433
1791,279,-0.302
1800,279,-0.274
1809,279,-0.34
1818,279,-0.425
1827,279,-0.277
1836,279,-0.497
1845,279,-0.641
1854,279,-0.603
1863,279,-0.378
1872,279,-0.334
1881,279,-0.161
1890,279,-0.234
1899,279,-0.724
1908,279,-0.753
1917,279,-0.137
9,288,-0
18,288,0.024
27,288,0.005
36,288,0.009
45,288,0.002
54,288,0.012
63,288,0.032
72,288,0.013
81,288,0.005
90,288,0.05
99,288,0.127
108,288,0.114
117,288,0.102
126,288,0.138
135,288,0.125
144,288,0.113
153,288,0.203
162,288,0.133
171,288,0.167
180,288,0.206
189,288,0.402
198,288,0.292
207,288,0.268
216,288,0.391
225,288,0.289
234,288,0.209
243,288,0.192
252,288,0.286
261,288,0.21
270,288,0.305
279,288,0.283
288,288,0.263
297,288,0.195
306,288,0.181
315,288,0.167
324,288,0.121
333,288,0.144
342,288,0.211
351,288,0.196
360,288,0.276
369,288,0.211
378,288,0.241
387,288,0.274
396,288,0.21
405,288,0.196
414,288,0.183
423,288,0.171
432,288,0.239
441,288,0.27
450,288,0.209
459,288,0.16
468,288,0.149
477,288,0.112
486,288,0.104
495,288,0.15
504,288,0.208
513,288,0.235
522,288,0.221
531,288,0.248
540,288,0.278
549,288,0.22
558,288,0.247
567,288,0.194
576,288,0.219
585,288,0.206
594,288,0.231
603,288,0.182
612,288,0.171
621,288,0.16
630,288,0.216
639,288,0.17
648,288,0.16
657,288,0.15
666,288,0.202
675,288,0.191
684,288,0.252
693,288,0.238
702,288,0.225
711,288,0.34
720,288,0.323
729,288,0.263
738,288,0.291
747,288,0.275
756,288,0.304
765,288,0.335
774,288,0.318
783,288,0.259
792,288,0.332
801,288,0.364
810,288,0.454
819,288,0.434
828,288,0.414
837,288,0.45
846,288,0.43
855,288,0.468
864,288,0.391
873,288,0.373
882,288,0.307
891,288,0.337
900,288,0.423
909,288,0.404
918,288,0.335
927,288,0.367
936,288,0.302
945,288,0.287
954,288,0.364
963,288,0.3
972,288,-0.329
981,288,-0.27
990,288,-0.297
999,288,-0.282
1008,288,-0.229
1017,288,-0.253
1026,288,-0.28
1035,288,-0.265
1044,288,-0.338
1053,288,-0.278
1062,288,-0.306
1071,288,-0.29
1080,288,-0.319
1089,288,-0.303
1098,288,-0.247
1107,288,-0.273
1116,288,-0.348
1125,288,-0.285
1134,288,-0.231
1143,288,-0.184
1152,288,-0.173
1161,288,-0.162
1170,288,-0.126
1179,288,-0.117
1188,288,-0.133
1197,288,-0.124
1206,288,-0.094
1215,288,-0.107
1224,288,-0.099
1233,288,-0.074
1242,288,-0.054
1251,288,-0.039
1260,288,-0.045
1269,288,-0.041
1278,288,-0.037
1287,288,-0.043
1296,288,-0.039
1305,288,-0.036
1314,288,-0.024
1323,288,-0.022
1332,288,-0.014
1341,288,-0.009
1350,288,-0.011
1359,288,-0.024
1368,288,-0.038
1377,288,-0.034
1386,288,-0.052
1395,288,-0.061
1404,288,-0.042
1413,288,-0.064
1422,288,-0.058
1431,288,-0.052
1440,288,-0.098
1449,288,-0.071
1458,288,-0.064
1467,288,-0.095
1476,288,-0.086
1485,288,-0.078
1494,288,-0.071
1503,288,-0.049
1512,288,-0.075
1521,288,-0.067
1530,288,-0.06
1539,288,-0.07
1548,288,-0.082
1557,288,-0.056
1566,288,-0.05
1575,288,-0.078
1584,288,-0.091
1593,288,-0.062
1602,288,-0.073
1611,288,-0.048
1620,288,-0.057
1629,288,-0.05
1638,288,-0.059
1647,288,-0.16
1656,288,-0.186
1665,288,-0.169
1674,288,-0.153
1683,288,-0.137
1692,288,-0.161
1701,288,-0.31
1710,288,-0.36
1719,288,-0.333
1728,288,-0.306
1737,288,-0.215
1746,288,-0.255
1755,288,-0.302
1764,288,-0.275
1773,288,-0.183
1782,288,-0.221
1791,288,-0.139
1800,288,-0.17
1809,288,-0.209
1818,288,-0.259
1827,288,-0.154
1836,288,-0.405
1845,288,-0.514
1854,288,-0.468
1863,288,-0.275
1872,288,-0.229
1881,288,-0.097
1890,288,-0.132
1899,288,-0.394
1908,288,-0.779
1917,288,-0.141
9,297,-0
18,297,0.021
27,297,0.005
36,297,0.007
45,297,0.002
54,297,0.01
63,297,0.026
72,297,0.01
81,297,0.01
90,297,0.072
99,297,0.161
108,297,0.142
117,297,0.125
126,297,0.162
135,297,0.144
144,297,0.129
153,297,0.222
162,297,0.145
171,297,0.239
180,297,0.282
189,297,0.506
198,297,0.374
207,297,0.342
216,297,0.476
225,297,0.356
234,297,0.261
243,297,0.239
252,297,0.34
261,297,0.252
270,297,0.354
279,297,0.327
288,297,0.301
297,297,0.225
306,297,0.207
315,297,0.19
324,297,0.138
333,297,0.161
342,297,0.23
351,297,0.213
360,297,0.293
369,297,0.272
378,297,0.305
387,297,0.339
396,297,0.264
405,297,0.245
414,297,0.228
423,297,0.212
432,297,0.286
441,297,0.317
450,297,0.249
459,297,0.191
468,297,0.178
477,297,0.134
486,297,0.124
495,297,0.173
504,297,0.235
513,297,0.261
522,297,0.244
531,297,0.271
540,297,0.3
549,297,0.238
558,297,0.264
567,297,0.208
576,297,0.231
585,297,0.216
594,297,0.24
603,297,0.189
612,297,0.176
621,297,0.164
630,297,0.219
639,297,0.171
648,297,0.16
657,297,0.149
666,297,0.199
675,297,0.186
684,297,0.244
693,297,0.229
702,297,0.215
711,297,0.324
720,297,0.305
729,297,0.246
738,297,0.271
747,297,0.297
756,297,0.325
765,297,0.354
774,297,0.385
783,297,0.316
792,297,0.396
801,297,0.429
810,297,0.526
819,297,0.501
828,297,0.476
837,297,0.513
846,297,0.489
855,297,0.526
864,297,0.442
873,297,0.419
882,297,0.347
891,297,0.377
900,297,0.466
909,297,0.443
918,297,0.368
927,297,0.399
936,297,0.33
945,297,0.359
954,297,0.444
963,297,0.37
972,297,-0.401
981,297,-0.331
990,297,-0.361
999,297,-0.341
1008,297,-0.279
1017,297,-0.305
1026,297,-0.333
1035,297,-0.315
1044,297,-0.393
1053,297,-0.373
1062,297,-0.405
1071,297,-0.384
1080,297,-0.417
1089,297,-0.395
1098,297,-0.326
1107,297,-0.355
1116,297,-0.441
1125,297,-0.366
1134,297,-0.3
1143,297,-0.242
1152,297,-0.227
1161,297,-0.213
1170,297,-0.168
1179,297,-0.156
1188,297,-0.174
1197,297,-0.193
1206,297,-0.151
1215,297,-0.168
1224,297,-0.156
1233,297,-0.12
1242,297,-0.09
1251,297,-0.066
1260,297,-0.075
1269,297,-0.069
1278,297,-0.062
1287,297,-0.071
1296,297,-0.065
1305,297,-0.059
1314,297,-0.041
1323,297,-0.037
1332,297,-0.025
1341,297,-0.017
1350,297,-0.019
1359,297,-0.04
1368,297,-0.059
1377,297,-0.053
1386,297,-0.077
1395,297,-0.087
1404,297,-0.062
1413,297,-0.09
1422,297,-0.082
1431,297,-0.074
1440,297,-0.131
1449,297,-0.096
1458,297,-0.087
1467,297,-0.124
1476,297,-0.113
1485,297,-0.102
1494,297,-0.092
1503,297,-0.065
1512,297,-0.095
1521,297,-0.085
1530,297,-0.076
1539,297,-0.088
1548,297,-0.101
1557,297,-0.07
1566,297,-0.062
1575,297,-0.093
1584,297,-0.107
1593,297,-0.073
1602,297,-0.085
1611,297,-0.056
1620,297,-0.065
1629,297,-0.057
1638,297,-0.067
1647,297,-0.172
1656,297,-0.198
1665,297,-0.178
1674,297,-0.16
1683,297,-0.143
1692,297,-0.166
1701,297,-0.312
1710,297,-0.358
1719,297,-0.41
1728,297,-0.378
1737,297,-0.27
1746,297,-0.315
1755,297,-0.367
1764,297,-0.334
1773,297,-0.226
1782,297,-0.269
1791,297,-0.172
1800,297,-0.207
1809,297,-0.25
1818,297,-0.304
1827,297,-0.184
1836,297,-0.458
1845,297,-0.572
1854,297,-0.519
1863,297,-0.308
1872,297,-0.256
1881,297,-0.11
1890,297,-0.146
1899,297,-0.419
1908,297,-0.806
1917,297,-0.146
9,306,-0
18,306,0.019
27,306,0.004
36,306,0.006
45,306,0.002
54,306,0.008
63,306,0.047
72,306,0.019
81,306,0.018
90,306,0.098
99,306,0.199
108,306,0.173
117,306,0.151
126,306,0.189
135,306,0.166
144,306,0.146
153,306,0.242
162,306,0.159
171,306,0.253
180,306,0.293
189,306,0.515
198,306,0.379
207,306,0.343
216,306,0.472
225,306,0.351
234,306,0.256
243,306,0.232
252,306,0.327
261,306,0.24
270,306,0.335
279,306,0.307
288,306,0.281
297,306,0.207
306,306,0.189
315,306,0.172
324,306,0.123
333,306,0.142
342,306,0.204
351,306,0.186
360,306,0.257
369,306,0.237
378,306,0.264
387,306,0.293
396,306,0.225
405,306,0.207
414,306,0.19
423,306,0.175
432,306,0.238
441,306,0.264
450,306,0.203
459,306,0.153
468,306,0.14
477,306,0.103
486,306,0.094
495,306,0.134
504,306,0.184
513,306,0.204
522,306,0.189
531,306,0.21
540,306,0.232
549,306,0.18
558,306,0.238
567,306,0.221
576,306,0.244
585,306,0.227
594,306,0.249
603,306,0.196
612,306,0.181
621,306,0.168
630,306,0.221
639,306,0.173
648,306,0.16
657,306,0.148
666,306,0.196
675,306,0.182
684,306,0.237
693,306,0.221
702,306,0.206
711,306,0.308
720,306,0.289
729,306,0.231
738,306,0.253
747,306,0.276
756,306,0.3
765,306,0.325
774,306,0.352
783,306,0.287
792,306,0.358
801,306,0.387
810,306,0.474
819,306,0.448
828,306,0.423
837,306,0.455
846,306,0.43
855,306,0.462
864,306,0.383
873,306,0.361
882,306,0.295
891,306,0.32
900,306,0.396
909,306,0.374
918,306,0.306
927,306,0.332
936,306,0.27
945,306,0.293
954,306,0.365
963,306,0.299
972,306,-0.323
981,306,-0.263
990,306,-0.285
999,306,-0.268
1008,306,-0.215
1017,306,-0.234
1026,306,-0.256
1035,306,-0.239
1044,306,-0.302
1053,306,-0.283
1062,306,-0.307
1071,306,-0.288
1080,306,-0.313
1089,306,-0.294
1098,306,-0.237
1107,306,-0.258
1116,306,-0.325
1125,306,-0.263
1134,306,-0.21
1143,306,-0.165
1152,306,-0.152
1161,306,-0.141
1170,306,-0.107
1179,306,-0.098
1188,306,-0.109
1197,306,-0.122
1206,306,-0.111
1215,306,-0.124
1224,306,-0.114
1233,306,-0.085
1242,306,-0.062
1251,306,-0.056
1260,306,-0.063
1269,306,-0.057
1278,306,-0.051
1287,306,-0.057
1296,306,-0.051
1305,306,-0.046
1314,306,-0.032
1323,306,-0.028
1332,306,-0.018
1341,306,-0.012
1350,306,-0.014
1359,306,-0.028
1368,306,-0.042
1377,306,-0.037
1386,306,-0.055
1395,306,-0.062
1404,306,-0.043
1413,306,-0.063
1422,306,-0.056
1431,306,-0.049
1440,306,-0.091
1449,306,-0.064
1458,306,-0.057
1467,306,-0.082
1476,306,-0.073
1485,306,-0.065
1494,306,-0.057
1503,306,-0.038
1512,306,-0.057
1521,306,-0.05
1530,306,-0.044
1539,306,-0.05
1548,306,-0.057
1557,306,-0.037
1566,306,-0.032
1575,306,-0.05
1584,306,-0.057
1593,306,-0.036
1602,306,-0.042
1611,306,-0.036
1620,306,-0.041
1629,306,-0.035
1638,306,-0.041
1647,306,-0.113
1656,306,-0.129
1665,306,-0.113
1674,306,-0.098
1683,306,-0.085
1692,306,-0.098
1701,306,-0.194
1710,306,-0.222
1719,306,-0.255
1728,306,-0.227
1737,306,-0.151
1746,306,-0.176
1755,306,-0.204
1764,306,-0.177
1773,306,-0.109
1782,306,-0.128
1791,306,-0.106
1800,306,-0.18
1809,306,-0.214
1818,306,-0.256
1827,306,-0.217
1836,306,-0.515
1845,306,-0.633
1854,306,-0.573
1863,306,-0.344
1872,306,-0.285
1881,306,-0.125
1890,306,-0.162
1899,306,-0.445
1908,306,-0.832
1917,306,-0.151
9,315,-0
18,315,0.017
27,315,0.003
36,315,0.005
45,315,0.001
54,315,0.006
63,315,0.039
72,315,0.015
81,315,0.014
90,315,0.081
99,315,0.168
108,315,0.144
117,315,0.123
126,315,0.155
135,315,0.134
144,315,0.116
153,315,0.262
162,315,0.172
171,315,0.267
180,315,0.304
189,315,0.524
198,315,0.384
207,315,0.345
216,315,0.469
225,315,0.346
234,315,0.25
243,315,0.225
252,315,0.315
261,315,0.229
270,315,0.317
279,315,0.288
288,315,0.261
297,315,0.19
306,315,0.172
315,315,0.155
324,315,0.109
333,315,0.126
342,315,0.18
351,315,0.163
360,315,0.225
369,315,0.205
378,315,0.276
387,315,0.303
396,315,0.232
405,315,0.212
414,315,0.193
423,315,0.177
432,315,0.237
441,315,0.261
450,315,0.199
459,315,0.15
468,315,0.136
477,315,0.1
486,315,0.09
495,315,0.127
504,315,0.172
513,315,0.191
522,315,0.175
531,315,0.193
540,315,0.213
549,315,0.163
558,315,0.215
567,315,0.198
576,315,0.257
585,315,0.238
594,315,0.259
603,315,0.203
612,315,0.187
621,315,0.172
630,315,0.224
639,315,0.174
648,315,0.16
657,315,0.147
666,315,0.228
675,315,0.211
684,315,0.269
693,315,0.25
702,315,0.232
711,315,0.339
720,315,0.316
729,315,0.254
738,315,0.275
747,315,0.297
756,315,0.32
765,315,0.344
774,315,0.37
783,315,0.301
792,315,0.372
801,315,0.398
810,315,0.483
819,315,0.455
828,315,0.428
837,315,0.457
846,315,0.43
855,315,0.459
864,315,0.38
873,315,0.356
882,315,0.29
891,315,0.312
900,315,0.384
909,315,0.36
918,315,0.293
927,315,0.316
936,315,0.255
945,315,0.318
954,315,0.39
963,315,0.32
972,315,-0.343
981,315,-0.279
990,315,-0.301
999,315,-0.281
1008,315,-0.225
1017,315,-0.244
1026,315,-0.263
1035,315,-0.245
1044,315,-0.306
1053,315,-0.329
1062,315,-0.354
1071,315,-0.331
1080,315,-0.356
1089,315,-0.334
1098,315,-0.27
1107,315,-0.291
1116,315,-0.361
1125,315,-0.293
1134,315,-0.235
1143,315,-0.185
1152,315,-0.17
1161,315,-0.157
1170,315,-0.12
1179,315,-0.109
1188,315,-0.12
1197,315,-0.132
1206,315,-0.121
1215,315,-0.133
1224,315,-0.121
1233,315,-0.09
1242,315,-0.066
1251,315,-0.059
1260,315,-0.066
1269,315,-0.059
1278,315,-0.052
1287,315,-0.058
1296,315,-0.052
1305,315,-0.046
1314,315,-0.031
1323,315,-0.027
1332,315,-0.018
1341,315,-0.011
1350,315,-0.013
1359,315,-0.027
1368,315,-0.039
1377,315,-0.034
1386,315,-0.05
1395,315,-0.056
1404,315,-0.038
1413,315,-0.055
1422,315,-0.048
1431,315,-0.042
1440,315,-0.078
1449,315,-0.054
1458,315,-0.047
1467,315,-0.068
1476,315,-0.076
1485,315,-0.067
1494,315,-0.058
1503,315,-0.039
1512,315,-0.057
1521,315,-0.05
1530,315,-0.043
1539,315,-0.048
1548,315,-0.055
1557,315,-0.035
1566,315,-0.03
1575,315,-0.046
1584,315,-0.052
1593,315,-0.032
1602,315,-0.037
1611,315,-0.042
1620,315,-0.048
1629,315,-0.04
1638,315,-0.046
1647,315,-0.122
1656,315,-0.138
1665,315,-0.12
1674,315,-0.104
1683,315,-0.089
1692,315,-0.101
1701,315,-0.196
1710,315,-0.222
1719,315,-0.251
1728,315,-0.222
1737,315,-0.146
1746,315,-0.167
1755,315,-0.192
1764,315,-0.164
1773,315,-0.099
1782,315,-0.115
1791,315,-0.093
1800,315,-0.156
1809,315,-0.182
1818,315,-0.215
1827,315,-0.177
1836,315,-0.423
1845,315,-0.512
1854,315,-0.448
1863,315,-0.252
1872,315,-0.196
1881,315,-0.075
1890,315,-0.089
1899,315,-0.238
1908,315,-0.859
1917,315,-0.156
9,324,-0
18,324,0.079
27,324,0.019
36,324,0.019
45,324,0.005
54,324,0.016
63,324,0.065
72,324,0.027
81,324,0.023
90,324,0.109
99,324,0.206
108,324,0.174
117,324,0.148
126,324,0.179
135,324,0.154
144,324,0.132
153,324,0.283
162,324,0.186
171,324,0.281
180,324,0.316
189,324,0.532
198,324,0.389
207,324,0.347
216,324,0.465
225,324,0.342
234,324,0.245
243,324,0.218
252,324,0.303
261,324,0.219
270,324,0.301
279,324,0.271
288,324,0.243
297,324,0.219
306,324,0.196
315,324,0.176
324,324,0.124
333,324,0.141
342,324,0.197
351,324,0.177
360,324,0.24
369,324,0.218
378,324,0.288
387,324,0.313
396,324,0.239
405,324,0.217
414,324,0.197
423,324,0.216
432,324,0.282
441,324,0.306
450,324,0.236
459,324,0.178
468,324,0.162
477,324,0.119
486,324,0.107
495,324,0.147
504,324,0.195
513,324,0.213
522,324,0.195
531,324,0.213
540,324,0.231
549,324,0.177
558,324,0.23
567,324,0.211
576,324,0.27
585,324,0.248
594,324,0.268
603,324,0.21
612,324,0.227
621,324,0.209
630,324,0.265
639,324,0.208
648,324,0.191
657,324,0.175
666,324,0.262
675,324,0.242
684,324,0.303
693,324,0.281
702,324,0.26
711,324,0.371
720,324,0.345
729,324,0.277
738,324,0.298
747,324,0.319
756,324,0.341
765,324,0.364
774,324,0.388
783,324,0.315
792,324,0.385
801,324,0.41
810,324,0.493
819,324,0.462
828,324,0.433
837,324,0.459
846,324,0.43
855,324,0.457
864,324,0.376
873,324,0.351
882,324,0.284
891,324,0.304
900,324,0.423
909,324,0.396
918,324,0.323
927,324,0.345
936,324,0.279
945,324,0.343
954,324,0.416
963,324,0.341
972,324,-0.364
981,324,-0.295
990,324,-0.316
999,324,-0.294
1008,324,-0.235
1017,324,-0.253
1026,324,-0.271
1035,324,-0.251
1044,324,-0.311
1053,324,-0.332
1062,324,-0.354
1071,324,-0.33
1080,324,-0.352
1089,324,-0.328
1098,324,-0.264
1107,324,-0.283
1116,324,-0.349
1125,324,-0.282
1134,324,-0.224
1143,324,-0.175
1152,324,-0.16
1161,324,-0.146
1170,324,-0.111
1179,324,-0.1
1188,324,-0.109
1197,324,-0.119
1206,324,-0.108
1215,324,-0.118
1224,324,-0.106
1233,324,-0.078
1242,324,-0.056
1251,324,-0.049
1260,324,-0.055
1269,324,-0.048
1278,324,-0.042
1287,324,-0.047
1296,324,-0.041
1305,324,-0.036
1314,324,-0.024
1323,324,-0.02
1332,324,-0.013
1341,324,-0.008
1350,324,-0.012
1359,324,-0.025
1368,324,-0.036
1377,324,-0.031
1386,324,-0.045
1395,324,-0.05
1404,324,-0.034
1413,324,-0.048
1422,324,-0.042
1431,324,-0.036
1440,324,-0.066
1449,324,-0.045
1458,324,-0.039
1467,324,-0.056
1476,324,-0.062
1485,324,-0.054
1494,324,-0.046
1503,324,-0.03
1512,324,-0.044
1521,324,-0.049
1530,324,-0.042
1539,324,-0.047
1548,324,-0.052
1557,324,-0.033
1566,324,-0.028
1575,324,-0.042
1584,324,-0.062
1593,324,-0.039
1602,324,-0.044
1611,324,-0.05
1620,324,-0.056
1629,324,-0.046
1638,324,-0.052
1647,324,-0.133
1656,324,-0.148
1665,324,-0.128
1674,324,-0.143
1683,324,-0.123
1692,324,-0.137
1701,324,-0.252
1710,324,-0.281
1719,324,-0.314
1728,324,-0.278
1737,324,-0.187
1746,324,-0.211
1755,324,-0.238
1764,324,-0.205
1773,324,-0.126
1782,324,-0.144
1791,324,-0.117
1800,324,-0.189
1809,324,-0.218
1818,324,-0.253
1827,324,-0.209
1836,324,-0.476
1845,324,-0.568
1854,324,-0.496
1863,324,-0.283
1872,324,-0.219
1881,324,-0.085
1890,324,-0.1
1899,324,-0.255
1908,324,-0.886
1917,324,-0.161
9,333,-0
18,333,0.072
27,333,0.017
36,333,0.016
45,333,0.004
54,333,0.032
63,333,0.102
72,333,0.045
81,333,0.037
90,333,0.142
99,333,0.249
108,333,0.209
117,333,0.175
126,333,0.206
135,333,0.175
144,333,0.149
153,333,0.304
162,333,0.201
171,333,0.295
180,333,0.327
189,333,0.541
198,333,0.393
207,333,0.348
216,333,0.462
225,333,0.337
234,333,0.24
243,333,0.212
252,333,0.292
261,333,0.208
270,333,0.285
279,333,0.254
288,333,0.226
297,333,0.202
306,333,0.179
315,333,0.159
324,333,0.111
333,333,0.125
342,333,0.174
351,333,0.155
360,333,0.211
369,333,0.189
378,333,0.25
387,333,0.271
396,333,0.203
405,333,0.183
414,333,0.164
423,333,0.18
432,333,0.236
441,333,0.256
450,333,0.193
459,333,0.143
468,333,0.128
477,333,0.092
486,333,0.102
495,333,0.139
504,333,0.184
513,333,0.199
522,333,0.181
531,333,0.196
540,333,0.212
549,333,0.161
558,333,0.208
567,333,0.189
576,333,0.241
585,333,0.22
594,333,0.237
603,333,0.183
612,333,0.197
621,333,0.18
630,333,0.229
639,333,0.209
648,333,0.225
657,333,0.205
666,333,0.299
675,333,0.276
684,333,0.339
693,333,0.313
702,333,0.289
711,333,0.404
720,333,0.375
729,333,0.302
738,333,0.321
747,333,0.341
756,333,0.362
765,333,0.383
774,333,0.46
783,333,0.429
792,333,0.51
801,333,0.537
810,333,0.631
819,333,0.592
828,333,0.555
837,333,0.583
846,333,0.547
855,333,0.574
864,333,0.479
873,333,0.447
882,333,0.366
891,333,0.388
900,333,0.522
909,333,0.489
918,333,0.403
927,333,0.426
936,333,0.349
945,333,0.419
954,333,0.499
963,333,0.413
972,333,-0.436
981,333,-0.357
990,333,-0.378
999,333,-0.351
1008,333,-0.284
1017,333,-0.302
1026,333,-0.32
1035,333,-0.296
1044,333,-0.36
1053,333,-0.382
1062,333,-0.404
1071,333,-0.376
1080,333,-0.398
1089,333,-0.37
1098,333,-0.299
1107,333,-0.318
1116,333,-0.385
1125,333,-0.312
1134,333,-0.288
1143,333,-0.229
1152,333,-0.21
1161,333,-0.191
1170,333,-0.147
1179,333,-0.133
1188,333,-0.143
1197,333,-0.154
1206,333,-0.14
1215,333,-0.151
1224,333,-0.136
1233,333,-0.101
1242,333,-0.074
1251,333,-0.065
1260,333,-0.071
1269,333,-0.062
1278,333,-0.055
1287,333,-0.06
1296,333,-0.052
1305,333,-0.046
1314,333,-0.031
1323,333,-0.026
1332,333,-0.022
1341,333,-0.014
1350,333,-0.021
1359,333,-0.039
1368,333,-0.055
1377,333,-0.047
1386,333,-0.082
1395,333,-0.09
1404,333,-0.063
1413,333,-0.086
1422,333,-0.075
1431,333,-0.065
1440,333,-0.111
1449,333,-0.078
1458,333,-0.068
1467,333,-0.094
1476,333,-0.102
1485,333,-0.089
1494,333,-0.078
1503,333,-0.052
1512,333,-0.073
1521,333,-0.08
1530,333,-0.069
1539,333,-0.076
1548,333,-0.083
1557,333,-0.055
1566,333,-0.046
1575,333,-0.067
1584,333,-0.095
1593,333,-0.062
1602,333,-0.069
1611,333,-0.076
1620,333,-0.083
1629,333,-0.07
1638,333,-0.078
1647,333,-0.181
1656,333,-0.199
1665,333,-0.173
1674,333,-0.191
1683,333,-0.165
1692,333,-0.182
1701,333,-0.317
1710,333,-0.349
1719,333,-0.385
1728,333,-0.342
1737,333,-0.235
1746,333,-0.262
1755,333,-0.291
1764,333,-0.251
1773,333,-0.158
1782,333,-0.178
1791,333,-0.146
1800,333,-0.227
1809,333,-0.258
1818,333,-0.294
1827,333,-0.244
1836,333,-0.532
1845,333,-0.626
1854,333,-0.546
1863,333,-0.315
1872,333,-0.245
1881,333,-0.097
1890,333,-0.112
1899,333,-0.273
1908,333,-0.913
1917,333,-0.166
9,342,-0
18,342,0.067
27,342,0.015
36,342,0.014
45,342,0.003
54,342,0.027
63,342,0.087
72,342,0.037
81,342,0.03
90,342,0.12
99,342,0.213
108,342,0.176
117,342,0.145
126,342,0.171
135,342,0.143
144,342,0.119
153,342,0.252
162,342,0.162
171,342,0.241
180,342,0.268
189,342,0.453
198,342,0.322
207,342,0.281
216,342,0.378
225,342,0.269
234,342,0.186
243,342,0.162
252,342,0.227
261,342,0.157
270,342,0.219
279,342,0.192
288,342,0.169
297,342,0.23
306,342,0.204
315,342,0.18
324,342,0.126
333,342,0.139
342,342,0.19
351,342,0.169
360,342,0.225
369,342,0.2
378,342,0.261
387,342,0.281
396,342,0.21
405,342,0.187
414,342,0.167
423,342,0.219
432,342,0.28
441,342,0.299
450,342,0.271
459,342,0.205
468,342,0.184
477,342,0.165
486,342,0.178
495,342,0.229
504,342,0.288
513,342,0.307
522,342,0.279
531,342,0.297
540,342,0.315
549,342,0.246
558,342,0.306
567,342,0.279
576,342,0.343
585,342,0.314
594,342,0.332
603,342,0.262
612,342,0.278
621,342,0.295
630,342,0.36
639,342,0.331
648,342,0.349
657,342,0.321
666,342,0.442
675,342,0.409
684,342,0.487
693,342,0.451
702,342,0.418
711,342,0.558
720,342,0.52
729,342,0.426
738,342,0.448
747,342,0.47
756,342,0.492
765,342,0.515
774,342,0.604
783,342,0.563
792,342,0.729
801,342,0.759
810,342,0.87
819,342,0.819
828,342,0.851
837,342,0.883
846,342,0.832
855,342,0.864
864,342,0.736
873,342,0.691
882,342,0.581
891,342,0.607
900,342,0.779
909,342,0.733
918,342,0.619
927,342,0.645
936,342,0.541
945,342,0.631
954,342,0.73
963,342,0.617
972,342,-0.644
981,342,-0.539
990,342,-0.564
999,342,-0.527
1008,342,-0.436
1017,342,-0.457
1026,342,-0.479
1035,342,-0.446
1044,342,-0.526
1053,342,-0.551
1062,342,-0.576
1071,342,-0.538
1080,342,-0.564
1089,342,-0.526
1098,342,-0.434
1107,342,-0.456
1116,342,-0.539
1125,342,-0.445
1134,342,-0.413
1143,342,-0.335
1152,342,-0.308
1161,342,-0.283
1170,342,-0.223
1179,342,-0.203
1188,342,-0.216
1197,342,-0.229
1206,342,-0.208
1215,342,-0.221
1224,342,-0.201
1233,342,-0.154
1242,342,-0.115
1251,342,-0.102
1260,342,-0.11
1269,342,-0.097
1278,342,-0.086
1287,342,-0.092
1296,342,-0.081
1305,342,-0.071
1314,342,-0.049
1323,342,-0.042
1332,342,-0.036
1341,342,-0.024
1350,342,-0.034
1359,342,-0.059
1368,342,-0.08
1377,342,-0.069
1386,342,-0.138
1395,342,-0.148
1404,342,-0.108
1413,342,-0.141
1422,342,-0.125
1431,342,-0.11
1440,342,-0.174
1449,342,-0.127
1458,342,-0.112
1467,342,-0.147
1476,342,-0.158
1485,342,-0.14
1494,342,-0.122
1503,342,-0.085
1512,342,-0.115
1521,342,-0.124
1530,342,-0.108
1539,342,-0.117
1548,342,-0.126
1557,342,-0.086
1566,342,-0.073
1575,342,-0.102
1584,342,-0.138
1593,342,-0.094
1602,342,-0.102
1611,342,-0.111
1620,342,-0.12
1629,342,-0.102
1638,342,-0.111
1647,342,-0.241
1656,342,-0.261
1665,342,-0.228
1674,342,-0.248
1683,342,-0.216
1692,342,-0.235
1701,342,-0.392
1710,342,-0.427
1719,342,-0.465
1728,342,-0.414
1737,342,-0.29
1746,342,-0.319
1755,342,-0.351
1764,342,-0.304
1773,342,-0.196
1782,342,-0.217
1791,342,-0.178
1800,342,-0.269
1809,342,-0.302
1818,342,-0.34
1827,342,-0.282
1836,342,-0.592
1845,342,-0.688
1854,342,-0.599
1863,342,-0.35
1872,342,-0.272
1881,342,-0.11
1890,342,-0.124
1899,342,-0.292
1908,342,-0.94
1917,342,-0.171
9,351,-0
18,351,0.061
27,351,0.013
36,351,0.037
45,351,0.01
54,351,0.051
63,351,0.129
72,351,0.058
81,351,0.045
90,351,0.154
99,351,0.256
108,351,0.209
117,351,0.171
126,351,0.196
135,351,0.162
144,351,0.135
153,351,0.272
162,351,0.175
171,351,0.254
180,351,0.278
189,351,0.461
198,351,0.326
207,351,0.283
216,351,0.376
225,351,0.266
234,351,0.183
243,351,0.157
252,351,0.218
261,351,0.15
270,351,0.207
279,351,0.18
288,351,0.157
297,351,0.213
306,351,0.186
315,351,0.163
324,351,0.112
333,351,0.124
342,351,0.169
351,351,0.148
360,351,0.197
369,351,0.174
378,351,0.227
387,351,0.243
396,351,0.179
405,351,0.158
414,351,0.139
423,351,0.183
432,351,0.235
441,351,0.25
450,351,0.224
459,351,0.2
468,351,0.179
477,351,0.159
486,351,0.17
495,351,0.218
504,351,0.272
513,351,0.288
522,351,0.26
531,351,0.275
540,351,0.291
549,351,0.224
558,351,0.278
567,351,0.252
576,351,0.309
585,351,0.281
594,351,0.296
603,351,0.23
612,351,0.244
621,351,0.258
630,351,0.314
639,351,0.286
648,351,0.301
657,351,0.274
666,351,0.381
675,351,0.349
684,351,0.417
693,351,0.383
702,351,0.352
711,351,0.474
720,351,0.438
729,351,0.354
738,351,0.371
747,351,0.388
756,351,0.405
765,351,0.423
774,351,0.498
783,351,0.461
792,351,0.604
801,351,0.627
810,351,0.722
819,351,0.674
828,351,0.699
837,351,0.724
846,351,0.677
855,351,0.701
864,351,0.588
873,351,0.547
882,351,0.452
891,351,0.471
900,351,0.614
909,351,0.572
918,351,0.474
927,351,0.494
936,351,0.406
945,351,0.477
954,351,0.557
963,351,0.461
972,351,-0.481
981,351,-0.394
990,351,-0.412
999,351,-0.38
1008,351,-0.306
1017,351,-0.321
1026,351,-0.336
1035,351,-0.309
1044,351,-0.418
1053,351,-0.437
1062,351,-0.456
1071,351,-0.422
1080,351,-0.44
1089,351,-0.407
1098,351,-0.329
1107,351,-0.345
1116,351,-0.41
1125,351,-0.378
1134,351,-0.396
1143,351,-0.364
1152,351,-0.334
1161,351,-0.306
1170,351,-0.28
1179,351,-0.255
1188,351,-0.268
1197,351,-0.324
1206,351,-0.296
1215,351,-0.311
1224,351,-0.284
1233,351,-0.222
1242,351,-0.17
1251,351,-0.152
1260,351,-0.161
1269,351,-0.144
1278,351,-0.128
1287,351,-0.136
1296,351,-0.12
1305,351,-0.128
1314,351,-0.093
1323,351,-0.081
1332,351,-0.07
1341,351,-0.048
1350,351,-0.065
1359,351,-0.105
1368,351,-0.135
1377,351,-0.119
1386,351,-0.217
1395,351,-0.23
1404,351,-0.173
1413,351,-0.218
1422,351,-0.195
1431,351,-0.173
1440,351,-0.259
1449,351,-0.195
1458,351,-0.173
1467,351,-0.22
1476,351,-0.233
1485,351,-0.207
1494,351,-0.183
1503,351,-0.132
1512,351,-0.172
1521,351,-0.183
1530,351,-0.16
1539,351,-0.171
1548,351,-0.183
1557,351,-0.129
1566,351,-0.111
1575,351,-0.148
1584,351,-0.195
1593,351,-0.136
1602,351,-0.146
1611,351,-0.156
1620,351,-0.168
1629,351,-0.144
1638,351,-0.154
1647,351,-0.311
1656,351,-0.334
1665,351,-0.294
1674,351,-0.316
1683,351,-0.276
1692,351,-0.297
1701,351,-0.476
1710,351,-0.513
1719,351,-0.554
1728,351,-0.495
1737,351,-0.353
1746,351,-0.384
1755,351,-0.417
1764,351,-0.362
1773,351,-0.238
1782,351,-0.261
1791,351,-0.215
1800,351,-0.316
1809,351,-0.35
1818,351,-0.39
1827,351,-0.324
1836,351,-0.655
1845,351,-0.752
1854,351,-0.654
1863,351,-0.387
1872,351,-0.3
1881,351,-0.124
1890,351,-0.137
1899,351,-0.311
1908,351,-0.968
1917,351,-0.176
9,360,-0
18,360,0.056
27,360,0.011
36,360,0.032
45,360,0.009
54,360,0.043
63,360,0.112
72,360,0.048
81,360,0.065
90,360,0.194
99,360,0.303
108,360,0.246
117,360,0.2
126,360,0.223
135,360,0.183
144,360,0.151
153,360,0.293
162,360,0.188
171,360,0.267
180,360,0.289
189,360,0.47
198,360,0.331
207,360,0.285
216,360,0.374
225,360,0.263
234,360,0.179
243,360,0.153
252,360,0.21
261,360,0.143
270,360,0.196
279,360,0.169
288,360,0.145
297,360,0.196
306,360,0.17
315,360,0.147
324,360,0.1
333,360,0.109
342,360,0.149
351,360,0.129
360,360,0.172
369,360,0.15
378,360,0.197
387,360,0.21
396,360,0.151
405,360,0.132
414,360,0.115
423,360,0.152
432,360,0.196
441,360,0.208
450,360,0.184
459,360,0.163
468,360,0.143
477,360,0.126
486,360,0.134
495,360,0.173
504,360,0.218
513,360,0.23
522,360,0.206
531,360,0.217
540,360,0.229
549,360,0.172
558,360,0.216
567,360,0.193
576,360,0.239
585,360,0.214
594,360,0.226
603,360,0.171
612,360,0.181
621,360,0.191
630,360,0.235
639,360,0.212
648,360,0.222
657,360,0.2
666,360,0.327
675,360,0.297
684,360,0.405
693,360,0.37
702,360,0.338
711,360,0.454
720,360,0.416
729,360,0.334
738,360,0.348
747,360,0.363
756,360,0.377
765,360,0.392
774,360,0.461
783,360,0.423
792,360,0.555
801,360,0.573
810,360,0.66
819,360,0.613
828,360,0.633
837,360,0.653
846,360,0.674
855,360,0.696
864,360,0.647
873,360,0.601
882,360,0.498
891,360,0.516
900,360,0.734
909,360,0.684
918,360,0.572
927,360,0.591
936,360,0.49
945,360,0.567
954,360,0.653
963,360,0.544
972,360,-0.563
981,360,-0.465
990,360,-0.482
999,360,-0.445
1008,360,-0.361
1017,360,-0.376
1026,360,-0.391
1035,360,-0.358
1044,360,-0.533
1053,360,-0.552
1062,360,-0.572
1071,360,-0.53
1080,360,-0.549
1089,360,-0.508
1098,360,-0.416
1107,360,-0.432
1116,360,-0.505
1125,360,-0.466
1134,360,-0.484
1143,360,-0.446
1152,360,-0.41
1161,360,-0.376
1170,360,-0.344
1179,360,-0.314
1188,360,-0.327
1197,360,-0.389
1206,360,-0.356
1215,360,-0.371
1224,360,-0.338
1233,360,-0.267
1242,360,-0.207
1251,360,-0.185
1260,360,-0.194
1269,360,-0.173
1278,360,-0.154
1287,360,-0.162
1296,360,-0.143
1305,360,-0.151
1314,360,-0.11
1323,360,-0.096
1332,360,-0.083
1341,360,-0.058
1350,360,-0.093
1359,360,-0.144
1368,360,-0.181
1377,360,-0.16
1386,360,-0.277
1395,360,-0.29
1404,360,-0.221
1413,360,-0.273
1422,360,-0.244
1431,360,-0.218
1440,360,-0.316
1449,360,-0.241
1458,360,-0.214
1467,360,-0.266
1476,360,-0.28
1485,360,-0.249
1494,360,-0.221
1503,360,-0.161
1512,360,-0.205
1521,360,-0.216
1530,360,-0.19
1539,360,-0.2
1548,360,-0.212
1557,360,-0.151
1566,360,-0.129
1575,360,-0.169
1584,360,-0.219
1593,360,-0.154
1602,360,-0.163
1611,360,-0.173
1620,360,-0.184
1629,360,-0.157
1638,360,-0.167
1647,360,-0.328
1656,360,-0.348
1665,360,-0.305
1674,360,-0.325
1683,360,-0.283
1692,360,-0.301
1701,360,-0.476
1710,360,-0.509
1719,360,-0.545
1728,360,-0.483
1737,360,-0.341
1746,360,-0.367
1755,360,-0.396
1764,360,-0.339
1773,360,-0.219
1782,360,-0.237
1791,360,-0.192
1800,360,-0.279
1809,360,-0.305
1818,360,-0.443
1827,360,-0.369
1836,360,-0.721
1845,360,-0.82
1854,360,-0.712
1863,360,-0.426
1872,360,-0.33
1881,360,-0.139
1890,360,-0.151
1899,360,-0.331
1908,360,-0.995
1917,360,-0.181
9,369,-0
18,369,0.052
27,369,0.01
36,369,0.07
45,369,0.021
54,369,0.074
63,369,0.16
72,369,0.072
81,369,0.091
90,369,0.238
99,369,0.354
108,369,0.286
117,369,0.231
126,369,0.252
135,369,0.206
144,369,0.225
153,369,0.396
162,369,0.262
171,369,0.353
180,369,0.373
189,369,0.574
198,369,0.412
207,369,0.354
216,369,0.45
225,369,0.321
234,369,0.222
243,369,0.189
252,369,0.252
261,369,0.173
270,369,0.23
279,369,0.198
288,369,0.17
297,369,0.224
306,369,0.193
315,369,0.167
324,369,0.114
333,369,0.123
342,369,0.163
351,369,0.141
360,369,0.184
369,369,0.16
378,369,0.206
387,369,0.218
396,369,0.157
405,369,0.136
414,369,0.145
423,369,0.186
432,369,0.234
441,369,0.246
450,369,0.217
459,369,0.191
468,369,0.168
477,369,0.147
486,369,0.156
495,369,0.196
504,369,0.243
513,369,0.254
522,369,0.226
531,369,0.237
540,369,0.247
549,369,0.186
558,369,0.23
567,369,0.205
576,369,0.251
585,369,0.224
594,369,0.234
603,369,0.177
612,369,0.186
621,369,0.194
630,369,0.238
639,369,0.212
648,369,0.258
657,369,0.231
666,369,0.367
675,369,0.333
684,369,0.446
693,369,0.407
702,369,0.37
711,369,0.489
720,369,0.448
729,369,0.36
738,369,0.373
747,369,0.386
756,369,0.399
765,369,0.412
774,369,0.479
783,369,0.439
792,369,0.634
801,369,0.651
810,369,0.741
819,369,0.687
828,369,0.706
837,369,0.724
846,369,0.743
855,369,0.763
864,369,0.709
873,369,0.657
882,369,0.546
891,369,0.562
900,369,0.786
909,369,0.732
918,369,0.613
927,369,0.63
936,369,0.523
945,369,0.6
954,369,0.684
963,369,0.571
972,369,-0.588
981,369,-0.485
990,369,-0.5
999,369,-0.46
1008,369,-0.373
1017,369,-0.386
1026,369,-0.399
1035,369,-0.365
1044,369,-0.537
1053,369,-0.553
1062,369,-0.57
1071,369,-0.526
1080,369,-0.542
1089,369,-0.5
1098,369,-0.407
1107,369,-0.421
1116,369,-0.49
1125,369,-0.45
1134,369,-0.465
1143,369,-0.426
1152,369,-0.389
1161,369,-0.355
1170,369,-0.322
1179,369,-0.292
1188,369,-0.303
1197,369,-0.359
1206,369,-0.326
1215,369,-0.338
1224,369,-0.306
1233,369,-0.238
1242,369,-0.182
1251,369,-0.161
1260,369,-0.168
1269,369,-0.148
1278,369,-0.13
1287,369,-0.136
1296,369,-0.119
1305,369,-0.124
1314,369,-0.089
1323,369,-0.076
1332,369,-0.065
1341,369,-0.044
1350,369,-0.072
1359,369,-0.113
1368,369,-0.142
1377,369,-0.123
1386,369,-0.218
1395,369,-0.228
1404,369,-0.17
1413,369,-0.21
1422,369,-0.22
1431,369,-0.193
1440,369,-0.281
1449,369,-0.211
1458,369,-0.185
1467,369,-0.272
1476,369,-0.332
1485,369,-0.296
1494,369,-0.263
1503,369,-0.194
1512,369,-0.242
1521,369,-0.253
1530,369,-0.222
1539,369,-0.232
1548,369,-0.243
1557,369,-0.175
1566,369,-0.15
1575,369,-0.192
1584,369,-0.244
1593,369,-0.173
1602,369,-0.182
1611,369,-0.191
1620,369,-0.201
1629,369,-0.171
1638,369,-0.18
1647,369,-0.345
1656,369,-0.363
1665,369,-0.317
1674,369,-0.334
1683,369,-0.289
1692,369,-0.305
1701,369,-0.477
1710,369,-0.505
1719,369,-0.536
1728,369,-0.471
1737,369,-0.33
1746,369,-0.352
1755,369,-0.375
1764,369,-0.317
1773,369,-0.202
1782,369,-0.215
1791,369,-0.171
1800,369,-0.246
1809,369,-0.265
1818,369,-0.382
1827,369,-0.31
1836,369,-0.609
1845,369,-0.681
1854,369,-0.573
1863,369,-0.322
1872,369,-0.235
1881,369,-0.154
1890,369,-0.166
1899,369,-0.352
1908,369,-1.023
1917,369,-0.186
9,378,-0
18,378,0.047
27,378,0.009
36,378,0.062
45,378,0.018
54,378,0.064
63,378,0.14
72,378,0.061
81,378,0.077
90,378,0.288
99,378,0.41
108,378,0.329
117,378,0.265
126,378,0.283
135,378,0.229
144,378,0.246
153,378,0.42
162,378,0.352
171,378,0.454
180,378,0.47
189,378,0.691
198,378,0.502
207,378,0.432
216,378,0.534
225,378,0.386
234,378,0.271
243,378,0.23
252,378,0.297
261,378,0.255
270,378,0.324
279,378,0.28
288,378,0.241
297,378,0.305
306,378,0.264
315,378,0.228
324,378,0.16
333,378,0.169
342,378,0.217
351,378,0.188
360,378,0.238
369,378,0.206
378,378,0.258
387,378,0.269
396,378,0.197
405,378,0.171
414,378,0.179
423,378,0.224
432,378,0.276
441,378,0.287
450,378,0.253
459,378,0.223
468,378,0.195
477,378,0.171
486,378,0.178
495,378,0.221
504,378,0.269
513,378,0.279
522,378,0.248
531,378,0.257
540,378,0.266
549,378,0.201
558,378,0.245
567,378,0.217
576,378,0.263
585,378,0.234
594,378,0.242
603,378,0.183
612,378,0.19
621,378,0.198
630,378,0.24
639,378,0.213
648,378,0.257
657,378,0.229
666,378,0.361
675,378,0.325
684,378,0.433
693,378,0.393
702,378,0.356
711,378,0.469
720,378,0.427
729,378,0.387
738,378,0.398
747,378,0.409
756,378,0.42
765,378,0.432
774,378,0.498
783,378,0.455
792,378,0.649
801,378,0.664
810,378,0.75
819,378,0.694
828,378,0.709
837,378,0.725
846,378,0.74
855,378,0.756
864,378,0.7
873,378,0.716
882,378,0.597
891,378,0.611
900,378,0.84
909,378,0.781
918,378,0.655
927,378,0.67
936,378,0.556
945,378,0.633
954,378,0.717
963,378,0.598
972,378,-0.612
981,378,-0.505
990,378,-0.518
999,378,-0.475
1008,378,-0.385
1017,378,-0.396
1026,378,-0.407
1035,378,-0.371
1044,378,-0.54
1053,378,-0.554
1062,378,-0.568
1071,378,-0.522
1080,378,-0.536
1089,378,-0.55
1098,378,-0.45
1107,378,-0.462
1116,378,-0.532
1125,378,-0.488
1134,378,-0.501
1143,378,-0.458
1152,378,-0.418
1161,378,-0.38
1170,378,-0.344
1179,378,-0.311
1188,378,-0.321
1197,378,-0.376
1206,378,-0.341
1215,378,-0.351
1224,378,-0.317
1233,378,-0.247
1242,378,-0.188
1251,378,-0.166
1260,378,-0.172
1269,378,-0.151
1278,378,-0.131
1287,378,-0.162
1296,378,-0.141
1305,378,-0.147
1314,378,-0.106
1323,378,-0.091
1332,378,-0.077
1341,378,-0.053
1350,378,-0.084
1359,378,-0.128
1368,378,-0.159
1377,378,-0.138
1386,378,-0.237
1395,378,-0.246
1404,378,-0.183
1413,378,-0.224
1422,378,-0.232
1431,378,-0.204
1440,378,-0.292
1449,378,-0.219
1458,378,-0.191
1467,378,-0.277
1476,378,-0.336
1485,378,-0.298
1494,378,-0.263
1503,378,-0.23
1512,378,-0.283
1521,378,-0.293
1530,378,-0.257
1539,378,-0.267
1548,378,-0.277
1557,378,-0.201
1566,378,-0.172
1575,378,-0.217
1584,378,-0.272
1593,378,-0.194
1602,378,-0.202
1611,378,-0.21
1620,378,-0.219
1629,378,-0.186
1638,378,-0.194
1647,378,-0.362
1656,378,-0.378
1665,378,-0.329
1674,378,-0.344
1683,378,-0.296
1692,378,-0.31
1701,378,-0.477
1710,378,-0.501
1719,378,-0.527
1728,378,-0.46
1737,378,-0.32
1746,378,-0.337
1755,378,-0.355
1764,378,-0.297
1773,378,-0.185
1782,378,-0.195
1791,378,-0.151
1800,378,-0.217
1809,378,-0.229
1818,378,-0.329
1827,378,-0.26
1836,378,-0.512
1845,378,-0.562
1854,378,-0.457
1863,378,-0.24
1872,378,-0.163
1881,378,-0.097
1890,378,-0.095
1899,378,-0.373
1908,378,-1.051
1917,378,-0.191
9,387,-0
18,387,0.043
27,387,0.008
36,387,0.055
45,387,0.015
54,387,0.055
63,387,0.122
72,387,0.051
81,387,0.064
90,387,0.252
99,387,0.36
108,387,0.285
117,387,0.225
126,387,0.24
135,387,0.192
144,387,0.205
153,387,0.357
162,387,0.295
171,387,0.383
180,387,0.396
189,387,0.591
198,387,0.421
207,387,0.357
216,387,0.445
225,387,0.314
234,387,0.214
243,387,0.179
252,387,0.234
261,387,0.198
270,387,0.254
279,387,0.216
288,387,0.183
297,387,0.234
306,387,0.2
315,387,0.17
324,387,0.115
333,387,0.121
342,387,0.158
351,387,0.134
360,387,0.173
369,387,0.148
378,387,0.188
387,387,0.195
396,387,0.138
405,387,0.117
414,387,0.123
423,387,0.157
432,387,0.196
441,387,0.203
450,387,0.176
459,387,0.152
468,387,0.131
477,387,0.112
486,387,0.117
495,387,0.148
504,387,0.183
513,387,0.19
522,387,0.165
531,387,0.171
540,387,0.177
549,387,0.129
558,387,0.16
567,387,0.166
576,387,0.202
585,387,0.177
594,387,0.183
603,387,0.135
612,387,0.14
621,387,0.145
630,387,0.177
639,387,0.155
648,387,0.189
657,387,0.166
666,387,0.27
675,387,0.24
684,387,0.326
693,387,0.292
702,387,0.26
711,387,0.35
720,387,0.314
729,387,0.282
738,387,0.289
747,387,0.296
756,387,0.303
765,387,0.311
774,387,0.362
783,387,0.326
792,387,0.481
801,387,0.491
810,387,0.559
819,387,0.511
828,387,0.521
837,387,0.531
846,387,0.542
855,387,0.552
864,387,0.505
873,387,0.515
882,387,0.418
891,387,0.427
900,387,0.607
909,387,0.557
918,387,0.455
927,387,0.465
936,387,0.423
945,387,0.541
954,387,0.614
963,387,0.505
972,387,-0.574
981,387,-0.471
990,387,-0.481
999,387,-0.438
1008,387,-0.352
1017,387,-0.36
1026,387,-0.368
1035,387,-0.332
1044,387,-0.487
1053,387,-0.497
1062,387,-0.508
1071,387,-0.463
1080,387,-0.473
1089,387,-0.484
1098,387,-0.391
1107,387,-0.4
1116,387,-0.516
1125,387,-0.471
1134,387,-0.481
1143,387,-0.438
1152,387,-0.397
1161,387,-0.359
1170,387,-0.323
1179,387,-0.289
1188,387,-0.297
1197,387,-0.347
1206,387,-0.312
1215,387,-0.32
1224,387,-0.286
1233,387,-0.22
1242,387,-0.166
1251,387,-0.144
1260,387,-0.149
1269,387,-0.129
1278,387,-0.111
1287,387,-0.137
1296,387,-0.118
1305,387,-0.121
1314,387,-0.086
1323,387,-0.072
1332,387,-0.061
1341,387,-0.04
1350,387,-0.065
1359,387,-0.1
1368,387,-0.124
1377,387,-0.106
1386,387,-0.187
1395,387,-0.192
1404,387,-0.139
1413,387,-0.171
1422,387,-0.176
1431,387,-0.152
1440,387,-0.221
1449,387,-0.161
1458,387,-0.138
1467,387,-0.204
1476,387,-0.248
1485,387,-0.216
1494,387,-0.186
1503,387,-0.159
1512,387,-0.198
1521,387,-0.203
1530,387,-0.174
1539,387,-0.18
1548,387,-0.185
1557,387,-0.128
1566,387,-0.106
1575,387,-0.136
1584,387,-0.172
1593,387,-0.116
1602,387,-0.119
1611,387,-0.123
1620,387,-0.127
1629,387,-0.103
1638,387,-0.106
1647,387,-0.215
1656,387,-0.222
1665,387,-0.185
1674,387,-0.238
1683,387,-0.246
1692,387,-0.255
1701,387,-0.477
1710,387,-0.497
1719,387,-0.519
1728,387,-0.449
1737,387,-0.309
1746,387,-0.323
1755,387,-0.337
1764,387,-0.278
1773,387,-0.17
1782,387,-0.234
1791,387,-0.183
1800,387,-0.256
1809,387,-0.268
1818,387,-0.376
1827,387,-0.298
1836,387,-0.567
1845,387,-0.618
1854,387,-0.502
1863,387,-0.267
1872,387,-0.182
1881,387,-0.109
1890,387,-0.105
1899,387,-0.394
1908,387,-1.079
1917,387,-0.196
9,396,-0
18,396,0.04
27,396,0.027
36,396,0.105
45,396,0.033
54,396,0.089
63,396,0.171
72,396,0.075
81,396,0.138
90,396,0.405
99,396,0.533
108,396,0.425
117,396,0.339
126,396,0.349
135,396,0.281
144,396,0.291
153,396,0.47
162,396,0.389
171,396,0.487
180,396,0.495
189,396,0.708
198,396,0.511
207,396,0.434
216,396,0.527
225,396,0.376
234,396,0.26
243,396,0.218
252,396,0.277
261,396,0.234
270,396,0.293
279,396,0.249
288,396,0.21
297,396,0.264
306,396,0.225
315,396,0.19
324,396,0.129
333,396,0.135
342,396,0.173
351,396,0.146
360,396,0.185
369,396,0.157
378,396,0.197
387,396,0.203
396,396,0.143
405,396,0.121
414,396,0.125
423,396,0.158
432,396,0.196
441,396,0.201
450,396,0.173
459,396,0.179
468,396,0.154
477,396,0.131
486,396,0.136
495,396,0.168
504,396,0.205
513,396,0.21
522,396,0.183
531,396,0.188
540,396,0.193
549,396,0.14
558,396,0.172
567,396,0.176
576,396,0.213
585,396,0.186
594,396,0.191
603,396,0.14
612,396,0.144
621,396,0.148
630,396,0.179
639,396,0.156
648,396,0.188
657,396,0.164
666,396,0.265
675,396,0.235
684,396,0.317
693,396,0.282
702,396,0.25
711,396,0.335
720,396,0.299
729,396,0.266
738,396,0.271
747,396,0.277
756,396,0.282
765,396,0.288
774,396,0.334
783,396,0.299
792,396,0.441
801,396,0.448
810,396,0.51
819,396,0.463
828,396,0.47
837,396,0.477
846,396,0.485
855,396,0.492
864,396,0.446
873,396,0.454
882,396,0.364
891,396,0.37
900,396,0.531
909,396,0.483
918,396,0.39
927,396,0.396
936,396,0.357
945,396,0.46
954,396,0.522
963,396,0.424
972,396,-0.483
981,396,-0.438
990,396,-0.445
999,396,-0.403
1008,396,-0.32
1017,396,-0.326
1026,396,-0.332
1035,396,-0.298
1044,396,-0.438
1053,396,-0.445
1062,396,-0.453
1071,396,-0.41
1080,396,-0.417
1089,396,-0.424
1098,396,-0.338
1107,396,-0.344
1116,396,-0.447
1125,396,-0.404
1134,396,-0.411
1143,396,-0.37
1152,396,-0.332
1161,396,-0.297
1170,396,-0.264
1179,396,-0.234
1188,396,-0.239
1197,396,-0.28
1206,396,-0.248
1215,396,-0.253
1224,396,-0.224
1233,396,-0.168
1242,396,-0.123
1251,396,-0.105
1260,396,-0.107
1269,396,-0.091
1278,396,-0.077
1287,396,-0.095
1296,396,-0.081
1305,396,-0.082
1314,396,-0.056
1323,396,-0.046
1332,396,-0.037
1341,396,-0.024
1350,396,-0.039
1359,396,-0.062
1368,396,-0.079
1377,396,-0.065
1386,396,-0.121
1395,396,-0.123
1404,396,-0.085
1413,396,-0.106
1422,396,-0.109
1431,396,-0.091
1440,396,-0.137
1449,396,-0.095
1458,396,-0.078
1467,396,-0.121
1476,396,-0.179
1485,396,-0.152
1494,396,-0.128
1503,396,-0.107
1512,396,-0.134
1521,396,-0.137
1530,396,-0.114
1539,396,-0.116
1548,396,-0.119
1557,396,-0.077
1566,396,-0.062
1575,396,-0.08
1584,396,-0.103
1593,396,-0.065
1602,396,-0.085
1611,396,-0.086
1620,396,-0.088
1629,396,-0.069
1638,396,-0.07
1647,396,-0.149
1656,396,-0.152
1665,396,-0.123
1674,396,-0.159
1683,396,-0.204
1692,396,-0.209
1701,396,-0.397
1710,396,-0.41
1719,396,-0.424
1728,396,-0.359
1737,396,-0.371
1746,396,-0.385
1755,396,-0.399
1764,396,-0.331
1773,396,-0.207
1782,396,-0.278
1791,396,-0.219
1800,396,-0.299
1809,396,-0.311
1818,396,-0.426
1827,396,-0.339
1836,396,-0.626
1845,396,-0.675
1854,396,-0.55
1863,396,-0.297
1872,396,-0.203
1881,396,-0.122
1890,396,-0.116
1899,396,-0.417
1908,396,-1.107
1917,396,-0.201
9,405,-0
18,405,0.036
27,405,0.024
36,405,0.095
45,405,0.028
54,405,0.078
63,405,0.151
72,405,0.064
81,405,0.119
90,405,0.359
99,405,0.474
108,405,0.373
117,405,0.292
126,405,0.3
135,405,0.308
144,405,0.315
153,405,0.496
162,405,0.409
171,405,0.503
180,405,0.507
189,405,0.716
198,405,0.515
207,405,0.519
216,405,0.616
225,405,0.445
234,405,0.312
243,405,0.261
252,405,0.324
261,405,0.273
270,405,0.335
279,405,0.284
288,405,0.24
297,405,0.295
306,405,0.25
315,405,0.212
324,405,0.145
333,405,0.149
342,405,0.187
351,405,0.158
360,405,0.197
369,405,0.166
378,405,0.206
387,405,0.21
396,405,0.148
405,405,0.152
414,405,0.156
423,405,0.191
432,405,0.232
441,405,0.236
450,405,0.204
459,405,0.208
468,405,0.178
477,405,0.153
486,405,0.156
495,405,0.19
504,405,0.228
513,405,0.232
522,405,0.201
531,405,0.205
540,405,0.209
549,405,0.152
558,405,0.184
567,405,0.187
576,405,0.224
585,405,0.194
594,405,0.198
603,405,0.145
612,405,0.148
621,405,0.151
630,405,0.181
639,405,0.157
648,405,0.188
657,405,0.163
666,405,0.261
675,405,0.23
684,405,0.308
693,405,0.273
702,405,0.24
711,405,0.32
720,405,0.284
729,405,0.251
738,405,0.255
747,405,0.258
756,405,0.262
765,405,0.266
774,405,0.308
783,405,0.273
792,405,0.404
801,405,0.409
810,405,0.464
819,405,0.418
828,405,0.423
837,405,0.428
846,405,0.433
855,405,0.438
864,405,0.394
873,405,0.398
882,405,0.315
891,405,0.319
900,405,0.462
909,405,0.417
918,405,0.332
927,405,0.336
936,405,0.3
945,405,0.388
954,405,0.442
963,405,0.353
972,405,-0.402
981,405,-0.361
990,405,-0.366
999,405,-0.327
1008,405,-0.256
1017,405,-0.259
1026,405,-0.262
1035,405,-0.232
1044,405,-0.348
1053,405,-0.398
1062,405,-0.403
1071,405,-0.362
1080,405,-0.366
1089,405,-0.371
1098,405,-0.292
1107,405,-0.295
1116,405,-0.385
1125,405,-0.345
1134,405,-0.349
1143,405,-0.311
1152,405,-0.276
1161,405,-0.244
1170,405,-0.214
1179,405,-0.187
1188,405,-0.19
1197,405,-0.223
1206,405,-0.226
1215,405,-0.265
1224,405,-0.233
1233,405,-0.175
1242,405,-0.128
1251,405,-0.109
1260,405,-0.11
1269,405,-0.093
1278,405,-0.078
1287,405,-0.096
1296,405,-0.08
1305,405,-0.081
1314,405,-0.055
1323,405,-0.056
1332,405,-0.045
1341,405,-0.029
1350,405,-0.047
1359,405,-0.072
1368,405,-0.089
1377,405,-0.074
1386,405,-0.133
1395,405,-0.135
1404,405,-0.094
1413,405,-0.115
1422,405,-0.117
1431,405,-0.097
1440,405,-0.144
1449,405,-0.1
1458,405,-0.082
1467,405,-0.125
1476,405,-0.182
1485,405,-0.154
1494,405,-0.129
1503,405,-0.107
1512,405,-0.132
1521,405,-0.134
1530,405,-0.111
1539,405,-0.112
1548,405,-0.113
1557,405,-0.073
1566,405,-0.058
1575,405,-0.074
1584,405,-0.095
1593,405,-0.059
1602,405,-0.076
1611,405,-0.076
1620,405,-0.077
1629,405,-0.059
1638,405,-0.059
1647,405,-0.127
1656,405,-0.128
1665,405,-0.101
1674,405,-0.131
1683,405,-0.167
1692,405,-0.169
1701,405,-0.328
1710,405,-0.336
1719,405,-0.343
1728,405,-0.351
1737,405,-0.36
1746,405,-0.369
1755,405,-0.379
1764,405,-0.31
1773,405,-0.191
1782,405,-0.254
1791,405,-0.196
1800,405,-0.265
1809,405,-0.271
1818,405,-0.369
1827,405,-0.286
1836,405,-0.529
1845,405,-0.561
1854,405,-0.441
1863,405,-0.328
1872,405,-0.225
1881,405,-0.136
1890,405,-0.128
1899,405,-0.439
1908,405,-1.136
1917,405,-0.206
9,414,0.051
18,414,0.247
27,414,0.14
36,414,0.277
45,414,0.18
54,414,0.294
63,414,0.421
72,414,0.215
81,414,0.312
90,414,0.684
99,414,0.825
108,414,0.662
117,414,0.53
126,414,0.527
135,414,0.525
144,414,0.523
153,414,0.75
162,414,0.626
171,414,0.736
180,414,0.73
189,414,0.973
198,414,0.72
207,414,0.716
216,414,0.823
225,414,0.61
234,414,0.441
243,414,0.372
252,414,0.445
261,414,0.378
270,414,0.448
279,414,0.383
288,414,0.325
297,414,0.388
306,414,0.331
315,414,0.281
324,414,0.197
333,414,0.2
342,414,0.244
351,414,0.206
360,414,0.25
369,414,0.212
378,414,0.256
387,414,0.259
396,414,0.185
405,414,0.187
414,414,0.19
423,414,0.229
432,414,0.272
441,414,0.275
450,414,0.237
459,414,0.239
468,414,0.206
477,414,0.176
486,414,0.178
495,414,0.213
504,414,0.252
513,414,0.255
522,414,0.22
531,414,0.223
540,414,0.225
549,414,0.165
558,414,0.197
567,414,0.199
576,414,0.234
585,414,0.203
594,414,0.205
603,414,0.15
612,414,0.152
621,414,0.154
630,414,0.183
639,414,0.158
648,414,0.187
657,414,0.162
666,414,0.257
675,414,0.225
684,414,0.3
693,414,0.264
702,414,0.231
711,414,0.306
720,414,0.27
729,414,0.237
738,414,0.239
747,414,0.241
756,414,0.243
765,414,0.245
774,414,0.283
783,414,0.249
792,414,0.37
801,414,0.373
810,414,0.423
819,414,0.378
828,414,0.38
837,414,0.383
846,414,0.385
855,414,0.388
864,414,0.346
873,414,0.349
882,414,0.272
891,414,0.274
900,414,0.401
909,414,0.358
918,414,0.281
927,414,0.283
936,414,0.25
945,414,0.326
954,414,0.371
963,414,0.291
972,414,-0.333
981,414,-0.296
990,414,-0.298
999,414,-0.263
1008,414,-0.201
1017,414,-0.203
1026,414,-0.204
1035,414,-0.178
1044,414,-0.273
1053,414,-0.314
1062,414,-0.316
1071,414,-0.28
1080,414,-0.282
1089,414,-0.284
1098,414,-0.218
1107,414,-0.219
1116,414,-0.29
1125,414,-0.256
1134,414,-0.258
1143,414,-0.226
1152,414,-0.197
1161,414,-0.171
1170,414,-0.147
1179,414,-0.126
1188,414,-0.127
1197,414,-0.151
1206,414,-0.152
1215,414,-0.179
1224,414,-0.154
1233,414,-0.111
1242,414,-0.077
1251,414,-0.064
1260,414,-0.078
1269,414,-0.065
1278,414,-0.053
1287,414,-0.065
1296,414,-0.054
1305,414,-0.054
1314,414,-0.035
1323,414,-0.035
1332,414,-0.028
1341,414,-0.017
1350,414,-0.028
1359,414,-0.044
1368,414,-0.055
1377,414,-0.044
1386,414,-0.084
1395,414,-0.084
1404,414,-0.056
1413,414,-0.069
1422,414,-0.069
1431,414,-0.056
1440,414,-0.086
1449,414,-0.056
1458,414,-0.044
1467,414,-0.07
1476,414,-0.106
1485,414,-0.13
1494,414,-0.107
1503,414,-0.087
1512,414,-0.107
1521,414,-0.108
1530,414,-0.087
1539,414,-0.087
1548,414,-0.087
1557,414,-0.069
1566,414,-0.054
1575,414,-0.069
1584,414,-0.109
1593,414,-0.068
1602,414,-0.086
1611,414,-0.086
1620,414,-0.086
1629,414,-0.066
1638,414,-0.066
1647,414,-0.136
1656,414,-0.171
1665,414,-0.137
1674,414,-0.172
1683,414,-0.215
1692,414,-0.216
1701,414,-0.399
1710,414,-0.405
1719,414,-0.412
1728,414,-0.419
1737,414,-0.427
1746,414,-0.435
1755,414,-0.444
1764,414,-0.366
1773,414,-0.23
1782,414,-0.299
1791,414,-0.233
1800,414,-0.308
1809,414,-0.313
1818,414,-0.418
1827,414,-0.325
1836,414,-0.585
1845,414,-0.615
1854,414,-0.484
1863,414,-0.361
1872,414,-0.249
1881,414,-0.151
1890,414,-0.14
1899,414,-0.463
1908,414,-1.164
1917,414,-0.211
9,423,0.049
18,423,0.233
27,423,0.129
36,423,0.255
45,423,0.162
54,423,0.266
63,423,0.382
72,423,0.19
81,423,0.276
90,423,0.619
99,423,0.747
108,423,0.591
117,423,0.467
126,423,0.462
135,423,0.458
144,423,0.454
153,423,0.659
162,423,0.543
171,423,0.64
180,423,0.633
189,423,0.852
198,423,0.619
207,423,0.613
216,423,0.707
225,423,0.514
234,423,0.363
243,423,0.301
252,423,0.362
261,423,0.303
270,423,0.363
279,423,0.305
288,423,0.305
297,423,0.363
306,423,0.307
315,423,0.258
324,423,0.216
333,423,0.218
342,423,0.262
351,423,0.22
360,423,0.264
369,423,0.223
378,423,0.312
387,423,0.313
396,423,0.227
405,423,0.228
414,423,0.229
423,423,0.27
432,423,0.316
441,423,0.317
450,423,0.273
459,423,0.274
468,423,0.275
477,423,0.236
486,423,0.237
495,423,0.277
504,423,0.321
513,423,0.322
522,423,0.322
531,423,0.323
540,423,0.37
549,423,0.281
558,423,0.324
567,423,0.325
576,423,0.371
585,423,0.326
594,423,0.327
603,423,0.248
612,423,0.249
621,423,0.249
630,423,0.288
639,423,0.251
648,423,0.289
657,423,0.252
666,423,0.376
675,423,0.332
684,423,0.425
693,423,0.377
702,423,0.333
711,423,0.426
720,423,0.379
729,423,0.335
738,423,0.335
747,423,0.336
756,423,0.337
765,423,0.337
774,423,0.382
783,423,0.338
792,423,0.482
801,423,0.482
810,423,0.538
819,423,0.483
828,423,0.484
837,423,0.484
846,423,0.485
855,423,0.485
864,423,0.435
873,423,0.435
882,423,0.345
891,423,0.345
900,423,0.489
909,423,0.438
918,423,0.347
927,423,0.348
936,423,0.308
945,423,0.393
954,423,0.442
963,423,0.35
972,423,-0.395
981,423,-0.352
990,423,-0.352
999,423,-0.312
1008,423,-0.241
1017,423,-0.241
1026,423,-0.242
1035,423,-0.211
1044,423,-0.315
1053,423,-0.357
1062,423,-0.358
1071,423,-0.359
1080,423,-0.359
1089,423,-0.36
1098,423,-0.281
1107,423,-0.281
1116,423,-0.362
1125,423,-0.321
1134,423,-0.322
1143,423,-0.283
1152,423,-0.248
1161,423,-0.249
1170,423,-0.216
1179,423,-0.187
1188,423,-0.187
1197,423,-0.217
1206,423,-0.218
1215,423,-0.251
1224,423,-0.218
1233,423,-0.161
1242,423,-0.116
1251,423,-0.097
1260,423,-0.116
1269,423,-0.097
1278,423,-0.08
1287,423,-0.097
1296,423,-0.08
1305,423,-0.08
1314,423,-0.053
1323,423,-0.053
1332,423,-0.042
1341,423,-0.026
1350,423,-0.042
1359,423,-0.064
1368,423,-0.078
1377,423,-0.063
1386,423,-0.113
1395,423,-0.113
1404,423,-0.076
1413,423,-0.092
1422,423,-0.092
1431,423,-0.075
1440,423,-0.111
1449,423,-0.074
1458,423,-0.059
1467,423,-0.089
1476,423,-0.132
1485,423,-0.158
1494,423,-0.131
1503,423,-0.107
1512,423,-0.13
1521,423,-0.129
1530,423,-0.105
1539,423,-0.104
1548,423,-0.103
1557,423,-0.082
1566,423,-0.064
1575,423,-0.08
1584,423,-0.124
1593,423,-0.078
1602,423,-0.098
1611,423,-0.097
1620,423,-0.095
1629,423,-0.074
1638,423,-0.072
1647,423,-0.146
1656,423,-0.18
1665,423,-0.144
1674,423,-0.178
1683,423,-0.22
1692,423,-0.22
1701,423,-0.4
1710,423,-0.403
1719,423,-0.406
1728,423,-0.41
1737,423,-0.414
1746,423,-0.418
1755,423,-0.423
1764,423,-0.428
1773,423,-0.273
1782,423,-0.349
1791,423,-0.274
1800,423,-0.356
1809,423,-0.359
1818,423,-0.471
1827,423,-0.368
1836,423,-0.643
1845,423,-0.671
1854,423,-0.529
1863,423,-0.396
1872,423,-0.274
1881,423,-0.166
1890,423,-0.154
1899,423,-0.487
1908,423,-1.193
1917,423,-0.216
9,432,0.046
18,432,0.219
27,432,0.118
36,432,0.235
45,432,0.146
54,432,0.24
63,432,0.346
72,432,0.166
81,432,0.244
90,432,0.558
99,432,0.675
108,432,0.527
117,432,0.41
126,432,0.404
135,432,0.398
144,432,0.392
153,432,0.576
162,432,0.468
171,432,0.554
180,432,0.545
189,432,0.742
198,432,0.528
207,432,0.521
216,432,0.603
225,432,0.429
234,432,0.295
243,432,0.241
252,432,0.292
261,432,0.24
270,432,0.289
279,432,0.239
288,432,0.239
297,432,0.286
306,432,0.238
315,432,0.197
324,432,0.161
333,432,0.162
342,432,0.196
351,432,0.162
360,432,0.196
369,432,0.163
378,432,0.234
387,432,0.233
396,432,0.163
405,432,0.163
414,432,0.163
423,432,0.195
432,432,0.231
441,432,0.27
450,432,0.229
459,432,0.229
468,432,0.228
477,432,0.194
486,432,0.193
495,432,0.227
504,432,0.263
513,432,0.263
522,432,0.262
531,432,0.261
540,432,0.3
549,432,0.223
558,432,0.258
567,432,0.258
576,432,0.296
585,432,0.256
594,432,0.294
603,432,0.22
612,432,0.219
621,432,0.219
630,432,0.252
639,432,0.217
648,432,0.25
657,432,0.216
666,432,0.326
675,432,0.284
684,432,0.367
693,432,0.322
702,432,0.282
711,432,0.362
720,432,0.319
729,432,0.317
738,432,0.316
747,432,0.315
756,432,0.314
765,432,0.313
774,432,0.353
783,432,0.311
792,432,0.443
801,432,0.442
810,432,0.492
819,432,0.439
828,432,0.437
837,432,0.436
846,432,0.434
855,432,0.433
864,432,0.384
873,432,0.43
882,432,0.339
891,432,0.338
900,432,0.475
909,432,0.424
918,432,0.334
927,432,0.333
936,432,0.293
945,432,0.373
954,432,0.418
963,432,0.329
972,432,-0.37
981,432,-0.327
990,432,-0.326
999,432,-0.286
1008,432,-0.219
1017,432,-0.218
1026,432,-0.217
1035,432,-0.187
1044,432,-0.281
1053,432,-0.318
1062,432,-0.317
1071,432,-0.357
1080,432,-0.356
1089,432,-0.355
1098,432,-0.275
1107,432,-0.274
1116,432,-0.352
1125,432,-0.31
1134,432,-0.309
1143,432,-0.27
1152,432,-0.235
1161,432,-0.234
1170,432,-0.202
1179,432,-0.174
1188,432,-0.173
1197,432,-0.199
1206,432,-0.198
1215,432,-0.228
1224,432,-0.196
1233,432,-0.143
1242,432,-0.101
1251,432,-0.084
1260,432,-0.1
1269,432,-0.082
1278,432,-0.081
1287,432,-0.097
1296,432,-0.08
1305,432,-0.079
1314,432,-0.052
1323,432,-0.051
1332,432,-0.041
1341,432,-0.025
1350,432,-0.039
1359,432,-0.06
1368,432,-0.072
1377,432,-0.058
1386,432,-0.104
1395,432,-0.103
1404,432,-0.068
1413,432,-0.083
1422,432,-0.081
1431,432,-0.065
1440,432,-0.117
1449,432,-0.078
1458,432,-0.062
1467,432,-0.093
1476,432,-0.135
1485,432,-0.16
1494,432,-0.132
1503,432,-0.107
1512,432,-0.128
1521,432,-0.127
1530,432,-0.102
1539,432,-0.1
1548,432,-0.099
1557,432,-0.078
1566,432,-0.06
1575,432,-0.074
1584,432,-0.114
1593,432,-0.071
1602,432,-0.088
1611,432,-0.086
1620,432,-0.084
1629,432,-0.063
1638,432,-0.061
1647,432,-0.125
1656,432,-0.153
1665,432,-0.12
1674,432,-0.148
1683,432,-0.182
1692,432,-0.18
1701,432,-0.332
1710,432,-0.331
1719,432,-0.33
1728,432,-0.329
1737,432,-0.327
1746,432,-0.326
1755,432,-0.325
1764,432,-0.324
1773,432,-0.253
1782,432,-0.321
1791,432,-0.247
1800,432,-0.318
1809,432,-0.316
1818,432,-0.411
1827,432,-0.312
1836,432,-0.704
1845,432,-0.73
1854,432,-0.577
1863,432,-0.433
1872,432,-0.3
1881,432,-0.183
1890,432,-0.168
1899,432,-0.511
1908,432,-1.222
1917,432,-0.222
9,441,0.043
18,441,0.206
27,441,0.109
36,441,0.216
45,441,0.131
54,441,0.217
63,441,0.312
72,441,0.146
81,441,0.215
90,441,0.502
99,441,0.608
108,441,0.468
117,441,0.359
126,441,0.351
135,441,0.344
144,441,0.42
153,441,0.604
162,441,0.587
171,441,0.677
180,441,0.659
189,441,0.869
198,441,0.731
207,441,0.714
216,441,0.804
225,441,0.587
234,441,0.416
243,441,0.344
252,441,0.403
261,441,0.334
270,441,0.391
279,441,0.326
288,441,0.321
297,441,0.374
306,441,0.314
315,441,0.261
324,441,0.258
333,441,0.256
342,441,0.299
351,441,0.25
360,441,0.293
369,441,0.246
378,441,0.335
387,441,0.331
396,441,0.239
405,441,0.236
414,441,0.234
423,441,0.272
432,441,0.313
441,441,0.358
450,441,0.307
459,441,0.304
468,441,0.301
477,441,0.257
486,441,0.254
495,441,0.292
504,441,0.333
513,441,0.33
522,441,0.326
531,441,0.369
540,441,0.415
549,441,0.317
558,441,0.358
567,441,0.355
576,441,0.399
585,441,0.348
594,441,0.391
603,441,0.299
612,441,0.297
621,441,0.294
630,441,0.332
639,441,0.289
648,441,0.326
657,441,0.283
666,441,0.41
675,441,0.36
684,441,0.452
693,441,0.399
702,441,0.35
711,441,0.441
720,441,0.389
729,441,0.385
738,441,0.382
747,441,0.378
756,441,0.375
765,441,0.372
774,441,0.415
783,441,0.366
792,441,0.509
801,441,0.505
810,441,0.556
819,441,0.497
828,441,0.493
837,441,0.489
846,441,0.485
855,441,0.481
864,441,0.428
873,441,0.474
882,441,0.375
891,441,0.372
900,441,0.515
909,441,0.459
918,441,0.363
927,441,0.36
936,441,0.316
945,441,0.398
954,441,0.442
963,441,0.348
972,441,-0.389
981,441,-0.343
990,441,-0.34
999,441,-0.298
1008,441,-0.227
1017,441,-0.225
1026,441,-0.223
1035,441,-0.192
1044,441,-0.285
1053,441,-0.321
1062,441,-0.318
1071,441,-0.356
1080,441,-0.353
1089,441,-0.35
1098,441,-0.27
1107,441,-0.268
1116,441,-0.342
1125,441,-0.299
1134,441,-0.297
1143,441,-0.258
1152,441,-0.223
1161,441,-0.221
1170,441,-0.189
1179,441,-0.161
1188,441,-0.159
1197,441,-0.183
1206,441,-0.181
1215,441,-0.207
1224,441,-0.176
1233,441,-0.127
1242,441,-0.088
1251,441,-0.072
1260,441,-0.085
1269,441,-0.069
1278,441,-0.068
1287,441,-0.081
1296,441,-0.065
1305,441,-0.064
1314,441,-0.041
1323,441,-0.04
1332,441,-0.031
1341,441,-0.019
1350,441,-0.03
1359,441,-0.045
1368,441,-0.055
1377,441,-0.043
1386,441,-0.079
1395,441,-0.077
1404,441,-0.049
1413,441,-0.06
1422,441,-0.058
1431,441,-0.045
1440,441,-0.084
1449,441,-0.054
1458,441,-0.041
1467,441,-0.063
1476,441,-0.094
1485,441,-0.112
1494,441,-0.089
1503,441,-0.07
1512,441,-0.085
1521,441,-0.082
1530,441,-0.064
1539,441,-0.062
1548,441,-0.06
1557,441,-0.045
1566,441,-0.033
1575,441,-0.042
1584,441,-0.066
1593,441,-0.05
1602,441,-0.079
1611,441,-0.076
1620,441,-0.073
1629,441,-0.054
1638,441,-0.052
1647,441,-0.107
1656,441,-0.13
1665,441,-0.1
1674,441,-0.122
1683,441,-0.15
1692,441,-0.146
1701,441,-0.274
1710,441,-0.27
1719,441,-0.265
1728,441,-0.261
1737,441,-0.256
1746,441,-0.251
1755,441,-0.246
1764,441,-0.24
1773,441,-0.181
1782,441,-0.229
1791,441,-0.168
1800,441,-0.216
1809,441,-0.209
1818,441,-0.271
1827,441,-0.193
1836,441,-0.463
1845,441,-0.465
1854,441,-0.467
1863,441,-0.334
1872,441,-0.216
1881,441,-0.119
1890,441,-0.099
1899,441,-0.302
1908,441,-0.617
1917,441,-0.227
9,450,0.179
18,450,0.378
27,450,0.197
36,450,0.321
45,450,0.197
54,450,0.292
63,450,0.394
72,450,0.19
81,450,0.264
90,450,0.574
99,450,0.678
108,450,0.522
117,450,0.399
126,450,0.385
135,450,0.373
144,450,0.448
153,450,0.632
162,450,0.61
171,450,0.696
180,450,0.673
189,450,0.878
198,450,0.735
207,450,0.713
216,450,0.798
225,450,0.579
234,450,0.408
243,450,0.335
252,450,0.39
261,450,0.381
270,450,0.439
279,450,0.365
288,450,0.358
297,450,0.411
306,450,0.344
315,450,0.286
324,450,0.281
333,450,0.276
342,450,0.319
351,450,0.266
360,450,0.308
369,450,0.257
378,450,0.346
387,450,0.34
396,450,0.245
405,450,0.241
414,450,0.237
423,450,0.273
432,450,0.312
441,450,0.406
450,450,0.348
459,450,0.343
468,450,0.337
477,450,0.288
486,450,0.283
495,450,0.321
504,450,0.362
513,450,0.357
522,450,0.351
531,450,0.394
540,450,0.439
549,450,0.335
558,450,0.376
567,450,0.37
576,450,0.413
585,450,0.359
594,450,0.401
603,450,0.306
612,450,0.302
621,450,0.297
630,450,0.334
639,450,0.289
648,450,0.324
657,450,0.28
666,450,0.403
675,450,0.352
684,450,0.441
693,450,0.387
702,450,0.381
711,450,0.473
720,450,0.417
729,450,0.412
738,450,0.406
747,450,0.401
756,450,0.395
765,450,0.39
774,450,0.431
783,450,0.38
792,450,0.523
801,450,0.516
810,450,0.566
819,450,0.504
828,450,0.497
837,450,0.491
846,450,0.485
855,450,0.479
864,450,0.424
873,450,0.467
882,450,0.369
891,450,0.364
900,450,0.501
909,450,0.445
918,450,0.35
927,450,0.345
936,450,0.302
945,450,0.378
954,450,0.418
963,450,0.327
972,450,-0.364
981,450,-0.318
990,450,-0.314
999,450,-0.273
1008,450,-0.206
1017,450,-0.203
1026,450,-0.2
1035,450,-0.17
1044,450,-0.254
1053,450,-0.285
1062,450,-0.281
1071,450,-0.314
1080,450,-0.31
1089,450,-0.306
1098,450,-0.232
1107,450,-0.229
1116,450,-0.293
1125,450,-0.254
1134,450,-0.25
1143,450,-0.215
1152,450,-0.183
1161,450,-0.18
1170,450,-0.152
1179,450,-0.127
1188,450,-0.125
1197,450,-0.143
1206,450,-0.141
1215,450,-0.161
1224,450,-0.158
1233,450,-0.112
1242,450,-0.077
1251,450,-0.062
1260,450,-0.073
1269,450,-0.058
1278,450,-0.057
1287,450,-0.067
1296,450,-0.053
1305,450,-0.052
1314,450,-0.032
1323,450,-0.031
1332,450,-0.024
1341,450,-0.014
1350,450,-0.022
1359,450,-0.034
1368,450,-0.041
1377,450,-0.031
1386,450,-0.059
1395,450,-0.057
1404,450,-0.035
1413,450,-0.042
1422,450,-0.041
1431,450,-0.031
1440,450,-0.059
1449,450,-0.036
1458,450,-0.027
1467,450,-0.042
1476,450,-0.063
1485,450,-0.076
1494,450,-0.073
1503,450,-0.056
1512,450,-0.068
1521,450,-0.065
1530,450,-0.049
1539,450,-0.047
1548,450,-0.045
1557,450,-0.033
1566,450,-0.024
1575,450,-0.029
1584,450,-0.047
1593,450,-0.034
1602,450,-0.055
1611,450,-0.052
1620,450,-0.049
1629,450,-0.035
1638,450,-0.033
1647,450,-0.071
1656,450,-0.086
1665,450,-0.063
1674,450,-0.078
1683,450,-0.096
1692,450,-0.091
1701,450,-0.18
1710,450,-0.174
1719,450,-0.167
1728,450,-0.161
1737,450,-0.154
1746,450,-0.147
1755,450,-0.14
1764,450,-0.133
1773,450,-0.093
1782,450,-0.158
1791,450,-0.11
1800,450,-0.141
1809,450,-0.181
1818,450,-0.233
1827,450,-0.16
1836,450,-0.39
1845,450,-0.383
1854,450,-0.375
1863,450,-0.254
1872,450,-0.152
1881,450,-0.075
1890,450,-0.055
1899,450,-0.32
1908,450,-0.638
1917,450,-0.232
9,459,0.172
18,459,0.358
27,459,0.183
36,459,0.298
45,459,0.178
54,459,0.265
63,459,0.358
72,459,0.168
81,459,0.234
90,459,0.518
99,459,0.612
108,459,0.464
117,459,0.349
126,459,0.335
135,459,0.322
144,459,0.388
153,459,0.553
162,459,0.531
171,459,0.607
180,459,0.583
189,459,0.768
198,459,0.636
207,459,0.613
216,459,0.687
225,459,0.489
234,459,0.336
243,459,0.326
252,459,0.378
261,459,0.367
270,459,0.42
279,459,0.347
288,459,0.337
297,459,0.386
306,459,0.32
315,459,0.263
324,459,0.257
333,459,0.251
342,459,0.289
351,459,0.239
360,459,0.276
369,459,0.228
378,459,0.308
387,459,0.3
396,459,0.213
405,459,0.208
414,459,0.203
423,459,0.234
432,459,0.268
441,459,0.351
450,459,0.297
459,459,0.291
468,459,0.284
477,459,0.24
486,459,0.234
495,459,0.266
504,459,0.301
513,459,0.294
522,459,0.288
531,459,0.324
540,459,0.362
549,459,0.27
558,459,0.304
567,459,0.298
576,459,0.333
585,459,0.286
594,459,0.32
603,459,0.238
612,459,0.233
621,459,0.229
630,459,0.258
639,459,0.219
648,459,0.247
657,459,0.242
666,459,0.352
675,459,0.304
684,459,0.429
693,459,0.375
702,459,0.368
711,459,0.455
720,459,0.399
729,459,0.391
738,459,0.384
747,459,0.377
756,459,0.37
765,459,0.363
774,459,0.401
783,459,0.35
792,459,0.483
801,459,0.475
810,459,0.519
819,459,0.459
828,459,0.451
837,459,0.443
846,459,0.436
855,459,0.428
864,459,0.376
873,459,0.413
882,459,0.322
891,459,0.316
900,459,0.439
909,459,0.385
918,459,0.298
927,459,0.293
936,459,0.253
945,459,0.319
954,459,0.353
963,459,0.271
972,459,-0.301
981,459,-0.261
990,459,-0.256
999,459,-0.219
1008,459,-0.162
1017,459,-0.158
1026,459,-0.154
1035,459,-0.151
1044,459,-0.226
1053,459,-0.253
1062,459,-0.248
1071,459,-0.276
1080,459,-0.271
1089,459,-0.266
1098,459,-0.199
1107,459,-0.194
1116,459,-0.25
1125,459,-0.214
1134,459,-0.209
1143,459,-0.177
1152,459,-0.149
1161,459,-0.145
1170,459,-0.121
1179,459,-0.099
1188,459,-0.097
1197,459,-0.111
1206,459,-0.108
1215,459,-0.124
1224,459,-0.121
1233,459,-0.083
1242,459,-0.055
1251,459,-0.043
1260,459,-0.051
1269,459,-0.04
1278,459,-0.038
1287,459,-0.045
1296,459,-0.043
1305,459,-0.042
1314,459,-0.025
1323,459,-0.024
1332,459,-0.018
1341,459,-0.01
1350,459,-0.016
1359,459,-0.032
1368,459,-0.038
1377,459,-0.036
1386,459,-0.066
1395,459,-0.063
1404,459,-0.049
1413,459,-0.058
1422,459,-0.056
1431,459,-0.043
1440,459,-0.077
1449,459,-0.048
1458,459,-0.036
1467,459,-0.055
1476,459,-0.08
1485,459,-0.094
1494,459,-0.091
1503,459,-0.07
1512,459,-0.083
1521,459,-0.08
1530,459,-0.061
1539,459,-0.058
1548,459,-0.055
1557,459,-0.04
1566,459,-0.029
1575,459,-0.035
1584,459,-0.055
1593,459,-0.04
1602,459,-0.063
1611,459,-0.059
1620,459,-0.056
1629,459,-0.04
1638,459,-0.037
1647,459,-0.076
1656,459,-0.092
1665,459,-0.067
1674,459,-0.082
1683,459,-0.099
1692,459,-0.093
1701,459,-0.182
1710,459,-0.174
1719,459,-0.166
1728,459,-0.2
1737,459,-0.191
1746,459,-0.182
1755,459,-0.172
1764,459,-0.163
1773,459,-0.115
1782,459,-0.19
1791,459,-0.134
1800,459,-0.168
1809,459,-0.212
1818,459,-0.268
1827,459,-0.186
1836,459,-0.434
1845,459,-0.423
1854,459,-0.412
1863,459,-0.281
1872,459,-0.17
1881,459,-0.084
1890,459,-0.061
1899,459,-0.338
1908,459,-0.658
1917,459,-0.238
9,468,0.164
18,468,0.34
27,468,0.17
36,468,0.275
45,468,0.161
54,468,0.24
63,468,0.324
72,468,0.147
81,468,0.206
90,468,0.466
99,468,0.551
108,468,0.411
117,468,0.304
126,468,0.29
135,468,0.277
144,468,0.334
153,468,0.482
162,468,0.459
171,468,0.526
180,468,0.503
189,468,0.669
198,468,0.546
207,468,0.613
216,468,0.683
225,468,0.483
234,468,0.33
243,468,0.318
252,468,0.365
261,468,0.353
270,468,0.401
279,468,0.329
288,468,0.318
297,468,0.362
306,468,0.298
315,468,0.243
324,468,0.235
333,468,0.228
342,468,0.262
351,468,0.214
360,468,0.246
369,468,0.201
378,468,0.273
387,468,0.265
396,468,0.184
405,468,0.178
414,468,0.173
423,468,0.2
432,468,0.228
441,468,0.301
450,468,0.252
459,468,0.245
468,468,0.238
477,468,0.198
486,468,0.192
495,468,0.219
504,468,0.247
513,468,0.24
522,468,0.234
531,468,0.263
540,468,0.295
549,468,0.215
558,468,0.243
567,468,0.236
576,468,0.265
585,468,0.224
594,468,0.251
603,468,0.182
612,468,0.177
621,468,0.173
630,468,0.195
639,468,0.163
648,468,0.185
657,468,0.18
666,468,0.268
675,468,0.228
684,468,0.329
693,468,0.283
702,468,0.276
711,468,0.346
720,468,0.298
729,468,0.291
738,468,0.284
747,468,0.277
756,468,0.307
765,468,0.299
774,468,0.33
783,468,0.285
792,468,0.399
801,468,0.39
810,468,0.426
819,468,0.417
828,468,0.408
837,468,0.399
846,468,0.39
855,468,0.381
864,468,0.332
873,468,0.364
882,468,0.28
891,468,0.273
900,468,0.382
909,468,0.332
918,468,0.253
927,468,0.247
936,468,0.211
945,468,0.267
954,468,0.295
963,468,0.223
972,468,-0.248
981,468,-0.211
990,468,-0.206
999,468,-0.174
1008,468,-0.125
1017,468,-0.121
1026,468,-0.117
1035,468,-0.114
1044,468,-0.174
1053,468,-0.195
1062,468,-0.19
1071,468,-0.212
1080,468,-0.206
1089,468,-0.201
1098,468,-0.146
1107,468,-0.141
1116,468,-0.184
1125,468,-0.155
1134,468,-0.15
1143,468,-0.124
1152,468,-0.12
1161,468,-0.116
1170,468,-0.095
1179,468,-0.092
1188,468,-0.088
1197,468,-0.101
1206,468,-0.097
1215,468,-0.111
1224,468,-0.107
1233,468,-0.073
1242,468,-0.057
1251,468,-0.045
1260,468,-0.053
1269,468,-0.041
1278,468,-0.039
1287,468,-0.046
1296,468,-0.043
1305,468,-0.041
1314,468,-0.025
1323,468,-0.023
1332,468,-0.017
1341,468,-0.009
1350,468,-0.015
1359,468,-0.03
1368,468,-0.035
1377,468,-0.033
1386,468,-0.06
1395,468,-0.057
1404,468,-0.054
1413,468,-0.064
1422,468,-0.06
1431,468,-0.046
1440,468,-0.082
1449,468,-0.051
1458,468,-0.039
1467,468,-0.057
1476,468,-0.083
1485,468,-0.096
1494,468,-0.091
1503,468,-0.07
1512,468,-0.082
1521,468,-0.078
1530,468,-0.059
1539,468,-0.056
1548,468,-0.052
1557,468,-0.038
1566,468,-0.027
1575,468,-0.032
1584,468,-0.05
1593,468,-0.036
1602,468,-0.056
1611,468,-0.052
1620,468,-0.048
1629,468,-0.034
1638,468,-0.031
1647,468,-0.064
1656,468,-0.077
1665,468,-0.055
1674,468,-0.066
1683,468,-0.08
1692,468,-0.074
1701,468,-0.146
1710,468,-0.137
1719,468,-0.129
1728,468,-0.154
1737,468,-0.145
1746,468,-0.135
1755,468,-0.125
1764,468,-0.115
1773,468,-0.077
1782,468,-0.13
1791,468,-0.086
1800,468,-0.108
1809,468,-0.135
1818,468,-0.169
1827,468,-0.108
1836,468,-0.272
1845,468,-0.253
1854,468,-0.233
1863,468,-0.14
1872,468,-0.07
1881,468,-0.051
1890,468,-0.032
1899,468,-0.192
1908,468,-0.324
1917,468,-0.243
9,477,0.157
18,477,0.323
27,477,0.157
36,477,0.254
45,477,0.146
54,477,0.217
63,477,0.293
72,477,0.129
81,477,0.181
90,477,0.418
99,477,0.494
108,477,0.363
117,477,0.264
126,477,0.249
135,477,0.236
144,477,0.286
153,477,0.417
162,477,0.395
171,477,0.454
180,477,0.431
189,477,0.579
198,477,0.466
207,477,0.524
216,477,0.585
225,477,0.404
234,477,0.269
243,477,0.31
252,477,0.354
261,477,0.339
270,477,0.384
279,477,0.368
288,477,0.354
297,477,0.398
306,477,0.327
315,477,0.266
324,477,0.256
333,477,0.246
342,477,0.28
351,477,0.228
360,477,0.259
369,477,0.211
378,477,0.283
387,477,0.273
396,477,0.189
405,477,0.182
414,477,0.176
423,477,0.201
432,477,0.228
441,477,0.298
450,477,0.248
459,477,0.24
468,477,0.231
477,477,0.191
486,477,0.184
495,477,0.208
504,477,0.235
513,477,0.227
522,477,0.219
531,477,0.246
540,477,0.274
549,477,0.198
558,477,0.222
567,477,0.215
576,477,0.24
585,477,0.201
594,477,0.225
603,477,0.188
612,477,0.182
621,477,0.176
630,477,0.197
639,477,0.164
648,477,0.184
657,477,0.178
666,477,0.264
675,477,0.223
684,477,0.321
693,477,0.274
702,477,0.266
711,477,0.332
720,477,0.284
729,477,0.276
738,477,0.268
747,477,0.26
756,477,0.286
765,477,0.278
774,477,0.306
783,477,0.262
792,477,0.367
801,477,0.357
810,477,0.389
819,477,0.379
828,477,0.368
837,477,0.358
846,477,0.348
855,477,0.339
864,477,0.292
873,477,0.32
882,477,0.242
891,477,0.235
900,477,0.331
909,477,0.285
918,477,0.214
927,477,0.207
936,477,0.174
945,477,0.222
954,477,0.245
963,477,0.181
972,477,-0.231
981,477,-0.195
990,477,-0.189
999,477,-0.158
1008,477,-0.112
1017,477,-0.108
1026,477,-0.122
1035,477,-0.117
1044,477,-0.177
1053,477,-0.197
1062,477,-0.191
1071,477,-0.212
1080,477,-0.205
1089,477,-0.198
1098,477,-0.143
1107,477,-0.138
1116,477,-0.179
1125,477,-0.149
1134,477,-0.144
1143,477,-0.118
1152,477,-0.113
1161,477,-0.109
1170,477,-0.088
1179,477,-0.084
1188,477,-0.081
1197,477,-0.092
1206,477,-0.088
1215,477,-0.1
1224,477,-0.095
1233,477,-0.063
1242,477,-0.049
1251,477,-0.038
1260,477,-0.044
1269,477,-0.034
1278,477,-0.032
1287,477,-0.037
1296,477,-0.035
1305,477,-0.041
1314,477,-0.024
1323,477,-0.023
1332,477,-0.017
1341,477,-0.009
1350,477,-0.014
1359,477,-0.028
1368,477,-0.033
1377,477,-0.03
1386,477,-0.055
1395,477,-0.052
1404,477,-0.049
1413,477,-0.057
1422,477,-0.053
1431,477,-0.04
1440,477,-0.071
1449,477,-0.044
1458,477,-0.032
1467,477,-0.048
1476,477,-0.069
1485,477,-0.08
1494,477,-0.075
1503,477,-0.057
1512,477,-0.066
1521,477,-0.062
1530,477,-0.046
1539,477,-0.042
1548,477,-0.039
1557,477,-0.027
1566,477,-0.019
1575,477,-0.023
1584,477,-0.035
1593,477,-0.024
1602,477,-0.038
1611,477,-0.046
1620,477,-0.042
1629,477,-0.029
1638,477,-0.026
1647,477,-0.054
1656,477,-0.064
1665,477,-0.044
1674,477,-0.053
1683,477,-0.064
1692,477,-0.058
1701,477,-0.116
1710,477,-0.107
1719,477,-0.099
1728,477,-0.118
1737,477,-0.108
1746,477,-0.098
1755,477,-0.089
1764,477,-0.079
1773,477,-0.05
1782,477,-0.086
1791,477,-0.076
1800,477,-0.094
1809,477,-0.116
1818,477,-0.144
1827,477,-0.088
1836,477,-0.224
1845,477,-0.203
1854,477,-0.181
1863,477,-0.101
1872,477,-0.079
1881,477,-0.058
1890,477,-0.037
1899,477,-0.205
1908,477,-0.338
1917,477,-0.248
9,486,0.15
18,486,0.306
27,486,0.145
36,486,0.235
45,486,0.131
54,486,0.196
63,486,0.264
72,486,0.112
81,486,0.158
90,486,0.481
99,486,0.555
108,486,0.408
117,486,0.378
126,486,0.352
135,486,0.329
144,486,0.384
153,486,0.532
162,486,0.499
171,486,0.56
180,486,0.527
189,486,0.686
198,486,0.555
207,486,0.614
216,486,0.674
225,486,0.472
234,486,0.318
243,486,0.36
252,486,0.405
261,486,0.385
270,486,0.43
279,486,0.41
288,486,0.391
297,486,0.435
306,486,0.357
315,486,0.29
324,486,0.277
333,486,0.265
342,486,0.298
351,486,0.242
360,486,0.273
369,486,0.222
378,486,0.293
387,486,0.281
396,486,0.194
405,486,0.186
414,486,0.211
423,486,0.237
432,486,0.265
441,486,0.34
450,486,0.283
459,486,0.314
468,486,0.302
477,486,0.251
486,486,0.279
495,486,0.308
504,486,0.34
513,486,0.327
522,486,0.315
531,486,0.346
540,486,0.379
549,486,0.281
558,486,0.31
567,486,0.299
576,486,0.328
585,486,0.277
594,486,0.305
603,486,0.257
612,486,0.248
621,486,0.238
630,486,0.263
639,486,0.254
648,486,0.279
657,486,0.269
666,486,0.378
675,486,0.324
684,486,0.445
693,486,0.384
702,486,0.372
711,486,0.451
720,486,0.391
729,486,0.378
738,486,0.366
747,486,0.354
756,486,0.384
765,486,0.372
774,486,0.404
783,486,0.348
792,486,0.472
801,486,0.458
810,486,0.493
819,486,0.479
828,486,0.465
837,486,0.451
846,486,0.437
855,486,0.424
864,486,0.367
873,486,0.398
882,486,0.306
891,486,0.296
900,486,0.405
909,486,0.351
918,486,0.267
927,486,0.257
936,486,0.218
945,486,0.272
954,486,0.297
963,486,0.223
972,486,-0.277
981,486,-0.236
990,486,-0.227
999,486,-0.191
1008,486,-0.138
1017,486,-0.132
1026,486,-0.147
1035,486,-0.141
1044,486,-0.207
1053,486,-0.228
1062,486,-0.22
1071,486,-0.242
1080,486,-0.233
1089,486,-0.224
1098,486,-0.163
1107,486,-0.157
1116,486,-0.2
1125,486,-0.167
1134,486,-0.16
1143,486,-0.131
1152,486,-0.126
1161,486,-0.12
1170,486,-0.097
1179,486,-0.092
1188,486,-0.088
1197,486,-0.099
1206,486,-0.094
1215,486,-0.106
1224,486,-0.1
1233,486,-0.067
1242,486,-0.052
1251,486,-0.04
1260,486,-0.046
1269,486,-0.035
1278,486,-0.032
1287,486,-0.038
1296,486,-0.035
1305,486,-0.04
1314,486,-0.03
1323,486,-0.028
1332,486,-0.02
1341,486,-0.011
1350,486,-0.017
1359,486,-0.033
1368,486,-0.038
1377,486,-0.035
1386,486,-0.062
1395,486,-0.058
1404,486,-0.054
1413,486,-0.062
1422,486,-0.058
1431,486,-0.043
1440,486,-0.076
1449,486,-0.046
1458,486,-0.034
1467,486,-0.05
1476,486,-0.071
1485,486,-0.081
1494,486,-0.076
1503,486,-0.057
1512,486,-0.065
1521,486,-0.061
1530,486,-0.044
1539,486,-0.04
1548,486,-0.037
1557,486,-0.026
1566,486,-0.017
1575,486,-0.027
1584,486,-0.042
1593,486,-0.029
1602,486,-0.044
1611,486,-0.052
1620,486,-0.047
1629,486,-0.032
1638,486,-0.029
1647,486,-0.059
1656,486,-0.069
1665,486,-0.048
1674,486,-0.056
1683,486,-0.066
1692,486,-0.078
1701,486,-0.149
1710,486,-0.138
1719,486,-0.126
1728,486,-0.148
1737,486,-0.136
1746,486,-0.124
1755,486,-0.112
1764,486,-0.1
1773,486,-0.064
1782,486,-0.106
1791,486,-0.094
1800,486,-0.113
1809,486,-0.138
1818,486,-0.168
1827,486,-0.104
1836,486,-0.254
1845,486,-0.229
1854,486,-0.203
1863,486,-0.114
1872,486,-0.09
1881,486,-0.065
1890,486,-0.041
1899,486,-0.219
1908,486,-0.352
1917,486,-0.254
9,495,0.143
18,495,0.29
27,495,0.134
36,495,0.216
45,495,0.118
54,495,0.176
63,495,0.238
72,495,0.098
81,495,0.137
90,495,0.432
99,495,0.499
108,495,0.361
117,495,0.332
126,495,0.306
135,495,0.283
144,495,0.331
153,495,0.464
162,495,0.432
171,495,0.485
180,495,0.454
189,495,0.596
198,495,0.474
207,495,0.526
216,495,0.578
225,495,0.466
234,495,0.312
243,495,0.351
252,495,0.392
261,495,0.371
270,495,0.412
279,495,0.39
288,495,0.37
297,495,0.409
306,495,0.333
315,495,0.268
324,495,0.254
333,495,0.241
342,495,0.271
351,495,0.218
360,495,0.244
369,495,0.196
378,495,0.26
387,495,0.247
396,495,0.168
405,495,0.16
414,495,0.18
423,495,0.203
432,495,0.227
441,495,0.292
450,495,0.24
459,495,0.266
468,495,0.254
477,495,0.208
486,495,0.232
495,495,0.256
504,495,0.282
513,495,0.31
522,495,0.297
531,495,0.325
540,495,0.354
549,495,0.26
558,495,0.285
567,495,0.273
576,495,0.299
585,495,0.251
594,495,0.275
603,495,0.23
612,495,0.22
621,495,0.21
630,495,0.231
639,495,0.254
648,495,0.278
657,495,0.266
666,495,0.372
675,495,0.317
684,495,0.434
693,495,0.373
702,495,0.359
711,495,0.434
720,495,0.373
729,495,0.36
738,495,0.346
747,495,0.333
756,495,0.361
765,495,0.347
774,495,0.375
783,495,0.321
792,495,0.436
801,495,0.421
810,495,0.452
819,495,0.437
828,495,0.422
837,495,0.407
846,495,0.392
855,495,0.378
864,495,0.325
873,495,0.352
882,495,0.266
891,495,0.256
900,495,0.353
909,495,0.302
918,495,0.226
927,495,0.216
936,495,0.181
945,495,0.227
954,495,0.248
963,495,0.182
972,495,-0.228
981,495,-0.191
990,495,-0.183
999,495,-0.151
1008,495,-0.106
1017,495,-0.1
1026,495,-0.112
1035,495,-0.106
1044,495,-0.16
1053,495,-0.176
1062,495,-0.168
1071,495,-0.184
1080,495,-0.176
1089,495,-0.168
1098,495,-0.119
1107,495,-0.112
1116,495,-0.169
1125,495,-0.138
1134,495,-0.132
1143,495,-0.107
1152,495,-0.101
1161,495,-0.095
1170,495,-0.076
1179,495,-0.071
1188,495,-0.067
1197,495,-0.075
1206,495,-0.071
1215,495,-0.08
1224,495,-0.075
1233,495,-0.048
1242,495,-0.036
1251,495,-0.027
1260,495,-0.031
1269,495,-0.029
1278,495,-0.033
1287,495,-0.038
1296,495,-0.035
1305,495,-0.04
1314,495,-0.03
1323,495,-0.027
1332,495,-0.02
1341,495,-0.011
1350,495,-0.016
1359,495,-0.03
1368,495,-0.035
1377,495,-0.032
1386,495,-0.056
1395,495,-0.052
1404,495,-0.048
1413,495,-0.055
1422,495,-0.051
1431,495,-0.037
1440,495,-0.066
1449,495,-0.039
1458,495,-0.036
1467,495,-0.052
1476,495,-0.073
1485,495,-0.082
1494,495,-0.076
1503,495,-0.057
1512,495,-0.065
1521,495,-0.06
1530,495,-0.043
1539,495,-0.039
1548,495,-0.035
1557,495,-0.024
1566,495,-0.016
1575,495,-0.025
1584,495,-0.038
1593,495,-0.026
1602,495,-0.039
1611,495,-0.046
1620,495,-0.041
1629,495,-0.027
1638,495,-0.024
1647,495,-0.049
1656,495,-0.074
1665,495,-0.051
1674,495,-0.059
1683,495,-0.069
1692,495,-0.08
1701,495,-0.151
1710,495,-0.138
1719,495,-0.125
1728,495,-0.145
1737,495,-0.131
1746,495,-0.118
1755,495,-0.105
1764,495,-0.093
1773,495,-0.058
1782,495,-0.096
1791,495,-0.083
1800,495,-0.099
1809,495,-0.119
1818,495,-0.143
1827,495,-0.123
1836,495,-0.287
1845,495,-0.258
1854,495,-0.228
1863,495,-0.129
1872,495,-0.102
1881,495,-0.074
1890,495,-0.046
1899,495,-0.233
1908,495,-0.366
1917,495,-0.259
9,504,0.137
18,504,0.274
27,504,0.124
36,504,0.199
45,504,0.106
54,504,0.158
63,504,0.213
72,504,0.084
81,504,0.119
90,504,0.388
99,504,0.447
108,504,0.317
117,504,0.289
126,504,0.265
135,504,0.243
144,504,0.355
153,504,0.488
162,504,0.451
171,504,0.501
180,504,0.465
189,504,0.604
198,504,0.564
207,504,0.614
216,504,0.666
225,504,0.539
234,504,0.366
243,504,0.405
252,504,0.446
261,504,0.419
270,504,0.46
279,504,0.433
288,504,0.408
297,504,0.447
306,504,0.363
315,504,0.343
324,504,0.324
333,504,0.306
342,504,0.337
351,504,0.272
360,504,0.301
369,504,0.243
378,504,0.313
387,504,0.297
396,504,0.205
405,504,0.194
414,504,0.216
423,504,0.239
432,504,0.263
441,504,0.333
450,504,0.275
459,504,0.301
468,504,0.286
477,504,0.235
486,504,0.258
495,504,0.282
504,504,0.308
513,504,0.335
522,504,0.319
531,504,0.346
540,504,0.375
549,504,0.276
558,504,0.3
567,504,0.286
576,504,0.311
585,504,0.26
594,504,0.283
603,504,0.235
612,504,0.224
621,504,0.213
630,504,0.267
639,504,0.29
648,504,0.314
657,504,0.3
666,504,0.411
675,504,0.35
684,504,0.472
693,504,0.406
702,504,0.389
711,504,0.466
720,504,0.4
729,504,0.384
738,504,0.368
747,504,0.353
756,504,0.379
765,504,0.364
774,504,0.391
783,504,0.334
792,504,0.449
801,504,0.431
810,504,0.511
819,504,0.492
828,504,0.474
837,504,0.456
846,504,0.438
855,504,0.421
864,504,0.362
873,504,0.389
882,504,0.296
891,504,0.283
900,504,0.385
909,504,0.33
918,504,0.247
927,504,0.236
936,504,0.225
945,504,0.277
954,504,0.299
963,504,0.223
972,504,-0.274
981,504,-0.23
990,504,-0.22
999,504,-0.183
1008,504,-0.151
1017,504,-0.143
1026,504,-0.157
1035,504,-0.148
1044,504,-0.214
1053,504,-0.233
1062,504,-0.222
1071,504,-0.241
1080,504,-0.23
1089,504,-0.219
1098,504,-0.158
1107,504,-0.149
1116,504,-0.216
1125,504,-0.179
1134,504,-0.17
1143,504,-0.139
1152,504,-0.131
1161,504,-0.124
1170,504,-0.099
1179,504,-0.093
1188,504,-0.087
1197,504,-0.097
1206,504,-0.09
1215,504,-0.1
1224,504,-0.094
1233,504,-0.061
1242,504,-0.047
1251,504,-0.035
1260,504,-0.04
1269,504,-0.037
1278,504,-0.041
1287,504,-0.047
1296,504,-0.043
1305,504,-0.049
1314,504,-0.036
1323,504,-0.033
1332,504,-0.024
1341,504,-0.013
1350,504,-0.02
1359,504,-0.036
1368,504,-0.04
1377,504,-0.037
1386,504,-0.063
1395,504,-0.058
1404,504,-0.053
1413,504,-0.06
1422,504,-0.055
1431,504,-0.041
1440,504,-0.07
1449,504,-0.042
1458,504,-0.038
1467,504,-0.054
1476,504,-0.075
1485,504,-0.084
1494,504,-0.077
1503,504,-0.057
1512,504,-0.064
1521,504,-0.058
1530,504,-0.042
1539,504,-0.037
1548,504,-0.033
1557,504,-0.023
1566,504,-0.015
1575,504,-0.023
1584,504,-0.045
1593,504,-0.03
1602,504,-0.045
1611,504,-0.052
1620,504,-0.059
1629,504,-0.041
1638,504,-0.035
1647,504,-0.069
1656,504,-0.1
1665,504,-0.07
1674,504,-0.08
1683,504,-0.092
1692,504,-0.105
1701,504,-0.19
1710,504,-0.173
1719,504,-0.157
1728,504,-0.18
1737,504,-0.163
1746,504,-0.147
1755,504,-0.131
1764,504,-0.115
1773,504,-0.074
1782,504,-0.118
1791,504,-0.101
1800,504,-0.119
1809,504,-0.141
1818,504,-0.167
1827,504,-0.143
1836,504,-0.321
1845,504,-0.288
1854,504,-0.254
1863,504,-0.146
1872,504,-0.114
1881,504,-0.082
1890,504,-0.052
1899,504,-0.247
1908,504,-0.381
1917,504,-0.265
9,513,0.131
18,513,0.743
27,513,0.359
36,513,0.631
45,513,0.37
54,513,0.441
63,513,0.509
72,513,0.242
81,513,0.294
90,513,0.701
99,513,0.916
108,513,0.684
117,513,0.617
126,513,0.56
135,513,0.509
144,513,0.667
153,513,0.843
162,513,0.776
171,513,0.831
180,513,0.769
189,513,0.941
198,513,0.876
207,513,0.93
216,513,0.984
225,513,0.812
234,513,0.576
243,513,0.621
252,513,0.666
261,513,0.625
270,513,0.67
279,513,0.629
288,513,0.592
297,513,0.634
306,513,0.524
315,513,0.493
324,513,0.464
333,513,0.437
342,513,0.472
351,513,0.388
360,513,0.42
369,513,0.344
378,513,0.428
387,513,0.404
396,513,0.287
405,513,0.271
414,513,0.341
423,513,0.369
432,513,0.398
441,513,0.485
450,513,0.406
459,513,0.437
468,513,0.414
477,513,0.345
486,513,0.373
495,513,0.401
504,513,0.43
513,513,0.461
522,513,0.438
531,513,0.469
540,513,0.5
549,513,0.377
558,513,0.404
567,513,0.385
576,513,0.412
585,513,0.348
594,513,0.373
603,513,0.355
612,513,0.338
621,513,0.321
630,513,0.389
639,513,0.416
648,513,0.444
657,513,0.424
666,513,0.558
675,513,0.481
684,513,0.626
693,513,0.543
702,513,0.52
711,513,0.61
720,513,0.529
729,513,0.507
738,513,0.485
747,513,0.465
756,513,0.494
765,513,0.473
774,513,0.503
783,513,0.433
792,513,0.565
801,513,0.542
810,513,0.632
819,513,0.608
828,513,0.584
837,513,0.561
846,513,0.539
855,513,0.517
864,513,0.447
873,513,0.476
882,513,0.367
891,513,0.351
900,513,0.465
909,513,0.4
918,513,0.305
927,513,0.29
936,513,0.276
945,513,0.334
954,513,0.399
963,513,0.303
972,513,-0.364
981,513,-0.31
990,513,-0.295
999,513,-0.249
1008,513,-0.207
1017,513,-0.196
1026,513,-0.212
1035,513,-0.201
1044,513,-0.28
1053,513,-0.301
1062,513,-0.287
1071,513,-0.308
1080,513,-0.293
1089,513,-0.279
1098,513,-0.205
1107,513,-0.194
1116,513,-0.271
1125,513,-0.227
1134,513,-0.215
1143,513,-0.177
1152,513,-0.167
1161,513,-0.157
1170,513,-0.127
1179,513,-0.119
1188,513,-0.111
1197,513,-0.142
1206,513,-0.133
1215,513,-0.146
1224,513,-0.136
1233,513,-0.092
1242,513,-0.072
1251,513,-0.055
1260,513,-0.061
1269,513,-0.056
1278,513,-0.062
1287,513,-0.069
1296,513,-0.064
1305,513,-0.071
1314,513,-0.054
1323,513,-0.049
1332,513,-0.036
1341,513,-0.026
1350,513,-0.037
1359,513,-0.062
1368,513,-0.069
1377,513,-0.063
1386,513,-0.102
1395,513,-0.094
1404,513,-0.087
1413,513,-0.096
1422,513,-0.088
1431,513,-0.067
1440,513,-0.108
1449,513,-0.068
1458,513,-0.061
1467,513,-0.084
1476,513,-0.112
1485,513,-0.124
1494,513,-0.114
1503,513,-0.086
1512,513,-0.096
1521,513,-0.088
1530,513,-0.064
1539,513,-0.058
1548,513,-0.052
1557,513,-0.036
1566,513,-0.024
1575,513,-0.036
1584,513,-0.066
1593,513,-0.046
1602,513,-0.066
1611,513,-0.074
1620,513,-0.083
1629,513,-0.058
1638,513,-0.051
1647,513,-0.094
1656,513,-0.133
1665,513,-0.095
1674,513,-0.107
1683,513,-0.121
1692,513,-0.136
1701,513,-0.235
1710,513,-0.215
1719,513,-0.195
1728,513,-0.221
1737,513,-0.2
1746,513,-0.18
1755,513,-0.16
1764,513,-0.142
1773,513,-0.092
1782,513,-0.142
1791,513,-0.123
1800,513,-0.142
1809,513,-0.166
1818,513,-0.193
1827,513,-0.166
1836,513,-0.359
1845,513,-0.321
1854,513,-0.282
1863,513,-0.163
1872,513,-0.128
1881,513,-0.092
1890,513,-0.058
1899,513,-0.262
1908,513,-0.395
1917,513,-0.27
9,522,0.125
18,522,0.713
27,522,0.337
36,522,0.595
45,522,0.342
54,522,0.406
63,522,0.467
72,522,0.216
81,522,0.262
90,522,0.639
99,522,0.839
108,522,0.618
117,522,0.553
126,522,0.497
135,522,0.448
144,522,0.592
153,522,0.752
162,522,0.687
171,522,0.735
180,522,0.675
189,522,0.831
198,522,0.768
207,522,0.815
216,522,0.863
225,522,0.702
234,522,0.488
243,522,0.607
252,522,0.648
261,522,0.69
270,522,0.732
279,522,0.685
288,522,0.641
297,522,0.681
306,522,0.563
315,522,0.527
324,522,0.494
333,522,0.463
342,522,0.496
351,522,0.407
360,522,0.437
369,522,0.41
378,522,0.5
387,522,0.471
396,522,0.339
405,522,0.318
414,522,0.392
423,522,0.421
432,522,0.45
441,522,0.539
450,522,0.453
459,522,0.483
468,522,0.456
477,522,0.431
486,522,0.459
495,522,0.489
504,522,0.519
513,522,0.55
522,522,0.522
531,522,0.553
540,522,0.584
549,522,0.499
558,522,0.528
567,522,0.502
576,522,0.532
585,522,0.453
594,522,0.48
603,522,0.456
612,522,0.434
621,522,0.411
630,522,0.488
639,522,0.516
648,522,0.546
657,522,0.52
666,522,0.669
675,522,0.58
684,522,0.738
693,522,0.643
702,522,0.615
711,522,0.711
720,522,0.619
729,522,0.592
738,522,0.566
747,522,0.541
756,522,0.57
765,522,0.545
774,522,0.575
783,522,0.497
792,522,0.637
801,522,0.61
810,522,0.703
819,522,0.674
828,522,0.647
837,522,0.62
846,522,0.594
855,522,0.568
864,522,0.492
873,522,0.52
882,522,0.403
891,522,0.384
900,522,0.502
909,522,0.432
918,522,0.33
927,522,0.351
936,522,0.334
945,522,0.397
954,522,0.467
963,522,0.36
972,522,-0.426
981,522,-0.364
990,522,-0.346
999,522,-0.292
1008,522,-0.245
1017,522,-0.231
1026,522,-0.248
1035,522,-0.234
1044,522,-0.32
1053,522,-0.341
1062,522,-0.323
1071,522,-0.345
1080,522,-0.327
1089,522,-0.311
1098,522,-0.229
1107,522,-0.216
1116,522,-0.298
1125,522,-0.249
1134,522,-0.235
1143,522,-0.194
1152,522,-0.182
1161,522,-0.171
1170,522,-0.138
1179,522,-0.129
1188,522,-0.12
1197,522,-0.151
1206,522,-0.141
1215,522,-0.153
1224,522,-0.143
1233,522,-0.096
1242,522,-0.075
1251,522,-0.057
1260,522,-0.063
1269,522,-0.057
1278,522,-0.063
1287,522,-0.069
1296,522,-0.063
1305,522,-0.07
1314,522,-0.053
1323,522,-0.048
1332,522,-0.035
1341,522,-0.025
1350,522,-0.035
1359,522,-0.058
1368,522,-0.064
1377,522,-0.058
1386,522,-0.094
1395,522,-0.086
1404,522,-0.078
1413,522,-0.086
1422,522,-0.078
1431,522,-0.058
1440,522,-0.095
1449,522,-0.058
1458,522,-0.052
1467,522,-0.071
1476,522,-0.095
1485,522,-0.105
1494,522,-0.095
1503,522,-0.07
1512,522,-0.078
1521,522,-0.07
1530,522,-0.05
1539,522,-0.044
1548,522,-0.039
1557,522,-0.026
1566,522,-0.017
1575,522,-0.042
1584,522,-0.075
1593,522,-0.053
1602,522,-0.074
1611,522,-0.083
1620,522,-0.092
1629,522,-0.064
1638,522,-0.056
1647,522,-0.101
1656,522,-0.14
1665,522,-0.1
1674,522,-0.112
1683,522,-0.124
1692,522,-0.139
1701,522,-0.236
1710,522,-0.214
1719,522,-0.193
1728,522,-0.267
1737,522,-0.242
1746,522,-0.218
1755,522,-0.194
1764,522,-0.172
1773,522,-0.114
1782,522,-0.17
1791,522,-0.147
1800,522,-0.168
1809,522,-0.193
1818,522,-0.223
1827,522,-0.191
1836,522,-0.399
1845,522,-0.356
1854,522,-0.312
1863,522,-0.182
1872,522,-0.142
1881,522,-0.102
1890,522,-0.064
1899,522,-0.278
1908,522,-0.41
1917,522,-0.276
9,531,0.119
18,531,0.685
27,531,0.317
36,531,0.56
45,531,0.315
54,531,0.373
63,531,0.428
72,531,0.192
81,531,0.233
90,531,0.581
99,531,0.766
108,531,0.556
117,531,0.493
126,531,0.537
135,531,0.481
144,531,0.624
153,531,0.782
162,531,0.827
171,531,0.871
180,531,0.797
189,531,0.96
198,531,0.884
207,531,0.928
216,531,0.971
225,531,0.793
234,531,0.557
243,531,0.68
252,531,0.719
261,531,0.855
270,531,0.896
279,531,0.837
288,531,0.782
297,531,0.821
306,531,0.683
315,531,0.638
324,531,0.596
333,531,0.557
342,531,0.59
351,531,0.552
360,531,0.584
369,531,0.548
378,531,0.65
387,531,0.611
396,531,0.45
405,531,0.422
414,531,0.507
423,531,0.537
432,531,0.567
441,531,0.666
450,531,0.563
459,531,0.594
468,531,0.56
477,531,0.529
486,531,0.558
495,531,0.587
504,531,0.618
513,531,0.649
522,531,0.614
531,531,0.645
540,531,0.677
549,531,0.579
558,531,0.609
567,531,0.577
576,531,0.607
585,531,0.518
594,531,0.546
603,531,0.517
612,531,0.49
621,531,0.464
630,531,0.543
639,531,0.571
648,531,0.599
657,531,0.57
666,531,0.723
675,531,0.627
684,531,0.789
693,531,0.688
702,531,0.656
711,531,0.751
720,531,0.655
729,531,0.624
738,531,0.595
747,531,0.623
756,531,0.653
765,531,0.623
774,531,0.652
783,531,0.566
792,531,0.714
801,531,0.682
810,531,0.778
819,531,0.745
828,531,0.713
837,531,0.682
846,531,0.651
855,531,0.622
864,531,0.539
873,531,0.566
882,531,0.441
891,531,0.419
900,531,0.54
909,531,0.466
918,531,0.357
927,531,0.377
936,531,0.358
945,531,0.421
954,531,0.492
963,531,0.379
972,531,-0.493
981,531,-0.423
990,531,-0.401
999,531,-0.34
1008,531,-0.286
1017,531,-0.27
1026,531,-0.287
1035,531,-0.305
1044,531,-0.404
1053,531,-0.427
1062,531,-0.405
1071,531,-0.428
1080,531,-0.406
1089,531,-0.385
1098,531,-0.289
1107,531,-0.272
1116,531,-0.366
1125,531,-0.308
1134,531,-0.29
1143,531,-0.241
1152,531,-0.226
1161,531,-0.212
1170,531,-0.173
1179,531,-0.161
1188,531,-0.149
1197,531,-0.185
1206,531,-0.173
1215,531,-0.185
1224,531,-0.172
1233,531,-0.118
1242,531,-0.109
1251,531,-0.084
1260,531,-0.092
1269,531,-0.1
1278,531,-0.108
1287,531,-0.117
1296,531,-0.107
1305,531,-0.116
1314,531,-0.09
1323,531,-0.082
1332,531,-0.062
1341,531,-0.046
1350,531,-0.061
1359,531,-0.096
1368,531,-0.104
1377,531,-0.095
1386,531,-0.144
1395,531,-0.133
1404,531,-0.122
1413,531,-0.132
1422,531,-0.121
1431,531,-0.092
1440,531,-0.142
1449,531,-0.091
1458,531,-0.082
1467,531,-0.107
1476,531,-0.139
1485,531,-0.151
1494,531,-0.138
1503,531,-0.104
1512,531,-0.114
1521,531,-0.103
1530,531,-0.075
1539,531,-0.067
1548,531,-0.059
1557,531,-0.041
1566,531,-0.027
1575,531,-0.063
1584,531,-0.106
1593,531,-0.076
1602,531,-0.104
1611,531,-0.114
1620,531,-0.125
1629,531,-0.089
1638,531,-0.078
1647,531,-0.134
1656,531,-0.181
1665,531,-0.131
1674,531,-0.145
1683,531,-0.16
1692,531,-0.176
1701,531,-0.288
1710,531,-0.262
1719,531,-0.236
1728,531,-0.319
1737,531,-0.289
1746,531,-0.26
1755,531,-0.233
1764,531,-0.206
1773,531,-0.138
1782,531,-0.202
1791,531,-0.175
1800,531,-0.197
1809,531,-0.224
1818,531,-0.255
1827,531,-0.219
1836,531,-0.441
1845,531,-0.393
1854,531,-0.344
1863,531,-0.203
1872,531,-0.158
1881,531,-0.113
1890,531,-0.071
1899,531,-0.294
1908,531,-0.426
1917,531,-0.281
9,540,0.114
18,540,0.657
27,540,0.297
36,540,0.526
45,540,0.29
54,540,0.343
63,540,0.392
72,540,0.17
81,540,0.206
90,540,0.527
99,540,0.698
108,540,0.499
117,540,0.438
126,540,0.477
135,540,0.423
144,540,0.552
153,540,0.696
162,540,0.735
171,540,0.773
180,540,0.702
189,540,0.85
198,540,0.777
207,540,0.815
216,540,0.852
225,540,0.687
234,540,0.471
243,540,0.58
252,540,0.613
261,540,0.734
270,540,0.769
279,540,0.713
288,540,0.661
297,540,0.694
306,540,0.569
315,540,0.599
324,540,0.557
333,540,0.517
342,540,0.546
351,540,0.508
360,540,0.605
369,540,0.564
378,540,0.665
387,540,0.623
396,540,0.458
405,540,0.427
414,540,0.51
423,540,0.536
432,540,0.563
441,540,0.659
450,540,0.555
459,540,0.582
468,540,0.547
477,540,0.513
486,540,0.539
495,540,0.566
504,540,0.592
513,540,0.62
522,540,0.584
531,540,0.612
540,540,0.639
549,540,0.544
558,540,0.57
567,540,0.537
576,540,0.563
585,540,0.477
594,540,0.501
603,540,0.472
612,540,0.495
621,540,0.467
630,540,0.544
639,540,0.569
648,540,0.656
657,540,0.622
666,540,0.78
675,540,0.676
684,540,0.841
693,540,0.734
702,540,0.763
711,540,0.865
720,540,0.756
729,540,0.719
738,540,0.684
747,540,0.713
756,540,0.742
765,540,0.706
774,540,0.735
783,540,0.639
792,540,0.795
801,540,0.759
810,540,0.858
819,540,0.82
828,540,0.783
837,540,0.747
846,540,0.712
855,540,0.679
864,540,0.589
873,540,0.615
882,540,0.481
891,540,0.456
900,540,0.581
909,540,0.5
918,540,0.385
927,540,0.405
936,540,0.425
945,540,0.494
954,540,0.569
963,540,0.443
972,540,-0.566
981,540,-0.487
990,540,-0.462
999,540,-0.393
1008,540,-0.332
1017,540,-0.312
1026,540,-0.329
1035,540,-0.347
1044,540,-0.453
1053,540,-0.475
1062,540,-0.45
1071,540,-0.472
1080,540,-0.447
1089,540,-0.423
1098,540,-0.32
1107,540,-0.3
1116,540,-0.397
1125,540,-0.335
1134,540,-0.315
1143,540,-0.262
1152,540,-0.245
1161,540,-0.228
1170,540,-0.186
1179,540,-0.172
1188,540,-0.16
1197,540,-0.196
1206,540,-0.182
1215,540,-0.194
1224,540,-0.179
1233,540,-0.123
1242,540,-0.113
1251,540,-0.087
1260,540,-0.094
1269,540,-0.101
1278,540,-0.109
1287,540,-0.137
1296,540,-0.125
1305,540,-0.134
1314,540,-0.104
1323,540,-0.095
1332,540,-0.072
1341,540,-0.053
1350,540,-0.07
1359,540,-0.108
1368,540,-0.116
1377,540,-0.105
1386,540,-0.157
1395,540,-0.144
1404,540,-0.131
1413,540,-0.141
1422,540,-0.128
1431,540,-0.097
1440,540,-0.148
1449,540,-0.095
1458,540,-0.085
1467,540,-0.11
1476,540,-0.142
1485,540,-0.153
1494,540,-0.139
1503,540,-0.104
1512,540,-0.113
1521,540,-0.101
1530,540,-0.073
1539,540,-0.064
1548,540,-0.056
1557,540,-0.038
1566,540,-0.025
1575,540,-0.073
1584,540,-0.12
1593,540,-0.086
1602,540,-0.116
1611,540,-0.125
1620,540,-0.136
1629,540,-0.098
1638,540,-0.085
1647,540,-0.143
1656,540,-0.19
1665,540,-0.138
1674,540,-0.15
1683,540,-0.164
1692,540,-0.179
1701,540,-0.289
1710,540,-0.261
1719,540,-0.234
1728,540,-0.312
1737,540,-0.281
1746,540,-0.25
1755,540,-0.221
1764,540,-0.193
1773,540,-0.127
1782,540,-0.185
1791,540,-0.157
1800,540,-0.175
1809,540,-0.196
1818,540,-0.22
1827,540,-0.184
1836,540,-0.375
1845,540,-0.432
1854,540,-0.377
1863,540,-0.225
1872,540,-0.175
1881,540,-0.125
1890,540,-0.078
1899,540,-0.311
1908,540,-0.441
1917,540,-0.287
9,549,0.109
18,549,0.63
27,549,0.279
36,549,0.494
45,549,0.267
54,549,0.314
63,549,0.358
72,549,0.151
81,549,0.182
90,549,0.477
99,549,0.635
108,549,0.446
117,549,0.388
126,549,0.421
135,549,0.454
144,549,0.583
153,549,0.725
162,549,0.759
171,549,0.793
180,549,0.716
189,549,0.859
198,549,0.782
207,549,0.814
216,549,0.847
225,549,0.679
234,549,0.538
243,549,0.65
252,549,0.681
261,549,0.804
270,549,0.936
279,549,0.867
288,549,0.803
297,549,0.834
306,549,0.688
315,549,0.718
324,549,0.665
333,549,0.617
342,549,0.644
351,549,0.598
360,549,0.7
369,549,0.652
378,549,0.757
387,549,0.707
396,549,0.525
405,549,0.55
414,549,0.643
423,549,0.669
432,549,0.696
441,549,0.8
450,549,0.678
459,549,0.705
468,549,0.662
477,549,0.621
486,549,0.646
495,549,0.672
504,549,0.698
513,549,0.725
522,549,0.682
531,549,0.78
540,549,0.884
549,549,0.763
558,549,0.79
567,549,0.747
576,549,0.774
585,549,0.665
594,549,0.69
603,549,0.652
612,549,0.677
621,549,0.639
630,549,0.729
639,549,0.755
648,549,0.854
657,549,0.81
666,549,0.99
675,549,0.867
684,549,1.053
693,549,0.926
702,549,0.956
711,549,1.067
720,549,0.94
729,549,0.895
738,549,0.851
747,549,0.955
756,549,0.985
765,549,0.94
774,549,0.97
783,549,0.853
792,549,1.033
801,549,0.987
810,549,1.099
819,549,1.05
828,549,1.004
837,549,0.959
846,549,0.915
855,549,0.873
864,549,0.765
873,549,0.792
882,549,0.632
891,549,0.599
900,549,0.743
909,549,0.647
918,549,0.507
927,549,0.529
936,549,0.551
945,549,0.629
954,549,0.714
963,549,0.565
972,549,-0.705
981,549,-0.612
990,549,-0.58
999,549,-0.498
1008,549,-0.425
1017,549,-0.4
1026,549,-0.418
1035,549,-0.437
1044,549,-0.557
1053,549,-0.58
1062,549,-0.549
1071,549,-0.572
1080,549,-0.542
1089,549,-0.513
1098,549,-0.393
1107,549,-0.369
1116,549,-0.478
1125,549,-0.405
1134,549,-0.381
1143,549,-0.319
1152,549,-0.298
1161,549,-0.278
1170,549,-0.228
1179,549,-0.211
1188,549,-0.195
1197,549,-0.236
1206,549,-0.219
1215,549,-0.231
1224,549,-0.214
1233,549,-0.149
1242,549,-0.136
1251,549,-0.106
1260,549,-0.113
1269,549,-0.12
1278,549,-0.128
1287,549,-0.159
1296,549,-0.145
1305,549,-0.154
1314,549,-0.12
1323,549,-0.109
1332,549,-0.083
1341,549,-0.062
1350,549,-0.08
1359,549,-0.12
1368,549,-0.128
1377,549,-0.116
1386,549,-0.17
1395,549,-0.155
1404,549,-0.141
1413,549,-0.15
1422,549,-0.136
1431,549,-0.103
1440,549,-0.155
1449,549,-0.099
1458,549,-0.088
1467,549,-0.114
1476,549,-0.144
1485,549,-0.154
1494,549,-0.139
1503,549,-0.104
1512,549,-0.111
1521,549,-0.099
1530,549,-0.071
1539,549,-0.062
1548,549,-0.054
1557,549,-0.036
1566,549,-0.023
1575,549,-0.067
1584,549,-0.111
1593,549,-0.078
1602,549,-0.105
1611,549,-0.113
1620,549,-0.121
1629,549,-0.085
1638,549,-0.073
1647,549,-0.124
1656,549,-0.164
1665,549,-0.116
1674,549,-0.125
1683,549,-0.136
1692,549,-0.147
1701,549,-0.24
1710,549,-0.213
1719,549,-0.187
1728,549,-0.251
1737,549,-0.273
1746,549,-0.241
1755,549,-0.21
1764,549,-0.181
1773,549,-0.154
1782,549,-0.218
1791,549,-0.186
1800,549,-0.205
1809,549,-0.227
1818,549,-0.252
1827,549,-0.211
1836,549,-0.415
1845,549,-0.474
1854,549,-0.413
1863,549,-0.248
1872,549,-0.193
1881,549,-0.138
1890,549,-0.086
1899,549,-0.328
1908,549,-0.457
1917,549,-0.293
9,558,0.104
18,558,0.605
27,558,0.261
36,558,0.464
45,558,0.245
54,558,0.287
63,558,0.326
72,558,0.192
81,558,0.223
90,558,0.543
99,558,0.703
108,558,0.495
117,558,0.428
126,558,0.457
135,558,0.586
144,558,0.726
153,558,0.877
162,558,0.905
171,558,0.933
180,558,0.841
189,558,0.989
198,558,0.897
207,558,0.925
216,558,0.953
225,558,0.767
234,558,0.61
243,558,0.725
252,558,0.752
261,558,0.877
270,558,1.01
279,558,0.933
288,558,0.861
297,558,0.888
306,558,0.733
315,558,0.759
324,558,0.701
333,558,0.648
342,558,0.672
351,558,0.622
360,558,0.722
369,558,0.67
378,558,0.773
387,558,0.719
396,558,0.598
405,558,0.621
414,558,0.717
423,558,0.742
432,558,0.766
441,558,0.872
450,558,0.74
459,558,0.765
468,558,0.716
477,558,0.669
486,558,0.693
495,558,0.716
504,558,0.74
513,558,0.765
522,558,0.718
531,558,0.814
540,558,0.918
549,558,0.79
558,558,0.815
567,558,0.768
576,558,0.792
585,558,0.679
594,558,0.702
603,558,0.66
612,558,0.683
621,558,0.642
630,558,0.729
639,558,0.753
648,558,0.847
657,558,0.801
666,558,0.976
675,558,0.851
684,558,1.031
693,558,0.903
702,558,0.929
711,558,1.035
720,558,0.907
729,558,0.86
738,558,0.815
747,558,0.912
756,558,0.939
765,558,0.892
774,558,0.918
783,558,0.803
792,558,0.973
801,558,0.925
810,558,1.029
819,558,0.98
828,558,0.932
837,558,0.886
846,558,0.842
855,558,0.799
864,558,0.695
873,558,0.719
882,558,0.567
891,558,0.534
900,558,0.666
909,558,0.574
918,558,0.444
927,558,0.462
936,558,0.48
945,558,0.549
954,558,0.624
963,558,0.487
972,558,-0.611
981,558,-0.525
990,558,-0.494
999,558,-0.419
1008,558,-0.352
1017,558,-0.329
1026,558,-0.343
1035,558,-0.358
1044,558,-0.461
1053,558,-0.479
1062,558,-0.45
1071,558,-0.468
1080,558,-0.44
1089,558,-0.413
1098,558,-0.346
1107,558,-0.323
1116,558,-0.42
1125,558,-0.352
1134,558,-0.328
1143,558,-0.271
1152,558,-0.251
1161,558,-0.232
1170,558,-0.188
1179,558,-0.172
1188,558,-0.157
1197,558,-0.191
1206,558,-0.175
1215,558,-0.184
1224,558,-0.169
1233,558,-0.114
1242,558,-0.103
1251,558,-0.078
1260,558,-0.083
1269,558,-0.088
1278,558,-0.093
1287,558,-0.117
1296,558,-0.105
1305,558,-0.111
1314,558,-0.084
1323,558,-0.09
1332,558,-0.067
1341,558,-0.048
1350,558,-0.063
1359,558,-0.096
1368,558,-0.102
1377,558,-0.091
1386,558,-0.135
1395,558,-0.121
1404,558,-0.109
1413,558,-0.115
1422,558,-0.103
1431,558,-0.076
1440,558,-0.116
1449,558,-0.071
1458,558,-0.062
1467,558,-0.081
1476,558,-0.124
1485,558,-0.131
1494,558,-0.117
1503,558,-0.104
1512,558,-0.11
1521,558,-0.097
1530,558,-0.069
1539,558,-0.06
1548,558,-0.051
1557,558,-0.034
1566,558,-0.028
1575,558,-0.078
1584,558,-0.124
1593,558,-0.088
1602,558,-0.116
1611,558,-0.124
1620,558,-0.132
1629,558,-0.093
1638,558,-0.079
1647,558,-0.131
1656,558,-0.172
1665,558,-0.122
1674,558,-0.13
1683,558,-0.14
1692,558,-0.15
1701,558,-0.242
1710,558,-0.213
1719,558,-0.185
1728,558,-0.246
1737,558,-0.265
1746,558,-0.231
1755,558,-0.2
1764,558,-0.17
1773,558,-0.142
1782,558,-0.2
1791,558,-0.167
1800,558,-0.182
1809,558,-0.199
1818,558,-0.218
1827,558,-0.178
1836,558,-0.353
1845,558,-0.396
1854,558,-0.335
1863,558,-0.188
1872,558,-0.137
1881,558,-0.09
1890,558,-0.094
1899,558,-0.345
1908,558,-0.473
1917,558,-0.299
9,567,0.099
18,567,0.58
27,567,0.245
36,567,0.435
45,567,0.225
54,567,0.262
63,567,0.296
72,567,0.171
81,567,0.198
90,567,0.493
99,567,0.64
108,567,0.443
117,567,0.379
126,567,0.404
135,567,0.52
144,567,0.648
153,567,0.909
162,567,0.932
171,567,0.954
180,567,0.855
189,567,0.999
198,567,0.902
207,567,0.925
216,567,0.948
225,567,0.759
234,567,0.6
243,567,0.71
252,567,0.733
261,567,0.851
270,567,1.087
279,567,1.001
288,567,0.921
297,567,0.944
306,567,0.779
315,567,0.802
324,567,0.738
333,567,0.679
342,567,0.701
351,567,0.646
360,567,0.744
369,567,0.688
378,567,0.788
387,567,0.731
396,567,0.606
405,567,0.626
414,567,0.719
423,567,0.74
432,567,0.762
441,567,0.863
450,567,0.73
459,567,0.751
468,567,0.7
477,567,0.651
486,567,0.671
495,567,0.692
504,567,0.712
513,567,0.733
522,567,0.685
531,567,0.775
540,567,0.872
549,567,0.747
558,567,0.768
567,567,0.789
576,567,0.81
585,567,0.693
594,567,0.714
603,567,0.669
612,567,0.689
621,567,0.645
630,567,0.729
639,567,0.75
648,567,0.841
657,567,0.792
666,567,0.962
675,567,0.836
684,567,1.01
693,567,0.88
702,567,0.903
711,567,1.003
720,567,0.876
729,567,0.827
738,567,0.781
747,567,0.872
756,567,0.895
765,567,0.846
774,567,0.869
783,567,0.755
792,567,0.915
801,567,0.867
810,567,0.963
819,567,0.913
828,567,0.865
837,567,0.819
846,567,0.774
855,567,0.731
864,567,0.631
873,567,0.65
882,567,0.507
891,567,0.475
900,567,0.594
909,567,0.507
918,567,0.387
927,567,0.401
936,567,0.416
945,567,0.476
954,567,0.542
963,567,0.416
972,567,-0.526
981,567,-0.447
990,567,-0.417
999,567,-0.35
1008,567,-0.29
1017,567,-0.268
1026,567,-0.279
1035,567,-0.29
1044,567,-0.377
1053,567,-0.392
1062,567,-0.365
1071,567,-0.379
1080,567,-0.352
1089,567,-0.327
1098,567,-0.27
1107,567,-0.249
1116,567,-0.328
1125,567,-0.27
1134,567,-0.281
1143,567,-0.229
1152,567,-0.21
1161,567,-0.193
1170,567,-0.153
1179,567,-0.139
1188,567,-0.125
1197,567,-0.153
1206,567,-0.138
1215,567,-0.145
1224,567,-0.131
1233,567,-0.086
1242,567,-0.076
1251,567,-0.056
1260,567,-0.059
1269,567,-0.063
1278,567,-0.066
1287,567,-0.084
1296,567,-0.074
1305,567,-0.078
1314,567,-0.057
1323,567,-0.061
1332,567,-0.044
1341,567,-0.038
1350,567,-0.049
1359,567,-0.076
1368,567,-0.08
1377,567,-0.07
1386,567,-0.106
1395,567,-0.094
1404,567,-0.083
1413,567,-0.087
1422,567,-0.076
1431,567,-0.055
1440,567,-0.085
1449,567,-0.05
1458,567,-0.043
1467,567,-0.056
1476,567,-0.088
1485,567,-0.093
1494,567,-0.098
1503,567,-0.085
1512,567,-0.09
1521,567,-0.078
1530,567,-0.054
1539,567,-0.046
1548,567,-0.038
1557,567,-0.025
1566,567,-0.02
1575,567,-0.058
1584,567,-0.094
1593,567,-0.081
1602,567,-0.105
1611,567,-0.111
1620,567,-0.118
1629,567,-0.081
1638,567,-0.086
1647,567,-0.14
1656,567,-0.181
1665,567,-0.127
1674,567,-0.135
1683,567,-0.143
1692,567,-0.152
1701,567,-0.243
1710,567,-0.212
1719,567,-0.183
1728,567,-0.241
1737,567,-0.257
1746,567,-0.223
1755,567,-0.19
1764,567,-0.159
1773,567,-0.131
1782,567,-0.183
1791,567,-0.15
1800,567,-0.161
1809,567,-0.174
1818,567,-0.188
1827,567,-0.149
1836,567,-0.298
1845,567,-0.329
1854,567,-0.268
1863,567,-0.141
1872,567,-0.152
1881,567,-0.1
1890,567,-0.103
1899,567,-0.363
1908,567,-0.49
1917,567,-0.304
9,576,0.094
18,576,0.854
27,576,0.374
36,576,0.793
45,576,0.438
54,576,0.465
63,576,0.49
72,576,0.297
81,576,0.323
90,576,0.689
99,576,0.851
108,576,0.601
117,576,0.513
126,576,0.534
135,576,0.662
144,576,0.798
153,576,1.08
162,576,1.094
171,576,1.109
180,576,0.992
189,576,1.139
198,576,1.026
207,576,1.043
216,576,1.06
225,576,0.852
234,576,0.676
243,576,0.788
252,576,0.807
261,576,0.927
270,576,1.167
279,576,1.071
288,576,0.983
297,576,1.002
306,576,0.827
315,576,0.846
324,576,0.776
333,576,0.712
342,576,0.73
351,576,0.67
360,576,0.767
369,576,0.706
378,576,0.804
387,576,0.743
396,576,0.614
405,576,0.631
414,576,0.721
423,576,0.739
432,576,0.757
441,576,0.854
450,576,0.719
459,576,0.737
468,576,0.684
477,576,0.634
486,576,0.651
495,576,0.668
504,576,0.685
513,576,0.702
522,576,0.653
531,576,0.738
540,576,0.828
549,576,0.705
558,576,0.722
567,576,0.74
576,576,0.829
585,576,0.708
594,576,0.726
603,576,0.743
612,576,0.761
621,576,0.712
630,576,0.798
639,576,0.816
648,576,0.908
657,576,0.854
666,576,1.027
675,576,0.893
684,576,1.069
693,576,1.01
702,576,1.031
711,576,1.135
720,576,0.994
729,576,0.938
738,576,0.885
747,576,0.979
756,576,1
765,576,0.945
774,576,0.966
783,576,0.841
792,576,1.008
801,576,0.953
810,576,1.051
819,576,0.995
828,576,0.942
837,576,0.89
846,576,0.91
855,576,0.86
864,576,0.746
873,576,0.765
882,576,0.603
891,576,0.565
900,576,0.695
909,576,0.596
918,576,0.508
927,576,0.523
936,576,0.538
945,576,0.607
954,576,0.681
963,576,0.532
972,576,-0.657
981,576,-0.563
990,576,-0.527
999,576,-0.446
1008,576,-0.373
1017,576,-0.346
1026,576,-0.357
1035,576,-0.369
1044,576,-0.469
1053,576,-0.483
1062,576,-0.451
1071,576,-0.464
1080,576,-0.433
1089,576,-0.402
1098,576,-0.334
1107,576,-0.309
1116,576,-0.398
1125,576,-0.33
1134,576,-0.342
1143,576,-0.281
1152,576,-0.258
1161,576,-0.236
1170,576,-0.189
1179,576,-0.172
1188,576,-0.155
1197,576,-0.186
1206,576,-0.168
1215,576,-0.175
1224,576,-0.158
1233,576,-0.105
1242,576,-0.093
1251,576,-0.07
1260,576,-0.073
1269,576,-0.076
1278,576,-0.08
1287,576,-0.099
1296,576,-0.088
1305,576,-0.092
1314,576,-0.068
1323,576,-0.071
1332,576,-0.051
1341,576,-0.044
1350,576,-0.056
1359,576,-0.085
1368,576,-0.089
1377,576,-0.078
1386,576,-0.116
1395,576,-0.102
1404,576,-0.09
1413,576,-0.094
1422,576,-0.082
1431,576,-0.059
1440,576,-0.09
1449,576,-0.053
1458,576,-0.045
1467,576,-0.058
1476,576,-0.108
1485,576,-0.113
1494,576,-0.118
1503,576,-0.103
1512,576,-0.108
1521,576,-0.093
1530,576,-0.065
1539,576,-0.055
1548,576,-0.046
1557,576,-0.03
1566,576,-0.024
1575,576,-0.067
1584,576,-0.106
1593,576,-0.091
1602,576,-0.117
1611,576,-0.122
1620,576,-0.128
1629,576,-0.089
1638,576,-0.115
1647,576,-0.18
1656,576,-0.228
1665,576,-0.164
1674,576,-0.172
1683,576,-0.181
1692,576,-0.191
1701,576,-0.295
1710,576,-0.258
1719,576,-0.224
1728,576,-0.288
1737,576,-0.305
1746,576,-0.265
1755,576,-0.227
1764,576,-0.191
1773,576,-0.158
1782,576,-0.215
1791,576,-0.178
1800,576,-0.189
1809,576,-0.201
1818,576,-0.215
1827,576,-0.171
1836,576,-0.332
1845,576,-0.363
1854,576,-0.296
1863,576,-0.157
1872,576,-0.168
1881,576,-0.11
1890,576,-0.113
1899,576,-0.382
1908,576,-0.506
1917,576,-0.31
9,585,0.09
18,585,0.823
27,585,0.352
36,585,0.752
45,585,0.407
54,585,0.43
63,585,0.451
72,585,0.267
81,585,0.29
90,585,0.63
99,585,0.78
108,585,0.542
117,585,0.458
126,585,0.476
135,585,0.591
144,585,0.716
153,585,0.977
162,585,0.987
171,585,0.997
180,585,0.885
189,585,1.149
198,585,1.031
207,585,1.042
216,585,1.054
225,585,0.843
234,585,0.666
243,585,0.772
252,585,0.787
261,585,0.9
270,585,1.131
279,585,1.033
288,585,0.943
297,585,0.958
306,585,0.785
315,585,0.8
324,585,0.73
333,585,0.666
342,585,0.68
351,585,0.621
360,585,0.71
369,585,0.65
378,585,0.74
387,585,0.679
396,585,0.556
405,585,0.57
414,585,0.651
423,585,0.665
432,585,0.68
441,585,0.767
450,585,0.64
459,585,0.654
468,585,0.603
477,585,0.555
486,585,0.63
495,585,0.645
504,585,0.659
513,585,0.673
522,585,0.623
531,585,0.702
540,585,0.786
549,585,0.665
558,585,0.679
567,585,0.693
576,585,0.776
585,585,0.658
594,585,0.672
603,585,0.686
612,585,0.701
621,585,0.652
630,585,0.73
639,585,0.745
648,585,0.829
657,585,0.775
666,585,0.935
675,585,0.806
684,585,0.969
693,585,0.91
702,585,0.927
711,585,1.021
720,585,0.887
729,585,0.832
738,585,0.78
747,585,0.865
756,585,0.881
765,585,0.828
774,585,0.844
783,585,0.728
792,585,0.877
801,585,0.825
810,585,0.911
819,585,0.858
828,585,0.806
837,585,0.757
846,585,0.773
855,585,0.725
864,585,0.621
873,585,0.636
882,585,0.491
891,585,0.456
900,585,0.567
909,585,0.48
918,585,0.402
927,585,0.457
936,585,0.469
945,585,0.53
954,585,0.595
963,585,0.458
972,585,-0.624
981,585,-0.531
990,585,-0.494
999,585,-0.415
1008,585,-0.384
1017,585,-0.355
1026,585,-0.365
1035,585,-0.375
1044,585,-0.473
1053,585,-0.485
1062,585,-0.451
1071,585,-0.463
1080,585,-0.429
1089,585,-0.397
1098,585,-0.329
1107,585,-0.302
1116,585,-0.388
1125,585,-0.32
1134,585,-0.33
1143,585,-0.269
1152,585,-0.246
1161,585,-0.224
1170,585,-0.177
1179,585,-0.16
1188,585,-0.144
1197,585,-0.171
1206,585,-0.154
1215,585,-0.159
1224,585,-0.143
1233,585,-0.093
1242,585,-0.082
1251,585,-0.06
1260,585,-0.063
1269,585,-0.065
1278,585,-0.068
1287,585,-0.084
1296,585,-0.073
1305,585,-0.076
1314,585,-0.055
1323,585,-0.057
1332,585,-0.04
1341,585,-0.042
1350,585,-0.053
1359,585,-0.08
1368,585,-0.083
1377,585,-0.072
1386,585,-0.107
1395,585,-0.093
1404,585,-0.081
1413,585,-0.084
1422,585,-0.073
1431,585,-0.051
1440,585,-0.079
1449,585,-0.045
1458,585,-0.038
1467,585,-0.06
1476,585,-0.11
1485,585,-0.114
1494,585,-0.141
1503,585,-0.123
1512,585,-0.127
1521,585,-0.11
1530,585,-0.078
1539,585,-0.066
1548,585,-0.055
1557,585,-0.036
1566,585,-0.029
1575,585,-0.077
1584,585,-0.119
1593,585,-0.102
1602,585,-0.129
1611,585,-0.134
1620,585,-0.139
1629,585,-0.096
1638,585,-0.124
1647,585,-0.19
1656,585,-0.238
1665,585,-0.171
1674,585,-0.178
1683,585,-0.185
1692,585,-0.193
1701,585,-0.296
1710,585,-0.257
1719,585,-0.221
1728,585,-0.283
1737,585,-0.297
1746,585,-0.255
1755,585,-0.268
1764,585,-0.227
1773,585,-0.188
1782,585,-0.251
1791,585,-0.208
1800,585,-0.219
1809,585,-0.232
1818,585,-0.246
1827,585,-0.196
1836,585,-0.368
1845,585,-0.4
1854,585,-0.326
1863,585,-0.175
1872,585,-0.185
1881,585,-0.122
1890,585,-0.123
1899,585,-0.401
1908,585,-0.523
1917,585,-0.316
9,594,0.086
18,594,0.793
27,594,0.332
36,594,0.712
45,594,0.378
54,594,0.397
63,594,0.414
72,594,0.24
81,594,0.259
90,594,0.575
99,594,0.713
108,594,0.488
117,594,0.407
126,594,0.422
135,594,0.526
144,594,0.639
153,594,0.88
162,594,0.886
171,594,0.893
180,594,0.786
189,594,1.029
198,594,0.916
207,594,0.924
216,594,0.932
225,594,0.735
234,594,0.572
243,594,0.666
252,594,0.678
261,594,0.778
270,594,0.987
279,594,0.895
288,594,0.811
297,594,0.821
306,594,0.663
315,594,0.675
324,594,0.686
333,594,0.622
342,594,0.633
351,594,0.574
360,594,0.656
369,594,0.597
378,594,0.679
387,594,0.619
396,594,0.502
405,594,0.513
414,594,0.586
423,594,0.597
432,594,0.608
441,594,0.687
450,594,0.567
459,594,0.578
468,594,0.529
477,594,0.483
486,594,0.55
495,594,0.561
504,594,0.572
513,594,0.583
522,594,0.535
531,594,0.605
540,594,0.679
549,594,0.567
558,594,0.578
567,594,0.589
576,594,0.661
585,594,0.553
594,594,0.564
603,594,0.574
612,594,0.585
621,594,0.54
630,594,0.667
639,594,0.679
648,594,0.755
657,594,0.702
666,594,0.849
675,594,0.726
684,594,0.875
693,594,0.818
702,594,0.83
711,594,0.915
720,594,0.788
729,594,0.735
738,594,0.685
747,594,0.76
756,594,0.773
765,594,0.721
774,594,0.734
783,594,0.626
792,594,0.759
801,594,0.709
810,594,0.785
819,594,0.734
828,594,0.685
837,594,0.697
846,594,0.709
855,594,0.662
864,594,0.563
873,594,0.574
882,594,0.438
891,594,0.404
900,594,0.504
909,594,0.422
918,594,0.35
927,594,0.398
936,594,0.407
945,594,0.46
954,594,0.518
963,594,0.392
972,594,-0.539
981,594,-0.453
990,594,-0.419
999,594,-0.347
1008,594,-0.318
1017,594,-0.291
1026,594,-0.298
1035,594,-0.305
1044,594,-0.389
1053,594,-0.398
1062,594,-0.366
1071,594,-0.375
1080,594,-0.344
1089,594,-0.315
1098,594,-0.256
1107,594,-0.232
1116,594,-0.303
1125,594,-0.245
1134,594,-0.251
1143,594,-0.2
1152,594,-0.206
1161,594,-0.185
1170,594,-0.145
1179,594,-0.129
1188,594,-0.114
1197,594,-0.136
1206,594,-0.121
1215,594,-0.125
1224,594,-0.128
1233,594,-0.082
1242,594,-0.072
1251,594,-0.052
1260,594,-0.053
1269,594,-0.055
1278,594,-0.068
1287,594,-0.084
1296,594,-0.073
1305,594,-0.075
1314,594,-0.054
1323,594,-0.056
1332,594,-0.039
1341,594,-0.049
1350,594,-0.061
1359,594,-0.09
1368,594,-0.11
1377,594,-0.096
1386,594,-0.137
1395,594,-0.12
1404,594,-0.105
1413,594,-0.108
1422,594,-0.094
1431,594,-0.08
1440,594,-0.118
1449,594,-0.071
1458,594,-0.06
1467,594,-0.091
1476,594,-0.157
1485,594,-0.162
1494,594,-0.195
1503,594,-0.171
1512,594,-0.177
1521,594,-0.154
1530,594,-0.112
1539,594,-0.095
1548,594,-0.08
1557,594,-0.054
1566,594,-0.044
1575,594,-0.107
1584,594,-0.16
1593,594,-0.138
1602,594,-0.171
1611,594,-0.176
1620,594,-0.182
1629,594,-0.128
1638,594,-0.161
1647,594,-0.24
1656,594,-0.294
1665,594,-0.215
1674,594,-0.222
1683,594,-0.23
1692,594,-0.238
1701,594,-0.354
1710,594,-0.309
1719,594,-0.267
1728,594,-0.335
1737,594,-0.349
1746,594,-0.301
1755,594,-0.314
1764,594,-0.266
1773,594,-0.222
1782,594,-0.291
1791,594,-0.242
1800,594,-0.253
1809,594,-0.265
1818,594,-0.279
1827,594,-0.223
1836,594,-0.407
1845,594,-0.438
1854,594,-0.357
1863,594,-0.194
1872,594,-0.203
1881,594,-0.134
1890,594,-0.133
1899,594,-0.421
1908,594,-0.54
1917,594,-0.322
9,603,0.082
18,603,0.764
27,603,0.312
36,603,0.674
45,603,0.351
54,603,0.366
63,603,0.38
72,603,0.215
81,603,0.231
90,603,0.523
99,603,0.65
108,603,0.437
117,603,0.361
126,603,0.372
135,603,0.467
144,603,0.569
153,603,0.79
162,603,0.793
171,603,0.797
180,603,0.695
189,603,0.918
198,603,0.81
207,603,0.815
216,603,0.82
225,603,0.637
234,603,0.487
243,603,0.571
252,603,0.579
261,603,0.668
270,603,0.855
279,603,0.769
288,603,0.691
297,603,0.699
306,603,0.555
315,603,0.564
324,603,0.572
333,603,0.58
342,603,0.589
351,603,0.53
360,603,0.605
369,603,0.547
378,603,0.622
387,603,0.563
396,603,0.452
405,603,0.46
414,603,0.526
423,603,0.534
432,603,0.542
441,603,0.613
450,603,0.5
459,603,0.508
468,603,0.461
477,603,0.418
486,603,0.477
495,603,0.485
504,603,0.493
513,603,0.501
522,603,0.456
531,603,0.517
540,603,0.582
549,603,0.48
558,603,0.488
567,603,0.496
576,603,0.558
585,603,0.46
594,603,0.468
603,603,0.476
612,603,0.484
621,603,0.442
630,603,0.552
639,603,0.56
648,603,0.626
657,603,0.577
666,603,0.704
675,603,0.594
684,603,0.723
693,603,0.67
702,603,0.679
711,603,0.751
720,603,0.638
729,603,0.59
738,603,0.545
747,603,0.607
756,603,0.616
765,603,0.57
774,603,0.578
783,603,0.485
792,603,0.652
801,603,0.605
810,603,0.671
819,603,0.623
828,603,0.577
837,603,0.586
846,603,0.594
855,603,0.55
864,603,0.461
873,603,0.469
882,603,0.35
891,603,0.319
900,603,0.403
909,603,0.332
918,603,0.27
927,603,0.308
936,603,0.314
945,603,0.357
954,603,0.404
963,603,0.298
972,603,-0.419
981,603,-0.345
990,603,-0.315
999,603,-0.287
1008,603,-0.293
1017,603,-0.266
1026,603,-0.271
1035,603,-0.277
1044,603,-0.353
1053,603,-0.36
1062,603,-0.329
1071,603,-0.335
1080,603,-0.305
1089,603,-0.278
1098,603,-0.222
1107,603,-0.2
1116,603,-0.262
1125,603,-0.209
1134,603,-0.213
1143,603,-0.167
1152,603,-0.171
1161,603,-0.152
1170,603,-0.117
1179,603,-0.102
1188,603,-0.09
1197,603,-0.107
1206,603,-0.094
1215,603,-0.096
1224,603,-0.099
1233,603,-0.061
1242,603,-0.052
1251,603,-0.036
1260,603,-0.037
1269,603,-0.038
1278,603,-0.048
1287,603,-0.059
1296,603,-0.05
1305,603,-0.051
1314,603,-0.036
1323,603,-0.036
1332,603,-0.024
1341,603,-0.031
1350,603,-0.039
1359,603,-0.059
1368,603,-0.073
1377,603,-0.062
1386,603,-0.091
1395,603,-0.078
1404,603,-0.066
1413,603,-0.082
1422,603,-0.083
1431,603,-0.071
1440,603,-0.104
1449,603,-0.061
1458,603,-0.062
1467,603,-0.093
1476,603,-0.159
1485,603,-0.163
1494,603,-0.195
1503,603,-0.17
1512,603,-0.174
1521,603,-0.151
1530,603,-0.109
1539,603,-0.092
1548,603,-0.077
1557,603,-0.051
1566,603,-0.041
1575,603,-0.1
1584,603,-0.149
1593,603,-0.127
1602,603,-0.156
1611,603,-0.16
1620,603,-0.164
1629,603,-0.113
1638,603,-0.142
1647,603,-0.211
1656,603,-0.306
1665,603,-0.223
1674,603,-0.229
1683,603,-0.281
1692,603,-0.29
1701,603,-0.419
1710,603,-0.367
1719,603,-0.318
1728,603,-0.393
1737,603,-0.407
1746,603,-0.352
1755,603,-0.365
1764,603,-0.311
1773,603,-0.26
1782,603,-0.335
1791,603,-0.279
1800,603,-0.29
1809,603,-0.302
1818,603,-0.315
1827,603,-0.253
1836,603,-0.449
1845,603,-0.479
1854,603,-0.391
1863,603,-0.215
1872,603,-0.223
1881,603,-0.146
1890,603,-0.144
1899,603,-0.441
1908,603,-0.558
1917,603,-0.328
9,612,0.078
18,612,0.735
27,612,0.294
36,612,0.638
45,612,0.325
54,612,0.337
63,612,0.347
72,612,0.266
81,612,0.278
90,612,0.591
99,612,0.718
108,612,0.484
117,612,0.398
126,612,0.405
135,612,0.499
144,612,0.6
153,612,0.82
162,612,0.818
171,612,0.816
180,612,0.709
189,612,0.928
198,612,0.815
207,612,0.815
216,612,0.816
225,612,0.631
234,612,0.479
243,612,0.559
252,612,0.564
261,612,0.647
270,612,0.827
279,612,0.74
288,612,0.661
297,612,0.665
306,612,0.524
315,612,0.53
324,612,0.535
333,612,0.541
342,612,0.546
351,612,0.489
360,612,0.557
369,612,0.5
378,612,0.568
387,612,0.511
396,612,0.406
405,612,0.411
414,612,0.47
423,612,0.476
432,612,0.482
441,612,0.545
450,612,0.439
459,612,0.445
468,612,0.401
477,612,0.36
486,612,0.412
495,612,0.417
504,612,0.423
513,612,0.479
522,612,0.434
531,612,0.49
540,612,0.55
549,612,0.501
558,612,0.507
567,612,0.513
576,612,0.573
585,612,0.472
594,612,0.478
603,612,0.484
612,612,0.489
621,612,0.446
630,612,0.553
639,612,0.559
648,612,0.622
657,612,0.571
666,612,0.694
675,612,0.583
684,612,0.707
693,612,0.653
702,612,0.66
711,612,0.727
720,612,0.614
729,612,0.566
738,612,0.52
747,612,0.578
756,612,0.584
765,612,0.538
774,612,0.544
783,612,0.453
792,612,0.61
801,612,0.563
810,612,0.623
819,612,0.575
828,612,0.53
837,612,0.536
846,612,0.542
855,612,0.499
864,612,0.414
873,612,0.42
882,612,0.309
891,612,0.279
900,612,0.354
909,612,0.288
918,612,0.231
927,612,0.264
936,612,0.268
945,612,0.305
954,612,0.346
963,612,0.25
972,612,-0.355
981,612,-0.289
990,612,-0.261
999,612,-0.235
1008,612,-0.239
1017,612,-0.215
1026,612,-0.218
1035,612,-0.222
1044,612,-0.286
1053,612,-0.29
1062,612,-0.262
1071,612,-0.266
1080,612,-0.24
1089,612,-0.215
1098,612,-0.169
1107,612,-0.149
1116,612,-0.199
1125,612,-0.155
1134,612,-0.157
1143,612,-0.12
1152,612,-0.122
1161,612,-0.107
1170,612,-0.079
1179,612,-0.068
1188,612,-0.058
1197,612,-0.084
1206,612,-0.072
1215,612,-0.073
1224,612,-0.075
1233,612,-0.044
1242,612,-0.037
1251,612,-0.025
1260,612,-0.026
1269,612,-0.026
1278,612,-0.033
1287,612,-0.04
1296,612,-0.034
1305,612,-0.034
1314,612,-0.023
1323,612,-0.023
1332,612,-0.015
1341,612,-0.019
1350,612,-0.024
1359,612,-0.037
1368,612,-0.046
1377,612,-0.038
1386,612,-0.058
1395,612,-0.048
1404,612,-0.04
1413,612,-0.05
1422,612,-0.05
1431,612,-0.042
1440,612,-0.063
1449,612,-0.034
1458,612,-0.035
1467,612,-0.054
1476,612,-0.097
1485,612,-0.098
1494,612,-0.119
1503,612,-0.101
1512,612,-0.123
1521,612,-0.104
1530,612,-0.072
1539,612,-0.059
1548,612,-0.048
1557,612,-0.038
1566,612,-0.03
1575,612,-0.076
1584,612,-0.115
1593,612,-0.095
1602,612,-0.142
1611,612,-0.144
1620,612,-0.147
1629,612,-0.1
1638,612,-0.124
1647,612,-0.185
1656,612,-0.269
1665,612,-0.192
1674,612,-0.195
1683,612,-0.24
1692,612,-0.245
1701,612,-0.357
1710,612,-0.307
1719,612,-0.261
1728,612,-0.322
1737,612,-0.331
1746,612,-0.279
1755,612,-0.349
1764,612,-0.294
1773,612,-0.242
1782,612,-0.31
1791,612,-0.254
1800,612,-0.261
1809,612,-0.268
1818,612,-0.276
1827,612,-0.215
1836,612,-0.493
1845,612,-0.522
1854,612,-0.426
1863,612,-0.236
1872,612,-0.243
1881,612,-0.16
1890,612,-0.156
1899,612,-0.462
1908,612,-0.576
1917,612,-0.334
9,621,0.074
18,621,0.708
27,621,0.276
36,621,0.603
45,621,0.3
54,621,0.309
63,621,0.317
72,621,0.24
81,621,0.249
90,621,0.539
99,621,0.655
108,621,0.435
117,621,0.352
126,621,0.357
135,621,0.442
144,621,0.533
153,621,0.735
162,621,0.73
171,621,0.726
180,621,0.625
189,621,0.825
198,621,0.718
207,621,0.716
216,621,0.714
225,621,0.543
234,621,0.405
243,621,0.475
252,621,0.549
261,621,0.711
270,621,0.895
279,621,0.799
288,621,0.712
297,621,0.712
306,621,0.562
315,621,0.564
324,621,0.567
333,621,0.569
342,621,0.572
351,621,0.574
360,621,0.646
369,621,0.579
378,621,0.65
387,621,0.585
396,621,0.466
405,621,0.47
414,621,0.531
423,621,0.534
432,621,0.537
441,621,0.601
450,621,0.486
459,621,0.489
468,621,0.44
477,621,0.394
486,621,0.447
495,621,0.45
504,621,0.453
513,621,0.509
522,621,0.46
531,621,0.516
540,621,0.576
549,621,0.523
558,621,0.526
567,621,0.53
576,621,0.589
585,621,0.484
594,621,0.488
603,621,0.491
612,621,0.495
621,621,0.449
630,621,0.555
639,621,0.558
648,621,0.618
657,621,0.566
666,621,0.685
675,621,0.573
684,621,0.693
693,621,0.637
702,621,0.641
711,621,0.705
720,621,0.592
729,621,0.543
738,621,0.546
747,621,0.604
756,621,0.608
765,621,0.558
774,621,0.562
783,621,0.467
792,621,0.624
801,621,0.574
810,621,0.633
819,621,0.582
828,621,0.535
837,621,0.539
846,621,0.543
855,621,0.498
864,621,0.412
873,621,0.415
882,621,0.304
891,621,0.274
900,621,0.346
909,621,0.279
918,621,0.223
927,621,0.254
936,621,0.256
945,621,0.291
954,621,0.328
963,621,0.235
972,621,-0.335
981,621,-0.27
990,621,-0.273
999,621,-0.245
1008,621,-0.247
1017,621,-0.221
1026,621,-0.224
1035,621,-0.226
1044,621,-0.289
1053,621,-0.292
1062,621,-0.263
1071,621,-0.266
1080,621,-0.238
1089,621,-0.213
1098,621,-0.166
1107,621,-0.146
1116,621,-0.193
1125,621,-0.149
1134,621,-0.151
1143,621,-0.114
1152,621,-0.116
1161,621,-0.1
1170,621,-0.074
1179,621,-0.063
1188,621,-0.053
1197,621,-0.076
1206,621,-0.065
1215,621,-0.065
1224,621,-0.066
1233,621,-0.038
1242,621,-0.032
1251,621,-0.021
1260,621,-0.021
1269,621,-0.021
1278,621,-0.027
1287,621,-0.033
1296,621,-0.027
1305,621,-0.027
1314,621,-0.018
1323,621,-0.018
1332,621,-0.011
1341,621,-0.014
1350,621,-0.018
1359,621,-0.028
1368,621,-0.035
1377,621,-0.029
1386,621,-0.044
1395,621,-0.036
1404,621,-0.029
1413,621,-0.036
1422,621,-0.036
1431,621,-0.029
1440,621,-0.045
1449,621,-0.023
1458,621,-0.023
1467,621,-0.036
1476,621,-0.068
1485,621,-0.083
1494,621,-0.1
1503,621,-0.084
1512,621,-0.101
1521,621,-0.084
1530,621,-0.056
1539,621,-0.045
1548,621,-0.036
1557,621,-0.028
1566,621,-0.021
1575,621,-0.056
1584,621,-0.087
1593,621,-0.07
1602,621,-0.107
1611,621,-0.107
1620,621,-0.108
1629,621,-0.07
1638,621,-0.087
1647,621,-0.133
1656,621,-0.197
1665,621,-0.135
1674,621,-0.135
1683,621,-0.167
1692,621,-0.168
1701,621,-0.251
1710,621,-0.209
1719,621,-0.172
1728,621,-0.214
1737,621,-0.216
1746,621,-0.175
1755,621,-0.221
1764,621,-0.223
1773,621,-0.178
1782,621,-0.287
1791,621,-0.231
1800,621,-0.234
1809,621,-0.304
1818,621,-0.311
1827,621,-0.244
1836,621,-0.539
1845,621,-0.568
1854,621,-0.463
1863,621,-0.26
1872,621,-0.265
1881,621,-0.175
1890,621,-0.168
1899,621,-0.483
1908,621,-0.594
1917,621,-0.34
9,630,0.07
18,630,0.681
27,630,0.259
36,630,0.569
45,630,0.277
54,630,0.284
63,630,0.289
72,630,0.215
81,630,0.222
90,630,0.49
99,630,0.597
108,630,0.388
117,630,0.389
126,630,0.389
135,630,0.473
144,630,0.562
153,630,0.765
162,630,0.754
171,630,0.745
180,630,0.638
189,630,0.834
198,630,0.825
207,630,0.816
216,630,0.808
225,630,0.618
234,630,0.536
243,630,0.613
252,630,0.693
261,630,0.872
270,630,1.072
279,630,0.958
288,630,0.855
297,630,0.85
306,630,0.676
315,630,0.674
324,630,0.672
333,630,0.671
342,630,0.669
351,630,0.668
360,630,0.742
369,630,0.666
378,630,0.739
387,630,0.664
396,630,0.532
405,630,0.533
414,630,0.595
423,630,0.595
432,630,0.596
441,630,0.661
450,630,0.536
459,630,0.536
468,630,0.481
477,630,0.431
486,630,0.483
495,630,0.484
504,630,0.486
513,630,0.541
522,630,0.488
531,630,0.543
540,630,0.602
549,630,0.545
558,630,0.546
567,630,0.547
576,630,0.605
585,630,0.497
594,630,0.498
603,630,0.499
612,630,0.501
621,630,0.453
630,630,0.556
639,630,0.557
648,630,0.614
657,630,0.56
666,630,0.676
675,630,0.563
684,630,0.678
693,630,0.621
702,630,0.622
711,630,0.682
720,630,0.57
729,630,0.52
738,630,0.522
747,630,0.575
756,630,0.577
765,630,0.527
774,630,0.529
783,630,0.436
792,630,0.584
801,630,0.534
810,630,0.588
819,630,0.538
828,630,0.491
837,630,0.493
846,630,0.494
855,630,0.45
864,630,0.369
873,630,0.37
882,630,0.267
891,630,0.238
900,630,0.302
909,630,0.241
918,630,0.215
927,630,0.244
936,630,0.245
945,630,0.277
954,630,0.311
963,630,0.221
972,630,-0.315
981,630,-0.252
990,630,-0.253
999,630,-0.226
1008,630,-0.227
1017,630,-0.201
1026,630,-0.202
1035,630,-0.204
1044,630,-0.261
1053,630,-0.262
1062,630,-0.234
1071,630,-0.235
1080,630,-0.209
1089,630,-0.185
1098,630,-0.142
1107,630,-0.124
1116,630,-0.164
1125,630,-0.125
1134,630,-0.125
1143,630,-0.093
1152,630,-0.094
1161,630,-0.08
1170,630,-0.057
1179,630,-0.048
1188,630,-0.04
1197,630,-0.058
1206,630,-0.049
1215,630,-0.049
1224,630,-0.049
1233,630,-0.027
1242,630,-0.022
1251,630,-0.014
1260,630,-0.014
1269,630,-0.014
1278,630,-0.018
1287,630,-0.022
1296,630,-0.017
1305,630,-0.017
1314,630,-0.011
1323,630,-0.011
1332,630,-0.006
1341,630,-0.008
1350,630,-0.01
1359,630,-0.017
1368,630,-0.021
1377,630,-0.017
1386,630,-0.026
1395,630,-0.021
1404,630,-0.016
1413,630,-0.02
1422,630,-0.02
1431,630,-0.015
1440,630,-0.025
1449,630,-0.012
1458,630,-0.011
1467,630,-0.019
1476,630,-0.037
1485,630,-0.046
1494,630,-0.056
1503,630,-0.056
1512,630,-0.068
1521,630,-0.055
1530,630,-0.035
1539,630,-0.027
1548,630,-0.021
1557,630,-0.015
1566,630,-0.011
1575,630,-0.032
1584,630,-0.051
1593,630,-0.04
1602,630,-0.063
1611,630,-0.078
1620,630,-0.077
1629,630,-0.048
1638,630,-0.06
1647,630,-0.093
1656,630,-0.141
1665,630,-0.091
1674,630,-0.09
1683,630,-0.112
1692,630,-0.111
1701,630,-0.171
1710,630,-0.137
1719,630,-0.108
1728,630,-0.135
1737,630,-0.169
1746,630,-0.133
1755,630,-0.167
1764,630,-0.166
1773,630,-0.165
1782,630,-0.265
1791,630,-0.21
1800,630,-0.21
1809,630,-0.27
1818,630,-0.272
1827,630,-0.208
1836,630,-0.466
1845,630,-0.482
1854,630,-0.381
1863,630,-0.2
1872,630,-0.196
1881,630,-0.118
1890,630,-0.104
1899,630,-0.302
1908,630,-0.313
1917,630,-0.346
9,639,0.067
18,639,0.655
27,639,0.243
36,639,0.537
45,639,0.256
54,639,0.26
63,639,0.263
72,639,0.192
81,639,0.198
90,639,0.445
99,639,0.542
108,639,0.346
117,639,0.344
126,639,0.343
135,639,0.505
144,639,0.593
153,639,0.795
162,639,0.779
171,639,0.764
180,639,0.651
189,639,0.844
198,639,0.83
207,639,0.817
216,639,0.805
225,639,0.612
234,639,0.528
243,639,0.6
252,639,0.676
261,639,0.848
270,639,1.039
279,639,0.924
288,639,0.82
297,639,0.812
306,639,0.641
315,639,0.636
324,639,0.632
333,639,0.628
342,639,0.624
351,639,0.62
360,639,0.688
369,639,0.613
378,639,0.679
387,639,0.606
396,639,0.481
405,639,0.479
414,639,0.536
423,639,0.534
432,639,0.593
441,639,0.655
450,639,0.528
459,639,0.526
468,639,0.47
477,639,0.419
486,639,0.468
495,639,0.467
504,639,0.466
513,639,0.518
522,639,0.464
531,639,0.515
540,639,0.569
549,639,0.568
558,639,0.567
567,639,0.565
576,639,0.621
585,639,0.509
594,639,0.508
603,639,0.507
612,639,0.506
621,639,0.456
630,639,0.557
639,639,0.556
648,639,0.611
657,639,0.554
666,639,0.666
675,639,0.553
684,639,0.664
693,639,0.605
702,639,0.605
711,639,0.661
720,639,0.549
729,639,0.499
738,639,0.498
747,639,0.601
756,639,0.6
765,639,0.547
774,639,0.546
783,639,0.45
792,639,0.598
801,639,0.545
810,639,0.597
819,639,0.545
828,639,0.495
837,639,0.495
846,639,0.495
855,639,0.449
864,639,0.366
873,639,0.366
882,639,0.263
891,639,0.234
900,639,0.295
909,639,0.234
918,639,0.207
927,639,0.234
936,639,0.234
945,639,0.263
954,639,0.295
963,639,0.207
972,639,-0.296
981,639,-0.234
990,639,-0.234
999,639,-0.208
1008,639,-0.208
1017,639,-0.183
1026,639,-0.183
1035,639,-0.183
1044,639,-0.235
1053,639,-0.235
1062,639,-0.208
1071,639,-0.208
1080,639,-0.183
1089,639,-0.183
1098,639,-0.139
1107,639,-0.121
1116,639,-0.16
1125,639,-0.12
1134,639,-0.12
1143,639,-0.089
1152,639,-0.088
1161,639,-0.075
1170,639,-0.053
1179,639,-0.044
1188,639,-0.036
1197,639,-0.052
1206,639,-0.043
1215,639,-0.052
1224,639,-0.062
1233,639,-0.035
1242,639,-0.029
1251,639,-0.018
1260,639,-0.018
1269,639,-0.018
1278,639,-0.022
1287,639,-0.027
1296,639,-0.022
1305,639,-0.021
1314,639,-0.013
1323,639,-0.013
1332,639,-0.01
1341,639,-0.013
1350,639,-0.016
1359,639,-0.025
1368,639,-0.03
1377,639,-0.024
1386,639,-0.036
1395,639,-0.029
1404,639,-0.023
1413,639,-0.028
1422,639,-0.034
1431,639,-0.027
1440,639,-0.041
1449,639,-0.021
1458,639,-0.02
1467,639,-0.031
1476,639,-0.058
1485,639,-0.07
1494,639,-0.084
1503,639,-0.083
1512,639,-0.099
1521,639,-0.081
1530,639,-0.053
1539,639,-0.042
1548,639,-0.032
1557,639,-0.025
1566,639,-0.018
1575,639,-0.048
1584,639,-0.073
1593,639,-0.058
1602,639,-0.087
1611,639,-0.106
1620,639,-0.104
1629,639,-0.066
1638,639,-0.081
1647,639,-0.123
1656,639,-0.179
1665,639,-0.119
1674,639,-0.117
1683,639,-0.143
1692,639,-0.141
1701,639,-0.21
1710,639,-0.17
1719,639,-0.135
1728,639,-0.166
1737,639,-0.204
1746,639,-0.161
1755,639,-0.2
1764,639,-0.198
1773,639,-0.196
1782,639,-0.306
1791,639,-0.243
1800,639,-0.242
1809,639,-0.307
1818,639,-0.307
1827,639,-0.235
1836,639,-0.51
1845,639,-0.525
1854,639,-0.415
1863,639,-0.22
1872,639,-0.214
1881,639,-0.129
1890,639,-0.113
1899,639,-0.318
1908,639,-0.325
1917,639,-0.352
9,648,0.064
18,648,0.63
27,648,0.367
36,648,0.698
45,648,0.342
54,648,0.334
63,648,0.328
72,648,0.239
81,648,0.239
90,648,0.506
99,648,0.603
108,648,0.386
117,648,0.38
126,648,0.374
135,648,0.539
144,648,0.624
153,648,0.826
162,648,0.804
171,648,0.784
180,648,0.664
189,648,0.854
198,648,0.835
207,648,0.817
216,648,0.801
225,648,0.606
234,648,0.52
243,648,0.588
252,648,0.659
261,648,0.824
270,648,1.008
279,648,0.891
288,648,0.786
297,648,0.775
306,648,0.608
315,648,0.6
324,648,0.593
333,648,0.587
342,648,0.581
351,648,0.575
360,648,0.637
369,648,0.563
378,648,0.624
387,648,0.553
396,648,0.433
405,648,0.43
414,648,0.48
423,648,0.476
432,648,0.529
441,648,0.585
450,648,0.466
459,648,0.462
468,648,0.409
477,648,0.361
486,648,0.404
495,648,0.402
504,648,0.399
513,648,0.444
522,648,0.394
531,648,0.439
540,648,0.485
549,648,0.482
558,648,0.479
567,648,0.476
576,648,0.525
585,648,0.423
594,648,0.421
603,648,0.418
612,648,0.463
621,648,0.414
630,648,0.559
639,648,0.555
648,648,0.607
657,648,0.549
666,648,0.658
675,648,0.543
684,648,0.65
693,648,0.59
702,648,0.587
711,648,0.64
720,648,0.529
729,648,0.478
738,648,0.475
747,648,0.572
756,648,0.57
765,648,0.516
774,648,0.514
783,648,0.42
792,648,0.559
801,648,0.507
810,648,0.554
819,648,0.552
828,648,0.5
837,648,0.498
846,648,0.496
855,648,0.448
864,648,0.364
873,648,0.362
882,648,0.259
891,648,0.229
900,648,0.321
909,648,0.255
918,648,0.226
927,648,0.253
936,648,0.252
945,648,0.281
954,648,0.313
963,648,0.22
972,648,-0.31
981,648,-0.246
990,648,-0.245
999,648,-0.216
1008,648,-0.215
1017,648,-0.189
1026,648,-0.188
1035,648,-0.187
1044,648,-0.238
1053,648,-0.237
1062,648,-0.208
1071,648,-0.207
1080,648,-0.181
1089,648,-0.18
1098,648,-0.137
1107,648,-0.118
1116,648,-0.155
1125,648,-0.134
1134,648,-0.133
1143,648,-0.098
1152,648,-0.097
1161,648,-0.083
1170,648,-0.058
1179,648,-0.048
1188,648,-0.04
1197,648,-0.056
1206,648,-0.047
1215,648,-0.055
1224,648,-0.065
1233,648,-0.037
1242,648,-0.03
1251,648,-0.019
1260,648,-0.019
1269,648,-0.018
1278,648,-0.023
1287,648,-0.027
1296,648,-0.022
1305,648,-0.021
1314,648,-0.013
1323,648,-0.013
1332,648,-0.01
1341,648,-0.012
1350,648,-0.015
1359,648,-0.023
1368,648,-0.028
1377,648,-0.022
1386,648,-0.033
1395,648,-0.026
1404,648,-0.02
1413,648,-0.025
1422,648,-0.03
1431,648,-0.023
1440,648,-0.035
1449,648,-0.017
1458,648,-0.017
1467,648,-0.026
1476,648,-0.049
1485,648,-0.058
1494,648,-0.07
1503,648,-0.068
1512,648,-0.081
1521,648,-0.079
1530,648,-0.052
1539,648,-0.04
1548,648,-0.031
1557,648,-0.03
1566,648,-0.022
1575,648,-0.056
1584,648,-0.083
1593,648,-0.065
1602,648,-0.097
1611,648,-0.116
1620,648,-0.114
1629,648,-0.072
1638,648,-0.088
1647,648,-0.13
1656,648,-0.188
1665,648,-0.125
1674,648,-0.122
1683,648,-0.147
1692,648,-0.143
1701,648,-0.211
1710,648,-0.208
1719,648,-0.166
1728,648,-0.201
1737,648,-0.243
1746,648,-0.194
1755,648,-0.237
1764,648,-0.233
1773,648,-0.23
1782,648,-0.35
1791,648,-0.28
1800,648,-0.277
1809,648,-0.346
1818,648,-0.345
1827,648,-0.265
1836,648,-0.557
1845,648,-0.57
1854,648,-0.451
1863,648,-0.242
1872,648,-0.234
1881,648,-0.141
1890,648,-0.123
1899,648,-0.335
1908,648,-0.337
1917,648,-0.358
9,657,0.061
18,657,0.605
27,657,0.347
36,657,0.661
45,657,0.317
54,657,0.307
63,657,0.299
72,657,0.215
81,657,0.213
90,657,0.459
99,657,0.548
108,657,0.344
117,657,0.336
126,657,0.329
135,657,0.48
144,657,0.556
153,657,0.742
162,657,0.718
171,657,0.697
180,657,0.585
189,657,0.758
198,657,0.738
207,657,0.719
216,657,0.702
225,657,0.522
234,657,0.443
243,657,0.502
252,657,0.565
261,657,0.712
270,657,0.877
279,657,0.769
288,657,0.672
297,657,0.66
306,657,0.508
315,657,0.5
324,657,0.492
333,657,0.485
342,657,0.478
351,657,0.471
360,657,0.524
369,657,0.458
378,657,0.509
387,657,0.446
396,657,0.342
405,657,0.338
414,657,0.38
423,657,0.375
432,657,0.419
441,657,0.465
450,657,0.362
459,657,0.358
468,657,0.313
477,657,0.272
486,657,0.306
495,657,0.303
504,657,0.339
513,657,0.378
522,657,0.332
531,657,0.37
540,657,0.41
549,657,0.406
558,657,0.402
567,657,0.398
576,657,0.439
585,657,0.348
594,657,0.345
603,657,0.341
612,657,0.378
621,657,0.335
630,657,0.459
639,657,0.454
648,657,0.498
657,657,0.493
666,657,0.592
675,657,0.484
684,657,0.581
693,657,0.524
702,657,0.519
711,657,0.565
720,657,0.462
729,657,0.414
738,657,0.41
747,657,0.496
756,657,0.491
765,657,0.442
774,657,0.438
783,657,0.353
792,657,0.475
801,657,0.426
810,657,0.467
819,657,0.463
828,657,0.415
837,657,0.412
846,657,0.408
855,657,0.365
864,657,0.291
873,657,0.288
882,657,0.2
891,657,0.174
900,657,0.25
909,657,0.194
918,657,0.169
927,657,0.215
936,657,0.213
945,657,0.238
954,657,0.265
963,657,0.183
972,657,-0.26
981,657,-0.203
990,657,-0.201
999,657,-0.175
1008,657,-0.173
1017,657,-0.15
1026,657,-0.148
1035,657,-0.146
1044,657,-0.188
1053,657,-0.186
1062,657,-0.162
1071,657,-0.16
1080,657,-0.138
1089,657,-0.136
1098,657,-0.1
1107,657,-0.085
1116,657,-0.113
1125,657,-0.096
1134,657,-0.095
1143,657,-0.08
1152,657,-0.078
1161,657,-0.065
1170,657,-0.045
1179,657,-0.037
1188,657,-0.03
1197,657,-0.043
1206,657,-0.034
1215,657,-0.049
1224,657,-0.057
1233,657,-0.032
1242,657,-0.025
1251,657,-0.016
1260,657,-0.016
1269,657,-0.015
1278,657,-0.018
1287,657,-0.022
1296,657,-0.017
1305,657,-0.017
1314,657,-0.01
1323,657,-0.01
1332,657,-0.007
1341,657,-0.009
1350,657,-0.011
1359,657,-0.017
1368,657,-0.021
1377,657,-0.016
1386,657,-0.024
1395,657,-0.018
1404,657,-0.014
1413,657,-0.021
1422,657,-0.026
1431,657,-0.02
1440,657,-0.03
1449,657,-0.014
1458,657,-0.014
1467,657,-0.021
1476,657,-0.04
1485,657,-0.048
1494,657,-0.07
1503,657,-0.068
1512,657,-0.08
1521,657,-0.078
1530,657,-0.05
1539,657,-0.039
1548,657,-0.029
1557,657,-0.028
1566,657,-0.02
1575,657,-0.051
1584,657,-0.076
1593,657,-0.059
1602,657,-0.088
1611,657,-0.104
1620,657,-0.101
1629,657,-0.063
1638,657,-0.094
1647,657,-0.138
1656,657,-0.196
1665,657,-0.13
1674,657,-0.126
1683,657,-0.15
1692,657,-0.146
1701,657,-0.212
1710,657,-0.207
1719,657,-0.164
1728,657,-0.197
1737,657,-0.237
1746,657,-0.187
1755,657,-0.226
1764,657,-0.22
1773,657,-0.214
1782,657,-0.325
1791,657,-0.255
1800,657,-0.249
1809,657,-0.309
1818,657,-0.303
1827,657,-0.227
1836,657,-0.483
1845,657,-0.486
1854,657,-0.371
1863,657,-0.186
1872,657,-0.254
1881,657,-0.154
1890,657,-0.133
1899,657,-0.352
1908,657,-0.35
1917,657,-0.364
9,666,0.058
18,666,0.582
27,666,0.327
36,666,0.626
45,666,0.294
54,666,0.282
63,666,0.273
72,666,0.192
81,666,0.19
90,666,0.416
99,666,0.497
108,666,0.306
117,666,0.297
126,666,0.289
135,666,0.425
144,666,0.494
153,666,0.663
162,666,0.742
171,666,0.716
180,666,0.598
189,666,0.768
198,666,0.743
207,666,0.72
216,666,0.699
225,666,0.595
234,666,0.504
243,666,0.564
252,666,0.627
261,666,0.779
270,666,0.947
279,666,0.829
288,666,0.723
297,666,0.706
306,666,0.544
315,666,0.533
324,666,0.522
333,666,0.511
342,666,0.501
351,666,0.491
360,666,0.542
369,666,0.473
378,666,0.522
387,666,0.455
396,666,0.348
405,666,0.342
414,666,0.382
423,666,0.376
432,666,0.417
441,666,0.461
450,666,0.357
459,666,0.352
468,666,0.305
477,666,0.264
486,666,0.296
495,666,0.291
504,666,0.325
513,666,0.36
522,666,0.315
531,666,0.349
540,666,0.386
549,666,0.38
558,666,0.375
567,666,0.413
576,666,0.453
585,666,0.358
594,666,0.353
603,666,0.348
612,666,0.383
621,666,0.338
630,666,0.46
639,666,0.454
648,666,0.495
657,666,0.488
666,666,0.584
675,666,0.475
684,666,0.569
693,666,0.51
702,666,0.554
711,666,0.6
720,666,0.49
729,666,0.438
738,666,0.433
747,666,0.519
756,666,0.513
765,666,0.459
774,666,0.453
783,666,0.365
792,666,0.487
801,666,0.436
810,666,0.475
819,666,0.469
828,666,0.42
837,666,0.414
846,666,0.409
855,666,0.364
864,666,0.289
873,666,0.285
882,666,0.197
891,666,0.171
900,666,0.244
909,666,0.188
918,666,0.163
927,666,0.207
936,666,0.204
945,666,0.227
954,666,0.251
963,666,0.171
972,666,-0.244
981,666,-0.188
990,666,-0.185
999,666,-0.16
1008,666,-0.158
1017,666,-0.135
1026,666,-0.133
1035,666,-0.13
1044,666,-0.168
1053,666,-0.165
1062,666,-0.142
1071,666,-0.16
1080,666,-0.137
1089,666,-0.134
1098,666,-0.099
1107,666,-0.083
1116,666,-0.11
1125,666,-0.093
1134,666,-0.091
1143,666,-0.076
1152,666,-0.074
1161,666,-0.061
1170,666,-0.042
1179,666,-0.033
1188,666,-0.027
1197,666,-0.038
1206,666,-0.031
1215,666,-0.043
1224,666,-0.051
1233,666,-0.028
1242,666,-0.022
1251,666,-0.013
1260,666,-0.016
1269,666,-0.015
1278,666,-0.019
1287,666,-0.022
1296,666,-0.017
1305,666,-0.016
1314,666,-0.01
1323,666,-0.009
1332,666,-0.007
1341,666,-0.008
1350,666,-0.01
1359,666,-0.016
1368,666,-0.019
1377,666,-0.018
1386,666,-0.027
1395,666,-0.021
1404,666,-0.016
1413,666,-0.024
1422,666,-0.028
1431,666,-0.021
1440,666,-0.032
1449,666,-0.015
1458,666,-0.014
1467,666,-0.022
1476,666,-0.041
1485,666,-0.049
1494,666,-0.07
1503,666,-0.068
1512,666,-0.079
1521,666,-0.076
1530,666,-0.048
1539,666,-0.037
1548,666,-0.028
1557,666,-0.033
1566,666,-0.024
1575,666,-0.059
1584,666,-0.086
1593,666,-0.067
1602,666,-0.097
1611,666,-0.114
1620,666,-0.11
1629,666,-0.069
1638,666,-0.101
1647,666,-0.146
1656,666,-0.205
1665,666,-0.136
1674,666,-0.13
1683,666,-0.154
1692,666,-0.148
1701,666,-0.213
1710,666,-0.207
1719,666,-0.163
1728,666,-0.193
1737,666,-0.23
1746,666,-0.179
1755,666,-0.215
1764,666,-0.207
1773,666,-0.199
1782,666,-0.301
1791,666,-0.233
1800,666,-0.224
1809,666,-0.275
1818,666,-0.266
1827,666,-0.193
1836,666,-0.417
1845,666,-0.411
1854,666,-0.302
1863,666,-0.14
1872,666,-0.188
1881,666,-0.168
1890,666,-0.144
1899,666,-0.37
1908,666,-0.363
1917,666,-0.37
9,675,0.055
18,675,0.559
27,675,0.308
36,675,0.592
45,675,0.271
54,675,0.258
63,675,0.248
72,675,0.172
81,675,0.168
90,675,0.376
99,675,0.449
108,675,0.27
117,675,0.261
126,675,0.252
135,675,0.375
144,675,0.436
153,675,0.591
162,675,0.662
171,675,0.635
180,675,0.524
189,675,0.678
198,675,0.654
207,675,0.631
216,675,0.609
225,675,0.512
234,675,0.429
243,675,0.481
252,675,0.536
261,675,0.672
270,675,0.823
279,675,0.713
288,675,0.615
297,675,0.598
306,675,0.453
315,675,0.441
324,675,0.43
333,675,0.419
342,675,0.409
351,675,0.399
360,675,0.442
369,675,0.38
378,675,0.422
387,675,0.363
396,675,0.311
405,675,0.304
414,675,0.339
423,675,0.332
432,675,0.368
441,675,0.406
450,675,0.311
459,675,0.304
468,675,0.261
477,675,0.223
486,675,0.25
495,675,0.245
504,675,0.273
513,675,0.304
522,675,0.262
531,675,0.292
540,675,0.323
549,675,0.316
558,675,0.31
567,675,0.342
576,675,0.376
585,675,0.292
594,675,0.286
603,675,0.281
612,675,0.31
621,675,0.27
630,675,0.374
639,675,0.367
648,675,0.401
657,675,0.437
666,675,0.524
675,675,0.422
684,675,0.506
693,675,0.45
702,675,0.489
711,675,0.529
720,675,0.427
729,675,0.378
738,675,0.372
747,675,0.448
756,675,0.44
765,675,0.391
774,675,0.384
783,675,0.304
792,675,0.411
801,675,0.364
810,675,0.397
819,675,0.39
828,675,0.345
837,675,0.339
846,675,0.333
855,675,0.293
864,675,0.228
873,675,0.224
882,675,0.149
891,675,0.127
900,675,0.186
909,675,0.14
918,675,0.137
927,675,0.175
936,675,0.171
945,675,0.19
954,675,0.211
963,675,0.14
972,675,-0.202
981,675,-0.153
990,675,-0.15
999,675,-0.128
1008,675,-0.125
1017,675,-0.105
1026,675,-0.103
1035,675,-0.1
1044,675,-0.13
1053,675,-0.127
1062,675,-0.107
1071,675,-0.121
1080,675,-0.102
1089,675,-0.099
1098,675,-0.071
1107,675,-0.058
1116,675,-0.078
1125,675,-0.065
1134,675,-0.063
1143,675,-0.051
1152,675,-0.049
1161,675,-0.04
1170,675,-0.032
1179,675,-0.025
1188,675,-0.019
1197,675,-0.028
1206,675,-0.022
1215,675,-0.032
1224,675,-0.037
1233,675,-0.024
1242,675,-0.018
1251,675,-0.011
1260,675,-0.013
1269,675,-0.013
1278,675,-0.015
1287,675,-0.018
1296,675,-0.014
1305,675,-0.013
1314,675,-0.007
1323,675,-0.007
1332,675,-0.005
1341,675,-0.006
1350,675,-0.007
1359,675,-0.015
1368,675,-0.017
1377,675,-0.016
1386,675,-0.024
1395,675,-0.018
1404,675,-0.014
1413,675,-0.021
1422,675,-0.025
1431,675,-0.018
1440,675,-0.027
1449,675,-0.013
1458,675,-0.012
1467,675,-0.018
1476,675,-0.034
1485,675,-0.04
1494,675,-0.071
1503,675,-0.067
1512,675,-0.078
1521,675,-0.075
1530,675,-0.047
1539,675,-0.035
1548,675,-0.033
1557,675,-0.039
1566,675,-0.029
1575,675,-0.068
1584,675,-0.097
1593,675,-0.075
1602,675,-0.108
1611,675,-0.125
1620,675,-0.12
1629,675,-0.075
1638,675,-0.109
1647,675,-0.154
1656,675,-0.214
1665,675,-0.141
1674,675,-0.135
1683,675,-0.158
1692,675,-0.151
1701,675,-0.215
1710,675,-0.206
1719,675,-0.161
1728,675,-0.19
1737,675,-0.223
1746,675,-0.172
1755,675,-0.205
1764,675,-0.195
1773,675,-0.185
1782,675,-0.279
1791,675,-0.212
1800,675,-0.2
1809,675,-0.245
1818,675,-0.232
1827,675,-0.163
1836,675,-0.357
1845,675,-0.345
1854,675,-0.331
1863,675,-0.156
1872,675,-0.206
1881,675,-0.183
1890,675,-0.155
1899,675,-0.388
1908,675,-0.376
1917,675,-0.377
9,684,0.052
18,684,0.536
27,684,0.29
36,684,0.56
45,684,0.25
54,684,0.236
63,684,0.224
72,684,0.153
81,684,0.149
90,684,0.339
99,684,0.405
108,684,0.238
117,684,0.228
126,684,0.219
135,684,0.329
144,684,0.462
153,684,0.617
162,684,0.685
171,684,0.653
180,684,0.623
189,684,0.787
198,684,0.754
207,684,0.722
216,684,0.693
225,684,0.583
234,684,0.489
243,684,0.541
252,684,0.596
261,684,0.735
270,684,0.89
279,684,0.77
288,684,0.663
297,684,0.642
306,684,0.486
315,684,0.471
324,684,0.457
333,684,0.443
342,684,0.43
351,684,0.417
360,684,0.459
369,684,0.393
378,684,0.433
387,684,0.371
396,684,0.317
405,684,0.308
414,684,0.341
423,684,0.332
432,684,0.367
441,684,0.403
450,684,0.306
459,684,0.298
468,684,0.254
477,684,0.216
486,684,0.241
495,684,0.235
504,684,0.261
513,684,0.289
522,684,0.248
531,684,0.274
540,684,0.303
549,684,0.295
558,684,0.288
567,684,0.317
576,684,0.347
585,684,0.267
594,684,0.26
603,684,0.254
612,684,0.28
621,684,0.241
630,684,0.336
639,684,0.328
648,684,0.399
657,684,0.433
666,684,0.517
675,684,0.414
684,684,0.495
693,684,0.439
702,684,0.474
711,684,0.512
720,684,0.411
729,684,0.362
738,684,0.354
747,684,0.426
756,684,0.416
765,684,0.367
774,684,0.359
783,684,0.282
792,684,0.382
801,684,0.336
810,684,0.365
819,684,0.357
828,684,0.314
837,684,0.307
846,684,0.3
855,684,0.262
864,684,0.201
873,684,0.196
882,684,0.128
891,684,0.108
900,684,0.159
909,684,0.118
918,684,0.114
927,684,0.147
936,684,0.142
945,684,0.158
954,684,0.176
963,684,0.114
972,684,-0.166
981,684,-0.123
990,684,-0.12
999,684,-0.1
1008,684,-0.097
1017,684,-0.081
1026,684,-0.078
1035,684,-0.076
1044,684,-0.099
1053,684,-0.096
1062,684,-0.08
1071,684,-0.09
1080,684,-0.075
1089,684,-0.072
1098,684,-0.049
1107,684,-0.04
1116,684,-0.054
1125,684,-0.044
1134,684,-0.042
1143,684,-0.033
1152,684,-0.032
1161,684,-0.025
1170,684,-0.019
1179,684,-0.015
1188,684,-0.011
1197,684,-0.016
1206,684,-0.012
1215,684,-0.018
1224,684,-0.021
1233,684,-0.016
1242,684,-0.012
1251,684,-0.007
1260,684,-0.009
1269,684,-0.008
1278,684,-0.01
1287,684,-0.011
1296,684,-0.008
1305,684,-0.008
1314,684,-0.006
1323,684,-0.005
1332,684,-0.004
1341,684,-0.004
1350,684,-0.005
1359,684,-0.011
1368,684,-0.013
1377,684,-0.012
1386,684,-0.018
1395,684,-0.013
1404,684,-0.009
1413,684,-0.014
1422,684,-0.017
1431,684,-0.012
1440,684,-0.018
1449,684,-0.008
1458,684,-0.007
1467,684,-0.015
1476,684,-0.028
1485,684,-0.033
1494,684,-0.058
1503,684,-0.055
1512,684,-0.063
1521,684,-0.06
1530,684,-0.036
1539,684,-0.034
1548,684,-0.031
1557,684,-0.037
1566,684,-0.027
1575,684,-0.063
1584,684,-0.09
1593,684,-0.069
1602,684,-0.098
1611,684,-0.113
1620,684,-0.107
1629,684,-0.065
1638,684,-0.095
1647,684,-0.134
1656,684,-0.187
1665,684,-0.12
1674,684,-0.139
1683,684,-0.161
1692,684,-0.153
1701,684,-0.216
1710,684,-0.206
1719,684,-0.159
1728,684,-0.186
1737,684,-0.265
1746,684,-0.206
1755,684,-0.242
1764,684,-0.23
1773,684,-0.217
1782,684,-0.32
1791,684,-0.245
1800,684,-0.231
1809,684,-0.278
1818,684,-0.263
1827,684,-0.186
1836,684,-0.394
1845,684,-0.378
1854,684,-0.362
1863,684,-0.173
1872,684,-0.225
1881,684,-0.198
1890,684,-0.167
1899,684,-0.406
1908,684,-0.39
1917,684,-0.383
9,693,0.049
18,693,0.515
27,693,0.273
36,693,0.529
45,693,0.231
54,693,0.216
63,693,0.203
72,693,0.136
81,693,0.131
90,693,0.304
99,693,0.364
108,693,0.209
117,693,0.198
126,693,0.189
135,693,0.288
144,693,0.408
153,693,0.548
162,693,0.609
171,693,0.577
180,693,0.548
189,693,0.697
198,693,0.664
207,693,0.633
216,693,0.605
225,693,0.503
234,693,0.415
243,693,0.461
252,693,0.508
261,693,0.633
270,693,0.771
279,693,0.66
288,693,0.562
297,693,0.541
306,693,0.402
315,693,0.387
324,693,0.373
333,693,0.36
342,693,0.347
351,693,0.383
360,693,0.476
369,693,0.407
378,693,0.445
387,693,0.38
396,693,0.323
405,693,0.312
414,693,0.344
423,693,0.333
432,693,0.365
441,693,0.399
450,693,0.302
459,693,0.292
468,693,0.248
477,693,0.209
486,693,0.232
495,693,0.225
504,693,0.249
513,693,0.275
522,693,0.234
531,693,0.258
540,693,0.284
549,693,0.275
558,693,0.267
567,693,0.292
576,693,0.32
585,693,0.243
594,693,0.236
603,693,0.229
612,693,0.251
621,693,0.215
630,693,0.301
639,693,0.293
648,693,0.357
657,693,0.386
666,693,0.463
675,693,0.366
684,693,0.485
693,693,0.427
702,693,0.46
711,693,0.495
720,693,0.395
729,693,0.346
738,693,0.336
747,693,0.404
756,693,0.394
765,693,0.345
774,693,0.336
783,693,0.261
792,693,0.354
801,693,0.309
810,693,0.336
819,693,0.327
828,693,0.285
837,693,0.277
846,693,0.269
855,693,0.233
864,693,0.176
873,693,0.171
882,693,0.109
891,693,0.091
900,693,0.135
909,693,0.098
918,693,0.095
927,693,0.122
936,693,0.118
945,693,0.131
954,693,0.145
963,693,0.091
972,693,-0.135
981,693,-0.098
990,693,-0.095
999,693,-0.078
1008,693,-0.075
1017,693,-0.061
1026,693,-0.069
1035,693,-0.066
1044,693,-0.087
1053,693,-0.084
1062,693,-0.069
1071,693,-0.077
1080,693,-0.063
1089,693,-0.06
1098,693,-0.041
1107,693,-0.032
1116,693,-0.044
1125,693,-0.035
1134,693,-0.033
1143,693,-0.026
1152,693,-0.024
1161,693,-0.019
1170,693,-0.014
1179,693,-0.011
1188,693,-0.008
1197,693,-0.012
1206,693,-0.009
1215,693,-0.013
1224,693,-0.015
1233,693,-0.011
1242,693,-0.008
1251,693,-0.004
1260,693,-0.005
1269,693,-0.006
1278,693,-0.008
1287,693,-0.009
1296,693,-0.006
1305,693,-0.008
1314,693,-0.005
1323,693,-0.005
1332,693,-0.003
1341,693,-0.004
1350,693,-0.005
1359,693,-0.01
1368,693,-0.012
1377,693,-0.011
1386,693,-0.016
1395,693,-0.011
1404,693,-0.01
1413,693,-0.016
1422,693,-0.018
1431,693,-0.013
1440,693,-0.02
1449,693,-0.008
1458,693,-0.01
1467,693,-0.02
1476,693,-0.036
1485,693,-0.041
1494,693,-0.071
1503,693,-0.067
1512,693,-0.076
1521,693,-0.072
1530,693,-0.044
1539,693,-0.041
1548,693,-0.038
1557,693,-0.044
1566,693,-0.032
1575,693,-0.072
1584,693,-0.101
1593,693,-0.077
1602,693,-0.108
1611,693,-0.123
1620,693,-0.14
1629,693,-0.088
1638,693,-0.124
1647,693,-0.172
1656,693,-0.233
1665,693,-0.153
1674,693,-0.175
1683,693,-0.2
1692,693,-0.189
1701,693,-0.261
1710,693,-0.249
1719,693,-0.194
1728,693,-0.223
1737,693,-0.312
1746,693,-0.244
1755,693,-0.283
1764,693,-0.268
1773,693,-0.253
1782,693,-0.365
1791,693,-0.281
1800,693,-0.264
1809,693,-0.314
1818,693,-0.296
1827,693,-0.211
1836,693,-0.433
1845,693,-0.414
1854,693,-0.394
1863,693,-0.191
1872,693,-0.245
1881,693,-0.215
1890,693,-0.18
1899,693,-0.425
1908,693,-0.404
1917,693,-0.389
9,702,0.047
18,702,0.494
27,702,0.257
36,702,0.499
45,702,0.212
54,702,0.196
63,702,0.183
72,702,0.12
81,702,0.114
90,702,0.272
99,702,0.326
108,702,0.182
117,702,0.172
126,702,0.162
135,702,0.25
144,702,0.358
153,702,0.485
162,702,0.539
171,702,0.508
180,702,0.48
189,702,0.614
198,702,0.582
207,702,0.552
216,702,0.602
225,702,0.498
234,702,0.409
243,702,0.451
252,702,0.495
261,702,0.614
270,702,0.746
279,702,0.635
288,702,0.537
297,702,0.515
306,702,0.378
315,702,0.362
324,702,0.347
333,702,0.333
342,702,0.319
351,702,0.352
360,702,0.437
369,702,0.37
378,702,0.404
387,702,0.342
396,702,0.288
405,702,0.276
414,702,0.304
423,702,0.293
432,702,0.321
441,702,0.35
450,702,0.261
459,702,0.251
468,702,0.21
477,702,0.175
486,702,0.194
495,702,0.187
504,702,0.207
513,702,0.229
522,702,0.192
531,702,0.212
540,702,0.233
549,702,0.225
558,702,0.217
567,702,0.238
576,702,0.26
585,702,0.194
594,702,0.187
603,702,0.18
612,702,0.198
621,702,0.191
630,702,0.269
639,702,0.26
648,702,0.318
657,702,0.344
666,702,0.412
675,702,0.322
684,702,0.429
693,702,0.375
702,702,0.403
711,702,0.433
720,702,0.341
729,702,0.295
738,702,0.286
747,702,0.345
756,702,0.334
765,702,0.29
774,702,0.28
783,702,0.241
792,702,0.328
801,702,0.284
810,702,0.308
819,702,0.298
828,702,0.257
837,702,0.249
846,702,0.241
855,702,0.206
864,702,0.154
873,702,0.148
882,702,0.093
891,702,0.089
900,702,0.132
909,702,0.095
918,702,0.091
927,702,0.116
936,702,0.112
945,702,0.124
954,702,0.136
963,702,0.085
972,702,-0.126
981,702,-0.09
990,702,-0.086
999,702,-0.07
1008,702,-0.067
1017,702,-0.054
1026,702,-0.061
1035,702,-0.058
1044,702,-0.076
1053,702,-0.073
1062,702,-0.059
1071,702,-0.066
1080,702,-0.053
1089,702,-0.05
1098,702,-0.033
1107,702,-0.026
1116,702,-0.035
1125,702,-0.028
1134,702,-0.031
1143,702,-0.024
1152,702,-0.034
1161,702,-0.026
1170,702,-0.02
1179,702,-0.015
1188,702,-0.011
1197,702,-0.016
1206,702,-0.012
1215,702,-0.017
1224,702,-0.02
1233,702,-0.015
1242,702,-0.011
1251,702,-0.006
1260,702,-0.007
1269,702,-0.008
1278,702,-0.01
1287,702,-0.011
1296,702,-0.008
1305,702,-0.01
1314,702,-0.007
1323,702,-0.006
1332,702,-0.004
1341,702,-0.005
1350,702,-0.006
1359,702,-0.012
1368,702,-0.013
1377,702,-0.012
1386,702,-0.018
1395,702,-0.013
1404,702,-0.012
1413,702,-0.017
1422,702,-0.02
1431,702,-0.014
1440,702,-0.021
1449,702,-0.009
1458,702,-0.011
1467,702,-0.02
1476,702,-0.037
1485,702,-0.042
1494,702,-0.071
1503,702,-0.066
1512,702,-0.075
1521,702,-0.07
1530,702,-0.043
1539,702,-0.049
1548,702,-0.045
1557,702,-0.051
1566,702,-0.037
1575,702,-0.082
1584,702,-0.113
1593,702,-0.086
1602,702,-0.119
1611,702,-0.134
1620,702,-0.151
1629,702,-0.096
1638,702,-0.133
1647,702,-0.181
1656,702,-0.242
1665,702,-0.159
1674,702,-0.181
1683,702,-0.205
1692,702,-0.192
1701,702,-0.262
1710,702,-0.248
1719,702,-0.192
1728,702,-0.219
1737,702,-0.303
1746,702,-0.235
1755,702,-0.27
1764,702,-0.254
1773,702,-0.237
1782,702,-0.34
1791,702,-0.257
1800,702,-0.301
1809,702,-0.353
1818,702,-0.332
1827,702,-0.238
1836,702,-0.475
1845,702,-0.452
1854,702,-0.429
1863,702,-0.21
1872,702,-0.266
1881,702,-0.232
1890,702,-0.193
1899,702,-0.445
1908,702,-0.418
1917,702,-0.396
9,711,0.044
18,711,0.474
27,711,0.242
36,711,0.47
45,711,0.195
54,711,0.178
63,711,0.165
72,711,0.106
81,711,0.1
90,711,0.243
99,711,0.291
108,711,0.158
117,711,0.148
126,711,0.181
135,711,0.271
144,711,0.381
153,711,0.508
162,711,0.653
171,711,0.611
180,711,0.573
189,711,0.716
198,711,0.674
207,711,0.636
216,711,0.686
225,711,0.568
234,711,0.467
243,711,0.509
252,711,0.552
261,711,0.675
270,711,0.809
279,711,0.688
288,711,0.582
297,711,0.554
306,711,0.408
315,711,0.389
324,711,0.371
333,711,0.354
342,711,0.337
351,711,0.368
360,711,0.454
369,711,0.383
378,711,0.415
387,711,0.35
396,711,0.293
405,711,0.28
414,711,0.306
423,711,0.293
432,711,0.32
441,711,0.347
450,711,0.293
459,711,0.281
468,711,0.235
477,711,0.196
486,711,0.215
495,711,0.206
504,711,0.226
513,711,0.247
522,711,0.207
531,711,0.227
540,711,0.248
549,711,0.238
558,711,0.228
567,711,0.249
576,711,0.27
585,711,0.201
594,711,0.219
603,711,0.21
612,711,0.229
621,711,0.22
630,711,0.304
639,711,0.293
648,711,0.353
657,711,0.379
666,711,0.45
675,711,0.353
684,711,0.464
693,711,0.405
702,711,0.433
711,711,0.462
720,711,0.364
729,711,0.315
738,711,0.304
747,711,0.364
756,711,0.351
765,711,0.303
774,711,0.292
783,711,0.282
792,711,0.375
801,711,0.326
810,711,0.35
819,711,0.338
828,711,0.292
837,711,0.281
846,711,0.271
855,711,0.232
864,711,0.174
873,711,0.167
882,711,0.106
891,711,0.101
900,711,0.147
909,711,0.106
918,711,0.101
927,711,0.128
936,711,0.122
945,711,0.134
954,711,0.147
963,711,0.091
972,711,-0.134
981,711,-0.096
990,711,-0.091
999,711,-0.074
1008,711,-0.07
1017,711,-0.056
1026,711,-0.063
1035,711,-0.06
1044,711,-0.078
1053,711,-0.074
1062,711,-0.059
1071,711,-0.077
1080,711,-0.062
1089,711,-0.059
1098,711,-0.039
1107,711,-0.03
1116,711,-0.041
1125,711,-0.038
1134,711,-0.043
1143,711,-0.034
1152,711,-0.045
1161,711,-0.035
1170,711,-0.027
1179,711,-0.021
1188,711,-0.015
1197,711,-0.022
1206,711,-0.016
1215,711,-0.023
1224,711,-0.026
1233,711,-0.019
1242,711,-0.014
1251,711,-0.008
1260,711,-0.01
1269,711,-0.011
1278,711,-0.013
1287,711,-0.014
1296,711,-0.01
1305,711,-0.012
1314,711,-0.009
1323,711,-0.008
1332,711,-0.005
1341,711,-0.006
1350,711,-0.007
1359,711,-0.014
1368,711,-0.016
1377,711,-0.014
1386,711,-0.02
1395,711,-0.015
1404,711,-0.013
1413,711,-0.019
1422,711,-0.022
1431,711,-0.016
1440,711,-0.023
1449,711,-0.01
1458,711,-0.011
1467,711,-0.021
1476,711,-0.038
1485,711,-0.043
1494,711,-0.072
1503,711,-0.066
1512,711,-0.074
1521,711,-0.069
1530,711,-0.041
1539,711,-0.047
1548,711,-0.043
1557,711,-0.048
1566,711,-0.035
1575,711,-0.076
1584,711,-0.104
1593,711,-0.079
1602,711,-0.108
1611,711,-0.121
1620,711,-0.136
1629,711,-0.084
1638,711,-0.116
1647,711,-0.159
1656,711,-0.213
1665,711,-0.136
1674,711,-0.153
1683,711,-0.173
1692,711,-0.16
1701,711,-0.219
1710,711,-0.204
1719,711,-0.154
1728,711,-0.175
1737,711,-0.244
1746,711,-0.183
1755,711,-0.209
1764,711,-0.192
1773,711,-0.175
1782,711,-0.254
1791,711,-0.184
1800,711,-0.214
1809,711,-0.317
1818,711,-0.292
1827,711,-0.204
1836,711,-0.41
1845,711,-0.492
1854,711,-0.465
1863,711,-0.231
1872,711,-0.288
1881,711,-0.25
1890,711,-0.207
1899,711,-0.465
1908,711,-0.432
1917,711,-0.402
9,720,0.042
18,720,0.454
27,720,0.227
36,720,0.443
45,720,0.179
54,720,0.162
63,720,0.148
72,720,0.093
81,720,0.087
90,720,0.216
99,720,0.258
108,720,0.137
117,720,0.127
126,720,0.155
135,720,0.235
144,720,0.334
153,720,0.449
162,720,0.58
171,720,0.539
180,720,0.503
189,720,0.632
198,720,0.592
207,720,0.554
216,720,0.598
225,720,0.489
234,720,0.396
243,720,0.433
252,720,0.47
261,720,0.579
270,720,0.699
279,720,0.587
288,720,0.49
297,720,0.464
306,720,0.334
315,720,0.316
324,720,0.299
333,720,0.284
342,720,0.269
351,720,0.294
360,720,0.366
369,720,0.304
378,720,0.331
387,720,0.274
396,720,0.226
405,720,0.214
414,720,0.235
423,720,0.223
432,720,0.244
441,720,0.266
450,720,0.221
459,720,0.21
468,720,0.172
477,720,0.14
486,720,0.155
495,720,0.147
504,720,0.162
513,720,0.178
522,720,0.146
531,720,0.161
540,720,0.177
549,720,0.168
558,720,0.184
567,720,0.2
576,720,0.218
585,720,0.158
594,720,0.173
603,720,0.165
612,720,0.205
621,720,0.223
630,720,0.343
639,720,0.328
648,720,0.391
657,720,0.417
666,720,0.49
675,720,0.385
684,720,0.501
693,720,0.437
702,720,0.464
711,720,0.493
720,720,0.389
729,720,0.336
738,720,0.322
747,720,0.383
756,720,0.368
765,720,0.317
774,720,0.305
783,720,0.292
792,720,0.386
801,720,0.335
810,720,0.357
819,720,0.343
828,720,0.296
837,720,0.284
846,720,0.272
855,720,0.232
864,720,0.173
873,720,0.165
882,720,0.104
891,720,0.098
900,720,0.143
909,720,0.102
918,720,0.097
927,720,0.122
936,720,0.116
945,720,0.127
954,720,0.138
963,720,0.085
972,720,-0.124
981,720,-0.102
990,720,-0.097
999,720,-0.078
1008,720,-0.074
1017,720,-0.059
1026,720,-0.065
1035,720,-0.061
1044,720,-0.079
1053,720,-0.075
1062,720,-0.06
1071,720,-0.077
1080,720,-0.062
1089,720,-0.058
1098,720,-0.046
1107,720,-0.035
1116,720,-0.047
1125,720,-0.044
1134,720,-0.049
1143,720,-0.038
1152,720,-0.051
1161,720,-0.04
1170,720,-0.03
1179,720,-0.023
1188,720,-0.017
1197,720,-0.024
1206,720,-0.018
1215,720,-0.03
1224,720,-0.034
1233,720,-0.031
1242,720,-0.023
1251,720,-0.014
1260,720,-0.016
1269,720,-0.018
1278,720,-0.02
1287,720,-0.022
1296,720,-0.016
1305,720,-0.019
1314,720,-0.013
1323,720,-0.012
1332,720,-0.008
1341,720,-0.01
1350,720,-0.011
1359,720,-0.02
1368,720,-0.022
1377,720,-0.02
1386,720,-0.028
1395,720,-0.021
1404,720,-0.019
1413,720,-0.026
1422,720,-0.03
1431,720,-0.021
1440,720,-0.03
1449,720,-0.013
1458,720,-0.015
1467,720,-0.028
1476,720,-0.047
1485,720,-0.053
1494,720,-0.086
1503,720,-0.08
1512,720,-0.088
1521,720,-0.081
1530,720,-0.05
1539,720,-0.056
1548,720,-0.062
1557,720,-0.069
1566,720,-0.051
1575,720,-0.105
1584,720,-0.139
1593,720,-0.107
1602,720,-0.143
1611,720,-0.158
1620,720,-0.175
1629,720,-0.111
1638,720,-0.15
1647,720,-0.2
1656,720,-0.262
1665,720,-0.172
1674,720,-0.191
1683,720,-0.213
1692,720,-0.197
1701,720,-0.265
1710,720,-0.246
1719,720,-0.187
1728,720,-0.211
1737,720,-0.287
1746,720,-0.218
1755,720,-0.246
1764,720,-0.226
1773,720,-0.206
1782,720,-0.293
1791,720,-0.213
1800,720,-0.245
1809,720,-0.356
1818,720,-0.328
1827,720,-0.23
1836,720,-0.45
1845,720,-0.535
1854,720,-0.503
1863,720,-0.253
1872,720,-0.311
1881,720,-0.269
1890,720,-0.222
1899,720,-0.486
1908,720,-0.447
1917,720,-0.409
9,729,0.04
18,729,0.435
27,729,0.213
36,729,0.417
45,729,0.163
54,729,0.146
63,729,0.132
72,729,0.081
81,729,0.075
90,729,0.191
99,729,0.229
108,729,0.117
117,729,0.108
126,729,0.132
135,729,0.203
144,729,0.291
153,729,0.394
162,729,0.513
171,729,0.474
180,729,0.438
189,729,0.555
198,729,0.516
207,729,0.481
216,729,0.519
225,729,0.418
234,729,0.334
243,729,0.365
252,729,0.397
261,729,0.492
270,729,0.599
279,729,0.497
288,729,0.409
297,729,0.385
306,729,0.27
315,729,0.254
324,729,0.238
333,729,0.224
342,729,0.211
351,729,0.231
360,729,0.291
369,729,0.238
378,729,0.259
387,729,0.211
396,729,0.17
405,729,0.16
414,729,0.176
423,729,0.166
432,729,0.182
441,729,0.199
450,729,0.162
459,729,0.153
468,729,0.123
477,729,0.097
486,729,0.108
495,729,0.102
504,729,0.113
513,729,0.124
522,729,0.1
531,729,0.11
540,729,0.122
549,729,0.114
558,729,0.126
567,729,0.138
576,729,0.151
585,729,0.123
594,729,0.134
603,729,0.127
612,729,0.16
621,729,0.173
630,729,0.274
639,729,0.26
648,729,0.313
657,729,0.334
666,729,0.396
675,729,0.304
684,729,0.402
693,729,0.346
702,729,0.367
711,729,0.39
720,729,0.301
729,729,0.256
738,729,0.243
747,729,0.292
756,729,0.279
765,729,0.236
774,729,0.225
783,729,0.214
792,729,0.289
801,729,0.246
810,729,0.294
819,729,0.281
828,729,0.239
837,729,0.228
846,729,0.216
855,729,0.182
864,729,0.132
873,729,0.125
882,729,0.075
891,729,0.071
900,729,0.105
909,729,0.073
918,729,0.068
927,729,0.087
936,729,0.082
945,729,0.089
954,729,0.097
963,729,0.057
972,729,-0.086
981,729,-0.069
990,729,-0.064
999,729,-0.051
1008,729,-0.047
1017,729,-0.037
1026,729,-0.041
1035,729,-0.038
1044,729,-0.05
1053,729,-0.046
1062,729,-0.036
1071,729,-0.047
1080,729,-0.037
1089,729,-0.034
1098,729,-0.026
1107,729,-0.019
1116,729,-0.026
1125,729,-0.024
1134,729,-0.027
1143,729,-0.02
1152,729,-0.033
1161,729,-0.025
1170,729,-0.023
1179,729,-0.017
1188,729,-0.012
1197,729,-0.017
1206,729,-0.012
1215,729,-0.021
1224,729,-0.024
1233,729,-0.027
1242,729,-0.02
1251,729,-0.011
1260,729,-0.013
1269,729,-0.014
1278,729,-0.016
1287,729,-0.018
1296,729,-0.016
1305,729,-0.018
1314,729,-0.013
1323,729,-0.012
1332,729,-0.008
1341,729,-0.009
1350,729,-0.01
1359,729,-0.018
1368,729,-0.021
1377,729,-0.019
1386,729,-0.026
1395,729,-0.018
1404,729,-0.016
1413,729,-0.023
1422,729,-0.026
1431,729,-0.018
1440,729,-0.026
1449,729,-0.011
1458,729,-0.012
1467,729,-0.023
1476,729,-0.039
1485,729,-0.044
1494,729,-0.072
1503,729,-0.066
1512,729,-0.072
1521,729,-0.066
1530,729,-0.039
1539,729,-0.043
1548,729,-0.048
1557,729,-0.053
1566,729,-0.038
1575,729,-0.08
1584,729,-0.129
1593,729,-0.098
1602,729,-0.13
1611,729,-0.144
1620,729,-0.158
1629,729,-0.098
1638,729,-0.132
1647,729,-0.176
1656,729,-0.231
1665,729,-0.148
1674,729,-0.163
1683,729,-0.181
1692,729,-0.165
1701,729,-0.222
1710,729,-0.203
1719,729,-0.15
1728,729,-0.168
1737,729,-0.23
1746,729,-0.169
1755,729,-0.19
1764,729,-0.17
1773,729,-0.151
1782,729,-0.217
1791,729,-0.15
1800,729,-0.171
1809,729,-0.252
1818,729,-0.224
1827,729,-0.146
1836,729,-0.301
1845,729,-0.352
1854,729,-0.315
1863,729,-0.134
1872,729,-0.158
1881,729,-0.12
1890,729,-0.237
1899,729,-0.507
1908,729,-0.462
1917,729,-0.415
9,738,0.038
18,738,0.417
27,738,0.199
36,738,0.392
45,738,0.226
54,738,0.196
63,738,0.172
72,738,0.106
81,738,0.096
90,738,0.226
99,738,0.263
108,738,0.137
117,738,0.124
126,738,0.148
135,738,0.222
144,738,0.311
153,738,0.415
162,738,0.533
171,738,0.489
180,738,0.449
189,738,0.564
198,738,0.521
207,738,0.482
216,738,0.517
225,738,0.414
234,738,0.329
243,738,0.357
252,738,0.386
261,738,0.477
270,738,0.579
279,738,0.476
288,738,0.389
297,738,0.364
306,738,0.253
315,738,0.236
324,738,0.22
333,738,0.205
342,738,0.191
351,738,0.209
360,738,0.264
369,738,0.213
378,738,0.232
387,738,0.187
396,738,0.149
405,738,0.163
414,738,0.178
423,738,0.167
432,738,0.182
441,738,0.198
450,738,0.16
459,738,0.174
468,738,0.14
477,738,0.111
486,738,0.122
495,738,0.134
504,738,0.146
513,738,0.159
522,738,0.128
531,738,0.14
540,738,0.152
549,738,0.143
558,738,0.155
567,738,0.168
576,738,0.181
585,738,0.148
594,738,0.16
603,738,0.151
612,738,0.213
621,738,0.228
630,738,0.346
639,738,0.328
648,738,0.43
657,738,0.454
666,738,0.526
675,738,0.412
684,738,0.528
693,738,0.458
702,738,0.482
711,738,0.507
720,738,0.398
729,738,0.341
738,738,0.325
747,738,0.382
756,738,0.364
765,738,0.311
774,738,0.296
783,738,0.281
792,738,0.369
801,738,0.317
810,738,0.372
819,738,0.355
828,738,0.304
837,738,0.289
846,738,0.274
855,738,0.232
864,738,0.172
873,738,0.162
882,738,0.1
891,738,0.094
900,738,0.135
909,738,0.095
918,738,0.089
927,738,0.111
936,738,0.104
945,738,0.113
954,738,0.122
963,738,0.073
972,738,-0.107
981,738,-0.086
990,738,-0.08
999,738,-0.064
1008,738,-0.059
1017,738,-0.046
1026,738,-0.05
1035,738,-0.046
1044,738,-0.06
1053,738,-0.056
1062,738,-0.043
1071,738,-0.056
1080,738,-0.052
1089,738,-0.057
1098,738,-0.044
1107,738,-0.033
1116,738,-0.044
1125,738,-0.04
1134,738,-0.044
1143,738,-0.034
1152,738,-0.053
1161,738,-0.041
1170,738,-0.037
1179,738,-0.028
1188,738,-0.021
1197,738,-0.028
1206,738,-0.021
1215,738,-0.034
1224,738,-0.045
1233,738,-0.049
1242,738,-0.037
1251,738,-0.023
1260,738,-0.025
1269,738,-0.028
1278,738,-0.031
1287,738,-0.034
1296,738,-0.03
1305,738,-0.034
1314,738,-0.025
1323,738,-0.022
1332,738,-0.016
1341,738,-0.017
1350,738,-0.019
1359,738,-0.033
1368,738,-0.036
1377,738,-0.032
1386,738,-0.043
1395,738,-0.032
1404,738,-0.028
1413,738,-0.039
1422,738,-0.042
1431,738,-0.031
1440,738,-0.042
1449,738,-0.019
1458,738,-0.021
1467,738,-0.037
1476,738,-0.06
1485,738,-0.066
1494,738,-0.104
1503,738,-0.095
1512,738,-0.103
1521,738,-0.094
1530,738,-0.058
1539,738,-0.063
1548,738,-0.069
1557,738,-0.076
1566,738,-0.055
1575,738,-0.11
1584,738,-0.17
1593,738,-0.131
1602,738,-0.17
1611,738,-0.185
1620,738,-0.202
1629,738,-0.129
1638,738,-0.17
1647,738,-0.22
1656,738,-0.283
1665,738,-0.185
1674,738,-0.203
1683,738,-0.222
1692,738,-0.203
1701,738,-0.267
1710,738,-0.245
1719,738,-0.183
1728,738,-0.202
1737,738,-0.272
1746,738,-0.202
1755,738,-0.224
1764,738,-0.201
1773,738,-0.178
1782,738,-0.251
1791,738,-0.176
1800,738,-0.198
1809,738,-0.285
1818,738,-0.254
1827,738,-0.167
1836,738,-0.333
1845,738,-0.386
1854,738,-0.344
1863,738,-0.149
1872,738,-0.174
1881,738,-0.131
1890,738,-0.253
1899,738,-0.529
1908,738,-0.477
1917,738,-0.422
9,747,0.036
18,747,0.399
27,747,0.186
36,747,0.368
45,747,0.208
54,747,0.256
63,747,0.22
72,747,0.136
81,747,0.12
90,747,0.264
99,747,0.301
108,747,0.158
117,747,0.141
126,747,0.165
135,747,0.241
144,747,0.331
153,747,0.436
162,747,0.553
171,747,0.504
180,747,0.538
189,747,0.66
198,747,0.607
207,747,0.559
216,747,0.592
225,747,0.476
234,747,0.378
243,747,0.406
252,747,0.434
261,747,0.528
270,747,0.632
279,747,0.521
288,747,0.425
297,747,0.395
306,747,0.276
315,747,0.256
324,747,0.237
333,747,0.22
342,747,0.204
351,747,0.221
360,747,0.276
369,747,0.222
378,747,0.24
387,747,0.192
396,747,0.152
405,747,0.166
414,747,0.18
423,747,0.167
432,747,0.181
441,747,0.196
450,747,0.157
459,747,0.17
468,747,0.136
477,747,0.107
486,747,0.117
495,747,0.127
504,747,0.138
513,747,0.15
522,747,0.12
531,747,0.13
540,747,0.141
549,747,0.131
558,747,0.142
567,747,0.153
576,747,0.165
585,747,0.133
594,747,0.144
603,747,0.134
612,747,0.19
621,747,0.203
630,747,0.311
639,747,0.293
648,747,0.386
657,747,0.406
666,747,0.472
675,747,0.365
684,747,0.47
693,747,0.404
702,747,0.425
711,747,0.446
720,747,0.345
729,747,0.292
738,747,0.276
747,747,0.326
756,747,0.309
765,747,0.261
774,747,0.246
783,747,0.232
792,747,0.308
801,747,0.26
810,747,0.308
819,747,0.291
828,747,0.246
837,747,0.232
846,747,0.219
855,747,0.182
864,747,0.131
873,747,0.122
882,747,0.073
891,747,0.067
900,747,0.099
909,747,0.067
918,747,0.062
927,747,0.079
936,747,0.073
945,747,0.079
954,747,0.085
963,747,0.057
972,747,-0.085
981,747,-0.067
990,747,-0.062
999,747,-0.048
1008,747,-0.044
1017,747,-0.034
1026,747,-0.037
1035,747,-0.033
1044,747,-0.044
1053,747,-0.04
1062,747,-0.03
1071,747,-0.04
1080,747,-0.036
1089,747,-0.039
1098,747,-0.03
1107,747,-0.022
1116,747,-0.029
1125,747,-0.027
1134,747,-0.029
1143,747,-0.021
1152,747,-0.035
1161,747,-0.026
1170,747,-0.023
1179,747,-0.017
1188,747,-0.015
1197,747,-0.02
1206,747,-0.015
1215,747,-0.025
1224,747,-0.033
1233,747,-0.036
1242,747,-0.026
1251,747,-0.015
1260,747,-0.017
1269,747,-0.023
1278,747,-0.025
1287,747,-0.028
1296,747,-0.025
1305,747,-0.027
1314,747,-0.019
1323,747,-0.017
1332,747,-0.012
1341,747,-0.013
1350,747,-0.014
1359,747,-0.025
1368,747,-0.027
1377,747,-0.024
1386,747,-0.032
1395,747,-0.029
1404,747,-0.025
1413,747,-0.034
1422,747,-0.037
1431,747,-0.027
1440,747,-0.036
1449,747,-0.016
1458,747,-0.018
1467,747,-0.03
1476,747,-0.051
1485,747,-0.055
1494,747,-0.087
1503,747,-0.078
1512,747,-0.085
1521,747,-0.092
1530,747,-0.056
1539,747,-0.061
1548,747,-0.066
1557,747,-0.072
1566,747,-0.051
1575,747,-0.102
1584,747,-0.187
1593,747,-0.144
1602,747,-0.185
1611,747,-0.2
1620,747,-0.216
1629,747,-0.166
1638,747,-0.214
1647,747,-0.272
1656,747,-0.343
1665,747,-0.229
1674,747,-0.248
1683,747,-0.27
1692,747,-0.246
1701,747,-0.318
1710,747,-0.292
1719,747,-0.221
1728,747,-0.242
1737,747,-0.319
1746,747,-0.239
1755,747,-0.263
1764,747,-0.236
1773,747,-0.209
1782,747,-0.288
1791,747,-0.204
1800,747,-0.227
1809,747,-0.321
1818,747,-0.286
1827,747,-0.189
1836,747,-0.367
1845,747,-0.422
1854,747,-0.375
1863,747,-0.165
1872,747,-0.19
1881,747,-0.143
1890,747,-0.269
1899,747,-0.551
1908,747,-0.493
1917,747,-0.428
9,756,0.034
18,756,0.382
27,756,0.174
36,756,0.345
45,756,0.191
54,756,0.234
63,756,0.199
72,756,0.12
81,756,0.105
90,756,0.236
99,756,0.268
108,756,0.137
117,756,0.16
126,756,0.184
135,756,0.262
144,756,0.353
153,756,0.457
162,756,0.573
171,756,0.519
180,756,0.55
189,756,0.669
198,756,0.612
207,756,0.643
216,756,0.674
225,756,0.543
234,756,0.433
243,756,0.527
252,756,0.555
261,756,0.659
270,756,0.772
279,756,0.64
288,756,0.526
297,756,0.488
306,756,0.346
315,756,0.32
324,756,0.296
333,756,0.274
342,756,0.253
351,756,0.271
360,756,0.331
369,756,0.268
378,756,0.285
387,756,0.23
396,756,0.183
405,756,0.197
414,756,0.211
423,756,0.195
432,756,0.209
441,756,0.224
450,756,0.18
459,756,0.193
468,756,0.154
477,756,0.166
486,756,0.178
495,756,0.19
504,756,0.203
513,756,0.216
522,756,0.175
531,756,0.187
540,756,0.2
549,756,0.186
558,756,0.198
567,756,0.211
576,756,0.224
585,756,0.183
594,756,0.195
603,756,0.182
612,756,0.249
621,756,0.264
630,756,0.389
639,756,0.366
648,756,0.471
657,756,0.491
666,756,0.563
675,756,0.44
684,756,0.556
693,756,0.48
702,756,0.501
711,756,0.522
720,756,0.45
729,756,0.385
738,756,0.364
747,756,0.422
756,756,0.399
765,756,0.34
774,756,0.321
783,756,0.302
792,756,0.391
801,756,0.333
810,756,0.387
819,756,0.366
828,756,0.311
837,756,0.293
846,756,0.276
855,756,0.232
864,756,0.17
873,756,0.158
882,756,0.097
891,756,0.09
900,756,0.127
909,756,0.089
918,756,0.082
927,756,0.101
936,756,0.094
945,756,0.1
954,756,0.123
963,756,0.085
972,756,-0.121
981,756,-0.097
990,756,-0.09
999,756,-0.071
1008,756,-0.065
1017,756,-0.05
1026,756,-0.054
1035,756,-0.049
1044,756,-0.063
1053,756,-0.057
1062,756,-0.044
1071,756,-0.056
1080,756,-0.051
1089,756,-0.055
1098,756,-0.042
1107,756,-0.032
1116,756,-0.041
1125,756,-0.037
1134,756,-0.04
1143,756,-0.03
1152,756,-0.047
1161,756,-0.035
1170,756,-0.031
1179,756,-0.023
1188,756,-0.02
1197,756,-0.027
1206,756,-0.02
1215,756,-0.032
1224,756,-0.042
1233,756,-0.045
1242,756,-0.033
1251,756,-0.02
1260,756,-0.022
1269,756,-0.029
1278,756,-0.031
1287,756,-0.034
1296,756,-0.03
1305,756,-0.032
1314,756,-0.023
1323,756,-0.02
1332,756,-0.014
1341,756,-0.016
1350,756,-0.017
1359,756,-0.028
1368,756,-0.031
1377,756,-0.027
1386,756,-0.036
1395,756,-0.032
1404,756,-0.028
1413,756,-0.037
1422,756,-0.04
1431,756,-0.028
1440,756,-0.038
1449,756,-0.017
1458,756,-0.018
1467,756,-0.031
1476,756,-0.052
1485,756,-0.056
1494,756,-0.087
1503,756,-0.078
1512,756,-0.084
1521,756,-0.09
1530,756,-0.054
1539,756,-0.058
1548,756,-0.063
1557,756,-0.068
1566,756,-0.048
1575,756,-0.096
1584,756,-0.175
1593,756,-0.133
1602,756,-0.17
1611,756,-0.182
1620,756,-0.196
1629,756,-0.148
1638,756,-0.225
1647,756,-0.284
1656,756,-0.355
1665,756,-0.237
1674,756,-0.255
1683,756,-0.275
1692,756,-0.249
1701,756,-0.32
1710,756,-0.291
1719,756,-0.219
1728,756,-0.237
1737,756,-0.311
1746,756,-0.28
1755,756,-0.306
1764,756,-0.274
1773,756,-0.244
1782,756,-0.33
1791,756,-0.235
1800,756,-0.26
1809,756,-0.361
1818,756,-0.32
1827,756,-0.214
1836,756,-0.404
1845,756,-0.46
1854,756,-0.408
1863,756,-0.182
1872,756,-0.207
1881,756,-0.156
1890,756,-0.287
1899,756,-0.574
1908,756,-0.508
1917,756,-0.435
9,765,0.032
18,765,0.365
27,765,0.163
36,765,0.323
45,765,0.369
54,765,0.41
63,765,0.34
72,765,0.212
81,765,0.181
90,765,0.354
99,765,0.386
108,765,0.207
117,765,0.232
126,765,0.258
135,765,0.348
144,765,0.451
153,765,0.565
162,765,0.69
171,765,0.622
180,765,0.651
189,765,0.776
198,765,0.707
207,765,0.735
216,765,0.763
225,765,0.615
234,765,0.492
243,765,0.589
252,765,0.615
261,765,0.722
270,765,0.836
279,765,0.693
288,765,0.569
297,765,0.526
306,765,0.374
315,765,0.344
324,765,0.317
333,765,0.291
342,765,0.268
351,765,0.285
360,765,0.345
369,765,0.278
378,765,0.294
387,765,0.236
396,765,0.187
405,765,0.2
414,765,0.213
423,765,0.196
432,765,0.209
441,765,0.222
450,765,0.177
459,765,0.189
468,765,0.15
477,765,0.16
486,765,0.171
495,765,0.182
504,765,0.193
513,765,0.234
522,765,0.19
531,765,0.201
540,765,0.213
549,765,0.197
558,765,0.209
567,765,0.221
576,765,0.233
585,765,0.19
594,765,0.201
603,765,0.186
612,765,0.253
621,765,0.266
630,765,0.39
639,765,0.366
648,765,0.469
657,765,0.487
666,765,0.556
675,765,0.433
684,765,0.545
693,765,0.468
702,765,0.487
711,765,0.505
720,765,0.433
729,765,0.369
738,765,0.347
747,765,0.401
756,765,0.377
765,765,0.319
774,765,0.3
783,765,0.281
792,765,0.363
801,765,0.307
810,765,0.357
819,765,0.335
828,765,0.283
837,765,0.265
846,765,0.248
855,765,0.206
864,765,0.148
873,765,0.137
882,765,0.082
891,765,0.075
900,765,0.108
909,765,0.073
918,765,0.067
927,765,0.083
936,765,0.076
945,765,0.081
954,765,0.1
963,765,0.068
972,765,-0.098
981,765,-0.077
990,765,-0.07
999,765,-0.054
1008,765,-0.049
1017,765,-0.044
1026,765,-0.047
1035,765,-0.043
1044,765,-0.054
1053,765,-0.049
1062,765,-0.037
1071,765,-0.047
1080,765,-0.043
1089,765,-0.046
1098,765,-0.034
1107,765,-0.025
1116,765,-0.033
1125,765,-0.029
1134,765,-0.032
1143,765,-0.023
1152,765,-0.044
1161,765,-0.032
1170,765,-0.029
1179,765,-0.021
1188,765,-0.018
1197,765,-0.024
1206,765,-0.017
1215,765,-0.028
1224,765,-0.037
1233,765,-0.039
1242,765,-0.029
1251,765,-0.017
1260,765,-0.018
1269,765,-0.024
1278,765,-0.026
1287,765,-0.028
1296,765,-0.024
1305,765,-0.026
1314,765,-0.018
1323,765,-0.016
1332,765,-0.011
1341,765,-0.012
1350,765,-0.013
1359,765,-0.021
1368,765,-0.023
1377,765,-0.02
1386,765,-0.026
1395,765,-0.023
1404,765,-0.02
1413,765,-0.026
1422,765,-0.028
1431,765,-0.02
1440,765,-0.026
1449,765,-0.011
1458,765,-0.012
1467,765,-0.021
1476,765,-0.035
1485,765,-0.037
1494,765,-0.06
1503,765,-0.053
1512,765,-0.056
1521,765,-0.06
1530,765,-0.034
1539,765,-0.036
1548,765,-0.048
1557,765,-0.052
1566,765,-0.036
1575,765,-0.073
1584,765,-0.137
1593,765,-0.101
1602,765,-0.13
1611,765,-0.139
1620,765,-0.148
1629,765,-0.109
1638,765,-0.169
1647,765,-0.215
1656,765,-0.27
1665,765,-0.245
1674,765,-0.262
1683,765,-0.28
1692,765,-0.252
1701,765,-0.321
1710,765,-0.29
1719,765,-0.216
1728,765,-0.233
1737,765,-0.302
1746,765,-0.27
1755,765,-0.292
1764,765,-0.259
1773,765,-0.228
1782,765,-0.306
1791,765,-0.214
1800,765,-0.234
1809,765,-0.324
1818,765,-0.282
1827,765,-0.183
1836,765,-0.348
1845,765,-0.39
1854,765,-0.336
1863,765,-0.138
1872,765,-0.226
1881,765,-0.169
1890,765,-0.305
1899,765,-0.597
1908,765,-0.524
1917,765,-0.442
9,774,0.03
18,774,0.349
27,774,0.152
36,774,0.302
45,774,0.343
54,774,0.38
63,774,0.312
72,774,0.191
81,774,0.161
90,774,0.319
99,774,0.347
108,774,0.181
117,774,0.203
126,774,0.225
135,774,0.306
144,774,0.399
153,774,0.502
162,774,0.615
171,774,0.551
180,774,0.575
189,774,0.688
198,774,0.623
207,774,0.646
216,774,0.67
225,774,0.533
234,774,0.42
243,774,0.506
252,774,0.528
261,774,0.623
270,774,0.725
279,774,0.593
288,774,0.48
297,774,0.44
306,774,0.306
315,774,0.279
324,774,0.254
333,774,0.231
342,774,0.211
351,774,0.224
360,774,0.274
369,774,0.216
378,774,0.229
387,774,0.18
396,774,0.139
405,774,0.149
414,774,0.159
423,774,0.145
432,774,0.154
441,774,0.164
450,774,0.128
459,774,0.137
468,774,0.106
477,774,0.113
486,774,0.121
495,774,0.129
504,774,0.137
513,774,0.169
522,774,0.133
531,774,0.141
540,774,0.15
549,774,0.137
558,774,0.146
567,774,0.154
576,774,0.163
585,774,0.129
594,774,0.137
603,774,0.125
612,774,0.176
621,774,0.185
630,774,0.281
639,774,0.261
648,774,0.342
657,774,0.356
666,774,0.41
675,774,0.31
684,774,0.399
693,774,0.336
702,774,0.349
711,774,0.363
720,774,0.305
729,774,0.253
738,774,0.235
747,774,0.276
756,774,0.257
765,774,0.212
774,774,0.196
783,774,0.182
792,774,0.242
801,774,0.199
810,774,0.235
819,774,0.218
828,774,0.179
837,774,0.165
846,774,0.152
855,774,0.122
864,774,0.084
873,774,0.076
882,774,0.042
891,774,0.045
900,774,0.066
909,774,0.043
918,774,0.038
927,774,0.049
936,774,0.052
945,774,0.055
954,774,0.069
963,774,0.045
972,774,-0.077
981,774,-0.06
990,774,-0.054
999,774,-0.041
1008,774,-0.043
1017,774,-0.046
1026,774,-0.049
1035,774,-0.044
1044,774,-0.055
1053,774,-0.05
1062,774,-0.037
1071,774,-0.047
1080,774,-0.042
1089,774,-0.045
1098,774,-0.034
1107,774,-0.024
1116,774,-0.032
1125,774,-0.028
1134,774,-0.03
1143,774,-0.022
1152,774,-0.041
1161,774,-0.03
1170,774,-0.026
1179,774,-0.019
1188,774,-0.016
1197,774,-0.022
1206,774,-0.015
1215,774,-0.03
1224,774,-0.039
1233,774,-0.041
1242,774,-0.03
1251,774,-0.017
1260,774,-0.018
1269,774,-0.024
1278,774,-0.026
1287,774,-0.028
1296,774,-0.024
1305,774,-0.026
1314,774,-0.018
1323,774,-0.015
1332,774,-0.01
1341,774,-0.011
1350,774,-0.012
1359,774,-0.02
1368,774,-0.021
1377,774,-0.018
1386,774,-0.024
1395,774,-0.02
1404,774,-0.017
1413,774,-0.023
1422,774,-0.025
1431,774,-0.017
1440,774,-0.028
1449,774,-0.012
1458,774,-0.012
1467,774,-0.021
1476,774,-0.036
1485,774,-0.038
1494,774,-0.06
1503,774,-0.052
1512,774,-0.055
1521,774,-0.059
1530,774,-0.033
1539,774,-0.035
1548,774,-0.046
1557,774,-0.049
1566,774,-0.033
1575,774,-0.068
1584,774,-0.127
1593,774,-0.093
1602,774,-0.119
1611,774,-0.126
1620,774,-0.133
1629,774,-0.096
1638,774,-0.149
1647,774,-0.19
1656,774,-0.238
1665,774,-0.213
1674,774,-0.226
1683,774,-0.285
1692,774,-0.255
1701,774,-0.322
1710,774,-0.289
1719,774,-0.214
1728,774,-0.228
1737,774,-0.295
1746,774,-0.261
1755,774,-0.28
1764,774,-0.3
1773,774,-0.264
1782,774,-0.349
1791,774,-0.247
1800,774,-0.267
1809,774,-0.363
1818,774,-0.316
1827,774,-0.207
1836,774,-0.383
1845,774,-0.426
1854,774,-0.367
1863,774,-0.153
1872,774,-0.245
1881,774,-0.183
1890,774,-0.323
1899,774,-0.621
1908,774,-0.541
1917,774,-0.449
9,783,0.029
18,783,0.333
27,783,0.141
36,783,0.283
45,783,0.319
54,783,0.352
63,783,0.285
72,783,0.171
81,783,0.142
90,783,0.286
99,783,0.311
108,783,0.157
117,783,0.176
126,783,0.195
135,783,0.267
144,783,0.351
153,783,0.444
162,783,0.547
171,783,0.485
180,783,0.506
189,783,0.608
198,783,0.546
207,783,0.565
216,783,0.585
225,783,0.459
234,783,0.356
243,783,0.431
252,783,0.449
261,783,0.533
270,783,0.624
279,783,0.503
288,783,0.401
297,783,0.365
306,783,0.287
315,783,0.259
324,783,0.273
333,783,0.247
342,783,0.224
351,783,0.236
360,783,0.286
369,783,0.225
378,783,0.237
387,783,0.185
396,783,0.143
405,783,0.152
414,783,0.161
423,783,0.145
432,783,0.154
441,783,0.163
450,783,0.126
459,783,0.134
468,783,0.102
477,783,0.109
486,783,0.116
495,783,0.123
504,783,0.13
513,783,0.159
522,783,0.125
531,783,0.132
540,783,0.139
549,783,0.126
558,783,0.133
567,783,0.14
576,783,0.148
585,783,0.116
594,783,0.122
603,783,0.111
612,783,0.156
621,783,0.164
630,783,0.251
639,783,0.232
648,783,0.305
657,783,0.316
666,783,0.365
675,783,0.271
684,783,0.351
693,783,0.293
702,783,0.304
711,783,0.315
720,783,0.261
729,783,0.214
738,783,0.197
747,783,0.232
756,783,0.241
765,783,0.197
774,783,0.182
783,783,0.167
792,783,0.223
801,783,0.182
810,783,0.214
819,783,0.197
828,783,0.16
837,783,0.147
846,783,0.134
855,783,0.106
864,783,0.071
873,783,0.064
882,783,0.034
891,783,0.036
900,783,0.055
909,783,0.034
918,783,0.03
927,783,0.039
936,783,0.041
945,783,0.044
954,783,0.064
963,783,0.041
972,783,-0.071
981,783,-0.054
990,783,-0.057
999,783,-0.043
1008,783,-0.054
1017,783,-0.057
1026,783,-0.06
1035,783,-0.054
1044,783,-0.067
1053,783,-0.06
1062,783,-0.045
1071,783,-0.056
1080,783,-0.05
1089,783,-0.053
1098,783,-0.039
1107,783,-0.029
1116,783,-0.037
1125,783,-0.032
1134,783,-0.034
1143,783,-0.025
1152,783,-0.046
1161,783,-0.033
1170,783,-0.029
1179,783,-0.021
1188,783,-0.018
1197,783,-0.023
1206,783,-0.016
1215,783,-0.032
1224,783,-0.041
1233,783,-0.043
1242,783,-0.031
1251,783,-0.018
1260,783,-0.019
1269,783,-0.025
1278,783,-0.026
1287,783,-0.034
1296,783,-0.029
1305,783,-0.031
1314,783,-0.021
1323,783,-0.018
1332,783,-0.012
1341,783,-0.013
1350,783,-0.014
1359,783,-0.023
1368,783,-0.024
1377,783,-0.02
1386,783,-0.027
1395,783,-0.023
1404,783,-0.019
1413,783,-0.025
1422,783,-0.027
1431,783,-0.018
1440,783,-0.03
1449,783,-0.012
1458,783,-0.013
1467,783,-0.022
1476,783,-0.036
1485,783,-0.038
1494,783,-0.06
1503,783,-0.052
1512,783,-0.055
1521,783,-0.057
1530,783,-0.032
1539,783,-0.033
1548,783,-0.044
1557,783,-0.046
1566,783,-0.031
1575,783,-0.063
1584,783,-0.118
1593,783,-0.085
1602,783,-0.108
1611,783,-0.114
1620,783,-0.119
1629,783,-0.084
1638,783,-0.132
1647,783,-0.167
1656,783,-0.21
1665,783,-0.185
1674,783,-0.195
1683,783,-0.245
1692,783,-0.216
1701,783,-0.273
1710,783,-0.241
1719,783,-0.173
1728,783,-0.183
1737,783,-0.237
1746,783,-0.205
1755,783,-0.218
1764,783,-0.285
1773,783,-0.247
1782,783,-0.325
1791,783,-0.225
1800,783,-0.241
1809,783,-0.326
1818,783,-0.279
1827,783,-0.176
1836,783,-0.329
1845,783,-0.36
1854,783,-0.399
1863,783,-0.169
1872,783,-0.266
1881,783,-0.199
1890,783,-0.343
1899,783,-0.646
1908,783,-0.558
1917,783,-0.456
9,792,0.027
18,792,0.318
27,792,0.132
36,792,0.264
45,792,0.296
54,792,0.325
63,792,0.26
72,792,0.153
81,792,0.125
90,792,0.257
99,792,0.278
108,792,0.136
117,792,0.198
126,792,0.215
135,792,0.289
144,792,0.373
153,792,0.466
162,792,0.567
171,792,0.5
180,792,0.517
189,792,0.617
198,792,0.551
207,792,0.567
216,792,0.584
225,792,0.455
234,792,0.35
243,792,0.423
252,792,0.438
261,792,0.517
270,792,0.604
279,792,0.483
288,792,0.382
297,792,0.345
306,792,0.268
315,792,0.241
324,792,0.253
333,792,0.227
342,792,0.204
351,792,0.214
360,792,0.26
369,792,0.235
378,792,0.245
387,792,0.191
396,792,0.147
405,792,0.154
414,792,0.162
423,792,0.146
432,792,0.179
441,792,0.187
450,792,0.145
459,792,0.153
468,792,0.137
477,792,0.168
486,792,0.202
495,792,0.21
504,792,0.219
513,792,0.259
522,792,0.208
531,792,0.216
540,792,0.225
549,792,0.205
558,792,0.213
567,792,0.222
576,792,0.23
585,792,0.185
594,792,0.192
603,792,0.175
612,792,0.235
621,792,0.244
630,792,0.355
639,792,0.329
648,792,0.418
657,792,0.43
666,792,0.487
675,792,0.371
684,792,0.466
693,792,0.393
702,792,0.404
711,792,0.415
720,792,0.348
729,792,0.289
738,792,0.267
747,792,0.308
756,792,0.318
765,792,0.263
774,792,0.242
783,792,0.223
792,792,0.289
801,792,0.238
810,792,0.276
819,792,0.285
828,792,0.235
837,792,0.243
846,792,0.223
855,792,0.182
864,792,0.128
873,792,0.116
882,792,0.067
891,792,0.07
900,792,0.099
909,792,0.065
918,792,0.058
927,792,0.072
936,792,0.075
945,792,0.078
954,792,0.109
963,792,0.073
972,792,-0.118
981,792,-0.093
990,792,-0.097
999,792,-0.075
1008,792,-0.091
1017,792,-0.095
1026,792,-0.098
1035,792,-0.089
1044,792,-0.107
1053,792,-0.096
1062,792,-0.074
1071,792,-0.09
1080,792,-0.081
1089,792,-0.084
1098,792,-0.064
1107,792,-0.048
1116,792,-0.059
1125,792,-0.053
1134,792,-0.055
1143,792,-0.041
1152,792,-0.071
1161,792,-0.053
1170,792,-0.047
1179,792,-0.034
1188,792,-0.03
1197,792,-0.037
1206,792,-0.027
1215,792,-0.049
1224,792,-0.061
1233,792,-0.063
1242,792,-0.047
1251,792,-0.028
1260,792,-0.029
1269,792,-0.037
1278,792,-0.039
1287,792,-0.049
1296,792,-0.042
1305,792,-0.044
1314,792,-0.031
1323,792,-0.027
1332,792,-0.018
1341,792,-0.019
1350,792,-0.02
1359,792,-0.032
1368,792,-0.034
1377,792,-0.029
1386,792,-0.037
1395,792,-0.031
1404,792,-0.026
1413,792,-0.034
1422,792,-0.036
1431,792,-0.024
1440,792,-0.039
1449,792,-0.017
1458,792,-0.017
1467,792,-0.029
1476,792,-0.046
1485,792,-0.048
1494,792,-0.073
1503,792,-0.063
1512,792,-0.066
1521,792,-0.068
1530,792,-0.038
1539,792,-0.04
1548,792,-0.051
1557,792,-0.053
1566,792,-0.036
1575,792,-0.071
1584,792,-0.131
1593,792,-0.094
1602,792,-0.119
1611,792,-0.124
1620,792,-0.129
1629,792,-0.091
1638,792,-0.14
1647,792,-0.176
1656,792,-0.218
1665,792,-0.191
1674,792,-0.2
1683,792,-0.25
1692,792,-0.219
1701,792,-0.274
1710,792,-0.241
1719,792,-0.171
1728,792,-0.179
1737,792,-0.231
1746,792,-0.198
1755,792,-0.208
1764,792,-0.27
1773,792,-0.231
1782,792,-0.302
1791,792,-0.205
1800,792,-0.217
1809,792,-0.292
1818,792,-0.245
1827,792,-0.149
1836,792,-0.28
1845,792,-0.302
1854,792,-0.328
1863,792,-0.127
1872,792,-0.199
1881,792,-0.137
1890,792,-0.234
1899,792,-0.432
1908,792,-0.575
1917,792,-0.462
9,801,0.026
18,801,0.303
27,801,0.211
36,801,0.364
45,801,0.387
54,801,0.407
63,801,0.322
72,801,0.19
81,801,0.154
90,801,0.298
99,801,0.316
108,801,0.157
117,801,0.222
126,801,0.237
135,801,0.312
144,801,0.396
153,801,0.488
162,801,0.588
171,801,0.601
180,801,0.614
189,801,0.718
198,801,0.639
207,801,0.652
216,801,0.664
225,801,0.595
234,801,0.464
243,801,0.545
252,801,0.558
261,801,0.646
270,801,0.739
279,801,0.596
288,801,0.476
297,801,0.488
306,801,0.387
315,801,0.348
324,801,0.359
333,801,0.324
342,801,0.291
351,801,0.301
360,801,0.356
369,801,0.322
378,801,0.332
387,801,0.262
396,801,0.204
405,801,0.212
414,801,0.221
423,801,0.198
432,801,0.237
441,801,0.246
450,801,0.193
459,801,0.2
468,801,0.18
477,801,0.215
486,801,0.254
495,801,0.262
504,801,0.271
513,801,0.315
522,801,0.254
531,801,0.262
540,801,0.271
549,801,0.247
558,801,0.254
567,801,0.262
576,801,0.27
585,801,0.218
594,801,0.225
603,801,0.204
612,801,0.27
621,801,0.278
630,801,0.397
639,801,0.366
648,801,0.46
657,801,0.471
666,801,0.529
675,801,0.404
684,801,0.551
693,801,0.467
702,801,0.477
711,801,0.488
720,801,0.411
729,801,0.343
738,801,0.317
747,801,0.361
756,801,0.37
765,801,0.307
774,801,0.283
783,801,0.291
792,801,0.368
801,801,0.306
810,801,0.349
819,801,0.358
828,801,0.298
837,801,0.305
846,801,0.281
855,801,0.231
864,801,0.187
873,801,0.17
882,801,0.103
891,801,0.107
900,801,0.145
909,801,0.099
918,801,0.089
927,801,0.106
936,801,0.11
945,801,0.114
954,801,0.154
963,801,0.106
972,801,-0.164
981,801,-0.13
990,801,-0.135
999,801,-0.106
1008,801,-0.125
1017,801,-0.13
1026,801,-0.153
1035,801,-0.138
1044,801,-0.162
1053,801,-0.147
1062,801,-0.116
1071,801,-0.137
1080,801,-0.124
1089,801,-0.128
1098,801,-0.1
1107,801,-0.076
1116,801,-0.092
1125,801,-0.082
1134,801,-0.085
1143,801,-0.064
1152,801,-0.105
1161,801,-0.081
1170,801,-0.071
1179,801,-0.053
1188,801,-0.046
1197,801,-0.057
1206,801,-0.042
1215,801,-0.072
1224,801,-0.088
1233,801,-0.09
1242,801,-0.068
1251,801,-0.042
1260,801,-0.044
1269,801,-0.054
1278,801,-0.056
1287,801,-0.069
1296,801,-0.06
1305,801,-0.062
1314,801,-0.045
1323,801,-0.039
1332,801,-0.027
1341,801,-0.028
1350,801,-0.029
1359,801,-0.044
1368,801,-0.046
1377,801,-0.039
1386,801,-0.049
1395,801,-0.042
1404,801,-0.036
1413,801,-0.045
1422,801,-0.047
1431,801,-0.039
1440,801,-0.06
1449,801,-0.028
1458,801,-0.029
1467,801,-0.045
1476,801,-0.069
1485,801,-0.071
1494,801,-0.105
1503,801,-0.091
1512,801,-0.094
1521,801,-0.097
1530,801,-0.056
1539,801,-0.058
1548,801,-0.073
1557,801,-0.076
1566,801,-0.052
1575,801,-0.098
1584,801,-0.172
1593,801,-0.126
1602,801,-0.155
1611,801,-0.161
1620,801,-0.166
1629,801,-0.119
1638,801,-0.178
1647,801,-0.219
1656,801,-0.268
1665,801,-0.236
1674,801,-0.245
1683,801,-0.3
1692,801,-0.264
1701,801,-0.326
1710,801,-0.287
1719,801,-0.207
1728,801,-0.215
1737,801,-0.272
1746,801,-0.234
1755,801,-0.244
1764,801,-0.311
1773,801,-0.267
1782,801,-0.344
1791,801,-0.236
1800,801,-0.248
1809,801,-0.329
1818,801,-0.275
1827,801,-0.17
1836,801,-0.311
1845,801,-0.332
1854,801,-0.358
1863,801,-0.141
1872,801,-0.217
1881,801,-0.149
1890,801,-0.249
1899,801,-0.451
1908,801,-0.592
1917,801,-0.469
9,810,0.024
18,810,0.289
27,810,0.198
36,810,0.342
45,810,0.361
54,810,0.378
63,810,0.295
72,810,0.17
81,810,0.136
90,810,0.267
99,810,0.282
108,810,0.136
117,810,0.193
126,810,0.206
135,810,0.273
144,810,0.348
153,810,0.431
162,810,0.521
171,810,0.531
180,810,0.541
189,810,0.636
198,810,0.561
207,810,0.571
216,810,0.58
225,810,0.59
234,810,0.457
243,810,0.535
252,810,0.545
261,810,0.628
270,810,0.716
279,810,0.574
288,810,0.454
297,810,0.464
306,810,0.364
315,810,0.326
324,810,0.335
333,810,0.299
342,810,0.267
351,810,0.275
360,810,0.325
369,810,0.292
378,810,0.3
387,810,0.234
396,810,0.18
405,810,0.186
414,810,0.193
423,810,0.172
432,810,0.206
441,810,0.212
450,810,0.164
459,810,0.17
468,810,0.151
477,810,0.208
486,810,0.245
495,810,0.252
504,810,0.259
513,810,0.3
522,810,0.24
531,810,0.247
540,810,0.253
549,810,0.229
558,810,0.267
567,810,0.273
576,810,0.315
585,810,0.255
594,810,0.261
603,810,0.237
612,810,0.308
621,810,0.315
630,810,0.441
639,810,0.406
648,810,0.505
657,810,0.513
666,810,0.573
675,810,0.439
684,810,0.592
693,810,0.501
702,810,0.51
711,810,0.519
720,810,0.437
729,810,0.365
738,810,0.335
747,810,0.379
756,810,0.387
765,810,0.321
774,810,0.295
783,810,0.301
792,810,0.379
801,810,0.349
810,810,0.394
819,810,0.402
828,810,0.335
837,810,0.342
846,810,0.314
855,810,0.259
864,810,0.21
873,810,0.191
882,810,0.116
891,810,0.12
900,810,0.161
909,810,0.11
918,810,0.099
927,810,0.117
936,810,0.12
945,810,0.124
954,810,0.165
963,810,0.114
972,810,-0.174
981,810,-0.138
990,810,-0.141
999,810,-0.111
1008,810,-0.13
1017,810,-0.134
1026,810,-0.157
1035,810,-0.141
1044,810,-0.165
1053,810,-0.149
1062,810,-0.116
1071,810,-0.137
1080,810,-0.123
1089,810,-0.126
1098,810,-0.098
1107,810,-0.074
1116,810,-0.089
1125,810,-0.079
1134,810,-0.081
1143,810,-0.071
1152,810,-0.115
1161,810,-0.088
1170,810,-0.077
1179,810,-0.058
1188,810,-0.05
1197,810,-0.061
1206,810,-0.045
1215,810,-0.076
1224,810,-0.091
1233,810,-0.094
1242,810,-0.07
1251,810,-0.043
1260,810,-0.053
1269,810,-0.065
1278,810,-0.066
1287,810,-0.08
1296,810,-0.07
1305,810,-0.072
1314,810,-0.052
1323,810,-0.045
1332,810,-0.031
1341,810,-0.032
1350,810,-0.033
1359,810,-0.05
1368,810,-0.051
1377,810,-0.044
1386,810,-0.054
1395,810,-0.046
1404,810,-0.039
1413,810,-0.049
1422,810,-0.05
1431,810,-0.042
1440,810,-0.063
1449,810,-0.029
1458,810,-0.03
1467,810,-0.046
1476,810,-0.07
1485,810,-0.072
1494,810,-0.105
1503,810,-0.09
1512,810,-0.092
1521,810,-0.113
1530,810,-0.067
1539,810,-0.068
1548,810,-0.085
1557,810,-0.087
1566,810,-0.06
1575,810,-0.11
1584,810,-0.189
1593,810,-0.138
1602,810,-0.169
1611,810,-0.173
1620,810,-0.178
1629,810,-0.128
1638,810,-0.188
1647,810,-0.23
1656,810,-0.278
1665,810,-0.244
1674,810,-0.296
1683,810,-0.358
1692,810,-0.316
1701,810,-0.383
1710,810,-0.338
1719,810,-0.247
1728,810,-0.256
1737,810,-0.318
1746,810,-0.274
1755,810,-0.284
1764,810,-0.357
1773,810,-0.307
1782,810,-0.39
1791,810,-0.27
1800,810,-0.282
1809,810,-0.368
1818,810,-0.309
1827,810,-0.192
1836,810,-0.343
1845,810,-0.364
1854,810,-0.389
1863,810,-0.157
1872,810,-0.236
1881,810,-0.162
1890,810,-0.265
1899,810,-0.471
1908,810,-0.609
1917,810,-0.476
9,819,0.023
18,819,0.276
27,819,0.301
36,819,0.459
45,819,0.463
54,819,0.468
63,819,0.362
72,819,0.211
81,819,0.167
90,819,0.31
99,819,0.321
108,819,0.157
117,819,0.217
126,819,0.227
135,819,0.295
144,819,0.37
153,819,0.453
162,819,0.541
171,819,0.547
180,819,0.554
189,819,0.645
198,819,0.566
207,819,0.572
216,819,0.579
225,819,0.585
234,819,0.45
243,819,0.525
252,819,0.532
261,819,0.61
270,819,0.694
279,819,0.552
288,819,0.434
297,819,0.441
306,819,0.393
315,819,0.35
324,819,0.357
333,819,0.318
342,819,0.283
351,819,0.289
360,819,0.338
369,819,0.302
378,819,0.309
387,819,0.24
396,819,0.184
405,819,0.189
414,819,0.194
423,819,0.172
432,819,0.205
441,819,0.21
450,819,0.161
459,819,0.166
468,819,0.171
477,819,0.231
486,819,0.269
495,819,0.275
504,819,0.28
513,819,0.322
522,819,0.258
531,819,0.263
540,819,0.268
549,819,0.242
558,819,0.279
567,819,0.285
576,819,0.325
585,819,0.263
594,819,0.301
603,819,0.273
612,819,0.349
621,819,0.354
630,819,0.489
639,819,0.45
648,819,0.552
657,819,0.559
666,819,0.619
675,819,0.476
684,819,0.634
693,819,0.537
702,819,0.544
711,819,0.551
720,819,0.464
729,819,0.387
738,819,0.355
747,819,0.399
756,819,0.405
765,819,0.335
774,819,0.307
783,819,0.312
792,819,0.39
801,819,0.358
810,819,0.402
819,819,0.408
828,819,0.414
837,819,0.42
846,819,0.387
855,819,0.321
864,819,0.263
873,819,0.239
882,819,0.15
891,819,0.153
900,819,0.2
909,819,0.14
918,819,0.125
927,819,0.146
936,819,0.149
945,819,0.152
954,819,0.199
963,819,0.139
972,819,-0.207
981,819,-0.165
990,819,-0.168
999,819,-0.133
1008,819,-0.154
1017,819,-0.158
1026,819,-0.182
1035,819,-0.164
1044,819,-0.189
1053,819,-0.17
1062,819,-0.134
1071,819,-0.156
1080,819,-0.14
1089,819,-0.142
1098,819,-0.11
1107,819,-0.084
1116,819,-0.1
1125,819,-0.088
1134,819,-0.09
1143,819,-0.079
1152,819,-0.125
1161,819,-0.096
1170,819,-0.084
1179,819,-0.063
1188,819,-0.054
1197,819,-0.065
1206,819,-0.048
1215,819,-0.08
1224,819,-0.11
1233,819,-0.113
1242,819,-0.085
1251,819,-0.053
1260,819,-0.064
1269,819,-0.077
1278,819,-0.079
1287,819,-0.094
1296,819,-0.082
1305,819,-0.083
1314,819,-0.061
1323,819,-0.052
1332,819,-0.037
1341,819,-0.037
1350,819,-0.038
1359,819,-0.056
1368,819,-0.057
1377,819,-0.049
1386,819,-0.06
1395,819,-0.05
1404,819,-0.042
1413,819,-0.052
1422,819,-0.053
1431,819,-0.045
1440,819,-0.066
1449,819,-0.031
1458,819,-0.031
1467,819,-0.048
1476,819,-0.071
1485,819,-0.072
1494,819,-0.105
1503,819,-0.09
1512,819,-0.091
1521,819,-0.111
1530,819,-0.065
1539,819,-0.066
1548,819,-0.081
1557,819,-0.082
1566,819,-0.056
1575,819,-0.103
1584,819,-0.176
1593,819,-0.127
1602,819,-0.155
1611,819,-0.158
1620,819,-0.161
1629,819,-0.137
1638,819,-0.199
1647,819,-0.24
1656,819,-0.289
1665,819,-0.252
1674,819,-0.303
1683,819,-0.364
1692,819,-0.319
1701,819,-0.385
1710,819,-0.337
1719,819,-0.244
1728,819,-0.301
1737,819,-0.369
1746,819,-0.319
1755,819,-0.329
1764,819,-0.408
1773,819,-0.351
1782,819,-0.44
1791,819,-0.308
1800,819,-0.319
1809,819,-0.411
1818,819,-0.345
1827,819,-0.217
1836,819,-0.378
1845,819,-0.398
1854,819,-0.423
1863,819,-0.173
1872,819,-0.256
1881,819,-0.176
1890,819,-0.282
1899,819,-0.491
1908,819,-0.627
1917,819,-0.484
9,828,0.021
18,828,0.263
27,828,0.284
36,828,0.433
45,828,0.433
54,828,0.435
63,828,0.332
72,828,0.19
81,828,0.148
90,828,0.278
99,828,0.287
108,828,0.136
117,828,0.189
126,828,0.198
135,828,0.258
144,828,0.325
153,828,0.399
162,828,0.561
171,828,0.653
180,828,0.654
189,828,0.748
198,828,0.656
207,828,0.657
216,828,0.659
225,828,0.66
234,828,0.511
243,828,0.586
252,828,0.59
261,828,0.669
270,828,0.753
279,828,0.6
288,828,0.472
297,828,0.476
306,828,0.423
315,828,0.376
324,828,0.381
333,828,0.338
342,828,0.299
351,828,0.304
360,828,0.352
369,828,0.313
378,828,0.362
387,828,0.283
396,828,0.218
405,828,0.222
414,828,0.226
423,828,0.2
432,828,0.235
441,828,0.239
450,828,0.184
459,828,0.188
468,828,0.192
477,828,0.256
486,828,0.294
495,828,0.299
504,828,0.303
513,828,0.345
522,828,0.276
531,828,0.28
540,828,0.284
549,828,0.255
558,828,0.292
567,828,0.296
576,828,0.337
585,828,0.271
594,828,0.308
603,828,0.279
612,828,0.353
621,828,0.358
630,828,0.491
639,828,0.449
648,828,0.549
657,828,0.554
666,828,0.611
675,828,0.468
684,828,0.622
693,828,0.524
702,828,0.529
711,828,0.534
720,828,0.447
729,828,0.41
738,828,0.375
747,828,0.419
756,828,0.466
765,828,0.388
774,828,0.354
783,828,0.358
792,828,0.441
801,828,0.405
810,828,0.451
819,828,0.455
828,828,0.46
837,828,0.465
846,828,0.428
855,828,0.355
864,828,0.292
873,828,0.265
882,828,0.167
891,828,0.17
900,828,0.22
909,828,0.154
918,828,0.138
927,828,0.159
936,828,0.162
945,828,0.164
954,828,0.212
963,828,0.149
972,828,-0.218
981,828,-0.196
990,828,-0.199
999,828,-0.158
1008,828,-0.181
1017,828,-0.184
1026,828,-0.21
1035,828,-0.189
1044,828,-0.216
1053,828,-0.194
1062,828,-0.153
1071,828,-0.177
1080,828,-0.158
1089,828,-0.16
1098,828,-0.125
1107,828,-0.11
1116,828,-0.128
1125,828,-0.113
1134,828,-0.115
1143,828,-0.101
1152,828,-0.155
1161,828,-0.12
1170,828,-0.106
1179,828,-0.079
1188,828,-0.069
1197,828,-0.082
1206,828,-0.06
1215,828,-0.098
1224,828,-0.132
1233,828,-0.134
1242,828,-0.102
1251,828,-0.064
1260,828,-0.077
1269,828,-0.091
1278,828,-0.092
1287,828,-0.109
1296,828,-0.095
1305,828,-0.096
1314,828,-0.07
1323,828,-0.06
1332,828,-0.042
1341,828,-0.043
1350,828,-0.043
1359,828,-0.063
1368,828,-0.064
1377,828,-0.054
1386,828,-0.065
1395,828,-0.066
1404,828,-0.056
1413,828,-0.067
1422,828,-0.068
1431,828,-0.057
1440,828,-0.083
1449,828,-0.039
1458,828,-0.04
1467,828,-0.059
1476,828,-0.086
1485,828,-0.087
1494,828,-0.124
1503,828,-0.106
1512,828,-0.107
1521,828,-0.128
1530,828,-0.076
1539,828,-0.077
1548,828,-0.093
1557,828,-0.094
1566,828,-0.064
1575,828,-0.115
1584,828,-0.193
1593,828,-0.14
1602,828,-0.168
1611,828,-0.171
1620,828,-0.173
1629,828,-0.147
1638,828,-0.21
1647,828,-0.251
1656,828,-0.299
1665,828,-0.26
1674,828,-0.31
1683,828,-0.37
1692,828,-0.323
1701,828,-0.386
1710,828,-0.336
1719,828,-0.242
1728,828,-0.295
1737,828,-0.36
1746,828,-0.308
1755,828,-0.378
1764,828,-0.462
1773,828,-0.399
1782,828,-0.493
1791,828,-0.349
1800,828,-0.359
1809,828,-0.456
1818,828,-0.384
1827,828,-0.244
1836,828,-0.415
1845,828,-0.434
1854,828,-0.458
1863,828,-0.191
1872,828,-0.277
1881,828,-0.191
1890,828,-0.3
1899,828,-0.512
1908,828,-0.645
1917,828,-0.491
9,837,0.081
18,837,0.668
27,837,0.603
36,837,0.767
45,837,0.719
54,837,0.687
63,837,0.523
72,837,0.311
81,837,0.241
90,837,0.407
99,837,0.408
108,837,0.205
117,837,0.268
126,837,0.274
135,837,0.343
144,837,0.417
153,837,0.497
162,837,0.675
171,837,0.771
180,837,0.764
189,837,0.861
198,837,0.754
207,837,0.749
216,837,0.745
225,837,0.742
234,837,0.575
243,837,0.653
252,837,0.652
261,837,0.732
270,837,0.816
279,837,0.65
288,837,0.512
297,837,0.513
306,837,0.455
315,837,0.402
324,837,0.405
333,837,0.358
342,837,0.316
351,837,0.319
360,837,0.366
369,837,0.369
378,837,0.473
387,837,0.375
396,837,0.293
405,837,0.296
414,837,0.299
423,837,0.265
432,837,0.304
441,837,0.307
450,837,0.24
459,837,0.242
468,837,0.245
477,837,0.318
486,837,0.361
495,837,0.364
504,837,0.366
513,837,0.412
522,837,0.332
531,837,0.335
540,837,0.337
549,837,0.303
558,837,0.343
567,837,0.345
576,837,0.388
585,837,0.313
594,837,0.353
603,837,0.319
612,837,0.398
621,837,0.401
630,837,0.541
639,837,0.495
648,837,0.599
657,837,0.602
666,837,0.659
675,837,0.506
684,837,0.665
693,837,0.561
702,837,0.564
711,837,0.567
720,837,0.474
729,837,0.434
738,837,0.395
747,837,0.439
756,837,0.486
765,837,0.445
774,837,0.406
783,837,0.409
792,837,0.497
801,837,0.456
810,837,0.504
819,837,0.507
828,837,0.51
837,837,0.513
846,837,0.471
855,837,0.392
864,837,0.323
873,837,0.292
882,837,0.187
891,837,0.188
900,837,0.24
909,837,0.17
918,837,0.151
927,837,0.173
936,837,0.175
945,837,0.176
954,837,0.226
963,837,0.158
972,837,-0.23
981,837,-0.206
990,837,-0.208
999,837,-0.164
1008,837,-0.212
1017,837,-0.213
1026,837,-0.242
1035,837,-0.217
1044,837,-0.246
1053,837,-0.221
1062,837,-0.175
1071,837,-0.199
1080,837,-0.178
1089,837,-0.179
1098,837,-0.159
1107,837,-0.141
1116,837,-0.162
1125,837,-0.144
1134,837,-0.145
1143,837,-0.128
1152,837,-0.19
1161,837,-0.148
1170,837,-0.15
1179,837,-0.115
1188,837,-0.1
1197,837,-0.117
1206,837,-0.087
1215,837,-0.136
1224,837,-0.179
1233,837,-0.18
1242,837,-0.139
1251,837,-0.091
1260,837,-0.106
1269,837,-0.124
1278,837,-0.125
1287,837,-0.145
1296,837,-0.127
1305,837,-0.127
1314,837,-0.095
1323,837,-0.082
1332,837,-0.058
1341,837,-0.059
1350,837,-0.059
1359,837,-0.083
1368,837,-0.084
1377,837,-0.071
1386,837,-0.084
1395,837,-0.085
1404,837,-0.072
1413,837,-0.086
1422,837,-0.086
1431,837,-0.073
1440,837,-0.102
1449,837,-0.05
1458,837,-0.05
1467,837,-0.073
1476,837,-0.104
1485,837,-0.104
1494,837,-0.145
1503,837,-0.124
1512,837,-0.125
1521,837,-0.148
1530,837,-0.089
1539,837,-0.089
1548,837,-0.107
1557,837,-0.107
1566,837,-0.073
1575,837,-0.128
1584,837,-0.212
1593,837,-0.154
1602,837,-0.183
1611,837,-0.184
1620,837,-0.185
1629,837,-0.157
1638,837,-0.222
1647,837,-0.263
1656,837,-0.31
1665,837,-0.268
1674,837,-0.318
1683,837,-0.376
1692,837,-0.381
1701,837,-0.45
1710,837,-0.393
1719,837,-0.286
1728,837,-0.345
1737,837,-0.415
1746,837,-0.357
1755,837,-0.432
1764,837,-0.522
1773,837,-0.451
1782,837,-0.551
1791,837,-0.393
1800,837,-0.403
1809,837,-0.505
1818,837,-0.425
1827,837,-0.273
1836,837,-0.454
1845,837,-0.472
1854,837,-0.494
1863,837,-0.209
1872,837,-0.299
1881,837,-0.206
1890,837,-0.318
1899,837,-0.534
1908,837,-0.664
1917,837,-0.498
9,846,0.077
18,846,0.644
27,846,0.576
36,846,0.73
45,846,0.68
54,846,0.645
63,846,0.486
72,846,0.283
81,846,0.217
90,846,0.369
99,846,0.368
108,846,0.232
117,846,0.297
126,846,0.299
135,846,0.368
144,846,0.442
153,846,0.52
162,846,0.699
171,846,0.791
180,846,0.779
189,846,0.873
198,846,0.76
207,846,0.751
216,846,0.839
225,846,0.829
234,846,0.645
243,846,0.723
252,846,0.718
261,846,0.798
270,846,0.881
279,846,0.703
288,846,0.554
297,846,0.552
306,846,0.488
315,846,0.43
324,846,0.43
333,846,0.379
342,846,0.333
351,846,0.334
360,846,0.381
369,846,0.382
378,846,0.485
387,846,0.383
396,846,0.298
405,846,0.3
414,846,0.301
423,846,0.265
432,846,0.303
441,846,0.305
450,846,0.236
459,846,0.238
468,846,0.272
477,846,0.348
486,846,0.392
495,846,0.392
504,846,0.393
513,846,0.439
522,846,0.353
531,846,0.354
540,846,0.355
549,846,0.318
558,846,0.357
567,846,0.358
576,846,0.4
585,846,0.323
594,846,0.361
603,846,0.325
612,846,0.404
621,846,0.404
630,846,0.543
639,846,0.495
648,846,0.596
657,846,0.597
666,846,0.652
675,846,0.498
684,846,0.653
693,846,0.548
702,846,0.549
711,846,0.55
720,846,0.457
729,846,0.416
738,846,0.377
747,846,0.418
756,846,0.461
765,846,0.42
774,846,0.382
783,846,0.383
792,846,0.465
801,846,0.424
810,846,0.468
819,846,0.469
828,846,0.47
837,846,0.471
846,846,0.517
855,846,0.431
864,846,0.355
873,846,0.322
882,846,0.207
891,846,0.208
900,846,0.262
909,846,0.186
918,846,0.165
927,846,0.187
936,846,0.188
945,846,0.189
954,846,0.24
963,846,0.168
972,846,-0.242
981,846,-0.216
990,846,-0.217
999,846,-0.171
1008,846,-0.219
1017,846,-0.219
1026,846,-0.247
1035,846,-0.221
1044,846,-0.248
1053,846,-0.222
1062,846,-0.175
1071,846,-0.199
1080,846,-0.177
1089,846,-0.177
1098,846,-0.157
1107,846,-0.138
1116,846,-0.158
1125,846,-0.139
1134,846,-0.139
1143,846,-0.122
1152,846,-0.181
1161,846,-0.14
1170,846,-0.14
1179,846,-0.106
1188,846,-0.092
1197,846,-0.107
1206,846,-0.079
1215,846,-0.124
1224,846,-0.163
1233,846,-0.163
1242,846,-0.143
1251,846,-0.093
1260,846,-0.108
1269,846,-0.125
1278,846,-0.125
1287,846,-0.144
1296,846,-0.125
1305,846,-0.125
1314,846,-0.093
1323,846,-0.079
1332,846,-0.056
1341,846,-0.056
1350,846,-0.056
1359,846,-0.078
1368,846,-0.078
1377,846,-0.066
1386,846,-0.078
1395,846,-0.078
1404,846,-0.065
1413,846,-0.077
1422,846,-0.077
1431,846,-0.064
1440,846,-0.09
1449,846,-0.043
1458,846,-0.043
1467,846,-0.062
1476,846,-0.089
1485,846,-0.089
1494,846,-0.145
1503,846,-0.124
1512,846,-0.123
1521,846,-0.145
1530,846,-0.086
1539,846,-0.085
1548,846,-0.102
1557,846,-0.101
1566,846,-0.069
1575,846,-0.12
1584,846,-0.231
1593,846,-0.168
1602,846,-0.198
1611,846,-0.198
1620,846,-0.198
1629,846,-0.167
1638,846,-0.234
1647,846,-0.274
1656,846,-0.321
1665,846,-0.277
1674,846,-0.325
1683,846,-0.382
1692,846,-0.385
1701,846,-0.451
1710,846,-0.457
1719,846,-0.337
1728,846,-0.4
1737,846,-0.475
1746,846,-0.41
1755,846,-0.49
1764,846,-0.586
1773,846,-0.508
1782,846,-0.613
1791,846,-0.441
1800,846,-0.449
1809,846,-0.556
1818,846,-0.469
1827,846,-0.304
1836,846,-0.496
1845,846,-0.512
1854,846,-0.533
1863,846,-0.229
1872,846,-0.322
1881,846,-0.222
1890,846,-0.337
1899,846,-0.556
1908,846,-0.683
1917,846,-0.505
9,855,0.073
18,855,0.621
27,855,0.55
36,855,0.694
45,855,0.642
54,855,0.605
63,855,0.45
72,855,0.256
81,855,0.194
90,855,0.334
99,855,0.331
108,855,0.204
117,855,0.262
126,855,0.263
135,855,0.324
144,855,0.391
153,855,0.544
162,855,0.722
171,855,0.811
180,855,0.795
189,855,0.884
198,855,0.766
207,855,0.753
216,855,0.837
225,855,0.823
234,855,0.637
243,855,0.711
252,855,0.702
261,855,0.778
270,855,0.856
279,855,0.678
288,855,0.53
297,855,0.526
306,855,0.462
315,855,0.404
324,855,0.402
333,855,0.401
342,855,0.399
351,855,0.398
360,855,0.447
369,855,0.445
378,855,0.555
387,855,0.441
396,855,0.345
405,855,0.345
414,855,0.344
423,855,0.303
432,855,0.386
441,855,0.385
450,855,0.302
459,855,0.301
468,855,0.339
477,855,0.425
486,855,0.472
495,855,0.47
504,855,0.469
513,855,0.517
522,855,0.419
531,855,0.418
540,855,0.417
549,855,0.373
558,855,0.415
567,855,0.414
576,855,0.457
585,855,0.37
594,855,0.411
603,855,0.369
612,855,0.452
621,855,0.451
630,855,0.597
639,855,0.544
648,855,0.648
657,855,0.646
666,855,0.702
675,855,0.538
684,855,0.697
693,855,0.586
702,855,0.584
711,855,0.583
720,855,0.485
729,855,0.484
738,855,0.439
747,855,0.482
756,855,0.527
765,855,0.48
774,855,0.436
783,855,0.436
792,855,0.523
801,855,0.477
810,855,0.522
819,855,0.521
828,855,0.52
837,855,0.519
846,855,0.566
855,855,0.473
864,855,0.391
873,855,0.353
882,855,0.229
891,855,0.229
900,855,0.286
909,855,0.203
918,855,0.203
927,855,0.228
936,855,0.228
945,855,0.228
954,855,0.284
963,855,0.202
972,855,-0.283
981,855,-0.254
990,855,-0.253
999,855,-0.201
1008,855,-0.253
1017,855,-0.252
1026,855,-0.281
1035,855,-0.252
1044,855,-0.281
1053,855,-0.251
1062,855,-0.199
1071,855,-0.223
1080,855,-0.198
1089,855,-0.198
1098,855,-0.175
1107,855,-0.153
1116,855,-0.174
1125,855,-0.153
1134,855,-0.152
1143,855,-0.133
1152,855,-0.195
1161,855,-0.151
1170,855,-0.15
1179,855,-0.114
1188,855,-0.114
1197,855,-0.13
1206,855,-0.097
1215,855,-0.148
1224,855,-0.191
1233,855,-0.191
1242,855,-0.167
1251,855,-0.11
1260,855,-0.126
1269,855,-0.145
1278,855,-0.144
1287,855,-0.165
1296,855,-0.143
1305,855,-0.142
1314,855,-0.106
1323,855,-0.09
1332,855,-0.064
1341,855,-0.063
1350,855,-0.063
1359,855,-0.087
1368,855,-0.086
1377,855,-0.072
1386,855,-0.085
1395,855,-0.084
1404,855,-0.07
1413,855,-0.082
1422,855,-0.081
1431,855,-0.068
1440,855,-0.094
1449,855,-0.045
1458,855,-0.044
1467,855,-0.064
1476,855,-0.09
1485,855,-0.089
1494,855,-0.145
1503,855,-0.123
1512,855,-0.122
1521,855,-0.142
1530,855,-0.083
1539,855,-0.082
1548,855,-0.097
1557,855,-0.096
1566,855,-0.064
1575,855,-0.112
1584,855,-0.217
1593,855,-0.156
1602,855,-0.182
1611,855,-0.181
1620,855,-0.179
1629,855,-0.149
1638,855,-0.209
1647,855,-0.245
1656,855,-0.286
1665,855,-0.242
1674,855,-0.284
1683,855,-0.333
1692,855,-0.333
1701,855,-0.39
1710,855,-0.391
1719,855,-0.28
1728,855,-0.333
1737,855,-0.395
1746,855,-0.334
1755,855,-0.399
1764,855,-0.476
1773,855,-0.481
1782,855,-0.578
1791,855,-0.409
1800,855,-0.412
1809,855,-0.507
1818,855,-0.516
1827,855,-0.338
1836,855,-0.539
1845,855,-0.555
1854,855,-0.573
1863,855,-0.251
1872,855,-0.347
1881,855,-0.239
1890,855,-0.357
1899,855,-0.579
1908,855,-0.702
1917,855,-0.512
9,864,0.07
18,864,0.598
27,864,0.524
36,864,0.66
45,864,0.606
54,864,0.567
63,864,0.537
72,864,0.403
81,864,0.305
90,864,0.478
99,864,0.464
108,864,0.293
117,864,0.36
126,864,0.354
135,864,0.422
144,864,0.494
153,864,0.664
162,864,0.856
171,864,0.945
180,864,0.919
189,864,1.009
198,864,0.874
207,864,0.853
216,864,0.937
225,864,0.916
234,864,0.711
243,864,0.786
252,864,0.771
261,864,0.846
270,864,0.924
279,864,0.733
288,864,0.573
297,864,0.566
306,864,0.495
315,864,0.432
324,864,0.428
333,864,0.423
342,864,0.419
351,864,0.469
360,864,0.521
369,864,0.515
378,864,0.632
387,864,0.505
396,864,0.397
405,864,0.394
414,864,0.391
423,864,0.344
432,864,0.431
441,864,0.428
450,864,0.378
459,864,0.376
468,864,0.417
477,864,0.513
486,864,0.562
495,864,0.557
504,864,0.553
513,864,0.604
522,864,0.492
531,864,0.488
540,864,0.485
549,864,0.434
558,864,0.478
567,864,0.474
576,864,0.519
585,864,0.423
594,864,0.464
603,864,0.417
612,864,0.505
621,864,0.502
630,864,0.655
639,864,0.595
648,864,0.703
657,864,0.759
666,864,0.817
675,864,0.633
684,864,0.806
693,864,0.68
702,864,0.676
711,864,0.672
720,864,0.562
729,864,0.559
738,864,0.507
747,864,0.552
756,864,0.599
765,864,0.546
774,864,0.496
783,864,0.493
792,864,0.586
801,864,0.534
810,864,0.579
819,864,0.576
828,864,0.573
837,864,0.57
846,864,0.618
855,864,0.517
864,864,0.428
873,864,0.386
882,864,0.253
891,864,0.251
900,864,0.31
909,864,0.222
918,864,0.22
927,864,0.246
936,864,0.273
945,864,0.271
954,864,0.333
963,864,0.24
972,864,-0.33
981,864,-0.295
990,864,-0.294
999,864,-0.234
1008,864,-0.29
1017,864,-0.289
1026,864,-0.319
1035,864,-0.286
1044,864,-0.35
1053,864,-0.314
1062,864,-0.251
1071,864,-0.279
1080,864,-0.248
1089,864,-0.247
1098,864,-0.219
1107,864,-0.193
1116,864,-0.216
1125,864,-0.19
1134,864,-0.188
1143,864,-0.165
1152,864,-0.236
1161,864,-0.184
1170,864,-0.183
1179,864,-0.14
1188,864,-0.139
1197,864,-0.157
1206,864,-0.118
1215,864,-0.176
1224,864,-0.224
1233,864,-0.25
1242,864,-0.22
1251,864,-0.149
1260,864,-0.168
1269,864,-0.19
1278,864,-0.188
1287,864,-0.212
1296,864,-0.185
1305,864,-0.184
1314,864,-0.139
1323,864,-0.118
1332,864,-0.086
1341,864,-0.085
1350,864,-0.083
1359,864,-0.113
1368,864,-0.111
1377,864,-0.094
1386,864,-0.108
1395,864,-0.107
1404,864,-0.089
1413,864,-0.103
1422,864,-0.102
1431,864,-0.085
1440,864,-0.116
1449,864,-0.057
1458,864,-0.056
1467,864,-0.079
1476,864,-0.109
1485,864,-0.107
1494,864,-0.169
1503,864,-0.143
1512,864,-0.141
1521,864,-0.163
1530,864,-0.097
1539,864,-0.095
1548,864,-0.111
1557,864,-0.109
1566,864,-0.089
1575,864,-0.149
1584,864,-0.273
1593,864,-0.2
1602,864,-0.231
1611,864,-0.229
1620,864,-0.226
1629,864,-0.189
1638,864,-0.259
1647,864,-0.299
1656,864,-0.345
1665,864,-0.294
1674,864,-0.341
1683,864,-0.394
1692,864,-0.392
1701,864,-0.454
1710,864,-0.454
1719,864,-0.33
1728,864,-0.387
1737,864,-0.454
1746,864,-0.384
1755,864,-0.454
1764,864,-0.537
1773,864,-0.54
1782,864,-0.641
1791,864,-0.458
1800,864,-0.459
1809,864,-0.559
1818,864,-0.567
1827,864,-0.374
1836,864,-0.586
1845,864,-0.599
1854,864,-0.616
1863,864,-0.273
1872,864,-0.373
1881,864,-0.257
1890,864,-0.377
1899,864,-0.602
1908,864,-0.721
1917,864,-0.52
9,873,0.067
18,873,0.576
27,873,0.499
36,873,0.627
45,873,0.746
54,873,0.682
63,873,0.634
72,873,0.474
81,873,0.357
90,873,0.539
99,873,0.517
108,873,0.328
117,873,0.395
126,873,0.384
135,873,0.451
144,873,0.522
153,873,0.691
162,873,0.882
171,873,0.968
180,873,0.936
189,873,1.022
198,873,0.881
207,873,0.856
216,873,0.935
225,873,0.91
234,873,0.703
243,873,0.772
252,873,0.755
261,873,0.825
270,873,0.898
279,873,0.707
288,873,0.549
297,873,0.539
306,873,0.469
315,873,0.406
324,873,0.4
333,873,0.394
342,873,0.388
351,873,0.433
360,873,0.481
369,873,0.474
378,873,0.583
387,873,0.515
396,873,0.404
405,873,0.398
414,873,0.393
423,873,0.344
432,873,0.43
441,873,0.424
450,873,0.374
459,873,0.413
468,873,0.456
477,873,0.553
486,873,0.603
495,873,0.654
504,873,0.646
513,873,0.699
522,873,0.573
531,873,0.566
540,873,0.56
549,873,0.502
558,873,0.547
567,873,0.54
576,873,0.587
585,873,0.479
594,873,0.522
603,873,0.469
612,873,0.561
621,873,0.555
630,873,0.716
639,873,0.65
648,873,0.761
657,873,0.817
666,873,0.874
675,873,0.679
684,873,0.857
693,873,0.724
702,873,0.717
711,873,0.71
720,873,0.593
729,873,0.588
738,873,0.533
747,873,0.628
756,873,0.677
765,873,0.617
774,873,0.56
783,873,0.555
792,873,0.653
801,873,0.594
810,873,0.641
819,873,0.635
828,873,0.63
837,873,0.624
846,873,0.672
855,873,0.564
864,873,0.467
873,873,0.422
882,873,0.278
891,873,0.275
900,873,0.336
909,873,0.241
918,873,0.239
927,873,0.264
936,873,0.291
945,873,0.288
954,873,0.351
963,873,0.253
972,873,-0.345
981,873,-0.308
990,873,-0.305
999,873,-0.243
1008,873,-0.299
1017,873,-0.296
1026,873,-0.325
1035,873,-0.29
1044,873,-0.354
1053,873,-0.316
1062,873,-0.252
1071,873,-0.278
1080,873,-0.247
1089,873,-0.244
1098,873,-0.215
1107,873,-0.188
1116,873,-0.21
1125,873,-0.184
1134,873,-0.181
1143,873,-0.158
1152,873,-0.225
1161,873,-0.174
1170,873,-0.172
1179,873,-0.13
1188,873,-0.128
1197,873,-0.145
1206,873,-0.108
1215,873,-0.161
1224,873,-0.204
1233,873,-0.228
1242,873,-0.199
1251,873,-0.132
1260,873,-0.149
1269,873,-0.168
1278,873,-0.166
1287,873,-0.186
1296,873,-0.161
1305,873,-0.158
1314,873,-0.135
1323,873,-0.115
1332,873,-0.083
1341,873,-0.081
1350,873,-0.079
1359,873,-0.106
1368,873,-0.104
1377,873,-0.087
1386,873,-0.1
1395,873,-0.098
1404,873,-0.081
1413,873,-0.11
1422,873,-0.107
1431,873,-0.089
1440,873,-0.121
1449,873,-0.059
1458,873,-0.069
1467,873,-0.096
1476,873,-0.13
1485,873,-0.127
1494,873,-0.196
1503,873,-0.166
1512,873,-0.163
1521,873,-0.186
1530,873,-0.112
1539,873,-0.109
1548,873,-0.127
1557,873,-0.124
1566,873,-0.101
1575,873,-0.165
1584,873,-0.296
1593,873,-0.218
1602,873,-0.249
1611,873,-0.284
1620,873,-0.28
1629,873,-0.236
1638,873,-0.316
1647,873,-0.361
1656,873,-0.411
1665,873,-0.353
1674,873,-0.404
1683,873,-0.462
1692,873,-0.459
1701,873,-0.525
1710,873,-0.523
1719,873,-0.385
1728,873,-0.446
1737,873,-0.518
1746,873,-0.44
1755,873,-0.515
1764,873,-0.602
1773,873,-0.603
1782,873,-0.709
1791,873,-0.511
1800,873,-0.51
1809,873,-0.614
1818,873,-0.62
1827,873,-0.412
1836,873,-0.635
1845,873,-0.646
1854,873,-0.66
1863,873,-0.297
1872,873,-0.399
1881,873,-0.276
1890,873,-0.398
1899,873,-0.626
1908,873,-0.741
1917,873,-0.527
9,882,0.063
18,882,0.554
27,882,0.475
36,882,0.595
45,882,0.706
54,882,0.641
63,882,0.592
72,882,0.436
81,882,0.324
90,882,0.493
99,882,0.47
108,882,0.292
117,882,0.353
126,882,0.341
135,882,0.402
144,882,0.465
153,882,0.62
162,882,0.797
171,882,0.875
180,882,0.842
189,882,0.919
198,882,0.785
207,882,0.76
216,882,0.831
225,882,0.806
234,882,0.613
243,882,0.675
252,882,0.657
261,882,0.719
270,882,0.783
279,882,0.608
288,882,0.464
297,882,0.454
306,882,0.39
315,882,0.333
324,882,0.327
333,882,0.321
342,882,0.315
351,882,0.352
360,882,0.392
369,882,0.385
378,882,0.479
387,882,0.418
396,882,0.321
405,882,0.315
414,882,0.31
423,882,0.268
432,882,0.339
441,882,0.375
450,882,0.327
459,882,0.362
468,882,0.399
477,882,0.487
486,882,0.531
495,882,0.577
504,882,0.567
513,882,0.614
522,882,0.549
531,882,0.54
540,882,0.531
549,882,0.523
558,882,0.567
567,882,0.558
576,882,0.603
585,882,0.491
594,882,0.533
603,882,0.477
612,882,0.568
621,882,0.559
630,882,0.718
639,882,0.65
648,882,0.758
657,882,0.811
666,882,0.865
675,882,0.67
684,882,0.843
693,882,0.768
702,882,0.758
711,882,0.749
720,882,0.626
729,882,0.618
738,882,0.559
747,882,0.655
756,882,0.702
765,882,0.638
774,882,0.578
783,882,0.571
792,882,0.668
801,882,0.607
810,882,0.651
819,882,0.644
828,882,0.636
837,882,0.628
846,882,0.674
855,882,0.563
864,882,0.465
873,882,0.418
882,882,0.274
891,882,0.27
900,882,0.329
909,882,0.262
918,882,0.258
927,882,0.284
936,882,0.311
945,882,0.306
954,882,0.37
963,882,0.298
972,882,-0.398
981,882,-0.355
990,882,-0.351
999,882,-0.281
1008,882,-0.341
1017,882,-0.336
1026,882,-0.367
1035,882,-0.327
1044,882,-0.394
1053,882,-0.352
1062,882,-0.282
1071,882,-0.309
1080,882,-0.274
1089,882,-0.27
1098,882,-0.237
1107,882,-0.233
1116,882,-0.257
1125,882,-0.226
1134,882,-0.222
1143,882,-0.194
1152,882,-0.27
1161,882,-0.211
1170,882,-0.208
1179,882,-0.159
1188,882,-0.156
1197,882,-0.174
1206,882,-0.131
1215,882,-0.19
1224,882,-0.238
1233,882,-0.263
1242,882,-0.23
1251,882,-0.154
1260,882,-0.173
1269,882,-0.193
1278,882,-0.189
1287,882,-0.21
1296,882,-0.182
1305,882,-0.178
1314,882,-0.152
1323,882,-0.129
1332,882,-0.093
1341,882,-0.091
1350,882,-0.088
1359,882,-0.117
1368,882,-0.114
1377,882,-0.095
1386,882,-0.108
1395,882,-0.105
1404,882,-0.087
1413,882,-0.117
1422,882,-0.113
1431,882,-0.094
1440,882,-0.125
1449,882,-0.062
1458,882,-0.071
1467,882,-0.098
1476,882,-0.131
1485,882,-0.128
1494,882,-0.196
1503,882,-0.165
1512,882,-0.161
1521,882,-0.182
1530,882,-0.109
1539,882,-0.105
1548,882,-0.121
1557,882,-0.117
1566,882,-0.094
1575,882,-0.155
1584,882,-0.279
1593,882,-0.202
1602,882,-0.23
1611,882,-0.262
1620,882,-0.256
1629,882,-0.213
1638,882,-0.285
1647,882,-0.325
1656,882,-0.369
1665,882,-0.312
1674,882,-0.356
1683,882,-0.406
1692,882,-0.4
1701,882,-0.457
1710,882,-0.522
1719,882,-0.381
1728,882,-0.439
1737,882,-0.506
1746,882,-0.427
1755,882,-0.496
1764,882,-0.576
1773,882,-0.573
1782,882,-0.67
1791,882,-0.475
1800,882,-0.47
1809,882,-0.562
1818,882,-0.56
1827,882,-0.454
1836,882,-0.686
1845,882,-0.694
1854,882,-0.706
1863,882,-0.323
1872,882,-0.428
1881,882,-0.296
1890,882,-0.42
1899,882,-0.65
1908,882,-0.761
1917,882,-0.535
9,891,0.06
18,891,0.533
27,891,0.452
36,891,0.564
45,891,0.668
54,891,0.601
63,891,0.551
72,891,0.401
81,891,0.293
90,891,0.45
99,891,0.426
108,891,0.26
117,891,0.314
126,891,0.302
135,891,0.356
144,891,0.412
153,891,0.554
162,891,0.716
171,891,0.787
180,891,0.754
189,891,0.824
198,891,0.697
207,891,0.671
216,891,0.735
225,891,0.709
234,891,0.531
243,891,0.585
252,891,0.567
261,891,0.622
270,891,0.679
279,891,0.518
288,891,0.388
297,891,0.377
306,891,0.32
315,891,0.27
324,891,0.264
333,891,0.257
342,891,0.251
351,891,0.282
360,891,0.36
369,891,0.351
378,891,0.438
387,891,0.379
396,891,0.287
405,891,0.281
414,891,0.312
423,891,0.268
432,891,0.338
441,891,0.372
450,891,0.323
459,891,0.356
468,891,0.391
477,891,0.475
486,891,0.516
495,891,0.558
504,891,0.547
513,891,0.59
522,891,0.525
531,891,0.514
540,891,0.504
549,891,0.494
558,891,0.534
567,891,0.524
576,891,0.565
585,891,0.456
594,891,0.494
603,891,0.439
612,891,0.523
621,891,0.514
630,891,0.661
639,891,0.595
648,891,0.695
657,891,0.742
666,891,0.792
675,891,0.605
684,891,0.765
693,891,0.753
702,891,0.74
711,891,0.728
720,891,0.606
729,891,0.595
738,891,0.536
747,891,0.627
756,891,0.671
765,891,0.607
774,891,0.547
783,891,0.538
792,891,0.629
801,891,0.568
810,891,0.609
819,891,0.599
828,891,0.59
837,891,0.58
846,891,0.622
855,891,0.515
864,891,0.421
873,891,0.376
882,891,0.27
891,891,0.265
900,891,0.321
909,891,0.254
918,891,0.249
927,891,0.273
936,891,0.298
945,891,0.293
954,891,0.353
963,891,0.282
972,891,-0.376
981,891,-0.335
990,891,-0.328
999,891,-0.261
1008,891,-0.317
1017,891,-0.311
1026,891,-0.338
1035,891,-0.299
1044,891,-0.361
1053,891,-0.32
1062,891,-0.253
1071,891,-0.277
1080,891,-0.243
1089,891,-0.238
1098,891,-0.207
1107,891,-0.203
1116,891,-0.224
1125,891,-0.194
1134,891,-0.214
1143,891,-0.185
1152,891,-0.259
1161,891,-0.2
1170,891,-0.196
1179,891,-0.148
1188,891,-0.144
1197,891,-0.161
1206,891,-0.119
1215,891,-0.174
1224,891,-0.245
1233,891,-0.269
1242,891,-0.235
1251,891,-0.157
1260,891,-0.175
1269,891,-0.194
1278,891,-0.189
1287,891,-0.21
1296,891,-0.18
1305,891,-0.175
1314,891,-0.149
1323,891,-0.126
1332,891,-0.09
1341,891,-0.087
1350,891,-0.098
1359,891,-0.129
1368,891,-0.125
1377,891,-0.121
1386,891,-0.136
1395,891,-0.132
1404,891,-0.109
1413,891,-0.144
1422,891,-0.139
1431,891,-0.115
1440,891,-0.152
1449,891,-0.077
1458,891,-0.087
1467,891,-0.117
1476,891,-0.155
1485,891,-0.15
1494,891,-0.226
1503,891,-0.19
1512,891,-0.185
1521,891,-0.207
1530,891,-0.126
1539,891,-0.121
1548,891,-0.162
1557,891,-0.156
1566,891,-0.127
1575,891,-0.201
1584,891,-0.346
1593,891,-0.255
1602,891,-0.287
1611,891,-0.323
1620,891,-0.315
1629,891,-0.265
1638,891,-0.346
1647,891,-0.39
1656,891,-0.438
1665,891,-0.373
1674,891,-0.421
1683,891,-0.476
1692,891,-0.467
1701,891,-0.528
1710,891,-0.597
1719,891,-0.441
1728,891,-0.503
1737,891,-0.575
1746,891,-0.486
1755,891,-0.56
1764,891,-0.644
1773,891,-0.639
1782,891,-0.74
1791,891,-0.529
1800,891,-0.521
1809,891,-0.618
1818,891,-0.613
1827,891,-0.497
1836,891,-0.74
1845,891,-0.746
1854,891,-0.754
1863,891,-0.35
1872,891,-0.457
1881,891,-0.316
1890,891,-0.443
1899,891,-0.675
1908,891,-0.782
1917,891,-0.542
9,900,0.057
18,900,0.513
27,900,0.43
36,900,0.534
45,900,0.63
54,900,0.563
63,900,0.512
72,900,0.367
81,900,0.265
90,900,0.41
99,900,0.385
108,900,0.291
117,900,0.345
126,900,0.328
135,900,0.381
144,900,0.436
153,900,0.579
162,900,0.741
171,900,0.807
180,900,0.77
189,900,0.835
198,900,0.703
207,900,0.674
216,900,0.733
225,900,0.704
234,900,0.524
243,900,0.575
252,900,0.554
261,900,0.605
270,900,0.658
279,900,0.498
288,900,0.423
297,900,0.409
306,900,0.346
315,900,0.291
324,900,0.325
333,900,0.315
342,900,0.306
351,900,0.339
360,900,0.423
369,900,0.411
378,900,0.504
387,900,0.437
396,900,0.333
405,900,0.366
414,900,0.401
423,900,0.346
432,900,0.425
441,900,0.463
450,900,0.403
459,900,0.439
468,900,0.476
477,900,0.569
486,900,0.611
495,900,0.655
504,900,0.64
513,900,0.684
522,900,0.609
531,900,0.595
540,900,0.581
549,900,0.567
558,900,0.608
567,900,0.594
576,900,0.636
585,900,0.516
594,900,0.554
603,900,0.493
612,900,0.581
621,900,0.568
630,900,0.723
639,900,0.65
648,900,0.753
657,900,0.799
666,900,0.848
675,900,0.707
684,900,0.88
693,900,0.863
702,900,0.847
711,900,0.83
720,900,0.694
729,900,0.68
738,900,0.613
747,900,0.71
756,900,0.754
765,900,0.683
774,900,0.616
783,900,0.604
792,900,0.699
801,900,0.631
810,900,0.673
819,900,0.66
828,900,0.647
837,900,0.635
846,900,0.677
855,900,0.561
864,900,0.504
873,900,0.451
882,900,0.329
891,900,0.321
900,900,0.384
909,900,0.307
918,900,0.3
927,900,0.325
936,900,0.352
945,900,0.344
954,900,0.41
963,900,0.329
972,900,-0.432
981,900,-0.385
990,900,-0.376
999,900,-0.3
1008,900,-0.36
1017,900,-0.352
1026,900,-0.381
1035,900,-0.337
1044,900,-0.402
1053,900,-0.357
1062,900,-0.283
1071,900,-0.308
1080,900,-0.27
1089,900,-0.263
1098,900,-0.229
1107,900,-0.223
1116,900,-0.244
1125,900,-0.212
1134,900,-0.232
1143,900,-0.226
1152,900,-0.308
1161,900,-0.241
1170,900,-0.235
1179,900,-0.179
1188,900,-0.174
1197,900,-0.192
1206,900,-0.144
1215,900,-0.205
1224,900,-0.283
1233,900,-0.309
1242,900,-0.269
1251,900,-0.182
1260,900,-0.201
1269,900,-0.221
1278,900,-0.215
1287,900,-0.236
1296,900,-0.203
1305,900,-0.197
1314,900,-0.167
1323,900,-0.141
1332,900,-0.101
1341,900,-0.097
1350,900,-0.109
1359,900,-0.141
1368,900,-0.136
1377,900,-0.131
1386,900,-0.146
1395,900,-0.141
1404,900,-0.117
1413,900,-0.152
1422,900,-0.146
1431,900,-0.121
1440,900,-0.157
1449,900,-0.079
1458,900,-0.09
1467,900,-0.12
1476,900,-0.157
1485,900,-0.151
1494,900,-0.225
1503,900,-0.189
1512,900,-0.182
1521,900,-0.203
1530,900,-0.122
1539,900,-0.117
1548,900,-0.155
1557,900,-0.149
1566,900,-0.12
1575,900,-0.189
1584,900,-0.327
1593,900,-0.238
1602,900,-0.267
1611,900,-0.299
1620,900,-0.289
1629,900,-0.24
1638,900,-0.314
1647,900,-0.352
1656,900,-0.452
1665,900,-0.383
1674,900,-0.43
1683,900,-0.483
1692,900,-0.471
1701,900,-0.53
1710,900,-0.596
1719,900,-0.437
1728,900,-0.496
1737,900,-0.562
1746,900,-0.472
1755,900,-0.54
1764,900,-0.618
1773,900,-0.608
1782,900,-0.7
1791,900,-0.492
1800,900,-0.48
1809,900,-0.565
1818,900,-0.555
1827,900,-0.44
1836,900,-0.656
1845,900,-0.651
1854,900,-0.647
1863,900,-0.278
1872,900,-0.359
1881,900,-0.23
1890,900,-0.313
1899,900,-0.458
1908,900,-0.458
1917,900,-0.55
9,909,0.055
18,909,0.493
27,909,0.408
36,909,0.505
45,909,0.594
54,909,0.527
63,909,0.607
72,909,0.434
81,909,0.312
90,909,0.465
99,909,0.432
108,909,0.326
117,909,0.379
126,909,0.357
135,909,0.409
144,909,0.462
153,909,0.605
162,909,0.765
171,909,0.828
180,909,0.785
189,909,0.847
198,909,0.709
207,909,0.676
216,909,0.732
225,909,0.699
234,909,0.516
243,909,0.564
252,909,0.541
261,909,0.588
270,909,0.637
279,909,0.479
288,909,0.404
297,909,0.388
306,909,0.326
315,909,0.272
324,909,0.302
333,909,0.291
342,909,0.281
351,909,0.311
360,909,0.389
369,909,0.376
378,909,0.461
387,909,0.396
396,909,0.298
405,909,0.328
414,909,0.358
423,909,0.306
432,909,0.378
441,909,0.411
450,909,0.354
459,909,0.385
468,909,0.418
477,909,0.502
486,909,0.539
495,909,0.578
504,909,0.561
513,909,0.601
522,909,0.53
531,909,0.515
540,909,0.5
549,909,0.486
558,909,0.522
567,909,0.507
576,909,0.543
585,909,0.434
594,909,0.467
603,909,0.41
612,909,0.487
621,909,0.474
630,909,0.61
639,909,0.543
648,909,0.633
657,909,0.673
666,909,0.714
675,909,0.587
684,909,0.739
693,909,0.722
702,909,0.705
711,909,0.689
720,909,0.567
729,909,0.553
738,909,0.492
747,909,0.575
756,909,0.612
765,909,0.548
774,909,0.488
783,909,0.476
792,909,0.556
801,909,0.496
810,909,0.53
819,909,0.517
828,909,0.505
837,909,0.493
846,909,0.526
855,909,0.427
864,909,0.378
873,909,0.333
882,909,0.262
891,909,0.254
900,909,0.307
909,909,0.268
918,909,0.261
927,909,0.282
936,909,0.305
945,909,0.297
954,909,0.355
963,909,0.281
972,909,-0.372
981,909,-0.328
990,909,-0.353
999,909,-0.31
1008,909,-0.37
1017,909,-0.361
1026,909,-0.388
1035,909,-0.342
1044,909,-0.406
1053,909,-0.396
1062,909,-0.315
1071,909,-0.34
1080,909,-0.298
1089,909,-0.29
1098,909,-0.253
1107,909,-0.245
1116,909,-0.266
1125,909,-0.231
1134,909,-0.251
1143,909,-0.272
1152,909,-0.364
1161,909,-0.287
1170,909,-0.279
1179,909,-0.215
1188,909,-0.208
1197,909,-0.227
1206,909,-0.171
1215,909,-0.239
1224,909,-0.325
1233,909,-0.351
1242,909,-0.307
1251,909,-0.21
1260,909,-0.23
1269,909,-0.25
1278,909,-0.243
1287,909,-0.264
1296,909,-0.227
1305,909,-0.22
1314,909,-0.212
1323,909,-0.18
1332,909,-0.131
1341,909,-0.126
1350,909,-0.14
1359,909,-0.177
1368,909,-0.17
1377,909,-0.164
1386,909,-0.181
1395,909,-0.174
1404,909,-0.145
1413,909,-0.184
1422,909,-0.177
1431,909,-0.147
1440,909,-0.188
1449,909,-0.098
1458,909,-0.109
1467,909,-0.143
1476,909,-0.184
1485,909,-0.177
1494,909,-0.258
1503,909,-0.217
1512,909,-0.208
1521,909,-0.23
1530,909,-0.14
1539,909,-0.133
1548,909,-0.175
1557,909,-0.167
1566,909,-0.134
1575,909,-0.208
1584,909,-0.353
1593,909,-0.297
1602,909,-0.33
1611,909,-0.365
1620,909,-0.353
1629,909,-0.295
1638,909,-0.379
1647,909,-0.421
1656,909,-0.532
1665,909,-0.453
1674,909,-0.504
1683,909,-0.56
1692,909,-0.546
1701,909,-0.608
1710,909,-0.678
1719,909,-0.503
1728,909,-0.565
1737,909,-0.636
1746,909,-0.536
1755,909,-0.607
1764,909,-0.689
1773,909,-0.676
1782,909,-0.772
1791,909,-0.548
1800,909,-0.532
1809,909,-0.621
1818,909,-0.607
1827,909,-0.483
1836,909,-0.708
1845,909,-0.7
1854,909,-0.692
1863,909,-0.303
1872,909,-0.385
1881,909,-0.247
1890,909,-0.332
1899,909,-0.478
1908,909,-0.473
1917,909,-0.558
9,918,0.052
18,918,0.473
27,918,0.388
36,918,0.478
45,918,0.56
54,918,0.492
63,918,0.565
72,918,0.399
81,918,0.282
90,918,0.525
99,918,0.483
108,918,0.363
117,918,0.415
126,918,0.387
135,918,0.437
144,918,0.488
153,918,0.632
162,918,0.791
171,918,0.85
180,918,0.801
189,918,0.858
198,918,0.716
207,918,0.678
216,918,0.73
225,918,0.694
234,918,0.51
243,918,0.554
252,918,0.528
261,918,0.572
270,918,0.617
279,918,0.46
288,918,0.385
297,918,0.368
306,918,0.306
315,918,0.253
324,918,0.281
333,918,0.269
342,918,0.258
351,918,0.285
360,918,0.404
369,918,0.388
378,918,0.473
387,918,0.405
396,918,0.345
405,918,0.375
414,918,0.406
423,918,0.347
432,918,0.423
441,918,0.456
450,918,0.393
459,918,0.424
468,918,0.456
477,918,0.542
486,918,0.579
495,918,0.617
504,918,0.597
513,918,0.635
522,918,0.559
531,918,0.541
540,918,0.524
549,918,0.507
558,918,0.541
567,918,0.524
576,918,0.559
585,918,0.446
594,918,0.477
603,918,0.418
612,918,0.493
621,918,0.478
630,918,0.613
639,918,0.543
648,918,0.631
657,918,0.668
666,918,0.707
675,918,0.579
684,918,0.727
693,918,0.707
702,918,0.688
711,918,0.67
720,918,0.548
729,918,0.532
738,918,0.472
747,918,0.55
756,918,0.584
765,918,0.519
774,918,0.46
783,918,0.447
792,918,0.522
801,918,0.507
810,918,0.539
819,918,0.525
828,918,0.51
837,918,0.496
846,918,0.527
855,918,0.427
864,918,0.376
873,918,0.33
882,918,0.258
891,918,0.249
900,918,0.3
909,918,0.261
918,918,0.252
927,918,0.272
936,918,0.293
945,918,0.284
954,918,0.338
963,918,0.265
972,918,-0.352
981,918,-0.341
990,918,-0.366
999,918,-0.321
1008,918,-0.38
1017,918,-0.369
1026,918,-0.395
1035,918,-0.347
1044,918,-0.41
1053,918,-0.398
1062,918,-0.316
1071,918,-0.34
1080,918,-0.296
1089,918,-0.287
1098,918,-0.248
1107,918,-0.24
1116,918,-0.259
1125,918,-0.223
1134,918,-0.242
1143,918,-0.262
1152,918,-0.349
1161,918,-0.273
1170,918,-0.264
1179,918,-0.201
1188,918,-0.194
1197,918,-0.211
1206,918,-0.157
1215,918,-0.22
1224,918,-0.3
1233,918,-0.323
1242,918,-0.28
1251,918,-0.189
1260,918,-0.206
1269,918,-0.224
1278,918,-0.243
1287,918,-0.263
1296,918,-0.225
1305,918,-0.217
1314,918,-0.208
1323,918,-0.175
1332,918,-0.127
1341,918,-0.121
1350,918,-0.133
1359,918,-0.168
1368,918,-0.161
1377,918,-0.154
1386,918,-0.169
1395,918,-0.161
1404,918,-0.133
1413,918,-0.169
1422,918,-0.161
1431,918,-0.132
1440,918,-0.169
1449,918,-0.085
1458,918,-0.095
1467,918,-0.125
1476,918,-0.161
1485,918,-0.153
1494,918,-0.225
1503,918,-0.186
1512,918,-0.177
1521,918,-0.196
1530,918,-0.136
1539,918,-0.128
1548,918,-0.168
1557,918,-0.159
1566,918,-0.127
1575,918,-0.228
1584,918,-0.38
1593,918,-0.32
1602,918,-0.352
1611,918,-0.388
1620,918,-0.373
1629,918,-0.311
1638,918,-0.396
1647,918,-0.436
1656,918,-0.547
1665,918,-0.465
1674,918,-0.514
1683,918,-0.568
1692,918,-0.55
1701,918,-0.694
1710,918,-0.767
1719,918,-0.574
1728,918,-0.641
1737,918,-0.715
1746,918,-0.604
1755,918,-0.679
1764,918,-0.765
1773,918,-0.748
1782,918,-0.848
1791,918,-0.607
1800,918,-0.588
1809,918,-0.68
1818,918,-0.662
1827,918,-0.529
1836,918,-0.763
1845,918,-0.751
1854,918,-0.74
1863,918,-0.328
1872,918,-0.413
1881,918,-0.265
1890,918,-0.351
1899,918,-0.499
1908,918,-0.489
1917,918,-0.565
9,927,0.049
18,927,0.454
27,927,0.368
36,927,0.622
45,927,0.694
54,927,0.598
63,927,0.666
72,927,0.469
81,927,0.332
90,927,0.591
99,927,0.538
108,927,0.492
117,927,0.546
126,927,0.504
135,927,0.555
144,927,0.607
153,927,0.762
162,927,0.932
171,927,0.988
180,927,0.926
189,927,0.981
198,927,0.819
207,927,0.772
216,927,0.823
225,927,0.778
234,927,0.574
243,927,0.618
252,927,0.586
261,927,0.629
270,927,0.673
279,927,0.502
288,927,0.42
297,927,0.399
306,927,0.332
315,927,0.274
324,927,0.301
333,927,0.286
342,927,0.273
351,927,0.299
360,927,0.42
369,927,0.401
378,927,0.486
387,927,0.414
396,927,0.351
405,927,0.379
414,927,0.409
423,927,0.348
432,927,0.421
441,927,0.452
450,927,0.434
459,927,0.465
468,927,0.496
477,927,0.585
486,927,0.62
495,927,0.657
504,927,0.633
513,927,0.67
522,927,0.589
531,927,0.568
540,927,0.548
549,927,0.529
558,927,0.561
567,927,0.542
576,927,0.574
585,927,0.457
594,927,0.487
603,927,0.425
612,927,0.499
621,927,0.482
630,927,0.615
639,927,0.543
648,927,0.629
657,927,0.664
666,927,0.7
675,927,0.57
684,927,0.714
693,927,0.692
702,927,0.671
711,927,0.651
720,927,0.529
729,927,0.512
738,927,0.451
747,927,0.525
756,927,0.556
765,927,0.539
774,927,0.476
783,927,0.461
792,927,0.535
801,927,0.566
810,927,0.598
819,927,0.58
828,927,0.563
837,927,0.546
846,927,0.628
855,927,0.513
864,927,0.453
873,927,0.399
882,927,0.315
891,927,0.304
900,927,0.36
909,927,0.314
918,927,0.303
927,927,0.324
936,927,0.346
945,927,0.334
954,927,0.394
963,927,0.311
972,927,-0.405
981,927,-0.392
990,927,-0.417
999,927,-0.366
1008,927,-0.43
1017,927,-0.416
1026,927,-0.442
1035,927,-0.428
1044,927,-0.498
1053,927,-0.483
1062,927,-0.388
1071,927,-0.413
1080,927,-0.362
1089,927,-0.35
1098,927,-0.304
1107,927,-0.293
1116,927,-0.314
1125,927,-0.272
1134,927,-0.292
1143,927,-0.313
1152,927,-0.409
1161,927,-0.323
1170,927,-0.311
1179,927,-0.24
1188,927,-0.258
1197,927,-0.278
1206,927,-0.212
1215,927,-0.287
1224,927,-0.381
1233,927,-0.407
1242,927,-0.393
1251,927,-0.275
1260,927,-0.296
1269,927,-0.318
1278,927,-0.341
1287,927,-0.366
1296,927,-0.316
1305,927,-0.304
1314,927,-0.293
1323,927,-0.25
1332,927,-0.186
1341,927,-0.177
1350,927,-0.192
1359,927,-0.237
1368,927,-0.227
1377,927,-0.217
1386,927,-0.235
1395,927,-0.225
1404,927,-0.187
1413,927,-0.233
1422,927,-0.222
1431,927,-0.185
1440,927,-0.23
1449,927,-0.123
1458,927,-0.135
1467,927,-0.172
1476,927,-0.217
1485,927,-0.206
1494,927,-0.293
1503,927,-0.246
1512,927,-0.234
1521,927,-0.255
1530,927,-0.182
1539,927,-0.171
1548,927,-0.219
1557,927,-0.207
1566,927,-0.167
1575,927,-0.288
1584,927,-0.463
1593,927,-0.392
1602,927,-0.428
1611,927,-0.467
1620,927,-0.449
1629,927,-0.377
1638,927,-0.471
1647,927,-0.515
1656,927,-0.637
1665,927,-0.544
1674,927,-0.596
1683,927,-0.653
1692,927,-0.633
1701,927,-0.786
1710,927,-0.863
1719,927,-0.653
1728,927,-0.722
1737,927,-0.8
1746,927,-0.679
1755,927,-0.757
1764,927,-0.846
1773,927,-0.825
1782,927,-0.929
1791,927,-0.67
1800,927,-0.647
1809,927,-0.742
1818,927,-0.721
1827,927,-0.577
1836,927,-0.821
1845,927,-0.805
1854,927,-0.789
1863,927,-0.355
1872,927,-0.442
1881,927,-0.284
1890,927,-0.371
1899,927,-0.52
1908,927,-0.504
1917,927,-0.573
9,936,0.047
18,936,0.436
27,936,0.348
36,936,0.59
45,936,0.656
54,936,0.56
63,936,0.622
72,936,0.432
81,936,0.301
90,936,0.542
99,936,0.49
108,936,0.445
117,936,0.493
126,936,0.452
135,936,0.498
144,936,0.544
153,936,0.687
162,936,0.843
171,936,0.894
180,936,0.833
189,936,0.882
198,936,0.728
207,936,0.683
216,936,0.728
225,936,0.684
234,936,0.496
243,936,0.534
252,936,0.503
261,936,0.541
270,936,0.579
279,936,0.424
288,936,0.401
297,936,0.432
306,936,0.358
315,936,0.295
324,936,0.368
333,936,0.349
342,936,0.331
351,936,0.358
360,936,0.49
369,936,0.523
378,936,0.618
387,936,0.531
396,936,0.453
405,936,0.483
414,936,0.514
423,936,0.44
432,936,0.523
441,936,0.555
450,936,0.531
459,936,0.563
468,936,0.596
477,936,0.691
486,936,0.727
495,936,0.764
504,936,0.735
513,936,0.772
522,936,0.68
531,936,0.654
540,936,0.629
549,936,0.605
558,936,0.638
567,936,0.613
576,936,0.646
585,936,0.517
594,936,0.546
603,936,0.477
612,936,0.555
621,936,0.534
630,936,0.673
639,936,0.595
648,936,0.683
657,936,0.717
666,936,0.752
675,936,0.613
684,936,0.762
693,936,0.736
702,936,0.712
711,936,0.688
720,936,0.56
729,936,0.59
738,936,0.521
747,936,0.599
756,936,0.63
765,936,0.609
774,936,0.539
783,936,0.52
792,936,0.598
801,936,0.629
810,936,0.661
819,936,0.64
828,936,0.619
837,936,0.598
846,936,0.683
855,936,0.559
864,936,0.494
873,936,0.435
882,936,0.344
891,936,0.331
900,936,0.389
909,936,0.338
918,936,0.325
927,936,0.346
936,936,0.405
945,936,0.39
954,936,0.454
963,936,0.362
972,936,-0.464
981,936,-0.447
990,936,-0.473
999,936,-0.416
1008,936,-0.483
1017,936,-0.466
1026,936,-0.493
1035,936,-0.476
1044,936,-0.549
1053,936,-0.531
1062,936,-0.427
1071,936,-0.453
1080,936,-0.397
1089,936,-0.382
1098,936,-0.332
1107,936,-0.319
1116,936,-0.34
1125,936,-0.294
1134,936,-0.314
1143,936,-0.334
1152,936,-0.434
1161,936,-0.342
1170,936,-0.329
1179,936,-0.253
1188,936,-0.271
1197,936,-0.29
1206,936,-0.22
1215,936,-0.297
1224,936,-0.391
1233,936,-0.416
1242,936,-0.4
1251,936,-0.279
1260,936,-0.299
1269,936,-0.319
1278,936,-0.341
1287,936,-0.364
1296,936,-0.314
1305,936,-0.3
1314,936,-0.287
1323,936,-0.275
1332,936,-0.205
1341,936,-0.194
1350,936,-0.21
1359,936,-0.256
1368,936,-0.244
1377,936,-0.232
1386,936,-0.25
1395,936,-0.238
1404,936,-0.198
1413,936,-0.244
1422,936,-0.232
1431,936,-0.192
1440,936,-0.238
1449,936,-0.127
1458,936,-0.139
1467,936,-0.175
1476,936,-0.219
1485,936,-0.207
1494,936,-0.293
1503,936,-0.244
1512,936,-0.231
1521,936,-0.251
1530,936,-0.177
1539,936,-0.166
1548,936,-0.211
1557,936,-0.198
1566,936,-0.158
1575,936,-0.273
1584,936,-0.439
1593,936,-0.369
1602,936,-0.401
1611,936,-0.435
1620,936,-0.415
1629,936,-0.345
1638,936,-0.431
1647,936,-0.47
1656,936,-0.58
1665,936,-0.489
1674,936,-0.534
1683,936,-0.584
1692,936,-0.56
1701,936,-0.697
1710,936,-0.763
1719,936,-0.565
1728,936,-0.622
1737,936,-0.687
1746,936,-0.572
1755,936,-0.635
1764,936,-0.707
1773,936,-0.681
1782,936,-0.763
1791,936,-0.529
1800,936,-0.501
1809,936,-0.572
1818,936,-0.543
1827,936,-0.415
1836,936,-0.599
1845,936,-0.569
1854,936,-0.539
1863,936,-0.284
1872,936,-0.346
1881,936,-0.305
1890,936,-0.392
1899,936,-0.542
1908,936,-0.52
1917,936,-0.581
9,945,0.044
18,945,0.418
27,945,0.33
36,945,0.56
45,945,0.619
54,945,0.524
63,945,0.58
72,945,0.397
81,945,0.272
90,945,0.496
99,945,0.445
108,945,0.401
117,945,0.444
126,945,0.404
135,945,0.445
144,945,0.486
153,945,0.617
162,945,0.76
171,945,0.805
180,945,0.746
189,945,0.79
198,945,0.645
207,945,0.601
216,945,0.64
225,945,0.598
234,945,0.425
243,945,0.458
252,945,0.429
261,945,0.461
270,945,0.494
279,945,0.354
288,945,0.332
297,945,0.359
306,945,0.293
315,945,0.237
324,945,0.299
333,945,0.281
342,945,0.265
351,945,0.287
360,945,0.401
369,945,0.428
378,945,0.511
387,945,0.432
396,945,0.363
405,945,0.388
414,945,0.414
423,945,0.349
432,945,0.419
441,945,0.445
450,945,0.423
459,945,0.45
468,945,0.476
477,945,0.558
486,945,0.588
495,945,0.618
504,945,0.591
513,945,0.622
522,945,0.54
531,945,0.516
540,945,0.494
549,945,0.472
558,945,0.498
567,945,0.476
576,945,0.503
585,945,0.392
594,945,0.416
603,945,0.357
612,945,0.421
621,945,0.402
630,945,0.516
639,945,0.449
648,945,0.521
657,945,0.548
666,945,0.629
675,945,0.505
684,945,0.634
693,945,0.609
702,945,0.586
711,945,0.563
720,945,0.45
729,945,0.474
738,945,0.413
747,945,0.479
756,945,0.504
765,945,0.53
774,945,0.51
783,945,0.49
792,945,0.563
801,945,0.642
810,945,0.672
819,945,0.648
828,945,0.625
837,945,0.602
846,945,0.685
855,945,0.558
864,945,0.538
873,945,0.473
882,945,0.375
891,945,0.397
900,945,0.46
909,945,0.402
918,945,0.385
927,945,0.407
936,945,0.471
945,945,0.453
954,945,0.521
963,945,0.417
972,945,-0.528
981,945,-0.508
990,945,-0.534
999,945,-0.47
1008,945,-0.541
1017,945,-0.521
1026,945,-0.547
1035,945,-0.527
1044,945,-0.604
1053,945,-0.582
1062,945,-0.47
1071,945,-0.495
1080,945,-0.434
1089,945,-0.417
1098,945,-0.362
1107,945,-0.347
1116,945,-0.368
1125,945,-0.317
1134,945,-0.337
1143,945,-0.357
1152,945,-0.459
1161,945,-0.362
1170,945,-0.347
1179,945,-0.267
1188,945,-0.284
1197,945,-0.302
1206,945,-0.23
1215,945,-0.307
1224,945,-0.401
1233,945,-0.425
1242,945,-0.407
1251,945,-0.283
1260,945,-0.302
1269,945,-0.321
1278,945,-0.342
1287,945,-0.363
1296,945,-0.311
1305,945,-0.296
1314,945,-0.316
1323,945,-0.301
1332,945,-0.225
1341,945,-0.213
1350,945,-0.258
1359,945,-0.31
1368,945,-0.295
1377,945,-0.281
1386,945,-0.3
1395,945,-0.285
1404,945,-0.239
1413,945,-0.29
1422,945,-0.275
1431,945,-0.229
1440,945,-0.279
1449,945,-0.152
1458,945,-0.165
1467,945,-0.205
1476,945,-0.253
1485,945,-0.239
1494,945,-0.332
1503,945,-0.277
1512,945,-0.261
1521,945,-0.282
1530,945,-0.2
1539,945,-0.187
1548,945,-0.235
1557,945,-0.22
1566,945,-0.176
1575,945,-0.297
1584,945,-0.471
1593,945,-0.395
1602,945,-0.427
1611,945,-0.46
1620,945,-0.496
1629,945,-0.415
1638,945,-0.511
1647,945,-0.552
1656,945,-0.673
1665,945,-0.571
1674,945,-0.619
1683,945,-0.671
1692,945,-0.643
1701,945,-0.79
1710,945,-0.859
1719,945,-0.642
1728,945,-0.702
1737,945,-0.77
1746,945,-0.643
1755,945,-0.71
1764,945,-0.784
1773,945,-0.754
1782,945,-0.838
1791,945,-0.587
1800,945,-0.555
1809,945,-0.628
1818,945,-0.595
1827,945,-0.456
1836,945,-0.648
1845,945,-0.614
1854,945,-0.579
1863,945,-0.308
1872,945,-0.372
1881,945,-0.326
1890,945,-0.414
1899,945,-0.564
1908,945,-0.536
1917,945,-0.589
9,954,0.042
18,954,0.401
27,954,0.312
36,954,0.53
45,954,0.584
54,954,0.489
63,954,0.54
72,954,0.364
81,954,0.32
90,954,0.559
99,954,0.497
108,954,0.444
117,954,0.484
126,954,0.437
135,954,0.475
144,954,0.513
153,954,0.644
162,954,0.898
171,954,0.939
180,954,0.867
189,954,0.907
198,954,0.742
207,954,0.688
216,954,0.725
225,954,0.675
234,954,0.552
243,954,0.586
252,954,0.547
261,954,0.579
270,954,0.612
279,954,0.446
288,954,0.417
297,954,0.444
306,954,0.365
315,954,0.297
324,954,0.416
333,954,0.391
342,954,0.367
351,954,0.391
360,954,0.526
369,954,0.554
378,954,0.648
387,954,0.552
396,954,0.467
405,954,0.494
414,954,0.521
423,954,0.442
432,954,0.52
441,954,0.547
450,954,0.519
459,954,0.546
468,954,0.573
477,954,0.661
486,954,0.691
495,954,0.722
504,954,0.688
513,954,0.719
522,954,0.686
531,954,0.655
540,954,0.625
549,954,0.596
558,954,0.624
567,954,0.596
576,954,0.623
585,954,0.493
594,954,0.518
603,954,0.447
612,954,0.518
621,954,0.494
630,954,0.622
639,954,0.544
648,954,0.622
657,954,0.65
666,954,0.737
675,954,0.596
684,954,0.736
693,954,0.707
702,954,0.678
711,954,0.65
720,954,0.523
729,954,0.548
738,954,0.478
747,954,0.549
756,954,0.574
765,954,0.6
774,954,0.575
783,954,0.551
792,954,0.628
801,954,0.711
810,954,0.74
819,954,0.712
828,954,0.685
837,954,0.772
846,954,0.865
855,954,0.715
864,954,0.688
873,954,0.609
882,954,0.491
891,954,0.515
900,954,0.587
909,954,0.517
918,954,0.495
927,954,0.519
936,954,0.592
945,954,0.569
954,954,0.646
963,954,0.524
972,954,-0.649
981,954,-0.624
990,954,-0.651
999,954,-0.576
1008,954,-0.655
1017,954,-0.63
1026,954,-0.658
1035,954,-0.633
1044,954,-0.716
1053,954,-0.69
1062,954,-0.562
1071,954,-0.589
1080,954,-0.518
1089,954,-0.497
1098,954,-0.434
1107,954,-0.415
1116,954,-0.436
1125,954,-0.378
1134,954,-0.399
1143,954,-0.42
1152,954,-0.531
1161,954,-0.423
1170,954,-0.404
1179,954,-0.314
1188,954,-0.332
1197,954,-0.35
1206,954,-0.268
1215,954,-0.352
1224,954,-0.454
1233,954,-0.478
1242,954,-0.457
1251,954,-0.321
1260,954,-0.34
1269,954,-0.359
1278,954,-0.38
1287,954,-0.401
1296,954,-0.344
1305,954,-0.327
1314,954,-0.346
1323,954,-0.329
1332,954,-0.247
1341,954,-0.233
1350,954,-0.28
1359,954,-0.333
1368,954,-0.316
1377,954,-0.299
1386,954,-0.318
1395,954,-0.301
1404,954,-0.251
1413,954,-0.303
1422,954,-0.322
1431,954,-0.27
1440,954,-0.325
1449,954,-0.181
1458,954,-0.195
1467,954,-0.239
1476,954,-0.291
1485,954,-0.274
1494,954,-0.374
1503,954,-0.313
1512,954,-0.295
1521,954,-0.315
1530,954,-0.226
1539,954,-0.21
1548,954,-0.26
1557,954,-0.243
1566,954,-0.195
1575,954,-0.323
1584,954,-0.504
1593,954,-0.423
1602,954,-0.453
1611,954,-0.486
1620,954,-0.521
1629,954,-0.435
1638,954,-0.532
1647,954,-0.571
1656,954,-0.691
1665,954,-0.585
1674,954,-0.63
1683,954,-0.68
1692,954,-0.648
1701,954,-0.792
1710,954,-0.857
1719,954,-0.637
1728,954,-0.693
1737,954,-0.755
1746,954,-0.626
1755,954,-0.687
1764,954,-0.755
1773,954,-0.719
1782,954,-0.796
1791,954,-0.548
1800,954,-0.512
1809,954,-0.575
1818,954,-0.538
1827,954,-0.402
1836,954,-0.572
1845,954,-0.532
1854,954,-0.49
1863,954,-0.243
1872,954,-0.287
1881,954,-0.237
1890,954,-0.29
1899,954,-0.375
1908,954,-0.294
1917,954,-0.597
9,963,0.04
18,963,0.384
27,963,0.294
36,963,0.502
45,963,0.55
54,963,0.456
63,963,0.502
72,963,0.333
81,963,0.29
90,963,0.513
99,963,0.451
108,963,0.4
117,963,0.436
126,963,0.39
135,963,0.423
144,963,0.457
153,963,0.576
162,963,0.812
171,963,0.848
180,963,0.778
189,963,0.813
198,963,0.748
207,963,0.69
216,963,0.724
225,963,0.67
234,963,0.621
243,963,0.652
252,963,0.606
261,963,0.636
270,963,0.667
279,963,0.487
288,963,0.454
297,963,0.48
306,963,0.393
315,963,0.366
324,963,0.499
333,963,0.467
342,963,0.437
351,963,0.461
360,963,0.607
369,963,0.703
378,963,0.807
387,963,0.692
396,963,0.59
405,963,0.617
414,963,0.644
423,963,0.549
432,963,0.635
441,963,0.663
450,963,0.627
459,963,0.654
468,963,0.682
477,963,0.776
486,963,0.806
495,963,0.836
504,963,0.796
513,963,0.825
522,963,0.786
531,963,0.749
540,963,0.713
549,963,0.741
558,963,0.769
567,963,0.733
576,963,0.761
585,963,0.666
594,963,0.693
603,963,0.604
612,963,0.687
621,963,0.655
630,963,0.804
639,963,0.708
648,963,0.797
657,963,0.826
666,963,0.923
675,963,0.757
684,963,0.916
693,963,0.878
702,963,0.909
711,963,0.872
720,963,0.714
729,963,0.741
738,963,0.653
747,963,0.737
756,963,0.764
765,963,0.792
774,963,0.76
783,963,0.728
792,963,0.816
801,963,0.911
810,963,0.942
819,963,0.906
828,963,0.871
837,963,0.969
846,963,1.073
855,963,0.898
864,963,0.864
873,963,0.77
882,963,0.629
891,963,0.654
900,963,0.736
909,963,0.652
918,963,0.625
927,963,0.65
936,963,0.732
945,963,0.702
954,963,0.788
963,963,0.646
972,963,-0.786
981,963,-0.756
990,963,-0.784
999,963,-0.697
1008,963,-0.783
1017,963,-0.753
1026,963,-0.782
1035,963,-0.752
1044,963,-0.842
1053,963,-0.811
1062,963,-0.666
1071,963,-0.693
1080,963,-0.612
1089,963,-0.587
1098,963,-0.514
1107,963,-0.491
1116,963,-0.514
1125,963,-0.447
1134,963,-0.468
1143,963,-0.49
1152,963,-0.61
1161,963,-0.489
1170,963,-0.467
1179,963,-0.365
1188,963,-0.384
1197,963,-0.403
1206,963,-0.311
1215,963,-0.402
1224,963,-0.511
1233,963,-0.535
1242,963,-0.511
1251,963,-0.362
1260,963,-0.381
1269,963,-0.4
1278,963,-0.421
1287,963,-0.442
1296,963,-0.379
1305,963,-0.36
1314,963,-0.379
1323,963,-0.359
1332,963,-0.27
1341,963,-0.254
1350,963,-0.302
1359,963,-0.357
1368,963,-0.338
1377,963,-0.319
1386,963,-0.337
1395,963,-0.318
1404,963,-0.265
1413,963,-0.316
1422,963,-0.335
1431,963,-0.279
1440,963,-0.334
1449,963,-0.187
1458,963,-0.199
1467,963,-0.243
1476,963,-0.294
1485,963,-0.275
1494,963,-0.374
1503,963,-0.311
1512,963,-0.291
1521,963,-0.31
1530,963,-0.22
1539,963,-0.203
1548,963,-0.251
1557,963,-0.233
1566,963,-0.185
1575,963,-0.306
1584,963,-0.479
1593,963,-0.398
1602,963,-0.425
1611,963,-0.454
1620,963,-0.485
1629,963,-0.4
1638,963,-0.488
1647,963,-0.522
1656,963,-0.632
1665,963,-0.528
1674,963,-0.566
1683,963,-0.608
1692,963,-0.575
1701,963,-0.703
1710,963,-0.757
1719,963,-0.55
1728,963,-0.596
1737,963,-0.741
1746,963,-0.609
1755,963,-0.664
1764,963,-0.726
1773,963,-0.686
1782,963,-0.755
1791,963,-0.511
1800,963,-0.472
1809,963,-0.526
1818,963,-0.485
1827,963,-0.353
1836,963,-0.502
1845,963,-0.457
1854,963,-0.41
1863,963,-0.265
1872,963,-0.31
1881,963,-0.255
1890,963,-0.308
1899,963,-0.393
1908,963,-0.305
1917,963,-0.605
9,972,-0.038
18,972,-0.368
27,972,-0.278
36,972,-0.651
45,972,-0.684
54,972,-0.558
63,972,-0.596
72,972,-0.395
81,972,-0.34
90,972,-0.577
99,972,-0.504
108,972,-0.538
117,972,-0.679
126,972,-0.604
135,972,-0.636
144,972,-0.668
153,972,-0.807
162,972,-1.083
171,972,-1.113
180,972,-1.018
189,972,-1.049
198,972,-0.963
207,972,-0.886
216,972,-0.917
225,972,-0.846
234,972,-0.782
243,972,-0.812
252,972,-0.752
261,972,-0.781
270,972,-0.811
279,972,-0.6
288,972,-0.557
297,972,-0.583
306,972,-0.48
315,972,-0.446
324,972,-0.592
333,972,-0.553
342,972,-0.515
351,972,-0.602
360,972,-0.769
369,972,-0.876
378,972,-0.989
387,972,-0.853
396,972,-0.731
405,972,-0.758
414,972,-0.785
423,972,-0.673
432,972,-0.767
441,972,-0.793
450,972,-0.75
459,972,-0.776
468,972,-0.803
477,972,-0.981
486,972,-1.01
495,972,-1.04
504,972,-0.989
513,972,-1.019
522,972,-0.97
531,972,-0.923
540,972,-0.878
549,972,-0.906
558,972,-0.934
567,972,-0.89
576,972,-0.918
585,972,-0.807
594,972,-0.833
603,972,-0.73
612,972,-0.82
621,972,-0.781
630,972,-0.943
639,972,-0.833
648,972,-0.929
657,972,-0.957
666,972,-1.06
675,972,-0.874
684,972,-1.044
693,972,-1
702,972,-1.03
711,972,-0.987
720,972,-0.812
729,972,-0.839
738,972,-0.741
747,972,-0.828
756,972,-0.855
765,972,-0.882
774,972,-0.844
783,972,-0.808
792,972,-0.899
801,972,-0.996
810,972,-1.026
819,972,-0.985
828,972,-0.945
837,972,-1.045
846,972,-1.151
855,972,-0.964
864,972,-0.925
873,972,-0.825
882,972,-0.675
891,972,-0.699
900,972,-0.782
909,972,-0.692
918,972,-0.661
927,972,-0.685
936,972,-0.767
945,972,-0.734
954,972,-0.82
963,972,-0.672
972,972,0.813
981,972,0.779
990,972,0.806
999,972,0.715
1008,972,0.799
1017,972,0.766
1026,972,0.793
1035,972,0.76
1044,972,0.849
1053,972,0.814
1062,972,0.667
1071,972,0.692
1080,972,0.609
1089,972,0.581
1098,972,0.507
1107,972,0.483
1116,972,0.503
1125,972,0.436
1134,972,0.454
1143,972,0.474
1152,972,0.59
1161,972,0.469
1170,972,0.446
1179,972,0.346
1188,972,0.362
1197,972,0.379
1206,972,0.29
1215,972,0.375
1224,972,0.477
1233,972,0.545
1242,972,0.519
1251,972,0.367
1260,972,0.384
1269,972,0.402
1278,972,0.421
1287,972,0.441
1296,972,0.376
1305,972,0.355
1314,972,0.372
1323,972,0.351
1332,972,0.263
1341,972,0.276
1350,972,0.326
1359,972,0.382
1368,972,0.36
1377,972,0.339
1386,972,0.356
1395,972,0.335
1404,972,0.279
1413,972,0.331
1422,972,0.348
1431,972,0.29
1440,972,0.344
1449,972,0.192
1458,972,0.204
1467,972,0.281
1476,972,0.336
1485,972,0.314
1494,972,0.42
1503,972,0.35
1512,972,0.327
1521,972,0.346
1530,972,0.247
1539,972,0.228
1548,972,0.278
1557,972,0.257
1566,972,0.204
1575,972,0.333
1584,972,0.512
1593,972,0.426
1602,972,0.452
1611,972,0.48
1620,972,0.509
1629,972,0.42
1638,972,0.508
1647,972,0.611
1656,972,0.73
1665,972,0.613
1674,972,0.654
1683,972,0.698
1692,972,0.659
1701,972,0.797
1710,972,0.853
1719,972,0.626
1728,972,0.674
1737,972,0.828
1746,972,0.684
1755,972,0.741
1764,972,0.804
1773,972,0.76
1782,972,0.83
1791,972,0.567
1800,972,0.523
1809,972,0.579
1818,972,0.533
1827,972,0.39
1836,972,0.546
1845,972,0.496
1854,972,0.444
1863,972,0.289
1872,972,0.334
1881,972,0.274
1890,972,0.326
1899,972,0.411
1908,972,0.317
1917,972,0.614
9,981,-0.036
18,981,-0.352
27,981,-0.262
36,981,-0.619
45,981,-0.646
54,981,-0.522
63,981,-0.555
72,981,-0.362
81,981,-0.308
90,981,-0.529
99,981,-0.458
108,981,-0.488
117,981,-0.618
126,981,-0.647
135,981,-0.675
144,981,-0.702
153,981,-0.84
162,981,-1.115
171,981,-1.14
180,981,-1.037
189,981,-1.063
198,981,-0.971
207,981,-0.889
216,981,-0.916
225,981,-0.841
234,981,-0.773
243,981,-0.799
252,981,-0.737
261,981,-0.762
270,981,-0.877
279,981,-0.651
288,981,-0.602
297,981,-0.625
306,981,-0.514
315,981,-0.476
324,981,-0.625
333,981,-0.581
342,981,-0.539
351,981,-0.626
360,981,-0.793
369,981,-0.898
378,981,-1.009
387,981,-0.868
396,981,-0.741
405,981,-0.765
414,981,-0.789
423,981,-0.674
432,981,-0.765
441,981,-0.789
450,981,-0.742
459,981,-0.766
468,981,-0.789
477,981,-1.043
486,981,-1.07
495,981,-1.097
504,981,-1.041
513,981,-1.067
522,981,-1.013
531,981,-0.961
540,981,-0.912
549,981,-0.937
558,981,-0.963
567,981,-0.914
576,981,-0.939
585,981,-0.824
594,981,-0.848
603,981,-0.741
612,981,-0.828
621,981,-0.787
630,981,-0.946
639,981,-0.833
648,981,-0.926
657,981,-0.951
666,981,-1.051
675,981,-0.863
684,981,-1.029
693,981,-0.983
702,981,-1.009
711,981,-0.963
720,981,-0.789
729,981,-0.812
738,981,-0.714
747,981,-0.797
756,981,-0.82
765,981,-0.844
774,981,-0.868
783,981,-0.829
792,981,-0.918
801,981,-1.013
810,981,-1.04
819,981,-0.996
828,981,-0.953
837,981,-1.05
846,981,-1.153
855,981,-0.964
864,981,-0.922
873,981,-0.819
882,981,-0.668
891,981,-0.689
900,981,-0.769
909,981,-0.678
918,981,-0.645
927,981,-0.666
936,981,-0.744
945,981,-0.71
954,981,-0.791
963,981,-0.645
972,981,0.779
981,981,0.744
990,981,0.768
999,981,0.733
1008,981,0.816
1017,981,0.841
1026,981,0.867
1035,981,0.83
1044,981,0.92
1053,981,0.881
1062,981,0.724
1071,981,0.807
1080,981,0.714
1089,981,0.681
1098,981,0.597
1107,981,0.567
1116,981,0.587
1125,981,0.511
1134,981,0.53
1143,981,0.549
1152,981,0.675
1161,981,0.541
1170,981,0.513
1179,981,0.442
1188,981,0.46
1197,981,0.478
1206,981,0.371
1215,981,0.47
1224,981,0.586
1233,981,0.662
1242,981,0.63
1251,981,0.454
1260,981,0.473
1269,981,0.54
1278,981,0.561
1287,981,0.583
1296,981,0.504
1305,981,0.476
1314,981,0.496
1323,981,0.468
1332,981,0.359
1341,981,0.375
1350,981,0.434
1359,981,0.501
1368,981,0.473
1377,981,0.446
1386,981,0.465
1395,981,0.438
1404,981,0.369
1413,981,0.43
1422,981,0.45
1431,981,0.379
1440,981,0.442
1449,981,0.258
1458,981,0.271
1467,981,0.363
1476,981,0.427
1485,981,0.4
1494,981,0.523
1503,981,0.44
1512,981,0.412
1521,981,0.433
1530,981,0.315
1539,981,0.292
1548,981,0.35
1557,981,0.324
1566,981,0.261
1575,981,0.409
1584,981,0.612
1593,981,0.513
1602,981,0.541
1611,981,0.57
1620,981,0.602
1629,981,0.5
1638,981,0.597
1647,981,0.709
1656,981,0.837
1665,981,0.707
1674,981,0.75
1683,981,0.795
1692,981,0.751
1701,981,0.898
1710,981,0.956
1719,981,0.709
1728,981,0.758
1737,981,0.921
1746,981,0.765
1755,981,0.823
1764,981,0.888
1773,981,0.838
1782,981,0.909
1791,981,0.628
1800,981,0.579
1809,981,0.635
1818,981,0.584
1827,981,0.43
1836,981,0.593
1845,981,0.537
1854,981,0.48
1863,981,0.313
1872,981,0.359
1881,981,0.293
1890,981,0.346
1899,981,0.429
1908,981,0.328
1917,981,0.622
9,990,-0.034
18,990,-0.336
27,990,-0.384
36,990,-0.79
45,990,-0.794
54,990,-0.632
63,990,-0.655
72,990,-0.429
81,990,-0.36
90,990,-0.595
99,990,-0.511
108,990,-0.536
117,990,-0.668
126,990,-0.809
135,990,-0.83
144,990,-0.852
153,990,-0.997
162,990,-1.291
171,990,-1.306
180,990,-1.185
189,990,-1.204
198,990,-1.097
207,990,-1.118
216,990,-1.139
225,990,-1.044
234,990,-0.958
243,990,-0.98
252,990,-0.902
261,990,-0.924
270,990,-1.047
279,990,-0.787
288,990,-0.726
297,990,-0.747
306,990,-0.618
315,990,-0.57
324,990,-0.733
333,990,-0.679
342,990,-0.63
351,990,-0.721
360,990,-0.899
369,990,-1.007
378,990,-1.122
387,990,-0.965
396,990,-0.826
405,990,-0.847
414,990,-0.869
423,990,-0.743
432,990,-0.836
441,990,-0.857
450,990,-0.805
459,990,-0.826
468,990,-0.847
477,990,-1.108
486,990,-1.131
495,990,-1.155
504,990,-1.093
513,990,-1.117
522,990,-1.057
531,990,-1.001
540,990,-0.947
549,990,-0.969
558,990,-0.992
567,990,-0.939
576,990,-0.962
585,990,-0.911
594,990,-0.933
603,990,-0.816
612,990,-0.906
621,990,-0.858
630,990,-1.023
639,990,-0.901
648,990,-0.995
657,990,-1.018
666,990,-1.118
675,990,-0.92
684,990,-1.089
693,990,-1.037
702,990,-1.061
711,990,-1.011
720,990,-0.894
729,990,-0.916
738,990,-0.807
747,990,-0.893
756,990,-0.915
765,990,-0.938
774,990,-0.96
783,990,-0.915
792,990,-1.007
801,990,-1.105
810,990,-1.13
819,990,-1.08
828,990,-1.032
837,990,-1.13
846,990,-1.234
855,990,-1.033
864,990,-0.987
873,990,-0.876
882,990,-0.716
891,990,-0.736
900,990,-0.816
909,990,-0.777
918,990,-0.739
927,990,-0.759
936,990,-0.841
945,990,-0.802
954,990,-0.887
963,990,-0.726
972,990,0.868
981,990,0.828
990,990,0.85
999,990,0.811
1008,990,0.897
1017,990,0.921
1026,990,0.945
1035,990,0.903
1044,990,0.995
1053,990,0.952
1062,990,0.784
1071,990,0.869
1080,990,0.768
1089,990,0.731
1098,990,0.641
1107,990,0.608
1116,990,0.627
1125,990,0.545
1134,990,0.563
1143,990,0.581
1152,990,0.708
1161,990,0.568
1170,990,0.537
1179,990,0.463
1188,990,0.479
1197,990,0.496
1206,990,0.384
1215,990,0.484
1224,990,0.599
1233,990,0.675
1242,990,0.64
1251,990,0.46
1260,990,0.477
1269,990,0.542
1278,990,0.562
1287,990,0.581
1296,990,0.5
1305,990,0.471
1314,990,0.488
1323,990,0.459
1332,990,0.349
1341,990,0.363
1350,990,0.42
1359,990,0.483
1368,990,0.453
1377,990,0.425
1386,990,0.442
1395,990,0.414
1404,990,0.346
1413,990,0.402
1422,990,0.419
1431,990,0.349
1440,990,0.408
1449,990,0.233
1458,990,0.243
1467,990,0.327
1476,990,0.385
1485,990,0.357
1494,990,0.469
1503,990,0.39
1512,990,0.362
1521,990,0.378
1530,990,0.308
1539,990,0.283
1548,990,0.339
1557,990,0.312
1566,990,0.248
1575,990,0.39
1584,990,0.584
1593,990,0.485
1602,990,0.509
1611,990,0.534
1620,990,0.561
1629,990,0.461
1638,990,0.62
1647,990,0.731
1656,990,0.858
1665,990,0.723
1674,990,0.763
1683,990,0.805
1692,990,0.757
1701,990,0.9
1710,990,0.954
1719,990,0.703
1728,990,0.748
1737,990,0.905
1746,990,0.746
1755,990,0.798
1764,990,0.856
1773,990,0.921
1782,990,0.994
1791,990,0.692
1800,990,0.637
1809,990,0.695
1818,990,0.638
1827,990,0.472
1836,990,0.642
1845,990,0.581
1854,990,0.518
1863,990,0.34
1872,990,0.385
1881,990,0.314
1890,990,0.366
1899,990,0.448
1908,990,0.34
1917,990,0.63
9,999,-0.032
18,999,-0.322
27,999,-0.364
36,999,-0.753
45,999,-0.752
54,999,-0.593
63,999,-0.612
72,999,-0.394
81,999,-0.327
90,999,-0.547
99,999,-0.465
108,999,-0.588
117,999,-0.72
126,999,-0.861
135,999,-0.876
144,999,-0.891
153,999,-1.034
162,999,-1.327
171,999,-1.336
180,999,-1.207
189,999,-1.22
198,999,-1.107
207,999,-1.122
216,999,-1.138
225,999,-1.039
234,999,-0.949
243,999,-0.966
252,999,-0.885
261,999,-0.903
270,999,-1.02
279,999,-0.847
288,999,-0.779
297,999,-0.797
306,999,-0.658
315,999,-0.605
324,999,-0.852
333,999,-0.788
342,999,-0.729
351,999,-0.824
360,999,-1.013
369,999,-1.125
378,999,-1.241
387,999,-1.07
396,999,-0.916
405,999,-0.935
414,999,-0.954
423,999,-0.816
432,999,-0.911
441,999,-0.929
450,999,-0.87
459,999,-0.889
468,999,-0.907
477,999,-1.175
486,999,-1.195
495,999,-1.216
504,999,-1.148
513,999,-1.168
522,999,-1.103
531,999,-1.041
540,999,-0.983
549,999,-1.002
558,999,-1.101
567,999,-1.041
576,999,-1.061
585,999,-1.004
594,999,-1.102
603,999,-0.968
612,999,-1.064
621,999,-1.007
630,999,-1.185
639,999,-1.047
648,999,-1.146
657,999,-1.167
666,999,-1.272
675,999,-1.053
684,999,-1.232
693,999,-1.173
702,999,-1.195
711,999,-1.137
720,999,-1.007
729,999,-1.028
738,999,-0.907
747,999,-0.996
756,999,-1.017
765,999,-1.038
774,999,-1.059
783,999,-1.007
792,999,-1.101
801,999,-1.201
810,999,-1.224
819,999,-1.168
828,999,-1.114
837,999,-1.214
846,999,-1.319
855,999,-1.182
864,999,-1.128
873,999,-1.005
882,999,-0.826
891,999,-0.846
900,999,-0.93
909,999,-0.885
918,999,-0.841
927,999,-0.86
936,999,-1.015
945,999,-0.967
954,999,-1.06
963,999,-0.877
972,999,1.033
981,999,0.985
990,999,1.007
999,999,0.96
1008,999,1.053
1017,999,1.076
1026,999,1.1
1035,999,1.051
1044,999,1.149
1053,999,1.099
1062,999,0.911
1071,999,1.002
1080,999,0.889
1089,999,0.846
1098,999,0.744
1107,999,0.705
1116,999,0.724
1125,999,0.632
1134,999,0.705
1143,999,0.724
1152,999,0.867
1161,999,0.705
1170,999,0.667
1179,999,0.579
1188,999,0.596
1197,999,0.613
1206,999,0.483
1215,999,0.596
1224,999,0.725
1233,999,0.808
1242,999,0.767
1251,999,0.562
1260,999,0.579
1269,999,0.651
1278,999,0.67
1287,999,0.69
1296,999,0.597
1305,999,0.563
1314,999,0.58
1323,999,0.546
1332,999,0.42
1341,999,0.435
1350,999,0.497
1359,999,0.565
1368,999,0.531
1377,999,0.497
1386,999,0.514
1395,999,0.481
1404,999,0.404
1413,999,0.466
1422,999,0.482
1431,999,0.404
1440,999,0.466
1449,999,0.272
1458,999,0.283
1467,999,0.374
1476,999,0.435
1485,999,0.451
1494,999,0.579
1503,999,0.487
1512,999,0.453
1521,999,0.47
1530,999,0.388
1539,999,0.357
1548,999,0.42
1557,999,0.388
1566,999,0.312
1575,999,0.475
1584,999,0.692
1593,999,0.58
1602,999,0.605
1611,999,0.632
1620,999,0.66
1629,999,0.546
1638,999,0.721
1647,999,0.841
1656,999,0.977
1665,999,0.828
1674,999,0.868
1683,999,0.912
1692,999,0.857
1701,999,1.009
1710,999,1.064
1719,999,0.793
1728,999,0.838
1737,999,1.003
1746,999,0.831
1755,999,0.884
1764,999,0.943
1773,999,1.009
1782,999,1.083
1791,999,0.761
1800,999,0.7
1809,999,0.758
1818,999,0.695
1827,999,0.517
1836,999,0.694
1845,999,0.626
1854,999,0.557
1863,999,0.367
1872,999,0.412
1881,999,0.335
1890,999,0.386
1899,999,0.468
1908,999,0.352
1917,999,0.639
9,1008,-0.03
18,1008,-0.307
27,1008,-0.345
36,1008,-0.717
45,1008,-0.712
54,1008,-0.556
63,1008,-0.57
72,1008,-0.361
81,1008,-0.297
90,1008,-0.501
99,1008,-0.421
108,1008,-0.535
117,1008,-0.657
126,1008,-0.787
135,1008,-0.799
144,1008,-0.811
153,1008,-0.942
162,1008,-1.217
171,1008,-1.222
180,1008,-1.097
189,1008,-1.106
198,1008,-0.997
207,1008,-1.009
216,1008,-1.021
225,1008,-0.926
234,1008,-0.84
243,1008,-0.854
252,1008,-0.777
261,1008,-0.882
270,1008,-0.993
279,1008,-0.82
288,1008,-0.75
297,1008,-0.765
306,1008,-0.627
315,1008,-0.573
324,1008,-0.809
333,1008,-0.745
342,1008,-0.685
351,1008,-0.774
360,1008,-0.953
369,1008,-1.057
378,1008,-1.166
387,1008,-0.998
396,1008,-0.848
405,1008,-0.863
414,1008,-0.878
423,1008,-0.817
432,1008,-0.909
441,1008,-0.924
450,1008,-0.862
459,1008,-0.878
468,1008,-0.893
477,1008,-1.155
486,1008,-1.171
495,1008,-1.188
504,1008,-1.117
513,1008,-1.134
522,1008,-1.067
531,1008,-1.003
540,1008,-0.943
549,1008,-0.959
558,1008,-1.052
567,1008,-0.991
576,1008,-1.007
585,1008,-0.949
594,1008,-1.04
603,1008,-0.909
612,1008,-0.998
621,1008,-0.941
630,1008,-1.109
639,1008,-0.974
648,1008,-1.065
657,1008,-1.083
666,1008,-1.179
675,1008,-0.968
684,1008,-1.135
693,1008,-1.076
702,1008,-1.094
711,1008,-1.036
720,1008,-0.911
729,1008,-0.928
738,1008,-0.812
747,1008,-0.893
756,1008,-0.91
765,1008,-0.926
774,1008,-0.943
783,1008,-0.893
792,1008,-0.978
801,1008,-1.067
810,1008,-1.086
819,1008,-1.031
828,1008,-0.978
837,1008,-1.068
846,1008,-1.162
855,1008,-1.032
864,1008,-0.98
873,1008,-0.865
882,1008,-0.701
891,1008,-0.716
900,1008,-0.79
909,1008,-0.746
918,1008,-0.705
927,1008,-0.72
936,1008,-0.856
945,1008,-0.811
954,1008,-0.891
963,1008,-0.725
972,1008,0.861
981,1008,0.816
990,1008,0.833
999,1008,0.85
1008,1008,0.933
1017,1008,0.952
1026,1008,0.971
1035,1008,0.991
1044,1008,1.158
1053,1008,1.104
1062,1008,0.913
1071,1008,1.001
1080,1008,0.885
1089,1008,0.904
1098,1008,0.795
1107,1008,0.752
1116,1008,0.769
1125,1008,0.671
1134,1008,0.744
1143,1008,0.823
1152,1008,0.975
1161,1008,0.797
1170,1008,0.754
1179,1008,0.657
1188,1008,0.673
1197,1008,0.689
1206,1008,0.546
1215,1008,0.666
1224,1008,0.803
1233,1008,0.888
1242,1008,0.842
1251,1008,0.621
1260,1008,0.637
1269,1008,0.712
1278,1008,0.73
1287,1008,0.749
1296,1008,0.648
1305,1008,0.609
1314,1008,0.626
1323,1008,0.588
1332,1008,0.454
1341,1008,0.467
1350,1008,0.53
1359,1008,0.599
1368,1008,0.561
1377,1008,0.525
1386,1008,0.54
1395,1008,0.504
1404,1008,0.423
1413,1008,0.484
1422,1008,0.499
1431,1008,0.417
1440,1008,0.479
1449,1008,0.279
1458,1008,0.288
1467,1008,0.379
1476,1008,0.439
1485,1008,0.453
1494,1008,0.64
1503,1008,0.539
1512,1008,0.501
1521,1008,0.518
1530,1008,0.428
1539,1008,0.393
1548,1008,0.459
1557,1008,0.422
1566,1008,0.341
1575,1008,0.511
1584,1008,0.735
1593,1008,0.616
1602,1008,0.639
1611,1008,0.664
1620,1008,0.69
1629,1008,0.571
1638,1008,0.747
1647,1008,0.866
1656,1008,1
1665,1008,0.846
1674,1008,0.883
1683,1008,0.923
1692,1008,0.864
1701,1008,1.012
1710,1008,1.062
1719,1008,0.787
1728,1008,0.828
1737,1008,1.108
1746,1008,0.922
1755,1008,0.976
1764,1008,1.036
1773,1008,1.102
1782,1008,1.177
1791,1008,0.834
1800,1008,0.766
1809,1008,0.825
1818,1008,0.755
1827,1008,0.565
1836,1008,0.748
1845,1008,0.674
1854,1008,0.599
1863,1008,0.397
1872,1008,0.441
1881,1008,0.357
1890,1008,0.408
1899,1008,0.488
1908,1008,0.365
1917,1008,0.647
9,1017,-0.028
18,1017,-0.293
27,1017,-0.326
36,1017,-0.683
45,1017,-0.674
54,1017,-0.52
63,1017,-0.531
72,1017,-0.33
81,1017,-0.268
90,1017,-0.457
99,1017,-0.381
108,1017,-0.485
117,1017,-0.598
126,1017,-0.718
135,1017,-0.726
144,1017,-0.735
153,1017,-0.856
162,1017,-1.113
171,1017,-1.115
180,1017,-0.993
189,1017,-0.999
198,1017,-0.894
207,1017,-0.903
216,1017,-0.912
225,1017,-0.821
234,1017,-0.739
243,1017,-0.75
252,1017,-0.677
261,1017,-0.772
270,1017,-0.872
279,1017,-0.711
288,1017,-0.645
297,1017,-0.657
306,1017,-0.597
315,1017,-0.542
324,1017,-0.768
333,1017,-0.703
342,1017,-0.643
351,1017,-0.726
360,1017,-0.894
369,1017,-0.992
378,1017,-1.094
387,1017,-0.929
396,1017,-0.784
405,1017,-0.795
414,1017,-0.807
423,1017,-0.747
432,1017,-0.831
441,1017,-0.843
450,1017,-0.782
459,1017,-0.794
468,1017,-0.806
477,1017,-1.049
486,1017,-1.062
495,1017,-1.075
504,1017,-1.006
513,1017,-1.018
522,1017,-0.953
531,1017,-0.891
540,1017,-0.904
549,1017,-0.917
558,1017,-1.005
567,1017,-0.942
576,1017,-0.955
585,1017,-0.896
594,1017,-0.981
603,1017,-0.852
612,1017,-0.934
621,1017,-0.877
630,1017,-1.035
639,1017,-0.903
648,1017,-0.988
657,1017,-1.002
666,1017,-1.091
675,1017,-0.887
684,1017,-1.043
693,1017,-0.984
702,1017,-1.072
711,1017,-1.012
720,1017,-0.886
729,1017,-0.9
738,1017,-0.784
747,1017,-0.86
756,1017,-0.874
765,1017,-0.887
774,1017,-0.901
783,1017,-0.849
792,1017,-0.929
801,1017,-1.013
810,1017,-1.028
819,1017,-0.972
828,1017,-0.919
837,1017,-1.002
846,1017,-1.09
855,1017,-0.962
864,1017,-0.91
873,1017,-0.797
882,1017,-0.639
891,1017,-0.651
900,1017,-0.719
909,1017,-0.676
918,1017,-0.634
927,1017,-0.646
936,1017,-0.771
945,1017,-0.726
954,1017,-0.799
963,1017,-0.642
972,1017,0.766
981,1017,0.722
990,1017,0.735
999,1017,0.749
1008,1017,0.823
1017,1017,0.837
1026,1017,0.852
1035,1017,0.868
1044,1017,1.018
1053,1017,0.966
1062,1017,0.788
1071,1017,0.865
1080,1017,0.757
1089,1017,0.772
1098,1017,0.671
1107,1017,0.63
1116,1017,0.643
1125,1017,0.554
1134,1017,0.616
1143,1017,0.683
1152,1017,0.816
1161,1017,0.655
1170,1017,0.615
1179,1017,0.527
1188,1017,0.539
1197,1017,0.551
1206,1017,0.426
1215,1017,0.526
1224,1017,0.642
1233,1017,0.713
1242,1017,0.728
1251,1017,0.576
1260,1017,0.643
1269,1017,0.776
1278,1017,0.793
1287,1017,0.81
1296,1017,0.702
1305,1017,0.659
1314,1017,0.674
1323,1017,0.632
1332,1017,0.489
1341,1017,0.501
1350,1017,0.565
1359,1017,0.635
1368,1017,0.593
1377,1017,0.553
1386,1017,0.567
1395,1017,0.528
1404,1017,0.442
1413,1017,0.503
1422,1017,0.516
1431,1017,0.43
1440,1017,0.491
1449,1017,0.286
1458,1017,0.294
1467,1017,0.384
1476,1017,0.443
1485,1017,0.455
1494,1017,0.64
1503,1017,0.537
1512,1017,0.496
1521,1017,0.511
1530,1017,0.419
1539,1017,0.383
1548,1017,0.445
1557,1017,0.407
1566,1017,0.326
1575,1017,0.488
1584,1017,0.703
1593,1017,0.653
1602,1017,0.674
1611,1017,0.697
1620,1017,0.721
1629,1017,0.596
1638,1017,0.86
1647,1017,0.987
1656,1017,1.131
1665,1017,0.961
1674,1017,0.999
1683,1017,1.039
1692,1017,0.973
1701,1017,1.13
1710,1017,1.18
1719,1017,0.883
1728,1017,0.924
1737,1017,1.22
1746,1017,1.019
1755,1017,1.073
1764,1017,1.134
1773,1017,1.201
1782,1017,1.276
1791,1017,0.911
1800,1017,0.837
1809,1017,0.896
1818,1017,0.819
1827,1017,0.615
1836,1017,0.805
1845,1017,0.725
1854,1017,0.642
1863,1017,0.427
1872,1017,0.471
1881,1017,0.381
1890,1017,0.43
1899,1017,0.509
1908,1017,0.378
1917,1017,0.656
9,1026,-0.027
18,1026,-0.279
27,1026,-0.308
36,1026,-0.649
45,1026,-0.637
54,1026,-0.485
63,1026,-0.493
72,1026,-0.301
81,1026,-0.241
90,1026,-0.416
99,1026,-0.343
108,1026,-0.439
117,1026,-0.542
126,1026,-0.652
135,1026,-0.658
144,1026,-0.664
153,1026,-0.775
162,1026,-1.014
171,1026,-1.013
180,1026,-0.896
189,1026,-0.899
198,1026,-0.799
207,1026,-0.804
216,1026,-0.81
225,1026,-0.724
234,1026,-0.647
243,1026,-0.655
252,1026,-0.586
261,1026,-0.671
270,1026,-0.76
279,1026,-0.612
288,1026,-0.551
297,1026,-0.559
306,1026,-0.504
315,1026,-0.454
324,1026,-0.654
333,1026,-0.594
342,1026,-0.539
351,1026,-0.611
360,1026,-0.761
369,1026,-0.847
378,1026,-0.937
387,1026,-0.786
396,1026,-0.654
405,1026,-0.663
414,1026,-0.671
423,1026,-0.616
432,1026,-0.689
441,1026,-0.698
450,1026,-0.642
459,1026,-0.651
468,1026,-0.66
477,1026,-0.874
486,1026,-0.883
495,1026,-0.892
504,1026,-0.829
513,1026,-0.838
522,1026,-0.778
531,1026,-0.722
540,1026,-0.731
549,1026,-0.741
558,1026,-0.816
567,1026,-0.759
576,1026,-0.768
585,1026,-0.715
594,1026,-0.787
603,1026,-0.673
612,1026,-0.743
621,1026,-0.692
630,1026,-0.826
639,1026,-0.71
648,1026,-0.781
657,1026,-0.856
666,1026,-0.935
675,1026,-0.748
684,1026,-0.887
693,1026,-0.831
702,1026,-0.908
711,1026,-0.851
720,1026,-0.737
729,1026,-0.808
738,1026,-0.698
747,1026,-0.766
756,1026,-0.776
765,1026,-0.787
774,1026,-0.797
783,1026,-0.807
792,1026,-0.882
801,1026,-0.961
810,1026,-1.043
819,1026,-0.984
828,1026,-0.927
837,1026,-1.008
846,1026,-1.093
855,1026,-0.962
864,1026,-0.907
873,1026,-0.791
882,1026,-0.632
891,1026,-0.642
900,1026,-0.706
909,1026,-0.662
918,1026,-0.619
927,1026,-0.628
936,1026,-0.749
945,1026,-0.702
954,1026,-0.771
963,1026,-0.615
972,1026,0.734
981,1026,0.689
990,1026,0.699
999,1026,0.71
1008,1026,0.779
1017,1026,0.791
1026,1026,0.802
1035,1026,0.877
1044,1026,1.026
1053,1026,0.97
1062,1026,0.79
1071,1026,0.864
1080,1026,0.754
1089,1026,0.766
1098,1026,0.663
1107,1026,0.621
1116,1026,0.631
1125,1026,0.541
1134,1026,0.6
1143,1026,0.664
1152,1026,0.792
1161,1026,0.632
1170,1026,0.59
1179,1026,0.503
1188,1026,0.512
1197,1026,0.521
1206,1026,0.399
1215,1026,0.494
1224,1026,0.602
1233,1026,0.668
1242,1026,0.68
1251,1026,0.532
1260,1026,0.594
1269,1026,0.718
1278,1026,0.731
1287,1026,0.745
1296,1026,0.64
1305,1026,0.597
1314,1026,0.609
1323,1026,0.567
1332,1026,0.432
1341,1026,0.441
1350,1026,0.497
1359,1026,0.614
1368,1026,0.571
1377,1026,0.529
1386,1026,0.595
1395,1026,0.552
1404,1026,0.462
1413,1026,0.522
1422,1026,0.534
1431,1026,0.444
1440,1026,0.504
1449,1026,0.293
1458,1026,0.339
1467,1026,0.436
1476,1026,0.497
1485,1026,0.509
1494,1026,0.705
1503,1026,0.593
1512,1026,0.547
1521,1026,0.561
1530,1026,0.461
1539,1026,0.421
1548,1026,0.485
1557,1026,0.443
1566,1026,0.355
1575,1026,0.525
1584,1026,0.746
1593,1026,0.691
1602,1026,0.711
1611,1026,0.812
1620,1026,0.837
1629,1026,0.696
1638,1026,0.984
1647,1026,1.119
1656,1026,1.271
1665,1026,1.085
1674,1026,1.123
1683,1026,1.164
1692,1026,1.091
1701,1026,1.255
1710,1026,1.306
1719,1026,0.985
1728,1026,1.027
1737,1026,1.339
1746,1026,1.122
1755,1026,1.177
1764,1026,1.237
1773,1026,1.304
1782,1026,1.379
1791,1026,0.992
1800,1026,0.911
1809,1026,0.97
1818,1026,0.886
1827,1026,0.668
1836,1026,0.865
1845,1026,0.777
1854,1026,0.688
1863,1026,0.46
1872,1026,0.503
1881,1026,0.405
1890,1026,0.453
1899,1026,0.531
1908,1026,0.391
1917,1026,0.665
9,1035,-0.025
18,1035,-0.266
27,1035,-0.291
36,1035,-0.616
45,1035,-0.601
54,1035,-0.452
63,1035,-0.457
72,1035,-0.273
81,1035,-0.217
90,1035,-0.378
99,1035,-0.308
108,1035,-0.395
117,1035,-0.49
126,1035,-0.591
135,1035,-0.594
144,1035,-0.597
153,1035,-0.699
162,1035,-0.921
171,1035,-0.917
180,1035,-0.805
189,1035,-0.805
198,1035,-0.71
207,1035,-0.808
216,1035,-0.809
225,1035,-0.719
234,1035,-0.639
243,1035,-0.644
252,1035,-0.573
261,1035,-0.653
270,1035,-0.739
279,1035,-0.59
288,1035,-0.528
297,1035,-0.534
306,1035,-0.478
315,1035,-0.427
324,1035,-0.618
333,1035,-0.557
342,1035,-0.502
351,1035,-0.569
360,1035,-0.71
369,1035,-0.79
378,1035,-0.874
387,1035,-0.801
396,1035,-0.664
405,1035,-0.67
414,1035,-0.676
423,1035,-0.617
432,1035,-0.687
441,1035,-0.693
450,1035,-0.636
459,1035,-0.642
468,1035,-0.648
477,1035,-0.857
486,1035,-0.863
495,1035,-0.944
504,1035,-0.875
513,1035,-0.881
522,1035,-0.816
531,1035,-0.756
540,1035,-0.762
549,1035,-0.769
558,1035,-0.842
567,1035,-0.782
576,1035,-0.788
585,1035,-0.731
594,1035,-0.802
603,1035,-0.684
612,1035,-0.751
621,1035,-0.697
630,1035,-0.83
639,1035,-0.711
648,1035,-0.779
657,1035,-0.919
666,1035,-0.998
675,1035,-0.801
684,1035,-0.942
693,1035,-0.881
702,1035,-0.957
711,1035,-0.896
720,1035,-0.838
729,1035,-0.912
738,1035,-0.79
747,1035,-0.861
756,1035,-0.869
765,1035,-0.877
774,1035,-0.885
783,1035,-0.893
792,1035,-0.969
801,1035,-1.05
810,1035,-1.133
819,1035,-1.068
828,1035,-1.005
837,1035,-1.086
846,1035,-1.172
855,1035,-1.032
864,1035,-0.971
873,1035,-0.848
882,1035,-0.679
891,1035,-0.687
900,1035,-0.811
909,1035,-0.76
918,1035,-0.71
927,1035,-0.718
936,1035,-0.847
945,1035,-0.794
954,1035,-0.865
963,1035,-0.695
972,1035,0.82
981,1035,0.769
990,1035,0.778
999,1035,0.787
1008,1035,0.858
1017,1035,0.868
1026,1035,0.877
1035,1035,0.954
1044,1035,1.108
1053,1035,1.046
1062,1035,0.853
1071,1035,0.929
1080,1035,0.81
1089,1035,0.82
1098,1035,0.711
1107,1035,0.664
1116,1035,0.673
1125,1035,0.576
1134,1035,0.636
1143,1035,0.7
1152,1035,0.83
1161,1035,0.662
1170,1035,0.617
1179,1035,0.525
1188,1035,0.533
1197,1035,0.54
1206,1035,0.413
1215,1035,0.508
1224,1035,0.616
1233,1035,0.681
1242,1035,0.691
1251,1035,0.539
1260,1035,0.599
1269,1035,0.721
1278,1035,0.732
1287,1035,0.743
1296,1035,0.636
1305,1035,0.591
1314,1035,0.6
1323,1035,0.556
1332,1035,0.421
1341,1035,0.428
1350,1035,0.531
1359,1035,0.65
1368,1035,0.603
1377,1035,0.558
1386,1035,0.624
1395,1035,0.634
1404,1035,0.533
1413,1035,0.656
1422,1035,0.668
1431,1035,0.562
1440,1035,0.63
1449,1035,0.381
1458,1035,0.434
1467,1035,0.547
1476,1035,0.616
1485,1035,0.628
1494,1035,0.848
1503,1035,0.719
1512,1035,0.666
1521,1035,0.679
1530,1035,0.564
1539,1035,0.517
1548,1035,0.588
1557,1035,0.539
1566,1035,0.436
1575,1035,0.628
1584,1035,0.873
1593,1035,0.81
1602,1035,0.83
1611,1035,0.939
1620,1035,0.963
1629,1035,0.807
1638,1035,1.118
1647,1035,1.262
1656,1035,1.421
1665,1035,1.219
1674,1035,1.258
1683,1035,1.298
1692,1035,1.217
1701,1035,1.389
1710,1035,1.44
1719,1035,1.095
1728,1035,1.137
1737,1035,1.464
1746,1035,1.232
1755,1035,1.286
1764,1035,1.347
1773,1035,1.414
1782,1035,1.488
1791,1035,1.078
1800,1035,0.99
1809,1035,1.048
1818,1035,0.957
1827,1035,0.725
1836,1035,0.928
1845,1035,0.832
1854,1035,0.736
1863,1035,0.494
1872,1035,0.536
1881,1035,0.431
1890,1035,0.477
1899,1035,0.553
1908,1035,0.404
1917,1035,0.674
9,1044,-0.024
18,1044,-0.254
27,1044,-0.275
36,1044,-0.585
45,1044,-0.566
54,1044,-0.421
63,1044,-0.423
72,1044,-0.328
81,1044,-0.258
90,1044,-0.431
99,1044,-0.348
108,1044,-0.437
117,1044,-0.533
126,1044,-0.633
135,1044,-0.631
144,1044,-0.629
153,1044,-0.729
162,1044,-0.951
171,1044,-0.941
180,1044,-0.933
189,1044,-0.926
198,1044,-0.814
207,1044,-0.914
216,1044,-0.909
225,1044,-0.807
234,1044,-0.715
243,1044,-0.715
252,1044,-0.715
261,1044,-0.802
270,1044,-0.893
279,1044,-0.718
288,1044,-0.642
297,1044,-0.645
306,1044,-0.577
315,1044,-0.516
324,1044,-0.725
333,1044,-0.654
342,1044,-0.589
351,1044,-0.659
360,1044,-0.81
369,1044,-0.892
378,1044,-0.977
387,1044,-0.894
396,1044,-0.743
405,1044,-0.746
414,1044,-0.749
423,1044,-0.683
432,1044,-0.754
441,1044,-0.757
450,1044,-0.693
459,1044,-0.696
468,1044,-0.699
477,1044,-0.915
486,1044,-0.917
495,1044,-0.998
504,1044,-0.923
513,1044,-0.926
522,1044,-0.856
531,1044,-0.79
540,1044,-0.794
549,1044,-0.797
558,1044,-0.87
567,1044,-0.805
576,1044,-0.809
585,1044,-0.748
594,1044,-0.817
603,1044,-0.694
612,1044,-0.76
621,1044,-0.703
630,1044,-0.833
639,1044,-0.711
648,1044,-0.777
657,1044,-0.914
666,1044,-0.99
675,1044,-0.791
684,1044,-0.928
693,1044,-0.865
702,1044,-0.938
711,1044,-0.943
720,1044,-0.879
729,1044,-0.953
738,1044,-0.824
747,1044,-0.894
756,1044,-0.9
765,1044,-0.974
774,1044,-0.979
783,1044,-0.985
792,1044,-1.062
801,1044,-1.144
810,1044,-1.229
819,1044,-1.156
828,1044,-1.086
837,1044,-1.169
846,1044,-1.337
855,1044,-1.182
864,1044,-1.112
873,1044,-0.975
882,1044,-0.787
891,1044,-0.793
900,1044,-0.926
909,1044,-0.867
918,1044,-0.81
927,1044,-0.817
936,1044,-0.952
945,1044,-0.893
954,1044,-0.966
963,1044,-0.781
972,1044,0.913
981,1044,0.855
990,1044,0.862
999,1044,0.869
1008,1044,0.942
1017,1044,0.949
1026,1044,0.957
1035,1044,1.035
1044,1044,1.193
1053,1044,1.125
1062,1044,0.92
1071,1044,0.997
1080,1044,0.87
1089,1044,0.878
1098,1044,0.761
1107,1044,0.709
1116,1044,0.716
1125,1044,0.613
1134,1044,0.673
1143,1044,0.737
1152,1044,0.869
1161,1044,0.693
1170,1044,0.645
1179,1044,0.548
1188,1044,0.554
1197,1044,0.559
1206,1044,0.428
1215,1044,0.522
1224,1044,0.63
1233,1044,0.694
1242,1044,0.701
1251,1044,0.597
1260,1044,0.659
1269,1044,0.787
1278,1044,0.795
1287,1044,0.804
1296,1044,0.689
1305,1044,0.639
1314,1044,0.647
1323,1044,0.599
1332,1044,0.455
1341,1044,0.46
1350,1044,0.566
1359,1044,0.688
1368,1044,0.637
1377,1044,0.588
1386,1044,0.653
1395,1044,0.662
1404,1044,0.555
1413,1044,0.68
1422,1044,0.754
1431,1044,0.637
1440,1044,0.708
1449,1044,0.436
1458,1044,0.492
1467,1044,0.612
1476,1044,0.684
1485,1044,0.694
1494,1044,0.926
1503,1044,0.787
1512,1044,0.728
1521,1044,0.74
1530,1044,0.616
1539,1044,0.563
1548,1044,0.637
1557,1044,0.582
1566,1044,0.472
1575,1044,0.671
1584,1044,0.922
1593,1044,0.854
1602,1044,0.871
1611,1044,0.981
1620,1044,1.002
1629,1044,0.839
1638,1044,1.153
1647,1044,1.295
1656,1044,1.452
1665,1044,1.243
1674,1044,1.276
1683,1044,1.313
1692,1044,1.225
1701,1044,1.393
1710,1044,1.438
1719,1044,1.089
1728,1044,1.125
1737,1044,1.443
1746,1044,1.207
1755,1044,1.254
1764,1044,1.306
1773,1044,1.364
1782,1044,1.428
1791,1044,1.022
1800,1044,0.928
1809,1044,0.976
1818,1044,0.88
1827,1044,0.652
1836,1044,0.832
1845,1044,0.732
1854,1044,0.631
1863,1044,0.403
1872,1044,0.427
1881,1044,0.323
1890,1044,0.502
1899,1044,0.575
1908,1044,0.418
1917,1044,0.682
9,1053,-0.079
18,1053,-0.413
27,1053,-0.401
36,1053,-0.752
45,1053,-0.704
54,1053,-0.518
63,1053,-0.507
72,1053,-0.391
81,1053,-0.304
90,1053,-0.489
99,1053,-0.393
108,1053,-0.483
117,1053,-0.578
126,1053,-0.678
135,1053,-0.669
144,1053,-0.662
153,1053,-0.76
162,1053,-0.981
171,1053,-0.966
180,1053,-0.952
189,1053,-0.939
198,1053,-0.822
207,1053,-0.918
216,1053,-0.909
225,1053,-0.802
234,1053,-0.707
243,1053,-0.704
252,1053,-0.701
261,1053,-0.783
270,1053,-0.868
279,1053,-0.694
288,1053,-0.617
297,1053,-0.617
306,1053,-0.548
315,1053,-0.487
324,1053,-0.687
333,1053,-0.616
342,1053,-0.551
351,1053,-0.616
360,1053,-0.757
369,1053,-0.833
378,1053,-0.912
387,1053,-0.83
396,1053,-0.684
405,1053,-0.684
414,1053,-0.684
423,1053,-0.684
432,1053,-0.753
441,1053,-0.753
450,1053,-0.686
459,1053,-0.753
468,1053,-0.753
477,1053,-0.975
486,1053,-0.974
495,1053,-1.054
504,1053,-0.973
513,1053,-0.972
522,1053,-0.896
531,1053,-0.825
540,1053,-0.826
549,1053,-0.827
558,1053,-0.898
567,1053,-0.828
576,1053,-0.829
585,1053,-0.764
594,1053,-0.832
603,1053,-0.705
612,1053,-0.769
621,1053,-0.708
630,1053,-0.837
639,1053,-0.712
648,1053,-0.775
657,1053,-0.981
666,1053,-1.057
675,1053,-0.913
684,1053,-1.059
693,1053,-0.987
702,1053,-1.063
711,1053,-1.064
720,1053,-0.993
729,1053,-1.068
738,1053,-0.927
747,1053,-0.999
756,1053,-1.001
765,1053,-1.077
774,1053,-1.079
783,1053,-1.082
792,1053,-1.161
801,1053,-1.243
810,1053,-1.329
819,1053,-1.249
828,1053,-1.173
837,1053,-1.255
846,1053,-1.427
855,1053,-1.262
864,1053,-1.186
873,1053,-1.113
882,1053,-0.905
891,1053,-0.908
900,1053,-1.05
909,1053,-0.983
918,1053,-0.919
927,1053,-0.923
936,1053,-1.067
945,1053,-0.999
954,1053,-1.075
963,1053,-0.873
972,1053,1.012
981,1053,0.948
990,1053,0.952
999,1053,0.956
1008,1053,1.031
1017,1053,1.036
1026,1053,1.041
1035,1053,1.12
1044,1053,1.282
1053,1053,1.208
1062,1053,0.991
1071,1053,1.068
1080,1053,0.932
1089,1053,0.938
1098,1053,0.813
1107,1053,0.757
1116,1053,0.761
1125,1053,0.652
1134,1053,0.771
1143,1053,0.838
1152,1053,0.978
1161,1053,0.786
1170,1053,0.731
1179,1053,0.623
1188,1053,0.627
1197,1053,0.632
1206,1053,0.486
1215,1053,0.587
1224,1053,0.702
1233,1053,0.767
1242,1053,0.772
1251,1053,0.659
1260,1053,0.723
1269,1053,0.855
1278,1053,0.862
1287,1053,0.869
1296,1053,0.745
1305,1053,0.691
1314,1053,0.696
1323,1053,0.643
1332,1053,0.49
1341,1053,0.494
1350,1053,0.603
1359,1053,0.727
1368,1053,0.671
1377,1053,0.619
1386,1053,0.684
1395,1053,0.69
1404,1053,0.578
1413,1053,0.704
1422,1053,0.777
1431,1053,0.654
1440,1053,0.725
1449,1053,0.446
1458,1053,0.501
1467,1053,0.619
1476,1053,0.689
1485,1053,0.697
1494,1053,0.926
1503,1053,0.784
1512,1053,0.722
1521,1053,0.731
1530,1053,0.605
1539,1053,0.55
1548,1053,0.62
1557,1053,0.564
1566,1053,0.453
1575,1053,0.644
1584,1053,0.886
1593,1053,0.816
1602,1053,0.828
1611,1053,0.93
1620,1053,0.946
1629,1053,0.871
1638,1053,1.188
1647,1053,1.328
1656,1053,1.483
1665,1053,1.266
1674,1053,1.296
1683,1053,1.457
1692,1053,1.361
1701,1053,1.536
1710,1053,1.58
1719,1053,1.206
1728,1053,1.241
1737,1053,1.575
1746,1053,1.322
1755,1053,1.368
1764,1053,1.419
1773,1053,1.476
1782,1053,1.54
1791,1053,1.11
1800,1053,1.008
1809,1053,1.055
1818,1053,0.95
1827,1053,0.708
1836,1053,0.893
1845,1053,0.785
1854,1053,0.676
1863,1053,0.435
1872,1053,0.456
1881,1053,0.345
1890,1053,0.528
1899,1053,0.599
1908,1053,0.432
1917,1053,0.691
9,1062,-0.076
18,1062,-0.395
27,1062,-0.38
36,1062,-0.717
45,1062,-0.665
54,1062,-0.484
63,1062,-0.471
72,1062,-0.358
81,1062,-0.275
90,1062,-0.446
99,1062,-0.354
108,1062,-0.436
117,1062,-0.523
126,1062,-0.615
135,1062,-0.604
144,1062,-0.595
153,1062,-0.684
162,1062,-0.89
171,1062,-0.873
180,1062,-0.857
189,1062,-0.953
198,1062,-0.83
207,1062,-0.922
216,1062,-0.908
225,1062,-0.797
234,1062,-0.699
243,1062,-0.692
252,1062,-0.686
261,1062,-0.764
270,1062,-0.845
279,1062,-0.67
288,1062,-0.592
297,1062,-0.661
306,1062,-0.586
315,1062,-0.519
324,1062,-0.723
333,1062,-0.646
342,1062,-0.576
351,1062,-0.64
360,1062,-0.782
369,1062,-0.856
378,1062,-0.932
387,1062,-0.845
396,1062,-0.694
405,1062,-0.691
414,1062,-0.688
423,1062,-0.686
432,1062,-0.752
441,1062,-0.749
450,1062,-0.679
459,1062,-0.743
468,1062,-0.741
477,1062,-0.957
486,1062,-0.953
495,1062,-1.029
504,1062,-1.024
513,1062,-1.02
522,1062,-0.939
531,1062,-0.862
540,1062,-0.859
549,1062,-0.857
558,1062,-0.927
567,1062,-0.853
576,1062,-0.851
585,1062,-0.782
594,1062,-0.847
603,1062,-0.716
612,1062,-0.778
621,1062,-0.776
630,1062,-0.909
639,1062,-0.774
648,1062,-0.838
657,1062,-1.05
666,1062,-1.126
675,1062,-1.046
684,1062,-1.202
693,1062,-1.12
702,1062,-1.198
711,1062,-1.196
720,1062,-1.115
729,1062,-1.192
738,1062,-1.037
747,1062,-1.111
756,1062,-1.11
765,1062,-1.187
774,1062,-1.186
783,1062,-1.185
792,1062,-1.265
801,1062,-1.348
810,1062,-1.434
819,1062,-1.347
828,1062,-1.263
837,1062,-1.432
846,1062,-1.614
855,1062,-1.432
864,1062,-1.346
873,1062,-1.263
882,1062,-1.034
891,1062,-1.035
900,1062,-1.185
909,1062,-1.11
918,1062,-1.037
927,1062,-1.038
936,1062,-1.189
945,1062,-1.114
954,1062,-1.192
963,1062,-1.043
972,1062,1.195
981,1062,1.12
990,1062,1.121
999,1062,1.123
1008,1062,1.202
1017,1062,1.204
1026,1062,1.207
1035,1062,1.29
1044,1062,1.463
1053,1062,1.379
1062,1062,1.139
1071,1062,1.22
1080,1062,1.07
1089,1062,1.073
1098,1062,0.934
1107,1062,0.87
1116,1062,0.872
1125,1062,0.75
1134,1062,0.877
1143,1062,0.947
1152,1062,1.095
1161,1062,0.886
1170,1062,0.824
1179,1062,0.705
1188,1062,0.707
1197,1062,0.71
1206,1062,0.551
1215,1062,0.658
1224,1062,0.778
1233,1062,0.845
1242,1062,0.848
1251,1062,0.726
1260,1062,0.791
1269,1062,0.928
1278,1062,0.933
1287,1062,0.937
1296,1062,0.805
1305,1062,0.745
1314,1062,0.748
1323,1062,0.69
1332,1062,0.528
1341,1062,0.53
1350,1062,0.641
1359,1062,0.767
1368,1062,0.708
1377,1062,0.651
1386,1062,0.715
1395,1062,0.719
1404,1062,0.602
1413,1062,0.728
1422,1062,0.8
1431,1062,0.673
1440,1062,0.742
1449,1062,0.456
1458,1062,0.51
1467,1062,0.627
1476,1062,0.695
1485,1062,0.7
1494,1062,0.927
1503,1062,0.781
1512,1062,0.716
1521,1062,0.722
1530,1062,0.594
1539,1062,0.538
1548,1062,0.603
1557,1062,0.608
1566,1062,0.49
1575,1062,0.688
1584,1062,0.936
1593,1062,0.86
1602,1062,0.87
1611,1062,0.972
1620,1062,0.985
1629,1062,0.904
1638,1062,1.225
1647,1062,1.363
1656,1062,1.515
1665,1062,1.29
1674,1062,1.315
1683,1062,1.473
1692,1062,1.37
1701,1062,1.54
1710,1062,1.578
1719,1062,1.199
1728,1062,1.228
1737,1062,1.553
1746,1062,1.296
1755,1062,1.335
1764,1062,1.378
1773,1062,1.425
1782,1062,1.479
1791,1062,1.052
1800,1062,0.946
1809,1062,0.982
1818,1062,0.874
1827,1062,0.636
1836,1062,0.8
1845,1062,0.689
1854,1062,0.578
1863,1062,0.352
1872,1062,0.359
1881,1062,0.252
1890,1062,0.381
1899,1062,0.623
1908,1062,0.446
1917,1062,0.7
9,1071,-0.072
18,1071,-0.379
27,1071,-0.36
36,1071,-0.682
45,1071,-0.628
54,1071,-0.451
63,1071,-0.436
72,1071,-0.327
81,1071,-0.247
90,1071,-0.406
99,1071,-0.318
108,1071,-0.393
117,1071,-0.472
126,1071,-0.555
135,1071,-0.544
144,1071,-0.533
153,1071,-0.614
162,1071,-0.804
171,1071,-0.785
180,1071,-0.768
189,1071,-0.856
198,1071,-0.739
207,1071,-0.926
216,1071,-0.908
225,1071,-0.793
234,1071,-0.78
243,1071,-0.767
252,1071,-0.756
261,1071,-0.834
270,1071,-0.914
279,1071,-0.726
288,1071,-0.64
297,1071,-0.708
306,1071,-0.7
315,1071,-0.62
324,1071,-0.843
333,1071,-0.753
342,1071,-0.671
351,1071,-0.738
360,1071,-0.888
369,1071,-0.963
378,1071,-1.041
387,1071,-0.943
396,1071,-0.776
405,1071,-0.769
414,1071,-0.763
423,1071,-0.83
432,1071,-0.899
441,1071,-0.892
450,1071,-0.809
459,1071,-0.877
468,1071,-0.87
477,1071,-1.104
486,1071,-1.095
495,1071,-1.173
504,1071,-1.164
513,1071,-1.155
522,1071,-1.062
531,1071,-0.975
540,1071,-0.969
549,1071,-0.962
558,1071,-1.033
567,1071,-0.95
576,1071,-0.944
585,1071,-0.867
594,1071,-0.933
603,1071,-0.791
612,1071,-0.853
621,1071,-0.849
630,1071,-0.986
639,1071,-0.84
648,1071,-0.904
657,1071,-1.123
666,1071,-1.198
675,1071,-1.112
684,1071,-1.269
693,1071,-1.181
702,1071,-1.258
711,1071,-1.252
720,1071,-1.165
729,1071,-1.241
738,1071,-1.078
747,1071,-1.151
756,1071,-1.146
765,1071,-1.222
774,1071,-1.217
783,1071,-1.213
792,1071,-1.29
801,1071,-1.371
810,1071,-1.454
819,1071,-1.362
828,1071,-1.274
837,1071,-1.441
846,1071,-1.619
855,1071,-1.433
864,1071,-1.343
873,1071,-1.257
882,1071,-1.026
891,1071,-1.023
900,1071,-1.169
909,1071,-1.091
918,1071,-1.017
927,1071,-1.015
936,1071,-1.16
945,1071,-1.083
954,1071,-1.156
963,1071,-1.008
972,1071,1.153
981,1071,1.076
990,1071,1.075
999,1071,1.074
1008,1071,1.147
1017,1071,1.146
1026,1071,1.145
1035,1071,1.222
1044,1071,1.387
1053,1071,1.302
1062,1071,1.067
1071,1071,1.142
1080,1071,0.994
1089,1071,0.994
1098,1071,0.859
1107,1071,0.795
1116,1071,0.795
1125,1071,0.677
1134,1071,0.794
1143,1071,0.924
1152,1071,1.066
1161,1071,0.857
1170,1071,0.794
1179,1071,0.675
1188,1071,0.675
1197,1071,0.675
1206,1071,0.519
1215,1071,0.62
1224,1071,0.733
1233,1071,0.795
1242,1071,0.796
1251,1071,0.675
1260,1071,0.735
1269,1071,0.863
1278,1071,0.934
1287,1071,0.935
1296,1071,0.8
1305,1071,0.738
1314,1071,0.739
1323,1071,0.679
1332,1071,0.516
1341,1071,0.516
1350,1071,0.622
1359,1071,0.744
1368,1071,0.683
1377,1071,0.624
1386,1071,0.685
1395,1071,0.686
1404,1071,0.57
1413,1071,0.689
1422,1071,0.755
1431,1071,0.63
1440,1071,0.693
1449,1071,0.418
1458,1071,0.467
1467,1071,0.575
1476,1071,0.636
1485,1071,0.703
1494,1071,0.927
1503,1071,0.778
1512,1071,0.71
1521,1071,0.713
1530,1071,0.584
1539,1071,0.525
1548,1071,0.587
1557,1071,0.589
1566,1071,0.471
1575,1071,0.661
1584,1071,0.9
1593,1071,0.822
1602,1071,0.828
1611,1071,0.922
1620,1071,0.93
1629,1071,0.848
1638,1071,1.151
1647,1071,1.278
1656,1071,1.418
1665,1071,1.196
1674,1071,1.214
1683,1071,1.357
1692,1071,1.253
1701,1071,1.545
1710,1071,1.577
1719,1071,1.192
1728,1071,1.216
1737,1071,1.532
1746,1071,1.27
1755,1071,1.302
1764,1071,1.495
1773,1071,1.541
1782,1071,1.593
1791,1071,1.142
1800,1071,1.027
1809,1071,1.061
1818,1071,0.944
1827,1071,0.691
1836,1071,0.86
1845,1071,0.74
1854,1071,0.62
1863,1071,0.38
1872,1071,0.385
1881,1071,0.271
1890,1071,0.402
1899,1071,0.647
1908,1071,0.461
1917,1071,0.71
9,1080,-0.069
18,1080,-0.362
27,1080,-0.341
36,1080,-0.648
45,1080,-0.592
54,1080,-0.419
63,1080,-0.403
72,1080,-0.298
81,1080,-0.222
90,1080,-0.368
99,1080,-0.284
108,1080,-0.352
117,1080,-0.424
126,1080,-0.5
135,1080,-0.487
144,1080,-0.475
153,1080,-0.548
162,1080,-0.723
171,1080,-0.704
180,1080,-0.686
189,1080,-0.765
198,1080,-0.654
207,1080,-0.826
216,1080,-0.806
225,1080,-0.697
234,1080,-0.683
243,1080,-0.67
252,1080,-0.658
261,1080,-0.727
270,1080,-0.799
279,1080,-0.624
288,1080,-0.545
297,1080,-0.605
306,1080,-0.596
315,1080,-0.522
324,1080,-0.722
333,1080,-0.638
342,1080,-0.564
351,1080,-0.621
360,1080,-0.754
369,1080,-0.82
378,1080,-0.889
387,1080,-0.798
396,1080,-0.647
405,1080,-0.639
414,1080,-0.631
423,1080,-0.689
432,1080,-0.749
441,1080,-0.74
450,1080,-0.666
459,1080,-0.724
468,1080,-0.716
477,1080,-0.922
486,1080,-0.912
495,1080,-0.979
504,1080,-0.969
513,1080,-0.958
522,1080,-0.874
531,1080,-0.795
540,1080,-0.787
549,1080,-0.78
558,1080,-0.84
567,1080,-0.765
576,1080,-0.758
585,1080,-0.69
594,1080,-0.745
603,1080,-0.62
612,1080,-0.672
621,1080,-0.666
630,1080,-0.783
639,1080,-0.656
648,1080,-0.708
657,1080,-0.895
666,1080,-0.958
675,1080,-0.881
684,1080,-1.016
693,1080,-0.936
702,1080,-1.001
711,1080,-0.993
720,1080,-0.916
729,1080,-0.979
738,1080,-0.837
747,1080,-0.897
756,1080,-0.891
765,1080,-0.953
774,1080,-0.947
783,1080,-0.94
792,1080,-1.004
801,1080,-1.071
810,1080,-1.14
819,1080,-1.058
828,1080,-0.98
837,1080,-1.197
846,1080,-1.355
855,1080,-1.264
864,1080,-1.178
873,1080,-1.095
882,1080,-0.881
891,1080,-0.876
900,1080,-1.006
909,1080,-0.932
918,1080,-0.862
927,1080,-0.858
936,1080,-1.058
945,1080,-0.982
954,1080,-1.048
963,1080,-0.905
972,1080,1.039
981,1080,0.964
990,1080,0.96
999,1080,0.956
1008,1080,1.021
1017,1080,1.017
1026,1080,1.013
1035,1080,1.081
1044,1080,1.231
1053,1080,1.149
1062,1080,0.929
1071,1080,0.994
1080,1080,0.856
1089,1080,0.853
1098,1080,0.728
1107,1080,0.668
1116,1080,0.666
1125,1080,0.559
1134,1080,0.66
1143,1080,0.773
1152,1080,0.898
1161,1080,0.708
1170,1080,0.649
1179,1080,0.594
1188,1080,0.591
1197,1080,0.588
1206,1080,0.489
1215,1080,0.584
1224,1080,0.69
1233,1080,0.747
1242,1080,0.745
1251,1080,0.627
1260,1080,0.681
1269,1080,0.802
1278,1080,0.866
1287,1080,0.934
1296,1080,0.796
1305,1080,0.731
1314,1080,0.729
1323,1080,0.667
1332,1080,0.504
1341,1080,0.552
1350,1080,0.662
1359,1080,0.785
1368,1080,0.719
1377,1080,0.657
1386,1080,0.717
1395,1080,0.781
1404,1080,0.652
1413,1080,0.779
1422,1080,0.848
1431,1080,0.711
1440,1080,0.777
1449,1080,0.477
1458,1080,0.528
1467,1080,0.643
1476,1080,0.775
1485,1080,0.849
1494,1080,1.097
1503,1080,0.929
1512,1080,0.851
1521,1080,0.852
1530,1080,0.704
1539,1080,0.636
1548,1080,0.704
1557,1080,0.705
1566,1080,0.57
1575,1080,0.781
1584,1080,1.043
1593,1080,0.955
1602,1080,0.959
1611,1080,1.059
1620,1080,1.066
1629,1080,0.974
1638,1080,1.3
1647,1080,1.433
1656,1080,1.58
1665,1080,1.34
1674,1080,1.355
1683,1080,1.505
1692,1080,1.39
1701,1080,1.697
1710,1080,1.727
1719,1080,1.317
1728,1080,1.338
1737,1080,1.669
1746,1080,1.389
1755,1080,1.419
1764,1080,1.618
1773,1080,1.662
1782,1080,1.713
1791,1080,1.236
1800,1080,1.112
1809,1080,1.145
1818,1080,1.018
1827,1080,0.749
1836,1080,0.923
1845,1080,0.794
1854,1080,0.665
1863,1080,0.41
1872,1080,0.413
1881,1080,0.29
1890,1080,0.425
1899,1080,0.673
1908,1080,0.476
1917,1080,0.719
9,1089,-0.065
18,1089,-0.347
27,1089,-0.323
36,1089,-0.615
45,1089,-0.558
54,1089,-0.389
63,1089,-0.371
72,1089,-0.27
81,1089,-0.199
90,1089,-0.333
99,1089,-0.253
108,1089,-0.315
117,1089,-0.38
126,1089,-0.448
135,1089,-0.434
144,1089,-0.422
153,1089,-0.487
162,1089,-0.648
171,1089,-0.627
180,1089,-0.609
189,1089,-0.68
198,1089,-0.575
207,1089,-0.732
216,1089,-0.712
225,1089,-0.61
234,1089,-0.595
243,1089,-0.581
252,1089,-0.568
261,1089,-0.629
270,1089,-0.693
279,1089,-0.533
288,1089,-0.46
297,1089,-0.512
306,1089,-0.502
315,1089,-0.435
324,1089,-0.612
333,1089,-0.536
342,1089,-0.468
351,1089,-0.517
360,1089,-0.634
369,1089,-0.692
378,1089,-0.751
387,1089,-0.668
396,1089,-0.532
405,1089,-0.524
414,1089,-0.516
423,1089,-0.565
432,1089,-0.616
441,1089,-0.607
450,1089,-0.54
459,1089,-0.589
468,1089,-0.58
477,1089,-0.76
486,1089,-0.749
495,1089,-0.807
504,1089,-0.795
513,1089,-0.784
522,1089,-0.708
531,1089,-0.638
540,1089,-0.629
549,1089,-0.621
558,1089,-0.671
567,1089,-0.605
576,1089,-0.597
585,1089,-0.537
594,1089,-0.583
603,1089,-0.475
612,1089,-0.517
621,1089,-0.511
630,1089,-0.608
639,1089,-0.499
648,1089,-0.542
657,1089,-0.699
666,1089,-0.751
675,1089,-0.683
684,1089,-0.796
693,1089,-0.726
702,1089,-0.779
711,1089,-0.771
720,1089,-0.703
729,1089,-0.817
738,1089,-0.688
747,1089,-0.739
756,1089,-0.731
765,1089,-0.784
774,1089,-0.776
783,1089,-0.769
792,1089,-0.823
801,1089,-0.879
810,1089,-0.938
819,1089,-0.863
828,1089,-0.792
837,1089,-0.981
846,1089,-1.117
855,1089,-1.034
864,1089,-0.955
873,1089,-0.947
882,1089,-0.749
891,1089,-0.743
900,1089,-0.858
909,1089,-0.789
918,1089,-0.723
927,1089,-0.717
936,1089,-0.894
945,1089,-0.823
954,1089,-0.879
963,1089,-0.749
972,1089,0.866
981,1089,0.797
990,1089,0.852
999,1089,0.846
1008,1089,0.971
1017,1089,0.964
1026,1089,0.958
1035,1089,1.021
1044,1089,1.162
1053,1089,1.079
1062,1089,0.865
1071,1089,0.925
1080,1089,0.791
1089,1089,0.785
1098,1089,0.664
1107,1089,0.605
1116,1089,0.6
1125,1089,0.546
1134,1089,0.643
1143,1089,0.752
1152,1089,0.872
1161,1089,0.683
1170,1089,0.623
1179,1089,0.567
1188,1089,0.562
1197,1089,0.558
1206,1089,0.459
1215,1089,0.6
1224,1089,0.706
1233,1089,0.761
1242,1089,0.757
1251,1089,0.635
1260,1089,0.687
1269,1089,0.806
1278,1089,0.937
1287,1089,1.005
1296,1089,0.858
1305,1089,0.787
1314,1089,0.783
1323,1089,0.715
1332,1089,0.542
1341,1089,0.591
1350,1089,0.703
1359,1089,0.828
1368,1089,0.757
1377,1089,0.69
1386,1089,0.749
1395,1089,0.813
1404,1089,0.678
1413,1089,0.805
1422,1089,0.873
1431,1089,0.73
1440,1089,0.795
1449,1089,0.488
1458,1089,0.537
1467,1089,0.651
1476,1089,0.782
1485,1089,0.852
1494,1089,1.098
1503,1089,0.926
1512,1089,0.845
1521,1089,0.842
1530,1089,0.693
1539,1089,0.622
1548,1089,0.687
1557,1089,0.684
1566,1089,0.548
1575,1089,0.752
1584,1089,1.004
1593,1089,0.914
1602,1089,0.913
1611,1089,1.006
1620,1089,1.008
1629,1089,0.914
1638,1089,1.223
1647,1089,1.346
1656,1089,1.481
1665,1089,1.244
1674,1089,1.252
1683,1089,1.388
1692,1089,1.272
1701,1089,1.555
1710,1089,1.575
1719,1089,1.179
1728,1089,1.191
1737,1089,1.49
1746,1089,1.22
1755,1089,1.238
1764,1089,1.41
1773,1089,1.439
1782,1089,1.471
1791,1089,1.027
1800,1089,0.904
1809,1089,0.919
1818,1089,0.795
1827,1089,0.675
1836,1089,0.828
1845,1089,0.696
1854,1089,0.712
1863,1089,0.442
1872,1089,0.442
1881,1089,0.311
1890,1089,0.448
1899,1089,0.699
1908,1089,0.492
1917,1089,0.728
9,1098,-0.062
18,1098,-0.331
27,1098,-0.305
36,1098,-0.584
45,1098,-0.525
54,1098,-0.361
63,1098,-0.341
72,1098,-0.325
81,1098,-0.237
90,1098,-0.382
99,1098,-0.289
108,1098,-0.351
117,1098,-0.416
126,1098,-0.484
135,1098,-0.464
144,1098,-0.447
153,1098,-0.511
162,1098,-0.672
171,1098,-0.646
180,1098,-0.623
189,1098,-0.691
198,1098,-0.581
207,1098,-0.736
216,1098,-0.711
225,1098,-0.606
234,1098,-0.588
243,1098,-0.571
252,1098,-0.555
261,1098,-0.613
270,1098,-0.672
279,1098,-0.513
288,1098,-0.439
297,1098,-0.488
306,1098,-0.476
315,1098,-0.409
324,1098,-0.577
333,1098,-0.502
342,1098,-0.434
351,1098,-0.48
360,1098,-0.589
369,1098,-0.642
378,1098,-0.696
387,1098,-0.615
396,1098,-0.484
405,1098,-0.474
414,1098,-0.465
423,1098,-0.509
432,1098,-0.555
441,1098,-0.544
450,1098,-0.48
459,1098,-0.524
468,1098,-0.514
477,1098,-0.679
486,1098,-0.666
495,1098,-0.718
504,1098,-0.705
513,1098,-0.693
522,1098,-0.62
531,1098,-0.554
540,1098,-0.544
549,1098,-0.535
558,1098,-0.579
567,1098,-0.517
576,1098,-0.508
585,1098,-0.453
594,1098,-0.492
603,1098,-0.395
612,1098,-0.43
621,1098,-0.423
630,1098,-0.508
639,1098,-0.41
648,1098,-0.492
657,1098,-0.637
666,1098,-0.684
675,1098,-0.618
684,1098,-0.722
693,1098,-0.654
702,1098,-0.702
711,1098,-0.692
720,1098,-0.626
729,1098,-0.73
738,1098,-0.608
747,1098,-0.653
756,1098,-0.644
765,1098,-0.749
774,1098,-0.739
783,1098,-0.729
792,1098,-0.779
801,1098,-0.831
810,1098,-0.885
819,1098,-0.81
828,1098,-0.74
837,1098,-0.918
846,1098,-1.122
855,1098,-1.035
864,1098,-0.953
873,1098,-0.942
882,1098,-0.802
891,1098,-0.792
900,1098,-0.91
909,1098,-0.835
918,1098,-0.764
927,1098,-0.755
936,1098,-0.935
945,1098,-0.86
954,1098,-0.915
963,1098,-0.779
972,1098,0.895
981,1098,0.822
990,1098,0.876
999,1098,0.867
1008,1098,0.991
1017,1098,0.982
1026,1098,0.972
1035,1098,1.032
1044,1098,1.172
1053,1098,1.085
1062,1098,0.867
1071,1098,0.925
1080,1098,0.787
1089,1098,0.779
1098,1098,0.656
1107,1098,0.596
1116,1098,0.589
1125,1098,0.533
1134,1098,0.627
1143,1098,0.731
1152,1098,0.847
1161,1098,0.659
1170,1098,0.598
1179,1098,0.541
1188,1098,0.535
1197,1098,0.528
1206,1098,0.431
1215,1098,0.564
1224,1098,0.664
1233,1098,0.715
1242,1098,0.708
1251,1098,0.643
1260,1098,0.693
1269,1098,0.81
1278,1098,0.939
1287,1098,1.004
1296,1098,0.854
1305,1098,0.78
1314,1098,0.773
1323,1098,0.704
1332,1098,0.53
1341,1098,0.576
1350,1098,0.683
1359,1098,0.804
1368,1098,0.731
1377,1098,0.663
1386,1098,0.718
1395,1098,0.777
1404,1098,0.643
1413,1098,0.763
1422,1098,0.826
1431,1098,0.685
1440,1098,0.813
1449,1098,0.499
1458,1098,0.546
1467,1098,0.659
1476,1098,0.788
1485,1098,0.856
1494,1098,1.098
1503,1098,0.923
1512,1098,0.838
1521,1098,0.833
1530,1098,0.681
1539,1098,0.609
1548,1098,0.669
1557,1098,0.663
1566,1098,0.528
1575,1098,0.724
1584,1098,0.966
1593,1098,0.874
1602,1098,0.869
1611,1098,0.955
1620,1098,0.952
1629,1098,0.858
1638,1098,1.15
1647,1098,1.263
1656,1098,1.386
1665,1098,1.152
1674,1098,1.154
1683,1098,1.276
1692,1098,1.159
1701,1098,1.42
1710,1098,1.43
1719,1098,1.051
1728,1098,1.055
1737,1098,1.324
1746,1098,1.065
1755,1098,1.072
1764,1098,1.219
1773,1098,1.234
1782,1098,1.251
1791,1098,0.84
1800,1098,0.722
1809,1098,0.724
1818,1098,0.606
1827,1098,0.494
1836,1098,0.605
1845,1098,0.607
1854,1098,0.762
1863,1098,0.475
1872,1098,0.472
1881,1098,0.333
1890,1098,0.472
1899,1098,0.725
1908,1098,0.508
1917,1098,0.738
9,1107,-0.059
18,1107,-0.316
27,1107,-0.288
36,1107,-0.553
45,1107,-0.493
54,1107,-0.334
63,1107,-0.313
72,1107,-0.296
81,1107,-0.213
90,1107,-0.345
99,1107,-0.258
108,1107,-0.313
117,1107,-0.372
126,1107,-0.433
135,1107,-0.413
144,1107,-0.395
153,1107,-0.453
162,1107,-0.6
171,1107,-0.574
180,1107,-0.551
189,1107,-0.612
198,1107,-0.509
207,1107,-0.649
216,1107,-0.624
225,1107,-0.526
234,1107,-0.508
243,1107,-0.491
252,1107,-0.475
261,1107,-0.525
270,1107,-0.577
279,1107,-0.432
288,1107,-0.366
297,1107,-0.407
306,1107,-0.396
315,1107,-0.336
324,1107,-0.482
333,1107,-0.414
342,1107,-0.354
351,1107,-0.392
360,1107,-0.487
369,1107,-0.532
378,1107,-0.579
387,1107,-0.505
396,1107,-0.39
405,1107,-0.38
414,1107,-0.371
423,1107,-0.407
432,1107,-0.446
441,1107,-0.435
450,1107,-0.379
459,1107,-0.415
468,1107,-0.405
477,1107,-0.546
486,1107,-0.534
495,1107,-0.577
504,1107,-0.621
513,1107,-0.608
522,1107,-0.54
531,1107,-0.477
540,1107,-0.467
549,1107,-0.457
558,1107,-0.495
567,1107,-0.438
576,1107,-0.428
585,1107,-0.377
594,1107,-0.411
603,1107,-0.324
612,1107,-0.354
621,1107,-0.346
630,1107,-0.419
639,1107,-0.332
648,1107,-0.402
657,1107,-0.528
666,1107,-0.568
675,1107,-0.508
684,1107,-0.598
693,1107,-0.536
702,1107,-0.576
711,1107,-0.566
720,1107,-0.507
729,1107,-0.596
738,1107,-0.488
747,1107,-0.525
756,1107,-0.564
765,1107,-0.658
774,1107,-0.703
783,1107,-0.691
792,1107,-0.737
801,1107,-0.785
810,1107,-0.834
819,1107,-0.76
828,1107,-0.69
837,1107,-0.858
846,1107,-1.051
855,1107,-0.965
864,1107,-0.884
873,1107,-0.87
882,1107,-0.735
891,1107,-0.723
900,1107,-0.832
909,1107,-0.759
918,1107,-0.69
927,1107,-0.679
936,1107,-0.846
945,1107,-0.772
954,1107,-0.821
963,1107,-0.692
972,1107,0.798
981,1107,0.727
990,1107,0.775
999,1107,0.763
1008,1107,0.876
1017,1107,0.864
1026,1107,0.852
1035,1107,0.906
1044,1107,1.031
1053,1107,0.948
1062,1107,0.746
1071,1107,0.795
1080,1107,0.668
1089,1107,0.659
1098,1107,0.546
1107,1107,0.491
1116,1107,0.483
1125,1107,0.432
1134,1107,0.512
1143,1107,0.601
1152,1107,0.701
1161,1107,0.533
1170,1107,0.478
1179,1107,0.427
1188,1107,0.419
1197,1107,0.412
1206,1107,0.329
1215,1107,0.438
1224,1107,0.521
1233,1107,0.562
1242,1107,0.554
1251,1107,0.545
1260,1107,0.587
1269,1107,0.69
1278,1107,0.804
1287,1107,0.86
1296,1107,0.721
1305,1107,0.652
1314,1107,0.643
1323,1107,0.578
1332,1107,0.424
1341,1107,0.461
1350,1107,0.552
1359,1107,0.655
1368,1107,0.588
1377,1107,0.526
1386,1107,0.571
1395,1107,0.618
1404,1107,0.5
1413,1107,0.6
1422,1107,0.65
1431,1107,0.527
1440,1107,0.632
1449,1107,0.366
1458,1107,0.403
1467,1107,0.493
1476,1107,0.596
1485,1107,0.649
1494,1107,0.85
1503,1107,0.697
1512,1107,0.622
1521,1107,0.613
1530,1107,0.486
1539,1107,0.425
1548,1107,0.469
1557,1107,0.517
1566,1107,0.399
1575,1107,0.56
1584,1107,0.763
1593,1107,0.678
1602,1107,0.746
1611,1107,0.819
1620,1107,0.811
1629,1107,0.72
1638,1107,0.979
1647,1107,1.074
1656,1107,1.179
1665,1107,0.961
1674,1107,0.955
1683,1107,1.056
1692,1107,0.945
1701,1107,1.167
1710,1107,1.167
1719,1107,0.826
1728,1107,0.82
1737,1107,1.042
1746,1107,0.81
1755,1107,0.806
1764,1107,0.918
1773,1107,0.917
1782,1107,1.052
1791,1107,0.792
1800,1107,0.671
1809,1107,0.79
1818,1107,0.662
1827,1107,0.541
1836,1107,0.656
1845,1107,0.655
1854,1107,0.813
1863,1107,0.511
1872,1107,0.504
1881,1107,0.355
1890,1107,0.497
1899,1107,0.753
1908,1107,0.524
1917,1107,0.747
9,1116,-0.056
18,1116,-0.302
27,1116,-0.271
36,1116,-0.524
45,1116,-0.462
54,1116,-0.308
63,1116,-0.287
72,1116,-0.269
81,1116,-0.19
90,1116,-0.311
99,1116,-0.229
108,1116,-0.279
117,1116,-0.331
126,1116,-0.386
135,1116,-0.366
144,1116,-0.348
153,1116,-0.399
162,1116,-0.533
171,1116,-0.507
180,1116,-0.484
189,1116,-0.538
198,1116,-0.442
207,1116,-0.568
216,1116,-0.544
225,1116,-0.453
234,1116,-0.435
243,1116,-0.418
252,1116,-0.403
261,1116,-0.446
270,1116,-0.492
279,1116,-0.361
288,1116,-0.301
297,1116,-0.336
306,1116,-0.325
315,1116,-0.271
324,1116,-0.398
333,1116,-0.337
342,1116,-0.284
351,1116,-0.316
360,1116,-0.397
369,1116,-0.435
378,1116,-0.475
387,1116,-0.409
396,1116,-0.309
405,1116,-0.299
414,1116,-0.29
423,1116,-0.32
432,1116,-0.352
441,1116,-0.342
450,1116,-0.293
459,1116,-0.322
468,1116,-0.313
477,1116,-0.431
486,1116,-0.419
495,1116,-0.455
504,1116,-0.492
513,1116,-0.479
522,1116,-0.419
531,1116,-0.366
540,1116,-0.356
549,1116,-0.346
558,1116,-0.377
567,1116,-0.328
576,1116,-0.319
585,1116,-0.277
594,1116,-0.303
603,1116,-0.262
612,1116,-0.287
621,1116,-0.279
630,1116,-0.341
639,1116,-0.297
648,1116,-0.36
657,1116,-0.477
666,1116,-0.512
675,1116,-0.455
684,1116,-0.537
693,1116,-0.525
702,1116,-0.562
711,1116,-0.549
720,1116,-0.489
729,1116,-0.575
738,1116,-0.467
747,1116,-0.502
756,1116,-0.538
765,1116,-0.627
774,1116,-0.668
783,1116,-0.654
792,1116,-0.696
801,1116,-0.74
810,1116,-0.785
819,1116,-0.711
828,1116,-0.642
837,1116,-0.801
846,1116,-0.983
855,1116,-0.898
864,1116,-0.881
873,1116,-0.865
882,1116,-0.787
891,1116,-0.773
900,1116,-0.883
909,1116,-0.804
918,1116,-0.73
927,1116,-0.717
936,1116,-0.886
945,1116,-0.807
954,1116,-0.856
963,1116,-0.72
972,1116,0.826
981,1116,0.751
990,1116,0.797
999,1116,0.783
1008,1116,0.895
1017,1116,0.88
1026,1116,0.866
1035,1116,0.917
1044,1116,1.04
1053,1116,0.954
1062,1116,0.748
1071,1116,0.795
1080,1116,0.722
1089,1116,0.709
1098,1116,0.589
1107,1116,0.529
1116,1116,0.518
1125,1116,0.463
1134,1116,0.545
1143,1116,0.636
1152,1116,0.737
1161,1116,0.561
1170,1116,0.502
1179,1116,0.447
1188,1116,0.438
1197,1116,0.428
1206,1116,0.379
1215,1116,0.497
1224,1116,0.585
1233,1116,0.627
1242,1116,0.616
1251,1116,0.604
1260,1116,0.648
1269,1116,0.754
1278,1116,0.872
1287,1116,0.928
1296,1116,0.779
1305,1116,0.705
1314,1116,0.692
1323,1116,0.622
1332,1116,0.458
1341,1116,0.495
1350,1116,0.588
1359,1116,0.693
1368,1116,0.622
1377,1116,0.555
1386,1116,0.599
1395,1116,0.646
1404,1116,0.522
1413,1116,0.623
1422,1116,0.672
1431,1116,0.543
1440,1116,0.648
1449,1116,0.375
1458,1116,0.41
1467,1116,0.499
1476,1116,0.602
1485,1116,0.652
1494,1116,0.851
1503,1116,0.695
1512,1116,0.617
1521,1116,0.606
1530,1116,0.477
1539,1116,0.414
1548,1116,0.455
1557,1116,0.499
1566,1116,0.382
1575,1116,0.536
1584,1116,0.731
1593,1116,0.645
1602,1116,0.707
1611,1116,0.774
1620,1116,0.762
1629,1116,0.75
1638,1116,1.011
1647,1116,1.105
1656,1116,1.207
1665,1116,0.981
1674,1116,0.972
1683,1116,1.07
1692,1116,0.953
1701,1116,1.172
1710,1116,1.166
1719,1116,0.82
1728,1116,0.811
1737,1116,1.026
1746,1116,0.791
1755,1116,0.782
1764,1116,0.886
1773,1116,0.88
1782,1116,1.004
1791,1116,0.746
1800,1116,0.624
1809,1116,0.729
1818,1116,0.601
1827,1116,0.481
1836,1116,0.579
1845,1116,0.569
1854,1116,0.702
1863,1116,0.418
1872,1116,0.399
1881,1116,0.26
1890,1116,0.355
1899,1116,0.522
1908,1116,0.54
1917,1116,0.757
9,1125,-0.053
18,1125,-0.288
27,1125,-0.255
36,1125,-0.495
45,1125,-0.433
54,1125,-0.284
63,1125,-0.262
72,1125,-0.243
81,1125,-0.169
90,1125,-0.28
99,1125,-0.202
108,1125,-0.246
117,1125,-0.293
126,1125,-0.342
135,1125,-0.322
144,1125,-0.304
153,1125,-0.35
162,1125,-0.471
171,1125,-0.446
180,1125,-0.422
189,1125,-0.471
198,1125,-0.381
207,1125,-0.495
216,1125,-0.471
225,1125,-0.387
234,1125,-0.369
243,1125,-0.353
252,1125,-0.338
261,1125,-0.375
270,1125,-0.415
279,1125,-0.297
288,1125,-0.244
297,1125,-0.274
306,1125,-0.263
315,1125,-0.216
324,1125,-0.325
333,1125,-0.271
342,1125,-0.225
351,1125,-0.251
360,1125,-0.319
369,1125,-0.351
378,1125,-0.384
387,1125,-0.326
396,1125,-0.24
405,1125,-0.231
414,1125,-0.223
423,1125,-0.247
432,1125,-0.31
441,1125,-0.299
450,1125,-0.254
459,1125,-0.279
468,1125,-0.306
477,1125,-0.42
486,1125,-0.407
495,1125,-0.44
504,1125,-0.474
513,1125,-0.459
522,1125,-0.4
531,1125,-0.346
540,1125,-0.335
549,1125,-0.324
558,1125,-0.352
567,1125,-0.304
576,1125,-0.295
585,1125,-0.253
594,1125,-0.276
603,1125,-0.237
612,1125,-0.259
621,1125,-0.251
630,1125,-0.306
639,1125,-0.265
648,1125,-0.322
657,1125,-0.429
666,1125,-0.46
675,1125,-0.405
684,1125,-0.48
693,1125,-0.466
702,1125,-0.499
711,1125,-0.486
720,1125,-0.429
729,1125,-0.505
738,1125,-0.405
747,1125,-0.435
756,1125,-0.466
765,1125,-0.546
774,1125,-0.582
783,1125,-0.567
792,1125,-0.604
801,1125,-0.641
810,1125,-0.681
819,1125,-0.611
828,1125,-0.546
837,1125,-0.688
846,1125,-0.852
855,1125,-0.771
864,1125,-0.754
873,1125,-0.737
882,1125,-0.665
891,1125,-0.649
900,1125,-0.746
909,1125,-0.673
918,1125,-0.605
927,1125,-0.591
936,1125,-0.739
945,1125,-0.723
954,1125,-0.765
963,1125,-0.637
972,1125,0.733
981,1125,0.661
990,1125,0.702
999,1125,0.686
1008,1125,0.787
1017,1125,0.771
1026,1125,0.754
1035,1125,0.799
1044,1125,0.91
1053,1125,0.828
1062,1125,0.638
1071,1125,0.677
1080,1125,0.609
1089,1125,0.596
1098,1125,0.487
1107,1125,0.475
1116,1125,0.463
1125,1125,0.451
1134,1125,0.53
1143,1125,0.617
1152,1125,0.714
1161,1125,0.54
1170,1125,0.48
1179,1125,0.425
1188,1125,0.414
1197,1125,0.403
1206,1125,0.354
1215,1125,0.465
1224,1125,0.548
1233,1125,0.586
1242,1125,0.572
1251,1125,0.559
1260,1125,0.598
1269,1125,0.697
1278,1125,0.806
1287,1125,0.857
1296,1125,0.713
1305,1125,0.64
1314,1125,0.626
1323,1125,0.557
1332,1125,0.403
1341,1125,0.435
1350,1125,0.518
1359,1125,0.613
1368,1125,0.544
1377,1125,0.481
1386,1125,0.518
1395,1125,0.558
1404,1125,0.493
1413,1125,0.646
1422,1125,0.693
1431,1125,0.56
1440,1125,0.664
1449,1125,0.384
1458,1125,0.418
1467,1125,0.506
1476,1125,0.607
1485,1125,0.655
1494,1125,0.852
1503,1125,0.692
1512,1125,0.612
1521,1125,0.663
1530,1125,0.524
1539,1125,0.455
1548,1125,0.496
1557,1125,0.541
1566,1125,0.415
1575,1125,0.576
1584,1125,0.776
1593,1125,0.684
1602,1125,0.745
1611,1125,0.812
1620,1125,0.796
1629,1125,0.781
1638,1125,1.045
1647,1125,1.136
1656,1125,1.236
1665,1125,1.002
1674,1125,0.988
1683,1125,1.083
1692,1125,0.961
1701,1125,1.176
1710,1125,1.165
1719,1125,0.815
1728,1125,0.801
1737,1125,1.01
1746,1125,0.772
1755,1125,0.758
1764,1125,0.855
1773,1125,0.843
1782,1125,0.957
1791,1125,0.701
1800,1125,0.578
1809,1125,0.672
1818,1125,0.544
1827,1125,0.425
1836,1125,0.509
1845,1125,0.614
1854,1125,0.751
1863,1125,0.45
1872,1125,0.428
1881,1125,0.279
1890,1125,0.376
1899,1125,0.544
1908,1125,0.557
1917,1125,0.767
9,1134,-0.05
18,1134,-0.274
27,1134,-0.24
36,1134,-0.468
45,1134,-0.405
54,1134,-0.26
63,1134,-0.238
72,1134,-0.219
81,1134,-0.204
90,1134,-0.324
99,1134,-0.233
108,1134,-0.277
117,1134,-0.324
126,1134,-0.372
135,1134,-0.347
144,1134,-0.325
153,1134,-0.369
162,1134,-0.491
171,1134,-0.461
180,1134,-0.434
189,1134,-0.479
198,1134,-0.386
207,1134,-0.497
216,1134,-0.471
225,1134,-0.384
234,1134,-0.364
243,1134,-0.346
252,1134,-0.329
261,1134,-0.363
270,1134,-0.4
279,1134,-0.284
288,1134,-0.231
297,1134,-0.258
306,1134,-0.246
315,1134,-0.2
324,1134,-0.302
333,1134,-0.249
342,1134,-0.204
351,1134,-0.228
360,1134,-0.291
369,1134,-0.319
378,1134,-0.348
387,1134,-0.293
396,1134,-0.212
405,1134,-0.234
414,1134,-0.224
423,1134,-0.247
432,1134,-0.309
441,1134,-0.297
450,1134,-0.25
459,1134,-0.274
468,1134,-0.298
477,1134,-0.409
486,1134,-0.394
495,1134,-0.425
504,1134,-0.456
513,1134,-0.44
522,1134,-0.424
531,1134,-0.367
540,1134,-0.353
549,1134,-0.341
558,1134,-0.367
567,1134,-0.316
576,1134,-0.305
585,1134,-0.261
594,1134,-0.283
603,1134,-0.242
612,1134,-0.263
621,1134,-0.253
630,1134,-0.308
639,1134,-0.265
648,1134,-0.321
657,1134,-0.426
666,1134,-0.455
675,1134,-0.398
684,1134,-0.47
693,1134,-0.455
702,1134,-0.486
711,1134,-0.517
720,1134,-0.456
729,1134,-0.534
738,1134,-0.471
747,1134,-0.502
756,1134,-0.534
765,1134,-0.619
774,1134,-0.655
783,1134,-0.637
792,1134,-0.674
801,1134,-0.771
810,1134,-0.813
819,1134,-0.731
828,1134,-0.656
837,1134,-0.813
846,1134,-0.991
855,1134,-0.899
864,1134,-0.877
873,1134,-0.856
882,1134,-0.773
891,1134,-0.753
900,1134,-0.857
909,1134,-0.774
918,1134,-0.697
927,1134,-0.679
936,1134,-0.838
945,1134,-0.818
954,1134,-0.927
963,1134,-0.779
972,1134,0.885
981,1134,0.801
990,1134,0.844
999,1134,0.824
1008,1134,0.934
1017,1134,0.913
1026,1134,0.893
1035,1134,0.939
1044,1134,1.059
1053,1134,0.966
1062,1134,0.752
1071,1134,0.794
1080,1134,0.716
1089,1134,0.699
1098,1134,0.575
1107,1134,0.56
1116,1134,0.545
1125,1134,0.53
1134,1134,0.615
1143,1134,0.709
1152,1134,0.812
1161,1134,0.619
1170,1134,0.552
1179,1134,0.49
1188,1134,0.476
1197,1134,0.462
1206,1134,0.406
1215,1134,0.527
1224,1134,0.614
1233,1134,0.653
1242,1134,0.636
1251,1134,0.62
1260,1134,0.659
1269,1134,0.762
1278,1134,0.875
1287,1134,0.926
1296,1134,0.771
1305,1134,0.753
1314,1134,0.736
1323,1134,0.658
1332,1134,0.482
1341,1134,0.517
1350,1134,0.608
1359,1134,0.711
1368,1134,0.633
1377,1134,0.617
1386,1134,0.659
1395,1134,0.704
1404,1134,0.625
1413,1134,0.801
1422,1134,0.854
1431,1134,0.698
1440,1134,0.816
1449,1134,0.491
1458,1134,0.529
1467,1134,0.629
1476,1134,0.743
1485,1134,0.796
1494,1134,1.015
1503,1134,0.834
1512,1134,0.741
1521,1134,0.796
1530,1134,0.637
1539,1134,0.557
1548,1134,0.603
1557,1134,0.652
1566,1134,0.507
1575,1134,0.687
1584,1134,0.908
1593,1134,0.804
1602,1134,0.87
1611,1134,0.94
1620,1134,0.921
1629,1134,0.902
1638,1134,1.187
1647,1134,1.283
1656,1134,1.387
1665,1134,1.133
1674,1134,1.115
1683,1134,1.214
1692,1134,1.08
1701,1134,1.307
1710,1134,1.292
1719,1134,0.915
1728,1134,0.897
1737,1134,1.118
1746,1134,0.861
1755,1134,0.843
1764,1134,0.944
1773,1134,0.928
1782,1134,1.046
1791,1134,0.771
1800,1134,0.638
1809,1134,0.735
1818,1134,0.597
1827,1134,0.467
1836,1134,0.554
1845,1134,0.663
1854,1134,0.802
1863,1134,0.484
1872,1134,0.458
1881,1134,0.299
1890,1134,0.398
1899,1134,0.567
1908,1134,0.575
1917,1134,0.777
9,1143,-0.048
18,1143,-0.261
27,1143,-0.225
36,1143,-0.441
45,1143,-0.378
54,1143,-0.239
63,1143,-0.216
72,1143,-0.197
81,1143,-0.181
90,1143,-0.291
99,1143,-0.205
108,1143,-0.245
117,1143,-0.287
126,1143,-0.329
135,1143,-0.305
144,1143,-0.283
153,1143,-0.322
162,1143,-0.432
171,1143,-0.403
180,1143,-0.377
189,1143,-0.417
198,1143,-0.331
207,1143,-0.43
216,1143,-0.404
225,1143,-0.325
234,1143,-0.306
243,1143,-0.338
252,1143,-0.32
261,1143,-0.352
270,1143,-0.385
279,1143,-0.315
288,1143,-0.256
297,1143,-0.283
306,1143,-0.268
315,1143,-0.218
324,1143,-0.323
333,1143,-0.266
342,1143,-0.217
351,1143,-0.24
360,1143,-0.303
369,1143,-0.33
378,1143,-0.359
387,1143,-0.3
396,1143,-0.216
405,1143,-0.237
414,1143,-0.226
423,1143,-0.248
432,1143,-0.308
441,1143,-0.294
450,1143,-0.246
459,1143,-0.268
468,1143,-0.291
477,1143,-0.399
486,1143,-0.382
495,1143,-0.41
504,1143,-0.439
513,1143,-0.421
522,1143,-0.404
531,1143,-0.347
540,1143,-0.333
549,1143,-0.319
558,1143,-0.343
567,1143,-0.293
576,1143,-0.281
585,1143,-0.238
594,1143,-0.258
603,1143,-0.218
612,1143,-0.236
621,1143,-0.226
630,1143,-0.276
639,1143,-0.235
648,1143,-0.285
657,1143,-0.381
666,1143,-0.407
675,1143,-0.353
684,1143,-0.418
693,1143,-0.402
702,1143,-0.429
711,1143,-0.456
720,1143,-0.44
729,1143,-0.514
738,1143,-0.451
747,1143,-0.479
756,1143,-0.508
765,1143,-0.589
774,1143,-0.622
783,1143,-0.602
792,1143,-0.635
801,1143,-0.727
810,1143,-0.764
819,1143,-0.684
828,1143,-0.609
837,1143,-0.757
846,1143,-0.925
855,1143,-0.835
864,1143,-0.811
873,1143,-0.788
882,1143,-0.707
891,1143,-0.744
900,1143,-0.844
909,1143,-0.76
918,1143,-0.681
927,1143,-0.661
936,1143,-0.815
945,1143,-0.793
954,1143,-0.897
963,1143,-0.749
972,1143,0.85
981,1143,0.766
990,1143,0.805
999,1143,0.783
1008,1143,0.887
1017,1143,0.864
1026,1143,0.841
1035,1143,0.883
1044,1143,0.996
1053,1143,0.903
1062,1143,0.696
1071,1143,0.734
1080,1143,0.657
1089,1143,0.638
1098,1143,0.52
1107,1143,0.503
1116,1143,0.487
1125,1143,0.471
1134,1143,0.548
1143,1143,0.633
1152,1143,0.727
1161,1143,0.546
1170,1143,0.482
1179,1143,0.423
1188,1143,0.409
1197,1143,0.394
1206,1143,0.342
1215,1143,0.449
1224,1143,0.525
1233,1143,0.558
1242,1143,0.54
1251,1143,0.523
1260,1143,0.557
1269,1143,0.646
1278,1143,0.746
1287,1143,0.788
1296,1143,0.646
1305,1143,0.627
1314,1143,0.609
1323,1143,0.537
1332,1143,0.383
1341,1143,0.41
1350,1143,0.486
1359,1143,0.572
1368,1143,0.502
1377,1143,0.485
1386,1143,0.519
1395,1143,0.555
1404,1143,0.485
1413,1143,0.632
1422,1143,0.674
1431,1143,0.594
1440,1143,0.764
1449,1143,0.451
1458,1143,0.538
1467,1143,0.638
1476,1143,0.75
1485,1143,0.8
1494,1143,1.016
1503,1143,0.831
1512,1143,0.736
1521,1143,0.865
1530,1143,0.694
1539,1143,0.606
1548,1143,0.653
1557,1143,0.702
1566,1143,0.547
1575,1143,0.733
1584,1143,0.96
1593,1143,0.849
1602,1143,0.914
1611,1143,0.983
1620,1143,0.96
1629,1143,0.937
1638,1143,1.225
1647,1143,1.318
1656,1143,1.419
1665,1143,1.156
1674,1143,1.134
1683,1143,1.229
1692,1143,1.089
1701,1143,1.313
1710,1143,1.292
1719,1143,0.91
1728,1143,0.887
1737,1143,1.101
1746,1143,0.841
1755,1143,0.818
1764,1143,0.912
1773,1143,0.89
1782,1143,0.999
1791,1143,0.725
1800,1143,0.591
1809,1143,0.677
1818,1143,0.54
1827,1143,0.413
1836,1143,0.485
1845,1143,0.576
1854,1143,0.691
1863,1143,0.394
1872,1143,0.489
1881,1143,0.32
1890,1143,0.42
1899,1143,0.591
1908,1143,0.592
1917,1143,0.787
9,1152,-0.045
18,1152,-0.248
27,1152,-0.211
36,1152,-0.415
45,1152,-0.352
54,1152,-0.218
63,1152,-0.195
72,1152,-0.177
81,1152,-0.161
90,1152,-0.26
99,1152,-0.181
108,1152,-0.216
117,1152,-0.252
126,1152,-0.29
135,1152,-0.266
144,1152,-0.245
153,1152,-0.279
162,1152,-0.378
171,1152,-0.35
180,1152,-0.325
189,1152,-0.36
198,1152,-0.281
207,1152,-0.369
216,1152,-0.344
225,1152,-0.272
234,1152,-0.255
243,1152,-0.282
252,1152,-0.264
261,1152,-0.291
270,1152,-0.32
279,1152,-0.257
288,1152,-0.205
297,1152,-0.266
306,1152,-0.251
315,1152,-0.201
324,1152,-0.3
333,1152,-0.244
342,1152,-0.197
351,1152,-0.253
360,1152,-0.316
369,1152,-0.342
378,1152,-0.369
387,1152,-0.35
396,1152,-0.254
405,1152,-0.276
414,1152,-0.262
423,1152,-0.284
432,1152,-0.348
441,1152,-0.331
450,1152,-0.277
459,1152,-0.299
468,1152,-0.322
477,1152,-0.435
486,1152,-0.415
495,1152,-0.442
504,1152,-0.47
513,1152,-0.45
522,1152,-0.43
531,1152,-0.368
540,1152,-0.351
549,1152,-0.335
558,1152,-0.358
567,1152,-0.305
576,1152,-0.291
585,1152,-0.246
594,1152,-0.264
603,1152,-0.223
612,1152,-0.271
621,1152,-0.258
630,1152,-0.311
639,1152,-0.265
648,1152,-0.318
657,1152,-0.419
666,1152,-0.445
675,1152,-0.385
684,1152,-0.452
693,1152,-0.434
702,1152,-0.46
711,1152,-0.487
720,1152,-0.468
729,1152,-0.543
738,1152,-0.476
747,1152,-0.503
756,1152,-0.531
765,1152,-0.611
774,1152,-0.642
783,1152,-0.62
792,1152,-0.652
801,1152,-0.742
810,1152,-0.778
819,1152,-0.694
828,1152,-0.616
837,1152,-0.763
846,1152,-0.929
855,1152,-0.835
864,1152,-0.809
873,1152,-0.784
882,1152,-0.7
891,1152,-0.734
900,1152,-0.832
909,1152,-0.745
918,1152,-0.665
927,1152,-0.643
936,1152,-0.792
945,1152,-0.768
954,1152,-0.868
963,1152,-0.72
972,1152,0.816
981,1152,0.791
990,1152,0.829
999,1152,0.804
1008,1152,0.907
1017,1152,0.881
1026,1152,0.855
1035,1152,0.895
1044,1152,1.005
1053,1152,0.909
1062,1152,0.698
1071,1152,0.734
1080,1152,0.655
1089,1152,0.633
1098,1152,0.513
1107,1152,0.495
1116,1152,0.477
1125,1152,0.459
1134,1152,0.533
1143,1152,0.615
1152,1152,0.705
1161,1152,0.525
1170,1152,0.461
1179,1152,0.402
1188,1152,0.386
1197,1152,0.37
1206,1152,0.319
1215,1152,0.419
1224,1152,0.49
1233,1152,0.519
1242,1152,0.501
1251,1152,0.482
1260,1152,0.512
1269,1152,0.594
1278,1152,0.686
1287,1152,0.787
1296,1152,0.643
1305,1152,0.621
1314,1152,0.6
1323,1152,0.527
1332,1152,0.373
1341,1152,0.398
1350,1152,0.471
1359,1152,0.553
1368,1152,0.482
1377,1152,0.464
1386,1152,0.494
1395,1152,0.526
1404,1152,0.456
1413,1152,0.596
1422,1152,0.633
1431,1152,0.554
1440,1152,0.715
1449,1152,0.413
1458,1152,0.493
1467,1152,0.585
1476,1152,0.688
1485,1152,0.732
1494,1152,0.934
1503,1152,0.755
1512,1152,0.662
1521,1152,0.779
1530,1152,0.616
1539,1152,0.532
1548,1152,0.571
1557,1152,0.613
1566,1152,0.468
1575,1152,0.634
1584,1152,0.837
1593,1152,0.731
1602,1152,0.786
1611,1152,0.844
1620,1152,0.818
1629,1152,0.791
1638,1152,1.151
1647,1152,1.235
1656,1152,1.326
1665,1152,1.069
1674,1152,1.041
1683,1152,1.126
1692,1152,0.986
1701,1152,1.191
1710,1152,1.292
1719,1152,1.017
1728,1152,0.99
1737,1152,1.215
1746,1152,0.935
1755,1152,0.908
1764,1152,1.005
1773,1152,0.979
1782,1152,1.091
1791,1152,0.798
1800,1152,0.652
1809,1152,0.741
1818,1152,0.592
1827,1152,0.455
1836,1152,0.53
1845,1152,0.622
1854,1152,0.74
1863,1152,0.425
1872,1152,0.522
1881,1152,0.343
1890,1152,0.443
1899,1152,0.615
1908,1152,0.61
1917,1152,0.797
9,1161,-0.043
18,1161,-0.236
27,1161,-0.198
36,1161,-0.391
45,1161,-0.328
54,1161,-0.199
63,1161,-0.176
72,1161,-0.158
81,1161,-0.142
90,1161,-0.232
99,1161,-0.158
108,1161,-0.189
117,1161,-0.221
126,1161,-0.254
135,1161,-0.288
144,1161,-0.263
153,1161,-0.295
162,1161,-0.395
171,1161,-0.363
180,1161,-0.334
189,1161,-0.367
198,1161,-0.284
207,1161,-0.37
216,1161,-0.344
225,1161,-0.269
234,1161,-0.25
243,1161,-0.275
252,1161,-0.256
261,1161,-0.281
270,1161,-0.307
279,1161,-0.245
288,1161,-0.193
297,1161,-0.25
306,1161,-0.234
315,1161,-0.219
324,1161,-0.321
333,1161,-0.261
342,1161,-0.21
351,1161,-0.266
360,1161,-0.33
369,1161,-0.355
378,1161,-0.38
387,1161,-0.359
396,1161,-0.259
405,1161,-0.28
414,1161,-0.264
423,1161,-0.284
432,1161,-0.347
441,1161,-0.328
450,1161,-0.31
459,1161,-0.332
468,1161,-0.355
477,1161,-0.473
486,1161,-0.449
495,1161,-0.476
504,1161,-0.503
513,1161,-0.479
522,1161,-0.456
531,1161,-0.389
540,1161,-0.37
549,1161,-0.352
558,1161,-0.374
567,1161,-0.317
576,1161,-0.301
585,1161,-0.253
594,1161,-0.271
603,1161,-0.227
612,1161,-0.275
621,1161,-0.261
630,1161,-0.313
639,1161,-0.265
648,1161,-0.317
657,1161,-0.416
666,1161,-0.439
675,1161,-0.379
684,1161,-0.443
693,1161,-0.468
702,1161,-0.493
711,1161,-0.519
720,1161,-0.497
729,1161,-0.573
738,1161,-0.501
747,1161,-0.527
756,1161,-0.605
765,1161,-0.69
774,1161,-0.721
783,1161,-0.695
792,1161,-0.726
801,1161,-0.821
810,1161,-0.855
819,1161,-0.763
828,1161,-0.678
837,1161,-0.831
846,1161,-1.003
855,1161,-0.902
864,1161,-0.871
873,1161,-0.842
882,1161,-0.752
891,1161,-0.785
900,1161,-0.883
909,1161,-0.854
918,1161,-0.764
927,1161,-0.737
936,1161,-0.897
945,1161,-0.867
954,1161,-0.972
963,1161,-0.81
972,1161,0.911
981,1161,0.882
990,1161,0.919
999,1161,0.889
1008,1161,0.997
1017,1161,0.966
1026,1161,0.936
1035,1161,0.975
1044,1161,1.089
1053,1161,0.984
1062,1161,0.759
1071,1161,0.794
1080,1161,0.708
1089,1161,0.683
1098,1161,0.555
1107,1161,0.533
1116,1161,0.513
1125,1161,0.492
1134,1161,0.568
1143,1161,0.65
1152,1161,0.741
1161,1161,0.553
1170,1161,0.484
1179,1161,0.421
1188,1161,0.403
1197,1161,0.386
1206,1161,0.331
1215,1161,0.432
1224,1161,0.503
1233,1161,0.531
1242,1161,0.51
1251,1161,0.489
1260,1161,0.517
1269,1161,0.598
1278,1161,0.688
1287,1161,0.786
1296,1161,0.639
1305,1161,0.615
1314,1161,0.592
1323,1161,0.518
1332,1161,0.363
1341,1161,0.386
1350,1161,0.455
1359,1161,0.588
1368,1161,0.512
1377,1161,0.491
1386,1161,0.52
1395,1161,0.551
1404,1161,0.477
1413,1161,0.618
1422,1161,0.654
1431,1161,0.571
1440,1161,0.732
1449,1161,0.423
1458,1161,0.502
1467,1161,0.593
1476,1161,0.694
1485,1161,0.808
1494,1161,1.019
1503,1161,0.827
1512,1161,0.725
1521,1161,0.847
1530,1161,0.672
1539,1161,0.58
1548,1161,0.619
1557,1161,0.661
1566,1161,0.507
1575,1161,0.678
1584,1161,0.887
1593,1161,0.857
1602,1161,0.915
1611,1161,0.976
1620,1161,0.945
1629,1161,0.914
1638,1161,1.303
1647,1161,1.39
1656,1161,1.485
1665,1161,1.205
1674,1161,1.172
1683,1161,1.26
1692,1161,1.108
1701,1161,1.324
1710,1161,1.428
1719,1161,1.132
1728,1161,1.1
1737,1161,1.336
1746,1161,1.036
1755,1161,1.004
1764,1161,1.104
1773,1161,1.073
1782,1161,1.188
1791,1161,0.875
1800,1161,0.717
1809,1161,0.809
1818,1161,0.648
1827,1161,0.5
1836,1161,0.576
1845,1161,0.671
1854,1161,0.791
1863,1161,0.458
1872,1161,0.557
1881,1161,0.366
1890,1161,0.467
1899,1161,0.64
1908,1161,0.629
1917,1161,0.807
9,1170,-0.04
18,1170,-0.224
27,1170,-0.185
36,1170,-0.367
45,1170,-0.304
54,1170,-0.181
63,1170,-0.158
72,1170,-0.14
81,1170,-0.125
90,1170,-0.206
99,1170,-0.184
108,1170,-0.215
117,1170,-0.246
126,1170,-0.279
135,1170,-0.311
144,1170,-0.281
153,1170,-0.312
162,1170,-0.412
171,1170,-0.376
180,1170,-0.343
189,1170,-0.374
198,1170,-0.288
207,1170,-0.372
216,1170,-0.343
225,1170,-0.267
234,1170,-0.246
243,1170,-0.269
252,1170,-0.248
261,1170,-0.271
270,1170,-0.294
279,1170,-0.232
288,1170,-0.182
297,1170,-0.235
306,1170,-0.218
315,1170,-0.202
324,1170,-0.298
333,1170,-0.24
342,1170,-0.191
351,1170,-0.242
360,1170,-0.301
369,1170,-0.322
378,1170,-0.344
387,1170,-0.323
396,1170,-0.229
405,1170,-0.247
414,1170,-0.231
423,1170,-0.249
432,1170,-0.305
441,1170,-0.286
450,1170,-0.269
459,1170,-0.287
468,1170,-0.307
477,1170,-0.413
486,1170,-0.39
495,1170,-0.412
504,1170,-0.436
513,1170,-0.412
522,1170,-0.39
531,1170,-0.329
540,1170,-0.31
549,1170,-0.293
558,1170,-0.311
567,1170,-0.26
576,1170,-0.245
585,1170,-0.203
594,1170,-0.217
603,1170,-0.179
612,1170,-0.218
621,1170,-0.206
630,1170,-0.249
639,1170,-0.207
648,1170,-0.25
657,1170,-0.334
666,1170,-0.353
675,1170,-0.299
684,1170,-0.353
693,1170,-0.373
702,1170,-0.393
711,1170,-0.414
720,1170,-0.394
729,1170,-0.457
738,1170,-0.394
747,1170,-0.415
756,1170,-0.48
765,1170,-0.552
774,1170,-0.577
783,1170,-0.552
792,1170,-0.577
801,1170,-0.657
810,1170,-0.685
819,1170,-0.604
828,1170,-0.529
837,1170,-0.658
846,1170,-0.805
855,1170,-0.715
864,1170,-0.686
873,1170,-0.659
882,1170,-0.58
891,1170,-0.606
900,1170,-0.688
909,1170,-0.66
918,1170,-0.582
927,1170,-0.557
936,1170,-0.69
945,1170,-0.719
954,1170,-0.81
963,1170,-0.664
972,1170,0.751
981,1170,0.722
990,1170,0.752
999,1170,0.724
1008,1170,0.816
1017,1170,0.786
1026,1170,0.757
1035,1170,0.851
1044,1170,0.953
1053,1170,0.854
1062,1170,0.647
1071,1170,0.676
1080,1170,0.596
1089,1170,0.572
1098,1170,0.455
1107,1170,0.435
1116,1170,0.415
1125,1170,0.395
1134,1170,0.459
1143,1170,0.529
1152,1170,0.606
1161,1170,0.44
1170,1170,0.379
1179,1170,0.324
1188,1170,0.308
1197,1170,0.291
1206,1170,0.245
1215,1170,0.326
1224,1170,0.384
1233,1170,0.405
1242,1170,0.385
1251,1170,0.366
1260,1170,0.387
1269,1170,0.452
1278,1170,0.525
1287,1170,0.605
1296,1170,0.479
1305,1170,0.457
1314,1170,0.435
1323,1170,0.372
1332,1170,0.281
1341,1170,0.335
1350,1170,0.396
1359,1170,0.515
1368,1170,0.491
1377,1170,0.468
1386,1170,0.495
1395,1170,0.523
1404,1170,0.449
1413,1170,0.583
1422,1170,0.615
1431,1170,0.532
1440,1170,0.684
1449,1170,0.386
1458,1170,0.459
1467,1170,0.542
1476,1170,0.635
1485,1170,0.74
1494,1170,0.936
1503,1170,0.75
1512,1170,0.651
1521,1170,0.762
1530,1170,0.595
1539,1170,0.507
1548,1170,0.54
1557,1170,0.575
1566,1170,0.431
1575,1170,0.583
1584,1170,0.77
1593,1170,0.738
1602,1170,0.786
1611,1170,0.837
1620,1170,0.804
1629,1170,0.77
1638,1170,1.117
1647,1170,1.189
1656,1170,1.268
1665,1170,1.007
1674,1170,0.971
1683,1170,1.041
1692,1170,0.898
1701,1170,1.081
1710,1170,1.164
1719,1170,0.894
1728,1170,0.858
1737,1170,1.052
1746,1170,0.784
1755,1170,0.747
1764,1170,0.82
1773,1170,0.782
1782,1170,0.864
1791,1170,0.826
1800,1170,0.667
1809,1170,0.748
1818,1170,0.708
1827,1170,0.547
1836,1170,0.626
1845,1170,0.723
1854,1170,0.845
1863,1170,0.493
1872,1170,0.593
1881,1170,0.39
1890,1170,0.493
1899,1170,0.666
1908,1170,0.648
1917,1170,0.818
9,1179,-0.038
18,1179,-0.212
27,1179,-0.173
36,1179,-0.344
45,1179,-0.282
54,1179,-0.164
63,1179,-0.142
72,1179,-0.124
81,1179,-0.109
90,1179,-0.182
99,1179,-0.161
108,1179,-0.188
117,1179,-0.215
126,1179,-0.243
135,1179,-0.272
144,1179,-0.244
153,1179,-0.27
162,1179,-0.359
171,1179,-0.325
180,1179,-0.294
189,1179,-0.321
198,1179,-0.243
207,1179,-0.317
216,1179,-0.289
225,1179,-0.221
234,1179,-0.202
243,1179,-0.221
252,1179,-0.202
261,1179,-0.221
270,1179,-0.24
279,1179,-0.186
288,1179,-0.142
297,1179,-0.186
306,1179,-0.171
315,1179,-0.157
324,1179,-0.238
333,1179,-0.22
342,1179,-0.173
351,1179,-0.219
360,1179,-0.273
369,1179,-0.292
378,1179,-0.311
387,1179,-0.331
396,1179,-0.234
405,1179,-0.251
414,1179,-0.268
423,1179,-0.285
432,1179,-0.345
441,1179,-0.322
450,1179,-0.301
459,1179,-0.32
468,1179,-0.338
477,1179,-0.45
486,1179,-0.423
495,1179,-0.445
504,1179,-0.467
513,1179,-0.44
522,1179,-0.415
531,1179,-0.349
540,1179,-0.328
549,1179,-0.308
558,1179,-0.325
567,1179,-0.271
576,1179,-0.254
585,1179,-0.21
594,1179,-0.223
603,1179,-0.183
612,1179,-0.222
621,1179,-0.208
630,1179,-0.25
639,1179,-0.207
648,1179,-0.249
657,1179,-0.331
666,1179,-0.348
675,1179,-0.294
684,1179,-0.384
693,1179,-0.403
702,1179,-0.423
711,1179,-0.443
720,1179,-0.419
729,1179,-0.484
738,1179,-0.416
747,1179,-0.436
756,1179,-0.502
765,1179,-0.573
774,1179,-0.597
783,1179,-0.569
792,1179,-0.593
801,1179,-0.672
810,1179,-0.698
819,1179,-0.613
828,1179,-0.535
837,1179,-0.663
846,1179,-0.809
855,1179,-0.715
864,1179,-0.684
873,1179,-0.654
882,1179,-0.574
891,1179,-0.597
900,1179,-0.676
909,1179,-0.647
918,1179,-0.567
927,1179,-0.541
936,1179,-0.669
945,1179,-0.695
954,1179,-0.782
963,1179,-0.637
972,1179,0.719
981,1179,0.689
990,1179,0.716
999,1179,0.686
1008,1179,0.772
1017,1179,0.741
1026,1179,0.71
1035,1179,0.799
1044,1179,0.894
1053,1179,0.796
1062,1179,0.596
1071,1179,0.675
1080,1179,0.594
1089,1179,0.567
1098,1179,0.449
1107,1179,0.427
1116,1179,0.406
1125,1179,0.385
1134,1179,0.445
1143,1179,0.512
1152,1179,0.586
1161,1179,0.421
1170,1179,0.361
1179,1179,0.306
1188,1179,0.289
1197,1179,0.272
1206,1179,0.227
1215,1179,0.302
1224,1179,0.355
1233,1179,0.373
1242,1179,0.353
1251,1179,0.334
1260,1179,0.351
1269,1179,0.411
1278,1179,0.477
1287,1179,0.551
1296,1179,0.43
1305,1179,0.407
1314,1179,0.386
1323,1179,0.326
1332,1179,0.241
1341,1179,0.324
1350,1179,0.382
1359,1179,0.496
1368,1179,0.471
1377,1179,0.447
1386,1179,0.471
1395,1179,0.495
1404,1179,0.422
1413,1179,0.548
1422,1179,0.576
1431,1179,0.494
1440,1179,0.637
1449,1179,0.352
1458,1179,0.419
1467,1179,0.494
1476,1179,0.579
1485,1179,0.675
1494,1179,0.857
1503,1179,0.678
1512,1179,0.646
1521,1179,0.753
1530,1179,0.585
1539,1179,0.495
1548,1179,0.525
1557,1179,0.557
1566,1179,0.414
1575,1179,0.559
1584,1179,0.738
1593,1179,0.703
1602,1179,0.746
1611,1179,0.878
1620,1179,0.84
1629,1179,0.802
1638,1179,1.154
1647,1179,1.224
1656,1179,1.299
1665,1179,1.029
1674,1179,0.988
1683,1179,1.055
1692,1179,0.907
1701,1179,1.207
1710,1179,1.292
1719,1179,1.001
1728,1179,0.959
1737,1179,1.164
1746,1179,0.875
1755,1179,0.833
1764,1179,0.908
1773,1179,0.865
1782,1179,0.948
1791,1179,0.905
1800,1179,0.734
1809,1179,0.816
1818,1179,0.771
1827,1179,0.598
1836,1179,0.679
1845,1179,0.777
1854,1179,0.901
1863,1179,0.53
1872,1179,0.631
1881,1179,0.416
1890,1179,0.519
1899,1179,0.692
1908,1179,0.667
1917,1179,0.828
9,1188,-0.036
18,1188,-0.201
27,1188,-0.161
36,1188,-0.322
45,1188,-0.261
54,1188,-0.216
63,1188,-0.183
72,1188,-0.156
81,1188,-0.135
90,1188,-0.215
99,1188,-0.187
108,1188,-0.274
117,1188,-0.303
126,1188,-0.333
135,1188,-0.362
144,1188,-0.321
153,1188,-0.348
162,1188,-0.448
171,1188,-0.403
180,1188,-0.363
189,1188,-0.389
198,1188,-0.295
207,1188,-0.376
216,1188,-0.341
225,1188,-0.261
234,1188,-0.237
243,1188,-0.256
252,1188,-0.233
261,1188,-0.252
270,1188,-0.27
279,1188,-0.209
288,1188,-0.16
297,1188,-0.206
306,1188,-0.222
315,1188,-0.203
324,1188,-0.296
333,1188,-0.273
342,1188,-0.216
351,1188,-0.268
360,1188,-0.327
369,1188,-0.346
378,1188,-0.365
387,1188,-0.385
396,1188,-0.275
405,1188,-0.291
414,1188,-0.308
423,1188,-0.326
432,1188,-0.388
441,1188,-0.362
450,1188,-0.337
459,1188,-0.355
468,1188,-0.373
477,1188,-0.489
486,1188,-0.458
495,1188,-0.479
504,1188,-0.5
513,1188,-0.469
522,1188,-0.441
531,1188,-0.37
540,1188,-0.346
549,1188,-0.324
558,1188,-0.34
567,1188,-0.283
576,1188,-0.264
585,1188,-0.216
594,1188,-0.229
603,1188,-0.187
612,1188,-0.225
621,1188,-0.21
630,1188,-0.251
639,1188,-0.207
648,1188,-0.247
657,1188,-0.328
666,1188,-0.344
675,1188,-0.322
684,1188,-0.417
693,1188,-0.435
702,1188,-0.454
711,1188,-0.473
720,1188,-0.447
729,1188,-0.512
738,1188,-0.44
747,1188,-0.458
756,1188,-0.524
765,1188,-0.596
774,1188,-0.618
783,1188,-0.587
792,1188,-0.609
801,1188,-0.687
810,1188,-0.711
819,1188,-0.622
828,1188,-0.541
837,1188,-0.668
846,1188,-0.812
855,1188,-0.776
864,1188,-0.741
873,1188,-0.707
882,1188,-0.619
891,1188,-0.642
900,1188,-0.722
909,1188,-0.689
918,1188,-0.603
927,1188,-0.574
936,1188,-0.705
945,1188,-0.729
954,1188,-0.816
963,1188,-0.664
972,1188,0.746
981,1188,0.713
990,1188,0.738
999,1188,0.705
1008,1188,0.79
1017,1188,0.756
1026,1188,0.722
1035,1188,0.809
1044,1188,0.903
1053,1188,0.801
1062,1188,0.598
1071,1188,0.675
1080,1188,0.591
1089,1188,0.562
1098,1188,0.443
1107,1188,0.419
1116,1188,0.396
1125,1188,0.374
1134,1188,0.432
1143,1188,0.496
1152,1188,0.566
1161,1188,0.403
1170,1188,0.343
1179,1188,0.289
1188,1188,0.27
1197,1188,0.253
1206,1188,0.209
1215,1188,0.279
1224,1188,0.328
1233,1188,0.344
1242,1188,0.323
1251,1188,0.303
1260,1188,0.318
1269,1188,0.372
1278,1188,0.432
1287,1188,0.499
1296,1188,0.384
1305,1188,0.362
1314,1188,0.34
1323,1188,0.283
1332,1188,0.205
1341,1188,0.278
1350,1188,0.329
1359,1188,0.431
1368,1188,0.406
1377,1188,0.382
1386,1188,0.401
1395,1188,0.421
1404,1188,0.353
1413,1188,0.464
1422,1188,0.486
1431,1188,0.411
1440,1188,0.535
1449,1188,0.32
1458,1188,0.38
1467,1188,0.449
1476,1188,0.526
1485,1188,0.614
1494,1188,0.783
1503,1188,0.61
1512,1188,0.578
1521,1188,0.674
1530,1188,0.514
1539,1188,0.429
1548,1188,0.454
1557,1188,0.479
1566,1188,0.348
1575,1188,0.475
1584,1188,0.634
1593,1188,0.598
1602,1188,0.633
1611,1188,0.747
1620,1188,0.708
1629,1188,0.75
1638,1188,1.083
1647,1188,1.145
1656,1188,1.211
1665,1188,0.947
1674,1188,1.006
1683,1188,1.07
1692,1188,0.915
1701,1188,1.212
1710,1188,1.293
1719,1188,0.996
1728,1188,0.949
1737,1188,1.147
1746,1188,0.855
1755,1188,0.809
1764,1188,0.876
1773,1188,0.828
1782,1188,0.903
1791,1188,0.854
1800,1188,0.683
1809,1188,0.755
1818,1188,0.704
1827,1188,0.652
1836,1188,0.734
1845,1188,0.834
1854,1188,0.959
1863,1188,0.568
1872,1188,0.67
1881,1188,0.443
1890,1188,0.546
1899,1188,0.719
1908,1188,0.687
1917,1188,0.839
9,1197,-0.034
18,1197,-0.19
27,1197,-0.15
36,1197,-0.302
45,1197,-0.24
54,1197,-0.28
63,1197,-0.316
72,1197,-0.264
81,1197,-0.223
90,1197,-0.327
99,1197,-0.28
108,1197,-0.386
117,1197,-0.506
126,1197,-0.535
135,1197,-0.563
144,1197,-0.498
153,1197,-0.525
162,1197,-0.75
171,1197,-0.673
180,1197,-0.605
189,1197,-0.631
198,1197,-0.491
207,1197,-0.596
216,1197,-0.54
225,1197,-0.423
234,1197,-0.383
243,1197,-0.404
252,1197,-0.368
261,1197,-0.388
270,1197,-0.409
279,1197,-0.322
288,1197,-0.251
297,1197,-0.311
306,1197,-0.329
315,1197,-0.3
324,1197,-0.417
333,1197,-0.384
342,1197,-0.307
351,1197,-0.371
360,1197,-0.441
369,1197,-0.461
378,1197,-0.481
387,1197,-0.501
396,1197,-0.364
405,1197,-0.382
414,1197,-0.399
423,1197,-0.417
432,1197,-0.488
441,1197,-0.454
450,1197,-0.422
459,1197,-0.44
468,1197,-0.458
477,1197,-0.588
486,1197,-0.551
495,1197,-0.571
504,1197,-0.591
513,1197,-0.554
522,1197,-0.519
531,1197,-0.437
540,1197,-0.408
549,1197,-0.381
558,1197,-0.397
567,1197,-0.331
576,1197,-0.308
585,1197,-0.254
594,1197,-0.266
603,1197,-0.218
612,1197,-0.259
621,1197,-0.241
630,1197,-0.285
639,1197,-0.234
648,1197,-0.277
657,1197,-0.363
666,1197,-0.378
675,1197,-0.353
684,1197,-0.452
693,1197,-0.469
702,1197,-0.487
711,1197,-0.505
720,1197,-0.523
729,1197,-0.593
738,1197,-0.51
747,1197,-0.529
756,1197,-0.599
765,1197,-0.674
774,1197,-0.696
783,1197,-0.66
792,1197,-0.681
801,1197,-0.762
810,1197,-0.785
819,1197,-0.688
828,1197,-0.598
837,1197,-0.731
846,1197,-0.881
855,1197,-0.84
864,1197,-0.8
873,1197,-0.762
882,1197,-0.667
891,1197,-0.689
900,1197,-0.77
909,1197,-0.733
918,1197,-0.641
927,1197,-0.608
936,1197,-0.742
945,1197,-0.765
954,1197,-0.852
963,1197,-0.692
972,1197,0.774
981,1197,0.738
990,1197,0.761
999,1197,0.724
1008,1197,0.809
1017,1197,0.771
1026,1197,0.735
1035,1197,0.82
1044,1197,0.912
1053,1197,0.807
1062,1197,0.599
1071,1197,0.675
1080,1197,0.588
1089,1197,0.558
1098,1197,0.437
1107,1197,0.412
1116,1197,0.387
1125,1197,0.364
1134,1197,0.419
1143,1197,0.48
1152,1197,0.546
1161,1197,0.386
1170,1197,0.325
1179,1197,0.272
1188,1197,0.284
1197,1197,0.297
1206,1197,0.246
1215,1197,0.323
1224,1197,0.375
1233,1197,0.391
1242,1197,0.367
1251,1197,0.383
1260,1197,0.399
1269,1197,0.46
1278,1197,0.528
1287,1197,0.602
1296,1197,0.469
1305,1197,0.442
1314,1197,0.415
1323,1197,0.348
1332,1197,0.256
1341,1197,0.34
1350,1197,0.397
1359,1197,0.51
1368,1197,0.481
1377,1197,0.452
1386,1197,0.471
1395,1197,0.492
1404,1197,0.415
1413,1197,0.536
1422,1197,0.559
1431,1197,0.474
1440,1197,0.608
1449,1197,0.37
1458,1197,0.435
1467,1197,0.508
1476,1197,0.59
1485,1197,0.682
1494,1197,0.86
1503,1197,0.674
1512,1197,0.636
1521,1197,0.736
1530,1197,0.564
1539,1197,0.472
1548,1197,0.496
1557,1197,0.521
1566,1197,0.379
1575,1197,0.512
1584,1197,0.676
1593,1197,0.636
1602,1197,0.669
1611,1197,0.785
1620,1197,0.742
1629,1197,0.782
1638,1197,1.119
1647,1197,1.178
1656,1197,1.241
1665,1197,1.075
1674,1197,1.136
1683,1197,1.201
1692,1197,1.033
1701,1197,1.348
1710,1197,1.431
1719,1197,1.111
1728,1197,1.058
1737,1197,1.265
1746,1197,0.952
1755,1197,0.899
1764,1197,0.968
1773,1197,0.914
1782,1197,0.991
1791,1197,0.936
1800,1197,0.751
1809,1197,0.824
1818,1197,0.767
1827,1197,0.71
1836,1197,0.793
1845,1197,0.894
1854,1197,1.02
1863,1197,0.608
1872,1197,0.711
1881,1197,0.471
1890,1197,0.574
1899,1197,0.747
1908,1197,0.707
1917,1197,0.849
9,1206,-0.102
18,1206,-0.326
27,1206,-0.236
36,1206,-0.414
45,1206,-0.321
54,1206,-0.356
63,1206,-0.388
72,1206,-0.32
81,1206,-0.266
90,1206,-0.377
99,1206,-0.32
108,1206,-0.429
117,1206,-0.552
126,1206,-0.577
135,1206,-0.601
144,1206,-0.528
153,1206,-0.551
162,1206,-0.778
171,1206,-0.694
180,1206,-0.716
189,1206,-0.739
198,1206,-0.577
207,1206,-0.687
216,1206,-0.621
225,1206,-0.487
234,1206,-0.439
243,1206,-0.459
252,1206,-0.415
261,1206,-0.499
270,1206,-0.518
279,1206,-0.412
288,1206,-0.323
297,1206,-0.391
306,1206,-0.409
315,1206,-0.373
324,1206,-0.504
333,1206,-0.462
342,1206,-0.372
351,1206,-0.441
360,1206,-0.517
369,1206,-0.535
378,1206,-0.554
387,1206,-0.573
396,1206,-0.42
405,1206,-0.436
414,1206,-0.453
423,1206,-0.47
432,1206,-0.543
441,1206,-0.504
450,1206,-0.467
459,1206,-0.484
468,1206,-0.501
477,1206,-0.636
486,1206,-0.655
495,1206,-0.674
504,1206,-0.693
513,1206,-0.649
522,1206,-0.607
531,1206,-0.513
540,1206,-0.478
549,1206,-0.494
558,1206,-0.511
567,1206,-0.429
576,1206,-0.4
585,1206,-0.332
594,1206,-0.345
603,1206,-0.285
612,1206,-0.333
621,1206,-0.309
630,1206,-0.359
639,1206,-0.298
648,1206,-0.346
657,1206,-0.443
666,1206,-0.459
675,1206,-0.429
684,1206,-0.539
693,1206,-0.555
702,1206,-0.572
711,1206,-0.59
720,1206,-0.607
729,1206,-0.682
738,1206,-0.589
747,1206,-0.606
756,1206,-0.68
765,1206,-0.76
774,1206,-0.78
783,1206,-0.738
792,1206,-0.758
801,1206,-0.843
810,1206,-0.865
819,1206,-0.82
828,1206,-0.717
837,1206,-0.864
846,1206,-1.027
855,1206,-0.978
864,1206,-0.931
873,1206,-0.885
882,1206,-0.778
891,1206,-0.799
900,1206,-0.886
909,1206,-0.842
918,1206,-0.739
927,1206,-0.7
936,1206,-0.843
945,1206,-0.866
954,1206,-0.957
963,1206,-0.782
972,1206,0.868
981,1206,0.825
990,1206,0.848
999,1206,0.806
1008,1206,0.894
1017,1206,0.851
1026,1206,0.809
1035,1206,0.897
1044,1206,0.992
1053,1206,0.878
1062,1206,0.655
1071,1206,0.733
1080,1206,0.695
1089,1206,0.659
1098,1206,0.522
1107,1206,0.491
1116,1206,0.462
1125,1206,0.433
1134,1206,0.494
1143,1206,0.559
1152,1206,0.631
1161,1206,0.451
1170,1206,0.382
1179,1206,0.32
1188,1206,0.333
1197,1206,0.345
1206,1206,0.288
1215,1206,0.372
1224,1206,0.428
1233,1206,0.443
1242,1206,0.415
1251,1206,0.431
1260,1206,0.446
1269,1206,0.51
1278,1206,0.581
1287,1206,0.658
1296,1206,0.515
1305,1206,0.483
1314,1206,0.453
1323,1206,0.381
1332,1206,0.281
1341,1206,0.369
1350,1206,0.427
1359,1206,0.544
1368,1206,0.511
1377,1206,0.479
1386,1206,0.55
1395,1206,0.571
1404,1206,0.484
1413,1206,0.615
1422,1206,0.638
1431,1206,0.543
1440,1206,0.687
1449,1206,0.426
1458,1206,0.495
1467,1206,0.573
1476,1206,0.659
1485,1206,0.755
1494,1206,1.027
1503,1206,0.816
1512,1206,0.771
1521,1206,0.882
1530,1206,0.686
1539,1206,0.579
1548,1206,0.604
1557,1206,0.631
1566,1206,0.468
1575,1206,0.617
1584,1206,0.799
1593,1206,0.753
1602,1206,0.788
1611,1206,0.914
1620,1206,0.864
1629,1206,0.905
1638,1206,1.27
1647,1206,1.331
1656,1206,1.396
1665,1206,1.214
1674,1206,1.276
1683,1206,1.344
1692,1206,1.159
1701,1206,1.494
1710,1206,1.578
1719,1206,1.234
1728,1206,1.174
1737,1206,1.392
1746,1206,1.055
1755,1206,0.995
1764,1206,1.066
1773,1206,1.006
1782,1206,1.084
1791,1206,1.022
1800,1206,0.823
1809,1206,0.897
1818,1206,0.834
1827,1206,0.77
1836,1206,0.855
1845,1206,0.957
1854,1206,1.084
1863,1206,0.651
1872,1206,0.754
1881,1206,0.5
1890,1206,0.603
1899,1206,0.776
1908,1206,0.728
1917,1206,0.86
9,1215,-0.097
18,1215,-0.311
27,1215,-0.221
36,1215,-0.389
45,1215,-0.297
54,1215,-0.446
63,1215,-0.472
72,1215,-0.383
81,1215,-0.316
90,1215,-0.432
99,1215,-0.363
108,1215,-0.476
117,1215,-0.601
126,1215,-0.621
135,1215,-0.64
144,1215,-0.559
153,1215,-0.578
162,1215,-0.807
171,1215,-0.715
180,1215,-0.734
189,1215,-0.752
198,1215,-0.584
207,1215,-0.691
216,1215,-0.621
225,1215,-0.483
234,1215,-0.433
243,1215,-0.45
252,1215,-0.404
261,1215,-0.484
270,1215,-0.501
279,1215,-0.394
288,1215,-0.307
297,1215,-0.371
306,1215,-0.386
315,1215,-0.349
324,1215,-0.473
333,1215,-0.431
342,1215,-0.343
351,1215,-0.407
360,1215,-0.477
369,1215,-0.492
378,1215,-0.508
387,1215,-0.524
396,1215,-0.378
405,1215,-0.392
414,1215,-0.405
423,1215,-0.419
432,1215,-0.486
441,1215,-0.448
450,1215,-0.412
459,1215,-0.426
468,1215,-0.491
477,1215,-0.622
486,1215,-0.638
495,1215,-0.655
504,1215,-0.671
513,1215,-0.625
522,1215,-0.582
531,1215,-0.488
540,1215,-0.452
549,1215,-0.466
558,1215,-0.48
567,1215,-0.4
576,1215,-0.37
585,1215,-0.304
594,1215,-0.315
603,1215,-0.257
612,1215,-0.301
621,1215,-0.277
630,1215,-0.323
639,1215,-0.265
648,1215,-0.308
657,1215,-0.397
666,1215,-0.409
675,1215,-0.38
684,1215,-0.48
693,1215,-0.494
702,1215,-0.508
711,1215,-0.522
720,1215,-0.536
729,1215,-0.603
738,1215,-0.515
747,1215,-0.53
756,1215,-0.596
765,1215,-0.667
774,1215,-0.683
783,1215,-0.643
792,1215,-0.659
801,1215,-0.734
810,1215,-0.751
819,1215,-0.769
828,1215,-0.668
837,1215,-0.805
846,1215,-0.959
855,1215,-0.91
864,1215,-0.862
873,1215,-0.816
882,1215,-0.711
891,1215,-0.729
900,1215,-0.808
909,1215,-0.764
918,1215,-0.665
927,1215,-0.626
936,1215,-0.758
945,1215,-0.776
954,1215,-0.859
963,1215,-0.693
972,1215,0.77
981,1215,0.728
990,1215,0.747
999,1215,0.706
1008,1215,0.784
1017,1215,0.742
1026,1215,0.701
1035,1215,0.779
1044,1215,0.863
1053,1215,0.756
1062,1215,0.552
1071,1215,0.62
1080,1215,0.584
1089,1215,0.549
1098,1215,0.425
1107,1215,0.397
1116,1215,0.37
1125,1215,0.344
1134,1215,0.394
1143,1215,0.449
1152,1215,0.509
1161,1215,0.39
1170,1215,0.326
1179,1215,0.27
1188,1215,0.279
1197,1215,0.289
1206,1215,0.237
1215,1215,0.309
1224,1215,0.357
1233,1215,0.369
1242,1215,0.342
1251,1215,0.354
1260,1215,0.366
1269,1215,0.465
1278,1215,0.53
1287,1215,0.6
1296,1215,0.512
1305,1215,0.478
1314,1215,0.446
1323,1215,0.372
1332,1215,0.273
1341,1215,0.357
1350,1215,0.413
1359,1215,0.525
1368,1215,0.49
1377,1215,0.457
1386,1215,0.524
1395,1215,0.542
1404,1215,0.506
1413,1215,0.639
1422,1215,0.66
1431,1215,0.56
1440,1215,0.705
1449,1215,0.436
1458,1215,0.504
1467,1215,0.581
1476,1215,0.666
1485,1215,0.759
1494,1215,1.029
1503,1215,0.814
1512,1215,0.766
1521,1215,0.873
1530,1215,0.675
1539,1215,0.566
1548,1215,0.588
1557,1215,0.611
1566,1215,0.506
1575,1215,0.662
1584,1215,0.849
1593,1215,0.798
1602,1215,0.831
1611,1215,0.958
1620,1215,0.902
1629,1215,0.941
1638,1215,1.311
1647,1215,1.369
1656,1215,1.429
1665,1215,1.24
1674,1215,1.299
1683,1215,1.361
1692,1215,1.17
1701,1215,1.501
1710,1215,1.579
1719,1215,1.229
1728,1215,1.163
1737,1215,1.374
1746,1215,1.033
1755,1215,0.969
1764,1215,1.032
1773,1215,0.966
1782,1215,1.035
1791,1215,1.113
1800,1215,0.9
1809,1215,0.975
1818,1215,0.905
1827,1215,0.835
1836,1215,0.919
1845,1215,1.022
1854,1215,1.15
1863,1215,0.695
1872,1215,0.799
1881,1215,0.531
1890,1215,0.633
1899,1215,0.806
1908,1215,0.749
1917,1215,0.871
9,1224,-0.093
18,1224,-0.296
27,1224,-0.207
36,1224,-0.365
45,1224,-0.275
54,1224,-0.414
63,1224,-0.436
72,1224,-0.35
81,1224,-0.284
90,1224,-0.391
99,1224,-0.325
108,1224,-0.429
117,1224,-0.543
126,1224,-0.56
135,1224,-0.575
144,1224,-0.497
153,1224,-0.513
162,1224,-0.724
171,1224,-0.636
180,1224,-0.651
189,1224,-0.666
198,1224,-0.509
207,1224,-0.606
216,1224,-0.539
225,1224,-0.413
234,1224,-0.366
243,1224,-0.38
252,1224,-0.338
261,1224,-0.408
270,1224,-0.421
279,1224,-0.326
288,1224,-0.248
297,1224,-0.302
306,1224,-0.314
315,1224,-0.282
324,1224,-0.388
333,1224,-0.35
342,1224,-0.273
351,1224,-0.327
360,1224,-0.386
369,1224,-0.398
378,1224,-0.411
387,1224,-0.477
396,1224,-0.339
405,1224,-0.35
414,1224,-0.361
423,1224,-0.373
432,1224,-0.433
441,1224,-0.395
450,1224,-0.361
459,1224,-0.372
468,1224,-0.43
477,1224,-0.549
486,1224,-0.562
495,1224,-0.575
504,1224,-0.588
513,1224,-0.544
522,1224,-0.503
531,1224,-0.57
540,1224,-0.528
549,1224,-0.54
558,1224,-0.553
567,1224,-0.462
576,1224,-0.427
585,1224,-0.393
594,1224,-0.404
603,1224,-0.333
612,1224,-0.383
621,1224,-0.353
630,1224,-0.404
639,1224,-0.334
648,1224,-0.383
657,1224,-0.483
666,1224,-0.495
675,1224,-0.459
684,1224,-0.57
693,1224,-0.583
702,1224,-0.596
711,1224,-0.61
720,1224,-0.623
729,1224,-0.694
738,1224,-0.595
747,1224,-0.608
756,1224,-0.678
765,1224,-0.752
774,1224,-0.767
783,1224,-0.721
792,1224,-0.735
801,1224,-0.813
810,1224,-0.829
819,1224,-0.845
828,1224,-0.734
837,1224,-0.878
846,1224,-1.037
855,1224,-0.982
864,1224,-0.928
873,1224,-0.877
882,1224,-0.765
891,1224,-0.78
900,1224,-0.861
909,1224,-0.812
918,1224,-0.706
927,1224,-0.663
936,1224,-0.797
945,1224,-0.814
954,1224,-0.896
963,1224,-0.723
972,1224,0.8
981,1224,0.754
990,1224,0.77
999,1224,0.725
1008,1224,0.803
1017,1224,0.757
1026,1224,0.713
1035,1224,0.79
1044,1224,0.872
1053,1224,0.824
1062,1224,0.605
1071,1224,0.675
1080,1224,0.634
1089,1224,0.595
1098,1224,0.463
1107,1224,0.431
1116,1224,0.4
1125,1224,0.371
1134,1224,0.422
1143,1224,0.478
1152,1224,0.538
1161,1224,0.457
1170,1224,0.384
1179,1224,0.318
1188,1224,0.328
1197,1224,0.337
1206,1224,0.277
1215,1224,0.357
1224,1224,0.408
1233,1224,0.419
1242,1224,0.389
1251,1224,0.4
1260,1224,0.411
1269,1224,0.517
1278,1224,0.583
1287,1224,0.656
1296,1224,0.56
1305,1224,0.522
1314,1224,0.486
1323,1224,0.406
1332,1224,0.298
1341,1224,0.387
1350,1224,0.443
1359,1224,0.559
1368,1224,0.521
1377,1224,0.484
1386,1224,0.552
1395,1224,0.568
1404,1224,0.529
1413,1224,0.663
1422,1224,0.682
1431,1224,0.578
1440,1224,0.723
1449,1224,0.446
1458,1224,0.514
1467,1224,0.589
1476,1224,0.672
1485,1224,0.764
1494,1224,1.031
1503,1224,0.812
1512,1224,0.761
1521,1224,0.864
1530,1224,0.664
1539,1224,0.553
1548,1224,0.572
1557,1224,0.592
1566,1224,0.487
1575,1224,0.635
1584,1224,0.815
1593,1224,0.761
1602,1224,0.789
1611,1224,0.908
1620,1224,0.85
1629,1224,0.883
1638,1224,1.235
1647,1224,1.284
1656,1224,1.337
1665,1224,1.148
1674,1224,1.198
1683,1224,1.251
1692,1224,1.062
1701,1224,1.369
1710,1224,1.434
1719,1224,1.096
1728,1224,1.027
1737,1224,1.215
1746,1224,0.891
1755,1224,0.824
1764,1224,0.873
1773,1224,0.804
1782,1224,0.857
1791,1224,0.915
1800,1224,0.716
1809,1224,0.769
1818,1224,0.696
1827,1224,0.623
1836,1224,0.678
1845,1224,0.907
1854,1224,1.011
1863,1224,0.579
1872,1224,0.845
1881,1224,0.563
1890,1224,0.664
1899,1224,0.836
1908,1224,0.771
1917,1224,0.883
9,1233,-0.088
18,1233,-0.282
27,1233,-0.194
36,1233,-0.342
45,1233,-0.254
54,1233,-0.384
63,1233,-0.401
72,1233,-0.318
81,1233,-0.255
90,1233,-0.353
99,1233,-0.29
108,1233,-0.384
117,1233,-0.489
126,1233,-0.502
135,1233,-0.614
144,1233,-0.527
153,1233,-0.539
162,1233,-0.868
171,1233,-0.761
180,1233,-0.77
189,1233,-0.779
198,1233,-0.598
207,1233,-0.699
216,1233,-0.621
225,1233,-0.477
234,1233,-0.421
243,1233,-0.433
252,1233,-0.384
261,1233,-0.456
270,1233,-0.534
279,1233,-0.417
288,1233,-0.321
297,1233,-0.382
306,1233,-0.393
315,1233,-0.352
324,1233,-0.472
333,1233,-0.425
342,1233,-0.334
351,1233,-0.392
360,1233,-0.456
369,1233,-0.526
378,1233,-0.537
387,1233,-0.612
396,1233,-0.443
405,1233,-0.453
414,1233,-0.464
423,1233,-0.474
432,1233,-0.541
441,1233,-0.495
450,1233,-0.452
459,1233,-0.462
468,1233,-0.526
477,1233,-0.658
486,1233,-0.669
495,1233,-0.68
504,1233,-0.691
513,1233,-0.639
522,1233,-0.59
531,1233,-0.661
540,1233,-0.611
549,1233,-0.622
558,1233,-0.633
567,1233,-0.531
576,1233,-0.489
585,1233,-0.45
594,1233,-0.46
603,1233,-0.38
612,1233,-0.432
621,1233,-0.397
630,1233,-0.451
639,1233,-0.373
648,1233,-0.425
657,1233,-0.529
666,1233,-0.54
675,1233,-0.5
684,1233,-0.615
693,1233,-0.626
702,1233,-0.637
711,1233,-0.648
720,1233,-0.659
729,1233,-0.731
738,1233,-0.625
747,1233,-0.636
756,1233,-0.706
765,1233,-0.78
774,1233,-0.792
783,1233,-0.742
792,1233,-0.755
801,1233,-0.831
810,1233,-0.844
819,1233,-0.858
828,1233,-0.743
837,1233,-0.885
846,1233,-1.042
855,1233,-0.984
864,1233,-0.927
873,1233,-0.873
882,1233,-0.758
891,1233,-0.771
900,1233,-0.848
909,1233,-0.797
918,1233,-0.69
927,1233,-0.645
936,1233,-0.775
945,1233,-0.788
954,1233,-0.867
963,1233,-0.694
972,1233,0.767
981,1233,0.72
990,1233,0.733
999,1233,0.687
1008,1233,0.759
1017,1233,0.713
1026,1233,0.668
1035,1233,0.739
1044,1233,0.815
1053,1233,0.767
1062,1233,0.556
1071,1233,0.62
1080,1233,0.579
1089,1233,0.54
1098,1233,0.414
1107,1233,0.382
1116,1233,0.352
1125,1233,0.324
1134,1233,0.369
1143,1233,0.418
1152,1233,0.472
1161,1233,0.396
1170,1233,0.327
1179,1233,0.268
1188,1233,0.275
1197,1233,0.281
1206,1233,0.227
1215,1233,0.296
1224,1233,0.339
1233,1233,0.348
1242,1233,0.319
1251,1233,0.327
1260,1233,0.374
1269,1233,0.471
1278,1233,0.532
1287,1233,0.598
1296,1233,0.505
1305,1233,0.468
1314,1233,0.432
1323,1233,0.356
1332,1233,0.256
1341,1233,0.334
1350,1233,0.384
1359,1233,0.488
1368,1233,0.45
1377,1233,0.415
1386,1233,0.474
1395,1233,0.486
1404,1233,0.448
1413,1233,0.566
1422,1233,0.581
1431,1233,0.484
1440,1233,0.611
1449,1233,0.363
1458,1233,0.419
1467,1233,0.483
1476,1233,0.553
1485,1233,0.63
1494,1233,0.866
1503,1233,0.666
1512,1233,0.617
1521,1233,0.704
1530,1233,0.525
1539,1233,0.482
1548,1233,0.496
1557,1233,0.574
1566,1233,0.467
1575,1233,0.61
1584,1233,0.781
1593,1233,0.725
1602,1233,0.749
1611,1233,0.86
1620,1233,0.8
1629,1233,0.827
1638,1233,1.161
1647,1233,1.203
1656,1233,1.247
1665,1233,1.061
1674,1233,1.102
1683,1233,1.146
1692,1233,0.961
1701,1233,1.243
1710,1233,1.297
1719,1233,0.972
1728,1233,0.901
1737,1233,1.066
1746,1233,0.761
1755,1233,0.693
1764,1233,0.73
1773,1233,0.66
1782,1233,0.698
1791,1233,0.739
1800,1233,0.556
1809,1233,0.592
1818,1233,0.632
1827,1233,0.556
1836,1233,0.598
1845,1233,0.8
1854,1233,0.882
1863,1233,0.476
1872,1233,0.695
1881,1233,0.43
1890,1233,0.489
1899,1233,0.586
1908,1233,0.793
1917,1233,0.894
9,1242,-0.22
18,1242,-0.462
27,1242,-0.298
36,1242,-0.466
45,1242,-0.338
54,1242,-0.48
63,1242,-0.487
72,1242,-0.382
81,1242,-0.395
90,1242,-0.511
99,1242,-0.417
108,1242,-0.527
117,1242,-0.645
126,1242,-0.65
135,1242,-0.771
144,1242,-0.66
153,1242,-0.666
162,1242,-1.03
171,1242,-0.901
180,1242,-0.903
189,1242,-0.905
198,1242,-0.697
207,1242,-0.803
216,1242,-0.71
225,1242,-0.628
234,1242,-0.556
243,1242,-0.564
252,1242,-0.499
261,1242,-0.58
270,1242,-0.667
279,1242,-0.525
288,1242,-0.408
297,1242,-0.476
306,1242,-0.485
315,1242,-0.433
324,1242,-0.567
333,1242,-0.51
342,1242,-0.403
351,1242,-0.466
360,1242,-0.535
369,1242,-0.609
378,1242,-0.617
387,1242,-0.695
396,1242,-0.508
405,1242,-0.516
414,1242,-0.524
423,1242,-0.532
432,1242,-0.602
441,1242,-0.549
450,1242,-0.5
459,1242,-0.508
468,1242,-0.573
477,1242,-0.71
486,1242,-0.718
495,1242,-0.727
504,1242,-0.736
513,1242,-0.678
522,1242,-0.624
531,1242,-0.695
540,1242,-0.641
549,1242,-0.649
558,1242,-0.658
567,1242,-0.55
576,1242,-0.505
585,1242,-0.463
594,1242,-0.471
603,1242,-0.387
612,1242,-0.439
621,1242,-0.402
630,1242,-0.454
639,1242,-0.374
648,1242,-0.423
657,1242,-0.526
666,1242,-0.534
675,1242,-0.492
684,1242,-0.604
693,1242,-0.613
702,1242,-0.679
711,1242,-0.688
720,1242,-0.697
729,1242,-0.769
738,1242,-0.657
747,1242,-0.666
756,1242,-0.735
765,1242,-0.808
774,1242,-0.818
783,1242,-0.764
792,1242,-0.774
801,1242,-0.849
810,1242,-0.86
819,1242,-0.871
828,1242,-0.752
837,1242,-0.892
846,1242,-1.048
855,1242,-0.986
864,1242,-0.926
873,1242,-0.869
882,1242,-0.751
891,1242,-0.762
900,1242,-0.836
909,1242,-0.783
918,1242,-0.674
927,1242,-0.628
936,1242,-0.753
945,1242,-0.763
954,1242,-0.838
963,1242,-0.666
972,1242,0.735
981,1242,0.686
990,1242,0.756
999,1242,0.707
1008,1242,0.778
1017,1242,0.728
1026,1242,0.68
1035,1242,0.75
1044,1242,0.824
1053,1242,0.772
1062,1242,0.558
1071,1242,0.62
1080,1242,0.576
1089,1242,0.535
1098,1242,0.408
1107,1242,0.375
1116,1242,0.344
1125,1242,0.315
1134,1242,0.357
1143,1242,0.404
1152,1242,0.455
1161,1242,0.378
1170,1242,0.31
1179,1242,0.251
1188,1242,0.257
1197,1242,0.262
1206,1242,0.209
1215,1242,0.273
1224,1242,0.312
1233,1242,0.319
1242,1242,0.29
1251,1242,0.296
1260,1242,0.338
1269,1242,0.428
1278,1242,0.483
1287,1242,0.543
1296,1242,0.454
1305,1242,0.417
1314,1242,0.382
1323,1242,0.31
1332,1242,0.218
1341,1242,0.287
1350,1242,0.33
1359,1242,0.423
1368,1242,0.386
1377,1242,0.352
1386,1242,0.403
1395,1242,0.411
1404,1242,0.375
1413,1242,0.479
1422,1242,0.489
1431,1242,0.4
1440,1242,0.511
1449,1242,0.29
1458,1242,0.337
1467,1242,0.389
1476,1242,0.448
1485,1242,0.512
1494,1242,0.717
1503,1242,0.598
1512,1242,0.55
1521,1242,0.627
1530,1242,0.459
1539,1242,0.416
1548,1242,0.426
1557,1242,0.555
1566,1242,0.448
1575,1242,0.585
1584,1242,0.749
1593,1242,0.69
1602,1242,0.709
1611,1242,0.813
1620,1242,0.751
1629,1242,0.773
1638,1242,1.09
1647,1242,1.125
1656,1242,1.161
1665,1242,0.977
1674,1242,1.01
1683,1242,1.162
1692,1242,0.97
1701,1242,1.25
1710,1242,1.299
1719,1242,0.968
1728,1242,0.892
1737,1242,1.051
1746,1242,0.743
1755,1242,0.672
1764,1242,0.702
1773,1242,0.629
1782,1242,0.66
1791,1242,0.694
1800,1242,0.513
1809,1242,0.541
1818,1242,0.572
1827,1242,0.493
1836,1242,0.525
1845,1242,0.701
1854,1242,0.763
1863,1242,0.386
1872,1242,0.563
1881,1242,0.318
1890,1242,0.516
1899,1242,0.611
1908,1242,0.816
1917,1242,0.905
9,1251,-0.212
18,1251,-0.443
27,1251,-0.438
36,1251,-0.621
45,1251,-0.442
54,1251,-0.593
63,1251,-0.586
72,1251,-0.455
81,1251,-0.46
90,1251,-0.58
99,1251,-0.47
108,1251,-0.582
117,1251,-0.7
126,1251,-0.699
135,1251,-0.82
144,1251,-0.697
153,1251,-0.698
162,1251,-1.067
171,1251,-0.928
180,1251,-0.924
189,1251,-0.921
198,1251,-0.706
207,1251,-0.808
216,1251,-0.711
225,1251,-0.625
234,1251,-0.549
243,1251,-0.554
252,1251,-0.488
261,1251,-0.565
270,1251,-0.647
279,1251,-0.505
288,1251,-0.388
297,1251,-0.453
306,1251,-0.459
315,1251,-0.407
324,1251,-0.533
333,1251,-0.476
342,1251,-0.372
351,1251,-0.43
360,1251,-0.494
369,1251,-0.561
378,1251,-0.567
387,1251,-0.639
396,1251,-0.46
405,1251,-0.465
414,1251,-0.471
423,1251,-0.477
432,1251,-0.54
441,1251,-0.488
450,1251,-0.441
459,1251,-0.447
468,1251,-0.506
477,1251,-0.63
486,1251,-0.636
495,1251,-0.642
504,1251,-0.647
513,1251,-0.592
522,1251,-0.54
531,1251,-0.604
540,1251,-0.61
549,1251,-0.616
558,1251,-0.622
567,1251,-0.516
576,1251,-0.471
585,1251,-0.429
594,1251,-0.434
603,1251,-0.353
612,1251,-0.4
621,1251,-0.364
630,1251,-0.411
639,1251,-0.335
648,1251,-0.379
657,1251,-0.473
666,1251,-0.479
675,1251,-0.438
684,1251,-0.541
693,1251,-0.547
702,1251,-0.606
711,1251,-0.613
720,1251,-0.619
729,1251,-0.683
738,1251,-0.577
747,1251,-0.584
756,1251,-0.645
765,1251,-0.711
774,1251,-0.718
783,1251,-0.665
792,1251,-0.672
801,1251,-0.739
810,1251,-0.746
819,1251,-0.754
828,1251,-0.643
837,1251,-0.768
846,1251,-0.908
855,1251,-0.849
864,1251,-0.792
873,1251,-0.737
882,1251,-0.629
891,1251,-0.636
900,1251,-0.7
909,1251,-0.708
918,1251,-0.603
927,1251,-0.558
936,1251,-0.673
945,1251,-0.68
954,1251,-0.747
963,1251,-0.585
972,1251,0.646
981,1251,0.654
990,1251,0.719
999,1251,0.669
1008,1251,0.735
1017,1251,0.685
1026,1251,0.636
1035,1251,0.701
1044,1251,0.769
1053,1251,0.778
1062,1251,0.56
1071,1251,0.62
1080,1251,0.574
1089,1251,0.531
1098,1251,0.402
1107,1251,0.368
1116,1251,0.335
1125,1251,0.305
1134,1251,0.345
1143,1251,0.389
1152,1251,0.437
1161,1251,0.361
1170,1251,0.294
1179,1251,0.236
1188,1251,0.239
1197,1251,0.243
1206,1251,0.192
1215,1251,0.251
1224,1251,0.287
1233,1251,0.291
1242,1251,0.263
1251,1251,0.267
1260,1251,0.305
1269,1251,0.387
1278,1251,0.437
1287,1251,0.491
1296,1251,0.406
1305,1251,0.369
1314,1251,0.375
1323,1251,0.303
1332,1251,0.211
1341,1251,0.277
1350,1251,0.318
1359,1251,0.406
1368,1251,0.369
1377,1251,0.334
1386,1251,0.381
1395,1251,0.387
1404,1251,0.394
1413,1251,0.499
1422,1251,0.508
1431,1251,0.414
1440,1251,0.525
1449,1251,0.298
1458,1251,0.344
1467,1251,0.395
1476,1251,0.452
1485,1251,0.515
1494,1251,0.718
1503,1251,0.596
1512,1251,0.545
1521,1251,0.62
1530,1251,0.506
1539,1251,0.458
1548,1251,0.468
1557,1251,0.602
1566,1251,0.487
1575,1251,0.628
1584,1251,0.797
1593,1251,0.733
1602,1251,0.75
1611,1251,0.854
1620,1251,0.787
1629,1251,0.806
1638,1251,1.128
1647,1251,1.159
1656,1251,1.192
1665,1251,1
1674,1251,1.029
1683,1251,1.178
1692,1251,0.98
1701,1251,1.257
1710,1251,1.3
1719,1251,0.963
1728,1251,0.882
1737,1251,1.036
1746,1251,0.726
1755,1251,0.65
1764,1251,0.675
1773,1251,0.703
1782,1251,0.733
1791,1251,0.767
1800,1251,0.571
1809,1251,0.598
1818,1251,0.629
1827,1251,0.542
1836,1251,0.573
1845,1251,0.756
1854,1251,0.817
1863,1251,0.417
1872,1251,0.6
1881,1251,0.341
1890,1251,0.543
1899,1251,0.637
1908,1251,0.839
1917,1251,0.917
9,1260,-0.204
18,1260,-0.424
27,1260,-0.416
36,1260,-0.588
45,1260,-0.413
54,1260,-0.554
63,1260,-0.544
72,1260,-0.417
81,1260,-0.42
90,1260,-0.53
99,1260,-0.425
108,1260,-0.527
117,1260,-0.636
126,1260,-0.632
135,1260,-0.743
144,1260,-0.626
153,1260,-0.624
162,1260,-0.967
171,1260,-0.834
180,1260,-0.827
189,1260,-0.822
198,1260,-0.62
207,1260,-0.813
216,1260,-0.711
225,1260,-0.621
234,1260,-0.542
243,1260,-0.545
252,1260,-0.476
261,1260,-0.549
270,1260,-0.627
279,1260,-0.485
288,1260,-0.37
297,1260,-0.43
306,1260,-0.433
315,1260,-0.381
324,1260,-0.501
333,1260,-0.444
342,1260,-0.343
351,1260,-0.396
360,1260,-0.454
369,1260,-0.516
378,1260,-0.52
387,1260,-0.586
396,1260,-0.415
405,1260,-0.418
414,1260,-0.422
423,1260,-0.425
432,1260,-0.482
441,1260,-0.432
450,1260,-0.387
459,1260,-0.391
468,1260,-0.443
477,1260,-0.556
486,1260,-0.559
495,1260,-0.562
504,1260,-0.566
513,1260,-0.513
522,1260,-0.465
531,1260,-0.52
540,1260,-0.524
549,1260,-0.527
558,1260,-0.531
567,1260,-0.434
576,1260,-0.392
585,1260,-0.354
594,1260,-0.357
603,1260,-0.285
612,1260,-0.325
621,1260,-0.292
630,1260,-0.371
639,1260,-0.298
648,1260,-0.338
657,1260,-0.424
666,1260,-0.428
675,1260,-0.431
684,1260,-0.531
693,1260,-0.535
702,1260,-0.591
711,1260,-0.595
720,1260,-0.6
729,1260,-0.66
738,1260,-0.554
747,1260,-0.558
756,1260,-0.616
765,1260,-0.677
774,1260,-0.742
783,1260,-0.686
792,1260,-0.691
801,1260,-0.756
810,1260,-0.761
819,1260,-0.765
828,1260,-0.651
837,1260,-0.775
846,1260,-0.913
855,1260,-0.85
864,1260,-0.79
873,1260,-0.733
882,1260,-0.623
891,1260,-0.628
900,1260,-0.689
909,1260,-0.694
918,1260,-0.588
927,1260,-0.542
936,1260,-0.652
945,1260,-0.657
954,1260,-0.72
963,1260,-0.56
972,1260,0.617
981,1260,0.622
990,1260,0.683
999,1260,0.632
1008,1260,0.694
1017,1260,0.643
1026,1260,0.594
1035,1260,0.653
1044,1260,0.717
1053,1260,0.723
1062,1260,0.512
1071,1260,0.567
1080,1260,0.522
1089,1260,0.479
1098,1260,0.357
1107,1260,0.324
1116,1260,0.293
1125,1260,0.264
1134,1260,0.299
1143,1260,0.337
1152,1260,0.379
1161,1260,0.308
1170,1260,0.247
1179,1260,0.194
1188,1260,0.196
1197,1260,0.198
1206,1260,0.176
1215,1260,0.23
1224,1260,0.263
1233,1260,0.266
1242,1260,0.238
1251,1260,0.24
1260,1260,0.274
1269,1260,0.39
1278,1260,0.438
1287,1260,0.541
1296,1260,0.447
1305,1260,0.407
1314,1260,0.411
1323,1260,0.333
1332,1260,0.233
1341,1260,0.302
1350,1260,0.344
1359,1260,0.435
1368,1260,0.394
1377,1260,0.356
1386,1260,0.404
1395,1260,0.408
1404,1260,0.413
1413,1260,0.52
1422,1260,0.526
1431,1260,0.429
1440,1260,0.54
1449,1260,0.306
1458,1260,0.351
1467,1260,0.451
1476,1260,0.511
1485,1260,0.578
1494,1260,0.793
1503,1260,0.66
1512,1260,0.603
1521,1260,0.68
1530,1260,0.557
1539,1260,0.504
1548,1260,0.511
1557,1260,0.652
1566,1260,0.592
1575,1260,0.75
1584,1260,0.936
1593,1260,0.863
1602,1260,0.88
1611,1260,0.993
1620,1260,0.916
1629,1260,0.935
1638,1260,1.283
1647,1260,1.313
1656,1260,1.346
1665,1260,1.135
1674,1260,1.164
1683,1260,1.322
1692,1260,1.105
1701,1260,1.399
1710,1260,1.442
1719,1260,1.078
1728,1260,0.988
1737,1260,1.15
1746,1260,0.814
1755,1260,0.73
1764,1260,0.755
1773,1260,0.782
1782,1260,0.812
1791,1260,0.845
1800,1260,0.632
1809,1260,0.659
1818,1260,0.689
1827,1260,0.594
1836,1260,0.624
1845,1260,0.813
1854,1260,0.873
1863,1260,0.451
1872,1260,0.639
1881,1260,0.365
1890,1260,0.572
1899,1260,0.663
1908,1260,0.863
1917,1260,0.929
9,1269,-0.196
18,1269,-0.406
27,1269,-0.394
36,1269,-0.556
45,1269,-0.532
54,1269,-0.679
63,1269,-0.652
72,1269,-0.495
81,1269,-0.489
90,1269,-0.602
99,1269,-0.479
108,1269,-0.583
117,1269,-0.692
126,1269,-0.68
135,1269,-0.79
144,1269,-0.662
153,1269,-0.654
162,1269,-1.002
171,1269,-0.86
180,1269,-0.848
189,1269,-0.837
198,1269,-0.628
207,1269,-0.819
216,1269,-0.712
225,1269,-0.618
234,1269,-0.536
243,1269,-0.535
252,1269,-0.464
261,1269,-0.534
270,1269,-0.607
279,1269,-0.466
288,1269,-0.351
297,1269,-0.407
306,1269,-0.409
315,1269,-0.357
324,1269,-0.469
333,1269,-0.413
342,1269,-0.315
351,1269,-0.364
360,1269,-0.417
369,1269,-0.474
378,1269,-0.475
387,1269,-0.535
396,1269,-0.372
405,1269,-0.374
414,1269,-0.376
423,1269,-0.377
432,1269,-0.428
441,1269,-0.381
450,1269,-0.338
459,1269,-0.384
468,1269,-0.434
477,1269,-0.543
486,1269,-0.544
495,1269,-0.545
504,1269,-0.546
513,1269,-0.492
522,1269,-0.443
531,1269,-0.495
540,1269,-0.496
549,1269,-0.498
558,1269,-0.499
567,1269,-0.404
576,1269,-0.363
585,1269,-0.324
594,1269,-0.326
603,1269,-0.258
612,1269,-0.293
621,1269,-0.261
630,1269,-0.333
639,1269,-0.264
648,1269,-0.3
657,1269,-0.378
666,1269,-0.38
675,1269,-0.382
684,1269,-0.472
693,1269,-0.474
702,1269,-0.525
711,1269,-0.526
720,1269,-0.58
729,1269,-0.637
738,1269,-0.532
747,1269,-0.534
756,1269,-0.588
765,1269,-0.645
774,1269,-0.705
783,1269,-0.707
792,1269,-0.709
801,1269,-0.773
810,1269,-0.775
819,1269,-0.777
828,1269,-0.659
837,1269,-0.782
846,1269,-0.918
855,1269,-0.852
864,1269,-0.789
873,1269,-0.729
882,1269,-0.617
891,1269,-0.619
900,1269,-0.678
909,1269,-0.74
918,1269,-0.627
927,1269,-0.576
936,1269,-0.688
945,1269,-0.691
954,1269,-0.754
963,1269,-0.586
972,1269,0.642
981,1269,0.645
990,1269,0.706
999,1269,0.651
1008,1269,0.712
1017,1269,0.657
1026,1269,0.605
1035,1269,0.663
1044,1269,0.725
1053,1269,0.728
1062,1269,0.514
1071,1269,0.567
1080,1269,0.57
1089,1269,0.522
1098,1269,0.391
1107,1269,0.354
1116,1269,0.319
1125,1269,0.287
1134,1269,0.322
1143,1269,0.361
1152,1269,0.404
1161,1269,0.328
1170,1269,0.262
1179,1269,0.234
1188,1269,0.235
1197,1269,0.236
1206,1269,0.209
1215,1269,0.27
1224,1269,0.305
1233,1269,0.306
1242,1269,0.274
1251,1269,0.276
1260,1269,0.312
1269,1269,0.436
1278,1269,0.486
1287,1269,0.595
1296,1269,0.492
1305,1269,0.447
1314,1269,0.45
1323,1269,0.365
1332,1269,0.256
1341,1269,0.329
1350,1269,0.372
1359,1269,0.466
1368,1269,0.421
1377,1269,0.379
1386,1269,0.427
1395,1269,0.43
1404,1269,0.433
1413,1269,0.542
1422,1269,0.546
1431,1269,0.443
1440,1269,0.555
1449,1269,0.314
1458,1269,0.358
1467,1269,0.458
1476,1269,0.516
1485,1269,0.581
1494,1269,0.795
1503,1269,0.658
1512,1269,0.598
1521,1269,0.672
1530,1269,0.547
1539,1269,0.492
1548,1269,0.497
1557,1269,0.632
1566,1269,0.571
1575,1269,0.722
1584,1269,0.9
1593,1269,0.824
1602,1269,0.837
1611,1269,0.942
1620,1269,0.863
1629,1269,0.877
1638,1269,1.207
1647,1269,1.231
1656,1269,1.256
1665,1269,1.048
1674,1269,1.069
1683,1269,1.212
1692,1269,1.117
1701,1269,1.407
1710,1269,1.444
1719,1269,1.074
1728,1269,0.979
1737,1269,1.134
1746,1269,0.796
1755,1269,0.708
1764,1269,0.727
1773,1269,0.747
1782,1269,0.77
1791,1269,0.796
1800,1269,0.585
1809,1269,0.604
1818,1269,0.625
1827,1269,0.528
1836,1269,0.548
1845,1269,0.712
1854,1269,0.754
1863,1269,0.363
1872,1269,0.513
1881,1269,0.39
1890,1269,0.602
1899,1269,0.69
1908,1269,0.887
1917,1269,0.941
9,1278,-0.188
18,1278,-0.388
27,1278,-0.372
36,1278,-0.525
45,1278,-0.499
54,1278,-0.636
63,1278,-0.607
72,1278,-0.455
81,1278,-0.446
90,1278,-0.551
99,1278,-0.432
108,1278,-0.527
117,1278,-0.627
126,1278,-0.614
135,1278,-0.715
144,1278,-0.592
153,1278,-0.583
162,1278,-0.906
171,1278,-0.769
180,1278,-0.756
189,1278,-0.744
198,1278,-0.548
207,1278,-0.722
216,1278,-0.621
225,1278,-0.534
234,1278,-0.457
243,1278,-0.455
252,1278,-0.39
261,1278,-0.451
270,1278,-0.515
279,1278,-0.387
288,1278,-0.285
297,1278,-0.333
306,1278,-0.333
315,1278,-0.287
324,1278,-0.383
333,1278,-0.333
342,1278,-0.248
351,1278,-0.289
360,1278,-0.333
369,1278,-0.381
378,1278,-0.38
387,1278,-0.431
396,1278,-0.29
405,1278,-0.291
414,1278,-0.291
423,1278,-0.292
432,1278,-0.333
441,1278,-0.292
450,1278,-0.256
459,1278,-0.333
468,1278,-0.377
477,1278,-0.475
486,1278,-0.529
495,1278,-0.528
504,1278,-0.526
513,1278,-0.472
522,1278,-0.422
531,1278,-0.523
540,1278,-0.522
549,1278,-0.521
558,1278,-0.52
567,1278,-0.42
576,1278,-0.375
585,1278,-0.375
594,1278,-0.375
603,1278,-0.297
612,1278,-0.335
621,1278,-0.298
630,1278,-0.375
639,1278,-0.298
648,1278,-0.335
657,1278,-0.418
666,1278,-0.418
675,1278,-0.418
684,1278,-0.511
693,1278,-0.511
702,1278,-0.562
711,1278,-0.562
720,1278,-0.616
729,1278,-0.673
738,1278,-0.56
747,1278,-0.56
756,1278,-0.614
765,1278,-0.67
774,1278,-0.73
783,1278,-0.729
792,1278,-0.728
801,1278,-0.791
810,1278,-0.79
819,1278,-0.79
828,1278,-0.667
837,1278,-0.789
846,1278,-0.923
855,1278,-0.854
864,1278,-0.788
873,1278,-0.726
882,1278,-0.611
891,1278,-0.611
900,1278,-0.667
909,1278,-0.726
918,1278,-0.611
927,1278,-0.559
936,1278,-0.668
945,1278,-0.668
954,1278,-0.727
963,1278,-0.56
972,1278,0.613
981,1278,0.614
990,1278,0.67
999,1278,0.615
1008,1278,0.671
1017,1278,0.616
1026,1278,0.563
1035,1278,0.617
1044,1278,0.674
1053,1278,0.674
1062,1278,0.469
1071,1278,0.516
1080,1278,0.517
1089,1278,0.47
1098,1278,0.346
1107,1278,0.311
1116,1278,0.277
1125,1278,0.247
1134,1278,0.278
1143,1278,0.312
1152,1278,0.348
1161,1278,0.278
1170,1278,0.247
1179,1278,0.219
1188,1278,0.219
1197,1278,0.219
1206,1278,0.192
1215,1278,0.248
1224,1278,0.279
1233,1278,0.28
1242,1278,0.248
1251,1278,0.248
1260,1278,0.315
1269,1278,0.439
1278,1278,0.487
1287,1278,0.594
1296,1278,0.489
1305,1278,0.442
1314,1278,0.443
1323,1278,0.356
1332,1278,0.248
1341,1278,0.318
1350,1278,0.358
1359,1278,0.448
1368,1278,0.403
1377,1278,0.36
1386,1278,0.404
1395,1278,0.405
1404,1278,0.406
1413,1278,0.508
1422,1278,0.51
1431,1278,0.409
1440,1278,0.513
1449,1278,0.322
1458,1278,0.366
1467,1278,0.465
1476,1278,0.522
1485,1278,0.584
1494,1278,0.796
1503,1278,0.656
1512,1278,0.594
1521,1278,0.665
1530,1278,0.537
1539,1278,0.48
1548,1278,0.482
1557,1278,0.612
1566,1278,0.549
1575,1278,0.694
1584,1278,0.865
1593,1278,0.787
1602,1278,0.794
1611,1278,0.892
1620,1278,0.811
1629,1278,0.82
1638,1278,1.134
1647,1278,1.151
1656,1278,1.169
1665,1278,0.964
1674,1278,0.979
1683,1278,1.108
1692,1278,1.011
1701,1278,1.279
1710,1278,1.306
1719,1278,0.951
1728,1278,0.855
1737,1278,0.99
1746,1278,0.673
1755,1278,0.588
1764,1278,0.598
1773,1278,0.714
1782,1278,0.73
1791,1278,0.749
1800,1278,0.649
1809,1278,0.666
1818,1278,0.685
1827,1278,0.58
1836,1278,0.598
1845,1278,0.768
1854,1278,0.809
1863,1278,0.393
1872,1278,0.549
1881,1278,0.417
1890,1278,0.633
1899,1278,0.718
1908,1278,0.912
1917,1278,0.953
9,1287,-0.18
18,1287,-0.371
27,1287,-0.352
36,1287,-0.496
45,1287,-0.467
54,1287,-0.595
63,1287,-0.564
72,1287,-0.539
81,1287,-0.519
90,1287,-0.625
99,1287,-0.488
108,1287,-0.707
117,1287,-0.814
126,1287,-0.786
135,1287,-0.892
144,1287,-0.739
153,1287,-0.719
162,1287,-1.077
171,1287,-1.045
180,1287,-1.016
189,1287,-0.989
198,1287,-0.742
207,1287,-0.943
216,1287,-0.813
225,1287,-0.7
234,1287,-0.602
243,1287,-0.593
252,1287,-0.51
261,1287,-0.577
270,1287,-0.647
279,1287,-0.492
288,1287,-0.367
297,1287,-0.42
306,1287,-0.417
315,1287,-0.359
324,1287,-0.532
333,1287,-0.464
342,1287,-0.352
351,1287,-0.4
360,1287,-0.452
369,1287,-0.507
378,1287,-0.503
387,1287,-0.56
396,1287,-0.387
405,1287,-0.384
414,1287,-0.382
423,1287,-0.379
432,1287,-0.426
441,1287,-0.375
450,1287,-0.329
459,1287,-0.418
468,1287,-0.466
477,1287,-0.576
486,1287,-0.634
495,1287,-0.629
504,1287,-0.624
513,1287,-0.56
522,1287,-0.501
531,1287,-0.611
540,1287,-0.607
549,1287,-0.603
558,1287,-0.599
567,1287,-0.486
576,1287,-0.434
585,1287,-0.432
594,1287,-0.429
603,1287,-0.342
612,1287,-0.381
621,1287,-0.338
630,1287,-0.421
639,1287,-0.335
648,1287,-0.374
657,1287,-0.46
666,1287,-0.458
675,1287,-0.504
684,1287,-0.608
693,1287,-0.605
702,1287,-0.659
711,1287,-0.656
720,1287,-0.713
729,1287,-0.773
738,1287,-0.647
747,1287,-0.644
756,1287,-0.7
765,1287,-0.758
774,1287,-0.82
783,1287,-0.816
792,1287,-0.813
801,1287,-0.877
810,1287,-0.873
819,1287,-0.869
828,1287,-0.736
837,1287,-0.863
846,1287,-1.002
855,1287,-0.925
864,1287,-0.853
873,1287,-0.784
882,1287,-0.661
891,1287,-0.658
900,1287,-0.714
909,1287,-0.773
918,1287,-0.651
927,1287,-0.594
936,1287,-0.705
945,1287,-0.703
954,1287,-0.761
963,1287,-0.587
972,1287,0.639
981,1287,0.637
990,1287,0.692
999,1287,0.633
1008,1287,0.688
1017,1287,0.63
1026,1287,0.574
1035,1287,0.626
1044,1287,0.681
1053,1287,0.68
1062,1287,0.47
1071,1287,0.516
1080,1287,0.515
1089,1287,0.466
1098,1287,0.341
1107,1287,0.304
1116,1287,0.27
1125,1287,0.238
1134,1287,0.267
1143,1287,0.299
1152,1287,0.333
1161,1287,0.264
1170,1287,0.233
1179,1287,0.204
1188,1287,0.203
1197,1287,0.202
1206,1287,0.176
1215,1287,0.227
1224,1287,0.256
1233,1287,0.254
1242,1287,0.223
1251,1287,0.222
1260,1287,0.283
1269,1287,0.397
1278,1287,0.44
1287,1287,0.539
1296,1287,0.438
1305,1287,0.392
1314,1287,0.391
1323,1287,0.31
1332,1287,0.21
1341,1287,0.271
1350,1287,0.306
1359,1287,0.386
1368,1287,0.342
1377,1287,0.302
1386,1287,0.34
1395,1287,0.339
1404,1287,0.337
1413,1287,0.425
1422,1287,0.475
1431,1287,0.424
1440,1287,0.528
1449,1287,0.331
1458,1287,0.373
1467,1287,0.472
1476,1287,0.527
1485,1287,0.588
1494,1287,0.798
1503,1287,0.655
1512,1287,0.589
1521,1287,0.657
1530,1287,0.527
1539,1287,0.468
1548,1287,0.468
1557,1287,0.593
1566,1287,0.528
1575,1287,0.667
1584,1287,0.83
1593,1287,0.75
1602,1287,0.754
1611,1287,0.844
1620,1287,0.762
1629,1287,0.766
1638,1287,1.064
1647,1287,1.074
1656,1287,1.086
1665,1287,0.987
1674,1287,0.998
1683,1287,1.125
1692,1287,1.022
1701,1287,1.286
1710,1287,1.308
1719,1287,0.947
1728,1287,0.846
1737,1287,0.976
1746,1287,0.657
1755,1287,0.568
1764,1287,0.573
1773,1287,0.681
1782,1287,0.691
1791,1287,0.703
1800,1287,0.601
1809,1287,0.61
1818,1287,0.622
1827,1287,0.515
1836,1287,0.524
1845,1287,0.67
1854,1287,0.695
1863,1287,0.312
1872,1287,0.434
1881,1287,0.306
1890,1287,0.461
1899,1287,0.747
1908,1287,0.937
1917,1287,0.965
9,1296,-0.173
18,1296,-0.354
27,1296,-0.332
36,1296,-0.467
45,1296,-0.599
54,1296,-0.729
63,1296,-0.675
72,1296,-0.634
81,1296,-0.6
90,1296,-0.707
99,1296,-0.548
108,1296,-0.776
117,1296,-0.882
126,1296,-0.844
135,1296,-0.947
144,1296,-0.78
153,1296,-0.754
162,1296,-1.116
171,1296,-1.077
180,1296,-1.04
189,1296,-1.141
198,1296,-0.859
207,1296,-1.072
216,1296,-0.924
225,1296,-0.794
234,1296,-0.681
243,1296,-0.667
252,1296,-0.572
261,1296,-0.64
270,1296,-0.711
279,1296,-0.541
288,1296,-0.404
297,1296,-0.458
306,1296,-0.514
315,1296,-0.444
324,1296,-0.638
333,1296,-0.557
342,1296,-0.426
351,1296,-0.477
360,1296,-0.532
369,1296,-0.59
378,1296,-0.582
387,1296,-0.641
396,1296,-0.447
405,1296,-0.441
414,1296,-0.436
423,1296,-0.43
432,1296,-0.479
441,1296,-0.42
450,1296,-0.368
459,1296,-0.462
468,1296,-0.511
477,1296,-0.625
486,1296,-0.683
495,1296,-0.675
504,1296,-0.667
513,1296,-0.596
522,1296,-0.532
531,1296,-0.644
540,1296,-0.637
549,1296,-0.63
558,1296,-0.624
567,1296,-0.504
576,1296,-0.449
585,1296,-0.444
594,1296,-0.44
603,1296,-0.349
612,1296,-0.387
621,1296,-0.342
630,1296,-0.423
639,1296,-0.336
648,1296,-0.372
657,1296,-0.457
666,1296,-0.453
675,1296,-0.497
684,1296,-0.598
693,1296,-0.592
702,1296,-0.644
711,1296,-0.638
720,1296,-0.692
729,1296,-0.748
738,1296,-0.622
747,1296,-0.616
756,1296,-0.669
765,1296,-0.723
774,1296,-0.781
783,1296,-0.775
792,1296,-0.769
801,1296,-0.828
810,1296,-0.822
819,1296,-0.815
828,1296,-0.684
837,1296,-0.803
846,1296,-0.934
855,1296,-0.858
864,1296,-0.786
873,1296,-0.718
882,1296,-0.599
891,1296,-0.594
900,1296,-0.645
909,1296,-0.698
918,1296,-0.582
927,1296,-0.526
936,1296,-0.627
945,1296,-0.622
954,1296,-0.675
963,1296,-0.511
972,1296,0.557
981,1296,0.553
990,1296,0.601
999,1296,0.545
1008,1296,0.593
1017,1296,0.538
1026,1296,0.534
1035,1296,0.582
1044,1296,0.632
1053,1296,0.628
1062,1296,0.427
1071,1296,0.469
1080,1296,0.465
1089,1296,0.418
1098,1296,0.3
1107,1296,0.265
1116,1296,0.233
1125,1296,0.203
1134,1296,0.228
1143,1296,0.255
1152,1296,0.284
1161,1296,0.221
1170,1296,0.192
1179,1296,0.19
1188,1296,0.188
1197,1296,0.186
1206,1296,0.16
1215,1296,0.207
1224,1296,0.233
1233,1296,0.23
1242,1296,0.2
1251,1296,0.198
1260,1296,0.253
1269,1296,0.358
1278,1296,0.397
1287,1296,0.486
1296,1296,0.391
1305,1296,0.346
1314,1296,0.343
1323,1296,0.267
1332,1296,0.177
1341,1296,0.23
1350,1296,0.259
1359,1296,0.329
1368,1296,0.288
1377,1296,0.25
1386,1296,0.32
1395,1296,0.317
1404,1296,0.314
1413,1296,0.396
1422,1296,0.441
1431,1296,0.39
1440,1296,0.487
1449,1296,0.299
1458,1296,0.337
1467,1296,0.427
1476,1296,0.476
1485,1296,0.53
1494,1296,0.725
1503,1296,0.587
1512,1296,0.523
1521,1296,0.582
1530,1296,0.459
1539,1296,0.403
1548,1296,0.454
1557,1296,0.574
1566,1296,0.508
1575,1296,0.64
1584,1296,0.796
1593,1296,0.714
1602,1296,0.714
1611,1296,0.798
1620,1296,0.714
1629,1296,0.714
1638,1296,0.995
1647,1296,1
1656,1296,1.006
1665,1296,0.906
1674,1296,0.911
1683,1296,1.025
1692,1296,0.921
1701,1296,1.164
1710,1296,1.177
1719,1296,0.943
1728,1296,0.838
1737,1296,0.961
1746,1296,0.64
1755,1296,0.642
1764,1296,0.646
1773,1296,0.76
1782,1296,0.768
1791,1296,0.778
1800,1296,0.665
1809,1296,0.673
1818,1296,0.682
1827,1296,0.566
1836,1296,0.572
1845,1296,0.725
1854,1296,0.747
1863,1296,0.34
1872,1296,0.465
1881,1296,0.328
1890,1296,0.487
1899,1296,0.777
1908,1296,0.963
1917,1296,0.978
9,1305,-0.166
18,1305,-0.337
27,1305,-0.313
36,1305,-0.439
45,1305,-0.563
54,1305,-0.684
63,1305,-0.629
72,1305,-0.586
81,1305,-0.551
90,1305,-0.649
99,1305,-0.497
108,1305,-0.709
117,1305,-0.806
126,1305,-0.767
135,1305,-0.862
144,1305,-0.702
153,1305,-0.675
162,1305,-1.012
171,1305,-0.972
180,1305,-0.935
189,1305,-1.026
198,1305,-0.761
207,1305,-0.956
216,1305,-0.926
225,1305,-0.791
234,1305,-0.674
243,1305,-0.656
252,1305,-0.559
261,1305,-0.623
270,1305,-0.69
279,1305,-0.52
288,1305,-0.384
297,1305,-0.434
306,1305,-0.487
315,1305,-0.417
324,1305,-0.601
333,1305,-0.52
342,1305,-0.393
351,1305,-0.44
360,1305,-0.49
369,1305,-0.543
378,1305,-0.533
387,1305,-0.587
396,1305,-0.455
405,1305,-0.447
414,1305,-0.439
423,1305,-0.432
432,1305,-0.478
441,1305,-0.417
450,1305,-0.363
459,1305,-0.455
468,1305,-0.501
477,1305,-0.611
486,1305,-0.666
495,1305,-0.655
504,1305,-0.645
513,1305,-0.573
522,1305,-0.508
531,1305,-0.615
540,1305,-0.606
549,1305,-0.597
558,1305,-0.588
567,1305,-0.471
576,1305,-0.416
585,1305,-0.41
594,1305,-0.404
603,1305,-0.316
612,1305,-0.351
621,1305,-0.307
630,1305,-0.382
639,1305,-0.299
648,1305,-0.331
657,1305,-0.408
666,1305,-0.403
675,1305,-0.442
684,1305,-0.534
693,1305,-0.527
702,1305,-0.572
711,1305,-0.565
720,1305,-0.613
729,1305,-0.663
738,1305,-0.544
747,1305,-0.537
756,1305,-0.583
765,1305,-0.69
774,1305,-0.743
783,1305,-0.734
792,1305,-0.726
801,1305,-0.781
810,1305,-0.772
819,1305,-0.763
828,1305,-0.693
837,1305,-0.811
846,1305,-0.94
855,1305,-0.86
864,1305,-0.785
873,1305,-0.715
882,1305,-0.593
891,1305,-0.586
900,1305,-0.634
909,1305,-0.684
918,1305,-0.567
927,1305,-0.51
936,1305,-0.607
945,1305,-0.6
954,1305,-0.649
963,1305,-0.487
972,1305,0.53
981,1305,0.524
990,1305,0.569
999,1305,0.512
1008,1305,0.557
1017,1305,0.501
1026,1305,0.495
1035,1305,0.539
1044,1305,0.585
1053,1305,0.579
1062,1305,0.387
1071,1305,0.424
1080,1305,0.419
1089,1305,0.373
1098,1305,0.263
1107,1305,0.229
1116,1305,0.199
1125,1305,0.196
1134,1305,0.219
1143,1305,0.244
1152,1305,0.271
1161,1305,0.209
1170,1305,0.18
1179,1305,0.177
1188,1305,0.174
1197,1305,0.171
1206,1305,0.145
1215,1305,0.189
1224,1305,0.212
1233,1305,0.208
1242,1305,0.179
1251,1305,0.176
1260,1305,0.225
1269,1305,0.321
1278,1305,0.355
1287,1305,0.437
1296,1305,0.346
1305,1305,0.303
1314,1305,0.299
1323,1305,0.228
1332,1305,0.147
1341,1305,0.192
1350,1305,0.248
1359,1305,0.314
1368,1305,0.273
1377,1305,0.235
1386,1305,0.301
1395,1305,0.296
1404,1305,0.331
1413,1305,0.414
1422,1305,0.459
1431,1305,0.404
1440,1305,0.502
1449,1305,0.307
1458,1305,0.344
1467,1305,0.433
1476,1305,0.481
1485,1305,0.533
1494,1305,0.727
1503,1305,0.585
1512,1305,0.518
1521,1305,0.575
1530,1305,0.45
1539,1305,0.392
1548,1305,0.44
1557,1305,0.555
1566,1305,0.488
1575,1305,0.614
1584,1305,0.763
1593,1305,0.679
1602,1305,0.675
1611,1305,0.753
1620,1305,0.668
1629,1305,0.746
1638,1305,1.032
1647,1305,1.033
1656,1305,1.034
1665,1305,0.929
1674,1305,0.929
1683,1305,1.041
1692,1305,0.932
1701,1305,1.171
1710,1305,1.179
1719,1305,0.939
1728,1305,0.829
1737,1305,0.947
1746,1305,0.623
1755,1305,0.621
1764,1305,0.62
1773,1305,0.726
1782,1305,0.728
1791,1305,0.731
1800,1305,0.616
1809,1305,0.617
1818,1305,0.618
1827,1305,0.502
1836,1305,0.5
1845,1305,0.63
1854,1305,0.638
1863,1305,0.266
1872,1305,0.362
1881,1305,0.234
1890,1305,0.342
1899,1305,0.536
1908,1305,0.99
1917,1305,0.99
9,1314,-0.158
18,1314,-0.321
27,1314,-0.294
36,1314,-0.412
45,1314,-0.527
54,1314,-0.64
63,1314,-0.751
72,1314,-0.687
81,1314,-0.636
90,1314,-0.734
99,1314,-0.559
108,1314,-0.779
117,1314,-0.874
126,1314,-0.824
135,1314,-0.916
144,1314,-0.743
153,1314,-0.708
162,1314,-1.05
171,1314,-1.002
180,1314,-0.958
189,1314,-1.045
198,1314,-0.771
207,1314,-0.964
216,1314,-0.928
225,1314,-0.788
234,1314,-0.667
243,1314,-0.646
252,1314,-0.546
261,1314,-0.606
270,1314,-0.669
279,1314,-0.5
288,1314,-0.365
297,1314,-0.411
306,1314,-0.46
315,1314,-0.39
324,1314,-0.565
333,1314,-0.485
342,1314,-0.362
351,1314,-0.405
360,1314,-0.45
369,1314,-0.498
378,1314,-0.486
387,1314,-0.535
396,1314,-0.41
405,1314,-0.4
414,1314,-0.391
423,1314,-0.383
432,1314,-0.424
441,1314,-0.366
450,1314,-0.315
459,1314,-0.397
468,1314,-0.438
477,1314,-0.537
486,1314,-0.586
495,1314,-0.574
504,1314,-0.562
513,1314,-0.495
522,1314,-0.434
531,1314,-0.529
540,1314,-0.519
549,1314,-0.509
558,1314,-0.499
567,1314,-0.393
576,1314,-0.385
585,1314,-0.377
594,1314,-0.37
603,1314,-0.286
612,1314,-0.317
621,1314,-0.275
630,1314,-0.384
639,1314,-0.299
648,1314,-0.33
657,1314,-0.405
666,1314,-0.398
675,1314,-0.435
684,1314,-0.524
693,1314,-0.515
702,1314,-0.558
711,1314,-0.548
720,1314,-0.593
729,1314,-0.64
738,1314,-0.521
747,1314,-0.512
756,1314,-0.555
765,1314,-0.656
774,1314,-0.706
783,1314,-0.695
792,1314,-0.684
801,1314,-0.735
810,1314,-0.724
819,1314,-0.713
828,1314,-0.643
837,1314,-0.753
846,1314,-0.875
855,1314,-0.863
864,1314,-0.784
873,1314,-0.711
882,1314,-0.587
891,1314,-0.633
900,1314,-0.681
909,1314,-0.731
918,1314,-0.605
927,1314,-0.544
936,1314,-0.642
945,1314,-0.633
954,1314,-0.742
963,1314,-0.615
972,1314,0.662
981,1314,0.653
990,1314,0.702
999,1314,0.693
1008,1314,0.744
1017,1314,0.674
1026,1314,0.665
1035,1314,0.715
1044,1314,0.768
1053,1314,0.758
1062,1314,0.524
1071,1314,0.567
1080,1314,0.559
1089,1314,0.501
1098,1314,0.362
1107,1314,0.319
1116,1314,0.279
1125,1314,0.274
1134,1314,0.302
1143,1314,0.332
1152,1314,0.364
1161,1314,0.285
1170,1314,0.248
1179,1314,0.243
1188,1314,0.238
1197,1314,0.233
1206,1314,0.2
1215,1314,0.253
1224,1314,0.28
1233,1314,0.275
1242,1314,0.238
1251,1314,0.233
1260,1314,0.292
1269,1314,0.405
1278,1314,0.443
1287,1314,0.536
1296,1314,0.429
1305,1314,0.378
1314,1314,0.371
1323,1314,0.287
1332,1314,0.189
1341,1314,0.242
1350,1314,0.306
1359,1314,0.381
1368,1314,0.333
1377,1314,0.288
1386,1314,0.361
1395,1314,0.355
1404,1314,0.392
1413,1314,0.484
1422,1314,0.532
1431,1314,0.469
1440,1314,0.575
1449,1314,0.358
1458,1314,0.397
1467,1314,0.494
1476,1314,0.544
1485,1314,0.599
1494,1314,0.804
1503,1314,0.65
1512,1314,0.576
1521,1314,0.705
1530,1314,0.56
1539,1314,0.491
1548,1314,0.545
1557,1314,0.675
1566,1314,0.596
1575,1314,0.737
1584,1314,0.902
1593,1314,0.806
1602,1314,0.8
1611,1314,0.883
1620,1314,0.787
1629,1314,0.872
1638,1314,1.183
1647,1314,1.181
1656,1314,1.179
1665,1314,1.062
1674,1314,1.059
1683,1314,1.177
1692,1314,1.056
1701,1314,1.311
1710,1314,1.316
1719,1314,1.055
1728,1314,0.933
1737,1314,1.057
1746,1314,0.706
1755,1314,0.701
1764,1314,0.697
1773,1314,0.809
1782,1314,0.808
1791,1314,0.808
1800,1314,0.683
1809,1314,0.681
1818,1314,0.679
1827,1314,0.552
1836,1314,0.547
1845,1314,0.682
1854,1314,0.687
1863,1314,0.291
1872,1314,0.39
1881,1314,0.253
1890,1314,0.363
1899,1314,0.56
1908,1314,1.017
1917,1314,1.003
9,1323,-0.152
18,1323,-0.306
27,1323,-0.276
36,1323,-0.387
45,1323,-0.494
54,1323,-0.598
63,1323,-0.7
72,1323,-0.636
81,1323,-0.585
90,1323,-0.674
99,1323,-0.506
108,1323,-0.712
117,1323,-0.798
126,1323,-0.748
135,1323,-0.832
144,1323,-0.666
153,1323,-0.632
162,1323,-0.949
171,1323,-0.901
180,1323,-0.857
189,1323,-0.936
198,1323,-0.678
207,1323,-0.855
216,1323,-0.818
225,1323,-0.687
234,1323,-0.661
243,1323,-0.636
252,1323,-0.533
261,1323,-0.59
270,1323,-0.649
279,1323,-0.48
288,1323,-0.346
297,1323,-0.389
306,1323,-0.434
315,1323,-0.365
324,1323,-0.531
333,1323,-0.452
342,1323,-0.332
351,1323,-0.371
360,1323,-0.412
369,1323,-0.455
378,1323,-0.442
387,1323,-0.487
396,1323,-0.367
405,1323,-0.357
414,1323,-0.347
423,1323,-0.337
432,1323,-0.373
441,1323,-0.319
450,1323,-0.271
459,1323,-0.344
468,1323,-0.38
477,1323,-0.469
486,1323,-0.511
495,1323,-0.498
504,1323,-0.486
513,1323,-0.474
522,1323,-0.413
531,1323,-0.503
540,1323,-0.491
549,1323,-0.479
558,1323,-0.468
567,1323,-0.364
576,1323,-0.355
585,1323,-0.346
594,1323,-0.338
603,1323,-0.258
612,1323,-0.285
621,1323,-0.245
630,1323,-0.345
639,1323,-0.299
648,1323,-0.328
657,1323,-0.402
666,1323,-0.393
675,1323,-0.428
684,1323,-0.514
693,1323,-0.503
702,1323,-0.543
711,1323,-0.532
720,1323,-0.574
729,1323,-0.617
738,1323,-0.499
747,1323,-0.488
756,1323,-0.528
765,1323,-0.624
774,1323,-0.67
783,1323,-0.657
792,1323,-0.644
801,1323,-0.69
810,1323,-0.677
819,1323,-0.664
828,1323,-0.596
837,1323,-0.698
846,1323,-0.812
855,1323,-0.865
864,1323,-0.784
873,1323,-0.77
882,1323,-0.636
891,1323,-0.682
900,1323,-0.73
909,1323,-0.78
918,1323,-0.646
927,1323,-0.579
936,1323,-0.68
945,1323,-0.727
954,1323,-0.843
963,1323,-0.702
972,1323,0.751
981,1323,0.739
990,1323,0.789
999,1323,0.776
1008,1323,0.829
1017,1323,0.751
1026,1323,0.738
1035,1323,0.789
1044,1323,0.843
1053,1323,0.83
1062,1323,0.577
1071,1323,0.621
1080,1323,0.61
1089,1323,0.546
1098,1323,0.397
1107,1323,0.349
1116,1323,0.305
1125,1323,0.298
1134,1323,0.326
1143,1323,0.357
1152,1323,0.389
1161,1323,0.304
1170,1323,0.264
1179,1323,0.257
1188,1323,0.251
1197,1323,0.244
1206,1323,0.209
1215,1323,0.263
1224,1323,0.289
1233,1323,0.282
1242,1323,0.243
1251,1323,0.237
1260,1323,0.296
1269,1323,0.407
1278,1323,0.444
1287,1323,0.535
1296,1323,0.426
1305,1323,0.373
1314,1323,0.365
1323,1323,0.28
1332,1323,0.182
1341,1323,0.233
1350,1323,0.294
1359,1323,0.366
1368,1323,0.316
1377,1323,0.271
1386,1323,0.34
1395,1323,0.332
1404,1323,0.366
1413,1323,0.452
1422,1323,0.496
1431,1323,0.434
1440,1323,0.532
1449,1323,0.324
1458,1323,0.359
1467,1323,0.447
1476,1323,0.492
1485,1323,0.54
1494,1323,0.73
1503,1323,0.582
1512,1323,0.509
1521,1323,0.627
1530,1323,0.489
1539,1323,0.423
1548,1323,0.469
1557,1323,0.584
1566,1323,0.509
1575,1323,0.633
1584,1323,0.779
1593,1323,0.688
1602,1323,0.677
1611,1323,0.748
1620,1323,0.656
1629,1323,0.727
1638,1323,1.002
1647,1323,0.993
1656,1323,0.985
1665,1323,0.872
1674,1323,0.863
1683,1323,0.96
1692,1323,0.846
1701,1323,1.062
1710,1323,1.056
1719,1323,0.82
1728,1323,0.708
1737,1323,0.804
1746,1323,0.503
1755,1323,0.491
1764,1323,0.569
1773,1323,0.66
1782,1323,0.651
1791,1323,0.76
1800,1323,0.633
1809,1323,0.624
1818,1323,0.615
1827,1323,0.489
1836,1323,0.476
1845,1323,0.59
1854,1323,0.583
1863,1323,0.318
1872,1323,0.42
1881,1323,0.273
1890,1323,0.385
1899,1323,0.585
1908,1323,1.045
1917,1323,1.016
9,1332,-0.145
18,1332,-0.291
27,1332,-0.259
36,1332,-0.362
45,1332,-0.461
54,1332,-0.558
63,1332,-0.652
72,1332,-0.588
81,1332,-0.536
90,1332,-0.618
99,1332,-0.457
108,1332,-0.647
117,1332,-0.726
126,1332,-0.677
135,1332,-0.752
144,1332,-0.595
153,1332,-0.56
162,1332,-0.854
171,1332,-0.806
180,1332,-0.763
189,1332,-0.834
198,1332,-0.593
207,1332,-0.753
216,1332,-0.717
225,1332,-0.595
234,1332,-0.569
243,1332,-0.544
252,1332,-0.45
261,1332,-0.499
270,1332,-0.55
279,1332,-0.46
288,1332,-0.328
297,1332,-0.367
306,1332,-0.409
315,1332,-0.34
324,1332,-0.497
333,1332,-0.419
342,1332,-0.304
351,1332,-0.39
360,1332,-0.43
369,1332,-0.472
378,1332,-0.456
387,1332,-0.498
396,1332,-0.374
405,1332,-0.362
414,1332,-0.349
423,1332,-0.338
432,1332,-0.372
441,1332,-0.316
450,1332,-0.267
459,1332,-0.337
468,1332,-0.371
477,1332,-0.457
486,1332,-0.497
495,1332,-0.482
504,1332,-0.467
513,1332,-0.507
522,1332,-0.44
531,1332,-0.532
540,1332,-0.517
549,1332,-0.503
558,1332,-0.488
567,1332,-0.379
576,1332,-0.368
585,1332,-0.357
594,1332,-0.347
603,1332,-0.263
612,1332,-0.289
621,1332,-0.247
630,1332,-0.347
639,1332,-0.299
648,1332,-0.327
657,1332,-0.399
666,1332,-0.388
675,1332,-0.421
684,1332,-0.505
693,1332,-0.491
702,1332,-0.529
711,1332,-0.516
720,1332,-0.555
729,1332,-0.595
738,1332,-0.527
747,1332,-0.514
756,1332,-0.553
765,1332,-0.65
774,1332,-0.694
783,1332,-0.678
792,1332,-0.663
801,1332,-0.707
810,1332,-0.691
819,1332,-0.676
828,1332,-0.604
837,1332,-0.705
846,1332,-0.817
855,1332,-0.868
864,1332,-0.783
873,1332,-0.766
882,1332,-0.63
891,1332,-0.673
900,1332,-0.718
909,1332,-0.765
918,1332,-0.63
927,1332,-0.562
936,1332,-0.659
945,1332,-0.703
954,1332,-0.814
963,1332,-0.674
972,1332,0.719
981,1332,0.704
990,1332,0.751
999,1332,0.735
1008,1332,0.784
1017,1332,0.768
1026,1332,0.753
1035,1332,0.802
1044,1332,0.853
1053,1332,0.837
1062,1332,0.635
1071,1332,0.74
1080,1332,0.726
1089,1332,0.651
1098,1332,0.481
1107,1332,0.424
1116,1332,0.372
1125,1332,0.362
1134,1332,0.393
1143,1332,0.425
1152,1332,0.46
1161,1332,0.363
1170,1332,0.315
1179,1332,0.307
1188,1332,0.298
1197,1332,0.289
1206,1332,0.248
1215,1332,0.307
1224,1332,0.335
1233,1332,0.326
1242,1332,0.281
1251,1332,0.273
1260,1332,0.336
1269,1332,0.456
1278,1332,0.494
1287,1332,0.59
1296,1332,0.471
1305,1332,0.412
1314,1332,0.402
1323,1332,0.309
1332,1332,0.202
1341,1332,0.256
1350,1332,0.319
1359,1332,0.394
1368,1332,0.34
1377,1332,0.291
1386,1332,0.362
1395,1332,0.352
1404,1332,0.385
1413,1332,0.473
1422,1332,0.515
1431,1332,0.449
1440,1332,0.547
1449,1332,0.333
1458,1332,0.366
1467,1332,0.454
1476,1332,0.497
1485,1332,0.543
1494,1332,0.732
1503,1332,0.58
1512,1332,0.567
1521,1332,0.69
1530,1332,0.54
1539,1332,0.467
1548,1332,0.514
1557,1332,0.635
1566,1332,0.552
1575,1332,0.681
1584,1332,0.831
1593,1332,0.732
1602,1332,0.718
1611,1332,0.789
1620,1332,0.69
1629,1332,0.761
1638,1332,1.04
1647,1332,1.027
1656,1332,1.014
1665,1332,0.895
1674,1332,0.882
1683,1332,0.976
1692,1332,0.855
1701,1332,1.069
1710,1332,1.058
1719,1332,0.816
1728,1332,0.699
1737,1332,0.79
1746,1332,0.488
1755,1332,0.473
1764,1332,0.545
1773,1332,0.629
1782,1332,0.614
1791,1332,0.714
1800,1332,0.585
1809,1332,0.689
1818,1332,0.677
1827,1332,0.539
1836,1332,0.523
1845,1332,0.641
1854,1332,0.63
1863,1332,0.347
1872,1332,0.452
1881,1332,0.294
1890,1332,0.409
1899,1332,0.611
1908,1332,1.073
1917,1332,1.029
9,1341,-0.138
18,1341,-0.276
27,1341,-0.243
36,1341,-0.338
45,1341,-0.43
54,1341,-0.519
63,1341,-0.606
72,1341,-0.542
81,1341,-0.49
90,1341,-0.564
99,1341,-0.411
108,1341,-0.587
117,1341,-0.658
126,1341,-0.609
135,1341,-0.803
144,1341,-0.747
153,1341,-0.697
162,1341,-1.024
171,1341,-0.96
180,1341,-0.902
189,1341,-0.973
198,1341,-0.697
207,1341,-0.868
216,1341,-0.822
225,1341,-0.681
234,1341,-0.647
243,1341,-0.615
252,1341,-0.585
261,1341,-0.638
270,1341,-0.693
279,1341,-0.581
288,1341,-0.421
297,1341,-0.463
306,1341,-0.508
315,1341,-0.424
324,1341,-0.601
333,1341,-0.576
342,1341,-0.427
351,1341,-0.53
360,1341,-0.575
369,1341,-0.622
378,1341,-0.598
387,1341,-0.645
396,1341,-0.491
405,1341,-0.473
414,1341,-0.455
423,1341,-0.438
432,1341,-0.476
441,1341,-0.406
450,1341,-0.344
459,1341,-0.425
468,1341,-0.462
477,1341,-0.558
486,1341,-0.6
495,1341,-0.58
504,1341,-0.56
513,1341,-0.602
522,1341,-0.524
531,1341,-0.624
540,1341,-0.604
549,1341,-0.585
558,1341,-0.566
567,1341,-0.442
576,1341,-0.427
585,1341,-0.413
594,1341,-0.399
603,1341,-0.305
612,1341,-0.332
621,1341,-0.284
630,1341,-0.391
639,1341,-0.337
648,1341,-0.366
657,1341,-0.441
666,1341,-0.427
675,1341,-0.46
684,1341,-0.547
693,1341,-0.531
702,1341,-0.569
711,1341,-0.552
720,1341,-0.59
729,1341,-0.63
738,1341,-0.557
747,1341,-0.541
756,1341,-0.578
765,1341,-0.676
774,1341,-0.719
783,1341,-0.7
792,1341,-0.682
801,1341,-0.725
810,1341,-0.706
819,1341,-0.688
828,1341,-0.67
837,1341,-0.776
846,1341,-0.892
855,1341,-0.942
864,1341,-0.849
873,1341,-0.829
882,1341,-0.744
891,1341,-0.789
900,1341,-0.836
909,1341,-0.885
918,1341,-0.797
927,1341,-0.715
936,1341,-0.825
945,1341,-0.873
954,1341,-0.997
963,1341,-0.833
972,1341,0.882
981,1341,0.862
990,1341,0.913
999,1341,0.892
1008,1341,0.944
1017,1341,0.923
1026,1341,0.903
1035,1341,0.955
1044,1341,1.009
1053,1341,0.988
1062,1341,0.759
1071,1341,0.875
1080,1341,0.855
1089,1341,0.77
1098,1341,0.576
1107,1341,0.509
1116,1341,0.448
1125,1341,0.435
1134,1341,0.468
1143,1341,0.503
1152,1341,0.54
1161,1341,0.429
1170,1341,0.374
1179,1341,0.363
1188,1341,0.351
1197,1341,0.34
1206,1341,0.293
1215,1341,0.357
1224,1341,0.387
1233,1341,0.375
1242,1341,0.324
1251,1341,0.313
1260,1341,0.381
1269,1341,0.51
1278,1341,0.549
1287,1341,0.649
1296,1341,0.519
1305,1341,0.505
1314,1341,0.491
1323,1341,0.383
1332,1341,0.256
1341,1341,0.318
1350,1341,0.39
1359,1341,0.473
1368,1341,0.41
1377,1341,0.353
1386,1341,0.432
1395,1341,0.418
1404,1341,0.455
1413,1341,0.55
1422,1341,0.595
1431,1341,0.52
1440,1341,0.626
1449,1341,0.387
1458,1341,0.423
1467,1341,0.518
1476,1341,0.562
1485,1341,0.61
1494,1341,0.811
1503,1341,0.645
1512,1341,0.629
1521,1341,0.758
1530,1341,0.596
1539,1341,0.515
1548,1341,0.563
1557,1341,0.688
1566,1341,0.598
1575,1341,0.732
1584,1341,0.886
1593,1341,0.779
1602,1341,0.761
1611,1341,0.831
1620,1341,0.726
1629,1341,0.795
1638,1341,1.079
1647,1341,1.061
1656,1341,1.044
1665,1341,1.026
1674,1341,1.009
1683,1341,1.109
1692,1341,0.975
1701,1341,1.203
1710,1341,1.188
1719,1341,0.924
1728,1341,0.795
1737,1341,0.89
1746,1341,0.559
1755,1341,0.54
1764,1341,0.617
1773,1341,0.705
1782,1341,0.687
1791,1341,0.791
1800,1341,0.65
1809,1341,0.758
1818,1341,0.742
1827,1341,0.593
1836,1341,0.573
1845,1341,0.695
1854,1341,0.68
1863,1341,0.378
1872,1341,0.486
1881,1341,0.316
1890,1341,0.433
1899,1341,0.638
1908,1341,1.102
1917,1341,1.043
9,1350,-0.132
18,1350,-0.262
27,1350,-0.227
36,1350,-0.315
45,1350,-0.4
54,1350,-0.482
63,1350,-0.562
72,1350,-0.497
81,1350,-0.446
90,1350,-0.513
99,1350,-0.368
108,1350,-0.53
117,1350,-0.594
126,1350,-0.546
135,1350,-0.724
144,1350,-0.669
153,1350,-0.621
162,1350,-0.924
171,1350,-0.861
180,1350,-0.804
189,1350,-0.867
198,1350,-0.609
207,1350,-0.764
216,1350,-0.72
225,1350,-0.589
234,1350,-0.555
243,1350,-0.525
252,1350,-0.496
261,1350,-0.542
270,1350,-0.589
279,1350,-0.487
288,1350,-0.344
297,1350,-0.38
306,1350,-0.417
315,1350,-0.343
324,1350,-0.497
333,1350,-0.473
342,1350,-0.342
351,1350,-0.43
360,1350,-0.468
369,1350,-0.507
378,1350,-0.484
387,1350,-0.523
396,1350,-0.389
405,1350,-0.372
414,1350,-0.355
423,1350,-0.387
432,1350,-0.42
441,1350,-0.354
450,1350,-0.297
459,1350,-0.369
468,1350,-0.401
477,1350,-0.487
486,1350,-0.524
495,1350,-0.503
504,1350,-0.484
513,1350,-0.52
522,1350,-0.447
531,1350,-0.536
540,1350,-0.516
549,1350,-0.497
558,1350,-0.532
567,1350,-0.411
576,1350,-0.395
585,1350,-0.38
594,1350,-0.365
603,1350,-0.275
612,1350,-0.299
621,1350,-0.287
630,1350,-0.393
639,1350,-0.337
648,1350,-0.364
657,1350,-0.438
666,1350,-0.422
675,1350,-0.453
684,1350,-0.537
693,1350,-0.519
702,1350,-0.554
711,1350,-0.535
720,1350,-0.628
729,1350,-0.667
738,1350,-0.646
747,1350,-0.625
756,1350,-0.664
765,1350,-0.768
774,1350,-0.812
783,1350,-0.788
792,1350,-0.765
801,1350,-0.809
810,1350,-0.786
819,1350,-0.763
828,1350,-0.741
837,1350,-0.851
846,1350,-0.971
855,1350,-1.021
864,1350,-0.92
873,1350,-0.895
882,1350,-0.803
891,1350,-0.848
900,1350,-0.894
909,1350,-0.942
918,1350,-0.847
927,1350,-0.758
936,1350,-0.87
945,1350,-0.917
954,1350,-1.042
963,1350,-0.87
972,1350,0.917
981,1350,0.894
990,1350,0.942
999,1350,0.918
1008,1350,0.968
1017,1350,0.944
1026,1350,0.92
1035,1350,0.97
1044,1350,1.022
1053,1350,0.997
1062,1350,0.763
1071,1350,0.877
1080,1350,0.854
1089,1350,0.766
1098,1350,0.569
1107,1350,0.501
1116,1350,0.438
1125,1350,0.423
1134,1350,0.454
1143,1350,0.486
1152,1350,0.573
1161,1350,0.455
1170,1350,0.396
1179,1350,0.382
1188,1350,0.369
1197,1350,0.355
1206,1350,0.305
1215,1350,0.37
1224,1350,0.398
1233,1350,0.384
1242,1350,0.33
1251,1350,0.318
1260,1350,0.385
1269,1350,0.513
1278,1350,0.55
1287,1350,0.649
1296,1350,0.516
1305,1350,0.5
1314,1350,0.484
1323,1350,0.374
1332,1350,0.247
1341,1350,0.307
1350,1350,0.375
1359,1350,0.455
1368,1350,0.391
1377,1350,0.334
1386,1350,0.408
1395,1350,0.442
1404,1350,0.477
1413,1350,0.574
1422,1350,0.617
1431,1350,0.538
1440,1350,0.644
1449,1350,0.398
1458,1350,0.432
1467,1350,0.526
1476,1350,0.569
1485,1350,0.615
1494,1350,0.814
1503,1350,0.644
1512,1350,0.624
1521,1350,0.75
1530,1350,0.585
1539,1350,0.566
1548,1350,0.615
1557,1350,0.745
1566,1350,0.647
1575,1350,0.785
1584,1350,0.943
1593,1350,0.828
1602,1350,0.898
1611,1350,0.973
1620,1350,0.854
1629,1350,0.928
1638,1350,1.236
1647,1350,1.214
1656,1350,1.192
1665,1350,1.17
1674,1350,1.148
1683,1350,1.253
1692,1350,1.105
1701,1350,1.348
1710,1350,1.329
1719,1350,1.041
1728,1350,0.899
1737,1350,0.999
1746,1350,0.638
1755,1350,0.615
1764,1350,0.696
1773,1350,0.788
1782,1350,0.766
1791,1350,0.874
1800,1350,0.72
1809,1350,0.833
1818,1350,0.812
1827,1350,0.65
1836,1350,0.626
1845,1350,0.752
1854,1350,0.732
1863,1350,0.411
1872,1350,0.521
1881,1350,0.34
1890,1350,0.459
1899,1350,0.665
1908,1350,1.132
1917,1350,1.056
9,1359,-0.126
18,1359,-0.248
27,1359,-0.211
36,1359,-0.293
45,1359,-0.523
54,1359,-0.602
63,1359,-0.678
72,1359,-0.591
81,1359,-0.522
90,1359,-0.587
99,1359,-0.419
108,1359,-0.588
117,1359,-0.65
126,1359,-0.592
135,1359,-0.774
144,1359,-0.71
153,1359,-0.653
162,1359,-0.961
171,1359,-0.89
180,1359,-0.826
189,1359,-0.884
198,1359,-0.617
207,1359,-0.77
216,1359,-0.825
225,1359,-0.675
234,1359,-0.634
243,1359,-0.595
252,1359,-0.559
261,1359,-0.605
270,1359,-0.651
279,1359,-0.537
288,1359,-0.38
297,1359,-0.416
306,1359,-0.453
315,1359,-0.371
324,1359,-0.53
333,1359,-0.502
342,1359,-0.362
351,1359,-0.451
360,1359,-0.488
369,1359,-0.525
378,1359,-0.499
387,1359,-0.536
396,1359,-0.397
405,1359,-0.377
414,1359,-0.358
423,1359,-0.388
432,1359,-0.42
441,1359,-0.351
450,1359,-0.292
459,1359,-0.362
468,1359,-0.392
477,1359,-0.475
486,1359,-0.509
495,1359,-0.486
504,1359,-0.465
513,1359,-0.498
522,1359,-0.425
531,1359,-0.509
540,1359,-0.544
549,1359,-0.521
558,1359,-0.555
567,1359,-0.428
576,1359,-0.41
585,1359,-0.392
594,1359,-0.375
603,1359,-0.281
612,1359,-0.304
621,1359,-0.328
630,1359,-0.442
639,1359,-0.379
648,1359,-0.407
657,1359,-0.484
666,1359,-0.465
675,1359,-0.496
684,1359,-0.583
693,1359,-0.561
702,1359,-0.595
711,1359,-0.573
720,1359,-0.667
729,1359,-0.705
738,1359,-0.68
747,1359,-0.657
756,1359,-0.694
765,1359,-0.799
774,1359,-0.841
783,1359,-0.814
792,1359,-0.787
801,1359,-0.829
810,1359,-0.802
819,1359,-0.776
828,1359,-0.751
837,1359,-0.86
846,1359,-0.978
855,1359,-1.025
864,1359,-0.92
873,1359,-0.892
882,1359,-0.797
891,1359,-0.839
900,1359,-0.882
909,1359,-0.927
918,1359,-0.829
927,1359,-0.739
936,1359,-0.846
945,1359,-0.89
954,1359,-1.01
963,1359,-0.838
972,1359,0.881
981,1359,0.855
990,1359,0.9
999,1359,0.945
1008,1359,0.993
1017,1359,0.965
1026,1359,0.938
1035,1359,0.985
1044,1359,1.034
1053,1359,1.006
1062,1359,0.767
1071,1359,0.879
1080,1359,0.853
1089,1359,0.762
1098,1359,0.618
1107,1359,0.543
1116,1359,0.475
1125,1359,0.506
1134,1359,0.538
1143,1359,0.572
1152,1359,0.666
1161,1359,0.534
1170,1359,0.465
1179,1359,0.448
1188,1359,0.431
1197,1359,0.415
1206,1359,0.356
1215,1359,0.427
1224,1359,0.457
1233,1359,0.439
1242,1359,0.378
1251,1359,0.363
1260,1359,0.435
1269,1359,0.572
1278,1359,0.67
1287,1359,0.779
1296,1359,0.627
1305,1359,0.606
1314,1359,0.586
1323,1359,0.458
1332,1359,0.31
1341,1359,0.377
1350,1359,0.455
1359,1359,0.543
1368,1359,0.469
1377,1359,0.402
1386,1359,0.485
1395,1359,0.52
1404,1359,0.558
1413,1359,0.663
1422,1359,0.708
1431,1359,0.619
1440,1359,0.733
1449,1359,0.46
1458,1359,0.496
1467,1359,0.597
1476,1359,0.641
1485,1359,0.688
1494,1359,0.899
1503,1359,0.714
1512,1359,0.691
1521,1359,0.823
1530,1359,0.644
1539,1359,0.622
1548,1359,0.671
1557,1359,0.806
1566,1359,0.7
1575,1359,0.841
1584,1359,1.003
1593,1359,0.88
1602,1359,0.949
1611,1359,1.023
1620,1359,0.896
1629,1359,0.969
1638,1359,1.281
1647,1359,1.254
1656,1359,1.226
1665,1359,1.199
1674,1359,1.172
1683,1359,1.273
1692,1359,1.118
1701,1359,1.358
1710,1359,1.332
1719,1359,1.038
1728,1359,0.89
1737,1359,0.985
1746,1359,0.621
1755,1359,0.696
1764,1359,0.781
1773,1359,0.877
1782,1359,0.85
1791,1359,0.962
1800,1359,0.796
1809,1359,0.912
1818,1359,0.887
1827,1359,0.712
1836,1359,0.683
1845,1359,0.812
1854,1359,0.787
1863,1359,0.445
1872,1359,0.558
1881,1359,0.365
1890,1359,0.486
1899,1359,0.694
1908,1359,1.163
1917,1359,1.07
9,1368,-0.12
18,1368,-0.235
27,1368,-0.197
36,1368,-0.272
45,1368,-0.489
54,1368,-0.561
63,1368,-0.63
72,1368,-0.543
81,1368,-0.476
90,1368,-0.535
99,1368,-0.375
108,1368,-0.531
117,1368,-0.586
126,1368,-0.529
135,1368,-0.696
144,1368,-0.634
153,1368,-0.579
162,1368,-0.863
171,1368,-0.794
180,1368,-0.732
189,1368,-0.784
198,1368,-0.535
207,1368,-0.674
216,1368,-0.722
225,1368,-0.582
234,1368,-0.543
243,1368,-0.506
252,1368,-0.472
261,1368,-0.511
270,1368,-0.551
279,1368,-0.448
288,1368,-0.308
297,1368,-0.338
306,1368,-0.368
315,1368,-0.296
324,1368,-0.433
333,1368,-0.407
342,1368,-0.285
351,1368,-0.361
360,1368,-0.391
369,1368,-0.422
378,1368,-0.398
387,1368,-0.429
396,1368,-0.308
405,1368,-0.29
414,1368,-0.315
423,1368,-0.341
432,1368,-0.369
441,1368,-0.305
450,1368,-0.25
459,1368,-0.312
468,1368,-0.337
477,1368,-0.411
486,1368,-0.44
495,1368,-0.418
504,1368,-0.397
513,1368,-0.425
522,1368,-0.357
531,1368,-0.432
540,1368,-0.515
549,1368,-0.491
558,1368,-0.522
567,1368,-0.397
576,1368,-0.378
585,1368,-0.359
594,1368,-0.342
603,1368,-0.252
612,1368,-0.272
621,1368,-0.293
630,1368,-0.398
639,1368,-0.338
648,1368,-0.362
657,1368,-0.432
666,1368,-0.412
675,1368,-0.439
684,1368,-0.518
693,1368,-0.495
702,1368,-0.525
711,1368,-0.503
720,1368,-0.588
729,1368,-0.621
738,1368,-0.654
747,1368,-0.629
756,1368,-0.663
765,1368,-0.762
774,1368,-0.801
783,1368,-0.84
792,1368,-0.81
801,1368,-0.849
810,1368,-0.819
819,1368,-0.79
828,1368,-0.761
837,1368,-0.869
846,1368,-0.985
855,1368,-1.029
864,1368,-0.921
873,1368,-0.89
882,1368,-0.791
891,1368,-0.83
900,1368,-0.87
909,1368,-0.912
918,1368,-0.812
927,1368,-0.72
936,1368,-0.823
945,1368,-0.863
954,1368,-0.979
963,1368,-0.806
972,1368,0.917
981,1368,0.887
990,1368,0.93
999,1368,0.973
1008,1368,1.019
1017,1368,0.987
1026,1368,0.956
1035,1368,1.001
1044,1368,1.048
1053,1368,1.016
1062,1368,0.772
1071,1368,0.954
1080,1368,0.924
1089,1368,0.824
1098,1368,0.67
1107,1368,0.588
1116,1368,0.514
1125,1368,0.544
1134,1368,0.576
1143,1368,0.61
1152,1368,0.706
1161,1368,0.565
1170,1368,0.491
1179,1368,0.471
1188,1368,0.452
1197,1368,0.433
1206,1368,0.371
1215,1368,0.442
1224,1368,0.47
1233,1368,0.45
1242,1368,0.386
1251,1368,0.369
1260,1368,0.44
1269,1368,0.576
1278,1368,0.673
1287,1368,0.78
1296,1368,0.624
1305,1368,0.601
1314,1368,0.578
1323,1368,0.449
1332,1368,0.3
1341,1368,0.365
1350,1368,0.439
1359,1368,0.523
1368,1368,0.449
1377,1368,0.429
1386,1368,0.513
1395,1368,0.548
1404,1368,0.585
1413,1368,0.69
1422,1368,0.734
1431,1368,0.64
1440,1368,0.754
1449,1368,0.472
1458,1368,0.506
1467,1368,0.606
1476,1368,0.648
1485,1368,0.693
1494,1368,0.902
1503,1368,0.713
1512,1368,0.687
1521,1368,0.815
1530,1368,0.634
1539,1368,0.608
1548,1368,0.654
1557,1368,0.783
1566,1368,0.675
1575,1368,0.81
1584,1368,0.965
1593,1368,0.934
1602,1368,1.002
1611,1368,1.075
1620,1368,0.939
1629,1368,1.011
1638,1368,1.328
1647,1368,1.295
1656,1368,1.262
1665,1368,1.229
1674,1368,1.197
1683,1368,1.294
1692,1368,1.132
1701,1368,1.368
1710,1368,1.336
1719,1368,1.035
1728,1368,0.882
1737,1368,0.97
1746,1368,0.605
1755,1368,0.674
1764,1368,0.752
1773,1368,0.84
1782,1368,0.807
1791,1368,0.909
1800,1368,0.74
1809,1368,0.996
1818,1368,0.966
1827,1368,0.777
1836,1368,0.743
1845,1368,0.875
1854,1368,0.846
1863,1368,0.482
1872,1368,0.598
1881,1368,0.391
1890,1368,0.514
1899,1368,0.724
1908,1368,1.194
1917,1368,1.084
9,1377,-0.114
18,1377,-0.222
27,1377,-0.183
36,1377,-0.252
45,1377,-0.456
54,1377,-0.521
63,1377,-0.584
72,1377,-0.499
81,1377,-0.432
90,1377,-0.485
99,1377,-0.334
108,1377,-0.476
117,1377,-0.525
126,1377,-0.47
135,1377,-0.624
144,1377,-0.563
153,1377,-0.51
162,1377,-0.772
171,1377,-0.705
180,1377,-0.645
189,1377,-0.69
198,1377,-0.461
207,1377,-0.585
216,1377,-0.627
225,1377,-0.498
234,1377,-0.46
243,1377,-0.426
252,1377,-0.394
261,1377,-0.427
270,1377,-0.532
279,1377,-0.495
288,1377,-0.342
297,1377,-0.371
306,1377,-0.401
315,1377,-0.321
324,1377,-0.464
333,1377,-0.434
342,1377,-0.352
351,1377,-0.436
360,1377,-0.466
369,1377,-0.498
378,1377,-0.468
387,1377,-0.499
396,1377,-0.361
405,1377,-0.339
414,1377,-0.365
423,1377,-0.391
432,1377,-0.418
441,1377,-0.346
450,1377,-0.283
459,1377,-0.349
468,1377,-0.374
477,1377,-0.451
486,1377,-0.479
495,1377,-0.453
504,1377,-0.429
513,1377,-0.456
522,1377,-0.431
531,1377,-0.513
540,1377,-0.603
549,1377,-0.573
558,1377,-0.605
567,1377,-0.464
576,1377,-0.44
585,1377,-0.417
594,1377,-0.395
603,1377,-0.293
612,1377,-0.314
621,1377,-0.335
630,1377,-0.448
639,1377,-0.38
648,1377,-0.404
657,1377,-0.478
666,1377,-0.454
675,1377,-0.481
684,1377,-0.562
693,1377,-0.536
702,1377,-0.565
711,1377,-0.539
720,1377,-0.626
729,1377,-0.658
738,1377,-0.69
747,1377,-0.661
756,1377,-0.693
765,1377,-0.793
774,1377,-0.83
783,1377,-0.867
792,1377,-0.833
801,1377,-0.87
810,1377,-0.837
819,1377,-0.804
828,1377,-0.772
837,1377,-0.878
846,1377,-0.992
855,1377,-1.034
864,1377,-0.921
873,1377,-0.887
882,1377,-0.785
891,1377,-0.821
900,1377,-0.858
909,1377,-0.897
918,1377,-0.795
927,1377,-0.764
936,1377,-0.869
945,1377,-0.908
954,1377,-1.024
963,1377,-0.842
972,1377,0.954
981,1377,0.92
990,1377,0.961
999,1377,1.002
1008,1377,1.045
1017,1377,1.01
1026,1377,0.975
1035,1377,1.017
1044,1377,1.061
1053,1377,1.026
1062,1377,0.776
1071,1377,0.957
1080,1377,0.924
1089,1377,0.82
1098,1377,0.663
1107,1377,0.579
1116,1377,0.503
1125,1377,0.531
1134,1377,0.561
1143,1377,0.591
1152,1377,0.683
1161,1377,0.542
1170,1377,0.468
1179,1377,0.447
1188,1377,0.426
1197,1377,0.406
1206,1377,0.386
1215,1377,0.457
1224,1377,0.484
1233,1377,0.462
1242,1377,0.394
1251,1377,0.375
1260,1377,0.445
1269,1377,0.581
1278,1377,0.675
1287,1377,0.781
1296,1377,0.622
1305,1377,0.596
1314,1377,0.57
1323,1377,0.44
1332,1377,0.291
1341,1377,0.353
1350,1377,0.423
1359,1377,0.56
1368,1377,0.48
1377,1377,0.511
1386,1377,0.603
1395,1377,0.64
1404,1377,0.678
1413,1377,0.792
1422,1377,0.837
1431,1377,0.731
1440,1377,0.853
1449,1377,0.606
1458,1377,0.644
1467,1377,0.759
1476,1377,0.805
1485,1377,0.854
1494,1377,1.089
1503,1377,0.873
1512,1377,0.84
1521,1377,0.983
1530,1377,0.775
1539,1377,0.744
1548,1377,0.793
1557,1377,0.937
1566,1377,0.813
1575,1377,0.963
1584,1377,1.131
1593,1377,1.094
1602,1377,1.167
1611,1377,1.244
1620,1377,1.092
1629,1377,1.168
1638,1377,1.509
1647,1377,1.47
1656,1377,1.431
1665,1377,1.392
1674,1377,1.354
1683,1377,1.455
1692,1377,1.277
1701,1377,1.527
1710,1377,1.49
1719,1377,1.163
1728,1377,0.994
1737,1377,1.087
1746,1377,0.689
1755,1377,0.761
1764,1377,0.842
1773,1377,0.934
1782,1377,0.896
1791,1377,1.001
1800,1377,0.818
1809,1377,1.086
1818,1377,1.05
1827,1377,0.847
1836,1377,0.807
1845,1377,0.942
1854,1377,0.907
1863,1377,0.522
1872,1377,0.639
1881,1377,0.419
1890,1377,0.543
1899,1377,0.754
1908,1377,1.226
1917,1377,1.099
9,1386,-0.108
18,1386,-0.209
27,1386,-0.17
36,1386,-0.36
45,1386,-0.594
54,1386,-0.651
63,1386,-0.705
72,1386,-0.594
81,1386,-0.507
90,1386,-0.557
99,1386,-0.382
108,1386,-0.532
117,1386,-0.578
126,1386,-0.512
135,1386,-0.669
144,1386,-0.599
153,1386,-0.539
162,1386,-0.805
171,1386,-0.73
180,1386,-0.663
189,1386,-0.705
198,1386,-0.467
207,1386,-0.589
216,1386,-0.628
225,1386,-0.495
234,1386,-0.454
243,1386,-0.417
252,1386,-0.383
261,1386,-0.413
270,1386,-0.514
279,1386,-0.475
288,1386,-0.323
297,1386,-0.349
306,1386,-0.376
315,1386,-0.298
324,1386,-0.432
333,1386,-0.401
342,1386,-0.322
351,1386,-0.399
360,1386,-0.426
369,1386,-0.454
378,1386,-0.424
387,1386,-0.451
396,1386,-0.321
405,1386,-0.299
414,1386,-0.321
423,1386,-0.343
432,1386,-0.367
441,1386,-0.299
450,1386,-0.241
459,1386,-0.299
468,1386,-0.32
477,1386,-0.388
486,1386,-0.412
495,1386,-0.387
504,1386,-0.363
513,1386,-0.386
522,1386,-0.363
531,1386,-0.434
540,1386,-0.513
549,1386,-0.485
558,1386,-0.511
567,1386,-0.383
576,1386,-0.361
585,1386,-0.339
594,1386,-0.319
603,1386,-0.23
612,1386,-0.246
621,1386,-0.263
630,1386,-0.359
639,1386,-0.299
648,1386,-0.359
657,1386,-0.426
666,1386,-0.402
675,1386,-0.425
684,1386,-0.498
693,1386,-0.472
702,1386,-0.497
711,1386,-0.471
720,1386,-0.549
729,1386,-0.576
738,1386,-0.604
747,1386,-0.575
756,1386,-0.602
765,1386,-0.692
774,1386,-0.723
783,1386,-0.755
792,1386,-0.721
801,1386,-0.753
810,1386,-0.719
819,1386,-0.687
828,1386,-0.656
837,1386,-0.749
846,1386,-0.851
855,1386,-0.886
864,1386,-0.78
873,1386,-0.747
882,1386,-0.653
891,1386,-0.683
900,1386,-0.713
909,1386,-0.745
918,1386,-0.713
927,1386,-0.682
936,1386,-0.845
945,1386,-0.881
954,1386,-0.992
963,1386,-0.811
972,1386,0.917
981,1386,0.881
990,1386,0.917
999,1386,0.955
1008,1386,0.993
1017,1386,1.033
1026,1386,0.994
1035,1386,1.034
1044,1386,1.075
1053,1386,1.036
1062,1386,0.78
1071,1386,0.96
1080,1386,0.923
1089,1386,0.817
1098,1386,0.656
1107,1386,0.571
1116,1386,0.492
1125,1386,0.518
1134,1386,0.6
1143,1386,0.63
1152,1386,0.723
1161,1386,0.574
1170,1386,0.495
1179,1386,0.471
1188,1386,0.447
1197,1386,0.424
1206,1386,0.402
1215,1386,0.473
1224,1386,0.498
1233,1386,0.474
1242,1386,0.403
1251,1386,0.381
1260,1386,0.451
1269,1386,0.585
1278,1386,0.678
1287,1386,0.781
1296,1386,0.619
1305,1386,0.59
1314,1386,0.562
1323,1386,0.431
1332,1386,0.282
1341,1386,0.341
1350,1386,0.408
1359,1386,0.54
1368,1386,0.459
1377,1386,0.487
1386,1386,0.574
1395,1386,0.607
1404,1386,0.642
1413,1386,0.748
1422,1386,0.789
1431,1386,0.683
1440,1386,0.797
1449,1386,0.557
1458,1386,0.591
1467,1386,0.696
1476,1386,0.737
1485,1386,0.78
1494,1386,0.999
1503,1386,0.789
1512,1386,0.754
1521,1386,0.885
1530,1386,0.686
1539,1386,0.653
1548,1386,0.695
1557,1386,0.824
1566,1386,0.705
1575,1386,0.837
1584,1386,0.988
1593,1386,0.948
1602,1386,1.009
1611,1386,1.074
1620,1386,1.032
1629,1386,1.101
1638,1386,1.426
1647,1386,1.381
1656,1386,1.336
1665,1386,1.292
1674,1386,1.248
1683,1386,1.337
1692,1386,1.16
1701,1386,1.39
1710,1386,1.345
1719,1386,1.029
1728,1386,0.865
1737,1386,0.942
1746,1386,0.573
1755,1386,0.631
1764,1386,0.695
1773,1386,0.769
1782,1386,0.725
1791,1386,0.807
1800,1386,0.762
1809,1386,1.011
1818,1386,0.966
1827,1386,0.763
1836,1386,0.715
1845,1386,0.829
1854,1386,0.782
1863,1386,0.42
1872,1386,0.683
1881,1386,0.448
1890,1386,0.574
1899,1386,0.786
1908,1386,1.259
1917,1386,1.113
9,1395,-0.103
18,1395,-0.197
27,1395,-0.157
36,1395,-0.336
45,1395,-0.556
54,1395,-0.607
63,1395,-0.655
72,1395,-0.546
81,1395,-0.461
90,1395,-0.506
99,1395,-0.34
108,1395,-0.477
117,1395,-0.517
126,1395,-0.455
135,1395,-0.598
144,1395,-0.531
153,1395,-0.472
162,1395,-0.716
171,1395,-0.644
180,1395,-0.581
189,1395,-0.617
198,1395,-0.398
207,1395,-0.593
216,1395,-0.629
225,1395,-0.491
234,1395,-0.448
243,1395,-0.408
252,1395,-0.372
261,1395,-0.399
270,1395,-0.495
279,1395,-0.455
288,1395,-0.305
297,1395,-0.329
306,1395,-0.353
315,1395,-0.276
324,1395,-0.402
333,1395,-0.371
342,1395,-0.294
351,1395,-0.365
360,1395,-0.388
369,1395,-0.413
378,1395,-0.382
387,1395,-0.463
396,1395,-0.328
405,1395,-0.303
414,1395,-0.323
423,1395,-0.344
432,1395,-0.366
441,1395,-0.296
450,1395,-0.237
459,1395,-0.293
468,1395,-0.312
477,1395,-0.377
486,1395,-0.399
495,1395,-0.372
504,1395,-0.347
513,1395,-0.368
522,1395,-0.343
531,1395,-0.41
540,1395,-0.485
549,1395,-0.455
558,1395,-0.478
567,1395,-0.4
576,1395,-0.374
585,1395,-0.35
594,1395,-0.327
603,1395,-0.235
612,1395,-0.25
621,1395,-0.266
630,1395,-0.362
639,1395,-0.3
648,1395,-0.358
657,1395,-0.423
666,1395,-0.397
675,1395,-0.418
684,1395,-0.489
693,1395,-0.512
702,1395,-0.536
711,1395,-0.506
720,1395,-0.586
729,1395,-0.611
738,1395,-0.638
747,1395,-0.605
756,1395,-0.631
765,1395,-0.721
774,1395,-0.75
783,1395,-0.78
792,1395,-0.742
801,1395,-0.772
810,1395,-0.735
819,1395,-0.699
828,1395,-0.665
837,1395,-0.757
846,1395,-0.857
855,1395,-0.889
864,1395,-0.78
873,1395,-0.744
882,1395,-0.647
891,1395,-0.737
900,1395,-0.767
909,1395,-0.797
918,1395,-0.761
927,1395,-0.725
936,1395,-0.893
945,1395,-0.927
954,1395,-1.039
963,1395,-0.848
972,1395,0.954
981,1395,0.914
990,1395,0.948
999,1395,0.984
1008,1395,1.02
1017,1395,1.057
1026,1395,1.014
1035,1395,1.051
1044,1395,1.089
1053,1395,1.046
1062,1395,0.785
1071,1395,0.963
1080,1395,0.923
1089,1395,0.813
1098,1395,0.65
1107,1395,0.562
1116,1395,0.482
1125,1395,0.505
1134,1395,0.584
1143,1395,0.611
1152,1395,0.7
1161,1395,0.551
1170,1395,0.523
1179,1395,0.495
1188,1395,0.468
1197,1395,0.443
1206,1395,0.418
1215,1395,0.489
1224,1395,0.513
1233,1395,0.486
1242,1395,0.411
1251,1395,0.387
1260,1395,0.456
1269,1395,0.59
1278,1395,0.681
1287,1395,0.782
1296,1395,0.616
1305,1395,0.585
1314,1395,0.555
1323,1395,0.421
1332,1395,0.273
1341,1395,0.329
1350,1395,0.393
1359,1395,0.52
1368,1395,0.439
1377,1395,0.463
1386,1395,0.546
1395,1395,0.575
1404,1395,0.606
1413,1395,0.706
1422,1395,0.742
1431,1395,0.637
1440,1395,0.743
1449,1395,0.51
1458,1395,0.54
1467,1395,0.637
1476,1395,0.672
1485,1395,0.709
1494,1395,0.913
1503,1395,0.71
1512,1395,0.674
1521,1395,0.792
1530,1395,0.675
1539,1395,0.639
1548,1395,0.677
1557,1395,0.801
1566,1395,0.68
1575,1395,0.807
1584,1395,0.95
1593,1395,0.907
1602,1395,0.961
1611,1395,1.02
1620,1395,0.974
1629,1395,1.035
1638,1395,1.344
1647,1395,1.294
1656,1395,1.244
1665,1395,1.195
1674,1395,1.146
1683,1395,1.224
1692,1395,1.048
1701,1395,1.258
1710,1395,1.208
1719,1395,0.904
1728,1395,0.746
1737,1395,0.809
1746,1395,0.469
1755,1395,0.514
1764,1395,0.564
1773,1395,0.734
1782,1395,0.685
1791,1395,0.893
1800,1395,0.841
1809,1395,1.102
1818,1395,1.051
1827,1395,0.832
1836,1395,0.778
1845,1395,0.894
1854,1395,0.84
1863,1395,0.456
1872,1395,0.728
1881,1395,0.479
1890,1395,0.606
1899,1395,0.819
1908,1395,1.292
1917,1395,1.128
9,1404,-0.098
18,1404,-0.185
27,1404,-0.145
36,1404,-0.312
45,1404,-0.52
54,1404,-0.565
63,1404,-0.608
72,1404,-0.5
81,1404,-0.418
90,1404,-0.457
99,1404,-0.301
108,1404,-0.426
117,1404,-0.461
126,1404,-0.401
135,1404,-0.531
144,1404,-0.467
153,1404,-0.5
162,1404,-0.748
171,1404,-0.668
180,1404,-0.598
189,1404,-0.63
198,1404,-0.404
207,1404,-0.598
216,1404,-0.63
225,1404,-0.488
234,1404,-0.442
243,1404,-0.399
252,1404,-0.362
261,1404,-0.386
270,1404,-0.478
279,1404,-0.435
288,1404,-0.288
297,1404,-0.309
306,1404,-0.33
315,1404,-0.255
324,1404,-0.373
333,1404,-0.341
342,1404,-0.267
351,1404,-0.332
360,1404,-0.353
369,1404,-0.373
378,1404,-0.343
387,1404,-0.417
396,1404,-0.289
405,1404,-0.265
414,1404,-0.282
423,1404,-0.3
432,1404,-0.318
441,1404,-0.253
450,1404,-0.199
459,1404,-0.248
468,1404,-0.264
477,1404,-0.321
486,1404,-0.339
495,1404,-0.314
504,1404,-0.29
513,1404,-0.307
522,1404,-0.283
531,1404,-0.341
540,1404,-0.406
549,1404,-0.378
558,1404,-0.397
567,1404,-0.327
576,1404,-0.303
585,1404,-0.281
594,1404,-0.26
603,1404,-0.181
612,1404,-0.193
621,1404,-0.205
630,1404,-0.284
639,1404,-0.231
648,1404,-0.278
657,1404,-0.332
666,1404,-0.309
675,1404,-0.325
684,1404,-0.384
693,1404,-0.402
702,1404,-0.421
711,1404,-0.44
720,1404,-0.511
729,1404,-0.533
738,1404,-0.555
747,1404,-0.523
756,1404,-0.544
765,1404,-0.625
774,1404,-0.712
783,1404,-0.738
792,1404,-0.765
801,1404,-0.792
810,1404,-0.751
819,1404,-0.712
828,1404,-0.675
837,1404,-0.765
846,1404,-0.863
855,1404,-0.893
864,1404,-0.78
873,1404,-0.741
882,1404,-0.641
891,1404,-0.729
900,1404,-0.756
909,1404,-0.783
918,1404,-0.744
927,1404,-0.706
936,1404,-0.869
945,1404,-0.899
954,1404,-1.007
963,1404,-0.816
972,1404,0.917
981,1404,0.874
990,1404,0.905
999,1404,0.936
1008,1404,0.968
1017,1404,1.001
1026,1404,0.956
1035,1404,0.989
1044,1404,1.022
1053,1404,0.977
1062,1404,0.724
1071,1404,0.891
1080,1404,0.849
1089,1404,0.742
1098,1404,0.585
1107,1404,0.5
1116,1404,0.424
1125,1404,0.444
1134,1404,0.514
1143,1404,0.537
1152,1404,0.617
1161,1404,0.477
1170,1404,0.449
1179,1404,0.422
1188,1404,0.396
1197,1404,0.371
1206,1404,0.389
1215,1404,0.455
1224,1404,0.476
1233,1404,0.448
1242,1404,0.375
1251,1404,0.351
1260,1404,0.413
1269,1404,0.537
1278,1404,0.621
1287,1404,0.714
1296,1404,0.554
1305,1404,0.522
1314,1404,0.492
1323,1404,0.366
1332,1404,0.23
1341,1404,0.279
1350,1404,0.335
1359,1404,0.448
1368,1404,0.372
1377,1404,0.391
1386,1404,0.463
1395,1404,0.487
1404,1404,0.512
1413,1404,0.599
1422,1404,0.629
1431,1404,0.531
1440,1404,0.622
1449,1404,0.466
1458,1404,0.491
1467,1404,0.58
1476,1404,0.68
1485,1404,0.714
1494,1404,0.917
1503,1404,0.71
1512,1404,0.67
1521,1404,0.785
1530,1404,0.665
1539,1404,0.626
1548,1404,0.66
1557,1404,0.779
1566,1404,0.656
1575,1404,0.777
1584,1404,0.913
1593,1404,0.866
1602,1404,0.915
1611,1404,0.967
1620,1404,0.918
1629,1404,0.971
1638,1404,1.265
1647,1404,1.21
1656,1404,1.156
1665,1404,1.102
1674,1404,1.048
1683,1404,1.116
1692,1404,0.943
1701,1404,1.134
1710,1404,1.079
1719,1404,0.901
1728,1404,0.849
1737,1404,0.915
1746,1404,0.541
1755,1404,0.588
1764,1404,0.641
1773,1404,0.821
1782,1404,0.766
1791,1404,0.985
1800,1404,0.927
1809,1404,1.199
1818,1404,1.141
1827,1404,0.907
1836,1404,0.846
1845,1404,0.964
1854,1404,0.903
1863,1404,0.495
1872,1404,0.776
1881,1404,0.512
1890,1404,0.639
1899,1404,0.853
1908,1404,1.327
1917,1404,1.143
9,1413,-0.25
18,1413,-0.333
27,1413,-0.237
36,1413,-0.441
45,1413,-0.674
54,1413,-0.705
63,1413,-0.736
72,1413,-0.597
81,1413,-0.493
90,1413,-0.528
99,1413,-0.347
108,1413,-0.477
117,1413,-0.509
126,1413,-0.439
135,1413,-0.572
144,1413,-0.499
153,1413,-0.528
162,1413,-0.781
171,1413,-0.692
180,1413,-0.615
189,1413,-0.644
198,1413,-0.41
207,1413,-0.603
216,1413,-0.631
225,1413,-0.485
234,1413,-0.435
243,1413,-0.46
252,1413,-0.414
261,1413,-0.437
270,1413,-0.533
279,1413,-0.483
288,1413,-0.321
297,1413,-0.34
306,1413,-0.36
315,1413,-0.278
324,1413,-0.401
333,1413,-0.365
342,1413,-0.284
351,1413,-0.35
360,1413,-0.369
369,1413,-0.388
378,1413,-0.355
387,1413,-0.428
396,1413,-0.295
405,1413,-0.269
414,1413,-0.285
423,1413,-0.301
432,1413,-0.317
441,1413,-0.251
450,1413,-0.195
459,1413,-0.242
468,1413,-0.256
477,1413,-0.311
486,1413,-0.327
495,1413,-0.343
504,1413,-0.316
513,1413,-0.332
522,1413,-0.305
531,1413,-0.365
540,1413,-0.431
549,1413,-0.449
558,1413,-0.468
567,1413,-0.386
576,1413,-0.357
585,1413,-0.33
594,1413,-0.305
603,1413,-0.214
612,1413,-0.226
621,1413,-0.238
630,1413,-0.324
639,1413,-0.263
648,1413,-0.314
657,1413,-0.371
666,1413,-0.344
675,1413,-0.359
684,1413,-0.421
693,1413,-0.438
702,1413,-0.456
711,1413,-0.527
720,1413,-0.604
729,1413,-0.626
738,1413,-0.647
747,1413,-0.609
756,1413,-0.63
765,1413,-0.716
774,1413,-0.808
783,1413,-0.833
792,1413,-0.859
801,1413,-0.885
810,1413,-0.838
819,1413,-0.793
828,1413,-0.75
837,1413,-0.844
846,1413,-0.945
855,1413,-0.973
864,1413,-0.924
873,1413,-0.876
882,1413,-0.762
891,1413,-0.857
900,1413,-0.883
909,1413,-0.91
918,1413,-0.864
927,1413,-0.819
936,1413,-0.995
945,1413,-1.025
954,1413,-1.138
963,1413,-0.927
972,1413,1.034
981,1413,0.985
990,1413,1.014
999,1413,1.045
1008,1413,1.076
1017,1413,1.107
1026,1413,1.056
1035,1413,1.087
1044,1413,1.119
1053,1413,1.068
1062,1413,0.795
1071,1413,0.969
1080,1413,0.922
1089,1413,0.805
1098,1413,0.636
1107,1413,0.544
1116,1413,0.461
1125,1413,0.48
1134,1413,0.552
1143,1413,0.574
1152,1413,0.655
1161,1413,0.507
1170,1413,0.475
1179,1413,0.445
1188,1413,0.416
1197,1413,0.388
1206,1413,0.405
1215,1413,0.471
1224,1413,0.491
1233,1413,0.459
1242,1413,0.383
1251,1413,0.356
1260,1413,0.418
1269,1413,0.542
1278,1413,0.624
1287,1413,0.714
1296,1413,0.552
1305,1413,0.517
1314,1413,0.484
1323,1413,0.358
1332,1413,0.222
1341,1413,0.268
1350,1413,0.321
1359,1413,0.43
1368,1413,0.353
1377,1413,0.37
1386,1413,0.438
1395,1413,0.459
1404,1413,0.48
1413,1413,0.562
1422,1413,0.587
1431,1413,0.55
1440,1413,0.641
1449,1413,0.479
1458,1413,0.502
1467,1413,0.59
1476,1413,0.688
1485,1413,0.72
1494,1413,0.921
1503,1413,0.709
1512,1413,0.666
1521,1413,0.777
1530,1413,0.654
1539,1413,0.612
1548,1413,0.643
1557,1413,0.757
1566,1413,0.632
1575,1413,0.747
1584,1413,0.877
1593,1413,0.921
1602,1413,0.969
1611,1413,1.019
1620,1413,0.964
1629,1413,1.015
1638,1413,1.313
1647,1413,1.252
1656,1413,1.191
1665,1413,1.131
1674,1413,1.072
1683,1413,1.136
1692,1413,1.076
1701,1413,1.279
1710,1413,1.216
1719,1413,1.021
1728,1413,0.961
1737,1413,1.03
1746,1413,0.621
1755,1413,0.67
1764,1413,0.725
1773,1413,0.916
1782,1413,0.854
1791,1413,1.084
1800,1413,1.019
1809,1413,1.303
1818,1413,1.237
1827,1413,0.985
1836,1413,0.917
1845,1413,1.037
1854,1413,0.968
1863,1413,0.536
1872,1413,0.827
1881,1413,0.546
1890,1413,0.674
1899,1413,0.888
1908,1413,1.362
1917,1413,1.158
9,1422,-0.24
18,1422,-0.316
27,1422,-0.221
36,1422,-0.413
45,1422,-0.633
54,1422,-0.658
63,1422,-0.684
72,1422,-0.549
81,1422,-0.447
90,1422,-0.477
99,1422,-0.307
108,1422,-0.426
117,1422,-0.453
126,1422,-0.386
135,1422,-0.506
144,1422,-0.532
153,1422,-0.558
162,1422,-0.815
171,1422,-0.718
180,1422,-0.634
189,1422,-0.658
198,1422,-0.416
207,1422,-0.608
216,1422,-0.632
225,1422,-0.482
234,1422,-0.429
243,1422,-0.45
252,1422,-0.402
261,1422,-0.422
270,1422,-0.514
279,1422,-0.463
288,1422,-0.303
297,1422,-0.32
306,1422,-0.337
315,1422,-0.256
324,1422,-0.372
333,1422,-0.335
342,1422,-0.257
351,1422,-0.318
360,1422,-0.334
369,1422,-0.35
378,1422,-0.317
387,1422,-0.384
396,1422,-0.259
405,1422,-0.234
414,1422,-0.247
423,1422,-0.26
432,1422,-0.273
441,1422,-0.212
450,1422,-0.162
459,1422,-0.236
468,1422,-0.249
477,1422,-0.301
486,1422,-0.315
495,1422,-0.329
504,1422,-0.301
513,1422,-0.314
522,1422,-0.287
531,1422,-0.343
540,1422,-0.405
549,1422,-0.42
558,1422,-0.437
567,1422,-0.356
576,1422,-0.327
585,1422,-0.3
594,1422,-0.275
603,1422,-0.189
612,1422,-0.199
621,1422,-0.209
630,1422,-0.287
639,1422,-0.263
648,1422,-0.313
657,1422,-0.368
666,1422,-0.339
675,1422,-0.353
684,1422,-0.412
693,1422,-0.427
702,1422,-0.443
711,1422,-0.51
720,1422,-0.584
729,1422,-0.603
738,1422,-0.622
747,1422,-0.581
756,1422,-0.6
765,1422,-0.681
774,1422,-0.768
783,1422,-0.789
792,1422,-0.812
801,1422,-0.834
810,1422,-0.786
819,1422,-0.739
828,1422,-0.695
837,1422,-0.783
846,1422,-0.877
855,1422,-0.901
864,1422,-0.851
873,1422,-0.802
882,1422,-0.756
891,1422,-0.848
900,1422,-0.872
909,1422,-0.896
918,1422,-0.846
927,1422,-0.799
936,1422,-0.97
945,1422,-0.996
954,1422,-1.105
963,1422,-0.893
972,1422,0.995
981,1422,0.943
990,1422,0.969
999,1422,0.995
1008,1422,1.022
1017,1422,1.05
1026,1422,0.996
1035,1422,1.023
1044,1422,1.051
1053,1422,0.998
1062,1422,0.733
1071,1422,0.896
1080,1422,0.848
1089,1422,0.734
1098,1422,0.572
1107,1422,0.483
1116,1422,0.451
1125,1422,0.467
1134,1422,0.537
1143,1422,0.555
1152,1422,0.633
1161,1422,0.485
1170,1422,0.452
1179,1422,0.421
1188,1422,0.391
1197,1422,0.362
1206,1422,0.376
1215,1422,0.438
1224,1422,0.454
1233,1422,0.422
1242,1422,0.348
1251,1422,0.321
1260,1422,0.377
1269,1422,0.491
1278,1422,0.566
1287,1422,0.649
1296,1422,0.493
1305,1422,0.459
1314,1422,0.426
1323,1422,0.308
1332,1422,0.185
1341,1422,0.224
1350,1422,0.269
1359,1422,0.365
1368,1422,0.294
1377,1422,0.308
1386,1422,0.365
1395,1422,0.381
1404,1422,0.398
1413,1422,0.468
1422,1422,0.488
1431,1422,0.452
1440,1422,0.53
1449,1422,0.384
1458,1422,0.401
1467,1422,0.475
1476,1422,0.558
1485,1422,0.582
1494,1422,0.756
1503,1422,0.565
1512,1422,0.524
1521,1422,0.616
1530,1422,0.572
1539,1422,0.53
1548,1422,0.555
1557,1422,0.655
1566,1422,0.537
1575,1422,0.638
1584,1422,0.752
1593,1422,0.787
1602,1422,0.825
1611,1422,0.865
1620,1422,0.809
1629,1422,0.85
1638,1422,1.113
1647,1422,1.05
1656,1422,1.104
1665,1422,1.04
1674,1422,1.096
1683,1422,1.156
1692,1422,1.09
1701,1422,1.29
1710,1422,1.221
1719,1422,1.019
1728,1422,0.953
1737,1422,1.016
1746,1422,0.604
1755,1422,0.648
1764,1422,0.696
1773,1422,0.878
1782,1422,0.81
1791,1422,1.027
1800,1422,0.954
1809,1422,1.219
1818,1422,1.144
1827,1422,0.893
1836,1422,0.816
1845,1422,0.915
1854,1422,0.836
1863,1422,0.431
1872,1422,0.671
1881,1422,0.406
1890,1422,0.486
1899,1422,0.615
1908,1422,1.398
1917,1422,1.174
9,1431,-0.23
18,1431,-0.3
27,1431,-0.205
36,1431,-0.385
45,1431,-0.593
54,1431,-0.613
63,1431,-0.825
72,1431,-0.654
81,1431,-0.527
90,1431,-0.551
99,1431,-0.353
108,1431,-0.478
117,1431,-0.501
126,1431,-0.423
135,1431,-0.546
144,1431,-0.568
153,1431,-0.59
162,1431,-0.851
171,1431,-0.745
180,1431,-0.652
189,1431,-0.673
198,1431,-0.422
207,1431,-0.613
216,1431,-0.633
225,1431,-0.479
234,1431,-0.498
243,1431,-0.517
252,1431,-0.459
261,1431,-0.478
270,1431,-0.573
279,1431,-0.514
288,1431,-0.337
297,1431,-0.353
306,1431,-0.368
315,1431,-0.279
324,1431,-0.4
333,1431,-0.359
342,1431,-0.321
351,1431,-0.389
360,1431,-0.404
369,1431,-0.42
378,1431,-0.379
387,1431,-0.451
396,1431,-0.308
405,1431,-0.277
414,1431,-0.289
423,1431,-0.302
432,1431,-0.315
441,1431,-0.245
450,1431,-0.187
459,1431,-0.268
468,1431,-0.279
477,1431,-0.334
486,1431,-0.347
495,1431,-0.36
504,1431,-0.374
513,1431,-0.387
522,1431,-0.353
531,1431,-0.415
540,1431,-0.483
549,1431,-0.498
558,1431,-0.513
567,1431,-0.42
576,1431,-0.385
585,1431,-0.398
594,1431,-0.365
603,1431,-0.257
612,1431,-0.267
621,1431,-0.278
630,1431,-0.371
639,1431,-0.34
648,1431,-0.397
657,1431,-0.459
666,1431,-0.423
675,1431,-0.437
684,1431,-0.503
693,1431,-0.518
702,1431,-0.533
711,1431,-0.607
720,1431,-0.687
729,1431,-0.705
738,1431,-0.723
747,1431,-0.675
756,1431,-0.692
765,1431,-0.778
774,1431,-0.87
783,1431,-0.891
792,1431,-0.911
801,1431,-0.932
810,1431,-0.877
819,1431,-0.823
828,1431,-0.773
837,1431,-0.863
846,1431,-0.961
855,1431,-0.982
864,1431,-0.926
873,1431,-0.872
882,1431,-0.82
891,1431,-0.914
900,1431,-0.935
909,1431,-0.957
918,1431,-0.902
927,1431,-0.849
936,1431,-1.025
945,1431,-1.048
954,1431,-1.157
963,1431,-0.935
972,1431,1.037
981,1431,0.98
990,1431,1.003
999,1431,1.027
1008,1431,1.051
1017,1431,1.075
1026,1431,1.017
1035,1431,1.041
1044,1431,1.066
1053,1431,1.009
1062,1431,0.737
1071,1431,0.9
1080,1431,0.848
1089,1431,0.73
1098,1431,0.565
1107,1431,0.475
1116,1431,0.441
1125,1431,0.455
1134,1431,0.521
1143,1431,0.537
1152,1431,0.611
1161,1431,0.464
1170,1431,0.479
1179,1431,0.494
1188,1431,0.459
1197,1431,0.425
1206,1431,0.439
1215,1431,0.505
1224,1431,0.521
1233,1431,0.484
1242,1431,0.4
1251,1431,0.369
1260,1431,0.429
1269,1431,0.551
1278,1431,0.629
1287,1431,0.716
1296,1431,0.546
1305,1431,0.507
1314,1431,0.469
1323,1431,0.341
1332,1431,0.206
1341,1431,0.247
1350,1431,0.295
1359,1431,0.394
1368,1431,0.318
1377,1431,0.33
1386,1431,0.39
1395,1431,0.404
1404,1431,0.42
1413,1431,0.49
1422,1431,0.509
1431,1431,0.469
1440,1431,0.547
1449,1431,0.395
1458,1431,0.411
1467,1431,0.483
1476,1431,0.565
1485,1431,0.587
1494,1431,0.759
1503,1431,0.564
1512,1431,0.586
1521,1431,0.683
1530,1431,0.633
1539,1431,0.585
1548,1431,0.609
1557,1431,0.713
1566,1431,0.586
1575,1431,0.689
1584,1431,0.806
1593,1431,0.84
1602,1431,0.876
1611,1431,0.914
1620,1431,0.852
1629,1431,0.89
1638,1431,1.158
1647,1431,1.088
1656,1431,1.139
1665,1431,1.069
1674,1431,1.121
1683,1431,1.177
1692,1431,1.237
1701,1431,1.45
1710,1431,1.372
1719,1431,1.15
1728,1431,1.076
1737,1431,1.14
1746,1431,0.691
1755,1431,0.736
1764,1431,0.786
1773,1431,0.978
1782,1431,0.902
1791,1431,1.13
1800,1431,1.049
1809,1431,1.325
1818,1431,1.241
1827,1431,0.972
1836,1431,0.887
1845,1431,0.987
1854,1431,0.899
1863,1431,0.468
1872,1431,0.717
1881,1431,0.436
1890,1431,0.515
1899,1431,0.644
1908,1431,1.435
1917,1431,1.19
9,1440,-0.221
18,1440,-0.284
27,1440,-0.19
36,1440,-0.539
45,1440,-0.767
54,1440,-0.766
63,1440,-0.989
72,1440,-0.775
81,1440,-0.618
90,1440,-0.634
99,1440,-0.406
108,1440,-0.536
117,1440,-0.554
126,1440,-0.464
135,1440,-0.589
144,1440,-0.606
153,1440,-0.623
162,1440,-0.889
171,1440,-0.773
180,1440,-0.672
189,1440,-0.688
198,1440,-0.428
207,1440,-0.618
216,1440,-0.634
225,1440,-0.476
234,1440,-0.491
243,1440,-0.507
252,1440,-0.447
261,1440,-0.462
270,1440,-0.554
279,1440,-0.493
288,1440,-0.318
297,1440,-0.331
306,1440,-0.344
315,1440,-0.258
324,1440,-0.37
333,1440,-0.329
342,1440,-0.292
351,1440,-0.354
360,1440,-0.423
369,1440,-0.437
378,1440,-0.392
387,1440,-0.464
396,1440,-0.364
405,1440,-0.326
414,1440,-0.338
423,1440,-0.349
432,1440,-0.361
441,1440,-0.281
450,1440,-0.292
459,1440,-0.397
468,1440,-0.409
477,1440,-0.477
486,1440,-0.49
495,1440,-0.565
504,1440,-0.579
513,1440,-0.593
522,1440,-0.544
531,1440,-0.691
540,1440,-0.781
549,1440,-0.797
558,1440,-0.813
567,1440,-0.681
576,1440,-0.628
585,1440,-0.642
594,1440,-0.592
603,1440,-0.435
612,1440,-0.447
621,1440,-0.459
630,1440,-0.586
639,1440,-0.54
648,1440,-0.614
657,1440,-0.693
666,1440,-0.642
675,1440,-0.657
684,1440,-0.739
693,1440,-0.755
702,1440,-0.77
711,1440,-0.86
720,1440,-0.956
729,1440,-0.974
738,1440,-0.992
747,1440,-0.929
756,1440,-0.947
765,1440,-1.047
774,1440,-1.154
783,1440,-1.174
792,1440,-1.194
801,1440,-1.215
810,1440,-1.144
819,1440,-1.077
828,1440,-1.012
837,1440,-1.116
846,1440,-1.227
855,1440,-1.248
864,1440,-1.178
873,1440,-1.11
882,1440,-1.045
891,1440,-1.151
900,1440,-1.172
909,1440,-1.193
918,1440,-1.126
927,1440,-1.061
936,1440,-1.259
945,1440,-1.282
954,1440,-1.402
963,1440,-1.145
972,1440,1.257
981,1440,1.189
990,1440,1.211
999,1440,1.234
1008,1440,1.257
1017,1440,1.281
1026,1440,1.212
1035,1440,1.235
1044,1440,1.259
1053,1440,1.191
1062,1440,0.884
1071,1440,1.063
1080,1440,1.002
1089,1440,0.867
1098,1440,0.678
1107,1440,0.573
1116,1440,0.532
1125,1440,0.546
1134,1440,0.619
1143,1440,0.634
1152,1440,0.715
1161,1440,0.548
1170,1440,0.562
1179,1440,0.577
1188,1440,0.535
1197,1440,0.495
1206,1440,0.509
1215,1440,0.58
1224,1440,0.595
1233,1440,0.552
1242,1440,0.458
1251,1440,0.421
1260,1440,0.485
1269,1440,0.615
1278,1440,0.698
1287,1440,0.788
1296,1440,0.603
1305,1440,0.559
1314,1440,0.517
1323,1440,0.376
1332,1440,0.229
1341,1440,0.273
1350,1440,0.322
1359,1440,0.426
1368,1440,0.343
1377,1440,0.355
1386,1440,0.415
1395,1440,0.483
1404,1440,0.498
1413,1440,0.575
1422,1440,0.593
1431,1440,0.547
1440,1440,0.631
1449,1440,0.46
1458,1440,0.476
1467,1440,0.554
1476,1440,0.641
1485,1440,0.662
1494,1440,0.846
1503,1440,0.632
1512,1440,0.653
1521,1440,0.755
1530,1440,0.699
1539,1440,0.645
1548,1440,0.668
1557,1440,0.776
1566,1440,0.637
1575,1440,0.744
1584,1440,0.863
1593,1440,0.895
1602,1440,0.929
1611,1440,0.965
1620,1440,0.897
1629,1440,0.933
1638,1440,1.204
1647,1440,1.128
1656,1440,1.175
1665,1440,1.099
1674,1440,1.147
1683,1440,1.199
1692,1440,1.254
1701,1440,1.463
1710,1440,1.378
1719,1440,1.149
1728,1440,1.068
1737,1440,1.126
1746,1440,0.674
1755,1440,0.713
1764,1440,0.756
1773,1440,0.939
1782,1440,1.001
1791,1440,1.24
1800,1440,1.15
1809,1440,1.437
1818,1440,1.344
1827,1440,1.055
1836,1440,0.962
1845,1440,1.062
1854,1440,0.966
1863,1440,0.508
1872,1440,0.766
1881,1440,0.467
1890,1440,0.546
1899,1440,0.674
1908,1440,1.473
1917,1440,1.206
9,1449,-0.211
18,1449,-0.269
27,1449,-0.176
36,1449,-0.506
45,1449,-0.721
54,1449,-0.716
63,1449,-0.926
72,1449,-0.717
81,1449,-0.564
90,1449,-0.576
99,1449,-0.361
108,1449,-0.479
117,1449,-0.494
126,1449,-0.408
135,1449,-0.521
144,1449,-0.535
153,1449,-0.548
162,1449,-0.792
171,1449,-0.681
180,1449,-0.586
189,1449,-0.599
198,1449,-0.361
207,1449,-0.53
216,1449,-0.543
225,1449,-0.399
234,1449,-0.411
243,1449,-0.423
252,1449,-0.369
261,1449,-0.381
270,1449,-0.46
279,1449,-0.404
288,1449,-0.252
297,1449,-0.261
306,1449,-0.271
315,1449,-0.198
324,1449,-0.291
333,1449,-0.255
342,1449,-0.223
351,1449,-0.274
360,1449,-0.331
369,1449,-0.341
378,1449,-0.351
387,1449,-0.416
396,1449,-0.321
405,1449,-0.331
414,1449,-0.341
423,1449,-0.35
432,1449,-0.36
441,1449,-0.278
450,1449,-0.287
459,1449,-0.39
468,1449,-0.4
477,1449,-0.465
486,1449,-0.475
495,1449,-0.547
504,1449,-0.558
513,1449,-0.569
522,1449,-0.518
531,1449,-0.66
540,1449,-0.744
549,1449,-0.757
558,1449,-0.769
567,1449,-0.638
576,1449,-0.585
585,1449,-0.596
594,1449,-0.546
603,1449,-0.395
612,1449,-0.405
621,1449,-0.414
630,1449,-0.531
639,1449,-0.486
648,1449,-0.553
657,1449,-0.625
666,1449,-0.575
675,1449,-0.586
684,1449,-0.661
693,1449,-0.673
702,1449,-0.685
711,1449,-0.766
720,1449,-0.853
729,1449,-0.867
738,1449,-0.881
747,1449,-0.819
756,1449,-0.833
765,1449,-0.923
774,1449,-1.02
783,1449,-1.035
792,1449,-1.05
801,1449,-1.066
810,1449,-0.998
819,1449,-1.013
828,1449,-1.028
837,1449,-1.13
846,1449,-1.238
855,1449,-1.256
864,1449,-1.181
873,1449,-1.109
882,1449,-1.041
891,1449,-1.143
900,1449,-1.16
909,1449,-1.178
918,1449,-1.107
927,1449,-1.039
936,1449,-1.232
945,1449,-1.25
954,1449,-1.365
963,1449,-1.108
972,1449,1.214
981,1449,1.143
990,1449,1.162
999,1449,1.272
1008,1449,1.292
1017,1449,1.312
1026,1449,1.238
1035,1449,1.257
1044,1449,1.278
1053,1449,1.205
1062,1449,0.89
1071,1449,1.067
1080,1449,1.003
1089,1449,0.864
1098,1449,0.672
1107,1449,0.623
1116,1449,0.577
1125,1449,0.589
1134,1449,0.663
1143,1449,0.677
1152,1449,0.759
1161,1449,0.581
1170,1449,0.594
1179,1449,0.607
1188,1449,0.561
1197,1449,0.517
1206,1449,0.529
1215,1449,0.6
1224,1449,0.613
1233,1449,0.567
1242,1449,0.468
1251,1449,0.429
1260,1449,0.491
1269,1449,0.621
1278,1449,0.701
1287,1449,0.789
1296,1449,0.601
1305,1449,0.554
1314,1449,0.509
1323,1449,0.368
1332,1449,0.221
1341,1449,0.262
1350,1449,0.308
1359,1449,0.408
1368,1449,0.325
1377,1449,0.335
1386,1449,0.391
1395,1449,0.454
1404,1449,0.466
1413,1449,0.602
1422,1449,0.618
1431,1449,0.567
1440,1449,0.651
1449,1449,0.473
1458,1449,0.487
1467,1449,0.564
1476,1449,0.65
1485,1449,0.668
1494,1449,0.85
1503,1449,0.631
1512,1449,0.649
1521,1449,0.748
1530,1449,0.688
1539,1449,0.631
1548,1449,0.651
1557,1449,0.753
1566,1449,0.613
1575,1449,0.714
1584,1449,0.827
1593,1449,0.854
1602,1449,0.883
1611,1449,0.913
1620,1449,0.842
1629,1449,0.872
1638,1449,1.129
1647,1449,1.049
1656,1449,1.088
1665,1449,1.008
1674,1449,1.048
1683,1449,1.09
1692,1449,1.136
1701,1449,1.326
1710,1449,1.236
1719,1449,1.013
1728,1449,0.93
1737,1449,0.975
1746,1449,0.556
1755,1449,0.584
1764,1449,0.614
1773,1449,0.768
1782,1449,0.813
1791,1449,1.013
1800,1449,0.92
1809,1449,1.158
1818,1449,1.058
1827,1449,0.791
1836,1449,0.858
1845,1449,0.938
1854,1449,0.833
1863,1449,0.551
1872,1449,0.817
1881,1449,0.5
1890,1449,0.578
1899,1449,0.705
1908,1449,1.512
1917,1449,1.223
9,1458,-0.202
18,1458,-0.254
27,1458,-0.163
36,1458,-0.474
45,1458,-0.677
54,1458,-0.667
63,1458,-0.865
72,1458,-0.661
81,1458,-0.513
90,1458,-0.521
99,1458,-0.318
108,1458,-0.426
117,1458,-0.437
126,1458,-0.356
135,1458,-0.458
144,1458,-0.468
153,1458,-0.478
162,1458,-0.701
171,1458,-0.596
180,1458,-0.507
189,1458,-0.516
198,1458,-0.301
207,1458,-0.451
216,1458,-0.46
225,1458,-0.33
234,1458,-0.339
243,1458,-0.349
252,1458,-0.3
261,1458,-0.308
270,1458,-0.376
279,1458,-0.326
288,1458,-0.195
297,1458,-0.202
306,1458,-0.21
315,1458,-0.148
324,1458,-0.224
333,1458,-0.193
342,1458,-0.166
351,1458,-0.207
360,1458,-0.253
369,1458,-0.26
378,1458,-0.268
387,1458,-0.321
396,1458,-0.241
405,1458,-0.248
414,1458,-0.255
423,1458,-0.261
432,1458,-0.268
441,1458,-0.201
450,1458,-0.207
459,1458,-0.289
468,1458,-0.341
477,1458,-0.398
486,1458,-0.406
495,1458,-0.469
504,1458,-0.477
513,1458,-0.485
522,1458,-0.437
531,1458,-0.563
540,1458,-0.637
549,1458,-0.646
558,1458,-0.656
567,1458,-0.535
576,1458,-0.485
585,1458,-0.494
594,1458,-0.447
603,1458,-0.357
612,1458,-0.364
621,1458,-0.371
630,1458,-0.479
639,1458,-0.434
648,1458,-0.495
657,1458,-0.561
666,1458,-0.512
675,1458,-0.52
684,1458,-0.587
693,1458,-0.596
702,1458,-0.605
711,1458,-0.678
720,1458,-0.757
729,1458,-0.767
738,1458,-0.777
747,1458,-0.717
756,1458,-0.727
765,1458,-0.808
774,1458,-0.894
783,1458,-0.905
792,1458,-0.916
801,1458,-0.928
810,1458,-0.862
819,1458,-0.873
828,1458,-0.884
837,1458,-0.974
846,1458,-1.07
855,1458,-1.083
864,1458,-1.011
873,1458,-0.942
882,1458,-0.877
891,1458,-0.967
900,1458,-0.979
909,1458,-1.075
918,1458,-1.088
927,1458,-1.017
936,1458,-1.205
945,1458,-1.219
954,1458,-1.329
963,1458,-1.071
972,1458,1.172
981,1458,1.099
990,1458,1.113
999,1458,1.217
1008,1458,1.233
1017,1458,1.248
1026,1458,1.172
1035,1458,1.188
1044,1458,1.203
1053,1458,1.129
1062,1458,0.822
1071,1458,0.989
1080,1458,0.924
1089,1458,0.788
1098,1458,0.604
1107,1458,0.614
1116,1458,0.566
1125,1458,0.575
1134,1458,0.646
1143,1458,0.657
1152,1458,0.735
1161,1458,0.558
1170,1458,0.568
1179,1458,0.578
1188,1458,0.531
1197,1458,0.486
1206,1458,0.495
1215,1458,0.561
1224,1458,0.571
1233,1458,0.524
1242,1458,0.428
1251,1458,0.388
1260,1458,0.445
1269,1458,0.565
1278,1458,0.639
1287,1458,0.718
1296,1458,0.598
1305,1458,0.61
1314,1458,0.56
1323,1458,0.406
1332,1458,0.282
1341,1458,0.329
1350,1458,0.382
1359,1458,0.496
1368,1458,0.399
1377,1458,0.408
1386,1458,0.47
1395,1458,0.54
1404,1458,0.551
1413,1458,0.7
1422,1458,0.715
1431,1458,0.657
1440,1458,0.747
1449,1458,0.548
1458,1458,0.561
1467,1458,0.643
1476,1458,0.734
1485,1458,0.751
1494,1458,0.944
1503,1458,0.706
1512,1458,0.723
1521,1458,0.826
1530,1458,0.759
1539,1458,0.695
1548,1458,0.713
1557,1458,0.819
1566,1458,0.667
1575,1458,0.771
1584,1458,0.887
1593,1458,1.015
1602,1458,1.044
1611,1458,1.074
1620,1458,0.993
1629,1458,1.023
1638,1458,1.303
1647,1458,1.212
1656,1458,1.252
1665,1458,1.162
1674,1458,1.202
1683,1458,1.244
1692,1458,1.29
1701,1458,1.492
1710,1458,1.391
1719,1458,1.147
1728,1458,1.053
1737,1458,1.098
1746,1458,0.64
1755,1458,0.668
1764,1458,0.698
1773,1458,0.861
1782,1458,0.907
1791,1458,1.118
1800,1458,1.014
1809,1458,1.263
1818,1458,1.153
1827,1458,0.865
1836,1458,0.932
1845,1458,1.012
1854,1458,0.897
1863,1458,0.597
1872,1458,0.871
1881,1458,0.535
1890,1458,0.611
1899,1458,0.737
1908,1458,1.552
1917,1458,1.239
9,1467,-0.193
18,1467,-0.239
27,1467,-0.15
36,1467,-0.443
45,1467,-0.634
54,1467,-0.621
63,1467,-0.806
72,1467,-0.607
81,1467,-0.465
90,1467,-0.47
99,1467,-0.28
108,1467,-0.377
117,1467,-0.385
126,1467,-0.309
135,1467,-0.4
144,1467,-0.407
153,1467,-0.414
162,1467,-0.616
171,1467,-0.518
180,1467,-0.523
189,1467,-0.528
198,1467,-0.305
207,1467,-0.454
216,1467,-0.46
225,1467,-0.327
234,1467,-0.333
243,1467,-0.34
252,1467,-0.29
261,1467,-0.296
270,1467,-0.36
279,1467,-0.366
288,1467,-0.22
297,1467,-0.226
306,1467,-0.232
315,1467,-0.163
324,1467,-0.244
333,1467,-0.209
342,1467,-0.179
351,1467,-0.22
360,1467,-0.266
369,1467,-0.272
378,1467,-0.277
387,1467,-0.33
396,1467,-0.246
405,1467,-0.251
414,1467,-0.257
423,1467,-0.262
432,1467,-0.267
441,1467,-0.198
450,1467,-0.203
459,1467,-0.283
468,1467,-0.332
477,1467,-0.386
486,1467,-0.392
495,1467,-0.451
504,1467,-0.457
513,1467,-0.463
522,1467,-0.414
531,1467,-0.534
540,1467,-0.604
549,1467,-0.61
558,1467,-0.616
567,1467,-0.498
576,1467,-0.448
585,1467,-0.454
594,1467,-0.408
603,1467,-0.321
612,1467,-0.326
621,1467,-0.331
630,1467,-0.43
639,1467,-0.387
648,1467,-0.441
657,1467,-0.5
666,1467,-0.453
675,1467,-0.458
684,1467,-0.518
693,1467,-0.524
702,1467,-0.531
711,1467,-0.596
720,1467,-0.666
729,1467,-0.673
738,1467,-0.68
747,1467,-0.622
756,1467,-0.629
765,1467,-0.7
774,1467,-0.777
783,1467,-0.784
792,1467,-0.792
801,1467,-0.8
810,1467,-0.737
819,1467,-0.744
828,1467,-0.823
837,1467,-0.907
846,1467,-0.996
855,1467,-1.004
864,1467,-0.932
873,1467,-0.863
882,1467,-0.798
891,1467,-0.88
900,1467,-0.889
909,1467,-0.977
918,1467,-0.986
927,1467,-0.916
936,1467,-1.089
945,1467,-1.099
954,1467,-1.199
963,1467,-0.953
972,1467,1.044
981,1467,0.972
990,1467,0.982
999,1467,1.076
1008,1467,1.086
1017,1467,1.097
1026,1467,1.023
1035,1467,1.034
1044,1467,1.044
1053,1467,0.973
1062,1467,0.69
1071,1467,0.838
1080,1467,0.776
1089,1467,0.651
1098,1467,0.486
1107,1467,0.493
1116,1467,0.448
1125,1467,0.454
1134,1467,0.513
1143,1467,0.52
1152,1467,0.585
1161,1467,0.43
1170,1467,0.436
1179,1467,0.442
1188,1467,0.4
1197,1467,0.361
1206,1467,0.366
1215,1467,0.419
1224,1467,0.476
1233,1467,0.431
1242,1467,0.345
1251,1467,0.308
1260,1467,0.355
1269,1467,0.458
1278,1467,0.52
1287,1467,0.587
1296,1467,0.479
1305,1467,0.486
1314,1467,0.44
1323,1467,0.307
1332,1467,0.237
1341,1467,0.277
1350,1467,0.323
1359,1467,0.423
1368,1467,0.333
1377,1467,0.386
1386,1467,0.444
1395,1467,0.509
1404,1467,0.517
1413,1467,0.658
1422,1467,0.669
1431,1467,0.757
1440,1467,0.852
1449,1467,0.632
1458,1467,0.643
1467,1467,0.731
1476,1467,0.827
1485,1467,0.842
1494,1467,1.047
1503,1467,0.787
1512,1467,0.803
1521,1467,0.91
1530,1467,0.835
1539,1467,0.764
1548,1467,0.78
1557,1467,0.889
1566,1467,0.725
1575,1467,0.832
1584,1467,0.95
1593,1467,1.08
1602,1467,1.106
1611,1467,1.133
1620,1467,1.045
1629,1467,1.071
1638,1467,1.355
1647,1467,1.257
1656,1467,1.292
1665,1467,1.195
1674,1467,1.23
1683,1467,1.268
1692,1467,1.309
1701,1467,1.507
1710,1467,1.398
1719,1467,1.146
1728,1467,1.046
1737,1467,1.085
1746,1467,0.623
1755,1467,0.645
1764,1467,0.67
1773,1467,0.824
1782,1467,0.861
1791,1467,1.058
1800,1467,0.949
1809,1467,1.179
1818,1467,1.062
1827,1467,0.777
1836,1467,0.829
1845,1467,0.89
1854,1467,0.768
1863,1467,0.645
1872,1467,0.928
1881,1467,0.572
1890,1467,0.647
1899,1467,0.77
1908,1467,1.593
1917,1467,1.257
9,1476,-0.184
18,1476,-0.225
27,1476,-0.137
36,1476,-0.414
45,1476,-0.593
54,1476,-0.576
63,1476,-0.749
72,1476,-0.556
81,1476,-0.419
90,1476,-0.421
99,1476,-0.244
108,1476,-0.331
117,1476,-0.336
126,1476,-0.265
135,1476,-0.346
144,1476,-0.351
153,1476,-0.356
162,1476,-0.538
171,1476,-0.446
180,1476,-0.449
189,1476,-0.452
198,1476,-0.251
207,1476,-0.381
216,1476,-0.385
225,1476,-0.266
234,1476,-0.271
243,1476,-0.275
252,1476,-0.231
261,1476,-0.235
270,1476,-0.289
279,1476,-0.293
288,1476,-0.168
297,1476,-0.172
306,1476,-0.176
315,1476,-0.12
324,1476,-0.184
333,1476,-0.155
342,1476,-0.13
351,1476,-0.162
360,1476,-0.199
369,1476,-0.202
378,1476,-0.206
387,1476,-0.248
396,1476,-0.179
405,1476,-0.182
414,1476,-0.186
423,1476,-0.189
432,1476,-0.192
441,1476,-0.165
450,1476,-0.168
459,1476,-0.237
468,1476,-0.279
477,1476,-0.327
486,1476,-0.33
495,1476,-0.382
504,1476,-0.385
513,1476,-0.389
522,1476,-0.344
531,1476,-0.448
540,1476,-0.509
549,1476,-0.513
558,1476,-0.516
567,1476,-0.409
576,1476,-0.413
585,1476,-0.416
594,1476,-0.371
603,1476,-0.288
612,1476,-0.291
621,1476,-0.335
630,1476,-0.433
639,1476,-0.387
648,1476,-0.44
657,1476,-0.498
666,1476,-0.447
675,1476,-0.451
684,1476,-0.508
693,1476,-0.512
702,1476,-0.516
711,1476,-0.578
720,1476,-0.645
729,1476,-0.649
738,1476,-0.72
747,1476,-0.657
756,1476,-0.661
765,1476,-0.732
774,1476,-0.809
783,1476,-0.813
792,1476,-0.818
801,1476,-0.822
810,1476,-0.755
819,1476,-0.759
828,1476,-0.836
837,1476,-0.918
846,1476,-1.005
855,1476,-1.011
864,1476,-0.934
873,1476,-0.862
882,1476,-0.793
891,1476,-0.872
900,1476,-0.878
909,1476,-0.962
918,1476,-0.968
927,1476,-0.894
936,1476,-1.063
945,1476,-1.07
954,1476,-1.165
963,1476,-0.918
972,1476,1.005
981,1476,0.93
990,1476,0.937
999,1476,1.025
1008,1476,1.032
1017,1476,1.039
1026,1476,0.963
1035,1476,0.97
1044,1476,0.977
1053,1476,0.904
1062,1476,0.631
1071,1476,0.769
1080,1476,0.707
1089,1476,0.586
1098,1476,0.43
1107,1476,0.434
1116,1476,0.39
1125,1476,0.394
1134,1476,0.446
1143,1476,0.45
1152,1476,0.507
1161,1476,0.364
1170,1476,0.368
1179,1476,0.371
1188,1476,0.332
1197,1476,0.295
1206,1476,0.298
1215,1476,0.342
1224,1476,0.39
1233,1476,0.349
1242,1476,0.272
1251,1476,0.24
1260,1476,0.278
1269,1476,0.364
1278,1476,0.415
1287,1476,0.471
1296,1476,0.375
1305,1476,0.379
1314,1476,0.338
1323,1476,0.225
1332,1476,0.196
1341,1476,0.23
1350,1476,0.269
1359,1476,0.356
1368,1476,0.275
1377,1476,0.319
1386,1476,0.368
1395,1476,0.423
1404,1476,0.428
1413,1476,0.551
1422,1476,0.558
1431,1476,0.706
1440,1476,0.794
1449,1476,0.58
1458,1476,0.587
1467,1476,0.667
1476,1476,0.755
1485,1476,0.765
1494,1476,0.955
1503,1476,0.705
1512,1476,0.716
1521,1476,0.812
1530,1476,0.738
1539,1476,0.749
1548,1476,0.761
1557,1476,0.865
1566,1476,0.7
1575,1476,0.8
1584,1476,0.912
1593,1476,1.035
1602,1476,1.055
1611,1476,1.076
1620,1476,0.984
1629,1476,1.005
1638,1476,1.274
1647,1476,1.172
1656,1476,1.2
1665,1476,1.099
1674,1476,1.126
1683,1476,1.293
1692,1476,1.328
1701,1476,1.522
1710,1476,1.406
1719,1476,1.145
1728,1476,1.038
1737,1476,1.071
1746,1476,0.606
1755,1476,0.623
1764,1476,0.642
1773,1476,0.787
1782,1476,0.816
1791,1476,1.001
1800,1476,0.886
1809,1476,1.098
1818,1476,0.975
1827,1476,0.852
1836,1476,0.903
1845,1476,0.963
1854,1476,0.83
1863,1476,0.696
1872,1476,0.987
1881,1476,0.611
1890,1476,0.683
1899,1476,0.804
1908,1476,1.635
1917,1476,1.274
9,1485,-0.176
18,1485,-0.212
27,1485,-0.231
36,1485,-0.583
45,1485,-0.776
54,1485,-0.728
63,1485,-0.909
72,1485,-0.668
81,1485,-0.648
90,1485,-0.631
99,1485,-0.376
108,1485,-0.482
117,1485,-0.478
126,1485,-0.377
135,1485,-0.472
144,1485,-0.47
153,1485,-0.468
162,1485,-0.678
171,1485,-0.561
180,1485,-0.557
189,1485,-0.554
198,1485,-0.383
207,1485,-0.549
216,1485,-0.546
225,1485,-0.386
234,1485,-0.387
243,1485,-0.388
252,1485,-0.325
261,1485,-0.327
270,1485,-0.391
279,1485,-0.392
288,1485,-0.232
297,1485,-0.234
306,1485,-0.237
315,1485,-0.163
324,1485,-0.241
333,1485,-0.203
342,1485,-0.17
351,1485,-0.207
360,1485,-0.249
369,1485,-0.251
378,1485,-0.253
387,1485,-0.3
396,1485,-0.218
405,1485,-0.22
414,1485,-0.222
423,1485,-0.223
432,1485,-0.225
441,1485,-0.192
450,1485,-0.194
459,1485,-0.269
468,1485,-0.314
477,1485,-0.363
486,1485,-0.365
495,1485,-0.418
504,1485,-0.419
513,1485,-0.42
522,1485,-0.37
531,1485,-0.479
540,1485,-0.54
549,1485,-0.541
558,1485,-0.542
567,1485,-0.428
576,1485,-0.429
585,1485,-0.43
594,1485,-0.381
603,1485,-0.295
612,1485,-0.296
621,1485,-0.34
630,1485,-0.437
639,1485,-0.388
648,1485,-0.439
657,1485,-0.495
666,1485,-0.442
675,1485,-0.444
684,1485,-0.499
693,1485,-0.5
702,1485,-0.501
711,1485,-0.56
720,1485,-0.623
729,1485,-0.625
738,1485,-0.692
747,1485,-0.627
756,1485,-0.629
765,1485,-0.696
774,1485,-0.767
783,1485,-0.769
792,1485,-0.77
801,1485,-0.772
810,1485,-0.703
819,1485,-0.705
828,1485,-0.777
837,1485,-0.852
846,1485,-1.015
855,1485,-1.017
864,1485,-0.936
873,1485,-0.86
882,1485,-0.862
891,1485,-0.943
900,1485,-0.945
909,1485,-1.03
918,1485,-1.032
927,1485,-0.952
936,1485,-1.125
945,1485,-1.128
954,1485,-1.223
963,1485,-0.963
972,1485,1.049
981,1485,0.969
990,1485,0.972
999,1485,1.059
1008,1485,1.063
1017,1485,1.066
1026,1485,0.985
1035,1485,0.989
1044,1485,0.992
1053,1485,0.915
1062,1485,0.7
1071,1485,0.845
1080,1485,0.775
1089,1485,0.644
1098,1485,0.473
1107,1485,0.476
1116,1485,0.427
1125,1485,0.429
1134,1485,0.482
1143,1485,0.485
1152,1485,0.542
1161,1485,0.39
1170,1485,0.391
1179,1485,0.393
1188,1485,0.35
1197,1485,0.31
1206,1485,0.312
1215,1485,0.355
1224,1485,0.403
1233,1485,0.359
1242,1485,0.318
1251,1485,0.28
1260,1485,0.321
1269,1485,0.414
1278,1485,0.468
1287,1485,0.527
1296,1485,0.421
1305,1485,0.423
1314,1485,0.425
1323,1485,0.291
1332,1485,0.254
1341,1485,0.294
1350,1485,0.338
1359,1485,0.438
1368,1485,0.341
1377,1485,0.391
1386,1485,0.446
1395,1485,0.507
1404,1485,0.511
1413,1485,0.647
1422,1485,0.652
1431,1485,0.812
1440,1485,0.906
1449,1485,0.668
1458,1485,0.674
1467,1485,0.758
1476,1485,0.85
1485,1485,0.859
1494,1485,1.06
1503,1485,0.788
1512,1485,0.796
1521,1485,0.896
1530,1485,0.814
1539,1485,0.823
1548,1485,0.832
1557,1485,0.939
1566,1485,0.76
1575,1485,0.863
1584,1485,0.977
1593,1485,1.102
1602,1485,1.119
1611,1485,1.137
1620,1485,1.037
1629,1485,1.053
1638,1485,1.327
1647,1485,1.217
1656,1485,1.24
1665,1485,1.131
1674,1485,1.154
1683,1485,1.318
1692,1485,1.348
1701,1485,1.538
1710,1485,1.414
1719,1485,1.144
1728,1485,1.031
1737,1485,1.058
1746,1485,0.589
1755,1485,0.602
1764,1485,0.615
1773,1485,0.751
1782,1485,0.773
1791,1485,0.944
1800,1485,0.824
1809,1485,1.02
1818,1485,1.067
1827,1485,0.933
1836,1485,0.982
1845,1485,1.04
1854,1485,0.896
1863,1485,0.75
1872,1485,1.05
1881,1485,0.651
1890,1485,0.722
1899,1485,0.84
1908,1485,1.678
1917,1485,1.292
9,1494,-0.167
18,1494,-0.386
27,1494,-0.369
36,1494,-0.802
45,1494,-1.002
54,1494,-0.912
63,1494,-1.096
72,1494,-1.019
81,1494,-0.959
90,1494,-0.911
99,1494,-0.556
108,1494,-0.679
117,1494,-0.66
126,1494,-0.521
135,1494,-0.629
144,1494,-0.616
153,1494,-0.604
162,1494,-0.844
171,1494,-0.698
180,1494,-0.685
189,1494,-0.673
198,1494,-0.469
207,1494,-0.653
216,1494,-0.644
225,1494,-0.457
234,1494,-0.454
243,1494,-0.45
252,1494,-0.377
261,1494,-0.375
270,1494,-0.442
279,1494,-0.439
288,1494,-0.261
297,1494,-0.262
306,1494,-0.262
315,1494,-0.18
324,1494,-0.262
333,1494,-0.219
342,1494,-0.183
351,1494,-0.22
360,1494,-0.262
369,1494,-0.263
378,1494,-0.263
387,1494,-0.308
396,1494,-0.222
405,1494,-0.223
414,1494,-0.223
423,1494,-0.223
432,1494,-0.224
441,1494,-0.189
450,1494,-0.19
459,1494,-0.263
468,1494,-0.305
477,1494,-0.352
486,1494,-0.351
495,1494,-0.402
504,1494,-0.456
513,1494,-0.454
522,1494,-0.453
531,1494,-0.574
540,1494,-0.64
549,1494,-0.638
558,1494,-0.635
567,1494,-0.504
576,1494,-0.503
585,1494,-0.502
594,1494,-0.444
603,1494,-0.345
612,1494,-0.344
621,1494,-0.39
630,1494,-0.495
639,1494,-0.439
648,1494,-0.493
657,1494,-0.55
666,1494,-0.491
675,1494,-0.49
684,1494,-0.546
693,1494,-0.545
702,1494,-0.544
711,1494,-0.604
720,1494,-0.667
729,1494,-0.666
738,1494,-0.733
747,1494,-0.663
756,1494,-0.662
765,1494,-0.728
774,1494,-0.799
783,1494,-0.797
792,1494,-0.796
801,1494,-0.794
810,1494,-0.721
819,1494,-0.72
828,1494,-0.79
837,1494,-0.864
846,1494,-1.025
855,1494,-1.024
864,1494,-0.939
873,1494,-0.858
882,1494,-0.857
891,1494,-0.935
900,1494,-0.934
909,1494,-1.015
918,1494,-1.014
927,1494,-0.931
936,1494,-1.099
945,1494,-1.098
954,1494,-1.188
963,1494,-0.928
972,1494,1.01
981,1494,0.927
990,1494,0.927
999,1494,1.008
1008,1494,1.008
1017,1494,1.008
1026,1494,1.008
1035,1494,1.008
1044,1494,1.008
1053,1494,1.009
1062,1494,0.775
1071,1494,0.927
1080,1494,0.849
1089,1494,0.706
1098,1494,0.579
1107,1494,0.579
1116,1494,0.521
1125,1494,0.521
1134,1494,0.579
1143,1494,0.579
1152,1494,0.642
1161,1494,0.467
1170,1494,0.467
1179,1494,0.467
1188,1494,0.417
1197,1494,0.37
1206,1494,0.369
1215,1494,0.417
1224,1494,0.468
1233,1494,0.417
1242,1494,0.369
1251,1494,0.325
1260,1494,0.369
1269,1494,0.47
1278,1494,0.526
1287,1494,0.588
1296,1494,0.589
1305,1494,0.59
1314,1494,0.591
1323,1494,0.418
1332,1494,0.369
1341,1494,0.419
1350,1494,0.473
1359,1494,0.597
1368,1494,0.475
1377,1494,0.535
1386,1494,0.601
1395,1494,0.673
1404,1494,0.675
1413,1494,0.835
1422,1494,0.838
1431,1494,1.023
1440,1494,1.129
1449,1494,0.85
1458,1494,0.854
1467,1494,0.95
1476,1494,1.053
1485,1494,1.06
1494,1494,1.286
1503,1494,0.973
1512,1494,0.98
1521,1494,1.091
1530,1494,0.994
1539,1494,1.002
1548,1494,1.01
1557,1494,1.128
1566,1494,0.923
1575,1494,1.036
1584,1494,1.161
1593,1494,1.297
1602,1494,1.312
1611,1494,1.328
1620,1494,1.214
1629,1494,1.229
1638,1494,1.525
1647,1494,1.402
1656,1494,1.423
1665,1494,1.301
1674,1494,1.322
1683,1494,1.497
1692,1494,1.525
1701,1494,1.726
1710,1494,1.588
1719,1494,1.293
1728,1494,1.167
1737,1494,1.192
1746,1494,0.679
1755,1494,0.69
1764,1494,0.702
1773,1494,0.846
1782,1494,0.867
1791,1494,1.047
1800,1494,0.915
1809,1494,1.12
1818,1494,1.165
1827,1494,1.018
1836,1494,1.065
1845,1494,1.123
1854,1494,0.965
1863,1494,0.808
1872,1494,1.115
1881,1494,0.694
1890,1494,0.762
1899,1494,0.878
1908,1494,1.722
1917,1494,1.31
9,1503,-0.159
18,1503,-0.367
27,1503,-0.345
36,1503,-0.759
45,1503,-0.946
54,1503,-0.854
63,1503,-1.026
72,1503,-0.947
81,1503,-0.886
90,1503,-0.836
99,1503,-0.498
108,1503,-0.61
117,1503,-0.59
126,1503,-0.458
135,1503,-0.555
144,1503,-0.541
153,1503,-0.528
162,1503,-0.746
171,1503,-0.608
180,1503,-0.707
189,1503,-0.69
198,1503,-0.477
207,1503,-0.66
216,1503,-0.646
225,1503,-0.454
234,1503,-0.447
243,1503,-0.441
252,1503,-0.366
261,1503,-0.361
270,1503,-0.424
279,1503,-0.419
288,1503,-0.244
297,1503,-0.243
306,1503,-0.241
315,1503,-0.163
324,1503,-0.238
333,1503,-0.197
342,1503,-0.162
351,1503,-0.195
360,1503,-0.233
369,1503,-0.231
378,1503,-0.23
387,1503,-0.27
396,1503,-0.227
405,1503,-0.226
414,1503,-0.225
423,1503,-0.223
432,1503,-0.222
441,1503,-0.187
450,1503,-0.186
459,1503,-0.256
468,1503,-0.297
477,1503,-0.341
486,1503,-0.338
495,1503,-0.385
504,1503,-0.436
513,1503,-0.433
522,1503,-0.429
531,1503,-0.545
540,1503,-0.606
549,1503,-0.601
558,1503,-0.596
567,1503,-0.468
576,1503,-0.464
585,1503,-0.519
594,1503,-0.457
603,1503,-0.353
612,1503,-0.35
621,1503,-0.395
630,1503,-0.5
639,1503,-0.441
648,1503,-0.492
657,1503,-0.547
666,1503,-0.485
675,1503,-0.482
684,1503,-0.536
693,1503,-0.532
702,1503,-0.529
711,1503,-0.585
720,1503,-0.646
729,1503,-0.641
738,1503,-0.705
747,1503,-0.633
756,1503,-0.629
765,1503,-0.692
774,1503,-0.758
783,1503,-0.753
792,1503,-0.748
801,1503,-0.744
810,1503,-0.671
819,1503,-0.667
828,1503,-0.731
837,1503,-0.799
846,1503,-0.951
855,1503,-0.946
864,1503,-0.861
873,1503,-0.782
882,1503,-0.778
891,1503,-0.848
900,1503,-0.844
909,1503,-0.918
918,1503,-0.914
927,1503,-0.832
936,1503,-0.987
945,1503,-0.983
954,1503,-1.064
963,1503,-0.817
972,1503,0.89
981,1503,0.81
990,1503,0.806
999,1503,0.879
1008,1503,0.875
1017,1503,0.872
1026,1503,0.948
1035,1503,0.945
1044,1503,0.941
1053,1503,0.938
1062,1503,0.711
1071,1503,0.853
1080,1503,0.775
1089,1503,0.636
1098,1503,0.514
1107,1503,0.512
1116,1503,0.456
1125,1503,0.454
1134,1503,0.505
1143,1503,0.503
1152,1503,0.558
1161,1503,0.396
1170,1503,0.394
1179,1503,0.392
1188,1503,0.345
1197,1503,0.301
1206,1503,0.299
1215,1503,0.339
1224,1503,0.382
1233,1503,0.335
1242,1503,0.292
1251,1503,0.252
1260,1503,0.288
1269,1503,0.372
1278,1503,0.419
1287,1503,0.47
1296,1503,0.468
1305,1503,0.466
1314,1503,0.464
1323,1503,0.36
1332,1503,0.313
1341,1503,0.356
1350,1503,0.403
1359,1503,0.512
1368,1503,0.399
1377,1503,0.451
1386,1503,0.507
1395,1503,0.569
1404,1503,0.568
1413,1503,0.709
1422,1503,0.708
1431,1503,0.872
1440,1503,0.964
1449,1503,0.706
1458,1503,0.706
1467,1503,0.787
1476,1503,0.876
1485,1503,0.877
1494,1503,1.075
1503,1503,0.789
1512,1503,0.79
1521,1503,0.883
1530,1503,0.792
1539,1503,0.793
1548,1503,0.795
1557,1503,0.892
1566,1503,0.708
1575,1503,0.8
1584,1503,0.901
1593,1503,1.012
1602,1503,1.017
1611,1503,1.023
1620,1503,0.917
1629,1503,1.036
1638,1503,1.299
1647,1503,1.177
1656,1503,1.188
1665,1503,1.069
1674,1503,1.079
1683,1503,1.226
1692,1503,1.241
1701,1503,1.41
1710,1503,1.275
1719,1503,1.004
1728,1503,0.885
1737,1503,0.895
1746,1503,0.462
1755,1503,0.559
1764,1503,0.673
1773,1503,0.809
1782,1503,0.821
1791,1503,0.989
1800,1503,0.852
1809,1503,1.04
1818,1503,1.072
1827,1503,0.92
1836,1503,0.952
1845,1503,0.991
1854,1503,1.039
1863,1503,0.869
1872,1503,1.184
1881,1503,0.74
1890,1503,0.804
1899,1503,0.916
1908,1503,1.768
1917,1503,1.329
9,1512,-0.151
18,1512,-0.348
27,1512,-0.323
36,1512,-0.716
45,1512,-0.893
54,1512,-0.798
63,1512,-0.959
72,1512,-0.879
81,1512,-0.815
90,1512,-0.764
99,1512,-0.444
108,1512,-0.546
117,1512,-0.524
126,1512,-0.4
135,1512,-0.487
144,1512,-0.471
153,1512,-0.457
162,1512,-0.655
171,1512,-0.526
180,1512,-0.614
189,1512,-0.596
198,1512,-0.401
207,1512,-0.564
216,1512,-0.549
225,1512,-0.451
234,1512,-0.441
243,1512,-0.432
252,1512,-0.354
261,1512,-0.348
270,1512,-0.406
279,1512,-0.399
288,1512,-0.228
297,1512,-0.225
306,1512,-0.222
315,1512,-0.147
324,1512,-0.216
333,1512,-0.176
342,1512,-0.142
351,1512,-0.172
360,1512,-0.205
369,1512,-0.203
378,1512,-0.2
387,1512,-0.236
396,1512,-0.195
405,1512,-0.229
414,1512,-0.226
423,1512,-0.224
432,1512,-0.221
441,1512,-0.184
450,1512,-0.181
459,1512,-0.25
468,1512,-0.288
477,1512,-0.33
486,1512,-0.325
495,1512,-0.369
504,1512,-0.417
513,1512,-0.411
522,1512,-0.406
531,1512,-0.516
540,1512,-0.573
549,1512,-0.565
558,1512,-0.558
567,1512,-0.432
576,1512,-0.483
585,1512,-0.537
594,1512,-0.471
603,1512,-0.361
612,1512,-0.357
621,1512,-0.401
630,1512,-0.504
639,1512,-0.442
648,1512,-0.492
657,1512,-0.545
666,1512,-0.48
675,1512,-0.475
684,1512,-0.526
693,1512,-0.52
702,1512,-0.514
711,1512,-0.567
720,1512,-0.624
729,1512,-0.617
738,1512,-0.677
747,1512,-0.604
756,1512,-0.597
765,1512,-0.656
774,1512,-0.717
783,1512,-0.71
792,1512,-0.702
801,1512,-0.695
810,1512,-0.622
819,1512,-0.616
828,1512,-0.675
837,1512,-0.81
846,1512,-0.961
855,1512,-0.952
864,1512,-0.863
873,1512,-0.78
882,1512,-0.773
891,1512,-0.919
900,1512,-0.911
909,1512,-0.986
918,1512,-0.978
927,1512,-0.888
936,1512,-1.047
945,1512,-1.129
954,1512,-1.214
963,1512,-0.939
972,1512,1.015
981,1512,0.924
990,1512,0.917
999,1512,0.992
1008,1512,0.985
1017,1512,0.978
1026,1512,1.057
1035,1512,1.049
1044,1512,1.042
1053,1512,1.035
1062,1512,0.787
1071,1512,0.937
1080,1512,0.851
1089,1512,0.699
1098,1512,0.566
1107,1512,0.561
1116,1512,0.499
1125,1512,0.494
1134,1512,0.546
1143,1512,0.542
1152,1512,0.597
1161,1512,0.424
1170,1512,0.42
1179,1512,0.416
1188,1512,0.364
1197,1512,0.317
1206,1512,0.313
1215,1512,0.353
1224,1512,0.395
1233,1512,0.345
1242,1512,0.299
1251,1512,0.257
1260,1512,0.291
1269,1512,0.375
1278,1512,0.474
1287,1512,0.527
1296,1512,0.523
1305,1512,0.518
1314,1512,0.514
1323,1512,0.399
1332,1512,0.347
1341,1512,0.391
1350,1512,0.439
1359,1512,0.554
1368,1512,0.431
1377,1512,0.484
1386,1512,0.541
1395,1512,0.603
1404,1512,0.598
1413,1512,0.742
1422,1512,0.738
1431,1512,0.904
1440,1512,0.995
1449,1512,0.727
1458,1512,0.723
1467,1512,0.803
1476,1512,0.889
1485,1512,0.886
1494,1512,1.083
1503,1512,0.79
1512,1512,0.787
1521,1512,0.876
1530,1512,0.874
1539,1512,0.872
1548,1512,0.87
1557,1512,0.969
1566,1512,0.771
1575,1512,0.865
1584,1512,0.968
1593,1512,1.08
1602,1512,1.081
1611,1512,1.083
1620,1512,0.969
1629,1512,1.087
1638,1512,1.354
1647,1512,1.223
1656,1512,1.37
1665,1512,1.236
1674,1512,1.243
1683,1512,1.4
1692,1512,1.412
1701,1512,1.591
1710,1512,1.441
1719,1512,1.144
1728,1512,1.01
1737,1512,1.018
1746,1512,0.54
1755,1512,0.644
1764,1512,0.767
1773,1512,0.91
1782,1512,0.921
1791,1512,1.097
1800,1512,0.947
1809,1512,1.143
1818,1512,1.172
1827,1512,1.007
1836,1512,1.036
1845,1512,1.072
1854,1512,1.117
1863,1512,0.933
1872,1512,1.256
1881,1512,0.787
1890,1512,0.849
1899,1512,0.956
1908,1512,1.815
1917,1512,1.348
9,1521,-0.143
18,1521,-0.329
27,1521,-0.301
36,1521,-0.675
45,1521,-0.84
54,1521,-0.744
63,1521,-0.894
72,1521,-0.812
81,1521,-0.748
90,1521,-0.696
99,1521,-0.393
108,1521,-0.485
117,1521,-0.462
126,1521,-0.346
135,1521,-0.424
144,1521,-0.407
153,1521,-0.392
162,1521,-0.571
171,1521,-0.549
180,1521,-0.635
189,1521,-0.611
198,1521,-0.408
207,1521,-0.569
216,1521,-0.551
225,1521,-0.448
234,1521,-0.435
243,1521,-0.422
252,1521,-0.343
261,1521,-0.334
270,1521,-0.389
279,1521,-0.448
288,1521,-0.258
297,1521,-0.252
306,1521,-0.246
315,1521,-0.163
324,1521,-0.236
333,1521,-0.231
342,1521,-0.187
351,1521,-0.221
360,1521,-0.259
369,1521,-0.253
378,1521,-0.248
387,1521,-0.287
396,1521,-0.238
405,1521,-0.275
414,1521,-0.269
423,1521,-0.264
432,1521,-0.259
441,1521,-0.215
450,1521,-0.211
459,1521,-0.285
468,1521,-0.325
477,1521,-0.422
486,1521,-0.414
495,1521,-0.464
504,1521,-0.516
513,1521,-0.506
522,1521,-0.497
531,1521,-0.619
540,1521,-0.681
549,1521,-0.668
558,1521,-0.656
567,1521,-0.512
576,1521,-0.565
585,1521,-0.622
594,1521,-0.546
603,1521,-0.476
612,1521,-0.468
621,1521,-0.518
630,1521,-0.637
639,1521,-0.561
648,1521,-0.616
657,1521,-0.675
666,1521,-0.596
675,1521,-0.586
684,1521,-0.643
693,1521,-0.632
702,1521,-0.622
711,1521,-0.68
720,1521,-0.817
729,1521,-0.805
738,1521,-0.873
747,1521,-0.86
756,1521,-0.848
765,1521,-0.917
774,1521,-0.989
783,1521,-0.976
792,1521,-0.962
801,1521,-0.95
810,1521,-0.855
819,1521,-0.844
828,1521,-0.912
837,1521,-1.072
846,1521,-1.248
855,1521,-1.234
864,1521,-1.124
873,1521,-1.02
882,1521,-1.008
891,1521,-1.177
900,1521,-1.163
909,1521,-1.246
918,1521,-1.232
927,1521,-1.124
936,1521,-1.304
945,1521,-1.393
954,1521,-1.486
963,1521,-1.166
972,1521,1.25
981,1521,1.237
990,1521,1.224
999,1521,1.311
1008,1521,1.298
1017,1521,1.285
1026,1521,1.374
1035,1521,1.361
1044,1521,1.454
1053,1521,1.441
1062,1521,1.129
1071,1521,1.311
1080,1521,1.2
1089,1521,1.006
1098,1521,0.833
1107,1521,0.824
1116,1521,0.74
1125,1521,0.732
1134,1521,0.796
1143,1521,0.788
1152,1521,0.856
1161,1521,0.631
1170,1521,0.623
1179,1521,0.615
1188,1521,0.546
1197,1521,0.481
1206,1521,0.474
1215,1521,0.524
1224,1521,0.578
1233,1521,0.51
1242,1521,0.448
1251,1521,0.39
1260,1521,0.435
1269,1521,0.541
1278,1521,0.665
1287,1521,0.729
1296,1521,0.721
1305,1521,0.713
1314,1521,0.705
1323,1521,0.561
1332,1521,0.492
1341,1521,0.546
1350,1521,0.605
1359,1521,0.743
1368,1521,0.59
1377,1521,0.653
1386,1521,0.72
1395,1521,0.792
1404,1521,0.785
1413,1521,0.953
1422,1521,0.945
1431,1521,1.136
1440,1521,1.237
1449,1521,0.924
1458,1521,0.917
1467,1521,1.007
1476,1521,1.103
1485,1521,1.097
1494,1521,1.317
1503,1521,0.981
1512,1521,0.974
1521,1521,1.073
1530,1521,1.068
1539,1521,1.063
1548,1521,1.057
1557,1521,1.167
1566,1521,0.94
1575,1521,1.043
1584,1521,1.155
1593,1521,1.277
1602,1521,1.275
1611,1521,1.273
1620,1521,1.143
1629,1521,1.272
1638,1521,1.561
1647,1521,1.414
1656,1521,1.57
1665,1521,1.42
1674,1521,1.424
1683,1521,1.59
1692,1521,1.599
1701,1521,1.787
1710,1521,1.621
1719,1521,1.297
1728,1521,1.148
1737,1521,1.153
1746,1521,0.627
1755,1521,0.739
1764,1521,0.87
1773,1521,1.021
1782,1521,1.029
1791,1521,1.213
1800,1521,1.048
1809,1521,1.253
1818,1521,1.279
1827,1521,1.099
1836,1521,1.125
1845,1521,1.158
1854,1521,1.2
1863,1521,1.001
1872,1521,1.332
1881,1521,0.838
1890,1521,0.895
1899,1521,0.998
1908,1521,1.863
1917,1521,1.367
9,1530,-0.136
18,1530,-0.311
27,1530,-0.281
36,1530,-0.635
45,1530,-0.789
54,1530,-0.692
63,1530,-0.831
72,1530,-0.748
81,1530,-0.684
90,1530,-0.631
99,1530,-0.346
108,1530,-0.428
117,1530,-0.405
126,1530,-0.297
135,1530,-0.365
144,1530,-0.349
153,1530,-0.334
162,1530,-0.493
171,1530,-0.471
180,1530,-0.547
189,1530,-0.523
198,1530,-0.339
207,1530,-0.481
216,1530,-0.462
225,1530,-0.369
234,1530,-0.356
243,1530,-0.343
252,1530,-0.273
261,1530,-0.265
270,1530,-0.31
279,1530,-0.36
288,1530,-0.197
297,1530,-0.191
306,1530,-0.185
315,1530,-0.117
324,1530,-0.175
333,1530,-0.17
342,1530,-0.134
351,1530,-0.16
360,1530,-0.19
369,1530,-0.184
378,1530,-0.179
387,1530,-0.21
396,1530,-0.169
405,1530,-0.198
414,1530,-0.193
423,1530,-0.187
432,1530,-0.182
441,1530,-0.148
450,1530,-0.144
459,1530,-0.2
468,1530,-0.231
477,1530,-0.308
486,1530,-0.3
495,1530,-0.338
504,1530,-0.38
513,1530,-0.37
522,1530,-0.361
531,1530,-0.46
540,1530,-0.509
549,1530,-0.497
558,1530,-0.548
567,1530,-0.417
576,1530,-0.463
585,1530,-0.511
594,1530,-0.441
603,1530,-0.379
612,1530,-0.37
621,1530,-0.411
630,1530,-0.513
639,1530,-0.445
648,1530,-0.491
657,1530,-0.54
666,1530,-0.47
675,1530,-0.459
684,1530,-0.506
693,1530,-0.495
702,1530,-0.484
711,1530,-0.532
720,1530,-0.648
729,1530,-0.635
738,1530,-0.691
747,1530,-0.677
756,1530,-0.664
765,1530,-0.721
774,1530,-0.781
783,1530,-0.767
792,1530,-0.753
801,1530,-0.739
810,1530,-0.656
819,1530,-0.643
828,1530,-0.699
837,1530,-0.833
846,1530,-0.982
855,1530,-0.966
864,1530,-0.868
873,1530,-0.777
882,1530,-0.763
891,1530,-0.904
900,1530,-0.972
909,1530,-1.044
918,1530,-1.028
927,1530,-0.927
936,1530,-1.085
945,1530,-1.162
954,1530,-1.241
963,1530,-0.951
972,1530,1.022
981,1530,1.007
990,1530,0.992
999,1530,1.064
1008,1530,1.141
1017,1530,1.125
1026,1530,1.204
1035,1530,1.188
1044,1530,1.27
1053,1530,1.253
1062,1530,0.962
1071,1530,1.125
1080,1530,1.02
1089,1530,0.84
1098,1530,0.681
1107,1530,0.67
1116,1530,0.594
1125,1530,0.584
1134,1530,0.637
1143,1530,0.626
1152,1530,0.683
1161,1530,0.486
1170,1530,0.476
1179,1530,0.467
1188,1530,0.407
1197,1530,0.351
1206,1530,0.343
1215,1530,0.382
1224,1530,0.423
1233,1530,0.366
1242,1530,0.313
1251,1530,0.266
1260,1530,0.299
1269,1530,0.381
1278,1530,0.478
1287,1530,0.59
1296,1530,0.58
1305,1530,0.57
1314,1530,0.56
1323,1530,0.433
1332,1530,0.372
1341,1530,0.415
1350,1530,0.461
1359,1530,0.575
1368,1530,0.443
1377,1530,0.492
1386,1530,0.613
1395,1530,0.675
1404,1530,0.665
1413,1530,0.814
1422,1530,0.803
1431,1530,0.973
1440,1530,1.061
1449,1530,0.77
1458,1530,0.759
1467,1530,0.835
1476,1530,0.917
1485,1530,0.906
1494,1530,1.099
1503,1530,0.792
1512,1530,0.781
1521,1530,0.863
1530,1530,0.853
1539,1530,0.842
1548,1530,0.931
1557,1530,1.028
1566,1530,0.811
1575,1530,0.901
1584,1530,0.998
1593,1530,1.105
1602,1530,1.096
1611,1530,1.212
1620,1530,1.079
1629,1530,1.198
1638,1530,1.472
1647,1530,1.322
1656,1530,1.465
1665,1530,1.463
1674,1530,1.461
1683,1530,1.624
1692,1530,1.626
1701,1530,1.809
1710,1530,1.634
1719,1530,1.298
1728,1530,1.142
1737,1530,1.14
1746,1530,0.724
1755,1530,0.844
1764,1530,0.982
1773,1530,1.142
1782,1530,1.146
1791,1530,1.339
1800,1530,1.158
1809,1530,1.371
1818,1530,1.393
1827,1530,1.198
1836,1530,1.22
1845,1530,1.249
1854,1530,1.287
1863,1530,1.073
1872,1530,1.411
1881,1530,0.89
1890,1530,0.943
1899,1530,1.042
1908,1530,1.913
1917,1530,1.387
9,1539,-0.129
18,1539,-0.293
27,1539,-0.448
36,1539,-0.884
45,1539,-1.032
54,1539,-0.879
63,1539,-1.016
72,1539,-0.898
81,1539,-0.806
90,1539,-0.732
99,1539,-0.402
108,1539,-0.487
117,1539,-0.454
126,1539,-0.331
135,1539,-0.4
144,1539,-0.377
153,1539,-0.357
162,1539,-0.52
171,1539,-0.492
180,1539,-0.566
189,1539,-0.537
198,1539,-0.344
207,1539,-0.485
216,1539,-0.463
225,1539,-0.366
234,1539,-0.35
243,1539,-0.335
252,1539,-0.263
261,1539,-0.253
270,1539,-0.295
279,1539,-0.341
288,1539,-0.182
297,1539,-0.175
306,1539,-0.169
315,1539,-0.104
324,1539,-0.156
333,1539,-0.15
342,1539,-0.117
351,1539,-0.14
360,1539,-0.165
369,1539,-0.193
378,1539,-0.186
387,1539,-0.258
396,1539,-0.208
405,1539,-0.24
414,1539,-0.232
423,1539,-0.224
432,1539,-0.216
441,1539,-0.174
450,1539,-0.168
459,1539,-0.231
468,1539,-0.262
477,1539,-0.345
486,1539,-0.334
495,1539,-0.373
504,1539,-0.415
513,1539,-0.402
522,1539,-0.39
531,1539,-0.492
540,1539,-0.541
549,1539,-0.526
558,1539,-0.576
567,1539,-0.437
576,1539,-0.482
585,1539,-0.529
594,1539,-0.455
603,1539,-0.389
612,1539,-0.377
621,1539,-0.417
630,1539,-0.518
639,1539,-0.447
648,1539,-0.491
657,1539,-0.537
666,1539,-0.464
675,1539,-0.452
684,1539,-0.496
693,1539,-0.482
702,1539,-0.47
711,1539,-0.514
720,1539,-0.626
729,1539,-0.61
738,1539,-0.662
747,1539,-0.647
756,1539,-0.631
765,1539,-0.684
774,1539,-0.739
783,1539,-0.797
792,1539,-0.779
801,1539,-0.762
810,1539,-0.673
819,1539,-0.658
828,1539,-0.712
837,1539,-0.845
846,1539,-0.993
855,1539,-0.973
864,1539,-0.871
873,1539,-0.775
882,1539,-0.759
891,1539,-0.897
900,1539,-0.962
909,1539,-1.03
918,1539,-1.01
927,1539,-0.906
936,1539,-1.059
945,1539,-1.131
954,1539,-1.206
963,1539,-0.916
972,1539,0.982
981,1539,0.963
990,1539,0.945
999,1539,1.013
1008,1539,1.083
1017,1539,1.064
1026,1539,1.137
1035,1539,1.117
1044,1539,1.193
1053,1539,1.173
1062,1539,0.888
1071,1539,1.041
1080,1539,0.936
1089,1539,0.762
1098,1539,0.609
1107,1539,0.596
1116,1539,0.522
1125,1539,0.51
1134,1539,0.557
1143,1539,0.544
1152,1539,0.593
1161,1539,0.411
1170,1539,0.4
1179,1539,0.39
1188,1539,0.334
1197,1539,0.283
1206,1539,0.275
1215,1539,0.306
1224,1539,0.34
1233,1539,0.288
1242,1539,0.242
1251,1539,0.201
1260,1539,0.226
1269,1539,0.294
1278,1539,0.374
1287,1539,0.468
1296,1539,0.457
1305,1539,0.445
1314,1539,0.434
1323,1539,0.371
1332,1539,0.314
1341,1539,0.35
1350,1539,0.39
1359,1539,0.491
1368,1539,0.369
1377,1539,0.41
1386,1539,0.516
1395,1539,0.569
1404,1539,0.556
1413,1539,0.687
1422,1539,0.673
1431,1539,0.823
1440,1539,0.898
1449,1539,0.631
1458,1539,0.618
1467,1539,0.681
1476,1539,0.749
1485,1539,0.735
1494,1539,0.902
1503,1539,0.625
1512,1539,0.612
1521,1539,0.678
1530,1539,0.664
1539,1539,0.735
1548,1539,0.813
1557,1539,0.897
1566,1539,0.692
1575,1539,0.769
1584,1539,0.853
1593,1539,0.945
1602,1539,0.93
1611,1539,1.03
1620,1539,0.902
1629,1539,1.002
1638,1539,1.245
1647,1539,1.099
1656,1539,1.221
1665,1539,1.209
1674,1539,1.198
1683,1539,1.334
1692,1539,1.325
1701,1539,1.478
1710,1539,1.308
1719,1539,1.002
1728,1539,0.857
1737,1539,0.844
1746,1539,0.492
1755,1539,0.578
1764,1539,0.678
1773,1539,0.794
1782,1539,0.782
1791,1539,0.922
1800,1539,0.759
1809,1539,0.907
1818,1539,1.086
1827,1539,0.897
1836,1539,0.895
1845,1539,0.894
1854,1539,0.897
1863,1539,0.693
1872,1539,0.92
1881,1539,0.69
1890,1539,0.698
1899,1539,0.725
1908,1539,1.319
1917,1539,1.408
9,1548,-0.121
18,1548,-0.276
27,1548,-0.421
36,1548,-0.837
45,1548,-1.338
54,1548,-1.106
63,1548,-1.235
72,1548,-1.072
81,1548,-0.947
90,1548,-0.847
99,1548,-0.603
108,1548,-0.699
117,1548,-0.641
126,1548,-0.47
135,1548,-0.548
144,1548,-0.51
153,1548,-0.476
162,1548,-0.667
171,1548,-0.624
180,1548,-0.703
189,1548,-0.661
198,1548,-0.428
207,1548,-0.587
216,1548,-0.555
225,1548,-0.525
234,1548,-0.498
243,1548,-0.472
252,1548,-0.374
261,1548,-0.356
270,1548,-0.405
279,1548,-0.458
288,1548,-0.254
297,1548,-0.242
306,1548,-0.231
315,1548,-0.145
324,1548,-0.21
333,1548,-0.2
342,1548,-0.191
351,1548,-0.222
360,1548,-0.254
369,1548,-0.342
378,1548,-0.328
387,1548,-0.429
396,1548,-0.353
405,1548,-0.395
414,1548,-0.379
423,1548,-0.364
432,1548,-0.35
441,1548,-0.287
450,1548,-0.276
459,1548,-0.36
468,1548,-0.401
477,1548,-0.507
486,1548,-0.556
495,1548,-0.607
504,1548,-0.742
513,1548,-0.717
522,1548,-0.693
531,1548,-0.836
540,1548,-0.9
549,1548,-0.872
558,1548,-0.936
567,1548,-0.736
576,1548,-0.794
585,1548,-0.854
594,1548,-0.746
603,1548,-0.647
612,1548,-0.627
621,1548,-0.679
630,1548,-0.814
639,1548,-0.79
648,1548,-0.849
657,1548,-0.911
666,1548,-0.801
675,1548,-0.778
684,1548,-0.837
693,1548,-0.813
702,1548,-0.79
711,1548,-0.849
720,1548,-0.998
729,1548,-0.972
738,1548,-1.038
747,1548,-1.011
756,1548,-0.985
765,1548,-1.051
774,1548,-1.119
783,1548,-1.19
792,1548,-1.162
801,1548,-1.134
810,1548,-1.014
819,1548,-0.989
828,1548,-1.055
837,1548,-1.222
846,1548,-1.403
855,1548,-1.373
864,1548,-1.239
873,1548,-1.114
882,1548,-1.185
891,1548,-1.363
900,1548,-1.442
909,1548,-1.524
918,1548,-1.493
927,1548,-1.354
936,1548,-1.546
945,1548,-1.632
954,1548,-1.721
963,1548,-1.348
972,1548,1.428
981,1548,1.4
990,1548,1.372
999,1548,1.453
1008,1548,1.537
1017,1548,1.508
1026,1548,1.594
1035,1548,1.565
1044,1548,1.653
1053,1548,1.624
1062,1548,1.266
1071,1548,1.452
1080,1548,1.318
1089,1548,1.095
1098,1548,0.897
1107,1548,0.877
1116,1548,0.778
1125,1548,0.76
1134,1548,0.818
1143,1548,0.798
1152,1548,0.859
1161,1548,0.619
1170,1548,0.603
1179,1548,0.587
1188,1548,0.51
1197,1548,0.44
1206,1548,0.427
1215,1548,0.467
1224,1548,0.511
1233,1548,0.44
1242,1548,0.376
1251,1548,0.318
1260,1548,0.351
1269,1548,0.44
1278,1548,0.543
1287,1548,0.661
1296,1548,0.644
1305,1548,0.628
1314,1548,0.611
1323,1548,0.529
1332,1548,0.455
1341,1548,0.499
1350,1548,0.547
1359,1548,0.671
1368,1548,0.517
1377,1548,0.567
1386,1548,0.695
1395,1548,0.757
1404,1548,0.739
1413,1548,0.893
1422,1548,0.874
1431,1548,1.047
1440,1548,1.132
1449,1548,0.817
1458,1548,0.798
1467,1548,0.87
1476,1548,0.947
1485,1548,0.928
1494,1548,1.118
1503,1548,0.795
1512,1548,0.776
1521,1548,0.851
1530,1548,0.832
1539,1548,0.912
1548,1548,0.998
1557,1548,1.091
1566,1548,0.854
1575,1548,0.94
1584,1548,1.032
1593,1548,1.132
1602,1548,1.112
1611,1548,1.22
1620,1548,1.074
1629,1548,1.183
1638,1548,1.447
1647,1548,1.283
1656,1548,1.413
1665,1548,1.396
1674,1548,1.38
1683,1548,1.524
1692,1548,1.51
1701,1548,1.671
1710,1548,1.483
1719,1548,1.147
1728,1548,0.984
1737,1548,0.967
1746,1548,0.576
1755,1548,0.669
1764,1548,0.776
1773,1548,0.899
1782,1548,0.883
1791,1548,1.029
1800,1548,0.85
1809,1548,1.005
1818,1548,1.191
1827,1548,0.986
1836,1548,0.978
1845,1548,0.973
1854,1548,0.971
1863,1548,0.75
1872,1548,0.983
1881,1548,0.737
1890,1548,0.74
1899,1548,0.761
1908,1548,1.359
1917,1548,1.428
9,1557,-0.115
18,1557,-0.259
27,1557,-0.395
36,1557,-0.79
45,1557,-1.27
54,1557,-1.039
63,1557,-1.158
72,1557,-0.995
81,1557,-0.871
90,1557,-0.772
99,1557,-0.539
108,1557,-0.625
117,1557,-0.569
126,1557,-0.409
135,1557,-0.478
144,1557,-0.44
153,1557,-0.407
162,1557,-0.578
171,1557,-0.537
180,1557,-0.606
189,1557,-0.566
198,1557,-0.355
207,1557,-0.495
216,1557,-0.464
225,1557,-0.435
234,1557,-0.409
243,1557,-0.385
252,1557,-0.299
261,1557,-0.281
270,1557,-0.322
279,1557,-0.366
288,1557,-0.192
297,1557,-0.181
306,1557,-0.171
315,1557,-0.103
324,1557,-0.153
333,1557,-0.144
342,1557,-0.136
351,1557,-0.159
360,1557,-0.185
369,1557,-0.255
378,1557,-0.242
387,1557,-0.324
396,1557,-0.26
405,1557,-0.293
414,1557,-0.279
423,1557,-0.265
432,1557,-0.253
441,1557,-0.202
450,1557,-0.192
459,1557,-0.258
468,1557,-0.289
477,1557,-0.373
486,1557,-0.412
495,1557,-0.453
504,1557,-0.563
513,1557,-0.54
522,1557,-0.519
531,1557,-0.637
540,1557,-0.688
549,1557,-0.662
558,1557,-0.715
567,1557,-0.544
576,1557,-0.59
585,1557,-0.639
594,1557,-0.547
603,1557,-0.465
612,1557,-0.447
621,1557,-0.487
630,1557,-0.595
639,1557,-0.642
648,1557,-0.692
657,1557,-0.744
666,1557,-0.645
675,1557,-0.622
684,1557,-0.67
693,1557,-0.648
702,1557,-0.625
711,1557,-0.673
720,1557,-0.801
729,1557,-0.776
738,1557,-0.83
747,1557,-0.804
756,1557,-0.779
765,1557,-0.833
774,1557,-0.89
783,1557,-1.039
792,1557,-1.009
801,1557,-0.98
810,1557,-0.867
819,1557,-0.841
828,1557,-0.898
837,1557,-1.047
846,1557,-1.21
855,1557,-1.178
864,1557,-1.052
873,1557,-0.934
882,1557,-0.995
891,1557,-1.152
900,1557,-1.221
909,1557,-1.292
918,1557,-1.26
927,1557,-1.228
936,1557,-1.407
945,1557,-1.484
954,1557,-1.564
963,1557,-1.206
972,1557,1.277
981,1557,1.246
990,1557,1.215
999,1557,1.287
1008,1557,1.361
1017,1557,1.33
1026,1557,1.405
1035,1557,1.373
1044,1557,1.451
1053,1557,1.419
1062,1557,1.083
1071,1557,1.251
1080,1557,1.123
1089,1557,0.916
1098,1557,0.735
1107,1557,0.714
1116,1557,0.624
1125,1557,0.604
1134,1557,0.652
1143,1557,0.632
1152,1557,0.681
1161,1557,0.473
1170,1557,0.456
1179,1557,0.44
1188,1557,0.374
1197,1557,0.36
1206,1557,0.346
1215,1557,0.38
1224,1557,0.415
1233,1557,0.4
1242,1557,0.337
1251,1557,0.281
1260,1557,0.31
1269,1557,0.391
1278,1557,0.485
1287,1557,0.593
1296,1557,0.574
1305,1557,0.623
1314,1557,0.604
1323,1557,0.519
1332,1557,0.442
1341,1557,0.484
1350,1557,0.596
1359,1557,0.724
1368,1557,0.557
1377,1557,0.608
1386,1557,0.74
1395,1557,0.801
1404,1557,0.779
1413,1557,0.936
1422,1557,0.912
1431,1557,1.087
1440,1557,1.17
1449,1557,0.842
1458,1557,0.819
1467,1557,0.889
1476,1557,0.964
1485,1557,0.939
1494,1557,1.128
1503,1557,0.796
1512,1557,0.774
1521,1557,0.845
1530,1557,0.821
1539,1557,0.897
1548,1557,0.978
1557,1557,1.066
1566,1557,0.826
1575,1557,0.906
1584,1557,0.992
1593,1557,1.085
1602,1557,1.06
1611,1557,1.16
1620,1557,1.011
1629,1557,1.11
1638,1557,1.36
1647,1557,1.194
1656,1557,1.312
1665,1557,1.44
1674,1557,1.417
1683,1557,1.558
1692,1557,1.537
1701,1557,1.694
1710,1557,1.496
1719,1557,1.148
1728,1557,0.978
1737,1557,0.954
1746,1557,0.559
1755,1557,0.77
1764,1557,0.883
1773,1557,1.014
1782,1557,0.992
1791,1557,1.145
1800,1557,0.949
1809,1557,1.111
1818,1557,1.303
1827,1557,1.08
1836,1557,1.068
1845,1557,1.057
1854,1557,1.05
1863,1557,0.812
1872,1557,1.05
1881,1557,0.787
1890,1557,0.784
1899,1557,0.798
1908,1557,1.401
1917,1557,1.45
9,1566,-0.108
18,1566,-0.243
27,1566,-0.369
36,1566,-0.745
45,1566,-1.203
54,1566,-0.974
63,1566,-1.408
72,1566,-1.189
81,1566,-1.024
90,1566,-0.895
99,1566,-0.622
108,1566,-0.707
117,1566,-0.635
126,1566,-0.454
135,1566,-0.522
144,1566,-0.476
153,1566,-0.436
162,1566,-0.61
171,1566,-0.562
180,1566,-0.628
189,1566,-0.581
198,1566,-0.361
207,1566,-0.5
216,1566,-0.464
225,1566,-0.432
234,1566,-0.403
243,1566,-0.376
252,1566,-0.288
261,1566,-0.328
270,1566,-0.37
279,1566,-0.415
288,1566,-0.268
297,1566,-0.251
306,1566,-0.235
315,1566,-0.145
324,1566,-0.207
333,1566,-0.284
342,1566,-0.267
351,1566,-0.301
360,1566,-0.337
369,1566,-0.438
378,1566,-0.415
387,1566,-0.528
396,1566,-0.432
405,1566,-0.547
414,1566,-0.519
423,1566,-0.493
432,1566,-0.468
441,1566,-0.384
450,1566,-0.364
459,1566,-0.462
468,1566,-0.504
477,1566,-0.623
486,1566,-0.672
495,1566,-0.723
504,1566,-0.868
513,1566,-0.832
522,1566,-0.797
531,1566,-0.948
540,1566,-1.008
549,1566,-0.969
558,1566,-1.03
567,1566,-0.804
576,1566,-0.952
585,1566,-1.013
594,1566,-0.881
603,1566,-0.761
612,1566,-0.731
621,1566,-0.782
630,1566,-0.924
639,1566,-0.982
648,1566,-1.043
657,1566,-1.104
666,1566,-0.97
675,1566,-0.935
684,1566,-0.993
693,1566,-0.958
702,1566,-0.924
711,1566,-0.982
720,1566,-1.14
729,1566,-1.102
738,1566,-1.165
747,1566,-1.127
756,1566,-1.091
765,1566,-1.153
774,1566,-1.218
783,1566,-1.395
792,1566,-1.354
801,1566,-1.313
810,1566,-1.17
819,1566,-1.134
828,1566,-1.198
837,1566,-1.372
846,1566,-1.56
855,1566,-1.517
864,1566,-1.362
873,1566,-1.218
882,1566,-1.285
891,1566,-1.466
900,1566,-1.54
909,1566,-1.617
918,1566,-1.574
927,1566,-1.533
936,1566,-1.733
945,1566,-1.816
954,1566,-1.901
963,1566,-1.487
972,1566,1.563
981,1566,1.523
990,1566,1.483
999,1566,1.56
1008,1566,1.639
1017,1566,1.598
1026,1566,1.678
1035,1566,1.637
1044,1566,1.719
1053,1566,1.678
1062,1566,1.297
1071,1566,1.481
1080,1566,1.333
1089,1566,1.096
1098,1566,0.887
1107,1566,0.86
1116,1566,0.754
1125,1566,0.806
1134,1566,0.861
1143,1566,0.834
1152,1566,0.89
1161,1566,0.635
1170,1566,0.612
1179,1566,0.59
1188,1566,0.507
1197,1566,0.487
1206,1566,0.468
1215,1566,0.506
1224,1566,0.548
1233,1566,0.527
1242,1566,0.448
1251,1566,0.378
1260,1566,0.412
1269,1566,0.507
1278,1566,0.616
1287,1566,0.741
1296,1566,0.716
1305,1566,0.77
1314,1566,0.745
1323,1566,0.644
1332,1566,0.552
1341,1566,0.598
1350,1566,0.724
1359,1566,0.867
1368,1566,0.675
1377,1566,0.729
1386,1566,0.875
1395,1566,0.941
1404,1566,0.912
1413,1566,1.083
1422,1566,1.053
1431,1566,1.242
1440,1566,1.328
1449,1566,0.965
1458,1566,0.937
1467,1566,1.01
1476,1566,1.087
1485,1566,1.057
1494,1566,1.256
1503,1566,0.998
1512,1566,0.969
1521,1566,1.048
1530,1566,1.018
1539,1566,1.101
1548,1566,1.191
1557,1566,1.286
1566,1566,1.011
1575,1566,1.098
1584,1566,1.192
1593,1566,1.293
1602,1566,1.261
1611,1566,1.369
1620,1566,1.199
1629,1566,1.307
1638,1566,1.578
1647,1566,1.391
1656,1566,1.517
1665,1566,1.653
1674,1566,1.623
1683,1566,1.772
1692,1566,1.744
1701,1566,1.908
1710,1566,1.69
1719,1566,1.309
1728,1566,1.12
1737,1566,1.09
1746,1566,0.653
1755,1566,0.881
1764,1566,1.002
1773,1566,1.139
1782,1566,1.111
1791,1566,1.271
1800,1566,1.056
1809,1566,1.224
1818,1566,1.424
1827,1566,1.182
1836,1566,1.163
1845,1566,1.147
1854,1566,1.133
1863,1566,0.877
1872,1566,1.121
1881,1566,0.84
1890,1566,0.83
1899,1566,0.837
1908,1566,1.444
1917,1566,1.472
9,1575,-0.101
18,1575,-0.228
27,1575,-0.344
36,1575,-0.701
45,1575,-1.138
54,1575,-0.91
63,1575,-1.324
72,1575,-1.106
81,1575,-0.943
90,1575,-0.816
99,1575,-0.555
108,1575,-0.632
117,1575,-0.562
126,1575,-0.392
135,1575,-0.452
144,1575,-0.408
153,1575,-0.37
162,1575,-0.526
171,1575,-0.479
180,1575,-0.537
189,1575,-0.492
198,1575,-0.295
207,1575,-0.415
216,1575,-0.382
225,1575,-0.352
234,1575,-0.325
243,1575,-0.3
252,1575,-0.224
261,1575,-0.256
270,1575,-0.291
279,1575,-0.327
288,1575,-0.203
297,1575,-0.188
306,1575,-0.174
315,1575,-0.129
324,1575,-0.185
333,1575,-0.256
342,1575,-0.238
351,1575,-0.268
360,1575,-0.299
369,1575,-0.392
378,1575,-0.368
387,1575,-0.471
396,1575,-0.38
405,1575,-0.484
414,1575,-0.456
423,1575,-0.429
432,1575,-0.404
441,1575,-0.326
450,1575,-0.306
459,1575,-0.393
468,1575,-0.429
477,1575,-0.534
486,1575,-0.577
495,1575,-0.621
504,1575,-0.751
513,1575,-0.715
522,1575,-0.68
531,1575,-0.815
540,1575,-0.867
549,1575,-0.922
558,1575,-0.978
567,1575,-0.842
576,1575,-0.991
585,1575,-1.049
594,1575,-0.909
603,1575,-0.782
612,1575,-0.747
621,1575,-0.796
630,1575,-0.937
639,1575,-0.993
648,1575,-1.049
657,1575,-1.108
666,1575,-0.967
675,1575,-0.929
684,1575,-0.983
693,1575,-0.944
702,1575,-0.907
711,1575,-0.96
720,1575,-1.113
729,1575,-1.072
738,1575,-1.131
747,1575,-1.089
756,1575,-1.049
765,1575,-1.107
774,1575,-1.166
783,1575,-1.336
792,1575,-1.29
801,1575,-1.246
810,1575,-1.103
819,1575,-1.063
828,1575,-1.122
837,1575,-1.286
846,1575,-1.464
855,1575,-1.418
864,1575,-1.264
873,1575,-1.121
882,1575,-1.181
891,1575,-1.35
900,1575,-1.417
909,1575,-1.486
918,1575,-1.441
927,1575,-1.396
936,1575,-1.583
945,1575,-1.657
954,1575,-1.733
963,1575,-1.335
972,1575,1.402
981,1575,1.359
990,1575,1.428
999,1575,1.498
1008,1575,1.571
1017,1575,1.526
1026,1575,1.6
1035,1575,1.554
1044,1575,1.63
1053,1575,1.584
1062,1575,1.209
1071,1575,1.382
1080,1575,1.235
1089,1575,1.003
1098,1575,0.801
1107,1575,0.771
1116,1575,0.669
1125,1575,0.714
1134,1575,0.762
1143,1575,0.733
1152,1575,0.782
1161,1575,0.543
1170,1575,0.52
1179,1575,0.497
1188,1575,0.42
1197,1575,0.4
1206,1575,0.38
1215,1575,0.412
1224,1575,0.446
1233,1575,0.425
1242,1575,0.355
1251,1575,0.292
1260,1575,0.319
1269,1575,0.398
1278,1575,0.49
1287,1575,0.595
1296,1575,0.57
1305,1575,0.614
1314,1575,0.588
1323,1575,0.498
1332,1575,0.417
1341,1575,0.453
1350,1575,0.557
1359,1575,0.675
1368,1575,0.508
1377,1575,0.55
1386,1575,0.67
1395,1575,0.807
1404,1575,0.777
1413,1575,0.928
1422,1575,0.896
1431,1575,1.064
1440,1575,1.137
1449,1575,0.802
1458,1575,0.771
1467,1575,0.832
1476,1575,0.896
1485,1575,0.863
1494,1575,1.036
1503,1575,0.8
1512,1575,0.769
1521,1575,0.833
1530,1575,0.801
1539,1575,0.868
1548,1575,0.94
1557,1575,1.016
1566,1575,0.771
1575,1575,0.839
1584,1575,0.913
1593,1575,0.992
1602,1575,0.957
1611,1575,1.041
1620,1575,0.888
1629,1575,0.97
1638,1575,1.193
1647,1575,1.024
1656,1575,1.119
1665,1575,1.224
1674,1575,1.337
1683,1575,1.46
1692,1575,1.423
1701,1575,1.558
1710,1575,1.349
1719,1575,1.152
1728,1575,0.966
1737,1575,0.93
1746,1575,0.526
1755,1575,0.721
1764,1575,0.819
1773,1575,0.931
1782,1575,0.894
1791,1575,1.022
1800,1575,0.818
1809,1575,0.95
1818,1575,1.105
1827,1575,0.876
1836,1575,0.838
1845,1575,0.8
1854,1575,0.762
1863,1575,0.532
1872,1575,0.682
1881,1575,0.64
1890,1575,0.597
1899,1575,0.551
1908,1575,0.929
1917,1575,1.494
9,1584,-0.095
18,1584,-0.213
27,1584,-0.32
36,1584,-0.658
45,1584,-1.075
54,1584,-0.848
63,1584,-1.241
72,1584,-1.025
81,1584,-0.865
90,1584,-0.741
99,1584,-0.493
108,1584,-0.561
117,1584,-0.493
126,1584,-0.336
135,1584,-0.388
144,1584,-0.346
153,1584,-0.31
162,1584,-0.448
171,1584,-0.404
180,1584,-0.454
189,1584,-0.411
198,1584,-0.237
207,1584,-0.34
216,1584,-0.382
225,1584,-0.348
234,1584,-0.318
243,1584,-0.291
252,1584,-0.214
261,1584,-0.244
270,1584,-0.275
279,1584,-0.309
288,1584,-0.187
297,1584,-0.171
306,1584,-0.157
315,1584,-0.144
324,1584,-0.203
333,1584,-0.278
342,1584,-0.256
351,1584,-0.285
360,1584,-0.316
369,1584,-0.411
378,1584,-0.382
387,1584,-0.487
396,1584,-0.39
405,1584,-0.493
414,1584,-0.462
423,1584,-0.432
432,1584,-0.404
441,1584,-0.323
450,1584,-0.301
459,1584,-0.385
468,1584,-0.418
477,1584,-0.52
486,1584,-0.559
495,1584,-0.6
504,1584,-0.725
513,1584,-0.686
522,1584,-0.731
531,1584,-0.87
540,1584,-0.921
549,1584,-0.973
558,1584,-1.027
567,1584,-0.881
576,1584,-1.032
585,1584,-1.087
594,1584,-0.938
603,1584,-0.804
612,1584,-0.764
621,1584,-0.811
630,1584,-0.951
639,1584,-1.003
648,1584,-1.057
657,1584,-1.112
666,1584,-0.966
675,1584,-0.922
684,1584,-0.973
693,1584,-0.93
702,1584,-0.889
711,1584,-0.939
720,1584,-1.087
729,1584,-1.042
738,1584,-1.096
747,1584,-1.051
756,1584,-1.007
765,1584,-1.06
774,1584,-1.115
783,1584,-1.277
792,1584,-1.228
801,1584,-1.181
810,1584,-1.037
819,1584,-0.995
828,1584,-1.047
837,1584,-1.203
846,1584,-1.371
855,1584,-1.434
864,1584,-1.273
873,1584,-1.124
882,1584,-1.181
891,1584,-1.347
900,1584,-1.41
909,1584,-1.474
918,1584,-1.424
927,1584,-1.375
936,1584,-1.556
945,1584,-1.625
954,1584,-1.696
963,1584,-1.405
972,1584,1.47
981,1584,1.421
990,1584,1.606
999,1584,1.677
1008,1584,1.751
1017,1584,1.697
1026,1584,1.771
1035,1584,1.717
1044,1584,1.792
1053,1584,1.738
1062,1584,1.331
1071,1584,1.512
1080,1584,1.35
1089,1584,1.099
1098,1584,0.878
1107,1584,0.843
1116,1584,0.731
1125,1584,0.776
1134,1584,0.823
1143,1584,0.789
1152,1584,0.837
1161,1584,0.582
1170,1584,0.555
1179,1584,0.529
1188,1584,0.445
1197,1584,0.421
1206,1584,0.399
1215,1584,0.43
1224,1584,0.463
1233,1584,0.497
1242,1584,0.416
1251,1584,0.343
1260,1584,0.371
1269,1584,0.457
1278,1584,0.556
1287,1584,0.669
1296,1584,0.639
1305,1584,0.683
1314,1584,0.653
1323,1584,0.553
1332,1584,0.463
1341,1584,0.499
1350,1584,0.607
1359,1584,0.731
1368,1584,0.55
1377,1584,0.592
1386,1584,0.715
1395,1584,0.855
1404,1584,0.82
1413,1584,0.974
1422,1584,0.937
1431,1584,1.106
1440,1584,1.178
1449,1584,0.827
1458,1584,0.792
1467,1584,0.85
1476,1584,0.912
1485,1584,0.875
1494,1584,1.046
1503,1584,0.802
1512,1584,0.767
1521,1584,0.827
1530,1584,0.891
1539,1584,0.959
1548,1584,1.032
1557,1584,1.109
1566,1584,0.844
1575,1584,0.913
1584,1584,0.987
1593,1584,1.066
1602,1584,1.025
1611,1584,1.108
1620,1584,0.943
1629,1584,1.025
1638,1584,1.251
1647,1584,1.07
1656,1584,1.164
1665,1584,1.265
1674,1584,1.376
1683,1584,1.495
1692,1584,1.45
1701,1584,1.581
1710,1584,1.361
1719,1584,1.154
1728,1584,0.96
1737,1584,0.917
1746,1584,0.509
1755,1584,0.697
1764,1584,0.934
1773,1584,1.052
1782,1584,1.007
1791,1584,1.142
1800,1584,0.918
1809,1584,1.055
1818,1584,1.216
1827,1584,0.967
1836,1584,0.922
1845,1584,0.877
1854,1584,0.831
1863,1584,0.582
1872,1584,0.737
1881,1584,0.687
1890,1584,0.636
1899,1584,0.582
1908,1584,0.963
1917,1584,1.517
9,1593,-0.274
18,1593,-0.412
27,1593,-0.52
36,1593,-0.937
45,1593,-1.418
54,1593,-1.087
63,1593,-1.52
72,1593,-1.233
81,1593,-1.024
90,1593,-0.865
99,1593,-0.573
108,1593,-0.639
117,1593,-0.555
126,1593,-0.376
135,1593,-0.427
144,1593,-0.376
153,1593,-0.333
162,1593,-0.475
171,1593,-0.526
180,1593,-0.578
189,1593,-0.52
198,1593,-0.38
207,1593,-0.515
216,1593,-0.564
225,1593,-0.512
234,1593,-0.465
243,1593,-0.423
252,1593,-0.316
261,1593,-0.35
270,1593,-0.387
279,1593,-0.424
288,1593,-0.264
297,1593,-0.241
306,1593,-0.219
315,1593,-0.199
324,1593,-0.272
333,1593,-0.36
342,1593,-0.331
351,1593,-0.363
360,1593,-0.396
369,1593,-0.502
378,1593,-0.466
387,1593,-0.582
396,1593,-0.467
405,1593,-0.581
414,1593,-0.541
423,1593,-0.504
432,1593,-0.469
441,1593,-0.375
450,1593,-0.347
459,1593,-0.438
468,1593,-0.471
477,1593,-0.579
486,1593,-0.618
495,1593,-0.659
504,1593,-0.789
513,1593,-0.743
522,1593,-0.787
531,1593,-0.929
540,1593,-0.978
549,1593,-1.028
558,1593,-1.08
567,1593,-0.923
576,1593,-1.076
585,1593,-1.128
594,1593,-0.969
603,1593,-0.919
612,1593,-0.871
621,1593,-0.918
630,1593,-1.066
639,1593,-1.118
648,1593,-1.171
657,1593,-1.225
666,1593,-1.063
675,1593,-1.012
684,1593,-1.167
693,1593,-1.113
702,1593,-1.062
711,1593,-1.113
720,1593,-1.274
729,1593,-1.219
738,1593,-1.274
747,1593,-1.218
756,1593,-1.165
765,1593,-1.219
774,1593,-1.274
783,1593,-1.446
792,1593,-1.388
801,1593,-1.331
810,1593,-1.169
819,1593,-1.119
828,1593,-1.171
837,1593,-1.334
846,1593,-1.51
855,1593,-1.573
864,1593,-1.395
873,1593,-1.231
882,1593,-1.287
891,1593,-1.459
900,1593,-1.52
909,1593,-1.583
918,1593,-1.525
927,1593,-1.467
936,1593,-1.653
945,1593,-1.72
954,1593,-1.788
963,1593,-1.479
972,1593,1.542
981,1593,1.486
990,1593,1.673
999,1593,1.741
1008,1593,1.811
1017,1593,1.75
1026,1593,1.82
1035,1593,1.759
1044,1593,1.831
1053,1593,1.77
1062,1593,1.35
1071,1593,1.529
1080,1593,1.36
1089,1593,1.1
1098,1593,0.874
1107,1593,0.835
1116,1593,0.719
1125,1593,0.761
1134,1593,0.804
1143,1593,0.767
1152,1593,0.811
1161,1593,0.557
1170,1593,0.527
1179,1593,0.499
1188,1593,0.415
1197,1593,0.39
1206,1593,0.367
1215,1593,0.394
1224,1593,0.423
1233,1593,0.453
1242,1593,0.373
1251,1593,0.303
1260,1593,0.328
1269,1593,0.405
1278,1593,0.495
1287,1593,0.598
1296,1593,0.566
1305,1593,0.605
1314,1593,0.573
1323,1593,0.478
1332,1593,0.392
1341,1593,0.423
1350,1593,0.518
1359,1593,0.628
1368,1593,0.46
1377,1593,0.495
1386,1593,0.603
1395,1593,0.726
1404,1593,0.69
1413,1593,0.826
1422,1593,0.787
1431,1593,0.937
1440,1593,0.997
1449,1593,0.762
1458,1593,0.724
1467,1593,0.775
1476,1593,0.829
1485,1593,0.789
1494,1593,0.947
1503,1593,0.712
1512,1593,0.674
1521,1593,0.726
1530,1593,0.78
1539,1593,0.839
1548,1593,0.901
1557,1593,0.967
1566,1593,0.717
1575,1593,0.774
1584,1593,0.836
1593,1593,1.019
1602,1593,0.973
1611,1593,1.049
1620,1593,0.882
1629,1593,0.955
1638,1593,1.168
1647,1593,0.986
1656,1593,1.21
1665,1593,1.309
1674,1593,1.416
1683,1593,1.532
1692,1593,1.479
1701,1593,1.604
1710,1593,1.374
1719,1593,1.157
1728,1593,1.105
1737,1593,1.054
1746,1593,0.6
1755,1593,0.806
1764,1593,1.061
1773,1593,1.184
1782,1593,1.132
1791,1593,1.272
1800,1593,1.027
1809,1593,1.169
1818,1593,1.335
1827,1593,1.065
1836,1593,1.012
1845,1593,0.959
1854,1593,0.905
1863,1593,0.637
1872,1593,0.795
1881,1593,0.737
1890,1593,0.677
1899,1593,0.614
1908,1593,0.998
1917,1593,1.541
9,1602,-0.262
18,1602,-0.389
27,1602,-0.488
36,1602,-0.886
45,1602,-1.345
54,1602,-1.017
63,1602,-1.429
72,1602,-1.146
81,1602,-0.941
90,1602,-0.786
99,1602,-0.508
108,1602,-0.566
117,1602,-0.486
126,1602,-0.32
135,1602,-0.364
144,1602,-0.317
153,1602,-0.277
162,1602,-0.401
171,1602,-0.444
180,1602,-0.489
189,1602,-0.435
198,1602,-0.309
207,1602,-0.427
216,1602,-0.467
225,1602,-0.419
234,1602,-0.377
243,1602,-0.338
252,1602,-0.245
261,1602,-0.273
270,1602,-0.302
279,1602,-0.333
288,1602,-0.198
297,1602,-0.177
306,1602,-0.159
315,1602,-0.179
324,1602,-0.245
333,1602,-0.326
342,1602,-0.297
351,1602,-0.324
360,1602,-0.353
369,1602,-0.451
378,1602,-0.414
387,1602,-0.52
396,1602,-0.41
405,1602,-0.513
414,1602,-0.474
423,1602,-0.437
432,1602,-0.469
441,1602,-0.371
450,1602,-0.342
459,1602,-0.43
468,1602,-0.46
477,1602,-0.565
486,1602,-0.601
495,1602,-0.637
504,1602,-0.762
513,1602,-0.713
522,1602,-0.753
531,1602,-0.889
540,1602,-0.934
549,1602,-0.979
558,1602,-1.025
567,1602,-0.868
576,1602,-1.013
585,1602,-1.06
594,1602,-0.902
603,1602,-0.85
612,1602,-0.801
621,1602,-0.842
630,1602,-0.981
639,1602,-1.026
648,1602,-1.073
657,1602,-1.121
666,1602,-0.962
675,1602,-0.91
684,1602,-1.053
693,1602,-0.998
702,1602,-0.946
711,1602,-0.99
720,1602,-1.139
729,1602,-1.082
738,1602,-1.13
747,1602,-1.074
756,1602,-1.021
765,1602,-1.067
774,1602,-1.114
783,1602,-1.271
792,1602,-1.212
801,1602,-1.155
810,1602,-1.002
819,1602,-0.952
828,1602,-0.996
837,1602,-1.142
846,1602,-1.3
855,1602,-1.353
864,1602,-1.186
873,1602,-1.032
882,1602,-1.079
891,1602,-1.231
900,1602,-1.283
909,1602,-1.336
918,1602,-1.278
927,1602,-1.222
936,1602,-1.386
945,1602,-1.442
954,1602,-1.499
963,1602,-1.324
972,1602,1.378
981,1602,1.321
990,1602,1.492
999,1602,1.552
1008,1602,1.612
1017,1602,1.549
1026,1602,1.611
1035,1602,1.548
1044,1602,1.609
1053,1602,1.547
1062,1602,1.153
1071,1602,1.314
1080,1602,1.153
1089,1602,1.005
1098,1602,0.786
1107,1602,0.746
1116,1602,0.633
1125,1602,0.669
1134,1602,0.707
1143,1602,0.669
1152,1602,0.707
1161,1602,0.47
1170,1602,0.441
1179,1602,0.413
1188,1602,0.336
1197,1602,0.313
1206,1602,0.29
1215,1602,0.312
1224,1602,0.334
1233,1602,0.358
1242,1602,0.333
1251,1602,0.266
1260,1602,0.332
1269,1602,0.409
1278,1602,0.498
1287,1602,0.599
1296,1602,0.565
1305,1602,0.6
1314,1602,0.565
1323,1602,0.467
1332,1602,0.38
1341,1602,0.408
1350,1602,0.499
1359,1602,0.604
1368,1602,0.437
1377,1602,0.468
1386,1602,0.57
1395,1602,0.687
1404,1602,0.648
1413,1602,0.777
1422,1602,0.735
1431,1602,0.876
1440,1602,0.929
1449,1602,0.698
1458,1602,0.658
1467,1602,0.703
1476,1602,0.75
1485,1602,0.708
1494,1602,0.853
1503,1602,0.626
1512,1602,0.587
1521,1602,0.631
1530,1602,0.677
1539,1602,0.726
1548,1602,0.779
1557,1602,0.834
1566,1602,0.6
1575,1602,0.647
1584,1602,0.698
1593,1602,0.858
1602,1602,0.922
1611,1602,0.991
1620,1602,0.823
1629,1602,0.888
1638,1602,1.087
1647,1602,0.905
1656,1602,1.114
1665,1602,1.201
1674,1602,1.296
1683,1602,1.398
1692,1602,1.338
1701,1602,1.448
1710,1602,1.219
1719,1602,1.006
1728,1602,0.949
1737,1602,0.893
1746,1602,0.476
1755,1602,0.65
1764,1602,0.868
1773,1602,1.14
1782,1602,1.079
1791,1602,1.206
1800,1602,0.956
1809,1602,1.083
1818,1602,1.231
1827,1602,0.958
1836,1602,0.894
1845,1602,1.047
1854,1602,0.985
1863,1602,0.695
1872,1602,0.857
1881,1602,0.79
1890,1602,0.721
1899,1602,0.648
1908,1602,1.034
1917,1602,1.565
9,1611,-0.249
18,1611,-0.367
27,1611,-0.458
36,1611,-0.835
45,1611,-1.274
54,1611,-0.949
63,1611,-1.341
72,1611,-1.062
81,1611,-0.861
90,1611,-0.71
99,1611,-0.447
108,1611,-0.498
117,1611,-0.422
126,1611,-0.27
135,1611,-0.307
144,1611,-0.263
153,1611,-0.226
162,1611,-0.334
171,1611,-0.371
180,1611,-0.408
189,1611,-0.358
198,1611,-0.247
207,1611,-0.347
216,1611,-0.381
225,1611,-0.338
234,1611,-0.299
243,1611,-0.265
252,1611,-0.186
261,1611,-0.208
270,1611,-0.231
279,1611,-0.255
288,1611,-0.143
297,1611,-0.126
306,1611,-0.111
315,1611,-0.126
324,1611,-0.177
333,1611,-0.242
342,1611,-0.217
351,1611,-0.238
360,1611,-0.26
369,1611,-0.338
378,1611,-0.306
387,1611,-0.392
396,1611,-0.301
405,1611,-0.384
414,1611,-0.412
423,1611,-0.44
432,1611,-0.469
441,1611,-0.368
450,1611,-0.336
459,1611,-0.422
468,1611,-0.45
477,1611,-0.551
486,1611,-0.583
495,1611,-0.616
504,1611,-0.736
513,1611,-0.685
522,1611,-0.72
531,1611,-0.85
540,1611,-0.89
549,1611,-0.931
558,1611,-0.972
567,1611,-0.815
576,1611,-0.952
585,1611,-0.993
594,1611,-0.836
603,1611,-0.783
612,1611,-0.733
621,1611,-0.769
630,1611,-0.898
639,1611,-0.937
648,1611,-0.978
657,1611,-1.02
666,1611,-0.866
675,1611,-0.814
684,1611,-0.944
693,1611,-0.889
702,1611,-0.837
711,1611,-0.875
720,1611,-1.01
729,1611,-0.954
738,1611,-0.994
747,1611,-0.939
756,1611,-0.886
765,1611,-0.925
774,1611,-0.965
783,1611,-1.106
792,1611,-1.048
801,1611,-0.992
810,1611,-0.848
819,1611,-0.799
828,1611,-0.836
837,1611,-0.965
846,1611,-1.105
855,1611,-1.15
864,1611,-0.993
873,1611,-0.851
882,1611,-0.889
891,1611,-1.023
900,1611,-1.065
909,1611,-1.214
918,1611,-1.154
927,1611,-1.097
936,1611,-1.248
945,1611,-1.296
954,1611,-1.346
963,1611,-1.176
972,1611,1.223
981,1611,1.164
990,1611,1.321
999,1611,1.49
1008,1611,1.544
1017,1611,1.477
1026,1611,1.532
1035,1611,1.466
1044,1611,1.521
1053,1611,1.455
1062,1611,1.068
1071,1611,1.218
1080,1611,1.059
1089,1611,0.914
1098,1611,0.702
1107,1611,0.661
1116,1611,0.553
1125,1611,0.584
1134,1611,0.615
1143,1611,0.577
1152,1611,0.609
1161,1611,0.391
1170,1611,0.363
1179,1611,0.336
1188,1611,0.267
1197,1611,0.245
1206,1611,0.224
1215,1611,0.24
1224,1611,0.258
1233,1611,0.276
1242,1611,0.253
1251,1611,0.196
1260,1611,0.249
1269,1611,0.311
1278,1611,0.383
1287,1611,0.467
1296,1611,0.496
1305,1611,0.526
1314,1611,0.491
1323,1611,0.398
1332,1611,0.317
1341,1611,0.339
1350,1611,0.419
1359,1611,0.511
1368,1611,0.357
1377,1611,0.382
1386,1611,0.47
1395,1611,0.572
1404,1611,0.533
1413,1611,0.644
1422,1611,0.603
1431,1611,0.725
1440,1611,0.768
1449,1611,0.558
1458,1611,0.519
1467,1611,0.554
1476,1611,0.591
1485,1611,0.55
1494,1611,0.671
1503,1611,0.472
1512,1611,0.435
1521,1611,0.468
1530,1611,0.502
1539,1611,0.538
1548,1611,0.577
1557,1611,0.619
1566,1611,0.494
1575,1611,0.531
1584,1611,0.572
1593,1611,0.711
1602,1611,0.762
1611,1611,0.818
1620,1611,0.661
1629,1611,0.713
1638,1611,0.883
1647,1611,0.715
1656,1611,0.891
1665,1611,0.96
1674,1611,1.035
1683,1611,1.115
1692,1611,1.052
1701,1611,1.137
1710,1611,1.072
1719,1611,0.865
1728,1611,0.804
1737,1611,0.744
1746,1611,0.368
1755,1611,0.511
1764,1611,0.694
1773,1611,0.925
1782,1611,0.858
1791,1611,0.957
1800,1611,0.725
1809,1611,0.818
1818,1611,0.928
1827,1611,1.058
1836,1611,0.985
1845,1611,1.142
1854,1611,1.07
1863,1611,0.757
1872,1611,0.922
1881,1611,0.846
1890,1611,0.767
1899,1611,0.684
1908,1611,1.072
1917,1611,1.59
9,1620,-0.237
18,1620,-0.346
27,1620,-0.428
36,1620,-0.786
45,1620,-1.204
54,1620,-0.884
63,1620,-1.254
72,1620,-0.98
81,1620,-0.784
90,1620,-0.637
99,1620,-0.39
108,1620,-0.434
117,1620,-0.362
126,1620,-0.224
135,1620,-0.256
144,1620,-0.216
153,1620,-0.182
162,1620,-0.274
171,1620,-0.305
180,1620,-0.336
189,1620,-0.291
198,1620,-0.194
207,1620,-0.278
216,1620,-0.306
225,1620,-0.267
234,1620,-0.232
243,1620,-0.203
252,1620,-0.137
261,1620,-0.153
270,1620,-0.171
279,1620,-0.19
288,1620,-0.1
297,1620,-0.087
306,1620,-0.075
315,1620,-0.085
324,1620,-0.124
333,1620,-0.173
342,1620,-0.152
351,1620,-0.168
360,1620,-0.184
369,1620,-0.246
378,1620,-0.219
387,1620,-0.287
396,1620,-0.212
405,1620,-0.277
414,1620,-0.298
423,1620,-0.319
432,1620,-0.342
441,1620,-0.259
450,1620,-0.233
459,1620,-0.299
468,1620,-0.32
477,1620,-0.4
486,1620,-0.424
495,1620,-0.449
504,1620,-0.547
513,1620,-0.502
522,1620,-0.605
531,1620,-0.72
540,1620,-0.753
549,1620,-0.787
558,1620,-0.821
567,1620,-0.676
576,1620,-0.796
585,1620,-0.831
594,1620,-0.687
603,1620,-0.637
612,1620,-0.59
621,1620,-0.619
630,1620,-0.73
639,1620,-0.762
648,1620,-0.795
657,1620,-0.829
666,1620,-0.69
675,1620,-0.642
684,1620,-0.753
693,1620,-0.703
702,1620,-0.654
711,1620,-0.684
720,1620,-0.799
729,1620,-0.747
738,1620,-0.779
747,1620,-0.728
756,1620,-0.68
765,1620,-0.71
774,1620,-0.741
783,1620,-0.86
792,1620,-0.806
801,1620,-0.755
810,1620,-0.631
819,1620,-0.588
828,1620,-0.616
837,1620,-0.721
846,1620,-0.836
855,1620,-0.871
864,1620,-0.735
873,1620,-0.615
882,1620,-0.643
891,1620,-0.751
900,1620,-0.783
909,1620,-0.904
918,1620,-0.85
927,1620,-0.799
936,1620,-0.922
945,1620,-0.959
954,1620,-0.997
963,1620,-0.851
972,1620,0.886
981,1620,0.834
990,1620,0.96
999,1620,1.097
1008,1620,1.139
1017,1620,1.078
1026,1620,1.12
1035,1620,1.06
1044,1620,1.101
1053,1620,1.042
1062,1620,0.724
1071,1620,0.841
1080,1620,0.71
1089,1620,0.593
1098,1620,0.431
1107,1620,0.398
1116,1620,0.319
1125,1620,0.338
1134,1620,0.358
1143,1620,0.329
1152,1620,0.349
1161,1620,0.2
1170,1620,0.181
1179,1620,0.163
1188,1620,0.121
1197,1620,0.107
1206,1620,0.094
1215,1620,0.125
1224,1620,0.162
1233,1620,0.174
1242,1620,0.156
1251,1620,0.114
1260,1620,0.149
1269,1620,0.192
1278,1620,0.244
1287,1620,0.304
1296,1620,0.323
1305,1620,0.344
1314,1620,0.314
1323,1620,0.243
1332,1620,0.184
1341,1620,0.235
1350,1620,0.296
1359,1620,0.368
1368,1620,0.243
1377,1620,0.26
1386,1620,0.326
1395,1620,0.405
1404,1620,0.37
1413,1620,0.456
1422,1620,0.419
1431,1620,0.514
1440,1620,0.545
1449,1620,0.374
1458,1620,0.34
1467,1620,0.363
1476,1620,0.388
1485,1620,0.353
1494,1620,0.442
1503,1620,0.288
1512,1620,0.258
1521,1620,0.278
1530,1620,0.299
1539,1620,0.321
1548,1620,0.345
1557,1620,0.371
1566,1620,0.278
1575,1620,0.3
1584,1620,0.323
1593,1620,0.417
1602,1620,0.448
1611,1620,0.482
1620,1620,0.365
1629,1620,0.394
1638,1620,0.508
1647,1620,0.383
1656,1620,0.498
1665,1620,0.538
1674,1620,0.582
1683,1620,0.741
1692,1620,0.681
1701,1620,0.737
1710,1620,0.675
1719,1620,0.509
1728,1620,0.455
1737,1620,0.402
1746,1620,0.352
1755,1620,0.489
1764,1620,0.664
1773,1620,0.884
1782,1620,0.81
1791,1620,0.898
1800,1620,0.664
1809,1620,0.745
1818,1620,0.839
1827,1620,0.95
1836,1620,0.867
1845,1620,0.998
1854,1620,1.161
1863,1620,0.825
1872,1620,0.993
1881,1620,0.906
1890,1620,0.816
1899,1620,0.722
1908,1620,1.111
1917,1620,1.616
9,1629,-0.225
18,1629,-0.325
27,1629,-0.398
36,1629,-0.737
45,1629,-1.135
54,1629,-0.82
63,1629,-1.17
72,1629,-0.901
81,1629,-0.711
90,1629,-0.569
99,1629,-0.338
108,1629,-0.376
117,1629,-0.413
126,1629,-0.254
135,1629,-0.284
144,1629,-0.237
153,1629,-0.197
162,1629,-0.292
171,1629,-0.32
180,1629,-0.35
189,1629,-0.299
198,1629,-0.197
207,1629,-0.28
216,1629,-0.381
225,1629,-0.33
234,1629,-0.286
243,1629,-0.247
252,1629,-0.167
261,1629,-0.184
270,1629,-0.202
279,1629,-0.221
288,1629,-0.117
297,1629,-0.1
306,1629,-0.112
315,1629,-0.124
324,1629,-0.173
333,1629,-0.234
342,1629,-0.205
351,1629,-0.222
360,1629,-0.24
369,1629,-0.312
378,1629,-0.277
387,1629,-0.354
396,1629,-0.263
405,1629,-0.337
414,1629,-0.358
423,1629,-0.38
432,1629,-0.402
441,1629,-0.305
450,1629,-0.273
459,1629,-0.345
468,1629,-0.365
477,1629,-0.451
486,1629,-0.474
495,1629,-0.498
504,1629,-0.6
513,1629,-0.548
522,1629,-0.655
531,1629,-0.774
540,1629,-0.804
549,1629,-0.836
558,1629,-0.867
567,1629,-0.712
576,1629,-0.833
585,1629,-0.865
594,1629,-0.801
603,1629,-0.74
612,1629,-0.684
621,1629,-0.712
630,1629,-0.831
639,1629,-0.862
648,1629,-0.894
657,1629,-0.926
666,1629,-0.771
675,1629,-0.801
684,1629,-0.926
693,1629,-0.862
702,1629,-0.802
711,1629,-0.833
720,1629,-0.959
729,1629,-0.993
738,1629,-1.027
747,1629,-0.96
756,1629,-0.897
765,1629,-0.929
774,1629,-0.962
783,1629,-1.099
792,1629,-1.03
801,1629,-0.965
810,1629,-0.813
819,1629,-0.758
828,1629,-0.787
837,1629,-0.907
846,1629,-1.037
855,1629,-1.073
864,1629,-0.912
873,1629,-0.767
882,1629,-0.797
891,1629,-0.917
900,1629,-0.95
909,1629,-1.083
918,1629,-1.019
927,1629,-0.956
936,1629,-1.09
945,1629,-1.127
954,1629,-1.165
963,1629,-0.998
972,1629,1.033
981,1629,0.971
990,1629,1.106
999,1629,1.253
1008,1629,1.294
1017,1629,1.223
1026,1629,1.379
1035,1629,1.305
1044,1629,1.348
1053,1629,1.275
1062,1629,0.904
1071,1629,1.035
1080,1629,0.881
1089,1629,0.741
1098,1629,0.547
1107,1629,0.506
1116,1629,0.409
1125,1629,0.43
1134,1629,0.451
1143,1629,0.414
1152,1629,0.435
1161,1629,0.257
1170,1629,0.232
1179,1629,0.209
1188,1629,0.156
1197,1629,0.138
1206,1629,0.148
1215,1629,0.189
1224,1629,0.238
1233,1629,0.252
1242,1629,0.226
1251,1629,0.17
1260,1629,0.216
1269,1629,0.27
1278,1629,0.334
1287,1629,0.407
1296,1629,0.429
1305,1629,0.451
1314,1629,0.413
1323,1629,0.324
1332,1629,0.249
1341,1629,0.311
1350,1629,0.383
1359,1629,0.467
1368,1629,0.315
1377,1629,0.334
1386,1629,0.411
1395,1629,0.501
1404,1629,0.459
1413,1629,0.556
1422,1629,0.511
1431,1629,0.616
1440,1629,0.649
1449,1629,0.451
1458,1629,0.41
1467,1629,0.434
1476,1629,0.46
1485,1629,0.487
1494,1629,0.595
1503,1629,0.402
1512,1629,0.362
1521,1629,0.385
1530,1629,0.41
1539,1629,0.436
1548,1629,0.464
1557,1629,0.493
1566,1629,0.377
1575,1629,0.402
1584,1629,0.429
1593,1629,0.54
1602,1629,0.575
1611,1629,0.613
1620,1629,0.471
1629,1629,0.504
1638,1629,0.636
1647,1629,0.486
1656,1629,0.618
1665,1629,0.662
1674,1629,0.71
1683,1629,0.888
1692,1629,0.816
1701,1629,0.876
1710,1629,0.804
1719,1629,0.613
1728,1629,0.549
1737,1629,0.487
1746,1629,0.427
1755,1629,0.579
1764,1629,0.771
1773,1629,1.009
1782,1629,0.924
1791,1629,1.015
1800,1629,0.756
1809,1629,0.841
1818,1629,0.938
1827,1629,1.052
1836,1629,0.958
1845,1629,1.093
1854,1629,1.258
1863,1629,0.897
1872,1629,1.067
1881,1629,0.969
1890,1629,0.868
1899,1629,0.762
1908,1629,1.152
1917,1629,1.643
9,1638,-0.213
18,1638,-0.304
27,1638,-0.37
36,1638,-0.69
45,1638,-1.068
54,1638,-0.758
63,1638,-1.088
72,1638,-0.826
81,1638,-0.859
90,1638,-0.678
99,1638,-0.402
108,1638,-0.436
117,1638,-0.471
126,1638,-0.287
135,1638,-0.316
144,1638,-0.26
153,1638,-0.214
162,1638,-0.311
171,1638,-0.337
180,1638,-0.364
189,1638,-0.307
198,1638,-0.199
207,1638,-0.281
216,1638,-0.381
225,1638,-0.327
234,1638,-0.279
243,1638,-0.239
252,1638,-0.158
261,1638,-0.221
270,1638,-0.239
279,1638,-0.257
288,1638,-0.176
297,1638,-0.15
306,1638,-0.163
315,1638,-0.177
324,1638,-0.239
333,1638,-0.312
342,1638,-0.273
351,1638,-0.291
360,1638,-0.309
369,1638,-0.392
378,1638,-0.347
387,1638,-0.435
396,1638,-0.325
405,1638,-0.407
414,1638,-0.428
423,1638,-0.449
432,1638,-0.471
441,1638,-0.358
450,1638,-0.319
459,1638,-0.397
468,1638,-0.416
477,1638,-0.507
486,1638,-0.53
495,1638,-0.553
504,1638,-0.659
513,1638,-0.599
522,1638,-0.71
531,1638,-0.832
540,1638,-0.86
549,1638,-0.888
558,1638,-0.917
567,1638,-0.749
576,1638,-0.872
585,1638,-0.901
594,1638,-0.83
603,1638,-0.858
612,1638,-0.79
621,1638,-0.914
630,1638,-1.05
639,1638,-1.081
648,1638,-1.112
657,1638,-1.144
666,1638,-0.959
675,1638,-0.988
684,1638,-1.127
693,1638,-1.049
702,1638,-0.975
711,1638,-1.005
720,1638,-1.144
729,1638,-1.176
738,1638,-1.21
747,1638,-1.13
756,1638,-1.054
765,1638,-1.085
774,1638,-1.117
783,1638,-1.263
792,1638,-1.182
801,1638,-1.106
810,1638,-0.933
819,1638,-0.868
828,1638,-0.896
837,1638,-1.023
846,1638,-1.161
855,1638,-1.194
864,1638,-1.015
873,1638,-0.854
882,1638,-0.882
891,1638,-1.008
900,1638,-1.039
909,1638,-1.177
918,1638,-1.103
927,1638,-1.033
936,1638,-1.17
945,1638,-1.205
954,1638,-1.24
963,1638,-1.059
972,1638,1.092
981,1638,1.022
990,1638,1.159
999,1638,1.307
1008,1638,1.345
1017,1638,1.266
1026,1638,1.423
1035,1638,1.342
1044,1638,1.38
1053,1638,1.301
1062,1638,1.013
1071,1638,1.151
1080,1638,0.98
1089,1638,0.825
1098,1638,0.611
1107,1638,0.563
1116,1638,0.455
1125,1638,0.475
1134,1638,0.495
1143,1638,0.454
1152,1638,0.473
1161,1638,0.28
1170,1638,0.251
1179,1638,0.225
1188,1638,0.167
1197,1638,0.147
1206,1638,0.156
1215,1638,0.198
1224,1638,0.247
1233,1638,0.26
1242,1638,0.232
1251,1638,0.173
1260,1638,0.218
1269,1638,0.272
1278,1638,0.334
1287,1638,0.407
1296,1638,0.426
1305,1638,0.446
1314,1638,0.405
1323,1638,0.314
1332,1638,0.238
1341,1638,0.297
1350,1638,0.365
1359,1638,0.445
1368,1638,0.295
1377,1638,0.31
1386,1638,0.383
1395,1638,0.466
1404,1638,0.423
1413,1638,0.513
1422,1638,0.467
1431,1638,0.564
1440,1638,0.592
1449,1638,0.467
1458,1638,0.422
1467,1638,0.445
1476,1638,0.468
1485,1638,0.493
1494,1638,0.599
1503,1638,0.4
1512,1638,0.357
1521,1638,0.378
1530,1638,0.4
1539,1638,0.423
1548,1638,0.447
1557,1638,0.473
1566,1638,0.355
1575,1638,0.377
1584,1638,0.4
1593,1638,0.504
1602,1638,0.626
1611,1638,0.662
1620,1638,0.508
1629,1638,0.54
1638,1638,0.674
1647,1638,0.514
1656,1638,0.648
1665,1638,0.69
1674,1638,0.734
1683,1638,0.912
1692,1638,0.833
1701,1638,0.889
1710,1638,0.809
1719,1638,0.611
1728,1638,0.541
1737,1638,0.474
1746,1638,0.411
1755,1638,0.556
1764,1638,0.739
1773,1638,0.966
1782,1638,0.874
1791,1638,0.954
1800,1638,0.693
1809,1638,0.946
1818,1638,1.046
1827,1638,1.163
1836,1638,1.057
1845,1638,1.194
1854,1638,1.362
1863,1638,0.974
1872,1638,1.147
1881,1638,1.036
1890,1638,0.923
1899,1638,0.804
1908,1638,1.194
1917,1638,1.67
9,1647,-0.202
18,1647,-0.284
27,1647,-0.343
36,1647,-0.644
45,1647,-1.002
54,1647,-0.698
63,1647,-1.008
72,1647,-0.753
81,1647,-0.78
90,1647,-0.606
99,1647,-0.347
108,1647,-0.376
117,1647,-0.405
126,1647,-0.238
135,1647,-0.262
144,1647,-0.211
153,1647,-0.17
162,1647,-0.252
171,1647,-0.273
180,1647,-0.295
189,1647,-0.244
198,1647,-0.152
207,1647,-0.219
216,1647,-0.303
225,1647,-0.255
234,1647,-0.214
243,1647,-0.179
252,1647,-0.113
261,1647,-0.162
270,1647,-0.176
279,1647,-0.189
288,1647,-0.123
297,1647,-0.103
306,1647,-0.113
315,1647,-0.122
324,1647,-0.169
333,1647,-0.226
342,1647,-0.194
351,1647,-0.207
360,1647,-0.22
369,1647,-0.286
378,1647,-0.248
387,1647,-0.317
396,1647,-0.228
405,1647,-0.292
414,1647,-0.307
423,1647,-0.323
432,1647,-0.339
441,1647,-0.248
450,1647,-0.216
459,1647,-0.275
468,1647,-0.289
477,1647,-0.36
486,1647,-0.376
495,1647,-0.393
504,1647,-0.477
513,1647,-0.426
522,1647,-0.514
531,1647,-0.612
540,1647,-0.633
549,1647,-0.654
558,1647,-0.676
567,1647,-0.536
576,1647,-0.634
585,1647,-0.655
594,1647,-0.595
603,1647,-0.615
612,1647,-0.558
621,1647,-0.656
630,1647,-0.765
639,1647,-0.788
648,1647,-0.811
657,1647,-0.835
666,1647,-0.679
675,1647,-0.701
684,1647,-0.812
693,1647,-0.835
702,1647,-0.768
711,1647,-0.79
720,1647,-0.908
729,1647,-0.933
738,1647,-0.959
747,1647,-0.886
756,1647,-0.817
765,1647,-0.84
774,1647,-0.961
783,1647,-1.092
792,1647,-1.014
801,1647,-0.939
810,1647,-0.869
819,1647,-0.802
828,1647,-0.826
837,1647,-0.944
846,1647,-1.072
855,1647,-1.1
864,1647,-0.924
873,1647,-0.768
882,1647,-0.791
891,1647,-0.906
900,1647,-0.931
909,1647,-1.058
918,1647,-0.984
927,1647,-0.914
936,1647,-1.039
945,1647,-1.067
954,1647,-1.096
963,1647,-0.923
972,1647,0.949
981,1647,0.881
990,1647,1.004
999,1647,1.137
1008,1647,1.167
1017,1647,1.09
1026,1647,1.23
1035,1647,1.15
1044,1647,1.181
1053,1647,1.103
1062,1647,0.838
1071,1647,0.958
1080,1647,0.8
1089,1647,0.659
1098,1647,0.47
1107,1647,0.427
1116,1647,0.334
1125,1647,0.348
1134,1647,0.363
1143,1647,0.326
1152,1647,0.34
1161,1647,0.186
1170,1647,0.163
1179,1647,0.142
1188,1647,0.1
1197,1647,0.085
1206,1647,0.09
1215,1647,0.118
1224,1647,0.151
1233,1647,0.159
1242,1647,0.138
1251,1647,0.096
1260,1647,0.125
1269,1647,0.161
1278,1647,0.203
1287,1647,0.254
1296,1647,0.266
1305,1647,0.278
1314,1647,0.246
1323,1647,0.216
1332,1647,0.156
1341,1647,0.199
1350,1647,0.25
1359,1647,0.31
1368,1647,0.23
1377,1647,0.242
1386,1647,0.301
1395,1647,0.371
1404,1647,0.331
1413,1647,0.406
1422,1647,0.362
1431,1647,0.443
1440,1647,0.463
1449,1647,0.416
1458,1647,0.371
1467,1647,0.388
1476,1647,0.407
1485,1647,0.426
1494,1647,0.521
1503,1647,0.336
1512,1647,0.294
1521,1647,0.31
1530,1647,0.326
1539,1647,0.343
1548,1647,0.43
1557,1647,0.452
1566,1647,0.334
1575,1647,0.352
1584,1647,0.371
1593,1647,0.468
1602,1647,0.582
1611,1647,0.612
1620,1647,0.46
1629,1647,0.486
1638,1647,0.61
1647,1647,0.453
1656,1647,0.574
1665,1647,0.608
1674,1647,0.644
1683,1647,0.804
1692,1647,0.723
1701,1647,0.768
1710,1647,0.687
1719,1647,0.499
1728,1647,0.431
1737,1647,0.367
1746,1647,0.307
1755,1647,0.424
1764,1647,0.574
1773,1647,0.762
1782,1647,0.67
1791,1647,0.727
1800,1647,0.494
1809,1647,0.691
1818,1647,0.759
1827,1647,0.839
1836,1647,0.728
1845,1647,1.044
1854,1647,1.181
1863,1647,1.057
1872,1647,1.232
1881,1647,1.108
1890,1647,0.981
1899,1647,0.848
1908,1647,1.239
1917,1647,1.698
9,1656,-0.191
18,1656,-0.265
27,1656,-0.317
36,1656,-0.6
45,1656,-0.937
54,1656,-0.641
63,1656,-0.931
72,1656,-0.683
81,1656,-0.704
90,1656,-0.537
99,1656,-0.297
108,1656,-0.439
117,1656,-0.463
126,1656,-0.271
135,1656,-0.292
144,1656,-0.232
153,1656,-0.184
162,1656,-0.269
171,1656,-0.288
180,1656,-0.307
189,1656,-0.251
198,1656,-0.153
207,1656,-0.22
216,1656,-0.302
225,1656,-0.25
234,1656,-0.266
243,1656,-0.221
252,1656,-0.14
261,1656,-0.196
270,1656,-0.209
279,1656,-0.222
288,1656,-0.145
297,1656,-0.12
306,1656,-0.129
315,1656,-0.138
324,1656,-0.188
333,1656,-0.248
342,1656,-0.21
351,1656,-0.222
360,1656,-0.234
369,1656,-0.301
378,1656,-0.259
387,1656,-0.329
396,1656,-0.233
405,1656,-0.297
414,1656,-0.311
423,1656,-0.324
432,1656,-0.338
441,1656,-0.244
450,1656,-0.21
459,1656,-0.267
468,1656,-0.279
477,1656,-0.346
486,1656,-0.36
495,1656,-0.374
504,1656,-0.454
513,1656,-0.469
522,1656,-0.56
531,1656,-0.662
540,1656,-0.68
549,1656,-0.699
558,1656,-0.717
567,1656,-0.566
576,1656,-0.665
585,1656,-0.683
594,1656,-0.617
603,1656,-0.634
612,1656,-0.572
621,1656,-0.67
630,1656,-0.778
639,1656,-0.797
648,1656,-0.817
657,1656,-0.837
666,1656,-0.676
675,1656,-0.694
684,1656,-0.802
693,1656,-0.822
702,1656,-0.75
711,1656,-0.769
720,1656,-0.883
729,1656,-0.904
738,1656,-0.925
747,1656,-0.849
756,1656,-0.777
765,1656,-0.797
774,1656,-0.911
783,1656,-1.035
792,1656,-0.954
801,1656,-0.878
810,1656,-0.806
819,1656,-0.738
828,1656,-0.757
837,1656,-0.867
846,1656,-0.987
855,1656,-1.009
864,1656,-0.837
873,1656,-0.685
882,1656,-0.704
891,1656,-0.808
900,1656,-0.829
909,1656,-0.945
918,1656,-0.871
927,1656,-0.892
936,1656,-1.013
945,1656,-1.037
954,1656,-1.061
963,1656,-0.886
972,1656,0.908
981,1656,0.837
990,1656,0.953
999,1656,1.079
1008,1656,1.105
1017,1656,1.025
1026,1656,1.157
1035,1656,1.074
1044,1656,1.1
1053,1656,1.02
1062,1656,0.85
1071,1656,0.968
1080,1656,0.803
1089,1656,0.657
1098,1656,0.464
1107,1656,0.418
1116,1656,0.323
1125,1656,0.335
1134,1656,0.347
1143,1656,0.309
1152,1656,0.321
1161,1656,0.204
1170,1656,0.177
1179,1656,0.185
1188,1656,0.132
1197,1656,0.112
1206,1656,0.144
1215,1656,0.182
1224,1656,0.226
1233,1656,0.236
1242,1656,0.206
1251,1656,0.147
1260,1656,0.186
1269,1656,0.232
1278,1656,0.286
1287,1656,0.349
1296,1656,0.362
1305,1656,0.375
1314,1656,0.333
1323,1656,0.294
1332,1656,0.216
1341,1656,0.269
1350,1656,0.331
1359,1656,0.402
1368,1656,0.303
1377,1656,0.315
1386,1656,0.385
1395,1656,0.466
1404,1656,0.416
1413,1656,0.502
1422,1656,0.52
1431,1656,0.621
1440,1656,0.644
1449,1656,0.581
1458,1656,0.522
1467,1656,0.542
1476,1656,0.563
1485,1656,0.585
1494,1656,0.7
1503,1656,0.467
1512,1656,0.413
1521,1656,0.431
1530,1656,0.45
1539,1656,0.469
1548,1656,0.573
1557,1656,0.598
1566,1656,0.451
1575,1656,0.471
1584,1656,0.493
1593,1656,0.607
1602,1656,0.739
1611,1656,0.772
1620,1656,0.59
1629,1656,0.618
1638,1656,0.76
1647,1656,0.574
1656,1656,0.713
1665,1656,0.749
1674,1656,0.787
1683,1656,0.965
1692,1656,0.871
1701,1656,0.917
1710,1656,0.822
1719,1656,0.607
1728,1656,0.526
1737,1656,0.45
1746,1656,0.378
1755,1656,0.51
1764,1656,0.676
1773,1656,0.881
1782,1656,0.775
1791,1656,0.834
1800,1656,0.573
1809,1656,0.787
1818,1656,0.856
1827,1656,0.937
1836,1656,0.813
1845,1656,1.146
1854,1656,1.284
1863,1656,1.146
1872,1656,1.322
1881,1656,1.184
1890,1656,1.042
1899,1656,0.895
1908,1656,1.285
1917,1656,1.728
9,1665,-0.18
18,1665,-0.246
27,1665,-0.291
36,1665,-0.556
45,1665,-0.875
54,1665,-0.585
63,1665,-0.856
72,1665,-0.616
81,1665,-0.631
90,1665,-0.647
99,1665,-0.356
108,1665,-0.511
117,1665,-0.53
126,1665,-0.308
135,1665,-0.434
144,1665,-0.343
153,1665,-0.272
162,1665,-0.378
171,1665,-0.395
180,1665,-0.411
189,1665,-0.335
198,1665,-0.208
207,1665,-0.286
216,1665,-0.381
225,1665,-0.315
234,1665,-0.329
243,1665,-0.272
252,1665,-0.173
261,1665,-0.236
270,1665,-0.248
279,1665,-0.26
288,1665,-0.169
297,1665,-0.138
306,1665,-0.147
315,1665,-0.156
324,1665,-0.208
333,1665,-0.271
342,1665,-0.282
351,1665,-0.294
360,1665,-0.305
369,1665,-0.383
378,1665,-0.329
387,1665,-0.408
396,1665,-0.292
405,1665,-0.364
414,1665,-0.377
423,1665,-0.389
432,1665,-0.401
441,1665,-0.29
450,1665,-0.249
459,1665,-0.312
468,1665,-0.322
477,1665,-0.395
486,1665,-0.407
495,1665,-0.419
504,1665,-0.503
513,1665,-0.516
522,1665,-0.611
531,1665,-0.716
540,1665,-0.731
549,1665,-0.746
558,1665,-0.762
567,1665,-0.598
576,1665,-0.699
585,1665,-0.714
594,1665,-0.641
603,1665,-0.655
612,1665,-0.587
621,1665,-0.685
630,1665,-0.792
639,1665,-0.807
648,1665,-0.824
657,1665,-0.84
666,1665,-0.673
675,1665,-0.687
684,1665,-0.792
693,1665,-0.809
702,1665,-0.733
711,1665,-0.748
720,1665,-0.858
729,1665,-0.875
738,1665,-0.892
747,1665,-0.812
756,1665,-0.738
765,1665,-0.753
774,1665,-0.862
783,1665,-0.98
792,1665,-0.896
801,1665,-0.818
810,1665,-0.744
819,1665,-0.676
828,1665,-0.691
837,1665,-0.793
846,1665,-0.903
855,1665,-0.921
864,1665,-0.753
873,1665,-0.606
882,1665,-0.621
891,1665,-0.715
900,1665,-0.731
909,1665,-0.836
918,1665,-0.854
927,1665,-0.871
936,1665,-0.988
945,1665,-1.007
954,1665,-1.027
963,1665,-0.849
972,1665,0.867
981,1665,0.885
990,1665,1.003
999,1665,1.13
1008,1665,1.152
1017,1665,1.064
1026,1665,1.197
1035,1665,1.107
1044,1665,1.129
1053,1665,1.042
1062,1665,0.863
1071,1665,0.98
1080,1665,0.807
1089,1665,0.655
1098,1665,0.457
1107,1665,0.408
1116,1665,0.312
1125,1665,0.322
1134,1665,0.331
1143,1665,0.292
1152,1665,0.301
1161,1665,0.223
1170,1665,0.193
1179,1665,0.2
1188,1665,0.142
1197,1665,0.12
1206,1665,0.152
1215,1665,0.191
1224,1665,0.236
1233,1665,0.244
1242,1665,0.252
1251,1665,0.182
1260,1665,0.226
1269,1665,0.277
1278,1665,0.337
1287,1665,0.405
1296,1665,0.417
1305,1665,0.43
1314,1665,0.381
1323,1665,0.336
1332,1665,0.247
1341,1665,0.303
1350,1665,0.369
1359,1665,0.444
1368,1665,0.334
1377,1665,0.345
1386,1665,0.418
1395,1665,0.502
1404,1665,0.445
1413,1665,0.533
1422,1665,0.55
1431,1665,0.652
1440,1665,0.672
1449,1665,0.604
1458,1665,0.539
1467,1665,0.556
1476,1665,0.575
1485,1665,0.594
1494,1665,0.707
1503,1665,0.466
1512,1665,0.409
1521,1665,0.424
1530,1665,0.439
1539,1665,0.455
1548,1665,0.555
1557,1665,0.575
1566,1665,0.427
1575,1665,0.443
1584,1665,0.46
1593,1665,0.567
1602,1665,0.691
1611,1665,0.718
1620,1665,0.538
1629,1665,0.56
1638,1665,0.69
1647,1665,0.508
1656,1665,0.634
1665,1665,0.661
1674,1665,0.691
1683,1665,0.852
1692,1665,0.755
1701,1665,0.791
1710,1665,0.696
1719,1665,0.605
1728,1665,0.519
1737,1665,0.437
1746,1665,0.362
1755,1665,0.487
1764,1665,0.644
1773,1665,0.839
1782,1665,0.727
1791,1665,0.776
1800,1665,0.516
1809,1665,0.711
1818,1665,0.767
1827,1665,0.831
1836,1665,0.701
1845,1665,0.996
1854,1665,1.105
1863,1665,0.953
1872,1665,1.085
1881,1665,0.924
1890,1665,0.755
1899,1665,0.572
1908,1665,0.771
1917,1665,1.758
9,1674,-0.169
18,1674,-0.228
27,1674,-0.267
36,1674,-0.514
45,1674,-0.813
54,1674,-0.532
63,1674,-0.784
72,1674,-0.552
81,1674,-0.563
90,1674,-0.778
99,1674,-0.427
108,1674,-0.595
117,1674,-0.605
126,1674,-0.469
135,1674,-0.626
144,1674,-0.495
153,1674,-0.391
162,1674,-0.52
171,1674,-0.532
180,1674,-0.544
189,1674,-0.442
198,1674,-0.277
207,1674,-0.369
216,1674,-0.478
225,1674,-0.393
234,1674,-0.405
243,1674,-0.333
252,1674,-0.213
261,1674,-0.283
270,1674,-0.293
279,1674,-0.303
288,1674,-0.197
297,1674,-0.16
306,1674,-0.168
315,1674,-0.175
324,1674,-0.231
333,1674,-0.297
342,1674,-0.306
351,1674,-0.316
360,1674,-0.394
369,1674,-0.483
378,1674,-0.414
387,1674,-0.504
396,1674,-0.363
405,1674,-0.444
414,1674,-0.454
423,1674,-0.464
432,1674,-0.475
441,1674,-0.345
450,1674,-0.295
459,1674,-0.363
468,1674,-0.372
477,1674,-0.449
486,1674,-0.459
495,1674,-0.469
504,1674,-0.558
513,1674,-0.568
522,1674,-0.666
531,1674,-0.774
540,1674,-0.786
549,1674,-0.798
558,1674,-0.81
567,1674,-0.633
576,1674,-0.735
585,1674,-0.747
594,1674,-0.666
603,1674,-0.677
612,1674,-0.603
621,1674,-0.7
630,1674,-0.806
639,1674,-0.818
648,1674,-0.831
657,1674,-0.843
666,1674,-0.669
675,1674,-0.681
684,1674,-0.783
693,1674,-0.795
702,1674,-0.716
711,1674,-0.82
720,1674,-0.933
729,1674,-0.947
738,1674,-0.96
747,1674,-0.871
756,1674,-0.788
765,1674,-0.801
774,1674,-0.911
783,1674,-1.03
792,1674,-0.938
801,1674,-0.852
810,1674,-0.772
819,1674,-0.697
828,1674,-0.708
837,1674,-0.81
846,1674,-0.92
855,1674,-1.038
864,1674,-0.948
873,1674,-0.77
882,1674,-0.783
891,1674,-0.89
900,1674,-0.905
909,1674,-1.021
918,1674,-1.037
927,1674,-1.052
936,1674,-1.18
945,1674,-1.197
954,1674,-1.215
963,1674,-1.008
972,1674,1.024
981,1674,1.04
990,1674,1.168
999,1674,1.304
1008,1674,1.323
1017,1674,1.221
1026,1674,1.362
1035,1674,1.258
1044,1674,1.276
1053,1674,1.177
1062,1674,0.976
1071,1674,1.099
1080,1674,0.907
1089,1674,0.737
1098,1674,0.516
1107,1674,0.527
1116,1674,0.408
1125,1674,0.417
1134,1674,0.426
1143,1674,0.377
1152,1674,0.386
1161,1674,0.289
1170,1674,0.251
1179,1674,0.257
1188,1674,0.185
1197,1674,0.157
1206,1674,0.195
1215,1674,0.24
1224,1674,0.291
1233,1674,0.299
1242,1674,0.306
1251,1674,0.222
1260,1674,0.272
1269,1674,0.33
1278,1674,0.395
1287,1674,0.469
1296,1674,0.48
1305,1674,0.492
1314,1674,0.435
1323,1674,0.382
1332,1674,0.281
1341,1674,0.342
1350,1674,0.411
1359,1674,0.49
1368,1674,0.369
1377,1674,0.378
1386,1674,0.454
1395,1674,0.54
1404,1674,0.478
1413,1674,0.568
1422,1674,0.582
1431,1674,0.686
1440,1674,0.703
1449,1674,0.627
1458,1674,0.557
1467,1674,0.571
1476,1674,0.587
1485,1674,0.602
1494,1674,0.714
1503,1674,0.466
1512,1674,0.404
1521,1674,0.416
1530,1674,0.507
1539,1674,0.522
1548,1674,0.629
1557,1674,0.647
1566,1674,0.482
1575,1674,0.497
1584,1674,0.512
1593,1674,0.624
1602,1674,0.753
1611,1674,0.777
1620,1674,0.582
1629,1674,0.601
1638,1674,0.734
1647,1674,0.539
1656,1674,0.666
1665,1674,0.691
1674,1674,0.716
1683,1674,0.878
1692,1674,0.773
1701,1674,0.804
1710,1674,0.701
1719,1674,0.603
1728,1674,0.511
1737,1674,0.425
1746,1674,0.444
1755,1674,0.584
1764,1674,0.758
1773,1674,0.97
1782,1674,0.842
1791,1674,0.891
1800,1674,0.601
1809,1674,0.811
1818,1674,0.867
1827,1674,0.932
1836,1674,0.786
1845,1674,1.098
1854,1674,1.207
1863,1674,1.039
1872,1674,1.171
1881,1674,0.994
1890,1674,0.808
1899,1674,0.609
1908,1674,0.806
1917,1674,1.789
9,1683,-0.158
18,1683,-0.211
27,1683,-0.243
36,1683,-0.473
45,1683,-0.754
54,1683,-0.481
63,1683,-0.714
72,1683,-0.492
81,1683,-0.498
90,1683,-0.694
99,1683,-0.367
108,1683,-0.517
117,1683,-0.523
126,1683,-0.397
135,1683,-0.536
144,1683,-0.415
153,1683,-0.32
162,1683,-0.432
171,1683,-0.44
180,1683,-0.448
189,1683,-0.356
198,1683,-0.213
207,1683,-0.29
216,1683,-0.381
225,1683,-0.307
234,1683,-0.315
243,1683,-0.253
252,1683,-0.154
261,1683,-0.209
270,1683,-0.216
279,1683,-0.223
288,1683,-0.137
297,1683,-0.108
306,1683,-0.113
315,1683,-0.118
324,1683,-0.159
333,1683,-0.21
342,1683,-0.216
351,1683,-0.222
360,1683,-0.283
369,1683,-0.353
378,1683,-0.296
387,1683,-0.367
396,1683,-0.252
405,1683,-0.315
414,1683,-0.322
423,1683,-0.328
432,1683,-0.334
441,1683,-0.231
450,1683,-0.193
459,1683,-0.243
468,1683,-0.248
477,1683,-0.307
486,1683,-0.313
495,1683,-0.38
504,1683,-0.455
513,1683,-0.462
522,1683,-0.547
531,1683,-0.64
540,1683,-0.648
549,1683,-0.655
558,1683,-0.663
567,1683,-0.504
576,1683,-0.59
585,1683,-0.598
594,1683,-0.525
603,1683,-0.532
612,1683,-0.466
621,1683,-0.546
630,1683,-0.635
639,1683,-0.643
648,1683,-0.651
657,1683,-0.658
666,1683,-0.507
675,1683,-0.514
684,1683,-0.598
693,1683,-0.606
702,1683,-0.536
711,1683,-0.621
720,1683,-0.714
729,1683,-0.816
738,1683,-0.825
747,1683,-0.739
756,1683,-0.66
765,1683,-0.668
774,1683,-0.765
783,1683,-0.87
792,1683,-0.783
801,1683,-0.702
810,1683,-0.627
819,1683,-0.557
828,1683,-0.565
837,1683,-0.651
846,1683,-0.745
855,1683,-0.847
864,1683,-0.763
873,1683,-0.604
882,1683,-0.612
891,1683,-0.702
900,1683,-0.711
909,1683,-0.809
918,1683,-0.819
927,1683,-0.829
936,1683,-0.937
945,1683,-1.054
954,1683,-1.066
963,1683,-0.869
972,1683,0.88
981,1683,0.89
990,1683,1.004
999,1683,1.126
1008,1683,1.139
1017,1683,1.039
1026,1683,1.164
1035,1683,1.064
1044,1683,1.076
1053,1683,0.981
1062,1683,0.795
1071,1683,0.902
1080,1683,0.726
1089,1683,0.652
1098,1683,0.443
1107,1683,0.451
1116,1683,0.34
1125,1683,0.346
1134,1683,0.352
1143,1683,0.306
1152,1683,0.311
1161,1683,0.225
1170,1683,0.191
1179,1683,0.195
1188,1683,0.164
1197,1683,0.137
1206,1683,0.171
1215,1683,0.21
1224,1683,0.257
1233,1683,0.261
1242,1683,0.266
1251,1683,0.227
1260,1683,0.276
1269,1683,0.333
1278,1683,0.397
1287,1683,0.47
1296,1683,0.478
1305,1683,0.487
1314,1683,0.427
1323,1683,0.434
1332,1683,0.32
1341,1683,0.385
1350,1683,0.458
1359,1683,0.541
1368,1683,0.407
1377,1683,0.415
1386,1683,0.493
1395,1683,0.582
1404,1683,0.512
1413,1683,0.604
1422,1683,0.616
1431,1683,0.721
1440,1683,0.735
1449,1683,0.653
1458,1683,0.575
1467,1683,0.587
1476,1683,0.599
1485,1683,0.612
1494,1683,0.722
1503,1683,0.547
1512,1683,0.475
1521,1683,0.485
1530,1683,0.584
1539,1683,0.597
1548,1683,0.711
1557,1683,0.728
1566,1683,0.543
1575,1683,0.556
1584,1683,0.569
1593,1683,0.687
1602,1683,0.821
1611,1683,0.842
1620,1683,0.629
1629,1683,0.646
1638,1683,0.782
1647,1683,0.572
1656,1683,0.701
1665,1683,0.722
1674,1683,0.744
1683,1683,0.905
1692,1683,0.791
1701,1683,0.818
1710,1683,0.706
1719,1683,0.601
1728,1683,0.503
1737,1683,0.412
1746,1683,0.426
1755,1683,0.56
1764,1683,0.725
1773,1683,0.926
1782,1683,0.791
1791,1683,0.83
1800,1683,0.541
1809,1683,0.733
1818,1683,0.775
1827,1683,0.824
1836,1683,0.673
1845,1683,0.948
1854,1683,1.029
1863,1683,0.851
1872,1683,0.943
1881,1683,0.751
1890,1683,0.552
1899,1683,0.648
1908,1683,0.842
1917,1683,1.822
9,1692,-0.148
18,1692,-0.194
27,1692,-0.221
36,1692,-0.434
45,1692,-0.696
54,1692,-0.432
63,1692,-0.648
72,1692,-0.435
81,1692,-0.437
90,1692,-0.615
99,1692,-0.442
108,1692,-0.605
117,1692,-0.601
126,1692,-0.451
135,1692,-0.597
144,1692,-0.457
153,1692,-0.348
162,1692,-0.463
171,1692,-0.466
180,1692,-0.469
189,1692,-0.472
198,1692,-0.373
207,1692,-0.479
216,1692,-0.6
225,1692,-0.485
234,1692,-0.488
243,1692,-0.395
252,1692,-0.248
261,1692,-0.322
270,1692,-0.326
279,1692,-0.331
288,1692,-0.209
297,1692,-0.166
306,1692,-0.17
315,1692,-0.174
324,1692,-0.227
333,1692,-0.289
342,1692,-0.293
351,1692,-0.297
360,1692,-0.369
369,1692,-0.45
378,1692,-0.377
387,1692,-0.458
396,1692,-0.318
405,1692,-0.389
414,1692,-0.393
423,1692,-0.397
432,1692,-0.401
441,1692,-0.278
450,1692,-0.231
459,1692,-0.286
468,1692,-0.289
477,1692,-0.353
486,1692,-0.356
495,1692,-0.428
504,1692,-0.507
513,1692,-0.511
522,1692,-0.599
531,1692,-0.696
540,1692,-0.7
549,1692,-0.703
558,1692,-0.707
567,1692,-0.535
576,1692,-0.622
585,1692,-0.626
594,1692,-0.63
603,1692,-0.634
612,1692,-0.554
621,1692,-0.642
630,1692,-0.738
639,1692,-0.743
648,1692,-0.747
657,1692,-0.751
666,1692,-0.579
675,1692,-0.583
684,1692,-0.672
693,1692,-0.676
702,1692,-0.596
711,1692,-0.685
720,1692,-0.782
729,1692,-0.887
738,1692,-0.892
747,1692,-0.796
756,1692,-0.708
765,1692,-0.713
774,1692,-0.811
783,1692,-0.917
792,1692,-0.821
801,1692,-0.732
810,1692,-0.65
819,1692,-0.575
828,1692,-0.579
837,1692,-0.665
846,1692,-0.758
855,1692,-0.858
864,1692,-0.768
873,1692,-0.603
882,1692,-0.608
891,1692,-0.695
900,1692,-0.7
909,1692,-0.796
918,1692,-0.899
927,1692,-0.906
936,1692,-1.018
945,1692,-1.138
954,1692,-1.145
963,1692,-1.038
972,1692,1.045
981,1692,1.053
990,1692,1.175
999,1692,1.307
1008,1692,1.315
1017,1692,1.2
1026,1692,1.333
1035,1692,1.217
1044,1692,1.225
1053,1692,1.115
1062,1692,0.906
1071,1692,1.019
1080,1692,0.822
1089,1692,0.736
1098,1692,0.503
1107,1692,0.508
1116,1692,0.384
1125,1692,0.388
1134,1692,0.392
1143,1692,0.339
1152,1692,0.343
1161,1692,0.248
1170,1692,0.25
1179,1692,0.253
1188,1692,0.214
1197,1692,0.179
1206,1692,0.219
1215,1692,0.265
1224,1692,0.318
1233,1692,0.321
1242,1692,0.325
1251,1692,0.329
1260,1692,0.391
1269,1692,0.46
1278,1692,0.539
1287,1692,0.625
1296,1692,0.632
1305,1692,0.639
1314,1692,0.563
1323,1692,0.57
1332,1692,0.428
1341,1692,0.505
1350,1692,0.59
1359,1692,0.686
1368,1692,0.523
1377,1692,0.53
1386,1692,0.62
1395,1692,0.721
1404,1692,0.636
1413,1692,0.74
1422,1692,0.749
1431,1692,0.866
1440,1692,0.878
1449,1692,0.781
1458,1692,0.689
1467,1692,0.699
1476,1692,0.709
1485,1692,0.719
1494,1692,0.839
1503,1692,0.64
1512,1692,0.556
1521,1692,0.564
1530,1692,0.67
1539,1692,0.681
1548,1692,0.803
1557,1692,0.817
1566,1692,0.611
1575,1692,0.621
1584,1692,0.632
1593,1692,0.755
1602,1692,0.894
1611,1692,0.912
1620,1692,0.681
1629,1692,0.694
1638,1692,0.833
1647,1692,0.607
1656,1692,0.739
1665,1692,0.755
1674,1692,0.773
1683,1692,0.935
1692,1692,0.811
1701,1692,0.984
1710,1692,0.854
1719,1692,0.731
1728,1692,0.616
1737,1692,0.508
1746,1692,0.521
1755,1692,0.671
1764,1692,0.852
1773,1692,1.07
1782,1692,0.917
1791,1692,0.955
1800,1692,0.631
1809,1692,0.839
1818,1692,0.88
1827,1692,0.928
1836,1692,0.76
1845,1692,1.05
1854,1692,1.131
1863,1692,0.933
1872,1692,1.024
1881,1692,0.813
1890,1692,0.596
1899,1692,0.689
1908,1692,0.88
1917,1692,1.856
9,1701,-0.138
18,1701,-0.178
27,1701,-0.2
36,1701,-0.396
45,1701,-0.639
54,1701,-0.386
63,1701,-0.583
72,1701,-0.381
81,1701,-0.38
90,1701,-0.541
99,1701,-0.379
108,1701,-0.524
117,1701,-0.517
126,1701,-0.378
135,1701,-0.507
144,1701,-0.378
153,1701,-0.281
162,1701,-0.379
171,1701,-0.379
180,1701,-0.38
189,1701,-0.38
198,1701,-0.292
207,1701,-0.381
216,1701,-0.484
225,1701,-0.382
234,1701,-0.383
243,1701,-0.302
252,1701,-0.18
261,1701,-0.238
270,1701,-0.24
279,1701,-0.242
288,1701,-0.145
297,1701,-0.111
306,1701,-0.113
315,1701,-0.115
324,1701,-0.154
333,1701,-0.201
342,1701,-0.203
351,1701,-0.205
360,1701,-0.26
369,1701,-0.323
378,1701,-0.263
387,1701,-0.326
396,1701,-0.214
405,1701,-0.268
414,1701,-0.269
423,1701,-0.271
432,1701,-0.272
441,1701,-0.179
450,1701,-0.143
459,1701,-0.182
468,1701,-0.183
477,1701,-0.229
486,1701,-0.23
495,1701,-0.283
504,1701,-0.342
513,1701,-0.343
522,1701,-0.41
531,1701,-0.485
540,1701,-0.485
549,1701,-0.486
558,1701,-0.487
567,1701,-0.415
576,1701,-0.488
585,1701,-0.489
594,1701,-0.49
603,1701,-0.491
612,1701,-0.42
621,1701,-0.492
630,1701,-0.572
639,1701,-0.573
648,1701,-0.573
657,1701,-0.574
666,1701,-0.427
675,1701,-0.428
684,1701,-0.499
693,1701,-0.5
702,1701,-0.431
711,1701,-0.502
720,1701,-0.58
729,1701,-0.666
738,1701,-0.758
747,1701,-0.668
756,1701,-0.669
765,1701,-0.67
774,1701,-0.762
783,1701,-0.861
792,1701,-0.764
801,1701,-0.674
810,1701,-0.592
819,1701,-0.517
828,1701,-0.518
837,1701,-0.596
846,1701,-0.681
855,1701,-0.773
864,1701,-0.684
873,1701,-0.525
882,1701,-0.527
891,1701,-0.605
900,1701,-0.607
909,1701,-0.692
918,1701,-0.784
927,1701,-0.786
936,1701,-0.887
945,1701,-0.994
954,1701,-0.997
963,1701,-0.893
972,1701,0.895
981,1701,0.898
990,1701,1.007
999,1701,1.124
1008,1701,1.127
1017,1701,1.015
1026,1701,1.133
1035,1701,1.021
1044,1701,1.024
1053,1701,0.92
1062,1701,0.923
1071,1701,1.035
1080,1701,0.828
1089,1701,0.831
1098,1701,0.571
1107,1701,0.573
1116,1701,0.433
1125,1701,0.435
1134,1701,0.437
1143,1701,0.376
1152,1701,0.378
1161,1701,0.272
1170,1701,0.273
1179,1701,0.274
1188,1701,0.23
1197,1701,0.231
1206,1701,0.278
1215,1701,0.331
1224,1701,0.391
1233,1701,0.393
1242,1701,0.394
1251,1701,0.396
1260,1701,0.465
1269,1701,0.541
1278,1701,0.626
1287,1701,0.719
1296,1701,0.723
1305,1701,0.728
1314,1701,0.64
1323,1701,0.644
1332,1701,0.484
1341,1701,0.566
1350,1701,0.656
1359,1701,0.755
1368,1701,0.576
1377,1701,0.579
1386,1701,0.673
1395,1701,0.777
1404,1701,0.682
1413,1701,0.788
1422,1701,0.794
1431,1701,0.912
1440,1701,0.92
1449,1701,0.814
1458,1701,0.714
1467,1701,0.72
1476,1701,0.726
1485,1701,0.733
1494,1701,0.851
1503,1701,0.643
1512,1701,0.553
1521,1701,0.558
1530,1701,0.66
1539,1701,0.667
1548,1701,0.784
1557,1701,0.792
1566,1701,0.583
1575,1701,0.589
1584,1701,0.595
1593,1701,0.71
1602,1701,0.841
1611,1701,0.852
1620,1701,0.622
1629,1701,0.629
1638,1701,0.757
1647,1701,0.536
1656,1701,0.654
1665,1701,0.663
1674,1701,0.673
1683,1701,0.818
1692,1701,0.694
1701,1701,0.848
1710,1701,0.719
1719,1701,0.599
1728,1701,0.488
1737,1701,0.387
1746,1701,0.392
1755,1701,0.512
1764,1701,0.66
1773,1701,0.84
1782,1701,0.693
1791,1701,0.712
1800,1701,0.428
1809,1701,0.584
1818,1701,0.785
1827,1701,0.818
1836,1701,0.646
1845,1701,0.9
1854,1701,0.955
1863,1701,0.751
1872,1701,0.806
1881,1701,0.589
1890,1701,0.644
1899,1701,0.734
1908,1701,0.92
1917,1701,1.891
9,1710,-0.128
18,1710,-0.162
27,1710,-0.179
36,1710,-0.36
45,1710,-0.585
54,1710,-0.342
63,1710,-0.522
72,1710,-0.331
81,1710,-0.327
90,1710,-0.471
99,1710,-0.32
108,1710,-0.449
117,1710,-0.44
126,1710,-0.432
135,1710,-0.568
144,1710,-0.418
153,1710,-0.306
162,1710,-0.407
171,1710,-0.402
180,1710,-0.398
189,1710,-0.393
198,1710,-0.298
207,1710,-0.386
216,1710,-0.487
225,1710,-0.379
234,1710,-0.376
243,1710,-0.291
252,1710,-0.223
261,1710,-0.289
270,1710,-0.288
279,1710,-0.286
288,1710,-0.171
297,1710,-0.13
306,1710,-0.13
315,1710,-0.131
324,1710,-0.172
333,1710,-0.222
342,1710,-0.221
351,1710,-0.221
360,1710,-0.277
369,1710,-0.342
378,1710,-0.276
387,1710,-0.339
396,1710,-0.22
405,1710,-0.273
414,1710,-0.272
423,1710,-0.271
432,1710,-0.27
441,1710,-0.174
450,1710,-0.137
459,1710,-0.174
468,1710,-0.174
477,1710,-0.216
486,1710,-0.216
495,1710,-0.265
504,1710,-0.32
513,1710,-0.319
522,1710,-0.381
531,1710,-0.451
540,1710,-0.448
549,1710,-0.446
558,1710,-0.444
567,1710,-0.373
576,1710,-0.44
585,1710,-0.438
594,1710,-0.436
603,1710,-0.434
612,1710,-0.366
621,1710,-0.43
630,1710,-0.501
639,1710,-0.499
648,1710,-0.497
657,1710,-0.494
666,1710,-0.357
675,1710,-0.356
684,1710,-0.418
693,1710,-0.416
702,1710,-0.352
711,1710,-0.413
720,1710,-0.48
729,1710,-0.554
738,1710,-0.635
747,1710,-0.632
756,1710,-0.629
765,1710,-0.627
774,1710,-0.713
783,1710,-0.807
792,1710,-0.708
801,1710,-0.618
810,1710,-0.536
819,1710,-0.461
828,1710,-0.46
837,1710,-0.53
846,1710,-0.607
855,1710,-0.691
864,1710,-0.688
873,1710,-0.601
882,1710,-0.599
891,1710,-0.682
900,1710,-0.68
909,1710,-0.769
918,1710,-0.866
927,1710,-0.863
936,1710,-0.967
945,1710,-1.078
954,1710,-1.075
963,1710,-0.96
972,1710,0.958
981,1710,0.956
990,1710,1.066
999,1710,1.184
1008,1710,1.182
1017,1710,1.18
1026,1710,1.306
1035,1710,1.176
1044,1710,1.175
1053,1710,1.054
1062,1710,1.052
1071,1710,1.171
1080,1710,0.938
1089,1710,0.937
1098,1710,0.647
1107,1710,0.646
1116,1710,0.489
1125,1710,0.488
1134,1710,0.487
1143,1710,0.418
1152,1710,0.417
1161,1710,0.3
1170,1710,0.299
1179,1710,0.298
1188,1710,0.248
1197,1710,0.247
1206,1710,0.295
1215,1710,0.349
1224,1710,0.409
1233,1710,0.409
1242,1710,0.408
1251,1710,0.407
1260,1710,0.475
1269,1710,0.55
1278,1710,0.634
1287,1710,0.726
1296,1710,0.726
1305,1710,0.726
1314,1710,0.633
1323,1710,0.633
1332,1710,0.47
1341,1710,0.547
1350,1710,0.634
1359,1710,0.729
1368,1710,0.634
1377,1710,0.634
1386,1710,0.731
1395,1710,0.838
1404,1710,0.733
1413,1710,0.841
1422,1710,0.843
1431,1710,0.963
1440,1710,0.966
1449,1710,0.85
1458,1710,0.741
1467,1710,0.743
1476,1710,0.745
1485,1710,0.747
1494,1710,0.864
1503,1710,0.646
1512,1710,0.55
1521,1710,0.551
1530,1710,0.65
1539,1710,0.652
1548,1710,0.765
1557,1710,0.768
1566,1710,0.556
1575,1710,0.557
1584,1710,0.558
1593,1710,0.666
1602,1710,0.788
1611,1710,0.793
1620,1710,0.564
1629,1710,0.566
1638,1710,0.682
1647,1710,0.468
1656,1710,0.573
1665,1710,0.576
1674,1710,0.579
1683,1710,0.706
1692,1710,0.585
1701,1710,0.719
1710,1710,0.726
1719,1710,0.597
1728,1710,0.602
1737,1710,0.482
1746,1710,0.485
1755,1710,0.62
1764,1710,0.784
1773,1710,0.981
1782,1710,0.812
1791,1710,0.829
1800,1710,0.508
1809,1710,0.679
1818,1710,0.896
1827,1710,0.925
1836,1710,0.733
1845,1710,1.003
1854,1710,1.055
1863,1710,0.83
1872,1710,0.882
1881,1710,0.644
1890,1710,0.695
1899,1710,0.781
1908,1710,0.963
1917,1710,1.928
9,1719,-0.119
18,1719,-0.147
27,1719,-0.16
36,1719,-0.325
45,1719,-0.532
54,1719,-0.301
63,1719,-0.464
72,1719,-0.285
81,1719,-0.278
90,1719,-0.406
99,1719,-0.267
108,1719,-0.379
117,1719,-0.368
126,1719,-0.359
135,1719,-0.478
144,1719,-0.342
153,1719,-0.242
162,1719,-0.327
171,1719,-0.321
180,1719,-0.315
189,1719,-0.309
198,1719,-0.227
207,1719,-0.298
216,1719,-0.382
225,1719,-0.289
234,1719,-0.285
243,1719,-0.213
252,1719,-0.158
261,1719,-0.209
270,1719,-0.206
279,1719,-0.204
288,1719,-0.114
297,1719,-0.083
306,1719,-0.082
315,1719,-0.082
324,1719,-0.111
333,1719,-0.147
342,1719,-0.146
351,1719,-0.144
360,1719,-0.185
369,1719,-0.234
378,1719,-0.182
387,1719,-0.228
396,1719,-0.138
405,1719,-0.176
414,1719,-0.174
423,1719,-0.173
432,1719,-0.171
441,1719,-0.102
450,1719,-0.077
459,1719,-0.1
468,1719,-0.099
477,1719,-0.127
486,1719,-0.126
495,1719,-0.159
504,1719,-0.197
513,1719,-0.195
522,1719,-0.239
531,1719,-0.289
540,1719,-0.285
549,1719,-0.282
558,1719,-0.279
567,1719,-0.226
576,1719,-0.273
585,1719,-0.27
594,1719,-0.267
603,1719,-0.264
612,1719,-0.214
621,1719,-0.258
630,1719,-0.307
639,1719,-0.363
648,1719,-0.359
657,1719,-0.355
666,1719,-0.244
675,1719,-0.241
684,1719,-0.288
693,1719,-0.285
702,1719,-0.233
711,1719,-0.278
720,1719,-0.329
729,1719,-0.385
738,1719,-0.447
747,1719,-0.443
756,1719,-0.438
765,1719,-0.434
774,1719,-0.5
783,1719,-0.573
792,1719,-0.653
801,1719,-0.562
810,1719,-0.481
819,1719,-0.408
828,1719,-0.404
837,1719,-0.467
846,1719,-0.536
855,1719,-0.612
864,1719,-0.606
873,1719,-0.521
882,1719,-0.517
891,1719,-0.59
900,1719,-0.67
909,1719,-0.756
918,1719,-0.849
927,1719,-0.842
936,1719,-0.942
945,1719,-1.048
954,1719,-1.041
963,1719,-0.921
972,1719,0.914
981,1719,0.908
990,1719,1.012
999,1719,1.124
1008,1719,1.116
1017,1719,1.109
1026,1719,1.227
1035,1719,1.095
1044,1719,1.089
1053,1719,0.966
1062,1719,0.96
1071,1719,1.069
1080,1719,0.842
1089,1719,0.836
1098,1719,0.56
1107,1719,0.638
1116,1719,0.476
1125,1719,0.472
1134,1719,0.468
1143,1719,0.397
1152,1719,0.393
1161,1719,0.277
1170,1719,0.274
1179,1719,0.271
1188,1719,0.221
1197,1719,0.219
1206,1719,0.261
1215,1719,0.31
1224,1719,0.364
1233,1719,0.361
1242,1719,0.357
1251,1719,0.354
1260,1719,0.414
1269,1719,0.482
1278,1719,0.556
1287,1719,0.639
1296,1719,0.635
1305,1719,0.631
1314,1719,0.541
1323,1719,0.537
1332,1719,0.385
1341,1719,0.451
1350,1719,0.525
1359,1719,0.608
1368,1719,0.518
1377,1719,0.6
1386,1719,0.691
1395,1719,0.791
1404,1719,0.788
1413,1719,0.899
1422,1719,0.896
1431,1719,1.017
1440,1719,1.015
1449,1719,0.888
1458,1719,0.77
1467,1719,0.767
1476,1719,0.765
1485,1719,0.762
1494,1719,0.877
1503,1719,0.757
1512,1719,0.646
1521,1719,0.643
1530,1719,0.75
1539,1719,0.748
1548,1719,0.868
1557,1719,0.867
1566,1719,0.629
1575,1719,0.627
1584,1719,0.624
1593,1719,0.737
1602,1719,0.865
1611,1719,0.865
1620,1719,0.734
1629,1719,0.733
1638,1719,0.867
1647,1719,0.608
1656,1719,0.731
1665,1719,0.731
1674,1719,0.731
1683,1719,0.875
1692,1719,0.731
1701,1719,0.882
1710,1719,0.886
1719,1719,0.735
1728,1719,0.737
1737,1719,0.595
1746,1719,0.594
1755,1719,0.745
1764,1719,0.926
1773,1719,1.14
1782,1719,0.948
1791,1719,0.962
1800,1719,0.6
1809,1719,0.786
1818,1719,1.019
1827,1719,1.045
1836,1719,0.83
1845,1719,1.116
1854,1719,1.164
1863,1719,0.916
1872,1719,0.965
1881,1719,0.704
1890,1719,0.751
1899,1719,0.831
1908,1719,1.008
1917,1719,1.966
9,1728,-0.411
18,1728,-0.345
27,1728,-0.313
36,1728,-0.54
45,1728,-0.801
54,1728,-0.441
63,1728,-0.635
72,1728,-0.384
81,1728,-0.363
90,1728,-0.507
99,1728,-0.33
108,1728,-0.453
117,1728,-0.432
126,1728,-0.412
135,1728,-0.538
144,1728,-0.38
153,1728,-0.265
162,1728,-0.353
171,1728,-0.341
180,1728,-0.33
189,1728,-0.319
198,1728,-0.23
207,1728,-0.301
216,1728,-0.383
225,1728,-0.284
234,1728,-0.277
243,1728,-0.203
252,1728,-0.147
261,1728,-0.194
270,1728,-0.19
279,1728,-0.185
288,1728,-0.099
297,1728,-0.07
306,1728,-0.069
315,1728,-0.068
324,1728,-0.093
333,1728,-0.123
342,1728,-0.121
351,1728,-0.118
360,1728,-0.153
369,1728,-0.194
378,1728,-0.19
387,1728,-0.237
396,1728,-0.141
405,1728,-0.178
414,1728,-0.175
423,1728,-0.171
432,1728,-0.168
441,1728,-0.097
450,1728,-0.072
459,1728,-0.094
468,1728,-0.092
477,1728,-0.118
486,1728,-0.115
495,1728,-0.145
504,1728,-0.18
513,1728,-0.176
522,1728,-0.216
531,1728,-0.261
540,1728,-0.256
549,1728,-0.251
558,1728,-0.246
567,1728,-0.195
576,1728,-0.236
585,1728,-0.232
594,1728,-0.227
603,1728,-0.272
612,1728,-0.218
621,1728,-0.261
630,1728,-0.31
639,1728,-0.364
648,1728,-0.358
657,1728,-0.351
666,1728,-0.237
675,1728,-0.232
684,1728,-0.276
693,1728,-0.271
702,1728,-0.219
711,1728,-0.261
720,1728,-0.308
729,1728,-0.361
738,1728,-0.419
747,1728,-0.411
756,1728,-0.404
765,1728,-0.397
774,1728,-0.458
783,1728,-0.526
792,1728,-0.599
801,1728,-0.589
810,1728,-0.5
819,1728,-0.421
828,1728,-0.414
837,1728,-0.476
846,1728,-0.545
855,1728,-0.619
864,1728,-0.609
873,1728,-0.6
882,1728,-0.591
891,1728,-0.669
900,1728,-0.753
909,1728,-0.843
918,1728,-0.94
927,1728,-0.928
936,1728,-1.031
945,1728,-1.141
954,1728,-1.127
963,1728,-0.994
972,1728,0.982
981,1728,0.97
990,1728,1.076
999,1728,1.188
1008,1728,1.175
1017,1728,1.162
1026,1728,1.281
1035,1728,1.267
1044,1728,1.254
1053,1728,1.113
1062,1728,1.101
1071,1728,1.216
1080,1728,0.959
1089,1728,0.949
1098,1728,0.638
1107,1728,0.721
1116,1728,0.538
1125,1728,0.531
1134,1728,0.523
1143,1728,0.442
1152,1728,0.435
1161,1728,0.306
1170,1728,0.3
1179,1728,0.294
1188,1728,0.239
1197,1728,0.234
1206,1728,0.278
1215,1728,0.327
1224,1728,0.382
1233,1728,0.376
1242,1728,0.37
1251,1728,0.363
1260,1728,0.423
1269,1728,0.49
1278,1728,0.563
1287,1728,0.644
1296,1728,0.636
1305,1728,0.628
1314,1728,0.533
1323,1728,0.526
1332,1728,0.37
1341,1728,0.433
1350,1728,0.504
1359,1728,0.581
1368,1728,0.489
1377,1728,0.566
1386,1728,0.652
1395,1728,0.746
1404,1728,0.738
1413,1728,0.841
1422,1728,0.833
1431,1728,0.945
1440,1728,0.937
1449,1728,0.809
1458,1728,0.691
1467,1728,0.683
1476,1728,0.675
1485,1728,0.668
1494,1728,0.771
1503,1728,0.653
1512,1728,0.545
1521,1728,0.537
1530,1728,0.63
1539,1728,0.623
1548,1728,0.727
1557,1728,0.72
1566,1728,0.5
1575,1728,0.493
1584,1728,0.485
1593,1728,0.578
1602,1728,0.684
1611,1728,0.677
1620,1728,0.556
1629,1728,0.549
1638,1728,0.656
1647,1728,0.431
1656,1728,0.526
1665,1728,0.519
1674,1728,0.629
1683,1728,0.757
1692,1728,0.616
1701,1728,0.747
1710,1728,0.742
1719,1728,0.595
1728,1728,0.589
1737,1728,0.456
1746,1728,0.447
1755,1728,0.569
1764,1728,0.716
1773,1728,0.892
1782,1728,0.709
1791,1728,0.707
1800,1728,0.393
1809,1728,0.529
1818,1728,0.703
1827,1728,0.704
1836,1728,0.511
1845,1728,0.711
1854,1728,0.718
1863,1728,0.728
1872,1728,0.744
1881,1728,0.487
1890,1728,0.488
1899,1728,0.495
1908,1728,0.522
1917,1728,0.723
9,1737,-0.39
18,1737,-0.32
27,1737,-0.284
36,1737,-0.494
45,1737,-0.735
54,1737,-0.39
63,1737,-0.567
72,1737,-0.331
81,1737,-0.309
90,1737,-0.436
99,1737,-0.274
108,1737,-0.381
117,1737,-0.359
126,1737,-0.339
135,1737,-0.447
144,1737,-0.305
153,1737,-0.205
162,1737,-0.278
171,1737,-0.265
180,1737,-0.254
189,1737,-0.244
198,1737,-0.169
207,1737,-0.225
216,1737,-0.291
225,1737,-0.208
234,1737,-0.2
243,1737,-0.141
252,1737,-0.097
261,1737,-0.132
270,1737,-0.127
279,1737,-0.123
288,1737,-0.06
297,1737,-0.04
306,1737,-0.039
315,1737,-0.038
324,1737,-0.054
333,1737,-0.074
342,1737,-0.071
351,1737,-0.069
360,1737,-0.092
369,1737,-0.12
378,1737,-0.116
387,1737,-0.149
396,1737,-0.081
405,1737,-0.106
414,1737,-0.102
423,1737,-0.099
432,1737,-0.096
441,1737,-0.05
450,1737,-0.035
459,1737,-0.047
468,1737,-0.046
477,1737,-0.061
486,1737,-0.059
495,1737,-0.076
504,1737,-0.098
513,1737,-0.095
522,1737,-0.12
531,1737,-0.149
540,1737,-0.144
549,1737,-0.14
558,1737,-0.172
567,1737,-0.166
576,1737,-0.202
585,1737,-0.196
594,1737,-0.236
603,1737,-0.281
612,1737,-0.222
621,1737,-0.265
630,1737,-0.313
639,1737,-0.366
648,1737,-0.356
657,1737,-0.347
666,1737,-0.23
675,1737,-0.223
684,1737,-0.265
693,1737,-0.312
702,1737,-0.251
711,1737,-0.295
720,1737,-0.345
729,1737,-0.4
738,1737,-0.46
747,1737,-0.526
756,1737,-0.514
765,1737,-0.502
774,1737,-0.571
783,1737,-0.646
792,1737,-0.727
801,1737,-0.814
810,1737,-0.697
819,1737,-0.592
828,1737,-0.579
837,1737,-0.654
846,1737,-0.735
855,1737,-0.822
864,1737,-0.806
873,1737,-0.79
882,1737,-0.774
891,1737,-0.864
900,1737,-0.959
909,1737,-1.061
918,1737,-1.17
927,1737,-1.15
936,1737,-1.264
945,1737,-1.384
954,1737,-1.362
963,1737,-1.203
972,1737,1.183
981,1737,1.164
990,1737,1.279
999,1737,1.401
1008,1737,1.38
1017,1737,1.359
1026,1737,1.485
1035,1737,1.464
1044,1737,1.443
1053,1737,1.28
1062,1737,1.261
1071,1737,1.382
1080,1737,1.093
1089,1737,1.076
1098,1737,0.728
1107,1737,0.815
1116,1737,0.609
1125,1737,0.597
1134,1737,0.585
1143,1737,0.493
1152,1737,0.482
1161,1737,0.401
1170,1737,0.392
1179,1737,0.382
1188,1737,0.312
1197,1737,0.304
1206,1737,0.355
1215,1737,0.411
1224,1737,0.474
1233,1737,0.463
1242,1737,0.453
1251,1737,0.443
1260,1737,0.509
1269,1737,0.582
1278,1737,0.662
1287,1737,0.75
1296,1737,0.844
1305,1737,0.831
1314,1737,0.711
1323,1737,0.698
1332,1737,0.503
1341,1737,0.578
1350,1737,0.661
1359,1737,0.751
1368,1737,0.636
1377,1737,0.725
1386,1737,0.823
1395,1737,0.929
1404,1737,0.915
1413,1737,1.03
1422,1737,1.016
1431,1737,1.14
1440,1737,1.126
1449,1737,0.975
1458,1737,0.835
1467,1737,0.822
1476,1737,0.809
1485,1737,0.796
1494,1737,0.908
1503,1737,0.771
1512,1737,0.645
1521,1737,0.632
1530,1737,0.733
1539,1737,0.72
1548,1737,0.831
1557,1737,0.819
1566,1737,0.572
1575,1737,0.559
1584,1737,0.658
1593,1737,0.769
1602,1737,0.893
1611,1737,0.881
1620,1737,0.732
1629,1737,0.719
1638,1737,0.845
1647,1737,0.571
1656,1737,0.682
1665,1737,0.67
1674,1737,0.797
1683,1737,0.942
1692,1737,0.774
1701,1737,0.922
1710,1737,0.912
1719,1737,0.739
1728,1737,0.727
1737,1737,0.569
1746,1737,0.556
1755,1737,0.693
1764,1737,0.856
1773,1737,1.048
1782,1737,0.839
1791,1737,0.832
1800,1737,0.474
1809,1737,0.624
1818,1737,0.813
1827,1737,0.809
1836,1737,0.59
1845,1737,0.805
1854,1737,0.806
1863,1737,0.811
1872,1737,0.821
1881,1737,0.539
1890,1737,0.533
1899,1737,0.532
1908,1737,0.552
1917,1737,0.743
9,1746,-0.37
18,1746,-0.295
27,1746,-0.546
36,1746,-0.825
45,1746,-1.123
54,1746,-0.573
63,1746,-0.783
72,1746,-0.449
81,1746,-0.406
90,1746,-0.55
99,1746,-0.34
108,1746,-0.459
117,1746,-0.423
126,1746,-0.548
135,1746,-0.687
144,1746,-0.472
153,1746,-0.319
162,1746,-0.412
171,1746,-0.387
180,1746,-0.364
189,1746,-0.343
198,1746,-0.238
207,1746,-0.306
216,1746,-0.384
225,1746,-0.274
234,1746,-0.26
243,1746,-0.183
252,1746,-0.126
261,1746,-0.166
270,1746,-0.158
279,1746,-0.15
288,1746,-0.104
297,1746,-0.07
306,1746,-0.067
315,1746,-0.064
324,1746,-0.086
333,1746,-0.113
342,1746,-0.108
351,1746,-0.103
360,1746,-0.133
369,1746,-0.168
378,1746,-0.161
387,1746,-0.2
396,1746,-0.111
405,1746,-0.14
414,1746,-0.134
423,1746,-0.128
432,1746,-0.123
441,1746,-0.088
450,1746,-0.062
459,1746,-0.08
468,1746,-0.077
477,1746,-0.098
486,1746,-0.094
495,1746,-0.118
504,1746,-0.147
513,1746,-0.141
522,1746,-0.172
531,1746,-0.209
540,1746,-0.201
549,1746,-0.193
558,1746,-0.231
567,1746,-0.223
576,1746,-0.265
585,1746,-0.255
594,1746,-0.301
603,1746,-0.352
612,1746,-0.279
621,1746,-0.328
630,1746,-0.381
639,1746,-0.44
648,1746,-0.425
657,1746,-0.411
666,1746,-0.273
675,1746,-0.263
684,1746,-0.308
693,1746,-0.358
702,1746,-0.287
711,1746,-0.334
720,1746,-0.387
729,1746,-0.444
738,1746,-0.507
747,1746,-0.575
756,1746,-0.558
765,1746,-0.541
774,1746,-0.612
783,1746,-0.688
792,1746,-0.77
801,1746,-0.857
810,1746,-0.729
819,1746,-0.614
828,1746,-0.597
837,1746,-0.671
846,1746,-0.751
855,1746,-0.837
864,1746,-0.816
873,1746,-0.795
882,1746,-0.774
891,1746,-0.861
900,1746,-0.954
909,1746,-1.053
918,1746,-1.158
927,1746,-1.132
936,1746,-1.241
945,1746,-1.357
954,1746,-1.329
963,1746,-1.163
972,1746,1.138
981,1746,1.113
990,1746,1.222
999,1746,1.337
1008,1746,1.31
1017,1746,1.284
1026,1746,1.402
1035,1746,1.375
1044,1746,1.348
1053,1746,1.182
1062,1746,1.158
1071,1746,1.27
1080,1746,0.985
1089,1746,0.964
1098,1746,0.725
1107,1746,0.81
1116,1746,0.597
1125,1746,0.581
1134,1746,0.566
1143,1746,0.47
1152,1746,0.457
1161,1746,0.374
1170,1746,0.362
1179,1746,0.35
1188,1746,0.281
1197,1746,0.271
1206,1746,0.316
1215,1746,0.367
1224,1746,0.423
1233,1746,0.41
1242,1746,0.397
1251,1746,0.384
1260,1746,0.443
1269,1746,0.508
1278,1746,0.579
1287,1746,0.657
1296,1746,0.741
1305,1746,0.723
1314,1746,0.607
1323,1746,0.591
1332,1746,0.488
1341,1746,0.559
1350,1746,0.638
1359,1746,0.724
1368,1746,0.605
1377,1746,0.689
1386,1746,0.78
1395,1746,0.88
1404,1746,0.861
1413,1746,0.968
1422,1746,0.949
1431,1746,1.064
1440,1746,1.044
1449,1746,0.891
1458,1746,0.75
1467,1746,0.732
1476,1746,0.714
1485,1746,0.697
1494,1746,0.797
1503,1746,0.662
1512,1746,0.54
1521,1746,0.524
1530,1746,0.61
1539,1746,0.593
1548,1746,0.688
1557,1746,0.794
1566,1746,0.542
1575,1746,0.526
1584,1746,0.618
1593,1746,0.721
1602,1746,0.836
1611,1746,0.965
1620,1746,0.799
1629,1746,0.781
1638,1746,0.909
1647,1746,0.612
1656,1746,0.725
1665,1746,0.707
1674,1746,0.835
1683,1746,0.98
1692,1746,0.798
1701,1746,0.944
1710,1746,0.926
1719,1746,0.742
1728,1746,0.723
1737,1746,0.556
1746,1746,0.537
1755,1746,0.667
1764,1746,0.82
1773,1746,1.003
1782,1746,0.785
1791,1746,0.768
1800,1746,0.414
1809,1746,0.547
1818,1746,0.715
1827,1746,0.697
1836,1746,0.481
1845,1746,0.662
1854,1746,0.645
1863,1746,0.628
1872,1746,0.611
1881,1746,0.345
1890,1746,0.307
1899,1746,0.259
1908,1746,0.584
1917,1746,0.764
9,1755,-0.35
18,1755,-0.27
27,1755,-0.503
36,1755,-0.764
45,1755,-1.042
54,1755,-0.512
63,1755,-0.703
72,1755,-0.387
81,1755,-0.345
90,1755,-0.472
99,1755,-0.28
108,1755,-0.383
117,1755,-0.348
126,1755,-0.455
135,1755,-0.577
144,1755,-0.382
153,1755,-0.248
162,1755,-0.325
171,1755,-0.301
180,1755,-0.279
189,1755,-0.356
198,1755,-0.242
207,1755,-0.309
216,1755,-0.385
225,1755,-0.269
234,1755,-0.252
243,1755,-0.172
252,1755,-0.115
261,1755,-0.152
270,1755,-0.142
279,1755,-0.133
288,1755,-0.089
297,1755,-0.058
306,1755,-0.079
315,1755,-0.074
324,1755,-0.098
333,1755,-0.126
342,1755,-0.119
351,1755,-0.112
360,1755,-0.142
369,1755,-0.178
378,1755,-0.168
387,1755,-0.208
396,1755,-0.112
405,1755,-0.142
414,1755,-0.134
423,1755,-0.126
432,1755,-0.119
441,1755,-0.083
450,1755,-0.057
459,1755,-0.074
468,1755,-0.069
477,1755,-0.089
486,1755,-0.084
495,1755,-0.105
504,1755,-0.131
513,1755,-0.124
522,1755,-0.152
531,1755,-0.184
540,1755,-0.175
549,1755,-0.166
558,1755,-0.2
567,1755,-0.19
576,1755,-0.227
585,1755,-0.216
594,1755,-0.255
603,1755,-0.3
612,1755,-0.232
621,1755,-0.273
630,1755,-0.319
639,1755,-0.37
648,1755,-0.354
657,1755,-0.408
666,1755,-0.324
675,1755,-0.31
684,1755,-0.359
693,1755,-0.412
702,1755,-0.329
711,1755,-0.379
720,1755,-0.434
729,1755,-0.494
738,1755,-0.56
747,1755,-0.63
756,1755,-0.607
765,1755,-0.585
774,1755,-0.657
783,1755,-0.734
792,1755,-0.817
801,1755,-0.905
810,1755,-0.876
819,1755,-0.739
828,1755,-0.714
837,1755,-0.795
846,1755,-0.881
855,1755,-0.973
864,1755,-0.943
873,1755,-0.915
882,1755,-0.887
891,1755,-0.978
900,1755,-1.076
909,1755,-1.179
918,1755,-1.288
927,1755,-1.253
936,1755,-1.366
945,1755,-1.485
954,1755,-1.448
963,1755,-1.262
972,1755,1.229
981,1755,1.197
990,1755,1.307
999,1755,1.423
1008,1755,1.388
1017,1755,1.353
1026,1755,1.472
1035,1755,1.437
1044,1755,1.402
1053,1755,1.368
1062,1755,1.335
1071,1755,1.453
1080,1755,1.13
1089,1755,1.101
1098,1755,0.83
1107,1755,0.92
1116,1755,0.679
1125,1755,0.657
1134,1755,0.636
1143,1755,0.527
1152,1755,0.508
1161,1755,0.414
1170,1755,0.398
1179,1755,0.383
1188,1755,0.305
1197,1755,0.291
1206,1755,0.338
1215,1755,0.389
1224,1755,0.446
1233,1755,0.429
1242,1755,0.412
1251,1755,0.396
1260,1755,0.454
1269,1755,0.518
1278,1755,0.588
1287,1755,0.664
1296,1755,0.747
1305,1755,0.724
1314,1755,0.601
1323,1755,0.58
1332,1755,0.473
1341,1755,0.54
1350,1755,0.615
1359,1755,0.696
1368,1755,0.574
1377,1755,0.652
1386,1755,0.738
1395,1755,0.831
1404,1755,0.807
1413,1755,0.907
1422,1755,0.882
1431,1755,0.989
1440,1755,0.963
1449,1755,0.808
1458,1755,0.668
1467,1755,0.645
1476,1755,0.623
1485,1755,0.602
1494,1755,0.69
1503,1755,0.667
1512,1755,0.644
1521,1755,0.622
1530,1755,0.716
1539,1755,0.692
1548,1755,0.794
1557,1755,0.907
1566,1755,0.623
1575,1755,0.6
1584,1755,0.697
1593,1755,0.806
1602,1755,0.926
1611,1755,1.06
1620,1755,0.874
1629,1755,0.849
1638,1755,0.98
1647,1755,0.657
1656,1755,0.772
1665,1755,0.747
1674,1755,0.876
1683,1755,1.021
1692,1755,0.824
1701,1755,0.969
1710,1755,0.943
1719,1755,0.745
1728,1755,0.719
1737,1755,0.543
1746,1755,0.517
1755,1755,0.64
1764,1755,0.785
1773,1755,0.957
1782,1755,0.932
1791,1755,0.907
1800,1755,0.502
1809,1755,0.649
1818,1755,0.832
1827,1755,0.807
1836,1755,0.561
1845,1755,0.756
1854,1755,0.731
1863,1755,0.706
1872,1755,0.682
1881,1755,0.386
1890,1755,0.34
1899,1755,0.284
1908,1755,0.618
1917,1755,0.786
9,1764,-0.33
18,1764,-0.247
27,1764,-0.462
36,1764,-0.703
45,1764,-0.962
54,1764,-0.76
63,1764,-0.986
72,1764,-0.531
81,1764,-0.457
90,1764,-0.602
99,1764,-0.353
108,1764,-0.466
117,1764,-0.415
126,1764,-0.53
135,1764,-0.658
144,1764,-0.429
153,1764,-0.274
162,1764,-0.353
171,1764,-0.321
180,1764,-0.294
189,1764,-0.37
198,1764,-0.246
207,1764,-0.311
216,1764,-0.386
225,1764,-0.264
234,1764,-0.243
243,1764,-0.162
252,1764,-0.105
261,1764,-0.138
270,1764,-0.127
279,1764,-0.117
288,1764,-0.076
297,1764,-0.047
306,1764,-0.064
315,1764,-0.059
324,1764,-0.079
333,1764,-0.103
342,1764,-0.095
351,1764,-0.088
360,1764,-0.113
369,1764,-0.142
378,1764,-0.132
387,1764,-0.164
396,1764,-0.083
405,1764,-0.106
414,1764,-0.098
423,1764,-0.091
432,1764,-0.085
441,1764,-0.056
450,1764,-0.036
459,1764,-0.048
468,1764,-0.044
477,1764,-0.058
486,1764,-0.053
495,1764,-0.068
504,1764,-0.086
513,1764,-0.08
522,1764,-0.1
531,1764,-0.124
540,1764,-0.115
549,1764,-0.107
558,1764,-0.132
567,1764,-0.123
576,1764,-0.149
585,1764,-0.14
594,1764,-0.168
603,1764,-0.201
612,1764,-0.148
621,1764,-0.177
630,1764,-0.21
639,1764,-0.247
648,1764,-0.233
657,1764,-0.273
666,1764,-0.317
675,1764,-0.3
684,1764,-0.346
693,1764,-0.397
702,1764,-0.311
711,1764,-0.358
720,1764,-0.41
729,1764,-0.466
738,1764,-0.526
747,1764,-0.592
756,1764,-0.662
765,1764,-0.634
774,1764,-0.707
783,1764,-0.786
792,1764,-0.869
801,1764,-0.958
810,1764,-0.922
819,1764,-0.887
828,1764,-0.853
837,1764,-0.94
846,1764,-1.033
855,1764,-1.13
864,1764,-1.091
873,1764,-1.053
882,1764,-1.016
891,1764,-1.113
900,1764,-1.215
909,1764,-1.322
918,1764,-1.435
927,1764,-1.39
936,1764,-1.507
945,1764,-1.629
954,1764,-1.581
963,1764,-1.373
972,1764,1.489
981,1764,1.445
990,1764,1.564
999,1764,1.689
1008,1764,1.641
1017,1764,1.595
1026,1764,1.722
1035,1764,1.675
1044,1764,1.628
1053,1764,1.583
1062,1764,1.538
1071,1764,1.663
1080,1764,1.297
1089,1764,1.258
1098,1764,0.95
1107,1764,1.045
1116,1764,0.772
1125,1764,0.744
1134,1764,0.716
1143,1764,0.591
1152,1764,0.567
1161,1764,0.46
1170,1764,0.439
1179,1764,0.419
1188,1764,0.331
1197,1764,0.314
1206,1764,0.362
1215,1764,0.414
1224,1764,0.471
1233,1764,0.45
1242,1764,0.429
1251,1764,0.409
1260,1764,0.466
1269,1764,0.529
1278,1764,0.598
1287,1764,0.672
1296,1764,0.753
1305,1764,0.725
1314,1764,0.594
1323,1764,0.569
1332,1764,0.457
1341,1764,0.521
1350,1764,0.592
1359,1764,0.668
1368,1764,0.542
1377,1764,0.615
1386,1764,0.695
1395,1764,0.782
1404,1764,0.753
1413,1764,0.846
1422,1764,0.816
1431,1764,0.914
1440,1764,0.883
1449,1764,0.727
1458,1764,0.588
1467,1764,0.562
1476,1764,0.536
1485,1764,0.511
1494,1764,0.588
1503,1764,0.562
1512,1764,0.536
1521,1764,0.51
1530,1764,0.59
1539,1764,0.563
1548,1764,0.649
1557,1764,0.745
1566,1764,0.592
1575,1764,0.565
1584,1764,0.655
1593,1764,0.756
1602,1764,0.868
1611,1764,0.992
1620,1764,0.803
1629,1764,0.771
1638,1764,0.891
1647,1764,0.574
1656,1764,0.676
1665,1764,0.644
1674,1764,0.758
1683,1764,0.886
1692,1764,0.692
1701,1764,0.818
1710,1764,0.784
1719,1764,0.75
1728,1764,0.716
1737,1764,0.53
1746,1764,0.497
1755,1764,0.613
1764,1764,0.75
1773,1764,0.911
1782,1764,0.875
1791,1764,0.84
1800,1764,0.438
1809,1764,0.568
1818,1764,0.73
1827,1764,0.692
1836,1764,0.451
1845,1764,0.613
1854,1764,0.572
1863,1764,0.529
1872,1764,0.483
1881,1764,0.219
1890,1764,0.159
1899,1764,0.088
1908,1764,0.218
1917,1764,0.81
9,1773,-0.31
18,1773,-0.224
27,1773,-0.422
36,1773,-0.644
45,1773,-0.884
54,1773,-0.684
63,1773,-0.891
72,1773,-0.459
81,1773,-0.388
90,1773,-0.516
99,1773,-0.288
108,1773,-0.385
117,1773,-0.337
126,1773,-0.435
135,1773,-0.546
144,1773,-0.341
153,1773,-0.207
162,1773,-0.271
171,1773,-0.242
180,1773,-0.309
189,1773,-0.385
198,1773,-0.348
207,1773,-0.426
216,1773,-0.513
225,1773,-0.351
234,1773,-0.319
243,1773,-0.212
252,1773,-0.137
261,1773,-0.175
270,1773,-0.159
279,1773,-0.145
288,1773,-0.092
297,1773,-0.057
306,1773,-0.076
315,1773,-0.069
324,1773,-0.09
333,1773,-0.115
342,1773,-0.105
351,1773,-0.095
360,1773,-0.121
369,1773,-0.151
378,1773,-0.185
387,1773,-0.225
396,1773,-0.116
405,1773,-0.144
414,1773,-0.132
423,1773,-0.121
432,1773,-0.111
441,1773,-0.073
450,1773,-0.047
459,1773,-0.061
468,1773,-0.055
477,1773,-0.071
486,1773,-0.064
495,1773,-0.081
504,1773,-0.101
513,1773,-0.092
522,1773,-0.114
531,1773,-0.138
540,1773,-0.127
549,1773,-0.117
558,1773,-0.142
567,1773,-0.131
576,1773,-0.158
585,1773,-0.146
594,1773,-0.174
603,1773,-0.206
612,1773,-0.15
621,1773,-0.178
630,1773,-0.21
639,1773,-0.246
648,1773,-0.23
657,1773,-0.267
666,1773,-0.309
675,1773,-0.289
684,1773,-0.333
693,1773,-0.381
702,1773,-0.358
711,1773,-0.408
720,1773,-0.463
729,1773,-0.521
738,1773,-0.584
747,1773,-0.652
756,1773,-0.724
765,1773,-0.689
774,1773,-0.764
783,1773,-0.843
792,1773,-0.927
801,1773,-1.016
810,1773,-0.972
819,1773,-0.93
828,1773,-0.889
837,1773,-0.975
846,1773,-1.066
855,1773,-1.163
864,1773,-1.116
873,1773,-1.07
882,1773,-1.026
891,1773,-1.12
900,1773,-1.219
909,1773,-1.323
918,1773,-1.432
927,1773,-1.38
936,1773,-1.492
945,1773,-1.609
954,1773,-1.553
963,1773,-1.336
972,1773,1.446
981,1773,1.394
990,1773,1.507
999,1773,1.625
1008,1773,1.57
1017,1773,1.517
1026,1773,1.636
1035,1773,1.581
1044,1773,1.528
1053,1773,1.476
1062,1773,1.425
1071,1773,1.541
1080,1773,1.177
1089,1773,1.133
1098,1773,0.833
1107,1773,0.917
1116,1773,0.763
1125,1773,0.729
1134,1773,0.697
1143,1773,0.567
1152,1773,0.539
1161,1773,0.43
1170,1773,0.485
1179,1773,0.46
1188,1773,0.361
1197,1773,0.34
1206,1773,0.388
1215,1773,0.441
1224,1773,0.499
1233,1773,0.472
1242,1773,0.447
1251,1773,0.422
1260,1773,0.479
1269,1773,0.541
1278,1773,0.608
1287,1773,0.681
1296,1773,0.76
1305,1773,0.726
1314,1773,0.588
1323,1773,0.558
1332,1773,0.441
1341,1773,0.502
1350,1773,0.568
1359,1773,0.64
1368,1773,0.51
1377,1773,0.579
1386,1773,0.653
1395,1773,0.734
1404,1773,0.7
1413,1773,0.785
1422,1773,0.75
1431,1773,0.841
1440,1773,0.804
1449,1773,0.768
1458,1773,0.615
1467,1773,0.583
1476,1773,0.552
1485,1773,0.63
1494,1773,0.715
1503,1773,0.68
1512,1773,0.646
1521,1773,0.612
1530,1773,0.699
1539,1773,0.664
1548,1773,0.757
1557,1773,0.86
1566,1773,0.684
1575,1773,0.648
1584,1773,0.744
1593,1773,0.85
1602,1773,0.967
1611,1773,1.096
1620,1773,0.884
1629,1773,0.843
1638,1773,0.966
1647,1773,0.762
1656,1773,0.881
1665,1773,0.839
1674,1773,0.97
1683,1773,1.115
1692,1773,0.883
1701,1773,1.025
1710,1773,0.981
1719,1773,0.936
1728,1773,0.892
1737,1773,0.67
1746,1773,0.628
1755,1773,0.759
1764,1773,0.911
1773,1773,1.089
1782,1773,1.042
1791,1773,0.996
1800,1773,0.535
1809,1773,0.679
1818,1773,0.855
1827,1773,0.807
1836,1773,0.532
1845,1773,0.708
1854,1773,0.656
1863,1773,0.603
1872,1773,0.546
1881,1773,0.25
1890,1773,0.18
1899,1773,0.099
1908,1773,0.235
1917,1773,0.834
9,1782,-0.29
18,1782,-0.202
27,1782,-0.382
36,1782,-0.587
45,1782,-0.807
54,1782,-0.61
63,1782,-0.799
72,1782,-0.392
81,1782,-0.523
90,1782,-0.667
99,1782,-0.367
108,1782,-0.475
117,1782,-0.406
126,1782,-0.512
135,1782,-0.628
144,1782,-0.385
153,1782,-0.229
162,1782,-0.295
171,1782,-0.259
180,1782,-0.326
189,1782,-0.402
198,1782,-0.357
207,1782,-0.434
216,1782,-0.519
225,1782,-0.347
234,1782,-0.31
243,1782,-0.2
252,1782,-0.125
261,1782,-0.16
270,1782,-0.2
279,1782,-0.179
288,1782,-0.113
297,1782,-0.069
306,1782,-0.09
315,1782,-0.08
324,1782,-0.102
333,1782,-0.129
342,1782,-0.116
351,1782,-0.104
360,1782,-0.13
369,1782,-0.16
378,1782,-0.195
387,1782,-0.234
396,1782,-0.117
405,1782,-0.144
414,1782,-0.13
423,1782,-0.118
432,1782,-0.106
441,1782,-0.068
450,1782,-0.061
459,1782,-0.077
468,1782,-0.069
477,1782,-0.086
486,1782,-0.078
495,1782,-0.096
504,1782,-0.118
513,1782,-0.106
522,1782,-0.129
531,1782,-0.155
540,1782,-0.141
549,1782,-0.128
558,1782,-0.154
567,1782,-0.14
576,1782,-0.167
585,1782,-0.153
594,1782,-0.181
603,1782,-0.213
612,1782,-0.151
621,1782,-0.179
630,1782,-0.21
639,1782,-0.245
648,1782,-0.226
657,1782,-0.262
666,1782,-0.301
675,1782,-0.279
684,1782,-0.32
693,1782,-0.365
702,1782,-0.34
711,1782,-0.386
720,1782,-0.436
729,1782,-0.491
738,1782,-0.55
747,1782,-0.612
756,1782,-0.68
765,1782,-0.64
774,1782,-0.709
783,1782,-0.782
792,1782,-0.86
801,1782,-0.942
810,1782,-0.894
819,1782,-0.847
828,1782,-0.803
837,1782,-0.881
846,1782,-0.964
855,1782,-1.051
864,1782,-1.143
873,1782,-1.09
882,1782,-1.038
891,1782,-1.129
900,1782,-1.225
909,1782,-1.326
918,1782,-1.431
927,1782,-1.37
936,1782,-1.478
945,1782,-1.59
954,1782,-1.526
963,1782,-1.463
972,1782,1.575
981,1782,1.512
990,1782,1.626
999,1782,1.746
1008,1782,1.679
1017,1782,1.614
1026,1782,1.733
1035,1782,1.667
1044,1782,1.603
1053,1782,1.722
1062,1782,1.657
1071,1782,1.779
1080,1782,1.531
1089,1782,1.471
1098,1782,1.101
1107,1782,1.198
1116,1782,1.004
1125,1782,0.957
1134,1782,0.912
1143,1782,0.749
1152,1782,0.71
1161,1782,0.571
1170,1782,0.636
1179,1782,0.601
1188,1782,0.475
1197,1782,0.533
1206,1782,0.596
1215,1782,0.664
1224,1782,0.736
1233,1782,0.698
1242,1782,0.66
1251,1782,0.624
1260,1782,0.694
1269,1782,0.77
1278,1782,0.852
1287,1782,0.939
1296,1782,1.032
1305,1782,0.985
1314,1782,0.808
1323,1782,0.767
1332,1782,0.614
1341,1782,0.687
1350,1782,0.766
1359,1782,0.85
1368,1782,0.686
1377,1782,0.765
1386,1782,0.851
1395,1782,0.944
1404,1782,0.898
1413,1782,0.995
1422,1782,0.948
1431,1782,1.05
1440,1782,1.001
1449,1782,0.953
1458,1782,0.769
1467,1782,0.727
1476,1782,0.686
1485,1782,0.773
1494,1782,0.867
1503,1782,0.821
1512,1782,0.777
1521,1782,0.733
1530,1782,0.828
1539,1782,0.782
1548,1782,0.883
1557,1782,0.992
1566,1782,0.79
1575,1782,0.894
1584,1782,1.007
1593,1782,1.132
1602,1782,1.268
1611,1782,1.415
1620,1782,1.157
1629,1782,1.103
1638,1782,1.244
1647,1782,0.997
1656,1782,1.133
1665,1782,1.078
1674,1782,1.226
1683,1782,1.39
1692,1782,1.114
1701,1782,1.274
1710,1782,1.216
1719,1782,1.159
1728,1782,1.102
1737,1782,0.839
1746,1782,0.785
1755,1782,0.932
1764,1782,1.101
1773,1782,1.295
1782,1782,1.236
1791,1782,1.177
1800,1782,0.65
1809,1782,0.808
1818,1782,0.999
1827,1782,0.939
1836,1782,0.626
1845,1782,0.816
1854,1782,0.752
1863,1782,0.686
1872,1782,0.617
1881,1782,0.286
1890,1782,0.204
1899,1782,0.111
1908,1782,0.253
1917,1782,0.861
9,1791,-0.27
18,1791,-0.181
27,1791,-0.344
36,1791,-0.53
45,1791,-0.732
54,1791,-0.54
63,1791,-0.709
72,1791,-0.33
81,1791,-0.443
90,1791,-0.57
99,1791,-0.297
108,1791,-0.388
117,1791,-0.325
126,1791,-0.414
135,1791,-0.513
144,1791,-0.299
153,1791,-0.167
162,1791,-0.218
171,1791,-0.187
180,1791,-0.24
189,1791,-0.3
198,1791,-0.261
207,1791,-0.321
216,1791,-0.389
225,1791,-0.246
234,1791,-0.215
243,1791,-0.13
252,1791,-0.113
261,1791,-0.144
270,1791,-0.18
279,1791,-0.158
288,1791,-0.096
297,1791,-0.055
306,1791,-0.072
315,1791,-0.063
324,1791,-0.081
333,1791,-0.103
342,1791,-0.09
351,1791,-0.079
360,1791,-0.1
369,1791,-0.124
378,1791,-0.151
387,1791,-0.183
396,1791,-0.085
405,1791,-0.105
414,1791,-0.093
423,1791,-0.082
432,1791,-0.072
441,1791,-0.043
450,1791,-0.038
459,1791,-0.048
468,1791,-0.042
477,1791,-0.053
486,1791,-0.067
495,1791,-0.083
504,1791,-0.101
513,1791,-0.09
522,1791,-0.109
531,1791,-0.132
540,1791,-0.118
549,1791,-0.105
558,1791,-0.126
567,1791,-0.113
576,1791,-0.135
585,1791,-0.121
594,1791,-0.144
603,1791,-0.17
612,1791,-0.116
621,1791,-0.138
630,1791,-0.162
639,1791,-0.19
648,1791,-0.172
657,1791,-0.201
666,1791,-0.233
675,1791,-0.268
684,1791,-0.306
693,1791,-0.349
702,1791,-0.394
711,1791,-0.444
720,1791,-0.497
729,1791,-0.554
738,1791,-0.615
747,1791,-0.68
756,1791,-0.749
765,1791,-0.701
774,1791,-0.771
783,1791,-0.845
792,1791,-0.923
801,1791,-1.006
810,1791,-1.092
819,1791,-1.031
828,1791,-0.973
837,1791,-1.058
846,1791,-1.147
855,1791,-1.24
864,1791,-1.338
873,1791,-1.269
882,1791,-1.204
891,1791,-1.3
900,1791,-1.4
909,1791,-1.505
918,1791,-1.614
927,1791,-1.729
936,1791,-1.847
945,1791,-1.971
954,1791,-1.886
963,1791,-1.803
972,1791,1.925
981,1791,1.842
990,1791,1.966
999,1791,2.094
1008,1791,2.228
1017,1791,2.138
1026,1791,2.274
1035,1791,2.184
1044,1791,2.096
1053,1791,2.231
1062,1791,2.143
1071,1791,2.279
1080,1791,1.974
1089,1791,1.893
1098,1791,1.439
1107,1791,1.548
1116,1791,1.307
1125,1791,1.244
1134,1791,1.183
1143,1791,0.979
1152,1791,0.926
1161,1791,0.751
1170,1791,0.826
1179,1791,0.778
1188,1791,0.732
1197,1791,0.805
1206,1791,0.884
1215,1791,0.968
1224,1791,1.056
1233,1791,1.001
1242,1791,0.947
1251,1791,1.036
1260,1791,1.13
1269,1791,1.229
1278,1791,1.334
1287,1791,1.445
1296,1791,1.562
1305,1791,1.493
1314,1791,1.252
1323,1791,1.191
1332,1791,0.979
1341,1791,1.074
1350,1791,1.174
1359,1791,1.281
1368,1791,1.057
1377,1791,1.158
1386,1791,1.266
1395,1791,1.38
1404,1791,1.315
1413,1791,1.434
1422,1791,1.368
1431,1791,1.491
1440,1791,1.423
1449,1791,1.357
1458,1791,1.118
1467,1791,1.058
1476,1791,1.001
1485,1791,1.107
1494,1791,1.22
1503,1791,1.158
1512,1791,1.097
1521,1791,1.037
1530,1791,1.151
1539,1791,1.089
1548,1791,1.209
1557,1791,1.337
1566,1791,1.083
1575,1791,1.206
1584,1791,1.339
1593,1791,1.482
1602,1791,1.637
1611,1791,1.805
1620,1791,1.494
1629,1791,1.424
1638,1791,1.583
1647,1791,1.285
1656,1791,1.44
1665,1791,1.369
1674,1791,1.536
1683,1791,1.718
1692,1791,1.392
1701,1791,1.57
1710,1791,1.497
1719,1791,1.424
1728,1791,1.352
1737,1791,1.043
1746,1791,0.975
1755,1791,1.137
1764,1791,1.323
1773,1791,1.534
1782,1791,1.46
1791,1791,1.386
1800,1791,0.785
1809,1791,0.958
1818,1791,1.165
1827,1791,1.09
1836,1791,0.735
1845,1791,0.939
1854,1791,0.861
1863,1791,0.781
1872,1791,0.698
1881,1791,0.327
1890,1791,0.231
1899,1791,0.125
1908,1791,0.273
1917,1791,0.889
9,1800,-0.251
18,1800,-0.16
27,1800,-0.307
36,1800,-0.475
45,1800,-0.659
54,1800,-0.472
63,1800,-0.623
72,1800,-0.272
81,1800,-0.37
90,1800,-0.479
99,1800,-0.234
108,1800,-0.31
117,1800,-0.253
126,1800,-0.326
135,1800,-0.409
144,1800,-0.223
153,1800,-0.186
162,1800,-0.239
171,1800,-0.2
180,1800,-0.253
189,1800,-0.312
198,1800,-0.266
207,1800,-0.325
216,1800,-0.391
225,1800,-0.239
234,1800,-0.291
243,1800,-0.176
252,1800,-0.15
261,1800,-0.186
270,1800,-0.228
279,1800,-0.197
288,1800,-0.118
297,1800,-0.067
306,1800,-0.086
315,1800,-0.108
324,1800,-0.135
333,1800,-0.164
342,1800,-0.143
351,1800,-0.124
360,1800,-0.151
369,1800,-0.182
378,1800,-0.217
387,1800,-0.256
396,1800,-0.121
405,1800,-0.146
414,1800,-0.127
423,1800,-0.111
432,1800,-0.096
441,1800,-0.058
450,1800,-0.049
459,1800,-0.062
468,1800,-0.053
477,1800,-0.066
486,1800,-0.081
495,1800,-0.099
504,1800,-0.119
513,1800,-0.104
522,1800,-0.125
531,1800,-0.149
540,1800,-0.131
549,1800,-0.115
558,1800,-0.137
567,1800,-0.12
576,1800,-0.143
585,1800,-0.126
594,1800,-0.149
603,1800,-0.174
612,1800,-0.116
621,1800,-0.137
630,1800,-0.161
639,1800,-0.187
648,1800,-0.167
657,1800,-0.194
666,1800,-0.224
675,1800,-0.257
684,1800,-0.292
693,1800,-0.332
702,1800,-0.374
711,1800,-0.42
720,1800,-0.469
729,1800,-0.522
738,1800,-0.578
747,1800,-0.638
756,1800,-0.702
765,1800,-0.65
774,1800,-0.714
783,1800,-0.782
792,1800,-0.854
801,1800,-0.929
810,1800,-1.009
819,1800,-0.943
828,1800,-0.88
837,1800,-0.957
846,1800,-1.038
855,1800,-1.122
864,1800,-1.211
873,1800,-1.138
882,1800,-1.068
891,1800,-1.154
900,1800,-1.244
909,1800,-1.338
918,1800,-1.436
927,1800,-1.539
936,1800,-1.645
945,1800,-1.756
954,1800,-1.666
963,1800,-1.579
972,1800,1.687
981,1800,1.6
990,1800,1.71
999,1800,1.824
1008,1800,1.942
1017,1800,1.848
1026,1800,1.968
1035,1800,1.874
1044,1800,1.782
1053,1800,1.9
1062,1800,1.809
1071,1800,1.928
1080,1800,1.634
1089,1800,1.551
1098,1800,1.132
1107,1800,1.223
1116,1800,1.002
1125,1800,0.94
1134,1800,0.881
1143,1800,0.702
1152,1800,0.77
1161,1800,0.605
1170,1800,0.667
1179,1800,0.619
1188,1800,0.573
1197,1800,0.634
1206,1800,0.699
1215,1800,0.768
1224,1800,0.842
1233,1800,0.92
1242,1800,0.862
1251,1800,0.942
1260,1800,1.027
1269,1800,1.117
1278,1800,1.212
1287,1800,1.313
1296,1800,1.419
1305,1800,1.344
1314,1800,1.103
1323,1800,1.038
1332,1800,0.831
1341,1800,0.913
1350,1800,1
1359,1800,1.092
1368,1800,0.877
1377,1800,0.963
1386,1800,1.055
1395,1800,1.153
1404,1800,1.085
1413,1800,1.186
1422,1800,1.116
1431,1800,1.221
1440,1800,1.15
1449,1800,1.081
1458,1800,0.858
1467,1800,0.798
1476,1800,0.74
1485,1800,0.824
1494,1800,0.915
1503,1800,0.852
1512,1800,0.791
1521,1800,0.733
1530,1800,0.82
1539,1800,0.759
1548,1800,0.85
1557,1800,0.949
1566,1800,0.727
1575,1800,0.818
1584,1800,0.918
1593,1800,1.027
1602,1800,1.145
1611,1800,1.273
1620,1800,0.998
1629,1800,0.928
1638,1800,1.045
1647,1800,0.791
1656,1800,0.9
1665,1800,0.83
1674,1800,0.946
1683,1800,1.075
1692,1800,0.998
1701,1800,1.136
1710,1800,1.056
1719,1800,0.978
1728,1800,0.901
1737,1800,0.825
1746,1800,0.75
1755,1800,0.882
1764,1800,1.033
1773,1800,1.205
1782,1800,1.118
1791,1800,1.031
1800,1800,0.704
1809,1800,0.858
1818,1800,1.043
1827,1800,1.264
1836,1800,0.861
1845,1800,1.079
1854,1800,0.985
1863,1800,0.889
1872,1800,0.789
1881,1800,0.374
1890,1800,0.263
1899,1800,0.14
1908,1800,0.295
1917,1800,0.92
9,1809,-0.231
18,1809,-0.14
27,1809,-0.271
36,1809,-0.422
45,1809,-0.587
54,1809,-0.407
63,1809,-0.541
72,1809,-0.22
81,1809,-0.302
90,1809,-0.395
99,1809,-0.179
108,1809,-0.241
117,1809,-0.19
126,1809,-0.249
135,1809,-0.316
144,1809,-0.16
153,1809,-0.129
162,1809,-0.168
171,1809,-0.215
180,1809,-0.267
189,1809,-0.326
198,1809,-0.272
207,1809,-0.329
216,1809,-0.392
225,1809,-0.232
234,1809,-0.281
243,1809,-0.163
252,1809,-0.136
261,1809,-0.168
270,1809,-0.205
279,1809,-0.173
288,1809,-0.098
297,1809,-0.053
306,1809,-0.068
315,1809,-0.086
324,1809,-0.107
333,1809,-0.131
342,1809,-0.111
351,1809,-0.093
360,1809,-0.115
369,1809,-0.139
378,1809,-0.167
387,1809,-0.198
396,1809,-0.085
405,1809,-0.104
414,1809,-0.088
423,1809,-0.074
432,1809,-0.062
441,1809,-0.034
450,1809,-0.028
459,1809,-0.036
468,1809,-0.03
477,1809,-0.038
486,1809,-0.047
495,1809,-0.058
504,1809,-0.072
513,1809,-0.06
522,1809,-0.074
531,1809,-0.089
540,1809,-0.076
549,1809,-0.064
558,1809,-0.078
567,1809,-0.066
576,1809,-0.08
585,1809,-0.068
594,1809,-0.082
603,1809,-0.098
612,1809,-0.059
621,1809,-0.071
630,1809,-0.086
639,1809,-0.102
648,1809,-0.087
657,1809,-0.104
666,1809,-0.122
675,1809,-0.143
684,1809,-0.165
693,1809,-0.191
702,1809,-0.219
711,1809,-0.249
720,1809,-0.283
729,1809,-0.319
738,1809,-0.358
747,1809,-0.4
756,1809,-0.446
765,1809,-0.494
774,1809,-0.546
783,1809,-0.601
792,1809,-0.659
801,1809,-0.721
810,1809,-0.786
819,1809,-0.724
828,1809,-0.664
837,1809,-0.726
846,1809,-0.791
855,1809,-0.86
864,1809,-0.932
873,1809,-0.863
882,1809,-0.797
891,1809,-0.866
900,1809,-0.939
909,1809,-1.015
918,1809,-1.094
927,1809,-1.178
936,1809,-1.265
945,1809,-1.356
954,1809,-1.27
963,1809,-1.187
972,1809,1.274
981,1809,1.192
990,1809,1.28
999,1809,1.372
1008,1809,1.468
1017,1809,1.378
1026,1809,1.475
1035,1809,1.385
1044,1809,1.299
1053,1809,1.393
1062,1809,1.307
1071,1809,1.401
1080,1809,1.499
1089,1809,1.409
1098,1809,1.152
1107,1809,1.24
1116,1809,1.003
1125,1809,0.933
1134,1809,0.866
1143,1809,0.677
1152,1809,0.741
1161,1809,0.571
1170,1809,0.628
1179,1809,0.576
1188,1809,0.526
1197,1809,0.581
1206,1809,0.639
1215,1809,0.702
1224,1809,0.769
1233,1809,0.84
1242,1809,0.777
1251,1809,0.849
1260,1809,0.925
1269,1809,1.006
1278,1809,1.091
1287,1809,1.182
1296,1809,1.277
1305,1809,1.378
1314,1809,1.118
1323,1809,1.042
1332,1809,0.822
1341,1809,0.9
1350,1809,0.983
1359,1809,1.07
1368,1809,0.844
1377,1809,0.925
1386,1809,1.011
1395,1809,1.102
1404,1809,1.026
1413,1809,1.12
1422,1809,1.042
1431,1809,1.138
1440,1809,1.06
1449,1809,1.158
1458,1809,0.911
1467,1809,0.84
1476,1809,0.773
1485,1809,0.855
1494,1809,0.945
1503,1809,0.872
1512,1809,0.801
1521,1809,0.733
1530,1809,0.817
1539,1809,0.748
1548,1809,0.834
1557,1809,0.928
1566,1809,0.695
1575,1809,0.78
1584,1809,0.873
1593,1809,0.974
1602,1809,1.083
1611,1809,1.202
1620,1809,1.114
1629,1809,1.029
1638,1809,1.149
1647,1809,0.865
1656,1809,0.975
1665,1809,0.892
1674,1809,1.009
1683,1809,1.137
1692,1809,1.046
1701,1809,1.183
1710,1809,1.089
1719,1809,0.997
1728,1809,0.907
1737,1809,0.819
1746,1809,0.733
1755,1809,0.857
1764,1809,0.999
1773,1809,1.161
1782,1809,1.059
1791,1809,0.958
1800,1809,0.623
1809,1809,0.759
1818,1809,0.922
1827,1809,1.118
1836,1809,0.712
1845,1809,0.896
1854,1809,0.783
1863,1809,0.668
1872,1809,0.551
1881,1809,0.186
1890,1809,0.085
1899,1809,-0
1908,1809,-0
1917,1809,-0
9,1818,-0.212
18,1818,-0.122
27,1818,-0.237
36,1818,-0.371
45,1818,-0.518
54,1818,-0.345
63,1818,-0.462
72,1818,-0.173
81,1818,-0.24
90,1818,-0.318
99,1818,-0.132
108,1818,-0.18
117,1818,-0.137
126,1818,-0.182
135,1818,-0.235
144,1818,-0.183
153,1818,-0.143
162,1818,-0.184
171,1818,-0.231
180,1818,-0.283
189,1818,-0.342
198,1818,-0.406
207,1818,-0.476
216,1818,-0.551
225,1818,-0.327
234,1818,-0.385
243,1818,-0.223
252,1818,-0.183
261,1818,-0.22
270,1818,-0.263
279,1818,-0.218
288,1818,-0.259
297,1818,-0.15
306,1818,-0.18
315,1818,-0.215
324,1818,-0.253
333,1818,-0.294
342,1818,-0.249
351,1818,-0.211
360,1818,-0.246
369,1818,-0.286
378,1818,-0.329
387,1818,-0.376
396,1818,-0.175
405,1818,-0.205
414,1818,-0.173
423,1818,-0.146
432,1818,-0.123
441,1818,-0.07
450,1818,-0.057
459,1818,-0.07
468,1818,-0.058
477,1818,-0.07
486,1818,-0.085
495,1818,-0.102
504,1818,-0.12
513,1818,-0.101
522,1818,-0.12
531,1818,-0.141
540,1818,-0.119
549,1818,-0.1
558,1818,-0.118
567,1818,-0.1
576,1818,-0.117
585,1818,-0.099
594,1818,-0.116
603,1818,-0.136
612,1818,-0.082
621,1818,-0.098
630,1818,-0.115
639,1818,-0.134
648,1818,-0.114
657,1818,-0.132
666,1818,-0.153
675,1818,-0.176
684,1818,-0.202
693,1818,-0.229
702,1818,-0.26
711,1818,-0.292
720,1818,-0.328
729,1818,-0.366
738,1818,-0.407
747,1818,-0.451
756,1818,-0.498
765,1818,-0.547
774,1818,-0.6
783,1818,-0.656
792,1818,-0.715
801,1818,-0.777
810,1818,-0.842
819,1818,-0.768
828,1818,-0.698
837,1818,-0.759
846,1818,-0.823
855,1818,-0.89
864,1818,-0.961
873,1818,-0.881
882,1818,-0.806
891,1818,-0.872
900,1818,-0.942
909,1818,-1.014
918,1818,-1.09
927,1818,-1.17
936,1818,-1.253
945,1818,-1.34
954,1818,-1.242
963,1818,-1.15
972,1818,1.232
981,1818,1.318
990,1818,1.408
999,1818,1.501
1008,1818,1.597
1017,1818,1.491
1026,1818,1.587
1035,1818,1.481
1044,1818,1.38
1053,1818,1.472
1062,1818,1.372
1071,1818,1.464
1080,1818,1.561
1089,1818,1.457
1098,1818,1.177
1107,1818,1.262
1116,1818,1.006
1125,1818,1.084
1134,1818,1.001
1143,1818,0.78
1152,1818,0.847
1161,1818,0.648
1170,1818,0.708
1179,1818,0.644
1188,1818,0.584
1197,1818,0.64
1206,1818,0.7
1215,1818,0.763
1224,1818,0.83
1233,1818,0.902
1242,1818,0.827
1251,1818,0.898
1260,1818,0.974
1269,1818,1.054
1278,1818,1.138
1287,1818,1.227
1296,1818,1.32
1305,1818,1.418
1314,1818,1.136
1323,1818,1.05
1332,1818,0.814
1341,1818,0.888
1350,1818,0.966
1359,1818,1.049
1368,1818,0.966
1377,1818,1.05
1386,1818,1.139
1395,1818,1.233
1404,1818,1.141
1413,1818,1.237
1422,1818,1.144
1431,1818,1.241
1440,1818,1.148
1449,1818,1.247
1458,1818,0.972
1467,1818,0.889
1476,1818,0.975
1485,1818,1.067
1494,1818,1.165
1503,1818,1.072
1512,1818,0.983
1521,1818,0.897
1530,1818,0.988
1539,1818,0.902
1548,1818,0.995
1557,1818,1.095
1566,1818,0.822
1575,1818,0.913
1584,1818,1.011
1593,1818,1.117
1602,1818,1.231
1611,1818,1.354
1620,1818,1.249
1629,1818,1.146
1638,1818,1.268
1647,1818,0.949
1656,1818,1.062
1665,1818,0.963
1674,1818,1.08
1683,1818,1.208
1692,1818,1.101
1701,1818,1.236
1710,1818,1.126
1719,1818,1.019
1728,1818,0.914
1737,1818,0.813
1746,1818,0.715
1755,1818,0.832
1764,1818,0.965
1773,1818,1.116
1782,1818,0.999
1791,1818,0.884
1800,1818,0.543
1809,1818,0.661
1818,1818,0.803
1827,1818,0.973
1836,1818,0.57
1845,1818,0.72
1854,1818,0.594
1863,1818,0.468
1872,1818,0.634
1881,1818,0.219
1890,1818,0.1
1899,1818,-0
1908,1818,-0
1917,1818,-0
9,1827,-0.192
18,1827,-0.386
27,1827,-0.58
36,1827,-0.775
45,1827,-0.972
54,1827,-0.589
63,1827,-0.735
72,1827,-0.265
81,1827,-0.348
90,1827,-0.44
99,1827,-0.178
108,1827,-0.234
117,1827,-0.172
126,1827,-0.222
135,1827,-0.279
144,1827,-0.212
153,1827,-0.161
162,1827,-0.202
171,1827,-0.249
180,1827,-0.302
189,1827,-0.359
198,1827,-0.422
207,1827,-0.49
216,1827,-0.563
225,1827,-0.321
234,1827,-0.375
243,1827,-0.207
252,1827,-0.165
261,1827,-0.199
270,1827,-0.236
279,1827,-0.191
288,1827,-0.226
297,1827,-0.123
306,1827,-0.148
315,1827,-0.177
324,1827,-0.209
333,1827,-0.244
342,1827,-0.2
351,1827,-0.164
360,1827,-0.193
369,1827,-0.225
378,1827,-0.26
387,1827,-0.298
396,1827,-0.179
405,1827,-0.208
414,1827,-0.172
423,1827,-0.142
432,1827,-0.116
441,1827,-0.094
450,1827,-0.076
459,1827,-0.091
468,1827,-0.074
477,1827,-0.088
486,1827,-0.104
495,1827,-0.123
504,1827,-0.143
513,1827,-0.119
522,1827,-0.138
531,1827,-0.16
540,1827,-0.133
549,1827,-0.11
558,1827,-0.129
567,1827,-0.106
576,1827,-0.124
585,1827,-0.102
594,1827,-0.119
603,1827,-0.138
612,1827,-0.081
621,1827,-0.095
630,1827,-0.111
639,1827,-0.128
648,1827,-0.107
657,1827,-0.124
666,1827,-0.142
675,1827,-0.163
684,1827,-0.186
693,1827,-0.211
702,1827,-0.238
711,1827,-0.268
720,1827,-0.3
729,1827,-0.334
738,1827,-0.37
747,1827,-0.409
756,1827,-0.451
765,1827,-0.496
774,1827,-0.543
783,1827,-0.592
792,1827,-0.645
801,1827,-0.7
810,1827,-0.758
819,1827,-0.681
828,1827,-0.609
837,1827,-0.662
846,1827,-0.718
855,1827,-0.777
864,1827,-0.838
873,1827,-0.756
882,1827,-0.68
891,1827,-0.737
900,1827,-0.796
909,1827,-0.859
918,1827,-0.924
927,1827,-0.993
936,1827,-1.064
945,1827,-1.139
954,1827,-1.04
963,1827,-0.948
972,1827,1.017
981,1827,1.09
990,1827,1.166
999,1827,1.245
1008,1827,1.327
1017,1827,1.22
1026,1827,1.302
1035,1827,1.196
1044,1827,1.096
1053,1827,1.173
1062,1827,1.253
1071,1827,1.336
1080,1827,1.423
1089,1827,1.312
1098,1827,1.032
1107,1827,1.107
1116,1827,0.856
1125,1827,0.922
1134,1827,0.838
1143,1827,0.628
1152,1827,0.683
1161,1827,0.613
1170,1827,0.668
1179,1827,0.598
1188,1827,0.534
1197,1827,0.584
1206,1827,0.637
1215,1827,0.694
1224,1827,0.754
1233,1827,0.818
1242,1827,0.739
1251,1827,0.802
1260,1827,0.869
1269,1827,0.94
1278,1827,1.014
1287,1827,1.093
1296,1827,1.175
1305,1827,1.262
1314,1827,0.982
1323,1827,0.892
1332,1827,0.664
1341,1827,0.726
1350,1827,0.792
1359,1827,0.861
1368,1827,0.777
1377,1827,0.847
1386,1827,0.921
1395,1827,0.999
1404,1827,0.907
1413,1827,0.985
1422,1827,0.893
1431,1827,0.972
1440,1827,0.879
1449,1827,0.958
1458,1827,0.708
1467,1827,0.629
1476,1827,0.694
1485,1827,0.764
1494,1827,0.84
1503,1827,0.751
1512,1827,0.668
1521,1827,0.589
1530,1827,0.655
1539,1827,0.576
1548,1827,0.642
1557,1827,0.714
1566,1827,0.63
1575,1827,0.702
1584,1827,0.78
1593,1827,0.866
1602,1827,0.958
1611,1827,1.058
1620,1827,0.95
1629,1827,1.052
1638,1827,1.163
1647,1827,0.839
1656,1827,0.937
1665,1827,0.831
1674,1827,0.932
1683,1827,1.043
1692,1827,1.165
1701,1827,1.298
1710,1827,1.17
1719,1827,1.045
1728,1827,0.925
1737,1827,0.809
1746,1827,0.697
1755,1827,0.807
1764,1827,0.931
1773,1827,1.071
1782,1827,0.939
1791,1827,0.81
1800,1827,0.464
1809,1827,0.565
1818,1827,0.686
1827,1827,0.831
1836,1827,0.436
1845,1827,0.554
1854,1827,0.704
1863,1827,0.554
1872,1827,0.732
1881,1827,0.258
1890,1827,0.118
1899,1827,-0
1908,1827,-0
1917,1827,-0
9,1836,-0.173
18,1836,-0.347
27,1836,-0.522
36,1836,-0.698
45,1836,-0.874
54,1836,-0.506
63,1836,-0.634
72,1836,-0.207
81,1836,-0.275
90,1836,-0.35
99,1836,-0.127
108,1836,-0.17
117,1836,-0.218
126,1836,-0.273
135,1836,-0.334
144,1836,-0.246
153,1836,-0.181
162,1836,-0.223
171,1836,-0.271
180,1836,-0.323
189,1836,-0.38
198,1836,-0.441
207,1836,-0.507
216,1836,-0.577
225,1836,-0.315
234,1836,-0.366
243,1836,-0.191
252,1836,-0.148
261,1836,-0.177
270,1836,-0.21
279,1836,-0.164
288,1836,-0.194
297,1836,-0.098
306,1836,-0.118
315,1836,-0.141
324,1836,-0.167
333,1836,-0.196
342,1836,-0.155
351,1836,-0.122
360,1836,-0.145
369,1836,-0.169
378,1836,-0.197
387,1836,-0.226
396,1836,-0.125
405,1836,-0.147
414,1836,-0.117
423,1836,-0.137
432,1836,-0.109
441,1836,-0.128
450,1836,-0.102
459,1836,-0.119
468,1836,-0.095
477,1836,-0.111
486,1836,-0.129
495,1836,-0.15
504,1836,-0.172
513,1836,-0.14
522,1836,-0.161
531,1836,-0.184
540,1836,-0.15
549,1836,-0.122
558,1836,-0.14
567,1836,-0.113
576,1836,-0.131
585,1836,-0.106
594,1836,-0.122
603,1836,-0.141
612,1836,-0.079
621,1836,-0.092
630,1836,-0.106
639,1836,-0.123
648,1836,-0.099
657,1836,-0.114
666,1836,-0.131
675,1836,-0.15
684,1836,-0.17
693,1836,-0.192
702,1836,-0.216
711,1836,-0.242
720,1836,-0.27
729,1836,-0.301
738,1836,-0.333
747,1836,-0.367
756,1836,-0.404
765,1836,-0.443
774,1836,-0.485
783,1836,-0.528
792,1836,-0.575
801,1836,-0.623
810,1836,-0.674
819,1836,-0.594
828,1836,-0.521
837,1836,-0.566
846,1836,-0.614
855,1836,-0.665
864,1836,-0.717
873,1836,-0.635
882,1836,-0.559
891,1836,-0.606
900,1836,-0.656
909,1836,-0.708
918,1836,-0.763
927,1836,-0.821
936,1836,-0.881
945,1836,-0.944
954,1836,-0.846
963,1836,-0.755
972,1836,0.812
981,1836,0.872
990,1836,0.935
999,1836,1
1008,1836,1.069
1017,1836,0.964
1026,1836,1.03
1035,1836,0.928
1044,1836,0.832
1053,1836,0.893
1062,1836,0.958
1071,1836,1.025
1080,1836,1.095
1089,1836,0.989
1098,1836,0.739
1107,1836,0.796
1116,1836,0.579
1125,1836,0.629
1134,1836,0.554
1143,1836,0.384
1152,1836,0.422
1161,1836,0.463
1170,1836,0.506
1179,1836,0.44
1188,1836,0.381
1197,1836,0.419
1206,1836,0.46
1215,1836,0.503
1224,1836,0.549
1233,1836,0.598
1242,1836,0.525
1251,1836,0.573
1260,1836,0.624
1269,1836,0.678
1278,1836,0.735
1287,1836,0.796
1296,1836,0.86
1305,1836,0.928
1314,1836,0.68
1323,1836,0.598
1332,1836,0.411
1341,1836,0.453
1350,1836,0.499
1359,1836,0.548
1368,1836,0.475
1377,1836,0.523
1386,1836,0.574
1395,1836,0.629
1404,1836,0.549
1413,1836,0.603
1422,1836,0.524
1431,1836,0.577
1440,1836,0.5
1449,1836,0.551
1458,1836,0.363
1467,1836,0.405
1476,1836,0.451
1485,1836,0.501
1494,1836,0.555
1503,1836,0.477
1512,1836,0.404
1521,1836,0.452
1530,1836,0.504
1539,1836,0.428
1548,1836,0.479
1557,1836,0.535
1566,1836,0.454
1575,1836,0.509
1584,1836,0.569
1593,1836,0.634
1602,1836,0.705
1611,1836,0.783
1620,1836,0.678
1629,1836,0.756
1638,1836,0.84
1647,1836,0.728
1656,1836,0.813
1665,1836,0.701
1674,1836,0.786
1683,1836,0.88
1692,1836,0.984
1701,1836,1.097
1710,1836,0.961
1719,1836,0.83
1728,1836,0.707
1737,1836,0.59
1746,1836,0.481
1755,1836,0.561
1764,1836,0.653
1773,1836,0.758
1782,1836,0.626
1791,1836,0.502
1800,1836,0.225
1809,1836,0.281
1818,1836,0.351
1827,1836,0.436
1836,1836,0.312
1845,1836,0.399
1854,1836,0.51
1863,1836,0.357
1872,1836,0.478
1881,1836,0.088
1890,1836,-0
1899,1836,-0
1908,1836,-0
1917,1836,-0
9,1845,-0.154
18,1845,-0.309
27,1845,-0.464
36,1845,-0.621
45,1845,-0.778
54,1845,-0.426
63,1845,-0.536
72,1845,-0.155
81,1845,-0.209
90,1845,-0.269
99,1845,-0.085
108,1845,-0.116
117,1845,-0.151
126,1845,-0.192
135,1845,-0.238
144,1845,-0.289
153,1845,-0.205
162,1845,-0.248
171,1845,-0.296
180,1845,-0.348
189,1845,-0.404
198,1845,-0.464
207,1845,-0.527
216,1845,-0.595
225,1845,-0.308
234,1845,-0.355
243,1845,-0.175
252,1845,-0.13
261,1845,-0.155
270,1845,-0.183
279,1845,-0.137
288,1845,-0.162
297,1845,-0.122
306,1845,-0.144
315,1845,-0.169
324,1845,-0.197
333,1845,-0.227
342,1845,-0.176
351,1845,-0.135
360,1845,-0.157
369,1845,-0.182
378,1845,-0.209
387,1845,-0.238
396,1845,-0.126
405,1845,-0.146
414,1845,-0.113
423,1845,-0.131
432,1845,-0.152
441,1845,-0.174
450,1845,-0.136
459,1845,-0.157
468,1845,-0.122
477,1845,-0.141
486,1845,-0.161
495,1845,-0.184
504,1845,-0.208
513,1845,-0.166
522,1845,-0.188
531,1845,-0.212
540,1845,-0.17
549,1845,-0.135
558,1845,-0.154
567,1845,-0.122
576,1845,-0.139
585,1845,-0.109
594,1845,-0.125
603,1845,-0.143
612,1845,-0.113
621,1845,-0.129
630,1845,-0.146
639,1845,-0.165
648,1845,-0.132
657,1845,-0.15
666,1845,-0.169
675,1845,-0.19
684,1845,-0.212
693,1845,-0.237
702,1845,-0.263
711,1845,-0.291
720,1845,-0.321
729,1845,-0.352
738,1845,-0.386
747,1845,-0.422
756,1845,-0.46
765,1845,-0.5
774,1845,-0.542
783,1845,-0.586
792,1845,-0.633
801,1845,-0.681
810,1845,-0.732
819,1845,-0.637
828,1845,-0.55
837,1845,-0.594
846,1845,-0.641
855,1845,-0.69
864,1845,-0.741
873,1845,-0.646
882,1845,-0.694
891,1845,-0.746
900,1845,-0.799
909,1845,-0.855
918,1845,-0.913
927,1845,-0.973
936,1845,-1.036
945,1845,-1.102
954,1845,-0.98
963,1845,-0.867
972,1845,0.926
981,1845,0.987
990,1845,1.05
999,1845,1.117
1008,1845,1.185
1017,1845,1.059
1026,1845,1.126
1035,1845,1.003
1044,1845,0.89
1053,1845,0.95
1062,1845,1.013
1071,1845,1.078
1080,1845,1.146
1089,1845,1.023
1098,1845,0.748
1107,1845,0.803
1116,1845,0.569
1125,1845,0.614
1134,1845,0.532
1143,1845,0.355
1152,1845,0.388
1161,1845,0.424
1170,1845,0.463
1179,1845,0.394
1188,1845,0.331
1197,1845,0.364
1206,1845,0.399
1215,1845,0.436
1224,1845,0.476
1233,1845,0.518
1242,1845,0.442
1251,1845,0.483
1260,1845,0.526
1269,1845,0.571
1278,1845,0.619
1287,1845,0.67
1296,1845,0.725
1305,1845,0.782
1314,1845,0.682
1323,1845,0.59
1332,1845,0.391
1341,1845,0.43
1350,1845,0.471
1359,1845,0.515
1368,1845,0.437
1377,1845,0.479
1386,1845,0.525
1395,1845,0.573
1404,1845,0.488
1413,1845,0.535
1422,1845,0.453
1431,1845,0.498
1440,1845,0.418
1449,1845,0.462
1458,1845,0.283
1467,1845,0.316
1476,1845,0.352
1485,1845,0.392
1494,1845,0.435
1503,1845,0.359
1512,1845,0.291
1521,1845,0.326
1530,1845,0.365
1539,1845,0.295
1548,1845,0.332
1557,1845,0.373
1566,1845,0.417
1575,1845,0.466
1584,1845,0.519
1593,1845,0.577
1602,1845,0.64
1611,1845,0.709
1620,1845,0.596
1629,1845,0.663
1638,1845,0.736
1647,1845,0.618
1656,1845,0.69
1665,1845,0.574
1674,1845,0.644
1683,1845,0.721
1692,1845,0.806
1701,1845,0.9
1710,1845,1.003
1719,1845,0.852
1728,1845,0.956
1737,1845,0.805
1746,1845,0.662
1755,1845,0.756
1764,1845,0.862
1773,1845,0.982
1782,1845,0.816
1791,1845,0.658
1800,1845,0.31
1809,1845,0.376
1818,1845,0.457
1827,1845,0.554
1836,1845,0.399
1845,1845,0.497
1854,1845,0.62
1863,1845,0.435
1872,1845,0.567
1881,1845,0.109
1890,1845,-0
1899,1845,-0
1908,1845,-0
1917,1845,-0
9,1854,-0.135
18,1854,-0.271
27,1854,-0.407
36,1854,-0.544
45,1854,-0.681
54,1854,-0.35
63,1854,-0.442
72,1854,-0.111
81,1854,-0.151
90,1854,-0.196
99,1854,-0.053
108,1854,-0.073
117,1854,-0.097
126,1854,-0.126
135,1854,-0.158
144,1854,-0.194
153,1854,-0.129
162,1854,-0.159
171,1854,-0.192
180,1854,-0.229
189,1854,-0.269
198,1854,-0.313
207,1854,-0.36
216,1854,-0.41
225,1854,-0.187
234,1854,-0.219
243,1854,-0.092
252,1854,-0.063
261,1854,-0.077
270,1854,-0.093
279,1854,-0.065
288,1854,-0.078
297,1854,-0.054
306,1854,-0.066
315,1854,-0.079
324,1854,-0.094
333,1854,-0.111
342,1854,-0.079
351,1854,-0.056
360,1854,-0.067
369,1854,-0.08
378,1854,-0.094
387,1854,-0.109
396,1854,-0.079
405,1854,-0.093
414,1854,-0.108
423,1854,-0.125
432,1854,-0.143
441,1854,-0.163
450,1854,-0.123
459,1854,-0.141
468,1854,-0.105
477,1854,-0.121
486,1854,-0.138
495,1854,-0.157
504,1854,-0.177
513,1854,-0.136
522,1854,-0.154
531,1854,-0.173
540,1854,-0.133
549,1854,-0.101
558,1854,-0.115
567,1854,-0.086
576,1854,-0.099
585,1854,-0.074
594,1854,-0.085
603,1854,-0.097
612,1854,-0.072
621,1854,-0.083
630,1854,-0.095
639,1854,-0.108
648,1854,-0.082
657,1854,-0.093
666,1854,-0.106
675,1854,-0.12
684,1854,-0.135
693,1854,-0.152
702,1854,-0.169
711,1854,-0.189
720,1854,-0.209
729,1854,-0.232
738,1854,-0.255
747,1854,-0.281
756,1854,-0.308
765,1854,-0.336
774,1854,-0.367
783,1854,-0.399
792,1854,-0.432
801,1854,-0.468
810,1854,-0.506
819,1854,-0.423
828,1854,-0.35
837,1854,-0.381
846,1854,-0.413
855,1854,-0.447
864,1854,-0.483
873,1854,-0.404
882,1854,-0.438
891,1854,-0.473
900,1854,-0.51
909,1854,-0.55
918,1854,-0.591
927,1854,-0.634
936,1854,-0.679
945,1854,-0.726
954,1854,-0.775
963,1854,-0.666
972,1854,0.713
981,1854,0.761
990,1854,0.812
999,1854,0.865
1008,1854,0.919
1017,1854,0.798
1026,1854,0.851
1035,1854,0.905
1044,1854,0.785
1053,1854,0.837
1062,1854,0.892
1071,1854,0.948
1080,1854,1.007
1089,1854,0.879
1098,1854,0.762
1107,1854,0.813
1116,1854,0.558
1125,1854,0.6
1134,1854,0.645
1143,1854,0.426
1152,1854,0.462
1161,1854,0.5
1170,1854,0.539
1179,1854,0.453
1188,1854,0.491
1197,1854,0.53
1206,1854,0.572
1215,1854,0.616
1224,1854,0.663
1233,1854,0.712
1242,1854,0.608
1251,1854,0.654
1260,1854,0.703
1269,1854,0.754
1278,1854,0.809
1287,1854,0.865
1296,1854,0.925
1305,1854,0.987
1314,1854,0.858
1323,1854,0.739
1332,1854,0.489
1341,1854,0.531
1350,1854,0.576
1359,1854,0.623
1368,1854,0.523
1377,1854,0.568
1386,1854,0.616
1395,1854,0.666
1404,1854,0.561
1413,1854,0.609
1422,1854,0.509
1431,1854,0.554
1440,1854,0.459
1449,1854,0.502
1458,1854,0.298
1467,1854,0.33
1476,1854,0.365
1485,1854,0.403
1494,1854,0.444
1503,1854,0.357
1512,1854,0.281
1521,1854,0.313
1530,1854,0.349
1539,1854,0.387
1548,1854,0.429
1557,1854,0.475
1566,1854,0.524
1575,1854,0.577
1584,1854,0.634
1593,1854,0.696
1602,1854,0.763
1611,1854,0.835
1620,1854,0.697
1629,1854,0.766
1638,1854,0.841
1647,1854,0.699
1656,1854,0.771
1665,1854,0.85
1674,1854,0.936
1683,1854,1.029
1692,1854,1.131
1701,1854,1.24
1710,1854,1.36
1719,1854,1.164
1728,1854,1.284
1737,1854,1.088
1746,1854,0.904
1755,1854,1.013
1764,1854,1.134
1773,1854,1.269
1782,1854,1.06
1791,1854,0.861
1800,1854,0.423
1809,1854,0.502
1818,1854,0.594
1827,1854,0.704
1836,1854,0.51
1845,1854,0.62
1854,1854,0.756
1863,1854,0.531
1872,1854,0.675
1881,1854,0.135
1890,1854,-0
1899,1854,-0
1908,1854,-0
1917,1854,-0
9,1863,-0.116
18,1863,-0.233
27,1863,-0.35
36,1863,-0.467
45,1863,-0.586
54,1863,-0.278
63,1863,-0.353
72,1863,-0.073
81,1863,-0.102
90,1863,-0.134
99,1863,-0.075
108,1863,-0.099
117,1863,-0.127
126,1863,-0.158
135,1863,-0.193
144,1863,-0.231
153,1863,-0.272
162,1863,-0.317
171,1863,-0.365
180,1863,-0.416
189,1863,-0.469
198,1863,-0.525
207,1863,-0.584
216,1863,-0.646
225,1863,-0.71
234,1863,-0.776
243,1863,-0.374
252,1863,-0.266
261,1863,-0.301
270,1863,-0.338
279,1863,-0.243
288,1863,-0.275
297,1863,-0.196
306,1863,-0.223
315,1863,-0.252
324,1863,-0.283
333,1863,-0.315
342,1863,-0.232
351,1863,-0.167
360,1863,-0.19
369,1863,-0.214
378,1863,-0.24
387,1863,-0.267
396,1863,-0.198
405,1863,-0.221
414,1863,-0.247
423,1863,-0.274
432,1863,-0.303
441,1863,-0.334
450,1863,-0.254
459,1863,-0.281
468,1863,-0.212
477,1863,-0.235
486,1863,-0.26
495,1863,-0.287
504,1863,-0.315
513,1863,-0.242
522,1863,-0.267
531,1863,-0.293
540,1863,-0.225
549,1863,-0.169
558,1863,-0.188
567,1863,-0.141
576,1863,-0.157
585,1863,-0.116
594,1863,-0.13
603,1863,-0.146
612,1863,-0.107
621,1863,-0.121
630,1863,-0.135
639,1863,-0.151
648,1863,-0.168
657,1863,-0.186
666,1863,-0.205
675,1863,-0.226
684,1863,-0.248
693,1863,-0.271
702,1863,-0.296
711,1863,-0.322
720,1863,-0.349
729,1863,-0.378
738,1863,-0.409
747,1863,-0.441
756,1863,-0.475
765,1863,-0.51
774,1863,-0.547
783,1863,-0.585
792,1863,-0.625
801,1863,-0.667
810,1863,-0.71
819,1863,-0.591
828,1863,-0.486
837,1863,-0.522
846,1863,-0.559
855,1863,-0.597
864,1863,-0.637
873,1863,-0.528
882,1863,-0.565
891,1863,-0.604
900,1863,-0.644
909,1863,-0.686
918,1863,-0.73
927,1863,-0.776
936,1863,-0.823
945,1863,-0.872
954,1863,-0.923
963,1863,-0.784
972,1863,0.832
981,1863,0.882
990,1863,0.933
999,1863,0.986
1008,1863,1.041
1017,1863,0.892
1026,1863,0.944
1035,1863,0.998
1044,1863,0.853
1053,1863,0.904
1062,1863,0.957
1071,1863,1.011
1080,1863,1.068
1089,1863,0.917
1098,1863,0.781
1107,1863,0.829
1116,1863,0.547
1125,1863,0.586
1134,1863,0.627
1143,1863,0.52
1152,1863,0.557
1161,1863,0.597
1170,1863,0.638
1179,1863,0.53
1188,1863,0.568
1197,1863,0.608
1206,1863,0.651
1215,1863,0.695
1224,1863,0.742
1233,1863,0.79
1242,1863,0.664
1251,1863,0.71
1260,1863,0.758
1269,1863,0.808
1278,1863,0.86
1287,1863,0.915
1296,1863,0.972
1305,1863,1.031
1314,1863,0.881
1323,1863,0.744
1332,1863,0.471
1341,1863,0.509
1350,1863,0.549
1359,1863,0.591
1368,1863,0.482
1377,1863,0.522
1386,1863,0.563
1395,1863,0.607
1404,1863,0.495
1413,1863,0.536
1422,1863,0.431
1431,1863,0.468
1440,1863,0.371
1449,1863,0.405
1458,1863,0.215
1467,1863,0.239
1476,1863,0.264
1485,1863,0.292
1494,1863,0.323
1503,1863,0.243
1512,1863,0.176
1521,1863,0.197
1530,1863,0.221
1539,1863,0.246
1548,1863,0.275
1557,1863,0.305
1566,1863,0.339
1575,1863,0.375
1584,1863,0.415
1593,1863,0.457
1602,1863,0.504
1611,1863,0.554
1620,1863,0.429
1629,1863,0.476
1638,1863,0.526
1647,1863,0.401
1656,1863,0.447
1665,1863,0.497
1674,1863,0.552
1683,1863,0.613
1692,1863,0.679
1701,1863,0.751
1710,1863,0.83
1719,1863,0.653
1728,1863,0.728
1737,1863,0.811
1746,1863,0.628
1755,1863,0.706
1764,1863,0.794
1773,1863,0.892
1782,1863,1.002
1791,1863,0.781
1800,1863,0.578
1809,1863,0.668
1818,1863,0.774
1827,1863,0.896
1836,1863,0.655
1845,1863,0.778
1854,1863,0.926
1863,1863,0.653
1872,1863,0.808
1881,1863,0.168
1890,1863,-0
1899,1863,-0
1908,1863,-0
1917,1863,-0
9,1872,-0.097
18,1872,-0.195
27,1872,-0.293
36,1872,-0.391
45,1872,-0.49
54,1872,-0.59
63,1872,-0.69
72,1872,-0.129
81,1872,-0.167
90,1872,-0.208
99,1872,-0.252
108,1872,-0.3
117,1872,-0.351
126,1872,-0.405
135,1872,-0.462
144,1872,-0.521
153,1872,-0.582
162,1872,-0.645
171,1872,-0.71
180,1872,-0.778
189,1872,-0.847
198,1872,-0.917
207,1872,-0.99
216,1872,-1.064
225,1872,-1.14
234,1872,-1.217
243,1872,-0.568
252,1872,-0.394
261,1872,-0.435
270,1872,-0.478
279,1872,-0.334
288,1872,-0.369
297,1872,-0.256
306,1872,-0.285
315,1872,-0.316
324,1872,-0.348
333,1872,-0.383
342,1872,-0.272
351,1872,-0.189
360,1872,-0.211
369,1872,-0.235
378,1872,-0.26
387,1872,-0.286
396,1872,-0.203
405,1872,-0.225
414,1872,-0.249
423,1872,-0.274
432,1872,-0.3
441,1872,-0.328
450,1872,-0.239
459,1872,-0.262
468,1872,-0.188
477,1872,-0.208
486,1872,-0.229
495,1872,-0.251
504,1872,-0.275
513,1872,-0.2
522,1872,-0.22
531,1872,-0.241
540,1872,-0.264
549,1872,-0.193
558,1872,-0.212
567,1872,-0.232
576,1872,-0.253
585,1872,-0.185
594,1872,-0.203
603,1872,-0.223
612,1872,-0.162
621,1872,-0.178
630,1872,-0.196
639,1872,-0.214
648,1872,-0.234
657,1872,-0.254
666,1872,-0.276
675,1872,-0.299
684,1872,-0.324
693,1872,-0.349
702,1872,-0.376
711,1872,-0.404
720,1872,-0.433
729,1872,-0.464
738,1872,-0.495
747,1872,-0.528
756,1872,-0.563
765,1872,-0.599
774,1872,-0.636
783,1872,-0.674
792,1872,-0.714
801,1872,-0.756
810,1872,-0.798
819,1872,-0.651
828,1872,-0.523
837,1872,-0.557
846,1872,-0.592
855,1872,-0.629
864,1872,-0.667
873,1872,-0.538
882,1872,-0.572
891,1872,-0.608
900,1872,-0.645
909,1872,-0.683
918,1872,-0.723
927,1872,-0.765
936,1872,-0.807
945,1872,-0.852
954,1872,-0.897
963,1872,-0.945
972,1872,0.993
981,1872,1.044
990,1872,1.096
999,1872,1.149
1008,1872,1.204
1017,1872,1.017
1026,1872,1.069
1035,1872,1.122
1044,1872,1.176
1053,1872,1.233
1062,1872,1.291
1071,1872,1.35
1080,1872,1.412
1089,1872,1.475
1098,1872,1.264
1107,1872,1.323
1116,1872,0.9
1125,1872,0.948
1134,1872,0.999
1143,1872,0.834
1152,1872,0.88
1161,1872,0.929
1170,1872,0.979
1179,1872,0.816
1188,1872,0.862
1197,1872,0.91
1206,1872,0.96
1215,1872,1.012
1224,1872,1.066
1233,1872,1.122
1242,1872,1.18
1251,1872,1.24
1260,1872,1.302
1269,1872,1.366
1278,1872,1.433
1287,1872,1.502
1296,1872,1.573
1305,1872,1.646
1314,1872,1.42
1323,1872,1.212
1332,1872,0.801
1341,1872,0.85
1350,1872,0.901
1359,1872,0.954
1368,1872,1.01
1377,1872,1.068
1386,1872,1.129
1395,1872,1.192
1404,1872,1.001
1413,1872,1.06
1422,1872,0.879
1431,1872,0.935
1440,1872,0.766
1449,1872,0.817
1458,1872,0.482
1467,1872,0.52
1476,1872,0.561
1485,1872,0.604
1494,1872,0.649
1503,1872,0.508
1512,1872,0.386
1521,1872,0.42
1530,1872,0.457
1539,1872,0.496
1548,1872,0.538
1557,1872,0.583
1566,1872,0.631
1575,1872,0.682
1584,1872,0.737
1593,1872,0.795
1602,1872,0.857
1611,1872,0.922
1620,1872,0.734
1629,1872,0.795
1638,1872,0.86
1647,1872,0.673
1656,1872,0.733
1665,1872,0.798
1674,1872,0.868
1683,1872,0.943
1692,1872,1.024
1701,1872,1.112
1710,1872,1.206
1719,1872,0.965
1728,1872,1.054
1737,1872,1.152
1746,1872,0.906
1755,1872,0.999
1764,1872,1.101
1773,1872,1.214
1782,1872,1.339
1791,1872,1.053
1800,1872,0.789
1809,1872,0.893
1818,1872,1.012
1827,1872,1.148
1836,1872,0.846
1845,1872,0.981
1854,1872,1.143
1863,1872,0.808
1872,1872,0.976
1881,1872,0.212
1890,1872,-0
1899,1872,-0
1908,1872,-0
1917,1872,-0
9,1881,-0.078
18,1881,-0.157
27,1881,-0.236
36,1881,-0.316
45,1881,-0.395
54,1881,-0.476
63,1881,-0.556
72,1881,-0.237
81,1881,-0.286
90,1881,-0.337
99,1881,-0.39
108,1881,-0.445
117,1881,-0.502
126,1881,-0.561
135,1881,-0.621
144,1881,-0.683
153,1881,-0.745
162,1881,-0.81
171,1881,-0.875
180,1881,-0.942
189,1881,-1.009
198,1881,-1.078
207,1881,-1.148
216,1881,-1.218
225,1881,-1.29
234,1881,-1.363
243,1881,-0.567
252,1881,-0.613
261,1881,-0.66
270,1881,-0.708
279,1881,-0.478
288,1881,-0.517
297,1881,-0.345
306,1881,-0.377
315,1881,-0.41
324,1881,-0.444
333,1881,-0.48
342,1881,-0.327
351,1881,-0.216
360,1881,-0.238
369,1881,-0.261
378,1881,-0.285
387,1881,-0.31
396,1881,-0.209
405,1881,-0.229
414,1881,-0.25
423,1881,-0.273
432,1881,-0.296
441,1881,-0.321
450,1881,-0.347
459,1881,-0.374
468,1881,-0.261
477,1881,-0.284
486,1881,-0.307
495,1881,-0.331
504,1881,-0.356
513,1881,-0.383
522,1881,-0.41
531,1881,-0.439
540,1881,-0.469
549,1881,-0.499
558,1881,-0.531
567,1881,-0.564
576,1881,-0.598
585,1881,-0.447
594,1881,-0.476
603,1881,-0.507
612,1881,-0.375
621,1881,-0.401
630,1881,-0.428
639,1881,-0.455
648,1881,-0.484
657,1881,-0.514
666,1881,-0.546
675,1881,-0.578
684,1881,-0.611
693,1881,-0.645
702,1881,-0.681
711,1881,-0.717
720,1881,-0.755
729,1881,-0.793
738,1881,-0.833
747,1881,-0.874
756,1881,-0.916
765,1881,-0.96
774,1881,-1.004
783,1881,-1.05
792,1881,-1.096
801,1881,-1.144
810,1881,-1.193
819,1881,-0.967
828,1881,-0.772
837,1881,-0.81
846,1881,-0.85
855,1881,-0.891
864,1881,-0.933
873,1881,-0.745
882,1881,-0.783
891,1881,-0.822
900,1881,-0.862
909,1881,-0.903
918,1881,-0.945
927,1881,-0.989
936,1881,-1.034
945,1881,-1.08
954,1881,-1.127
963,1881,-1.176
972,1881,1.226
981,1881,1.277
990,1881,1.33
999,1881,1.384
1008,1881,1.439
1017,1881,1.194
1026,1881,1.245
1035,1881,1.297
1044,1881,1.351
1053,1881,1.406
1062,1881,1.462
1071,1881,1.52
1080,1881,1.579
1089,1881,1.64
1098,1881,1.377
1107,1881,1.433
1116,1881,0.934
1125,1881,0.978
1134,1881,1.024
1143,1881,0.83
1152,1881,0.872
1161,1881,0.915
1170,1881,0.959
1179,1881,0.773
1188,1881,0.813
1197,1881,0.855
1206,1881,0.898
1215,1881,0.943
1224,1881,0.989
1233,1881,1.037
1242,1881,1.086
1251,1881,1.138
1260,1881,1.19
1269,1881,1.245
1278,1881,1.301
1287,1881,1.36
1296,1881,1.42
1305,1881,1.482
1314,1881,1.546
1323,1881,1.612
1332,1881,1.063
1341,1881,1.116
1350,1881,1.171
1359,1881,1.228
1368,1881,1.287
1377,1881,1.348
1386,1881,1.411
1395,1881,1.476
1404,1881,1.225
1413,1881,1.286
1422,1881,1.052
1431,1881,1.108
1440,1881,0.892
1449,1881,0.943
1458,1881,0.535
1467,1881,0.572
1476,1881,0.611
1485,1881,0.651
1494,1881,0.694
1503,1881,0.525
1512,1881,0.563
1521,1881,0.603
1530,1881,0.645
1539,1881,0.69
1548,1881,0.737
1557,1881,0.787
1566,1881,0.84
1575,1881,0.895
1584,1881,0.954
1593,1881,1.016
1602,1881,1.082
1611,1881,1.151
1620,1881,0.906
1629,1881,0.969
1638,1881,1.036
1647,1881,0.798
1656,1881,0.859
1665,1881,0.924
1674,1881,0.994
1683,1881,1.068
1692,1881,1.148
1701,1881,1.233
1710,1881,1.325
1719,1881,1.032
1728,1881,1.117
1737,1881,1.209
1746,1881,0.918
1755,1881,1.002
1764,1881,1.095
1773,1881,1.197
1782,1881,1.309
1791,1881,0.981
1800,1881,0.685
1809,1881,0.77
1818,1881,0.867
1827,1881,0.977
1836,1881,0.648
1845,1881,0.749
1854,1881,0.869
1863,1881,1.014
1872,1881,1.195
1881,1881,0.271
1890,1881,-0
1899,1881,-0
1908,1881,-0
1917,1881,-0
9,1890,-0.06
18,1890,-0.12
27,1890,-0.18
36,1890,-0.24
45,1890,-0.301
54,1890,-0.362
63,1890,-0.424
72,1890,-0.153
81,1890,-0.186
90,1890,-0.221
99,1890,-0.257
108,1890,-0.295
117,1890,-0.334
126,1890,-0.375
135,1890,-0.417
144,1890,-0.46
153,1890,-0.504
162,1890,-0.549
171,1890,-0.595
180,1890,-0.643
189,1890,-0.691
198,1890,-0.74
207,1890,-0.789
216,1890,-0.84
225,1890,-0.891
234,1890,-0.943
243,1890,-0.31
252,1890,-0.338
261,1890,-0.367
270,1890,-0.397
279,1890,-0.234
288,1890,-0.256
297,1890,-0.279
306,1890,-0.303
315,1890,-0.328
324,1890,-0.354
333,1890,-0.381
342,1890,-0.234
351,1890,-0.137
360,1890,-0.151
369,1890,-0.166
378,1890,-0.181
387,1890,-0.197
396,1890,-0.116
405,1890,-0.128
414,1890,-0.14
423,1890,-0.154
432,1890,-0.168
441,1890,-0.182
450,1890,-0.198
459,1890,-0.214
468,1890,-0.131
477,1890,-0.143
486,1890,-0.155
495,1890,-0.169
504,1890,-0.183
513,1890,-0.197
522,1890,-0.213
531,1890,-0.229
540,1890,-0.246
549,1890,-0.264
558,1890,-0.282
567,1890,-0.301
576,1890,-0.321
585,1890,-0.342
594,1890,-0.363
603,1890,-0.385
612,1890,-0.408
621,1890,-0.432
630,1890,-0.457
639,1890,-0.482
648,1890,-0.508
657,1890,-0.535
666,1890,-0.563
675,1890,-0.591
684,1890,-0.62
693,1890,-0.651
702,1890,-0.681
711,1890,-0.713
720,1890,-0.746
729,1890,-0.779
738,1890,-0.814
747,1890,-0.849
756,1890,-0.885
765,1890,-0.921
774,1890,-0.959
783,1890,-0.998
792,1890,-1.037
801,1890,-1.077
810,1890,-1.118
819,1890,-1.161
828,1890,-0.897
837,1890,-0.934
846,1890,-0.971
855,1890,-1.01
864,1890,-1.05
873,1890,-0.807
882,1890,-0.842
891,1890,-0.877
900,1890,-0.914
909,1890,-0.951
918,1890,-0.989
927,1890,-1.028
936,1890,-1.068
945,1890,-1.109
954,1890,-1.151
963,1890,-1.194
972,1890,1.238
981,1890,1.282
990,1890,1.328
999,1890,1.375
1008,1890,1.423
1017,1890,1.134
1026,1890,1.177
1035,1890,1.221
1044,1890,1.266
1053,1890,1.312
1062,1890,1.359
1071,1890,1.407
1080,1890,1.457
1089,1890,1.507
1098,1890,1.211
1107,1890,1.256
1116,1890,0.734
1125,1890,0.768
1134,1890,0.802
1143,1890,0.837
1152,1890,0.874
1161,1890,0.912
1170,1890,0.95
1179,1890,0.99
1188,1890,1.032
1197,1890,1.074
1206,1890,1.117
1215,1890,1.162
1224,1890,1.208
1233,1890,1.256
1242,1890,1.304
1251,1890,1.354
1260,1890,1.406
1269,1890,1.459
1278,1890,1.513
1287,1890,1.569
1296,1890,1.626
1305,1890,1.685
1314,1890,1.746
1323,1890,1.808
1332,1890,1.135
1341,1890,1.183
1350,1890,1.233
1359,1890,1.284
1368,1890,1.337
1377,1890,1.392
1386,1890,1.448
1395,1890,1.506
1404,1890,1.205
1413,1890,1.258
1422,1890,0.985
1431,1890,1.032
1440,1890,0.787
1449,1890,0.828
1458,1890,0.404
1467,1890,0.431
1476,1890,0.458
1485,1890,0.488
1494,1890,0.519
1503,1890,0.352
1512,1890,0.377
1521,1890,0.403
1530,1890,0.431
1539,1890,0.461
1548,1890,0.492
1557,1890,0.525
1566,1890,0.56
1575,1890,0.597
1584,1890,0.636
1593,1890,0.677
1602,1890,0.721
1611,1890,0.767
1620,1890,0.816
1629,1890,0.868
1638,1890,0.923
1647,1890,0.659
1656,1890,0.705
1665,1890,0.755
1674,1890,0.808
1683,1890,0.865
1692,1890,0.926
1701,1890,0.991
1710,1890,1.06
1719,1890,0.751
1728,1890,0.81
1737,1890,0.875
1746,1890,0.582
1755,1890,0.635
1764,1890,0.694
1773,1890,0.759
1782,1890,0.831
1791,1890,0.91
1800,1890,0.574
1809,1890,0.64
1818,1890,0.714
1827,1890,0.798
1836,1890,0.444
1845,1890,0.51
1854,1890,0.589
1863,1890,0.685
1872,1890,0.803
1881,1890,-0
1890,1890,-0
1899,1890,-0
1908,1890,-0
1917,1890,-0
9,1899,-0.041
18,1899,-0.082
27,1899,-0.124
36,1899,-0.165
45,1899,-0.207
54,1899,-0.249
63,1899,-0.291
72,1899,-0.082
81,1899,-0.1
90,1899,-0.12
99,1899,-0.14
108,1899,-0.162
117,1899,-0.185
126,1899,-0.209
135,1899,-0.234
144,1899,-0.259
153,1899,-0.286
162,1899,-0.313
171,1899,-0.341
180,1899,-0.37
189,1899,-0.399
198,1899,-0.429
207,1899,-0.459
216,1899,-0.491
225,1899,-0.522
234,1899,-0.555
243,1899,-0.588
252,1899,-0.621
261,1899,-0.655
270,1899,-0.689
279,1899,-0.37
288,1899,-0.394
297,1899,-0.419
306,1899,-0.445
315,1899,-0.471
324,1899,-0.497
333,1899,-0.525
342,1899,-0.292
351,1899,-0.153
360,1899,-0.165
369,1899,-0.178
378,1899,-0.192
387,1899,-0.206
396,1899,-0.22
405,1899,-0.236
414,1899,-0.251
423,1899,-0.268
432,1899,-0.285
441,1899,-0.302
450,1899,-0.32
459,1899,-0.338
468,1899,-0.357
477,1899,-0.377
486,1899,-0.397
495,1899,-0.418
504,1899,-0.439
513,1899,-0.46
522,1899,-0.483
531,1899,-0.506
540,1899,-0.529
549,1899,-0.553
558,1899,-0.577
567,1899,-0.602
576,1899,-0.628
585,1899,-0.654
594,1899,-0.68
603,1899,-0.707
612,1899,-0.735
621,1899,-0.763
630,1899,-0.792
639,1899,-0.821
648,1899,-0.851
657,1899,-0.881
666,1899,-0.912
675,1899,-0.944
684,1899,-0.976
693,1899,-1.008
702,1899,-1.042
711,1899,-1.075
720,1899,-1.11
729,1899,-1.144
738,1899,-1.18
747,1899,-1.216
756,1899,-1.252
765,1899,-1.29
774,1899,-1.327
783,1899,-1.366
792,1899,-1.404
801,1899,-1.444
810,1899,-1.484
819,1899,-1.525
828,1899,-1.123
837,1899,-1.158
846,1899,-1.193
855,1899,-1.23
864,1899,-1.266
873,1899,-0.922
882,1899,-0.953
891,1899,-0.985
900,1899,-1.017
909,1899,-1.05
918,1899,-1.083
927,1899,-1.118
936,1899,-1.152
945,1899,-1.188
954,1899,-1.224
963,1899,-1.261
972,1899,1.298
981,1899,1.336
990,1899,1.375
999,1899,1.415
1008,1899,1.455
1017,1899,1.09
1026,1899,1.125
1035,1899,1.16
1044,1899,1.196
1053,1899,1.233
1062,1899,1.271
1071,1899,1.309
1080,1899,1.349
1089,1899,1.389
1098,1899,1.04
1107,1899,1.074
1116,1899,0.781
1125,1899,0.81
1134,1899,0.839
1143,1899,0.87
1152,1899,0.901
1161,1899,0.933
1170,1899,0.965
1179,1899,0.999
1188,1899,1.033
1197,1899,1.068
1206,1899,1.104
1215,1899,1.141
1224,1899,1.179
1233,1899,1.218
1242,1899,1.258
1251,1899,1.299
1260,1899,1.34
1269,1899,1.383
1278,1899,1.427
1287,1899,1.472
1296,1899,1.518
1305,1899,1.565
1314,1899,1.613
1323,1899,1.662
1332,1899,1.273
1341,1899,1.316
1350,1899,1.36
1359,1899,1.406
1368,1899,1.453
1377,1899,1.501
1386,1899,1.55
1395,1899,1.601
1404,1899,1.216
1413,1899,1.26
1422,1899,0.924
1431,1899,0.962
1440,1899,0.674
1449,1899,0.705
1458,1899,0.263
1467,1899,0.279
1476,1899,0.296
1485,1899,0.314
1494,1899,0.333
1503,1899,0.353
1512,1899,0.373
1521,1899,0.395
1530,1899,0.418
1539,1899,0.442
1548,1899,0.467
1557,1899,0.494
1566,1899,0.522
1575,1899,0.551
1584,1899,0.582
1593,1899,0.614
1602,1899,0.648
1611,1899,0.684
1620,1899,0.722
1629,1899,0.762
1638,1899,0.804
1647,1899,0.506
1656,1899,0.538
1665,1899,0.572
1674,1899,0.609
1683,1899,0.648
1692,1899,0.689
1701,1899,0.734
1710,1899,0.781
1719,1899,0.831
1728,1899,0.885
1737,1899,0.943
1746,1899,0.574
1755,1899,0.618
1764,1899,0.667
1773,1899,0.719
1782,1899,0.777
1791,1899,0.841
1800,1899,0.45
1809,1899,0.495
1818,1899,0.547
1827,1899,0.605
1836,1899,0.23
1845,1899,0.263
1854,1899,0.301
1863,1899,0.348
1872,1899,0.406
1881,1899,-0
1890,1899,-0
1899,1899,-0
1908,1899,-0
1917,1899,-0
9,1908,-0.023
18,1908,-0.045
27,1908,-0.068
36,1908,-0.091
45,1908,-0.114
54,1908,-0.137
63,1908,-0.16
72,1908,-0.027
81,1908,-0.034
90,1908,-0.041
99,1908,-0.049
108,1908,-0.057
117,1908,-0.066
126,1908,-0.076
135,1908,-0.085
144,1908,-0.095
153,1908,-0.106
162,1908,-0.117
171,1908,-0.129
180,1908,-0.14
189,1908,-0.153
198,1908,-0.165
207,1908,-0.178
216,1908,-0.191
225,1908,-0.205
234,1908,-0.219
243,1908,-0.233
252,1908,-0.247
261,1908,-0.262
270,1908,-0.277
279,1908,-0.101
288,1908,-0.108
297,1908,-0.117
306,1908,-0.125
315,1908,-0.134
324,1908,-0.143
333,1908,-0.152
342,1908,-0.161
351,1908,-0.171
360,1908,-0.181
369,1908,-0.192
378,1908,-0.202
387,1908,-0.213
396,1908,-0.225
405,1908,-0.236
414,1908,-0.248
423,1908,-0.26
432,1908,-0.272
441,1908,-0.285
450,1908,-0.298
459,1908,-0.311
468,1908,-0.324
477,1908,-0.338
486,1908,-0.352
495,1908,-0.366
504,1908,-0.381
513,1908,-0.395
522,1908,-0.41
531,1908,-0.426
540,1908,-0.441
549,1908,-0.457
558,1908,-0.473
567,1908,-0.49
576,1908,-0.506
585,1908,-0.523
594,1908,-0.54
603,1908,-0.558
612,1908,-0.576
621,1908,-0.594
630,1908,-0.612
639,1908,-0.631
648,1908,-0.649
657,1908,-0.669
666,1908,-0.688
675,1908,-0.708
684,1908,-0.728
693,1908,-0.748
702,1908,-0.769
711,1908,-0.789
720,1908,-0.811
729,1908,-0.832
738,1908,-0.854
747,1908,-0.876
756,1908,-0.898
765,1908,-0.921
774,1908,-0.944
783,1908,-0.967
792,1908,-0.99
801,1908,-1.014
810,1908,-1.039
819,1908,-1.063
828,1908,-0.645
837,1908,-0.664
846,1908,-0.683
855,1908,-0.702
864,1908,-0.721
873,1908,-0.741
882,1908,-0.761
891,1908,-0.782
900,1908,-0.802
909,1908,-0.823
918,1908,-0.845
927,1908,-0.867
936,1908,-0.889
945,1908,-0.911
954,1908,-0.934
963,1908,-0.958
972,1908,0.981
981,1908,1.005
990,1908,1.029
999,1908,1.054
1008,1908,1.079
1017,1908,0.677
1026,1908,0.696
1035,1908,0.716
1044,1908,0.736
1053,1908,0.756
1062,1908,0.777
1071,1908,0.798
1080,1908,0.82
1089,1908,0.841
1098,1908,0.864
1107,1908,0.887
1116,1908,0.54
1125,1908,0.557
1134,1908,0.575
1143,1908,0.592
1152,1908,0.61
1161,1908,0.629
1170,1908,0.648
1179,1908,0.667
1188,1908,0.687
1197,1908,0.707
1206,1908,0.728
1215,1908,0.749
1224,1908,0.771
1233,1908,0.793
1242,1908,0.816
1251,1908,0.839
1260,1908,0.863
1269,1908,0.887
1278,1908,0.912
1287,1908,0.937
1296,1908,0.963
1305,1908,0.99
1314,1908,1.017
1323,1908,1.045
1332,1908,0.652
1341,1908,0.673
1350,1908,0.694
1359,1908,0.717
1368,1908,0.739
1377,1908,0.763
1386,1908,0.787
1395,1908,0.811
1404,1908,0.471
1413,1908,0.489
1422,1908,0.242
1431,1908,0.253
1440,1908,0.095
1449,1908,0.101
1458,1908,0.021
1467,1908,0.023
1476,1908,0.025
1485,1908,0.026
1494,1908,0.028
1503,1908,0.03
1512,1908,0.032
1521,1908,0.035
1530,1908,0.037
1539,1908,0.04
1548,1908,0.043
1557,1908,0.046
1566,1908,0.049
1575,1908,0.052
1584,1908,0.056
1593,1908,0.06
1602,1908,0.064
1611,1908,0.068
1620,1908,0.073
1629,1908,0.078
1638,1908,0.083
1647,1908,0.089
1656,1908,0.095
1665,1908,0.102
1674,1908,0.109
1683,1908,0.116
1692,1908,0.125
1701,1908,0.133
1710,1908,0.143
1719,1908,0.153
1728,1908,0.164
1737,1908,0.176
1746,1908,-0
1755,1908,-0
1764,1908,-0
1773,1908,-0
1782,1908,-0
1791,1908,-0
1800,1908,-0
1809,1908,-0
1818,1908,-0
1827,1908,-0
1836,1908,-0
1845,1908,-0
1854,1908,-0
1863,1908,-0
1872,1908,-0
1881,1908,-0
1890,1908,-0
1899,1908,-0
1908,1908,-0
1917,1908,-0
9,1917,-0.004
18,1917,-0.008
27,1917,-0.012
36,1917,-0.016
45,1917,-0.021
54,1917,-0.025
63,1917,-0.029
72,1917,-0.033
81,1917,-0.037
90,1917,-0.042
99,1917,-0.046
108,1917,-0.05
117,1917,-0.055
126,1917,-0.059
135,1917,-0.063
144,1917,-0.068
153,1917,-0.072
162,1917,-0.077
171,1917,-0.081
180,1917,-0.086
189,1917,-0.09
198,1917,-0.095
207,1917,-0.099
216,1917,-0.104
225,1917,-0.108
234,1917,-0.113
243,1917,-0.118
252,1917,-0.122
261,1917,-0.127
270,1917,-0.132
279,1917,-0.137
288,1917,-0.141
297,1917,-0.146
306,1917,-0.151
315,1917,-0.156
324,1917,-0.161
333,1917,-0.166
342,1917,-0.171
351,1917,-0.176
360,1917,-0.181
369,1917,-0.186
378,1917,-0.191
387,1917,-0.196
396,1917,-0.201
405,1917,-0.206
414,1917,-0.211
423,1917,-0.216
432,1917,-0.222
441,1917,-0.227
450,1917,-0.232
459,1917,-0.238
468,1917,-0.243
477,1917,-0.248
486,1917,-0.254
495,1917,-0.259
504,1917,-0.265
513,1917,-0.27
522,1917,-0.276
531,1917,-0.281
540,1917,-0.287
549,1917,-0.293
558,1917,-0.299
567,1917,-0.304
576,1917,-0.31
585,1917,-0.316
594,1917,-0.322
603,1917,-0.328
612,1917,-0.334
621,1917,-0.34
630,1917,-0.346
639,1917,-0.352
648,1917,-0.358
657,1917,-0.364
666,1917,-0.37
675,1917,-0.377
684,1917,-0.383
693,1917,-0.389
702,1917,-0.396
711,1917,-0.402
720,1917,-0.409
729,1917,-0.415
738,1917,-0.422
747,1917,-0.428
756,1917,-0.435
765,1917,-0.442
774,1917,-0.449
783,1917,-0.456
792,1917,-0.462
801,1917,-0.469
810,1917,-0.476
819,1917,-0.484
828,1917,-0.491
837,1917,-0.498
846,1917,-0.505
855,1917,-0.512
864,1917,-0.52
873,1917,-0.527
882,1917,-0.535
891,1917,-0.542
900,1917,-0.55
909,1917,-0.558
918,1917,-0.565
927,1917,-0.573
936,1917,-0.581
945,1917,-0.589
954,1917,-0.597
963,1917,-0.605
972,1917,0.614
981,1917,0.622
990,1917,0.63
999,1917,0.639
1008,1917,0.647
1017,1917,0.656
1026,1917,0.665
1035,1917,0.674
1044,1917,0.682
1053,1917,0.691
1062,1917,0.7
1071,1917,0.71
1080,1917,0.719
1089,1917,0.728
1098,1917,0.738
1107,1917,0.747
1116,1917,0.757
1125,1917,0.767
1134,1917,0.777
1143,1917,0.787
1152,1917,0.797
1161,1917,0.807
1170,1917,0.818
1179,1917,0.828
1188,1917,0.839
1197,1917,0.849
1206,1917,0.86
1215,1917,0.871
1224,1917,0.883
1233,1917,0.894
1242,1917,0.905
1251,1917,0.917
1260,1917,0.929
1269,1917,0.941
1278,1917,0.953
1287,1917,0.965
1296,1917,0.978
1305,1917,0.99
1314,1917,1.003
1323,1917,1.016
1332,1917,1.029
1341,1917,1.043
1350,1917,1.056
1359,1917,1.07
1368,1917,1.084
1377,1917,1.099
1386,1917,1.113
1395,1917,1.128
1404,1917,1.143
1413,1917,1.158
1422,1917,0.346
1431,1917,0.353
1440,1917,-0
1449,1917,-0
1458,1917,-0
1467,1917,-0
1476,1917,-0
1485,1917,-0
1494,1917,-0
1503,1917,-0
1512,1917,-0
1521,1917,-0
1530,1917,-0
1539,1917,-0
1548,1917,-0
1557,1917,-0
1566,1917,-0
1575,1917,-0
1584,1917,-0
1593,1917,-0
1602,1917,-0
1611,1917,-0
1620,1917,-0
1629,1917,-0
1638,1917,-0
1647,1917,-0
1656,1917,-0
1665,1917,-0
1674,1917,-0
1683,1917,-0
1692,1917,-0
1701,1917,-0
1710,1917,-0
1719,1917,-0
1728,1917,-0
1737,1917,-0
1746,1917,-0
1755,1917,-0
1764,1917,-0
1773,1917,-0
1782,1917,-0
1791,1917,-0
1800,1917,-0
1809,1917,-0
1818,1917,-0
1827,1917,-0
1836,1917,-0
1845,1917,-0
1854,1917,-0
1863,1917,-0
1872,1917,-0
1881,1917,-0
1890,1917,-0
1899,1917,-0
1908,1917,-0
1917,1917,-0
