space,n_pc,null_g,null_gain
eigengenes,2,1,0
eigengenes,2,3,17.5669344350066
eigengenes,2,1,0
eigengenes,2,4,7.37435480801588
eigengenes,2,3,4.80922688161688
eigengenes,2,2,2.3934574117906493
eigengenes,2,3,3.1999906996213383
eigengenes,2,2,7.765504758851989
eigengenes,2,1,0
eigengenes,2,1,0
eigengenes,2,1,0
eigengenes,2,1,0
eigengenes,2,4,12.403416316853367
eigengenes,2,3,22.94240740150866
eigengenes,2,1,0
eigengenes,2,2,1.4672624838063086
eigengenes,2,3,2.2631424593012923
eigengenes,2,2,3.033656292569532
eigengenes,2,2,4.1313238470291225
eigengenes,2,4,0.9921539322677972
eigengenes,2,1,0
eigengenes,2,4,5.950883927169116
eigengenes,2,3,1.3782136912286944
eigengenes,2,1,0
eigengenes,2,3,1.2991918130265816
eigengenes,2,4,18.0256936198125
eigengenes,2,1,0
eigengenes,2,4,1.0217153924967022
eigengenes,2,3,7.816004941466375
eigengenes,2,1,0
eigengenes,2,2,4.250538585324136
eigengenes,2,1,0
eigengenes,2,1,0
eigengenes,2,4,2.991941325169023
eigengenes,2,1,0
eigengenes,2,1,0
eigengenes,2,1,0
eigengenes,2,1,0
eigengenes,2,1,0
eigengenes,2,1,0
eigengenes,2,1,0
eigengenes,2,1,0
eigengenes,2,1,0
eigengenes,2,1,0
eigengenes,2,1,0
eigengenes,2,2,0.557527732502777
eigengenes,2,1,0
eigengenes,2,1,0
eigengenes,2,2,0.8628777397422596
eigengenes,2,3,10.27429223352624
eigengenes,2,4,0.08589276479546015
eigengenes,2,1,0
eigengenes,2,1,0
eigengenes,2,1,0
eigengenes,2,2,1.9623157710201724
eigengenes,2,1,0
eigengenes,2,1,0
eigengenes,2,2,1.5746767873933436
eigengenes,2,4,10.243851004323403
eigengenes,2,3,9.128990219855297
eigengenes,2,1,0
eigengenes,2,1,0
eigengenes,2,4,11.270570336601054
eigengenes,2,1,0
eigengenes,2,1,0
eigengenes,2,1,0
eigengenes,2,4,6.648532079727261
eigengenes,2,2,4.816767506164055
eigengenes,2,2,4.027629354875813
eigengenes,2,3,0.2521353894609888
eigengenes,2,2,2.060128075887093
eigengenes,2,2,3.1848103417868003
eigengenes,2,1,0
eigengenes,2,4,0.16757864868222327
eigengenes,2,1,0
eigengenes,2,2,13.2003432781203
eigengenes,2,4,5.693662570516665
eigengenes,2,2,1.9474230465534532
eigengenes,2,2,4.09217480909993
eigengenes,2,1,0
eigengenes,2,4,0.040177119392438954
eigengenes,2,1,0
eigengenes,2,2,10.987206551861703
eigengenes,2,4,15.87539799991714
eigengenes,2,2,4.280973371550971
eigengenes,2,2,0.4106152816606823
eigengenes,2,4,0.538324860754031
eigengenes,2,2,12.659344582948265
eigengenes,2,1,0
eigengenes,2,1,0
eigengenes,2,1,0
eigengenes,2,2,0.3538083475462628
eigengenes,2,1,0
eigengenes,2,2,2.2146700454915162
eigengenes,2,4,12.429912885384397
eigengenes,2,1,0
eigengenes,2,2,1.529207756679284
eigengenes,2,1,0
eigengenes,2,1,0
eigengenes,2,4,10.850608279680074
eigengenes,2,1,0
eigengenes,2,2,1.125653372448852
eigengenes,2,3,4.445000616297776
eigengenes,2,3,1.2105080628162739
eigengenes,2,4,2.995330522339458
eigengenes,2,2,4.833378221740219
eigengenes,2,1,0
eigengenes,2,3,13.478728587608543
eigengenes,2,1,0
eigengenes,2,1,0
eigengenes,2,4,8.094080570792613
eigengenes,2,2,3.480360147585884
eigengenes,2,1,0
eigengenes,2,2,2.983747022296882
eigengenes,2,1,0
eigengenes,2,3,2.120472519314376
eigengenes,2,1,0
eigengenes,2,3,3.7915034657156355
eigengenes,2,1,0
eigengenes,2,1,0
eigengenes,2,1,0
eigengenes,2,1,0
eigengenes,2,2,2.0205057189347286
eigengenes,2,1,0
eigengenes,2,1,0
eigengenes,2,1,0
eigengenes,2,1,0
eigengenes,2,2,0.15192380370271508
eigengenes,2,3,6.863273974441569
eigengenes,2,1,0
eigengenes,2,2,5.273968992777952
eigengenes,2,4,4.3451647722837095
eigengenes,2,1,0
eigengenes,2,4,30.080258472686978
eigengenes,2,1,0
eigengenes,2,1,0
eigengenes,2,1,0
eigengenes,2,1,0
eigengenes,2,2,6.2033386602874145
eigengenes,2,3,3.524087461576414
eigengenes,2,1,0
eigengenes,2,1,0
eigengenes,2,1,0
eigengenes,2,3,4.378540389068846
eigengenes,2,1,0
eigengenes,2,2,9.659251545622055
eigengenes,2,1,0
eigengenes,2,1,0
eigengenes,2,1,0
eigengenes,2,3,6.026350664949746
eigengenes,2,1,0
eigengenes,2,1,0
eigengenes,2,1,0
eigengenes,2,2,0.5113816212855227
eigengenes,2,1,0
eigengenes,2,1,0
eigengenes,2,1,0
eigengenes,2,1,0
eigengenes,2,1,0
eigengenes,2,1,0
eigengenes,2,3,3.8823711671475394
eigengenes,2,3,16.621796042397037
eigengenes,2,1,0
eigengenes,2,1,0
eigengenes,2,2,5.434869702062571
eigengenes,2,3,17.45889085742985
eigengenes,2,1,0
eigengenes,2,1,0
eigengenes,2,2,1.2017964499830782
eigengenes,2,4,3.5541132406381166
eigengenes,2,3,6.005046056007501
eigengenes,2,1,0
eigengenes,2,3,9.575336912715215
eigengenes,2,3,10.36800439523671
eigengenes,2,1,0
eigengenes,2,1,0
eigengenes,2,1,0
eigengenes,2,2,1.6668528612738385
eigengenes,2,4,6.504026586966063
eigengenes,2,3,16.22153391630215
eigengenes,2,1,0
eigengenes,2,1,0
eigengenes,2,4,27.598941344335373
eigengenes,2,1,0
eigengenes,2,2,0.36557061328940677
eigengenes,2,3,2.181009480409415
eigengenes,2,1,0
eigengenes,2,1,0
eigengenes,2,1,0
eigengenes,2,1,0
eigengenes,2,1,0
eigengenes,2,4,2.2147257936924234
eigengenes,2,1,0
eigengenes,2,4,7.100449183662306
eigengenes,2,1,0
eigengenes,2,4,16.91230438898151
eigengenes,2,1,0
eigengenes,2,2,2.4023633494439025
eigengenes,2,4,1.8733959111625325
eigengenes,2,3,1.1190346550372112
eigengenes,2,1,0
eigengenes,2,1,0
eigengenes,2,2,4.945174358512077
eigengenes,2,4,9.008663714648577
eigengenes,2,1,0
eigengenes,2,3,3.414164688050647
eigengenes,2,2,8.847111135943507
eigengenes,2,2,3.2180557648389367
eigengenes,2,2,0.9630732418049774
eigengenes,2,1,0
eigengenes,2,1,0
eigengenes,2,1,0
eigengenes,2,3,3.570252571652418
eigengenes,2,1,0
eigengenes,2,1,0
eigengenes,2,1,0
eigengenes,2,2,2.41711731935213
eigengenes,2,2,2.9076225773932833
eigengenes,2,3,8.930669553494283
eigengenes,2,4,6.9569089372290875
eigengenes,2,4,9.782402966050086
eigengenes,2,1,0
eigengenes,2,4,2.523575913520915
eigengenes,2,1,0
eigengenes,2,1,0
eigengenes,2,1,0
eigengenes,2,2,0.31551660725941133
eigengenes,2,4,12.107050918724042
eigengenes,2,1,0
eigengenes,2,4,2.5140110828583033
eigengenes,2,1,0
eigengenes,2,1,0
eigengenes,2,4,3.2635314523501506
eigengenes,2,1,0
eigengenes,2,2,22.10583219520062
eigengenes,2,3,3.870123996888637
eigengenes,2,4,3.7324226781545065
eigengenes,2,3,0.09396888292459948
eigengenes,2,1,0
eigengenes,2,1,0
eigengenes,2,1,0
eigengenes,2,3,2.2571855186847927
eigengenes,2,1,0
eigengenes,2,1,0
eigengenes,2,1,0
eigengenes,2,1,0
eigengenes,2,1,0
eigengenes,2,1,0
eigengenes,2,1,0
eigengenes,2,1,0
eigengenes,2,1,0
eigengenes,2,1,0
eigengenes,2,1,0
eigengenes,2,3,2.0498182649051273
eigengenes,2,4,6.791055221686122
eigengenes,2,3,7.55785168480277
eigengenes,2,1,0
eigengenes,2,3,7.777458395947292
eigengenes,2,1,0
eigengenes,2,4,14.336713643728615
eigengenes,2,1,0
eigengenes,2,1,0
eigengenes,2,1,0
eigengenes,2,1,0
eigengenes,2,1,0
eigengenes,2,2,5.09477854542456
eigengenes,2,1,0
eigengenes,2,1,0
eigengenes,2,1,0
eigengenes,2,3,3.9853600049740976
eigengenes,2,4,7.2439026780844245
eigengenes,2,1,0
eigengenes,2,1,0
eigengenes,2,1,0
eigengenes,2,4,3.4795748421050803
eigengenes,2,1,0
eigengenes,2,1,0
eigengenes,2,1,0
eigengenes,2,2,1.290893455900573
eigengenes,2,1,0
eigengenes,2,2,0.5148546209206728
eigengenes,2,2,0.6306327391801005
eigengenes,2,1,0
eigengenes,2,4,7.4132792859779215
eigengenes,2,1,0
eigengenes,2,3,2.109209422692288
eigengenes,2,4,8.347684473013715
eigengenes,2,1,0
eigengenes,2,1,0
eigengenes,2,4,7.422145621628502
eigengenes,2,3,9.244921208312633
eigengenes,2,4,7.442827010202279
eigengenes,2,2,11.530933117812083
eigengenes,2,1,0
eigengenes,2,4,1.6402047517823064
eigengenes,2,1,0
eigengenes,2,1,0
eigengenes,2,1,0
eigengenes,2,1,0
eigengenes,2,1,0
eigengenes,2,4,10.42558693776121
eigengenes,2,1,0
eigengenes,2,1,0
eigengenes,2,1,0
eigengenes,2,4,0.88138245074596
eigengenes,2,1,0
eigengenes,2,4,11.576502764456848
eigengenes,2,1,0
eigengenes,2,3,6.896112396710734
eigengenes,2,3,5.007310042067417
eigengenes,2,1,0
eigengenes,2,1,0
eigengenes,2,3,4.168209551741825
eigengenes,2,1,0
eigengenes,2,2,2.0433904824111266
eigengenes,2,4,6.596077007397724
eigengenes,2,1,0
eigengenes,2,1,0
eigengenes,2,4,9.66617556947071
eigengenes,2,1,0
eigengenes,2,4,2.4446190890973014
eigengenes,2,2,1.2444333241332544
eigengenes,2,1,0
eigengenes,2,1,0
eigengenes,2,1,0
eigengenes,2,1,0
eigengenes,2,1,0
eigengenes,2,1,0
eigengenes,2,1,0
eigengenes,2,1,0
eigengenes,2,1,0
eigengenes,2,1,0
eigengenes,2,4,1.1856307386050844
eigengenes,2,1,0
eigengenes,2,4,5.261547379274646
eigengenes,2,3,0.23980272772797662
eigengenes,2,1,0
eigengenes,2,1,0
eigengenes,2,1,0
eigengenes,2,2,2.0960475661943008
eigengenes,2,3,2.331127653967627
eigengenes,2,1,0
eigengenes,2,3,1.448676552025404
eigengenes,2,1,0
eigengenes,2,3,5.22163252239136
eigengenes,2,1,0
eigengenes,2,1,0
eigengenes,2,1,0
eigengenes,2,2,0.4602688323843722
eigengenes,2,2,9.654140338674878
eigengenes,2,1,0
eigengenes,2,1,0
eigengenes,2,1,0
eigengenes,2,1,0
eigengenes,2,1,0
eigengenes,2,1,0
eigengenes,2,1,0
eigengenes,2,1,0
eigengenes,2,3,3.0324894970627554
eigengenes,2,1,0
eigengenes,2,3,12.262929178199883
eigengenes,2,1,0
eigengenes,2,1,0
eigengenes,2,2,3.804281912976677
eigengenes,2,1,0
eigengenes,2,3,3.77380955248276
eigengenes,2,1,0
eigengenes,2,1,0
eigengenes,2,2,1.5031881948740988
eigengenes,2,4,2.9028446710482854
eigengenes,2,2,6.513550904191646
eigengenes,2,3,12.318609029625662
eigengenes,2,1,0
eigengenes,2,4,2.14398501522021
eigengenes,2,3,5.846499410478671
eigengenes,2,2,3.6173678630595703
eigengenes,2,4,2.743788238338581
eigengenes,2,1,0
eigengenes,2,3,13.326397883675213
eigengenes,2,1,0
eigengenes,2,1,0
eigengenes,2,1,0
eigengenes,2,1,0
eigengenes,2,3,2.9500714708408964
eigengenes,2,3,1.714754386332345
eigengenes,2,4,9.875792159398685
eigengenes,2,1,0
eigengenes,2,1,0
eigengenes,2,2,0.05807207621427324
eigengenes,2,1,0
eigengenes,2,1,0
eigengenes,2,2,8.03750571781535
eigengenes,2,4,5.766197706301142
eigengenes,2,1,0
eigengenes,2,2,1.4649675688760908
eigengenes,2,2,3.3093928020433765
eigengenes,2,1,0
eigengenes,2,3,3.5216978081852233
eigengenes,2,2,9.008332704428
eigengenes,2,1,0
eigengenes,2,1,0
eigengenes,2,1,0
eigengenes,2,1,0
eigengenes,2,3,4.208567163211768
eigengenes,2,1,0
eigengenes,2,1,0
eigengenes,2,1,0
eigengenes,2,2,0.6899882816060483
eigengenes,2,1,0
eigengenes,2,2,0.3294776695015287
eigengenes,2,1,0
eigengenes,2,1,0
eigengenes,2,1,0
eigengenes,2,1,0
eigengenes,2,2,0.38476494228498836
eigengenes,2,3,4.416491727995151
eigengenes,2,1,0
eigengenes,2,1,0
eigengenes,2,1,0
eigengenes,2,3,3.34063147762798
eigengenes,2,2,0.3557770271199274
eigengenes,2,4,1.4639300248496596
eigengenes,2,2,8.438495214015134
eigengenes,2,1,0
eigengenes,2,2,2.7655123298115996
eigengenes,2,1,0
eigengenes,2,1,0
eigengenes,2,1,0
eigengenes,2,1,0
eigengenes,2,1,0
eigengenes,2,1,0
eigengenes,2,1,0
eigengenes,2,2,10.128880712493611
eigengenes,2,1,0
eigengenes,2,4,14.708769046242224
eigengenes,2,4,7.38303524822544
eigengenes,2,1,0
eigengenes,2,4,4.961298075224505
eigengenes,2,1,0
eigengenes,2,2,0.36959768337860055
eigengenes,2,1,0
eigengenes,2,1,0
eigengenes,2,3,0.5291466313989304
eigengenes,2,2,7.934644053798465
eigengenes,2,3,1.6648770212883903
eigengenes,2,2,3.0951500402983783
eigengenes,2,3,3.156862981349036
eigengenes,2,1,0
eigengenes,2,1,0
eigengenes,2,1,0
eigengenes,2,1,0
eigengenes,2,1,0
eigengenes,2,1,0
eigengenes,2,2,4.258431256395312
eigengenes,2,3,4.88472424648964
eigengenes,2,1,0
eigengenes,2,2,3.4205530974349756
eigengenes,2,1,0
eigengenes,2,4,9.036209218028333
eigengenes,2,1,0
eigengenes,2,1,0
eigengenes,2,1,0
eigengenes,2,2,6.121012382456314
eigengenes,2,1,0
eigengenes,2,4,3.4472516768711046
eigengenes,2,4,4.520857644696122
eigengenes,2,2,15.04404497450625
eigengenes,2,1,0
eigengenes,2,1,0
eigengenes,2,1,0
eigengenes,2,4,5.747796827190001
eigengenes,2,2,3.713714600556088
eigengenes,2,4,8.90052518250829
eigengenes,2,2,6.390589868036187
eigengenes,2,1,0
eigengenes,2,1,0
eigengenes,2,4,18.59400111306168
eigengenes,2,1,0
eigengenes,2,1,0
eigengenes,2,3,6.05843537466933
eigengenes,2,1,0
eigengenes,2,1,0
eigengenes,2,4,6.306421898571045
eigengenes,2,3,2.9287406561552274
eigengenes,2,3,1.2601718256148615
eigengenes,2,1,0
eigengenes,2,1,0
eigengenes,2,1,0
eigengenes,2,1,0
eigengenes,2,1,0
eigengenes,2,1,0
eigengenes,2,1,0
eigengenes,2,1,0
eigengenes,2,2,0.029058275425953184
eigengenes,2,3,8.329679855425496
eigengenes,2,1,0
eigengenes,2,2,6.333591994064847
eigengenes,2,3,1.2021806787300306
eigengenes,2,1,0
eigengenes,2,1,0
eigengenes,2,1,0
eigengenes,2,1,0
eigengenes,2,3,5.330050024670555
eigengenes,2,1,0
eigengenes,2,1,0
eigengenes,2,3,18.45132967680877
eigengenes,2,1,0
eigengenes,2,3,7.455335092312652
eigengenes,2,2,1.1541324444122267
eigengenes,2,1,0
eigengenes,2,1,0
eigengenes,2,1,0
eigengenes,2,2,1.5082603743396703
eigengenes,2,4,5.711034269467035
eigengenes,2,1,0
eigengenes,2,3,9.040341559602496
eigengenes,2,1,0
eigengenes,2,1,0
eigengenes,2,1,0
eigengenes,2,1,0
eigengenes,2,1,0
eigengenes,2,4,6.624771249115412
eigengenes,2,4,0.49052037354780964
eigengenes,2,1,0
eigengenes,2,3,2.487286089761227
eigengenes,2,2,3.085852327176525
eigengenes,2,2,0.7286660372555787
eigengenes,2,3,1.624307584149875
eigengenes,2,1,0
eigengenes,2,2,4.497967391453415
eigengenes,2,2,7.075926974334777
eigengenes,2,1,0
eigengenes,2,1,0
eigengenes,2,3,6.506861713562429
eigengenes,2,1,0
eigengenes,2,2,2.606317460112848
eigengenes,2,1,0
eigengenes,2,1,0
eigengenes,2,1,0
eigengenes,2,2,3.4727509168076267
eigengenes,2,1,0
eigengenes,2,3,19.47668509015996
eigengenes,2,1,0
eigengenes,2,2,13.520041357128463
eigengenes,2,1,0
eigengenes,2,1,0
eigengenes,2,1,0
eigengenes,2,1,0
eigengenes,2,1,0
eigengenes,2,2,1.61229690533375
eigengenes,2,2,0.8353197943045529
eigengenes,2,1,0
eigengenes,2,1,0
eigengenes,2,4,1.6115584752369898
eigengenes,2,2,6.698618084727869
eigengenes,2,1,0
eigengenes,2,2,1.9617972062857802
eigengenes,2,1,0
eigengenes,2,4,0.43992204862993844
eigengenes,2,1,0
eigengenes,2,3,11.820570125273008
eigengenes,2,2,0.5625910570226438
eigengenes,2,2,5.600866210895646
eigengenes,2,2,12.353736660930409
eigengenes,2,1,0
eigengenes,2,1,0
eigengenes,2,2,1.9005897606256497
eigengenes,2,1,0
eigengenes,2,2,3.6662280727683765
eigengenes,2,1,0
eigengenes,2,1,0
eigengenes,2,1,0
eigengenes,2,4,7.178791275067056
eigengenes,2,1,0
eigengenes,2,1,0
eigengenes,2,4,5.746084643049258
eigengenes,2,4,10.167902951153522
eigengenes,2,1,0
eigengenes,2,2,0.2533042883919734
eigengenes,2,3,0.8499399547924611
eigengenes,2,1,0
eigengenes,2,4,5.942608039513544
eigengenes,2,4,7.202303525936401
eigengenes,2,4,31.157542294072883
eigengenes,2,3,2.2880300958385362
eigengenes,2,2,4.89060310546958
eigengenes,2,1,0
eigengenes,2,1,0
eigengenes,2,1,0
eigengenes,2,2,2.798965485939135
eigengenes,2,1,0
eigengenes,2,1,0
eigengenes,2,1,0
eigengenes,2,1,0
eigengenes,2,1,0
eigengenes,2,2,0.2498802406729368
eigengenes,2,2,0.21373925842001995
eigengenes,2,2,3.696376917770152
eigengenes,2,1,0
eigengenes,2,2,0.09263244873838516
eigengenes,2,1,0
eigengenes,2,1,0
eigengenes,2,1,0
eigengenes,2,1,0
eigengenes,2,4,11.845896891190364
eigengenes,2,3,3.293690180433174
eigengenes,2,2,1.0712359641673004
eigengenes,2,1,0
eigengenes,2,4,4.421557238563139
eigengenes,2,2,1.6748379192890752
eigengenes,2,1,0
eigengenes,2,1,0
eigengenes,2,2,3.2675673004262933
eigengenes,2,1,0
eigengenes,2,2,0.9461896377224832
eigengenes,2,4,6.52545805286951
eigengenes,2,1,0
eigengenes,2,2,0.8411346741730767
eigengenes,2,1,0
eigengenes,2,4,13.910728902956095
eigengenes,2,1,0
eigengenes,2,1,0
eigengenes,2,4,17.872585539693148
eigengenes,2,2,12.154247775708455
eigengenes,2,4,2.425215199510035
eigengenes,2,1,0
eigengenes,2,2,0.7750551739179912
eigengenes,2,1,0
eigengenes,2,2,5.7965809141233535
eigengenes,2,2,0.30095554858911555
eigengenes,2,2,5.531006169154409
eigengenes,2,4,2.2225191448550277
eigengenes,2,3,1.424876517759884
eigengenes,2,1,0
eigengenes,2,4,10.666753261825107
eigengenes,2,2,6.352169983716394
eigengenes,2,1,0
eigengenes,2,1,0
eigengenes,2,2,1.4608392418393805
eigengenes,2,2,3.274418888999236
eigengenes,2,1,0
eigengenes,2,4,6.4860041332495655
eigengenes,2,1,0
eigengenes,2,3,0.7665936329011913
eigengenes,2,1,0
eigengenes,2,1,0
eigengenes,2,3,6.211405372403561
eigengenes,2,1,0
eigengenes,2,2,0.24161755926107276
eigengenes,2,2,0.7600183830159608
eigengenes,2,1,0
eigengenes,2,1,0
eigengenes,2,1,0
eigengenes,2,2,4.179627370275384
eigengenes,2,2,0.3845211198955383
eigengenes,2,1,0
eigengenes,2,3,1.3004735210130605
eigengenes,2,3,1.1465992618734617
eigengenes,2,1,0
eigengenes,2,4,5.127390445931411
eigengenes,2,3,9.835285922738308
eigengenes,2,2,13.3455102823211
eigengenes,2,1,0
eigengenes,2,1,0
eigengenes,2,2,4.600175612441177
eigengenes,2,4,1.2857301533240957
eigengenes,2,1,0
eigengenes,2,1,0
eigengenes,2,1,0
eigengenes,2,3,0.8400514399647818
eigengenes,2,1,0
eigengenes,2,1,0
eigengenes,2,4,0.524600210884671
eigengenes,2,4,8.807501438392507
eigengenes,2,2,5.546679355258917
eigengenes,2,1,0
eigengenes,2,2,4.2412227728604535
eigengenes,2,1,0
eigengenes,2,1,0
eigengenes,2,1,0
eigengenes,2,1,0
eigengenes,2,1,0
eigengenes,2,2,5.769192501238933
eigengenes,2,2,5.225266894772048
eigengenes,2,1,0
eigengenes,2,1,0
eigengenes,2,3,2.6373291129382608
eigengenes,2,2,2.107858181632224
eigengenes,2,4,9.221428485810009
eigengenes,2,1,0
eigengenes,2,3,12.355068941905103
eigengenes,2,1,0
eigengenes,2,1,0
eigengenes,2,3,0.5928228392509709
eigengenes,2,1,0
eigengenes,2,1,0
eigengenes,2,3,9.809255064267376
eigengenes,2,3,14.621777641512267
eigengenes,2,1,0
eigengenes,2,1,0
eigengenes,2,1,0
eigengenes,2,1,0
eigengenes,2,2,3.7428092896609115
eigengenes,2,4,0.8434225213006528
eigengenes,2,2,6.454598521996459
eigengenes,2,1,0
eigengenes,2,2,2.0467054001705804
eigengenes,2,2,1.9643549119303714
eigengenes,2,1,0
eigengenes,2,3,3.6510737542323284
eigengenes,2,3,4.355427918318867
eigengenes,2,1,0
eigengenes,2,2,1.476202936659604
eigengenes,2,3,8.743128505692098
eigengenes,2,1,0
eigengenes,2,1,0
eigengenes,2,1,0
eigengenes,2,2,2.6195782221780064
eigengenes,2,1,0
eigengenes,2,3,2.2162611793222595
eigengenes,2,1,0
eigengenes,2,1,0
eigengenes,2,3,8.987000207273013
eigengenes,2,1,0
eigengenes,2,2,2.739266791644809
eigengenes,2,3,1.196491705605439
eigengenes,2,2,0.3452935715121299
eigengenes,2,1,0
eigengenes,2,4,4.8647787298338585
eigengenes,2,3,2.23027104044138
eigengenes,2,3,2.5203486842381153
eigengenes,2,2,5.040919925305303
eigengenes,2,2,0.15710702580619795
eigengenes,2,1,0
eigengenes,2,3,7.141165530212476
eigengenes,2,1,0
eigengenes,2,1,0
eigengenes,2,2,7.08689489185646
eigengenes,2,4,2.71962603298914
eigengenes,2,2,17.570711939317675
eigengenes,2,1,0
eigengenes,2,1,0
eigengenes,2,1,0
eigengenes,2,1,0
eigengenes,2,1,0
eigengenes,2,3,3.2022530399305253
eigengenes,2,2,2.671930262598565
eigengenes,2,2,1.5797863725577486
eigengenes,2,1,0
eigengenes,2,2,1.0162909634864263
eigengenes,2,1,0
eigengenes,2,2,1.4758205605524495
eigengenes,2,1,0
eigengenes,2,1,0
eigengenes,2,4,5.035915587896582
eigengenes,2,1,0
eigengenes,2,2,0.6932932091088162
eigengenes,2,1,0
eigengenes,2,1,0
eigengenes,2,1,0
eigengenes,2,1,0
eigengenes,2,2,0.5813878932930976
eigengenes,2,1,0
eigengenes,2,1,0
eigengenes,2,4,0.26761193747506695
eigengenes,2,2,11.684163413114732
eigengenes,2,1,0
eigengenes,2,1,0
eigengenes,2,1,0
eigengenes,2,1,0
eigengenes,2,1,0
eigengenes,2,4,0.9438221883523852
eigengenes,2,3,0.6675433763093253
eigengenes,2,2,0.411838401254343
eigengenes,2,1,0
eigengenes,2,2,3.074690176564374
eigengenes,2,1,0
eigengenes,2,1,0
eigengenes,2,1,0
eigengenes,2,1,0
eigengenes,2,1,0
eigengenes,2,4,4.4891058205028855
eigengenes,2,2,4.891071460271121
eigengenes,2,2,0.7019724379011336
eigengenes,2,2,2.518517980636773
eigengenes,2,2,3.4686731200910828
eigengenes,2,2,5.743637302624478
eigengenes,2,1,0
eigengenes,2,2,10.465614225221415
eigengenes,2,3,5.500881259628159
eigengenes,2,1,0
eigengenes,2,1,0
eigengenes,2,3,3.6860684570513342
eigengenes,2,1,0
eigengenes,2,2,4.8013992916068275
eigengenes,2,1,0
eigengenes,2,4,6.923824006499331
eigengenes,2,2,8.53689555849985
eigengenes,2,2,14.664928443987947
eigengenes,2,2,2.2241241352089958
eigengenes,2,1,0
eigengenes,2,1,0
eigengenes,2,2,4.399238223967956
eigengenes,2,3,2.7108247628931963
eigengenes,2,1,0
eigengenes,2,1,0
eigengenes,2,4,10.472334651433101
eigengenes,2,1,0
eigengenes,2,3,6.84817304669528
eigengenes,2,1,0
eigengenes,2,1,0
eigengenes,2,1,0
eigengenes,2,3,8.739295528266737
eigengenes,2,1,0
eigengenes,2,3,0.5894923665438796
eigengenes,2,2,3.7848509918796225
eigengenes,2,3,29.96424962871096
eigengenes,2,3,0.6346623297455665
eigengenes,2,2,0.6178808276065553
eigengenes,2,2,4.218230126855929
eigengenes,2,1,0
eigengenes,2,3,8.926670838947018
eigengenes,2,2,1.1203374920939098
eigengenes,2,1,0
eigengenes,2,1,0
eigengenes,2,1,0
eigengenes,2,2,7.870312359140144
eigengenes,2,1,0
eigengenes,2,2,5.140953500316812
eigengenes,2,4,23.02418243017533
eigengenes,2,1,0
eigengenes,2,1,0
eigengenes,2,3,4.197145775760475
eigengenes,2,4,1.2890860732115925
eigengenes,2,3,8.499613978257997
eigengenes,2,2,0.9089849809288069
eigengenes,2,2,2.8649508217672235
eigengenes,2,3,8.64538307642215
eigengenes,2,1,0
eigengenes,2,1,0
eigengenes,2,1,0
eigengenes,2,1,0
eigengenes,2,1,0
eigengenes,2,1,0
eigengenes,2,1,0
eigengenes,2,1,0
eigengenes,2,1,0
eigengenes,2,1,0
eigengenes,2,4,2.3252577420682314
eigengenes,2,2,3.345772964741599
eigengenes,2,1,0
eigengenes,2,1,0
eigengenes,2,1,0
eigengenes,2,2,1.428344452637873
eigengenes,2,4,16.994687697584027
eigengenes,2,1,0
eigengenes,2,1,0
eigengenes,2,4,9.591065936011148
eigengenes,2,2,4.5176961596989145
eigengenes,2,4,7.140393649525578
eigengenes,2,3,24.264535157476374
eigengenes,2,3,4.16849557962135
eigengenes,2,1,0
eigengenes,2,2,3.5381498360790715
eigengenes,2,2,4.343617640166613
eigengenes,2,1,0
eigengenes,2,1,0
eigengenes,2,1,0
eigengenes,2,2,5.437210430009472
eigengenes,2,4,8.453242332917682
eigengenes,2,4,15.959890843640181
eigengenes,2,1,0
eigengenes,2,1,0
eigengenes,2,1,0
eigengenes,2,2,6.754822525998293
eigengenes,2,1,0
eigengenes,2,1,0
eigengenes,2,4,5.479231473419844
eigengenes,2,1,0
eigengenes,2,1,0
eigengenes,2,1,0
eigengenes,2,1,0
eigengenes,2,1,0
eigengenes,2,1,0
eigengenes,2,2,9.959205561892304
eigengenes,2,1,0
eigengenes,2,2,14.47946029622696
eigengenes,2,1,0
eigengenes,2,2,8.016352072462453
eigengenes,2,1,0
eigengenes,2,1,0
eigengenes,2,1,0
eigengenes,2,1,0
eigengenes,2,2,5.064611406933011
eigengenes,2,1,0
eigengenes,2,1,0
eigengenes,2,2,2.817826258742514
eigengenes,2,1,0
eigengenes,2,4,2.3456349082694885
eigengenes,2,2,3.218998091353427
eigengenes,2,2,1.582267758713897
eigengenes,2,1,0
eigengenes,2,3,3.0056251448491764
eigengenes,2,1,0
eigengenes,2,1,0
eigengenes,2,3,5.227103882628143
eigengenes,2,1,0
eigengenes,2,1,0
eigengenes,2,3,2.9962170821077905
eigengenes,2,3,8.090514885109826
eigengenes,2,4,4.328962146894696
eigengenes,2,1,0
eigengenes,2,3,6.852577788875664
eigengenes,2,4,2.470508836953826
eigengenes,2,1,0
eigengenes,2,1,0
eigengenes,2,2,19.275424343994274
eigengenes,2,1,0
eigengenes,2,1,0
eigengenes,2,1,0
eigengenes,2,1,0
eigengenes,2,1,0
eigengenes,2,3,1.4386242835712437
eigengenes,2,2,2.2575584738885226
eigengenes,2,1,0
eigengenes,2,1,0
eigengenes,2,1,0
eigengenes,2,4,7.00924835110132
eigengenes,2,3,15.316464102319742
eigengenes,2,1,0
eigengenes,2,4,22.126632411479875
eigengenes,2,2,3.328185545507779
eigengenes,2,1,0
eigengenes,2,4,0.548216339327837
eigengenes,2,1,0
eigengenes,2,1,0
eigengenes,2,4,29.202291623821424
eigengenes,2,3,1.305512425062119
eigengenes,2,1,0
eigengenes,2,1,0
eigengenes,2,3,2.643382900345472
eigengenes,2,1,0
eigengenes,2,1,0
eigengenes,2,1,0
eigengenes,2,2,0.1609060717349564
eigengenes,2,2,2.0099671928343525
eigengenes,2,3,6.88572076052381
eigengenes,2,4,4.193494249586962
eigengenes,2,2,1.6711168422999378
eigengenes,2,2,1.3665852978776911
eigengenes,2,1,0
eigengenes,2,1,0
eigengenes,2,3,14.865495779246487
eigengenes,2,4,6.555445602937951
eigengenes,2,2,0.26388498314162234
eigengenes,2,1,0
eigengenes,2,2,5.85791462599596
eigengenes,2,1,0
eigengenes,2,2,3.753063005349759
eigengenes,2,2,1.2519145281206079
eigengenes,2,2,0.16110219775003998
eigengenes,2,4,6.077695476946573
eigengenes,2,1,0
eigengenes,2,3,1.918630045669147
eigengenes,2,2,4.12107065905893
eigengenes,2,4,14.337399708468666
eigengenes,2,1,0
eigengenes,2,4,0.7467626690978761
eigengenes,2,1,0
eigengenes,2,1,0
eigengenes,2,4,3.832112914781021
eigengenes,2,1,0
eigengenes,2,1,0
eigengenes,2,2,5.158707786422923
eigengenes,2,3,5.062774090343794
eigengenes,2,1,0
eigengenes,2,1,0
eigengenes,2,2,4.917383058136551
eigengenes,2,1,0
eigengenes,2,1,0
eigengenes,2,1,0
eigengenes,2,1,0
eigengenes,2,1,0
eigengenes,2,1,0
eigengenes,2,2,9.005043662762816
eigengenes,2,2,3.305812881285931
eigengenes,2,4,5.689593938752893
eigengenes,2,1,0
eigengenes,2,1,0
eigengenes,2,1,0
eigengenes,2,3,13.230152190444016
eigengenes,2,2,3.7839688688066815
eigengenes,2,2,6.542451364116857
eigengenes,2,1,0
eigengenes,2,1,0
eigengenes,2,1,0
eigengenes,2,3,13.671500987972095
eigengenes,2,4,8.012060121588064
eigengenes,2,2,5.4655585794653945
eigengenes,3,1,0
eigengenes,3,3,8.618596527004144
eigengenes,3,3,2.887082856308524
eigengenes,3,2,2.700178286348887
eigengenes,3,3,9.675264188707132
eigengenes,3,1,0
eigengenes,3,3,16.102943641936946
eigengenes,3,4,29.253304617731317
eigengenes,3,4,22.947463081875156
eigengenes,3,1,0
eigengenes,3,2,4.438086653322188
eigengenes,3,4,1.2117023722942974
eigengenes,3,3,7.150701648769115
eigengenes,3,1,0
eigengenes,3,1,0
eigengenes,3,2,0.5579383746942881
eigengenes,3,3,6.418247980199766
eigengenes,3,1,0
eigengenes,3,2,6.4920276981141285
eigengenes,3,1,0
eigengenes,3,4,7.679463595019882
eigengenes,3,1,0
eigengenes,3,1,0
eigengenes,3,1,0
eigengenes,3,2,0.29684103367944203
eigengenes,3,2,13.199756385539615
eigengenes,3,1,0
eigengenes,3,3,9.822843616087283
eigengenes,3,4,38.201633384814045
eigengenes,3,1,0
eigengenes,3,3,12.864202963191786
eigengenes,3,1,0
eigengenes,3,1,0
eigengenes,3,4,1.056293259028024
eigengenes,3,4,27.278654896904868
eigengenes,3,4,31.04358757181288
eigengenes,3,4,16.58538060179336
eigengenes,3,1,0
eigengenes,3,2,3.6041320545643885
eigengenes,3,2,2.606603423218786
eigengenes,3,4,4.814943986339131
eigengenes,3,3,3.3350681065271885
eigengenes,3,2,0.224928326728417
eigengenes,3,2,5.481989027160694
eigengenes,3,1,0
eigengenes,3,1,0
eigengenes,3,4,4.635899274899316
eigengenes,3,1,0
eigengenes,3,2,1.4842915278933901
eigengenes,3,1,0
eigengenes,3,2,3.0956598049467345
eigengenes,3,3,6.425459021573772
eigengenes,3,3,15.215902758567438
eigengenes,3,4,16.452643111054698
eigengenes,3,4,9.205757560635135
eigengenes,3,2,0.896465893805015
eigengenes,3,1,0
eigengenes,3,2,9.18550867626152
eigengenes,3,2,3.1116659621692975
eigengenes,3,1,0
eigengenes,3,1,0
eigengenes,3,1,0
eigengenes,3,4,11.105091771865318
eigengenes,3,4,2.5897882724387387
eigengenes,3,4,36.57918947152052
eigengenes,3,3,8.671946458106078
eigengenes,3,3,33.31057805101645
eigengenes,3,4,3.9336421199044764
eigengenes,3,1,0
eigengenes,3,1,0
eigengenes,3,4,11.467135793662862
eigengenes,3,1,0
eigengenes,3,1,0
eigengenes,3,3,1.299199275041019
eigengenes,3,1,0
eigengenes,3,2,19.12850476959275
eigengenes,3,2,7.32334273281694
eigengenes,3,1,0
eigengenes,3,4,8.835236689966678
eigengenes,3,1,0
eigengenes,3,2,1.6943127187713571
eigengenes,3,2,4.616822573760828
eigengenes,3,4,37.91477220326425
eigengenes,3,4,14.015092057054005
eigengenes,3,1,0
eigengenes,3,3,11.653464079057926
eigengenes,3,1,0
eigengenes,3,3,11.58590029309886
eigengenes,3,2,1.4823906346387048
eigengenes,3,2,0.017902791477638402
eigengenes,3,4,3.626711594550983
eigengenes,3,4,29.53167729880306
eigengenes,3,4,13.007303910111972
eigengenes,3,2,0.7621189642035802
eigengenes,3,1,0
eigengenes,3,1,0
eigengenes,3,1,0
eigengenes,3,1,0
eigengenes,3,4,2.9202999695775134
eigengenes,3,4,65.84943647313483
eigengenes,3,4,6.173044423670859
eigengenes,3,2,14.221002594207562
eigengenes,3,1,0
eigengenes,3,2,12.410874707244574
eigengenes,3,1,0
eigengenes,3,1,0
eigengenes,3,1,0
eigengenes,3,3,7.595917958838982
eigengenes,3,2,2.9469423318427346
eigengenes,3,4,20.205550205933832
eigengenes,3,4,29.438159305656228
eigengenes,3,2,0.6617181627013906
eigengenes,3,1,0
eigengenes,3,4,19.49211158562693
eigengenes,3,2,11.476429480737636
eigengenes,3,3,5.193268494036573
eigengenes,3,1,0
eigengenes,3,4,32.1477527703492
eigengenes,3,1,0
eigengenes,3,1,0
eigengenes,3,1,0
eigengenes,3,4,2.374824486169018
eigengenes,3,1,0
eigengenes,3,1,0
eigengenes,3,2,0.8187287481648298
eigengenes,3,1,0
eigengenes,3,1,0
eigengenes,3,4,14.545077640279402
eigengenes,3,3,10.411875474999789
eigengenes,3,1,0
eigengenes,3,4,1.505427978765141
eigengenes,3,3,1.6400725786463397
eigengenes,3,1,0
eigengenes,3,2,22.48380789703404
eigengenes,3,1,0
eigengenes,3,2,2.7348276199704458
eigengenes,3,4,0.5994224879535182
eigengenes,3,2,0.13865287957787586
eigengenes,3,4,3.776088139708122
eigengenes,3,1,0
eigengenes,3,1,0
eigengenes,3,1,0
eigengenes,3,1,0
eigengenes,3,2,2.651897848757841
eigengenes,3,3,16.88372886570832
eigengenes,3,3,16.81808093342059
eigengenes,3,1,0
eigengenes,3,2,20.115326742966175
eigengenes,3,4,20.318018195495284
eigengenes,3,4,2.1460465760789873
eigengenes,3,3,3.3779732807028893
eigengenes,3,4,3.235756240864646
eigengenes,3,4,17.50382819663926
eigengenes,3,1,0
eigengenes,3,2,4.207161039278219
eigengenes,3,1,0
eigengenes,3,2,4.4677519224689775
eigengenes,3,2,6.798771022728403
eigengenes,3,1,0
eigengenes,3,1,0
eigengenes,3,4,16.71850729559617
eigengenes,3,4,66.08954295158128
eigengenes,3,3,5.983701214437161
eigengenes,3,3,4.249082306621688
eigengenes,3,4,22.43710973993163
eigengenes,3,2,1.1990394206481767
eigengenes,3,4,23.288465439281765
eigengenes,3,2,0.3972933203409923
eigengenes,3,1,0
eigengenes,3,1,0
eigengenes,3,4,7.2121653069672504
eigengenes,3,4,1.1778470333224789
eigengenes,3,3,12.355165779172012
eigengenes,3,1,0
eigengenes,3,1,0
eigengenes,3,2,3.0140381640678697
eigengenes,3,1,0
eigengenes,3,4,9.978427041290274
eigengenes,3,4,32.384880731194045
eigengenes,3,3,4.36107321793699
eigengenes,3,1,0
eigengenes,3,4,34.4177662178642
eigengenes,3,1,0
eigengenes,3,4,26.915845016941233
eigengenes,3,4,11.406543821793775
eigengenes,3,1,0
eigengenes,3,2,1.3969987847092398
eigengenes,3,4,36.413183274809256
eigengenes,3,1,0
eigengenes,3,4,13.136394931753841
eigengenes,3,4,8.524014717569628
eigengenes,3,2,1.0984764330997905
eigengenes,3,4,30.047399988435018
eigengenes,3,4,12.948422937032177
eigengenes,3,2,2.7471117533197003
eigengenes,3,1,0
eigengenes,3,3,13.041470951237073
eigengenes,3,2,8.784693447951298
eigengenes,3,1,0
eigengenes,3,1,0
eigengenes,3,3,0.9300602205261441
eigengenes,3,2,0.9639496059100736
eigengenes,3,1,0
eigengenes,3,1,0
eigengenes,3,1,0
eigengenes,3,1,0
eigengenes,3,3,4.241581656274889
eigengenes,3,4,2.675633698237476
eigengenes,3,1,0
eigengenes,3,3,1.3756329726906245
eigengenes,3,2,10.126236563300267
eigengenes,3,1,0
eigengenes,3,1,0
eigengenes,3,1,0
eigengenes,3,1,0
eigengenes,3,2,6.606692691809656
eigengenes,3,4,10.64485696772823
eigengenes,3,2,13.580578861972754
eigengenes,3,3,12.066659687328581
eigengenes,3,4,48.09614156629917
eigengenes,3,2,8.820109381218714
eigengenes,3,3,7.887752659619622
eigengenes,3,4,19.212978564593556
eigengenes,3,3,2.8672911631030615
eigengenes,3,3,6.483715318150757
eigengenes,3,2,8.942880632050418
eigengenes,3,3,4.716004166519895
eigengenes,3,2,2.6144718473975104
eigengenes,3,1,0
eigengenes,3,2,2.0376552709617215
eigengenes,3,4,36.039600670254885
eigengenes,3,3,5.938907898105242
eigengenes,3,4,10.44107676017066
eigengenes,3,2,7.027055801478355
eigengenes,3,2,3.3333515783135965
eigengenes,3,4,3.430620076929756
eigengenes,3,3,2.8367702422766
eigengenes,3,2,7.644986459638432
eigengenes,3,1,0
eigengenes,3,2,0.3409607206687042
eigengenes,3,1,0
eigengenes,3,3,0.33219120562955595
eigengenes,3,3,9.212950745998683
eigengenes,3,1,0
eigengenes,3,4,22.574637142540922
eigengenes,3,3,1.417706095338474
eigengenes,3,1,0
eigengenes,3,2,7.905281104967997
eigengenes,3,4,12.063755656358154
eigengenes,3,3,17.68814979125679
eigengenes,3,4,4.43912832071257
eigengenes,3,3,28.69253774413457
eigengenes,3,1,0
eigengenes,3,2,0.5820104212715194
eigengenes,3,2,10.87487048634037
eigengenes,3,2,2.7209193412786874
eigengenes,3,1,0
eigengenes,3,3,9.895216836402426
eigengenes,3,1,0
eigengenes,3,3,3.831863179798461
eigengenes,3,2,3.255033172159017
eigengenes,3,4,17.44175419064399
eigengenes,3,4,26.94356781331325
eigengenes,3,1,0
eigengenes,3,1,0
eigengenes,3,2,6.235625296303965
eigengenes,3,1,0
eigengenes,3,1,0
eigengenes,3,1,0
eigengenes,3,4,6.670120504312024
eigengenes,3,4,34.742721163990836
eigengenes,3,1,0
eigengenes,3,4,13.174016579025817
eigengenes,3,3,15.493332447274582
eigengenes,3,4,12.788247441980076
eigengenes,3,1,0
eigengenes,3,4,26.418836926395215
eigengenes,3,4,13.551468740493476
eigengenes,3,1,0
eigengenes,3,1,0
eigengenes,3,2,2.5917423750220223
eigengenes,3,1,0
eigengenes,3,4,31.145630029161538
eigengenes,3,4,2.6710222358351814
eigengenes,3,2,8.054268563377718
eigengenes,3,1,0
eigengenes,3,4,1.966341272627858
eigengenes,3,1,0
eigengenes,3,2,4.060393825868857
eigengenes,3,1,0
eigengenes,3,2,5.664422640608933
eigengenes,3,1,0
eigengenes,3,4,5.63441425529939
eigengenes,3,1,0
eigengenes,3,3,1.5567568684238609
eigengenes,3,3,11.480775882750095
eigengenes,3,1,0
eigengenes,3,4,16.578997518452553
eigengenes,3,2,3.516552469223768
eigengenes,3,3,19.737088628069472
eigengenes,3,2,6.474714692015738
eigengenes,3,1,0
eigengenes,3,2,1.76652669826467
eigengenes,3,1,0
eigengenes,3,4,24.979408347318326
eigengenes,3,4,11.467780045387116
eigengenes,3,4,25.509981012493
eigengenes,3,4,29.69116408587621
eigengenes,3,3,4.429799711333516
eigengenes,3,4,18.545885933477336
eigengenes,3,1,0
eigengenes,3,2,4.2925476516823835
eigengenes,3,2,0.3005326558383672
eigengenes,3,3,3.099542792225975
eigengenes,3,2,5.573638172635896
eigengenes,3,4,0.31638646429126993
eigengenes,3,1,0
eigengenes,3,1,0
eigengenes,3,1,0
eigengenes,3,2,1.3959268968180254
eigengenes,3,1,0
eigengenes,3,1,0
eigengenes,3,2,9.277448091690758
eigengenes,3,4,17.85134146710243
eigengenes,3,1,0
eigengenes,3,4,44.594070347444415
eigengenes,3,3,6.241815856036908
eigengenes,3,4,4.418430283151508
eigengenes,3,2,2.168221361697533
eigengenes,3,4,17.359220832803146
eigengenes,3,1,0
eigengenes,3,2,5.948676086344136
eigengenes,3,1,0
eigengenes,3,4,57.19845208063256
eigengenes,3,1,0
eigengenes,3,1,0
eigengenes,3,1,0
eigengenes,3,2,6.112418699249872
eigengenes,3,1,0
eigengenes,3,2,0.008621960113060823
eigengenes,3,1,0
eigengenes,3,4,3.917018753208083
eigengenes,3,4,28.610054337890745
eigengenes,3,4,82.15332335462581
eigengenes,3,4,7.976197527460926
eigengenes,3,1,0
eigengenes,3,1,0
eigengenes,3,4,13.322876632497781
eigengenes,3,3,11.500345100240395
eigengenes,3,2,3.581329753043434
eigengenes,3,2,7.00845662702784
eigengenes,3,1,0
eigengenes,3,4,10.838670548310063
eigengenes,3,2,4.772379782749823
eigengenes,3,2,9.076574716030564
eigengenes,3,2,4.070103156594996
eigengenes,3,3,8.501396009349065
eigengenes,3,3,11.405605048415879
eigengenes,3,2,0.8618622921420354
eigengenes,3,1,0
eigengenes,3,1,0
eigengenes,3,2,5.446385683605797
eigengenes,3,1,0
eigengenes,3,4,14.160181869719935
eigengenes,3,2,4.40826462818336
eigengenes,3,4,18.64623661988165
eigengenes,3,1,0
eigengenes,3,3,6.726957643265536
eigengenes,3,3,7.526127752003532
eigengenes,3,2,2.260278037038006
eigengenes,3,4,25.907092936078215
eigengenes,3,3,1.245791478355926
eigengenes,3,4,20.089461713059933
eigengenes,3,4,50.76172331582862
eigengenes,3,4,21.502920375871213
eigengenes,3,1,0
eigengenes,3,2,0.25796337031232497
eigengenes,3,1,0
eigengenes,3,2,8.163737927085776
eigengenes,3,1,0
eigengenes,3,4,9.144575092794497
eigengenes,3,1,0
eigengenes,3,3,24.95164299336423
eigengenes,3,1,0
eigengenes,3,3,8.552497528814314
eigengenes,3,4,3.142014146263193
eigengenes,3,2,0.8162321329445206
eigengenes,3,1,0
eigengenes,3,1,0
eigengenes,3,3,1.759826541138267
eigengenes,3,3,8.727039125034281
eigengenes,3,1,0
eigengenes,3,2,7.786781278437616
eigengenes,3,2,6.422213079708257
eigengenes,3,1,0
eigengenes,3,2,2.834793791392883
eigengenes,3,1,0
eigengenes,3,1,0
eigengenes,3,2,3.1296439297785525
eigengenes,3,4,51.15657478532634
eigengenes,3,1,0
eigengenes,3,1,0
eigengenes,3,3,14.902589971726712
eigengenes,3,4,13.95976426471293
eigengenes,3,2,0.7247845229501593
eigengenes,3,2,5.702826619864226
eigengenes,3,4,8.070297427900812
eigengenes,3,1,0
eigengenes,3,3,1.605389577656041
eigengenes,3,1,0
eigengenes,3,2,3.786448865461182
eigengenes,3,4,9.403065914295183
eigengenes,3,2,3.8217721554761113
eigengenes,3,2,4.493519537649462
eigengenes,3,2,2.3663575441154023
eigengenes,3,2,4.578461319397036
eigengenes,3,3,24.89557624821458
eigengenes,3,1,0
eigengenes,3,4,40.63459997875384
eigengenes,3,4,19.20027794608174
eigengenes,3,1,0
eigengenes,3,3,7.401537560184579
eigengenes,3,1,0
eigengenes,3,4,21.269873294818893
eigengenes,3,1,0
eigengenes,3,4,9.969381841053803
eigengenes,3,1,0
eigengenes,3,1,0
eigengenes,3,4,2.0552042090349687
eigengenes,3,4,20.13075769652977
eigengenes,3,4,5.246508939836133
eigengenes,3,4,10.228801519777534
eigengenes,3,1,0
eigengenes,3,4,1.4875247067781459
eigengenes,3,4,6.0020209708293635
eigengenes,3,3,17.83088594820063
eigengenes,3,2,4.15625437717685
eigengenes,3,2,8.312287641922921
eigengenes,3,4,3.9603083994836936
eigengenes,3,1,0
eigengenes,3,4,30.492799175178845
eigengenes,3,4,3.952798960278699
eigengenes,3,1,0
eigengenes,3,4,8.878830145706104
eigengenes,3,3,13.637357032731927
eigengenes,3,1,0
eigengenes,3,2,0.09983774550633484
eigengenes,3,4,10.768874004537054
eigengenes,3,2,5.372061348246973
eigengenes,3,1,0
eigengenes,3,4,1.2549356399537146
eigengenes,3,3,6.726927839838623
eigengenes,3,4,19.31424193644969
eigengenes,3,4,20.857509160174402
eigengenes,3,1,0
eigengenes,3,1,0
eigengenes,3,2,26.70811332001881
eigengenes,3,3,29.034019125617363
eigengenes,3,1,0
eigengenes,3,1,0
eigengenes,3,1,0
eigengenes,3,1,0
eigengenes,3,1,0
eigengenes,3,2,3.252627851715033
eigengenes,3,1,0
eigengenes,3,1,0
eigengenes,3,1,0
eigengenes,3,2,5.780544397981345
eigengenes,3,2,1.2387355683237615
eigengenes,3,1,0
eigengenes,3,1,0
eigengenes,3,4,5.179409449252006
eigengenes,3,4,3.664576075073228
eigengenes,3,2,1.0767389456797218
eigengenes,3,1,0
eigengenes,3,4,41.230051335929204
eigengenes,3,4,14.572731361932625
eigengenes,3,4,13.919051351051536
eigengenes,3,1,0
eigengenes,3,4,16.657184124232998
eigengenes,3,1,0
eigengenes,3,1,0
eigengenes,3,2,5.859669180754878
eigengenes,3,3,9.01702978431129
eigengenes,3,4,8.461407481707823
eigengenes,3,4,25.90248518667869
eigengenes,3,2,2.5511259548370617
eigengenes,3,1,0
eigengenes,3,1,0
eigengenes,3,1,0
eigengenes,3,1,0
eigengenes,3,2,7.117084129323814
eigengenes,3,1,0
eigengenes,3,1,0
eigengenes,3,2,5.522791653477924
eigengenes,3,1,0
eigengenes,3,3,24.8153508016201
eigengenes,3,1,0
eigengenes,3,3,0.49269939362412174
eigengenes,3,4,3.5906623844362855
eigengenes,3,2,1.7989408354631564
eigengenes,3,2,12.319648519781168
eigengenes,3,1,0
eigengenes,3,1,0
eigengenes,3,2,9.63054805942707
eigengenes,3,1,0
eigengenes,3,3,10.496271500979418
eigengenes,3,3,7.3491678647193055
eigengenes,3,3,4.5707043363964885
eigengenes,3,2,20.374031162731683
eigengenes,3,2,1.4997852887100294
eigengenes,3,4,12.333949196248852
eigengenes,3,1,0
eigengenes,3,3,0.7323437196032785
eigengenes,3,1,0
eigengenes,3,1,0
eigengenes,3,2,1.248905657005821
eigengenes,3,4,34.04336615786153
eigengenes,3,2,3.0028629410364545
eigengenes,3,3,18.31377262340132
eigengenes,3,4,32.933325855641925
eigengenes,3,1,0
eigengenes,3,1,0
eigengenes,3,1,0
eigengenes,3,4,29.30333428138772
eigengenes,3,1,0
eigengenes,3,4,0.03842240626687499
eigengenes,3,3,8.898291205184904
eigengenes,3,1,0
eigengenes,3,2,4.0130825629690605
eigengenes,3,1,0
eigengenes,3,3,10.834427323846427
eigengenes,3,1,0
eigengenes,3,3,0.32568967885683264
eigengenes,3,3,6.4619495023351305
eigengenes,3,4,3.578724058419084
eigengenes,3,1,0
eigengenes,3,4,15.12089228718824
eigengenes,3,3,4.308145387717417
eigengenes,3,1,0
eigengenes,3,4,2.7322557444263396
eigengenes,3,2,10.587031897936413
eigengenes,3,1,0
eigengenes,3,2,2.8618519641855755
eigengenes,3,3,7.8846704400186525
eigengenes,3,1,0
eigengenes,3,1,0
eigengenes,3,2,0.5435945553778652
eigengenes,3,1,0
eigengenes,3,2,1.4052573602472478
eigengenes,3,4,18.045161768356508
eigengenes,3,3,7.855359017281899
eigengenes,3,1,0
eigengenes,3,3,13.577612209802737
eigengenes,3,3,7.204279801783088
eigengenes,3,1,0
eigengenes,3,2,22.412865986867672
eigengenes,3,2,6.492448101034711
eigengenes,3,3,13.755108939053287
eigengenes,3,4,36.78240782494035
eigengenes,3,2,3.4143678067999588
eigengenes,3,3,7.295013575704218
eigengenes,3,3,29.2158764834721
eigengenes,3,1,0
eigengenes,3,1,0
eigengenes,3,2,2.179408292164851
eigengenes,3,1,0
eigengenes,3,2,8.464790412508052
eigengenes,3,4,20.005126337795843
eigengenes,3,4,3.8021377946273276
eigengenes,3,4,28.94784210048053
eigengenes,3,2,6.199232235285109
eigengenes,3,3,15.338853556441563
eigengenes,3,1,0
eigengenes,3,1,0
eigengenes,3,1,0
eigengenes,3,2,4.324927045050856
eigengenes,3,2,5.431229981230302
eigengenes,3,1,0
eigengenes,3,1,0
eigengenes,3,4,19.03146879565233
eigengenes,3,4,1.3998151773918437
eigengenes,3,3,16.120707324440673
eigengenes,3,2,9.02854046088541
eigengenes,3,1,0
eigengenes,3,3,28.914706145229815
eigengenes,3,4,20.399821358359787
eigengenes,3,4,0.23781712877212158
eigengenes,3,4,4.996204968469556
eigengenes,3,2,7.171614542839933
eigengenes,3,4,11.22507164213394
eigengenes,3,1,0
eigengenes,3,3,3.7081605626115106
eigengenes,3,4,0.07864433347353383
eigengenes,3,1,0
eigengenes,3,3,3.958751196600929
eigengenes,3,3,0.1729729885584561
eigengenes,3,1,0
eigengenes,3,1,0
eigengenes,3,1,0
eigengenes,3,3,15.474525046274039
eigengenes,3,3,1.7082392994840063
eigengenes,3,2,3.8320627864624726
eigengenes,3,1,0
eigengenes,3,4,6.653351527877902
eigengenes,3,4,39.8265051308297
eigengenes,3,3,0.7478167030435259
eigengenes,3,3,11.677101399039287
eigengenes,3,3,3.251584195214633
eigengenes,3,1,0
eigengenes,3,3,1.8150433184444807
eigengenes,3,3,23.42687378733936
eigengenes,3,1,0
eigengenes,3,1,0
eigengenes,3,3,6.394424834449978
eigengenes,3,4,14.926935342344905
eigengenes,3,3,14.562167572872596
eigengenes,3,4,3.2850614063931687
eigengenes,3,2,3.006083538825777
eigengenes,3,1,0
eigengenes,3,2,4.571380804549875
eigengenes,3,2,19.597179702909358
eigengenes,3,3,2.0914231830979872
eigengenes,3,1,0
eigengenes,3,2,18.598140533131215
eigengenes,3,2,2.7091480360130618
eigengenes,3,1,0
eigengenes,3,4,21.850230617013693
eigengenes,3,1,0
eigengenes,3,4,20.551629570249503
eigengenes,3,2,3.2587916809748663
eigengenes,3,3,10.473487089333986
eigengenes,3,2,3.5995851160319603
eigengenes,3,4,16.648580373290486
eigengenes,3,1,0
eigengenes,3,3,7.075886806405009
eigengenes,3,1,0
eigengenes,3,1,0
eigengenes,3,4,26.402977252753402
eigengenes,3,2,5.985348323456634
eigengenes,3,4,6.726915371845422
eigengenes,3,4,2.5422182853736786
eigengenes,3,2,3.3184448215159534
eigengenes,3,2,3.6037117729516126
eigengenes,3,4,10.830732802442867
eigengenes,3,1,0
eigengenes,3,4,21.3972066549602
eigengenes,3,1,0
eigengenes,3,2,0.30749790769698393
eigengenes,3,3,3.734853711209979
eigengenes,3,1,0
eigengenes,3,2,3.439827824682027
eigengenes,3,1,0
eigengenes,3,4,6.295359380731668
eigengenes,3,4,29.184377786548254
eigengenes,3,2,2.2691205791275593
eigengenes,3,4,2.1937612491002767
eigengenes,3,1,0
eigengenes,3,2,1.2782843000099717
eigengenes,3,1,0
eigengenes,3,1,0
eigengenes,3,1,0
eigengenes,3,4,2.656171748766269
eigengenes,3,2,0.7912847586744078
eigengenes,3,3,9.761794098186016
eigengenes,3,1,0
eigengenes,3,3,9.028416798516673
eigengenes,3,3,1.7781636772518539
eigengenes,3,3,2.3197377928287892
eigengenes,3,2,7.778234506897377
eigengenes,3,4,8.876682529762007
eigengenes,3,3,22.79754631979634
eigengenes,3,1,0
eigengenes,3,1,0
eigengenes,3,1,0
eigengenes,3,3,14.186189143344365
eigengenes,3,1,0
eigengenes,3,3,0.6392934430461708
eigengenes,3,4,17.110427698548506
eigengenes,3,1,0
eigengenes,3,1,0
eigengenes,3,1,0
eigengenes,3,2,0.9563570649215478
eigengenes,3,4,18.89516408716341
eigengenes,3,1,0
eigengenes,3,2,4.75976518731747
eigengenes,3,2,1.4802938505202121
eigengenes,3,1,0
eigengenes,3,4,72.58673849355836
eigengenes,3,3,3.3944818611986136
eigengenes,3,4,6.246149436564167
eigengenes,3,4,15.446605949333843
eigengenes,3,1,0
eigengenes,3,1,0
eigengenes,3,4,73.71692380239476
eigengenes,3,4,27.173517657125274
eigengenes,3,2,10.019237149430438
eigengenes,3,4,1.8640450978925003
eigengenes,3,1,0
eigengenes,3,2,0.2509198270177535
eigengenes,3,2,0.29576734226495205
eigengenes,3,3,16.91621954699542
eigengenes,3,4,46.735423125853174
eigengenes,3,2,5.902327291915071
eigengenes,3,3,25.499862724279154
eigengenes,3,2,0.9397252856543048
eigengenes,3,2,23.33137506236639
eigengenes,3,1,0
eigengenes,3,1,0
eigengenes,3,3,14.05848870297146
eigengenes,3,1,0
eigengenes,3,1,0
eigengenes,3,1,0
eigengenes,3,4,30.61462314738523
eigengenes,3,2,0.8091878271627593
eigengenes,3,1,0
eigengenes,3,3,8.219247530305694
eigengenes,3,4,24.43058760581104
eigengenes,3,2,4.09496931971853
eigengenes,3,1,0
eigengenes,3,1,0
eigengenes,3,4,3.1210247654733223
eigengenes,3,2,7.103952925527864
eigengenes,3,4,20.880615645469163
eigengenes,3,4,6.325156445242669
eigengenes,3,1,0
eigengenes,3,4,7.1732785034385245
eigengenes,3,1,0
eigengenes,3,2,12.418952304229748
eigengenes,3,1,0
eigengenes,3,4,44.59847993831676
eigengenes,3,1,0
eigengenes,3,4,3.360772449664296
eigengenes,3,2,2.1227762942751838
eigengenes,3,3,3.2454343102805865
eigengenes,3,2,2.8670762226349495
eigengenes,3,4,32.90452819967615
eigengenes,3,1,0
eigengenes,3,1,0
eigengenes,3,4,13.422058608738809
eigengenes,3,1,0
eigengenes,3,4,24.317838926685255
eigengenes,3,4,9.3175947151056
eigengenes,3,4,27.840956025635762
eigengenes,3,2,8.462807400006
eigengenes,3,1,0
eigengenes,3,2,2.224707385761093
eigengenes,3,4,13.574569979631605
eigengenes,3,2,5.5325902077481715
eigengenes,3,2,5.428588820551937
eigengenes,3,2,1.487545441827507
eigengenes,3,1,0
eigengenes,3,3,10.306676447379033
eigengenes,3,4,12.031773717562004
eigengenes,3,2,7.679562768487273
eigengenes,3,1,0
eigengenes,3,2,4.309018778362912
eigengenes,3,1,0
eigengenes,3,2,0.8775279130292688
eigengenes,3,4,8.764821092105393
eigengenes,3,3,2.3869198820241593
eigengenes,3,3,34.50354160621691
eigengenes,3,4,26.86210322963896
eigengenes,3,3,7.508145612630756
eigengenes,3,1,0
eigengenes,3,1,0
eigengenes,3,3,17.669762778271007
eigengenes,3,1,0
eigengenes,3,1,0
eigengenes,3,1,0
eigengenes,3,1,0
eigengenes,3,4,6.1808692611923846
eigengenes,3,1,0
eigengenes,3,2,3.934739122207361
eigengenes,3,3,6.188290123535268
eigengenes,3,4,19.45043019242044
eigengenes,3,4,30.423505034674207
eigengenes,3,1,0
eigengenes,3,3,21.90036157532404
eigengenes,3,1,0
eigengenes,3,1,0
eigengenes,3,1,0
eigengenes,3,4,0.10054330702234893
eigengenes,3,1,0
eigengenes,3,1,0
eigengenes,3,1,0
eigengenes,3,2,4.438139178094929
eigengenes,3,4,24.775498691338043
eigengenes,3,4,56.1027957319252
eigengenes,3,3,22.939627939273038
eigengenes,3,4,7.831295741611086
eigengenes,3,2,1.5573198287850119
eigengenes,3,2,1.545722402086625
eigengenes,3,3,5.993032971408439
eigengenes,3,2,0.004482402327766977
eigengenes,3,1,0
eigengenes,3,3,21.555640825345392
eigengenes,3,1,0
eigengenes,3,4,16.445630717926775
eigengenes,3,3,17.975761178146485
eigengenes,3,4,8.53918776610547
eigengenes,3,3,0.825481672530259
eigengenes,3,2,11.244108923988875
eigengenes,3,4,17.09871588729291
eigengenes,3,1,0
eigengenes,3,1,0
eigengenes,3,2,0.3072872740249011
eigengenes,3,2,7.31330251377355
eigengenes,3,3,5.7502507416284345
eigengenes,3,2,0.7702119752588317
eigengenes,3,2,2.419085478572356
eigengenes,3,2,2.307452504741292
eigengenes,3,4,25.00555171210965
eigengenes,3,4,16.604691977506008
eigengenes,3,1,0
eigengenes,3,4,43.16445955477019
eigengenes,3,4,3.7032242951183036
eigengenes,3,1,0
eigengenes,3,2,6.01321963611818
eigengenes,3,2,4.042663397360741
eigengenes,3,2,3.633754414215531
eigengenes,3,1,0
eigengenes,3,1,0
eigengenes,3,1,0
eigengenes,3,4,8.165105374191342
eigengenes,3,2,9.90605297838411
eigengenes,3,4,19.554402758307162
eigengenes,3,2,0.299207590650866
eigengenes,3,3,12.167474997692466
eigengenes,3,3,1.9269950201217512
eigengenes,3,2,5.467190200889803
eigengenes,3,1,0
eigengenes,3,2,18.005296103218512
eigengenes,3,4,5.677610975823995
eigengenes,3,1,0
eigengenes,3,1,0
eigengenes,3,3,4.963284362673505
eigengenes,3,3,11.999900832438982
eigengenes,3,1,0
eigengenes,3,4,14.338642158246671
eigengenes,3,4,6.141171708288937
eigengenes,3,1,0
eigengenes,3,2,0.7470166961810776
eigengenes,3,4,26.62340136274898
eigengenes,3,3,20.43252557912919
eigengenes,3,1,0
eigengenes,3,1,0
eigengenes,3,1,0
eigengenes,3,1,0
eigengenes,3,3,0.4402223179123723
eigengenes,3,1,0
eigengenes,3,4,12.126702964529045
eigengenes,3,1,0
eigengenes,3,1,0
eigengenes,3,4,3.97181371079148
eigengenes,3,3,3.6865373061668265
eigengenes,3,2,1.999413107579528
eigengenes,3,4,17.93195893491216
eigengenes,3,4,8.687715361413325
eigengenes,3,4,57.316678624567515
eigengenes,3,1,0
eigengenes,3,1,0
eigengenes,3,1,0
eigengenes,3,1,0
eigengenes,3,4,20.885274731710666
eigengenes,3,1,0
eigengenes,3,1,0
eigengenes,3,3,9.125683704672468
eigengenes,3,3,8.188362600195688
eigengenes,3,3,6.196193162625406
eigengenes,3,3,4.316552667348873
eigengenes,3,1,0
eigengenes,3,4,13.144201488633684
eigengenes,3,3,24.705782053848452
eigengenes,3,2,3.030233606497802
eigengenes,3,3,7.419669170823994
eigengenes,3,1,0
eigengenes,3,1,0
eigengenes,3,1,0
eigengenes,3,1,0
eigengenes,3,4,4.584004352645479
eigengenes,3,1,0
eigengenes,3,1,0
eigengenes,3,2,8.562322862567271
eigengenes,3,1,0
eigengenes,3,4,40.66892387600711
eigengenes,3,3,15.283153121542057
eigengenes,3,4,5.492056974908621
eigengenes,3,1,0
eigengenes,3,1,0
eigengenes,3,4,13.263244800708975
eigengenes,3,1,0
eigengenes,3,3,10.636417257209388
eigengenes,3,3,1.6548368574300412
eigengenes,3,3,30.20455414931996
eigengenes,3,4,20.883722335495207
eigengenes,3,2,3.5636044841351975
eigengenes,3,4,7.408234431404196
eigengenes,3,2,0.4249700522572937
eigengenes,3,1,0
eigengenes,3,4,44.03045693968437
eigengenes,3,3,13.234078997385836
eigengenes,3,2,0.3741665737250628
eigengenes,3,4,17.82950222737969
eigengenes,3,1,0
eigengenes,3,3,1.5665007959891568
eigengenes,3,1,0
eigengenes,3,1,0
eigengenes,3,2,8.93584192531614
eigengenes,3,1,0
eigengenes,3,1,0
eigengenes,3,1,0
eigengenes,3,4,6.658464133852874
eigengenes,3,1,0
eigengenes,3,4,6.867479709200069
eigengenes,3,2,11.032945138632073
eigengenes,3,3,12.140545968226206
eigengenes,3,1,0
eigengenes,3,1,0
eigengenes,3,3,6.276386527380112
eigengenes,3,1,0
eigengenes,3,3,8.881123100684192
eigengenes,3,3,6.076123192670593
eigengenes,3,1,0
eigengenes,3,3,13.78646087567455
eigengenes,3,4,9.986081473250124
eigengenes,3,4,27.90063510063777
eigengenes,3,2,3.5067021512475662
eigengenes,3,4,16.32289171656859
eigengenes,3,2,3.4248480165587694
eigengenes,3,1,0
eigengenes,3,1,0
eigengenes,3,2,7.494395375994685
eigengenes,3,1,0
eigengenes,3,1,0
eigengenes,3,4,14.846049023430538
eigengenes,3,2,3.86460352604891
eigengenes,3,4,20.76995201365426
eigengenes,3,1,0
eigengenes,3,2,3.610182274344595
eigengenes,3,1,0
eigengenes,3,1,0
eigengenes,3,1,0
eigengenes,3,1,0
eigengenes,3,4,40.961216369835796
eigengenes,3,2,2.8596733708333772
eigengenes,3,2,3.5917698397363154
eigengenes,3,4,9.506229393912378
eigengenes,3,4,14.079460054863432
eigengenes,3,3,4.238768583223447
eigengenes,3,4,8.304613935664378
eigengenes,3,1,0
eigengenes,3,1,0
eigengenes,3,1,0
eigengenes,3,2,0.36287045493540404
eigengenes,3,4,23.376269834256505
eigengenes,3,2,1.371328876719332
eigengenes,3,4,10.51057838915267
eigengenes,3,1,0
eigengenes,3,1,0
eigengenes,3,3,4.114430474961836
eigengenes,3,1,0
eigengenes,3,4,52.49381201121943
eigengenes,3,4,7.937048007790764
eigengenes,3,3,4.822447652640676
eigengenes,3,4,12.055336463089901
eigengenes,3,1,0
eigengenes,3,4,1.4710356435547851
eigengenes,3,4,8.932708025112476
eigengenes,3,1,0
eigengenes,3,2,2.215846240647295
eigengenes,3,3,9.456891788898275
eigengenes,3,2,1.1292656352138692
eigengenes,3,1,0
eigengenes,3,3,16.430725294107447
eigengenes,3,2,5.956891693378481
eigengenes,3,4,24.204899797574825
eigengenes,3,2,2.9274733951582164
eigengenes,3,1,0
eigengenes,3,4,30.727701994528786
eigengenes,3,2,6.787380474858082
eigengenes,3,1,0
eigengenes,3,3,3.4505153412721654
eigengenes,3,4,25.65335129215802
eigengenes,3,1,0
eigengenes,3,4,2.8810758578306377
eigengenes,3,1,0
eigengenes,3,1,0
eigengenes,3,2,25.07616337082237
eigengenes,3,4,14.519999966929959
eigengenes,3,3,20.641630041171794
eigengenes,3,1,0
eigengenes,3,4,3.515600570062958
eigengenes,3,2,2.7538609257173334
eigengenes,3,3,5.743431437082563
eigengenes,3,3,8.904408322496153
eigengenes,3,4,6.211595843938852
eigengenes,3,1,0
eigengenes,3,1,0
eigengenes,4,1,0
eigengenes,4,3,4.169097365228652
eigengenes,4,2,2.7815390934711672
eigengenes,4,3,3.7116610524081466
eigengenes,4,4,34.130638608241014
eigengenes,4,3,15.955329597123296
eigengenes,4,3,59.17396131036983
eigengenes,4,2,4.938007881786859
eigengenes,4,4,112.39605777813726
eigengenes,4,1,0
eigengenes,4,4,18.849445713221314
eigengenes,4,3,29.144602224200582
eigengenes,4,3,8.903741573416823
eigengenes,4,3,5.780431371660171
eigengenes,4,3,4.407662914032414
eigengenes,4,1,0
eigengenes,4,3,1.6878235377576232
eigengenes,4,3,15.642988100981142
eigengenes,4,2,3.1596088539139373
eigengenes,4,4,26.83671846442533
eigengenes,4,4,14.10804973432019
eigengenes,4,3,1.6468857101058916
eigengenes,4,4,3.2719963716245957
eigengenes,4,2,2.7398667376563424
eigengenes,4,4,21.864939102450933
eigengenes,4,4,11.173746507348966
eigengenes,4,4,45.930091670367915
eigengenes,4,1,0
eigengenes,4,1,0
eigengenes,4,3,2.244830435060379
eigengenes,4,4,45.371420555938215
eigengenes,4,4,82.39038576205502
eigengenes,4,2,2.8833462582715015
eigengenes,4,1,0
eigengenes,4,1,0
eigengenes,4,4,22.443676633689307
eigengenes,4,3,6.436641260171683
eigengenes,4,3,5.516144982962771
eigengenes,4,3,15.533711056346618
eigengenes,4,3,5.791170577844099
eigengenes,4,3,19.853304929425946
eigengenes,4,1,0
eigengenes,4,4,42.15642450204834
eigengenes,4,2,5.740034566299954
eigengenes,4,4,33.79641585433052
eigengenes,4,4,3.869402594436849
eigengenes,4,4,89.81216986329596
eigengenes,4,1,0
eigengenes,4,4,23.583821333386254
eigengenes,4,1,0
eigengenes,4,2,7.039222559257524
eigengenes,4,3,33.225796599421926
eigengenes,4,1,0
eigengenes,4,4,46.594068756686596
eigengenes,4,1,0
eigengenes,4,3,7.85799761206917
eigengenes,4,4,41.001217178625325
eigengenes,4,4,36.175642509444515
eigengenes,4,3,1.3516865722208706
eigengenes,4,4,108.8041099771519
eigengenes,4,3,0.05929705927312057
eigengenes,4,2,3.3827866177506962
eigengenes,4,1,0
eigengenes,4,4,10.579283322169658
eigengenes,4,4,6.62039190640138
eigengenes,4,1,0
eigengenes,4,4,17.603383851701295
eigengenes,4,1,0
eigengenes,4,3,1.8512253650723665
eigengenes,4,2,18.23385198544395
eigengenes,4,4,31.805712739573835
eigengenes,4,2,12.592262440379443
eigengenes,4,4,21.57187439159651
eigengenes,4,2,6.1012808656914785
eigengenes,4,4,62.68608481201852
eigengenes,4,2,1.4627350003579807
eigengenes,4,1,0
eigengenes,4,4,23.156685559236394
eigengenes,4,2,0.09012417795608485
eigengenes,4,3,9.827266790349768
eigengenes,4,4,40.84883526927982
eigengenes,4,1,0
eigengenes,4,1,0
eigengenes,4,4,10.384492007470215
eigengenes,4,2,3.6726018465456036
eigengenes,4,2,13.039908946221345
eigengenes,4,4,21.42300585650196
eigengenes,4,4,95.78911192787668
eigengenes,4,4,12.09080705219074
eigengenes,4,4,1.311129998253051
eigengenes,4,4,78.7305212809687
eigengenes,4,4,68.86058804008107
eigengenes,4,4,32.66681447484359
eigengenes,4,4,44.814527177176615
eigengenes,4,2,7.585561967651273
eigengenes,4,2,26.507060364856983
eigengenes,4,2,0.5040473792547289
eigengenes,4,4,30.915201484771103
eigengenes,4,4,4.492182696341558
eigengenes,4,1,0
eigengenes,4,2,5.554772292557914
eigengenes,4,4,100.30153414321904
eigengenes,4,4,46.16065281148374
eigengenes,4,3,9.960543610354136
eigengenes,4,1,0
eigengenes,4,2,6.739253973547818
eigengenes,4,4,50.49799580699349
eigengenes,4,2,15.533095004454509
eigengenes,4,4,78.97844746730257
eigengenes,4,3,26.535563203834272
eigengenes,4,1,0
eigengenes,4,4,30.808090181136947
eigengenes,4,2,6.239602073742645
eigengenes,4,4,14.184505169908107
eigengenes,4,4,50.33452335561569
eigengenes,4,1,0
eigengenes,4,2,0.37398675779607515
eigengenes,4,4,23.174685707964755
eigengenes,4,4,28.083606037365712
eigengenes,4,3,16.320698215735206
eigengenes,4,4,58.52924539699973
eigengenes,4,4,11.04649967396395
eigengenes,4,2,1.2807165962146598
eigengenes,4,4,86.46117715812014
eigengenes,4,3,83.25164398962323
eigengenes,4,3,9.110176242655001
eigengenes,4,4,37.115609966604694
eigengenes,4,4,43.02988921904384
eigengenes,4,4,21.996279561194797
eigengenes,4,4,22.690051571207732
eigengenes,4,3,17.006377012384633
eigengenes,4,1,0
eigengenes,4,4,81.47660423787083
eigengenes,4,4,7.881874982305959
eigengenes,4,3,14.192815006267665
eigengenes,4,4,27.572592575446635
eigengenes,4,1,0
eigengenes,4,2,4.74366144289786
eigengenes,4,4,9.283629843613255
eigengenes,4,3,17.575971824375188
eigengenes,4,3,12.184450868429849
eigengenes,4,1,0
eigengenes,4,4,32.66362595852448
eigengenes,4,2,3.010119064966176
eigengenes,4,3,6.340178308053368
eigengenes,4,4,19.36741364254371
eigengenes,4,2,11.195537452208413
eigengenes,4,3,0.6592756231396777
eigengenes,4,3,10.366270887716297
eigengenes,4,4,9.435883211238178
eigengenes,4,4,48.483743727483755
eigengenes,4,1,0
eigengenes,4,1,0
eigengenes,4,1,0
eigengenes,4,2,6.4335536633045365
eigengenes,4,1,0
eigengenes,4,4,19.791107395746877
eigengenes,4,2,1.5630322700917532
eigengenes,4,2,3.929311103870532
eigengenes,4,3,15.455792557230154
eigengenes,4,4,43.90868156809634
eigengenes,4,3,41.20607424511215
eigengenes,4,4,173.0489555432028
eigengenes,4,1,0
eigengenes,4,2,7.800136363262794
eigengenes,4,4,27.129392625758584
eigengenes,4,1,0
eigengenes,4,2,14.39688805973978
eigengenes,4,4,14.110716963042705
eigengenes,4,3,1.2844312818633057
eigengenes,4,4,30.578108582587816
eigengenes,4,2,3.078585206297646
eigengenes,4,4,6.778922771325028
eigengenes,4,3,2.2658913601695474
eigengenes,4,4,8.42911765611558
eigengenes,4,4,30.95672023829806
eigengenes,4,4,24.694132752022114
eigengenes,4,1,0
eigengenes,4,3,6.4106314389321994
eigengenes,4,3,43.456817180355245
eigengenes,4,3,37.15106807982923
eigengenes,4,4,4.469773594395605
eigengenes,4,4,0.4195826697564655
eigengenes,4,1,0
eigengenes,4,1,0
eigengenes,4,4,11.975752464314127
eigengenes,4,4,2.2580212848575343
eigengenes,4,1,0
eigengenes,4,4,0.9315090826388825
eigengenes,4,4,54.507075059613584
eigengenes,4,4,2.1738088489261145
eigengenes,4,4,20.222397678857106
eigengenes,4,1,0
eigengenes,4,3,4.6536869952542474
eigengenes,4,4,25.994785864715936
eigengenes,4,4,28.343110529622805
eigengenes,4,1,0
eigengenes,4,4,67.7582821156472
eigengenes,4,2,1.5217939895798054
eigengenes,4,3,8.869884063139438
eigengenes,4,4,193.2603410661073
eigengenes,4,4,19.031926027481774
eigengenes,4,4,27.780062795582296
eigengenes,4,4,18.141314893220283
eigengenes,4,4,37.34193024561762
eigengenes,4,1,0
eigengenes,4,2,0.6332320783258467
eigengenes,4,3,5.497403921610413
eigengenes,4,4,12.168799473794905
eigengenes,4,1,0
eigengenes,4,4,7.023478845547004
eigengenes,4,1,0
eigengenes,4,3,3.7685853650813783
eigengenes,4,4,2.1883858345964313
eigengenes,4,2,4.601098629753807
eigengenes,4,3,34.88638729282093
eigengenes,4,3,24.295036689672514
eigengenes,4,4,52.298462302564445
eigengenes,4,4,117.27545630680879
eigengenes,4,1,0
eigengenes,4,4,45.59086995074844
eigengenes,4,3,24.74716873103867
eigengenes,4,4,44.06950952816314
eigengenes,4,4,92.28594577733958
eigengenes,4,3,17.990991806166676
eigengenes,4,3,20.200604771998286
eigengenes,4,3,30.303245278707294
eigengenes,4,3,6.406405674171737
eigengenes,4,4,153.23893060665253
eigengenes,4,4,62.3782581207756
eigengenes,4,4,61.78691302772779
eigengenes,4,4,41.88178812378203
eigengenes,4,4,43.00719521047395
eigengenes,4,4,27.894487647585805
eigengenes,4,2,2.6678484047700124
eigengenes,4,2,1.5380322599741874
eigengenes,4,4,15.06207760792094
eigengenes,4,1,0
eigengenes,4,4,116.36781932913311
eigengenes,4,4,43.10060126462329
eigengenes,4,4,8.09382611356557
eigengenes,4,3,25.713441223852072
eigengenes,4,1,0
eigengenes,4,3,2.545033808104421
eigengenes,4,2,0.33493851432572797
eigengenes,4,1,0
eigengenes,4,3,20.883679268509724
eigengenes,4,1,0
eigengenes,4,4,53.820715990680895
eigengenes,4,1,0
eigengenes,4,4,27.27754872489433
eigengenes,4,4,35.3740095447985
eigengenes,4,4,8.880684593388565
eigengenes,4,1,0
eigengenes,4,1,0
eigengenes,4,2,8.313161668221227
eigengenes,4,4,19.764499115495425
eigengenes,4,4,33.834712356715585
eigengenes,4,1,0
eigengenes,4,4,37.68494849782584
eigengenes,4,4,55.184627968913674
eigengenes,4,4,7.731680655501378
eigengenes,4,1,0
eigengenes,4,4,58.22840234204003
eigengenes,4,1,0
eigengenes,4,2,3.717719805648926
eigengenes,4,2,1.8012605271515838
eigengenes,4,4,18.92065335409299
eigengenes,4,4,12.549422597816715
eigengenes,4,4,8.532959669605475
eigengenes,4,2,7.066394872779142
eigengenes,4,4,9.750543914127405
eigengenes,4,4,51.263912927025586
eigengenes,4,3,24.10757876080507
eigengenes,4,2,1.3943545611050467
eigengenes,4,4,55.10604779738492
eigengenes,4,3,13.23012068644789
eigengenes,4,4,54.99938795078353
eigengenes,4,4,12.639919173323534
eigengenes,4,3,1.4922713467094297
eigengenes,4,4,55.203069341723335
eigengenes,4,2,12.212816832988807
eigengenes,4,2,2.110874769035405
eigengenes,4,4,68.49218943093211
eigengenes,4,1,0
eigengenes,4,3,20.127730438981672
eigengenes,4,4,15.342176649065209
eigengenes,4,4,28.83405959773569
eigengenes,4,1,0
eigengenes,4,4,39.2742001729043
eigengenes,4,4,195.9274771702356
eigengenes,4,2,0.5918248591141833
eigengenes,4,3,23.81951933527617
eigengenes,4,2,6.142710290286857
eigengenes,4,2,5.427891689180228
eigengenes,4,4,7.123022693597193
eigengenes,4,4,166.37248080146637
eigengenes,4,1,0
eigengenes,4,4,167.60526567491377
eigengenes,4,4,56.006617246745805
eigengenes,4,2,11.811496215395465
eigengenes,4,1,0
eigengenes,4,4,51.76611460459574
eigengenes,4,2,2.804424244550887
eigengenes,4,4,77.63550821174641
eigengenes,4,4,47.09233125209661
eigengenes,4,1,0
eigengenes,4,1,0
eigengenes,4,4,10.701231025162713
eigengenes,4,2,1.2699557446622407
eigengenes,4,1,0
eigengenes,4,1,0
eigengenes,4,3,11.18151399563115
eigengenes,4,4,43.36757498588574
eigengenes,4,4,83.89842069101189
eigengenes,4,1,0
eigengenes,4,2,7.35265359329253
eigengenes,4,1,0
eigengenes,4,4,8.666127913860436
eigengenes,4,2,8.10344420118841
eigengenes,4,4,55.058156397390235
eigengenes,4,4,7.182211112091721
eigengenes,4,3,12.771675903024345
eigengenes,4,4,102.12058879803986
eigengenes,4,4,15.140926246626435
eigengenes,4,4,8.565151260024322
eigengenes,4,1,0
eigengenes,4,2,1.9296960511352097
eigengenes,4,4,48.723873032223906
eigengenes,4,2,1.180861998878214
eigengenes,4,4,33.92567221943099
eigengenes,4,4,61.918980389385354
eigengenes,4,3,19.475041571385105
eigengenes,4,4,8.465994153903296
eigengenes,4,4,14.053635018344607
eigengenes,4,4,63.17854926439608
eigengenes,4,4,32.38280923731244
eigengenes,4,2,11.770754313948487
eigengenes,4,1,0
eigengenes,4,4,43.71693269555655
eigengenes,4,4,33.12743753076825
eigengenes,4,4,63.473039933450764
eigengenes,4,1,0
eigengenes,4,1,0
eigengenes,4,3,3.493701216411921
eigengenes,4,1,0
eigengenes,4,3,1.5626778067994564
eigengenes,4,4,52.562094264028445
eigengenes,4,4,4.630361002748089
eigengenes,4,1,0
eigengenes,4,4,21.0599158553986
eigengenes,4,4,61.3989959036316
eigengenes,4,3,52.959564413186655
eigengenes,4,4,19.305815247394207
eigengenes,4,2,1.569603644596981
eigengenes,4,1,0
eigengenes,4,4,24.638812955080738
eigengenes,4,3,2.3665441779050127
eigengenes,4,2,0.21082383038054786
eigengenes,4,1,0
eigengenes,4,2,1.49075332895913
eigengenes,4,4,12.33089844655612
eigengenes,4,1,0
eigengenes,4,4,11.279201123103661
eigengenes,4,3,27.80793051093312
eigengenes,4,2,11.673001045946762
eigengenes,4,3,0.1283086600411707
eigengenes,4,1,0
eigengenes,4,2,0.9416412978104063
eigengenes,4,4,36.75723746621759
eigengenes,4,4,31.851189880773745
eigengenes,4,4,53.43694770253157
eigengenes,4,2,5.673240031336803
eigengenes,4,2,1.7700205133476743
eigengenes,4,4,36.37476137830038
eigengenes,4,4,8.659677411718178
eigengenes,4,1,0
eigengenes,4,4,12.92058447546168
eigengenes,4,2,0.9591764874956823
eigengenes,4,2,5.565558050791537
eigengenes,4,1,0
eigengenes,4,3,0.3276168831692985
eigengenes,4,4,44.05265412134702
eigengenes,4,4,49.910359643126526
eigengenes,4,4,10.598351410255361
eigengenes,4,2,4.878918502872267
eigengenes,4,3,4.961826459412663
eigengenes,4,4,21.526535953754575
eigengenes,4,2,13.830576658648198
eigengenes,4,2,9.605771552935806
eigengenes,4,2,15.807107038224018
eigengenes,4,4,41.75876253492527
eigengenes,4,4,36.62846684667832
eigengenes,4,2,3.5867626263229226
eigengenes,4,1,0
eigengenes,4,4,27.13986148161456
eigengenes,4,1,0
eigengenes,4,2,7.458264568751957
eigengenes,4,2,4.359931516459994
eigengenes,4,3,47.990621379425136
eigengenes,4,4,40.76826815335252
eigengenes,4,2,26.834578780618983
eigengenes,4,1,0
eigengenes,4,2,2.8357283110237574
eigengenes,4,2,0.4404190873577818
eigengenes,4,4,48.36604589872553
eigengenes,4,4,21.05702486838132
eigengenes,4,4,6.978636075755219
eigengenes,4,1,0
eigengenes,4,3,33.51512322927735
eigengenes,4,4,32.63134305221715
eigengenes,4,1,0
eigengenes,4,1,0
eigengenes,4,3,11.377706402768695
eigengenes,4,3,7.3976334602105
eigengenes,4,4,135.7595428425871
eigengenes,4,1,0
eigengenes,4,1,0
eigengenes,4,3,11.106444789546003
eigengenes,4,2,6.340651969055273
eigengenes,4,4,57.37861796458276
eigengenes,4,1,0
eigengenes,4,3,17.924415061928812
eigengenes,4,3,31.098936056962145
eigengenes,4,3,33.26710593033994
eigengenes,4,1,0
eigengenes,4,4,22.981224134346263
eigengenes,4,2,17.990589343413404
eigengenes,4,2,19.710849223939874
eigengenes,4,4,6.967106225780782
eigengenes,4,3,8.802900794065806
eigengenes,4,3,24.428653212076455
eigengenes,4,4,7.1203649228417305
eigengenes,4,3,48.44101553404286
eigengenes,4,4,35.067148616982934
eigengenes,4,1,0
eigengenes,4,3,10.707356232898746
eigengenes,4,4,12.626678690504662
eigengenes,4,4,16.43853173430091
eigengenes,4,2,0.32657490076630324
eigengenes,4,1,0
eigengenes,4,4,20.64006770210929
eigengenes,4,3,21.9467155094826
eigengenes,4,4,24.910502138736604
eigengenes,4,4,29.62068558617628
eigengenes,4,1,0
eigengenes,4,4,35.30448447461873
eigengenes,4,4,111.03793798006102
eigengenes,4,2,7.727540060082873
eigengenes,4,1,0
eigengenes,4,4,0.7002729596460995
eigengenes,4,3,4.6760679126063565
eigengenes,4,2,13.843166896423043
eigengenes,4,2,3.1189241419595533
eigengenes,4,4,23.636609226272668
eigengenes,4,1,0
eigengenes,4,4,1.9824708618456555
eigengenes,4,1,0
eigengenes,4,1,0
eigengenes,4,2,2.0422131293997836
eigengenes,4,2,7.360443164280042
eigengenes,4,4,32.375410619757304
eigengenes,4,1,0
eigengenes,4,2,7.505194922997191
eigengenes,4,1,0
eigengenes,4,4,5.762919524248076
eigengenes,4,1,0
eigengenes,4,1,0
eigengenes,4,4,71.38205527232591
eigengenes,4,3,13.303730068922619
eigengenes,4,4,8.687541013212524
eigengenes,4,3,7.18094352017755
eigengenes,4,2,5.08740666007273
eigengenes,4,2,1.001615674520508
eigengenes,4,1,0
eigengenes,4,1,0
eigengenes,4,4,91.13654077638537
eigengenes,4,2,13.380365072981533
eigengenes,4,2,8.038582819901478
eigengenes,4,4,41.949482415341265
eigengenes,4,1,0
eigengenes,4,4,39.10897588786696
eigengenes,4,1,0
eigengenes,4,4,61.30235865855559
eigengenes,4,4,21.13892109236764
eigengenes,4,4,68.69629789180911
eigengenes,4,4,56.87019011045629
eigengenes,4,4,4.920394922183533
eigengenes,4,1,0
eigengenes,4,4,40.52458317955012
eigengenes,4,3,27.855977498288837
eigengenes,4,4,24.584679516263833
eigengenes,4,3,28.561749376381414
eigengenes,4,1,0
eigengenes,4,4,97.23679568680444
eigengenes,4,2,5.487524879775407
eigengenes,4,4,29.421185133454003
eigengenes,4,4,70.77217090246688
eigengenes,4,2,6.6056756985993275
eigengenes,4,4,64.5264483046162
eigengenes,4,4,44.57695384931594
eigengenes,4,4,66.84145081431458
eigengenes,4,1,0
eigengenes,4,4,10.007126559241755
eigengenes,4,2,13.641969713137001
eigengenes,4,3,16.2157462339473
eigengenes,4,4,18.948466644143423
eigengenes,4,4,66.56099547109261
eigengenes,4,1,0
eigengenes,4,4,61.72186856800633
eigengenes,4,1,0
eigengenes,4,4,31.596116113746774
eigengenes,4,4,29.13309685780939
eigengenes,4,4,35.64245556840186
eigengenes,4,3,12.829566010298151
eigengenes,4,2,11.162278249084665
eigengenes,4,1,0
eigengenes,4,2,10.040637107688326
eigengenes,4,1,0
eigengenes,4,4,1.2331200140997964
eigengenes,4,3,5.092971792428216
eigengenes,4,2,3.593645415758175
eigengenes,4,4,53.93619405648087
eigengenes,4,4,8.4049300301198
eigengenes,4,1,0
eigengenes,4,4,31.787035756582043
eigengenes,4,2,3.8587023780472975
eigengenes,4,1,0
eigengenes,4,1,0
eigengenes,4,1,0
eigengenes,4,4,136.59986371081538
eigengenes,4,4,21.78104923478503
eigengenes,4,4,35.330001691893955
eigengenes,4,4,81.68971101280212
eigengenes,4,4,53.61334187585723
eigengenes,4,3,5.045014759122722
eigengenes,4,2,2.5987293791797583
eigengenes,4,4,7.713481156636789
eigengenes,4,3,28.423160765079416
eigengenes,4,2,1.1847225948102391
eigengenes,4,1,0
eigengenes,4,2,1.091617572863754
eigengenes,4,3,18.07283789120288
eigengenes,4,4,18.141802617199403
eigengenes,4,1,0
eigengenes,4,1,0
eigengenes,4,2,15.842088663084468
eigengenes,4,1,0
eigengenes,4,2,17.38254148214648
eigengenes,4,4,26.231783651049767
eigengenes,4,4,8.713503347219074
eigengenes,4,4,81.64053269621544
eigengenes,4,1,0
eigengenes,4,4,22.032130441077868
eigengenes,4,4,14.932134325444196
eigengenes,4,4,45.50768409583526
eigengenes,4,4,3.0163401399333054
eigengenes,4,4,14.177560896768483
eigengenes,4,1,0
eigengenes,4,2,1.150323500391636
eigengenes,4,3,0.4710713314525492
eigengenes,4,2,1.150379861151606
eigengenes,4,4,11.889118504902882
eigengenes,4,2,7.809561567640031
eigengenes,4,1,0
eigengenes,4,3,18.338029430405555
eigengenes,4,4,11.723098203554002
eigengenes,4,4,100.95394365914669
eigengenes,4,2,11.502017802666131
eigengenes,4,4,16.362189257196235
eigengenes,4,2,9.737866282998823
eigengenes,4,4,47.13790907794578
eigengenes,4,3,8.696930899136873
eigengenes,4,2,3.0479775396057676
eigengenes,4,4,36.62063193541317
eigengenes,4,1,0
eigengenes,4,2,5.631234365087522
eigengenes,4,2,5.284217677679095
eigengenes,4,2,1.5600176765086928
eigengenes,4,4,45.04638840388341
eigengenes,4,4,10.587381925688646
eigengenes,4,4,36.24836861014256
eigengenes,4,1,0
eigengenes,4,1,0
eigengenes,4,1,0
eigengenes,4,4,28.512004497364273
eigengenes,4,3,29.518904437967876
eigengenes,4,1,0
eigengenes,4,4,70.72290181036561
eigengenes,4,4,21.971945873335926
eigengenes,4,4,67.2815437246557
eigengenes,4,4,7.47712227462921
eigengenes,4,1,0
eigengenes,4,4,82.6851470916323
eigengenes,4,3,5.009667984192447
eigengenes,4,2,16.061462767776987
eigengenes,4,4,6.274592984284226
eigengenes,4,1,0
eigengenes,4,3,22.349965626083872
eigengenes,4,4,6.499728225621112
eigengenes,4,4,16.75174806316258
eigengenes,4,1,0
eigengenes,4,3,10.986815281935606
eigengenes,4,1,0
eigengenes,4,1,0
eigengenes,4,4,58.90307440570592
eigengenes,4,3,0.6404403961799972
eigengenes,4,4,25.6207642427608
eigengenes,4,2,10.172294662602127
eigengenes,4,2,6.629523115666615
eigengenes,4,2,3.832290785325455
eigengenes,4,4,35.600690078324476
eigengenes,4,2,6.401601854624573
eigengenes,4,4,36.54226820202442
eigengenes,4,3,5.889487501520051
eigengenes,4,3,11.574642859862394
eigengenes,4,1,0
eigengenes,4,4,67.10427345892998
eigengenes,4,2,1.566766724479777
eigengenes,4,1,0
eigengenes,4,1,0
eigengenes,4,3,16.774944318399747
eigengenes,4,2,0.11126803415629638
eigengenes,4,1,0
eigengenes,4,3,13.112947839007859
eigengenes,4,1,0
eigengenes,4,4,43.261103764834445
eigengenes,4,2,1.4634637112041844
eigengenes,4,4,24.496755510379842
eigengenes,4,4,29.508931732763756
eigengenes,4,2,15.24158654728609
eigengenes,4,4,14.923275321250742
eigengenes,4,4,35.48676040663918
eigengenes,4,1,0
eigengenes,4,1,0
eigengenes,4,4,1.746501269461362
eigengenes,4,4,0.6598786980574403
eigengenes,4,4,25.945025983917276
eigengenes,4,1,0
eigengenes,4,1,0
eigengenes,4,2,4.088250300264008
eigengenes,4,4,64.27362594602369
eigengenes,4,4,39.94137220622082
eigengenes,4,4,11.381329753874724
eigengenes,4,4,12.520922209069255
eigengenes,4,1,0
eigengenes,4,4,14.15549371662749
eigengenes,4,4,35.7233413562621
eigengenes,4,3,29.481883230672906
eigengenes,4,4,53.15149374504546
eigengenes,4,3,15.047747609529978
eigengenes,4,4,56.37023056662218
eigengenes,4,2,3.08590412225152
eigengenes,4,1,0
eigengenes,4,4,10.078988382346125
eigengenes,4,3,1.1555998346202045
eigengenes,4,4,7.9463764715114
eigengenes,4,4,25.48242665057407
eigengenes,4,1,0
eigengenes,4,1,0
eigengenes,4,4,29.144266815527658
eigengenes,4,3,2.940997134873669
eigengenes,4,2,5.470896830472952
eigengenes,4,2,19.88875214769743
eigengenes,4,4,3.593786389162659
eigengenes,4,4,66.1689964038708
eigengenes,4,3,0.07967655485663272
eigengenes,4,4,1.2659529174060822
eigengenes,4,4,56.70046682865589
eigengenes,4,1,0
eigengenes,4,4,103.06695718961649
eigengenes,4,4,100.22423780000716
eigengenes,4,2,1.5470489631620978
eigengenes,4,3,12.569088294402121
eigengenes,4,2,5.012047610439083
eigengenes,4,1,0
eigengenes,4,3,0.02910098440463571
eigengenes,4,4,24.384782277354788
eigengenes,4,2,5.463200402570294
eigengenes,4,4,55.42238169214258
eigengenes,4,4,134.92369839602802
eigengenes,4,1,0
eigengenes,4,1,0
eigengenes,4,4,45.393650927480735
eigengenes,4,4,56.17355299264568
eigengenes,4,3,18.700260119481186
eigengenes,4,2,6.138223434686267
eigengenes,4,2,1.4634768075424631
eigengenes,4,1,0
eigengenes,4,4,0.4455690914422519
eigengenes,4,4,65.8555174473129
eigengenes,4,1,0
eigengenes,4,2,1.6863053105940367
eigengenes,4,3,56.92596454491175
eigengenes,4,2,2.81814672242578
eigengenes,4,4,50.658104559517
eigengenes,4,4,39.1096400809721
eigengenes,4,4,34.65435949808773
eigengenes,4,1,0
eigengenes,4,2,2.244373362538994
eigengenes,4,4,14.962371735532543
eigengenes,4,1,0
eigengenes,4,1,0
eigengenes,4,2,3.550883589114761
eigengenes,4,1,0
eigengenes,4,4,10.93202110505527
eigengenes,4,4,5.716648256314073
eigengenes,4,4,23.53548813800859
eigengenes,4,2,1.7509434824967514
eigengenes,4,1,0
eigengenes,4,2,0.15334201852394358
eigengenes,4,1,0
eigengenes,4,2,37.204780542104714
eigengenes,4,3,18.0430310075414
eigengenes,4,1,0
eigengenes,4,3,0.29231613490335917
eigengenes,4,1,0
eigengenes,4,4,7.485043112732342
eigengenes,4,1,0
eigengenes,4,4,12.52322210274906
eigengenes,4,4,33.112940029000555
eigengenes,4,1,0
eigengenes,4,4,60.90807465797121
eigengenes,4,4,30.106338087531782
eigengenes,4,4,78.41429104911424
eigengenes,4,4,103.89718203826948
eigengenes,4,3,11.261959764278316
eigengenes,4,4,2.9931271977185077
eigengenes,4,4,3.644857325800899
eigengenes,4,1,0
eigengenes,4,4,72.70291967190838
eigengenes,4,3,26.183452485641908
eigengenes,4,4,18.361911791990565
eigengenes,4,3,0.42573876795407273
eigengenes,4,1,0
eigengenes,4,4,11.222041913531712
eigengenes,4,4,10.068876536398847
eigengenes,4,4,6.239472897335389
eigengenes,4,3,12.576289304749736
eigengenes,4,1,0
eigengenes,4,4,60.441643102516366
eigengenes,4,4,9.902843671762668
eigengenes,4,1,0
eigengenes,4,4,24.329076968122564
eigengenes,4,4,6.562167598197902
eigengenes,4,1,0
eigengenes,4,3,7.4626370478209765
eigengenes,4,1,0
eigengenes,4,4,35.44229480147405
eigengenes,4,4,91.38523631440077
eigengenes,4,1,0
eigengenes,4,2,12.126284682801867
eigengenes,4,2,9.473495737694208
eigengenes,4,4,20.790092554826515
eigengenes,4,3,5.718406796568729
eigengenes,4,1,0
eigengenes,4,2,0.4208408617631392
eigengenes,4,4,30.54805562918915
eigengenes,4,2,9.267094969112804
eigengenes,4,1,0
eigengenes,4,1,0
eigengenes,4,3,4.281668972150243
eigengenes,4,2,5.055267033188329
eigengenes,4,2,9.863087552584403
eigengenes,4,2,2.6516960101950247
eigengenes,4,4,11.626630151410296
eigengenes,4,4,74.55192207302957
eigengenes,4,1,0
eigengenes,4,4,1.3390010858679773
eigengenes,4,4,108.34256901278414
eigengenes,4,2,2.1015408393348594
eigengenes,4,4,49.90813010950856
eigengenes,4,1,0
eigengenes,4,1,0
eigengenes,4,1,0
eigengenes,4,3,4.815318441216192
eigengenes,4,3,27.797609567038904
eigengenes,4,4,4.490819326983711
eigengenes,4,4,65.04601310692601
eigengenes,4,2,14.681950028960898
eigengenes,4,4,11.167955122217052
eigengenes,4,4,49.48579429267133
eigengenes,4,1,0
eigengenes,4,2,0.007208596247579635
eigengenes,4,1,0
eigengenes,4,1,0
eigengenes,4,4,21.56485266311668
eigengenes,4,1,0
eigengenes,4,3,7.163069171773003
eigengenes,4,4,5.971141475010427
eigengenes,4,2,3.1899422235062502
eigengenes,4,4,19.62697916468457
eigengenes,4,4,17.08012863882547
eigengenes,4,3,33.28975294266539
eigengenes,4,2,0.5376624303804647
eigengenes,4,4,44.67407801608405
eigengenes,4,2,4.291327346904978
eigengenes,4,3,15.546895110181765
eigengenes,4,4,5.906678564296328
eigengenes,4,4,8.63806734443105
eigengenes,4,1,0
eigengenes,4,2,12.75523727036267
eigengenes,4,1,0
eigengenes,4,3,8.244572338126602
eigengenes,4,4,62.89302586884759
eigengenes,4,2,24.04199902039508
eigengenes,4,1,0
eigengenes,4,3,15.159064364559072
eigengenes,4,1,0
eigengenes,4,4,55.97578395171581
eigengenes,4,4,37.53642268609974
eigengenes,4,4,119.31236822902522
eigengenes,4,4,55.7283818181935
eigengenes,4,4,45.23182591072651
eigengenes,4,3,17.778135343732714
eigengenes,4,4,39.67291521044487
eigengenes,4,1,0
eigengenes,4,1,0
eigengenes,4,3,18.064047852461982
eigengenes,4,1,0
eigengenes,4,4,4.741093678794044
eigengenes,4,1,0
eigengenes,4,3,24.351999488368335
eigengenes,4,4,66.98645713068467
eigengenes,4,1,0
eigengenes,4,1,0
eigengenes,4,2,2.0025782801919547
eigengenes,4,1,0
eigengenes,4,1,0
eigengenes,4,4,23.403728884023224
eigengenes,4,4,7.834228737265306
eigengenes,4,2,7.462519848981884
eigengenes,4,4,16.814389635735722
eigengenes,4,1,0
eigengenes,4,3,12.651168643056252
eigengenes,4,1,0
eigengenes,4,1,0
eigengenes,4,1,0
eigengenes,4,2,9.629791598775483
eigengenes,4,1,0
eigengenes,4,4,24.028004228017096
eigengenes,4,1,0
eigengenes,4,1,0
eigengenes,4,4,12.273311357078171
eigengenes,4,4,5.686858553756792
eigengenes,4,2,2.9904966022883457
eigengenes,4,4,28.863632313162753
eigengenes,4,1,0
eigengenes,4,3,3.1324314192094675
eigengenes,4,1,0
eigengenes,4,3,20.389046778351286
eigengenes,4,1,0
eigengenes,4,4,103.43585992741211
eigengenes,4,2,2.8490944617179537
eigengenes,4,1,0
eigengenes,4,4,34.24260156195348
eigengenes,4,3,16.433226604155067
eigengenes,4,4,21.93323348351265
eigengenes,4,3,17.224077948983165
eigengenes,4,4,26.05217710418765
eigengenes,4,1,0
eigengenes,4,1,0
eigengenes,4,2,11.69797880489324
eigengenes,4,4,4.152348600961886
eigengenes,4,4,48.591553043787314
eigengenes,4,4,8.457966710124026
eigengenes,4,2,5.486257996690057
eigengenes,4,1,0
eigengenes,4,2,20.612685590847093
eigengenes,4,1,0
eigengenes,4,4,91.24553617992896
eigengenes,4,3,7.640167600080304
eigengenes,4,4,159.5936960493114
eigengenes,4,1,0
eigengenes,4,1,0
eigengenes,4,3,7.145744246521872
eigengenes,4,4,123.51230940500925
eigengenes,4,4,29.40853721561257
eigengenes,4,4,13.021248594852125
eigengenes,4,1,0
eigengenes,4,4,22.284366841078764
eigengenes,4,2,1.7318244532621918
eigengenes,4,1,0
eigengenes,4,4,31.564404232693818
eigengenes,4,2,4.131004051996854
eigengenes,4,2,4.454024477026451
eigengenes,4,4,1.5063944889188292
eigengenes,4,4,67.61226027458301
eigengenes,4,3,0.43146232475308466
eigengenes,4,2,5.715046871146285
eigengenes,4,2,1.4918160308500603
eigengenes,4,1,0
eigengenes,4,1,0
eigengenes,4,4,48.92744424913337
eigengenes,4,3,21.45240614919723
eigengenes,4,4,7.205795601727857
eigengenes,4,4,31.71690696481525
eigengenes,4,4,19.951996793944545
eigengenes,4,4,142.34486764445984
eigengenes,4,4,14.10755566419519
eigengenes,4,4,35.756489649921974
eigengenes,4,4,103.03512907821516
eigengenes,4,1,0
eigengenes,4,4,29.700841529367096
eigengenes,4,2,2.935972254800447
eigengenes,4,2,1.8780105089967094
eigengenes,4,4,65.0041495607727
eigengenes,4,4,77.28766190130116
eigengenes,4,4,52.122255233397965
eigengenes,4,3,5.6901338662023875
eigengenes,4,2,0.9348494051270677
eigengenes,4,3,3.739327623829382
eigengenes,4,1,0
eigengenes,4,3,2.6915602643740044
eigengenes,4,2,27.551607744979577
eigengenes,4,1,0
eigengenes,4,3,8.471924194393722
eigengenes,4,3,39.053807416950264
eigengenes,4,1,0
eigengenes,4,1,0
eigengenes,4,1,0
eigengenes,4,1,0
eigengenes,4,4,34.8863270052471
eigengenes,4,4,86.55148406946432
eigengenes,4,3,12.442747292448331
eigengenes,4,1,0
eigengenes,4,3,7.175469970826583
eigengenes,4,1,0
eigengenes,4,1,0
eigengenes,4,4,49.31005580554526
eigengenes,4,4,36.869375970830475
eigengenes,4,1,0
eigengenes,4,4,77.08127321978262
eigengenes,4,3,14.323233409278885
eigengenes,4,1,0
eigengenes,4,4,4.760712595504145
eigengenes,4,3,24.983082794136692
eigengenes,4,4,62.80324907947849
eigengenes,4,4,6.908331486946054
eigengenes,4,4,29.534038408615913
eigengenes,4,1,0
eigengenes,4,2,11.566083236008438
eigengenes,4,3,36.850238434021435
eigengenes,4,3,12.011506890285716
eigengenes,4,3,7.253293955898954
eigengenes,4,4,16.305313883547683
eigengenes,4,3,20.31012020914622
eigengenes,4,4,14.874928051830636
eigengenes,4,4,64.67137481287
eigengenes,4,4,18.95536797536596
eigengenes,4,4,96.74776892342578
eigengenes,4,4,74.11967342255116
eigengenes,4,1,0
eigengenes,4,1,0
eigengenes,4,4,0.7153833059277019
eigengenes,4,1,0
eigengenes,4,3,2.86939028246033
eigengenes,4,1,0
eigengenes,4,4,58.522438129360836
eigengenes,4,4,29.16076834155379
eigengenes,4,4,23.298352258663243
eigengenes,4,3,17.548986926535747
eigengenes,4,1,0
eigengenes,4,1,0
eigengenes,4,3,29.32679546863804
eigengenes,4,1,0
eigengenes,4,3,7.558353238673817
eigengenes,4,4,37.115439424922585
eigengenes,4,1,0
eigengenes,4,4,72.27222162915552
eigengenes,4,4,66.43154909232621
eigengenes,4,4,24.887470548274337
eigengenes,4,4,33.74188194353431
eigengenes,4,2,1.551827308260556
eigengenes,4,3,37.380176688473995
eigengenes,4,1,0
eigengenes,4,4,32.62752946556708
eigengenes,4,2,0.20910586388390584
eigengenes,4,2,6.397766702642798
eigengenes,4,3,6.464665911819566
eigengenes,4,2,3.290041160453626
eigengenes,4,2,1.6477540926674976
eigengenes,4,4,60.32993703061834
eigengenes,4,4,48.03561051054038
eigengenes,4,4,108.04110933182213
eigengenes,4,2,4.511081119317453
eigengenes,4,3,10.3193381388013
eigengenes,4,4,35.89654610694731
eigengenes,4,4,15.703042983032077
eigengenes,4,4,62.701717083256995
eigengenes,4,1,0
eigengenes,4,4,2.328219109014242
eigengenes,4,4,51.42429792993909
eigengenes,4,4,17.047131409389976
eigengenes,4,4,27.873657569251492
eigengenes,4,4,7.52825038234306
eigengenes,4,4,76.65007517160302
eigengenes,4,2,6.318583354717589
eigengenes,4,1,0
proteins,2,1,0
proteins,2,3,7.392759854424838
proteins,2,1,0
proteins,2,1,0
proteins,2,4,9.089684271864286
proteins,2,1,0
proteins,2,1,0
proteins,2,1,0
proteins,2,2,4.160178834897067
proteins,2,2,1.1041835438631722
proteins,2,1,0
proteins,2,4,5.261182862176355
proteins,2,1,0
proteins,2,1,0
proteins,2,2,19.377790777565423
proteins,2,4,4.404053729464692
proteins,2,1,0
proteins,2,1,0
proteins,2,3,18.16760623400475
proteins,2,1,0
proteins,2,3,19.235698621900042
proteins,2,1,0
proteins,2,2,4.367441913929042
proteins,2,2,1.8618555244759136
proteins,2,4,14.842378822910433
proteins,2,3,8.674794655200657
proteins,2,1,0
proteins,2,2,2.362878021928651
proteins,2,1,0
proteins,2,2,5.7247857649240075
proteins,2,3,1.4610651170192739
proteins,2,3,4.875615475414804
proteins,2,1,0
proteins,2,1,0
proteins,2,2,3.5804361330104086
proteins,2,2,1.935648894951953
proteins,2,1,0
proteins,2,4,2.722834367166513
proteins,2,4,3.6861377575689573
proteins,2,1,0
proteins,2,2,1.046995791750959
proteins,2,1,0
proteins,2,1,0
proteins,2,1,0
proteins,2,2,2.4026742635360563
proteins,2,1,0
proteins,2,4,0.22282042337459984
proteins,2,2,2.4700535322162125
proteins,2,2,1.6344650502956029
proteins,2,1,0
proteins,2,1,0
proteins,2,1,0
proteins,2,4,2.099102346830165
proteins,2,1,0
proteins,2,1,0
proteins,2,1,0
proteins,2,1,0
proteins,2,1,0
proteins,2,2,0.9996338009752606
proteins,2,4,1.737702885490819
proteins,2,3,10.532519176231261
proteins,2,1,0
proteins,2,1,0
proteins,2,1,0
proteins,2,3,5.533976532522729
proteins,2,1,0
proteins,2,1,0
proteins,2,3,13.92027840088818
proteins,2,1,0
proteins,2,1,0
proteins,2,2,1.2697495003405948
proteins,2,2,3.1239780111376945
proteins,2,1,0
proteins,2,2,3.555927139098003
proteins,2,2,1.9766606147167352
proteins,2,1,0
proteins,2,1,0
proteins,2,1,0
proteins,2,2,0.548838072874986
proteins,2,1,0
proteins,2,2,1.1981771814214426
proteins,2,2,0.6333212038071281
proteins,2,1,0
proteins,2,1,0
proteins,2,2,30.844149857832235
proteins,2,1,0
proteins,2,1,0
proteins,2,1,0
proteins,2,2,1.7728211465391723
proteins,2,4,4.081261935989289
proteins,2,2,2.108736315874012
proteins,2,3,4.868006091204535
proteins,2,2,19.088381869533634
proteins,2,1,0
proteins,2,2,3.3791140027958875
proteins,2,1,0
proteins,2,1,0
proteins,2,1,0
proteins,2,2,6.626115311446711
proteins,2,1,0
proteins,2,1,0
proteins,2,1,0
proteins,2,1,0
proteins,2,4,4.2462184793315885
proteins,2,2,1.5964486167765415
proteins,2,2,2.0562676855182644
proteins,2,1,0
proteins,2,2,3.6018767084088665
proteins,2,1,0
proteins,2,1,0
proteins,2,1,0
proteins,2,4,12.70599421281318
proteins,2,1,0
proteins,2,2,18.07182364831209
proteins,2,1,0
proteins,2,3,3.6053402551263787
proteins,2,1,0
proteins,2,4,0.9042880286829984
proteins,2,3,8.48954222528792
proteins,2,1,0
proteins,2,2,0.31177589592107324
proteins,2,1,0
proteins,2,1,0
proteins,2,2,0.08834954420365193
proteins,2,3,13.383032741865406
proteins,2,4,4.535737369481524
proteins,2,1,0
proteins,2,4,1.4866838291072497
proteins,2,4,17.251012346073225
proteins,2,1,0
proteins,2,1,0
proteins,2,4,8.668753357746226
proteins,2,1,0
proteins,2,1,0
proteins,2,1,0
proteins,2,1,0
proteins,2,4,1.8750146983582567
proteins,2,1,0
proteins,2,3,14.979724006794015
proteins,2,4,7.403102405753174
proteins,2,1,0
proteins,2,1,0
proteins,2,2,2.2537366998700747
proteins,2,1,0
proteins,2,1,0
proteins,2,4,8.845995388161953
proteins,2,4,29.340736833916083
proteins,2,1,0
proteins,2,1,0
proteins,2,1,0
proteins,2,1,0
proteins,2,3,5.6024656584311
proteins,2,1,0
proteins,2,1,0
proteins,2,1,0
proteins,2,2,4.613113413171675
proteins,2,1,0
proteins,2,1,0
proteins,2,1,0
proteins,2,2,5.705580350949305
proteins,2,1,0
proteins,2,1,0
proteins,2,1,0
proteins,2,4,18.69108269758229
proteins,2,2,2.062919023181365
proteins,2,3,4.6287374762531215
proteins,2,1,0
proteins,2,2,3.7930004507639126
proteins,2,2,4.422010181149517
proteins,2,3,6.832365264895344
proteins,2,2,5.726150031029022
proteins,2,1,0
proteins,2,1,0
proteins,2,1,0
proteins,2,1,0
proteins,2,2,1.113502443984629
proteins,2,1,0
proteins,2,1,0
proteins,2,1,0
proteins,2,1,0
proteins,2,1,0
proteins,2,1,0
proteins,2,4,5.273032716258456
proteins,2,1,0
proteins,2,1,0
proteins,2,1,0
proteins,2,2,2.454199760838577
proteins,2,1,0
proteins,2,1,0
proteins,2,1,0
proteins,2,3,26.75348874182319
proteins,2,1,0
proteins,2,2,3.4678973146631336
proteins,2,1,0
proteins,2,1,0
proteins,2,1,0
proteins,2,4,12.764103205406315
proteins,2,1,0
proteins,2,1,0
proteins,2,1,0
proteins,2,1,0
proteins,2,1,0
proteins,2,1,0
proteins,2,2,6.638103317317331
proteins,2,2,0.832240801411416
proteins,2,1,0
proteins,2,3,9.785891687040419
proteins,2,3,0.7350538321935574
proteins,2,4,6.566202645981974
proteins,2,3,0.5777882716099612
proteins,2,1,0
proteins,2,1,0
proteins,2,3,10.025955137688669
proteins,2,1,0
proteins,2,2,6.012757385034547
proteins,2,3,1.2176321521219506
proteins,2,4,2.4555691193989446
proteins,2,1,0
proteins,2,3,8.021569397974758
proteins,2,4,10.785088331416233
proteins,2,1,0
proteins,2,3,0.5745192591126056
proteins,2,2,8.198721015840931
proteins,2,2,2.0753903666257827
proteins,2,1,0
proteins,2,1,0
proteins,2,1,0
proteins,2,1,0
proteins,2,2,16.145764863255607
proteins,2,1,0
proteins,2,1,0
proteins,2,3,5.270861325539528
proteins,2,4,7.288409619224581
proteins,2,1,0
proteins,2,1,0
proteins,2,1,0
proteins,2,1,0
proteins,2,1,0
proteins,2,1,0
proteins,2,1,0
proteins,2,2,2.5813538783785077
proteins,2,1,0
proteins,2,1,0
proteins,2,2,1.8674698840375754
proteins,2,1,0
proteins,2,1,0
proteins,2,1,0
proteins,2,1,0
proteins,2,1,0
proteins,2,2,3.872329582283271
proteins,2,1,0
proteins,2,1,0
proteins,2,1,0
proteins,2,1,0
proteins,2,1,0
proteins,2,1,0
proteins,2,2,4.746847427928969
proteins,2,1,0
proteins,2,1,0
proteins,2,4,12.094274149815817
proteins,2,1,0
proteins,2,2,3.7060656329644246
proteins,2,2,4.974936029437487
proteins,2,3,8.738764763058128
proteins,2,1,0
proteins,2,1,0
proteins,2,1,0
proteins,2,1,0
proteins,2,2,0.3036312700232884
proteins,2,1,0
proteins,2,1,0
proteins,2,4,5.117704511658502
proteins,2,2,1.3388588676063478
proteins,2,4,3.475365264011856
proteins,2,2,0.7556783086013183
proteins,2,2,3.765911116703876
proteins,2,3,4.4457419099245215
proteins,2,3,1.9818201275121794
proteins,2,2,9.109570691796705
proteins,2,1,0
proteins,2,1,0
proteins,2,1,0
proteins,2,1,0
proteins,2,2,3.228729239168473
proteins,2,2,0.4901490390673189
proteins,2,2,6.460040084899788
proteins,2,3,2.4268223935637536
proteins,2,3,6.368280608131357
proteins,2,3,4.5886579827643175
proteins,2,1,0
proteins,2,1,0
proteins,2,1,0
proteins,2,1,0
proteins,2,2,6.4892071040112
proteins,2,2,2.539948802895168
proteins,2,1,0
proteins,2,2,5.106006122470575
proteins,2,1,0
proteins,2,1,0
proteins,2,1,0
proteins,2,1,0
proteins,2,4,2.293894060375777
proteins,2,1,0
proteins,2,3,5.070744931138961
proteins,2,2,6.064448226027878
proteins,2,1,0
proteins,2,2,0.7645716541152296
proteins,2,1,0
proteins,2,1,0
proteins,2,1,0
proteins,2,1,0
proteins,2,2,2.3688106197289756
proteins,2,1,0
proteins,2,1,0
proteins,2,3,0.0988330219720126
proteins,2,1,0
proteins,2,2,2.492294061118173
proteins,2,1,0
proteins,2,1,0
proteins,2,1,0
proteins,2,1,0
proteins,2,4,15.56912860403682
proteins,2,1,0
proteins,2,1,0
proteins,2,1,0
proteins,2,1,0
proteins,2,3,3.1563158272480223
proteins,2,2,3.540393429637419
proteins,2,2,0.1609025528138659
proteins,2,3,2.8803530337798406
proteins,2,3,10.778554166751348
proteins,2,1,0
proteins,2,4,23.291640880478894
proteins,2,3,2.8173565445191002
proteins,2,3,6.299223443589369
proteins,2,3,2.6684646616147916
proteins,2,1,0
proteins,2,1,0
proteins,2,1,0
proteins,2,2,6.511369639170965
proteins,2,2,1.9700189368533358
proteins,2,3,4.375057827036926
proteins,2,2,4.062560121092247
proteins,2,1,0
proteins,2,1,0
proteins,2,1,0
proteins,2,1,0
proteins,2,1,0
proteins,2,1,0
proteins,2,1,0
proteins,2,1,0
proteins,2,1,0
proteins,2,4,12.751790471153356
proteins,2,1,0
proteins,2,2,1.1822738646345385
proteins,2,1,0
proteins,2,1,0
proteins,2,4,21.06179131103633
proteins,2,1,0
proteins,2,1,0
proteins,2,1,0
proteins,2,3,6.819807810363727
proteins,2,1,0
proteins,2,4,37.066412602393626
proteins,2,1,0
proteins,2,2,1.0648379736823301
proteins,2,1,0
proteins,2,2,1.6772693775407674
proteins,2,1,0
proteins,2,1,0
proteins,2,1,0
proteins,2,1,0
proteins,2,1,0
proteins,2,1,0
proteins,2,1,0
proteins,2,3,2.838152101373595
proteins,2,1,0
proteins,2,3,20.586614372593147
proteins,2,2,6.26224753469819
proteins,2,2,4.528495378147511
proteins,2,1,0
proteins,2,1,0
proteins,2,1,0
proteins,2,1,0
proteins,2,2,2.4014625072107094
proteins,2,1,0
proteins,2,3,4.476325593182679
proteins,2,2,0.5027004614841815
proteins,2,2,0.9767973947218138
proteins,2,2,1.3017939722521135
proteins,2,1,0
proteins,2,1,0
proteins,2,1,0
proteins,2,4,13.914698609626214
proteins,2,3,1.3350969135525759
proteins,2,3,13.98762755820269
proteins,2,1,0
proteins,2,1,0
proteins,2,4,0.8335169208120874
proteins,2,4,15.908062882268268
proteins,2,2,1.4278787902836712
proteins,2,3,1.6743995137995853
proteins,2,1,0
proteins,2,1,0
proteins,2,3,6.476753985299837
proteins,2,2,6.4092838696396655
proteins,2,2,1.1561640494716698
proteins,2,3,16.14907797573835
proteins,2,3,0.4987992619950887
proteins,2,4,12.69349405440667
proteins,2,1,0
proteins,2,1,0
proteins,2,2,1.51630227766276
proteins,2,1,0
proteins,2,2,6.919499547481934
proteins,2,4,17.410026494752543
proteins,2,1,0
proteins,2,3,5.181386634729478
proteins,2,4,9.60743749948034
proteins,2,1,0
proteins,2,1,0
proteins,2,4,10.899738027176426
proteins,2,1,0
proteins,2,4,12.336588356667107
proteins,2,1,0
proteins,2,4,3.986615897951225
proteins,2,4,20.18368224456998
proteins,2,3,7.342625291916477
proteins,2,3,7.762509513789297
proteins,2,1,0
proteins,2,1,0
proteins,2,1,0
proteins,2,1,0
proteins,2,2,1.1103972784649727
proteins,2,3,6.540393839009397
proteins,2,2,7.022664948401058
proteins,2,1,0
proteins,2,1,0
proteins,2,1,0
proteins,2,1,0
proteins,2,1,0
proteins,2,1,0
proteins,2,1,0
proteins,2,3,10.27452926648283
proteins,2,1,0
proteins,2,3,10.818521007046712
proteins,2,1,0
proteins,2,3,0.5675574333214684
proteins,2,3,5.356539956062846
proteins,2,4,1.669225758639243
proteins,2,1,0
proteins,2,3,1.6276247978028948
proteins,2,2,5.675992817798033
proteins,2,1,0
proteins,2,3,6.664779785451941
proteins,2,1,0
proteins,2,1,0
proteins,2,4,5.293149266158338
proteins,2,3,5.607247178001387
proteins,2,1,0
proteins,2,2,3.771570094975999
proteins,2,1,0
proteins,2,4,2.6451360714901853
proteins,2,3,13.493376191165822
proteins,2,3,5.887488989204712
proteins,2,1,0
proteins,2,1,0
proteins,2,2,0.520869467210133
proteins,2,2,1.0564716046123692
proteins,2,3,4.398168368890197
proteins,2,4,0.08825391616616685
proteins,2,2,3.9877506656126798
proteins,2,2,5.270740687740357
proteins,2,1,0
proteins,2,2,2.3729197165218636
proteins,2,1,0
proteins,2,1,0
proteins,2,1,0
proteins,2,1,0
proteins,2,1,0
proteins,2,1,0
proteins,2,1,0
proteins,2,1,0
proteins,2,2,3.765763571790245
proteins,2,2,4.463338086362228
proteins,2,4,4.864175970298049
proteins,2,1,0
proteins,2,1,0
proteins,2,2,2.988153057906601
proteins,2,2,1.1148507183439165
proteins,2,2,1.5109698506545897
proteins,2,3,10.151581268462792
proteins,2,1,0
proteins,2,4,1.9760281231817203
proteins,2,4,3.6506401119423515
proteins,2,1,0
proteins,2,1,0
proteins,2,2,4.288382352707259
proteins,2,3,1.9494928983821183
proteins,2,1,0
proteins,2,3,4.760762680064232
proteins,2,2,0.7419744132461119
proteins,2,1,0
proteins,2,3,16.548885152804303
proteins,2,1,0
proteins,2,2,14.784858824115588
proteins,2,1,0
proteins,2,3,3.157247037230917
proteins,2,1,0
proteins,2,3,0.060988285372928885
proteins,2,1,0
proteins,2,2,1.7526259313694936
proteins,2,1,0
proteins,2,4,3.541543058601974
proteins,2,2,1.4333751457057247
proteins,2,2,1.1594934885573593
proteins,2,2,6.71357480184588
proteins,2,1,0
proteins,2,3,5.3094470589790035
proteins,2,1,0
proteins,2,3,9.453721887550529
proteins,2,2,5.312113123589313
proteins,2,2,3.4569632623687028
proteins,2,2,1.5877716585527253
proteins,2,1,0
proteins,2,4,6.426749876681953
proteins,2,1,0
proteins,2,1,0
proteins,2,4,5.559584843402945
proteins,2,1,0
proteins,2,1,0
proteins,2,2,0.9933086985313082
proteins,2,2,4.868784629140748
proteins,2,1,0
proteins,2,4,1.876476042952305
proteins,2,2,0.6461409532523987
proteins,2,1,0
proteins,2,1,0
proteins,2,1,0
proteins,2,1,0
proteins,2,1,0
proteins,2,1,0
proteins,2,2,4.848923787127092
proteins,2,1,0
proteins,2,2,0.5145243285601282
proteins,2,1,0
proteins,2,2,1.9502506828099797
proteins,2,4,12.22743314027349
proteins,2,3,0.3158587750145614
proteins,2,3,1.588702410060364
proteins,2,1,0
proteins,2,1,0
proteins,2,1,0
proteins,2,1,0
proteins,2,2,9.747913781972585
proteins,2,1,0
proteins,2,1,0
proteins,2,2,6.7410005143948695
proteins,2,3,9.790291808937269
proteins,2,1,0
proteins,2,1,0
proteins,2,3,5.342155999069547
proteins,2,3,2.718170039310536
proteins,2,3,11.049078731859055
proteins,2,1,0
proteins,2,2,0.5010543712510582
proteins,2,4,16.029963717357816
proteins,2,1,0
proteins,2,3,3.5249610952772628
proteins,2,2,2.232949864416213
proteins,2,3,5.866548806750501
proteins,2,2,0.2401905504668207
proteins,2,1,0
proteins,2,4,4.92214471935668
proteins,2,1,0
proteins,2,1,0
proteins,2,1,0
proteins,2,1,0
proteins,2,1,0
proteins,2,3,0.9869265400176346
proteins,2,1,0
proteins,2,4,16.910458188395666
proteins,2,1,0
proteins,2,2,16.145506020951842
proteins,2,1,0
proteins,2,4,19.083563292888556
proteins,2,1,0
proteins,2,4,2.832158031906374
proteins,2,3,2.8139474576656767
proteins,2,2,1.6950208207899777
proteins,2,1,0
proteins,2,1,0
proteins,2,1,0
proteins,2,4,24.695792206325336
proteins,2,2,11.00623959708949
proteins,2,3,3.9398431193353645
proteins,2,1,0
proteins,2,2,2.8638870372625718
proteins,2,1,0
proteins,2,2,0.20684787677893723
proteins,2,1,0
proteins,2,1,0
proteins,2,1,0
proteins,2,1,0
proteins,2,2,6.804118908242771
proteins,2,1,0
proteins,2,4,9.678722941744184
proteins,2,1,0
proteins,2,1,0
proteins,2,1,0
proteins,2,3,12.254310450917615
proteins,2,4,21.533064631412174
proteins,2,3,16.502126132805927
proteins,2,1,0
proteins,2,1,0
proteins,2,2,4.670167127752848
proteins,2,1,0
proteins,2,4,1.3391167372560915
proteins,2,1,0
proteins,2,2,8.891932253257579
proteins,2,1,0
proteins,2,1,0
proteins,2,2,6.002892629369512
proteins,2,1,0
proteins,2,4,3.163378070828884
proteins,2,1,0
proteins,2,3,3.2452209432921677
proteins,2,4,2.9843838308401587
proteins,2,3,2.3090272092170494
proteins,2,4,4.405444964096432
proteins,2,1,0
proteins,2,1,0
proteins,2,1,0
proteins,2,2,10.419543240121982
proteins,2,1,0
proteins,2,3,4.595710301113286
proteins,2,1,0
proteins,2,1,0
proteins,2,2,3.0155825964353653
proteins,2,1,0
proteins,2,2,2.1055151104702645
proteins,2,1,0
proteins,2,1,0
proteins,2,1,0
proteins,2,2,3.9103555601587914
proteins,2,1,0
proteins,2,1,0
proteins,2,1,0
proteins,2,2,7.954696395046909
proteins,2,1,0
proteins,2,4,17.447336077322632
proteins,2,1,0
proteins,2,2,4.387242123484896
proteins,2,4,6.23038815288092
proteins,2,1,0
proteins,2,1,0
proteins,2,1,0
proteins,2,1,0
proteins,2,2,1.1678802720467445
proteins,2,1,0
proteins,2,1,0
proteins,2,4,5.163160695188623
proteins,2,3,19.05122489877178
proteins,2,4,7.706840426899589
proteins,2,2,1.3535180149352186
proteins,2,2,7.356835811567549
proteins,2,4,17.747485233043108
proteins,2,4,1.1561781473209294
proteins,2,1,0
proteins,2,1,0
proteins,2,3,6.14766914713843
proteins,2,1,0
proteins,2,1,0
proteins,2,2,28.89635429537182
proteins,2,1,0
proteins,2,4,6.906283077127142
proteins,2,1,0
proteins,2,4,7.594687692962793
proteins,2,1,0
proteins,2,2,1.303879665954355
proteins,2,3,3.2745946809831707
proteins,2,2,3.5254220526487074
proteins,2,1,0
proteins,2,1,0
proteins,2,1,0
proteins,2,4,8.224319083322513
proteins,2,3,5.563444943238039
proteins,2,2,1.9442286156101147
proteins,2,1,0
proteins,2,2,2.270560892454313
proteins,2,1,0
proteins,2,1,0
proteins,2,2,1.1722031796728345
proteins,2,2,7.648707258733481
proteins,2,1,0
proteins,2,1,0
proteins,2,1,0
proteins,2,1,0
proteins,2,2,8.261928773028558
proteins,2,2,4.50580540128982
proteins,2,4,4.510354687638511
proteins,2,2,3.6884799344069563
proteins,2,2,17.52740520147981
proteins,2,4,1.084462474472474
proteins,2,1,0
proteins,2,2,0.0394127245413074
proteins,2,1,0
proteins,2,4,2.9039455066274797
proteins,2,3,11.167975918550582
proteins,2,1,0
proteins,2,1,0
proteins,2,1,0
proteins,2,2,1.0058133093886568
proteins,2,2,8.904312196103149
proteins,2,1,0
proteins,2,1,0
proteins,2,1,0
proteins,2,2,0.9781459628246978
proteins,2,3,1.3959477456392335
proteins,2,1,0
proteins,2,1,0
proteins,2,2,3.3306185024379147
proteins,2,2,4.454814342540146
proteins,2,4,2.231795147391324
proteins,2,1,0
proteins,2,2,16.605692260231535
proteins,2,1,0
proteins,2,1,0
proteins,2,2,1.4853353688097855
proteins,2,4,4.289405751160956
proteins,2,1,0
proteins,2,2,3.5796136091053086
proteins,2,1,0
proteins,2,1,0
proteins,2,3,1.619555341606116
proteins,2,2,11.67966409572503
proteins,2,1,0
proteins,2,1,0
proteins,2,1,0
proteins,2,1,0
proteins,2,1,0
proteins,2,4,9.402462002596536
proteins,2,1,0
proteins,2,4,11.060863464925717
proteins,2,1,0
proteins,2,4,1.2411541334080312
proteins,2,2,8.557510724721794
proteins,2,2,1.460344974593255
proteins,2,4,1.4281075368469942
proteins,2,4,4.441028824757268
proteins,2,1,0
proteins,2,1,0
proteins,2,1,0
proteins,2,3,0.30230721687900086
proteins,2,3,7.093652154754267
proteins,2,2,1.4255736624203053
proteins,2,1,0
proteins,2,2,0.21078751277786978
proteins,2,1,0
proteins,2,3,0.4400231124211018
proteins,2,3,2.829006609574037
proteins,2,1,0
proteins,2,2,12.564081783391288
proteins,2,4,13.120519140459663
proteins,2,2,3.1309652483784305
proteins,2,3,0.3620282623889466
proteins,2,1,0
proteins,2,4,4.9493277255206465
proteins,2,1,0
proteins,2,1,0
proteins,2,1,0
proteins,2,1,0
proteins,2,1,0
proteins,2,3,11.50203370536235
proteins,2,1,0
proteins,2,3,1.3563572264480968
proteins,2,4,2.5971378844930086
proteins,2,2,2.081187486202481
proteins,2,4,19.943274869376012
proteins,2,2,12.576067034934425
proteins,2,2,13.166930458912589
proteins,2,1,0
proteins,2,1,0
proteins,2,1,0
proteins,2,1,0
proteins,2,2,1.786727764589358
proteins,2,1,0
proteins,2,3,30.25504484655781
proteins,2,1,0
proteins,2,2,1.1276480816491983
proteins,2,1,0
proteins,2,2,5.218123979407636
proteins,2,4,7.046501051695742
proteins,2,2,4.3932479550572054
proteins,2,1,0
proteins,2,1,0
proteins,2,3,0.6482989152152641
proteins,2,1,0
proteins,2,3,1.9416331955354451
proteins,2,1,0
proteins,2,1,0
proteins,2,1,0
proteins,2,1,0
proteins,2,2,2.852987177223639
proteins,2,2,2.26632290154285
proteins,2,1,0
proteins,2,4,9.3063618065473
proteins,2,3,1.6314793191007482
proteins,2,3,4.468058964075425
proteins,2,3,5.563115357281646
proteins,2,3,3.363260657456806
proteins,2,2,0.3202635144249655
proteins,2,1,0
proteins,2,4,8.018356922283516
proteins,2,1,0
proteins,2,4,4.750501080081818
proteins,2,2,11.697361937168438
proteins,2,3,12.730794502961857
proteins,2,2,26.9673948502504
proteins,2,2,15.246863592185917
proteins,2,1,0
proteins,2,1,0
proteins,2,1,0
proteins,2,2,10.277276958794374
proteins,2,2,3.8691252194370804
proteins,2,1,0
proteins,2,1,0
proteins,2,1,0
proteins,2,2,0.3964583174296763
proteins,2,2,3.308276810456647
proteins,2,3,19.08351676935004
proteins,2,2,1.8385383597530733
proteins,2,1,0
proteins,2,3,0.5632960545727883
proteins,2,1,0
proteins,2,3,1.3431908596610924
proteins,2,2,0.3111027239776547
proteins,2,1,0
proteins,2,1,0
proteins,2,1,0
proteins,2,1,0
proteins,2,2,3.0136731494394837
proteins,2,2,6.200793919548772
proteins,2,1,0
proteins,2,1,0
proteins,2,1,0
proteins,2,2,0.9099272801014422
proteins,2,1,0
proteins,2,1,0
proteins,2,4,1.011799796049388
proteins,2,4,9.599662821345419
proteins,2,2,2.184298711915062
proteins,2,1,0
proteins,2,1,0
proteins,2,4,0.04948231025812788
proteins,2,4,0.08055201090434139
proteins,2,2,0.896268893893108
proteins,2,3,10.633765282929147
proteins,2,3,9.20946339222823
proteins,2,1,0
proteins,2,1,0
proteins,2,2,5.417149098774274
proteins,2,3,6.5567704574597485
proteins,2,3,19.46989254216618
proteins,2,4,2.150223432956409
proteins,2,1,0
proteins,2,4,3.011712499583979
proteins,2,1,0
proteins,2,3,3.129968539322789
proteins,2,1,0
proteins,2,1,0
proteins,2,4,3.4166898815110756
proteins,2,1,0
proteins,2,4,20.564056273226612
proteins,2,4,3.330406953708433
proteins,2,3,3.063804930285187
proteins,2,1,0
proteins,2,2,0.16845541055155877
proteins,2,3,9.469424219920569
proteins,2,4,1.4004179754056736
proteins,2,3,1.8519014866784858
proteins,2,1,0
proteins,2,1,0
proteins,2,2,0.8913112104107199
proteins,2,4,13.655083367462396
proteins,2,2,4.231517827712224
proteins,2,2,3.224140656334697
proteins,2,1,0
proteins,2,3,2.792787137553347
proteins,2,1,0
proteins,2,1,0
proteins,2,1,0
proteins,2,2,1.6617698034390003
proteins,2,4,5.282373795833593
proteins,2,3,1.056300869784991
proteins,2,4,5.45066987243581
proteins,2,4,5.668566004242621
proteins,2,1,0
proteins,2,1,0
proteins,2,1,0
proteins,2,1,0
proteins,2,4,1.8721471916034886
proteins,2,1,0
proteins,2,2,3.686679311780466
proteins,2,2,0.9225687989755897
proteins,2,3,6.020903060398581
proteins,2,1,0
proteins,2,2,8.483723374421999
proteins,2,1,0
proteins,2,3,9.130320724695423
proteins,2,2,0.8683684154959508
proteins,2,2,0.11543757273742017
proteins,2,3,7.777151139461694
proteins,2,2,0.06255305115578835
proteins,2,1,0
proteins,2,1,0
proteins,2,4,4.292575781730079
proteins,2,1,0
proteins,2,1,0
proteins,2,2,2.650226276302533
proteins,2,1,0
proteins,2,1,0
proteins,2,1,0
proteins,2,1,0
proteins,2,3,9.158815486857776
proteins,2,2,3.4986627652758386
proteins,2,2,4.942328437343974
proteins,2,2,0.3079646760762955
proteins,2,1,0
proteins,2,4,7.478197876745469
proteins,2,1,0
proteins,2,1,0
proteins,2,3,7.2692673360743925
proteins,2,1,0
proteins,2,3,6.285967359060805
proteins,2,1,0
proteins,2,1,0
proteins,2,1,0
proteins,2,2,12.86106542123764
proteins,2,1,0
proteins,2,2,5.818106483687927
proteins,2,2,4.370864230973552
proteins,2,1,0
proteins,2,2,4.349489345951184
proteins,2,1,0
proteins,2,3,6.581443029135983
proteins,2,1,0
proteins,2,1,0
proteins,2,4,19.024817172084965
proteins,2,1,0
proteins,2,1,0
proteins,2,1,0
proteins,2,1,0
proteins,2,1,0
proteins,2,1,0
proteins,2,2,3.2803320343522557
proteins,2,2,7.354252663612073
proteins,2,1,0
proteins,2,1,0
proteins,2,1,0
proteins,2,4,3.510623579962356
proteins,2,4,8.726758741284272
proteins,2,1,0
proteins,2,3,11.086080246518463
proteins,2,2,2.068967923080919
proteins,2,1,0
proteins,2,2,5.628903410447776
proteins,2,1,0
proteins,2,1,0
proteins,2,4,6.22468075275043
proteins,2,1,0
proteins,2,3,28.604091179943026
proteins,2,2,4.072353501588765
proteins,2,3,3.972150626954715
proteins,2,2,5.111182059925085
proteins,2,1,0
proteins,2,4,1.05188354157508
proteins,2,2,1.0692468512749542
proteins,2,1,0
proteins,2,1,0
proteins,2,1,0
proteins,2,2,8.427344958594063
proteins,2,3,1.3607021947696865
proteins,2,1,0
proteins,2,1,0
proteins,2,1,0
proteins,2,3,8.589541508242775
proteins,2,1,0
proteins,2,4,14.822962060060007
proteins,2,1,0
proteins,2,2,0.5798141472512839
proteins,2,1,0
proteins,2,1,0
proteins,2,1,0
proteins,2,1,0
proteins,2,2,2.92970893948808
proteins,2,4,8.643561244211526
proteins,2,1,0
proteins,2,1,0
proteins,3,1,0
proteins,3,1,0
proteins,3,3,3.8595750030756335
proteins,3,1,0
proteins,3,2,0.3309026570361766
proteins,3,1,0
proteins,3,1,0
proteins,3,4,15.79977160510549
proteins,3,4,2.5918383796378635
proteins,3,1,0
proteins,3,1,0
proteins,3,2,1.19877545501123
proteins,3,4,16.465586884386255
proteins,3,4,7.6902728553215525
proteins,3,3,14.534927130489734
proteins,3,4,2.7992655672268825
proteins,3,4,9.505587351439942
proteins,3,1,0
proteins,3,1,0
proteins,3,1,0
proteins,3,2,14.219174664600018
proteins,3,4,16.27139101481663
proteins,3,2,1.5195620885766061
proteins,3,4,0.2904757375466147
proteins,3,4,12.907944393682044
proteins,3,4,38.36170770358086
proteins,3,1,0
proteins,3,3,22.880247797934715
proteins,3,1,0
proteins,3,2,3.315660214695356
proteins,3,3,1.9825220858784292
proteins,3,4,1.889628251078193
proteins,3,4,5.865259328232867
proteins,3,2,0.49321150728934526
proteins,3,1,0
proteins,3,4,31.32834123172097
proteins,3,1,0
proteins,3,4,12.327365001341661
proteins,3,3,12.458255073419366
proteins,3,4,25.236489239332684
proteins,3,3,13.870091444923105
proteins,3,1,0
proteins,3,4,21.94492060131779
proteins,3,1,0
proteins,3,2,12.448326719576016
proteins,3,2,5.530784052122783
proteins,3,4,21.161803796478864
proteins,3,2,16.366831265046244
proteins,3,1,0
proteins,3,1,0
proteins,3,1,0
proteins,3,2,2.298628262176578
proteins,3,1,0
proteins,3,1,0
proteins,3,4,0.26068252232789746
proteins,3,4,1.9871448409018626
proteins,3,4,3.0684294871054476
proteins,3,1,0
proteins,3,4,39.44556884314699
proteins,3,1,0
proteins,3,4,19.333827837853732
proteins,3,1,0
proteins,3,2,7.033301790904147
proteins,3,4,21.779889858948764
proteins,3,1,0
proteins,3,1,0
proteins,3,4,12.762112489472372
proteins,3,2,20.462895332509618
proteins,3,1,0
proteins,3,4,2.537724691749986
proteins,3,1,0
proteins,3,3,14.77582551459102
proteins,3,3,2.366081009447157
proteins,3,4,15.90181742828321
proteins,3,4,9.348806844010198
proteins,3,1,0
proteins,3,2,1.1952224888663636
proteins,3,1,0
proteins,3,4,3.6470934396087955
proteins,3,4,8.04944731799253
proteins,3,1,0
proteins,3,4,12.92761661093084
proteins,3,1,0
proteins,3,1,0
proteins,3,2,3.5607463100515133
proteins,3,1,0
proteins,3,2,1.5417822830805221
proteins,3,1,0
proteins,3,1,0
proteins,3,4,11.835352614171939
proteins,3,4,15.048643085927779
proteins,3,2,4.434612975814105
proteins,3,3,3.456341099558358
proteins,3,3,15.112782826548596
proteins,3,1,0
proteins,3,1,0
proteins,3,4,7.807851977643281
proteins,3,4,6.681694602336904
proteins,3,1,0
proteins,3,3,0.007283550886825196
proteins,3,4,22.641053854370114
proteins,3,3,9.579814345015961
proteins,3,3,16.25427990650718
proteins,3,3,16.862581378152527
proteins,3,4,11.7172848344876
proteins,3,3,0.49614975213609114
proteins,3,2,2.6120749786592796
proteins,3,4,30.06882823712374
proteins,3,3,5.40920603306472
proteins,3,2,1.9141433724634567
proteins,3,4,5.369312667898555
proteins,3,2,7.404576972127643
proteins,3,4,20.393403414696024
proteins,3,4,8.233839353148483
proteins,3,4,11.356037914069645
proteins,3,3,25.833122404673873
proteins,3,1,0
proteins,3,4,13.080388327845924
proteins,3,1,0
proteins,3,1,0
proteins,3,2,6.217610629320973
proteins,3,2,0.09702203022641243
proteins,3,2,0.7433363184496216
proteins,3,3,10.241946803753422
proteins,3,1,0
proteins,3,1,0
proteins,3,2,1.7127294420698718
proteins,3,4,2.192010254479385
proteins,3,4,4.197109454667611
proteins,3,4,6.21656215289164
proteins,3,1,0
proteins,3,1,0
proteins,3,1,0
proteins,3,1,0
proteins,3,1,0
proteins,3,4,7.9599635026190185
proteins,3,2,18.30689698091703
proteins,3,4,9.008673765018557
proteins,3,1,0
proteins,3,1,0
proteins,3,4,7.536626814318538
proteins,3,3,24.807783521341378
proteins,3,3,15.854899649549736
proteins,3,1,0
proteins,3,3,1.6459077819837376
proteins,3,3,0.03781512355618588
proteins,3,4,19.897855455530248
proteins,3,4,16.714086230698797
proteins,3,4,29.121685349746087
proteins,3,1,0
proteins,3,1,0
proteins,3,4,12.270450522213537
proteins,3,1,0
proteins,3,1,0
proteins,3,3,3.384326640158463
proteins,3,1,0
proteins,3,1,0
proteins,3,1,0
proteins,3,1,0
proteins,3,2,1.5483466498284884
proteins,3,4,13.899035932124491
proteins,3,4,43.994935986076484
proteins,3,3,10.082575956804646
proteins,3,1,0
proteins,3,3,9.85576958061057
proteins,3,2,5.341302208140689
proteins,3,1,0
proteins,3,2,1.5097691655357721
proteins,3,1,0
proteins,3,3,4.72804987078996
proteins,3,2,0.06844763707317725
proteins,3,4,0.9397645928809766
proteins,3,1,0
proteins,3,3,1.6358919935337326
proteins,3,4,7.452955181920743
proteins,3,2,8.150653648154275
proteins,3,2,1.5890637153282796
proteins,3,1,0
proteins,3,1,0
proteins,3,3,1.0934733753088608
proteins,3,3,0.6658459295584294
proteins,3,2,2.6358306548929704
proteins,3,1,0
proteins,3,1,0
proteins,3,3,11.042098411979907
proteins,3,4,16.884477908128076
proteins,3,2,2.433032571580952
proteins,3,1,0
proteins,3,4,19.171637548837964
proteins,3,2,10.733459852804799
proteins,3,1,0
proteins,3,2,2.1827402529559095
proteins,3,1,0
proteins,3,4,1.8982721448518305
proteins,3,1,0
proteins,3,1,0
proteins,3,2,1.9678601558283617
proteins,3,1,0
proteins,3,4,11.329079252665792
proteins,3,4,18.853501255803053
proteins,3,4,10.557287342185191
proteins,3,4,24.93176329583963
proteins,3,3,6.656723374595515
proteins,3,2,3.942997072190906
proteins,3,2,4.061367728879759
proteins,3,4,11.817372663814808
proteins,3,4,6.723788178904783
proteins,3,4,13.462113148734261
proteins,3,3,16.85909042189138
proteins,3,1,0
proteins,3,4,1.9057871024763244
proteins,3,4,41.512067463751066
proteins,3,1,0
proteins,3,4,20.06192144901098
proteins,3,2,3.223827755847026
proteins,3,1,0
proteins,3,1,0
proteins,3,4,22.81027277075634
proteins,3,1,0
proteins,3,4,15.455825466153556
proteins,3,1,0
proteins,3,3,22.411924830615817
proteins,3,4,9.116584227152998
proteins,3,1,0
proteins,3,4,3.869514278993563
proteins,3,4,11.228519594966315
proteins,3,1,0
proteins,3,3,4.035788058083256
proteins,3,1,0
proteins,3,3,11.771421839816753
proteins,3,4,44.29199592076105
proteins,3,3,5.190653599153961
proteins,3,4,35.093863530324484
proteins,3,4,29.984715871388687
proteins,3,2,8.070468449032205
proteins,3,3,5.230545082274773
proteins,3,1,0
proteins,3,2,0.7289113870922961
proteins,3,4,21.260850059805932
proteins,3,4,16.678842073439682
proteins,3,4,15.962816807699369
proteins,3,4,25.65192032770409
proteins,3,1,0
proteins,3,1,0
proteins,3,1,0
proteins,3,2,0.15874643751845952
proteins,3,3,24.459167942666852
proteins,3,4,21.60686573288018
proteins,3,4,25.48599687806683
proteins,3,1,0
proteins,3,1,0
proteins,3,4,4.511222234633294
proteins,3,1,0
proteins,3,1,0
proteins,3,3,34.45304608996952
proteins,3,1,0
proteins,3,2,3.2604342476121246
proteins,3,4,25.241114190667133
proteins,3,4,16.113732333511564
proteins,3,2,2.6428783764152968
proteins,3,1,0
proteins,3,1,0
proteins,3,4,4.826172028233373
proteins,3,4,26.200625970927717
proteins,3,2,0.38571718705003377
proteins,3,2,3.8623008564562724
proteins,3,1,0
proteins,3,4,0.19005800839522635
proteins,3,4,37.91389498695037
proteins,3,2,8.622270187354957
proteins,3,4,23.101979813377568
proteins,3,4,35.72880279003266
proteins,3,2,8.691006230206654
proteins,3,1,0
proteins,3,3,2.7137310419349774
proteins,3,4,19.633170050458602
proteins,3,4,13.200951864415742
proteins,3,2,4.948102509551063
proteins,3,4,28.058154144835385
proteins,3,3,10.878979540072066
proteins,3,4,3.0742026047429363
proteins,3,1,0
proteins,3,4,36.78797273838518
proteins,3,4,2.087057076068902
proteins,3,4,6.247469059836249
proteins,3,1,0
proteins,3,2,12.365917938076393
proteins,3,2,6.733364905604276
proteins,3,4,6.862630069751276
proteins,3,2,2.140311564745673
proteins,3,1,0
proteins,3,4,12.145584198523409
proteins,3,1,0
proteins,3,1,0
proteins,3,3,0.26867095951848796
proteins,3,1,0
proteins,3,4,6.135495793774226
proteins,3,4,42.28138130152263
proteins,3,2,7.766930237663473
proteins,3,3,18.220858121235835
proteins,3,3,2.582130625039781
proteins,3,4,27.094854236287006
proteins,3,4,10.030613895223155
proteins,3,1,0
proteins,3,1,0
proteins,3,1,0
proteins,3,1,0
proteins,3,1,0
proteins,3,1,0
proteins,3,1,0
proteins,3,4,44.855417296188705
proteins,3,1,0
proteins,3,4,26.901335647261988
proteins,3,3,22.28262642701509
proteins,3,3,20.366905297770984
proteins,3,1,0
proteins,3,4,19.420937263229405
proteins,3,2,1.4368819583700656
proteins,3,3,13.534185842186446
proteins,3,4,22.799044601455137
proteins,3,1,0
proteins,3,2,1.5944021743796384
proteins,3,2,2.8546063914087654
proteins,3,4,16.394510250527333
proteins,3,2,6.9818464099979565
proteins,3,1,0
proteins,3,1,0
proteins,3,4,7.456791719542252
proteins,3,4,13.101128138921638
proteins,3,4,16.311627284134374
proteins,3,3,5.296551335654613
proteins,3,3,1.280483770916078
proteins,3,1,0
proteins,3,1,0
proteins,3,3,4.642821490564586
proteins,3,1,0
proteins,3,2,3.3915172040639163
proteins,3,1,0
proteins,3,1,0
proteins,3,3,1.9803303136060322
proteins,3,2,1.3110876658396364
proteins,3,1,0
proteins,3,4,24.2750697343439
proteins,3,2,1.7673933207045707
proteins,3,1,0
proteins,3,2,0.7128921444381149
proteins,3,3,0.17563225846316755
proteins,3,2,2.2664725095203835
proteins,3,3,24.989470168766104
proteins,3,4,5.531560175388734
proteins,3,2,12.673464333002755
proteins,3,1,0
proteins,3,4,23.090792356310317
proteins,3,3,0.7533272504194883
proteins,3,4,27.06688220275697
proteins,3,1,0
proteins,3,1,0
proteins,3,2,15.84663010133363
proteins,3,1,0
proteins,3,4,10.200388225736504
proteins,3,2,5.719064783574197
proteins,3,1,0
proteins,3,4,41.28991920627959
proteins,3,4,17.7454489166675
proteins,3,2,1.5553112692498416
proteins,3,4,7.095529355364704
proteins,3,4,11.124768191448652
proteins,3,1,0
proteins,3,1,0
proteins,3,4,9.787856289484353
proteins,3,4,1.1619486301040638
proteins,3,2,13.510906421402012
proteins,3,1,0
proteins,3,2,1.291103270253359
proteins,3,1,0
proteins,3,1,0
proteins,3,1,0
proteins,3,2,17.49920910099837
proteins,3,3,18.738379095456708
proteins,3,4,54.47351345387074
proteins,3,1,0
proteins,3,3,7.204918139277424
proteins,3,4,1.0262642381996443
proteins,3,4,16.2256207026428
proteins,3,2,5.802715990153672
proteins,3,2,28.181789273682227
proteins,3,1,0
proteins,3,2,4.11856340902176
proteins,3,2,5.662536811151995
proteins,3,1,0
proteins,3,3,3.813781818856853
proteins,3,1,0
proteins,3,1,0
proteins,3,4,10.775874088715852
proteins,3,3,2.4179926733283423
proteins,3,4,3.424372085835955
proteins,3,3,10.359195655775693
proteins,3,2,1.1830333092311776
proteins,3,2,1.3991565619449489
proteins,3,1,0
proteins,3,4,29.84939874215405
proteins,3,3,22.214397866493357
proteins,3,2,1.9272075134937268
proteins,3,1,0
proteins,3,4,9.627437273160865
proteins,3,3,10.934744733844411
proteins,3,3,4.359132402055536
proteins,3,2,1.035159733838043
proteins,3,1,0
proteins,3,4,15.760107910190413
proteins,3,1,0
proteins,3,1,0
proteins,3,1,0
proteins,3,4,16.751641102688552
proteins,3,1,0
proteins,3,1,0
proteins,3,3,2.1580340591318645
proteins,3,1,0
proteins,3,1,0
proteins,3,1,0
proteins,3,4,14.124234955361658
proteins,3,2,0.4802333736571427
proteins,3,1,0
proteins,3,4,3.0130508458436793
proteins,3,4,18.21916055987566
proteins,3,3,0.6075645959567737
proteins,3,1,0
proteins,3,1,0
proteins,3,1,0
proteins,3,4,24.429502269308614
proteins,3,1,0
proteins,3,1,0
proteins,3,2,2.206856524362422
proteins,3,2,2.917578394669988
proteins,3,2,0.15968601668862448
proteins,3,2,10.324850409497742
proteins,3,4,5.372892591492359
proteins,3,4,9.879469159399207
proteins,3,4,67.31222881177604
proteins,3,1,0
proteins,3,1,0
proteins,3,1,0
proteins,3,3,23.187275492224558
proteins,3,2,13.068768760475223
proteins,3,4,16.987268335313615
proteins,3,2,8.93418476449267
proteins,3,2,3.2490460943071184
proteins,3,2,2.870843587930949
proteins,3,1,0
proteins,3,4,18.374734482898816
proteins,3,1,0
proteins,3,4,0.42362980937264183
proteins,3,2,9.214688200832938
proteins,3,2,2.7386737680839133
proteins,3,4,30.27075615476292
proteins,3,4,11.263297458913769
proteins,3,1,0
proteins,3,1,0
proteins,3,3,0.958845648222507
proteins,3,1,0
proteins,3,3,0.6609106672739244
proteins,3,4,19.02584287832201
proteins,3,4,17.724457708021077
proteins,3,1,0
proteins,3,4,6.07004910730177
proteins,3,3,16.026824912958375
proteins,3,3,3.352286064553425
proteins,3,1,0
proteins,3,3,3.3037447828841096
proteins,3,1,0
proteins,3,1,0
proteins,3,4,7.241005502870223
proteins,3,1,0
proteins,3,1,0
proteins,3,1,0
proteins,3,2,1.0281547583063002
proteins,3,2,12.667499886664473
proteins,3,3,27.63698240012451
proteins,3,1,0
proteins,3,2,10.241306862340139
proteins,3,1,0
proteins,3,2,12.766933655100274
proteins,3,1,0
proteins,3,4,30.598563769322652
proteins,3,4,28.61903394143991
proteins,3,1,0
proteins,3,2,3.2858977866259806
proteins,3,4,61.87655144711914
proteins,3,2,12.287151501638562
proteins,3,4,12.987314530168646
proteins,3,4,13.068695492000188
proteins,3,2,0.9676976072067873
proteins,3,4,4.180962077917229
proteins,3,3,2.554925439619751
proteins,3,1,0
proteins,3,4,4.644185500125047
proteins,3,2,0.6033599735761186
proteins,3,4,27.477610723707812
proteins,3,2,0.7612671027668512
proteins,3,1,0
proteins,3,4,21.871635042687785
proteins,3,4,26.00347694018825
proteins,3,4,5.966682581353666
proteins,3,2,6.077706880846108
proteins,3,4,1.5483719101046631
proteins,3,1,0
proteins,3,3,10.504132570902925
proteins,3,2,0.20849562750413497
proteins,3,1,0
proteins,3,1,0
proteins,3,2,0.28872281420296986
proteins,3,4,12.31971988877973
proteins,3,1,0
proteins,3,4,40.6556926976981
proteins,3,1,0
proteins,3,1,0
proteins,3,4,15.585017296585988
proteins,3,1,0
proteins,3,2,11.214434526907041
proteins,3,4,7.236701544402649
proteins,3,4,4.701327093261796
proteins,3,1,0
proteins,3,4,10.771108816178412
proteins,3,2,1.5176771144939494
proteins,3,3,11.37197310257028
proteins,3,3,3.013404214366858
proteins,3,1,0
proteins,3,4,27.62806772397522
proteins,3,4,27.82869716930753
proteins,3,1,0
proteins,3,4,48.90649707005889
proteins,3,2,3.8105516062852303
proteins,3,4,6.01629699373882
proteins,3,2,3.83939893431517
proteins,3,1,0
proteins,3,4,25.768418653488595
proteins,3,2,2.0301491338336177
proteins,3,1,0
proteins,3,3,4.5684575427704885
proteins,3,4,13.641958945852025
proteins,3,1,0
proteins,3,2,3.036251228279525
proteins,3,4,2.0754181276236636
proteins,3,3,6.596121861025608
proteins,3,1,0
proteins,3,1,0
proteins,3,2,0.9070342986511832
proteins,3,2,2.2195553400642325
proteins,3,1,0
proteins,3,4,11.74533941655966
proteins,3,3,11.949172685925987
proteins,3,4,18.973892779144705
proteins,3,4,20.001839117099962
proteins,3,1,0
proteins,3,1,0
proteins,3,2,0.2165210442582861
proteins,3,3,17.593872874043086
proteins,3,4,5.727282846758158
proteins,3,1,0
proteins,3,4,24.419717891795983
proteins,3,1,0
proteins,3,2,13.14484582403611
proteins,3,4,28.181088328115777
proteins,3,4,16.819849623681876
proteins,3,2,8.801390627569958
proteins,3,3,23.281734736645035
proteins,3,4,9.851760716183719
proteins,3,1,0
proteins,3,2,3.0801419726251993
proteins,3,1,0
proteins,3,4,15.736138300724576
proteins,3,2,2.6987465561632007
proteins,3,1,0
proteins,3,4,3.584430338608456
proteins,3,3,3.130426968955021
proteins,3,1,0
proteins,3,4,11.706266752252645
proteins,3,1,0
proteins,3,2,5.8476207237187054
proteins,3,4,11.877720584917085
proteins,3,4,10.746620655158381
proteins,3,3,6.170970140502732
proteins,3,4,0.08814816401115877
proteins,3,2,0.08286095978655794
proteins,3,4,0.25018232682919006
proteins,3,4,15.39401569649948
proteins,3,4,29.71280885184757
proteins,3,2,5.286341066777084
proteins,3,4,8.84977707152268
proteins,3,2,3.3125619729981963
proteins,3,2,19.36551174376592
proteins,3,1,0
proteins,3,1,0
proteins,3,3,0.7655178030460092
proteins,3,4,25.352845626223314
proteins,3,4,35.99367410079225
proteins,3,2,2.93888594189076
proteins,3,2,8.309247966541136
proteins,3,1,0
proteins,3,4,1.0855264998589291
proteins,3,1,0
proteins,3,2,19.924547508326157
proteins,3,4,0.686111004343843
proteins,3,2,13.593618830802598
proteins,3,4,4.386747827839713
proteins,3,1,0
proteins,3,2,9.126083143486028
proteins,3,1,0
proteins,3,1,0
proteins,3,1,0
proteins,3,1,0
proteins,3,2,16.163742776839058
proteins,3,4,10.049610600587073
proteins,3,3,3.343869966837076
proteins,3,1,0
proteins,3,4,0.8786806210372902
proteins,3,4,19.421276957200746
proteins,3,1,0
proteins,3,2,0.09273203619403603
proteins,3,3,0.5308213953837253
proteins,3,2,18.994107433362956
proteins,3,4,14.709581953186728
proteins,3,4,13.789301810220934
proteins,3,1,0
proteins,3,1,0
proteins,3,2,9.135827777988482
proteins,3,4,1.878092295501233
proteins,3,4,42.85050552622397
proteins,3,1,0
proteins,3,4,0.61334695983237
proteins,3,1,0
proteins,3,2,9.195703554321994
proteins,3,4,11.941269152297593
proteins,3,4,9.542876932113302
proteins,3,2,1.6140125643618148
proteins,3,1,0
proteins,3,3,0.27421692765233274
proteins,3,1,0
proteins,3,1,0
proteins,3,4,0.797365356639034
proteins,3,4,10.316838146348118
proteins,3,4,11.161183628147171
proteins,3,4,15.883786491474893
proteins,3,2,3.0887806075882622
proteins,3,1,0
proteins,3,2,4.64458405196433
proteins,3,2,0.23409728063057855
proteins,3,1,0
proteins,3,4,0.8081709310538372
proteins,3,1,0
proteins,3,4,9.077153685547671
proteins,3,1,0
proteins,3,2,6.9005667219703355
proteins,3,1,0
proteins,3,4,49.833992233086406
proteins,3,4,20.974776464555816
proteins,3,1,0
proteins,3,1,0
proteins,3,4,5.536063023221402
proteins,3,1,0
proteins,3,1,0
proteins,3,1,0
proteins,3,3,3.9309435127047436
proteins,3,3,1.0822009150100484
proteins,3,1,0
proteins,3,2,5.042358751928248
proteins,3,1,0
proteins,3,2,6.65250368772854
proteins,3,1,0
proteins,3,4,35.2304706432098
proteins,3,1,0
proteins,3,2,6.0825188602718185
proteins,3,1,0
proteins,3,1,0
proteins,3,3,22.34243860469894
proteins,3,1,0
proteins,3,1,0
proteins,3,4,9.856034818655871
proteins,3,3,0.3709440414041296
proteins,3,2,11.944207101071811
proteins,3,1,0
proteins,3,4,14.44680798755303
proteins,3,1,0
proteins,3,2,8.271171935531868
proteins,3,3,11.39245022162811
proteins,3,1,0
proteins,3,3,20.28508259285502
proteins,3,1,0
proteins,3,3,14.931412862830769
proteins,3,1,0
proteins,3,4,7.758123719097966
proteins,3,3,6.633023833760603
proteins,3,4,1.8749778966762278
proteins,3,2,2.31648580966322
proteins,3,4,19.903658417552833
proteins,3,3,2.358137238728034
proteins,3,1,0
proteins,3,2,2.717026823834999
proteins,3,1,0
proteins,3,2,3.8946380283476287
proteins,3,4,8.993477695517072
proteins,3,4,26.457019940677128
proteins,3,4,4.826508393874462
proteins,3,2,3.6117630197578023
proteins,3,2,4.432893094215785
proteins,3,2,16.81230351793988
proteins,3,3,1.3203571605967
proteins,3,4,9.217021175036393
proteins,3,4,13.310645912013797
proteins,3,3,3.1144050094546856
proteins,3,1,0
proteins,3,1,0
proteins,3,4,15.037822081513013
proteins,3,4,18.83200443273887
proteins,3,1,0
proteins,3,4,29.542014107135515
proteins,3,2,1.777484090332905
proteins,3,1,0
proteins,3,1,0
proteins,3,4,3.7851014246031127
proteins,3,2,1.3913701957671947
proteins,3,4,26.579588371675015
proteins,3,1,0
proteins,3,2,3.171778900621973
proteins,3,3,3.7564389434116947
proteins,3,1,0
proteins,3,4,10.721236061980676
proteins,3,3,28.799244216464103
proteins,3,4,5.065058853359574
proteins,3,3,20.49423034923717
proteins,3,1,0
proteins,3,1,0
proteins,3,1,0
proteins,3,2,0.8183387715075128
proteins,3,2,2.0772425240120356
proteins,3,1,0
proteins,3,4,23.092739223911337
proteins,3,1,0
proteins,3,2,4.4642891989419695
proteins,3,3,2.313909899355565
proteins,3,3,29.700985101295657
proteins,3,1,0
proteins,3,1,0
proteins,3,4,3.881438228124466
proteins,3,1,0
proteins,3,4,46.127235900735
proteins,3,4,4.990677246444648
proteins,3,1,0
proteins,3,1,0
proteins,3,2,7.497034036759885
proteins,3,1,0
proteins,3,1,0
proteins,3,4,7.508319100384881
proteins,3,1,0
proteins,3,4,4.32231270924035
proteins,3,2,0.9758028557151874
proteins,3,2,4.32201832243652
proteins,3,2,4.2449567014297145
proteins,3,1,0
proteins,3,3,5.519076111496815
proteins,3,1,0
proteins,3,3,2.5604823162448156
proteins,3,1,0
proteins,3,1,0
proteins,3,2,1.013426616054062
proteins,3,1,0
proteins,3,3,4.7849546217284455
proteins,3,1,0
proteins,3,1,0
proteins,3,1,0
proteins,3,1,0
proteins,3,1,0
proteins,3,3,4.4303008693272545
proteins,3,3,3.8017360555027153
proteins,3,1,0
proteins,3,1,0
proteins,3,1,0
proteins,3,4,21.495194113022535
proteins,3,1,0
proteins,3,4,17.751313645965865
proteins,3,4,62.69017459485178
proteins,3,4,8.389820025548829
proteins,3,3,0.864202544033958
proteins,3,1,0
proteins,3,4,47.9513769806797
proteins,3,1,0
proteins,3,1,0
proteins,3,4,2.6027178096219927
proteins,3,4,7.099199482089773
proteins,3,2,0.6869840607176343
proteins,3,4,11.704330947404117
proteins,3,1,0
proteins,3,1,0
proteins,3,1,0
proteins,3,2,13.082274817268171
proteins,3,1,0
proteins,3,1,0
proteins,3,1,0
proteins,3,3,4.3019513507659894
proteins,3,1,0
proteins,3,1,0
proteins,3,1,0
proteins,3,1,0
proteins,3,4,10.257172210736371
proteins,3,1,0
proteins,3,2,0.5544374490032737
proteins,3,4,41.819992026408556
proteins,3,3,6.2051470929960715
proteins,3,3,2.124961765862224
proteins,3,3,4.133232719936473
proteins,3,4,13.649927088896334
proteins,3,3,6.081260220880608
proteins,3,1,0
proteins,3,3,20.977663024684148
proteins,3,1,0
proteins,3,1,0
proteins,3,4,13.202164034610973
proteins,3,1,0
proteins,3,1,0
proteins,3,4,14.577221332240356
proteins,3,1,0
proteins,3,1,0
proteins,3,2,1.8420717638000497
proteins,3,1,0
proteins,3,1,0
proteins,3,4,6.445557105492185
proteins,3,1,0
proteins,3,4,31.449896885492024
proteins,3,2,1.7242119749823814
proteins,3,4,14.284051399616999
proteins,3,4,9.852254458848222
proteins,3,4,12.909641267092468
proteins,3,1,0
proteins,3,1,0
proteins,3,3,2.115795624172563
proteins,3,4,16.131992133973085
proteins,3,3,13.159411367928271
proteins,3,4,2.8093032594344436
proteins,3,3,12.392085321006562
proteins,3,2,17.62496449477169
proteins,3,1,0
proteins,3,1,0
proteins,3,1,0
proteins,3,1,0
proteins,3,4,22.168575293669278
proteins,3,2,0.5678499591638229
proteins,3,1,0
proteins,3,3,17.683987103494246
proteins,3,1,0
proteins,3,1,0
proteins,3,3,2.1295398647822594
proteins,3,1,0
proteins,3,4,52.74371011338167
proteins,3,4,0.46396458987317146
proteins,3,4,7.547368600623486
proteins,3,3,3.026592132697772
proteins,3,2,1.395040106740396
proteins,3,3,2.2502019944036533
proteins,3,3,3.706784442022979
proteins,3,4,5.121886861599762
proteins,3,1,0
proteins,3,1,0
proteins,3,2,26.996244302844673
proteins,3,3,0.16773106295363505
proteins,3,2,3.469085917957557
proteins,3,1,0
proteins,3,3,13.825757117225578
proteins,3,1,0
proteins,3,2,2.783379290594212
proteins,3,1,0
proteins,3,1,0
proteins,3,1,0
proteins,3,3,14.45055256906943
proteins,3,3,7.191842440011328
proteins,3,4,19.657924503459867
proteins,3,2,11.800659325702327
proteins,3,4,3.7695907891972524
proteins,3,4,31.851536487116732
proteins,3,4,80.5167527228403
proteins,3,4,6.823729379136864
proteins,3,1,0
proteins,3,4,5.3567831829248576
proteins,3,4,10.343547962657112
proteins,3,4,1.373778252695331
proteins,3,4,13.532610826599353
proteins,3,3,8.794578907877792
proteins,3,3,0.7674069918825239
proteins,3,1,0
proteins,3,1,0
proteins,3,3,13.313920326451466
proteins,3,4,13.936632568712469
proteins,3,2,6.221712448216863
proteins,3,3,3.145327367136588
proteins,3,4,8.625661158714479
proteins,3,2,5.172752154909574
proteins,3,1,0
proteins,3,1,0
proteins,3,2,1.6582723665710546
proteins,3,1,0
proteins,3,1,0
proteins,3,1,0
proteins,3,1,0
proteins,3,4,15.131693521616114
proteins,3,1,0
proteins,3,4,1.9567017914750409
proteins,3,3,1.2243279436625016
proteins,3,1,0
proteins,3,4,12.78646855958118
proteins,3,4,27.41467953419385
proteins,3,4,8.56329326921582
proteins,3,1,0
proteins,3,2,15.085406561366256
proteins,3,2,12.186600703863235
proteins,3,3,19.25621861116116
proteins,3,1,0
proteins,3,1,0
proteins,3,1,0
proteins,3,3,7.801850934719937
proteins,3,1,0
proteins,3,1,0
proteins,3,2,5.749492140868256
proteins,3,4,52.92426963557034
proteins,3,1,0
proteins,3,1,0
proteins,3,3,30.107334149715257
proteins,3,1,0
proteins,3,1,0
proteins,3,4,25.11905221645594
proteins,3,1,0
proteins,3,1,0
proteins,3,1,0
proteins,3,3,4.876780494790637
proteins,3,2,5.927918283347026
proteins,3,3,2.378342364482137
proteins,3,1,0
proteins,3,1,0
proteins,3,2,6.84056247268046
proteins,3,2,4.882399524439791
proteins,3,2,6.787312943862901
proteins,3,4,2.5624519358379416
proteins,3,1,0
proteins,3,1,0
proteins,3,1,0
proteins,3,2,1.7846870001300204
proteins,3,3,10.867778128839916
proteins,3,4,0.16881847640411252
proteins,3,2,4.362085291318294
proteins,3,2,6.496456991008927
proteins,3,1,0
proteins,3,3,13.318434891234688
proteins,3,2,2.8886610296688104
proteins,3,4,27.728330855824424
proteins,3,4,46.36646617390949
proteins,3,4,11.966376078482881
proteins,3,3,7.506968918756911
proteins,3,4,11.423060381754624
proteins,3,3,4.754612239484516
proteins,3,1,0
proteins,3,2,16.585772776623628
proteins,3,1,0
proteins,3,4,6.978297417505701
proteins,3,1,0
proteins,3,1,0
proteins,3,4,0.06834954544939364
proteins,3,2,2.218209388808532
proteins,3,4,10.27008964669443
proteins,3,3,1.6817597755669453
proteins,3,2,4.150490458912941
proteins,3,1,0
proteins,3,1,0
proteins,3,4,21.166750816462695
proteins,3,2,0.9335014212306305
proteins,3,1,0
proteins,3,1,0
proteins,3,2,1.5248501165044672
proteins,3,3,17.92037183554106
proteins,3,1,0
proteins,3,4,15.013631256035353
proteins,3,4,2.486400860247386
proteins,3,3,7.2291673353431065
proteins,3,4,22.512940037910596
proteins,3,4,0.05172357450214804
proteins,3,4,22.707848094004476
proteins,3,4,3.032976494593754
proteins,3,1,0
proteins,3,1,0
proteins,3,2,16.512135690112643
proteins,3,3,8.14687405427884
proteins,3,4,58.82590875586271
proteins,3,1,0
proteins,3,4,18.896269400162737
proteins,3,3,8.056715780716615
proteins,3,2,2.6629809647396883
proteins,3,3,2.075497533549708
proteins,3,1,0
proteins,3,4,14.603408966955215
proteins,3,3,15.249330819882289
proteins,3,1,0
proteins,3,1,0
proteins,4,1,0
proteins,4,1,0
proteins,4,4,35.02401289694342
proteins,4,1,0
proteins,4,2,26.445536102239146
proteins,4,1,0
proteins,4,2,0.10361298326409951
proteins,4,2,9.940105109230444
proteins,4,4,11.784469720565198
proteins,4,4,18.951092167855847
proteins,4,1,0
proteins,4,2,0.5556882377540546
proteins,4,1,0
proteins,4,1,0
proteins,4,2,4.164131122710444
proteins,4,2,0.6128788288734768
proteins,4,4,36.6808694658356
proteins,4,4,47.6543936105698
proteins,4,1,0
proteins,4,3,27.494723350066124
proteins,4,4,35.016592735006896
proteins,4,4,31.805697849355738
proteins,4,4,8.458024832587057
proteins,4,4,14.923717146853392
proteins,4,4,25.60872786266401
proteins,4,1,0
proteins,4,4,29.438602372456103
proteins,4,4,44.814355995981714
proteins,4,4,40.9360296417741
proteins,4,4,84.30672255796361
proteins,4,4,83.51268731322983
proteins,4,2,2.634694543471028
proteins,4,4,15.888312600247389
proteins,4,4,39.43369098271074
proteins,4,4,8.725277175313352
proteins,4,2,4.197503975643997
proteins,4,4,54.49728239631429
proteins,4,3,22.870370229396258
proteins,4,1,0
proteins,4,3,15.626524944955577
proteins,4,2,12.455967217653438
proteins,4,1,0
proteins,4,3,8.297774887033654
proteins,4,1,0
proteins,4,4,23.9609634798839
proteins,4,4,35.46977022333914
proteins,4,2,2.744862805751552
proteins,4,4,22.80035625201043
proteins,4,2,1.839751379386371
proteins,4,4,92.04395998569407
proteins,4,2,11.340497673014113
proteins,4,4,16.39468309825355
proteins,4,2,3.8576801953739164
proteins,4,4,56.53578987508445
proteins,4,4,63.1083028860059
proteins,4,1,0
proteins,4,1,0
proteins,4,4,13.578916196729608
proteins,4,2,3.6916305390431603
proteins,4,3,12.870233082802883
proteins,4,3,1.0085190602591183
proteins,4,2,11.791098931052773
proteins,4,2,4.941497347641132
proteins,4,1,0
proteins,4,4,34.38524656029148
proteins,4,3,13.483312416458602
proteins,4,1,0
proteins,4,4,28.02923612853283
proteins,4,2,0.09417679658969291
proteins,4,4,80.17177840600772
proteins,4,4,34.507247675140036
proteins,4,1,0
proteins,4,4,131.26236070626322
proteins,4,4,65.17851420353327
proteins,4,1,0
proteins,4,4,109.11531050708544
proteins,4,1,0
proteins,4,4,32.488518094092
proteins,4,3,3.30623974132925
proteins,4,4,32.14905227244071
proteins,4,1,0
proteins,4,3,16.017472405905835
proteins,4,4,25.373909396689783
proteins,4,4,70.40238935863215
proteins,4,3,30.307888187361527
proteins,4,2,3.971626763211532
proteins,4,4,45.286794751655464
proteins,4,4,22.69354773456479
proteins,4,4,41.48458235535003
proteins,4,4,102.71496075718551
proteins,4,2,12.715190655204708
proteins,4,4,56.747629827896674
proteins,4,3,0.07251695961576843
proteins,4,4,7.748805259281937
proteins,4,4,25.25239601892315
proteins,4,2,3.4254675242275425
proteins,4,4,60.22210786350814
proteins,4,1,0
proteins,4,3,22.737304607445765
proteins,4,1,0
proteins,4,3,2.2294962147773845
proteins,4,1,0
proteins,4,1,0
proteins,4,1,0
proteins,4,1,0
proteins,4,3,20.288901019175228
proteins,4,1,0
proteins,4,4,34.59817777568156
proteins,4,2,10.385744066815846
proteins,4,3,10.045632307506025
proteins,4,1,0
proteins,4,4,19.984725488830577
proteins,4,1,0
proteins,4,1,0
proteins,4,4,104.21688211182078
proteins,4,1,0
proteins,4,2,5.112674086484617
proteins,4,4,6.704964988802544
proteins,4,4,6.060539876601979
proteins,4,3,3.4412877360253447
proteins,4,4,7.821668594669859
proteins,4,1,0
proteins,4,1,0
proteins,4,4,27.714862401239543
proteins,4,4,40.07215577914292
proteins,4,4,7.700152117179982
proteins,4,1,0
proteins,4,4,49.474037532668206
proteins,4,3,13.718948673657565
proteins,4,4,28.485619226545225
proteins,4,2,0.3797878914205626
proteins,4,1,0
proteins,4,2,23.118293633239944
proteins,4,2,9.307776125505768
proteins,4,3,30.40398088399951
proteins,4,4,13.160810340986473
proteins,4,4,28.544936900762025
proteins,4,4,31.9497767953917
proteins,4,1,0
proteins,4,1,0
proteins,4,2,2.5672087621464925
proteins,4,4,66.4203179178104
proteins,4,2,0.24474701355927664
proteins,4,2,8.15760765918236
proteins,4,3,25.568748607363432
proteins,4,2,20.69882929694512
proteins,4,2,7.93033314432023
proteins,4,4,11.180293845523181
proteins,4,1,0
proteins,4,3,14.209129884481115
proteins,4,1,0
proteins,4,3,3.060947655534619
proteins,4,1,0
proteins,4,3,3.3131762632164623
proteins,4,4,59.040002998646
proteins,4,4,43.29171002794902
proteins,4,1,0
proteins,4,2,4.908741288547162
proteins,4,1,0
proteins,4,1,0
proteins,4,2,0.6668086023852879
proteins,4,1,0
proteins,4,4,12.001258636093723
proteins,4,3,0.47585572072938476
proteins,4,4,0.7115013423025403
proteins,4,3,22.49124102472257
proteins,4,4,45.20547425306961
proteins,4,1,0
proteins,4,4,93.59705865565508
proteins,4,4,14.20265224701916
proteins,4,3,1.1724001888516113
proteins,4,4,44.03847142242438
proteins,4,4,10.79050821755294
proteins,4,4,32.748547391759644
proteins,4,1,0
proteins,4,2,5.429373084247629
proteins,4,4,49.413848137815876
proteins,4,4,72.65193832657656
proteins,4,2,7.6601262239249195
proteins,4,1,0
proteins,4,4,89.54642760875748
proteins,4,2,1.736616189742449
proteins,4,1,0
proteins,4,4,44.03103736023644
proteins,4,3,6.562317643625477
proteins,4,1,0
proteins,4,3,2.400390387211189
proteins,4,4,131.07195584075373
proteins,4,1,0
proteins,4,4,19.10705667638183
proteins,4,3,27.798845015091217
proteins,4,1,0
proteins,4,2,0.45562460073142574
proteins,4,4,10.466207780662103
proteins,4,4,31.773328726555405
proteins,4,4,76.30687609908239
proteins,4,4,34.04096669981567
proteins,4,1,0
proteins,4,4,94.74417317267864
proteins,4,4,46.81833671858146
proteins,4,1,0
proteins,4,1,0
proteins,4,3,35.03037446259981
proteins,4,1,0
proteins,4,3,7.8057897883333
proteins,4,4,115.30210951429518
proteins,4,2,13.40480573458052
proteins,4,3,23.323067853099758
proteins,4,1,0
proteins,4,1,0
proteins,4,2,3.5039399983735393
proteins,4,4,74.4987523147467
proteins,4,2,5.256781821332822
proteins,4,1,0
proteins,4,4,9.754279494571904
proteins,4,4,38.45202909970641
proteins,4,1,0
proteins,4,2,21.765614474819074
proteins,4,3,2.2549025146545887
proteins,4,3,1.0872368770964158
proteins,4,3,19.734233944684036
proteins,4,2,0.771511664919899
proteins,4,2,0.69433722737989
proteins,4,1,0
proteins,4,1,0
proteins,4,1,0
proteins,4,4,48.88851183000412
proteins,4,3,13.837552257181528
proteins,4,1,0
proteins,4,1,0
proteins,4,3,24.622842106647795
proteins,4,4,3.842245236676945
proteins,4,3,4.876252809270852
proteins,4,4,26.145187268412542
proteins,4,2,10.276231086437349
proteins,4,4,5.341766951937188
proteins,4,4,26.090901340618586
proteins,4,3,2.8605990195656545
proteins,4,2,6.743355441604763
proteins,4,4,2.0719504737768943
proteins,4,1,0
proteins,4,2,2.672451452254336
proteins,4,4,39.16151344906888
proteins,4,4,33.559143058610516
proteins,4,2,3.0588376434726
proteins,4,4,98.86707030104355
proteins,4,1,0
proteins,4,2,15.522272441603434
proteins,4,4,25.723780743867337
proteins,4,4,35.29013095319658
proteins,4,2,0.08153070873498791
proteins,4,4,57.33843203739235
proteins,4,4,11.554144430746646
proteins,4,4,100.46367655740187
proteins,4,3,7.432617131964662
proteins,4,1,0
proteins,4,4,34.39294829206199
proteins,4,3,12.13075003363025
proteins,4,4,54.601756493808125
proteins,4,4,81.50158951744066
proteins,4,1,0
proteins,4,2,0.30942542388413585
proteins,4,4,4.462647874020888
proteins,4,4,12.752046925157856
proteins,4,4,53.738961925042815
proteins,4,1,0
proteins,4,1,0
proteins,4,1,0
proteins,4,2,6.121093454571508
proteins,4,4,69.85338434620786
proteins,4,1,0
proteins,4,2,9.937887231307172
proteins,4,3,20.185201463163025
proteins,4,3,16.334455093790552
proteins,4,1,0
proteins,4,1,0
proteins,4,1,0
proteins,4,2,8.421299061446234
proteins,4,4,49.68175057958621
proteins,4,4,65.90569149705357
proteins,4,3,16.686413403438053
proteins,4,2,16.98859194407879
proteins,4,4,44.63672593213278
proteins,4,2,19.590670219187757
proteins,4,4,9.52868533147091
proteins,4,4,30.045853004257253
proteins,4,4,52.76442599656434
proteins,4,4,0.10115191272325319
proteins,4,4,97.11963071757714
proteins,4,3,11.513418267046632
proteins,4,3,6.047603311583771
proteins,4,1,0
proteins,4,2,4.05517254183394
proteins,4,4,35.99508393083585
proteins,4,4,21.869493498347595
proteins,4,1,0
proteins,4,4,27.344703172313814
proteins,4,1,0
proteins,4,2,4.065016487622529
proteins,4,4,37.8580953732648
proteins,4,1,0
proteins,4,1,0
proteins,4,1,0
proteins,4,3,0.13195985154322898
proteins,4,2,46.08304423059167
proteins,4,3,41.617207609723266
proteins,4,4,68.2544991005459
proteins,4,4,30.734224773526364
proteins,4,4,41.09679241823994
proteins,4,3,38.76443537218523
proteins,4,2,6.255920269793876
proteins,4,2,5.093840370986982
proteins,4,1,0
proteins,4,2,0.07734389729284885
proteins,4,1,0
proteins,4,4,15.524436283677062
proteins,4,2,2.050879816130248
proteins,4,1,0
proteins,4,4,55.97654220287177
proteins,4,2,9.639212237493041
proteins,4,1,0
proteins,4,2,14.186588295273793
proteins,4,4,16.49246259786986
proteins,4,4,32.88770251171809
proteins,4,1,0
proteins,4,3,43.145166032535826
proteins,4,4,3.1475414559877777
proteins,4,4,17.774061793388398
proteins,4,1,0
proteins,4,1,0
proteins,4,3,22.29720250108653
proteins,4,3,29.475155955283924
proteins,4,4,108.95608603415644
proteins,4,4,15.649574237809077
proteins,4,4,16.264547340727688
proteins,4,3,0.9012692144904122
proteins,4,3,2.1540873973988823
proteins,4,1,0
proteins,4,4,48.38223908312409
proteins,4,1,0
proteins,4,4,7.808400195300408
proteins,4,3,19.996651584114773
proteins,4,1,0
proteins,4,4,35.345548646566726
proteins,4,2,14.268320105485373
proteins,4,4,86.57669749744662
proteins,4,1,0
proteins,4,1,0
proteins,4,4,36.00268561423246
proteins,4,3,15.104553202226441
proteins,4,3,27.84169467461419
proteins,4,4,48.07664702152249
proteins,4,1,0
proteins,4,3,14.077280196548543
proteins,4,1,0
proteins,4,1,0
proteins,4,4,44.36027742681665
proteins,4,4,33.904844799382204
proteins,4,4,89.0598031806627
proteins,4,4,7.961730949791047
proteins,4,2,4.015512414557122
proteins,4,2,5.068494686759777
proteins,4,4,59.92623236707158
proteins,4,1,0
proteins,4,4,11.419055918017477
proteins,4,3,2.438338695248376
proteins,4,2,3.3479425178625206
proteins,4,3,3.7559547712613153
proteins,4,1,0
proteins,4,4,6.128226787325275
proteins,4,4,14.570336650163028
proteins,4,3,10.869127063761937
proteins,4,4,94.60265993666303
proteins,4,1,0
proteins,4,1,0
proteins,4,4,22.781539505778653
proteins,4,1,0
proteins,4,4,115.23893744118175
proteins,4,3,11.82617285762268
proteins,4,1,0
proteins,4,2,13.251541925846027
proteins,4,2,11.811447879387572
proteins,4,4,55.07738653141985
proteins,4,4,2.229549755661651
proteins,4,4,5.2345901662562255
proteins,4,2,11.380309443528233
proteins,4,2,20.219689363260898
proteins,4,1,0
proteins,4,2,23.925225538820996
proteins,4,1,0
proteins,4,4,120.00261446128326
proteins,4,4,27.96136328132644
proteins,4,4,140.81186211016768
proteins,4,1,0
proteins,4,4,116.68170908373594
proteins,4,4,112.60664517108768
proteins,4,1,0
proteins,4,1,0
proteins,4,4,22.716947194202305
proteins,4,1,0
proteins,4,3,18.244549737467196
proteins,4,3,3.7360317113623864
proteins,4,1,0
proteins,4,1,0
proteins,4,4,9.807698280053103
proteins,4,4,3.0921059452140867
proteins,4,2,8.513144807099593
proteins,4,3,44.100278769354645
proteins,4,1,0
proteins,4,3,16.279364853954007
proteins,4,1,0
proteins,4,2,2.396448362270519
proteins,4,4,33.9342711391883
proteins,4,4,73.88919805133986
proteins,4,4,36.97704909379894
proteins,4,1,0
proteins,4,4,38.18707288174926
proteins,4,1,0
proteins,4,3,6.2633814884238745
proteins,4,4,32.38770901063907
proteins,4,2,16.651901440341078
proteins,4,4,68.11800288707957
proteins,4,1,0
proteins,4,3,1.6068144202440635
proteins,4,4,32.633247721396174
proteins,4,4,29.926092842046558
proteins,4,4,16.281928178099577
proteins,4,3,15.231468586764663
proteins,4,3,8.161361836822437
proteins,4,1,0
proteins,4,2,0.33718082366868884
proteins,4,3,18.952008549237007
proteins,4,1,0
proteins,4,2,1.0795904901154358
proteins,4,4,40.94119645321422
proteins,4,4,6.724084228554489
proteins,4,2,1.5873857077505704
proteins,4,2,10.838074813950584
proteins,4,1,0
proteins,4,3,43.3038458132952
proteins,4,2,8.517634750961747
proteins,4,4,22.479144732472776
proteins,4,4,33.93884074703357
proteins,4,4,15.909530924433625
proteins,4,4,73.00515446851983
proteins,4,3,37.661226373307954
proteins,4,2,0.1912037235510411
proteins,4,4,63.687499542572596
proteins,4,4,21.50338187559356
proteins,4,4,12.662217457031659
proteins,4,1,0
proteins,4,4,217.24632548322168
proteins,4,1,0
proteins,4,4,81.63362108466703
proteins,4,1,0
proteins,4,2,6.25714773086645
proteins,4,4,17.505443944813464
proteins,4,4,83.68593882791544
proteins,4,2,6.476733906081222
proteins,4,3,13.874812255087818
proteins,4,4,49.78765902295709
proteins,4,2,4.1041178117042705
proteins,4,4,20.301368447468576
proteins,4,4,42.8481958733405
proteins,4,4,47.60356502280291
proteins,4,3,8.037387564975006
proteins,4,2,0.6578615762688855
proteins,4,2,22.060649046551475
proteins,4,4,52.19114574657465
proteins,4,4,64.11844867148938
proteins,4,4,85.23285728423713
proteins,4,4,22.39035600226339
proteins,4,3,36.17328598367891
proteins,4,4,3.4279153305896557
proteins,4,1,0
proteins,4,1,0
proteins,4,1,0
proteins,4,2,2.3207106508143056
proteins,4,1,0
proteins,4,2,0.36973480354396315
proteins,4,4,22.94389643399876
proteins,4,4,55.362159112197276
proteins,4,4,29.538602725368094
proteins,4,1,0
proteins,4,3,8.103598791265881
proteins,4,4,111.7741923302271
proteins,4,2,15.182914404505425
proteins,4,2,7.3382312779455106
proteins,4,4,25.384528606219476
proteins,4,4,28.88302282502366
proteins,4,1,0
proteins,4,3,10.123485869309718
proteins,4,1,0
proteins,4,3,23.20290632758423
proteins,4,4,36.515072799196616
proteins,4,2,1.8552899746690628
proteins,4,4,15.243467044828947
proteins,4,1,0
proteins,4,2,2.845016958515828
proteins,4,4,22.716899564051346
proteins,4,4,48.83005281117261
proteins,4,4,1.0113703580583433
proteins,4,3,3.3739944018226993
proteins,4,4,26.396897586593525
proteins,4,2,2.148069989977273
proteins,4,4,5.61136939088891
proteins,4,4,31.17593758983071
proteins,4,4,59.06404150156129
proteins,4,4,10.222095130636035
proteins,4,1,0
proteins,4,3,8.304783455339589
proteins,4,4,143.18584413581794
proteins,4,3,24.786780971317967
proteins,4,4,16.90884731394425
proteins,4,2,3.615161951432242
proteins,4,2,0.300938642564347
proteins,4,4,51.73462601859745
proteins,4,1,0
proteins,4,4,2.001895524565043
proteins,4,1,0
proteins,4,1,0
proteins,4,1,0
proteins,4,4,70.20849021742617
proteins,4,1,0
proteins,4,3,12.412954394704741
proteins,4,3,0.7733403174972864
proteins,4,1,0
proteins,4,1,0
proteins,4,4,70.16644829579315
proteins,4,4,33.83877473614115
proteins,4,4,37.65650921664792
proteins,4,1,0
proteins,4,3,8.568948099641204
proteins,4,4,66.17881600024907
proteins,4,1,0
proteins,4,3,4.032196909785171
proteins,4,1,0
proteins,4,1,0
proteins,4,2,1.0137176751800894
proteins,4,1,0
proteins,4,4,44.23566394541194
proteins,4,1,0
proteins,4,4,42.102938673303015
proteins,4,3,8.918982803383415
proteins,4,4,16.36360875932229
proteins,4,4,72.96503766070151
proteins,4,3,2.6743701195339895
proteins,4,2,2.8676922876198887
proteins,4,4,10.115740248323277
proteins,4,4,19.676550043397697
proteins,4,2,6.943926801696421
proteins,4,4,41.48845490943853
proteins,4,1,0
proteins,4,4,48.9199501121152
proteins,4,4,89.57072795964172
proteins,4,4,82.30532006082291
proteins,4,2,4.44133176775415
proteins,4,2,0.6752366628014101
proteins,4,4,116.92656077929797
proteins,4,1,0
proteins,4,1,0
proteins,4,2,7.096675149638315
proteins,4,4,31.00179071931217
proteins,4,4,27.202990782213476
proteins,4,4,27.90031613622864
proteins,4,4,47.000456288107614
proteins,4,4,53.79447633389083
proteins,4,2,8.836436439691113
proteins,4,1,0
proteins,4,4,14.564126066413507
proteins,4,4,32.370018482608145
proteins,4,1,0
proteins,4,4,93.79766837168222
proteins,4,3,40.33092088814249
proteins,4,4,7.126817609058662
proteins,4,2,5.7804081127578115
proteins,4,4,11.935969446852198
proteins,4,1,0
proteins,4,4,34.57506162720131
proteins,4,3,7.9970209786424675
proteins,4,3,15.074600121689059
proteins,4,1,0
proteins,4,4,2.660201898770026
proteins,4,1,0
proteins,4,2,8.250488062453314
proteins,4,4,52.1277596519069
proteins,4,1,0
proteins,4,1,0
proteins,4,3,38.06276826486044
proteins,4,4,110.82979295453299
proteins,4,1,0
proteins,4,2,5.561501209156461
proteins,4,2,5.966158871191965
proteins,4,2,0.30411011597857396
proteins,4,2,2.3834366195931125
proteins,4,1,0
proteins,4,1,0
proteins,4,4,42.70036197206298
proteins,4,1,0
proteins,4,4,40.04222579430564
proteins,4,4,95.38686472937292
proteins,4,1,0
proteins,4,3,14.939055747137274
proteins,4,4,46.96906082341502
proteins,4,3,8.837265524738825
proteins,4,2,10.080214103737944
proteins,4,3,39.74513831862606
proteins,4,4,8.968198413503728
proteins,4,1,0
proteins,4,1,0
proteins,4,3,15.805251649796446
proteins,4,1,0
proteins,4,3,4.056748333941528
proteins,4,3,0.6212527329821
proteins,4,4,18.488367737533622
proteins,4,1,0
proteins,4,4,15.660841228565857
proteins,4,2,1.535924818887338
proteins,4,3,1.670101289898355
proteins,4,2,7.903879063319778
proteins,4,1,0
proteins,4,2,1.3735207258660012
proteins,4,1,0
proteins,4,2,25.118986707077056
proteins,4,2,0.3543146852007908
proteins,4,3,3.865862644414733
proteins,4,4,73.6701711407515
proteins,4,2,5.05223936115857
proteins,4,4,18.224413384886986
proteins,4,4,26.020378123209582
proteins,4,1,0
proteins,4,2,2.0017065545105197
proteins,4,4,17.905549089927376
proteins,4,2,7.220413264811214
proteins,4,3,9.486038807429395
proteins,4,4,36.75437913051064
proteins,4,1,0
proteins,4,1,0
proteins,4,4,82.29203540915034
proteins,4,4,11.631579950661148
proteins,4,1,0
proteins,4,2,3.9354000888549194
proteins,4,2,14.993994164108585
proteins,4,1,0
proteins,4,4,13.639502508937824
proteins,4,4,56.04031642061807
proteins,4,4,27.85530319256219
proteins,4,3,21.81906188827213
proteins,4,4,76.41044535495843
proteins,4,4,54.07401317188095
proteins,4,4,16.748045577060964
proteins,4,3,42.83014945340727
proteins,4,3,7.5990263626147225
proteins,4,1,0
proteins,4,3,15.588678333973746
proteins,4,1,0
proteins,4,3,15.403305700074611
proteins,4,3,18.741407488874984
proteins,4,1,0
proteins,4,3,3.323390095831712
proteins,4,3,27.509638986296295
proteins,4,1,0
proteins,4,4,79.57394023911382
proteins,4,3,12.736707950189043
proteins,4,4,2.190465233304849
proteins,4,3,12.447157185266406
proteins,4,3,4.946051004004119
proteins,4,2,6.647592190040598
proteins,4,2,18.71151139522101
proteins,4,4,12.030512736942853
proteins,4,1,0
proteins,4,3,7.037098417306595
proteins,4,3,10.634211072874166
proteins,4,1,0
proteins,4,4,111.66242023041184
proteins,4,2,1.587803183464871
proteins,4,1,0
proteins,4,2,11.109934346328885
proteins,4,1,0
proteins,4,1,0
proteins,4,4,24.557696981963204
proteins,4,2,3.2634249438972915
proteins,4,4,38.17477216468791
proteins,4,1,0
proteins,4,4,17.03230621423336
proteins,4,4,35.44310871312672
proteins,4,4,17.455046292901443
proteins,4,2,5.012361650023877
proteins,4,2,4.012669294781347
proteins,4,4,41.883159590758
proteins,4,1,0
proteins,4,4,10.850615243772666
proteins,4,1,0
proteins,4,2,14.621763260045782
proteins,4,4,8.30543392089561
proteins,4,4,21.3236462115255
proteins,4,4,138.27145126560544
proteins,4,3,20.98153279064786
proteins,4,4,47.682865421695
proteins,4,1,0
proteins,4,1,0
proteins,4,2,1.8895535929474931
proteins,4,4,34.07419763094197
proteins,4,2,6.722594070536047
proteins,4,4,84.37313566557043
proteins,4,1,0
proteins,4,4,71.88568417598754
proteins,4,4,115.77911266464696
proteins,4,3,45.34935112050016
proteins,4,1,0
proteins,4,4,20.768597959559656
proteins,4,2,0.28804309627452085
proteins,4,2,2.6103332762778564
proteins,4,4,24.729527317759334
proteins,4,4,29.249157131827815
proteins,4,1,0
proteins,4,3,5.050896660927947
proteins,4,3,2.4109497102275554
proteins,4,1,0
proteins,4,4,4.5395323530103155
proteins,4,4,25.310070394507704
proteins,4,4,55.68002789568408
proteins,4,4,13.441305357903389
proteins,4,4,48.668901832810604
proteins,4,4,49.918330782747034
proteins,4,4,41.511338007025984
proteins,4,1,0
proteins,4,3,3.3387575915420484
proteins,4,3,23.63188744569368
proteins,4,4,16.69337151561666
proteins,4,3,16.128437469992605
proteins,4,3,10.729939847152309
proteins,4,3,19.796440019138004
proteins,4,4,12.493599224290392
proteins,4,4,11.817496118029624
proteins,4,4,9.620306628904245
proteins,4,3,0.06683797119728752
proteins,4,4,41.36214462156897
proteins,4,1,0
proteins,4,3,27.653471119293783
proteins,4,2,1.6247199617406523
proteins,4,1,0
proteins,4,1,0
proteins,4,1,0
proteins,4,4,38.31650404100782
proteins,4,3,5.386918374449067
proteins,4,4,50.460717903944044
proteins,4,2,0.5504068752100579
proteins,4,3,5.3956519365962095
proteins,4,2,3.9988480776477218
proteins,4,4,40.07687786378119
proteins,4,4,44.22730076424028
proteins,4,1,0
proteins,4,3,40.85282596807434
proteins,4,3,6.517018968392222
proteins,4,1,0
proteins,4,4,86.65502720828033
proteins,4,2,6.331036733163785
proteins,4,1,0
proteins,4,2,8.30875953000151
proteins,4,2,7.817848548088421
proteins,4,1,0
proteins,4,1,0
proteins,4,1,0
proteins,4,1,0
proteins,4,2,3.0827901430328097
proteins,4,4,34.68287006796277
proteins,4,4,110.8331697708482
proteins,4,4,46.07522315727425
proteins,4,1,0
proteins,4,4,20.612529162344117
proteins,4,1,0
proteins,4,4,17.096494928548736
proteins,4,1,0
proteins,4,2,1.5626171048883748
proteins,4,1,0
proteins,4,4,12.344156362530896
proteins,4,3,12.070818068694905
proteins,4,1,0
proteins,4,4,24.683217984048156
proteins,4,2,2.5223394107172794
proteins,4,1,0
proteins,4,2,8.342092361054085
proteins,4,2,3.9197612457856508
proteins,4,4,33.00587869056369
proteins,4,4,68.42400670980584
proteins,4,4,48.46502944878489
proteins,4,1,0
proteins,4,1,0
proteins,4,2,6.182629746076373
proteins,4,1,0
proteins,4,3,17.110420621059404
proteins,4,4,46.02498037391922
proteins,4,4,17.63169489021641
proteins,4,2,2.766435882342705
proteins,4,4,5.287499462367066
proteins,4,2,2.4659484297519043
proteins,4,2,0.8369763351786332
proteins,4,1,0
proteins,4,4,6.324659444164354
proteins,4,4,379.34840833520974
proteins,4,3,10.725605147781664
proteins,4,4,93.47474684389618
proteins,4,1,0
proteins,4,3,19.5715389057371
proteins,4,4,25.343300944343355
proteins,4,3,2.434908963270857
proteins,4,3,3.608688804010569
proteins,4,1,0
proteins,4,3,7.208142167209132
proteins,4,1,0
proteins,4,1,0
proteins,4,4,1.719785004472726
proteins,4,3,12.895412854541235
proteins,4,1,0
proteins,4,1,0
proteins,4,4,13.350236063224088
proteins,4,1,0
proteins,4,3,13.918168010756858
proteins,4,2,5.43082101790128
proteins,4,4,131.40037298995617
proteins,4,3,10.891634754169957
proteins,4,4,0.40151404477620645
proteins,4,2,2.743767124561998
proteins,4,4,3.301311488827821
proteins,4,4,38.84786171274607
proteins,4,4,50.318527544295875
proteins,4,4,31.326531497563167
proteins,4,4,37.241750660196715
proteins,4,3,26.817541044384257
proteins,4,2,13.622169250161448
proteins,4,4,113.96306257475754
proteins,4,4,74.98729231552306
proteins,4,4,31.93804804867426
proteins,4,4,137.54720358878524
proteins,4,1,0
proteins,4,4,362.7936894060431
proteins,4,2,2.590828964714035
proteins,4,2,5.913720635279674
proteins,4,4,15.53676238579095
proteins,4,2,0.3913612214566342
proteins,4,4,11.150726203230192
proteins,4,3,16.465641642420678
proteins,4,4,37.58247300582451
proteins,4,4,59.46080673330147
proteins,4,4,89.62483783965047
proteins,4,4,16.24940972535842
proteins,4,4,29.997535294945635
proteins,4,2,1.3012914594524432
proteins,4,1,0
proteins,4,3,14.217356029028338
proteins,4,4,39.30568655999855
proteins,4,4,12.802231061640441
proteins,4,3,14.892452968010275
proteins,4,4,387.74537429934855
proteins,4,1,0
proteins,4,2,12.199476138125078
proteins,4,2,0.18729565734156495
proteins,4,4,38.892213363848214
proteins,4,3,21.646193359980884
proteins,4,1,0
proteins,4,2,14.395234065465843
proteins,4,2,2.6728150084032904
proteins,4,4,16.487077935142167
proteins,4,4,39.375015395967864
proteins,4,2,1.3646476606212445
proteins,4,3,23.331404325399205
proteins,4,4,25.819403719695345
proteins,4,1,0
proteins,4,1,0
proteins,4,4,23.27847867570614
proteins,4,4,32.73932584599493
proteins,4,4,42.73732299981299
proteins,4,1,0
proteins,4,4,41.01552097013757
proteins,4,4,48.875049496734164
proteins,4,3,43.66957382890399
proteins,4,4,41.02961435127628
proteins,4,4,16.31146956339296
proteins,4,4,36.36398740713372
proteins,4,2,15.464380423168905
proteins,4,4,25.87187423626176
proteins,4,2,2.2667877506178797
proteins,4,4,61.77431386189545
proteins,4,3,11.425123797262813
proteins,4,1,0
proteins,4,3,20.525014450852154
proteins,4,2,6.187216836567984
proteins,4,1,0
proteins,4,2,5.7543963586123255
proteins,4,1,0
proteins,4,1,0
proteins,4,3,90.45367162023172
proteins,4,4,48.516661582481674
proteins,4,4,23.450742599657076
proteins,4,1,0
proteins,4,4,20.552277583029195
proteins,4,4,28.341829386591257
proteins,4,4,23.664566424982524
proteins,4,4,68.49172952077691
proteins,4,4,6.437995915547162
proteins,4,4,43.555759517553895
proteins,4,4,32.41396612064398
proteins,4,4,19.9701869958389
proteins,4,4,10.444058148309239
proteins,4,1,0
proteins,4,1,0
proteins,4,3,9.288190943458005
proteins,4,4,15.153717041289326
proteins,4,3,9.957413966493277
proteins,4,4,65.67940436683716
proteins,4,4,105.62005775519214
proteins,4,1,0
proteins,4,4,30.193380929586283
proteins,4,3,5.1652482312118195
proteins,4,1,0
proteins,4,4,1.626402300922507
proteins,4,4,73.03763672710642
proteins,4,3,12.237116554036788
proteins,4,4,38.210806845660386
proteins,4,1,0
proteins,4,1,0
proteins,4,1,0
proteins,4,1,0
proteins,4,2,5.0747209307630214
proteins,4,1,0
proteins,4,1,0
proteins,4,4,2.0294308906488823
proteins,4,4,57.446489447519014
proteins,4,2,1.7975822467921603
proteins,4,1,0
proteins,4,4,2.141863983199812
proteins,4,4,3.071444786897075
proteins,4,4,14.307947549008304
proteins,4,4,76.3816144619118
proteins,4,1,0
proteins,4,1,0
proteins,4,1,0
proteins,4,3,14.566888598006642
proteins,4,4,50.264253840525214
proteins,4,2,1.766502672127217
proteins,4,4,13.333746869875313
proteins,4,1,0
proteins,4,4,52.643857312429304
proteins,4,3,59.453461122320334
proteins,4,2,8.831790404317815
proteins,4,1,0
proteins,4,1,0
proteins,4,4,37.46888038055869
proteins,4,3,17.407399431826377
proteins,4,4,15.290442890942415
proteins,4,4,31.860031142706646
proteins,4,4,0.41579202126865766
proteins,4,4,46.63060504986663
proteins,4,3,14.626893695034255
proteins,4,1,0
proteins,4,1,0
proteins,4,1,0
proteins,4,3,4.826990971892144
proteins,4,1,0
proteins,4,2,4.417036853538036
proteins,4,2,10.418609844889147
proteins,4,4,102.93139919360937
proteins,4,1,0
proteins,4,1,0
proteins,4,4,15.9483987720414
proteins,4,4,13.775230793622427
proteins,4,4,0.6872898458335044
proteins,4,2,3.292009133851252
proteins,4,1,0
proteins,4,3,3.5639907994744817
proteins,4,4,379.8220718121099
proteins,4,1,0
proteins,4,1,0
proteins,4,3,4.886332900400532
proteins,4,4,137.16500831437804
proteins,4,4,13.33096170159348
proteins,4,1,0
proteins,4,2,13.550489566179692
proteins,4,1,0
proteins,4,3,9.079926542529961
proteins,4,4,17.902830702329652
proteins,4,3,8.848594133509323
proteins,4,2,9.85534897445018
proteins,4,4,12.286644532863022
proteins,4,1,0
proteins,4,3,20.20824521848874
proteins,4,2,4.365321624473609
proteins,4,4,13.108722924327594
proteins,4,4,27.169512313647715
proteins,4,4,2.988825348002763
proteins,4,3,19.697156153069045
proteins,4,3,21.990971514627972
proteins,4,3,1.374010179735194
proteins,4,1,0
proteins,4,3,6.483539631920223
proteins,4,1,0
proteins,4,3,24.875992869711297
proteins,4,3,49.70419112911958
