level,config,outcome,model,n,p,B,q2,spearman,perm_p_q2,perm_p_spearman,null_q2_mean,null_q2_sd,phenotype,fingerprint
modules,acute,comp_hypertrophy,enet,15,12,0,-0.250798655423985,-0.903571428571428,NA,NA,NA,NA,comp_hypertrophy,5e6bd8f1d315
modules,acute,comp_hypertrophy,enet,15,12,200,-0.250798655423985,-0.903571428571428,0.54726368159204,0.338308457711443,-0.604366116762787,1.19842989940509,comp_hypertrophy,5e6bd8f1d315
modules,acute,comp_hypertrophy,lasso,15,12,0,-0.270122118233938,-0.857142857142857,NA,NA,NA,NA,comp_hypertrophy,5e6bd8f1d315
modules,acute,comp_hypertrophy,lasso,15,12,200,-0.270122118233938,-0.857142857142857,0.592039800995025,0.253731343283582,-0.485192277977244,0.831443168639076,comp_hypertrophy,5e6bd8f1d315
modules,acute,comp_hypertrophy,plain,15,12,0,-89.5434699129684,-0.314285714285714,NA,NA,NA,NA,comp_hypertrophy,5e6bd8f1d315
modules,acute,comp_hypertrophy,plain,15,12,200,-89.5434699129684,-0.314285714285714,0.865671641791045,0.82089552238806,-42.7339459882489,37.7946497359047,comp_hypertrophy,5e6bd8f1d315
modules,acute,comp_hypertrophy,rf,15,12,0,-0.00566335461928213,0.0857142857142857,NA,NA,NA,NA,comp_hypertrophy,5e6bd8f1d315
modules,acute,comp_hypertrophy,rf,15,12,200,-0.00566335461928213,0.0857142857142857,0.174129353233831,0.253731343283582,-0.221371400480055,0.203814353483647,comp_hypertrophy,5e6bd8f1d315
modules,acute,comp_hypertrophy,ridge,15,12,0,-0.140881074021904,-1,NA,NA,NA,NA,comp_hypertrophy,5e6bd8f1d315
modules,acute,comp_hypertrophy,ridge,15,12,200,-0.140881074021904,-1,0.0497512437810945,1,-0.196720965954892,0.164710431682042,comp_hypertrophy,5e6bd8f1d315
modules,acute,comp_hypertrophy,spls,15,12,0,-0.327175142700416,0.107142857142857,NA,NA,NA,NA,comp_hypertrophy,5e6bd8f1d315
modules,acute,comp_hypertrophy,spls,15,12,200,-0.327175142700416,0.107142857142857,0.383084577114428,0.258706467661692,-0.561063927404677,0.512162730913533,comp_hypertrophy,5e6bd8f1d315
modules,acute,comp_hypertrophy,svm,15,12,0,-0.693863908094909,-0.0178571428571429,NA,NA,NA,NA,comp_hypertrophy,5e6bd8f1d315
modules,acute,comp_hypertrophy,svm,15,12,200,-0.693863908094909,-0.0178571428571429,0.477611940298507,0.378109452736318,-0.900340843966392,0.817389028556494,comp_hypertrophy,5e6bd8f1d315
modules,acute,d_1rm_ext,enet,14,12,0,-0.159763313609467,-1,NA,NA,NA,NA,d_1rm_ext,5e6bd8f1d315
modules,acute,d_1rm_ext,enet,14,12,200,-0.159763313609467,-1,0.323383084577114,1,-0.419728006654868,0.641520925956672,d_1rm_ext,5e6bd8f1d315
modules,acute,d_1rm_ext,lasso,14,12,0,-0.159763313609467,-1,NA,NA,NA,NA,d_1rm_ext,5e6bd8f1d315
modules,acute,d_1rm_ext,lasso,14,12,200,-0.159763313609467,-1,0.328358208955224,1,-0.433751017239995,0.684729351641686,d_1rm_ext,5e6bd8f1d315
modules,acute,d_1rm_ext,plain,14,12,0,-385.820479454364,-0.125550965357172,NA,NA,NA,NA,d_1rm_ext,5e6bd8f1d315
modules,acute,d_1rm_ext,plain,14,12,200,-385.820479454364,-0.125550965357172,0.845771144278607,0.73134328358209,-192.138021115965,257.134365190576,d_1rm_ext,5e6bd8f1d315
modules,acute,d_1rm_ext,rf,14,12,0,-0.495966238969302,-0.594715099060287,NA,NA,NA,NA,d_1rm_ext,5e6bd8f1d315
modules,acute,d_1rm_ext,rf,14,12,200,-0.495966238969302,-0.594715099060287,0.845771144278607,0.855721393034826,-0.252017191027729,0.23222683151152201,d_1rm_ext,5e6bd8f1d315
modules,acute,d_1rm_ext,ridge,14,12,0,-0.159763313609467,-1,NA,NA,NA,NA,d_1rm_ext,5e6bd8f1d315
modules,acute,d_1rm_ext,ridge,14,12,200,-0.159763313609467,-1,0.437810945273632,1,-0.206393199256785,0.193391108978873,d_1rm_ext,5e6bd8f1d315
modules,acute,d_1rm_ext,spls,14,12,0,-0.852725518628552,-0.42951646043243,NA,NA,NA,NA,d_1rm_ext,5e6bd8f1d315
modules,acute,d_1rm_ext,spls,14,12,200,-0.852725518628552,-0.42951646043243,0.756218905472637,0.756218905472637,-0.580348316419791,0.510900057272763,d_1rm_ext,5e6bd8f1d315
modules,acute,d_1rm_ext,svm,14,12,0,-1.10584149178892,-0.31277608913541,NA,NA,NA,NA,d_1rm_ext,5e6bd8f1d315
modules,acute,d_1rm_ext,svm,14,12,200,-1.10584149178892,-0.31277608913541,0.577114427860697,0.641791044776119,-1.01069279951938,0.835920791257977,d_1rm_ext,5e6bd8f1d315
modules,acute,d_1rm_legpress,enet,15,12,0,-0.438471250008401,-0.996415759077198,NA,NA,NA,NA,d_1rm_legpress,5e6bd8f1d315
modules,acute,d_1rm_legpress,enet,15,12,200,-0.438471250008401,-0.996415759077198,0.701492537313433,0.72636815920398,-0.546234583270158,0.908955020600769,d_1rm_legpress,5e6bd8f1d315
modules,acute,d_1rm_legpress,lasso,15,12,0,-0.459576008349752,-0.996415759077198,NA,NA,NA,NA,d_1rm_legpress,5e6bd8f1d315
modules,acute,d_1rm_legpress,lasso,15,12,200,-0.459576008349752,-0.996415759077198,0.71144278606965194,0.721393034825871,-0.601177375542402,1.19316801692282,d_1rm_legpress,5e6bd8f1d315
modules,acute,d_1rm_legpress,plain,15,12,0,-59.7768637210512,-0.182961480850215,NA,NA,NA,NA,d_1rm_legpress,5e6bd8f1d315
modules,acute,d_1rm_legpress,plain,15,12,200,-59.7768637210512,-0.182961480850215,0.746268656716418,0.761194029850746,-39.6084010551432,34.360304866303,d_1rm_legpress,5e6bd8f1d315
modules,acute,d_1rm_legpress,rf,15,12,0,-0.389425406694307,-0.385654101792119,NA,NA,NA,NA,d_1rm_legpress,5e6bd8f1d315
modules,acute,d_1rm_legpress,rf,15,12,200,-0.389425406694307,-0.385654101792119,0.701492537313433,0.666666666666667,-0.248551826983812,0.232324339101225,d_1rm_legpress,5e6bd8f1d315
modules,acute,d_1rm_legpress,ridge,15,12,0,-0.147959183673469,-0.996415759077198,NA,NA,NA,NA,d_1rm_legpress,5e6bd8f1d315
modules,acute,d_1rm_legpress,ridge,15,12,200,-0.147959183673469,-0.996415759077198,0.233830845771144,0.587064676616915,-0.197339360284018,0.132657633482813,d_1rm_legpress,5e6bd8f1d315
modules,acute,d_1rm_legpress,spls,15,12,0,-1.36316125254897,-0.362335481683758,NA,NA,NA,NA,d_1rm_legpress,5e6bd8f1d315
modules,acute,d_1rm_legpress,spls,15,12,200,-1.36316125254897,-0.362335481683758,0.935323383084577,0.73134328358209,-0.555894993113061,0.489214557185642,d_1rm_legpress,5e6bd8f1d315
modules,acute,d_1rm_legpress,svm,15,12,0,-0.558029289758357,-0.347985561617075,NA,NA,NA,NA,d_1rm_legpress,5e6bd8f1d315
modules,acute,d_1rm_legpress,svm,15,12,200,-0.558029289758357,-0.347985561617075,0.616915422885572,0.527363184079602,-0.476789618998964,0.416938481705821,d_1rm_legpress,5e6bd8f1d315
modules,acute,d_fcsa_I,enet,15,12,0,-0.147959183673469,-1,NA,NA,NA,NA,d_fcsa_I,5e6bd8f1d315
modules,acute,d_fcsa_I,enet,15,12,200,-0.147959183673469,-1,0.253731343283582,1,-0.383840747985128,0.600023821115875,d_fcsa_I,5e6bd8f1d315
modules,acute,d_fcsa_I,lasso,15,12,0,-0.147959183673469,-1,NA,NA,NA,NA,d_fcsa_I,5e6bd8f1d315
modules,acute,d_fcsa_I,lasso,15,12,200,-0.147959183673469,-1,0.248756218905473,1,-0.373147549403893,0.572790183661942,d_fcsa_I,5e6bd8f1d315
modules,acute,d_fcsa_I,plain,15,12,0,-128.92525352742,-0.314285714285714,NA,NA,NA,NA,d_fcsa_I,5e6bd8f1d315
modules,acute,d_fcsa_I,plain,15,12,200,-128.92525352742,-0.314285714285714,0.970149253731343,0.835820895522388,-42.1675582911819,37.9848060429184,d_fcsa_I,5e6bd8f1d315
modules,acute,d_fcsa_I,rf,15,12,0,-0.344908938806448,-0.571428571428571,NA,NA,NA,NA,d_fcsa_I,5e6bd8f1d315
modules,acute,d_fcsa_I,rf,15,12,200,-0.344908938806448,-0.571428571428571,0.676616915422886,0.830845771144279,-0.233101555844089,0.234774494330776,d_fcsa_I,5e6bd8f1d315
modules,acute,d_fcsa_I,ridge,15,12,0,-0.147959183673469,-1,NA,NA,NA,NA,d_fcsa_I,5e6bd8f1d315
modules,acute,d_fcsa_I,ridge,15,12,200,-0.147959183673469,-1,0.323383084577114,1,-0.181056374782287,0.141972822602204,d_fcsa_I,5e6bd8f1d315
modules,acute,d_fcsa_I,spls,15,12,0,-0.710146559972253,-0.296428571428571,NA,NA,NA,NA,d_fcsa_I,5e6bd8f1d315
modules,acute,d_fcsa_I,spls,15,12,200,-0.710146559972253,-0.296428571428571,0.676616915422886,0.616915422885572,-0.538572024737169,0.480653066788758,d_fcsa_I,5e6bd8f1d315
modules,acute,d_fcsa_I,svm,15,12,0,-0.157048361546189,-0.85,NA,NA,NA,NA,d_fcsa_I,5e6bd8f1d315
modules,acute,d_fcsa_I,svm,15,12,200,-0.157048361546189,-0.85,0.318407960199005,0.845771144278607,-0.161894812046057,0.0156935985102141,d_fcsa_I,5e6bd8f1d315
modules,acute,d_fcsa_II,enet,15,12,0,-0.147959183673469,-1,NA,NA,NA,NA,d_fcsa_II,5e6bd8f1d315
modules,acute,d_fcsa_II,enet,15,12,200,-0.147959183673469,-1,0.437810945273632,1,-0.578009536482088,1.49210382677921,d_fcsa_II,5e6bd8f1d315
modules,acute,d_fcsa_II,lasso,15,12,0,-0.147959183673469,-1,NA,NA,NA,NA,d_fcsa_II,5e6bd8f1d315
modules,acute,d_fcsa_II,lasso,15,12,200,-0.147959183673469,-1,0.447761194029851,1,-0.583674235282152,1.53455825658491,d_fcsa_II,5e6bd8f1d315
modules,acute,d_fcsa_II,plain,15,12,0,-195.36658231557,-0.4,NA,NA,NA,NA,d_fcsa_II,5e6bd8f1d315
modules,acute,d_fcsa_II,plain,15,12,200,-195.36658231557,-0.4,1,0.880597014925373,-43.7355302520614,37.8592054733284,d_fcsa_II,5e6bd8f1d315
modules,acute,d_fcsa_II,rf,15,12,0,-0.33551345849407,-0.557142857142857,NA,NA,NA,NA,d_fcsa_II,5e6bd8f1d315
modules,acute,d_fcsa_II,rf,15,12,200,-0.33551345849407,-0.557142857142857,0.646766169154229,0.835820895522388,-0.252823849891878,0.224924981958123,d_fcsa_II,5e6bd8f1d315
modules,acute,d_fcsa_II,ridge,15,12,0,-0.147959183673469,-1,NA,NA,NA,NA,d_fcsa_II,5e6bd8f1d315
modules,acute,d_fcsa_II,ridge,15,12,200,-0.147959183673469,-1,0.63681592039801,1,-0.174874190257025,0.111919492765079,d_fcsa_II,5e6bd8f1d315
modules,acute,d_fcsa_II,spls,15,12,0,-0.517063889729938,-0.203571428571429,NA,NA,NA,NA,d_fcsa_II,5e6bd8f1d315
modules,acute,d_fcsa_II,spls,15,12,200,-0.517063889729938,-0.203571428571429,0.557213930348259,0.492537313432836,-0.531963304695739,0.470332279609067,d_fcsa_II,5e6bd8f1d315
modules,acute,d_fcsa_II,svm,15,12,0,-0.200750421804759,-0.796428571428571,NA,NA,NA,NA,d_fcsa_II,5e6bd8f1d315
modules,acute,d_fcsa_II,svm,15,12,200,-0.200750421804759,-0.796428571428571,0.328358208955224,0.54228855721393,-0.20613203034282,0.0173004226873421,d_fcsa_II,5e6bd8f1d315
modules,acute,d_mcsa,enet,15,12,0,0.444504844977317,0.775,NA,NA,NA,NA,d_mcsa,5e6bd8f1d315
modules,acute,d_mcsa,enet,15,12,200,0.444504844977317,0.775,0.0199004975124378,0.0199004975124378,-0.453419917090597,1.06810987167105,d_mcsa,5e6bd8f1d315
modules,acute,d_mcsa,lasso,15,12,0,0.462372213177816,0.778571428571428,NA,NA,NA,NA,d_mcsa,5e6bd8f1d315
modules,acute,d_mcsa,lasso,15,12,200,0.462372213177816,0.778571428571428,0.0199004975124378,0.0149253731343284,-0.452720615773047,1.04103533694376,d_mcsa,5e6bd8f1d315
modules,acute,d_mcsa,plain,15,12,0,-1.47669172288709,0.525,NA,NA,NA,NA,d_mcsa,5e6bd8f1d315
modules,acute,d_mcsa,plain,15,12,200,-1.47669172288709,0.525,0.0497512437810945,0.0845771144278607,-40.6560784689742,40.2547038162818,d_mcsa,5e6bd8f1d315
modules,acute,d_mcsa,rf,15,12,0,0.0156967426816653,0.264285714285714,NA,NA,NA,NA,d_mcsa,5e6bd8f1d315
modules,acute,d_mcsa,rf,15,12,200,0.0156967426816653,0.264285714285714,0.134328358208955,0.0796019900497512,-0.234756041313879,0.215591409286553,d_mcsa,5e6bd8f1d315
modules,acute,d_mcsa,ridge,15,12,0,0.395420724337231,0.796428571428571,NA,NA,NA,NA,d_mcsa,5e6bd8f1d315
modules,acute,d_mcsa,ridge,15,12,200,0.395420724337231,0.796428571428571,0.0149253731343284,0.0099502487562189,-0.173624781822918,0.150327693860948,d_mcsa,5e6bd8f1d315
modules,acute,d_mcsa,spls,15,12,0,-0.0295507596623685,0.378571428571429,NA,NA,NA,NA,d_mcsa,5e6bd8f1d315
modules,acute,d_mcsa,spls,15,12,200,-0.0295507596623685,0.378571428571429,0.129353233830846,0.0845771144278607,-0.499322765212173,0.451250809992458,d_mcsa,5e6bd8f1d315
modules,acute,d_mcsa,svm,15,12,0,0.381321799187095,0.707142857142857,NA,NA,NA,NA,d_mcsa,5e6bd8f1d315
modules,acute,d_mcsa,svm,15,12,200,0.381321799187095,0.707142857142857,0.0298507462686567,0.0298507462686567,-1.34803240729822,1.24305190178047,d_mcsa,5e6bd8f1d315
modules,T1,comp_hypertrophy,enet,15,12,0,-0.147959183673469,-1,NA,NA,NA,NA,comp_hypertrophy,5e6bd8f1d315
modules,T1,comp_hypertrophy,enet,15,12,200,-0.147959183673469,-1,0.164179104477612,1,-0.743421790889633,1.58167565912598,comp_hypertrophy,5e6bd8f1d315
modules,T1,comp_hypertrophy,lasso,15,12,0,-0.147959183673469,-1,NA,NA,NA,NA,comp_hypertrophy,5e6bd8f1d315
modules,T1,comp_hypertrophy,lasso,15,12,200,-0.147959183673469,-1,0.139303482587065,1,-0.657826707322203,1.30232794809112,comp_hypertrophy,5e6bd8f1d315
modules,T1,comp_hypertrophy,plain,15,12,0,-18.6078496478087,-0.25,NA,NA,NA,NA,comp_hypertrophy,5e6bd8f1d315
modules,T1,comp_hypertrophy,plain,15,12,200,-18.6078496478087,-0.25,0.442786069651741,0.835820895522388,-38.1874535320813,42.3413781489097,comp_hypertrophy,5e6bd8f1d315
modules,T1,comp_hypertrophy,rf,15,12,0,-0.325271986740335,-0.321428571428571,NA,NA,NA,NA,comp_hypertrophy,5e6bd8f1d315
modules,T1,comp_hypertrophy,rf,15,12,200,-0.325271986740335,-0.321428571428571,0.621890547263682,0.651741293532338,-0.217300751451466,0.233153809790035,comp_hypertrophy,5e6bd8f1d315
modules,T1,comp_hypertrophy,ridge,15,12,0,-0.147959183673469,-1,NA,NA,NA,NA,comp_hypertrophy,5e6bd8f1d315
modules,T1,comp_hypertrophy,ridge,15,12,200,-0.147959183673469,-1,0.164179104477612,1,-0.161342978352741,0.136725724797433,comp_hypertrophy,5e6bd8f1d315
modules,T1,comp_hypertrophy,spls,15,12,0,-0.872214115997083,-0.375,NA,NA,NA,NA,comp_hypertrophy,5e6bd8f1d315
modules,T1,comp_hypertrophy,spls,15,12,200,-0.872214115997083,-0.375,0.840796019900497,0.786069651741294,-0.460130249631715,0.459211273981808,comp_hypertrophy,5e6bd8f1d315
modules,T1,comp_hypertrophy,svm,15,12,0,-0.859620803424558,-0.203571428571429,NA,NA,NA,NA,comp_hypertrophy,5e6bd8f1d315
modules,T1,comp_hypertrophy,svm,15,12,200,-0.859620803424558,-0.203571428571429,0.651741293532338,0.592039800995025,-0.734339110068499,0.716400241152224,comp_hypertrophy,5e6bd8f1d315
modules,T1,d_1rm_ext,enet,14,12,0,-0.220455738554297,-0.149780099022591,NA,NA,NA,NA,d_1rm_ext,5e6bd8f1d315
modules,T1,d_1rm_ext,enet,14,12,200,-0.220455738554297,-0.149780099022591,0.462686567164179,0.0895522388059701,-0.602261037207273,0.790770411147628,d_1rm_ext,5e6bd8f1d315
modules,T1,d_1rm_ext,lasso,14,12,0,-0.306048869433056,-0.389868787161744,NA,NA,NA,NA,d_1rm_ext,5e6bd8f1d315
modules,T1,d_1rm_ext,lasso,14,12,200,-0.306048869433056,-0.389868787161744,0.532338308457711,0.114427860696517,-0.634195555932717,0.929376516394922,d_1rm_ext,5e6bd8f1d315
modules,T1,d_1rm_ext,plain,14,12,0,-311.319495733099,0.277533712894801,NA,NA,NA,NA,d_1rm_ext,5e6bd8f1d315
modules,T1,d_1rm_ext,plain,14,12,200,-311.319495733099,0.277533712894801,0.606965174129353,0.313432835820896,-397.88312105666,486.556068575912,d_1rm_ext,5e6bd8f1d315
modules,T1,d_1rm_ext,rf,14,12,0,-0.176991261723448,-0.0308370792105334,NA,NA,NA,NA,d_1rm_ext,5e6bd8f1d315
modules,T1,d_1rm_ext,rf,14,12,200,-0.176991261723448,-0.0308370792105334,0.288557213930348,0.278606965174129,-0.290459818922848,0.224501563661728,d_1rm_ext,5e6bd8f1d315
modules,T1,d_1rm_ext,ridge,14,12,0,-0.128223453714619,-0.0726874009962574,NA,NA,NA,NA,d_1rm_ext,5e6bd8f1d315
modules,T1,d_1rm_ext,ridge,14,12,200,-0.128223453714619,-0.0726874009962574,0.0398009950248756,0.0298507462686567,-0.19912190154438,0.127085727890194,d_1rm_ext,5e6bd8f1d315
modules,T1,d_1rm_ext,spls,14,12,0,-0.183984356346719,0.182819826748162,NA,NA,NA,NA,d_1rm_ext,5e6bd8f1d315
modules,T1,d_1rm_ext,spls,14,12,200,-0.183984356346719,0.182819826748162,0.218905472636816,0.203980099502488,-0.610686196961551,0.503104721231568,d_1rm_ext,5e6bd8f1d315
modules,T1,d_1rm_ext,svm,14,12,0,0.0310688550926815,0.31277608913541,NA,NA,NA,NA,d_1rm_ext,5e6bd8f1d315
modules,T1,d_1rm_ext,svm,14,12,200,0.0310688550926815,0.31277608913541,0.109452736318408,0.149253731343284,-0.810427344521957,0.682751466714573,d_1rm_ext,5e6bd8f1d315
modules,T1,d_1rm_legpress,enet,15,12,0,-0.402583977247146,-0.990138113076533,NA,NA,NA,NA,d_1rm_legpress,5e6bd8f1d315
modules,T1,d_1rm_legpress,enet,15,12,200,-0.402583977247146,-0.990138113076533,0.746268656716418,0.562189054726368,-0.772648825371383,2.77433264258173,d_1rm_legpress,5e6bd8f1d315
modules,T1,d_1rm_legpress,lasso,15,12,0,-0.393237157128757,-0.792827981847514,NA,NA,NA,NA,d_1rm_legpress,5e6bd8f1d315
modules,T1,d_1rm_legpress,lasso,15,12,200,-0.393237157128757,-0.792827981847514,0.776119402985075,0.17910447761194,-0.65145537629713,2.51916141748001,d_1rm_legpress,5e6bd8f1d315
modules,T1,d_1rm_legpress,plain,15,12,0,-14.9081560922722,0.0967748151689083,NA,NA,NA,NA,d_1rm_legpress,5e6bd8f1d315
modules,T1,d_1rm_legpress,plain,15,12,200,-14.9081560922722,0.0967748151689083,0.353233830845771,0.402985074626866,-43.7613073116874,46.7927591259753,d_1rm_legpress,5e6bd8f1d315
modules,T1,d_1rm_legpress,rf,15,12,0,-0.199326864818569,0.0250897668956429,NA,NA,NA,NA,d_1rm_legpress,5e6bd8f1d315
modules,T1,d_1rm_legpress,rf,15,12,200,-0.199326864818569,0.0250897668956429,0.283582089552239,0.228855721393035,-0.306686887893036,0.222233260681724,d_1rm_legpress,5e6bd8f1d315
modules,T1,d_1rm_legpress,ridge,15,12,0,-0.398030809635213,-0.990138113076533,NA,NA,NA,NA,d_1rm_legpress,5e6bd8f1d315
modules,T1,d_1rm_legpress,ridge,15,12,200,-0.398030809635213,-0.990138113076533,0.970149253731343,0.323383084577114,-0.172189015425379,0.10121801268022,d_1rm_legpress,5e6bd8f1d315
modules,T1,d_1rm_legpress,spls,15,12,0,-0.142004491830037,0.200718135165143,NA,NA,NA,NA,d_1rm_legpress,5e6bd8f1d315
modules,T1,d_1rm_legpress,spls,15,12,200,-0.142004491830037,0.200718135165143,0.154228855721393,0.159203980099502,-0.583609146626413,0.426056043587151,d_1rm_legpress,5e6bd8f1d315
modules,T1,d_1rm_legpress,svm,15,12,0,-0.0357053286479172,0.215055144819796,NA,NA,NA,NA,d_1rm_legpress,5e6bd8f1d315
modules,T1,d_1rm_legpress,svm,15,12,200,-0.0357053286479172,0.215055144819796,0.134328358208955,0.119402985074627,-0.538919268073548,0.414363173081089,d_1rm_legpress,5e6bd8f1d315
modules,T1,d_fcsa_I,enet,15,12,0,-0.147959183673469,-1,NA,NA,NA,NA,d_fcsa_I,5e6bd8f1d315
modules,T1,d_fcsa_I,enet,15,12,200,-0.147959183673469,-1,0.378109452736318,1,-0.854033375886315,2.7710696949976,d_fcsa_I,5e6bd8f1d315
modules,T1,d_fcsa_I,lasso,15,12,0,-0.147959183673469,-1,NA,NA,NA,NA,d_fcsa_I,5e6bd8f1d315
modules,T1,d_fcsa_I,lasso,15,12,200,-0.147959183673469,-1,0.402985074626866,1,-0.907664815522019,2.94878934823657,d_fcsa_I,5e6bd8f1d315
modules,T1,d_fcsa_I,plain,15,12,0,-33.1770354994169,-0.321428571428571,NA,NA,NA,NA,d_fcsa_I,5e6bd8f1d315
modules,T1,d_fcsa_I,plain,15,12,200,-33.1770354994169,-0.321428571428571,0.611940298507463,0.835820895522388,-38.5642470991522,44.2002650932954,d_fcsa_I,5e6bd8f1d315
modules,T1,d_fcsa_I,rf,15,12,0,-0.529183996022672,-0.732142857142857,NA,NA,NA,NA,d_fcsa_I,5e6bd8f1d315
modules,T1,d_fcsa_I,rf,15,12,200,-0.529183996022672,-0.732142857142857,0.900497512437811,0.935323383084577,-0.232785641716012,0.234554852103383,d_fcsa_I,5e6bd8f1d315
modules,T1,d_fcsa_I,ridge,15,12,0,-0.147959183673469,-1,NA,NA,NA,NA,d_fcsa_I,5e6bd8f1d315
modules,T1,d_fcsa_I,ridge,15,12,200,-0.147959183673469,-1,0.487562189054726,1,-0.169756267939314,0.116709831603855,d_fcsa_I,5e6bd8f1d315
modules,T1,d_fcsa_I,spls,15,12,0,-0.66788649112699,-0.510714285714286,NA,NA,NA,NA,d_fcsa_I,5e6bd8f1d315
modules,T1,d_fcsa_I,spls,15,12,200,-0.66788649112699,-0.510714285714286,0.626865671641791,0.805970149253731,-0.543306120740627,0.48781478564256,d_fcsa_I,5e6bd8f1d315
modules,T1,d_fcsa_I,svm,15,12,0,-0.235422819527348,-0.782142857142857,NA,NA,NA,NA,d_fcsa_I,5e6bd8f1d315
modules,T1,d_fcsa_I,svm,15,12,200,-0.235422819527348,-0.782142857142857,0.920398009950249,0.43283582089552203,-0.215543366268981,0.0188595359725406,d_fcsa_I,5e6bd8f1d315
modules,T1,d_fcsa_II,enet,15,12,0,-0.762925508835099,-0.989285714285714,NA,NA,NA,NA,d_fcsa_II,5e6bd8f1d315
modules,T1,d_fcsa_II,enet,15,12,200,-0.762925508835099,-0.989285714285714,0.786069651741294,0.567164179104478,-0.749171268855933,1.86563170931446,d_fcsa_II,5e6bd8f1d315
modules,T1,d_fcsa_II,lasso,15,12,0,-0.823587654777844,-0.989285714285714,NA,NA,NA,NA,d_fcsa_II,5e6bd8f1d315
modules,T1,d_fcsa_II,lasso,15,12,200,-0.823587654777844,-0.989285714285714,0.830845771144279,0.567164179104478,-0.776837742940643,1.95871696666199,d_fcsa_II,5e6bd8f1d315
modules,T1,d_fcsa_II,plain,15,12,0,-46.5171564719284,-0.192857142857143,NA,NA,NA,NA,d_fcsa_II,5e6bd8f1d315
modules,T1,d_fcsa_II,plain,15,12,200,-46.5171564719284,-0.192857142857143,0.686567164179104,0.71144278606965194,-39.1560836615309,43.0371465412118,d_fcsa_II,5e6bd8f1d315
modules,T1,d_fcsa_II,rf,15,12,0,-0.462116019495361,-0.492857142857143,NA,NA,NA,NA,d_fcsa_II,5e6bd8f1d315
modules,T1,d_fcsa_II,rf,15,12,200,-0.462116019495361,-0.492857142857143,0.830845771144279,0.776119402985075,-0.241583797817593,0.219976918534665,d_fcsa_II,5e6bd8f1d315
modules,T1,d_fcsa_II,ridge,15,12,0,-0.14795918367347,-1,NA,NA,NA,NA,d_fcsa_II,5e6bd8f1d315
modules,T1,d_fcsa_II,ridge,15,12,200,-0.14795918367347,-1,0.716417910447761,1,-0.165695515405738,0.102432496584317,d_fcsa_II,5e6bd8f1d315
modules,T1,d_fcsa_II,spls,15,12,0,-0.603024760623614,-0.203571428571429,NA,NA,NA,NA,d_fcsa_II,5e6bd8f1d315
modules,T1,d_fcsa_II,spls,15,12,200,-0.603024760623614,-0.203571428571429,0.582089552238806,0.537313432835821,-0.524575917231,0.44557523028351,d_fcsa_II,5e6bd8f1d315
modules,T1,d_fcsa_II,svm,15,12,0,-0.332390508031846,-0.771428571428571,NA,NA,NA,NA,d_fcsa_II,5e6bd8f1d315
modules,T1,d_fcsa_II,svm,15,12,200,-0.332390508031846,-0.771428571428571,0.786069651741294,0.383084577114428,-0.315913797256762,0.0207700053845896,d_fcsa_II,5e6bd8f1d315
modules,T1,d_mcsa,enet,15,12,0,-15.192472410496,-0.667857142857143,NA,NA,NA,NA,d_mcsa,5e6bd8f1d315
modules,T1,d_mcsa,enet,15,12,200,-15.192472410496,-0.667857142857143,1,0.159203980099502,-0.503715452122339,0.943278155378677,d_mcsa,5e6bd8f1d315
modules,T1,d_mcsa,lasso,15,12,0,-12.4005293330239,-0.496428571428571,NA,NA,NA,NA,d_mcsa,5e6bd8f1d315
modules,T1,d_mcsa,lasso,15,12,200,-12.4005293330239,-0.496428571428571,1,0.129353233830846,-0.48319638432988,0.874513177569033,d_mcsa,5e6bd8f1d315
modules,T1,d_mcsa,plain,15,12,0,-27.7961408715238,0.185714285714286,NA,NA,NA,NA,d_mcsa,5e6bd8f1d315
modules,T1,d_mcsa,plain,15,12,200,-27.7961408715238,0.185714285714286,0.522388059701492,0.373134328358209,-39.9842034631132,42.8072316929537,d_mcsa,5e6bd8f1d315
modules,T1,d_mcsa,rf,15,12,0,-0.154473031136448,-0.0285714285714286,NA,NA,NA,NA,d_mcsa,5e6bd8f1d315
modules,T1,d_mcsa,rf,15,12,200,-0.154473031136448,-0.0285714285714286,0.343283582089552,0.373134328358209,-0.238165998800459,0.209217676647286,d_mcsa,5e6bd8f1d315
modules,T1,d_mcsa,ridge,15,12,0,-0.147959183673469,-1,NA,NA,NA,NA,d_mcsa,5e6bd8f1d315
modules,T1,d_mcsa,ridge,15,12,200,-0.147959183673469,-1,0.417910447761194,1,-0.170860765633905,0.11506128682106,d_mcsa,5e6bd8f1d315
modules,T1,d_mcsa,spls,15,12,0,-0.337602319154951,-0.0607142857142857,NA,NA,NA,NA,d_mcsa,5e6bd8f1d315
modules,T1,d_mcsa,spls,15,12,200,-0.337602319154951,-0.0607142857142857,0.412935323383085,0.527363184079602,-0.464590273531279,0.426655879218912,d_mcsa,5e6bd8f1d315
modules,T1,d_mcsa,svm,15,12,0,-0.730564206926528,-0.257142857142857,NA,NA,NA,NA,d_mcsa,5e6bd8f1d315
modules,T1,d_mcsa,svm,15,12,200,-0.730564206926528,-0.257142857142857,0.462686567164179,0.676616915422886,-0.918880560609676,0.849057285065042,d_mcsa,5e6bd8f1d315
modules,T2,comp_hypertrophy,enet,15,12,0,-0.14795918367347,-1,NA,NA,NA,NA,comp_hypertrophy,5e6bd8f1d315
modules,T2,comp_hypertrophy,enet,15,12,200,-0.14795918367347,-1,0.398009950248756,1,-0.595120114065993,1.39512727907587,comp_hypertrophy,5e6bd8f1d315
modules,T2,comp_hypertrophy,lasso,15,12,0,-0.14795918367347,-1,NA,NA,NA,NA,comp_hypertrophy,5e6bd8f1d315
modules,T2,comp_hypertrophy,lasso,15,12,200,-0.14795918367347,-1,0.447761194029851,1,-0.540434249978987,1.32027548941538,comp_hypertrophy,5e6bd8f1d315
modules,T2,comp_hypertrophy,plain,15,12,0,-15.105939905036,0.0928571428571428,NA,NA,NA,NA,comp_hypertrophy,5e6bd8f1d315
modules,T2,comp_hypertrophy,plain,15,12,200,-15.105939905036,0.0928571428571428,0.323383084577114,0.398009950248756,-32.6010913179444,26.3347072204257,comp_hypertrophy,5e6bd8f1d315
modules,T2,comp_hypertrophy,rf,15,12,0,-0.604359953767585,-0.685714285714286,NA,NA,NA,NA,comp_hypertrophy,5e6bd8f1d315
modules,T2,comp_hypertrophy,rf,15,12,200,-0.604359953767585,-0.685714285714286,0.980099502487562,0.925373134328358,-0.221757097870179,0.217485536123788,comp_hypertrophy,5e6bd8f1d315
modules,T2,comp_hypertrophy,ridge,15,12,0,-0.14795918367347,-1,NA,NA,NA,NA,comp_hypertrophy,5e6bd8f1d315
modules,T2,comp_hypertrophy,ridge,15,12,200,-0.14795918367347,-1,0.681592039800995,1,-0.179634838960436,0.121790527220184,comp_hypertrophy,5e6bd8f1d315
modules,T2,comp_hypertrophy,spls,15,12,0,-0.742673170236177,-0.532142857142857,NA,NA,NA,NA,comp_hypertrophy,5e6bd8f1d315
modules,T2,comp_hypertrophy,spls,15,12,200,-0.742673170236177,-0.532142857142857,0.72636815920398,0.880597014925373,-0.545554140859372,0.489857984314339,comp_hypertrophy,5e6bd8f1d315
modules,T2,comp_hypertrophy,svm,15,12,0,-1.76135262385368,-0.464285714285714,NA,NA,NA,NA,comp_hypertrophy,5e6bd8f1d315
modules,T2,comp_hypertrophy,svm,15,12,200,-1.76135262385368,-0.464285714285714,0.825870646766169,0.796019900497512,-0.980840988497871,0.828756968259178,comp_hypertrophy,5e6bd8f1d315
modules,T2,d_1rm_ext,enet,14,12,0,-0.159763313609467,-1,NA,NA,NA,NA,d_1rm_ext,5e6bd8f1d315
modules,T2,d_1rm_ext,enet,14,12,200,-0.159763313609467,-1,0.313432835820896,1,-0.829467264397064,2.93400173181567,d_1rm_ext,5e6bd8f1d315
modules,T2,d_1rm_ext,lasso,14,12,0,-0.159763313609467,-1,NA,NA,NA,NA,d_1rm_ext,5e6bd8f1d315
modules,T2,d_1rm_ext,lasso,14,12,200,-0.159763313609467,-1,0.333333333333333,1,-0.886816174155355,3.39332136985066,d_1rm_ext,5e6bd8f1d315
modules,T2,d_1rm_ext,plain,14,12,0,-79.1521531572756,0.292952252500067,NA,NA,NA,NA,d_1rm_ext,5e6bd8f1d315
modules,T2,d_1rm_ext,plain,14,12,200,-79.1521531572756,0.292952252500067,0.388059701492537,0.27363184079602,-283.993077920574,376.207055017347,d_1rm_ext,5e6bd8f1d315
modules,T2,d_1rm_ext,rf,14,12,0,-0.419606105569196,-0.356829059436172,NA,NA,NA,NA,d_1rm_ext,5e6bd8f1d315
modules,T2,d_1rm_ext,rf,14,12,200,-0.419606105569196,-0.356829059436172,0.781094527363184,0.606965174129353,-0.245254752199069,0.226565019189007,d_1rm_ext,5e6bd8f1d315
modules,T2,d_1rm_ext,ridge,14,12,0,-0.159763313609467,-1,NA,NA,NA,NA,d_1rm_ext,5e6bd8f1d315
modules,T2,d_1rm_ext,ridge,14,12,200,-0.159763313609467,-1,0.398009950248756,1,-0.209246017801447,0.213581755095411,d_1rm_ext,5e6bd8f1d315
modules,T2,d_1rm_ext,spls,14,12,0,-0.289764023902279,-0.222467500018848,NA,NA,NA,NA,d_1rm_ext,5e6bd8f1d315
modules,T2,d_1rm_ext,spls,14,12,200,-0.289764023902279,-0.222467500018848,0.27363184079602,0.557213930348259,-0.721759145917041,0.632459449338129,d_1rm_ext,5e6bd8f1d315
modules,T2,d_1rm_ext,svm,14,12,0,-2.07260278388716,-0.418503217857239,NA,NA,NA,NA,d_1rm_ext,5e6bd8f1d315
modules,T2,d_1rm_ext,svm,14,12,200,-2.07260278388716,-0.418503217857239,0.860696517412935,0.746268656716418,-1.10208266219712,0.967488762343216,d_1rm_ext,5e6bd8f1d315
modules,T2,d_1rm_legpress,enet,15,12,0,-0.599834283145535,-0.658302583059106,NA,NA,NA,NA,d_1rm_legpress,5e6bd8f1d315
modules,T2,d_1rm_legpress,enet,15,12,200,-0.599834283145535,-0.658302583059106,0.800995024875622,0.213930348258706,-0.516822847478118,1.10751779085217,d_1rm_legpress,5e6bd8f1d315
modules,T2,d_1rm_legpress,lasso,15,12,0,-0.707128481936326,-0.666072516428181,NA,NA,NA,NA,d_1rm_legpress,5e6bd8f1d315
modules,T2,d_1rm_legpress,lasso,15,12,200,-0.707128481936326,-0.666072516428181,0.860696517412935,0.223880597014925,-0.489803901344795,0.949107563528613,d_1rm_legpress,5e6bd8f1d315
modules,T2,d_1rm_legpress,plain,15,12,0,-1.4801307190265,0.590140462742359,NA,NA,NA,NA,d_1rm_legpress,5e6bd8f1d315
modules,T2,d_1rm_legpress,plain,15,12,200,-1.4801307190265,0.590140462742359,0.0696517412935323,0.0646766169154229,-30.2285708126879,29.5904505697577,d_1rm_legpress,5e6bd8f1d315
modules,T2,d_1rm_legpress,rf,15,12,0,-0.00124249066231696,0.234979941091942,NA,NA,NA,NA,d_1rm_legpress,5e6bd8f1d315
modules,T2,d_1rm_legpress,rf,15,12,200,-0.00124249066231696,0.234979941091942,0.129353233830846,0.124378109452736,-0.251559188567313,0.219879261591761,d_1rm_legpress,5e6bd8f1d315
modules,T2,d_1rm_legpress,ridge,15,12,0,-0.14858627328347,-0.844851543925991,NA,NA,NA,NA,d_1rm_legpress,5e6bd8f1d315
modules,T2,d_1rm_legpress,ridge,15,12,200,-0.14858627328347,-0.844851543925991,0.626865671641791,0.144278606965174,-0.176118731590074,0.122083370582255,d_1rm_legpress,5e6bd8f1d315
modules,T2,d_1rm_legpress,spls,15,12,0,-0.188888491765208,0.231392461075271,NA,NA,NA,NA,d_1rm_legpress,5e6bd8f1d315
modules,T2,d_1rm_legpress,spls,15,12,200,-0.188888491765208,0.231392461075271,0.258706467661692,0.169154228855721,-0.521981997446482,0.48255664891642,d_1rm_legpress,5e6bd8f1d315
modules,T2,d_1rm_legpress,svm,15,12,0,0.130984779011568,0.405385241883809,NA,NA,NA,NA,d_1rm_legpress,5e6bd8f1d315
modules,T2,d_1rm_legpress,svm,15,12,200,0.130984779011568,0.405385241883809,0.0845771144278607,0.0597014925373134,-0.483897032377944,0.479290577417809,d_1rm_legpress,5e6bd8f1d315
modules,T2,d_fcsa_I,enet,15,12,0,-1.27500244054113,-0.867857142857143,NA,NA,NA,NA,d_fcsa_I,5e6bd8f1d315
modules,T2,d_fcsa_I,enet,15,12,200,-1.27500244054113,-0.867857142857143,0.915422885572139,0.298507462686567,-0.561213710312486,1.18395732098795,d_fcsa_I,5e6bd8f1d315
modules,T2,d_fcsa_I,lasso,15,12,0,-0.817003393419472,-0.871428571428571,NA,NA,NA,NA,d_fcsa_I,5e6bd8f1d315
modules,T2,d_fcsa_I,lasso,15,12,200,-0.817003393419472,-0.871428571428571,0.870646766169154,0.293532338308458,-0.559910508424895,1.3373673483361,d_fcsa_I,5e6bd8f1d315
modules,T2,d_fcsa_I,plain,15,12,0,-2.72692822167361,0.6,NA,NA,NA,NA,d_fcsa_I,5e6bd8f1d315
modules,T2,d_fcsa_I,plain,15,12,200,-2.72692822167361,0.6,0.054726368159204,0.0447761194029851,-34.6181659338311,28.9558467025168,d_fcsa_I,5e6bd8f1d315
modules,T2,d_fcsa_I,rf,15,12,0,-0.337605406367565,-0.335714285714286,NA,NA,NA,NA,d_fcsa_I,5e6bd8f1d315
modules,T2,d_fcsa_I,rf,15,12,200,-0.337605406367565,-0.335714285714286,0.681592039800995,0.616915422885572,-0.232973422926661,0.21621519865135,d_fcsa_I,5e6bd8f1d315
modules,T2,d_fcsa_I,ridge,15,12,0,-0.456159397881921,-0.996428571428571,NA,NA,NA,NA,d_fcsa_I,5e6bd8f1d315
modules,T2,d_fcsa_I,ridge,15,12,200,-0.456159397881921,-0.996428571428571,0.965174129353234,0.338308457711443,-0.179092240198417,0.113209470767889,d_fcsa_I,5e6bd8f1d315
modules,T2,d_fcsa_I,spls,15,12,0,-0.635178874386398,-0.432142857142857,NA,NA,NA,NA,d_fcsa_I,5e6bd8f1d315
modules,T2,d_fcsa_I,spls,15,12,200,-0.635178874386398,-0.432142857142857,0.606965174129353,0.751243781094527,-0.586937381208715,0.539554543248307,d_fcsa_I,5e6bd8f1d315
modules,T2,d_fcsa_I,svm,15,12,0,-0.185331396785421,-0.732142857142857,NA,NA,NA,NA,d_fcsa_I,5e6bd8f1d315
modules,T2,d_fcsa_I,svm,15,12,200,-0.185331396785421,-0.732142857142857,0.90547263681592,0.213930348258706,-0.162143050481093,0.0186906245269722,d_fcsa_I,5e6bd8f1d315
modules,T2,d_fcsa_II,enet,15,12,0,-0.665058266189264,-0.960714285714286,NA,NA,NA,NA,d_fcsa_II,5e6bd8f1d315
modules,T2,d_fcsa_II,enet,15,12,200,-0.665058266189264,-0.960714285714286,0.860696517412935,0.388059701492537,-0.575641384703566,1.26130440043002,d_fcsa_II,5e6bd8f1d315
modules,T2,d_fcsa_II,lasso,15,12,0,-0.45697785490054,-0.964285714285714,NA,NA,NA,NA,d_fcsa_II,5e6bd8f1d315
modules,T2,d_fcsa_II,lasso,15,12,200,-0.45697785490054,-0.964285714285714,0.766169154228856,0.3681592039801,-0.627486144435243,1.35282079432546,d_fcsa_II,5e6bd8f1d315
modules,T2,d_fcsa_II,plain,15,12,0,-3.34147033169282,-0.0678571428571429,NA,NA,NA,NA,d_fcsa_II,5e6bd8f1d315
modules,T2,d_fcsa_II,plain,15,12,200,-3.34147033169282,-0.0678571428571429,0.0895522388059701,0.527363184079602,-36.8800060011384,32.8653603410902,d_fcsa_II,5e6bd8f1d315
modules,T2,d_fcsa_II,rf,15,12,0,-0.385617582215866,-0.482142857142857,NA,NA,NA,NA,d_fcsa_II,5e6bd8f1d315
modules,T2,d_fcsa_II,rf,15,12,200,-0.385617582215866,-0.482142857142857,0.756218905472637,0.751243781094527,-0.240460163371834,0.208843039284273,d_fcsa_II,5e6bd8f1d315
modules,T2,d_fcsa_II,ridge,15,12,0,-0.404823253227156,-0.996428571428571,NA,NA,NA,NA,d_fcsa_II,5e6bd8f1d315
modules,T2,d_fcsa_II,ridge,15,12,200,-0.404823253227156,-0.996428571428571,0.945273631840796,0.288557213930348,-0.186465046426989,0.141297291445141,d_fcsa_II,5e6bd8f1d315
modules,T2,d_fcsa_II,spls,15,12,0,-0.605161991775867,-0.482142857142857,NA,NA,NA,NA,d_fcsa_II,5e6bd8f1d315
modules,T2,d_fcsa_II,spls,15,12,200,-0.605161991775867,-0.482142857142857,0.552238805970149,0.766169154228856,-0.57764637438858,0.495605544351903,d_fcsa_II,5e6bd8f1d315
modules,T2,d_fcsa_II,svm,15,12,0,-0.225630192096895,-0.828571428571429,NA,NA,NA,NA,d_fcsa_II,5e6bd8f1d315
modules,T2,d_fcsa_II,svm,15,12,200,-0.225630192096895,-0.828571428571429,0.855721393034826,0.701492537313433,-0.206946545475098,0.0192420802966805,d_fcsa_II,5e6bd8f1d315
modules,T2,d_mcsa,enet,15,12,0,0.0701252400887916,0.135714285714286,NA,NA,NA,NA,d_mcsa,5e6bd8f1d315
modules,T2,d_mcsa,enet,15,12,200,0.0701252400887916,0.135714285714286,0.0298507462686567,0.0497512437810945,-0.59815377316152,1.18830457022201,d_mcsa,5e6bd8f1d315
modules,T2,d_mcsa,lasso,15,12,0,0.177100266471497,0.235714285714286,NA,NA,NA,NA,d_mcsa,5e6bd8f1d315
modules,T2,d_mcsa,lasso,15,12,200,0.177100266471497,0.235714285714286,0.0199004975124378,0.0398009950248756,-0.601521108569216,1.28259217013662,d_mcsa,5e6bd8f1d315
modules,T2,d_mcsa,plain,15,12,0,-26.7401446391226,0.235714285714286,NA,NA,NA,NA,d_mcsa,5e6bd8f1d315
modules,T2,d_mcsa,plain,15,12,200,-26.7401446391226,0.235714285714286,0.577114427860697,0.293532338308458,-27.8043216468492,28.2155310123593,d_mcsa,5e6bd8f1d315
modules,T2,d_mcsa,rf,15,12,0,0.0430005675482171,0.185714285714286,NA,NA,NA,NA,d_mcsa,5e6bd8f1d315
modules,T2,d_mcsa,rf,15,12,200,0.0430005675482171,0.185714285714286,0.0796019900497512,0.109452736318408,-0.258985041505962,0.191006126870619,d_mcsa,5e6bd8f1d315
modules,T2,d_mcsa,ridge,15,12,0,-0.24222118426532,-0.928571428571428,NA,NA,NA,NA,d_mcsa,5e6bd8f1d315
modules,T2,d_mcsa,ridge,15,12,200,-0.24222118426532,-0.928571428571428,0.845771144278607,0.114427860696517,-0.181954623551742,0.0993656168912552,d_mcsa,5e6bd8f1d315
modules,T2,d_mcsa,spls,15,12,0,-0.0342731607590463,0.4,NA,NA,NA,NA,d_mcsa,5e6bd8f1d315
modules,T2,d_mcsa,spls,15,12,200,-0.0342731607590463,0.4,0.0845771144278607,0.0597014925373134,-0.590306253594944,0.488649751351724,d_mcsa,5e6bd8f1d315
modules,T2,d_mcsa,svm,15,12,0,-0.238546630598976,0.375,NA,NA,NA,NA,d_mcsa,5e6bd8f1d315
modules,T2,d_mcsa,svm,15,12,200,-0.238546630598976,0.375,0.119402985074627,0.124378109452736,-1.5730313617019,1.32435686612121,d_mcsa,5e6bd8f1d315
modules,T3,comp_hypertrophy,enet,15,12,0,-0.228040818092439,-0.9,NA,NA,NA,NA,comp_hypertrophy,5e6bd8f1d315
modules,T3,comp_hypertrophy,enet,15,12,200,-0.228040818092439,-0.9,0.616915422885572,0.328358208955224,-0.610979127672655,1.63569287925109,comp_hypertrophy,5e6bd8f1d315
modules,T3,comp_hypertrophy,lasso,15,12,0,-0.244304676865722,-0.9,NA,NA,NA,NA,comp_hypertrophy,5e6bd8f1d315
modules,T3,comp_hypertrophy,lasso,15,12,200,-0.244304676865722,-0.9,0.63681592039801,0.333333333333333,-0.656343232290968,1.7864596563605,comp_hypertrophy,5e6bd8f1d315
modules,T3,comp_hypertrophy,plain,15,12,0,-19.7650530490176,0.207142857142857,NA,NA,NA,NA,comp_hypertrophy,5e6bd8f1d315
modules,T3,comp_hypertrophy,plain,15,12,200,-19.7650530490176,0.207142857142857,0.223880597014925,0.263681592039801,-94.6072602250771,99.6661552591543,comp_hypertrophy,5e6bd8f1d315
modules,T3,comp_hypertrophy,rf,15,12,0,-0.0982147912520008,-0.0214285714285714,NA,NA,NA,NA,comp_hypertrophy,5e6bd8f1d315
modules,T3,comp_hypertrophy,rf,15,12,200,-0.0982147912520008,-0.0214285714285714,0.218905472636816,0.258706467661692,-0.275145590975035,0.22453515783887,comp_hypertrophy,5e6bd8f1d315
modules,T3,comp_hypertrophy,ridge,15,12,0,-0.157126217456803,-0.978571428571428,NA,NA,NA,NA,comp_hypertrophy,5e6bd8f1d315
modules,T3,comp_hypertrophy,ridge,15,12,200,-0.157126217456803,-0.978571428571428,0.716417910447761,0.253731343283582,-0.217809107914741,0.380874995438429,comp_hypertrophy,5e6bd8f1d315
modules,T3,comp_hypertrophy,spls,15,12,0,0.00158179023915128,0.135714285714286,NA,NA,NA,NA,comp_hypertrophy,5e6bd8f1d315
modules,T3,comp_hypertrophy,spls,15,12,200,0.00158179023915128,0.135714285714286,0.0895522388059701,0.194029850746269,-0.532061171348424,0.494752347048577,comp_hypertrophy,5e6bd8f1d315
modules,T3,comp_hypertrophy,svm,15,12,0,-1.13553420718325,-0.0571428571428571,NA,NA,NA,NA,comp_hypertrophy,5e6bd8f1d315
modules,T3,comp_hypertrophy,svm,15,12,200,-1.13553420718325,-0.0571428571428571,0.582089552238806,0.383084577114428,-1.09267588774981,0.943712633307216,comp_hypertrophy,5e6bd8f1d315
modules,T3,d_1rm_ext,enet,14,12,0,-0.159763313609467,-1,NA,NA,NA,NA,d_1rm_ext,5e6bd8f1d315
modules,T3,d_1rm_ext,enet,14,12,200,-0.159763313609467,-1,0.373134328358209,1,-0.762994359861017,3.55661937488986,d_1rm_ext,5e6bd8f1d315
modules,T3,d_1rm_ext,lasso,14,12,0,-0.159763313609467,-1,NA,NA,NA,NA,d_1rm_ext,5e6bd8f1d315
modules,T3,d_1rm_ext,lasso,14,12,200,-0.159763313609467,-1,0.378109452736318,1,-0.806801026377571,3.60240990548587,d_1rm_ext,5e6bd8f1d315
modules,T3,d_1rm_ext,plain,14,12,0,-1057.65773099391,-0.389868787161744,NA,NA,NA,NA,d_1rm_ext,5e6bd8f1d315
modules,T3,d_1rm_ext,plain,14,12,200,-1057.65773099391,-0.389868787161744,0.975124378109453,0.915422885572139,-245.94165253541,314.830637133715,d_1rm_ext,5e6bd8f1d315
modules,T3,d_1rm_ext,rf,14,12,0,-0.657888398734166,-0.715860767387383,NA,NA,NA,NA,d_1rm_ext,5e6bd8f1d315
modules,T3,d_1rm_ext,rf,14,12,200,-0.657888398734166,-0.715860767387383,0.945273631840796,0.880597014925373,-0.254840601528503,0.255717100983312,d_1rm_ext,5e6bd8f1d315
modules,T3,d_1rm_ext,ridge,14,12,0,-0.159763313609467,-1,NA,NA,NA,NA,d_1rm_ext,5e6bd8f1d315
modules,T3,d_1rm_ext,ridge,14,12,200,-0.159763313609467,-1,0.492537313432836,1,-0.239273163662917,0.357803942589138,d_1rm_ext,5e6bd8f1d315
modules,T3,d_1rm_ext,spls,14,12,0,-0.561943103112533,-0.548459480244487,NA,NA,NA,NA,d_1rm_ext,5e6bd8f1d315
modules,T3,d_1rm_ext,spls,14,12,200,-0.561943103112533,-0.548459480244487,0.577114427860697,0.776119402985075,-0.575672350219065,0.585845686152187,d_1rm_ext,5e6bd8f1d315
modules,T3,d_1rm_ext,svm,14,12,0,-0.934287219906739,-0.607930990150516,NA,NA,NA,NA,d_1rm_ext,5e6bd8f1d315
modules,T3,d_1rm_ext,svm,14,12,200,-0.934287219906739,-0.607930990150516,0.447761194029851,0.860696517412935,-1.22751715666965,1.13686344467572,d_1rm_ext,5e6bd8f1d315
modules,T3,d_1rm_legpress,enet,15,12,0,-0.147959183673469,-0.996415759077198,NA,NA,NA,NA,d_1rm_legpress,5e6bd8f1d315
modules,T3,d_1rm_legpress,enet,15,12,200,-0.147959183673469,-0.996415759077198,0.194029850746269,0.691542288557214,-0.957156923955827,3.88283499094196,d_1rm_legpress,5e6bd8f1d315
modules,T3,d_1rm_legpress,lasso,15,12,0,-0.147959183673469,-0.996415759077198,NA,NA,NA,NA,d_1rm_legpress,5e6bd8f1d315
modules,T3,d_1rm_legpress,lasso,15,12,200,-0.147959183673469,-0.996415759077198,0.189054726368159,0.681592039800995,-0.983074347691365,4.04975061620401,d_1rm_legpress,5e6bd8f1d315
modules,T3,d_1rm_legpress,plain,15,12,0,-5.58777058507052,0.638571442967416,NA,NA,NA,NA,d_1rm_legpress,5e6bd8f1d315
modules,T3,d_1rm_legpress,plain,15,12,200,-5.58777058507052,0.638571442967416,0.0895522388059701,0.0796019900497512,-91.2813313921121,112.650117843167,d_1rm_legpress,5e6bd8f1d315
modules,T3,d_1rm_legpress,rf,15,12,0,-0.669106158395123,-0.787451863659257,NA,NA,NA,NA,d_1rm_legpress,5e6bd8f1d315
modules,T3,d_1rm_legpress,rf,15,12,200,-0.669106158395123,-0.787451863659257,0.960199004975124,0.980099502487562,-0.253962322602205,0.225893699903308,d_1rm_legpress,5e6bd8f1d315
modules,T3,d_1rm_legpress,ridge,15,12,0,-0.147959183673469,-0.996415759077198,NA,NA,NA,NA,d_1rm_legpress,5e6bd8f1d315
modules,T3,d_1rm_legpress,ridge,15,12,200,-0.147959183673469,-0.996415759077198,0.203980099502488,0.472636815920398,-0.234952971074705,0.52974849857185,d_1rm_legpress,5e6bd8f1d315
modules,T3,d_1rm_legpress,spls,15,12,0,-1.01934171221874,-0.819739183809295,NA,NA,NA,NA,d_1rm_legpress,5e6bd8f1d315
modules,T3,d_1rm_legpress,spls,15,12,200,-1.01934171221874,-0.819739183809295,0.855721393034826,0.985074626865672,-0.49283929562893,0.469336750985367,d_1rm_legpress,5e6bd8f1d315
modules,T3,d_1rm_legpress,svm,15,12,0,-0.317138007976796,-0.353366781642081,NA,NA,NA,NA,d_1rm_legpress,5e6bd8f1d315
modules,T3,d_1rm_legpress,svm,15,12,200,-0.317138007976796,-0.353366781642081,0.3681592039801,0.537313432835821,-0.539146187117999,0.437572930401572,d_1rm_legpress,5e6bd8f1d315
modules,T3,d_fcsa_I,enet,15,12,0,-0.231536711557886,-1,NA,NA,NA,NA,d_fcsa_I,5e6bd8f1d315
modules,T3,d_fcsa_I,enet,15,12,200,-0.231536711557886,-1,0.606965174129353,1,-0.788355100105665,2.24176282283238,d_fcsa_I,5e6bd8f1d315
modules,T3,d_fcsa_I,lasso,15,12,0,-0.297100515421656,-0.996428571428571,NA,NA,NA,NA,d_fcsa_I,5e6bd8f1d315
modules,T3,d_fcsa_I,lasso,15,12,200,-0.297100515421656,-0.996428571428571,0.72636815920398,0.54726368159204,-0.672320761470844,2.16715557254934,d_fcsa_I,5e6bd8f1d315
modules,T3,d_fcsa_I,plain,15,12,0,-37.6162193955823,0.0535714285714286,NA,NA,NA,NA,d_fcsa_I,5e6bd8f1d315
modules,T3,d_fcsa_I,plain,15,12,200,-37.6162193955823,0.0535714285714286,0.422885572139304,0.487562189054726,-92.7638284916246,101.752186019324,d_fcsa_I,5e6bd8f1d315
modules,T3,d_fcsa_I,rf,15,12,0,-0.245724922338044,-0.157142857142857,NA,NA,NA,NA,d_fcsa_I,5e6bd8f1d315
modules,T3,d_fcsa_I,rf,15,12,200,-0.245724922338044,-0.157142857142857,0.447761194029851,0.45273631840796,-0.265466985532068,0.232171132762201,d_fcsa_I,5e6bd8f1d315
modules,T3,d_fcsa_I,ridge,15,12,0,-0.147959183673469,-1,NA,NA,NA,NA,d_fcsa_I,5e6bd8f1d315
modules,T3,d_fcsa_I,ridge,15,12,200,-0.147959183673469,-1,0.308457711442786,1,-0.269133293427019,1.12076517169627,d_fcsa_I,5e6bd8f1d315
modules,T3,d_fcsa_I,spls,15,12,0,-0.219509300887439,-0.0357142857142857,NA,NA,NA,NA,d_fcsa_I,5e6bd8f1d315
modules,T3,d_fcsa_I,spls,15,12,200,-0.219509300887439,-0.0357142857142857,0.228855721393035,0.323383084577114,-0.573156742858294,0.5521332629992,d_fcsa_I,5e6bd8f1d315
modules,T3,d_fcsa_I,svm,15,12,0,-0.151869895808038,-0.860714285714286,NA,NA,NA,NA,d_fcsa_I,5e6bd8f1d315
modules,T3,d_fcsa_I,svm,15,12,200,-0.151869895808038,-0.860714285714286,0.243781094527363,0.865671641791045,-0.161886554016405,0.0172737479867921,d_fcsa_I,5e6bd8f1d315
modules,T3,d_fcsa_II,enet,15,12,0,-0.147959183673469,-1,NA,NA,NA,NA,d_fcsa_II,5e6bd8f1d315
modules,T3,d_fcsa_II,enet,15,12,200,-0.147959183673469,-1,0.477611940298507,1,-0.808541284893766,3.84714441865136,d_fcsa_II,5e6bd8f1d315
modules,T3,d_fcsa_II,lasso,15,12,0,-0.161621117785329,-1,NA,NA,NA,NA,d_fcsa_II,5e6bd8f1d315
modules,T3,d_fcsa_II,lasso,15,12,200,-0.161621117785329,-1,0.601990049751244,1,-0.733846741453608,3.82383682589995,d_fcsa_II,5e6bd8f1d315
modules,T3,d_fcsa_II,plain,15,12,0,-51.8563226425536,-0.0857142857142857,NA,NA,NA,NA,d_fcsa_II,5e6bd8f1d315
modules,T3,d_fcsa_II,plain,15,12,200,-51.8563226425536,-0.0857142857142857,0.43283582089552203,0.606965174129353,-105.98184207175,112.744764776414,d_fcsa_II,5e6bd8f1d315
modules,T3,d_fcsa_II,rf,15,12,0,-0.379755874945984,-0.417857142857143,NA,NA,NA,NA,d_fcsa_II,5e6bd8f1d315
modules,T3,d_fcsa_II,rf,15,12,200,-0.379755874945984,-0.417857142857143,0.716417910447761,0.656716417910448,-0.275170647912727,0.213959386664012,d_fcsa_II,5e6bd8f1d315
modules,T3,d_fcsa_II,ridge,15,12,0,-0.147959183673469,-1,NA,NA,NA,NA,d_fcsa_II,5e6bd8f1d315
modules,T3,d_fcsa_II,ridge,15,12,200,-0.147959183673469,-1,0.6318407960199,1,-0.254826393129702,1.16010389887937,d_fcsa_II,5e6bd8f1d315
modules,T3,d_fcsa_II,spls,15,12,0,-0.379694644656505,-0.317857142857143,NA,NA,NA,NA,d_fcsa_II,5e6bd8f1d315
modules,T3,d_fcsa_II,spls,15,12,200,-0.379694644656505,-0.317857142857143,0.402985074626866,0.577114427860697,-0.547953251024103,0.512277313720029,d_fcsa_II,5e6bd8f1d315
modules,T3,d_fcsa_II,svm,15,12,0,-0.196268469473852,-0.789285714285714,NA,NA,NA,NA,d_fcsa_II,5e6bd8f1d315
modules,T3,d_fcsa_II,svm,15,12,200,-0.196268469473852,-0.789285714285714,0.26865671641791,0.437810945273632,-0.20774455115238,0.0227797530523482,d_fcsa_II,5e6bd8f1d315
modules,T3,d_mcsa,enet,15,12,0,-0.206741256539218,-0.675,NA,NA,NA,NA,d_mcsa,5e6bd8f1d315
modules,T3,d_mcsa,enet,15,12,200,-0.206741256539218,-0.675,0.567164179104478,0.159203980099502,-0.606068702343346,1.47216261576799,d_mcsa,5e6bd8f1d315
modules,T3,d_mcsa,lasso,15,12,0,-0.236447536327441,-0.792857142857143,NA,NA,NA,NA,d_mcsa,5e6bd8f1d315
modules,T3,d_mcsa,lasso,15,12,200,-0.236447536327441,-0.792857142857143,0.597014925373134,0.17910447761194,-0.576994298471018,1.30911172050486,d_mcsa,5e6bd8f1d315
modules,T3,d_mcsa,plain,15,12,0,0.140992211958394,0.910714285714286,NA,NA,NA,NA,d_mcsa,5e6bd8f1d315
modules,T3,d_mcsa,plain,15,12,200,0.140992211958394,0.910714285714286,0.0149253731343284,0.0099502487562189,-93.540728185107,104.537681598421,d_mcsa,5e6bd8f1d315
modules,T3,d_mcsa,rf,15,12,0,0.249482477508396,0.492857142857143,NA,NA,NA,NA,d_mcsa,5e6bd8f1d315
modules,T3,d_mcsa,rf,15,12,200,0.249482477508396,0.492857142857143,0.0298507462686567,0.0398009950248756,-0.258847803629092,0.238997286896587,d_mcsa,5e6bd8f1d315
modules,T3,d_mcsa,ridge,15,12,0,-0.14572901784034,-0.835714285714286,NA,NA,NA,NA,d_mcsa,5e6bd8f1d315
modules,T3,d_mcsa,ridge,15,12,200,-0.14572901784034,-0.835714285714286,0.0796019900497512,0.119402985074627,-0.210908525655561,0.273769694645999,d_mcsa,5e6bd8f1d315
modules,T3,d_mcsa,spls,15,12,0,-0.952226159895804,0.346428571428571,NA,NA,NA,NA,d_mcsa,5e6bd8f1d315
modules,T3,d_mcsa,spls,15,12,200,-0.952226159895804,0.346428571428571,0.850746268656716,0.0646766169154229,-0.505192619880319,0.476575989192208,d_mcsa,5e6bd8f1d315
modules,T3,d_mcsa,svm,15,12,0,-1.06537112528264,0.539285714285714,NA,NA,NA,NA,d_mcsa,5e6bd8f1d315
modules,T3,d_mcsa,svm,15,12,200,-1.06537112528264,0.539285714285714,0.338308457711443,0.0696517412935323,-2.34843399183749,2.45078540201823,d_mcsa,5e6bd8f1d315
modules,total,comp_hypertrophy,enet,14,12,0,-0.628387767571377,-0.907692307692308,NA,NA,NA,NA,comp_hypertrophy,5e6bd8f1d315
modules,total,comp_hypertrophy,enet,14,12,200,-0.628387767571377,-0.907692307692308,0.701492537313433,0.43283582089552203,-0.508250612181132,0.543442823921418,comp_hypertrophy,5e6bd8f1d315
modules,total,comp_hypertrophy,lasso,14,12,0,-0.619895356515981,-0.907692307692308,NA,NA,NA,NA,comp_hypertrophy,5e6bd8f1d315
modules,total,comp_hypertrophy,lasso,14,12,200,-0.619895356515981,-0.907692307692308,0.706467661691542,0.422885572139304,-0.510059507024498,0.557317137342508,comp_hypertrophy,5e6bd8f1d315
modules,total,comp_hypertrophy,plain,14,12,0,-154.815891383555,0.314285714285714,NA,NA,NA,NA,comp_hypertrophy,5e6bd8f1d315
modules,total,comp_hypertrophy,plain,14,12,200,-154.815891383555,0.314285714285714,0.860696517412935,0.303482587064677,-71.1236636077782,98.8756725395849,comp_hypertrophy,5e6bd8f1d315
modules,total,comp_hypertrophy,rf,14,12,0,-0.284615864545764,-0.120879120879121,NA,NA,NA,NA,comp_hypertrophy,5e6bd8f1d315
modules,total,comp_hypertrophy,rf,14,12,200,-0.284615864545764,-0.120879120879121,0.442786069651741,0.358208955223881,-0.305479831511277,0.243894910728289,comp_hypertrophy,5e6bd8f1d315
modules,total,comp_hypertrophy,ridge,14,12,0,-0.229637796700094,-0.973626373626374,NA,NA,NA,NA,comp_hypertrophy,5e6bd8f1d315
modules,total,comp_hypertrophy,ridge,14,12,200,-0.229637796700094,-0.973626373626374,0.72636815920398,0.328358208955224,-0.206115366338024,0.14885475987958,comp_hypertrophy,5e6bd8f1d315
modules,total,comp_hypertrophy,spls,14,12,0,-0.803951553573311,-0.292307692307692,NA,NA,NA,NA,comp_hypertrophy,5e6bd8f1d315
modules,total,comp_hypertrophy,spls,14,12,200,-0.803951553573311,-0.292307692307692,0.6318407960199,0.587064676616915,-0.664743639237239,0.489905892292073,comp_hypertrophy,5e6bd8f1d315
modules,total,comp_hypertrophy,svm,14,12,0,-1.4642551506594,-0.41098901098901103,NA,NA,NA,NA,comp_hypertrophy,5e6bd8f1d315
modules,total,comp_hypertrophy,svm,14,12,200,-1.4642551506594,-0.41098901098901103,0.810945273631841,0.681592039800995,-0.861904773373503,0.74005133374186,comp_hypertrophy,5e6bd8f1d315
modules,total,d_1rm_ext,enet,13,12,0,-0.499938604917101,-0.703448945017151,NA,NA,NA,NA,d_1rm_ext,5e6bd8f1d315
modules,total,d_1rm_ext,enet,13,12,200,-0.499938604917101,-0.703448945017151,0.830845771144279,0.199004975124378,-0.295466687452628,0.285136412685712,d_1rm_ext,5e6bd8f1d315
modules,total,d_1rm_ext,lasso,13,12,0,-0.289407316923992,-0.961325966850829,NA,NA,NA,NA,d_1rm_ext,5e6bd8f1d315
modules,total,d_1rm_ext,lasso,13,12,200,-0.289407316923992,-0.961325966850829,0.601990049751244,0.427860696517413,-0.330818236570549,0.365579294900098,d_1rm_ext,5e6bd8f1d315
modules,total,d_1rm_ext,plain,13,12,0,-571.410426724824,0.280992801771793,NA,NA,NA,NA,d_1rm_ext,5e6bd8f1d315
modules,total,d_1rm_ext,plain,13,12,200,-571.410426724824,0.280992801771793,0.601990049751244,0.263681592039801,-707.979621371399,832.10548103572,d_1rm_ext,5e6bd8f1d315
modules,total,d_1rm_ext,rf,13,12,0,-0.101859590629829,-0.00275483138991954,NA,NA,NA,NA,d_1rm_ext,5e6bd8f1d315
modules,total,d_1rm_ext,rf,13,12,200,-0.101859590629829,-0.00275483138991954,0.243781094527363,0.303482587064677,-0.276978635512823,0.251460005831219,d_1rm_ext,5e6bd8f1d315
modules,total,d_1rm_ext,ridge,13,12,0,-0.173611111111111,-1,NA,NA,NA,NA,d_1rm_ext,5e6bd8f1d315
modules,total,d_1rm_ext,ridge,13,12,200,-0.173611111111111,-1,0.383084577114428,1,-0.173519147242784,0.0064396103388081,d_1rm_ext,5e6bd8f1d315
modules,total,d_1rm_ext,spls,13,12,0,-0.523807781021678,-0.267218644822196,NA,NA,NA,NA,d_1rm_ext,5e6bd8f1d315
modules,total,d_1rm_ext,spls,13,12,200,-0.523807781021678,-0.267218644822196,0.462686567164179,0.597014925373134,-0.673873697409215,0.59699390113565,d_1rm_ext,5e6bd8f1d315
modules,total,d_1rm_ext,svm,13,12,0,-0.420688489467176,0.322315272620587,NA,NA,NA,NA,d_1rm_ext,5e6bd8f1d315
modules,total,d_1rm_ext,svm,13,12,200,-0.420688489467176,0.322315272620587,0.333333333333333,0.17910447761194,-0.977169586060269,0.864572100056245,d_1rm_ext,5e6bd8f1d315
modules,total,d_1rm_legpress,enet,14,12,0,-0.814709110609233,-0.827822637668638,NA,NA,NA,NA,d_1rm_legpress,5e6bd8f1d315
modules,total,d_1rm_legpress,enet,14,12,200,-0.814709110609233,-0.827822637668638,0.825870646766169,0.328358208955224,-0.475868363955539,0.573638134453039,d_1rm_legpress,5e6bd8f1d315
modules,total,d_1rm_legpress,lasso,14,12,0,-0.956772690224538,-0.827822637668638,NA,NA,NA,NA,d_1rm_legpress,5e6bd8f1d315
modules,total,d_1rm_legpress,lasso,14,12,200,-0.956772690224538,-0.827822637668638,0.860696517412935,0.338308457711443,-0.469502601207189,0.557740381464076,d_1rm_legpress,5e6bd8f1d315
modules,total,d_1rm_legpress,plain,14,12,0,-83.0234869945571,-0.44371293379039,NA,NA,NA,NA,d_1rm_legpress,5e6bd8f1d315
modules,total,d_1rm_legpress,plain,14,12,200,-83.0234869945571,-0.44371293379039,0.71144278606965194,0.960199004975124,-71.0177442556247,88.4440446170361,d_1rm_legpress,5e6bd8f1d315
modules,total,d_1rm_legpress,rf,14,12,0,-0.415638775479791,-0.479033366330918,NA,NA,NA,NA,d_1rm_legpress,5e6bd8f1d315
modules,total,d_1rm_legpress,rf,14,12,200,-0.415638775479791,-0.479033366330918,0.72636815920398,0.791044776119403,-0.251614858310874,0.263623946880813,d_1rm_legpress,5e6bd8f1d315
modules,total,d_1rm_legpress,ridge,14,12,0,-0.159763313609468,-0.996690559042565,NA,NA,NA,NA,d_1rm_legpress,5e6bd8f1d315
modules,total,d_1rm_legpress,ridge,14,12,200,-0.159763313609468,-0.996690559042565,0.527363184079602,0.736318407960199,-0.210598759855741,0.167569968730723,d_1rm_legpress,5e6bd8f1d315
modules,total,d_1rm_legpress,spls,14,12,0,-1.67935387046031,-0.523183907006579,NA,NA,NA,NA,d_1rm_legpress,5e6bd8f1d315
modules,total,d_1rm_legpress,spls,14,12,200,-1.67935387046031,-0.523183907006579,0.950248756218905,0.800995024875622,-0.596183201626452,0.585811819304895,d_1rm_legpress,5e6bd8f1d315
modules,total,d_1rm_legpress,svm,14,12,0,-0.805831821527477,-0.483448420398485,NA,NA,NA,NA,d_1rm_legpress,5e6bd8f1d315
modules,total,d_1rm_legpress,svm,14,12,200,-0.805831821527477,-0.483448420398485,0.706467661691542,0.641791044776119,-0.527760731112918,0.522462806826344,d_1rm_legpress,5e6bd8f1d315
modules,total,d_fcsa_I,enet,14,12,0,-1.46300213609774,-0.846153846153846,NA,NA,NA,NA,d_fcsa_I,5e6bd8f1d315
modules,total,d_fcsa_I,enet,14,12,200,-1.46300213609774,-0.846153846153846,0.960199004975124,0.293532338308458,-0.475331002129399,0.457774258346905,d_fcsa_I,5e6bd8f1d315
modules,total,d_fcsa_I,lasso,14,12,0,-1.51894150959582,-0.846153846153846,NA,NA,NA,NA,d_fcsa_I,5e6bd8f1d315
modules,total,d_fcsa_I,lasso,14,12,200,-1.51894150959582,-0.846153846153846,0.960199004975124,0.27363184079602,-0.472763276966983,0.463697956348783,d_fcsa_I,5e6bd8f1d315
modules,total,d_fcsa_I,plain,14,12,0,-52.638310254436,0.512087912087912,NA,NA,NA,NA,d_fcsa_I,5e6bd8f1d315
modules,total,d_fcsa_I,plain,14,12,200,-52.638310254436,0.512087912087912,0.567164179104478,0.174129353233831,-76.621443049626,95.6096105343776,d_fcsa_I,5e6bd8f1d315
modules,total,d_fcsa_I,rf,14,12,0,-0.658142014101195,-0.837362637362637,NA,NA,NA,NA,d_fcsa_I,5e6bd8f1d315
modules,total,d_fcsa_I,rf,14,12,200,-0.658142014101195,-0.837362637362637,0.940298507462687,0.980099502487562,-0.280228050776129,0.244633711942247,d_fcsa_I,5e6bd8f1d315
modules,total,d_fcsa_I,ridge,14,12,0,-0.159763313609468,-1,NA,NA,NA,NA,d_fcsa_I,5e6bd8f1d315
modules,total,d_fcsa_I,ridge,14,12,200,-0.159763313609468,-1,0.572139303482587,1,-0.215918677833635,0.157976055121809,d_fcsa_I,5e6bd8f1d315
modules,total,d_fcsa_I,spls,14,12,0,-1.40914510626199,-0.802197802197802,NA,NA,NA,NA,d_fcsa_I,5e6bd8f1d315
modules,total,d_fcsa_I,spls,14,12,200,-1.40914510626199,-0.802197802197802,0.920398009950249,0.985074626865672,-0.633418661738764,0.496423807098846,d_fcsa_I,5e6bd8f1d315
modules,total,d_fcsa_I,svm,14,12,0,-0.17012827312398,-0.705494505494506,NA,NA,NA,NA,d_fcsa_I,5e6bd8f1d315
modules,total,d_fcsa_I,svm,14,12,200,-0.17012827312398,-0.705494505494506,0.885572139303483,0.323383084577114,-0.149915726700227,0.0186893467422388,d_fcsa_I,5e6bd8f1d315
modules,total,d_fcsa_II,enet,14,12,0,-0.913789958570808,-0.951648351648352,NA,NA,NA,NA,d_fcsa_II,5e6bd8f1d315
modules,total,d_fcsa_II,enet,14,12,200,-0.913789958570808,-0.951648351648352,0.81592039800995,0.467661691542289,-0.550397945724117,0.579075687234556,d_fcsa_II,5e6bd8f1d315
modules,total,d_fcsa_II,lasso,14,12,0,-0.4969799477787,-0.942857142857143,NA,NA,NA,NA,d_fcsa_II,5e6bd8f1d315
modules,total,d_fcsa_II,lasso,14,12,200,-0.4969799477787,-0.942857142857143,0.606965174129353,0.45771144278607,-0.524926788306127,0.551319299675656,d_fcsa_II,5e6bd8f1d315
modules,total,d_fcsa_II,plain,14,12,0,-35.7449333422287,0.494505494505494,NA,NA,NA,NA,d_fcsa_II,5e6bd8f1d315
modules,total,d_fcsa_II,plain,14,12,200,-35.7449333422287,0.494505494505494,0.462686567164179,0.17910447761194,-77.8298522346934,93.9513338660433,d_fcsa_II,5e6bd8f1d315
modules,total,d_fcsa_II,rf,14,12,0,-0.584970266949669,-0.806593406593407,NA,NA,NA,NA,d_fcsa_II,5e6bd8f1d315
modules,total,d_fcsa_II,rf,14,12,200,-0.584970266949669,-0.806593406593407,0.875621890547264,0.950248756218905,-0.298042018618365,0.233809525973807,d_fcsa_II,5e6bd8f1d315
modules,total,d_fcsa_II,ridge,14,12,0,-0.159763313609467,-1,NA,NA,NA,NA,d_fcsa_II,5e6bd8f1d315
modules,total,d_fcsa_II,ridge,14,12,200,-0.159763313609467,-1,0.338308457711443,1,-0.227161036338656,0.152214654485947,d_fcsa_II,5e6bd8f1d315
modules,total,d_fcsa_II,spls,14,12,0,-0.968944477865814,-0.534065934065934,NA,NA,NA,NA,d_fcsa_II,5e6bd8f1d315
modules,total,d_fcsa_II,spls,14,12,200,-0.968944477865814,-0.534065934065934,0.771144278606965,0.82089552238806,-0.640311640095778,0.481079798266814,d_fcsa_II,5e6bd8f1d315
modules,total,d_fcsa_II,svm,14,12,0,-0.470683252466827,-0.789010989010989,NA,NA,NA,NA,d_fcsa_II,5e6bd8f1d315
modules,total,d_fcsa_II,svm,14,12,200,-0.470683252466827,-0.789010989010989,0.870646766169154,0.646766169154229,-0.445189029954456,0.0234378300385623,d_fcsa_II,5e6bd8f1d315
modules,total,d_mcsa,enet,14,12,0,-0.041307364346822,0.226373626373626,NA,NA,NA,NA,d_mcsa,5e6bd8f1d315
modules,total,d_mcsa,enet,14,12,200,-0.041307364346822,0.226373626373626,0.0646766169154229,0.0746268656716418,-0.485289415237506,0.514554229817977,d_mcsa,5e6bd8f1d315
modules,total,d_mcsa,lasso,14,12,0,-0.0518935617119303,0.173626373626374,NA,NA,NA,NA,d_mcsa,5e6bd8f1d315
modules,total,d_mcsa,lasso,14,12,200,-0.0518935617119303,0.173626373626374,0.054726368159204,0.0746268656716418,-0.47384171788165,0.526608186908136,d_mcsa,5e6bd8f1d315
modules,total,d_mcsa,plain,14,12,0,-76.9287850966933,0.0021978021978022,NA,NA,NA,NA,d_mcsa,5e6bd8f1d315
modules,total,d_mcsa,plain,14,12,200,-76.9287850966933,0.0021978021978022,0.71144278606965194,0.63681592039801,-68.2444342741912,86.5156339513016,d_mcsa,5e6bd8f1d315
modules,total,d_mcsa,rf,14,12,0,0.0780072016806624,0.331868131868132,NA,NA,NA,NA,d_mcsa,5e6bd8f1d315
modules,total,d_mcsa,rf,14,12,200,0.0780072016806624,0.331868131868132,0.0746268656716418,0.0746268656716418,-0.285562903187962,0.233712891989356,d_mcsa,5e6bd8f1d315
modules,total,d_mcsa,ridge,14,12,0,-0.063750956850239,-0.0989010989010989,NA,NA,NA,NA,d_mcsa,5e6bd8f1d315
modules,total,d_mcsa,ridge,14,12,200,-0.063750956850239,-0.0989010989010989,0.0398009950248756,0.054726368159204,-0.211894008545514,0.149876389952071,d_mcsa,5e6bd8f1d315
modules,total,d_mcsa,spls,14,12,0,0.121794973925535,0.428571428571429,NA,NA,NA,NA,d_mcsa,5e6bd8f1d315
modules,total,d_mcsa,spls,14,12,200,0.121794973925535,0.428571428571429,0.054726368159204,0.0845771144278607,-0.619238900517018,0.489996248588704,d_mcsa,5e6bd8f1d315
modules,total,d_mcsa,svm,14,12,0,0.392983399454889,0.56043956043956,NA,NA,NA,NA,d_mcsa,5e6bd8f1d315
modules,total,d_mcsa,svm,14,12,200,0.392983399454889,0.56043956043956,0.0248756218905473,0.054726368159204,-1.07563199840268,0.875160051717567,d_mcsa,5e6bd8f1d315
modules,training,comp_hypertrophy,enet,14,12,0,-0.159763313609467,-1,NA,NA,NA,NA,comp_hypertrophy,5e6bd8f1d315
modules,training,comp_hypertrophy,enet,14,12,200,-0.159763313609467,-1,0.258706467661692,1,-0.403014470678746,0.578251748963146,comp_hypertrophy,5e6bd8f1d315
modules,training,comp_hypertrophy,lasso,14,12,0,-0.159763313609467,-1,NA,NA,NA,NA,comp_hypertrophy,5e6bd8f1d315
modules,training,comp_hypertrophy,lasso,14,12,200,-0.159763313609467,-1,0.203980099502488,1,-0.447881770298913,0.720024553150372,comp_hypertrophy,5e6bd8f1d315
modules,training,comp_hypertrophy,plain,14,12,0,-19.2855094683721,0.674725274725275,NA,NA,NA,NA,comp_hypertrophy,5e6bd8f1d315
modules,training,comp_hypertrophy,plain,14,12,200,-19.2855094683721,0.674725274725275,0.0995024875621891,0.0845771144278607,-1319.39515252005,1555.653298688,comp_hypertrophy,5e6bd8f1d315
modules,training,comp_hypertrophy,rf,14,12,0,-0.636164402997359,-0.648351648351648,NA,NA,NA,NA,comp_hypertrophy,5e6bd8f1d315
modules,training,comp_hypertrophy,rf,14,12,200,-0.636164402997359,-0.648351648351648,0.960199004975124,0.895522388059702,-0.237174743424493,0.231392619049629,comp_hypertrophy,5e6bd8f1d315
modules,training,comp_hypertrophy,ridge,14,12,0,-0.159763313609467,-1,NA,NA,NA,NA,comp_hypertrophy,5e6bd8f1d315
modules,training,comp_hypertrophy,ridge,14,12,200,-0.159763313609467,-1,0.218905472636816,1,-0.186274817242317,0.144474317173299,comp_hypertrophy,5e6bd8f1d315
modules,training,comp_hypertrophy,spls,14,12,0,-0.866719332817581,-0.758241758241758,NA,NA,NA,NA,comp_hypertrophy,5e6bd8f1d315
modules,training,comp_hypertrophy,spls,14,12,200,-0.866719332817581,-0.758241758241758,0.721393034825871,0.965174129353234,-0.614643783952589,0.601300084205331,comp_hypertrophy,5e6bd8f1d315
modules,training,comp_hypertrophy,svm,14,12,0,-0.283542464035274,-0.107692307692308,NA,NA,NA,NA,comp_hypertrophy,5e6bd8f1d315
modules,training,comp_hypertrophy,svm,14,12,200,-0.283542464035274,-0.107692307692308,0.238805970149254,0.477611940298507,-0.980672392438442,0.969997080632961,comp_hypertrophy,5e6bd8f1d315
modules,training,d_1rm_ext,enet,13,12,0,-0.168960034401917,-0.997248963150875,NA,NA,NA,NA,d_1rm_ext,5e6bd8f1d315
modules,training,d_1rm_ext,enet,13,12,200,-0.168960034401917,-0.997248963150875,0.0895522388059701,0.587064676616915,-0.388849038295326,0.488608097054334,d_1rm_ext,5e6bd8f1d315
modules,training,d_1rm_ext,lasso,13,12,0,-0.165757339663435,-0.997248963150875,NA,NA,NA,NA,d_1rm_ext,5e6bd8f1d315
modules,training,d_1rm_ext,lasso,13,12,200,-0.165757339663435,-0.997248963150875,0.0796019900497512,0.567164179104478,-0.411554021582039,0.547667783451129,d_1rm_ext,5e6bd8f1d315
modules,training,d_1rm_ext,plain,13,12,0,-139.194435828863,0.0991739300371035,NA,NA,NA,NA,d_1rm_ext,5e6bd8f1d315
modules,training,d_1rm_ext,plain,13,12,200,-139.194435828863,0.0991739300371035,0.522388059701492,0.462686567164179,-201.348884395875,251.120535696163,d_1rm_ext,5e6bd8f1d315
modules,training,d_1rm_ext,rf,13,12,0,-0.162326740224625,0.0743804475278277,NA,NA,NA,NA,d_1rm_ext,5e6bd8f1d315
modules,training,d_1rm_ext,rf,13,12,200,-0.162326740224625,0.0743804475278277,0.338308457711443,0.199004975124378,-0.263847353987788,0.256995996187051,d_1rm_ext,5e6bd8f1d315
modules,training,d_1rm_ext,ridge,13,12,0,-0.173611111111111,-1,NA,NA,NA,NA,d_1rm_ext,5e6bd8f1d315
modules,training,d_1rm_ext,ridge,13,12,200,-0.173611111111111,-1,0.388059701492537,1,-0.173388309610366,0.00897578112943864,d_1rm_ext,5e6bd8f1d315
modules,training,d_1rm_ext,spls,13,12,0,-0.415107609013287,0.0220386511193563,NA,NA,NA,NA,d_1rm_ext,5e6bd8f1d315
modules,training,d_1rm_ext,spls,13,12,200,-0.415107609013287,0.0220386511193563,0.36318407960199,0.323383084577114,-0.735929788461744,0.656977018628602,d_1rm_ext,5e6bd8f1d315
modules,training,d_1rm_ext,svm,13,12,0,0.125807868103884,0.509643807135115,NA,NA,NA,NA,d_1rm_ext,5e6bd8f1d315
modules,training,d_1rm_ext,svm,13,12,200,0.125807868103884,0.509643807135115,0.0845771144278607,0.0746268656716418,-1.18054574340418,0.977334565958404,d_1rm_ext,5e6bd8f1d315
modules,training,d_1rm_legpress,enet,14,12,0,-1.13614234842609,-0.977934475965884,NA,NA,NA,NA,d_1rm_legpress,5e6bd8f1d315
modules,training,d_1rm_legpress,enet,14,12,200,-1.13614234842609,-0.977934475965884,0.890547263681592,0.522388059701492,-0.524912021939556,0.77930772655376,d_1rm_legpress,5e6bd8f1d315
modules,training,d_1rm_legpress,lasso,14,12,0,-1.17137345425266,-0.977934475965884,NA,NA,NA,NA,d_1rm_legpress,5e6bd8f1d315
modules,training,d_1rm_legpress,lasso,14,12,200,-1.17137345425266,-0.977934475965884,0.920398009950249,0.517412935323383,-0.493829450307852,0.828859967879185,d_1rm_legpress,5e6bd8f1d315
modules,training,d_1rm_legpress,plain,14,12,0,-2329.66408057184,0.0728483921148401,NA,NA,NA,NA,d_1rm_legpress,5e6bd8f1d315
modules,training,d_1rm_legpress,plain,14,12,200,-2329.66408057184,0.0728483921148401,0.850746268656716,0.45771144278607,-1199.05029183961,1388.13744705419,d_1rm_legpress,5e6bd8f1d315
modules,training,d_1rm_legpress,rf,14,12,0,-0.409494785734538,-0.492278528533617,NA,NA,NA,NA,d_1rm_legpress,5e6bd8f1d315
modules,training,d_1rm_legpress,rf,14,12,200,-0.409494785734538,-0.492278528533617,0.781094527363184,0.771144278606965,-0.242804175610137,0.225321096578593,d_1rm_legpress,5e6bd8f1d315
modules,training,d_1rm_legpress,ridge,14,12,0,-0.719133486182321,-0.987850731467909,NA,NA,NA,NA,d_1rm_legpress,5e6bd8f1d315
modules,training,d_1rm_legpress,ridge,14,12,200,-0.719133486182321,-0.987850731467909,0.970149253731343,0.417910447761194,-0.221737384058647,0.254298166010683,d_1rm_legpress,5e6bd8f1d315
modules,training,d_1rm_legpress,spls,14,12,0,-0.792041083804683,-0.262695717020181,NA,NA,NA,NA,d_1rm_legpress,5e6bd8f1d315
modules,training,d_1rm_legpress,spls,14,12,200,-0.792041083804683,-0.262695717020181,0.676616915422886,0.587064676616915,-0.639035544251595,0.58898031135015,d_1rm_legpress,5e6bd8f1d315
modules,training,d_1rm_legpress,svm,14,12,0,-0.60375063294285,-0.505523690736315,NA,NA,NA,NA,d_1rm_legpress,5e6bd8f1d315
modules,training,d_1rm_legpress,svm,14,12,200,-0.60375063294285,-0.505523690736315,0.601990049751244,0.706467661691542,-0.49489704779421,0.457139076228031,d_1rm_legpress,5e6bd8f1d315
modules,training,d_fcsa_I,enet,14,12,0,-0.159763313609468,-1,NA,NA,NA,NA,d_fcsa_I,5e6bd8f1d315
modules,training,d_fcsa_I,enet,14,12,200,-0.159763313609468,-1,0.333333333333333,1,-0.436731700546264,0.568827457828014,d_fcsa_I,5e6bd8f1d315
modules,training,d_fcsa_I,lasso,14,12,0,-0.159763313609468,-1,NA,NA,NA,NA,d_fcsa_I,5e6bd8f1d315
modules,training,d_fcsa_I,lasso,14,12,200,-0.159763313609468,-1,0.358208955223881,1,-0.408816356841314,0.437800555932717,d_fcsa_I,5e6bd8f1d315
modules,training,d_fcsa_I,plain,14,12,0,-408.140118434371,-0.252747252747253,NA,NA,NA,NA,d_fcsa_I,5e6bd8f1d315
modules,training,d_fcsa_I,plain,14,12,200,-408.140118434371,-0.252747252747253,0.373134328358209,0.845771144278607,-1390.53760493636,1689.26690952356,d_fcsa_I,5e6bd8f1d315
modules,training,d_fcsa_I,rf,14,12,0,-0.53418585518535,-0.692307692307692,NA,NA,NA,NA,d_fcsa_I,5e6bd8f1d315
modules,training,d_fcsa_I,rf,14,12,200,-0.53418585518535,-0.692307692307692,0.90547263681592,0.940298507462687,-0.236487242137775,0.217828803510727,d_fcsa_I,5e6bd8f1d315
modules,training,d_fcsa_I,ridge,14,12,0,-0.159763313609468,-1,NA,NA,NA,NA,d_fcsa_I,5e6bd8f1d315
modules,training,d_fcsa_I,ridge,14,12,200,-0.159763313609468,-1,0.587064676616915,1,-0.226833981840498,0.168589509672941,d_fcsa_I,5e6bd8f1d315
modules,training,d_fcsa_I,spls,14,12,0,-0.230753377070951,-0.261538461538461,NA,NA,NA,NA,d_fcsa_I,5e6bd8f1d315
modules,training,d_fcsa_I,spls,14,12,200,-0.230753377070951,-0.261538461538461,0.283582089552239,0.621890547263682,-0.64060499145514,0.611996068989368,d_fcsa_I,5e6bd8f1d315
modules,training,d_fcsa_I,svm,14,12,0,-0.158437230459533,-0.837362637362637,NA,NA,NA,NA,d_fcsa_I,5e6bd8f1d315
modules,training,d_fcsa_I,svm,14,12,200,-0.158437230459533,-0.837362637362637,0.656716417910448,0.90547263681592,-0.15009876953621001,0.0176641181694365,d_fcsa_I,5e6bd8f1d315
modules,training,d_fcsa_II,enet,14,12,0,-0.405262517472356,-0.986813186813187,NA,NA,NA,NA,d_fcsa_II,5e6bd8f1d315
modules,training,d_fcsa_II,enet,14,12,200,-0.405262517472356,-0.986813186813187,0.63681592039801,0.502487562189055,-0.435204977893256,0.476854841585745,d_fcsa_II,5e6bd8f1d315
modules,training,d_fcsa_II,lasso,14,12,0,-0.159763313609467,-1,NA,NA,NA,NA,d_fcsa_II,5e6bd8f1d315
modules,training,d_fcsa_II,lasso,14,12,200,-0.159763313609467,-1,0.223880597014925,1,-0.456648092121875,0.508343518391921,d_fcsa_II,5e6bd8f1d315
modules,training,d_fcsa_II,plain,14,12,0,-320.230985495894,-0.305494505494505,NA,NA,NA,NA,d_fcsa_II,5e6bd8f1d315
modules,training,d_fcsa_II,plain,14,12,200,-320.230985495894,-0.305494505494505,0.308457711442786,0.870646766169154,-1376.60363330896,1638.99767178955,d_fcsa_II,5e6bd8f1d315
modules,training,d_fcsa_II,rf,14,12,0,-0.504642981513585,-0.534065934065934,NA,NA,NA,NA,d_fcsa_II,5e6bd8f1d315
modules,training,d_fcsa_II,rf,14,12,200,-0.504642981513585,-0.534065934065934,0.895522388059702,0.805970149253731,-0.254232349347652,0.212245049730382,d_fcsa_II,5e6bd8f1d315
modules,training,d_fcsa_II,ridge,14,12,0,-0.35294311873058,-0.986813186813187,NA,NA,NA,NA,d_fcsa_II,5e6bd8f1d315
modules,training,d_fcsa_II,ridge,14,12,200,-0.35294311873058,-0.986813186813187,0.90547263681592,0.313432835820896,-0.20851437889602,0.168520057355902,d_fcsa_II,5e6bd8f1d315
modules,training,d_fcsa_II,spls,14,12,0,-0.0868325557699121,-0.0725274725274725,NA,NA,NA,NA,d_fcsa_II,5e6bd8f1d315
modules,training,d_fcsa_II,spls,14,12,200,-0.0868325557699121,-0.0725274725274725,0.159203980099502,0.402985074626866,-0.668666546471241,0.586956229929712,d_fcsa_II,5e6bd8f1d315
modules,training,d_fcsa_II,svm,14,12,0,-0.45727209604235,-0.81978021978022,NA,NA,NA,NA,d_fcsa_II,5e6bd8f1d315
modules,training,d_fcsa_II,svm,14,12,200,-0.45727209604235,-0.81978021978022,0.681592039800995,0.825870646766169,-0.445140403097215,0.0238205328243431,d_fcsa_II,5e6bd8f1d315
modules,training,d_mcsa,enet,14,12,0,-0.159763313609467,-1,NA,NA,NA,NA,d_mcsa,5e6bd8f1d315
modules,training,d_mcsa,enet,14,12,200,-0.159763313609467,-1,0.333333333333333,1,-0.382979588105642,0.485241143422112,d_mcsa,5e6bd8f1d315
modules,training,d_mcsa,lasso,14,12,0,-0.159763313609467,-1,NA,NA,NA,NA,d_mcsa,5e6bd8f1d315
modules,training,d_mcsa,lasso,14,12,200,-0.159763313609467,-1,0.323383084577114,1,-0.349254444522052,0.412148242650072,d_mcsa,5e6bd8f1d315
modules,training,d_mcsa,plain,14,12,0,-1429.72972573462,0.0417582417582418,NA,NA,NA,NA,d_mcsa,5e6bd8f1d315
modules,training,d_mcsa,plain,14,12,200,-1429.72972573462,0.0417582417582418,0.661691542288557,0.54228855721393,-1367.51673200205,1747.54714216371,d_mcsa,5e6bd8f1d315
modules,training,d_mcsa,rf,14,12,0,-0.471724730514668,-0.38021978021978,NA,NA,NA,NA,d_mcsa,5e6bd8f1d315
modules,training,d_mcsa,rf,14,12,200,-0.471724730514668,-0.38021978021978,0.855721393034826,0.661691542288557,-0.267832301096455,0.205730249275574,d_mcsa,5e6bd8f1d315
modules,training,d_mcsa,ridge,14,12,0,-0.159763313609467,-1,NA,NA,NA,NA,d_mcsa,5e6bd8f1d315
modules,training,d_mcsa,ridge,14,12,200,-0.159763313609467,-1,0.472636815920398,1,-0.215954771657509,0.225060057662681,d_mcsa,5e6bd8f1d315
modules,training,d_mcsa,spls,14,12,0,-0.255376635969623,0.0241758241758242,NA,NA,NA,NA,d_mcsa,5e6bd8f1d315
modules,training,d_mcsa,spls,14,12,200,-0.255376635969623,0.0241758241758242,0.228855721393035,0.313432835820896,-0.692496595407642,0.663230432028532,d_mcsa,5e6bd8f1d315
modules,training,d_mcsa,svm,14,12,0,-0.541933687087974,0.0197802197802198,NA,NA,NA,NA,d_mcsa,5e6bd8f1d315
modules,training,d_mcsa,svm,14,12,200,-0.541933687087974,0.0197802197802198,0.238805970149254,0.353233830845771,-1.61474166187995,1.39295365435533,d_mcsa,5e6bd8f1d315
modules,trajectory,comp_hypertrophy,enet,14,36,0,-0.561132408829641,-0.854945054945055,NA,NA,NA,NA,comp_hypertrophy,5e6bd8f1d315
modules,trajectory,comp_hypertrophy,enet,14,36,200,-0.561132408829641,-0.854945054945055,0.875621890547264,0.358208955223881,-0.320778213042347,0.526353531580957,comp_hypertrophy,5e6bd8f1d315
modules,trajectory,comp_hypertrophy,lasso,14,36,0,-0.641342107033958,-0.854945054945055,NA,NA,NA,NA,comp_hypertrophy,5e6bd8f1d315
modules,trajectory,comp_hypertrophy,lasso,14,36,200,-0.641342107033958,-0.854945054945055,0.895522388059702,0.348258706467662,-0.336257034797947,0.591155523663692,comp_hypertrophy,5e6bd8f1d315
modules,trajectory,comp_hypertrophy,rf,14,36,0,-0.341960643282333,-0.525274725274725,NA,NA,NA,NA,comp_hypertrophy,5e6bd8f1d315
modules,trajectory,comp_hypertrophy,rf,14,36,200,-0.341960643282333,-0.525274725274725,0.701492537313433,0.756218905472637,-0.209267546529551,0.194192358891813,comp_hypertrophy,5e6bd8f1d315
modules,trajectory,comp_hypertrophy,ridge,14,36,0,-0.159763313609467,-1,NA,NA,NA,NA,comp_hypertrophy,5e6bd8f1d315
modules,trajectory,comp_hypertrophy,ridge,14,36,200,-0.159763313609467,-1,0.213930348258706,1,-0.159452591742284,0.0185365290444034,comp_hypertrophy,5e6bd8f1d315
modules,trajectory,comp_hypertrophy,spls,14,36,0,0.0211204296516295,0.265934065934066,NA,NA,NA,NA,comp_hypertrophy,5e6bd8f1d315
modules,trajectory,comp_hypertrophy,spls,14,36,200,0.0211204296516295,0.265934065934066,0.159203980099502,0.208955223880597,-0.62490553292146,0.644347382740236,comp_hypertrophy,5e6bd8f1d315
modules,trajectory,comp_hypertrophy,svm,14,36,0,-2.2835909514761,-0.0857142857142857,NA,NA,NA,NA,comp_hypertrophy,5e6bd8f1d315
modules,trajectory,comp_hypertrophy,svm,14,36,200,-2.2835909514761,-0.0857142857142857,0.71144278606965194,0.527363184079602,-1.69392030533923,1.70587601286828,comp_hypertrophy,5e6bd8f1d315
modules,trajectory,d_1rm_ext,enet,13,36,0,-0.208506319456583,-0.983425414364641,NA,NA,NA,NA,d_1rm_ext,5e6bd8f1d315
modules,trajectory,d_1rm_ext,enet,13,36,200,-0.208506319456583,-0.983425414364641,0.402985074626866,0.592039800995025,-0.338610572726855,0.276315761784574,d_1rm_ext,5e6bd8f1d315
modules,trajectory,d_1rm_ext,lasso,13,36,0,-0.214089214506521,-0.983425414364641,NA,NA,NA,NA,d_1rm_ext,5e6bd8f1d315
modules,trajectory,d_1rm_ext,lasso,13,36,200,-0.214089214506521,-0.983425414364641,0.393034825870647,0.557213930348259,-0.354217403279414,0.27488671693405903,d_1rm_ext,5e6bd8f1d315
modules,trajectory,d_1rm_ext,rf,13,36,0,-0.315184035031031,-0.393940888758495,NA,NA,NA,NA,d_1rm_ext,5e6bd8f1d315
modules,trajectory,d_1rm_ext,rf,13,36,200,-0.315184035031031,-0.393940888758495,0.681592039800995,0.6318407960199,-0.213495609933044,0.214195458038836,d_1rm_ext,5e6bd8f1d315
modules,trajectory,d_1rm_ext,ridge,13,36,0,-0.173611111111111,-1,NA,NA,NA,NA,d_1rm_ext,5e6bd8f1d315
modules,trajectory,d_1rm_ext,ridge,13,36,200,-0.173611111111111,-1,0.378109452736318,1,-0.173538405310178,0.00939207300414339,d_1rm_ext,5e6bd8f1d315
modules,trajectory,d_1rm_ext,spls,13,36,0,-0.201201650460029,0.00275483138991954,NA,NA,NA,NA,d_1rm_ext,5e6bd8f1d315
modules,trajectory,d_1rm_ext,spls,13,36,200,-0.201201650460029,0.00275483138991954,0.258706467661692,0.398009950248756,-0.777415032112368,0.803884665571637,d_1rm_ext,5e6bd8f1d315
modules,trajectory,d_1rm_ext,svm,13,36,0,-1.44129599537337,-0.066115953358069,NA,NA,NA,NA,d_1rm_ext,5e6bd8f1d315
modules,trajectory,d_1rm_ext,svm,13,36,200,-1.44129599537337,-0.066115953358069,0.45273631840796,0.477611940298507,-1.97108156053755,1.89630985838462,d_1rm_ext,5e6bd8f1d315
modules,trajectory,d_1rm_legpress,enet,14,36,0,-0.159763313609468,-0.996690559042565,NA,NA,NA,NA,d_1rm_legpress,5e6bd8f1d315
modules,trajectory,d_1rm_legpress,enet,14,36,200,-0.159763313609468,-0.996690559042565,0.402985074626866,0.825870646766169,-0.27672374604733,0.267110629784477,d_1rm_legpress,5e6bd8f1d315
modules,trajectory,d_1rm_legpress,lasso,14,36,0,-0.159763313609468,-0.996690559042565,NA,NA,NA,NA,d_1rm_legpress,5e6bd8f1d315
modules,trajectory,d_1rm_legpress,lasso,14,36,200,-0.159763313609468,-0.996690559042565,0.402985074626866,0.825870646766169,-0.285249252314733,0.278449192628502,d_1rm_legpress,5e6bd8f1d315
modules,trajectory,d_1rm_legpress,rf,14,36,0,-0.193491535566333,-0.21854517634452,NA,NA,NA,NA,d_1rm_legpress,5e6bd8f1d315
modules,trajectory,d_1rm_legpress,rf,14,36,200,-0.193491535566333,-0.21854517634452,0.447761194029851,0.45273631840796,-0.221301955912798,0.200808239535617,d_1rm_legpress,5e6bd8f1d315
modules,trajectory,d_1rm_legpress,ridge,14,36,0,-0.159763313609468,-0.996690559042565,NA,NA,NA,NA,d_1rm_legpress,5e6bd8f1d315
modules,trajectory,d_1rm_legpress,ridge,14,36,200,-0.159763313609468,-0.996690559042565,0.800995024875622,0.512437810945274,-0.159193475336519,0.0272648148725324,d_1rm_legpress,5e6bd8f1d315
modules,trajectory,d_1rm_legpress,spls,14,36,0,-0.382674553643464,-0.0198677433040473,NA,NA,NA,NA,d_1rm_legpress,5e6bd8f1d315
modules,trajectory,d_1rm_legpress,spls,14,36,200,-0.382674553643464,-0.0198677433040473,0.353233830845771,0.383084577114428,-0.723512668097534,0.713916417454196,d_1rm_legpress,5e6bd8f1d315
modules,trajectory,d_1rm_legpress,svm,14,36,0,-0.400650395214827,-0.064018283979708,NA,NA,NA,NA,d_1rm_legpress,5e6bd8f1d315
modules,trajectory,d_1rm_legpress,svm,14,36,200,-0.400650395214827,-0.064018283979708,0.353233830845771,0.427860696517413,-0.792967564467255,0.75101807746748,d_1rm_legpress,5e6bd8f1d315
modules,trajectory,d_fcsa_I,enet,14,36,0,-0.165470713300961,-1,NA,NA,NA,NA,d_fcsa_I,5e6bd8f1d315
modules,trajectory,d_fcsa_I,enet,14,36,200,-0.165470713300961,-1,0.393034825870647,1,-0.300824800856259,0.293190675815374,d_fcsa_I,5e6bd8f1d315
modules,trajectory,d_fcsa_I,lasso,14,36,0,-0.192578273190551,-1,NA,NA,NA,NA,d_fcsa_I,5e6bd8f1d315
modules,trajectory,d_fcsa_I,lasso,14,36,200,-0.192578273190551,-1,0.45273631840796,1,-0.319941139346849,0.341014973287511,d_fcsa_I,5e6bd8f1d315
modules,trajectory,d_fcsa_I,rf,14,36,0,-0.387595724956644,-0.679120879120879,NA,NA,NA,NA,d_fcsa_I,5e6bd8f1d315
modules,trajectory,d_fcsa_I,rf,14,36,200,-0.387595724956644,-0.679120879120879,0.825870646766169,0.900497512437811,-0.20473315159522,0.194411181049567,d_fcsa_I,5e6bd8f1d315
modules,trajectory,d_fcsa_I,ridge,14,36,0,-0.159763313609468,-1,NA,NA,NA,NA,d_fcsa_I,5e6bd8f1d315
modules,trajectory,d_fcsa_I,ridge,14,36,200,-0.159763313609468,-1,0.850746268656716,1,-0.161697599497109,0.0141722258895258,d_fcsa_I,5e6bd8f1d315
modules,trajectory,d_fcsa_I,spls,14,36,0,-0.913085650787599,-0.56043956043956,NA,NA,NA,NA,d_fcsa_I,5e6bd8f1d315
modules,trajectory,d_fcsa_I,spls,14,36,200,-0.913085650787599,-0.56043956043956,0.696517412935323,0.900497512437811,-0.65875207032321,0.645736274949231,d_fcsa_I,5e6bd8f1d315
modules,trajectory,d_fcsa_I,svm,14,36,0,-0.185947356863922,-0.714285714285714,NA,NA,NA,NA,d_fcsa_I,5e6bd8f1d315
modules,trajectory,d_fcsa_I,svm,14,36,200,-0.185947356863922,-0.714285714285714,0.835820895522388,0.582089552238806,-0.151326032791972,0.0344834929996609,d_fcsa_I,5e6bd8f1d315
modules,trajectory,d_fcsa_II,enet,14,36,0,-0.159763313609467,-1,NA,NA,NA,NA,d_fcsa_II,5e6bd8f1d315
modules,trajectory,d_fcsa_II,enet,14,36,200,-0.159763313609467,-1,0.303482587064677,1,-0.286928407802868,0.293889166995424,d_fcsa_II,5e6bd8f1d315
modules,trajectory,d_fcsa_II,lasso,14,36,0,-0.159763313609467,-1,NA,NA,NA,NA,d_fcsa_II,5e6bd8f1d315
modules,trajectory,d_fcsa_II,lasso,14,36,200,-0.159763313609467,-1,0.298507462686567,1,-0.304779322989571,0.320215378486693,d_fcsa_II,5e6bd8f1d315
modules,trajectory,d_fcsa_II,rf,14,36,0,-0.423072395980455,-0.591208791208791,NA,NA,NA,NA,d_fcsa_II,5e6bd8f1d315
modules,trajectory,d_fcsa_II,rf,14,36,200,-0.423072395980455,-0.591208791208791,0.870646766169154,0.805970149253731,-0.211360461865696,0.185835634504745,d_fcsa_II,5e6bd8f1d315
modules,trajectory,d_fcsa_II,ridge,14,36,0,-0.159763313609467,-1,NA,NA,NA,NA,d_fcsa_II,5e6bd8f1d315
modules,trajectory,d_fcsa_II,ridge,14,36,200,-0.159763313609467,-1,0.442786069651741,1,-0.160413879490931,0.00438957819677691,d_fcsa_II,5e6bd8f1d315
modules,trajectory,d_fcsa_II,spls,14,36,0,-1.02652424061252,-0.485714285714286,NA,NA,NA,NA,d_fcsa_II,5e6bd8f1d315
modules,trajectory,d_fcsa_II,spls,14,36,200,-1.02652424061252,-0.485714285714286,0.71144278606965194,0.825870646766169,-0.701933579524891,0.666488801758658,d_fcsa_II,5e6bd8f1d315
modules,trajectory,d_fcsa_II,svm,14,36,0,-0.494074165431436,-0.793406593406593,NA,NA,NA,NA,d_fcsa_II,5e6bd8f1d315
modules,trajectory,d_fcsa_II,svm,14,36,200,-0.494074165431436,-0.793406593406593,0.890547263681592,0.701492537313433,-0.442795834101894,0.0425190122701831,d_fcsa_II,5e6bd8f1d315
modules,trajectory,d_mcsa,enet,14,36,0,0.417565383061029,0.731868131868132,NA,NA,NA,NA,d_mcsa,5e6bd8f1d315
modules,trajectory,d_mcsa,enet,14,36,200,0.417565383061029,0.731868131868132,0.00497512437810945,0.00497512437810945,-0.280005582688049,0.379422147331161,d_mcsa,5e6bd8f1d315
modules,trajectory,d_mcsa,lasso,14,36,0,0.150863640518479,0.604395604395604,NA,NA,NA,NA,d_mcsa,5e6bd8f1d315
modules,trajectory,d_mcsa,lasso,14,36,200,0.150863640518479,0.604395604395604,0.0298507462686567,0.0348258706467662,-0.31354418824849,0.426704519429275,d_mcsa,5e6bd8f1d315
modules,trajectory,d_mcsa,rf,14,36,0,0.37156217891133,0.767032967032967,NA,NA,NA,NA,d_mcsa,5e6bd8f1d315
modules,trajectory,d_mcsa,rf,14,36,200,0.37156217891133,0.767032967032967,0.00497512437810945,0.00497512437810945,-0.225358543648482,0.176778018485117,d_mcsa,5e6bd8f1d315
modules,trajectory,d_mcsa,ridge,14,36,0,-0.153866643728934,-0.797802197802198,NA,NA,NA,NA,d_mcsa,5e6bd8f1d315
modules,trajectory,d_mcsa,ridge,14,36,200,-0.153866643728934,-0.797802197802198,0.0149253731343284,0.0099502487562189,-0.159981339889133,0.0023998120214076,d_mcsa,5e6bd8f1d315
modules,trajectory,d_mcsa,spls,14,36,0,0.400204457349602,0.542857142857143,NA,NA,NA,NA,d_mcsa,5e6bd8f1d315
modules,trajectory,d_mcsa,spls,14,36,200,0.400204457349602,0.542857142857143,0.0149253731343284,0.0447761194029851,-0.631937274941917,0.667080536893519,d_mcsa,5e6bd8f1d315
modules,trajectory,d_mcsa,svm,14,36,0,0.0783793689394114,0.740659340659341,NA,NA,NA,NA,d_mcsa,5e6bd8f1d315
modules,trajectory,d_mcsa,svm,14,36,200,0.0783793689394114,0.740659340659341,0.0696517412935323,0.0199004975124378,-2.50108086915042,2.18966725959464,d_mcsa,5e6bd8f1d315
pathways,acute,comp_hypertrophy,enet,15,79,0,-0.315301295372427,-0.978571428571428,NA,NA,NA,NA,comp_hypertrophy,5e6bd8f1d315
pathways,acute,comp_hypertrophy,enet,15,79,200,-0.315301295372427,-0.978571428571428,0.761194029850746,0.54726368159204,-0.216673131833711,0.204317344758352,comp_hypertrophy,5e6bd8f1d315
pathways,acute,comp_hypertrophy,lasso,15,79,0,-0.318344335686913,-0.978571428571428,NA,NA,NA,NA,comp_hypertrophy,5e6bd8f1d315
pathways,acute,comp_hypertrophy,lasso,15,79,200,-0.318344335686913,-0.978571428571428,0.72636815920398,0.537313432835821,-0.219497089193308,0.218754923717865,comp_hypertrophy,5e6bd8f1d315
pathways,acute,comp_hypertrophy,rf,15,79,0,-0.0406446093772064,0.15,NA,NA,NA,NA,comp_hypertrophy,5e6bd8f1d315
pathways,acute,comp_hypertrophy,rf,15,79,200,-0.0406446093772064,0.15,0.134328358208955,0.109452736318408,-0.210412678717001,0.158671895548307,comp_hypertrophy,5e6bd8f1d315
pathways,acute,comp_hypertrophy,ridge,15,79,0,-0.14795918367347,-1,NA,NA,NA,NA,comp_hypertrophy,5e6bd8f1d315
pathways,acute,comp_hypertrophy,ridge,15,79,200,-0.14795918367347,-1,0.791044776119403,1,-0.152142509689629,0.0243086512868619,comp_hypertrophy,5e6bd8f1d315
pathways,acute,comp_hypertrophy,spls,15,79,0,-0.353435739058618,-0.0607142857142857,NA,NA,NA,NA,comp_hypertrophy,5e6bd8f1d315
pathways,acute,comp_hypertrophy,spls,15,79,200,-0.353435739058618,-0.0607142857142857,0.353233830845771,0.467661691542289,-0.671495778218927,0.636898705673503,comp_hypertrophy,5e6bd8f1d315
pathways,acute,comp_hypertrophy,svm,15,79,0,-2.21494111704815,-0.307142857142857,NA,NA,NA,NA,comp_hypertrophy,5e6bd8f1d315
pathways,acute,comp_hypertrophy,svm,15,79,200,-2.21494111704815,-0.307142857142857,0.900497512437811,0.691542288557214,-0.996434533380956,0.864607238804329,comp_hypertrophy,5e6bd8f1d315
pathways,acute,d_1rm_ext,enet,14,79,0,-0.194399473277106,-0.814569536423841,NA,NA,NA,NA,d_1rm_ext,5e6bd8f1d315
pathways,acute,d_1rm_ext,enet,14,79,200,-0.194399473277106,-0.814569536423841,0.577114427860697,0.26865671641791,-0.228118377411284,0.215932430165845,d_1rm_ext,5e6bd8f1d315
pathways,acute,d_1rm_ext,lasso,14,79,0,-0.237889878174234,-0.770419426048565,NA,NA,NA,NA,d_1rm_ext,5e6bd8f1d315
pathways,acute,d_1rm_ext,lasso,14,79,200,-0.237889878174234,-0.770419426048565,0.656716417910448,0.258706467661692,-0.247311172129625,0.234456297180065,d_1rm_ext,5e6bd8f1d315
pathways,acute,d_1rm_ext,rf,14,79,0,-0.089085787200853,-0.0462556188158001,NA,NA,NA,NA,d_1rm_ext,5e6bd8f1d315
pathways,acute,d_1rm_ext,rf,14,79,200,-0.089085787200853,-0.0462556188158001,0.283582089552239,0.313432835820896,-0.187422410482582,0.185121830442513,d_1rm_ext,5e6bd8f1d315
pathways,acute,d_1rm_ext,ridge,14,79,0,-0.159763313609467,-1,NA,NA,NA,NA,d_1rm_ext,5e6bd8f1d315
pathways,acute,d_1rm_ext,ridge,14,79,200,-0.159763313609467,-1,0.522388059701492,1,-0.160486854353933,0.0194544942580048,d_1rm_ext,5e6bd8f1d315
pathways,acute,d_1rm_ext,spls,14,79,0,-0.304382545810686,0.0044052970300762,NA,NA,NA,NA,d_1rm_ext,5e6bd8f1d315
pathways,acute,d_1rm_ext,spls,14,79,200,-0.304382545810686,0.0044052970300762,0.303482587064677,0.402985074626866,-0.707746408517823,0.683674348923043,d_1rm_ext,5e6bd8f1d315
pathways,acute,d_1rm_ext,svm,14,79,0,-0.67315282902405,0.0066079455451143,NA,NA,NA,NA,d_1rm_ext,5e6bd8f1d315
pathways,acute,d_1rm_ext,svm,14,79,200,-0.67315282902405,0.0066079455451143,0.383084577114428,0.353233830845771,-1.02860346801995,0.827147384744738,d_1rm_ext,5e6bd8f1d315
pathways,acute,d_1rm_legpress,enet,15,79,0,-0.147959183673469,-0.996415759077198,NA,NA,NA,NA,d_1rm_legpress,5e6bd8f1d315
pathways,acute,d_1rm_legpress,enet,15,79,200,-0.147959183673469,-0.996415759077198,0.243781094527363,0.776119402985075,-0.222372224397032,0.218621378500995,d_1rm_legpress,5e6bd8f1d315
pathways,acute,d_1rm_legpress,lasso,15,79,0,-0.195100147131482,-0.996415759077198,NA,NA,NA,NA,d_1rm_legpress,5e6bd8f1d315
pathways,acute,d_1rm_legpress,lasso,15,79,200,-0.195100147131482,-0.996415759077198,0.497512437810945,0.791044776119403,-0.244596890552433,0.231894047226284,d_1rm_legpress,5e6bd8f1d315
pathways,acute,d_1rm_legpress,rf,15,79,0,-0.281097608651169,-0.32646068151705,NA,NA,NA,NA,d_1rm_legpress,5e6bd8f1d315
pathways,acute,d_1rm_legpress,rf,15,79,200,-0.281097608651169,-0.32646068151705,0.656716417910448,0.527363184079602,-0.194582443483078,0.18587781610389,d_1rm_legpress,5e6bd8f1d315
pathways,acute,d_1rm_legpress,ridge,15,79,0,-0.147959183673469,-0.996415759077198,NA,NA,NA,NA,d_1rm_legpress,5e6bd8f1d315
pathways,acute,d_1rm_legpress,ridge,15,79,200,-0.147959183673469,-0.996415759077198,0.288557213930348,0.402985074626866,-0.152001941268076,0.0410923067175013,d_1rm_legpress,5e6bd8f1d315
pathways,acute,d_1rm_legpress,spls,15,79,0,-0.941783685982861,-0.197311400916898,NA,NA,NA,NA,d_1rm_legpress,5e6bd8f1d315
pathways,acute,d_1rm_legpress,spls,15,79,200,-0.941783685982861,-0.197311400916898,0.651741293532338,0.54228855721393,-0.753292286897093,0.667135430895754,d_1rm_legpress,5e6bd8f1d315
pathways,acute,d_1rm_legpress,svm,15,79,0,-0.798671313885323,-0.125561800583481,NA,NA,NA,NA,d_1rm_legpress,5e6bd8f1d315
pathways,acute,d_1rm_legpress,svm,15,79,200,-0.798671313885323,-0.125561800583481,0.611940298507463,0.522388059701492,-0.701709199698731,0.659623999830505,d_1rm_legpress,5e6bd8f1d315
pathways,acute,d_fcsa_I,enet,15,79,0,-0.376779551644252,-0.996428571428571,NA,NA,NA,NA,d_fcsa_I,5e6bd8f1d315
pathways,acute,d_fcsa_I,enet,15,79,200,-0.376779551644252,-0.996428571428571,0.835820895522388,0.557213930348259,-0.214609483729678,0.205809163104306,d_fcsa_I,5e6bd8f1d315
pathways,acute,d_fcsa_I,lasso,15,79,0,-0.393762798395415,-0.996428571428571,NA,NA,NA,NA,d_fcsa_I,5e6bd8f1d315
pathways,acute,d_fcsa_I,lasso,15,79,200,-0.393762798395415,-0.996428571428571,0.840796019900497,0.601990049751244,-0.232412260540687,0.20211398115325,d_fcsa_I,5e6bd8f1d315
pathways,acute,d_fcsa_I,rf,15,79,0,-0.378025078687308,-0.728571428571428,NA,NA,NA,NA,d_fcsa_I,5e6bd8f1d315
pathways,acute,d_fcsa_I,rf,15,79,200,-0.378025078687308,-0.728571428571428,0.835820895522388,0.940298507462687,-0.20901755963634,0.16898549931187,d_fcsa_I,5e6bd8f1d315
pathways,acute,d_fcsa_I,ridge,15,79,0,-0.147959183673469,-1,NA,NA,NA,NA,d_fcsa_I,5e6bd8f1d315
pathways,acute,d_fcsa_I,ridge,15,79,200,-0.147959183673469,-1,0.318407960199005,1,-0.150529068740468,0.0246719260709967,d_fcsa_I,5e6bd8f1d315
pathways,acute,d_fcsa_I,spls,15,79,0,-1.4505947552449,-0.517857142857143,NA,NA,NA,NA,d_fcsa_I,5e6bd8f1d315
pathways,acute,d_fcsa_I,spls,15,79,200,-1.4505947552449,-0.517857142857143,0.895522388059702,0.895522388059702,-0.651701877705508,0.610372166109572,d_fcsa_I,5e6bd8f1d315
pathways,acute,d_fcsa_I,svm,15,79,0,-0.153698528834422,-0.585714285714286,NA,NA,NA,NA,d_fcsa_I,5e6bd8f1d315
pathways,acute,d_fcsa_I,svm,15,79,200,-0.153698528834422,-0.585714285714286,0.412935323383085,0.398009950248756,-0.1654778230902,0.0605486079482449,d_fcsa_I,5e6bd8f1d315
pathways,acute,d_fcsa_II,enet,15,79,0,-0.338236877627569,-0.996428571428571,NA,NA,NA,NA,d_fcsa_II,5e6bd8f1d315
pathways,acute,d_fcsa_II,enet,15,79,200,-0.338236877627569,-0.996428571428571,0.81592039800995,0.522388059701492,-0.219150217946099,0.205531986022979,d_fcsa_II,5e6bd8f1d315
pathways,acute,d_fcsa_II,lasso,15,79,0,-0.386617812782755,-0.996428571428571,NA,NA,NA,NA,d_fcsa_II,5e6bd8f1d315
pathways,acute,d_fcsa_II,lasso,15,79,200,-0.386617812782755,-0.996428571428571,0.845771144278607,0.527363184079602,-0.231136724764044,0.197854024955104,d_fcsa_II,5e6bd8f1d315
pathways,acute,d_fcsa_II,rf,15,79,0,-0.3264859450089,-0.539285714285714,NA,NA,NA,NA,d_fcsa_II,5e6bd8f1d315
pathways,acute,d_fcsa_II,rf,15,79,200,-0.3264859450089,-0.539285714285714,0.741293532338308,0.751243781094527,-0.215269540598868,0.161096497383987,d_fcsa_II,5e6bd8f1d315
pathways,acute,d_fcsa_II,ridge,15,79,0,-0.147959183673469,-1,NA,NA,NA,NA,d_fcsa_II,5e6bd8f1d315
pathways,acute,d_fcsa_II,ridge,15,79,200,-0.147959183673469,-1,0.756218905472637,1,-0.149785829218202,0.0192330296717681,d_fcsa_II,5e6bd8f1d315
pathways,acute,d_fcsa_II,spls,15,79,0,-1.16869361851711,-0.446428571428571,NA,NA,NA,NA,d_fcsa_II,5e6bd8f1d315
pathways,acute,d_fcsa_II,spls,15,79,200,-1.16869361851711,-0.446428571428571,0.835820895522388,0.830845771144279,-0.648639345299893,0.571594353563505,d_fcsa_II,5e6bd8f1d315
pathways,acute,d_fcsa_II,svm,15,79,0,-0.131086337902956,-0.657142857142857,NA,NA,NA,NA,d_fcsa_II,5e6bd8f1d315
pathways,acute,d_fcsa_II,svm,15,79,200,-0.131086337902956,-0.657142857142857,0.164179104477612,0.263681592039801,-0.204153329441859,0.0754321925087155,d_fcsa_II,5e6bd8f1d315
pathways,acute,d_mcsa,enet,15,79,0,-0.466518435012002,-0.839285714285714,NA,NA,NA,NA,d_mcsa,5e6bd8f1d315
pathways,acute,d_mcsa,enet,15,79,200,-0.466518435012002,-0.839285714285714,0.90547263681592,0.278606965174129,-0.215740900090884,0.211961889329655,d_mcsa,5e6bd8f1d315
pathways,acute,d_mcsa,lasso,15,79,0,-0.442862670555977,-0.867857142857143,NA,NA,NA,NA,d_mcsa,5e6bd8f1d315
pathways,acute,d_mcsa,lasso,15,79,200,-0.442862670555977,-0.867857142857143,0.895522388059702,0.298507462686567,-0.226150308154473,0.226139624629506,d_mcsa,5e6bd8f1d315
pathways,acute,d_mcsa,rf,15,79,0,-0.07545724956485,-0.0107142857142857,NA,NA,NA,NA,d_mcsa,5e6bd8f1d315
pathways,acute,d_mcsa,rf,15,79,200,-0.07545724956485,-0.0107142857142857,0.228855721393035,0.303482587064677,-0.184307590379481,0.167770170002726,d_mcsa,5e6bd8f1d315
pathways,acute,d_mcsa,ridge,15,79,0,-0.154916010241711,-0.953571428571429,NA,NA,NA,NA,d_mcsa,5e6bd8f1d315
pathways,acute,d_mcsa,ridge,15,79,200,-0.154916010241711,-0.953571428571429,0.890547263681592,0.114427860696517,-0.148697706192903,0.0286191070754812,d_mcsa,5e6bd8f1d315
pathways,acute,d_mcsa,spls,15,79,0,-0.610528075421287,0.0464285714285714,NA,NA,NA,NA,d_mcsa,5e6bd8f1d315
pathways,acute,d_mcsa,spls,15,79,200,-0.610528075421287,0.0464285714285714,0.552238805970149,0.393034825870647,-0.618605323385613,0.564395919505998,d_mcsa,5e6bd8f1d315
pathways,acute,d_mcsa,svm,15,79,0,-0.236962581348692,0.260714285714286,NA,NA,NA,NA,d_mcsa,5e6bd8f1d315
pathways,acute,d_mcsa,svm,15,79,200,-0.236962581348692,0.260714285714286,0.228855721393035,0.213930348258706,-0.902868817416352,0.846698373902247,d_mcsa,5e6bd8f1d315
pathways,T1,comp_hypertrophy,enet,15,79,0,-0.167138318301858,-0.925,NA,NA,NA,NA,comp_hypertrophy,5e6bd8f1d315
pathways,T1,comp_hypertrophy,enet,15,79,200,-0.167138318301858,-0.925,0.402985074626866,0.477611940298507,-0.233582262079963,0.211496581543365,comp_hypertrophy,5e6bd8f1d315
pathways,T1,comp_hypertrophy,lasso,15,79,0,-0.162156547469972,-1,NA,NA,NA,NA,comp_hypertrophy,5e6bd8f1d315
pathways,T1,comp_hypertrophy,lasso,15,79,200,-0.162156547469972,-1,0.3681592039801,1,-0.24993939431304,0.207359672263728,comp_hypertrophy,5e6bd8f1d315
pathways,T1,comp_hypertrophy,rf,15,79,0,-0.234481733926478,-0.335714285714286,NA,NA,NA,NA,comp_hypertrophy,5e6bd8f1d315
pathways,T1,comp_hypertrophy,rf,15,79,200,-0.234481733926478,-0.335714285714286,0.661691542288557,0.592039800995025,-0.169129228747868,0.168602060102983,comp_hypertrophy,5e6bd8f1d315
pathways,T1,comp_hypertrophy,ridge,15,79,0,-0.147959183673469,-1,NA,NA,NA,NA,comp_hypertrophy,5e6bd8f1d315
pathways,T1,comp_hypertrophy,ridge,15,79,200,-0.147959183673469,-1,0.0945273631840796,1,-0.150051376477212,0.0361300362544342,comp_hypertrophy,5e6bd8f1d315
pathways,T1,comp_hypertrophy,spls,15,79,0,-0.280212992940163,0.0535714285714286,NA,NA,NA,NA,comp_hypertrophy,5e6bd8f1d315
pathways,T1,comp_hypertrophy,spls,15,79,200,-0.280212992940163,0.0535714285714286,0.338308457711443,0.417910447761194,-0.6946794332831,0.785606174106281,comp_hypertrophy,5e6bd8f1d315
pathways,T1,comp_hypertrophy,svm,15,79,0,-1.84907339228059,-0.367857142857143,NA,NA,NA,NA,comp_hypertrophy,5e6bd8f1d315
pathways,T1,comp_hypertrophy,svm,15,79,200,-1.84907339228059,-0.367857142857143,0.825870646766169,0.81592039800995,-1.0895861698394,1.16660700766467,comp_hypertrophy,5e6bd8f1d315
pathways,T1,d_1rm_ext,enet,14,79,0,-0.174772347429639,-0.0814979950564098,NA,NA,NA,NA,d_1rm_ext,5e6bd8f1d315
pathways,T1,d_1rm_ext,enet,14,79,200,-0.174772347429639,-0.0814979950564098,0.467661691542289,0.0746268656716418,-0.243444916379938,0.183517091438295,d_1rm_ext,5e6bd8f1d315
pathways,T1,d_1rm_ext,lasso,14,79,0,-0.288179473573863,-0.707828434623181,NA,NA,NA,NA,d_1rm_ext,5e6bd8f1d315
pathways,T1,d_1rm_ext,lasso,14,79,200,-0.288179473573863,-0.707828434623181,0.701492537313433,0.199004975124378,-0.256584404970975,0.202243567929995,d_1rm_ext,5e6bd8f1d315
pathways,T1,d_1rm_ext,rf,14,79,0,-0.0201571450051958,0.0947138861466384,NA,NA,NA,NA,d_1rm_ext,5e6bd8f1d315
pathways,T1,d_1rm_ext,rf,14,79,200,-0.0201571450051958,0.0947138861466384,0.114427860696517,0.139303482587065,-0.231802159630029,0.161896160867974,d_1rm_ext,5e6bd8f1d315
pathways,T1,d_1rm_ext,ridge,14,79,0,-0.134440347262801,-0.53803781323382,NA,NA,NA,NA,d_1rm_ext,5e6bd8f1d315
pathways,T1,d_1rm_ext,ridge,14,79,200,-0.134440347262801,-0.53803781323382,0.0199004975124378,0.0199004975124378,-0.161770570697133,0.0144270183301137,d_1rm_ext,5e6bd8f1d315
pathways,T1,d_1rm_ext,spls,14,79,0,-0.202019649113667,0.246696633684267,NA,NA,NA,NA,d_1rm_ext,5e6bd8f1d315
pathways,T1,d_1rm_ext,spls,14,79,200,-0.202019649113667,0.246696633684267,0.17910447761194,0.159203980099502,-0.776792986971178,0.682513607235337,d_1rm_ext,5e6bd8f1d315
pathways,T1,d_1rm_ext,svm,14,79,0,0.620937211013559,0.87004616344005,NA,NA,NA,NA,d_1rm_ext,5e6bd8f1d315
pathways,T1,d_1rm_ext,svm,14,79,200,0.620937211013559,0.87004616344005,0.00497512437810945,0.00497512437810945,-1.01739479271618,0.958346038400894,d_1rm_ext,5e6bd8f1d315
pathways,T1,d_1rm_legpress,enet,15,79,0,-0.147959183673469,-1,NA,NA,NA,NA,d_1rm_legpress,5e6bd8f1d315
pathways,T1,d_1rm_legpress,enet,15,79,200,-0.147959183673469,-1,0.253731343283582,1,-0.238704525056251,0.210099598196785,d_1rm_legpress,5e6bd8f1d315
pathways,T1,d_1rm_legpress,lasso,15,79,0,-0.147959183673469,-1,NA,NA,NA,NA,d_1rm_legpress,5e6bd8f1d315
pathways,T1,d_1rm_legpress,lasso,15,79,200,-0.147959183673469,-1,0.258706467661692,1,-0.246897897188326,0.221156883218745,d_1rm_legpress,5e6bd8f1d315
pathways,T1,d_1rm_legpress,rf,15,79,0,-0.0362401236122072,0.118280329650888,NA,NA,NA,NA,d_1rm_legpress,5e6bd8f1d315
pathways,T1,d_1rm_legpress,rf,15,79,200,-0.0362401236122072,0.118280329650888,0.134328358208955,0.144278606965174,-0.21992779767386,0.168528979336667,d_1rm_legpress,5e6bd8f1d315
pathways,T1,d_1rm_legpress,ridge,15,79,0,-0.147959183673469,-1,NA,NA,NA,NA,d_1rm_legpress,5e6bd8f1d315
pathways,T1,d_1rm_legpress,ridge,15,79,200,-0.147959183673469,-1,0.402985074626866,1,-0.151446597122761,0.0388714958916925,d_1rm_legpress,5e6bd8f1d315
pathways,T1,d_1rm_legpress,spls,15,79,0,-0.481583909470206,0.0322582717229694,NA,NA,NA,NA,d_1rm_legpress,5e6bd8f1d315
pathways,T1,d_1rm_legpress,spls,15,79,200,-0.481583909470206,0.0322582717229694,0.378109452736318,0.318407960199005,-0.734651872641382,0.712828987496512,d_1rm_legpress,5e6bd8f1d315
pathways,T1,d_1rm_legpress,svm,15,79,0,-0.31545398868255,0.100359067582572,NA,NA,NA,NA,d_1rm_legpress,5e6bd8f1d315
pathways,T1,d_1rm_legpress,svm,15,79,200,-0.31545398868255,0.100359067582572,0.238805970149254,0.258706467661692,-0.936590549719321,0.884043287593325,d_1rm_legpress,5e6bd8f1d315
pathways,T1,d_fcsa_I,enet,15,79,0,-0.153045128960646,-0.964285714285714,NA,NA,NA,NA,d_fcsa_I,5e6bd8f1d315
pathways,T1,d_fcsa_I,enet,15,79,200,-0.153045128960646,-0.964285714285714,0.427860696517413,0.477611940298507,-0.227813259638136,0.201475643541515,d_fcsa_I,5e6bd8f1d315
pathways,T1,d_fcsa_I,lasso,15,79,0,-0.164791316476876,-0.953571428571429,NA,NA,NA,NA,d_fcsa_I,5e6bd8f1d315
pathways,T1,d_fcsa_I,lasso,15,79,200,-0.164791316476876,-0.953571428571429,0.467661691542289,0.447761194029851,-0.233342083378661,0.214849054389711,d_fcsa_I,5e6bd8f1d315
pathways,T1,d_fcsa_I,rf,15,79,0,-0.219246662259776,-0.45,NA,NA,NA,NA,d_fcsa_I,5e6bd8f1d315
pathways,T1,d_fcsa_I,rf,15,79,200,-0.219246662259776,-0.45,0.606965174129353,0.676616915422886,-0.179745293029051,0.174405385831298,d_fcsa_I,5e6bd8f1d315
pathways,T1,d_fcsa_I,ridge,15,79,0,-0.147959183673469,-1,NA,NA,NA,NA,d_fcsa_I,5e6bd8f1d315
pathways,T1,d_fcsa_I,ridge,15,79,200,-0.147959183673469,-1,0.582089552238806,1,-0.148482808935604,0.0311592583623535,d_fcsa_I,5e6bd8f1d315
pathways,T1,d_fcsa_I,spls,15,79,0,-0.346116858235286,-0.0178571428571429,NA,NA,NA,NA,d_fcsa_I,5e6bd8f1d315
pathways,T1,d_fcsa_I,spls,15,79,200,-0.346116858235286,-0.0178571428571429,0.353233830845771,0.437810945273632,-0.656151749610675,0.679534441131676,d_fcsa_I,5e6bd8f1d315
pathways,T1,d_fcsa_I,svm,15,79,0,-0.273647372294791,-0.85,NA,NA,NA,NA,d_fcsa_I,5e6bd8f1d315
pathways,T1,d_fcsa_I,svm,15,79,200,-0.273647372294791,-0.85,0.885572139303483,0.945273631840796,-0.206915011266326,0.0553015886758717,d_fcsa_I,5e6bd8f1d315
pathways,T1,d_fcsa_II,enet,15,79,0,-0.155265290481182,-0.892857142857143,NA,NA,NA,NA,d_fcsa_II,5e6bd8f1d315
pathways,T1,d_fcsa_II,enet,15,79,200,-0.155265290481182,-0.892857142857143,0.467661691542289,0.328358208955224,-0.214174177013247,0.170468039799721,d_fcsa_II,5e6bd8f1d315
pathways,T1,d_fcsa_II,lasso,15,79,0,-0.17725130007471,-0.825,NA,NA,NA,NA,d_fcsa_II,5e6bd8f1d315
pathways,T1,d_fcsa_II,lasso,15,79,200,-0.17725130007471,-0.825,0.54228855721393,0.243781094527363,-0.222202184628103,0.207796086342689,d_fcsa_II,5e6bd8f1d315
pathways,T1,d_fcsa_II,rf,15,79,0,-0.216256756584616,-0.303571428571428,NA,NA,NA,NA,d_fcsa_II,5e6bd8f1d315
pathways,T1,d_fcsa_II,rf,15,79,200,-0.216256756584616,-0.303571428571428,0.54726368159204,0.492537313432836,-0.194869211338414,0.168044989950085,d_fcsa_II,5e6bd8f1d315
pathways,T1,d_fcsa_II,ridge,15,79,0,-0.14795918367347,-1,NA,NA,NA,NA,d_fcsa_II,5e6bd8f1d315
pathways,T1,d_fcsa_II,ridge,15,79,200,-0.14795918367347,-1,0.840796019900497,1,-0.149761680884325,0.0208672662727906,d_fcsa_II,5e6bd8f1d315
pathways,T1,d_fcsa_II,spls,15,79,0,-0.720684552767578,-0.271428571428571,NA,NA,NA,NA,d_fcsa_II,5e6bd8f1d315
pathways,T1,d_fcsa_II,spls,15,79,200,-0.720684552767578,-0.271428571428571,0.6318407960199,0.686567164179104,-0.627100735421977,0.662280512992314,d_fcsa_II,5e6bd8f1d315
pathways,T1,d_fcsa_II,svm,15,79,0,-0.328332360376858,-0.767857142857143,NA,NA,NA,NA,d_fcsa_II,5e6bd8f1d315
pathways,T1,d_fcsa_II,svm,15,79,200,-0.328332360376858,-0.767857142857143,0.6318407960199,0.537313432835821,-0.302924210304762,0.0642715595457394,d_fcsa_II,5e6bd8f1d315
pathways,T1,d_mcsa,enet,15,79,0,-0.147959183673469,-1,NA,NA,NA,NA,d_mcsa,5e6bd8f1d315
pathways,T1,d_mcsa,enet,15,79,200,-0.147959183673469,-1,0.328358208955224,1,-0.201006911412911,0.19561378161372,d_mcsa,5e6bd8f1d315
pathways,T1,d_mcsa,lasso,15,79,0,-0.147959183673469,-1,NA,NA,NA,NA,d_mcsa,5e6bd8f1d315
pathways,T1,d_mcsa,lasso,15,79,200,-0.147959183673469,-1,0.308457711442786,1,-0.205823699195754,0.214404757878946,d_mcsa,5e6bd8f1d315
pathways,T1,d_mcsa,rf,15,79,0,-0.247156997184394,-0.378571428571429,NA,NA,NA,NA,d_mcsa,5e6bd8f1d315
pathways,T1,d_mcsa,rf,15,79,200,-0.247156997184394,-0.378571428571429,0.616915422885572,0.597014925373134,-0.194520166722289,0.157422273084846,d_mcsa,5e6bd8f1d315
pathways,T1,d_mcsa,ridge,15,79,0,-0.147959183673469,-1,NA,NA,NA,NA,d_mcsa,5e6bd8f1d315
pathways,T1,d_mcsa,ridge,15,79,200,-0.147959183673469,-1,0.45273631840796,1,-0.149652606909617,0.0159160995003723,d_mcsa,5e6bd8f1d315
pathways,T1,d_mcsa,spls,15,79,0,-0.940072428374207,-0.403571428571428,NA,NA,NA,NA,d_mcsa,5e6bd8f1d315
pathways,T1,d_mcsa,spls,15,79,200,-0.940072428374207,-0.403571428571428,0.751243781094527,0.791044776119403,-0.646834116967302,0.596676964482325,d_mcsa,5e6bd8f1d315
pathways,T1,d_mcsa,svm,15,79,0,-0.716734918658104,-0.0857142857142857,NA,NA,NA,NA,d_mcsa,5e6bd8f1d315
pathways,T1,d_mcsa,svm,15,79,200,-0.716734918658104,-0.0857142857142857,0.45273631840796,0.512437810945274,-1.09703729230267,1.13834866982226,d_mcsa,5e6bd8f1d315
pathways,T2,comp_hypertrophy,enet,15,79,0,0.043212129927637,0.196428571428571,NA,NA,NA,NA,comp_hypertrophy,5e6bd8f1d315
pathways,T2,comp_hypertrophy,enet,15,79,200,0.043212129927637,0.196428571428571,0.104477611940299,0.114427860696517,-0.208088818557008,0.222424377573755,comp_hypertrophy,5e6bd8f1d315
pathways,T2,comp_hypertrophy,lasso,15,79,0,-0.064402025124096,0.167857142857143,NA,NA,NA,NA,comp_hypertrophy,5e6bd8f1d315
pathways,T2,comp_hypertrophy,lasso,15,79,200,-0.064402025124096,0.167857142857143,0.154228855721393,0.124378109452736,-0.192759228576721,0.217625020665854,comp_hypertrophy,5e6bd8f1d315
pathways,T2,comp_hypertrophy,rf,15,79,0,-0.378638716929696,-0.842857142857143,NA,NA,NA,NA,comp_hypertrophy,5e6bd8f1d315
pathways,T2,comp_hypertrophy,rf,15,79,200,-0.378638716929696,-0.842857142857143,0.860696517412935,0.970149253731343,-0.194523428675908,0.166554223913557,comp_hypertrophy,5e6bd8f1d315
pathways,T2,comp_hypertrophy,ridge,15,79,0,-0.14795918367347,-1,NA,NA,NA,NA,comp_hypertrophy,5e6bd8f1d315
pathways,T2,comp_hypertrophy,ridge,15,79,200,-0.14795918367347,-1,0.761194029850746,1,-0.152015768392974,0.0324475316047085,comp_hypertrophy,5e6bd8f1d315
pathways,T2,comp_hypertrophy,spls,15,79,0,-0.724850945887538,-0.178571428571429,NA,NA,NA,NA,comp_hypertrophy,5e6bd8f1d315
pathways,T2,comp_hypertrophy,spls,15,79,200,-0.724850945887538,-0.178571428571429,0.611940298507463,0.577114427860697,-0.668081717956925,0.733881445943789,comp_hypertrophy,5e6bd8f1d315
pathways,T2,comp_hypertrophy,svm,15,79,0,-0.470153298200841,-0.121428571428571,NA,NA,NA,NA,comp_hypertrophy,5e6bd8f1d315
pathways,T2,comp_hypertrophy,svm,15,79,200,-0.470153298200841,-0.121428571428571,0.393034825870647,0.552238805970149,-0.891975074499933,0.988791506495331,comp_hypertrophy,5e6bd8f1d315
pathways,T2,d_1rm_ext,enet,14,79,0,-0.159763313609467,-1,NA,NA,NA,NA,d_1rm_ext,5e6bd8f1d315
pathways,T2,d_1rm_ext,enet,14,79,200,-0.159763313609467,-1,0.278606965174129,1,-0.250147436980575,0.227787116845774,d_1rm_ext,5e6bd8f1d315
pathways,T2,d_1rm_ext,lasso,14,79,0,-0.159763313609467,-1,NA,NA,NA,NA,d_1rm_ext,5e6bd8f1d315
pathways,T2,d_1rm_ext,lasso,14,79,200,-0.159763313609467,-1,0.298507462686567,1,-0.260059547060739,0.222453950932898,d_1rm_ext,5e6bd8f1d315
pathways,T2,d_1rm_ext,rf,14,79,0,-0.146179500168882,-0.244493985169229,NA,NA,NA,NA,d_1rm_ext,5e6bd8f1d315
pathways,T2,d_1rm_ext,rf,14,79,200,-0.146179500168882,-0.244493985169229,0.353233830845771,0.393034825870647,-0.207055343161216,0.174908571821905,d_1rm_ext,5e6bd8f1d315
pathways,T2,d_1rm_ext,ridge,14,79,0,-0.159763313609467,-1,NA,NA,NA,NA,d_1rm_ext,5e6bd8f1d315
pathways,T2,d_1rm_ext,ridge,14,79,200,-0.159763313609467,-1,0.572139303482587,1,-0.160386229694555,0.0181771216064222,d_1rm_ext,5e6bd8f1d315
pathways,T2,d_1rm_ext,spls,14,79,0,-0.674327028514426,0.0242291336654191,NA,NA,NA,NA,d_1rm_ext,5e6bd8f1d315
pathways,T2,d_1rm_ext,spls,14,79,200,-0.674327028514426,0.0242291336654191,0.45273631840796,0.333333333333333,-0.865018923199156,0.747623480045405,d_1rm_ext,5e6bd8f1d315
pathways,T2,d_1rm_ext,svm,14,79,0,-1.44277220867148,0.171806584172972,NA,NA,NA,NA,d_1rm_ext,5e6bd8f1d315
pathways,T2,d_1rm_ext,svm,14,79,200,-1.44277220867148,0.171806584172972,0.761194029850746,0.238805970149254,-0.978657972731937,0.908847207527793,d_1rm_ext,5e6bd8f1d315
pathways,T2,d_1rm_legpress,enet,15,79,0,-0.240045702769932,-0.977588304542814,NA,NA,NA,NA,d_1rm_legpress,5e6bd8f1d315
pathways,T2,d_1rm_legpress,enet,15,79,200,-0.240045702769932,-0.977588304542814,0.601990049751244,0.527363184079602,-0.219338165312796,0.207276626956452,d_1rm_legpress,5e6bd8f1d315
pathways,T2,d_1rm_legpress,lasso,15,79,0,-0.206129059750531,-0.977588304542814,NA,NA,NA,NA,d_1rm_legpress,5e6bd8f1d315
pathways,T2,d_1rm_legpress,lasso,15,79,200,-0.206129059750531,-0.977588304542814,0.552238805970149,0.572139303482587,-0.219677908207601,0.217041258992781,d_1rm_legpress,5e6bd8f1d315
pathways,T2,d_1rm_legpress,rf,15,79,0,-0.0723407712816035,-0.028699840133367,NA,NA,NA,NA,d_1rm_legpress,5e6bd8f1d315
pathways,T2,d_1rm_legpress,rf,15,79,200,-0.0723407712816035,-0.028699840133367,0.248756218905473,0.248756218905473,-0.18025631310655,0.16892463501631,d_1rm_legpress,5e6bd8f1d315
pathways,T2,d_1rm_legpress,ridge,15,79,0,-0.147959183673469,-0.996415759077198,NA,NA,NA,NA,d_1rm_legpress,5e6bd8f1d315
pathways,T2,d_1rm_legpress,ridge,15,79,200,-0.147959183673469,-0.996415759077198,0.278606965174129,0.393034825870647,-0.149230062328665,0.0499703087851461,d_1rm_legpress,5e6bd8f1d315
pathways,T2,d_1rm_legpress,spls,15,79,0,-0.822853585374805,-0.0430497602000505,NA,NA,NA,NA,d_1rm_legpress,5e6bd8f1d315
pathways,T2,d_1rm_legpress,spls,15,79,200,-0.822853585374805,-0.0430497602000505,0.606965174129353,0.393034825870647,-0.769774717827234,0.765504378786492,d_1rm_legpress,5e6bd8f1d315
pathways,T2,d_1rm_legpress,svm,15,79,0,-0.505396192658438,-0.0197311400916898,NA,NA,NA,NA,d_1rm_legpress,5e6bd8f1d315
pathways,T2,d_1rm_legpress,svm,15,79,200,-0.505396192658438,-0.0197311400916898,0.43283582089552203,0.427860696517413,-0.71421079939994,0.717856775104761,d_1rm_legpress,5e6bd8f1d315
pathways,T2,d_fcsa_I,enet,15,79,0,0.00919513906787872,0.117857142857143,NA,NA,NA,NA,d_fcsa_I,5e6bd8f1d315
pathways,T2,d_fcsa_I,enet,15,79,200,0.00919513906787872,0.117857142857143,0.0995024875621891,0.104477611940299,-0.207149065434568,0.215511136488754,d_fcsa_I,5e6bd8f1d315
pathways,T2,d_fcsa_I,lasso,15,79,0,-0.0155267562523529,0.117857142857143,NA,NA,NA,NA,d_fcsa_I,5e6bd8f1d315
pathways,T2,d_fcsa_I,lasso,15,79,200,-0.0155267562523529,0.117857142857143,0.0746268656716418,0.0696517412935323,-0.216404308004162,0.204473243446419,d_fcsa_I,5e6bd8f1d315
pathways,T2,d_fcsa_I,rf,15,79,0,-0.276237900572282,-0.646428571428571,NA,NA,NA,NA,d_fcsa_I,5e6bd8f1d315
pathways,T2,d_fcsa_I,rf,15,79,200,-0.276237900572282,-0.646428571428571,0.671641791044776,0.81592039800995,-0.200447585443835,0.157666875646224,d_fcsa_I,5e6bd8f1d315
pathways,T2,d_fcsa_I,ridge,15,79,0,-0.147959183673469,-1,NA,NA,NA,NA,d_fcsa_I,5e6bd8f1d315
pathways,T2,d_fcsa_I,ridge,15,79,200,-0.147959183673469,-1,0.353233830845771,1,-0.148153842933085,0.0294168893959552,d_fcsa_I,5e6bd8f1d315
pathways,T2,d_fcsa_I,spls,15,79,0,-0.0922758365331711,0.107142857142857,NA,NA,NA,NA,d_fcsa_I,5e6bd8f1d315
pathways,T2,d_fcsa_I,spls,15,79,200,-0.0922758365331711,0.107142857142857,0.194029850746269,0.313432835820896,-0.700972740376528,0.704822978369574,d_fcsa_I,5e6bd8f1d315
pathways,T2,d_fcsa_I,svm,15,79,0,-0.233416450892675,-0.792857142857143,NA,NA,NA,NA,d_fcsa_I,5e6bd8f1d315
pathways,T2,d_fcsa_I,svm,15,79,200,-0.233416450892675,-0.792857142857143,0.825870646766169,0.741293532338308,-0.172897513576168,0.0597031312522954,d_fcsa_I,5e6bd8f1d315
pathways,T2,d_fcsa_II,enet,15,79,0,-0.240195637486517,-0.442857142857143,NA,NA,NA,NA,d_fcsa_II,5e6bd8f1d315
pathways,T2,d_fcsa_II,enet,15,79,200,-0.240195637486517,-0.442857142857143,0.71144278606965194,0.164179104477612,-0.211526605618542,0.18715533734603,d_fcsa_II,5e6bd8f1d315
pathways,T2,d_fcsa_II,lasso,15,79,0,-0.29090160945665,-0.503571428571428,NA,NA,NA,NA,d_fcsa_II,5e6bd8f1d315
pathways,T2,d_fcsa_II,lasso,15,79,200,-0.29090160945665,-0.503571428571428,0.776119402985075,0.159203980099502,-0.213458318310358,0.197171079609903,d_fcsa_II,5e6bd8f1d315
pathways,T2,d_fcsa_II,rf,15,79,0,-0.274851743435992,-0.653571428571428,NA,NA,NA,NA,d_fcsa_II,5e6bd8f1d315
pathways,T2,d_fcsa_II,rf,15,79,200,-0.274851743435992,-0.653571428571428,0.661691542288557,0.800995024875622,-0.203830023084481,0.154590597650399,d_fcsa_II,5e6bd8f1d315
pathways,T2,d_fcsa_II,ridge,15,79,0,-0.147959183673469,-1,NA,NA,NA,NA,d_fcsa_II,5e6bd8f1d315
pathways,T2,d_fcsa_II,ridge,15,79,200,-0.147959183673469,-1,0.796019900497512,1,-0.150363840521461,0.0222866367260251,d_fcsa_II,5e6bd8f1d315
pathways,T2,d_fcsa_II,spls,15,79,0,-0.31188266333183,-0.125,NA,NA,NA,NA,d_fcsa_II,5e6bd8f1d315
pathways,T2,d_fcsa_II,spls,15,79,200,-0.31188266333183,-0.125,0.308457711442786,0.477611940298507,-0.752089238171392,0.740579840958694,d_fcsa_II,5e6bd8f1d315
pathways,T2,d_fcsa_II,svm,15,79,0,-0.261654347982853,-0.789285714285714,NA,NA,NA,NA,d_fcsa_II,5e6bd8f1d315
pathways,T2,d_fcsa_II,svm,15,79,200,-0.261654347982853,-0.789285714285714,0.766169154228856,0.651741293532338,-0.210375956666625,0.0691924071959302,d_fcsa_II,5e6bd8f1d315
pathways,T2,d_mcsa,enet,15,79,0,0.230355806102047,0.432142857142857,NA,NA,NA,NA,d_mcsa,5e6bd8f1d315
pathways,T2,d_mcsa,enet,15,79,200,0.230355806102047,0.432142857142857,0.0298507462686567,0.0447761194029851,-0.221781376753241,0.188495746472281,d_mcsa,5e6bd8f1d315
pathways,T2,d_mcsa,lasso,15,79,0,0.0753610263277481,0.196428571428571,NA,NA,NA,NA,d_mcsa,5e6bd8f1d315
pathways,T2,d_mcsa,lasso,15,79,200,0.0753610263277481,0.196428571428571,0.0398009950248756,0.054726368159204,-0.217453055895912,0.203855982299521,d_mcsa,5e6bd8f1d315
pathways,T2,d_mcsa,rf,15,79,0,0.141303370516273,0.307142857142857,NA,NA,NA,NA,d_mcsa,5e6bd8f1d315
pathways,T2,d_mcsa,rf,15,79,200,0.141303370516273,0.307142857142857,0.0248756218905473,0.0696517412935323,-0.186128616954252,0.149980207681085,d_mcsa,5e6bd8f1d315
pathways,T2,d_mcsa,ridge,15,79,0,0.0331657929976628,0.25,NA,NA,NA,NA,d_mcsa,5e6bd8f1d315
pathways,T2,d_mcsa,ridge,15,79,200,0.0331657929976628,0.25,0.00497512437810945,0.00497512437810945,-0.148625885579399,0.0171809028068345,d_mcsa,5e6bd8f1d315
pathways,T2,d_mcsa,spls,15,79,0,0.407014128958588,0.603571428571428,NA,NA,NA,NA,d_mcsa,5e6bd8f1d315
pathways,T2,d_mcsa,spls,15,79,200,0.407014128958588,0.603571428571428,0.0149253731343284,0.0348258706467662,-0.736577337708326,0.654777899967561,d_mcsa,5e6bd8f1d315
pathways,T2,d_mcsa,svm,15,79,0,0.313843533454069,0.642857142857143,NA,NA,NA,NA,d_mcsa,5e6bd8f1d315
pathways,T2,d_mcsa,svm,15,79,200,0.313843533454069,0.642857142857143,0.0248756218905473,0.0298507462686567,-0.765940371261893,0.67025304409798,d_mcsa,5e6bd8f1d315
pathways,T3,comp_hypertrophy,enet,15,79,0,0.00556744379692986,0.121428571428571,NA,NA,NA,NA,comp_hypertrophy,5e6bd8f1d315
pathways,T3,comp_hypertrophy,enet,15,79,200,0.00556744379692986,0.121428571428571,0.0845771144278607,0.0895522388059701,-0.248471982052242,0.302520223366974,comp_hypertrophy,5e6bd8f1d315
pathways,T3,comp_hypertrophy,lasso,15,79,0,0.085421394745174,0.235714285714286,NA,NA,NA,NA,comp_hypertrophy,5e6bd8f1d315
pathways,T3,comp_hypertrophy,lasso,15,79,200,0.085421394745174,0.235714285714286,0.0696517412935323,0.0845771144278607,-0.256042596087455,0.325739750741252,comp_hypertrophy,5e6bd8f1d315
pathways,T3,comp_hypertrophy,rf,15,79,0,0.0525320348806103,0.303571428571428,NA,NA,NA,NA,comp_hypertrophy,5e6bd8f1d315
pathways,T3,comp_hypertrophy,rf,15,79,200,0.0525320348806103,0.303571428571428,0.0696517412935323,0.054726368159204,-0.228089384873688,0.170189458141653,comp_hypertrophy,5e6bd8f1d315
pathways,T3,comp_hypertrophy,ridge,15,79,0,-0.12474196551672,-0.746428571428571,NA,NA,NA,NA,comp_hypertrophy,5e6bd8f1d315
pathways,T3,comp_hypertrophy,ridge,15,79,200,-0.12474196551672,-0.746428571428571,0.0298507462686567,0.0398009950248756,-0.149407896236868,0.0360035578123072,comp_hypertrophy,5e6bd8f1d315
pathways,T3,comp_hypertrophy,spls,15,79,0,0.0297754970260266,0.228571428571429,NA,NA,NA,NA,comp_hypertrophy,5e6bd8f1d315
pathways,T3,comp_hypertrophy,spls,15,79,200,0.0297754970260266,0.228571428571429,0.0796019900497512,0.189054726368159,-0.781324502529488,0.74719639266385,comp_hypertrophy,5e6bd8f1d315
pathways,T3,comp_hypertrophy,svm,15,79,0,-0.147264124932402,0.439285714285714,NA,NA,NA,NA,comp_hypertrophy,5e6bd8f1d315
pathways,T3,comp_hypertrophy,svm,15,79,200,-0.147264124932402,0.439285714285714,0.159203980099502,0.0845771144278607,-1.0211222339747,0.911984868183676,comp_hypertrophy,5e6bd8f1d315
pathways,T3,d_1rm_ext,enet,14,79,0,-0.224859659947169,-0.985667633260317,NA,NA,NA,NA,d_1rm_ext,5e6bd8f1d315
pathways,T3,d_1rm_ext,enet,14,79,200,-0.224859659947169,-0.985667633260317,0.592039800995025,0.54726368159204,-0.242025683358946,0.174198365756261,d_1rm_ext,5e6bd8f1d315
pathways,T3,d_1rm_ext,lasso,14,79,0,-0.219436383330027,-0.986754966887417,NA,NA,NA,NA,d_1rm_ext,5e6bd8f1d315
pathways,T3,d_1rm_ext,lasso,14,79,200,-0.219436383330027,-0.986754966887417,0.572139303482587,0.587064676616915,-0.241892952693826,0.172370739670353,d_1rm_ext,5e6bd8f1d315
pathways,T3,d_1rm_ext,rf,14,79,0,-0.204426191818596,-0.325991980225639,NA,NA,NA,NA,d_1rm_ext,5e6bd8f1d315
pathways,T3,d_1rm_ext,rf,14,79,200,-0.204426191818596,-0.325991980225639,0.45273631840796,0.522388059701492,-0.215239241876245,0.178031530587044,d_1rm_ext,5e6bd8f1d315
pathways,T3,d_1rm_ext,ridge,14,79,0,-0.159763313609467,-1,NA,NA,NA,NA,d_1rm_ext,5e6bd8f1d315
pathways,T3,d_1rm_ext,ridge,14,79,200,-0.159763313609467,-1,0.54228855721393,1,-0.160471240762271,0.0261773123790628,d_1rm_ext,5e6bd8f1d315
pathways,T3,d_1rm_ext,spls,14,79,0,-0.372533869456444,-0.0066079455451143,NA,NA,NA,NA,d_1rm_ext,5e6bd8f1d315
pathways,T3,d_1rm_ext,spls,14,79,200,-0.372533869456444,-0.0066079455451143,0.343283582089552,0.407960199004975,-0.742007094514685,0.685148429931097,d_1rm_ext,5e6bd8f1d315
pathways,T3,d_1rm_ext,svm,14,79,0,0.0193689830055203,0.297357549530144,NA,NA,NA,NA,d_1rm_ext,5e6bd8f1d315
pathways,T3,d_1rm_ext,svm,14,79,200,0.0193689830055203,0.297357549530144,0.124378109452736,0.174129353233831,-1.01766994511736,0.916941731170074,d_1rm_ext,5e6bd8f1d315
pathways,T3,d_1rm_legpress,enet,15,79,0,-0.0273598639223371,-0.139911720650164,NA,NA,NA,NA,d_1rm_legpress,5e6bd8f1d315
pathways,T3,d_1rm_legpress,enet,15,79,200,-0.0273598639223371,-0.139911720650164,0.0995024875621891,0.124378109452736,-0.250203095696486,0.234062595692165,d_1rm_legpress,5e6bd8f1d315
pathways,T3,d_1rm_legpress,lasso,15,79,0,0.0490091922524298,0.0771308203584238,NA,NA,NA,NA,d_1rm_legpress,5e6bd8f1d315
pathways,T3,d_1rm_legpress,lasso,15,79,200,0.0490091922524298,0.0771308203584238,0.054726368159204,0.0796019900497512,-0.256070772362293,0.22069601360993,d_1rm_legpress,5e6bd8f1d315
pathways,T3,d_1rm_legpress,rf,15,79,0,-0.37472935274452,-0.67623998314246,NA,NA,NA,NA,d_1rm_legpress,5e6bd8f1d315
pathways,T3,d_1rm_legpress,rf,15,79,200,-0.37472935274452,-0.67623998314246,0.845771144278607,0.870646766169154,-0.196036318181994,0.168358984607684,d_1rm_legpress,5e6bd8f1d315
pathways,T3,d_1rm_legpress,ridge,15,79,0,-0.147959183673469,-0.996415759077198,NA,NA,NA,NA,d_1rm_legpress,5e6bd8f1d315
pathways,T3,d_1rm_legpress,ridge,15,79,200,-0.147959183673469,-0.996415759077198,0.27363184079602,0.3681592039801,-0.156199420696845,0.041521741016907,d_1rm_legpress,5e6bd8f1d315
pathways,T3,d_1rm_legpress,spls,15,79,0,-1.5549026710594,-0.500453462325587,NA,NA,NA,NA,d_1rm_legpress,5e6bd8f1d315
pathways,T3,d_1rm_legpress,spls,15,79,200,-1.5549026710594,-0.500453462325587,0.880597014925373,0.825870646766169,-0.70545632467929,0.673633189668904,d_1rm_legpress,5e6bd8f1d315
pathways,T3,d_1rm_legpress,svm,15,79,0,-2.52367309540569,-0.629602742925739,NA,NA,NA,NA,d_1rm_legpress,5e6bd8f1d315
pathways,T3,d_1rm_legpress,svm,15,79,200,-2.52367309540569,-0.629602742925739,0.980099502487562,0.950248756218905,-0.740665831710493,0.708727813658571,d_1rm_legpress,5e6bd8f1d315
pathways,T3,d_fcsa_I,enet,15,79,0,-0.563458059238978,-0.803571428571428,NA,NA,NA,NA,d_fcsa_I,5e6bd8f1d315
pathways,T3,d_fcsa_I,enet,15,79,200,-0.563458059238978,-0.803571428571428,0.955223880597015,0.278606965174129,-0.229892787532216,0.215147797649874,d_fcsa_I,5e6bd8f1d315
pathways,T3,d_fcsa_I,lasso,15,79,0,-0.590494067161428,-0.792857142857143,NA,NA,NA,NA,d_fcsa_I,5e6bd8f1d315
pathways,T3,d_fcsa_I,lasso,15,79,200,-0.590494067161428,-0.792857142857143,0.960199004975124,0.26865671641791,-0.230992955420933,0.210463110584338,d_fcsa_I,5e6bd8f1d315
pathways,T3,d_fcsa_I,rf,15,79,0,0.0447229566470024,0.289285714285714,NA,NA,NA,NA,d_fcsa_I,5e6bd8f1d315
pathways,T3,d_fcsa_I,rf,15,79,200,0.0447229566470024,0.289285714285714,0.0597014925373134,0.0447761194029851,-0.21923786868135,0.166599650415603,d_fcsa_I,5e6bd8f1d315
pathways,T3,d_fcsa_I,ridge,15,79,0,-0.147959183673469,-1,NA,NA,NA,NA,d_fcsa_I,5e6bd8f1d315
pathways,T3,d_fcsa_I,ridge,15,79,200,-0.147959183673469,-1,0.323383084577114,1,-0.152766825434995,0.0269271046227032,d_fcsa_I,5e6bd8f1d315
pathways,T3,d_fcsa_I,spls,15,79,0,-0.958829013702069,-0.185714285714286,NA,NA,NA,NA,d_fcsa_I,5e6bd8f1d315
pathways,T3,d_fcsa_I,spls,15,79,200,-0.958829013702069,-0.185714285714286,0.676616915422886,0.577114427860697,-0.841922277918353,0.805950238420422,d_fcsa_I,5e6bd8f1d315
pathways,T3,d_fcsa_I,svm,15,79,0,-0.0935491482270345,-0.239285714285714,NA,NA,NA,NA,d_fcsa_I,5e6bd8f1d315
pathways,T3,d_fcsa_I,svm,15,79,200,-0.0935491482270345,-0.239285714285714,0.144278606965174,0.194029850746269,-0.173807007127516,0.0674096289301012,d_fcsa_I,5e6bd8f1d315
pathways,T3,d_fcsa_II,enet,15,79,0,-0.189048471631254,-0.996428571428571,NA,NA,NA,NA,d_fcsa_II,5e6bd8f1d315
pathways,T3,d_fcsa_II,enet,15,79,200,-0.189048471631254,-0.996428571428571,0.592039800995025,0.562189054726368,-0.224673090563579,0.217366929165657,d_fcsa_II,5e6bd8f1d315
pathways,T3,d_fcsa_II,lasso,15,79,0,-0.215461443976953,-0.996428571428571,NA,NA,NA,NA,d_fcsa_II,5e6bd8f1d315
pathways,T3,d_fcsa_II,lasso,15,79,200,-0.215461443976953,-0.996428571428571,0.6318407960199,0.552238805970149,-0.22284582313581,0.233725690509817,d_fcsa_II,5e6bd8f1d315
pathways,T3,d_fcsa_II,rf,15,79,0,-0.0893684674903394,-0.146428571428571,NA,NA,NA,NA,d_fcsa_II,5e6bd8f1d315
pathways,T3,d_fcsa_II,rf,15,79,200,-0.0893684674903394,-0.146428571428571,0.228855721393035,0.343283582089552,-0.2254581583156,0.161914630155525,d_fcsa_II,5e6bd8f1d315
pathways,T3,d_fcsa_II,ridge,15,79,0,-0.147959183673469,-1,NA,NA,NA,NA,d_fcsa_II,5e6bd8f1d315
pathways,T3,d_fcsa_II,ridge,15,79,200,-0.147959183673469,-1,0.781094527363184,1,-0.14958967575436,0.0154440741874064,d_fcsa_II,5e6bd8f1d315
pathways,T3,d_fcsa_II,spls,15,79,0,-0.683839683084438,-0.314285714285714,NA,NA,NA,NA,d_fcsa_II,5e6bd8f1d315
pathways,T3,d_fcsa_II,spls,15,79,200,-0.683839683084438,-0.314285714285714,0.552238805970149,0.701492537313433,-0.766073088102264,0.736472743978362,d_fcsa_II,5e6bd8f1d315
pathways,T3,d_fcsa_II,svm,15,79,0,-0.115044161441166,-0.632142857142857,NA,NA,NA,NA,d_fcsa_II,5e6bd8f1d315
pathways,T3,d_fcsa_II,svm,15,79,200,-0.115044161441166,-0.632142857142857,0.119402985074627,0.218905472636816,-0.214902398963578,0.0871673541270132,d_fcsa_II,5e6bd8f1d315
pathways,T3,d_mcsa,enet,15,79,0,-0.139788785429924,-0.792857142857143,NA,NA,NA,NA,d_mcsa,5e6bd8f1d315
pathways,T3,d_mcsa,enet,15,79,200,-0.139788785429924,-0.792857142857143,0.154228855721393,0.258706467661692,-0.211893215704755,0.191116850928045,d_mcsa,5e6bd8f1d315
pathways,T3,d_mcsa,lasso,15,79,0,-0.129315136512126,-0.767857142857143,NA,NA,NA,NA,d_mcsa,5e6bd8f1d315
pathways,T3,d_mcsa,lasso,15,79,200,-0.129315136512126,-0.767857142857143,0.139303482587065,0.243781094527363,-0.209713166394032,0.19018144585499,d_mcsa,5e6bd8f1d315
pathways,T3,d_mcsa,rf,15,79,0,0.0623800387893898,0.339285714285714,NA,NA,NA,NA,d_mcsa,5e6bd8f1d315
pathways,T3,d_mcsa,rf,15,79,200,0.0623800387893898,0.339285714285714,0.0845771144278607,0.0497512437810945,-0.206078694255051,0.17413078883414,d_mcsa,5e6bd8f1d315
pathways,T3,d_mcsa,ridge,15,79,0,-0.172524448997621,-0.989285714285714,NA,NA,NA,NA,d_mcsa,5e6bd8f1d315
pathways,T3,d_mcsa,ridge,15,79,200,-0.172524448997621,-0.989285714285714,0.945273631840796,0.0995024875621891,-0.150976462917489,0.0221098975165582,d_mcsa,5e6bd8f1d315
pathways,T3,d_mcsa,spls,15,79,0,0.071021978916998,0.375,NA,NA,NA,NA,d_mcsa,5e6bd8f1d315
pathways,T3,d_mcsa,spls,15,79,200,0.071021978916998,0.375,0.119402985074627,0.134328358208955,-0.730189413900587,0.69054913177052,d_mcsa,5e6bd8f1d315
pathways,T3,d_mcsa,svm,15,79,0,-0.399759750983826,0.271428571428571,NA,NA,NA,NA,d_mcsa,5e6bd8f1d315
pathways,T3,d_mcsa,svm,15,79,200,-0.399759750983826,0.271428571428571,0.338308457711443,0.213930348258706,-0.88338978501664,0.85498858675426,d_mcsa,5e6bd8f1d315
pathways,total,comp_hypertrophy,enet,14,79,0,-0.354396194124358,-0.973626373626374,NA,NA,NA,NA,comp_hypertrophy,5e6bd8f1d315
pathways,total,comp_hypertrophy,enet,14,79,200,-0.354396194124358,-0.973626373626374,0.73134328358209,0.557213930348259,-0.266326513282145,0.210723664739146,comp_hypertrophy,5e6bd8f1d315
pathways,total,comp_hypertrophy,lasso,14,79,0,-0.39942321103228,-0.969230769230769,NA,NA,NA,NA,comp_hypertrophy,5e6bd8f1d315
pathways,total,comp_hypertrophy,lasso,14,79,200,-0.39942321103228,-0.969230769230769,0.766169154228856,0.517412935323383,-0.276089179715579,0.230289402911956,comp_hypertrophy,5e6bd8f1d315
pathways,total,comp_hypertrophy,rf,14,79,0,-0.0720995346947866,0.0461538461538462,NA,NA,NA,NA,comp_hypertrophy,5e6bd8f1d315
pathways,total,comp_hypertrophy,rf,14,79,200,-0.0720995346947866,0.0461538461538462,0.203980099502488,0.189054726368159,-0.215885632867534,0.164538785703239,comp_hypertrophy,5e6bd8f1d315
pathways,total,comp_hypertrophy,ridge,14,79,0,-0.159763313609467,-1,NA,NA,NA,NA,comp_hypertrophy,5e6bd8f1d315
pathways,total,comp_hypertrophy,ridge,14,79,200,-0.159763313609467,-1,0.199004975124378,1,-0.164988405813127,0.0224367220923046,comp_hypertrophy,5e6bd8f1d315
pathways,total,comp_hypertrophy,spls,14,79,0,-1.43935545059994,-0.758241758241758,NA,NA,NA,NA,comp_hypertrophy,5e6bd8f1d315
pathways,total,comp_hypertrophy,spls,14,79,200,-1.43935545059994,-0.758241758241758,0.81592039800995,0.995024875621891,-0.842922662604248,0.700747513803278,comp_hypertrophy,5e6bd8f1d315
pathways,total,comp_hypertrophy,svm,14,79,0,-0.703243032632216,-0.010989010989011,NA,NA,NA,NA,comp_hypertrophy,5e6bd8f1d315
pathways,total,comp_hypertrophy,svm,14,79,200,-0.703243032632216,-0.010989010989011,0.462686567164179,0.43283582089552203,-0.924047237802413,0.860570315116627,comp_hypertrophy,5e6bd8f1d315
pathways,total,d_1rm_ext,enet,13,79,0,-0.223432456981763,-0.772414527861969,NA,NA,NA,NA,d_1rm_ext,5e6bd8f1d315
pathways,total,d_1rm_ext,enet,13,79,200,-0.223432456981763,-0.772414527861969,0.477611940298507,0.298507462686567,-0.257421144233728,0.230890996069997,d_1rm_ext,5e6bd8f1d315
pathways,total,d_1rm_ext,lasso,13,79,0,-0.24194484167497,-0.926897433434363,NA,NA,NA,NA,d_1rm_ext,5e6bd8f1d315
pathways,total,d_1rm_ext,lasso,13,79,200,-0.24194484167497,-0.926897433434363,0.517412935323383,0.427860696517413,-0.25795221469248,0.223912344526546,d_1rm_ext,5e6bd8f1d315
pathways,total,d_1rm_ext,rf,13,79,0,-0.0640429916700695,0.0385676394588736,NA,NA,NA,NA,d_1rm_ext,5e6bd8f1d315
pathways,total,d_1rm_ext,rf,13,79,200,-0.0640429916700695,0.0385676394588736,0.189054726368159,0.199004975124378,-0.211962204013238,0.176074541888942,d_1rm_ext,5e6bd8f1d315
pathways,total,d_1rm_ext,ridge,13,79,0,-0.173611111111111,-1,NA,NA,NA,NA,d_1rm_ext,5e6bd8f1d315
pathways,total,d_1rm_ext,ridge,13,79,200,-0.173611111111111,-1,0.323383084577114,1,-0.174640631074452,0.0466317592381882,d_1rm_ext,5e6bd8f1d315
pathways,total,d_1rm_ext,spls,13,79,0,-0.373964653137782,0.0137741569495977,NA,NA,NA,NA,d_1rm_ext,5e6bd8f1d315
pathways,total,d_1rm_ext,spls,13,79,200,-0.373964653137782,0.0137741569495977,0.323383084577114,0.43283582089552203,-0.773803999972286,0.749437451103335,d_1rm_ext,5e6bd8f1d315
pathways,total,d_1rm_ext,svm,13,79,0,0.300346591475641,0.639120882461334,NA,NA,NA,NA,d_1rm_ext,5e6bd8f1d315
pathways,total,d_1rm_ext,svm,13,79,200,0.300346591475641,0.639120882461334,0.0646766169154229,0.0398009950248756,-0.938129700002816,1.0525643647668,d_1rm_ext,5e6bd8f1d315
pathways,total,d_1rm_legpress,enet,14,79,0,-0.440316370548542,-0.996690559042565,NA,NA,NA,NA,d_1rm_legpress,5e6bd8f1d315
pathways,total,d_1rm_legpress,enet,14,79,200,-0.440316370548542,-0.996690559042565,0.825870646766169,0.825870646766169,-0.25039326384083,0.246498622584524,d_1rm_legpress,5e6bd8f1d315
pathways,total,d_1rm_legpress,lasso,14,79,0,-0.159763313609468,-0.996690559042565,NA,NA,NA,NA,d_1rm_legpress,5e6bd8f1d315
pathways,total,d_1rm_legpress,lasso,14,79,200,-0.159763313609468,-0.996690559042565,0.378109452736318,0.845771144278607,-0.257459387886006,0.249725550591608,d_1rm_legpress,5e6bd8f1d315
pathways,total,d_1rm_legpress,rf,14,79,0,-0.412651360822545,-0.757181772587581,NA,NA,NA,NA,d_1rm_legpress,5e6bd8f1d315
pathways,total,d_1rm_legpress,rf,14,79,200,-0.412651360822545,-0.757181772587581,0.855721393034826,0.890547263681592,-0.203391339370874,0.200045732266677,d_1rm_legpress,5e6bd8f1d315
pathways,total,d_1rm_legpress,ridge,14,79,0,-0.159763313609468,-0.996690559042565,NA,NA,NA,NA,d_1rm_legpress,5e6bd8f1d315
pathways,total,d_1rm_legpress,ridge,14,79,200,-0.159763313609468,-0.996690559042565,0.671641791044776,0.572139303482587,-0.158746652535996,0.0685427910580928,d_1rm_legpress,5e6bd8f1d315
pathways,total,d_1rm_legpress,spls,14,79,0,-1.71990521060939,-0.686540907506524,NA,NA,NA,NA,d_1rm_legpress,5e6bd8f1d315
pathways,total,d_1rm_legpress,spls,14,79,200,-1.71990521060939,-0.686540907506524,0.860696517412935,0.915422885572139,-0.792434954615931,0.778585240587078,d_1rm_legpress,5e6bd8f1d315
pathways,total,d_1rm_legpress,svm,14,79,0,-0.327102934015381,0.0331129055067455,NA,NA,NA,NA,d_1rm_legpress,5e6bd8f1d315
pathways,total,d_1rm_legpress,svm,14,79,200,-0.327102934015381,0.0331129055067455,0.318407960199005,0.373134328358209,-0.784642092772482,0.771213181352189,d_1rm_legpress,5e6bd8f1d315
pathways,total,d_fcsa_I,enet,14,79,0,-0.152100176546995,-0.775824175824176,NA,NA,NA,NA,d_fcsa_I,5e6bd8f1d315
pathways,total,d_fcsa_I,enet,14,79,200,-0.152100176546995,-0.775824175824176,0.144278606965174,0.263681592039801,-0.266454475360914,0.223178817186502,d_fcsa_I,5e6bd8f1d315
pathways,total,d_fcsa_I,lasso,14,79,0,-0.155889615833436,-0.775824175824176,NA,NA,NA,NA,d_fcsa_I,5e6bd8f1d315
pathways,total,d_fcsa_I,lasso,14,79,200,-0.155889615833436,-0.775824175824176,0.154228855721393,0.248756218905473,-0.273847862860094,0.228753007297688,d_fcsa_I,5e6bd8f1d315
pathways,total,d_fcsa_I,rf,14,79,0,-0.176312394529089,-0.2,NA,NA,NA,NA,d_fcsa_I,5e6bd8f1d315
pathways,total,d_fcsa_I,rf,14,79,200,-0.176312394529089,-0.2,0.43283582089552203,0.402985074626866,-0.205854664032363,0.167180977240921,d_fcsa_I,5e6bd8f1d315
pathways,total,d_fcsa_I,ridge,14,79,0,-0.159763313609468,-1,NA,NA,NA,NA,d_fcsa_I,5e6bd8f1d315
pathways,total,d_fcsa_I,ridge,14,79,200,-0.159763313609468,-1,0.791044776119403,1,-0.164425905443649,0.0215963094221616,d_fcsa_I,5e6bd8f1d315
pathways,total,d_fcsa_I,spls,14,79,0,-0.53969864145237,0.204395604395604,NA,NA,NA,NA,d_fcsa_I,5e6bd8f1d315
pathways,total,d_fcsa_I,spls,14,79,200,-0.53969864145237,0.204395604395604,0.358208955223881,0.223880597014925,-0.809074737364452,0.65234201527671,d_fcsa_I,5e6bd8f1d315
pathways,total,d_fcsa_I,svm,14,79,0,-0.266495576782245,-0.714285714285714,NA,NA,NA,NA,d_fcsa_I,5e6bd8f1d315
pathways,total,d_fcsa_I,svm,14,79,200,-0.266495576782245,-0.714285714285714,0.915422885572139,0.716417910447761,-0.179237593481881,0.0627106940471686,d_fcsa_I,5e6bd8f1d315
pathways,total,d_fcsa_II,enet,14,79,0,-1.1643609654943,-0.92967032967033,NA,NA,NA,NA,d_fcsa_II,5e6bd8f1d315
pathways,total,d_fcsa_II,enet,14,79,200,-1.1643609654943,-0.92967032967033,0.995024875621891,0.343283582089552,-0.243749697043063,0.172791570716455,d_fcsa_II,5e6bd8f1d315
pathways,total,d_fcsa_II,lasso,14,79,0,-1.31677052997122,-0.920879120879121,NA,NA,NA,NA,d_fcsa_II,5e6bd8f1d315
pathways,total,d_fcsa_II,lasso,14,79,200,-1.31677052997122,-0.920879120879121,1,0.343283582089552,-0.25221343740838,0.184593250440425,d_fcsa_II,5e6bd8f1d315
pathways,total,d_fcsa_II,rf,14,79,0,-0.0751423704288405,-0.16043956043956,NA,NA,NA,NA,d_fcsa_II,5e6bd8f1d315
pathways,total,d_fcsa_II,rf,14,79,200,-0.0751423704288405,-0.16043956043956,0.174129353233831,0.323383084577114,-0.216536423333382,0.149569657681046,d_fcsa_II,5e6bd8f1d315
pathways,total,d_fcsa_II,ridge,14,79,0,-0.159763313609467,-1,NA,NA,NA,NA,d_fcsa_II,5e6bd8f1d315
pathways,total,d_fcsa_II,ridge,14,79,200,-0.159763313609467,-1,0.422885572139304,1,-0.163870862685023,0.0150292233369193,d_fcsa_II,5e6bd8f1d315
pathways,total,d_fcsa_II,spls,14,79,0,-1.49029869371397,-0.147252747252747,NA,NA,NA,NA,d_fcsa_II,5e6bd8f1d315
pathways,total,d_fcsa_II,spls,14,79,200,-1.49029869371397,-0.147252747252747,0.885572139303483,0.527363184079602,-0.753144584758792,0.575576153944141,d_fcsa_II,5e6bd8f1d315
pathways,total,d_fcsa_II,svm,14,79,0,-0.485769394924178,-0.797802197802198,NA,NA,NA,NA,d_fcsa_II,5e6bd8f1d315
pathways,total,d_fcsa_II,svm,14,79,200,-0.485769394924178,-0.797802197802198,0.666666666666667,0.681592039800995,-0.428462167333573,0.103394916822641,d_fcsa_II,5e6bd8f1d315
pathways,total,d_mcsa,enet,14,79,0,-0.0889764313220511,-0.551648351648352,NA,NA,NA,NA,d_mcsa,5e6bd8f1d315
pathways,total,d_mcsa,enet,14,79,200,-0.0889764313220511,-0.551648351648352,0.0746268656716418,0.139303482587065,-0.227246715480864,0.176429278224129,d_mcsa,5e6bd8f1d315
pathways,total,d_mcsa,lasso,14,79,0,-0.1017462337254,-0.824175824175824,NA,NA,NA,NA,d_mcsa,5e6bd8f1d315
pathways,total,d_mcsa,lasso,14,79,200,-0.1017462337254,-0.824175824175824,0.0945273631840796,0.223880597014925,-0.223042146830833,0.178735736600594,d_mcsa,5e6bd8f1d315
pathways,total,d_mcsa,rf,14,79,0,0.15644926634986,0.446153846153846,NA,NA,NA,NA,d_mcsa,5e6bd8f1d315
pathways,total,d_mcsa,rf,14,79,200,0.15644926634986,0.446153846153846,0.0248756218905473,0.0298507462686567,-0.210244315236887,0.158645537090822,d_mcsa,5e6bd8f1d315
pathways,total,d_mcsa,ridge,14,79,0,-0.171738184019689,-0.978021978021978,NA,NA,NA,NA,d_mcsa,5e6bd8f1d315
pathways,total,d_mcsa,ridge,14,79,200,-0.171738184019689,-0.978021978021978,0.930348258706468,0.0945273631840796,-0.159777977058539,0.0292456908182681,d_mcsa,5e6bd8f1d315
pathways,total,d_mcsa,spls,14,79,0,0.129993420748156,0.494505494505494,NA,NA,NA,NA,d_mcsa,5e6bd8f1d315
pathways,total,d_mcsa,spls,14,79,200,0.129993420748156,0.494505494505494,0.109452736318408,0.0696517412935323,-0.750025856531922,0.752585051036318,d_mcsa,5e6bd8f1d315
pathways,total,d_mcsa,svm,14,79,0,0.0415624453852855,0.468131868131868,NA,NA,NA,NA,d_mcsa,5e6bd8f1d315
pathways,total,d_mcsa,svm,14,79,200,0.0415624453852855,0.468131868131868,0.18407960199005,0.104477611940299,-0.822501345409817,0.944988051388874,d_mcsa,5e6bd8f1d315
pathways,training,comp_hypertrophy,enet,14,79,0,-0.595663627140327,-0.973626373626374,NA,NA,NA,NA,comp_hypertrophy,5e6bd8f1d315
pathways,training,comp_hypertrophy,enet,14,79,200,-0.595663627140327,-0.973626373626374,0.930348258706468,0.572139303482587,-0.260464480935061,0.306584504094636,comp_hypertrophy,5e6bd8f1d315
pathways,training,comp_hypertrophy,lasso,14,79,0,-0.159763313609467,-1,NA,NA,NA,NA,comp_hypertrophy,5e6bd8f1d315
pathways,training,comp_hypertrophy,lasso,14,79,200,-0.159763313609467,-1,0.189054726368159,1,-0.260856768763708,0.304178754989745,comp_hypertrophy,5e6bd8f1d315
pathways,training,comp_hypertrophy,rf,14,79,0,-0.268432988395754,-0.516483516483516,NA,NA,NA,NA,comp_hypertrophy,5e6bd8f1d315
pathways,training,comp_hypertrophy,rf,14,79,200,-0.268432988395754,-0.516483516483516,0.676616915422886,0.691542288557214,-0.178028069820049,0.171490500269838,comp_hypertrophy,5e6bd8f1d315
pathways,training,comp_hypertrophy,ridge,14,79,0,-0.159763313609467,-1,NA,NA,NA,NA,comp_hypertrophy,5e6bd8f1d315
pathways,training,comp_hypertrophy,ridge,14,79,200,-0.159763313609467,-1,0.213930348258706,1,-0.155126004328215,0.0598086530656292,comp_hypertrophy,5e6bd8f1d315
pathways,training,comp_hypertrophy,spls,14,79,0,-1.11433796781861,-0.371428571428571,NA,NA,NA,NA,comp_hypertrophy,5e6bd8f1d315
pathways,training,comp_hypertrophy,spls,14,79,200,-1.11433796781861,-0.371428571428571,0.701492537313433,0.71144278606965194,-0.795737113099925,0.816850476994407,comp_hypertrophy,5e6bd8f1d315
pathways,training,comp_hypertrophy,svm,14,79,0,-1.24545598367424,-0.134065934065934,NA,NA,NA,NA,comp_hypertrophy,5e6bd8f1d315
pathways,training,comp_hypertrophy,svm,14,79,200,-1.24545598367424,-0.134065934065934,0.63681592039801,0.582089552238806,-0.974304967149416,0.973057657126743,comp_hypertrophy,5e6bd8f1d315
pathways,training,d_1rm_ext,enet,13,79,0,-0.289262853750471,-0.983425414364641,NA,NA,NA,NA,d_1rm_ext,5e6bd8f1d315
pathways,training,d_1rm_ext,enet,13,79,200,-0.289262853750471,-0.983425414364641,0.721393034825871,0.572139303482587,-0.24273690387578,0.240133267850107,d_1rm_ext,5e6bd8f1d315
pathways,training,d_1rm_ext,lasso,13,79,0,-0.121661018308554,-0.751381215469613,NA,NA,NA,NA,d_1rm_ext,5e6bd8f1d315
pathways,training,d_1rm_ext,lasso,13,79,200,-0.121661018308554,-0.751381215469613,0.114427860696517,0.278606965174129,-0.234670333503152,0.248059192044948,d_1rm_ext,5e6bd8f1d315
pathways,training,d_1rm_ext,rf,13,79,0,0.0190841507759756,0.192838197294368,NA,NA,NA,NA,d_1rm_ext,5e6bd8f1d315
pathways,training,d_1rm_ext,rf,13,79,200,0.0190841507759756,0.192838197294368,0.119402985074627,0.0945273631840796,-0.192996443239123,0.16198073879082,d_1rm_ext,5e6bd8f1d315
pathways,training,d_1rm_ext,ridge,13,79,0,-0.175062837846037,-1,NA,NA,NA,NA,d_1rm_ext,5e6bd8f1d315
pathways,training,d_1rm_ext,ridge,13,79,200,-0.175062837846037,-1,0.855721393034826,1,-0.173852987291262,0.012034495681016,d_1rm_ext,5e6bd8f1d315
pathways,training,d_1rm_ext,spls,13,79,0,-0.578311506229247,0.126722243936299,NA,NA,NA,NA,d_1rm_ext,5e6bd8f1d315
pathways,training,d_1rm_ext,spls,13,79,200,-0.578311506229247,0.126722243936299,0.43283582089552203,0.283582089552239,-0.806722337512025,0.859219048900956,d_1rm_ext,5e6bd8f1d315
pathways,training,d_1rm_ext,svm,13,79,0,0.268352077801062,0.622591894121817,NA,NA,NA,NA,d_1rm_ext,5e6bd8f1d315
pathways,training,d_1rm_ext,svm,13,79,200,0.268352077801062,0.622591894121817,0.0447761194029851,0.0447761194029851,-0.913200580299731,0.913330156669448,d_1rm_ext,5e6bd8f1d315
pathways,training,d_1rm_legpress,enet,14,79,0,-0.22845335412165,-0.987850731467909,NA,NA,NA,NA,d_1rm_legpress,5e6bd8f1d315
pathways,training,d_1rm_legpress,enet,14,79,200,-0.22845335412165,-0.987850731467909,0.527363184079602,0.706467661691542,-0.235586652426759,0.252803934282601,d_1rm_legpress,5e6bd8f1d315
pathways,training,d_1rm_legpress,lasso,14,79,0,-0.293530053547988,-0.987850731467909,NA,NA,NA,NA,d_1rm_legpress,5e6bd8f1d315
pathways,training,d_1rm_legpress,lasso,14,79,200,-0.293530053547988,-0.987850731467909,0.676616915422886,0.696517412935323,-0.241384657165575,0.275075057614798,d_1rm_legpress,5e6bd8f1d315
pathways,training,d_1rm_legpress,rf,14,79,0,-0.299658982104515,-0.624730150560599,NA,NA,NA,NA,d_1rm_legpress,5e6bd8f1d315
pathways,training,d_1rm_legpress,rf,14,79,200,-0.299658982104515,-0.624730150560599,0.756218905472637,0.810945273631841,-0.180038864842222,0.173583677821775,d_1rm_legpress,5e6bd8f1d315
pathways,training,d_1rm_legpress,ridge,14,79,0,-0.159763313609468,-0.996690559042565,NA,NA,NA,NA,d_1rm_legpress,5e6bd8f1d315
pathways,training,d_1rm_legpress,ridge,14,79,200,-0.159763313609468,-0.996690559042565,0.716417910447761,0.582089552238806,-0.155409699949511,0.0604401565294829,d_1rm_legpress,5e6bd8f1d315
pathways,training,d_1rm_legpress,spls,14,79,0,-1.08253444387178,-0.439297879722824,NA,NA,NA,NA,d_1rm_legpress,5e6bd8f1d315
pathways,training,d_1rm_legpress,spls,14,79,200,-1.08253444387178,-0.439297879722824,0.73134328358209,0.761194029850746,-0.749346551680587,0.764140999933963,d_1rm_legpress,5e6bd8f1d315
pathways,training,d_1rm_legpress,svm,14,79,0,-0.711486841039718,-0.169979581601294,NA,NA,NA,NA,d_1rm_legpress,5e6bd8f1d315
pathways,training,d_1rm_legpress,svm,14,79,200,-0.711486841039718,-0.169979581601294,0.512437810945274,0.54228855721393,-0.851561531119812,0.869549455913191,d_1rm_legpress,5e6bd8f1d315
pathways,training,d_fcsa_I,enet,14,79,0,-0.43411292790687,-1,NA,NA,NA,NA,d_fcsa_I,5e6bd8f1d315
pathways,training,d_fcsa_I,enet,14,79,200,-0.43411292790687,-1,0.845771144278607,1,-0.290606624243667,0.25188383437572,d_fcsa_I,5e6bd8f1d315
pathways,training,d_fcsa_I,lasso,14,79,0,-0.416302426960475,-1,NA,NA,NA,NA,d_fcsa_I,5e6bd8f1d315
pathways,training,d_fcsa_I,lasso,14,79,200,-0.416302426960475,-1,0.825870646766169,1,-0.289045950737254,0.305440177117025,d_fcsa_I,5e6bd8f1d315
pathways,training,d_fcsa_I,rf,14,79,0,-0.226810747661897,-0.41098901098901103,NA,NA,NA,NA,d_fcsa_I,5e6bd8f1d315
pathways,training,d_fcsa_I,rf,14,79,200,-0.226810747661897,-0.41098901098901103,0.601990049751244,0.582089552238806,-0.183358349177994,0.159810052648284,d_fcsa_I,5e6bd8f1d315
pathways,training,d_fcsa_I,ridge,14,79,0,-0.159763313609468,-1,NA,NA,NA,NA,d_fcsa_I,5e6bd8f1d315
pathways,training,d_fcsa_I,ridge,14,79,200,-0.159763313609468,-1,0.756218905472637,1,-0.163771947178263,0.0246843976752772,d_fcsa_I,5e6bd8f1d315
pathways,training,d_fcsa_I,spls,14,79,0,-0.414656265762737,-0.327472527472527,NA,NA,NA,NA,d_fcsa_I,5e6bd8f1d315
pathways,training,d_fcsa_I,spls,14,79,200,-0.414656265762737,-0.327472527472527,0.398009950248756,0.71144278606965194,-0.731682990009946,0.734158258423681,d_fcsa_I,5e6bd8f1d315
pathways,training,d_fcsa_I,svm,14,79,0,-0.182240745842037,-0.85054945054945,NA,NA,NA,NA,d_fcsa_I,5e6bd8f1d315
pathways,training,d_fcsa_I,svm,14,79,200,-0.182240745842037,-0.85054945054945,0.601990049751244,0.965174129353234,-0.166378862411684,0.055307780137257,d_fcsa_I,5e6bd8f1d315
pathways,training,d_fcsa_II,enet,14,79,0,-0.256641963249976,-1,NA,NA,NA,NA,d_fcsa_II,5e6bd8f1d315
pathways,training,d_fcsa_II,enet,14,79,200,-0.256641963249976,-1,0.621890547263682,1,-0.272815056117325,0.306362978680531,d_fcsa_II,5e6bd8f1d315
pathways,training,d_fcsa_II,lasso,14,79,0,-0.348143784778899,-1,NA,NA,NA,NA,d_fcsa_II,5e6bd8f1d315
pathways,training,d_fcsa_II,lasso,14,79,200,-0.348143784778899,-1,0.805970149253731,1,-0.27088802199132,0.300003508624014,d_fcsa_II,5e6bd8f1d315
pathways,training,d_fcsa_II,rf,14,79,0,-0.20814705943012,-0.41978021978022,NA,NA,NA,NA,d_fcsa_II,5e6bd8f1d315
pathways,training,d_fcsa_II,rf,14,79,200,-0.20814705943012,-0.41978021978022,0.54228855721393,0.587064676616915,-0.196851822093533,0.155159296501145,d_fcsa_II,5e6bd8f1d315
pathways,training,d_fcsa_II,ridge,14,79,0,-0.159763313609467,-1,NA,NA,NA,NA,d_fcsa_II,5e6bd8f1d315
pathways,training,d_fcsa_II,ridge,14,79,200,-0.159763313609467,-1,0.417910447761194,1,-0.161100764871878,0.021802763675615,d_fcsa_II,5e6bd8f1d315
pathways,training,d_fcsa_II,spls,14,79,0,-0.536306979113817,-0.2,NA,NA,NA,NA,d_fcsa_II,5e6bd8f1d315
pathways,training,d_fcsa_II,spls,14,79,200,-0.536306979113817,-0.2,0.477611940298507,0.601990049751244,-0.754229445365228,0.748158215970391,d_fcsa_II,5e6bd8f1d315
pathways,training,d_fcsa_II,svm,14,79,0,-0.462941302850339,-0.793406593406593,NA,NA,NA,NA,d_fcsa_II,5e6bd8f1d315
pathways,training,d_fcsa_II,svm,14,79,200,-0.462941302850339,-0.793406593406593,0.577114427860697,0.721393034825871,-0.436256196665622,0.0786680950379692,d_fcsa_II,5e6bd8f1d315
pathways,training,d_mcsa,enet,14,79,0,-0.236300276133881,-1,NA,NA,NA,NA,d_mcsa,5e6bd8f1d315
pathways,training,d_mcsa,enet,14,79,200,-0.236300276133881,-1,0.696517412935323,1,-0.219002636088992,0.141135113346105,d_mcsa,5e6bd8f1d315
pathways,training,d_mcsa,lasso,14,79,0,-0.168100661287408,-0.995604395604396,NA,NA,NA,NA,d_mcsa,5e6bd8f1d315
pathways,training,d_mcsa,lasso,14,79,200,-0.168100661287408,-0.995604395604396,0.512437810945274,0.527363184079602,-0.233276314981869,0.15554432227736,d_mcsa,5e6bd8f1d315
pathways,training,d_mcsa,rf,14,79,0,-0.206057696453791,-0.371428571428571,NA,NA,NA,NA,d_mcsa,5e6bd8f1d315
pathways,training,d_mcsa,rf,14,79,200,-0.206057696453791,-0.371428571428571,0.497512437810945,0.477611940298507,-0.209954140202548,0.135073536151622,d_mcsa,5e6bd8f1d315
pathways,training,d_mcsa,ridge,14,79,0,-0.159763313609467,-1,NA,NA,NA,NA,d_mcsa,5e6bd8f1d315
pathways,training,d_mcsa,ridge,14,79,200,-0.159763313609467,-1,0.54228855721393,1,-0.159795765143823,0.0116174036274532,d_mcsa,5e6bd8f1d315
pathways,training,d_mcsa,spls,14,79,0,-1.46454865904703,-0.345054945054945,NA,NA,NA,NA,d_mcsa,5e6bd8f1d315
pathways,training,d_mcsa,spls,14,79,200,-1.46454865904703,-0.345054945054945,0.860696517412935,0.701492537313433,-0.73951669813407,0.677716696788575,d_mcsa,5e6bd8f1d315
pathways,training,d_mcsa,svm,14,79,0,-0.331652025730762,0.010989010989011,NA,NA,NA,NA,d_mcsa,5e6bd8f1d315
pathways,training,d_mcsa,svm,14,79,200,-0.331652025730762,0.010989010989011,0.283582089552239,0.427860696517413,-0.989967603021473,0.965943563607203,d_mcsa,5e6bd8f1d315
pathways,trajectory,comp_hypertrophy,enet,14,237,0,0.1127349747004,0.437362637362637,NA,NA,NA,NA,comp_hypertrophy,5e6bd8f1d315
pathways,trajectory,comp_hypertrophy,enet,14,237,200,0.1127349747004,0.437362637362637,0.0646766169154229,0.054726368159204,-0.206081160462259,0.194587235260921,comp_hypertrophy,5e6bd8f1d315
pathways,trajectory,comp_hypertrophy,lasso,14,237,0,0.17778999080829,0.446153846153846,NA,NA,NA,NA,comp_hypertrophy,5e6bd8f1d315
pathways,trajectory,comp_hypertrophy,lasso,14,237,200,0.17778999080829,0.446153846153846,0.0348258706467662,0.0348258706467662,-0.212031969926516,0.192339074737823,comp_hypertrophy,5e6bd8f1d315
pathways,trajectory,comp_hypertrophy,rf,14,237,0,-0.164275467309588,-0.243956043956044,NA,NA,NA,NA,comp_hypertrophy,5e6bd8f1d315
pathways,trajectory,comp_hypertrophy,rf,14,237,200,-0.164275467309588,-0.243956043956044,0.412935323383085,0.373134328358209,-0.183693879614785,0.149521515079284,comp_hypertrophy,5e6bd8f1d315
pathways,trajectory,comp_hypertrophy,ridge,14,237,0,-0.159763313609467,-1,NA,NA,NA,NA,comp_hypertrophy,5e6bd8f1d315
pathways,trajectory,comp_hypertrophy,ridge,14,237,200,-0.159763313609467,-1,0.194029850746269,1,-0.165363239216503,0.0394570250897075,comp_hypertrophy,5e6bd8f1d315
pathways,trajectory,comp_hypertrophy,spls,14,237,0,0.149373151129518,0.41098901098901103,NA,NA,NA,NA,comp_hypertrophy,5e6bd8f1d315
pathways,trajectory,comp_hypertrophy,spls,14,237,200,0.149373151129518,0.41098901098901103,0.104477611940299,0.139303482587065,-0.75490780007664,0.849081760181179,comp_hypertrophy,5e6bd8f1d315
pathways,trajectory,comp_hypertrophy,svm,14,237,0,-0.814853406599374,-0.204395604395604,NA,NA,NA,NA,comp_hypertrophy,5e6bd8f1d315
pathways,trajectory,comp_hypertrophy,svm,14,237,200,-0.814853406599374,-0.204395604395604,0.666666666666667,0.567164179104478,-0.610646382186829,0.621441217471022,comp_hypertrophy,5e6bd8f1d315
pathways,trajectory,d_1rm_ext,enet,13,237,0,-0.296440703475099,-0.988950276243094,NA,NA,NA,NA,d_1rm_ext,5e6bd8f1d315
pathways,trajectory,d_1rm_ext,enet,13,237,200,-0.296440703475099,-0.988950276243094,0.786069651741294,0.621890547263682,-0.206045335102981,0.176439923831614,d_1rm_ext,5e6bd8f1d315
pathways,trajectory,d_1rm_ext,lasso,13,237,0,-0.311579968592653,-0.921380186806778,NA,NA,NA,NA,d_1rm_ext,5e6bd8f1d315
pathways,trajectory,d_1rm_ext,lasso,13,237,200,-0.311579968592653,-0.921380186806778,0.791044776119403,0.427860696517413,-0.216121527347562,0.189976319824865,d_1rm_ext,5e6bd8f1d315
pathways,trajectory,d_1rm_ext,rf,13,237,0,-0.128053088878679,-0.214876848413724,NA,NA,NA,NA,d_1rm_ext,5e6bd8f1d315
pathways,trajectory,d_1rm_ext,rf,13,237,200,-0.128053088878679,-0.214876848413724,0.323383084577114,0.323383084577114,-0.185175959149143,0.153572533439758,d_1rm_ext,5e6bd8f1d315
pathways,trajectory,d_1rm_ext,ridge,13,237,0,-0.196296725186804,-1,NA,NA,NA,NA,d_1rm_ext,5e6bd8f1d315
pathways,trajectory,d_1rm_ext,ridge,13,237,200,-0.196296725186804,-1,0.895522388059702,1,-0.170885016780703,0.0552995022975312,d_1rm_ext,5e6bd8f1d315
pathways,trajectory,d_1rm_ext,spls,13,237,0,-0.493233798751108,-0.0771352789177472,NA,NA,NA,NA,d_1rm_ext,5e6bd8f1d315
pathways,trajectory,d_1rm_ext,spls,13,237,200,-0.493233798751108,-0.0771352789177472,0.472636815920398,0.527363184079602,-0.664176898363512,0.773474973709171,d_1rm_ext,5e6bd8f1d315
pathways,trajectory,d_1rm_ext,svm,13,237,0,0.143624287594028,0.336089429570184,NA,NA,NA,NA,d_1rm_ext,5e6bd8f1d315
pathways,trajectory,d_1rm_ext,svm,13,237,200,0.143624287594028,0.336089429570184,0.114427860696517,0.169154228855721,-0.545320416059167,0.603602656347271,d_1rm_ext,5e6bd8f1d315
pathways,trajectory,d_1rm_legpress,enet,14,237,0,-0.173457891851659,-0.98343081768058,NA,NA,NA,NA,d_1rm_legpress,5e6bd8f1d315
pathways,trajectory,d_1rm_legpress,enet,14,237,200,-0.173457891851659,-0.98343081768058,0.437810945273632,0.577114427860697,-0.208568453854591,0.213129432731987,d_1rm_legpress,5e6bd8f1d315
pathways,trajectory,d_1rm_legpress,lasso,14,237,0,-0.227938987307819,-0.98343081768058,NA,NA,NA,NA,d_1rm_legpress,5e6bd8f1d315
pathways,trajectory,d_1rm_legpress,lasso,14,237,200,-0.227938987307819,-0.98343081768058,0.611940298507463,0.611940298507463,-0.206784330534366,0.225794354577973,d_1rm_legpress,5e6bd8f1d315
pathways,trajectory,d_1rm_legpress,rf,14,237,0,-0.123104367731577,-0.253865608885049,NA,NA,NA,NA,d_1rm_legpress,5e6bd8f1d315
pathways,trajectory,d_1rm_legpress,rf,14,237,200,-0.123104367731577,-0.253865608885049,0.283582089552239,0.318407960199005,-0.19041517229994,0.157432715967522,d_1rm_legpress,5e6bd8f1d315
pathways,trajectory,d_1rm_legpress,ridge,14,237,0,-0.159763313609468,-0.996690559042565,NA,NA,NA,NA,d_1rm_legpress,5e6bd8f1d315
pathways,trajectory,d_1rm_legpress,ridge,14,237,200,-0.159763313609468,-0.996690559042565,0.716417910447761,0.626865671641791,-0.156994888994906,0.0730131238807386,d_1rm_legpress,5e6bd8f1d315
pathways,trajectory,d_1rm_legpress,spls,14,237,0,-1.24574888099138,-0.456958095993088,NA,NA,NA,NA,d_1rm_legpress,5e6bd8f1d315
pathways,trajectory,d_1rm_legpress,spls,14,237,200,-1.24574888099138,-0.456958095993088,0.71144278606965194,0.73134328358209,-0.798949902807086,0.788777546335367,d_1rm_legpress,5e6bd8f1d315
pathways,trajectory,d_1rm_legpress,svm,14,237,0,-0.802853063945463,-0.192054851939124,NA,NA,NA,NA,d_1rm_legpress,5e6bd8f1d315
pathways,trajectory,d_1rm_legpress,svm,14,237,200,-0.802853063945463,-0.192054851939124,0.651741293532338,0.517412935323383,-0.635338820116428,0.653126283858388,d_1rm_legpress,5e6bd8f1d315
pathways,trajectory,d_fcsa_I,enet,14,237,0,-0.223026432210593,-0.85054945054945,NA,NA,NA,NA,d_fcsa_I,5e6bd8f1d315
pathways,trajectory,d_fcsa_I,enet,14,237,200,-0.223026432210593,-0.85054945054945,0.54228855721393,0.338308457711443,-0.231323615228805,0.163289042082519,d_fcsa_I,5e6bd8f1d315
pathways,trajectory,d_fcsa_I,lasso,14,237,0,-0.33361505344005,-0.973626373626374,NA,NA,NA,NA,d_fcsa_I,5e6bd8f1d315
pathways,trajectory,d_fcsa_I,lasso,14,237,200,-0.33361505344005,-0.973626373626374,0.791044776119403,0.537313432835821,-0.233349217027749,0.189913021879471,d_fcsa_I,5e6bd8f1d315
pathways,trajectory,d_fcsa_I,rf,14,237,0,-0.146910808845674,-0.27032967032967,NA,NA,NA,NA,d_fcsa_I,5e6bd8f1d315
pathways,trajectory,d_fcsa_I,rf,14,237,200,-0.146910808845674,-0.27032967032967,0.393034825870647,0.45771144278607,-0.179065940233589,0.139929791833954,d_fcsa_I,5e6bd8f1d315
pathways,trajectory,d_fcsa_I,ridge,14,237,0,-0.159763313609468,-1,NA,NA,NA,NA,d_fcsa_I,5e6bd8f1d315
pathways,trajectory,d_fcsa_I,ridge,14,237,200,-0.159763313609468,-1,0.72636815920398,1,-0.162658977914894,0.0347368292710215,d_fcsa_I,5e6bd8f1d315
pathways,trajectory,d_fcsa_I,spls,14,237,0,-0.306130319362147,-0.463736263736264,NA,NA,NA,NA,d_fcsa_I,5e6bd8f1d315
pathways,trajectory,d_fcsa_I,spls,14,237,200,-0.306130319362147,-0.463736263736264,0.338308457711443,0.845771144278607,-0.707471902865457,0.718353473672446,d_fcsa_I,5e6bd8f1d315
pathways,trajectory,d_fcsa_I,svm,14,237,0,-0.217911934447421,-0.520879120879121,NA,NA,NA,NA,d_fcsa_I,5e6bd8f1d315
pathways,trajectory,d_fcsa_I,svm,14,237,200,-0.217911934447421,-0.520879120879121,0.412935323383085,0.472636815920398,-0.232520737356987,0.0940664614878985,d_fcsa_I,5e6bd8f1d315
pathways,trajectory,d_fcsa_II,enet,14,237,0,-0.184459908023749,-0.995604395604396,NA,NA,NA,NA,d_fcsa_II,5e6bd8f1d315
pathways,trajectory,d_fcsa_II,enet,14,237,200,-0.184459908023749,-0.995604395604396,0.562189054726368,0.577114427860697,-0.201583743524594,0.181999849550268,d_fcsa_II,5e6bd8f1d315
pathways,trajectory,d_fcsa_II,lasso,14,237,0,-0.159763313609467,-1,NA,NA,NA,NA,d_fcsa_II,5e6bd8f1d315
pathways,trajectory,d_fcsa_II,lasso,14,237,200,-0.159763313609467,-1,0.343283582089552,1,-0.210048171096719,0.193963568441891,d_fcsa_II,5e6bd8f1d315
pathways,trajectory,d_fcsa_II,rf,14,237,0,-0.17788458795067,-0.41098901098901103,NA,NA,NA,NA,d_fcsa_II,5e6bd8f1d315
pathways,trajectory,d_fcsa_II,rf,14,237,200,-0.17788458795067,-0.41098901098901103,0.45273631840796,0.567164179104478,-0.182253785388796,0.144554390639261,d_fcsa_II,5e6bd8f1d315
pathways,trajectory,d_fcsa_II,ridge,14,237,0,-0.159763313609467,-1,NA,NA,NA,NA,d_fcsa_II,5e6bd8f1d315
pathways,trajectory,d_fcsa_II,ridge,14,237,200,-0.159763313609467,-1,0.487562189054726,1,-0.160057904591162,0.0331244265532029,d_fcsa_II,5e6bd8f1d315
pathways,trajectory,d_fcsa_II,spls,14,237,0,-0.531520895603868,-0.617582417582418,NA,NA,NA,NA,d_fcsa_II,5e6bd8f1d315
pathways,trajectory,d_fcsa_II,spls,14,237,200,-0.531520895603868,-0.617582417582418,0.467661691542289,0.940298507462687,-0.666936259237013,0.700793872967269,d_fcsa_II,5e6bd8f1d315
pathways,trajectory,d_fcsa_II,svm,14,237,0,-0.445413731167995,-0.810989010989011,NA,NA,NA,NA,d_fcsa_II,5e6bd8f1d315
pathways,trajectory,d_fcsa_II,svm,14,237,200,-0.445413731167995,-0.810989010989011,0.72636815920398,0.885572139303483,-0.333375572010853,0.168049921159283,d_fcsa_II,5e6bd8f1d315
pathways,trajectory,d_mcsa,enet,14,237,0,0.259726105892755,0.525274725274725,NA,NA,NA,NA,d_mcsa,5e6bd8f1d315
pathways,trajectory,d_mcsa,enet,14,237,200,0.259726105892755,0.525274725274725,0.0248756218905473,0.0298507462686567,-0.186438934688261,0.138191298603544,d_mcsa,5e6bd8f1d315
pathways,trajectory,d_mcsa,lasso,14,237,0,-0.0749125231190715,0.0417582417582418,NA,NA,NA,NA,d_mcsa,5e6bd8f1d315
pathways,trajectory,d_mcsa,lasso,14,237,200,-0.0749125231190715,0.0417582417582418,0.0945273631840796,0.0746268656716418,-0.189630998077634,0.14818500666211,d_mcsa,5e6bd8f1d315
pathways,trajectory,d_mcsa,rf,14,237,0,0.162702655113724,0.556043956043956,NA,NA,NA,NA,d_mcsa,5e6bd8f1d315
pathways,trajectory,d_mcsa,rf,14,237,200,0.162702655113724,0.556043956043956,0.0199004975124378,0.0199004975124378,-0.192847165091876,0.136850848173076,d_mcsa,5e6bd8f1d315
pathways,trajectory,d_mcsa,ridge,14,237,0,0.077556765871716,0.415384615384615,NA,NA,NA,NA,d_mcsa,5e6bd8f1d315
pathways,trajectory,d_mcsa,ridge,14,237,200,0.077556765871716,0.415384615384615,0.0099502487562189,0.0099502487562189,-0.157106296210139,0.0457359998087378,d_mcsa,5e6bd8f1d315
pathways,trajectory,d_mcsa,spls,14,237,0,0.411266403925074,0.67032967032967,NA,NA,NA,NA,d_mcsa,5e6bd8f1d315
pathways,trajectory,d_mcsa,spls,14,237,200,0.411266403925074,0.67032967032967,0.0298507462686567,0.0447761194029851,-0.746450270442581,0.731814620750024,d_mcsa,5e6bd8f1d315
pathways,trajectory,d_mcsa,svm,14,237,0,0.365894417617511,0.608791208791209,NA,NA,NA,NA,d_mcsa,5e6bd8f1d315
pathways,trajectory,d_mcsa,svm,14,237,200,0.365894417617511,0.608791208791209,0.054726368159204,0.0497512437810945,-0.559082155470553,0.604673385441757,d_mcsa,5e6bd8f1d315
proteins,acute,comp_hypertrophy,enet,15,1900,0,-0.275274620738841,-0.903571428571428,NA,NA,NA,NA,comp_hypertrophy,5e6bd8f1d315
proteins,acute,comp_hypertrophy,enet,15,1900,200,-0.275274620738841,-0.903571428571428,0.91044776119403,0.353233830845771,-0.1758166184419,0.112483157526762,comp_hypertrophy,5e6bd8f1d315
proteins,acute,comp_hypertrophy,lasso,15,1900,0,-0.247268256525952,-0.978571428571428,NA,NA,NA,NA,comp_hypertrophy,5e6bd8f1d315
proteins,acute,comp_hypertrophy,lasso,15,1900,200,-0.247268256525952,-0.978571428571428,0.82089552238806,0.562189054726368,-0.183260053709362,0.150745727249033,comp_hypertrophy,5e6bd8f1d315
proteins,acute,comp_hypertrophy,rf,15,1900,0,-0.0722322359249972,-0.246428571428571,NA,NA,NA,NA,comp_hypertrophy,5e6bd8f1d315
proteins,acute,comp_hypertrophy,rf,15,1900,200,-0.0722322359249972,-0.246428571428571,0.208955223880597,0.318407960199005,-0.168417533710018,0.111494996458089,comp_hypertrophy,5e6bd8f1d315
proteins,acute,comp_hypertrophy,ridge,15,1900,0,-0.133561129392687,-0.996428571428571,NA,NA,NA,NA,comp_hypertrophy,5e6bd8f1d315
proteins,acute,comp_hypertrophy,ridge,15,1900,200,-0.133561129392687,-0.996428571428571,0.0497512437810945,0.258706467661692,-0.152920976828485,0.0383232203306845,comp_hypertrophy,5e6bd8f1d315
proteins,acute,comp_hypertrophy,spls,15,1900,0,-0.341308375411348,-0.00714285714285714,NA,NA,NA,NA,comp_hypertrophy,5e6bd8f1d315
proteins,acute,comp_hypertrophy,spls,15,1900,200,-0.341308375411348,-0.00714285714285714,0.388059701492537,0.388059701492537,-0.628948238004352,0.703583265318801,comp_hypertrophy,5e6bd8f1d315
proteins,acute,comp_hypertrophy,svm,15,1900,0,-0.162252061145696,-0.182142857142857,NA,NA,NA,NA,comp_hypertrophy,5e6bd8f1d315
proteins,acute,comp_hypertrophy,svm,15,1900,200,-0.162252061145696,-0.182142857142857,0.318407960199005,0.522388059701492,-0.378892616218153,0.358449794557299,comp_hypertrophy,5e6bd8f1d315
proteins,acute,d_1rm_ext,enet,14,1900,0,-0.159763313609467,-1,NA,NA,NA,NA,d_1rm_ext,5e6bd8f1d315
proteins,acute,d_1rm_ext,enet,14,1900,200,-0.159763313609467,-1,0.383084577114428,1,-0.181230344492052,0.117863651334441,d_1rm_ext,5e6bd8f1d315
proteins,acute,d_1rm_ext,lasso,14,1900,0,-0.159763313609467,-1,NA,NA,NA,NA,d_1rm_ext,5e6bd8f1d315
proteins,acute,d_1rm_ext,lasso,14,1900,200,-0.159763313609467,-1,0.358208955223881,1,-0.193141434954179,0.134569295603582,d_1rm_ext,5e6bd8f1d315
proteins,acute,d_1rm_ext,rf,14,1900,0,-0.281793966102342,-0.720266064417459,NA,NA,NA,NA,d_1rm_ext,5e6bd8f1d315
proteins,acute,d_1rm_ext,rf,14,1900,200,-0.281793966102342,-0.720266064417459,0.830845771144279,0.82089552238806,-0.165496867785576,0.125869332177784,d_1rm_ext,5e6bd8f1d315
proteins,acute,d_1rm_ext,ridge,14,1900,0,-0.159763313609467,-1,NA,NA,NA,NA,d_1rm_ext,5e6bd8f1d315
proteins,acute,d_1rm_ext,ridge,14,1900,200,-0.159763313609467,-1,0.54228855721393,1,-0.161500217567417,0.0408017842495946,d_1rm_ext,5e6bd8f1d315
proteins,acute,d_1rm_ext,spls,14,1900,0,-0.683522698609135,-0.224670148533886,NA,NA,NA,NA,d_1rm_ext,5e6bd8f1d315
proteins,acute,d_1rm_ext,spls,14,1900,200,-0.683522698609135,-0.224670148533886,0.537313432835821,0.582089552238806,-0.699407051563432,0.719698468517711,d_1rm_ext,5e6bd8f1d315
proteins,acute,d_1rm_ext,svm,14,1900,0,-0.626002703751423,-0.389868787161744,NA,NA,NA,NA,d_1rm_ext,5e6bd8f1d315
proteins,acute,d_1rm_ext,svm,14,1900,200,-0.626002703751423,-0.389868787161744,0.746268656716418,0.686567164179104,-0.381507996978391,0.356917779191463,d_1rm_ext,5e6bd8f1d315
proteins,acute,d_1rm_legpress,enet,15,1900,0,-0.147959183673469,-0.996415759077198,NA,NA,NA,NA,d_1rm_legpress,5e6bd8f1d315
proteins,acute,d_1rm_legpress,enet,15,1900,200,-0.147959183673469,-0.996415759077198,0.27363184079602,0.81592039800995,-0.193680827902858,0.137686221437203,d_1rm_legpress,5e6bd8f1d315
proteins,acute,d_1rm_legpress,lasso,15,1900,0,-0.147959183673469,-0.996415759077198,NA,NA,NA,NA,d_1rm_legpress,5e6bd8f1d315
proteins,acute,d_1rm_legpress,lasso,15,1900,200,-0.147959183673469,-0.996415759077198,0.278606965174129,0.850746268656716,-0.197947834512687,0.160440222399439,d_1rm_legpress,5e6bd8f1d315
proteins,acute,d_1rm_legpress,rf,15,1900,0,-0.224883315220593,-0.504040942342258,NA,NA,NA,NA,d_1rm_legpress,5e6bd8f1d315
proteins,acute,d_1rm_legpress,rf,15,1900,200,-0.224883315220593,-0.504040942342258,0.656716417910448,0.557213930348259,-0.166157409123041,0.124846837997865,d_1rm_legpress,5e6bd8f1d315
proteins,acute,d_1rm_legpress,ridge,15,1900,0,-0.147959183673469,-0.996415759077198,NA,NA,NA,NA,d_1rm_legpress,5e6bd8f1d315
proteins,acute,d_1rm_legpress,ridge,15,1900,200,-0.147959183673469,-0.996415759077198,0.293532338308458,0.383084577114428,-0.14851914423045,0.0538050304071654,d_1rm_legpress,5e6bd8f1d315
proteins,acute,d_1rm_legpress,spls,15,1900,0,-1.83700277093809,-0.493278502292245,NA,NA,NA,NA,d_1rm_legpress,5e6bd8f1d315
proteins,acute,d_1rm_legpress,spls,15,1900,200,-1.83700277093809,-0.493278502292245,0.950248756218905,0.880597014925373,-0.648106272655093,0.658802721669855,d_1rm_legpress,5e6bd8f1d315
proteins,acute,d_1rm_legpress,svm,15,1900,0,-1.14405958470961,-0.396416541842132,NA,NA,NA,NA,d_1rm_legpress,5e6bd8f1d315
proteins,acute,d_1rm_legpress,svm,15,1900,200,-1.14405958470961,-0.396416541842132,0.975124378109453,0.721393034825871,-0.417142578099084,0.396206724027252,d_1rm_legpress,5e6bd8f1d315
proteins,acute,d_fcsa_I,enet,15,1900,0,-0.10445146628785,-0.6,NA,NA,NA,NA,d_fcsa_I,5e6bd8f1d315
proteins,acute,d_fcsa_I,enet,15,1900,200,-0.10445146628785,-0.6,0.0995024875621891,0.149253731343284,-0.154924784297751,0.0949091226960616,d_fcsa_I,5e6bd8f1d315
proteins,acute,d_fcsa_I,lasso,15,1900,0,-0.0999940598616476,-0.553571428571428,NA,NA,NA,NA,d_fcsa_I,5e6bd8f1d315
proteins,acute,d_fcsa_I,lasso,15,1900,200,-0.0999940598616476,-0.553571428571428,0.0746268656716418,0.0995024875621891,-0.167611618599243,0.122112022484137,d_fcsa_I,5e6bd8f1d315
proteins,acute,d_fcsa_I,rf,15,1900,0,-0.211172278044771,-0.485714285714286,NA,NA,NA,NA,d_fcsa_I,5e6bd8f1d315
proteins,acute,d_fcsa_I,rf,15,1900,200,-0.211172278044771,-0.485714285714286,0.621890547263682,0.562189054726368,-0.162686203747331,0.120612911564581,d_fcsa_I,5e6bd8f1d315
proteins,acute,d_fcsa_I,ridge,15,1900,0,-0.147959183673469,-1,NA,NA,NA,NA,d_fcsa_I,5e6bd8f1d315
proteins,acute,d_fcsa_I,ridge,15,1900,200,-0.147959183673469,-1,0.348258706467662,1,-0.148388499985446,0.034098348238377,d_fcsa_I,5e6bd8f1d315
proteins,acute,d_fcsa_I,spls,15,1900,0,0.376288579962151,0.753571428571428,NA,NA,NA,NA,d_fcsa_I,5e6bd8f1d315
proteins,acute,d_fcsa_I,spls,15,1900,200,0.376288579962151,0.753571428571428,0.0348258706467662,0.0199004975124378,-0.649436914574897,0.618848764754911,d_fcsa_I,5e6bd8f1d315
proteins,acute,d_fcsa_I,svm,15,1900,0,-0.435914891156787,-0.546428571428571,NA,NA,NA,NA,d_fcsa_I,5e6bd8f1d315
proteins,acute,d_fcsa_I,svm,15,1900,200,-0.435914891156787,-0.546428571428571,0.63681592039801,0.786069651741294,-0.310389842921266,0.294121684360219,d_fcsa_I,5e6bd8f1d315
proteins,acute,d_fcsa_II,enet,15,1900,0,-0.147959183673469,-1,NA,NA,NA,NA,d_fcsa_II,5e6bd8f1d315
proteins,acute,d_fcsa_II,enet,15,1900,200,-0.147959183673469,-1,0.502487562189055,1,-0.163236313869617,0.07341454944906,d_fcsa_II,5e6bd8f1d315
proteins,acute,d_fcsa_II,lasso,15,1900,0,-0.147959183673469,-1,NA,NA,NA,NA,d_fcsa_II,5e6bd8f1d315
proteins,acute,d_fcsa_II,lasso,15,1900,200,-0.147959183673469,-1,0.527363184079602,1,-0.172372747294114,0.0940331036586263,d_fcsa_II,5e6bd8f1d315
proteins,acute,d_fcsa_II,rf,15,1900,0,-0.178757447079468,-0.410714285714286,NA,NA,NA,NA,d_fcsa_II,5e6bd8f1d315
proteins,acute,d_fcsa_II,rf,15,1900,200,-0.178757447079468,-0.410714285714286,0.507462686567164,0.467661691542289,-0.171908699859713,0.105130937819513,d_fcsa_II,5e6bd8f1d315
proteins,acute,d_fcsa_II,ridge,15,1900,0,-0.147959183673469,-1,NA,NA,NA,NA,d_fcsa_II,5e6bd8f1d315
proteins,acute,d_fcsa_II,ridge,15,1900,200,-0.147959183673469,-1,0.786069651741294,1,-0.146906082932127,0.0300668160101545,d_fcsa_II,5e6bd8f1d315
proteins,acute,d_fcsa_II,spls,15,1900,0,-0.531546275120951,-0.128571428571429,NA,NA,NA,NA,d_fcsa_II,5e6bd8f1d315
proteins,acute,d_fcsa_II,spls,15,1900,200,-0.531546275120951,-0.128571428571429,0.527363184079602,0.537313432835821,-0.595934729473225,0.599785344188898,d_fcsa_II,5e6bd8f1d315
proteins,acute,d_fcsa_II,svm,15,1900,0,-0.366510192597088,-0.492857142857143,NA,NA,NA,NA,d_fcsa_II,5e6bd8f1d315
proteins,acute,d_fcsa_II,svm,15,1900,200,-0.366510192597088,-0.492857142857143,0.587064676616915,0.756218905472637,-0.294488473662954,0.27655148175259,d_fcsa_II,5e6bd8f1d315
proteins,acute,d_mcsa,enet,15,1900,0,-0.226670837238061,-0.696428571428571,NA,NA,NA,NA,d_mcsa,5e6bd8f1d315
proteins,acute,d_mcsa,enet,15,1900,200,-0.226670837238061,-0.696428571428571,0.890547263681592,0.174129353233831,-0.161676319468808,0.0987856137142585,d_mcsa,5e6bd8f1d315
proteins,acute,d_mcsa,lasso,15,1900,0,-0.235164286377751,-0.860714285714286,NA,NA,NA,NA,d_mcsa,5e6bd8f1d315
proteins,acute,d_mcsa,lasso,15,1900,200,-0.235164286377751,-0.860714285714286,0.855721393034826,0.243781094527363,-0.170582626332391,0.119020635025871,d_mcsa,5e6bd8f1d315
proteins,acute,d_mcsa,rf,15,1900,0,-0.0160225517228982,-0.132142857142857,NA,NA,NA,NA,d_mcsa,5e6bd8f1d315
proteins,acute,d_mcsa,rf,15,1900,200,-0.0160225517228982,-0.132142857142857,0.119402985074627,0.213930348258706,-0.16674336665681,0.107981878134559,d_mcsa,5e6bd8f1d315
proteins,acute,d_mcsa,ridge,15,1900,0,-0.147708129165279,-0.621428571428571,NA,NA,NA,NA,d_mcsa,5e6bd8f1d315
proteins,acute,d_mcsa,ridge,15,1900,200,-0.147708129165279,-0.621428571428571,0.0696517412935323,0.0597014925373134,-0.147745169651803,0.0388862664938618,d_mcsa,5e6bd8f1d315
proteins,acute,d_mcsa,spls,15,1900,0,-0.277671215826158,-0.0107142857142857,NA,NA,NA,NA,d_mcsa,5e6bd8f1d315
proteins,acute,d_mcsa,spls,15,1900,200,-0.277671215826158,-0.0107142857142857,0.308457711442786,0.383084577114428,-0.64899783145226,0.667806996982144,d_mcsa,5e6bd8f1d315
proteins,acute,d_mcsa,svm,15,1900,0,0.288079074977203,0.557142857142857,NA,NA,NA,NA,d_mcsa,5e6bd8f1d315
proteins,acute,d_mcsa,svm,15,1900,200,0.288079074977203,0.557142857142857,0.0248756218905473,0.0298507462686567,-0.346204011730662,0.350114964201642,d_mcsa,5e6bd8f1d315
proteins,T1,comp_hypertrophy,enet,15,1898,0,-0.147959183673469,-1,NA,NA,NA,NA,comp_hypertrophy,5e6bd8f1d315
proteins,T1,comp_hypertrophy,enet,15,1898,200,-0.147959183673469,-1,0.213930348258706,1,-0.174718224770271,0.148040535964159,comp_hypertrophy,5e6bd8f1d315
proteins,T1,comp_hypertrophy,lasso,15,1898,0,-0.147959183673469,-1,NA,NA,NA,NA,comp_hypertrophy,5e6bd8f1d315
proteins,T1,comp_hypertrophy,lasso,15,1898,200,-0.147959183673469,-1,0.218905472636816,1,-0.192384404107186,0.207000484047877,comp_hypertrophy,5e6bd8f1d315
proteins,T1,comp_hypertrophy,rf,15,1898,0,-0.301294559102669,-0.657142857142857,NA,NA,NA,NA,comp_hypertrophy,5e6bd8f1d315
proteins,T1,comp_hypertrophy,rf,15,1898,200,-0.301294559102669,-0.657142857142857,0.840796019900497,0.840796019900497,-0.159769872247781,0.15658111123649401,comp_hypertrophy,5e6bd8f1d315
proteins,T1,comp_hypertrophy,ridge,15,1898,0,-0.147959183673469,-1,NA,NA,NA,NA,comp_hypertrophy,5e6bd8f1d315
proteins,T1,comp_hypertrophy,ridge,15,1898,200,-0.147959183673469,-1,0.159203980099502,1,-0.144011377513409,0.0821764338138127,comp_hypertrophy,5e6bd8f1d315
proteins,T1,comp_hypertrophy,spls,15,1898,0,-1.21813431823142,-0.514285714285714,NA,NA,NA,NA,comp_hypertrophy,5e6bd8f1d315
proteins,T1,comp_hypertrophy,spls,15,1898,200,-1.21813431823142,-0.514285714285714,0.781094527363184,0.825870646766169,-0.726699096837963,0.838858970168306,comp_hypertrophy,5e6bd8f1d315
proteins,T1,comp_hypertrophy,svm,15,1898,0,-0.324140546244717,-0.185714285714286,NA,NA,NA,NA,comp_hypertrophy,5e6bd8f1d315
proteins,T1,comp_hypertrophy,svm,15,1898,200,-0.324140546244717,-0.185714285714286,0.507462686567164,0.597014925373134,-0.31269934666004,0.363747692224213,comp_hypertrophy,5e6bd8f1d315
proteins,T1,d_1rm_ext,enet,14,1898,0,-0.192544216749635,-0.932745881138958,NA,NA,NA,NA,d_1rm_ext,5e6bd8f1d315
proteins,T1,d_1rm_ext,enet,14,1898,200,-0.192544216749635,-0.932745881138958,0.766169154228856,0.213930348258706,-0.177277479269772,0.0684626405056844,d_1rm_ext,5e6bd8f1d315
proteins,T1,d_1rm_ext,lasso,14,1898,0,-0.172733131877834,-0.985667633260317,NA,NA,NA,NA,d_1rm_ext,5e6bd8f1d315
proteins,T1,d_1rm_ext,lasso,14,1898,200,-0.172733131877834,-0.985667633260317,0.661691542288557,0.373134328358209,-0.175071565214769,0.0827870266749626,d_1rm_ext,5e6bd8f1d315
proteins,T1,d_1rm_ext,rf,14,1898,0,-0.0835564220515106,-0.0154185396052667,NA,NA,NA,NA,d_1rm_ext,5e6bd8f1d315
proteins,T1,d_1rm_ext,rf,14,1898,200,-0.0835564220515106,-0.0154185396052667,0.189054726368159,0.154228855721393,-0.202678240081732,0.133719928978763,d_1rm_ext,5e6bd8f1d315
proteins,T1,d_1rm_ext,ridge,14,1898,0,-0.190500059094144,-0.884234275027711,NA,NA,NA,NA,d_1rm_ext,5e6bd8f1d315
proteins,T1,d_1rm_ext,ridge,14,1898,200,-0.190500059094144,-0.884234275027711,0.895522388059702,0.0497512437810945,-0.164783497484863,0.0359320812917735,d_1rm_ext,5e6bd8f1d315
proteins,T1,d_1rm_ext,spls,14,1898,0,-0.177213966250994,0.167401287142896,NA,NA,NA,NA,d_1rm_ext,5e6bd8f1d315
proteins,T1,d_1rm_ext,spls,14,1898,200,-0.177213966250994,0.167401287142896,0.199004975124378,0.213930348258706,-0.71055321139253,0.66959024293235,d_1rm_ext,5e6bd8f1d315
proteins,T1,d_1rm_ext,svm,14,1898,0,0.00576509443363327,0.235683391109077,NA,NA,NA,NA,d_1rm_ext,5e6bd8f1d315
proteins,T1,d_1rm_ext,svm,14,1898,200,0.00576509443363327,0.235683391109077,0.109452736318408,0.159203980099502,-0.436840659782853,0.354979705601923,d_1rm_ext,5e6bd8f1d315
proteins,T1,d_1rm_legpress,enet,15,1898,0,-0.0752918928121016,-0.376346503434643,NA,NA,NA,NA,d_1rm_legpress,5e6bd8f1d315
proteins,T1,d_1rm_legpress,enet,15,1898,200,-0.0752918928121016,-0.376346503434643,0.0945273631840796,0.104477611940299,-0.179205256061813,0.122224159837394,d_1rm_legpress,5e6bd8f1d315
proteins,T1,d_1rm_legpress,lasso,15,1898,0,-0.0210078015160711,-0.121973535668848,NA,NA,NA,NA,d_1rm_legpress,5e6bd8f1d315
proteins,T1,d_1rm_legpress,lasso,15,1898,200,-0.0210078015160711,-0.121973535668848,0.0895522388059701,0.109452736318408,-0.17561000952502,0.145788357211688,d_1rm_legpress,5e6bd8f1d315
proteins,T1,d_1rm_legpress,rf,15,1898,0,-0.112729967622125,-0.0788535531005919,NA,NA,NA,NA,d_1rm_legpress,5e6bd8f1d315
proteins,T1,d_1rm_legpress,rf,15,1898,200,-0.112729967622125,-0.0788535531005919,0.238805970149254,0.233830845771144,-0.207297854863226,0.1450792641873,d_1rm_legpress,5e6bd8f1d315
proteins,T1,d_1rm_legpress,ridge,15,1898,0,-0.179220160783375,-0.990138113076533,NA,NA,NA,NA,d_1rm_legpress,5e6bd8f1d315
proteins,T1,d_1rm_legpress,ridge,15,1898,200,-0.179220160783375,-0.990138113076533,0.810945273631841,0.248756218905473,-0.15380401380147601,0.0465350019462376,d_1rm_legpress,5e6bd8f1d315
proteins,T1,d_1rm_legpress,spls,15,1898,0,0.457722008481763,0.698929220664338,NA,NA,NA,NA,d_1rm_legpress,5e6bd8f1d315
proteins,T1,d_1rm_legpress,spls,15,1898,200,0.457722008481763,0.698929220664338,0.0298507462686567,0.0348258706467662,-0.728741920372084,0.667080858461555,d_1rm_legpress,5e6bd8f1d315
proteins,T1,d_1rm_legpress,svm,15,1898,0,-0.462271167191831,-0.125448834478214,NA,NA,NA,NA,d_1rm_legpress,5e6bd8f1d315
proteins,T1,d_1rm_legpress,svm,15,1898,200,-0.462271167191831,-0.125448834478214,0.497512437810945,0.388059701492537,-0.441403511597115,0.37534340365641,d_1rm_legpress,5e6bd8f1d315
proteins,T1,d_fcsa_I,enet,15,1898,0,-0.130928270620796,-0.839285714285714,NA,NA,NA,NA,d_fcsa_I,5e6bd8f1d315
proteins,T1,d_fcsa_I,enet,15,1898,200,-0.130928270620796,-0.839285714285714,0.114427860696517,0.208955223880597,-0.170948644783111,0.0909142489516738,d_fcsa_I,5e6bd8f1d315
proteins,T1,d_fcsa_I,lasso,15,1898,0,-0.249647888621868,-0.739285714285714,NA,NA,NA,NA,d_fcsa_I,5e6bd8f1d315
proteins,T1,d_fcsa_I,lasso,15,1898,200,-0.249647888621868,-0.739285714285714,0.850746268656716,0.164179104477612,-0.175034681581064,0.110762855674851,d_fcsa_I,5e6bd8f1d315
proteins,T1,d_fcsa_I,rf,15,1898,0,-0.299373199678205,-0.660714285714286,NA,NA,NA,NA,d_fcsa_I,5e6bd8f1d315
proteins,T1,d_fcsa_I,rf,15,1898,200,-0.299373199678205,-0.660714285714286,0.796019900497512,0.786069651741294,-0.170009006167625,0.153261366100337,d_fcsa_I,5e6bd8f1d315
proteins,T1,d_fcsa_I,ridge,15,1898,0,-0.147959183673469,-1,NA,NA,NA,NA,d_fcsa_I,5e6bd8f1d315
proteins,T1,d_fcsa_I,ridge,15,1898,200,-0.147959183673469,-1,0.552238805970149,1,-0.150196459168571,0.0549101228531784,d_fcsa_I,5e6bd8f1d315
proteins,T1,d_fcsa_I,spls,15,1898,0,-1.69658930749191,-0.392857142857143,NA,NA,NA,NA,d_fcsa_I,5e6bd8f1d315
proteins,T1,d_fcsa_I,spls,15,1898,200,-1.69658930749191,-0.392857142857143,0.920398009950249,0.771144278606965,-0.716269564034432,0.779487687788939,d_fcsa_I,5e6bd8f1d315
proteins,T1,d_fcsa_I,svm,15,1898,0,-0.533869780770666,-0.596428571428571,NA,NA,NA,NA,d_fcsa_I,5e6bd8f1d315
proteins,T1,d_fcsa_I,svm,15,1898,200,-0.533869780770666,-0.596428571428571,0.776119402985075,0.840796019900497,-0.317378684020718,0.305227286828602,d_fcsa_I,5e6bd8f1d315
proteins,T1,d_fcsa_II,enet,15,1898,0,-0.16697863680571,-0.860714285714286,NA,NA,NA,NA,d_fcsa_II,5e6bd8f1d315
proteins,T1,d_fcsa_II,enet,15,1898,200,-0.16697863680571,-0.860714285714286,0.611940298507463,0.218905472636816,-0.174591397254173,0.135871297311617,d_fcsa_II,5e6bd8f1d315
proteins,T1,d_fcsa_II,lasso,15,1898,0,-0.193351419290812,-0.967857142857143,NA,NA,NA,NA,d_fcsa_II,5e6bd8f1d315
proteins,T1,d_fcsa_II,lasso,15,1898,200,-0.193351419290812,-0.967857142857143,0.721393034825871,0.447761194029851,-0.195140084350924,0.400824358926406,d_fcsa_II,5e6bd8f1d315
proteins,T1,d_fcsa_II,rf,15,1898,0,-0.25169896791204,-0.428571428571428,NA,NA,NA,NA,d_fcsa_II,5e6bd8f1d315
proteins,T1,d_fcsa_II,rf,15,1898,200,-0.25169896791204,-0.428571428571428,0.676616915422886,0.54726368159204,-0.176417851092837,0.143512099911878,d_fcsa_II,5e6bd8f1d315
proteins,T1,d_fcsa_II,ridge,15,1898,0,-0.14795918367347,-1,NA,NA,NA,NA,d_fcsa_II,5e6bd8f1d315
proteins,T1,d_fcsa_II,ridge,15,1898,200,-0.14795918367347,-1,0.786069651741294,1,-0.150902891790873,0.0504920480444944,d_fcsa_II,5e6bd8f1d315
proteins,T1,d_fcsa_II,spls,15,1898,0,-0.253512051056324,0.164285714285714,NA,NA,NA,NA,d_fcsa_II,5e6bd8f1d315
proteins,T1,d_fcsa_II,spls,15,1898,200,-0.253512051056324,0.164285714285714,0.263681592039801,0.248756218905473,-0.644944099764697,0.795772969836173,d_fcsa_II,5e6bd8f1d315
proteins,T1,d_fcsa_II,svm,15,1898,0,-0.38686428808238,-0.235714285714286,NA,NA,NA,NA,d_fcsa_II,5e6bd8f1d315
proteins,T1,d_fcsa_II,svm,15,1898,200,-0.38686428808238,-0.235714285714286,0.606965174129353,0.54228855721393,-0.299657801390145,0.31088157344822,d_fcsa_II,5e6bd8f1d315
proteins,T1,d_mcsa,enet,15,1898,0,-0.147959183673469,-1,NA,NA,NA,NA,d_mcsa,5e6bd8f1d315
proteins,T1,d_mcsa,enet,15,1898,200,-0.147959183673469,-1,0.353233830845771,1,-0.167413896497929,0.0640682575502777,d_mcsa,5e6bd8f1d315
proteins,T1,d_mcsa,lasso,15,1898,0,-0.147959183673469,-1,NA,NA,NA,NA,d_mcsa,5e6bd8f1d315
proteins,T1,d_mcsa,lasso,15,1898,200,-0.147959183673469,-1,0.358208955223881,1,-0.172291784865273,0.0665775980078644,d_mcsa,5e6bd8f1d315
proteins,T1,d_mcsa,rf,15,1898,0,-0.189689656294714,-0.464285714285714,NA,NA,NA,NA,d_mcsa,5e6bd8f1d315
proteins,T1,d_mcsa,rf,15,1898,200,-0.189689656294714,-0.464285714285714,0.532338308457711,0.601990049751244,-0.168401243650869,0.136497939075178,d_mcsa,5e6bd8f1d315
proteins,T1,d_mcsa,ridge,15,1898,0,-0.147959183673469,-1,NA,NA,NA,NA,d_mcsa,5e6bd8f1d315
proteins,T1,d_mcsa,ridge,15,1898,200,-0.147959183673469,-1,0.43283582089552203,1,-0.150668918319815,0.0451696486016731,d_mcsa,5e6bd8f1d315
proteins,T1,d_mcsa,spls,15,1898,0,-0.172867637882008,0.025,NA,NA,NA,NA,d_mcsa,5e6bd8f1d315
proteins,T1,d_mcsa,spls,15,1898,200,-0.172867637882008,0.025,0.213930348258706,0.412935323383085,-0.590123508304156,0.550735857757619,d_mcsa,5e6bd8f1d315
proteins,T1,d_mcsa,svm,15,1898,0,-0.318641858190164,-0.307142857142857,NA,NA,NA,NA,d_mcsa,5e6bd8f1d315
proteins,T1,d_mcsa,svm,15,1898,200,-0.318641858190164,-0.307142857142857,0.552238805970149,0.701492537313433,-0.317126666524526,0.333567787678477,d_mcsa,5e6bd8f1d315
proteins,T2,comp_hypertrophy,enet,15,1899,0,-0.293156660822262,-1,NA,NA,NA,NA,comp_hypertrophy,5e6bd8f1d315
proteins,T2,comp_hypertrophy,enet,15,1899,200,-0.293156660822262,-1,0.945273631840796,1,-0.16904102964646,0.120596456827071,comp_hypertrophy,5e6bd8f1d315
proteins,T2,comp_hypertrophy,lasso,15,1899,0,-0.347308529483224,-1,NA,NA,NA,NA,comp_hypertrophy,5e6bd8f1d315
proteins,T2,comp_hypertrophy,lasso,15,1899,200,-0.347308529483224,-1,0.945273631840796,1,-0.181248361509234,0.158770504931868,comp_hypertrophy,5e6bd8f1d315
proteins,T2,comp_hypertrophy,rf,15,1899,0,-0.319071792235336,-0.714285714285714,NA,NA,NA,NA,comp_hypertrophy,5e6bd8f1d315
proteins,T2,comp_hypertrophy,rf,15,1899,200,-0.319071792235336,-0.714285714285714,0.915422885572139,0.860696517412935,-0.15853675972567,0.124347253201982,comp_hypertrophy,5e6bd8f1d315
proteins,T2,comp_hypertrophy,ridge,15,1899,0,-0.14795918367347,-1,NA,NA,NA,NA,comp_hypertrophy,5e6bd8f1d315
proteins,T2,comp_hypertrophy,ridge,15,1899,200,-0.14795918367347,-1,0.771144278606965,1,-0.150327069098417,0.038830332174528,comp_hypertrophy,5e6bd8f1d315
proteins,T2,comp_hypertrophy,spls,15,1899,0,-1.20702174999401,-0.8,NA,NA,NA,NA,comp_hypertrophy,5e6bd8f1d315
proteins,T2,comp_hypertrophy,spls,15,1899,200,-1.20702174999401,-0.8,0.835820895522388,0.990049751243781,-0.637205387137711,0.615193199455453,comp_hypertrophy,5e6bd8f1d315
proteins,T2,comp_hypertrophy,svm,15,1899,0,-0.698740929138971,-0.717857142857143,NA,NA,NA,NA,comp_hypertrophy,5e6bd8f1d315
proteins,T2,comp_hypertrophy,svm,15,1899,200,-0.698740929138971,-0.717857142857143,0.81592039800995,0.955223880597015,-0.366205761793892,0.388582374546403,comp_hypertrophy,5e6bd8f1d315
proteins,T2,d_1rm_ext,enet,14,1899,0,-0.187163391289072,-1,NA,NA,NA,NA,d_1rm_ext,5e6bd8f1d315
proteins,T2,d_1rm_ext,enet,14,1899,200,-0.187163391289072,-1,0.741293532338308,1,-0.172154169151552,0.0727423729040684,d_1rm_ext,5e6bd8f1d315
proteins,T2,d_1rm_ext,lasso,14,1899,0,-0.255478586197399,-1,NA,NA,NA,NA,d_1rm_ext,5e6bd8f1d315
proteins,T2,d_1rm_ext,lasso,14,1899,200,-0.255478586197399,-1,0.855721393034826,1,-0.180236942191516,0.104394223905272,d_1rm_ext,5e6bd8f1d315
proteins,T2,d_1rm_ext,rf,14,1899,0,-0.230149429081154,-0.451542945582811,NA,NA,NA,NA,d_1rm_ext,5e6bd8f1d315
proteins,T2,d_1rm_ext,rf,14,1899,200,-0.230149429081154,-0.451542945582811,0.666666666666667,0.482587064676617,-0.173640238288976,0.10870639657576,d_1rm_ext,5e6bd8f1d315
proteins,T2,d_1rm_ext,ridge,14,1899,0,-0.159763313609467,-1,NA,NA,NA,NA,d_1rm_ext,5e6bd8f1d315
proteins,T2,d_1rm_ext,ridge,14,1899,200,-0.159763313609467,-1,0.512437810945274,1,-0.158657899874836,0.0381309465054517,d_1rm_ext,5e6bd8f1d315
proteins,T2,d_1rm_ext,spls,14,1899,0,-0.911558999269337,-0.0947138861466384,NA,NA,NA,NA,d_1rm_ext,5e6bd8f1d315
proteins,T2,d_1rm_ext,spls,14,1899,200,-0.911558999269337,-0.0947138861466384,0.691542288557214,0.45771144278607,-0.646062304614939,0.61203412802486,d_1rm_ext,5e6bd8f1d315
proteins,T2,d_1rm_ext,svm,14,1899,0,-0.510442507279314,-0.259912524774496,NA,NA,NA,NA,d_1rm_ext,5e6bd8f1d315
proteins,T2,d_1rm_ext,svm,14,1899,200,-0.510442507279314,-0.259912524774496,0.696517412935323,0.606965174129353,-0.365474163507118,0.355101688930014,d_1rm_ext,5e6bd8f1d315
proteins,T2,d_1rm_legpress,enet,15,1899,0,-0.136602633618957,-0.777383826451219,NA,NA,NA,NA,d_1rm_legpress,5e6bd8f1d315
proteins,T2,d_1rm_legpress,enet,15,1899,200,-0.136602633618957,-0.777383826451219,0.159203980099502,0.233830845771144,-0.183473711551938,0.126312412324936,d_1rm_legpress,5e6bd8f1d315
proteins,T2,d_1rm_legpress,lasso,15,1899,0,-0.197329359238098,-0.97487163455661,NA,NA,NA,NA,d_1rm_legpress,5e6bd8f1d315
proteins,T2,d_1rm_legpress,lasso,15,1899,200,-0.197329359238098,-0.97487163455661,0.63681592039801,0.522388059701492,-0.191358661110878,0.150869973154824,d_1rm_legpress,5e6bd8f1d315
proteins,T2,d_1rm_legpress,rf,15,1899,0,-0.0694622019796016,-0.177580260825208,NA,NA,NA,NA,d_1rm_legpress,5e6bd8f1d315
proteins,T2,d_1rm_legpress,rf,15,1899,200,-0.0694622019796016,-0.177580260825208,0.233830845771144,0.278606965174129,-0.163223152599007,0.119885065230715,d_1rm_legpress,5e6bd8f1d315
proteins,T2,d_1rm_legpress,ridge,15,1899,0,-0.160007406032296,-0.988350744592826,NA,NA,NA,NA,d_1rm_legpress,5e6bd8f1d315
proteins,T2,d_1rm_legpress,ridge,15,1899,200,-0.160007406032296,-0.988350744592826,0.761194029850746,0.228855721393035,-0.15281486037318,0.053930780105826,d_1rm_legpress,5e6bd8f1d315
proteins,T2,d_1rm_legpress,spls,15,1899,0,-1.28564022645393,-0.475341102208891,NA,NA,NA,NA,d_1rm_legpress,5e6bd8f1d315
proteins,T2,d_1rm_legpress,spls,15,1899,200,-1.28564022645393,-0.475341102208891,0.860696517412935,0.791044776119403,-0.679101257369722,0.640654841218546,d_1rm_legpress,5e6bd8f1d315
proteins,T2,d_1rm_legpress,svm,15,1899,0,0.0578646449147948,0.455609962117201,NA,NA,NA,NA,d_1rm_legpress,5e6bd8f1d315
proteins,T2,d_1rm_legpress,svm,15,1899,200,0.0578646449147948,0.455609962117201,0.124378109452736,0.0398009950248756,-0.354113551265743,0.370016129562113,d_1rm_legpress,5e6bd8f1d315
proteins,T2,d_fcsa_I,enet,15,1899,0,-0.170805686790121,-0.989285714285714,NA,NA,NA,NA,d_fcsa_I,5e6bd8f1d315
proteins,T2,d_fcsa_I,enet,15,1899,200,-0.170805686790121,-0.989285714285714,0.706467661691542,0.487562189054726,-0.155195251999249,0.128433993736519,d_fcsa_I,5e6bd8f1d315
proteins,T2,d_fcsa_I,lasso,15,1899,0,-0.147959183673469,-1,NA,NA,NA,NA,d_fcsa_I,5e6bd8f1d315
proteins,T2,d_fcsa_I,lasso,15,1899,200,-0.147959183673469,-1,0.26865671641791,1,-0.166394025553266,0.141814048999039,d_fcsa_I,5e6bd8f1d315
proteins,T2,d_fcsa_I,rf,15,1899,0,-0.320185425627235,-0.753571428571428,NA,NA,NA,NA,d_fcsa_I,5e6bd8f1d315
proteins,T2,d_fcsa_I,rf,15,1899,200,-0.320185425627235,-0.753571428571428,0.90547263681592,0.865671641791045,-0.16282579192658,0.119856225223385,d_fcsa_I,5e6bd8f1d315
proteins,T2,d_fcsa_I,ridge,15,1899,0,-0.147959183673469,-1,NA,NA,NA,NA,d_fcsa_I,5e6bd8f1d315
proteins,T2,d_fcsa_I,ridge,15,1899,200,-0.147959183673469,-1,0.303482587064677,1,-0.152749612968426,0.0438492590694293,d_fcsa_I,5e6bd8f1d315
proteins,T2,d_fcsa_I,spls,15,1899,0,-0.487412997343759,-0.292857142857143,NA,NA,NA,NA,d_fcsa_I,5e6bd8f1d315
proteins,T2,d_fcsa_I,spls,15,1899,200,-0.487412997343759,-0.292857142857143,0.398009950248756,0.557213930348259,-0.673278404474651,0.668540211985644,d_fcsa_I,5e6bd8f1d315
proteins,T2,d_fcsa_I,svm,15,1899,0,-0.481998747797132,-0.432142857142857,NA,NA,NA,NA,d_fcsa_I,5e6bd8f1d315
proteins,T2,d_fcsa_I,svm,15,1899,200,-0.481998747797132,-0.432142857142857,0.72636815920398,0.686567164179104,-0.314232889036279,0.301386891644123,d_fcsa_I,5e6bd8f1d315
proteins,T2,d_fcsa_II,enet,15,1899,0,-0.147358795732271,-0.996428571428571,NA,NA,NA,NA,d_fcsa_II,5e6bd8f1d315
proteins,T2,d_fcsa_II,enet,15,1899,200,-0.147358795732271,-0.996428571428571,0.18407960199005,0.407960199004975,-0.151045367655594,0.0845328671561636,d_fcsa_II,5e6bd8f1d315
proteins,T2,d_fcsa_II,lasso,15,1899,0,-0.144414403054486,-0.989285714285714,NA,NA,NA,NA,d_fcsa_II,5e6bd8f1d315
proteins,T2,d_fcsa_II,lasso,15,1899,200,-0.144414403054486,-0.989285714285714,0.174129353233831,0.393034825870647,-0.157033580567589,0.0826238122913778,d_fcsa_II,5e6bd8f1d315
proteins,T2,d_fcsa_II,rf,15,1899,0,-0.266174733249767,-0.882142857142857,NA,NA,NA,NA,d_fcsa_II,5e6bd8f1d315
proteins,T2,d_fcsa_II,rf,15,1899,200,-0.266174733249767,-0.882142857142857,0.810945273631841,0.985074626865672,-0.171589231159457,0.109478453771991,d_fcsa_II,5e6bd8f1d315
proteins,T2,d_fcsa_II,ridge,15,1899,0,-0.147959183673469,-1,NA,NA,NA,NA,d_fcsa_II,5e6bd8f1d315
proteins,T2,d_fcsa_II,ridge,15,1899,200,-0.147959183673469,-1,0.761194029850746,1,-0.149463521883621,0.04517357170819,d_fcsa_II,5e6bd8f1d315
proteins,T2,d_fcsa_II,spls,15,1899,0,0.142607029728542,0.342857142857143,NA,NA,NA,NA,d_fcsa_II,5e6bd8f1d315
proteins,T2,d_fcsa_II,spls,15,1899,200,0.142607029728542,0.342857142857143,0.114427860696517,0.144278606965174,-0.655153552499122,0.66774811879018,d_fcsa_II,5e6bd8f1d315
proteins,T2,d_fcsa_II,svm,15,1899,0,-0.485572983679207,-0.585714285714286,NA,NA,NA,NA,d_fcsa_II,5e6bd8f1d315
proteins,T2,d_fcsa_II,svm,15,1899,200,-0.485572983679207,-0.585714285714286,0.766169154228856,0.860696517412935,-0.294543718611882,0.29604899924709,d_fcsa_II,5e6bd8f1d315
proteins,T2,d_mcsa,enet,15,1899,0,0.0365935847765777,0.0428571428571429,NA,NA,NA,NA,d_mcsa,5e6bd8f1d315
proteins,T2,d_mcsa,enet,15,1899,200,0.0365935847765777,0.0428571428571429,0.0398009950248756,0.0398009950248756,-0.150062832444744,0.0916940773108943,d_mcsa,5e6bd8f1d315
proteins,T2,d_mcsa,lasso,15,1899,0,-0.118736768021217,-0.45,NA,NA,NA,NA,d_mcsa,5e6bd8f1d315
proteins,T2,d_mcsa,lasso,15,1899,200,-0.118736768021217,-0.45,0.109452736318408,0.0746268656716418,-0.155869152928266,0.106398167165997,d_mcsa,5e6bd8f1d315
proteins,T2,d_mcsa,rf,15,1899,0,0.0591698265217779,0.2,NA,NA,NA,NA,d_mcsa,5e6bd8f1d315
proteins,T2,d_mcsa,rf,15,1899,200,0.0591698265217779,0.2,0.0298507462686567,0.054726368159204,-0.172608880885404,0.107182437056293,d_mcsa,5e6bd8f1d315
proteins,T2,d_mcsa,ridge,15,1899,0,-0.11222932642035,-0.310714285714286,NA,NA,NA,NA,d_mcsa,5e6bd8f1d315
proteins,T2,d_mcsa,ridge,15,1899,200,-0.11222932642035,-0.310714285714286,0.0248756218905473,0.0248756218905473,-0.14790823603933,0.0442283413782158,d_mcsa,5e6bd8f1d315
proteins,T2,d_mcsa,spls,15,1899,0,0.309081612165212,0.582142857142857,NA,NA,NA,NA,d_mcsa,5e6bd8f1d315
proteins,T2,d_mcsa,spls,15,1899,200,0.309081612165212,0.582142857142857,0.0597014925373134,0.0696517412935323,-0.598579253763721,0.587084727449041,d_mcsa,5e6bd8f1d315
proteins,T2,d_mcsa,svm,15,1899,0,0.355394439064757,0.564285714285714,NA,NA,NA,NA,d_mcsa,5e6bd8f1d315
proteins,T2,d_mcsa,svm,15,1899,200,0.355394439064757,0.564285714285714,0.0248756218905473,0.0298507462686567,-0.354732305755251,0.325815812872284,d_mcsa,5e6bd8f1d315
proteins,T3,comp_hypertrophy,enet,15,1899,0,-0.178244445501764,-0.989285714285714,NA,NA,NA,NA,comp_hypertrophy,5e6bd8f1d315
proteins,T3,comp_hypertrophy,enet,15,1899,200,-0.178244445501764,-0.989285714285714,0.597014925373134,0.562189054726368,-0.172230157705957,0.104381935179499,comp_hypertrophy,5e6bd8f1d315
proteins,T3,comp_hypertrophy,lasso,15,1899,0,-0.197512670363122,-0.989285714285714,NA,NA,NA,NA,comp_hypertrophy,5e6bd8f1d315
proteins,T3,comp_hypertrophy,lasso,15,1899,200,-0.197512670363122,-0.989285714285714,0.616915422885572,0.587064676616915,-0.181996757280572,0.1189415632301,comp_hypertrophy,5e6bd8f1d315
proteins,T3,comp_hypertrophy,rf,15,1899,0,-0.0220829310444386,-0.0392857142857143,NA,NA,NA,NA,comp_hypertrophy,5e6bd8f1d315
proteins,T3,comp_hypertrophy,rf,15,1899,200,-0.0220829310444386,-0.0392857142857143,0.114427860696517,0.159203980099502,-0.184466334979708,0.130857023918472,comp_hypertrophy,5e6bd8f1d315
proteins,T3,comp_hypertrophy,ridge,15,1899,0,-0.161716797412076,-0.978571428571428,NA,NA,NA,NA,comp_hypertrophy,5e6bd8f1d315
proteins,T3,comp_hypertrophy,ridge,15,1899,200,-0.161716797412076,-0.978571428571428,0.781094527363184,0.18407960199005,-0.15431471581056,0.0627039623043422,comp_hypertrophy,5e6bd8f1d315
proteins,T3,comp_hypertrophy,spls,15,1899,0,-0.133066409911006,0.0678571428571429,NA,NA,NA,NA,comp_hypertrophy,5e6bd8f1d315
proteins,T3,comp_hypertrophy,spls,15,1899,200,-0.133066409911006,0.0678571428571429,0.18407960199005,0.278606965174129,-0.765519304337054,0.71437290562802,comp_hypertrophy,5e6bd8f1d315
proteins,T3,comp_hypertrophy,svm,15,1899,0,0.0361176739016063,0.139285714285714,NA,NA,NA,NA,comp_hypertrophy,5e6bd8f1d315
proteins,T3,comp_hypertrophy,svm,15,1899,200,0.0361176739016063,0.139285714285714,0.0796019900497512,0.18407960199005,-0.391569695809401,0.332563696761727,comp_hypertrophy,5e6bd8f1d315
proteins,T3,d_1rm_ext,enet,14,1899,0,-0.159763313609467,-1,NA,NA,NA,NA,d_1rm_ext,5e6bd8f1d315
proteins,T3,d_1rm_ext,enet,14,1899,200,-0.159763313609467,-1,0.383084577114428,1,-0.172913802813798,0.091013397632483,d_1rm_ext,5e6bd8f1d315
proteins,T3,d_1rm_ext,lasso,14,1899,0,-0.159763313609467,-1,NA,NA,NA,NA,d_1rm_ext,5e6bd8f1d315
proteins,T3,d_1rm_ext,lasso,14,1899,200,-0.159763313609467,-1,0.412935323383085,1,-0.180361916978669,0.10789695974945,d_1rm_ext,5e6bd8f1d315
proteins,T3,d_1rm_ext,rf,14,1899,0,-0.195278998978396,-0.519825049548992,NA,NA,NA,NA,d_1rm_ext,5e6bd8f1d315
proteins,T3,d_1rm_ext,rf,14,1899,200,-0.195278998978396,-0.519825049548992,0.502487562189055,0.611940298507463,-0.174560039866747,0.138579062819383,d_1rm_ext,5e6bd8f1d315
proteins,T3,d_1rm_ext,ridge,14,1899,0,-0.159763313609467,-1,NA,NA,NA,NA,d_1rm_ext,5e6bd8f1d315
proteins,T3,d_1rm_ext,ridge,14,1899,200,-0.159763313609467,-1,0.512437810945274,1,-0.158476241953766,0.0513817920599594,d_1rm_ext,5e6bd8f1d315
proteins,T3,d_1rm_ext,spls,14,1899,0,-0.390753830568083,-0.235683391109077,NA,NA,NA,NA,d_1rm_ext,5e6bd8f1d315
proteins,T3,d_1rm_ext,spls,14,1899,200,-0.390753830568083,-0.235683391109077,0.323383084577114,0.587064676616915,-0.783851635721953,0.826292301722843,d_1rm_ext,5e6bd8f1d315
proteins,T3,d_1rm_ext,svm,14,1899,0,-0.256760267410323,-0.295154901015106,NA,NA,NA,NA,d_1rm_ext,5e6bd8f1d315
proteins,T3,d_1rm_ext,svm,14,1899,200,-0.256760267410323,-0.295154901015106,0.383084577114428,0.651741293532338,-0.407460828862275,0.416860794378735,d_1rm_ext,5e6bd8f1d315
proteins,T3,d_1rm_legpress,enet,15,1899,0,-0.160404136669228,-0.9928250716571,NA,NA,NA,NA,d_1rm_legpress,5e6bd8f1d315
proteins,T3,d_1rm_legpress,enet,15,1899,200,-0.160404136669228,-0.9928250716571,0.447761194029851,0.666666666666667,-0.182990387875523,0.115232306818339,d_1rm_legpress,5e6bd8f1d315
proteins,T3,d_1rm_legpress,lasso,15,1899,0,-0.178773447254207,-0.9928250716571,NA,NA,NA,NA,d_1rm_legpress,5e6bd8f1d315
proteins,T3,d_1rm_legpress,lasso,15,1899,200,-0.178773447254207,-0.9928250716571,0.552238805970149,0.646766169154229,-0.187381605088383,0.128228183324656,d_1rm_legpress,5e6bd8f1d315
proteins,T3,d_1rm_legpress,rf,15,1899,0,-0.314502110114776,-0.710321043300833,NA,NA,NA,NA,d_1rm_legpress,5e6bd8f1d315
proteins,T3,d_1rm_legpress,rf,15,1899,200,-0.314502110114776,-0.710321043300833,0.875621890547264,0.825870646766169,-0.176388384877314,0.11981574327283,d_1rm_legpress,5e6bd8f1d315
proteins,T3,d_1rm_legpress,ridge,15,1899,0,-0.147959183673469,-0.996415759077198,NA,NA,NA,NA,d_1rm_legpress,5e6bd8f1d315
proteins,T3,d_1rm_legpress,ridge,15,1899,200,-0.147959183673469,-0.996415759077198,0.233830845771144,0.402985074626866,-0.162061626823866,0.0357648398332295,d_1rm_legpress,5e6bd8f1d315
proteins,T3,d_1rm_legpress,spls,15,1899,0,-1.29183453119482,-0.525565822442283,NA,NA,NA,NA,d_1rm_legpress,5e6bd8f1d315
proteins,T3,d_1rm_legpress,spls,15,1899,200,-1.29183453119482,-0.525565822442283,0.82089552238806,0.825870646766169,-0.71186978255025,0.667050116008642,d_1rm_legpress,5e6bd8f1d315
proteins,T3,d_1rm_legpress,svm,15,1899,0,-0.802350986150328,-0.627809002917403,NA,NA,NA,NA,d_1rm_legpress,5e6bd8f1d315
proteins,T3,d_1rm_legpress,svm,15,1899,200,-0.802350986150328,-0.627809002917403,0.880597014925373,0.945273631840796,-0.38765754416904,0.359176510248556,d_1rm_legpress,5e6bd8f1d315
proteins,T3,d_fcsa_I,enet,15,1899,0,-0.174459634373599,-0.996428571428571,NA,NA,NA,NA,d_fcsa_I,5e6bd8f1d315
proteins,T3,d_fcsa_I,enet,15,1899,200,-0.174459634373599,-0.996428571428571,0.656716417910448,0.54228855721393,-0.176330740980929,0.0857977973441409,d_fcsa_I,5e6bd8f1d315
proteins,T3,d_fcsa_I,lasso,15,1899,0,-0.149843345548597,-0.996428571428571,NA,NA,NA,NA,d_fcsa_I,5e6bd8f1d315
proteins,T3,d_fcsa_I,lasso,15,1899,200,-0.149843345548597,-0.996428571428571,0.562189054726368,0.527363184079602,-0.172216022971126,0.0879112131605672,d_fcsa_I,5e6bd8f1d315
proteins,T3,d_fcsa_I,rf,15,1899,0,-0.0924290728685688,-0.0535714285714286,NA,NA,NA,NA,d_fcsa_I,5e6bd8f1d315
proteins,T3,d_fcsa_I,rf,15,1899,200,-0.0924290728685688,-0.0535714285714286,0.228855721393035,0.203980099502488,-0.179958417489286,0.124158789471202,d_fcsa_I,5e6bd8f1d315
proteins,T3,d_fcsa_I,ridge,15,1899,0,-0.147959183673469,-1,NA,NA,NA,NA,d_fcsa_I,5e6bd8f1d315
proteins,T3,d_fcsa_I,ridge,15,1899,200,-0.147959183673469,-1,0.338308457711443,1,-0.15454910665102,0.0335506558073427,d_fcsa_I,5e6bd8f1d315
proteins,T3,d_fcsa_I,spls,15,1899,0,-0.140441716608581,0.375,NA,NA,NA,NA,d_fcsa_I,5e6bd8f1d315
proteins,T3,d_fcsa_I,spls,15,1899,200,-0.140441716608581,0.375,0.139303482587065,0.0945273631840796,-0.741729788384832,0.683380586206716,d_fcsa_I,5e6bd8f1d315
proteins,T3,d_fcsa_I,svm,15,1899,0,-0.012788647530017,0.117857142857143,NA,NA,NA,NA,d_fcsa_I,5e6bd8f1d315
proteins,T3,d_fcsa_I,svm,15,1899,200,-0.012788647530017,0.117857142857143,0.109452736318408,0.169154228855721,-0.35885060244844,0.289339831481045,d_fcsa_I,5e6bd8f1d315
proteins,T3,d_fcsa_II,enet,15,1899,0,-0.151439618146542,-0.9,NA,NA,NA,NA,d_fcsa_II,5e6bd8f1d315
proteins,T3,d_fcsa_II,enet,15,1899,200,-0.151439618146542,-0.9,0.611940298507463,0.17910447761194,-0.164670210425959,0.0997210576616697,d_fcsa_II,5e6bd8f1d315
proteins,T3,d_fcsa_II,lasso,15,1899,0,-0.144198437006168,-0.75,NA,NA,NA,NA,d_fcsa_II,5e6bd8f1d315
proteins,T3,d_fcsa_II,lasso,15,1899,200,-0.144198437006168,-0.75,0.0945273631840796,0.124378109452736,-0.176171699511451,0.125417134828056,d_fcsa_II,5e6bd8f1d315
proteins,T3,d_fcsa_II,rf,15,1899,0,-0.113083042066399,-0.25,NA,NA,NA,NA,d_fcsa_II,5e6bd8f1d315
proteins,T3,d_fcsa_II,rf,15,1899,200,-0.113083042066399,-0.25,0.248756218905473,0.343283582089552,-0.185135308775495,0.11302677205018,d_fcsa_II,5e6bd8f1d315
proteins,T3,d_fcsa_II,ridge,15,1899,0,-0.147959183673469,-1,NA,NA,NA,NA,d_fcsa_II,5e6bd8f1d315
proteins,T3,d_fcsa_II,ridge,15,1899,200,-0.147959183673469,-1,0.766169154228856,1,-0.152885626416075,0.0348045039514492,d_fcsa_II,5e6bd8f1d315
proteins,T3,d_fcsa_II,spls,15,1899,0,-0.203107284728649,0.142857142857143,NA,NA,NA,NA,d_fcsa_II,5e6bd8f1d315
proteins,T3,d_fcsa_II,spls,15,1899,200,-0.203107284728649,0.142857142857143,0.233830845771144,0.248756218905473,-0.668356628576269,0.610131541313643,d_fcsa_II,5e6bd8f1d315
proteins,T3,d_fcsa_II,svm,15,1899,0,-0.0448204549592008,0.025,NA,NA,NA,NA,d_fcsa_II,5e6bd8f1d315
proteins,T3,d_fcsa_II,svm,15,1899,200,-0.0448204549592008,0.025,0.164179104477612,0.258706467661692,-0.331599513283562,0.287683748382256,d_fcsa_II,5e6bd8f1d315
proteins,T3,d_mcsa,enet,15,1899,0,-0.378668615904224,-0.678571428571428,NA,NA,NA,NA,d_mcsa,5e6bd8f1d315
proteins,T3,d_mcsa,enet,15,1899,200,-0.378668615904224,-0.678571428571428,0.980099502487562,0.0796019900497512,-0.168405201317381,0.0743483169414065,d_mcsa,5e6bd8f1d315
proteins,T3,d_mcsa,lasso,15,1899,0,-0.423437642380874,-0.721428571428571,NA,NA,NA,NA,d_mcsa,5e6bd8f1d315
proteins,T3,d_mcsa,lasso,15,1899,200,-0.423437642380874,-0.721428571428571,0.975124378109453,0.0845771144278607,-0.176937905825712,0.0793414962702596,d_mcsa,5e6bd8f1d315
proteins,T3,d_mcsa,rf,15,1899,0,0.0866834108093932,0.292857142857143,NA,NA,NA,NA,d_mcsa,5e6bd8f1d315
proteins,T3,d_mcsa,rf,15,1899,200,0.0866834108093932,0.292857142857143,0.0348258706467662,0.0497512437810945,-0.170939231628711,0.128940063668492,d_mcsa,5e6bd8f1d315
proteins,T3,d_mcsa,ridge,15,1899,0,-0.14795918367347,-1,NA,NA,NA,NA,d_mcsa,5e6bd8f1d315
proteins,T3,d_mcsa,ridge,15,1899,200,-0.14795918367347,-1,0.751243781094527,1,-0.152262612501446,0.0352368199601097,d_mcsa,5e6bd8f1d315
proteins,T3,d_mcsa,spls,15,1899,0,-0.408335001277076,0.271428571428571,NA,NA,NA,NA,d_mcsa,5e6bd8f1d315
proteins,T3,d_mcsa,spls,15,1899,200,-0.408335001277076,0.271428571428571,0.348258706467662,0.174129353233831,-0.68742690255068,0.628265213709135,d_mcsa,5e6bd8f1d315
proteins,T3,d_mcsa,svm,15,1899,0,-0.258511191884482,0.196428571428571,NA,NA,NA,NA,d_mcsa,5e6bd8f1d315
proteins,T3,d_mcsa,svm,15,1899,200,-0.258511191884482,0.196428571428571,0.43283582089552203,0.223880597014925,-0.348041149897455,0.361734735724496,d_mcsa,5e6bd8f1d315
proteins,total,comp_hypertrophy,enet,14,1900,0,-0.221312550755006,-0.956043956043956,NA,NA,NA,NA,comp_hypertrophy,5e6bd8f1d315
proteins,total,comp_hypertrophy,enet,14,1900,200,-0.221312550755006,-0.956043956043956,0.741293532338308,0.388059701492537,-0.181545401628565,0.101374225435355,comp_hypertrophy,5e6bd8f1d315
proteins,total,comp_hypertrophy,lasso,14,1900,0,-0.350325408522318,-0.956043956043956,NA,NA,NA,NA,comp_hypertrophy,5e6bd8f1d315
proteins,total,comp_hypertrophy,lasso,14,1900,200,-0.350325408522318,-0.956043956043956,0.935323383084577,0.43283582089552203,-0.192936775672044,0.126666789091532,comp_hypertrophy,5e6bd8f1d315
proteins,total,comp_hypertrophy,rf,14,1900,0,-0.192026595990943,-0.582417582417582,NA,NA,NA,NA,comp_hypertrophy,5e6bd8f1d315
proteins,total,comp_hypertrophy,rf,14,1900,200,-0.192026595990943,-0.582417582417582,0.482587064676617,0.676616915422886,-0.194967775499332,0.13154704791607,comp_hypertrophy,5e6bd8f1d315
proteins,total,comp_hypertrophy,ridge,14,1900,0,-0.159763313609467,-1,NA,NA,NA,NA,comp_hypertrophy,5e6bd8f1d315
proteins,total,comp_hypertrophy,ridge,14,1900,200,-0.159763313609467,-1,0.208955223880597,1,-0.166523905732758,0.0629402788900878,comp_hypertrophy,5e6bd8f1d315
proteins,total,comp_hypertrophy,spls,14,1900,0,-1.41779861223299,-0.235164835164835,NA,NA,NA,NA,comp_hypertrophy,5e6bd8f1d315
proteins,total,comp_hypertrophy,spls,14,1900,200,-1.41779861223299,-0.235164835164835,0.81592039800995,0.517412935323383,-0.798040345038692,0.77408265309442,comp_hypertrophy,5e6bd8f1d315
proteins,total,comp_hypertrophy,svm,14,1900,0,-0.325601447674581,-0.305494505494505,NA,NA,NA,NA,comp_hypertrophy,5e6bd8f1d315
proteins,total,comp_hypertrophy,svm,14,1900,200,-0.325601447674581,-0.305494505494505,0.383084577114428,0.592039800995025,-0.454835963465942,0.401678064075783,comp_hypertrophy,5e6bd8f1d315
proteins,total,d_1rm_ext,enet,13,1900,0,-0.305582290087511,-0.805518007627482,NA,NA,NA,NA,d_1rm_ext,5e6bd8f1d315
proteins,total,d_1rm_ext,enet,13,1900,200,-0.305582290087511,-0.805518007627482,0.925373134328358,0.208955223880597,-0.189959439154541,0.109883057748807,d_1rm_ext,5e6bd8f1d315
proteins,total,d_1rm_ext,lasso,13,1900,0,-0.340618731766525,-0.800000760999897,NA,NA,NA,NA,d_1rm_ext,5e6bd8f1d315
proteins,total,d_1rm_ext,lasso,13,1900,200,-0.340618731766525,-0.800000760999897,0.895522388059702,0.233830845771144,-0.201602133374406,0.162518604977291,d_1rm_ext,5e6bd8f1d315
proteins,total,d_1rm_ext,rf,13,1900,0,-0.0739769098038034,-0.173554377564931,NA,NA,NA,NA,d_1rm_ext,5e6bd8f1d315
proteins,total,d_1rm_ext,rf,13,1900,200,-0.0739769098038034,-0.173554377564931,0.213930348258706,0.283582089552239,-0.187871854892094,0.138996169843506,d_1rm_ext,5e6bd8f1d315
proteins,total,d_1rm_ext,ridge,13,1900,0,-0.173611111111111,-1,NA,NA,NA,NA,d_1rm_ext,5e6bd8f1d315
proteins,total,d_1rm_ext,ridge,13,1900,200,-0.173611111111111,-1,0.343283582089552,1,-0.176440399805164,0.0525914018051647,d_1rm_ext,5e6bd8f1d315
proteins,total,d_1rm_ext,spls,13,1900,0,-0.441998593417799,0.157025389225414,NA,NA,NA,NA,d_1rm_ext,5e6bd8f1d315
proteins,total,d_1rm_ext,spls,13,1900,200,-0.441998593417799,0.157025389225414,0.398009950248756,0.298507462686567,-0.76571901247419,0.839707426732569,d_1rm_ext,5e6bd8f1d315
proteins,total,d_1rm_ext,svm,13,1900,0,0.0423764865977134,0.366392574859299,NA,NA,NA,NA,d_1rm_ext,5e6bd8f1d315
proteins,total,d_1rm_ext,svm,13,1900,200,0.0423764865977134,0.366392574859299,0.124378109452736,0.0796019900497512,-0.424788294550917,0.436700638780616,d_1rm_ext,5e6bd8f1d315
proteins,total,d_1rm_legpress,enet,14,1900,0,-0.159763313609468,-0.996690559042565,NA,NA,NA,NA,d_1rm_legpress,5e6bd8f1d315
proteins,total,d_1rm_legpress,enet,14,1900,200,-0.159763313609468,-0.996690559042565,0.398009950248756,0.855721393034826,-0.17829105309174,0.153587885710458,d_1rm_legpress,5e6bd8f1d315
proteins,total,d_1rm_legpress,lasso,14,1900,0,-0.159763313609468,-0.996690559042565,NA,NA,NA,NA,d_1rm_legpress,5e6bd8f1d315
proteins,total,d_1rm_legpress,lasso,14,1900,200,-0.159763313609468,-0.996690559042565,0.383084577114428,0.840796019900497,-0.191749746935052,0.167498793689934,d_1rm_legpress,5e6bd8f1d315
proteins,total,d_1rm_legpress,rf,14,1900,0,-0.419043975350992,-0.788087151060543,NA,NA,NA,NA,d_1rm_legpress,5e6bd8f1d315
proteins,total,d_1rm_legpress,rf,14,1900,200,-0.419043975350992,-0.788087151060543,0.980099502487562,0.875621890547264,-0.170197392043685,0.151751039623877,d_1rm_legpress,5e6bd8f1d315
proteins,total,d_1rm_legpress,ridge,14,1900,0,-0.159763313609468,-0.996690559042565,NA,NA,NA,NA,d_1rm_legpress,5e6bd8f1d315
proteins,total,d_1rm_legpress,ridge,14,1900,200,-0.159763313609468,-0.996690559042565,0.671641791044776,0.6318407960199,-0.161583333756568,0.0843873742046062,d_1rm_legpress,5e6bd8f1d315
proteins,total,d_1rm_legpress,spls,14,1900,0,-1.40790745116025,-0.580579609884938,NA,NA,NA,NA,d_1rm_legpress,5e6bd8f1d315
proteins,total,d_1rm_legpress,spls,14,1900,200,-1.40790745116025,-0.580579609884938,0.825870646766169,0.845771144278607,-0.743738684852384,0.806546661610694,d_1rm_legpress,5e6bd8f1d315
proteins,total,d_1rm_legpress,svm,14,1900,0,-0.953440550674756,-0.602654880222768,NA,NA,NA,NA,d_1rm_legpress,5e6bd8f1d315
proteins,total,d_1rm_legpress,svm,14,1900,200,-0.953440550674756,-0.602654880222768,0.890547263681592,0.860696517412935,-0.422706965813153,0.439112002389697,d_1rm_legpress,5e6bd8f1d315
proteins,total,d_fcsa_I,enet,14,1900,0,-0.144723559016641,-0.986813186813187,NA,NA,NA,NA,d_fcsa_I,5e6bd8f1d315
proteins,total,d_fcsa_I,enet,14,1900,200,-0.144723559016641,-0.986813186813187,0.134328358208955,0.507462686567164,-0.182711729405889,0.0940319228001329,d_fcsa_I,5e6bd8f1d315
proteins,total,d_fcsa_I,lasso,14,1900,0,-0.141778081143056,-0.942857142857143,NA,NA,NA,NA,d_fcsa_I,5e6bd8f1d315
proteins,total,d_fcsa_I,lasso,14,1900,200,-0.141778081143056,-0.942857142857143,0.149253731343284,0.412935323383085,-0.186510871122446,0.107602009497447,d_fcsa_I,5e6bd8f1d315
proteins,total,d_fcsa_I,rf,14,1900,0,-0.325380219563085,-0.938461538461538,NA,NA,NA,NA,d_fcsa_I,5e6bd8f1d315
proteins,total,d_fcsa_I,rf,14,1900,200,-0.325380219563085,-0.938461538461538,0.885572139303483,1,-0.184419536460395,0.120468170372056,d_fcsa_I,5e6bd8f1d315
proteins,total,d_fcsa_I,ridge,14,1900,0,-0.159763313609468,-1,NA,NA,NA,NA,d_fcsa_I,5e6bd8f1d315
proteins,total,d_fcsa_I,ridge,14,1900,200,-0.159763313609468,-1,0.741293532338308,1,-0.168883743178403,0.0479814818845518,d_fcsa_I,5e6bd8f1d315
proteins,total,d_fcsa_I,spls,14,1900,0,-0.0528972385941575,0.243956043956044,NA,NA,NA,NA,d_fcsa_I,5e6bd8f1d315
proteins,total,d_fcsa_I,spls,14,1900,200,-0.0528972385941575,0.243956043956044,0.194029850746269,0.213930348258706,-0.648297296979167,0.686818481319686,d_fcsa_I,5e6bd8f1d315
proteins,total,d_fcsa_I,svm,14,1900,0,-0.541217913694558,-0.683516483516484,NA,NA,NA,NA,d_fcsa_I,5e6bd8f1d315
proteins,total,d_fcsa_I,svm,14,1900,200,-0.541217913694558,-0.683516483516484,0.6318407960199,0.925373134328358,-0.419747675903949,0.357525724516988,d_fcsa_I,5e6bd8f1d315
proteins,total,d_fcsa_II,enet,14,1900,0,-0.226836126279513,-0.995604395604396,NA,NA,NA,NA,d_fcsa_II,5e6bd8f1d315
proteins,total,d_fcsa_II,enet,14,1900,200,-0.226836126279513,-0.995604395604396,0.880597014925373,0.492537313432836,-0.176576340845632,0.0689692125001854,d_fcsa_II,5e6bd8f1d315
proteins,total,d_fcsa_II,lasso,14,1900,0,-0.211117081533013,-0.96043956043956,NA,NA,NA,NA,d_fcsa_II,5e6bd8f1d315
proteins,total,d_fcsa_II,lasso,14,1900,200,-0.211117081533013,-0.96043956043956,0.786069651741294,0.348258706467662,-0.183406231995666,0.107564880976115,d_fcsa_II,5e6bd8f1d315
proteins,total,d_fcsa_II,rf,14,1900,0,-0.254682195128482,-0.758241758241758,NA,NA,NA,NA,d_fcsa_II,5e6bd8f1d315
proteins,total,d_fcsa_II,rf,14,1900,200,-0.254682195128482,-0.758241758241758,0.681592039800995,0.870646766169154,-0.198500698793409,0.113156364430508,d_fcsa_II,5e6bd8f1d315
proteins,total,d_fcsa_II,ridge,14,1900,0,-0.159763313609467,-1,NA,NA,NA,NA,d_fcsa_II,5e6bd8f1d315
proteins,total,d_fcsa_II,ridge,14,1900,200,-0.159763313609467,-1,0.412935323383085,1,-0.167030998326061,0.0404037714135934,d_fcsa_II,5e6bd8f1d315
proteins,total,d_fcsa_II,spls,14,1900,0,-0.118451039481845,0.371428571428571,NA,NA,NA,NA,d_fcsa_II,5e6bd8f1d315
proteins,total,d_fcsa_II,spls,14,1900,200,-0.118451039481845,0.371428571428571,0.213930348258706,0.139303482587065,-0.69581052183679,0.66161432402243,d_fcsa_II,5e6bd8f1d315
proteins,total,d_fcsa_II,svm,14,1900,0,-0.356871461427334,-0.503296703296703,NA,NA,NA,NA,d_fcsa_II,5e6bd8f1d315
proteins,total,d_fcsa_II,svm,14,1900,200,-0.356871461427334,-0.503296703296703,0.477611940298507,0.72636815920398,-0.400764458334317,0.343718826054898,d_fcsa_II,5e6bd8f1d315
proteins,total,d_mcsa,enet,14,1900,0,-0.159763313609467,-1,NA,NA,NA,NA,d_mcsa,5e6bd8f1d315
proteins,total,d_mcsa,enet,14,1900,200,-0.159763313609467,-1,0.467661691542289,1,-0.161588675139817,0.0627097714521842,d_mcsa,5e6bd8f1d315
proteins,total,d_mcsa,lasso,14,1900,0,-0.159763313609467,-1,NA,NA,NA,NA,d_mcsa,5e6bd8f1d315
proteins,total,d_mcsa,lasso,14,1900,200,-0.159763313609467,-1,0.45273631840796,1,-0.166221474785598,0.0743427545153392,d_mcsa,5e6bd8f1d315
proteins,total,d_mcsa,rf,14,1900,0,-0.0695915656418573,-0.178021978021978,NA,NA,NA,NA,d_mcsa,5e6bd8f1d315
proteins,total,d_mcsa,rf,14,1900,200,-0.0695915656418573,-0.178021978021978,0.174129353233831,0.233830845771144,-0.190843198752233,0.121692405096497,d_mcsa,5e6bd8f1d315
proteins,total,d_mcsa,ridge,14,1900,0,-0.12313773332089,-0.758241758241758,NA,NA,NA,NA,d_mcsa,5e6bd8f1d315
proteins,total,d_mcsa,ridge,14,1900,200,-0.12313773332089,-0.758241758241758,0.0398009950248756,0.0696517412935323,-0.162915864481906,0.0358433283441974,d_mcsa,5e6bd8f1d315
proteins,total,d_mcsa,spls,14,1900,0,-0.364538777407582,-0.0857142857142857,NA,NA,NA,NA,d_mcsa,5e6bd8f1d315
proteins,total,d_mcsa,spls,14,1900,200,-0.364538777407582,-0.0857142857142857,0.343283582089552,0.462686567164179,-0.692285382423869,0.675683580588516,d_mcsa,5e6bd8f1d315
proteins,total,d_mcsa,svm,14,1900,0,0.204523283238586,0.481318681318681,NA,NA,NA,NA,d_mcsa,5e6bd8f1d315
proteins,total,d_mcsa,svm,14,1900,200,0.204523283238586,0.481318681318681,0.0497512437810945,0.0746268656716418,-0.402957723332812,0.397433457488346,d_mcsa,5e6bd8f1d315
proteins,training,comp_hypertrophy,enet,14,1899,0,-0.203288732837816,-1,NA,NA,NA,NA,comp_hypertrophy,5e6bd8f1d315
proteins,training,comp_hypertrophy,enet,14,1899,200,-0.203288732837816,-1,0.656716417910448,1,-0.179730445951636,0.133810058186258,comp_hypertrophy,5e6bd8f1d315
proteins,training,comp_hypertrophy,lasso,14,1899,0,-0.225029362191042,-1,NA,NA,NA,NA,comp_hypertrophy,5e6bd8f1d315
proteins,training,comp_hypertrophy,lasso,14,1899,200,-0.225029362191042,-1,0.716417910447761,1,-0.194884331666495,0.168070373924356,comp_hypertrophy,5e6bd8f1d315
proteins,training,comp_hypertrophy,rf,14,1899,0,-0.351994393868742,-0.745054945054945,NA,NA,NA,NA,comp_hypertrophy,5e6bd8f1d315
proteins,training,comp_hypertrophy,rf,14,1899,200,-0.351994393868742,-0.745054945054945,0.935323383084577,0.865671641791045,-0.178653023067463,0.139303403529022,comp_hypertrophy,5e6bd8f1d315
proteins,training,comp_hypertrophy,ridge,14,1899,0,-0.159763313609467,-1,NA,NA,NA,NA,comp_hypertrophy,5e6bd8f1d315
proteins,training,comp_hypertrophy,ridge,14,1899,200,-0.159763313609467,-1,0.238805970149254,1,-0.158936733214959,0.0808514293668908,comp_hypertrophy,5e6bd8f1d315
proteins,training,comp_hypertrophy,spls,14,1899,0,-0.932329747665283,-0.340659340659341,NA,NA,NA,NA,comp_hypertrophy,5e6bd8f1d315
proteins,training,comp_hypertrophy,spls,14,1899,200,-0.932329747665283,-0.340659340659341,0.671641791044776,0.701492537313433,-0.742952227244105,0.771052077678894,comp_hypertrophy,5e6bd8f1d315
proteins,training,comp_hypertrophy,svm,14,1899,0,-0.859069533881246,-0.503296703296703,NA,NA,NA,NA,comp_hypertrophy,5e6bd8f1d315
proteins,training,comp_hypertrophy,svm,14,1899,200,-0.859069533881246,-0.503296703296703,0.880597014925373,0.825870646766169,-0.402681727295253,0.39409324774722,comp_hypertrophy,5e6bd8f1d315
proteins,training,d_1rm_ext,enet,13,1899,0,-0.230790334519384,-0.926897433434363,NA,NA,NA,NA,d_1rm_ext,5e6bd8f1d315
proteins,training,d_1rm_ext,enet,13,1899,200,-0.230790334519384,-0.926897433434363,0.81592039800995,0.253731343283582,-0.189167598360052,0.0834315493360943,d_1rm_ext,5e6bd8f1d315
proteins,training,d_1rm_ext,lasso,13,1899,0,-0.224927506296094,-0.87292817679558,NA,NA,NA,NA,d_1rm_ext,5e6bd8f1d315
proteins,training,d_1rm_ext,lasso,13,1899,200,-0.224927506296094,-0.87292817679558,0.781094527363184,0.228855721393035,-0.189984120477212,0.0961857176564594,d_1rm_ext,5e6bd8f1d315
proteins,training,d_1rm_ext,rf,13,1899,0,-0.0291645776642642,0.176309208954851,NA,NA,NA,NA,d_1rm_ext,5e6bd8f1d315
proteins,training,d_1rm_ext,rf,13,1899,200,-0.0291645776642642,0.176309208954851,0.0845771144278607,0.0597014925373134,-0.182958488750531,0.118569367419994,d_1rm_ext,5e6bd8f1d315
proteins,training,d_1rm_ext,ridge,13,1899,0,-0.216544998292313,-0.788966267744726,NA,NA,NA,NA,d_1rm_ext,5e6bd8f1d315
proteins,training,d_1rm_ext,ridge,13,1899,200,-0.216544998292313,-0.788966267744726,0.895522388059702,0.0895522388059701,-0.17386948374138,0.0758251864015072,d_1rm_ext,5e6bd8f1d315
proteins,training,d_1rm_ext,spls,13,1899,0,-0.665665988640693,-0.0468321336286322,NA,NA,NA,NA,d_1rm_ext,5e6bd8f1d315
proteins,training,d_1rm_ext,spls,13,1899,200,-0.665665988640693,-0.0468321336286322,0.557213930348259,0.427860696517413,-0.663287847784656,0.744394154810536,d_1rm_ext,5e6bd8f1d315
proteins,training,d_1rm_ext,svm,13,1899,0,0.112762502867438,0.471076167676242,NA,NA,NA,NA,d_1rm_ext,5e6bd8f1d315
proteins,training,d_1rm_ext,svm,13,1899,200,0.112762502867438,0.471076167676242,0.0895522388059701,0.0696517412935323,-0.36777203589994,0.369079339113646,d_1rm_ext,5e6bd8f1d315
proteins,training,d_1rm_legpress,enet,14,1899,0,-0.165579322838943,-0.987850731467909,NA,NA,NA,NA,d_1rm_legpress,5e6bd8f1d315
proteins,training,d_1rm_legpress,enet,14,1899,200,-0.165579322838943,-0.987850731467909,0.407960199004975,0.651741293532338,-0.195073023829092,0.143595910778332,d_1rm_legpress,5e6bd8f1d315
proteins,training,d_1rm_legpress,lasso,14,1899,0,-0.253615772716502,-0.977934475965884,NA,NA,NA,NA,d_1rm_legpress,5e6bd8f1d315
proteins,training,d_1rm_legpress,lasso,14,1899,200,-0.253615772716502,-0.977934475965884,0.736318407960199,0.512437810945274,-0.204643831522395,0.160122850279694,d_1rm_legpress,5e6bd8f1d315
proteins,training,d_1rm_legpress,rf,14,1899,0,-0.150856694621864,-0.214130122276954,NA,NA,NA,NA,d_1rm_legpress,5e6bd8f1d315
proteins,training,d_1rm_legpress,rf,14,1899,200,-0.150856694621864,-0.214130122276954,0.447761194029851,0.343283582089552,-0.158950260437122,0.130462992057316,d_1rm_legpress,5e6bd8f1d315
proteins,training,d_1rm_legpress,ridge,14,1899,0,-0.159763313609468,-0.996690559042565,NA,NA,NA,NA,d_1rm_legpress,5e6bd8f1d315
proteins,training,d_1rm_legpress,ridge,14,1899,200,-0.159763313609468,-0.996690559042565,0.651741293532338,0.621890547263682,-0.160623446112926,0.102168730521576,d_1rm_legpress,5e6bd8f1d315
proteins,training,d_1rm_legpress,spls,14,1899,0,-0.344448698532861,0.0993387165202365,NA,NA,NA,NA,d_1rm_legpress,5e6bd8f1d315
proteins,training,d_1rm_legpress,spls,14,1899,200,-0.344448698532861,0.0993387165202365,0.36318407960199,0.303482587064677,-0.688498524362378,0.740423337833227,d_1rm_legpress,5e6bd8f1d315
proteins,training,d_1rm_legpress,svm,14,1899,0,-0.507668535441864,-0.289186041425577,NA,NA,NA,NA,d_1rm_legpress,5e6bd8f1d315
proteins,training,d_1rm_legpress,svm,14,1899,200,-0.507668535441864,-0.289186041425577,0.681592039800995,0.656716417910448,-0.355213361879753,0.404975094256725,d_1rm_legpress,5e6bd8f1d315
proteins,training,d_fcsa_I,enet,14,1899,0,-0.159763313609468,-1,NA,NA,NA,NA,d_fcsa_I,5e6bd8f1d315
proteins,training,d_fcsa_I,enet,14,1899,200,-0.159763313609468,-1,0.467661691542289,1,-0.178994379567802,0.0980647533465362,d_fcsa_I,5e6bd8f1d315
proteins,training,d_fcsa_I,lasso,14,1899,0,-0.159763313609468,-1,NA,NA,NA,NA,d_fcsa_I,5e6bd8f1d315
proteins,training,d_fcsa_I,lasso,14,1899,200,-0.159763313609468,-1,0.492537313432836,1,-0.188281960888045,0.105316108331662,d_fcsa_I,5e6bd8f1d315
proteins,training,d_fcsa_I,rf,14,1899,0,-0.352061038438861,-0.762637362637363,NA,NA,NA,NA,d_fcsa_I,5e6bd8f1d315
proteins,training,d_fcsa_I,rf,14,1899,200,-0.352061038438861,-0.762637362637363,0.960199004975124,0.880597014925373,-0.174082069738484,0.123903160934836,d_fcsa_I,5e6bd8f1d315
proteins,training,d_fcsa_I,ridge,14,1899,0,-0.159763313609468,-1,NA,NA,NA,NA,d_fcsa_I,5e6bd8f1d315
proteins,training,d_fcsa_I,ridge,14,1899,200,-0.159763313609468,-1,0.73134328358209,1,-0.168645954822441,0.051430936508558,d_fcsa_I,5e6bd8f1d315
proteins,training,d_fcsa_I,spls,14,1899,0,-1.96453122277527,-0.846153846153846,NA,NA,NA,NA,d_fcsa_I,5e6bd8f1d315
proteins,training,d_fcsa_I,spls,14,1899,200,-1.96453122277527,-0.846153846153846,0.935323383084577,0.995024875621891,-0.662117980795524,0.709459723844184,d_fcsa_I,5e6bd8f1d315
proteins,training,d_fcsa_I,svm,14,1899,0,-0.739316838617002,-0.723076923076923,NA,NA,NA,NA,d_fcsa_I,5e6bd8f1d315
proteins,training,d_fcsa_I,svm,14,1899,200,-0.739316838617002,-0.723076923076923,0.865671641791045,0.960199004975124,-0.368938410295623,0.342083181282458,d_fcsa_I,5e6bd8f1d315
proteins,training,d_fcsa_II,enet,14,1899,0,-0.159763313609467,-1,NA,NA,NA,NA,d_fcsa_II,5e6bd8f1d315
proteins,training,d_fcsa_II,enet,14,1899,200,-0.159763313609467,-1,0.343283582089552,1,-0.175383374994093,0.0960137968495295,d_fcsa_II,5e6bd8f1d315
proteins,training,d_fcsa_II,lasso,14,1899,0,-0.159763313609467,-1,NA,NA,NA,NA,d_fcsa_II,5e6bd8f1d315
proteins,training,d_fcsa_II,lasso,14,1899,200,-0.159763313609467,-1,0.358208955223881,1,-0.181515174112434,0.111035535185038,d_fcsa_II,5e6bd8f1d315
proteins,training,d_fcsa_II,rf,14,1899,0,-0.287911184376641,-0.753846153846154,NA,NA,NA,NA,d_fcsa_II,5e6bd8f1d315
proteins,training,d_fcsa_II,rf,14,1899,200,-0.287911184376641,-0.753846153846154,0.835820895522388,0.875621890547264,-0.184026230215151,0.118821996427605,d_fcsa_II,5e6bd8f1d315
proteins,training,d_fcsa_II,ridge,14,1899,0,-0.159763313609467,-1,NA,NA,NA,NA,d_fcsa_II,5e6bd8f1d315
proteins,training,d_fcsa_II,ridge,14,1899,200,-0.159763313609467,-1,0.407960199004975,1,-0.164249301753069,0.0574633497484547,d_fcsa_II,5e6bd8f1d315
proteins,training,d_fcsa_II,spls,14,1899,0,-1.7663794356105,-0.643956043956044,NA,NA,NA,NA,d_fcsa_II,5e6bd8f1d315
proteins,training,d_fcsa_II,spls,14,1899,200,-1.7663794356105,-0.643956043956044,0.915422885572139,0.90547263681592,-0.73070030041344,0.72871394970201,d_fcsa_II,5e6bd8f1d315
proteins,training,d_fcsa_II,svm,14,1899,0,-0.568912818147462,-0.679120879120879,NA,NA,NA,NA,d_fcsa_II,5e6bd8f1d315
proteins,training,d_fcsa_II,svm,14,1899,200,-0.568912818147462,-0.679120879120879,0.736318407960199,0.900497512437811,-0.356938370608558,0.337678914602956,d_fcsa_II,5e6bd8f1d315
proteins,training,d_mcsa,enet,14,1899,0,-0.0986101893087301,-0.657142857142857,NA,NA,NA,NA,d_mcsa,5e6bd8f1d315
proteins,training,d_mcsa,enet,14,1899,200,-0.0986101893087301,-0.657142857142857,0.0248756218905473,0.0746268656716418,-0.173866871716365,0.0486327338630556,d_mcsa,5e6bd8f1d315
proteins,training,d_mcsa,lasso,14,1899,0,-0.159763313609467,-1,NA,NA,NA,NA,d_mcsa,5e6bd8f1d315
proteins,training,d_mcsa,lasso,14,1899,200,-0.159763313609467,-1,0.402985074626866,1,-0.182828336426586,0.0728352204780649,d_mcsa,5e6bd8f1d315
proteins,training,d_mcsa,rf,14,1899,0,-0.272831538887138,-0.525274725274725,NA,NA,NA,NA,d_mcsa,5e6bd8f1d315
proteins,training,d_mcsa,rf,14,1899,200,-0.272831538887138,-0.525274725274725,0.800995024875622,0.537313432835821,-0.186721133455261,0.103901249094908,d_mcsa,5e6bd8f1d315
proteins,training,d_mcsa,ridge,14,1899,0,-0.159763313609467,-1,NA,NA,NA,NA,d_mcsa,5e6bd8f1d315
proteins,training,d_mcsa,ridge,14,1899,200,-0.159763313609467,-1,0.502487562189055,1,-0.163698470277374,0.0288335641278327,d_mcsa,5e6bd8f1d315
proteins,training,d_mcsa,spls,14,1899,0,-0.41219621739049,0.0417582417582418,NA,NA,NA,NA,d_mcsa,5e6bd8f1d315
proteins,training,d_mcsa,spls,14,1899,200,-0.41219621739049,0.0417582417582418,0.358208955223881,0.318407960199005,-0.732620920781445,0.655233914847474,d_mcsa,5e6bd8f1d315
proteins,training,d_mcsa,svm,14,1899,0,-0.785777387577583,-0.516483516483516,NA,NA,NA,NA,d_mcsa,5e6bd8f1d315
proteins,training,d_mcsa,svm,14,1899,200,-0.785777387577583,-0.516483516483516,0.875621890547264,0.865671641791045,-0.380627191838199,0.344779749283323,d_mcsa,5e6bd8f1d315
proteins,trajectory,comp_hypertrophy,enet,14,5696,0,-0.159763313609467,-1,NA,NA,NA,NA,comp_hypertrophy,5e6bd8f1d315
proteins,trajectory,comp_hypertrophy,enet,14,5696,200,-0.159763313609467,-1,0.238805970149254,1,-0.17151100730664,0.0874078355308432,comp_hypertrophy,5e6bd8f1d315
proteins,trajectory,comp_hypertrophy,lasso,14,5696,0,-0.159763313609467,-1,NA,NA,NA,NA,comp_hypertrophy,5e6bd8f1d315
proteins,trajectory,comp_hypertrophy,lasso,14,5696,200,-0.159763313609467,-1,0.218905472636816,1,-0.188922490874276,0.115264011647852,comp_hypertrophy,5e6bd8f1d315
proteins,trajectory,comp_hypertrophy,rf,14,5696,0,-0.173959848689856,-0.463736263736264,NA,NA,NA,NA,comp_hypertrophy,5e6bd8f1d315
proteins,trajectory,comp_hypertrophy,rf,14,5696,200,-0.173959848689856,-0.463736263736264,0.507462686567164,0.427860696517413,-0.169053138555926,0.100371466191412,comp_hypertrophy,5e6bd8f1d315
proteins,trajectory,comp_hypertrophy,ridge,14,5696,0,-0.159763313609467,-1,NA,NA,NA,NA,comp_hypertrophy,5e6bd8f1d315
proteins,trajectory,comp_hypertrophy,ridge,14,5696,200,-0.159763313609467,-1,0.248756218905473,1,-0.15826741469573,0.0379654521909099,comp_hypertrophy,5e6bd8f1d315
proteins,trajectory,comp_hypertrophy,spls,14,5696,0,-0.49587064189618,-0.349450549450549,NA,NA,NA,NA,comp_hypertrophy,5e6bd8f1d315
proteins,trajectory,comp_hypertrophy,spls,14,5696,200,-0.49587064189618,-0.349450549450549,0.422885572139304,0.641791044776119,-0.697884431372748,0.726463436733434,comp_hypertrophy,5e6bd8f1d315
proteins,trajectory,comp_hypertrophy,svm,14,5696,0,-0.268484960875216,-0.265934065934066,NA,NA,NA,NA,comp_hypertrophy,5e6bd8f1d315
proteins,trajectory,comp_hypertrophy,svm,14,5696,200,-0.268484960875216,-0.265934065934066,0.492537313432836,0.527363184079602,-0.289488874102502,0.297910455179963,comp_hypertrophy,5e6bd8f1d315
proteins,trajectory,d_1rm_ext,enet,13,5696,0,-0.173611111111111,-1,NA,NA,NA,NA,d_1rm_ext,5e6bd8f1d315
proteins,trajectory,d_1rm_ext,enet,13,5696,200,-0.173611111111111,-1,0.353233830845771,1,-0.185142491942987,0.0914101200697753,d_1rm_ext,5e6bd8f1d315
proteins,trajectory,d_1rm_ext,lasso,13,5696,0,-0.170603122701475,-0.994475138121547,NA,NA,NA,NA,d_1rm_ext,5e6bd8f1d315
proteins,trajectory,d_1rm_ext,lasso,13,5696,200,-0.170603122701475,-0.994475138121547,0.144278606965174,0.373134328358209,-0.187671407244287,0.0891142290896352,d_1rm_ext,5e6bd8f1d315
proteins,trajectory,d_1rm_ext,rf,13,5696,0,-0.0982442206536529,-0.234160668143161,NA,NA,NA,NA,d_1rm_ext,5e6bd8f1d315
proteins,trajectory,d_1rm_ext,rf,13,5696,200,-0.0982442206536529,-0.234160668143161,0.223880597014925,0.159203980099502,-0.177432173833506,0.0985462669779806,d_1rm_ext,5e6bd8f1d315
proteins,trajectory,d_1rm_ext,ridge,13,5696,0,-0.173611111111111,-1,NA,NA,NA,NA,d_1rm_ext,5e6bd8f1d315
proteins,trajectory,d_1rm_ext,ridge,13,5696,200,-0.173611111111111,-1,0.373134328358209,1,-0.174346658388826,0.0317428062830173,d_1rm_ext,5e6bd8f1d315
proteins,trajectory,d_1rm_ext,spls,13,5696,0,0.137695730790492,0.369147406249219,NA,NA,NA,NA,d_1rm_ext,5e6bd8f1d315
proteins,trajectory,d_1rm_ext,spls,13,5696,200,0.137695730790492,0.369147406249219,0.0995024875621891,0.114427860696517,-0.663855975841556,0.640056140377679,d_1rm_ext,5e6bd8f1d315
proteins,trajectory,d_1rm_ext,svm,13,5696,0,-0.0324073844876611,0.0192838197294368,NA,NA,NA,NA,d_1rm_ext,5e6bd8f1d315
proteins,trajectory,d_1rm_ext,svm,13,5696,200,-0.0324073844876611,0.0192838197294368,0.228855721393035,0.288557213930348,-0.276954873473476,0.301008818562481,d_1rm_ext,5e6bd8f1d315
proteins,trajectory,d_1rm_legpress,enet,14,5696,0,-0.134923744736251,-0.837573662698741,NA,NA,NA,NA,d_1rm_legpress,5e6bd8f1d315
proteins,trajectory,d_1rm_legpress,enet,14,5696,200,-0.134923744736251,-0.837573662698741,0.114427860696517,0.248756218905473,-0.181338536072169,0.103967025938822,d_1rm_legpress,5e6bd8f1d315
proteins,trajectory,d_1rm_legpress,lasso,14,5696,0,-0.187498813797331,-0.837573662698741,NA,NA,NA,NA,d_1rm_legpress,5e6bd8f1d315
proteins,trajectory,d_1rm_legpress,lasso,14,5696,200,-0.187498813797331,-0.837573662698741,0.582089552238806,0.258706467661692,-0.191391066929778,0.154770790936303,d_1rm_legpress,5e6bd8f1d315
proteins,trajectory,d_1rm_legpress,rf,14,5696,0,-0.160054635619681,-0.346581744303936,NA,NA,NA,NA,d_1rm_legpress,5e6bd8f1d315
proteins,trajectory,d_1rm_legpress,rf,14,5696,200,-0.160054635619681,-0.346581744303936,0.447761194029851,0.36318407960199,-0.167496033672208,0.107379642686839,d_1rm_legpress,5e6bd8f1d315
proteins,trajectory,d_1rm_legpress,ridge,14,5696,0,-0.159763313609468,-0.996690559042565,NA,NA,NA,NA,d_1rm_legpress,5e6bd8f1d315
proteins,trajectory,d_1rm_legpress,ridge,14,5696,200,-0.159763313609468,-0.996690559042565,0.786069651741294,0.54726368159204,-0.160221493423083,0.0444995886675602,d_1rm_legpress,5e6bd8f1d315
proteins,trajectory,d_1rm_legpress,spls,14,5696,0,0.355045548462663,0.642390366830863,NA,NA,NA,NA,d_1rm_legpress,5e6bd8f1d315
proteins,trajectory,d_1rm_legpress,spls,14,5696,200,0.355045548462663,0.642390366830863,0.0597014925373134,0.0646766169154229,-0.809129695417136,0.876667573809419,d_1rm_legpress,5e6bd8f1d315
proteins,trajectory,d_1rm_legpress,svm,14,5696,0,-0.318470794554767,-0.346581744303936,NA,NA,NA,NA,d_1rm_legpress,5e6bd8f1d315
proteins,trajectory,d_1rm_legpress,svm,14,5696,200,-0.318470794554767,-0.346581744303936,0.54726368159204,0.616915422885572,-0.302982329132628,0.306467219455638,d_1rm_legpress,5e6bd8f1d315
proteins,trajectory,d_fcsa_I,enet,14,5696,0,-0.159763313609468,-1,NA,NA,NA,NA,d_fcsa_I,5e6bd8f1d315
proteins,trajectory,d_fcsa_I,enet,14,5696,200,-0.159763313609468,-1,0.572139303482587,1,-0.177101714127159,0.072583748733721,d_fcsa_I,5e6bd8f1d315
proteins,trajectory,d_fcsa_I,lasso,14,5696,0,-0.159763313609468,-1,NA,NA,NA,NA,d_fcsa_I,5e6bd8f1d315
proteins,trajectory,d_fcsa_I,lasso,14,5696,200,-0.159763313609468,-1,0.502487562189055,1,-0.189660967796375,0.105004960542809,d_fcsa_I,5e6bd8f1d315
proteins,trajectory,d_fcsa_I,rf,14,5696,0,-0.141799807329299,-0.371428571428571,NA,NA,NA,NA,d_fcsa_I,5e6bd8f1d315
proteins,trajectory,d_fcsa_I,rf,14,5696,200,-0.141799807329299,-0.371428571428571,0.383084577114428,0.358208955223881,-0.163155799151408,0.0950053149645637,d_fcsa_I,5e6bd8f1d315
proteins,trajectory,d_fcsa_I,ridge,14,5696,0,-0.159763313609468,-1,NA,NA,NA,NA,d_fcsa_I,5e6bd8f1d315
proteins,trajectory,d_fcsa_I,ridge,14,5696,200,-0.159763313609468,-1,0.81592039800995,1,-0.163015626754704,0.0354684003705499,d_fcsa_I,5e6bd8f1d315
proteins,trajectory,d_fcsa_I,spls,14,5696,0,-0.28426799925868,-0.112087912087912,NA,NA,NA,NA,d_fcsa_I,5e6bd8f1d315
proteins,trajectory,d_fcsa_I,spls,14,5696,200,-0.28426799925868,-0.112087912087912,0.233830845771144,0.437810945273632,-0.67860119650498,0.608666835016733,d_fcsa_I,5e6bd8f1d315
proteins,trajectory,d_fcsa_I,svm,14,5696,0,-0.38846431510686,-0.463736263736264,NA,NA,NA,NA,d_fcsa_I,5e6bd8f1d315
proteins,trajectory,d_fcsa_I,svm,14,5696,200,-0.38846431510686,-0.463736263736264,0.676616915422886,0.766169154228856,-0.29297404682201,0.286804662332483,d_fcsa_I,5e6bd8f1d315
proteins,trajectory,d_fcsa_II,enet,14,5696,0,-0.159763313609467,-1,NA,NA,NA,NA,d_fcsa_II,5e6bd8f1d315
proteins,trajectory,d_fcsa_II,enet,14,5696,200,-0.159763313609467,-1,0.393034825870647,1,-0.165383919214477,0.0696898833530237,d_fcsa_II,5e6bd8f1d315
proteins,trajectory,d_fcsa_II,lasso,14,5696,0,-0.171921464461439,-0.934065934065934,NA,NA,NA,NA,d_fcsa_II,5e6bd8f1d315
proteins,trajectory,d_fcsa_II,lasso,14,5696,200,-0.171921464461439,-0.934065934065934,0.706467661691542,0.238805970149254,-0.178109815371989,0.0931776663590932,d_fcsa_II,5e6bd8f1d315
proteins,trajectory,d_fcsa_II,rf,14,5696,0,-0.190529676710611,-0.516483516483516,NA,NA,NA,NA,d_fcsa_II,5e6bd8f1d315
proteins,trajectory,d_fcsa_II,rf,14,5696,200,-0.190529676710611,-0.516483516483516,0.572139303482587,0.477611940298507,-0.171505704756029,0.0919499974846944,d_fcsa_II,5e6bd8f1d315
proteins,trajectory,d_fcsa_II,ridge,14,5696,0,-0.159763313609467,-1,NA,NA,NA,NA,d_fcsa_II,5e6bd8f1d315
proteins,trajectory,d_fcsa_II,ridge,14,5696,200,-0.159763313609467,-1,0.462686567164179,1,-0.1599550718947,0.0283774020281914,d_fcsa_II,5e6bd8f1d315
proteins,trajectory,d_fcsa_II,spls,14,5696,0,-0.131188602948822,0.103296703296703,NA,NA,NA,NA,d_fcsa_II,5e6bd8f1d315
proteins,trajectory,d_fcsa_II,spls,14,5696,200,-0.131188602948822,0.103296703296703,0.203980099502488,0.278606965174129,-0.634561754642713,0.633388489296064,d_fcsa_II,5e6bd8f1d315
proteins,trajectory,d_fcsa_II,svm,14,5696,0,-0.36788770608851,-0.454945054945055,NA,NA,NA,NA,d_fcsa_II,5e6bd8f1d315
proteins,trajectory,d_fcsa_II,svm,14,5696,200,-0.36788770608851,-0.454945054945055,0.63681592039801,0.746268656716418,-0.292933399623389,0.28762554161555,d_fcsa_II,5e6bd8f1d315
proteins,trajectory,d_mcsa,enet,14,5696,0,-0.116046410730875,-0.353846153846154,NA,NA,NA,NA,d_mcsa,5e6bd8f1d315
proteins,trajectory,d_mcsa,enet,14,5696,200,-0.116046410730875,-0.353846153846154,0.0298507462686567,0.0199004975124378,-0.161154912103228,0.025188714512665,d_mcsa,5e6bd8f1d315
proteins,trajectory,d_mcsa,lasso,14,5696,0,-0.116011282401136,-0.169230769230769,NA,NA,NA,NA,d_mcsa,5e6bd8f1d315
proteins,trajectory,d_mcsa,lasso,14,5696,200,-0.116011282401136,-0.169230769230769,0.0398009950248756,0.0199004975124378,-0.162684836793626,0.0369590811471148,d_mcsa,5e6bd8f1d315
proteins,trajectory,d_mcsa,rf,14,5696,0,0.0594402908281756,0.287912087912088,NA,NA,NA,NA,d_mcsa,5e6bd8f1d315
proteins,trajectory,d_mcsa,rf,14,5696,200,0.0594402908281756,0.287912087912088,0.0149253731343284,0.0149253731343284,-0.178786884174928,0.090039311206965,d_mcsa,5e6bd8f1d315
proteins,trajectory,d_mcsa,ridge,14,5696,0,-0.0256414156241849,-0.107692307692308,NA,NA,NA,NA,d_mcsa,5e6bd8f1d315
proteins,trajectory,d_mcsa,ridge,14,5696,200,-0.0256414156241849,-0.107692307692308,0.0099502487562189,0.0149253731343284,-0.160664435323007,0.0235080662093789,d_mcsa,5e6bd8f1d315
proteins,trajectory,d_mcsa,spls,14,5696,0,0.181522266577792,0.551648351648352,NA,NA,NA,NA,d_mcsa,5e6bd8f1d315
proteins,trajectory,d_mcsa,spls,14,5696,200,0.181522266577792,0.551648351648352,0.0746268656716418,0.0746268656716418,-0.577689807812321,0.611491454769448,d_mcsa,5e6bd8f1d315
proteins,trajectory,d_mcsa,svm,14,5696,0,0.344559142354862,0.648351648351648,NA,NA,NA,NA,d_mcsa,5e6bd8f1d315
proteins,trajectory,d_mcsa,svm,14,5696,200,0.344559142354862,0.648351648351648,0.0099502487562189,0.0149253731343284,-0.267935146751415,0.269068089206652,d_mcsa,5e6bd8f1d315
