rank_X,rank_Y,signed_log10p
9,9,-0
18,9,-0
27,9,-0
36,9,-0
45,9,-0
54,9,-0
63,9,-0
72,9,-0
81,9,-0
90,9,0.454
99,9,0.42
108,9,0.39
117,9,0.363
126,9,0.339
135,9,0.317
144,9,0.296
153,9,0.278
162,9,0.26
171,9,0.245
180,9,0.23
189,9,0.216
198,9,0.203
207,9,0.192
216,9,0.181
225,9,0.17
234,9,0.161
243,9,0.151
252,9,0.143
261,9,0.135
270,9,0.127
279,9,0.12
288,9,0.114
297,9,0.107
306,9,0.101
315,9,0.096
324,9,0.091
333,9,0.086
342,9,0.081
351,9,0.076
360,9,0.072
369,9,0.068
378,9,0.064
387,9,0.061
396,9,0.057
405,9,0.054
414,9,0.051
423,9,0.048
432,9,0.046
441,9,0.043
450,9,0.041
459,9,0.038
468,9,0.036
477,9,0.034
486,9,0.032
495,9,0.03
504,9,0.029
513,9,0.027
522,9,0.025
531,9,0.024
540,9,0.023
549,9,0.021
558,9,0.02
567,9,0.019
576,9,0.018
585,9,0.017
594,9,0.016
603,9,0.015
612,9,0.014
621,9,0.013
630,9,0.07
639,9,0.067
648,9,0.063
657,9,0.06
666,9,0.057
675,9,0.054
684,9,0.052
693,9,0.049
702,9,0.047
711,9,0.044
720,9,0.042
729,9,0.04
738,9,0.038
747,9,0.036
756,9,0.034
765,9,0.032
774,9,0.03
783,9,0.029
792,9,0.101
801,9,0.096
810,9,0.092
819,9,0.088
828,9,0.084
837,9,0.08
846,9,0.077
855,9,0.073
864,9,0.07
873,9,0.066
882,9,0.063
891,9,0.172
900,9,0.166
909,9,0.159
918,9,0.153
927,9,0.147
936,9,0.141
945,9,0.135
954,9,0.306
963,9,0.296
972,9,-0.286
981,9,-0.277
990,9,-0.267
999,9,-0.258
1008,9,-0.249
1017,9,-0.24
1026,9,-0.232
1035,9,-0.224
1044,9,-0.216
1053,9,-0.208
1062,9,-0.431
1071,9,-0.419
1080,9,-0.406
1089,9,-0.394
1098,9,-0.382
1107,9,-0.37
1116,9,-0.358
1125,9,-0.347
1134,9,-0.336
1143,9,-0.325
1152,9,-0.314
1161,9,-0.304
1170,9,-0.294
1179,9,-0.284
1188,9,-0.274
1197,9,-0.264
1206,9,-0.255
1215,9,-0.246
1224,9,-0.237
1233,9,-0.493
1242,9,-0.479
1251,9,-0.465
1260,9,-0.451
1269,9,-0.437
1278,9,-0.424
1287,9,-0.411
1296,9,-0.398
1305,9,-0.385
1314,9,-0.372
1323,9,-0.36
1332,9,-0.348
1341,9,-0.336
1350,9,-0.324
1359,9,-0.313
1368,9,-0.302
1377,9,-0.291
1386,9,-0.28
1395,9,-0.269
1404,9,-0.259
1413,9,-0.248
1422,9,-0.552
1431,9,-0.536
1440,9,-0.519
1449,9,-0.503
1458,9,-0.487
1467,9,-0.471
1476,9,-0.456
1485,9,-0.44
1494,9,-0.425
1503,9,-0.41
1512,9,-0.395
1521,9,-0.381
1530,9,-0.366
1539,9,-0.352
1548,9,-0.338
1557,9,-0.325
1566,9,-0.311
1575,9,-0.298
1584,9,-0.285
1593,9,-0.272
1602,9,-0.259
1611,9,-0.247
1620,9,-0.235
1629,9,-0.223
1638,9,-0.211
1647,9,-0.2
1656,9,-0.189
1665,9,-0.178
1674,9,-0.167
1683,9,-0.156
1692,9,-0.146
1701,9,-0.136
1710,9,-0.127
1719,9,-0.117
1728,9,-0.108
1737,9,-0.099
1746,9,-0.091
1755,9,-0.082
1764,9,-0.074
1773,9,-0.067
1782,9,-0.059
1791,9,-0.053
1800,9,-0.046
1809,9,-0.04
1818,9,-0.034
1827,9,-0.028
1836,9,-0.023
1845,9,-0.019
1854,9,-0.015
1863,9,-0.011
1872,9,-0.008
1881,9,-0.005
1890,9,-0.003
1899,9,-0.037
1908,9,-0.018
1917,9,0
9,18,-0
18,18,-0
27,18,-0
36,18,-0
45,18,-0
54,18,-0
63,18,0.343
72,18,0.301
81,18,0.758
90,18,1.31
99,18,1.208
108,18,1.116
117,18,1.034
126,18,0.959
135,18,0.892
144,18,0.83
153,18,0.773
162,18,0.721
171,18,0.673
180,18,0.628
189,18,0.587
198,18,0.549
207,18,0.513
216,18,0.48
225,18,0.449
234,18,0.42
243,18,0.393
252,18,0.368
261,18,0.345
270,18,0.618
279,18,0.584
288,18,0.552
297,18,0.522
306,18,0.494
315,18,0.467
324,18,0.441
333,18,0.416
342,18,0.393
351,18,0.371
360,18,0.351
369,18,0.331
378,18,0.312
387,18,0.295
396,18,0.278
405,18,0.262
414,18,0.247
423,18,0.232
432,18,0.219
441,18,0.206
450,18,0.193
459,18,0.182
468,18,0.171
477,18,0.16
486,18,0.15
495,18,0.141
504,18,0.132
513,18,0.124
522,18,0.116
531,18,0.108
540,18,0.101
549,18,0.095
558,18,0.088
567,18,0.082
576,18,0.077
585,18,0.072
594,18,0.067
603,18,0.062
612,18,0.058
621,18,0.054
630,18,0.121
639,18,0.113
648,18,0.106
657,18,0.1
666,18,0.093
675,18,0.087
684,18,0.082
693,18,0.076
702,18,0.071
711,18,0.067
720,18,0.062
729,18,0.058
738,18,0.054
747,18,0.05
756,18,0.046
765,18,0.043
774,18,0.04
783,18,0.037
792,18,0.084
801,18,0.079
810,18,0.074
819,18,0.069
828,18,0.064
837,18,0.06
846,18,0.056
855,18,0.052
864,18,0.11
873,18,0.103
882,18,0.097
891,18,0.326
900,18,0.311
909,18,0.297
918,18,0.283
927,18,0.452
936,18,0.434
945,18,0.416
954,18,0.633
963,18,0.61
972,18,-0.587
981,18,-0.566
990,18,-0.545
999,18,-0.524
1008,18,-0.504
1017,18,-0.484
1026,18,-0.465
1035,18,-0.446
1044,18,-0.428
1053,18,-0.411
1062,18,-0.629
1071,18,-0.606
1080,18,-0.584
1089,18,-0.861
1098,18,-0.833
1107,18,-0.806
1116,18,-0.779
1125,18,-0.753
1134,18,-0.728
1143,18,-0.702
1152,18,-0.678
1161,18,-0.654
1170,18,-0.63
1179,18,-0.934
1188,18,-0.904
1197,18,-0.876
1206,18,-0.847
1215,18,-0.819
1224,18,-0.792
1233,18,-1.16
1242,18,-1.127
1251,18,-1.094
1260,18,-1.061
1269,18,-1.029
1278,18,-0.997
1287,18,-0.966
1296,18,-0.936
1305,18,-0.906
1314,18,-0.876
1323,18,-0.847
1332,18,-0.818
1341,18,-0.79
1350,18,-0.762
1359,18,-0.735
1368,18,-0.708
1377,18,-0.682
1386,18,-0.656
1395,18,-0.63
1404,18,-0.992
1413,18,-0.96
1422,18,-1.481
1431,18,-1.441
1440,18,-1.401
1449,18,-1.361
1458,18,-1.322
1467,18,-1.284
1476,18,-1.245
1485,18,-1.207
1494,18,-1.17
1503,18,-1.132
1512,18,-1.096
1521,18,-1.059
1530,18,-1.023
1539,18,-0.987
1548,18,-0.952
1557,18,-0.917
1566,18,-0.883
1575,18,-0.849
1584,18,-0.815
1593,18,-0.782
1602,18,-0.75
1611,18,-0.717
1620,18,-0.685
1629,18,-0.654
1638,18,-0.623
1647,18,-0.592
1656,18,-0.562
1665,18,-0.533
1674,18,-0.504
1683,18,-0.475
1692,18,-0.447
1701,18,-0.419
1710,18,-0.392
1719,18,-0.366
1728,18,-0.34
1737,18,-0.314
1746,18,-0.29
1755,18,-0.266
1764,18,-0.242
1773,18,-0.22
1782,18,-0.198
1791,18,-0.176
1800,18,-0.156
1809,18,-0.136
1818,18,-0.118
1827,18,-0.1
1836,18,-0.083
1845,18,-0.068
1854,18,-0.054
1863,18,-0.041
1872,18,-0.029
1881,18,-0.019
1890,18,-0.011
1899,18,-0.074
1908,18,-0.037
1917,18,0
9,27,-0
18,27,-0
27,27,-0
36,27,-0
45,27,-0
54,27,-0
63,27,0.224
72,27,0.189
81,27,0.499
90,27,0.886
99,27,0.796
108,27,0.717
117,27,0.647
126,27,0.585
135,27,0.53
144,27,0.48
153,27,0.786
162,27,0.723
171,27,0.666
180,27,0.613
189,27,0.564
198,27,0.52
207,27,0.479
216,27,0.441
225,27,0.406
234,27,0.374
243,27,0.344
252,27,0.316
261,27,0.291
270,27,0.483
279,27,0.449
288,27,0.417
297,27,0.388
306,27,0.36
315,27,0.334
324,27,0.31
333,27,0.287
342,27,0.266
351,27,0.246
360,27,0.227
369,27,0.21
378,27,0.194
387,27,0.179
396,27,0.165
405,27,0.152
414,27,0.14
423,27,0.128
432,27,0.118
441,27,0.108
450,27,0.099
459,27,0.091
468,27,0.083
477,27,0.076
486,27,0.069
495,27,0.063
504,27,0.057
513,27,0.052
522,27,0.047
531,27,0.043
540,27,0.088
549,27,0.081
558,27,0.074
567,27,0.068
576,27,0.062
585,27,0.057
594,27,0.052
603,27,0.047
612,27,0.043
621,27,0.039
630,27,0.078
639,27,0.071
648,27,0.065
657,27,0.06
666,27,0.055
675,27,0.102
684,27,0.094
693,27,0.087
702,27,0.08
711,27,0.074
720,27,0.068
729,27,0.121
738,27,0.112
747,27,0.104
756,27,0.096
765,27,0.089
774,27,0.082
783,27,0.075
792,27,0.131
801,27,0.121
810,27,0.113
819,27,0.105
828,27,0.097
837,27,0.089
846,27,0.083
855,27,0.076
864,27,0.13
873,27,0.121
882,27,0.195
891,27,0.45
900,27,0.621
909,27,0.594
918,27,0.567
927,27,0.765
936,27,0.734
945,27,0.703
954,27,0.931
963,27,0.895
972,27,-0.861
981,27,-0.827
990,27,-0.794
999,27,-0.762
1008,27,-0.73
1017,27,-0.7
1026,27,-0.67
1035,27,-0.641
1044,27,-0.613
1053,27,-0.586
1062,27,-0.794
1071,27,-0.761
1080,27,-0.73
1089,27,-0.972
1098,27,-0.935
1107,27,-0.9
1116,27,-1.18
1125,27,-1.139
1134,27,-1.099
1143,27,-1.059
1152,27,-1.021
1161,27,-0.983
1170,27,-0.946
1179,27,-1.245
1188,27,-1.203
1197,27,-1.161
1206,27,-1.12
1215,27,-1.079
1224,27,-1.04
1233,27,-1.371
1242,27,-1.326
1251,27,-1.281
1260,27,-1.237
1269,27,-1.194
1278,27,-1.152
1287,27,-1.11
1296,27,-1.069
1305,27,-1.029
1314,27,-0.99
1323,27,-0.951
1332,27,-0.913
1341,27,-0.876
1350,27,-0.84
1359,27,-0.805
1368,27,-0.77
1377,27,-0.736
1386,27,-0.703
1395,27,-0.67
1404,27,-0.948
1413,27,-0.909
1422,27,-1.266
1431,27,-1.22
1440,27,-1.174
1449,27,-1.129
1458,27,-1.085
1467,27,-1.042
1476,27,-0.999
1485,27,-0.957
1494,27,-0.916
1503,27,-0.876
1512,27,-0.836
1521,27,-0.797
1530,27,-0.759
1539,27,-0.722
1548,27,-0.685
1557,27,-0.649
1566,27,-0.614
1575,27,-0.58
1584,27,-0.547
1593,27,-0.514
1602,27,-0.483
1611,27,-0.452
1620,27,-0.422
1629,27,-0.393
1638,27,-0.65
1647,27,-0.612
1656,27,-0.574
1665,27,-0.537
1674,27,-0.501
1683,27,-0.467
1692,27,-0.433
1701,27,-0.4
1710,27,-0.368
1719,27,-0.337
1728,27,-0.307
1737,27,-0.278
1746,27,-0.25
1755,27,-0.224
1764,27,-0.199
1773,27,-0.175
1782,27,-0.152
1791,27,-0.131
1800,27,-0.111
1809,27,-0.093
1818,27,-0.076
1827,27,-0.061
1836,27,-0.047
1845,27,-0.035
1854,27,-0.025
1863,27,-0.017
1872,27,-0.01
1881,27,-0.006
1890,27,-0.003
1899,27,-0.011
1908,27,-0.003
1917,27,0
9,36,-0
18,36,-0
27,36,-0
36,36,-0
45,36,-0
54,36,-0
63,36,0.153
72,36,0.124
81,36,0.342
90,36,0.625
99,36,0.547
108,36,0.48
117,36,0.422
126,36,0.371
135,36,0.327
144,36,0.288
153,36,0.491
162,36,0.441
171,36,0.395
180,36,0.355
189,36,0.318
198,36,0.285
207,36,0.255
216,36,0.228
225,36,0.204
234,36,0.182
243,36,0.162
252,36,0.145
261,36,0.129
270,36,0.231
279,36,0.209
288,36,0.188
297,36,0.169
306,36,0.152
315,36,0.137
324,36,0.123
333,36,0.11
342,36,0.098
351,36,0.088
360,36,0.078
369,36,0.07
378,36,0.062
387,36,0.055
396,36,0.049
405,36,0.043
414,36,0.038
423,36,0.034
432,36,0.029
441,36,0.026
450,36,0.023
459,36,0.02
468,36,0.017
477,36,0.015
486,36,0.013
495,36,0.011
504,36,0.01
513,36,0.008
522,36,0.007
531,36,0.006
540,36,0.016
549,36,0.014
558,36,0.012
567,36,0.01
576,36,0.009
585,36,0.008
594,36,0.007
603,36,0.006
612,36,0.005
621,36,0.004
630,36,0.01
639,36,0.009
648,36,0.008
657,36,0.007
666,36,0.006
675,36,0.013
684,36,0.012
693,36,0.01
702,36,0.009
711,36,0.008
720,36,0.007
729,36,0.014
738,36,0.013
747,36,0.011
756,36,0.01
765,36,0.008
774,36,0.007
783,36,0.006
792,36,0.014
801,36,0.012
810,36,0.01
819,36,0.009
828,36,0.008
837,36,0.007
846,36,0.006
855,36,0.005
864,36,0.011
873,36,0.01
882,36,0.038
891,36,0.112
900,36,0.167
909,36,0.155
918,36,0.143
927,36,0.208
936,36,0.193
945,36,0.179
954,36,0.255
963,36,0.352
972,36,-0.33
981,36,-0.31
990,36,-0.29
999,36,-0.395
1008,36,-0.372
1017,36,-0.349
1026,36,-0.328
1035,36,-0.307
1044,36,-0.287
1053,36,-0.268
1062,36,-0.369
1071,36,-0.346
1080,36,-0.325
1089,36,-0.439
1098,36,-0.414
1107,36,-0.39
1116,36,-0.52
1125,36,-0.492
1134,36,-0.464
1143,36,-0.438
1152,36,-0.412
1161,36,-0.388
1170,36,-0.364
1179,36,-0.491
1188,36,-0.463
1197,36,-0.436
1206,36,-0.41
1215,36,-0.386
1224,36,-0.362
1233,36,-0.49
1242,36,-0.65
1251,36,-0.616
1260,36,-0.583
1269,36,-0.552
1278,36,-0.521
1287,36,-0.491
1296,36,-0.463
1305,36,-0.435
1314,36,-0.408
1323,36,-0.383
1332,36,-0.358
1341,36,-0.334
1350,36,-0.312
1359,36,-0.435
1368,36,-0.408
1377,36,-0.382
1386,36,-0.356
1395,36,-0.332
1404,36,-0.466
1413,36,-0.436
1422,36,-0.601
1431,36,-0.567
1440,36,-0.533
1449,36,-0.5
1458,36,-0.469
1467,36,-0.438
1476,36,-0.409
1485,36,-0.381
1494,36,-0.354
1503,36,-0.328
1512,36,-0.303
1521,36,-0.279
1530,36,-0.256
1539,36,-0.234
1548,36,-0.214
1557,36,-0.194
1566,36,-0.176
1575,36,-0.274
1584,36,-0.25
1593,36,-0.228
1602,36,-0.206
1611,36,-0.186
1620,36,-0.167
1629,36,-0.149
1638,36,-0.244
1647,36,-0.22
1656,36,-0.197
1665,36,-0.176
1674,36,-0.156
1683,36,-0.137
1692,36,-0.12
1701,36,-0.104
1710,36,-0.089
1719,36,-0.076
1728,36,-0.064
1737,36,-0.053
1746,36,-0.043
1755,36,-0.035
1764,36,-0.028
1773,36,-0.021
1782,36,-0.016
1791,36,-0.101
1800,36,-0.083
1809,36,-0.066
1818,36,-0.051
1827,36,-0.039
1836,36,-0.028
1845,36,-0.019
1854,36,-0.012
1863,36,-0.007
1872,36,-0.004
1881,36,-0.002
1890,36,-0.001
1899,36,-0.002
1908,36,-0.005
1917,36,0
9,45,-0
18,45,-0
27,45,-0
36,45,-0
45,45,-0
54,45,-0
63,45,0.107
72,45,0.084
81,45,0.24
90,45,0.803
99,45,0.699
108,45,0.61
117,45,0.532
126,45,0.465
135,45,0.407
144,45,0.355
153,45,0.542
162,45,0.481
171,45,0.427
180,45,0.379
189,45,0.336
198,45,0.498
207,45,0.447
216,45,0.401
225,45,0.36
234,45,0.322
243,45,0.288
252,45,0.257
261,45,0.229
270,45,0.345
279,45,0.311
288,45,0.28
297,45,0.252
306,45,0.226
315,45,0.203
324,45,0.181
333,45,0.162
342,45,0.144
351,45,0.128
360,45,0.114
369,45,0.101
378,45,0.089
387,45,0.079
396,45,0.069
405,45,0.061
414,45,0.053
423,45,0.047
432,45,0.041
441,45,0.035
450,45,0.031
459,45,0.027
468,45,0.023
477,45,0.02
486,45,0.038
495,45,0.033
504,45,0.029
513,45,0.025
522,45,0.045
531,45,0.039
540,45,0.117
549,45,0.105
558,45,0.095
567,45,0.085
576,45,0.076
585,45,0.068
594,45,0.06
603,45,0.053
612,45,0.047
621,45,0.042
630,45,0.068
639,45,0.061
648,45,0.054
657,45,0.048
666,45,0.042
675,45,0.068
684,45,0.061
693,45,0.054
702,45,0.048
711,45,0.043
720,45,0.038
729,45,0.06
738,45,0.054
747,45,0.048
756,45,0.043
765,45,0.038
774,45,0.033
783,45,0.029
792,45,0.048
801,45,0.042
810,45,0.037
819,45,0.033
828,45,0.029
837,45,0.026
846,45,0.022
855,45,0.02
864,45,0.033
873,45,0.029
882,45,0.079
891,45,0.178
900,45,0.343
909,45,0.319
918,45,0.297
927,45,0.386
936,45,0.36
945,45,0.336
954,45,0.432
963,45,0.547
972,45,-0.514
981,45,-0.483
990,45,-0.453
999,45,-0.571
1008,45,-0.537
1017,45,-0.505
1026,45,-0.474
1035,45,-0.445
1044,45,-0.562
1053,45,-0.529
1062,45,-0.661
1071,45,-0.624
1080,45,-0.588
1089,45,-0.73
1098,45,-0.691
1107,45,-0.653
1116,45,-0.806
1125,45,-0.764
1134,45,-0.724
1143,45,-0.684
1152,45,-0.646
1161,45,-0.609
1170,45,-0.574
1179,45,-0.718
1188,45,-0.678
1197,45,-0.64
1206,45,-0.603
1215,45,-0.567
1224,45,-0.533
1233,45,-0.674
1242,45,-0.839
1251,45,-0.795
1260,45,-0.752
1269,45,-0.71
1278,45,-0.67
1287,45,-0.631
1296,45,-0.593
1305,45,-0.557
1314,45,-0.522
1323,45,-0.489
1332,45,-0.456
1341,45,-0.425
1350,45,-0.395
1359,45,-0.518
1368,45,-0.483
1377,45,-0.451
1386,45,-0.419
1395,45,-0.389
1404,45,-0.514
1413,45,-0.479
1422,45,-0.626
1431,45,-0.806
1440,45,-0.759
1449,45,-0.714
1458,45,-0.67
1467,45,-0.627
1476,45,-0.586
1485,45,-0.546
1494,45,-0.508
1503,45,-0.471
1512,45,-0.436
1521,45,-0.402
1530,45,-0.37
1539,45,-0.339
1548,45,-0.309
1557,45,-0.281
1566,45,-0.255
1575,45,-0.363
1584,45,-0.331
1593,45,-0.301
1602,45,-0.272
1611,45,-0.245
1620,45,-0.219
1629,45,-0.195
1638,45,-0.291
1647,45,-0.261
1656,45,-0.233
1665,45,-0.207
1674,45,-0.182
1683,45,-0.159
1692,45,-0.137
1701,45,-0.118
1710,45,-0.1
1719,45,-0.084
1728,45,-0.07
1737,45,-0.057
1746,45,-0.046
1755,45,-0.036
1764,45,-0.028
1773,45,-0.021
1782,45,-0.015
1791,45,-0.081
1800,45,-0.063
1809,45,-0.048
1818,45,-0.036
1827,45,-0.025
1836,45,-0.017
1845,45,-0.011
1854,45,-0.006
1863,45,-0.016
1872,45,-0.009
1881,45,-0.004
1890,45,-0.001
1899,45,-0.003
1908,45,-0.008
1917,45,0
9,54,-0
18,54,-0
27,54,-0
36,54,-0
45,54,-0
54,54,-0
63,54,0.076
72,54,0.057
81,54,0.17
90,54,0.609
99,54,0.518
108,54,0.441
117,54,0.375
126,54,0.319
135,54,0.271
144,54,0.23
153,54,0.362
162,54,0.313
171,54,0.271
180,54,0.234
189,54,0.202
198,54,0.309
207,54,0.27
216,54,0.236
225,54,0.206
234,54,0.179
243,54,0.155
252,54,0.134
261,54,0.116
270,54,0.183
279,54,0.16
288,54,0.14
297,54,0.122
306,54,0.106
315,54,0.092
324,54,0.079
333,54,0.068
342,54,0.059
351,54,0.05
360,54,0.084
369,54,0.073
378,54,0.063
387,54,0.054
396,54,0.047
405,54,0.04
414,54,0.034
423,54,0.029
432,54,0.025
441,54,0.021
450,54,0.018
459,54,0.015
468,54,0.012
477,54,0.01
486,54,0.02
495,54,0.017
504,54,0.014
513,54,0.012
522,54,0.022
531,54,0.018
540,54,0.058
549,54,0.051
558,54,0.044
567,54,0.039
576,54,0.033
585,54,0.029
594,54,0.025
603,54,0.021
612,54,0.018
621,54,0.015
630,54,0.026
639,54,0.022
648,54,0.019
657,54,0.016
666,54,0.014
675,54,0.023
684,54,0.02
693,54,0.017
702,54,0.015
711,54,0.013
720,54,0.011
729,54,0.018
738,54,0.015
747,54,0.013
756,54,0.011
765,54,0.009
774,54,0.008
783,54,0.007
792,54,0.012
801,54,0.01
810,54,0.008
819,54,0.007
828,54,0.006
837,54,0.005
846,54,0.004
855,54,0.007
864,54,0.012
873,54,0.02
882,54,0.053
891,54,0.117
900,54,0.228
909,54,0.208
918,54,0.19
927,54,0.247
936,54,0.226
945,54,0.207
954,54,0.267
963,54,0.338
972,54,-0.312
981,54,-0.288
990,54,-0.265
999,54,-0.336
1008,54,-0.31
1017,54,-0.286
1026,54,-0.263
1035,54,-0.334
1044,54,-0.417
1053,54,-0.387
1062,54,-0.479
1071,54,-0.447
1080,54,-0.415
1089,54,-0.512
1098,54,-0.478
1107,54,-0.445
1116,54,-0.547
1125,54,-0.511
1134,54,-0.477
1143,54,-0.584
1152,54,-0.547
1161,54,-0.51
1170,54,-0.476
1179,54,-0.585
1188,54,-0.547
1197,54,-0.51
1206,54,-0.475
1215,54,-0.442
1224,54,-0.41
1233,54,-0.669
1242,54,-0.81
1251,54,-0.763
1260,54,-0.717
1269,54,-0.673
1278,54,-0.63
1287,54,-0.589
1296,54,-0.549
1305,54,-0.512
1314,54,-0.475
1323,54,-0.441
1332,54,-0.408
1341,54,-0.376
1350,54,-0.346
1359,54,-0.441
1368,54,-0.407
1377,54,-0.375
1386,54,-0.344
1395,54,-0.315
1404,54,-0.407
1413,54,-0.374
1422,54,-0.479
1431,54,-0.606
1440,54,-0.563
1449,54,-0.521
1458,54,-0.482
1467,54,-0.444
1476,54,-0.408
1485,54,-0.526
1494,54,-0.485
1503,54,-0.446
1512,54,-0.408
1521,54,-0.373
1530,54,-0.339
1539,54,-0.307
1548,54,-0.277
1557,54,-0.249
1566,54,-0.222
1575,54,-0.305
1584,54,-0.274
1593,54,-0.244
1602,54,-0.217
1611,54,-0.192
1620,54,-0.168
1629,54,-0.146
1638,54,-0.211
1647,54,-0.185
1656,54,-0.161
1665,54,-0.234
1674,54,-0.205
1683,54,-0.177
1692,54,-0.152
1701,54,-0.129
1710,54,-0.109
1719,54,-0.09
1728,54,-0.074
1737,54,-0.059
1746,54,-0.047
1755,54,-0.036
1764,54,-0.027
1773,54,-0.048
1782,54,-0.037
1791,54,-0.142
1800,54,-0.114
1809,54,-0.089
1818,54,-0.067
1827,54,-0.049
1836,54,-0.034
1845,54,-0.022
1854,54,-0.013
1863,54,-0.028
1872,54,-0.016
1881,54,-0.007
1890,54,-0.003
1899,54,-0.006
1908,54,-0.011
1917,54,0
9,63,-0
18,63,-0
27,63,-0
36,63,-0
45,63,-0
54,63,-0
63,63,0.054
72,63,0.039
81,63,0.121
90,63,0.465
99,63,0.386
108,63,0.319
117,63,0.265
126,63,0.219
135,63,0.18
144,63,0.149
153,63,0.24
162,63,0.202
171,63,0.17
180,63,0.142
189,63,0.119
198,63,0.189
207,63,0.16
216,63,0.136
225,63,0.115
234,63,0.096
243,63,0.081
252,63,0.067
261,63,0.056
270,63,0.093
279,63,0.079
288,63,0.067
297,63,0.056
306,63,0.047
315,63,0.039
324,63,0.032
333,63,0.027
342,63,0.022
351,63,0.018
360,63,0.032
369,63,0.027
378,63,0.022
387,63,0.018
396,63,0.015
405,63,0.012
414,63,0.01
423,63,0.008
432,63,0.007
441,63,0.005
450,63,0.01
459,63,0.008
468,63,0.007
477,63,0.006
486,63,0.01
495,63,0.009
504,63,0.007
513,63,0.006
522,63,0.01
531,63,0.008
540,63,0.029
549,63,0.024
558,63,0.02
567,63,0.017
576,63,0.014
585,63,0.012
594,63,0.01
603,63,0.008
612,63,0.007
621,63,0.005
630,63,0.01
639,63,0.008
648,63,0.006
657,63,0.011
666,63,0.009
675,63,0.015
684,63,0.013
693,63,0.02
702,63,0.017
711,63,0.014
720,63,0.012
729,63,0.019
738,63,0.016
747,63,0.013
756,63,0.011
765,63,0.009
774,63,0.008
783,63,0.006
792,63,0.01
801,63,0.009
810,63,0.007
819,63,0.006
828,63,0.005
837,63,0.004
846,63,0.007
855,63,0.019
864,63,0.029
873,63,0.041
882,63,0.089
891,63,0.17
900,63,0.295
909,63,0.27
918,63,0.246
927,63,0.305
936,63,0.279
945,63,0.255
954,63,0.314
963,63,0.383
972,63,-0.353
981,63,-0.324
990,63,-0.297
999,63,-0.364
1008,63,-0.335
1017,63,-0.307
1026,63,-0.281
1035,63,-0.345
1044,63,-0.419
1053,63,-0.387
1062,63,-0.598
1071,63,-0.557
1080,63,-0.518
1089,63,-0.615
1098,63,-0.573
1107,63,-0.533
1116,63,-0.633
1125,63,-0.59
1134,63,-0.549
1143,63,-0.652
1152,63,-0.608
1161,63,-0.567
1170,63,-0.526
1179,63,-0.628
1188,63,-0.584
1197,63,-0.543
1206,63,-0.504
1215,63,-0.466
1224,63,-0.431
1233,63,-0.669
1242,63,-0.791
1251,63,-0.741
1260,63,-0.692
1269,63,-0.645
1278,63,-0.6
1287,63,-0.557
1296,63,-0.516
1305,63,-0.477
1314,63,-0.439
1323,63,-0.404
1332,63,-0.37
1341,63,-0.455
1350,63,-0.419
1359,63,-0.513
1368,63,-0.473
1377,63,-0.434
1386,63,-0.398
1395,63,-0.363
1404,63,-0.451
1413,63,-0.413
1422,63,-0.511
1431,63,-0.626
1440,63,-0.578
1449,63,-0.533
1458,63,-0.489
1467,63,-0.448
1476,63,-0.556
1485,63,-0.685
1494,63,-0.633
1503,63,-0.583
1512,63,-0.535
1521,63,-0.489
1530,63,-0.446
1539,63,-0.404
1548,63,-0.365
1557,63,-0.328
1566,63,-0.294
1575,63,-0.382
1584,63,-0.343
1593,63,-0.306
1602,63,-0.272
1611,63,-0.24
1620,63,-0.21
1629,63,-0.182
1638,63,-0.249
1647,63,-0.217
1656,63,-0.188
1665,63,-0.259
1674,63,-0.225
1683,63,-0.194
1692,63,-0.165
1701,63,-0.139
1710,63,-0.116
1719,63,-0.095
1728,63,-0.076
1737,63,-0.116
1746,63,-0.094
1755,63,-0.074
1764,63,-0.057
1773,63,-0.091
1782,63,-0.071
1791,63,-0.222
1800,63,-0.18
1809,63,-0.142
1818,63,-0.109
1827,63,-0.081
1836,63,-0.057
1845,63,-0.038
1854,63,-0.024
1863,63,-0.045
1872,63,-0.026
1881,63,-0.012
1890,63,-0.005
1899,63,-0.009
1908,63,-0.015
1917,63,0
9,72,-0
18,72,-0
27,72,-0
36,72,-0
45,72,-0
54,72,-0
63,72,0.039
72,72,0.027
81,72,0.087
90,72,0.356
99,72,0.287
108,72,0.231
117,72,0.186
126,72,0.149
135,72,0.119
144,72,0.095
153,72,0.158
162,72,0.129
171,72,0.105
180,72,0.085
189,72,0.068
198,72,0.113
207,72,0.093
216,72,0.076
225,72,0.062
234,72,0.05
243,72,0.04
252,72,0.032
261,72,0.026
270,72,0.045
279,72,0.037
288,72,0.03
297,72,0.024
306,72,0.019
315,72,0.015
324,72,0.012
333,72,0.022
342,72,0.018
351,72,0.014
360,72,0.025
369,72,0.02
378,72,0.016
387,72,0.013
396,72,0.01
405,72,0.008
414,72,0.007
423,72,0.005
432,72,0.004
441,72,0.003
450,72,0.006
459,72,0.005
468,72,0.004
477,72,0.003
486,72,0.005
495,72,0.004
504,72,0.003
513,72,0.003
522,72,0.005
531,72,0.004
540,72,0.014
549,72,0.011
558,72,0.009
567,72,0.007
576,72,0.006
585,72,0.005
594,72,0.004
603,72,0.003
612,72,0.005
621,72,0.004
630,72,0.007
639,72,0.006
648,72,0.005
657,72,0.007
666,72,0.006
675,72,0.01
684,72,0.008
693,72,0.012
702,72,0.018
711,72,0.015
720,72,0.013
729,72,0.019
738,72,0.016
747,72,0.013
756,72,0.019
765,72,0.016
774,72,0.013
783,72,0.011
792,72,0.016
801,72,0.014
810,72,0.011
819,72,0.009
828,72,0.008
837,72,0.006
846,72,0.009
855,72,0.024
864,72,0.034
873,72,0.046
882,72,0.092
891,72,0.167
900,72,0.277
909,72,0.251
918,72,0.227
927,72,0.276
936,72,0.25
945,72,0.302
954,72,0.36
963,72,0.426
972,72,-0.391
981,72,-0.359
990,72,-0.328
999,72,-0.39
1008,72,-0.357
1017,72,-0.326
1026,72,-0.297
1035,72,-0.355
1044,72,-0.421
1053,72,-0.386
1062,72,-0.577
1071,72,-0.534
1080,72,-0.494
1089,72,-0.576
1098,72,-0.533
1107,72,-0.492
1116,72,-0.575
1125,72,-0.532
1134,72,-0.491
1143,72,-0.575
1152,72,-0.532
1161,72,-0.491
1170,72,-0.452
1179,72,-0.531
1188,72,-0.49
1197,72,-0.451
1206,72,-0.531
1215,72,-0.49
1224,72,-0.45
1233,72,-0.671
1242,72,-0.779
1251,72,-0.725
1260,72,-0.839
1269,72,-0.783
1278,72,-0.728
1287,72,-0.676
1296,72,-0.626
1305,72,-0.579
1314,72,-0.533
1323,72,-0.49
1332,72,-0.449
1341,72,-0.535
1350,72,-0.491
1359,72,-0.583
1368,72,-0.536
1377,72,-0.492
1386,72,-0.449
1395,72,-0.409
1404,72,-0.64
1413,72,-0.589
1422,72,-0.7
1431,72,-0.826
1440,72,-0.765
1449,72,-0.707
1458,72,-0.651
1467,72,-0.598
1476,72,-0.716
1485,72,-0.851
1494,72,-0.787
1503,72,-0.726
1512,72,-0.667
1521,72,-0.611
1530,72,-0.557
1539,72,-0.506
1548,72,-0.458
1557,72,-0.412
1566,72,-0.369
1575,72,-0.461
1584,72,-0.413
1593,72,-0.369
1602,72,-0.327
1611,72,-0.288
1620,72,-0.252
1629,72,-0.326
1638,72,-0.417
1647,72,-0.369
1656,72,-0.325
1665,72,-0.42
1674,72,-0.37
1683,72,-0.323
1692,72,-0.28
1701,72,-0.24
1710,72,-0.203
1719,72,-0.169
1728,72,-0.139
1737,72,-0.196
1746,72,-0.161
1755,72,-0.13
1764,72,-0.103
1773,72,-0.151
1782,72,-0.119
1791,72,-0.317
1800,72,-0.261
1809,72,-0.209
1818,72,-0.163
1827,72,-0.123
1836,72,-0.089
1845,72,-0.061
1854,72,-0.038
1863,72,-0.066
1872,72,-0.039
1881,72,-0.019
1890,72,-0.007
1899,72,-0.012
1908,72,-0.019
1917,72,0
9,81,-0
18,81,-0
27,81,-0
36,81,-0
45,81,-0
54,81,-0
63,81,0.028
72,81,0.019
81,81,0.062
90,81,0.481
99,81,0.389
108,81,0.517
117,81,0.428
126,81,0.353
135,81,0.29
144,81,0.238
153,81,0.326
162,81,0.271
171,81,0.225
180,81,0.186
189,81,0.153
198,81,0.214
207,81,0.179
216,81,0.148
225,81,0.204
234,81,0.172
243,81,0.144
252,81,0.12
261,81,0.099
270,81,0.219
279,81,0.187
288,81,0.159
297,81,0.135
306,81,0.114
315,81,0.095
324,81,0.079
333,81,0.11
342,81,0.093
351,81,0.078
360,81,0.107
369,81,0.091
378,81,0.076
387,81,0.064
396,81,0.053
405,81,0.044
414,81,0.036
423,81,0.03
432,81,0.024
441,81,0.02
450,81,0.03
459,81,0.024
468,81,0.035
477,81,0.029
486,81,0.042
495,81,0.035
504,81,0.049
513,81,0.041
522,81,0.056
531,81,0.047
540,81,0.098
549,81,0.085
558,81,0.073
567,81,0.062
576,81,0.053
585,81,0.044
594,81,0.037
603,81,0.031
612,81,0.043
621,81,0.036
630,81,0.049
639,81,0.041
648,81,0.055
657,81,0.073
666,81,0.062
675,81,0.081
684,81,0.07
693,81,0.09
702,81,0.113
711,81,0.099
720,81,0.086
729,81,0.108
738,81,0.095
747,81,0.082
756,81,0.104
765,81,0.091
774,81,0.079
783,81,0.068
792,81,0.087
801,81,0.075
810,81,0.065
819,81,0.056
828,81,0.048
837,81,0.04
846,81,0.053
855,81,0.099
864,81,0.123
873,81,0.151
882,81,0.245
891,81,0.374
900,81,0.543
909,81,0.499
918,81,0.458
927,81,0.526
936,81,0.483
945,81,0.553
954,81,0.63
963,81,0.713
972,81,-0.661
981,81,-0.612
990,81,-0.565
999,81,-0.643
1008,81,-0.594
1017,81,-0.548
1026,81,-0.504
1035,81,-0.577
1044,81,-0.657
1053,81,-0.607
1062,81,-0.838
1071,81,-0.78
1080,81,-0.725
1089,81,-0.819
1098,81,-0.761
1107,81,-0.707
1116,81,-0.8
1125,81,-0.743
1134,81,-0.689
1143,81,-0.781
1152,81,-0.726
1161,81,-0.672
1170,81,-0.621
1179,81,-0.708
1188,81,-0.656
1197,81,-0.605
1206,81,-0.692
1215,81,-0.639
1224,81,-0.589
1233,81,-0.829
1242,81,-0.938
1251,81,-0.874
1260,81,-0.988
1269,81,-0.922
1278,81,-0.858
1287,81,-0.797
1296,81,-0.738
1305,81,-0.682
1314,81,-0.628
1323,81,-0.577
1332,81,-0.667
1341,81,-0.766
1350,81,-0.708
1359,81,-0.813
1368,81,-0.752
1377,81,-0.693
1386,81,-0.637
1395,81,-0.584
1404,81,-0.85
1413,81,-0.785
1422,81,-0.905
1431,81,-1.038
1440,81,-0.965
1449,81,-0.893
1458,81,-0.825
1467,81,-0.76
1476,81,-0.883
1485,81,-1.022
1494,81,-0.946
1503,81,-0.873
1512,81,-0.803
1521,81,-0.736
1530,81,-0.672
1539,81,-0.612
1548,81,-0.554
1557,81,-0.499
1566,81,-0.599
1575,81,-0.715
1584,81,-0.649
1593,81,-0.586
1602,81,-0.527
1611,81,-0.47
1620,81,-0.417
1629,81,-0.513
1638,81,-0.628
1647,81,-0.562
1656,81,-0.5
1665,81,-0.618
1674,81,-0.55
1683,81,-0.486
1692,81,-0.426
1701,81,-0.369
1710,81,-0.317
1719,81,-0.269
1728,81,-0.225
1737,81,-0.298
1746,81,-0.249
1755,81,-0.205
1764,81,-0.165
1773,81,-0.227
1782,81,-0.183
1791,81,-0.428
1800,81,-0.355
1809,81,-0.288
1818,81,-0.228
1827,81,-0.174
1836,81,-0.128
1845,81,-0.089
1854,81,-0.057
1863,81,-0.092
1872,81,-0.055
1881,81,-0.028
1890,81,-0.011
1899,81,-0.017
1908,81,-0.023
1917,81,0
9,90,-0
18,90,-0
27,90,-0
36,90,-0
45,90,-0
54,90,-0
63,90,0.02
72,90,0.013
81,90,0.044
90,90,0.38
99,90,0.3
108,90,0.401
117,90,0.324
126,90,0.26
135,90,0.208
144,90,0.166
153,90,0.23
162,90,0.187
171,90,0.15
180,90,0.12
189,90,0.096
198,90,0.137
207,90,0.111
216,90,0.089
225,90,0.126
234,90,0.102
243,90,0.083
252,90,0.066
261,90,0.053
270,90,0.128
279,90,0.106
288,90,0.087
297,90,0.071
306,90,0.058
315,90,0.047
324,90,0.037
333,90,0.054
342,90,0.044
351,90,0.035
360,90,0.05
369,90,0.041
378,90,0.033
387,90,0.026
396,90,0.021
405,90,0.017
414,90,0.013
423,90,0.01
432,90,0.008
441,90,0.006
450,90,0.01
459,90,0.008
468,90,0.012
477,90,0.009
486,90,0.014
495,90,0.02
504,90,0.046
513,90,0.038
522,90,0.051
531,90,0.042
540,90,0.085
549,90,0.072
558,90,0.061
567,90,0.051
576,90,0.043
585,90,0.036
594,90,0.029
603,90,0.024
612,90,0.033
621,90,0.027
630,90,0.036
639,90,0.03
648,90,0.039
657,90,0.051
666,90,0.043
675,90,0.055
684,90,0.047
693,90,0.088
702,90,0.108
711,90,0.093
720,90,0.08
729,90,0.099
738,90,0.086
747,90,0.074
756,90,0.091
765,90,0.078
774,90,0.067
783,90,0.057
792,90,0.072
801,90,0.061
810,90,0.052
819,90,0.044
828,90,0.037
837,90,0.031
846,90,0.059
855,90,0.105
864,90,0.127
873,90,0.152
882,90,0.239
891,90,0.355
900,90,0.504
909,90,0.461
918,90,0.42
927,90,0.476
936,90,0.434
945,90,0.492
954,90,0.554
963,90,0.622
972,90,-0.572
981,90,-0.524
990,90,-0.479
999,90,-0.541
1008,90,-0.495
1017,90,-0.452
1026,90,-0.412
1035,90,-0.468
1044,90,-0.529
1053,90,-0.484
1062,90,-0.668
1071,90,-0.615
1080,90,-0.565
1089,90,-0.635
1098,90,-0.584
1107,90,-0.535
1116,90,-0.603
1125,90,-0.554
1134,90,-0.507
1143,90,-0.573
1152,90,-0.524
1161,90,-0.479
1170,90,-0.436
1179,90,-0.496
1188,90,-0.562
1197,90,-0.514
1206,90,-0.582
1215,90,-0.533
1224,90,-0.486
1233,90,-0.68
1242,90,-0.764
1251,90,-0.705
1260,90,-0.792
1269,90,-0.731
1278,90,-0.672
1287,90,-0.617
1296,90,-0.564
1305,90,-0.514
1314,90,-0.467
1323,90,-0.423
1332,90,-0.486
1341,90,-0.556
1350,90,-0.506
1359,90,-0.579
1368,90,-0.527
1377,90,-0.477
1386,90,-0.549
1395,90,-0.498
1404,90,-0.716
1413,90,-0.655
1422,90,-0.748
1431,90,-0.85
1440,90,-0.781
1449,90,-0.715
1458,90,-0.652
1467,90,-0.593
1476,90,-0.856
1485,90,-0.976
1494,90,-1.109
1503,90,-1.025
1512,90,-0.943
1521,90,-0.866
1530,90,-0.994
1539,90,-0.912
1548,90,-0.834
1557,90,-0.759
1566,90,-0.881
1575,90,-1.02
1584,90,-0.933
1593,90,-0.85
1602,90,-0.771
1611,90,-0.696
1620,90,-0.624
1629,90,-0.74
1638,90,-0.876
1647,90,-0.79
1656,90,-0.709
1665,90,-0.848
1674,90,-0.761
1683,90,-0.678
1692,90,-0.6
1701,90,-0.527
1710,90,-0.457
1719,90,-0.393
1728,90,-0.334
1737,90,-0.422
1746,90,-0.358
1755,90,-0.298
1764,90,-0.244
1773,90,-0.32
1782,90,-0.26
1791,90,-0.551
1800,90,-0.461
1809,90,-0.378
1818,90,-0.302
1827,90,-0.234
1836,90,-0.174
1845,90,-0.123
1854,90,-0.081
1863,90,-0.123
1872,90,-0.074
1881,90,-0.039
1890,90,-0.015
1899,90,-0.022
1908,90,-0.028
1917,90,0
9,99,-0
18,99,-0
27,99,-0
36,99,-0
45,99,-0
54,99,-0
63,99,0.015
72,99,0.009
81,99,0.031
90,99,0.3
99,99,0.23
108,99,0.31
117,99,0.244
126,99,0.19
135,99,0.148
144,99,0.114
153,99,0.161
162,99,0.126
171,99,0.098
180,99,0.076
189,99,0.059
198,99,0.086
207,99,0.067
216,99,0.052
225,99,0.075
234,99,0.059
243,99,0.046
252,99,0.035
261,99,0.027
270,99,0.072
279,99,0.057
288,99,0.045
297,99,0.036
306,99,0.028
315,99,0.021
324,99,0.016
333,99,0.025
342,99,0.019
351,99,0.015
360,99,0.022
369,99,0.017
378,99,0.013
387,99,0.01
396,99,0.008
405,99,0.006
414,99,0.004
423,99,0.003
432,99,0.002
441,99,0.002
450,99,0.003
459,99,0.002
468,99,0.003
477,99,0.002
486,99,0.008
495,99,0.011
504,99,0.027
513,99,0.021
522,99,0.029
531,99,0.023
540,99,0.049
549,99,0.04
558,99,0.033
567,99,0.027
576,99,0.022
585,99,0.017
594,99,0.014
603,99,0.011
612,99,0.015
621,99,0.012
630,99,0.016
639,99,0.013
648,99,0.017
657,99,0.023
666,99,0.018
675,99,0.024
684,99,0.02
693,99,0.04
702,99,0.05
711,99,0.041
720,99,0.034
729,99,0.043
738,99,0.036
747,99,0.03
756,99,0.037
765,99,0.031
774,99,0.025
783,99,0.021
792,99,0.027
801,99,0.022
810,99,0.018
819,99,0.023
828,99,0.018
837,99,0.015
846,99,0.03
855,99,0.055
864,99,0.068
873,99,0.082
882,99,0.133
891,99,0.206
900,99,0.303
909,99,0.271
918,99,0.241
927,99,0.275
936,99,0.245
945,99,0.28
954,99,0.318
963,99,0.359
972,99,-0.323
981,99,-0.289
990,99,-0.258
999,99,-0.294
1008,99,-0.263
1017,99,-0.233
1026,99,-0.207
1035,99,-0.237
1044,99,-0.271
1053,99,-0.241
1062,99,-0.349
1071,99,-0.314
1080,99,-0.28
1089,99,-0.319
1098,99,-0.285
1107,99,-0.254
1116,99,-0.29
1125,99,-0.258
1134,99,-0.229
1143,99,-0.262
1152,99,-0.299
1161,99,-0.267
1170,99,-0.237
1179,99,-0.271
1188,99,-0.309
1197,99,-0.351
1206,99,-0.398
1215,99,-0.357
1224,99,-0.32
1233,99,-0.456
1242,99,-0.512
1251,99,-0.464
1260,99,-0.521
1269,99,-0.472
1278,99,-0.426
1287,99,-0.383
1296,99,-0.342
1305,99,-0.305
1314,99,-0.27
1323,99,-0.238
1332,99,-0.275
1341,99,-0.316
1350,99,-0.28
1359,99,-0.321
1368,99,-0.285
1377,99,-0.251
1386,99,-0.477
1395,99,-0.428
1404,99,-0.61
1413,99,-0.552
1422,99,-0.624
1431,99,-0.703
1440,99,-0.639
1449,99,-0.578
1458,99,-0.52
1467,99,-0.466
1476,99,-0.671
1485,99,-0.76
1494,99,-0.858
1503,99,-0.781
1512,99,-0.709
1521,99,-0.64
1530,99,-0.73
1539,99,-0.659
1548,99,-0.592
1557,99,-0.528
1566,99,-0.609
1575,99,-0.701
1584,99,-0.629
1593,99,-0.56
1602,99,-0.496
1611,99,-0.436
1620,99,-0.38
1629,99,-0.449
1638,99,-0.529
1647,99,-0.463
1656,99,-0.402
1665,99,-0.479
1674,99,-0.415
1683,99,-0.356
1692,99,-0.429
1701,99,-0.367
1710,99,-0.309
1719,99,-0.257
1728,99,-0.21
1737,99,-0.263
1746,99,-0.213
1755,99,-0.17
1764,99,-0.132
1773,99,-0.17
1782,99,-0.13
1791,99,-0.283
1800,99,-0.222
1809,99,-0.169
1818,99,-0.225
1827,99,-0.167
1836,99,-0.228
1845,99,-0.163
1854,99,-0.109
1863,99,-0.157
1872,99,-0.097
1881,99,-0.051
1890,99,-0.021
1899,99,-0.028
1908,99,-0.034
1917,99,0
9,108,-0
18,108,-0
27,108,-0
36,108,-0
45,108,-0
54,108,-0
63,108,0.011
72,108,0.006
81,108,0.022
90,108,0.235
99,108,0.175
108,108,0.238
117,108,0.307
126,108,0.24
135,108,0.187
144,108,0.144
153,108,0.191
162,108,0.15
171,108,0.194
180,108,0.154
189,108,0.121
198,108,0.158
207,108,0.126
216,108,0.099
225,108,0.13
234,108,0.103
243,108,0.082
252,108,0.064
261,108,0.085
270,108,0.168
279,108,0.138
288,108,0.113
297,108,0.091
306,108,0.073
315,108,0.059
324,108,0.046
333,108,0.061
342,108,0.049
351,108,0.038
360,108,0.051
369,108,0.04
378,108,0.032
387,108,0.025
396,108,0.033
405,108,0.026
414,108,0.02
423,108,0.016
432,108,0.012
441,108,0.009
450,108,0.013
459,108,0.01
468,108,0.014
477,108,0.011
486,108,0.025
495,108,0.032
504,108,0.063
513,108,0.052
522,108,0.064
531,108,0.053
540,108,0.094
549,108,0.079
558,108,0.066
567,108,0.08
576,108,0.066
585,108,0.055
594,108,0.045
603,108,0.037
612,108,0.046
621,108,0.038
630,108,0.047
639,108,0.038
648,108,0.047
657,108,0.058
666,108,0.048
675,108,0.058
684,108,0.048
693,108,0.083
702,108,0.099
711,108,0.084
720,108,0.071
729,108,0.084
738,108,0.071
747,108,0.059
756,108,0.071
765,108,0.06
774,108,0.05
783,108,0.06
792,108,0.071
801,108,0.06
810,108,0.05
819,108,0.06
828,108,0.05
837,108,0.06
846,108,0.099
855,108,0.154
864,108,0.176
873,108,0.201
882,108,0.289
891,108,0.401
900,108,0.539
909,108,0.489
918,108,0.442
927,108,0.487
936,108,0.44
945,108,0.485
954,108,0.533
963,108,0.585
972,108,-0.532
981,108,-0.482
990,108,-0.436
999,108,-0.481
1008,108,-0.434
1017,108,-0.391
1026,108,-0.351
1035,108,-0.39
1044,108,-0.432
1053,108,-0.389
1062,108,-0.525
1071,108,-0.476
1080,108,-0.43
1089,108,-0.475
1098,108,-0.429
1107,108,-0.385
1116,108,-0.428
1125,108,-0.384
1134,108,-0.344
1143,108,-0.383
1152,108,-0.426
1161,108,-0.382
1170,108,-0.342
1179,108,-0.381
1188,108,-0.424
1197,108,-0.47
1206,108,-0.52
1215,108,-0.469
1224,108,-0.52
1233,108,-0.693
1242,108,-0.759
1251,108,-0.694
1260,108,-0.761
1269,108,-0.696
1278,108,-0.633
1287,108,-0.575
1296,108,-0.52
1305,108,-0.468
1314,108,-0.419
1323,108,-0.374
1332,108,-0.419
1341,108,-0.468
1350,108,-0.418
1359,108,-0.468
1368,108,-0.418
1377,108,-0.372
1386,108,-0.644
1395,108,-0.582
1404,108,-0.789
1413,108,-0.718
1422,108,-0.795
1431,108,-0.879
1440,108,-0.801
1449,108,-0.728
1458,108,-0.658
1467,108,-0.592
1476,108,-0.816
1485,108,-0.906
1494,108,-1.005
1503,108,-1.113
1512,108,-1.019
1521,108,-0.929
1530,108,-1.035
1539,108,-0.943
1548,108,-0.855
1557,108,-0.772
1566,108,-0.868
1575,108,-0.976
1584,108,-0.883
1593,108,-0.795
1602,108,-0.711
1611,108,-0.632
1620,108,-0.558
1629,108,-0.641
1638,108,-0.734
1647,108,-0.65
1656,108,-0.571
1665,108,-0.661
1674,108,-0.579
1683,108,-0.502
1692,108,-0.589
1701,108,-0.509
1710,108,-0.434
1719,108,-0.366
1728,108,-0.304
1737,108,-0.367
1746,108,-0.302
1755,108,-0.244
1764,108,-0.193
1773,108,-0.239
1782,108,-0.186
1791,108,-0.372
1800,108,-0.295
1809,108,-0.227
1818,108,-0.292
1827,108,-0.219
1836,108,-0.288
1845,108,-0.209
1854,108,-0.142
1863,108,-0.195
1872,108,-0.122
1881,108,-0.066
1890,108,-0.028
1899,108,-0.035
1908,108,-0.04
1917,108,0
9,117,-0
18,117,-0
27,117,-0
36,117,-0
45,117,-0
54,117,0.014
63,117,0.042
72,117,0.026
81,117,0.054
90,117,0.324
99,117,0.244
108,117,0.307
117,117,0.373
126,117,0.293
135,117,0.228
144,117,0.176
153,117,0.222
162,117,0.173
171,117,0.216
180,117,0.261
189,117,0.21
198,117,0.362
207,117,0.299
216,117,0.245
225,117,0.289
234,117,0.238
243,117,0.195
252,117,0.158
261,117,0.19
270,117,0.313
279,117,0.358
288,117,0.303
297,117,0.256
306,117,0.214
315,117,0.178
324,117,0.147
333,117,0.174
342,117,0.144
351,117,0.119
360,117,0.141
369,117,0.117
378,117,0.096
387,117,0.078
396,117,0.094
405,117,0.077
414,117,0.062
423,117,0.05
432,117,0.04
441,117,0.031
450,117,0.04
459,117,0.031
468,117,0.039
477,117,0.031
486,117,0.059
495,117,0.072
504,117,0.121
513,117,0.101
522,117,0.118
531,117,0.099
540,117,0.158
549,117,0.134
558,117,0.113
567,117,0.131
576,117,0.111
585,117,0.093
594,117,0.078
603,117,0.064
612,117,0.106
621,117,0.089
630,117,0.104
639,117,0.087
648,117,0.101
657,117,0.117
666,117,0.099
675,117,0.114
684,117,0.097
693,117,0.15
702,117,0.17
711,117,0.146
720,117,0.125
729,117,0.143
738,117,0.122
747,117,0.104
756,117,0.119
765,117,0.101
774,117,0.085
783,117,0.099
792,117,0.113
801,117,0.096
810,117,0.081
819,117,0.094
828,117,0.079
837,117,0.091
846,117,0.139
855,117,0.204
864,117,0.227
873,117,0.253
882,117,0.349
891,117,0.466
900,117,0.719
909,117,0.656
918,117,0.596
927,117,0.644
936,117,0.585
945,117,0.633
954,117,0.683
963,117,0.736
972,117,-0.672
981,117,-0.612
990,117,-0.555
999,117,-0.601
1008,117,-0.545
1017,117,-0.493
1026,117,-0.443
1035,117,-0.484
1044,117,-0.526
1053,117,-0.475
1062,117,-0.619
1071,117,-0.562
1080,117,-0.508
1089,117,-0.552
1098,117,-0.499
1107,117,-0.449
1116,117,-0.49
1125,117,-0.441
1134,117,-0.394
1143,117,-0.432
1152,117,-0.473
1161,117,-0.424
1170,117,-0.379
1179,117,-0.416
1188,117,-0.456
1197,117,-0.499
1206,117,-0.544
1215,117,-0.49
1224,117,-0.536
1233,117,-0.7
1242,117,-0.759
1251,117,-0.691
1260,117,-0.75
1269,117,-0.682
1278,117,-0.618
1287,117,-0.558
1296,117,-0.501
1305,117,-0.449
1314,117,-0.4
1323,117,-0.354
1332,117,-0.392
1341,117,-0.432
1350,117,-0.384
1359,117,-0.424
1368,117,-0.376
1377,117,-0.331
1386,117,-0.568
1395,117,-0.508
1404,117,-0.684
1413,117,-0.616
1422,117,-0.676
1431,117,-0.741
1440,117,-0.812
1449,117,-0.735
1458,117,-0.662
1467,117,-0.593
1476,117,-0.8
1485,117,-1.058
1494,117,-1.157
1503,117,-1.264
1512,117,-1.158
1521,117,-1.057
1530,117,-1.16
1539,117,-1.057
1548,117,-0.959
1557,117,-0.866
1566,117,-0.959
1575,117,-1.062
1584,117,-0.96
1593,117,-0.864
1602,117,-0.772
1611,117,-0.685
1620,117,-0.604
1629,117,-0.864
1638,117,-0.971
1647,117,-0.867
1656,117,-0.768
1665,117,-0.87
1674,117,-0.769
1683,117,-0.674
1692,117,-0.771
1701,117,-0.673
1710,117,-0.581
1719,117,-0.495
1728,117,-0.416
1737,117,-0.489
1746,117,-0.408
1755,117,-0.334
1764,117,-0.268
1773,117,-0.322
1782,117,-0.254
1791,117,-0.471
1800,117,-0.378
1809,117,-0.295
1818,117,-0.367
1827,117,-0.279
1836,117,-0.355
1845,117,-0.261
1854,117,-0.18
1863,117,-0.238
1872,117,-0.151
1881,117,-0.083
1890,117,-0.035
1899,117,-0.042
1908,117,-0.046
1917,117,0
9,126,-0
18,126,-0
27,126,-0
36,126,-0
45,126,-0
54,126,0.011
63,126,0.032
72,126,0.019
81,126,0.04
90,126,0.26
99,126,0.19
108,126,0.24
117,126,0.293
126,126,0.224
135,126,0.169
144,126,0.127
153,126,0.161
162,126,0.122
171,126,0.153
180,126,0.186
189,126,0.145
198,126,0.261
207,126,0.21
216,126,0.246
225,126,0.284
234,126,0.232
243,126,0.188
252,126,0.151
261,126,0.178
270,126,0.288
279,126,0.326
288,126,0.273
297,126,0.227
306,126,0.187
315,126,0.154
324,126,0.125
333,126,0.146
342,126,0.17
351,126,0.14
360,126,0.162
369,126,0.133
378,126,0.154
387,126,0.127
396,126,0.147
405,126,0.121
414,126,0.099
423,126,0.081
432,126,0.065
441,126,0.052
450,126,0.062
459,126,0.05
468,126,0.06
477,126,0.048
486,126,0.083
495,126,0.096
504,126,0.152
513,126,0.127
522,126,0.145
531,126,0.121
540,126,0.184
549,126,0.156
558,126,0.132
567,126,0.149
576,126,0.126
585,126,0.106
594,126,0.088
603,126,0.101
612,126,0.153
621,126,0.13
630,126,0.147
639,126,0.124
648,126,0.14
657,126,0.157
666,126,0.134
675,126,0.15
684,126,0.128
693,126,0.187
702,126,0.207
711,126,0.179
720,126,0.153
729,126,0.171
738,126,0.146
747,126,0.125
756,126,0.14
765,126,0.119
774,126,0.1
783,126,0.113
792,126,0.127
801,126,0.108
810,126,0.091
819,126,0.103
828,126,0.086
837,126,0.098
846,126,0.144
855,126,0.206
864,126,0.227
873,126,0.249
882,126,0.411
891,126,0.533
900,126,0.791
909,126,0.721
918,126,0.655
927,126,0.7
936,126,0.635
945,126,0.679
954,126,0.725
963,126,0.898
972,126,-0.823
981,126,-0.751
990,126,-0.684
999,126,-0.73
1008,126,-0.664
1017,126,-0.602
1026,126,-0.543
1035,126,-0.584
1044,126,-0.626
1053,126,-0.566
1062,126,-0.716
1071,126,-0.651
1080,126,-0.589
1089,126,-0.632
1098,126,-0.571
1107,126,-0.515
1116,126,-0.554
1125,126,-0.498
1134,126,-0.446
1143,126,-0.482
1152,126,-0.52
1161,126,-0.466
1170,126,-0.416
1179,126,-0.451
1188,126,-0.488
1197,126,-0.527
1206,126,-0.568
1215,126,-0.51
1224,126,-0.551
1233,126,-0.707
1242,126,-0.759
1251,126,-0.689
1260,126,-0.74
1269,126,-0.67
1278,126,-0.605
1287,126,-0.543
1296,126,-0.485
1305,126,-0.432
1314,126,-0.382
1323,126,-0.417
1332,126,-0.454
1341,126,-0.494
1350,126,-0.438
1359,126,-0.477
1368,126,-0.423
1377,126,-0.372
1386,126,-0.613
1395,126,-0.547
1404,126,-0.719
1413,126,-0.646
1422,126,-0.701
1431,126,-0.76
1440,126,-0.824
1449,126,-0.742
1458,126,-0.666
1467,126,-0.594
1476,126,-0.788
1485,126,-1.025
1494,126,-1.11
1503,126,-1.201
1512,126,-1.094
1521,126,-0.993
1530,126,-1.079
1539,126,-0.977
1548,126,-0.88
1557,126,-0.788
1566,126,-0.864
1575,126,-0.947
1584,126,-0.848
1593,126,-0.755
1602,126,-0.667
1611,126,-0.585
1620,126,-0.508
1629,126,-0.722
1638,126,-0.802
1647,126,-0.706
1656,126,-0.616
1665,126,-0.69
1674,126,-0.774
1683,126,-0.674
1692,126,-0.76
1701,126,-0.658
1710,126,-0.564
1719,126,-0.477
1728,126,-0.397
1737,126,-0.458
1746,126,-0.377
1755,126,-0.304
1764,126,-0.24
1773,126,-0.282
1782,126,-0.218
1791,126,-0.395
1800,126,-0.309
1809,126,-0.234
1818,126,-0.283
1827,126,-0.207
1836,126,-0.255
1845,126,-0.177
1854,126,-0.113
1863,126,-0.142
1872,126,-0.182
1881,126,-0.101
1890,126,-0.044
1899,126,-0.051
1908,126,-0.053
1917,126,0
9,135,-0
18,135,-0
27,135,-0
36,135,-0
45,135,-0
54,135,0.008
63,135,0.025
72,135,0.014
81,135,0.029
90,135,0.208
99,135,0.148
108,135,0.187
117,135,0.228
126,135,0.169
135,135,0.124
144,135,0.09
153,135,0.115
162,135,0.084
171,135,0.106
180,135,0.13
189,135,0.098
198,135,0.185
207,135,0.144
216,135,0.17
225,135,0.197
234,135,0.156
243,135,0.123
252,135,0.096
261,135,0.114
270,135,0.192
279,135,0.218
288,135,0.178
297,135,0.143
306,135,0.115
315,135,0.091
324,135,0.071
333,135,0.084
342,135,0.099
351,135,0.078
360,135,0.092
369,135,0.073
378,135,0.085
387,135,0.068
396,135,0.079
405,135,0.063
414,135,0.05
423,135,0.039
432,135,0.03
441,135,0.023
450,135,0.028
459,135,0.021
468,135,0.026
477,135,0.02
486,135,0.037
495,135,0.044
504,135,0.073
513,135,0.059
522,135,0.068
531,135,0.055
540,135,0.089
549,135,0.073
558,135,0.059
567,135,0.067
576,135,0.054
585,135,0.063
594,135,0.05
603,135,0.058
612,135,0.091
621,135,0.075
630,135,0.085
639,135,0.07
648,135,0.079
657,135,0.089
666,135,0.073
675,135,0.083
684,135,0.068
693,135,0.104
702,135,0.116
711,135,0.097
720,135,0.108
729,135,0.12
738,135,0.101
747,135,0.084
756,135,0.094
765,135,0.078
774,135,0.064
783,135,0.072
792,135,0.081
801,135,0.067
810,135,0.055
819,135,0.062
828,135,0.05
837,135,0.057
846,135,0.087
855,135,0.127
864,135,0.14
873,135,0.153
882,135,0.265
891,135,0.351
900,135,0.637
909,135,0.574
918,135,0.516
927,135,0.549
936,135,0.492
945,135,0.524
954,135,0.558
963,135,0.696
972,135,-0.629
981,135,-0.567
990,135,-0.509
999,135,-0.542
1008,135,-0.485
1017,135,-0.433
1026,135,-0.385
1035,135,-0.412
1044,135,-0.441
1053,135,-0.392
1062,135,-0.503
1071,135,-0.449
1080,135,-0.399
1089,135,-0.428
1098,135,-0.379
1107,135,-0.335
1116,135,-0.36
1125,135,-0.317
1134,135,-0.277
1143,135,-0.3
1152,135,-0.323
1161,135,-0.283
1170,135,-0.246
1179,135,-0.267
1188,135,-0.289
1197,135,-0.312
1206,135,-0.337
1215,135,-0.295
1224,135,-0.318
1233,135,-0.42
1242,135,-0.542
1251,135,-0.483
1260,135,-0.518
1269,135,-0.554
1278,135,-0.494
1287,135,-0.438
1296,135,-0.387
1305,135,-0.339
1314,135,-0.295
1323,135,-0.32
1332,135,-0.346
1341,135,-0.374
1350,135,-0.327
1359,135,-0.354
1368,135,-0.308
1377,135,-0.266
1386,135,-0.447
1395,135,-0.392
1404,135,-0.521
1413,135,-0.459
1422,135,-0.496
1431,135,-0.535
1440,135,-0.577
1449,135,-0.51
1458,135,-0.448
1467,135,-0.486
1476,135,-0.643
1485,135,-0.836
1494,135,-0.899
1503,135,-0.967
1512,135,-0.869
1521,135,-0.778
1530,135,-0.84
1539,135,-0.749
1548,135,-0.663
1557,135,-0.583
1566,135,-0.635
1575,135,-0.692
1584,135,-0.607
1593,135,-0.529
1602,135,-0.456
1611,135,-0.501
1620,135,-0.43
1629,135,-0.606
1638,135,-0.666
1647,135,-0.577
1656,135,-0.495
1665,135,-0.549
1674,135,-0.608
1683,135,-0.675
1692,135,-0.75
1701,135,-0.646
1710,135,-0.549
1719,135,-0.46
1728,135,-0.38
1737,135,-0.43
1746,135,-0.35
1755,135,-0.278
1764,135,-0.216
1773,135,-0.248
1782,135,-0.187
1791,135,-0.333
1800,135,-0.254
1809,135,-0.186
1818,135,-0.219
1827,135,-0.153
1836,135,-0.183
1845,135,-0.119
1854,135,-0.071
1863,135,-0.084
1872,135,-0.216
1881,135,-0.122
1890,135,-0.054
1899,135,-0.06
1908,135,-0.059
1917,135,0
9,144,-0
18,144,-0
27,144,-0
36,144,-0
45,144,-0
54,144,0.006
63,144,0.019
72,144,0.01
81,144,0.022
90,144,0.166
99,144,0.114
108,144,0.144
117,144,0.176
126,144,0.127
135,144,0.09
144,144,0.063
153,144,0.081
162,144,0.1
171,144,0.121
180,144,0.144
189,144,0.108
198,144,0.193
207,144,0.149
216,144,0.172
225,144,0.196
234,144,0.154
243,144,0.12
252,144,0.138
261,144,0.157
270,144,0.246
279,144,0.272
288,144,0.222
297,144,0.18
306,144,0.145
315,144,0.163
324,144,0.131
333,144,0.147
342,144,0.165
351,144,0.133
360,144,0.149
369,144,0.121
378,144,0.136
387,144,0.109
396,144,0.123
405,144,0.099
414,144,0.079
423,144,0.063
432,144,0.049
441,144,0.038
450,144,0.044
459,144,0.034
468,144,0.04
477,144,0.031
486,144,0.053
495,144,0.06
504,144,0.095
513,144,0.077
522,144,0.086
531,144,0.07
540,144,0.107
549,144,0.087
558,144,0.071
567,144,0.079
576,144,0.064
585,144,0.072
594,144,0.058
603,144,0.065
612,144,0.099
621,144,0.081
630,144,0.09
639,144,0.074
648,144,0.082
657,144,0.091
666,144,0.074
675,144,0.082
684,144,0.067
693,144,0.1
702,144,0.11
711,144,0.091
720,144,0.101
729,144,0.11
738,144,0.092
747,144,0.075
756,144,0.083
765,144,0.068
774,144,0.076
783,144,0.083
792,144,0.092
801,144,0.1
810,144,0.083
819,144,0.091
828,144,0.075
837,144,0.083
846,144,0.119
855,144,0.166
864,144,0.18
873,144,0.194
882,144,0.317
891,144,0.407
900,144,0.704
909,144,0.635
918,144,0.57
927,144,0.6
936,144,0.538
945,144,0.567
954,144,0.597
963,144,0.845
972,144,-0.767
981,144,-0.694
990,144,-0.625
999,144,-0.658
1008,144,-0.592
1017,144,-0.53
1026,144,-0.472
1035,144,-0.499
1044,144,-0.528
1053,144,-0.47
1062,144,-0.587
1071,144,-0.526
1080,144,-0.468
1089,144,-0.495
1098,144,-0.44
1107,144,-0.389
1116,144,-0.413
1125,144,-0.364
1134,144,-0.319
1143,144,-0.34
1152,144,-0.362
1161,144,-0.317
1170,144,-0.276
1179,144,-0.295
1188,144,-0.315
1197,144,-0.336
1206,144,-0.359
1215,144,-0.313
1224,144,-0.407
1233,144,-0.615
1242,144,-0.763
1251,144,-0.687
1260,144,-0.725
1269,144,-0.765
1278,144,-0.688
1287,144,-0.617
1296,144,-0.55
1305,144,-0.487
1314,144,-0.429
1323,144,-0.457
1332,144,-0.487
1341,144,-0.518
1350,144,-0.457
1359,144,-0.487
1368,144,-0.428
1377,144,-0.373
1386,144,-0.588
1395,144,-0.52
1404,144,-0.665
1413,144,-0.707
1422,144,-0.751
1431,144,-0.798
1440,144,-0.847
1449,144,-0.759
1458,144,-0.676
1467,144,-0.72
1476,144,-0.913
1485,144,-1.143
1494,144,-1.214
1503,144,-1.289
1512,144,-1.169
1521,144,-1.056
1530,144,-1.125
1539,144,-1.012
1548,144,-0.906
1557,144,-0.805
1566,144,-0.864
1575,144,-0.927
1584,144,-0.823
1593,144,-0.724
1602,144,-0.633
1611,144,-0.684
1620,144,-0.594
1629,144,-0.802
1638,144,-0.869
1647,144,-0.76
1656,144,-0.659
1665,144,-0.719
1674,144,-0.785
1683,144,-0.858
1692,144,-0.939
1701,144,-0.815
1710,144,-0.7
1719,144,-0.593
1728,144,-0.495
1737,144,-0.55
1746,144,-0.453
1755,144,-0.365
1764,144,-0.287
1773,144,-0.324
1782,144,-0.248
1791,144,-0.417
1800,144,-0.322
1809,144,-0.239
1818,144,-0.276
1827,144,-0.196
1836,144,-0.227
1845,144,-0.151
1854,144,-0.091
1863,144,-0.105
1872,144,-0.253
1881,144,-0.145
1890,144,-0.065
1899,144,-0.07
1908,144,-0.067
1917,144,0
9,153,-0
18,153,-0
27,153,-0
36,153,-0
45,153,-0
54,153,0.005
63,153,0.014
72,153,0.007
81,153,0.016
90,153,0.131
99,153,0.087
108,153,0.111
117,153,0.135
126,153,0.094
135,153,0.065
144,153,0.044
153,153,0.056
162,153,0.07
171,153,0.085
180,153,0.101
189,153,0.073
198,153,0.135
207,153,0.102
216,153,0.117
225,153,0.134
234,153,0.102
243,153,0.077
252,153,0.089
261,153,0.148
270,153,0.228
279,153,0.329
288,153,0.27
297,153,0.22
306,153,0.178
315,153,0.195
324,153,0.157
333,153,0.173
342,153,0.189
351,153,0.153
360,153,0.168
369,153,0.135
378,153,0.149
387,153,0.163
396,153,0.178
405,153,0.145
414,153,0.117
423,153,0.094
432,153,0.074
441,153,0.058
450,153,0.066
459,153,0.051
468,153,0.058
477,153,0.045
486,153,0.072
495,153,0.08
504,153,0.119
513,153,0.097
522,153,0.106
531,153,0.086
540,153,0.126
549,153,0.103
558,153,0.084
567,153,0.123
576,153,0.1
585,153,0.109
594,153,0.089
603,153,0.098
612,153,0.139
621,153,0.115
630,153,0.125
639,153,0.103
648,153,0.112
657,153,0.157
666,153,0.131
675,153,0.141
684,153,0.117
693,153,0.163
702,153,0.175
711,153,0.147
720,153,0.158
729,153,0.169
738,153,0.142
747,153,0.153
756,153,0.163
765,153,0.137
774,153,0.148
783,153,0.158
792,153,0.169
801,153,0.181
810,153,0.153
819,153,0.163
828,153,0.138
837,153,0.148
846,153,0.198
855,153,0.261
864,153,0.276
873,153,0.292
882,153,0.443
891,153,0.548
900,153,0.886
909,153,0.802
918,153,0.724
927,153,0.754
936,153,0.679
945,153,0.708
954,153,0.737
963,153,1.005
972,153,-0.915
981,153,-0.83
990,153,-0.751
999,153,-0.782
1008,153,-0.705
1017,153,-0.634
1026,153,-0.567
1035,153,-0.593
1044,153,-0.619
1053,153,-0.553
1062,153,-0.675
1071,153,-0.606
1080,153,-0.54
1089,153,-0.566
1098,153,-0.504
1107,153,-0.446
1116,153,-0.468
1125,153,-0.413
1134,153,-0.362
1143,153,-0.382
1152,153,-0.402
1161,153,-0.352
1170,153,-0.306
1179,153,-0.324
1188,153,-0.342
1197,153,-0.361
1206,153,-0.381
1215,153,-0.332
1224,153,-0.423
1233,153,-0.625
1242,153,-0.765
1251,153,-0.687
1260,153,-0.719
1269,153,-0.753
1278,153,-0.675
1287,153,-0.602
1296,153,-0.533
1305,153,-0.47
1314,153,-0.412
1323,153,-0.435
1332,153,-0.459
1341,153,-0.484
1350,153,-0.424
1359,153,-0.448
1368,153,-0.39
1377,153,-0.337
1386,153,-0.528
1395,153,-0.462
1404,153,-0.588
1413,153,-0.62
1422,153,-0.654
1431,153,-0.69
1440,153,-0.728
1449,153,-0.644
1458,153,-0.567
1467,153,-0.6
1476,153,-0.76
1485,153,-1.113
1494,153,-1.173
1503,153,-1.236
1512,153,-1.115
1521,153,-1.001
1530,153,-1.059
1539,153,-0.946
1548,153,-0.841
1557,153,-0.742
1566,153,-0.789
1575,153,-0.839
1584,153,-0.893
1593,153,-0.786
1602,153,-0.687
1611,153,-0.734
1620,153,-0.637
1629,153,-0.841
1638,153,-0.902
1647,153,-0.787
1656,153,-0.846
1665,153,-0.911
1674,153,-0.982
1683,153,-1.06
1692,153,-1.146
1701,153,-1.002
1710,153,-0.867
1719,153,-0.741
1728,153,-0.625
1737,153,-0.685
1746,153,-0.569
1755,153,-0.464
1764,153,-0.37
1773,153,-0.41
1782,153,-0.319
1791,153,-0.51
1800,153,-0.398
1809,153,-0.3
1818,153,-0.339
1827,153,-0.244
1836,153,-0.278
1845,153,-0.187
1854,153,-0.115
1863,153,-0.13
1872,153,-0.292
1881,153,-0.169
1890,153,-0.078
1899,153,-0.08
1908,153,-0.074
1917,153,0
9,162,-0
18,162,-0
27,162,-0
36,162,-0
45,162,-0
54,162,0.003
63,162,0.011
72,162,0.005
81,162,0.011
90,162,0.103
99,162,0.066
108,162,0.084
117,162,0.173
126,162,0.122
135,162,0.084
144,162,0.057
153,162,0.07
162,162,0.083
171,162,0.097
180,162,0.112
189,162,0.081
198,162,0.143
207,162,0.106
216,162,0.12
225,162,0.134
234,162,0.101
243,162,0.075
252,162,0.086
261,162,0.14
270,162,0.212
279,162,0.303
288,162,0.246
297,162,0.198
306,162,0.157
315,162,0.171
324,162,0.136
333,162,0.148
342,162,0.16
351,162,0.127
360,162,0.139
369,162,0.11
378,162,0.12
387,162,0.13
396,162,0.141
405,162,0.113
414,162,0.089
423,162,0.07
432,162,0.054
441,162,0.042
450,162,0.046
459,162,0.035
468,162,0.039
477,162,0.03
486,162,0.049
495,162,0.054
504,162,0.082
513,162,0.065
522,162,0.071
531,162,0.056
540,162,0.083
549,162,0.066
558,162,0.052
567,162,0.078
576,162,0.062
585,162,0.091
594,162,0.074
603,162,0.08
612,162,0.114
621,162,0.092
630,162,0.099
639,162,0.08
648,162,0.087
657,162,0.122
666,162,0.1
675,162,0.107
684,162,0.087
693,162,0.122
702,162,0.13
711,162,0.107
720,162,0.114
729,162,0.122
738,162,0.1
747,162,0.107
756,162,0.114
765,162,0.094
774,162,0.129
783,162,0.137
792,162,0.145
801,162,0.154
810,162,0.129
819,162,0.172
828,162,0.145
837,162,0.153
846,162,0.249
855,162,0.316
864,162,0.331
873,162,0.345
882,162,0.506
891,162,0.612
900,162,0.957
909,162,0.867
918,162,0.782
927,162,0.808
936,162,0.727
945,162,0.752
954,162,0.777
963,162,1.04
972,162,-0.946
981,162,-0.857
990,162,-0.884
999,162,-0.913
1008,162,-0.826
1017,162,-0.744
1026,162,-0.667
1035,162,-0.691
1044,162,-0.716
1053,162,-0.641
1062,162,-0.767
1071,162,-0.689
1080,162,-0.616
1089,162,-0.639
1098,162,-0.569
1107,162,-0.505
1116,162,-0.525
1125,162,-0.463
1134,162,-0.407
1143,162,-0.424
1152,162,-0.523
1161,162,-0.461
1170,162,-0.405
1179,162,-0.422
1188,162,-0.44
1197,162,-0.459
1206,162,-0.479
1215,162,-0.42
1224,162,-0.52
1233,162,-0.74
1242,162,-0.886
1251,162,-0.798
1260,162,-0.828
1269,162,-0.988
1278,162,-0.892
1287,162,-0.802
1296,162,-0.717
1305,162,-0.638
1314,162,-0.565
1323,162,-0.589
1332,162,-0.615
1341,162,-0.641
1350,162,-0.566
1359,162,-0.591
1368,162,-0.52
1377,162,-0.453
1386,162,-0.673
1395,162,-0.594
1404,162,-0.859
1413,162,-0.896
1422,162,-0.934
1431,162,-0.975
1440,162,-1.017
1449,162,-0.911
1458,162,-0.812
1467,162,-0.849
1476,162,-1.04
1485,162,-1.452
1494,162,-1.515
1503,162,-1.583
1512,162,-1.439
1521,162,-1.302
1530,162,-1.364
1539,162,-1.229
1548,162,-1.102
1557,162,-0.981
1566,162,-1.032
1575,162,-1.087
1584,162,-1.145
1593,162,-1.017
1602,162,-0.897
1611,162,-0.948
1620,162,-0.831
1629,162,-1.063
1638,162,-1.127
1647,162,-0.992
1656,162,-1.055
1665,162,-1.124
1674,162,-1.198
1683,162,-1.28
1692,162,-1.37
1701,162,-1.206
1710,162,-1.051
1719,162,-0.905
1728,162,-0.77
1737,162,-0.833
1746,162,-0.699
1755,162,-0.576
1764,162,-0.464
1773,162,-0.507
1782,162,-0.399
1791,162,-0.611
1800,162,-0.483
1809,162,-0.368
1818,162,-0.409
1827,162,-0.298
1836,162,-0.333
1845,162,-0.228
1854,162,-0.142
1863,162,-0.157
1872,162,-0.334
1881,162,-0.195
1890,162,-0.091
1899,162,-0.092
1908,162,-0.082
1917,162,0
9,171,-0
18,171,-0
27,171,-0
36,171,-0
45,171,0.006
54,171,0.017
63,171,0.031
72,171,0.016
81,171,0.026
90,171,0.15
99,171,0.098
108,171,0.116
117,171,0.216
126,171,0.153
135,171,0.106
144,171,0.073
153,171,0.085
162,171,0.152
171,171,0.167
180,171,0.183
189,171,0.136
198,171,0.215
207,171,0.163
216,171,0.177
225,171,0.191
234,171,0.147
243,171,0.111
252,171,0.121
261,171,0.184
270,171,0.264
279,171,0.36
288,171,0.294
297,171,0.237
306,171,0.19
315,171,0.202
324,171,0.16
333,171,0.171
342,171,0.182
351,171,0.145
360,171,0.155
369,171,0.123
378,171,0.132
387,171,0.141
396,171,0.15
405,171,0.12
414,171,0.094
423,171,0.074
432,171,0.057
441,171,0.043
450,171,0.047
459,171,0.036
468,171,0.039
477,171,0.029
486,171,0.047
495,171,0.051
504,171,0.076
513,171,0.059
522,171,0.064
531,171,0.05
540,171,0.074
549,171,0.058
558,171,0.045
567,171,0.067
576,171,0.052
585,171,0.076
594,171,0.06
603,171,0.065
612,171,0.092
621,171,0.074
630,171,0.079
639,171,0.063
648,171,0.067
657,171,0.094
666,171,0.076
675,171,0.08
684,171,0.064
693,171,0.09
702,171,0.096
711,171,0.077
720,171,0.082
729,171,0.087
738,171,0.07
747,171,0.074
756,171,0.078
765,171,0.063
774,171,0.088
783,171,0.093
792,171,0.125
801,171,0.131
810,171,0.108
819,171,0.145
828,171,0.12
837,171,0.126
846,171,0.205
855,171,0.261
864,171,0.271
873,171,0.281
882,171,0.416
891,171,0.504
900,171,0.798
909,171,0.716
918,171,0.639
927,171,0.657
936,171,0.585
945,171,0.602
954,171,0.619
963,171,0.838
972,171,-0.753
981,171,-0.674
990,171,-0.693
999,171,-0.713
1008,171,-0.636
1017,171,-0.565
1026,171,-0.499
1035,171,-0.515
1044,171,-0.531
1053,171,-0.468
1062,171,-0.565
1071,171,-0.499
1080,171,-0.438
1089,171,-0.453
1098,171,-0.396
1107,171,-0.41
1116,171,-0.424
1125,171,-0.369
1134,171,-0.319
1143,171,-0.331
1152,171,-0.409
1161,171,-0.356
1170,171,-0.307
1179,171,-0.318
1188,171,-0.33
1197,171,-0.343
1206,171,-0.424
1215,171,-0.368
1224,171,-0.454
1233,171,-0.646
1242,171,-0.772
1251,171,-0.688
1260,171,-0.71
1269,171,-0.846
1278,171,-0.872
1287,171,-0.781
1296,171,-0.695
1305,171,-0.616
1314,171,-0.542
1323,171,-0.561
1332,171,-0.581
1341,171,-0.601
1350,171,-0.527
1359,171,-0.547
1368,171,-0.477
1377,171,-0.412
1386,171,-0.609
1395,171,-0.532
1404,171,-0.768
1413,171,-0.795
1422,171,-0.824
1431,171,-0.854
1440,171,-0.885
1449,171,-0.785
1458,171,-0.692
1467,171,-0.719
1476,171,-0.878
1485,171,-1.23
1494,171,-1.276
1503,171,-1.325
1512,171,-1.191
1521,171,-1.065
1530,171,-1.109
1539,171,-0.986
1548,171,-0.871
1557,171,-0.764
1566,171,-0.797
1575,171,-0.833
1584,171,-0.871
1593,171,-0.76
1602,171,-0.796
1611,171,-0.835
1620,171,-0.722
1629,171,-0.919
1638,171,-0.967
1647,171,-0.84
1656,171,-0.885
1665,171,-0.933
1674,171,-0.986
1683,171,-1.043
1692,171,-1.106
1701,171,-0.956
1710,171,-0.817
1719,171,-0.688
1728,171,-0.57
1737,171,-0.609
1746,171,-0.495
1755,171,-0.394
1764,171,-0.304
1773,171,-0.326
1782,171,-0.243
1791,171,-0.377
1800,171,-0.28
1809,171,-0.199
1818,171,-0.213
1827,171,-0.141
1836,171,-0.151
1845,171,-0.09
1854,171,-0.094
1863,171,-0.097
1872,171,-0.203
1881,171,-0.104
1890,171,-0.039
1899,171,-0.104
1908,171,-0.091
1917,171,0
9,180,-0
18,180,-0
27,180,-0
36,180,-0
45,180,0.005
54,180,0.013
63,180,0.024
72,180,0.012
81,180,0.02
90,180,0.12
99,180,0.076
108,180,0.09
117,180,0.17
126,180,0.117
135,180,0.079
144,180,0.052
153,180,0.06
162,180,0.112
171,180,0.123
180,180,0.134
189,180,0.096
198,180,0.156
207,180,0.115
216,180,0.125
225,180,0.135
234,180,0.1
243,180,0.073
252,180,0.08
261,180,0.125
270,180,0.184
279,180,0.257
288,180,0.204
297,180,0.16
306,180,0.124
315,180,0.132
324,180,0.101
333,180,0.108
342,180,0.115
351,180,0.088
360,180,0.094
369,180,0.072
378,180,0.077
387,180,0.083
396,180,0.088
405,180,0.093
414,180,0.072
423,180,0.055
432,180,0.041
441,180,0.031
450,180,0.033
459,180,0.024
468,180,0.027
477,180,0.019
486,180,0.031
495,180,0.034
504,180,0.051
513,180,0.039
522,180,0.042
531,180,0.031
540,180,0.048
549,180,0.036
558,180,0.027
567,180,0.041
576,180,0.044
585,180,0.064
594,180,0.05
603,180,0.053
612,180,0.075
621,180,0.059
630,180,0.062
639,180,0.048
648,180,0.051
657,180,0.072
666,180,0.057
675,180,0.06
684,180,0.047
693,180,0.087
702,180,0.091
711,180,0.073
720,180,0.1
729,180,0.104
738,180,0.084
747,180,0.113
756,180,0.117
765,180,0.095
774,180,0.127
783,180,0.132
792,180,0.171
801,180,0.177
810,180,0.147
819,180,0.189
828,180,0.158
837,180,0.163
846,180,0.254
855,180,0.314
864,180,0.323
873,180,0.331
882,180,0.473
891,180,0.564
900,180,0.865
909,180,0.776
918,180,0.693
927,180,0.807
936,180,0.824
945,180,0.84
954,180,0.857
963,180,1.111
972,180,-1.006
981,180,-0.908
990,180,-0.926
999,180,-0.944
1008,180,-0.85
1017,180,-0.762
1026,180,-0.778
1035,180,-0.795
1044,180,-0.811
1053,180,-0.726
1062,180,-0.846
1071,180,-0.758
1080,180,-0.676
1089,180,-0.691
1098,180,-0.613
1107,180,-0.628
1116,180,-0.643
1125,180,-0.568
1134,180,-0.5
1143,180,-0.512
1152,180,-0.611
1161,180,-0.539
1170,180,-0.472
1179,180,-0.484
1188,180,-0.497
1197,180,-0.51
1206,180,-0.609
1215,180,-0.536
1224,180,-0.64
1233,180,-0.868
1242,180,-1.012
1251,180,-0.91
1260,180,-0.931
1269,180,-1.084
1278,180,-1.109
1287,180,-1
1296,180,-0.897
1305,180,-0.801
1314,180,-0.711
1323,180,-0.73
1332,180,-0.749
1341,180,-0.769
1350,180,-0.68
1359,180,-0.698
1368,180,-0.614
1377,180,-0.536
1386,180,-0.758
1395,180,-0.668
1404,180,-0.928
1413,180,-0.954
1422,180,-0.981
1431,180,-1.009
1440,180,-1.038
1449,180,-0.924
1458,180,-0.818
1467,180,-0.843
1476,180,-1.011
1485,180,-1.378
1494,180,-1.42
1503,180,-1.464
1512,180,-1.319
1521,180,-1.362
1530,180,-1.407
1539,180,-1.262
1548,180,-1.124
1557,180,-0.995
1566,180,-1.031
1575,180,-1.068
1584,180,-1.108
1593,180,-0.975
1602,180,-1.013
1611,180,-1.053
1620,180,-0.92
1629,180,-1.141
1638,180,-1.19
1647,180,-1.042
1656,180,-1.089
1665,180,-1.139
1674,180,-1.193
1683,180,-1.252
1692,180,-1.316
1701,180,-1.146
1710,180,-0.986
1719,180,-0.838
1728,180,-0.701
1737,180,-0.741
1746,180,-0.609
1755,180,-0.489
1764,180,-0.384
1773,180,-0.406
1782,180,-0.307
1791,180,-0.458
1800,180,-0.345
1809,180,-0.248
1818,180,-0.263
1827,180,-0.177
1836,180,-0.186
1845,180,-0.113
1854,180,-0.116
1863,180,-0.119
1872,180,-0.235
1881,180,-0.122
1890,180,-0.047
1899,180,-0.116
1908,180,-0.099
1917,180,0
9,189,-0
18,189,-0
27,189,-0
36,189,-0
45,189,0.004
54,189,0.011
63,189,0.019
72,189,0.009
81,189,0.015
90,189,0.096
99,189,0.183
108,189,0.197
117,189,0.31
126,189,0.222
135,189,0.157
144,189,0.108
153,189,0.118
162,189,0.268
171,189,0.278
180,189,0.289
189,189,0.218
198,189,0.309
207,189,0.237
216,189,0.247
225,189,0.256
234,189,0.197
243,189,0.149
252,189,0.157
261,189,0.221
270,189,0.299
279,189,0.39
288,189,0.316
297,189,0.253
306,189,0.201
315,189,0.208
324,189,0.163
333,189,0.17
342,189,0.176
351,189,0.138
360,189,0.144
369,189,0.112
378,189,0.117
387,189,0.122
396,189,0.127
405,189,0.132
414,189,0.104
423,189,0.08
432,189,0.061
441,189,0.046
450,189,0.049
459,189,0.036
468,189,0.038
477,189,0.041
486,189,0.06
495,189,0.063
504,189,0.088
513,189,0.069
522,189,0.072
531,189,0.055
540,189,0.078
549,189,0.061
558,189,0.046
567,189,0.066
576,189,0.069
585,189,0.094
594,189,0.074
603,189,0.077
612,189,0.105
621,189,0.083
630,189,0.086
639,189,0.068
648,189,0.071
657,189,0.096
666,189,0.076
675,189,0.079
684,189,0.062
693,189,0.109
702,189,0.112
711,189,0.09
720,189,0.119
729,189,0.154
738,189,0.126
747,189,0.162
756,189,0.166
765,189,0.137
774,189,0.175
783,189,0.179
792,189,0.225
801,189,0.23
810,189,0.193
819,189,0.24
828,189,0.202
837,189,0.206
846,189,0.364
855,189,0.436
864,189,0.444
873,189,0.451
882,189,0.616
891,189,0.814
900,189,1.174
909,189,1.063
918,189,0.958
927,189,1.089
936,189,1.103
945,189,1.117
954,189,1.131
963,189,1.418
972,189,-1.293
981,189,-1.176
990,189,-1.326
999,189,-1.343
1008,189,-1.222
1017,189,-1.108
1026,189,-1.123
1035,189,-1.139
1044,189,-1.154
1053,189,-1.044
1062,189,-1.187
1071,189,-1.075
1080,189,-0.969
1089,189,-0.984
1098,189,-0.884
1107,189,-0.898
1116,189,-0.911
1125,189,-0.816
1134,189,-0.727
1143,189,-0.739
1152,189,-0.856
1161,189,-0.764
1170,189,-0.678
1179,189,-0.69
1188,189,-0.702
1197,189,-0.714
1206,189,-0.831
1215,189,-0.74
1224,189,-0.86
1233,189,-1.122
1242,189,-1.282
1251,189,-1.161
1260,189,-1.181
1269,189,-1.348
1278,189,-1.372
1287,189,-1.244
1296,189,-1.123
1305,189,-1.009
1314,189,-0.903
1323,189,-0.92
1332,189,-0.938
1341,189,-0.956
1350,189,-0.851
1359,189,-0.868
1368,189,-0.769
1377,189,-0.676
1386,189,-0.923
1395,189,-0.818
1404,189,-1.1
1413,189,-1.124
1422,189,-1.148
1431,189,-1.173
1440,189,-1.199
1449,189,-1.072
1458,189,-0.953
1467,189,-0.975
1476,189,-1.149
1485,189,-1.53
1494,189,-1.568
1503,189,-1.607
1512,189,-1.45
1521,189,-1.488
1530,189,-1.527
1539,189,-1.371
1548,189,-1.223
1557,189,-1.083
1566,189,-1.114
1575,189,-1.147
1584,189,-1.181
1593,189,-1.039
1602,189,-1.072
1611,189,-1.106
1620,189,-0.965
1629,189,-1.18
1638,189,-1.221
1647,189,-1.067
1656,189,-1.106
1665,189,-1.148
1674,189,-1.192
1683,189,-1.241
1692,189,-1.293
1701,189,-1.12
1710,189,-0.959
1719,189,-0.809
1728,189,-0.671
1737,189,-0.701
1746,189,-0.57
1755,189,-0.453
1764,189,-0.35
1773,189,-0.364
1782,189,-0.27
1791,189,-0.397
1800,189,-0.292
1809,189,-0.204
1818,189,-0.21
1827,189,-0.136
1836,189,-0.138
1845,189,-0.078
1854,189,-0.076
1863,189,-0.074
1872,189,-0.268
1881,189,-0.142
1890,189,-0.055
1899,189,-0.13
1908,189,-0.108
1917,189,0
9,198,-0
18,198,-0
27,198,-0
36,198,-0
45,198,0.003
54,198,0.008
63,198,0.015
72,198,0.007
81,198,0.011
90,198,0.076
99,198,0.148
108,198,0.158
117,198,0.253
126,198,0.176
135,198,0.12
144,198,0.08
153,198,0.087
162,198,0.208
171,198,0.215
180,198,0.221
189,198,0.163
198,198,0.234
207,198,0.175
216,198,0.181
225,198,0.187
234,198,0.14
243,198,0.103
252,198,0.107
261,198,0.155
270,198,0.214
279,198,0.285
288,198,0.225
297,198,0.175
306,198,0.134
315,198,0.139
324,198,0.105
333,198,0.109
342,198,0.113
351,198,0.086
360,198,0.12
369,198,0.092
378,198,0.095
387,198,0.098
396,198,0.102
405,198,0.105
414,198,0.08
423,198,0.061
432,198,0.045
441,198,0.033
450,198,0.035
459,198,0.025
468,198,0.026
477,198,0.028
486,198,0.041
495,198,0.043
504,198,0.082
513,198,0.063
522,198,0.065
531,198,0.067
540,198,0.092
549,198,0.071
558,198,0.055
567,198,0.075
576,198,0.077
585,198,0.104
594,198,0.082
603,198,0.084
612,198,0.111
621,198,0.088
630,198,0.09
639,198,0.071
648,198,0.094
657,198,0.123
666,198,0.098
675,198,0.101
684,198,0.08
693,198,0.133
702,198,0.135
711,198,0.109
720,198,0.14
729,198,0.177
738,198,0.145
747,198,0.182
756,198,0.185
765,198,0.153
774,198,0.191
783,198,0.194
792,198,0.239
801,198,0.242
810,198,0.202
819,198,0.248
828,198,0.208
837,198,0.211
846,198,0.365
855,198,0.432
864,198,0.437
873,198,0.441
882,198,0.596
891,198,0.782
900,198,1.247
909,198,1.129
918,198,1.017
927,198,1.146
936,198,1.154
945,198,1.163
954,198,1.172
963,198,1.452
972,198,-1.322
981,198,-1.2
990,198,-1.343
999,198,-1.354
1008,198,-1.229
1017,198,-1.112
1026,198,-1.122
1035,198,-1.132
1044,198,-1.142
1053,198,-1.03
1062,198,-1.162
1071,198,-1.049
1080,198,-0.942
1089,198,-0.951
1098,198,-0.851
1107,198,-0.86
1116,198,-0.98
1125,198,-0.877
1134,198,-0.782
1143,198,-0.79
1152,198,-0.905
1161,198,-0.807
1170,198,-0.716
1179,198,-0.724
1188,198,-0.732
1197,198,-0.74
1206,198,-0.853
1215,198,-0.757
1224,198,-0.872
1233,198,-1.125
1242,198,-1.276
1251,198,-1.152
1260,198,-1.166
1269,198,-1.322
1278,198,-1.338
1287,198,-1.209
1296,198,-1.087
1305,198,-0.973
1314,198,-0.986
1323,198,-0.999
1332,198,-1.012
1341,198,-1.026
1350,198,-0.914
1359,198,-0.926
1368,198,-0.82
1377,198,-0.721
1386,198,-0.967
1395,198,-0.856
1404,198,-1.134
1413,198,-1.152
1422,198,-1.17
1431,198,-1.189
1440,198,-1.208
1449,198,-1.078
1458,198,-0.955
1467,198,-0.971
1476,198,-1.134
1485,198,-1.495
1494,198,-1.523
1503,198,-1.553
1512,198,-1.394
1521,198,-1.616
1530,198,-1.65
1539,198,-1.482
1548,198,-1.323
1557,198,-1.173
1566,198,-1.199
1575,198,-1.226
1584,198,-1.255
1593,198,-1.104
1602,198,-1.13
1611,198,-1.158
1620,198,-1.01
1629,198,-1.219
1638,198,-1.253
1647,198,-1.092
1656,198,-1.124
1665,198,-1.157
1674,198,-1.193
1683,198,-1.231
1692,198,-1.273
1701,198,-1.097
1710,198,-0.933
1719,198,-0.782
1728,198,-0.644
1737,198,-0.665
1746,198,-0.535
1755,198,-0.42
1764,198,-0.32
1773,198,-0.327
1782,198,-0.238
1791,198,-0.345
1800,198,-0.247
1809,198,-0.167
1818,198,-0.168
1827,198,-0.104
1836,198,-0.101
1845,198,-0.054
1854,198,-0.049
1863,198,-0.045
1872,198,-0.166
1881,198,-0.076
1890,198,-0.065
1899,198,-0.144
1908,198,-0.117
1917,198,0
9,207,-0
18,207,-0
27,207,-0
36,207,-0
45,207,0.002
54,207,0.006
63,207,0.035
72,207,0.017
81,207,0.023
90,207,0.111
99,207,0.193
108,207,0.199
117,207,0.299
126,207,0.21
135,207,0.144
144,207,0.097
153,207,0.102
162,207,0.227
171,207,0.231
180,207,0.234
189,207,0.237
198,207,0.32
207,207,0.244
216,207,0.246
225,207,0.249
234,207,0.189
243,207,0.141
252,207,0.144
261,207,0.198
270,207,0.262
279,207,0.336
288,207,0.266
297,207,0.208
306,207,0.161
315,207,0.163
324,207,0.125
333,207,0.127
342,207,0.13
351,207,0.098
360,207,0.134
369,207,0.102
378,207,0.105
387,207,0.107
396,207,0.108
405,207,0.11
414,207,0.084
423,207,0.063
432,207,0.047
441,207,0.034
450,207,0.035
459,207,0.025
468,207,0.026
477,207,0.027
486,207,0.04
495,207,0.041
504,207,0.076
513,207,0.058
522,207,0.059
531,207,0.06
540,207,0.082
549,207,0.063
558,207,0.047
567,207,0.065
576,207,0.066
585,207,0.088
594,207,0.068
603,207,0.069
612,207,0.091
621,207,0.071
630,207,0.072
639,207,0.056
648,207,0.074
657,207,0.097
666,207,0.076
675,207,0.077
684,207,0.06
693,207,0.101
702,207,0.102
711,207,0.081
720,207,0.104
729,207,0.132
738,207,0.106
747,207,0.134
756,207,0.135
765,207,0.109
774,207,0.137
783,207,0.138
792,207,0.172
801,207,0.173
810,207,0.142
819,207,0.175
828,207,0.143
837,207,0.144
846,207,0.309
855,207,0.366
864,207,0.368
873,207,0.369
882,207,0.502
891,207,0.663
900,207,1.071
909,207,0.961
918,207,0.858
927,207,0.966
936,207,0.969
945,207,0.972
954,207,0.976
963,207,1.216
972,207,-1.097
981,207,-0.985
990,207,-1.105
999,207,-1.109
1008,207,-0.996
1017,207,-0.891
1026,207,-0.894
1035,207,-0.898
1044,207,-0.902
1053,207,-0.803
1062,207,-0.909
1071,207,-0.81
1080,207,-0.718
1089,207,-0.721
1098,207,-0.635
1107,207,-0.638
1116,207,-0.731
1125,207,-0.644
1134,207,-0.564
1143,207,-0.567
1152,207,-0.654
1161,207,-0.657
1170,207,-0.575
1179,207,-0.578
1188,207,-0.581
1197,207,-0.584
1206,207,-0.675
1215,207,-0.591
1224,207,-0.683
1233,207,-0.89
1242,207,-1.137
1251,207,-1.018
1260,207,-1.025
1269,207,-1.16
1278,207,-1.169
1287,207,-1.177
1296,207,-1.055
1305,207,-0.94
1314,207,-1.071
1323,207,-1.214
1332,207,-1.225
1341,207,-1.235
1350,207,-1.106
1359,207,-1.116
1368,207,-0.993
1377,207,-0.879
1386,207,-1.146
1395,207,-1.02
1404,207,-1.318
1413,207,-1.332
1422,207,-1.346
1431,207,-1.361
1440,207,-1.376
1449,207,-1.231
1458,207,-1.095
1467,207,-1.107
1476,207,-1.276
1485,207,-1.648
1494,207,-1.671
1503,207,-1.695
1512,207,-1.524
1521,207,-1.747
1530,207,-1.775
1539,207,-1.595
1548,207,-1.425
1557,207,-1.265
1566,207,-1.285
1575,207,-1.306
1584,207,-1.329
1593,207,-1.169
1602,207,-1.189
1611,207,-1.211
1620,207,-1.055
1629,207,-1.258
1638,207,-1.284
1647,207,-1.118
1656,207,-1.141
1665,207,-1.166
1674,207,-1.194
1683,207,-1.223
1692,207,-1.255
1701,207,-1.076
1710,207,-0.91
1719,207,-0.758
1728,207,-0.619
1737,207,-0.632
1746,207,-0.504
1755,207,-0.39
1764,207,-0.293
1773,207,-0.295
1782,207,-0.21
1791,207,-0.3
1800,207,-0.209
1809,207,-0.137
1818,207,-0.134
1827,207,-0.079
1836,207,-0.074
1845,207,-0.036
1854,207,-0.031
1863,207,-0.026
1872,207,-0.192
1881,207,-0.089
1890,207,-0.075
1899,207,-0.159
1908,207,-0.127
1917,207,0
9,216,-0
18,216,-0
27,216,-0
36,216,-0
45,216,0.002
54,216,0.005
63,216,0.028
72,216,0.035
81,216,0.041
90,216,0.153
99,216,0.244
108,216,0.245
117,216,0.348
126,216,0.246
135,216,0.17
144,216,0.114
153,216,0.117
162,216,0.247
171,216,0.247
180,216,0.247
189,216,0.247
198,216,0.326
207,216,0.246
216,216,0.246
225,216,0.246
234,216,0.185
243,216,0.137
252,216,0.138
261,216,0.187
270,216,0.245
279,216,0.312
288,216,0.245
297,216,0.189
306,216,0.144
315,216,0.145
324,216,0.109
333,216,0.11
342,216,0.111
351,216,0.083
360,216,0.112
369,216,0.084
378,216,0.085
387,216,0.086
396,216,0.087
405,216,0.087
414,216,0.065
423,216,0.048
432,216,0.035
441,216,0.025
450,216,0.025
459,216,0.018
468,216,0.018
477,216,0.018
486,216,0.027
495,216,0.027
504,216,0.053
513,216,0.039
522,216,0.04
531,216,0.04
540,216,0.055
549,216,0.041
558,216,0.03
567,216,0.041
576,216,0.042
585,216,0.056
594,216,0.042
603,216,0.043
612,216,0.057
621,216,0.043
630,216,0.043
639,216,0.032
648,216,0.044
657,216,0.058
666,216,0.044
675,216,0.044
684,216,0.033
693,216,0.059
702,216,0.059
711,216,0.045
720,216,0.059
729,216,0.077
738,216,0.059
747,216,0.077
756,216,0.077
765,216,0.059
774,216,0.077
783,216,0.077
792,216,0.097
801,216,0.097
810,216,0.097
819,216,0.121
828,216,0.096
837,216,0.096
846,216,0.219
855,216,0.261
864,216,0.261
873,216,0.26
882,216,0.362
891,216,0.487
900,216,0.817
909,216,0.722
918,216,0.635
927,216,0.719
936,216,0.718
945,216,0.716
954,216,0.715
963,216,0.906
972,216,-0.805
981,216,-0.711
990,216,-0.903
999,216,-0.901
1008,216,-0.8
1017,216,-0.707
1026,216,-0.799
1035,216,-0.798
1044,216,-0.797
1053,216,-0.703
1062,216,-0.795
1071,216,-0.702
1080,216,-0.701
1089,216,-0.701
1098,216,-0.614
1107,216,-0.614
1116,216,-0.699
1125,216,-0.613
1134,216,-0.533
1143,216,-0.533
1152,216,-0.611
1161,216,-0.611
1170,216,-0.531
1179,216,-0.53
1188,216,-0.61
1197,216,-0.609
1206,216,-0.697
1215,216,-0.609
1224,216,-0.697
1233,216,-0.898
1242,216,-1.135
1251,216,-1.014
1260,216,-1.016
1269,216,-1.142
1278,216,-1.145
1287,216,-1.148
1296,216,-1.024
1305,216,-1.027
1314,216,-1.157
1323,216,-1.3
1332,216,-1.304
1341,216,-1.309
1350,216,-1.173
1359,216,-1.177
1368,216,-1.048
1377,216,-0.927
1386,216,-1.191
1395,216,-1.06
1404,216,-1.352
1413,216,-1.359
1422,216,-1.367
1431,216,-1.375
1440,216,-1.384
1449,216,-1.235
1458,216,-1.095
1467,216,-1.101
1476,216,-1.259
1485,216,-1.613
1494,216,-1.627
1503,216,-1.642
1512,216,-1.47
1521,216,-1.674
1530,216,-1.692
1539,216,-1.513
1548,216,-1.344
1557,216,-1.185
1566,216,-1.197
1575,216,-1.208
1584,216,-1.221
1593,216,-1.066
1602,216,-1.077
1611,216,-1.088
1620,216,-0.939
1629,216,-1.114
1638,216,-1.128
1647,216,-0.97
1656,216,-0.982
1665,216,-0.994
1674,216,-1.008
1683,216,-1.023
1692,216,-1.039
1701,216,-0.876
1710,216,-0.726
1719,216,-0.59
1728,216,-0.469
1737,216,-0.472
1746,216,-0.363
1755,216,-0.27
1764,216,-0.193
1773,216,-0.19
1782,216,-0.127
1791,216,-0.182
1800,216,-0.117
1809,216,-0.07
1818,216,-0.065
1827,216,-0.033
1836,216,-0.053
1845,216,-0.024
1854,216,-0.02
1863,216,-0.015
1872,216,-0.118
1881,216,-0.104
1890,216,-0.086
1899,216,-0.175
1908,216,-0.136
1917,216,0
9,225,-0
18,225,-0
27,225,-0
36,225,-0
45,225,0.001
54,225,0.004
63,225,0.022
72,225,0.027
81,225,0.032
90,225,0.126
99,225,0.202
108,225,0.201
117,225,0.289
126,225,0.198
135,225,0.133
144,225,0.087
153,225,0.088
162,225,0.193
171,225,0.191
180,225,0.19
189,225,0.188
198,225,0.252
207,225,0.186
216,225,0.184
225,225,0.183
234,225,0.133
243,225,0.095
252,225,0.095
261,225,0.132
270,225,0.176
279,225,0.227
288,225,0.173
297,225,0.172
306,225,0.129
315,225,0.128
324,225,0.095
333,225,0.095
342,225,0.095
351,225,0.069
360,225,0.094
369,225,0.069
378,225,0.069
387,225,0.069
396,225,0.069
405,225,0.069
414,225,0.05
423,225,0.036
432,225,0.025
441,225,0.018
450,225,0.018
459,225,0.012
468,225,0.012
477,225,0.012
486,225,0.018
495,225,0.018
504,225,0.036
513,225,0.026
522,225,0.026
531,225,0.026
540,225,0.049
549,225,0.036
558,225,0.026
567,225,0.035
576,225,0.048
585,225,0.063
594,225,0.047
603,225,0.062
612,225,0.08
621,225,0.061
630,225,0.06
639,225,0.046
648,225,0.06
657,225,0.076
666,225,0.059
675,225,0.058
684,225,0.044
693,225,0.074
702,225,0.073
711,225,0.072
720,225,0.091
729,225,0.114
738,225,0.09
747,225,0.111
756,225,0.11
765,225,0.087
774,225,0.108
783,225,0.107
792,225,0.131
801,225,0.13
810,225,0.129
819,225,0.156
828,225,0.126
837,225,0.125
846,225,0.264
855,225,0.309
864,225,0.306
873,225,0.303
882,225,0.411
891,225,0.54
900,225,0.88
909,225,0.778
918,225,0.773
927,225,0.863
936,225,0.857
945,225,0.851
954,225,0.846
963,225,1.049
972,225,-0.935
981,225,-0.83
990,225,-1.031
999,225,-1.025
1008,225,-0.913
1017,225,-0.809
1026,225,-0.903
1035,225,-0.898
1044,225,-0.892
1053,225,-0.79
1062,225,-0.883
1071,225,-0.781
1080,225,-0.776
1089,225,-0.771
1098,225,-0.678
1107,225,-0.673
1116,225,-0.758
1125,225,-0.665
1134,225,-0.58
1143,225,-0.576
1152,225,-0.653
1161,225,-0.649
1170,225,-0.564
1179,225,-0.561
1188,225,-0.638
1197,225,-0.634
1206,225,-0.718
1215,225,-0.627
1224,225,-0.711
1233,225,-0.906
1242,225,-1.135
1251,225,-1.011
1260,225,-1.008
1269,225,-1.126
1278,225,-1.254
1287,225,-1.251
1296,225,-1.118
1305,225,-1.116
1314,225,-1.245
1323,225,-1.386
1332,225,-1.385
1341,225,-1.384
1350,225,-1.24
1359,225,-1.239
1368,225,-1.102
1377,225,-0.975
1386,225,-1.237
1395,225,-1.099
1404,225,-1.386
1413,225,-1.387
1422,225,-1.551
1431,225,-1.554
1440,225,-1.558
1449,225,-1.561
1458,225,-1.397
1467,225,-1.4
1476,225,-1.575
1485,225,-1.968
1494,225,-1.979
1503,225,-1.99
1512,225,-1.794
1521,225,-2.015
1530,225,-2.029
1539,225,-1.827
1548,225,-1.634
1557,225,-1.452
1566,225,-1.46
1575,225,-1.469
1584,225,-1.478
1593,225,-1.301
1602,225,-1.308
1611,225,-1.317
1620,225,-1.146
1629,225,-1.337
1638,225,-1.348
1647,225,-1.168
1656,225,-1.177
1665,225,-1.187
1674,225,-1.198
1683,225,-1.21
1692,225,-1.223
1701,225,-1.039
1710,225,-0.869
1719,225,-0.714
1728,225,-0.575
1737,225,-0.574
1746,225,-0.448
1755,225,-0.339
1764,225,-0.246
1773,225,-0.24
1782,225,-0.164
1791,225,-0.227
1800,225,-0.15
1809,225,-0.091
1818,225,-0.084
1827,225,-0.044
1836,225,-0.068
1845,225,-0.032
1854,225,-0.026
1863,225,-0.02
1872,225,-0.137
1881,225,-0.12
1890,225,-0.099
1899,225,-0.191
1908,225,-0.146
1917,225,0
9,234,-0
18,234,-0
27,234,0.013
36,234,0.004
45,234,0.009
54,234,0.013
63,234,0.046
72,234,0.05
81,234,0.054
90,234,0.169
99,234,0.252
108,234,0.245
117,234,0.336
126,234,0.324
135,234,0.226
144,234,0.154
153,234,0.151
162,234,0.379
171,234,0.367
180,234,0.356
189,234,0.346
198,234,0.429
207,234,0.328
216,234,0.319
225,234,0.311
234,234,0.235
243,234,0.175
252,234,0.171
261,234,0.22
270,234,0.276
279,234,0.339
288,234,0.264
297,234,0.259
306,234,0.199
315,234,0.195
324,234,0.148
333,234,0.145
342,234,0.143
351,234,0.107
360,234,0.138
369,234,0.104
378,234,0.102
387,234,0.1
396,234,0.099
405,234,0.097
414,234,0.072
423,234,0.053
432,234,0.038
441,234,0.026
450,234,0.026
459,234,0.018
468,234,0.018
477,234,0.018
486,234,0.025
495,234,0.025
504,234,0.046
513,234,0.033
522,234,0.033
531,234,0.032
540,234,0.058
549,234,0.043
558,234,0.031
567,234,0.041
576,234,0.054
585,234,0.069
594,234,0.052
603,234,0.067
612,234,0.085
621,234,0.064
630,234,0.063
639,234,0.047
648,234,0.061
657,234,0.077
666,234,0.059
675,234,0.058
684,234,0.043
693,234,0.071
702,234,0.07
711,234,0.069
720,234,0.086
729,234,0.106
738,234,0.082
747,234,0.102
756,234,0.1
765,234,0.078
774,234,0.119
783,234,0.117
792,234,0.141
801,234,0.139
810,234,0.136
819,234,0.163
828,234,0.131
837,234,0.128
846,234,0.266
855,234,0.308
864,234,0.303
873,234,0.299
882,234,0.4
891,234,0.523
900,234,0.845
909,234,0.744
918,234,0.735
927,234,0.817
936,234,0.807
945,234,0.798
954,234,0.789
963,234,0.976
972,234,-0.865
981,234,-0.762
990,234,-0.945
999,234,-0.936
1008,234,-0.828
1017,234,-0.728
1026,234,-0.81
1035,234,-0.801
1044,234,-0.793
1053,234,-0.695
1062,234,-0.776
1071,234,-0.68
1080,234,-0.672
1089,234,-0.664
1098,234,-0.577
1107,234,-0.57
1116,234,-0.642
1125,234,-0.556
1134,234,-0.479
1143,234,-0.472
1152,234,-0.536
1161,234,-0.529
1170,234,-0.454
1179,234,-0.448
1188,234,-0.51
1197,234,-0.577
1206,234,-0.652
1215,234,-0.564
1224,234,-0.725
1233,234,-0.914
1242,234,-1.135
1251,234,-1.009
1260,234,-1.001
1269,234,-1.111
1278,234,-1.23
1287,234,-1.222
1296,234,-1.088
1305,234,-1.207
1314,234,-1.335
1323,234,-1.473
1332,234,-1.467
1341,234,-1.46
1350,234,-1.308
1359,234,-1.301
1368,234,-1.158
1377,234,-1.023
1386,234,-1.282
1395,234,-1.138
1404,234,-1.42
1413,234,-1.415
1422,234,-1.571
1431,234,-1.567
1440,234,-1.564
1449,234,-1.561
1458,234,-1.393
1467,234,-1.389
1476,234,-1.732
1485,234,-2.134
1494,234,-2.137
1503,234,-2.142
1512,234,-1.933
1521,234,-2.153
1530,234,-2.159
1539,234,-1.945
1548,234,-1.741
1557,234,-1.548
1566,234,-1.549
1575,234,-1.552
1584,234,-1.554
1593,234,-1.558
1602,234,-1.562
1611,234,-1.567
1620,234,-1.373
1629,234,-1.579
1638,234,-1.586
1647,234,-1.384
1656,234,-1.39
1665,234,-1.396
1674,234,-1.403
1683,234,-1.412
1692,234,-1.422
1701,234,-1.216
1710,234,-1.025
1719,234,-0.85
1728,234,-0.691
1737,234,-0.688
1746,234,-0.543
1755,234,-0.416
1764,234,-0.307
1773,234,-0.298
1782,234,-0.208
1791,234,-0.279
1800,234,-0.188
1809,234,-0.117
1818,234,-0.107
1827,234,-0.058
1836,234,-0.086
1845,234,-0.041
1854,234,-0.033
1863,234,-0.025
1872,234,-0.159
1881,234,-0.137
1890,234,-0.112
1899,234,-0.207
1908,234,-0.156
1917,234,0
9,243,-0
18,243,-0
27,243,0.011
36,243,0.003
45,243,0.007
54,243,0.011
63,243,0.037
72,243,0.04
81,243,0.043
90,243,0.14
99,243,0.211
108,243,0.203
117,243,0.28
126,243,0.267
135,243,0.181
144,243,0.12
153,243,0.117
162,243,0.307
171,243,0.295
180,243,0.284
189,243,0.273
198,243,0.342
207,243,0.254
216,243,0.246
225,243,0.238
234,243,0.175
243,243,0.126
252,243,0.122
261,243,0.159
270,243,0.203
279,243,0.252
288,243,0.244
297,243,0.237
306,243,0.18
315,243,0.174
324,243,0.13
333,243,0.127
342,243,0.123
351,243,0.091
360,243,0.117
369,243,0.086
378,243,0.084
387,243,0.082
396,243,0.079
405,243,0.102
414,243,0.075
423,243,0.055
432,243,0.039
441,243,0.027
450,243,0.026
459,243,0.018
468,243,0.025
477,243,0.025
486,243,0.033
495,243,0.044
504,243,0.076
513,243,0.056
522,243,0.054
531,243,0.053
540,243,0.087
549,243,0.066
558,243,0.049
567,243,0.062
576,243,0.078
585,243,0.097
594,243,0.074
603,243,0.092
612,243,0.113
621,243,0.087
630,243,0.084
639,243,0.064
648,243,0.08
657,243,0.122
666,243,0.095
675,243,0.093
684,243,0.071
693,243,0.11
702,243,0.107
711,243,0.104
720,243,0.125
729,243,0.15
738,243,0.118
747,243,0.142
756,243,0.138
765,243,0.109
774,243,0.16
783,243,0.155
792,243,0.183
801,243,0.179
810,243,0.174
819,243,0.204
828,243,0.165
837,243,0.161
846,243,0.314
855,243,0.359
864,243,0.351
873,243,0.343
882,243,0.45
891,243,0.577
900,243,0.908
909,243,0.8
918,243,0.787
927,243,0.866
936,243,0.853
945,243,0.839
954,243,0.826
963,243,1.01
972,243,-0.894
981,243,-0.787
990,243,-0.967
999,243,-0.953
1008,243,-0.841
1017,243,-0.738
1026,243,-0.816
1035,243,-0.803
1044,243,-0.791
1053,243,-0.692
1062,243,-0.767
1071,243,-0.67
1080,243,-0.659
1089,243,-0.648
1098,243,-0.56
1107,243,-0.551
1116,243,-0.616
1125,243,-0.531
1134,243,-0.454
1143,243,-0.446
1152,243,-0.503
1161,243,-0.493
1170,243,-0.42
1179,243,-0.412
1188,243,-0.536
1197,243,-0.601
1206,243,-0.673
1215,243,-0.662
1224,243,-0.833
1233,243,-1.032
1242,243,-1.26
1251,243,-1.123
1260,243,-1.11
1269,243,-1.221
1278,243,-1.339
1287,243,-1.326
1296,243,-1.182
1305,243,-1.3
1314,243,-1.426
1323,243,-1.562
1332,243,-1.549
1341,243,-1.537
1350,243,-1.376
1359,243,-1.364
1368,243,-1.213
1377,243,-1.072
1386,243,-1.328
1395,243,-1.178
1404,243,-1.454
1413,243,-1.443
1422,243,-1.592
1431,243,-1.581
1440,243,-1.571
1449,243,-1.561
1458,243,-1.389
1467,243,-1.379
1476,243,-1.707
1485,243,-2.089
1494,243,-2.083
1503,243,-2.079
1512,243,-1.868
1521,243,-2.07
1530,243,-2.067
1539,243,-1.853
1548,243,-1.65
1557,243,-1.459
1566,243,-1.452
1575,243,-1.446
1584,243,-1.44
1593,243,-1.434
1602,243,-1.429
1611,243,-1.424
1620,243,-1.237
1629,243,-1.618
1638,243,-1.617
1647,243,-1.409
1656,243,-1.406
1665,243,-1.405
1674,243,-1.404
1683,243,-1.403
1692,243,-1.404
1701,243,-1.196
1710,243,-1.003
1719,243,-0.826
1728,243,-0.667
1737,243,-0.657
1746,243,-0.514
1755,243,-0.389
1764,243,-0.376
1773,243,-0.364
1782,243,-0.258
1791,243,-0.337
1800,243,-0.231
1809,243,-0.147
1818,243,-0.134
1827,243,-0.074
1836,243,-0.107
1845,243,-0.053
1854,243,-0.042
1863,243,-0.032
1872,243,-0.182
1881,243,-0.156
1890,243,-0.126
1899,243,-0.225
1908,243,-0.167
1917,243,0
9,252,-0
18,252,-0
27,252,0.01
36,252,0.003
45,252,0.006
54,252,0.027
63,252,0.067
72,252,0.068
81,252,0.067
90,252,0.185
99,252,0.26
108,252,0.245
117,252,0.324
126,252,0.305
135,252,0.208
144,252,0.138
153,252,0.132
162,252,0.328
171,252,0.311
180,252,0.296
189,252,0.282
198,252,0.347
207,252,0.257
216,252,0.246
225,252,0.235
234,252,0.171
243,252,0.122
252,252,0.117
261,252,0.151
270,252,0.19
279,252,0.234
288,252,0.225
297,252,0.216
306,252,0.162
315,252,0.156
324,252,0.115
333,252,0.111
342,252,0.106
351,252,0.077
360,252,0.099
369,252,0.071
378,252,0.069
387,252,0.066
396,252,0.064
405,252,0.082
414,252,0.059
423,252,0.042
432,252,0.029
441,252,0.02
450,252,0.019
459,252,0.013
468,252,0.018
477,252,0.017
486,252,0.023
495,252,0.031
504,252,0.054
513,252,0.039
522,252,0.037
531,252,0.036
540,252,0.06
549,252,0.044
558,252,0.032
567,252,0.041
576,252,0.052
585,252,0.065
594,252,0.048
603,252,0.06
612,252,0.074
621,252,0.055
630,252,0.053
639,252,0.039
648,252,0.049
657,252,0.078
666,252,0.059
675,252,0.056
684,252,0.042
693,252,0.067
702,252,0.064
711,252,0.062
720,252,0.075
729,252,0.091
738,252,0.07
747,252,0.084
756,252,0.081
765,252,0.062
774,252,0.094
783,252,0.091
792,252,0.108
801,252,0.104
810,252,0.101
819,252,0.146
828,252,0.115
837,252,0.111
846,252,0.228
855,252,0.261
864,252,0.254
873,252,0.246
882,252,0.328
891,252,0.428
900,252,0.697
909,252,0.604
918,252,0.59
927,252,0.734
936,252,0.718
945,252,0.789
954,252,0.772
963,252,0.942
972,252,-0.829
981,252,-0.725
990,252,-0.889
999,252,-0.872
1008,252,-0.765
1017,252,-0.666
1026,252,-0.734
1035,252,-0.719
1044,252,-0.704
1053,252,-0.61
1062,252,-0.674
1071,252,-0.583
1080,252,-0.57
1089,252,-0.557
1098,252,-0.477
1107,252,-0.465
1116,252,-0.52
1125,252,-0.443
1134,252,-0.373
1143,252,-0.421
1152,252,-0.472
1161,252,-0.461
1170,252,-0.389
1179,252,-0.379
1188,252,-0.491
1197,252,-0.549
1206,252,-0.612
1215,252,-0.599
1224,252,-0.753
1233,252,-0.931
1242,252,-1.137
1251,252,-1.005
1260,252,-0.988
1269,252,-1.084
1278,252,-1.187
1287,252,-1.169
1296,252,-1.033
1305,252,-1.134
1314,252,-1.242
1323,252,-1.358
1332,252,-1.34
1341,252,-1.322
1350,252,-1.172
1359,252,-1.155
1368,252,-1.016
1377,252,-0.887
1386,252,-1.234
1395,252,-1.088
1404,252,-1.488
1413,252,-1.471
1422,252,-1.612
1431,252,-1.596
1440,252,-1.579
1449,252,-1.562
1458,252,-1.387
1467,252,-1.371
1476,252,-1.684
1485,252,-2.047
1494,252,-2.033
1503,252,-2.02
1512,252,-1.809
1521,252,-1.994
1530,252,-1.982
1539,252,-1.768
1548,252,-1.567
1557,252,-1.378
1566,252,-1.363
1575,252,-1.349
1584,252,-1.335
1593,252,-1.322
1602,252,-1.308
1611,252,-1.295
1620,252,-1.282
1629,252,-1.657
1638,252,-1.649
1647,252,-1.433
1656,252,-1.423
1665,252,-1.414
1674,252,-1.405
1683,252,-1.396
1692,252,-1.388
1701,252,-1.177
1710,252,-0.982
1719,252,-0.804
1728,252,-0.644
1737,252,-0.629
1746,252,-0.486
1755,252,-0.364
1764,252,-0.347
1773,252,-0.437
1782,252,-0.314
1791,252,-0.402
1800,252,-0.279
1809,252,-0.181
1818,252,-0.165
1827,252,-0.094
1836,252,-0.13
1845,252,-0.066
1854,252,-0.053
1863,252,-0.04
1872,252,-0.207
1881,252,-0.176
1890,252,-0.141
1899,252,-0.243
1908,252,-0.178
1917,252,0
9,261,-0
18,261,-0
27,261,0.008
36,261,0.002
45,261,0.005
54,261,0.022
63,261,0.056
72,261,0.055
81,261,0.054
90,261,0.154
99,261,0.219
108,261,0.204
117,261,0.271
126,261,0.253
135,261,0.167
144,261,0.108
153,261,0.102
162,261,0.265
171,261,0.249
180,261,0.235
189,261,0.221
198,261,0.274
207,261,0.198
216,261,0.245
225,261,0.232
234,261,0.168
243,261,0.119
252,261,0.113
261,261,0.144
270,261,0.179
279,261,0.218
288,261,0.208
297,261,0.25
306,261,0.188
315,261,0.179
324,261,0.133
333,261,0.126
342,261,0.12
351,261,0.087
360,261,0.109
369,261,0.079
378,261,0.075
387,261,0.072
396,261,0.068
405,261,0.086
414,261,0.062
423,261,0.078
432,261,0.056
441,261,0.039
450,261,0.037
459,261,0.026
468,261,0.034
477,261,0.032
486,261,0.041
495,261,0.053
504,261,0.085
513,261,0.063
522,261,0.06
531,261,0.057
540,261,0.09
549,261,0.067
558,261,0.049
567,261,0.061
576,261,0.074
585,261,0.09
594,261,0.067
603,261,0.103
612,261,0.123
621,261,0.094
630,261,0.09
639,261,0.068
648,261,0.082
657,261,0.122
666,261,0.094
675,261,0.09
684,261,0.068
693,261,0.102
702,261,0.097
711,261,0.093
720,261,0.11
729,261,0.13
738,261,0.101
747,261,0.119
756,261,0.114
765,261,0.088
774,261,0.128
783,261,0.122
792,261,0.142
801,261,0.137
810,261,0.131
819,261,0.183
828,261,0.146
837,261,0.14
846,261,0.271
855,261,0.306
864,261,0.295
873,261,0.285
882,261,0.372
891,261,0.475
900,261,0.754
909,261,0.654
918,261,0.636
927,261,0.781
936,261,0.761
945,261,0.829
954,261,0.809
963,261,0.977
972,261,-0.859
981,261,-0.75
990,261,-0.911
999,261,-0.89
1008,261,-0.779
1017,261,-0.677
1026,261,-0.741
1035,261,-0.809
1044,261,-0.789
1053,261,-0.686
1062,261,-0.751
1071,261,-0.651
1080,261,-0.634
1089,261,-0.618
1098,261,-0.53
1107,261,-0.515
1116,261,-0.569
1125,261,-0.485
1134,261,-0.41
1143,261,-0.457
1152,261,-0.508
1161,261,-0.493
1170,261,-0.417
1179,261,-0.404
1188,261,-0.517
1197,261,-0.573
1206,261,-0.633
1215,261,-0.616
1224,261,-0.766
1233,261,-0.94
1242,261,-1.139
1251,261,-1.004
1260,261,-0.983
1269,261,-1.072
1278,261,-1.168
1287,261,-1.145
1296,261,-1.008
1305,261,-1.101
1314,261,-1.2
1323,261,-1.306
1332,261,-1.283
1341,261,-1.26
1350,261,-1.111
1359,261,-1.09
1368,261,-0.953
1377,261,-0.826
1386,261,-1.148
1395,261,-1.005
1404,261,-1.523
1413,261,-1.499
1422,261,-1.634
1431,261,-1.61
1440,261,-1.587
1449,261,-1.564
1458,261,-1.385
1467,261,-1.363
1476,261,-1.663
1485,261,-2.009
1494,261,-1.987
1503,261,-1.965
1512,261,-1.753
1521,261,-1.923
1530,261,-1.903
1539,261,-1.69
1548,261,-1.49
1557,261,-1.302
1566,261,-1.281
1575,261,-1.261
1584,261,-1.24
1593,261,-1.22
1602,261,-1.199
1611,261,-1.179
1620,261,-1.159
1629,261,-1.494
1638,261,-1.476
1647,261,-1.27
1656,261,-1.251
1665,261,-1.233
1674,261,-1.214
1683,261,-1.195
1692,261,-1.177
1701,261,-0.982
1710,261,-0.962
1719,261,-0.783
1728,261,-0.623
1737,261,-0.602
1746,261,-0.461
1755,261,-0.341
1764,261,-0.321
1773,261,-0.399
1782,261,-0.281
1791,261,-0.355
1800,261,-0.241
1809,261,-0.151
1818,261,-0.134
1827,261,-0.072
1836,261,-0.099
1845,261,-0.046
1854,261,-0.035
1863,261,-0.049
1872,261,-0.233
1881,261,-0.197
1890,261,-0.156
1899,261,-0.261
1908,261,-0.189
1917,261,0
9,270,-0
18,270,-0
27,270,0.007
36,270,0.002
45,270,0.004
54,270,0.018
63,270,0.047
72,270,0.045
81,270,0.044
90,270,0.128
99,270,0.183
108,270,0.168
117,270,0.225
126,270,0.208
135,270,0.133
144,270,0.083
153,270,0.077
162,270,0.212
171,270,0.197
180,270,0.184
189,270,0.172
198,270,0.214
207,270,0.15
216,270,0.188
225,270,0.176
234,270,0.165
243,270,0.116
252,270,0.108
261,270,0.136
270,270,0.168
279,270,0.204
288,270,0.192
297,270,0.229
306,270,0.171
315,270,0.161
324,270,0.117
333,270,0.11
342,270,0.104
351,270,0.074
360,270,0.092
369,270,0.066
378,270,0.082
387,270,0.077
396,270,0.095
405,270,0.116
414,270,0.085
423,270,0.103
432,270,0.075
441,270,0.054
450,270,0.051
459,270,0.063
468,270,0.078
477,270,0.073
486,270,0.089
495,270,0.107
504,270,0.157
513,270,0.12
522,270,0.114
531,270,0.108
540,270,0.157
549,270,0.121
558,270,0.091
567,270,0.109
576,270,0.128
585,270,0.149
594,270,0.115
603,270,0.165
612,270,0.19
621,270,0.149
630,270,0.142
639,270,0.109
648,270,0.128
657,270,0.18
666,270,0.141
675,270,0.134
684,270,0.104
693,270,0.148
702,270,0.141
711,270,0.134
720,270,0.154
729,270,0.177
738,270,0.14
747,270,0.161
756,270,0.184
765,270,0.146
774,270,0.2
783,270,0.191
792,270,0.217
801,270,0.207
810,270,0.198
819,270,0.264
828,270,0.215
837,270,0.205
846,270,0.368
855,270,0.407
864,270,0.392
873,270,0.378
882,270,0.478
891,270,0.594
900,270,0.903
909,270,0.788
918,270,0.765
927,270,0.92
936,270,0.895
945,270,0.965
954,270,0.939
963,270,1.115
972,270,-0.984
981,270,-0.864
990,270,-1.032
999,270,-1.005
1008,270,-0.883
1017,270,-0.77
1026,270,-0.835
1035,270,-0.903
1044,270,-0.878
1053,270,-0.766
1062,270,-0.831
1071,270,-0.722
1080,270,-0.701
1089,270,-0.68
1098,270,-0.585
1107,270,-0.566
1116,270,-0.62
1125,270,-0.53
1134,270,-0.448
1143,270,-0.495
1152,270,-0.545
1161,270,-0.527
1170,270,-0.445
1179,270,-0.429
1188,270,-0.542
1197,270,-0.596
1206,270,-0.653
1215,270,-0.633
1224,270,-0.78
1233,270,-0.949
1242,270,-1.141
1251,270,-1.004
1260,270,-0.978
1269,270,-1.061
1278,270,-1.271
1287,270,-1.243
1296,270,-1.096
1305,270,-1.188
1314,270,-1.285
1323,270,-1.389
1332,270,-1.36
1341,270,-1.331
1350,270,-1.175
1359,270,-1.148
1368,270,-1.004
1377,270,-0.871
1386,270,-1.193
1395,270,-1.043
1404,270,-1.557
1413,270,-1.528
1422,270,-1.655
1431,270,-1.625
1440,270,-1.596
1449,270,-1.567
1458,270,-1.384
1467,270,-1.356
1476,270,-1.643
1485,270,-1.973
1494,270,-1.944
1503,270,-1.915
1512,270,-1.702
1521,270,-1.858
1530,270,-1.829
1539,270,-1.617
1548,270,-1.418
1557,270,-1.232
1566,270,-1.206
1575,270,-1.179
1584,270,-1.153
1593,270,-1.126
1602,270,-1.1
1611,270,-1.074
1620,270,-1.048
1629,270,-1.348
1638,270,-1.322
1647,270,-1.125
1656,270,-1.099
1665,270,-1.073
1674,270,-1.047
1683,270,-1.021
1692,270,-1.168
1701,270,-0.97
1710,270,-0.944
1719,270,-0.763
1728,270,-0.737
1737,270,-0.711
1746,270,-0.552
1755,270,-0.413
1764,270,-0.389
1773,270,-0.473
1782,270,-0.339
1791,270,-0.42
1800,270,-0.289
1809,270,-0.185
1818,270,-0.163
1827,270,-0.09
1836,270,-0.12
1845,270,-0.058
1854,270,-0.043
1863,270,-0.059
1872,270,-0.261
1881,270,-0.22
1890,270,-0.173
1899,270,-0.281
1908,270,-0.2
1917,270,0
9,279,-0
18,279,-0
27,279,0.006
36,279,0.001
45,279,0.003
54,279,0.015
63,279,0.038
72,279,0.037
81,279,0.067
90,279,0.168
99,279,0.227
108,279,0.205
117,279,0.263
126,279,0.239
135,279,0.155
144,279,0.097
153,279,0.089
162,279,0.229
171,279,0.21
180,279,0.194
189,279,0.179
198,279,0.22
207,279,0.153
216,279,0.188
225,279,0.175
234,279,0.162
243,279,0.112
252,279,0.104
261,279,0.13
270,279,0.158
279,279,0.19
288,279,0.177
297,279,0.21
306,279,0.154
315,279,0.144
324,279,0.103
333,279,0.096
342,279,0.09
351,279,0.063
360,279,0.078
369,279,0.054
378,279,0.068
387,279,0.063
396,279,0.077
405,279,0.094
414,279,0.067
423,279,0.082
432,279,0.058
441,279,0.041
450,279,0.038
459,279,0.047
468,279,0.058
477,279,0.054
486,279,0.066
495,279,0.079
504,279,0.119
513,279,0.088
522,279,0.083
531,279,0.077
540,279,0.142
549,279,0.108
558,279,0.081
567,279,0.095
576,279,0.138
585,279,0.159
594,279,0.122
603,279,0.172
612,279,0.233
621,279,0.185
630,279,0.175
639,279,0.136
648,279,0.156
657,279,0.213
666,279,0.169
675,279,0.159
684,279,0.124
693,279,0.172
702,279,0.162
711,279,0.154
720,279,0.175
729,279,0.198
738,279,0.156
747,279,0.178
756,279,0.201
765,279,0.159
774,279,0.214
783,279,0.203
792,279,0.228
801,279,0.217
810,279,0.206
819,279,0.271
828,279,0.22
837,279,0.209
846,279,0.368
855,279,0.405
864,279,0.388
873,279,0.372
882,279,0.467
891,279,0.576
900,279,0.871
909,279,0.757
918,279,0.731
927,279,0.876
936,279,0.848
945,279,0.911
954,279,0.882
963,279,1.045
972,279,-0.918
981,279,-0.8
990,279,-0.954
999,279,-0.925
1008,279,-0.807
1017,279,-0.699
1026,279,-0.755
1035,279,-0.814
1044,279,-0.788
1053,279,-0.681
1062,279,-0.737
1071,279,-0.635
1080,279,-0.612
1089,279,-0.665
1098,279,-0.569
1107,279,-0.548
1116,279,-0.597
1125,279,-0.507
1134,279,-0.427
1143,279,-0.469
1152,279,-0.513
1161,279,-0.493
1170,279,-0.414
1179,279,-0.397
1188,279,-0.499
1197,279,-0.547
1206,279,-0.674
1215,279,-0.651
1224,279,-0.794
1233,279,-0.958
1242,279,-1.144
1251,279,-1.003
1260,279,-0.974
1269,279,-1.051
1278,279,-1.252
1287,279,-1.219
1296,279,-1.071
1305,279,-1.155
1314,279,-1.244
1323,279,-1.339
1332,279,-1.305
1341,279,-1.272
1350,279,-1.117
1359,279,-1.086
1368,279,-0.944
1377,279,-0.814
1386,279,-1.112
1395,279,-0.966
1404,279,-1.443
1413,279,-1.409
1422,279,-1.521
1431,279,-1.487
1440,279,-1.452
1449,279,-1.418
1458,279,-1.243
1467,279,-1.21
1476,279,-1.466
1485,279,-1.76
1494,279,-1.724
1503,279,-1.688
1512,279,-1.487
1521,279,-1.618
1530,279,-1.584
1539,279,-1.385
1548,279,-1.2
1557,279,-1.029
1566,279,-0.998
1575,279,-0.967
1584,279,-0.937
1593,279,-0.906
1602,279,-0.876
1611,279,-0.847
1620,279,-0.817
1629,279,-1.216
1638,279,-1.184
1647,279,-0.996
1656,279,-0.964
1665,279,-0.933
1674,279,-0.901
1683,279,-0.87
1692,279,-0.991
1701,279,-0.808
1710,279,-0.927
1719,279,-0.745
1728,279,-0.714
1737,279,-0.682
1746,279,-0.524
1755,279,-0.388
1764,279,-0.36
1773,279,-0.434
1782,279,-0.305
1791,279,-0.373
1800,279,-0.25
1809,279,-0.155
1818,279,-0.133
1827,279,-0.07
1836,279,-0.091
1845,279,-0.041
1854,279,-0.053
1863,279,-0.071
1872,279,-0.291
1881,279,-0.244
1890,279,-0.191
1899,279,-0.3
1908,279,-0.211
1917,279,0
9,288,-0
18,288,0.023
27,288,0.031
36,288,0.009
45,288,0.011
54,288,0.033
63,288,0.067
72,288,0.06
81,288,0.097
90,288,0.215
99,288,0.275
108,288,0.245
117,288,0.303
126,288,0.273
135,288,0.178
144,288,0.112
153,288,0.101
162,288,0.246
171,288,0.224
180,288,0.204
189,288,0.186
198,288,0.225
207,288,0.156
216,288,0.189
225,288,0.173
234,288,0.159
243,288,0.109
252,288,0.134
261,288,0.162
270,288,0.192
279,288,0.225
288,288,0.208
297,288,0.242
306,288,0.179
315,288,0.165
324,288,0.119
333,288,0.11
342,288,0.102
351,288,0.071
360,288,0.087
369,288,0.06
378,288,0.074
387,288,0.068
396,288,0.082
405,288,0.098
414,288,0.07
423,288,0.084
432,288,0.06
441,288,0.041
450,288,0.038
459,288,0.046
468,288,0.056
477,288,0.052
486,288,0.063
495,288,0.075
504,288,0.111
513,288,0.082
522,288,0.076
531,288,0.07
540,288,0.129
549,288,0.097
558,288,0.071
567,288,0.083
576,288,0.121
585,288,0.138
594,288,0.105
603,288,0.148
612,288,0.201
621,288,0.157
630,288,0.147
639,288,0.138
648,288,0.157
657,288,0.211
666,288,0.166
675,288,0.156
684,288,0.12
693,288,0.165
702,288,0.155
711,288,0.146
720,288,0.164
729,288,0.185
738,288,0.145
747,288,0.163
756,288,0.184
765,288,0.144
774,288,0.193
783,288,0.182
792,288,0.204
801,288,0.192
810,288,0.181
819,288,0.238
828,288,0.225
837,288,0.212
846,288,0.369
855,288,0.403
864,288,0.384
873,288,0.419
882,288,0.517
891,288,0.629
900,288,0.931
909,288,0.81
918,288,0.78
927,288,1.021
936,288,0.986
945,288,1.05
954,288,1.015
963,288,1.185
972,288,-1.045
981,288,-0.915
990,288,-1.075
999,288,-1.04
1008,288,-0.91
1017,288,-0.791
1026,288,-0.848
1035,288,-0.907
1044,288,-0.875
1053,288,-0.759
1062,288,-0.815
1071,288,-0.703
1080,288,-0.677
1089,288,-0.728
1098,288,-0.625
1107,288,-0.6
1116,288,-0.648
1125,288,-0.552
1134,288,-0.465
1143,288,-0.506
1152,288,-0.549
1161,288,-0.526
1170,288,-0.442
1179,288,-0.422
1188,288,-0.524
1197,288,-0.569
1206,288,-0.695
1215,288,-0.668
1224,288,-0.808
1233,288,-0.967
1242,288,-1.146
1251,288,-1.004
1260,288,-0.971
1269,288,-1.042
1278,288,-1.233
1287,288,-1.196
1296,288,-1.047
1305,288,-1.124
1314,288,-1.205
1323,288,-1.291
1332,288,-1.253
1341,288,-1.216
1350,288,-1.063
1359,288,-1.028
1368,288,-0.889
1377,288,-0.761
1386,288,-1.038
1395,288,-0.896
1404,288,-1.338
1413,288,-1.3
1422,288,-1.399
1431,288,-1.36
1440,288,-1.321
1449,288,-1.283
1458,288,-1.115
1467,288,-1.079
1476,288,-1.307
1485,288,-1.568
1494,288,-1.527
1503,288,-1.487
1512,288,-1.296
1521,288,-1.407
1530,288,-1.367
1539,288,-1.182
1548,288,-1.144
1557,288,-0.975
1566,288,-0.94
1575,288,-0.905
1584,288,-0.871
1593,288,-0.837
1602,288,-0.803
1611,288,-0.769
1620,288,-0.736
1629,288,-1.097
1638,288,-1.059
1647,288,-0.881
1656,288,-0.845
1665,288,-0.809
1674,288,-0.774
1683,288,-0.874
1692,288,-0.986
1701,288,-0.8
1710,288,-0.91
1719,288,-0.728
1728,288,-0.691
1737,288,-0.655
1746,288,-0.498
1755,288,-0.364
1764,288,-0.334
1773,288,-0.397
1782,288,-0.274
1791,288,-0.331
1800,288,-0.217
1809,288,-0.13
1818,288,-0.108
1827,288,-0.087
1836,288,-0.111
1845,288,-0.051
1854,288,-0.065
1863,288,-0.084
1872,288,-0.323
1881,288,-0.269
1890,288,-0.209
1899,288,-0.321
1908,288,-0.223
1917,288,0
9,297,-0
18,297,0.021
27,297,0.028
36,297,0.007
45,297,0.029
54,297,0.063
63,297,0.106
72,297,0.092
81,297,0.135
90,297,0.267
99,297,0.328
108,297,0.289
117,297,0.346
126,297,0.308
135,297,0.202
144,297,0.128
153,297,0.114
162,297,0.263
171,297,0.237
180,297,0.214
189,297,0.193
198,297,0.23
207,297,0.158
216,297,0.189
225,297,0.172
234,297,0.156
243,297,0.107
252,297,0.129
261,297,0.154
270,297,0.181
279,297,0.21
288,297,0.193
297,297,0.222
306,297,0.162
315,297,0.149
324,297,0.106
333,297,0.096
342,297,0.088
351,297,0.06
360,297,0.073
369,297,0.05
378,297,0.061
387,297,0.073
396,297,0.087
405,297,0.102
414,297,0.073
423,297,0.086
432,297,0.061
441,297,0.042
450,297,0.05
459,297,0.06
468,297,0.071
477,297,0.084
486,297,0.097
495,297,0.112
504,297,0.158
513,297,0.119
522,297,0.11
531,297,0.102
540,297,0.174
549,297,0.133
558,297,0.1
567,297,0.114
576,297,0.158
585,297,0.178
594,297,0.136
603,297,0.185
612,297,0.245
621,297,0.23
630,297,0.215
639,297,0.201
648,297,0.223
657,297,0.29
666,297,0.232
675,297,0.217
684,297,0.171
693,297,0.225
702,297,0.211
711,297,0.198
720,297,0.219
729,297,0.242
738,297,0.192
747,297,0.213
756,297,0.235
765,297,0.187
774,297,0.243
783,297,0.229
792,297,0.252
801,297,0.236
810,297,0.222
819,297,0.285
828,297,0.269
837,297,0.253
846,297,0.422
855,297,0.457
864,297,0.434
873,297,0.469
882,297,0.57
891,297,0.763
900,297,1.092
909,297,0.955
918,297,0.918
927,297,1.176
936,297,1.134
945,297,1.198
954,297,1.156
963,297,1.333
972,297,-1.179
981,297,-1.036
990,297,-1.202
999,297,-1.161
1008,297,-1.019
1017,297,-0.889
1026,297,-0.945
1035,297,-1.003
1044,297,-0.966
1053,297,-0.84
1062,297,-0.895
1071,297,-0.775
1080,297,-0.743
1089,297,-0.794
1098,297,-0.682
1107,297,-0.653
1116,297,-0.781
1125,297,-0.671
1134,297,-0.57
1143,297,-0.614
1152,297,-0.659
1161,297,-0.63
1170,297,-0.534
1179,297,-0.508
1188,297,-0.62
1197,297,-0.666
1206,297,-0.8
1215,297,-0.767
1224,297,-0.915
1233,297,-1.08
1242,297,-1.265
1251,297,-1.11
1260,297,-1.071
1269,297,-1.142
1278,297,-1.336
1287,297,-1.293
1296,297,-1.135
1305,297,-1.21
1314,297,-1.289
1323,297,-1.372
1332,297,-1.328
1341,297,-1.286
1350,297,-1.124
1359,297,-1.084
1368,297,-0.937
1377,297,-0.803
1386,297,-1.081
1395,297,-0.932
1404,297,-1.373
1413,297,-1.329
1422,297,-1.422
1431,297,-1.378
1440,297,-1.334
1449,297,-1.29
1458,297,-1.119
1467,297,-1.078
1476,297,-1.297
1485,297,-1.547
1494,297,-1.66
1503,297,-1.781
1512,297,-1.565
1521,297,-1.684
1530,297,-1.637
1539,297,-1.426
1548,297,-1.381
1557,297,-1.188
1566,297,-1.145
1575,297,-1.103
1584,297,-1.061
1593,297,-1.019
1602,297,-0.978
1611,297,-0.937
1620,297,-0.896
1629,297,-1.294
1638,297,-1.249
1647,297,-1.048
1656,297,-1.005
1665,297,-0.962
1674,297,-0.92
1683,297,-1.026
1692,297,-1.146
1701,297,-0.939
1710,297,-1.055
1719,297,-0.852
1728,297,-0.809
1737,297,-0.765
1746,297,-0.589
1755,297,-0.437
1764,297,-0.4
1773,297,-0.469
1782,297,-0.329
1791,297,-0.391
1800,297,-0.26
1809,297,-0.159
1818,297,-0.132
1827,297,-0.107
1836,297,-0.133
1845,297,-0.063
1854,297,-0.078
1863,297,-0.099
1872,297,-0.357
1881,297,-0.295
1890,297,-0.229
1899,297,-0.342
1908,297,-0.235
1917,297,0
9,306,-0
18,306,0.019
27,306,0.024
36,306,0.006
45,306,0.025
54,306,0.053
63,306,0.09
72,306,0.077
81,306,0.114
90,306,0.23
99,306,0.282
108,306,0.245
117,306,0.294
126,306,0.258
135,306,0.164
144,306,0.101
153,306,0.089
162,306,0.213
171,306,0.19
180,306,0.169
189,306,0.151
198,306,0.18
207,306,0.12
216,306,0.144
225,306,0.129
234,306,0.116
243,306,0.076
252,306,0.093
261,306,0.112
270,306,0.132
279,306,0.154
288,306,0.14
297,306,0.162
306,306,0.114
315,306,0.103
324,306,0.071
333,306,0.064
342,306,0.057
351,306,0.038
360,306,0.046
369,306,0.03
378,306,0.037
387,306,0.045
396,306,0.054
405,306,0.064
414,306,0.044
423,306,0.052
432,306,0.035
441,306,0.023
450,306,0.038
459,306,0.045
468,306,0.054
477,306,0.063
486,306,0.073
495,306,0.085
504,306,0.121
513,306,0.089
522,306,0.101
531,306,0.093
540,306,0.159
549,306,0.119
558,306,0.088
567,306,0.1
576,306,0.168
585,306,0.187
594,306,0.144
603,306,0.192
612,306,0.251
621,306,0.234
630,306,0.217
639,306,0.202
648,306,0.223
657,306,0.286
666,306,0.228
675,306,0.212
684,306,0.166
693,306,0.217
702,306,0.202
711,306,0.188
720,306,0.207
729,306,0.227
738,306,0.179
747,306,0.197
756,306,0.216
765,306,0.17
774,306,0.221
783,306,0.206
792,306,0.225
801,306,0.246
810,306,0.23
819,306,0.292
828,306,0.273
837,306,0.256
846,306,0.422
855,306,0.454
864,306,0.429
873,306,0.46
882,306,0.557
891,306,0.741
900,306,1.056
909,306,0.92
918,306,0.881
927,306,1.124
936,306,1.08
945,306,1.137
954,306,1.092
963,306,1.257
972,306,-1.105
981,306,-0.966
990,306,-1.119
999,306,-1.075
1008,306,-0.938
1017,306,-0.813
1026,306,-0.951
1035,306,-1.005
1044,306,-0.965
1053,306,-0.836
1062,306,-0.886
1071,306,-0.765
1080,306,-0.731
1089,306,-0.777
1098,306,-0.665
1107,306,-0.634
1116,306,-0.754
1125,306,-0.644
1134,306,-0.545
1143,306,-0.583
1152,306,-0.699
1161,306,-0.666
1170,306,-0.564
1179,306,-0.535
1188,306,-0.646
1197,306,-0.771
1206,306,-0.912
1215,306,-0.873
1224,306,-1.027
1233,306,-1.198
1242,306,-1.387
1251,306,-1.221
1260,306,-1.176
1269,306,-1.245
1278,306,-1.443
1287,306,-1.393
1296,306,-1.224
1305,306,-1.423
1314,306,-1.505
1323,306,-1.59
1332,306,-1.539
1341,306,-1.487
1350,306,-1.308
1359,306,-1.261
1368,306,-1.097
1377,306,-0.946
1386,306,-1.244
1395,306,-1.079
1404,306,-1.549
1413,306,-1.497
1422,306,-1.591
1431,306,-1.539
1440,306,-1.487
1449,306,-1.437
1458,306,-1.25
1467,306,-1.203
1476,306,-1.429
1485,306,-1.685
1494,306,-1.797
1503,306,-1.917
1512,306,-1.688
1521,306,-1.805
1530,306,-1.749
1539,306,-1.527
1548,306,-1.475
1557,306,-1.27
1566,306,-1.221
1575,306,-1.172
1584,306,-1.124
1593,306,-1.076
1602,306,-1.029
1611,306,-0.983
1620,306,-0.937
1629,306,-1.333
1638,306,-1.281
1647,306,-1.074
1656,306,-1.025
1665,306,-0.977
1674,306,-0.929
1683,306,-1.028
1692,306,-1.14
1701,306,-1.088
1710,306,-1.211
1719,306,-0.986
1728,306,-0.935
1737,306,-0.885
1746,306,-0.688
1755,306,-0.517
1764,306,-0.474
1773,306,-0.548
1782,306,-0.389
1791,306,-0.456
1800,306,-0.308
1809,306,-0.192
1818,306,-0.16
1827,306,-0.13
1836,306,-0.158
1845,306,-0.076
1854,306,-0.093
1863,306,-0.115
1872,306,-0.392
1881,306,-0.323
1890,306,-0.249
1899,306,-0.363
1908,306,-0.247
1917,306,0
9,315,-0
18,315,0.085
27,315,0.073
36,315,0.022
45,315,0.053
54,315,0.092
63,315,0.136
72,315,0.113
81,315,0.153
90,315,0.283
99,315,0.334
108,315,0.288
117,315,0.336
126,315,0.292
135,315,0.187
144,315,0.115
153,315,0.1
162,315,0.229
171,315,0.202
180,315,0.178
189,315,0.157
198,315,0.184
207,315,0.122
216,315,0.145
225,315,0.128
234,315,0.114
243,315,0.074
252,315,0.089
261,315,0.106
270,315,0.161
279,315,0.184
288,315,0.165
297,315,0.234
306,315,0.17
315,315,0.153
324,315,0.108
333,315,0.096
342,315,0.086
351,315,0.058
360,315,0.069
369,315,0.046
378,315,0.055
387,315,0.064
396,315,0.075
405,315,0.087
414,315,0.06
423,315,0.07
432,315,0.048
441,315,0.032
450,315,0.05
459,315,0.058
468,315,0.067
477,315,0.077
486,315,0.088
495,315,0.1
504,315,0.139
513,315,0.103
522,315,0.116
531,315,0.105
540,315,0.175
549,315,0.132
558,315,0.097
567,315,0.109
576,315,0.179
585,315,0.197
594,315,0.151
603,315,0.199
612,315,0.257
621,315,0.238
630,315,0.22
639,315,0.203
648,315,0.222
657,315,0.282
666,315,0.224
675,315,0.207
684,315,0.161
693,315,0.209
702,315,0.193
711,315,0.178
720,315,0.195
729,315,0.212
738,315,0.166
747,315,0.182
756,315,0.198
765,315,0.154
774,315,0.2
783,315,0.185
792,315,0.202
801,315,0.219
810,315,0.203
819,315,0.258
828,315,0.24
837,315,0.222
846,315,0.37
855,315,0.397
864,315,0.372
873,315,0.399
882,315,0.483
891,315,0.646
900,315,0.929
909,315,0.802
918,315,0.763
927,315,0.98
936,315,0.936
945,315,0.983
954,315,0.94
963,315,1.084
972,315,-0.944
981,315,-0.815
990,315,-0.948
999,315,-0.905
1008,315,-0.78
1017,315,-0.667
1026,315,-0.868
1035,315,-0.915
1044,315,-0.873
1053,315,-0.751
1062,315,-0.794
1071,315,-0.679
1080,315,-0.799
1089,315,-0.843
1098,315,-0.723
1107,315,-0.687
1116,315,-0.809
1125,315,-0.692
1134,315,-0.586
1143,315,-0.623
1152,315,-0.739
1161,315,-0.702
1170,315,-0.595
1179,315,-0.563
1188,315,-0.672
1197,315,-0.796
1206,315,-0.933
1215,315,-0.891
1224,315,-1.041
1233,315,-1.206
1242,315,-1.389
1251,315,-1.219
1260,315,-1.17
1269,315,-1.233
1278,315,-1.422
1287,315,-1.369
1296,315,-1.199
1305,315,-1.387
1314,315,-1.461
1323,315,-1.538
1332,315,-1.482
1341,315,-1.427
1350,315,-1.249
1359,315,-1.198
1368,315,-1.037
1377,315,-0.889
1386,315,-1.167
1395,315,-1.006
1404,315,-1.443
1413,315,-1.389
1422,315,-1.471
1431,315,-1.415
1440,315,-1.36
1449,315,-1.307
1458,315,-1.128
1467,315,-1.078
1476,315,-1.28
1485,315,-1.508
1494,315,-1.604
1503,315,-1.705
1512,315,-1.487
1521,315,-1.586
1530,315,-1.527
1539,315,-1.318
1548,315,-1.263
1557,315,-1.074
1566,315,-1.023
1575,315,-0.973
1584,315,-0.924
1593,315,-0.876
1602,315,-0.828
1611,315,-0.781
1620,315,-0.736
1629,315,-1.063
1638,315,-1.009
1647,315,-0.827
1656,315,-0.778
1665,315,-0.73
1674,315,-0.683
1683,315,-0.754
1692,315,-0.833
1701,315,-0.782
1710,315,-0.867
1719,315,-0.681
1728,315,-0.631
1737,315,-0.583
1746,315,-0.43
1755,315,-0.303
1764,315,-0.267
1773,315,-0.397
1782,315,-0.268
1791,315,-0.31
1800,315,-0.196
1809,315,-0.112
1818,315,-0.087
1827,315,-0.066
1836,315,-0.078
1845,315,-0.031
1854,315,-0.065
1863,315,-0.077
1872,315,-0.272
1881,315,-0.206
1890,315,-0.14
1899,315,-0.181
1908,315,-0.082
1917,315,0
9,324,-0
18,324,0.078
27,324,0.065
36,324,0.019
45,324,0.046
54,324,0.079
63,324,0.117
72,324,0.096
81,324,0.13
90,324,0.244
99,324,0.289
108,324,0.245
117,324,0.286
126,324,0.245
135,324,0.152
144,324,0.091
153,324,0.078
162,324,0.185
171,324,0.16
180,324,0.14
189,324,0.121
198,324,0.143
207,324,0.092
216,324,0.109
225,324,0.095
234,324,0.083
243,324,0.052
252,324,0.063
261,324,0.075
270,324,0.152
279,324,0.172
288,324,0.153
297,324,0.216
306,324,0.154
315,324,0.138
324,324,0.095
333,324,0.084
342,324,0.075
351,324,0.049
360,324,0.058
369,324,0.038
378,324,0.045
387,324,0.053
396,324,0.061
405,324,0.07
414,324,0.048
423,324,0.055
432,324,0.037
441,324,0.024
450,324,0.038
459,324,0.044
468,324,0.066
477,324,0.075
486,324,0.084
495,324,0.118
504,324,0.159
513,324,0.118
522,324,0.159
531,324,0.145
540,324,0.228
549,324,0.208
558,324,0.159
567,324,0.174
576,324,0.265
585,324,0.286
594,324,0.224
603,324,0.284
612,324,0.354
621,324,0.328
630,324,0.304
639,324,0.281
648,324,0.302
657,324,0.373
666,324,0.3
675,324,0.277
684,324,0.219
693,324,0.276
702,324,0.255
711,324,0.235
720,324,0.253
729,324,0.272
738,324,0.215
747,324,0.232
756,324,0.25
765,324,0.231
774,324,0.288
783,324,0.267
792,324,0.287
801,324,0.307
810,324,0.285
819,324,0.35
828,324,0.326
837,324,0.303
846,324,0.478
855,324,0.506
864,324,0.475
873,324,0.503
882,324,0.597
891,324,0.777
900,324,1.085
909,324,0.942
918,324,0.896
927,324,1.127
936,324,1.075
945,324,1.122
954,324,1.071
963,324,1.221
972,324,-1.067
981,324,-0.926
990,324,-1.064
999,324,-1.111
1008,324,-0.967
1017,324,-0.834
1026,324,-1.058
1035,324,-1.106
1044,324,-1.056
1053,324,-0.915
1062,324,-0.96
1071,324,-0.827
1080,324,-0.958
1089,324,-1.004
1098,324,-0.867
1107,324,-0.824
1116,324,-0.955
1125,324,-0.823
1134,324,-0.702
1143,324,-0.74
1152,324,-0.864
1161,324,-0.821
1170,324,-0.7
1179,324,-0.662
1188,324,-0.778
1197,324,-0.908
1206,324,-1.052
1215,324,-1.004
1224,324,-1.158
1233,324,-1.328
1242,324,-1.515
1251,324,-1.333
1260,324,-1.396
1269,324,-1.462
1278,324,-1.664
1287,324,-1.601
1296,324,-1.411
1305,324,-1.611
1314,324,-1.687
1323,324,-1.765
1332,324,-1.7
1341,324,-1.636
1350,324,-1.439
1359,324,-1.38
1368,324,-1.201
1377,324,-1.036
1386,324,-1.334
1395,324,-1.156
1404,324,-1.62
1413,324,-1.557
1422,324,-1.639
1431,324,-1.575
1440,324,-1.513
1449,324,-1.451
1458,324,-1.257
1467,324,-1.201
1476,324,-1.409
1485,324,-1.643
1494,324,-1.737
1503,324,-1.836
1512,324,-1.605
1521,324,-1.701
1530,324,-1.635
1539,324,-1.414
1548,324,-1.352
1557,324,-1.151
1566,324,-1.094
1575,324,-1.038
1584,324,-0.983
1593,324,-0.929
1602,324,-0.876
1611,324,-0.824
1620,324,-0.89
1629,324,-1.249
1638,324,-1.187
1647,324,-0.983
1656,324,-0.925
1665,324,-0.869
1674,324,-0.814
1683,324,-0.889
1692,324,-0.973
1701,324,-0.913
1710,324,-1.003
1719,324,-0.796
1728,324,-0.738
1737,324,-0.682
1746,324,-0.51
1755,324,-0.365
1764,324,-0.322
1773,324,-0.466
1782,324,-0.32
1791,324,-0.365
1800,324,-0.235
1809,324,-0.137
1818,324,-0.108
1827,324,-0.081
1836,324,-0.094
1845,324,-0.039
1854,324,-0.078
1863,324,-0.091
1872,324,-0.301
1881,324,-0.228
1890,324,-0.154
1899,324,-0.195
1908,324,-0.088
1917,324,0
9,333,-0
18,333,0.072
27,333,0.059
36,333,0.016
45,333,0.039
54,333,0.068
63,333,0.101
72,333,0.081
81,333,0.11
90,333,0.21
99,333,0.248
108,333,0.207
117,333,0.242
126,333,0.205
135,333,0.123
144,333,0.071
153,333,0.059
162,333,0.148
171,333,0.126
180,333,0.108
189,333,0.092
198,333,0.109
207,333,0.094
216,333,0.11
225,333,0.095
234,333,0.082
243,333,0.051
252,333,0.061
261,333,0.072
270,333,0.143
279,333,0.161
288,333,0.142
297,333,0.199
306,333,0.14
315,333,0.124
324,333,0.084
333,333,0.074
342,333,0.064
351,333,0.042
360,333,0.049
369,333,0.031
378,333,0.037
387,333,0.043
396,333,0.049
405,333,0.057
414,333,0.037
423,333,0.043
432,333,0.028
441,333,0.018
450,333,0.028
459,333,0.033
468,333,0.049
477,333,0.056
486,333,0.063
495,333,0.089
504,333,0.123
513,333,0.088
522,333,0.121
531,333,0.108
540,333,0.175
549,333,0.158
558,333,0.117
567,333,0.128
576,333,0.201
585,333,0.217
594,333,0.166
603,333,0.213
612,333,0.268
621,333,0.245
630,333,0.224
639,333,0.205
648,333,0.22
657,333,0.276
666,333,0.216
675,333,0.198
684,333,0.151
693,333,0.194
702,333,0.177
711,333,0.161
720,333,0.174
729,333,0.187
738,333,0.143
747,333,0.155
756,333,0.167
765,333,0.152
774,333,0.193
783,333,0.177
792,333,0.19
801,333,0.238
810,333,0.218
819,333,0.27
828,333,0.249
837,333,0.229
846,333,0.371
855,333,0.393
864,333,0.365
873,333,0.386
882,333,0.462
891,333,0.612
900,333,0.872
909,333,0.746
918,333,0.704
927,333,0.898
936,333,0.85
945,333,0.886
954,333,0.839
963,333,0.963
972,333,-0.829
981,333,-0.784
990,333,-0.903
999,333,-0.941
1008,333,-0.809
1017,333,-0.689
1026,333,-0.882
1035,333,-0.921
1044,333,-0.873
1053,333,-0.747
1062,333,-0.782
1071,333,-0.664
1080,333,-0.773
1089,333,-0.809
1098,333,-0.688
1107,333,-0.648
1116,333,-0.756
1125,333,-0.641
1134,333,-0.537
1143,333,-0.565
1152,333,-0.665
1161,333,-0.626
1170,333,-0.523
1179,333,-0.489
1188,333,-0.651
1197,333,-0.762
1206,333,-0.885
1215,333,-0.838
1224,333,-1.068
1233,333,-1.223
1242,333,-1.393
1251,333,-1.218
1260,333,-1.271
1269,333,-1.327
1278,333,-1.509
1287,333,-1.445
1296,333,-1.263
1305,333,-1.443
1314,333,-1.506
1323,333,-1.572
1332,333,-1.506
1341,333,-1.441
1350,333,-1.256
1359,333,-1.197
1368,333,-1.139
1377,333,-0.977
1386,333,-1.254
1395,333,-1.081
1404,333,-1.514
1413,333,-1.449
1422,333,-1.519
1431,333,-1.453
1440,333,-1.388
1449,333,-1.324
1458,333,-1.138
1467,333,-1.079
1476,333,-1.266
1485,333,-1.475
1494,333,-1.554
1503,333,-1.637
1512,333,-1.418
1521,333,-1.497
1530,333,-1.429
1539,333,-1.222
1548,333,-1.159
1557,333,-0.974
1566,333,-0.916
1575,333,-0.978
1584,333,-0.92
1593,333,-0.863
1602,333,-0.808
1611,333,-0.754
1620,333,-0.81
1629,333,-1.137
1638,333,-1.072
1647,333,-0.877
1656,333,-0.818
1665,333,-0.76
1674,333,-0.704
1683,333,-0.765
1692,333,-0.832
1701,333,-0.771
1710,333,-0.842
1719,333,-0.653
1728,333,-0.596
1737,333,-0.657
1746,333,-0.487
1755,333,-0.344
1764,333,-0.3
1773,333,-0.43
1782,333,-0.289
1791,333,-0.326
1800,333,-0.204
1809,333,-0.115
1818,333,-0.088
1827,333,-0.064
1836,333,-0.072
1845,333,-0.027
1854,333,-0.092
1863,333,-0.105
1872,333,-0.331
1881,333,-0.25
1890,333,-0.17
1899,333,-0.21
1908,333,-0.094
1917,333,0
9,342,-0
18,342,0.066
27,342,0.053
36,342,0.014
45,342,0.034
54,342,0.059
63,342,0.087
72,342,0.068
81,342,0.093
90,342,0.18
99,342,0.212
108,342,0.175
117,342,0.204
126,342,0.17
135,342,0.099
144,342,0.055
153,342,0.045
162,342,0.117
171,342,0.098
180,342,0.083
189,342,0.069
198,342,0.082
207,342,0.096
216,342,0.111
225,342,0.095
234,342,0.081
243,342,0.05
252,342,0.059
261,342,0.068
270,342,0.135
279,342,0.151
288,342,0.131
297,342,0.184
306,342,0.128
315,342,0.111
324,342,0.075
333,342,0.064
342,342,0.055
351,342,0.035
360,342,0.041
369,342,0.026
378,342,0.03
387,342,0.035
396,342,0.04
405,342,0.045
414,342,0.029
423,342,0.034
432,342,0.021
441,342,0.013
450,342,0.021
459,342,0.024
468,342,0.037
477,342,0.042
486,342,0.047
495,342,0.067
504,342,0.093
513,342,0.065
522,342,0.09
531,342,0.08
540,342,0.132
549,342,0.118
558,342,0.105
567,342,0.114
576,342,0.179
585,342,0.192
594,342,0.145
603,342,0.186
612,342,0.234
621,342,0.212
630,342,0.193
639,342,0.174
648,342,0.186
657,342,0.234
666,342,0.181
675,342,0.163
684,342,0.123
693,342,0.158
702,342,0.142
711,342,0.128
720,342,0.164
729,342,0.175
738,342,0.133
747,342,0.143
756,342,0.153
765,342,0.138
774,342,0.175
783,342,0.159
792,342,0.17
801,342,0.212
810,342,0.225
819,342,0.277
828,342,0.254
837,342,0.232
846,342,0.372
855,342,0.391
864,342,0.411
873,342,0.431
882,342,0.509
891,342,0.664
900,342,0.93
909,342,0.796
918,342,0.749
927,342,0.945
936,342,0.892
945,342,0.926
954,342,0.875
963,342,0.996
972,342,-0.857
981,342,-0.808
990,342,-0.924
999,342,-0.959
1008,342,-0.823
1017,342,-0.7
1026,342,-0.89
1035,342,-0.924
1044,342,-0.873
1053,342,-0.745
1062,342,-0.776
1071,342,-0.657
1080,342,-0.761
1089,342,-0.793
1098,342,-0.672
1107,342,-0.63
1116,342,-0.732
1125,342,-0.617
1134,342,-0.514
1143,342,-0.539
1152,342,-0.632
1161,342,-0.591
1170,342,-0.49
1179,342,-0.456
1188,342,-0.606
1197,342,-0.707
1206,342,-0.82
1215,342,-0.772
1224,342,-0.984
1233,342,-1.125
1242,342,-1.28
1251,342,-1.111
1260,342,-1.156
1269,342,-1.203
1278,342,-1.368
1287,342,-1.302
1296,342,-1.129
1305,342,-1.289
1314,342,-1.342
1323,342,-1.397
1332,342,-1.33
1341,342,-1.265
1350,342,-1.092
1359,342,-1.033
1368,342,-0.976
1377,342,-0.826
1386,342,-1.18
1395,342,-1.118
1404,342,-1.55
1413,342,-1.479
1422,342,-1.544
1431,342,-1.472
1440,342,-1.402
1449,342,-1.333
1458,342,-1.143
1467,342,-1.08
1476,342,-1.259
1485,342,-1.459
1494,342,-1.531
1503,342,-1.606
1512,342,-1.385
1521,342,-1.457
1530,342,-1.384
1539,342,-1.178
1548,342,-1.111
1557,342,-0.928
1566,342,-0.868
1575,342,-0.921
1584,342,-0.861
1593,342,-0.802
1602,342,-0.745
1611,342,-0.689
1620,342,-0.736
1629,342,-1.034
1638,342,-0.967
1647,342,-0.781
1656,342,-0.721
1665,342,-0.663
1674,342,-0.607
1683,342,-0.655
1692,342,-0.708
1701,342,-0.647
1710,342,-0.702
1719,342,-0.532
1728,342,-0.477
1737,342,-0.521
1746,342,-0.571
1755,342,-0.41
1764,342,-0.358
1773,342,-0.501
1782,342,-0.343
1791,342,-0.382
1800,342,-0.243
1809,342,-0.14
1818,342,-0.107
1827,342,-0.078
1836,342,-0.087
1845,342,-0.034
1854,342,-0.108
1863,342,-0.122
1872,342,-0.363
1881,342,-0.274
1890,342,-0.185
1899,342,-0.225
1908,342,-0.1
1917,342,0
9,351,-0
18,351,0.061
27,351,0.047
36,351,0.012
45,351,0.029
54,351,0.05
63,351,0.074
72,351,0.057
81,351,0.078
90,351,0.153
99,351,0.18
108,351,0.146
117,351,0.17
126,351,0.14
135,351,0.078
144,351,0.042
153,351,0.034
162,351,0.091
171,351,0.075
180,351,0.062
189,351,0.051
198,351,0.061
207,351,0.071
216,351,0.083
225,351,0.069
234,351,0.058
243,351,0.034
252,351,0.056
261,351,0.065
270,351,0.127
279,351,0.141
288,351,0.122
297,351,0.169
306,351,0.116
315,351,0.1
324,351,0.066
333,351,0.056
342,351,0.048
351,351,0.03
360,351,0.034
369,351,0.021
378,351,0.024
387,351,0.028
396,351,0.032
405,351,0.036
414,351,0.023
423,351,0.026
432,351,0.016
441,351,0.009
450,351,0.021
459,351,0.024
468,351,0.036
477,351,0.04
486,351,0.045
495,351,0.063
504,351,0.087
513,351,0.06
522,351,0.083
531,351,0.09
540,351,0.145
549,351,0.129
558,351,0.114
567,351,0.123
576,351,0.189
585,351,0.201
594,351,0.151
603,351,0.192
612,351,0.239
621,351,0.216
630,351,0.195
639,351,0.175
648,351,0.186
657,351,0.231
666,351,0.178
675,351,0.16
684,351,0.119
693,351,0.152
702,351,0.136
711,351,0.122
720,351,0.155
729,351,0.164
738,351,0.124
747,351,0.132
756,351,0.141
765,351,0.126
774,351,0.159
783,351,0.143
792,351,0.152
801,351,0.189
810,351,0.2
819,351,0.245
828,351,0.223
837,351,0.202
846,351,0.327
855,351,0.342
864,351,0.358
873,351,0.375
882,351,0.443
891,351,0.581
900,351,0.82
909,351,0.695
918,351,0.65
927,351,0.824
936,351,0.773
945,351,0.8
954,351,0.75
963,351,0.856
972,351,-0.804
981,351,-0.755
990,351,-0.861
999,351,-0.977
1008,351,-0.838
1017,351,-0.712
1026,351,-0.897
1035,351,-0.928
1044,351,-0.873
1053,351,-0.743
1062,351,-0.771
1071,351,-0.722
1080,351,-0.828
1089,351,-0.858
1098,351,-0.806
1107,351,-0.756
1116,351,-0.866
1125,351,-0.736
1134,351,-0.618
1143,351,-0.643
1152,351,-0.743
1161,351,-0.695
1170,351,-0.582
1179,351,-0.541
1188,351,-0.703
1197,351,-0.81
1206,351,-0.928
1215,351,-0.873
1224,351,-1.096
1233,351,-1.241
1242,351,-1.398
1251,351,-1.217
1260,351,-1.26
1269,351,-1.305
1278,351,-1.471
1287,351,-1.399
1296,351,-1.215
1305,351,-1.376
1314,351,-1.426
1323,351,-1.477
1332,351,-1.405
1341,351,-1.333
1350,351,-1.151
1359,351,-1.087
1368,351,-1.025
1377,351,-0.868
1386,351,-1.224
1395,351,-1.156
1404,351,-1.586
1413,351,-1.509
1422,351,-1.569
1431,351,-1.492
1440,351,-1.416
1449,351,-1.342
1458,351,-1.149
1467,351,-1.2
1476,351,-1.384
1485,351,-1.589
1494,351,-1.658
1503,351,-1.731
1512,351,-1.497
1521,351,-1.565
1530,351,-1.485
1539,351,-1.266
1548,351,-1.193
1557,351,-0.998
1566,351,-0.932
1575,351,-0.983
1584,351,-0.916
1593,351,-0.852
1602,351,-0.789
1611,351,-0.728
1620,351,-0.773
1629,351,-1.071
1638,351,-0.998
1647,351,-0.805
1656,351,-0.74
1665,351,-0.678
1674,351,-0.617
1683,351,-0.661
1692,351,-0.709
1701,351,-0.644
1710,351,-0.694
1719,351,-0.628
1728,351,-0.564
1737,351,-0.611
1746,351,-0.664
1755,351,-0.483
1764,351,-0.423
1773,351,-0.578
1782,351,-0.401
1791,351,-0.442
1800,351,-0.287
1809,351,-0.169
1818,351,-0.13
1827,351,-0.095
1836,351,-0.104
1845,351,-0.042
1854,351,-0.126
1863,351,-0.139
1872,351,-0.397
1881,351,-0.299
1890,351,-0.202
1899,351,-0.24
1908,351,-0.107
1917,351,0
9,360,-0
18,360,0.164
27,360,0.11
36,360,0.032
45,360,0.057
54,360,0.084
63,360,0.111
72,360,0.139
81,360,0.166
90,360,0.273
99,360,0.301
108,360,0.244
117,360,0.27
126,360,0.222
135,360,0.131
144,360,0.074
153,360,0.06
162,360,0.186
171,360,0.155
180,360,0.129
189,360,0.107
198,360,0.12
207,360,0.134
216,360,0.148
225,360,0.125
234,360,0.105
243,360,0.065
252,360,0.099
261,360,0.109
270,360,0.194
279,360,0.208
288,360,0.18
297,360,0.239
306,360,0.168
315,360,0.145
324,360,0.099
333,360,0.084
342,360,0.072
351,360,0.046
360,360,0.051
369,360,0.032
378,360,0.036
387,360,0.041
396,360,0.045
405,360,0.05
414,360,0.043
423,360,0.047
432,360,0.03
441,360,0.019
450,360,0.037
459,360,0.041
468,360,0.074
477,360,0.081
486,360,0.108
495,360,0.141
504,360,0.18
513,360,0.132
522,360,0.17
531,360,0.18
540,360,0.264
549,360,0.237
558,360,0.212
567,360,0.223
576,360,0.318
585,360,0.332
594,360,0.259
603,360,0.314
612,360,0.377
621,360,0.343
630,360,0.311
639,360,0.281
648,360,0.294
657,360,0.353
666,360,0.279
675,360,0.252
684,360,0.194
693,360,0.238
702,360,0.215
711,360,0.193
720,360,0.236
729,360,0.247
738,360,0.191
747,360,0.201
756,360,0.211
765,360,0.19
774,360,0.232
783,360,0.243
792,360,0.254
801,360,0.305
810,360,0.318
819,360,0.377
828,360,0.345
837,360,0.315
846,360,0.476
855,360,0.493
864,360,0.511
873,360,0.529
882,360,0.61
891,360,0.773
900,360,1.049
909,360,0.901
918,360,0.844
927,360,1.136
936,360,1.07
945,360,1.099
954,360,1.035
963,360,1.159
972,360,-1.093
981,360,-1.029
990,360,-1.153
999,360,-1.286
1008,360,-1.117
1017,360,-0.963
1026,360,-1.179
1035,360,-1.212
1044,360,-1.144
1053,360,-0.987
1062,360,-1.016
1071,360,-0.956
1080,360,-1.076
1089,360,-1.107
1098,360,-1.043
1107,360,-0.982
1116,360,-1.106
1125,360,-0.951
1134,360,-0.81
1143,360,-0.837
1152,360,-0.95
1161,360,-0.892
1170,360,-0.756
1179,360,-0.705
1188,360,-0.891
1197,360,-1.011
1206,360,-1.141
1215,360,-1.076
1224,360,-1.321
1233,360,-1.478
1242,360,-1.647
1251,360,-1.444
1260,360,-1.487
1269,360,-1.532
1278,360,-1.708
1287,360,-1.625
1296,360,-1.421
1305,360,-1.592
1314,360,-1.641
1323,360,-1.692
1332,360,-1.609
1341,360,-1.528
1350,360,-1.327
1359,360,-1.254
1368,360,-1.182
1377,360,-1.008
1386,360,-1.388
1395,360,-1.312
1404,360,-1.765
1413,360,-1.679
1422,360,-1.737
1431,360,-1.651
1440,360,-1.567
1449,360,-1.484
1458,360,-1.275
1467,360,-1.325
1476,360,-1.514
1485,360,-1.722
1494,360,-1.789
1503,360,-1.859
1512,360,-1.611
1521,360,-1.677
1530,360,-1.589
1539,360,-1.358
1548,360,-1.277
1557,360,-1.071
1566,360,-0.998
1575,360,-1.046
1584,360,-0.974
1593,360,-0.903
1602,360,-0.834
1611,360,-0.768
1620,360,-0.809
1629,360,-1.107
1638,360,-1.029
1647,360,-0.829
1656,360,-0.76
1665,360,-0.692
1674,360,-0.628
1683,360,-0.667
1692,360,-0.71
1701,360,-0.642
1710,360,-0.685
1719,360,-0.616
1728,360,-0.549
1737,360,-0.59
1746,360,-0.635
1755,360,-0.457
1764,360,-0.396
1773,360,-0.536
1782,360,-0.366
1791,360,-0.398
1800,360,-0.252
1809,360,-0.144
1818,360,-0.107
1827,360,-0.115
1836,360,-0.124
1845,360,-0.052
1854,360,-0.145
1863,360,-0.159
1872,360,-0.432
1881,360,-0.325
1890,360,-0.22
1899,360,-0.256
1908,360,-0.113
1917,360,0
9,369,-0
18,369,0.153
27,369,0.1
36,369,0.028
45,369,0.05
54,369,0.073
63,369,0.096
72,369,0.12
81,369,0.142
90,369,0.237
99,369,0.261
108,369,0.208
117,369,0.23
126,369,0.185
135,369,0.106
144,369,0.058
153,369,0.045
162,369,0.15
171,369,0.123
180,369,0.1
189,369,0.082
198,369,0.092
207,369,0.136
216,369,0.149
225,369,0.124
234,369,0.104
243,369,0.064
252,369,0.095
261,369,0.104
270,369,0.183
279,369,0.196
288,369,0.168
297,369,0.221
306,369,0.154
315,369,0.131
324,369,0.088
333,369,0.074
342,369,0.062
351,369,0.039
360,369,0.043
369,369,0.027
378,369,0.03
387,369,0.033
396,369,0.037
405,369,0.04
414,369,0.034
423,369,0.037
432,369,0.023
441,369,0.014
450,369,0.028
459,369,0.031
468,369,0.057
477,369,0.062
486,369,0.083
495,369,0.11
504,369,0.141
513,369,0.101
522,369,0.157
531,369,0.197
540,369,0.284
549,369,0.254
558,369,0.226
567,369,0.236
576,369,0.331
585,369,0.344
594,369,0.268
603,369,0.322
612,369,0.382
621,369,0.346
630,369,0.313
639,369,0.282
648,369,0.293
657,369,0.349
666,369,0.274
675,369,0.246
684,369,0.189
693,369,0.23
702,369,0.206
711,369,0.183
720,369,0.224
729,369,0.233
738,369,0.178
747,369,0.186
756,369,0.194
765,369,0.173
774,369,0.211
783,369,0.22
792,369,0.229
801,369,0.275
810,369,0.285
819,369,0.338
828,369,0.306
837,369,0.277
846,369,0.476
855,369,0.49
864,369,0.505
873,369,0.52
882,369,0.597
891,369,0.753
900,369,1.019
909,369,0.871
918,369,0.813
927,369,1.091
936,369,1.024
945,369,1.048
954,369,0.983
963,369,1.098
972,369,-1.123
981,369,-1.055
990,369,-1.176
999,369,-1.304
1008,369,-1.132
1017,369,-0.974
1026,369,-1.185
1035,369,-1.316
1044,369,-1.241
1053,369,-1.074
1062,369,-1.1
1071,369,-1.033
1080,369,-1.154
1089,369,-1.183
1098,369,-1.113
1107,369,-1.046
1116,369,-1.169
1125,369,-1.006
1134,369,-0.858
1143,369,-0.882
1152,369,-0.994
1161,369,-0.931
1170,369,-0.789
1179,369,-0.734
1188,369,-0.92
1197,369,-1.037
1206,369,-1.164
1215,369,-1.094
1224,369,-1.335
1233,369,-1.486
1242,369,-1.648
1251,369,-1.442
1260,369,-1.48
1269,369,-1.519
1278,369,-1.687
1287,369,-1.6
1296,369,-1.395
1305,369,-1.557
1314,369,-1.599
1323,369,-1.643
1332,369,-1.557
1341,369,-1.473
1350,369,-1.273
1359,369,-1.198
1368,369,-1.124
1377,369,-0.953
1386,369,-1.312
1395,369,-1.234
1404,369,-1.659
1413,369,-1.571
1422,369,-1.62
1431,369,-1.531
1440,369,-1.445
1449,369,-1.362
1458,369,-1.16
1467,369,-1.201
1476,369,-1.37
1485,369,-1.557
1494,369,-1.612
1503,369,-1.669
1512,369,-1.433
1521,369,-1.486
1530,369,-1.542
1539,369,-1.311
1548,369,-1.227
1557,369,-1.023
1566,369,-0.948
1575,369,-0.989
1584,369,-0.914
1593,369,-0.842
1602,369,-0.772
1611,369,-0.705
1620,369,-0.739
1629,369,-1.011
1638,369,-0.931
1647,369,-0.741
1656,369,-0.672
1665,369,-0.605
1674,369,-0.542
1683,369,-0.572
1692,369,-0.604
1701,369,-0.538
1710,369,-0.57
1719,369,-0.503
1728,369,-0.44
1737,369,-0.469
1746,369,-0.5
1755,369,-0.346
1764,369,-0.291
1773,369,-0.396
1782,369,-0.256
1791,369,-0.275
1800,369,-0.161
1809,369,-0.083
1818,369,-0.087
1827,369,-0.092
1836,369,-0.096
1845,369,-0.037
1854,369,-0.106
1863,369,-0.111
1872,369,-0.309
1881,369,-0.214
1890,369,-0.238
1899,369,-0.273
1908,369,-0.12
1917,369,0
9,378,-0
18,378,0.143
27,378,0.091
36,378,0.062
45,378,0.089
54,378,0.115
63,378,0.139
72,378,0.162
81,378,0.184
90,378,0.287
99,378,0.307
108,378,0.244
117,378,0.263
126,378,0.211
135,378,0.122
144,378,0.067
153,378,0.052
162,378,0.162
171,378,0.132
180,378,0.144
189,378,0.117
198,378,0.128
207,378,0.18
216,378,0.192
225,378,0.16
234,378,0.133
243,378,0.084
252,378,0.119
261,378,0.128
270,378,0.216
279,378,0.227
288,378,0.194
297,378,0.25
306,378,0.175
315,378,0.149
324,378,0.1
333,378,0.084
342,378,0.07
351,378,0.044
360,378,0.048
369,378,0.03
378,378,0.033
387,378,0.036
396,378,0.039
405,378,0.042
414,378,0.035
423,378,0.038
432,378,0.024
441,378,0.014
450,378,0.028
459,378,0.031
468,378,0.055
477,378,0.059
486,378,0.079
495,378,0.104
504,378,0.133
513,378,0.094
522,378,0.146
531,378,0.182
540,378,0.262
549,378,0.232
558,378,0.241
567,378,0.249
576,378,0.345
585,378,0.355
594,378,0.276
603,378,0.329
612,378,0.388
621,378,0.35
630,378,0.314
639,378,0.282
648,378,0.291
657,378,0.344
666,378,0.269
675,378,0.24
684,378,0.183
693,378,0.222
702,378,0.197
711,378,0.175
720,378,0.212
729,378,0.219
738,378,0.166
747,378,0.173
756,378,0.179
765,378,0.159
774,378,0.193
783,378,0.2
792,378,0.207
801,378,0.247
810,378,0.255
819,378,0.302
828,378,0.272
837,378,0.244
846,378,0.423
855,378,0.434
864,378,0.446
873,378,0.457
882,378,0.525
891,378,0.665
900,378,0.906
909,378,0.767
918,378,0.71
927,378,0.961
936,378,0.896
945,378,0.915
954,378,0.852
963,378,0.953
972,378,-0.972
981,378,-0.907
990,378,-1.012
999,378,-1.124
1008,378,-0.965
1017,378,-0.82
1026,378,-1.005
1035,378,-1.118
1044,378,-1.047
1053,378,-0.895
1062,378,-0.914
1071,378,-0.852
1080,378,-0.955
1089,378,-0.975
1098,378,-0.996
1107,378,-0.931
1116,378,-1.04
1125,378,-0.887
1134,378,-0.749
1143,378,-0.767
1152,378,-0.865
1161,378,-0.804
1170,378,-0.673
1179,378,-0.621
1188,378,-0.783
1197,378,-0.884
1206,378,-1.087
1215,378,-1.017
1224,378,-1.241
1233,378,-1.379
1242,378,-1.527
1251,378,-1.327
1260,378,-1.473
1269,378,-1.507
1278,378,-1.667
1287,378,-1.576
1296,378,-1.488
1305,378,-1.65
1314,378,-1.688
1323,378,-1.728
1332,378,-1.635
1341,378,-1.544
1350,378,-1.336
1359,378,-1.254
1368,378,-1.287
1377,378,-1.098
1386,378,-1.48
1395,378,-1.392
1404,378,-1.84
1413,378,-1.741
1422,378,-1.788
1431,378,-1.69
1440,378,-1.595
1449,378,-1.502
1458,378,-1.286
1467,378,-1.324
1476,378,-1.498
1485,378,-1.688
1494,378,-1.74
1503,378,-1.955
1512,378,-1.692
1521,378,-1.747
1530,378,-1.804
1539,378,-1.547
1548,378,-1.451
1557,378,-1.222
1566,378,-1.136
1575,378,-1.178
1584,378,-1.092
1593,378,-1.008
1602,378,-0.927
1611,378,-0.849
1620,378,-0.884
1629,378,-1.182
1638,378,-1.091
1647,378,-0.878
1656,378,-0.799
1665,378,-0.722
1674,378,-0.648
1683,378,-0.679
1692,378,-0.713
1701,378,-0.637
1710,378,-0.67
1719,378,-0.594
1728,378,-0.521
1737,378,-0.55
1746,378,-0.582
1755,378,-0.41
1764,378,-0.346
1773,378,-0.461
1782,378,-0.304
1791,378,-0.322
1800,378,-0.193
1809,378,-0.102
1818,378,-0.106
1827,378,-0.11
1836,378,-0.114
1845,378,-0.046
1854,378,-0.123
1863,378,-0.127
1872,378,-0.339
1881,378,-0.234
1890,378,-0.257
1899,378,-0.29
1908,378,-0.127
1917,378,0
9,387,-0
18,387,0.133
27,387,0.083
36,387,0.055
45,387,0.079
54,387,0.101
63,387,0.122
72,387,0.141
81,387,0.159
90,387,0.25
99,387,0.267
108,387,0.209
117,387,0.224
126,387,0.177
135,387,0.099
144,387,0.052
153,387,0.04
162,387,0.13
171,387,0.104
180,387,0.113
189,387,0.09
198,387,0.131
207,387,0.182
216,387,0.192
225,387,0.159
234,387,0.131
243,387,0.082
252,387,0.115
261,387,0.156
270,387,0.251
279,387,0.261
288,387,0.223
297,387,0.28
306,387,0.198
315,387,0.168
324,387,0.113
333,387,0.095
342,387,0.079
351,387,0.05
360,387,0.054
369,387,0.033
378,387,0.036
387,387,0.039
396,387,0.041
405,387,0.044
414,387,0.036
423,387,0.039
432,387,0.024
441,387,0.014
450,387,0.028
459,387,0.03
468,387,0.054
477,387,0.057
486,387,0.076
495,387,0.098
504,387,0.125
513,387,0.087
522,387,0.135
531,387,0.168
540,387,0.241
549,387,0.212
558,387,0.219
567,387,0.226
576,387,0.312
585,387,0.32
594,387,0.246
603,387,0.293
612,387,0.345
621,387,0.308
630,387,0.275
639,387,0.244
648,387,0.251
657,387,0.297
666,387,0.229
675,387,0.202
684,387,0.151
693,387,0.183
702,387,0.161
711,387,0.141
720,387,0.172
729,387,0.177
738,387,0.131
747,387,0.136
756,387,0.14
765,387,0.122
774,387,0.15
783,387,0.154
792,387,0.159
801,387,0.191
810,387,0.197
819,387,0.234
828,387,0.208
837,387,0.184
846,387,0.331
855,387,0.338
864,387,0.346
873,387,0.354
882,387,0.409
891,387,0.525
900,387,0.729
909,387,0.607
918,387,0.556
927,387,0.768
936,387,0.709
945,387,0.722
954,387,0.666
963,387,0.748
972,387,-0.762
981,387,-0.703
990,387,-0.789
999,387,-0.881
1008,387,-0.743
1017,387,-0.619
1026,387,-0.77
1035,387,-0.861
1044,387,-0.799
1053,387,-0.669
1062,387,-0.682
1071,387,-0.627
1080,387,-0.708
1089,387,-0.722
1098,387,-0.811
1107,387,-0.75
1116,387,-0.841
1125,387,-0.706
1134,387,-0.585
1143,387,-0.597
1152,387,-0.677
1161,387,-0.623
1170,387,-0.511
1179,387,-0.522
1188,387,-0.662
1197,387,-0.749
1206,387,-0.927
1215,387,-0.86
1224,387,-1.152
1233,387,-1.278
1242,387,-1.414
1251,387,-1.22
1260,387,-1.353
1269,387,-1.379
1278,387,-1.524
1287,387,-1.434
1296,387,-1.346
1305,387,-1.491
1314,387,-1.521
1323,387,-1.552
1332,387,-1.46
1341,387,-1.37
1350,387,-1.174
1359,387,-1.094
1368,387,-1.119
1377,387,-0.944
1386,387,-1.283
1395,387,-1.198
1404,387,-1.596
1413,387,-1.5
1422,387,-1.535
1431,387,-1.44
1440,387,-1.348
1449,387,-1.259
1458,387,-1.062
1467,387,-1.09
1476,387,-1.359
1485,387,-1.53
1494,387,-1.57
1503,387,-1.763
1512,387,-1.512
1521,387,-1.555
1530,387,-1.599
1539,387,-1.357
1548,387,-1.262
1557,387,-1.049
1566,387,-0.965
1575,387,-1.116
1584,387,-1.028
1593,387,-1.062
1602,387,-0.975
1611,387,-0.891
1620,387,-0.922
1629,387,-1.219
1638,387,-1.123
1647,387,-0.903
1656,387,-0.818
1665,387,-0.737
1674,387,-0.659
1683,387,-0.686
1692,387,-0.714
1701,387,-0.635
1710,387,-0.663
1719,387,-0.693
1728,387,-0.61
1737,387,-0.64
1746,387,-0.672
1755,387,-0.48
1764,387,-0.407
1773,387,-0.532
1782,387,-0.356
1791,387,-0.374
1800,387,-0.229
1809,387,-0.124
1818,387,-0.128
1827,387,-0.131
1836,387,-0.135
1845,387,-0.055
1854,387,-0.142
1863,387,-0.145
1872,387,-0.37
1881,387,-0.256
1890,387,-0.277
1899,387,-0.308
1908,387,-0.135
1917,387,0
9,396,-0
18,396,0.124
27,396,0.076
36,396,0.049
45,396,0.069
54,396,0.088
63,396,0.106
72,396,0.122
81,396,0.137
90,396,0.218
99,396,0.231
108,396,0.177
117,396,0.189
126,396,0.147
135,396,0.079
144,396,0.04
153,396,0.03
162,396,0.104
171,396,0.081
180,396,0.088
189,396,0.069
198,396,0.102
207,396,0.143
216,396,0.15
225,396,0.122
234,396,0.099
243,396,0.059
252,396,0.085
261,396,0.117
270,396,0.194
279,396,0.201
288,396,0.168
297,396,0.215
306,396,0.146
315,396,0.122
324,396,0.079
333,396,0.065
342,396,0.053
351,396,0.032
360,396,0.034
369,396,0.02
378,396,0.022
387,396,0.023
396,396,0.025
405,396,0.027
414,396,0.021
423,396,0.023
432,396,0.013
441,396,0.007
450,396,0.016
459,396,0.017
468,396,0.032
477,396,0.033
486,396,0.045
495,396,0.06
504,396,0.078
513,396,0.052
522,396,0.084
531,396,0.107
540,396,0.159
549,396,0.137
558,396,0.141
567,396,0.146
576,396,0.209
585,396,0.214
594,396,0.158
603,396,0.191
612,396,0.229
621,396,0.201
630,396,0.175
639,396,0.152
648,396,0.156
657,396,0.189
666,396,0.139
675,396,0.12
684,396,0.086
693,396,0.107
702,396,0.091
711,396,0.078
720,396,0.097
729,396,0.1
738,396,0.07
747,396,0.073
756,396,0.075
765,396,0.064
774,396,0.08
783,396,0.082
792,396,0.084
801,396,0.104
810,396,0.107
819,396,0.13
828,396,0.113
837,396,0.097
846,396,0.191
855,396,0.195
864,396,0.199
873,396,0.204
882,396,0.24
891,396,0.319
900,396,0.465
909,396,0.374
918,396,0.336
927,396,0.488
936,396,0.442
945,396,0.449
954,396,0.407
963,396,0.464
972,396,-0.471
981,396,-0.427
990,396,-0.487
999,396,-0.551
1008,396,-0.449
1017,396,-0.36
1026,396,-0.463
1035,396,-0.526
1044,396,-0.479
1053,396,-0.385
1062,396,-0.392
1071,396,-0.353
1080,396,-0.406
1089,396,-0.464
1098,396,-0.527
1107,396,-0.479
1116,396,-0.544
1125,396,-0.442
1134,396,-0.353
1143,396,-0.359
1152,396,-0.413
1161,396,-0.372
1170,396,-0.293
1179,396,-0.298
1188,396,-0.393
1197,396,-0.451
1206,396,-0.641
1215,396,-0.585
1224,396,-0.81
1233,396,-0.994
1242,396,-1.104
1251,396,-0.936
1260,396,-1.042
1269,396,-1.059
1278,396,-1.176
1287,396,-1.095
1296,396,-1.016
1305,396,-1.132
1314,396,-1.151
1323,396,-1.171
1332,396,-1.089
1341,396,-1.009
1350,396,-0.845
1359,396,-0.776
1368,396,-0.791
1377,396,-0.648
1386,396,-0.91
1395,396,-0.838
1404,396,-1.149
1413,396,-1.065
1422,396,-1.087
1431,396,-1.005
1440,396,-0.926
1449,396,-0.85
1458,396,-0.778
1467,396,-0.795
1476,396,-1.008
1485,396,-1.259
1494,396,-1.287
1503,396,-1.448
1512,396,-1.222
1521,396,-1.251
1530,396,-1.281
1539,396,-1.066
1548,396,-0.979
1557,396,-0.794
1566,396,-0.719
1575,396,-0.836
1584,396,-0.757
1593,396,-0.882
1602,396,-0.8
1611,396,-0.721
1620,396,-0.742
1629,396,-0.991
1638,396,-0.899
1647,396,-0.706
1656,396,-0.628
1665,396,-0.554
1674,396,-0.485
1683,396,-0.5
1692,396,-0.517
1701,396,-0.447
1710,396,-0.462
1719,396,-0.573
1728,396,-0.496
1737,396,-0.619
1746,396,-0.645
1755,396,-0.455
1764,396,-0.382
1773,396,-0.494
1782,396,-0.325
1791,396,-0.337
1800,396,-0.201
1809,396,-0.105
1818,396,-0.152
1827,396,-0.155
1836,396,-0.157
1845,396,-0.066
1854,396,-0.162
1863,396,-0.164
1872,396,-0.402
1881,396,-0.279
1890,396,-0.298
1899,396,-0.326
1908,396,-0.142
1917,396,0
9,405,-0
18,405,0.115
27,405,0.068
36,405,0.043
45,405,0.061
54,405,0.077
63,405,0.092
72,405,0.105
81,405,0.118
90,405,0.188
99,405,0.199
108,405,0.15
117,405,0.159
126,405,0.121
135,405,0.063
144,405,0.03
153,405,0.022
162,405,0.113
171,405,0.088
180,405,0.093
189,405,0.073
198,405,0.105
207,405,0.145
216,405,0.15
225,405,0.121
234,405,0.097
243,405,0.058
252,405,0.082
261,405,0.111
270,405,0.184
279,405,0.281
288,405,0.237
297,405,0.291
306,405,0.204
315,405,0.171
324,405,0.114
333,405,0.094
342,405,0.077
351,405,0.048
360,405,0.065
369,405,0.04
378,405,0.042
387,405,0.044
396,405,0.047
405,405,0.049
414,405,0.039
423,405,0.041
432,405,0.025
441,405,0.015
450,405,0.028
459,405,0.029
468,405,0.051
477,405,0.053
486,405,0.069
495,405,0.088
504,405,0.11
513,405,0.076
522,405,0.116
531,405,0.143
540,405,0.205
549,405,0.177
558,405,0.18
567,405,0.184
576,405,0.255
585,405,0.259
594,405,0.194
603,405,0.23
612,405,0.271
621,405,0.237
630,405,0.207
639,405,0.211
648,405,0.214
657,405,0.252
666,405,0.19
675,405,0.165
684,405,0.12
693,405,0.145
702,405,0.125
711,405,0.107
720,405,0.13
729,405,0.133
738,405,0.095
747,405,0.097
756,405,0.099
765,405,0.085
774,405,0.103
783,405,0.105
792,405,0.108
801,405,0.13
810,405,0.132
819,405,0.158
828,405,0.137
837,405,0.118
846,405,0.223
855,405,0.226
864,405,0.229
873,405,0.232
882,405,0.27
891,405,0.353
900,405,0.505
909,405,0.407
918,405,0.366
927,405,0.521
936,405,0.472
945,405,0.477
954,405,0.431
963,405,0.488
972,405,-0.493
981,405,-0.446
990,405,-0.504
999,405,-0.567
1008,405,-0.461
1017,405,-0.369
1026,405,-0.472
1035,405,-0.532
1044,405,-0.538
1053,405,-0.436
1062,405,-0.441
1071,405,-0.397
1080,405,-0.451
1089,405,-0.51
1098,405,-0.575
1107,405,-0.522
1116,405,-0.588
1125,405,-0.478
1134,405,-0.383
1143,405,-0.388
1152,405,-0.442
1161,405,-0.397
1170,405,-0.313
1179,405,-0.317
1188,405,-0.412
1197,405,-0.47
1206,405,-0.66
1215,405,-0.601
1224,405,-0.825
1233,405,-1.005
1242,405,-1.11
1251,405,-0.94
1260,405,-1.042
1269,405,-1.054
1278,405,-1.166
1287,405,-1.081
1296,405,-1
1305,405,-1.109
1314,405,-1.124
1323,405,-1.139
1332,405,-1.054
1341,405,-0.973
1350,405,-0.81
1359,405,-0.741
1368,405,-0.751
1377,405,-0.612
1386,405,-0.858
1395,405,-0.785
1404,405,-1.077
1413,405,-0.993
1422,405,-1.008
1431,405,-0.926
1440,405,-0.848
1449,405,-0.773
1458,405,-0.702
1467,405,-0.714
1476,405,-0.906
1485,405,-1.134
1494,405,-1.154
1503,405,-1.297
1512,405,-1.082
1521,405,-1.103
1530,405,-1.125
1539,405,-0.924
1548,405,-0.84
1557,405,-0.67
1566,405,-0.599
1575,405,-0.791
1584,405,-0.808
1593,405,-0.933
1602,405,-0.844
1611,405,-0.759
1620,405,-0.884
1629,405,-1.156
1638,405,-1.052
1647,405,-0.836
1656,405,-0.747
1665,405,-0.662
1674,405,-0.582
1683,405,-0.597
1692,405,-0.613
1701,405,-0.533
1710,405,-0.548
1719,405,-0.669
1728,405,-0.58
1737,405,-0.713
1746,405,-0.739
1755,405,-0.529
1764,405,-0.445
1773,405,-0.567
1782,405,-0.378
1791,405,-0.39
1800,405,-0.237
1809,405,-0.127
1818,405,-0.179
1827,405,-0.181
1836,405,-0.182
1845,405,-0.079
1854,405,-0.184
1863,405,-0.185
1872,405,-0.436
1881,405,-0.303
1890,405,-0.319
1899,405,-0.344
1908,405,-0.15
1917,405,0
9,414,-0
18,414,0.107
27,414,0.062
36,414,0.038
45,414,0.053
54,414,0.067
63,414,0.079
72,414,0.09
81,414,0.101
90,414,0.162
99,414,0.171
108,414,0.126
117,414,0.133
126,414,0.099
135,414,0.05
144,414,0.023
153,414,0.016
162,414,0.089
171,414,0.068
180,414,0.072
189,414,0.055
198,414,0.08
207,414,0.112
216,414,0.116
225,414,0.092
234,414,0.072
243,414,0.056
252,414,0.079
261,414,0.106
270,414,0.174
279,414,0.265
288,414,0.222
297,414,0.271
306,414,0.188
315,414,0.156
324,414,0.102
333,414,0.083
342,414,0.067
351,414,0.041
360,414,0.055
369,414,0.034
378,414,0.035
387,414,0.036
396,414,0.038
405,414,0.051
414,414,0.041
423,414,0.042
432,414,0.026
441,414,0.015
450,414,0.028
459,414,0.029
468,414,0.062
477,414,0.064
486,414,0.081
495,414,0.102
504,414,0.126
513,414,0.087
522,414,0.13
531,414,0.157
540,414,0.221
549,414,0.19
558,414,0.193
567,414,0.195
576,414,0.267
585,414,0.309
594,414,0.234
603,414,0.273
612,414,0.316
621,414,0.278
630,414,0.243
639,414,0.245
648,414,0.247
657,414,0.287
666,414,0.218
675,414,0.189
684,414,0.139
693,414,0.165
702,414,0.142
711,414,0.121
720,414,0.17
729,414,0.172
738,414,0.126
747,414,0.127
756,414,0.129
765,414,0.11
774,414,0.132
783,414,0.133
792,414,0.135
801,414,0.159
810,414,0.161
819,414,0.189
828,414,0.164
837,414,0.142
846,414,0.257
855,414,0.259
864,414,0.261
873,414,0.263
882,414,0.302
891,414,0.437
900,414,0.606
909,414,0.494
918,414,0.445
927,414,0.616
936,414,0.559
945,414,0.563
954,414,0.509
963,414,0.569
972,414,-0.572
981,414,-0.518
990,414,-0.579
999,414,-0.645
1008,414,-0.528
1017,414,-0.426
1026,414,-0.534
1035,414,-0.597
1044,414,-0.601
1053,414,-0.489
1062,414,-0.492
1071,414,-0.443
1080,414,-0.499
1089,414,-0.559
1098,414,-0.624
1107,414,-0.567
1116,414,-0.633
1125,414,-0.516
1134,414,-0.414
1143,414,-0.417
1152,414,-0.471
1161,414,-0.423
1170,414,-0.334
1179,414,-0.336
1188,414,-0.432
1197,414,-0.489
1206,414,-0.679
1215,414,-0.617
1224,414,-0.839
1233,414,-1.016
1242,414,-1.117
1251,414,-0.943
1260,414,-1.041
1269,414,-1.05
1278,414,-1.155
1287,414,-1.166
1296,414,-1.078
1305,414,-1.187
1314,414,-1.198
1323,414,-1.21
1332,414,-1.119
1341,414,-1.032
1350,414,-0.86
1359,414,-0.869
1368,414,-0.877
1377,414,-0.721
1386,414,-0.988
1395,414,-0.905
1404,414,-1.217
1413,414,-1.123
1422,414,-1.136
1431,414,-1.045
1440,414,-0.957
1449,414,-0.874
1458,414,-0.794
1467,414,-0.804
1476,414,-1.006
1485,414,-1.242
1494,414,-1.26
1503,414,-1.404
1512,414,-1.176
1521,414,-1.194
1530,414,-1.212
1539,414,-0.999
1548,414,-0.907
1557,414,-0.726
1566,414,-0.649
1575,414,-0.846
1584,414,-0.859
1593,414,-0.984
1602,414,-0.889
1611,414,-0.798
1620,414,-0.922
1629,414,-1.193
1638,414,-1.083
1647,414,-0.86
1656,414,-0.766
1665,414,-0.677
1674,414,-0.592
1683,414,-0.604
1692,414,-0.616
1701,414,-0.533
1710,414,-0.543
1719,414,-0.657
1728,414,-0.673
1737,414,-0.815
1746,414,-0.84
1755,414,-0.609
1764,414,-0.515
1773,414,-0.645
1782,414,-0.437
1791,414,-0.448
1800,414,-0.276
1809,414,-0.152
1818,414,-0.209
1827,414,-0.209
1836,414,-0.209
1845,414,-0.093
1854,414,-0.208
1863,414,-0.207
1872,414,-0.471
1881,414,-0.328
1890,414,-0.341
1899,414,-0.363
1908,414,-0.158
1917,414,0
9,423,-0
18,423,0.1
27,423,0.056
36,423,0.034
45,423,0.092
54,423,0.104
63,423,0.115
72,423,0.124
81,423,0.132
90,423,0.2
99,423,0.205
108,423,0.151
117,423,0.156
126,423,0.116
135,423,0.059
144,423,0.027
153,423,0.019
162,423,0.098
171,423,0.074
180,423,0.105
189,423,0.08
198,423,0.111
207,423,0.148
216,423,0.151
225,423,0.12
234,423,0.094
243,423,0.073
252,423,0.099
261,423,0.129
270,423,0.204
279,423,0.301
288,423,0.252
297,423,0.359
306,423,0.303
315,423,0.255
324,423,0.213
333,423,0.177
342,423,0.146
351,423,0.096
360,423,0.122
369,423,0.079
378,423,0.081
387,423,0.082
396,423,0.083
405,423,0.105
414,423,0.086
423,423,0.087
432,423,0.056
441,423,0.035
450,423,0.059
459,423,0.06
468,423,0.114
477,423,0.115
486,423,0.14
495,423,0.199
504,423,0.235
513,423,0.17
522,423,0.236
531,423,0.275
540,423,0.364
549,423,0.318
558,423,0.319
567,423,0.319
576,423,0.415
585,423,0.468
594,423,0.366
603,423,0.415
612,423,0.468
621,423,0.415
630,423,0.367
639,423,0.367
648,423,0.368
657,423,0.416
666,423,0.325
675,423,0.285
684,423,0.215
693,423,0.249
702,423,0.217
711,423,0.217
720,423,0.287
729,423,0.288
738,423,0.219
747,423,0.22
756,423,0.22
765,423,0.191
774,423,0.221
783,423,0.222
792,423,0.222
801,423,0.256
810,423,0.256
819,423,0.293
828,423,0.258
837,423,0.225
846,423,0.377
855,423,0.378
864,423,0.378
873,423,0.379
882,423,0.426
891,423,0.589
900,423,0.788
909,423,0.653
918,423,0.591
927,423,0.791
936,423,0.721
945,423,0.722
954,423,0.656
963,423,0.724
972,423,-0.725
981,423,-0.659
990,423,-0.727
999,423,-0.799
1008,423,-0.662
1017,423,-0.542
1026,423,-0.732
1035,423,-0.805
1044,423,-0.806
1053,423,-0.669
1062,423,-0.67
1071,423,-0.608
1080,423,-0.673
1089,423,-0.743
1098,423,-0.817
1107,423,-0.746
1116,423,-0.821
1125,423,-0.681
1134,423,-0.556
1143,423,-0.558
1152,423,-0.621
1161,423,-0.561
1170,423,-0.451
1179,423,-0.452
1188,423,-0.565
1197,423,-0.63
1206,423,-0.847
1215,423,-0.773
1224,423,-1.023
1233,423,-1.217
1242,423,-1.325
1251,423,-1.129
1260,423,-1.234
1269,423,-1.24
1278,423,-1.352
1287,423,-1.36
1296,423,-1.26
1305,423,-1.375
1314,423,-1.384
1323,423,-1.392
1332,423,-1.29
1341,423,-1.192
1350,423,-1.002
1359,423,-1.008
1368,423,-1.014
1377,423,-0.84
1386,423,-1.127
1395,423,-1.034
1404,423,-1.485
1413,423,-1.376
1422,423,-1.388
1431,423,-1.282
1440,423,-1.18
1449,423,-1.082
1458,423,-0.989
1467,423,-0.997
1476,423,-1.222
1485,423,-1.483
1494,423,-1.499
1503,423,-1.654
1512,423,-1.399
1521,423,-1.415
1530,423,-1.432
1539,423,-1.193
1548,423,-1.088
1557,423,-0.883
1566,423,-0.793
1575,423,-1.011
1584,423,-1.023
1593,423,-1.158
1602,423,-1.05
1611,423,-0.947
1620,423,-1.081
1629,423,-1.374
1638,423,-1.251
1647,423,-1.004
1656,423,-0.898
1665,423,-0.796
1674,423,-0.701
1683,423,-0.711
1692,423,-0.721
1701,423,-0.627
1710,423,-0.636
1719,423,-0.759
1728,423,-0.774
1737,423,-0.925
1746,423,-0.948
1755,423,-0.696
1764,423,-0.591
1773,423,-0.729
1782,423,-0.5
1791,423,-0.51
1800,423,-0.32
1809,423,-0.18
1818,423,-0.242
1827,423,-0.241
1836,423,-0.239
1845,423,-0.109
1854,423,-0.234
1863,423,-0.231
1872,423,-0.508
1881,423,-0.354
1890,423,-0.365
1899,423,-0.383
1908,423,-0.166
1917,423,0
9,432,-0
18,432,0.093
27,432,0.051
36,432,0.029
45,432,0.081
54,432,0.092
63,432,0.1
72,432,0.108
81,432,0.114
90,432,0.173
99,432,0.176
108,432,0.127
117,432,0.131
126,432,0.095
135,432,0.046
144,432,0.021
153,432,0.014
162,432,0.077
171,432,0.057
180,432,0.082
189,432,0.061
198,432,0.086
207,432,0.116
216,432,0.117
225,432,0.091
234,432,0.07
243,432,0.053
252,432,0.073
261,432,0.096
270,432,0.156
279,432,0.236
288,432,0.194
297,432,0.282
306,432,0.235
315,432,0.194
324,432,0.159
333,432,0.129
342,432,0.105
351,432,0.066
360,432,0.085
369,432,0.053
378,432,0.053
387,432,0.054
396,432,0.055
405,432,0.07
414,432,0.056
423,432,0.056
432,432,0.035
441,432,0.02
450,432,0.036
459,432,0.036
468,432,0.073
477,432,0.074
486,432,0.091
495,432,0.134
504,432,0.16
513,432,0.111
522,432,0.159
531,432,0.188
540,432,0.295
549,432,0.254
558,432,0.253
567,432,0.253
576,432,0.332
585,432,0.377
594,432,0.288
603,432,0.328
612,432,0.372
621,432,0.326
630,432,0.284
639,432,0.283
648,432,0.282
657,432,0.32
666,432,0.243
675,432,0.21
684,432,0.154
693,432,0.18
702,432,0.153
711,432,0.153
720,432,0.207
729,432,0.206
738,432,0.177
747,432,0.177
756,432,0.176
765,432,0.151
774,432,0.175
783,432,0.174
792,432,0.174
801,432,0.201
810,432,0.2
819,432,0.229
828,432,0.199
837,432,0.171
846,432,0.296
855,432,0.295
864,432,0.294
873,432,0.293
882,432,0.33
891,432,0.466
900,432,0.635
909,432,0.516
918,432,0.461
927,432,0.629
936,432,0.567
945,432,0.565
954,432,0.507
963,432,0.562
972,432,-0.56
981,432,-0.503
990,432,-0.557
999,432,-0.615
1008,432,-0.499
1017,432,-0.398
1026,432,-0.551
1035,432,-0.609
1044,432,-0.607
1053,432,-0.492
1062,432,-0.545
1071,432,-0.489
1080,432,-0.543
1089,432,-0.6
1098,432,-0.662
1107,432,-0.598
1116,432,-0.66
1125,432,-0.537
1134,432,-0.429
1143,432,-0.479
1152,432,-0.533
1161,432,-0.477
1170,432,-0.378
1179,432,-0.376
1188,432,-0.474
1197,432,-0.528
1206,432,-0.719
1215,432,-0.65
1224,432,-0.868
1233,432,-1.038
1242,432,-1.131
1251,432,-0.951
1260,432,-1.04
1269,432,-1.041
1278,432,-1.236
1287,432,-1.238
1296,432,-1.14
1305,432,-1.243
1314,432,-1.246
1323,432,-1.249
1332,432,-1.149
1341,432,-1.054
1350,432,-0.876
1359,432,-0.877
1368,432,-0.879
1377,432,-0.796
1386,432,-1.067
1395,432,-0.974
1404,432,-1.4
1413,432,-1.291
1422,432,-1.297
1431,432,-1.191
1440,432,-1.089
1449,432,-0.993
1458,432,-0.901
1467,432,-0.904
1476,432,-1.109
1485,432,-1.346
1494,432,-1.355
1503,432,-1.63
1512,432,-1.374
1521,432,-1.384
1530,432,-1.395
1539,432,-1.156
1548,432,-1.049
1557,432,-0.846
1566,432,-0.755
1575,432,-0.96
1584,432,-0.967
1593,432,-1.09
1602,432,-0.982
1611,432,-0.878
1620,432,-0.999
1629,432,-1.268
1638,432,-1.146
1647,432,-0.909
1656,432,-0.804
1665,432,-0.706
1674,432,-0.613
1683,432,-0.617
1692,432,-0.621
1701,432,-0.531
1710,432,-0.534
1719,432,-0.635
1728,432,-0.641
1737,432,-0.765
1746,432,-1.063
1755,432,-0.789
1764,432,-0.672
1773,432,-0.818
1782,432,-0.569
1791,432,-0.577
1800,432,-0.368
1809,432,-0.211
1818,432,-0.278
1827,432,-0.275
1836,432,-0.271
1845,432,-0.126
1854,432,-0.262
1863,432,-0.256
1872,432,-0.546
1881,432,-0.381
1890,432,-0.388
1899,432,-0.403
1908,432,-0.174
1917,432,0
9,441,-0
18,441,0.086
27,441,0.046
36,441,0.061
45,441,0.13
54,441,0.137
63,441,0.141
72,441,0.214
81,441,0.213
90,441,0.29
99,441,0.285
108,441,0.209
117,441,0.208
126,441,0.153
135,441,0.079
144,441,0.038
153,441,0.026
162,441,0.115
171,441,0.086
180,441,0.117
189,441,0.088
198,441,0.118
207,441,0.152
216,441,0.152
225,441,0.118
234,441,0.091
243,441,0.07
252,441,0.092
261,441,0.118
270,441,0.184
279,441,0.269
288,441,0.266
297,441,0.37
306,441,0.31
315,441,0.257
324,441,0.213
333,441,0.174
342,441,0.142
351,441,0.092
360,441,0.114
369,441,0.073
378,441,0.073
387,441,0.073
396,441,0.073
405,441,0.09
414,441,0.072
423,441,0.072
432,441,0.045
441,441,0.027
450,441,0.045
459,441,0.045
468,441,0.088
477,441,0.087
486,441,0.106
495,441,0.152
504,441,0.179
513,441,0.125
522,441,0.176
531,441,0.204
540,441,0.314
549,441,0.271
558,441,0.268
567,441,0.266
576,441,0.345
585,441,0.388
594,441,0.296
603,441,0.335
612,441,0.377
621,441,0.329
630,441,0.285
639,441,0.283
648,441,0.28
657,441,0.317
666,441,0.239
675,441,0.206
684,441,0.15
693,441,0.174
702,441,0.147
711,441,0.146
720,441,0.196
729,441,0.224
738,441,0.193
747,441,0.191
756,441,0.189
765,441,0.161
774,441,0.186
783,441,0.212
792,441,0.21
801,441,0.239
810,441,0.237
819,441,0.268
828,441,0.233
837,441,0.2
846,441,0.336
855,441,0.333
864,441,0.33
873,441,0.327
882,441,0.366
891,441,0.507
900,441,0.681
909,441,0.554
918,441,0.496
927,441,0.666
936,441,0.6
945,441,0.596
954,441,0.534
963,441,0.587
972,441,-0.583
981,441,-0.522
990,441,-0.575
999,441,-0.631
1008,441,-0.511
1017,441,-0.407
1026,441,-0.559
1035,441,-0.614
1044,441,-0.61
1053,441,-0.493
1062,441,-0.544
1071,441,-0.486
1080,441,-0.537
1089,441,-0.591
1098,441,-0.649
1107,441,-0.583
1116,441,-0.641
1125,441,-0.519
1134,441,-0.413
1143,441,-0.459
1152,441,-0.508
1161,441,-0.452
1170,441,-0.355
1179,441,-0.352
1188,441,-0.443
1197,441,-0.492
1206,441,-0.67
1215,441,-0.602
1224,441,-0.805
1233,441,-0.962
1242,441,-1.046
1251,441,-0.873
1260,441,-0.953
1269,441,-0.95
1278,441,-1.128
1287,441,-1.125
1296,441,-1.03
1305,441,-1.121
1314,441,-1.119
1323,441,-1.117
1332,441,-1.021
1341,441,-0.929
1350,441,-0.763
1359,441,-0.76
1368,441,-0.757
1377,441,-0.68
1386,441,-0.919
1395,441,-0.831
1404,441,-1.21
1413,441,-1.106
1422,441,-1.106
1431,441,-1.006
1440,441,-0.911
1449,441,-0.821
1458,441,-0.735
1467,441,-0.734
1476,441,-0.907
1485,441,-1.109
1494,441,-1.11
1503,441,-1.345
1512,441,-1.114
1521,441,-1.116
1530,441,-1.118
1539,441,-0.907
1548,441,-0.811
1557,441,-0.636
1566,441,-0.557
1575,441,-0.719
1584,441,-0.718
1593,441,-0.812
1602,441,-0.717
1611,441,-0.628
1620,441,-0.717
1629,441,-0.926
1638,441,-0.819
1647,441,-0.624
1656,441,-0.538
1665,441,-0.457
1674,441,-0.383
1683,441,-0.38
1692,441,-0.377
1701,441,-0.308
1710,441,-0.304
1719,441,-0.366
1728,441,-0.362
1737,441,-0.437
1746,441,-0.747
1755,441,-0.525
1764,441,-0.429
1773,441,-0.525
1782,441,-0.338
1791,441,-0.333
1800,441,-0.19
1809,441,-0.093
1818,441,-0.174
1827,441,-0.165
1836,441,-0.156
1845,441,-0.096
1854,441,-0.201
1863,441,-0.283
1872,441,-0.586
1881,441,-0.409
1890,441,-0.413
1899,441,-0.424
1908,441,-0.183
1917,441,0
9,450,-0
18,450,0.08
27,450,0.041
36,450,0.054
45,450,0.117
54,450,0.121
63,450,0.124
72,450,0.189
81,450,0.187
90,450,0.255
99,450,0.249
108,450,0.179
117,450,0.177
126,450,0.128
135,450,0.064
144,450,0.029
153,450,0.02
162,450,0.092
171,450,0.067
180,450,0.092
189,450,0.068
198,450,0.091
207,450,0.12
216,450,0.118
225,450,0.09
234,450,0.068
243,450,0.068
252,450,0.088
261,450,0.113
270,450,0.174
279,450,0.254
288,450,0.299
297,450,0.407
306,450,0.34
315,450,0.282
324,450,0.233
333,450,0.19
342,450,0.154
351,450,0.1
360,450,0.123
369,450,0.078
378,450,0.078
387,450,0.077
396,450,0.076
405,450,0.093
414,450,0.074
423,450,0.091
432,450,0.058
441,450,0.035
450,450,0.057
459,450,0.056
468,450,0.104
477,450,0.124
486,450,0.146
495,450,0.202
504,450,0.232
513,450,0.166
522,450,0.225
531,450,0.257
540,450,0.381
549,450,0.329
558,450,0.324
567,450,0.319
576,450,0.406
585,450,0.451
594,450,0.348
603,450,0.388
612,450,0.432
621,450,0.377
630,450,0.327
639,450,0.323
648,450,0.318
657,450,0.355
666,450,0.27
675,450,0.232
684,450,0.17
693,450,0.195
702,450,0.165
711,450,0.163
720,450,0.215
729,450,0.244
738,450,0.209
747,450,0.206
756,450,0.202
765,450,0.172
774,450,0.226
783,450,0.255
792,450,0.251
801,450,0.282
810,450,0.278
819,450,0.311
828,450,0.27
837,450,0.233
846,450,0.379
855,450,0.374
864,450,0.369
873,450,0.409
882,450,0.451
891,450,0.608
900,450,0.797
909,450,0.655
918,450,0.588
927,450,0.773
936,450,0.765
945,450,0.757
954,450,0.683
963,450,0.741
972,450,-0.734
981,450,-0.661
990,450,-0.719
999,450,-0.78
1008,450,-0.64
1017,450,-0.518
1026,450,-0.69
1035,450,-0.75
1044,450,-0.743
1053,450,-0.607
1062,450,-0.662
1071,450,-0.594
1080,450,-0.649
1089,450,-0.707
1098,450,-0.769
1107,450,-0.694
1116,450,-0.755
1125,450,-0.617
1134,450,-0.496
1143,450,-0.546
1152,450,-0.598
1161,450,-0.534
1170,450,-0.424
1179,450,-0.418
1188,450,-0.517
1197,450,-0.568
1206,450,-0.758
1215,450,-0.683
1224,450,-0.897
1233,450,-1.061
1242,450,-1.146
1251,450,-0.96
1260,450,-1.04
1269,450,-1.034
1278,450,-1.216
1287,450,-1.21
1296,450,-1.107
1305,450,-1.198
1314,450,-1.192
1323,450,-1.186
1332,450,-1.083
1341,450,-0.985
1350,450,-0.81
1359,450,-0.804
1368,450,-0.798
1377,450,-0.716
1386,450,-0.957
1395,450,-0.864
1404,450,-1.245
1413,450,-1.135
1422,450,-1.131
1431,450,-1.026
1440,450,-0.927
1449,450,-0.833
1458,450,-0.744
1467,450,-0.739
1476,450,-1.004
1485,450,-1.214
1494,450,-1.211
1503,450,-1.452
1512,450,-1.207
1521,450,-1.205
1530,450,-1.203
1539,450,-0.98
1548,450,-0.876
1557,450,-0.69
1566,450,-0.604
1575,450,-0.769
1584,450,-0.765
1593,450,-0.859
1602,450,-0.758
1611,450,-0.663
1620,450,-0.751
1629,450,-0.959
1638,450,-0.847
1647,450,-0.646
1656,450,-0.554
1665,450,-0.47
1674,450,-0.392
1683,450,-0.386
1692,450,-0.38
1701,450,-0.309
1710,450,-0.302
1719,450,-0.435
1728,450,-0.429
1737,450,-0.51
1746,450,-0.846
1755,450,-0.603
1764,450,-0.495
1773,450,-0.598
1782,450,-0.39
1791,450,-0.383
1800,450,-0.223
1809,450,-0.113
1818,450,-0.203
1827,450,-0.192
1836,450,-0.18
1845,450,-0.112
1854,450,-0.226
1863,450,-0.311
1872,450,-0.627
1881,450,-0.438
1890,450,-0.439
1899,450,-0.445
1908,450,-0.191
1917,450,0
9,459,-0
18,459,0.074
27,459,0.037
36,459,0.048
45,459,0.104
54,459,0.107
63,459,0.109
72,459,0.167
81,459,0.163
90,459,0.224
99,459,0.216
108,459,0.209
117,459,0.203
126,459,0.146
135,459,0.074
144,459,0.034
153,459,0.023
162,459,0.1
171,459,0.099
180,459,0.129
189,459,0.096
198,459,0.124
207,459,0.156
216,459,0.152
225,459,0.116
234,459,0.088
243,459,0.087
252,459,0.11
261,459,0.136
270,459,0.203
279,459,0.289
288,459,0.392
297,459,0.514
306,459,0.433
315,459,0.362
324,459,0.3
333,459,0.247
342,459,0.241
351,459,0.164
360,459,0.193
369,459,0.129
378,459,0.153
387,459,0.149
396,459,0.146
405,459,0.172
414,459,0.14
423,459,0.164
432,459,0.11
441,459,0.071
450,459,0.106
459,459,0.103
468,459,0.174
477,459,0.201
486,459,0.23
495,459,0.302
504,459,0.339
513,459,0.25
522,459,0.325
531,459,0.363
540,459,0.512
549,459,0.502
558,459,0.492
567,459,0.482
576,459,0.591
585,459,0.644
594,459,0.509
603,459,0.558
612,459,0.609
621,459,0.537
630,459,0.472
639,459,0.517
648,459,0.508
657,459,0.555
666,459,0.437
675,459,0.381
684,459,0.291
693,459,0.325
702,459,0.28
711,459,0.274
720,459,0.346
729,459,0.383
738,459,0.333
747,459,0.327
756,459,0.321
765,459,0.277
774,459,0.348
783,459,0.385
792,459,0.378
801,459,0.416
810,459,0.409
819,459,0.449
828,459,0.394
837,459,0.344
846,459,0.527
855,459,0.518
864,459,0.51
873,459,0.556
882,459,0.604
891,459,0.788
900,459,1.004
909,459,0.837
918,459,0.755
927,459,0.966
936,459,0.953
945,459,0.941
954,459,0.853
963,459,0.917
972,459,-0.905
981,459,-0.819
990,459,-0.882
999,459,-0.947
1008,459,-0.787
1017,459,-0.644
1026,459,-0.837
1035,459,-0.901
1044,459,-0.89
1053,459,-0.735
1062,459,-0.795
1071,459,-0.716
1080,459,-0.774
1089,459,-0.836
1098,459,-0.901
1107,459,-0.815
1116,459,-0.879
1125,459,-0.725
1134,459,-0.589
1143,459,-0.641
1152,459,-0.697
1161,459,-0.623
1170,459,-0.499
1179,459,-0.491
1188,459,-0.597
1197,459,-0.651
1206,459,-0.853
1215,459,-0.769
1224,459,-0.995
1233,459,-1.164
1242,459,-1.25
1251,459,-1.051
1260,459,-1.132
1269,459,-1.122
1278,459,-1.308
1287,459,-1.297
1296,459,-1.186
1305,459,-1.277
1314,459,-1.267
1323,459,-1.257
1332,459,-1.147
1341,459,-1.042
1350,459,-0.858
1359,459,-0.849
1368,459,-0.84
1377,459,-0.752
1386,459,-0.996
1395,459,-0.897
1404,459,-1.279
1413,459,-1.164
1422,459,-1.155
1431,459,-1.046
1440,459,-0.943
1449,459,-0.845
1458,459,-0.752
1467,459,-0.744
1476,459,-1.005
1485,459,-1.207
1494,459,-1.2
1503,459,-1.433
1512,459,-1.186
1521,459,-1.18
1530,459,-1.173
1539,459,-0.95
1548,459,-0.845
1557,459,-0.661
1566,459,-0.575
1575,459,-0.73
1584,459,-0.722
1593,459,-0.807
1602,459,-0.706
1611,459,-0.612
1620,459,-0.69
1629,459,-0.881
1638,459,-0.771
1647,459,-0.579
1656,459,-0.491
1665,459,-0.41
1674,459,-0.337
1683,459,-0.328
1692,459,-0.319
1701,459,-0.254
1710,459,-0.245
1719,459,-0.429
1728,459,-0.419
1737,459,-0.494
1746,459,-0.815
1755,459,-0.575
1764,459,-0.567
1773,459,-0.676
1782,459,-0.448
1791,459,-0.438
1800,459,-0.26
1809,459,-0.134
1818,459,-0.234
1827,459,-0.22
1836,459,-0.206
1845,459,-0.13
1854,459,-0.253
1863,459,-0.342
1872,459,-0.67
1881,459,-0.469
1890,459,-0.465
1899,459,-0.466
1908,459,-0.2
1917,459,0
9,468,-0
18,468,0.069
27,468,0.034
36,468,0.043
45,468,0.093
54,468,0.095
63,468,0.095
72,468,0.146
81,468,0.142
90,468,0.195
99,468,0.187
108,468,0.18
117,468,0.231
126,468,0.166
135,468,0.085
144,468,0.058
153,468,0.04
162,468,0.145
171,468,0.14
180,468,0.175
189,468,0.131
198,468,0.163
207,468,0.199
216,468,0.192
225,468,0.148
234,468,0.112
243,468,0.109
252,468,0.134
261,468,0.162
270,468,0.235
279,468,0.325
288,468,0.433
297,468,0.558
306,468,0.469
315,468,0.391
324,468,0.324
333,468,0.266
342,468,0.258
351,468,0.176
360,468,0.204
369,468,0.136
378,468,0.16
387,468,0.155
396,468,0.151
405,468,0.175
414,468,0.142
423,468,0.165
432,468,0.111
441,468,0.071
450,468,0.104
459,468,0.101
468,468,0.169
477,468,0.227
486,468,0.257
495,468,0.331
504,468,0.368
513,468,0.273
522,468,0.349
531,468,0.387
540,468,0.538
549,468,0.525
558,468,0.512
567,468,0.5
576,468,0.607
585,468,0.658
594,468,0.52
603,468,0.566
612,468,0.614
621,468,0.54
630,468,0.473
639,468,0.516
648,468,0.504
657,468,0.548
666,468,0.43
675,468,0.373
684,468,0.284
693,468,0.314
702,468,0.269
711,468,0.263
720,468,0.33
729,468,0.364
738,468,0.355
747,468,0.39
756,468,0.381
765,468,0.33
774,468,0.408
783,468,0.446
792,468,0.436
801,468,0.475
810,468,0.465
819,468,0.506
828,468,0.445
837,468,0.389
846,468,0.583
855,468,0.571
864,468,0.56
873,468,0.606
882,468,0.654
891,468,0.842
900,468,1.062
909,468,0.886
918,468,0.799
927,468,1.012
936,468,0.995
945,468,0.979
954,468,0.887
963,468,0.948
972,468,-0.933
981,468,-0.843
990,468,-0.903
999,468,-0.966
1008,468,-0.801
1017,468,-0.656
1026,468,-0.846
1035,468,-0.906
1044,468,-0.892
1053,468,-0.735
1062,468,-0.791
1071,468,-0.71
1080,468,-0.765
1089,468,-0.823
1098,468,-0.884
1107,468,-0.87
1116,468,-0.933
1125,468,-0.771
1134,468,-0.627
1143,468,-0.678
1152,468,-0.733
1161,468,-0.655
1170,468,-0.582
1179,468,-0.571
1188,468,-0.684
1197,468,-0.74
1206,468,-0.954
1215,468,-0.861
1224,468,-1.098
1233,468,-1.272
1242,468,-1.358
1251,468,-1.146
1260,468,-1.227
1269,468,-1.213
1278,468,-1.402
1287,468,-1.387
1296,468,-1.269
1305,468,-1.358
1314,468,-1.343
1323,468,-1.329
1332,468,-1.212
1341,468,-1.101
1350,468,-0.908
1359,468,-0.982
1368,468,-0.969
1377,468,-0.87
1386,468,-1.131
1395,468,-1.022
1404,468,-1.427
1413,468,-1.301
1422,468,-1.288
1431,468,-1.168
1440,468,-1.054
1449,468,-0.946
1458,468,-0.845
1467,468,-0.833
1476,468,-1.106
1485,468,-1.316
1494,468,-1.304
1503,468,-1.542
1512,468,-1.281
1521,468,-1.27
1530,468,-1.259
1539,468,-1.024
1548,468,-0.91
1557,468,-0.715
1566,468,-0.622
1575,468,-0.78
1584,468,-0.769
1593,468,-0.853
1602,468,-0.746
1611,468,-0.646
1620,468,-0.723
1629,468,-0.914
1638,468,-0.798
1647,468,-0.599
1656,468,-0.507
1665,468,-0.422
1674,468,-0.345
1683,468,-0.334
1692,468,-0.322
1701,468,-0.255
1710,468,-0.244
1719,468,-0.422
1728,468,-0.41
1737,468,-0.479
1746,468,-0.785
1755,468,-0.548
1764,468,-0.536
1773,468,-0.633
1782,468,-0.413
1791,468,-0.399
1800,468,-0.23
1809,468,-0.115
1818,468,-0.2
1827,468,-0.183
1836,468,-0.166
1845,468,-0.1
1854,468,-0.195
1863,468,-0.259
1872,468,-0.511
1881,468,-0.33
1890,468,-0.302
1899,468,-0.266
1908,468,-0.21
1917,468,0
9,477,-0
18,477,0.064
27,477,0.03
36,477,0.038
45,477,0.083
54,477,0.084
63,477,0.083
72,477,0.128
81,477,0.123
90,477,0.17
99,477,0.161
108,477,0.153
117,477,0.198
126,477,0.14
135,477,0.069
144,477,0.046
153,477,0.03
162,477,0.117
171,477,0.112
180,477,0.142
189,477,0.104
198,477,0.13
207,477,0.159
216,477,0.153
225,477,0.115
234,477,0.085
243,477,0.082
252,477,0.102
261,477,0.124
270,477,0.184
279,477,0.258
288,477,0.349
297,477,0.456
306,477,0.378
315,477,0.363
324,477,0.298
333,477,0.242
342,477,0.233
351,477,0.156
360,477,0.181
369,477,0.119
378,477,0.139
387,477,0.134
396,477,0.129
405,477,0.15
414,477,0.119
423,477,0.139
432,477,0.091
441,477,0.057
450,477,0.084
459,477,0.081
468,477,0.138
477,477,0.187
486,477,0.212
495,477,0.276
504,477,0.307
513,477,0.222
522,477,0.287
531,477,0.318
540,477,0.45
549,477,0.436
558,477,0.476
567,477,0.462
576,477,0.561
585,477,0.607
594,477,0.475
603,477,0.516
612,477,0.558
621,477,0.487
630,477,0.423
639,477,0.46
648,477,0.447
657,477,0.486
666,477,0.376
675,477,0.323
684,477,0.242
693,477,0.268
702,477,0.227
711,477,0.219
720,477,0.278
729,477,0.306
738,477,0.297
747,477,0.326
756,477,0.316
765,477,0.271
774,477,0.337
783,477,0.368
792,477,0.358
801,477,0.391
810,477,0.38
819,477,0.414
828,477,0.359
837,477,0.349
846,477,0.527
855,477,0.514
864,477,0.501
873,477,0.541
882,477,0.642
891,477,0.825
900,477,1.036
909,477,0.862
918,477,0.773
927,477,0.977
936,477,0.958
945,477,0.939
954,477,0.846
963,477,0.903
972,477,-0.885
981,477,-0.795
990,477,-0.85
999,477,-0.907
1008,477,-0.747
1017,477,-0.606
1026,477,-0.783
1035,477,-0.837
1044,477,-0.821
1053,477,-0.736
1062,477,-0.788
1071,477,-0.705
1080,477,-0.756
1089,477,-0.81
1098,477,-0.867
1107,477,-0.85
1116,477,-0.909
1125,477,-0.817
1134,477,-0.666
1143,477,-0.717
1152,477,-0.77
1161,477,-0.687
1170,477,-0.61
1179,477,-0.597
1188,477,-0.709
1197,477,-0.835
1206,477,-1.061
1215,477,-0.959
1224,477,-1.206
1233,477,-1.385
1242,477,-1.471
1251,477,-1.246
1260,477,-1.326
1269,477,-1.307
1278,477,-1.5
1287,477,-1.48
1296,477,-1.353
1305,477,-1.441
1314,477,-1.422
1323,477,-1.403
1332,477,-1.279
1341,477,-1.161
1350,477,-0.959
1359,477,-1.032
1368,477,-1.015
1377,477,-0.91
1386,477,-1.172
1395,477,-1.057
1404,477,-1.463
1413,477,-1.331
1422,477,-1.314
1431,477,-1.189
1440,477,-1.071
1449,477,-0.959
1458,477,-0.853
1467,477,-0.838
1476,477,-1.106
1485,477,-1.309
1494,477,-1.293
1503,477,-1.655
1512,477,-1.38
1521,477,-1.364
1530,477,-1.348
1539,477,-1.1
1548,477,-0.978
1557,477,-0.771
1566,477,-0.671
1575,477,-0.833
1584,477,-0.817
1593,477,-0.901
1602,477,-0.787
1611,477,-0.68
1620,477,-0.756
1629,477,-0.947
1638,477,-0.825
1647,477,-0.62
1656,477,-0.522
1665,477,-0.434
1674,477,-0.354
1683,477,-0.34
1692,477,-0.39
1701,477,-0.312
1710,477,-0.298
1719,477,-0.497
1728,477,-0.481
1737,477,-0.555
1746,477,-0.885
1755,477,-0.626
1764,477,-0.61
1773,477,-0.713
1782,477,-0.472
1791,477,-0.454
1800,477,-0.267
1809,477,-0.137
1818,477,-0.23
1827,477,-0.211
1836,477,-0.191
1845,477,-0.115
1854,477,-0.218
1863,477,-0.285
1872,477,-0.548
1881,477,-0.355
1890,477,-0.322
1899,477,-0.281
1908,477,-0.219
1917,477,0
9,486,-0
18,486,0.059
27,486,0.027
36,486,0.034
45,486,0.074
54,486,0.073
63,486,0.072
72,486,0.111
81,486,0.157
90,486,0.206
99,486,0.192
108,486,0.18
117,486,0.226
126,486,0.159
135,486,0.079
144,486,0.053
153,486,0.035
162,486,0.126
171,486,0.12
180,486,0.148
189,486,0.108
198,486,0.133
207,486,0.161
216,486,0.153
225,486,0.114
234,486,0.108
243,486,0.103
252,486,0.125
261,486,0.148
270,486,0.213
279,486,0.292
288,486,0.387
297,486,0.497
306,486,0.41
315,486,0.392
324,486,0.322
333,486,0.261
342,486,0.25
351,486,0.168
360,486,0.192
369,486,0.153
378,486,0.175
387,486,0.168
396,486,0.16
405,486,0.183
414,486,0.146
423,486,0.167
432,486,0.111
441,486,0.071
450,486,0.101
459,486,0.097
468,486,0.16
477,486,0.212
486,486,0.237
495,486,0.303
504,486,0.38
513,486,0.28
522,486,0.353
531,486,0.386
540,486,0.531
549,486,0.513
558,486,0.554
567,486,0.536
576,486,0.641
585,486,0.686
594,486,0.541
603,486,0.582
612,486,0.625
621,486,0.546
630,486,0.475
639,486,0.512
648,486,0.496
657,486,0.535
666,486,0.416
675,486,0.358
684,486,0.269
693,486,0.295
702,486,0.25
711,486,0.241
720,486,0.3
729,486,0.328
738,486,0.317
747,486,0.346
756,486,0.376
765,486,0.323
774,486,0.394
783,486,0.427
792,486,0.414
801,486,0.447
810,486,0.434
819,486,0.468
828,486,0.407
837,486,0.394
846,486,0.582
855,486,0.565
864,486,0.549
873,486,0.589
882,486,0.693
891,486,0.879
900,486,1.094
909,486,0.989
918,486,0.89
927,486,1.106
936,486,1.082
945,486,1.059
954,486,0.956
963,486,1.012
972,486,-0.99
981,486,-0.891
990,486,-0.946
999,486,-1.003
1008,486,-0.831
1017,486,-0.678
1026,486,-0.863
1035,486,-0.917
1044,486,-0.897
1053,486,-0.804
1062,486,-0.856
1071,486,-0.766
1080,486,-0.817
1089,486,-0.87
1098,486,-0.926
1107,486,-0.906
1116,486,-0.963
1125,486,-0.866
1134,486,-0.707
1143,486,-0.756
1152,486,-0.808
1161,486,-0.72
1170,486,-0.639
1179,486,-0.622
1188,486,-0.734
1197,486,-0.859
1206,486,-1.084
1215,486,-0.977
1224,486,-1.222
1233,486,-1.397
1242,486,-1.478
1251,486,-1.249
1260,486,-1.325
1269,486,-1.302
1278,486,-1.488
1287,486,-1.464
1296,486,-1.335
1305,486,-1.417
1314,486,-1.393
1323,486,-1.37
1332,486,-1.244
1341,486,-1.124
1350,486,-0.925
1359,486,-0.991
1368,486,-0.971
1377,486,-0.866
1386,486,-1.114
1395,486,-1
1404,486,-1.384
1413,486,-1.253
1422,486,-1.232
1431,486,-1.108
1440,486,-0.991
1449,486,-0.881
1458,486,-0.778
1467,486,-0.76
1476,486,-1.006
1485,486,-1.191
1494,486,-1.17
1503,486,-1.503
1512,486,-1.24
1521,486,-1.219
1530,486,-1.199
1539,486,-0.965
1548,486,-0.849
1557,486,-0.658
1566,486,-0.564
1575,486,-0.703
1584,486,-0.685
1593,486,-0.754
1602,486,-0.648
1611,486,-0.551
1620,486,-0.612
1629,486,-0.771
1638,486,-0.66
1647,486,-0.481
1656,486,-0.395
1665,486,-0.319
1674,486,-0.252
1683,486,-0.238
1692,486,-0.273
1701,486,-0.209
1710,486,-0.196
1719,486,-0.34
1728,486,-0.392
1737,486,-0.451
1746,486,-0.73
1755,486,-0.598
1764,486,-0.577
1773,486,-0.67
1782,486,-0.436
1791,486,-0.414
1800,486,-0.237
1809,486,-0.117
1818,486,-0.197
1827,486,-0.176
1836,486,-0.154
1845,486,-0.088
1854,486,-0.167
1863,486,-0.215
1872,486,-0.413
1881,486,-0.381
1890,486,-0.344
1899,486,-0.297
1908,486,-0.229
1917,486,0
9,495,-0
18,495,0.055
27,495,0.024
36,495,0.03
45,495,0.065
54,495,0.064
63,495,0.062
72,495,0.097
81,495,0.136
90,495,0.18
99,495,0.166
108,495,0.154
117,495,0.194
126,495,0.133
135,495,0.064
144,495,0.041
153,495,0.026
162,495,0.102
171,495,0.096
180,495,0.119
189,495,0.085
198,495,0.105
207,495,0.128
216,495,0.12
225,495,0.087
234,495,0.082
243,495,0.078
252,495,0.094
261,495,0.113
270,495,0.166
279,495,0.231
288,495,0.311
297,495,0.404
306,495,0.329
315,495,0.312
324,495,0.251
333,495,0.2
342,495,0.189
351,495,0.122
360,495,0.141
369,495,0.11
378,495,0.126
387,495,0.12
396,495,0.114
405,495,0.13
414,495,0.102
423,495,0.117
432,495,0.074
441,495,0.045
450,495,0.066
459,495,0.063
468,495,0.108
477,495,0.147
486,495,0.166
495,495,0.217
504,495,0.277
513,495,0.197
522,495,0.253
531,495,0.278
540,495,0.394
549,495,0.378
558,495,0.461
567,495,0.443
576,495,0.533
585,495,0.572
594,495,0.442
603,495,0.476
612,495,0.512
621,495,0.442
630,495,0.378
639,495,0.409
648,495,0.394
657,495,0.425
666,495,0.323
675,495,0.31
684,495,0.229
693,495,0.251
702,495,0.21
711,495,0.201
720,495,0.252
729,495,0.275
738,495,0.264
747,495,0.288
756,495,0.312
765,495,0.265
774,495,0.326
783,495,0.353
792,495,0.34
801,495,0.367
810,495,0.354
819,495,0.382
828,495,0.328
837,495,0.315
846,495,0.475
855,495,0.459
864,495,0.443
873,495,0.476
882,495,0.563
891,495,0.724
900,495,0.911
909,495,0.814
918,495,0.725
927,495,0.912
936,495,0.888
945,495,0.864
954,495,0.84
963,495,0.965
972,495,-0.94
981,495,-0.843
990,495,-0.892
999,495,-0.943
1008,495,-0.776
1017,495,-0.628
1026,495,-0.8
1035,495,-0.849
1044,495,-0.826
1053,495,-0.736
1062,495,-0.782
1071,495,-0.695
1080,495,-0.74
1089,495,-0.786
1098,495,-0.835
1107,495,-0.813
1116,495,-0.863
1125,495,-0.77
1134,495,-0.621
1143,495,-0.663
1152,495,-0.708
1161,495,-0.625
1170,495,-0.549
1179,495,-0.532
1188,495,-0.629
1197,495,-0.739
1206,495,-0.939
1215,495,-0.839
1224,495,-1.056
1233,495,-1.211
1242,495,-1.28
1251,495,-1.068
1260,495,-1.133
1269,495,-1.107
1278,495,-1.27
1287,495,-1.244
1296,495,-1.217
1305,495,-1.29
1314,495,-1.263
1323,495,-1.237
1332,495,-1.115
1341,495,-1
1350,495,-0.812
1359,495,-0.869
1368,495,-0.847
1377,495,-0.748
1386,495,-0.969
1395,495,-0.86
1404,495,-1.205
1413,495,-1.08
1422,495,-1.056
1431,495,-0.94
1440,495,-0.831
1449,495,-0.73
1458,495,-0.635
1467,495,-0.616
1476,495,-0.825
1485,495,-0.983
1494,495,-0.959
1503,495,-1.246
1512,495,-1.008
1521,495,-0.984
1530,495,-0.961
1539,495,-0.755
1548,495,-0.652
1557,495,-0.49
1566,495,-0.41
1575,495,-0.518
1584,495,-0.498
1593,495,-0.549
1602,495,-0.46
1611,495,-0.379
1620,495,-0.422
1629,495,-0.54
1638,495,-0.448
1647,495,-0.366
1656,495,-0.292
1665,495,-0.229
1674,495,-0.174
1683,495,-0.161
1692,495,-0.227
1701,495,-0.17
1710,495,-0.156
1719,495,-0.276
1728,495,-0.316
1737,495,-0.362
1746,495,-0.703
1755,495,-0.571
1764,495,-0.546
1773,495,-0.629
1782,495,-0.402
1791,495,-0.377
1800,495,-0.275
1809,495,-0.139
1818,495,-0.226
1827,495,-0.202
1836,495,-0.177
1845,495,-0.102
1854,495,-0.189
1863,495,-0.238
1872,495,-0.445
1881,495,-0.408
1890,495,-0.366
1899,495,-0.314
1908,495,-0.238
1917,495,0
9,504,-0
18,504,0.05
27,504,0.022
36,504,0.026
45,504,0.058
54,504,0.056
63,504,0.054
72,504,0.084
81,504,0.118
90,504,0.156
99,504,0.143
108,504,0.131
117,504,0.165
126,504,0.111
135,504,0.051
144,504,0.032
153,504,0.02
162,504,0.082
171,504,0.076
180,504,0.095
189,504,0.066
198,504,0.082
207,504,0.1
216,504,0.093
225,504,0.066
234,504,0.062
243,504,0.057
252,504,0.07
261,504,0.085
270,504,0.127
279,504,0.18
288,504,0.246
297,504,0.325
306,504,0.259
315,504,0.244
324,504,0.192
333,504,0.15
342,504,0.14
351,504,0.087
360,504,0.101
369,504,0.076
378,504,0.089
387,504,0.083
396,504,0.078
405,504,0.09
414,504,0.069
423,504,0.08
432,504,0.048
441,504,0.035
450,504,0.053
459,504,0.049
468,504,0.087
477,504,0.119
486,504,0.134
495,504,0.177
504,504,0.228
513,504,0.158
522,504,0.205
531,504,0.226
540,504,0.324
549,504,0.309
558,504,0.38
567,504,0.409
576,504,0.492
585,504,0.527
594,504,0.403
603,504,0.433
612,504,0.464
621,504,0.397
630,504,0.337
639,504,0.363
648,504,0.347
657,504,0.374
666,504,0.28
675,504,0.267
684,504,0.194
693,504,0.212
702,504,0.202
711,504,0.192
720,504,0.24
729,504,0.261
738,504,0.249
747,504,0.27
756,504,0.292
765,504,0.246
774,504,0.302
783,504,0.326
792,504,0.312
801,504,0.336
810,504,0.322
819,504,0.346
828,504,0.295
837,504,0.282
846,504,0.428
855,504,0.457
864,504,0.44
873,504,0.47
882,504,0.554
891,504,0.709
900,504,0.889
909,504,0.792
918,504,0.702
927,504,0.881
936,504,0.854
945,504,0.828
954,504,0.803
963,504,0.92
972,504,-0.893
981,504,-0.796
990,504,-0.841
999,504,-0.887
1008,504,-0.724
1017,504,-0.581
1026,504,-0.742
1035,504,-0.785
1044,504,-0.76
1053,504,-0.673
1062,504,-0.713
1071,504,-0.629
1080,504,-0.668
1089,504,-0.709
1098,504,-0.751
1107,504,-0.795
1116,504,-0.841
1125,504,-0.747
1134,504,-0.6
1143,504,-0.638
1152,504,-0.678
1161,504,-0.596
1170,504,-0.52
1179,504,-0.501
1188,504,-0.593
1197,504,-0.695
1206,504,-0.882
1215,504,-0.784
1224,504,-0.987
1233,504,-1.131
1242,504,-1.193
1251,504,-0.988
1260,504,-1.045
1269,504,-1.017
1278,504,-1.166
1287,504,-1.137
1296,504,-1.201
1305,504,-1.268
1314,504,-1.238
1323,504,-1.208
1332,504,-1.084
1341,504,-0.968
1350,504,-0.783
1359,504,-0.834
1368,504,-0.809
1377,504,-0.711
1386,504,-0.92
1395,504,-0.812
1404,504,-1.138
1413,504,-1.015
1422,504,-0.987
1431,504,-0.96
1440,504,-0.847
1449,504,-0.741
1458,504,-0.644
1467,504,-0.621
1476,504,-0.827
1485,504,-0.98
1494,504,-0.952
1503,504,-1.231
1512,504,-0.993
1521,504,-1.065
1530,504,-1.037
1539,504,-0.818
1548,504,-0.707
1557,504,-0.534
1566,504,-0.448
1575,504,-0.559
1584,504,-0.536
1593,504,-0.585
1602,504,-0.49
1611,504,-0.405
1620,504,-0.446
1629,504,-0.566
1638,504,-0.469
1647,504,-0.381
1656,504,-0.304
1665,504,-0.237
1674,504,-0.18
1683,504,-0.165
1692,504,-0.23
1701,504,-0.212
1710,504,-0.194
1719,504,-0.331
1728,504,-0.375
1737,504,-0.424
1746,504,-0.795
1755,504,-0.649
1764,504,-0.62
1773,504,-0.707
1782,504,-0.459
1791,504,-0.43
1800,504,-0.316
1809,504,-0.163
1818,504,-0.259
1827,504,-0.231
1836,504,-0.202
1845,504,-0.118
1854,504,-0.211
1863,504,-0.262
1872,504,-0.479
1881,504,-0.436
1890,504,-0.388
1899,504,-0.33
1908,504,-0.248
1917,504,0
9,513,-0
18,513,0.047
27,513,0.019
36,513,0.023
45,513,0.051
54,513,0.049
63,513,0.046
72,513,0.072
81,513,0.102
90,513,0.135
99,513,0.122
108,513,0.111
117,513,0.14
126,513,0.092
135,513,0.04
144,513,0.025
153,513,0.015
162,513,0.065
171,513,0.059
180,513,0.075
189,513,0.05
198,513,0.063
207,513,0.078
216,513,0.071
225,513,0.049
234,513,0.045
243,513,0.056
252,513,0.068
261,513,0.081
270,513,0.12
279,513,0.207
288,513,0.276
297,513,0.357
306,513,0.285
315,513,0.267
324,513,0.21
333,513,0.163
342,513,0.152
351,513,0.095
360,513,0.109
369,513,0.082
378,513,0.094
387,513,0.087
396,513,0.081
405,513,0.093
414,513,0.07
423,513,0.081
432,513,0.048
441,513,0.035
450,513,0.052
459,513,0.048
468,513,0.084
477,513,0.115
486,513,0.128
495,513,0.168
504,513,0.216
513,513,0.149
522,513,0.192
531,513,0.21
540,513,0.302
549,513,0.286
558,513,0.351
567,513,0.377
576,513,0.454
585,513,0.484
594,513,0.366
603,513,0.392
612,513,0.42
621,513,0.355
630,513,0.299
639,513,0.321
648,513,0.305
657,513,0.328
666,513,0.242
675,513,0.229
684,513,0.163
693,513,0.178
702,513,0.168
711,513,0.159
720,513,0.199
729,513,0.216
738,513,0.205
747,513,0.222
756,513,0.273
765,513,0.228
774,513,0.279
783,513,0.3
792,513,0.286
801,513,0.307
810,513,0.292
819,513,0.314
828,513,0.264
837,513,0.251
846,513,0.384
855,513,0.41
864,513,0.392
873,513,0.417
882,513,0.493
891,513,0.634
900,513,0.798
909,513,0.705
918,513,0.62
927,513,0.782
936,513,0.755
945,513,0.728
954,513,0.702
963,513,0.807
972,513,-0.779
981,513,-0.688
990,513,-0.725
999,513,-0.764
1008,513,-0.615
1017,513,-0.486
1026,513,-0.626
1035,513,-0.662
1044,513,-0.637
1053,513,-0.614
1062,513,-0.649
1071,513,-0.568
1080,513,-0.602
1089,513,-0.637
1098,513,-0.674
1107,513,-0.778
1116,513,-0.82
1125,513,-0.725
1134,513,-0.579
1143,513,-0.614
1152,513,-0.65
1161,513,-0.568
1170,513,-0.493
1179,513,-0.473
1188,513,-0.558
1197,513,-0.653
1206,513,-0.829
1215,513,-0.732
1224,513,-0.922
1233,513,-1.055
1242,513,-1.11
1251,513,-0.912
1260,513,-0.962
1269,513,-0.932
1278,513,-1.069
1287,513,-1.038
1296,513,-1.186
1305,513,-1.248
1314,513,-1.214
1323,513,-1.18
1332,513,-1.055
1341,513,-0.938
1350,513,-0.754
1359,513,-0.801
1368,513,-0.773
1377,513,-0.675
1386,513,-0.873
1395,513,-0.766
1404,513,-1.074
1413,513,-0.952
1422,513,-0.922
1431,513,-0.892
1440,513,-0.781
1449,513,-0.679
1458,513,-0.584
1467,513,-0.56
1476,513,-0.829
1485,513,-0.977
1494,513,-0.946
1503,513,-1.217
1512,513,-0.978
1521,513,-1.045
1530,513,-1.012
1539,513,-0.795
1548,513,-0.683
1557,513,-0.512
1566,513,-0.426
1575,513,-0.529
1584,513,-0.504
1593,513,-0.548
1602,513,-0.455
1611,513,-0.371
1620,513,-0.407
1629,513,-0.515
1638,513,-0.422
1647,513,-0.338
1656,513,-0.266
1665,513,-0.203
1674,513,-0.151
1683,513,-0.136
1692,513,-0.19
1701,513,-0.213
1710,513,-0.194
1719,513,-0.327
1728,513,-0.44
1737,513,-0.493
1746,513,-0.893
1755,513,-0.734
1764,513,-0.699
1773,513,-0.79
1782,513,-0.521
1791,513,-0.487
1800,513,-0.36
1809,513,-0.191
1818,513,-0.295
1827,513,-0.262
1836,513,-0.229
1845,513,-0.136
1854,513,-0.236
1863,513,-0.288
1872,513,-0.514
1881,513,-0.466
1890,513,-0.412
1899,513,-0.348
1908,513,-0.259
1917,513,0
9,522,-0
18,522,0.043
27,522,0.017
36,522,0.02
45,522,0.045
54,522,0.042
63,522,0.04
72,522,0.062
81,522,0.088
90,522,0.117
99,522,0.104
108,522,0.093
117,522,0.118
126,522,0.076
135,522,0.032
144,522,0.019
153,522,0.011
162,522,0.051
171,522,0.046
180,522,0.058
189,522,0.038
198,522,0.048
207,522,0.059
216,522,0.054
225,522,0.036
234,522,0.033
243,522,0.041
252,522,0.05
261,522,0.06
270,522,0.09
279,522,0.16
288,522,0.218
297,522,0.286
306,522,0.223
315,522,0.207
324,522,0.159
333,522,0.121
342,522,0.136
351,522,0.083
360,522,0.095
369,522,0.07
378,522,0.08
387,522,0.074
396,522,0.068
405,522,0.078
414,522,0.058
423,522,0.066
432,522,0.039
441,522,0.028
450,522,0.041
459,522,0.038
468,522,0.067
477,522,0.092
486,522,0.103
495,522,0.136
504,522,0.176
513,522,0.118
522,522,0.153
531,522,0.168
540,522,0.245
549,522,0.231
558,522,0.285
567,522,0.306
576,522,0.371
585,522,0.396
594,522,0.293
603,522,0.314
612,522,0.336
621,522,0.28
630,522,0.231
639,522,0.249
648,522,0.234
657,522,0.252
666,522,0.18
675,522,0.169
684,522,0.116
693,522,0.127
702,522,0.119
711,522,0.13
720,522,0.164
729,522,0.178
738,522,0.167
747,522,0.181
756,522,0.224
765,522,0.184
774,522,0.227
783,522,0.244
792,522,0.23
801,522,0.247
810,522,0.233
819,522,0.25
828,522,0.207
837,522,0.195
846,522,0.344
855,522,0.366
864,522,0.348
873,522,0.37
882,522,0.437
891,522,0.565
900,522,0.714
909,522,0.626
918,522,0.545
927,522,0.692
936,522,0.664
945,522,0.637
954,522,0.611
963,522,0.704
972,522,-0.676
981,522,-0.591
990,522,-0.622
999,522,-0.655
1008,522,-0.572
1017,522,-0.447
1026,522,-0.577
1035,522,-0.668
1044,522,-0.641
1053,522,-0.615
1062,522,-0.647
1071,522,-0.565
1080,522,-0.596
1089,522,-0.628
1098,522,-0.661
1107,522,-0.761
1116,522,-0.8
1125,522,-0.704
1134,522,-0.559
1143,522,-0.591
1152,522,-0.623
1161,522,-0.542
1170,522,-0.467
1179,522,-0.446
1188,522,-0.525
1197,522,-0.613
1206,522,-0.778
1215,522,-0.683
1224,522,-0.861
1233,522,-0.984
1242,522,-1.032
1251,522,-0.841
1260,522,-0.885
1269,522,-0.854
1278,522,-0.979
1287,522,-0.945
1296,522,-1.08
1305,522,-1.134
1314,522,-1.098
1323,522,-1.062
1332,522,-0.942
1341,522,-0.831
1350,522,-0.658
1359,522,-0.698
1368,522,-0.669
1377,522,-0.578
1386,522,-0.752
1395,522,-0.653
1404,522,-0.926
1413,522,-0.812
1422,522,-0.781
1431,522,-0.75
1440,522,-0.72
1449,522,-0.62
1458,522,-0.529
1467,522,-0.565
1476,522,-0.831
1485,522,-0.974
1494,522,-0.939
1503,522,-1.203
1512,522,-0.963
1521,522,-1.127
1530,522,-1.09
1539,522,-0.859
1548,522,-0.74
1557,522,-0.557
1566,522,-0.464
1575,522,-0.57
1584,522,-0.541
1593,522,-0.585
1602,522,-0.485
1611,522,-0.396
1620,522,-0.431
1629,522,-0.54
1638,522,-0.441
1647,522,-0.353
1656,522,-0.277
1665,522,-0.211
1674,522,-0.156
1683,522,-0.14
1692,522,-0.192
1701,522,-0.214
1710,522,-0.193
1719,522,-0.322
1728,522,-0.43
1737,522,-0.478
1746,522,-0.863
1755,522,-0.703
1764,522,-0.664
1773,522,-0.745
1782,522,-0.483
1791,522,-0.446
1800,522,-0.323
1809,522,-0.221
1818,522,-0.333
1827,522,-0.296
1836,522,-0.258
1845,522,-0.155
1854,522,-0.262
1863,522,-0.315
1872,522,-0.55
1881,522,-0.496
1890,522,-0.436
1899,522,-0.365
1908,522,-0.269
1917,522,0
9,531,-0
18,531,0.04
27,531,0.015
36,531,0.018
45,531,0.039
54,531,0.037
63,531,0.034
72,531,0.053
81,531,0.075
90,531,0.1
99,531,0.088
108,531,0.078
117,531,0.099
126,531,0.062
135,531,0.025
144,531,0.014
153,531,0.008
162,531,0.039
171,531,0.035
180,531,0.062
189,531,0.04
198,531,0.05
207,531,0.06
216,531,0.054
225,531,0.036
234,531,0.032
243,531,0.04
252,531,0.048
261,531,0.057
270,531,0.085
279,531,0.151
288,531,0.204
297,531,0.267
306,531,0.207
315,531,0.19
324,531,0.145
333,531,0.108
342,531,0.121
351,531,0.073
360,531,0.082
369,531,0.06
378,531,0.069
387,531,0.063
396,531,0.057
405,531,0.065
414,531,0.047
423,531,0.054
432,531,0.031
441,531,0.021
450,531,0.032
459,531,0.029
468,531,0.053
477,531,0.073
486,531,0.081
495,531,0.108
504,531,0.141
513,531,0.092
522,531,0.121
531,531,0.132
540,531,0.197
549,531,0.183
558,531,0.229
567,531,0.246
576,531,0.3
585,531,0.32
594,531,0.231
603,531,0.248
612,531,0.265
621,531,0.217
630,531,0.176
639,531,0.189
648,531,0.177
657,531,0.19
666,531,0.132
675,531,0.122
684,531,0.081
693,531,0.089
702,531,0.082
711,531,0.09
720,531,0.115
729,531,0.125
738,531,0.135
747,531,0.146
756,531,0.182
765,531,0.147
774,531,0.183
783,531,0.196
792,531,0.183
801,531,0.197
810,531,0.184
819,531,0.197
828,531,0.184
837,531,0.172
846,531,0.307
855,531,0.365
864,531,0.345
873,531,0.365
882,531,0.43
891,531,0.553
900,531,0.697
909,531,0.609
918,531,0.527
927,531,0.667
936,531,0.638
945,531,0.61
954,531,0.582
963,531,0.731
972,531,-0.7
981,531,-0.611
990,531,-0.641
999,531,-0.671
1008,531,-0.585
1017,531,-0.457
1026,531,-0.586
1035,531,-0.674
1044,531,-0.644
1053,531,-0.616
1062,531,-0.646
1071,531,-0.562
1080,531,-0.59
1089,531,-0.619
1098,531,-0.65
1107,531,-0.745
1116,531,-0.78
1125,531,-0.684
1134,531,-0.54
1143,531,-0.568
1152,531,-0.598
1161,531,-0.516
1170,531,-0.443
1179,531,-0.42
1188,531,-0.493
1197,531,-0.575
1206,531,-0.73
1215,531,-0.636
1224,531,-0.803
1233,531,-0.917
1242,531,-1.041
1251,531,-0.847
1260,531,-0.887
1269,531,-0.853
1278,531,-0.974
1287,531,-0.937
1296,531,-1.067
1305,531,-1.116
1314,531,-1.077
1323,531,-1.038
1332,531,-1
1341,531,-0.881
1350,531,-0.7
1359,531,-0.812
1368,531,-0.778
1377,531,-0.675
1386,531,-0.863
1395,531,-0.752
1404,531,-1.046
1413,531,-0.92
1422,531,-0.883
1431,531,-0.847
1440,531,-0.812
1449,531,-0.702
1458,531,-0.601
1467,531,-0.638
1476,531,-0.919
1485,531,-1.067
1494,531,-1.127
1503,531,-1.416
1512,531,-1.148
1521,531,-1.327
1530,531,-1.283
1539,531,-1.024
1548,531,-0.888
1557,531,-0.68
1566,531,-0.572
1575,531,-0.691
1584,531,-0.657
1593,531,-0.703
1602,531,-0.589
1611,531,-0.486
1620,531,-0.524
1629,531,-0.645
1638,531,-0.532
1647,531,-0.43
1656,531,-0.341
1665,531,-0.263
1674,531,-0.198
1683,531,-0.177
1692,531,-0.239
1701,531,-0.262
1710,531,-0.237
1719,531,-0.383
1728,531,-0.501
1737,531,-0.552
1746,531,-0.965
1755,531,-0.79
1764,531,-0.746
1773,531,-0.829
1782,531,-0.545
1791,531,-0.503
1800,531,-0.368
1809,531,-0.254
1818,531,-0.375
1827,531,-0.332
1836,531,-0.29
1845,531,-0.176
1854,531,-0.289
1863,531,-0.344
1872,531,-0.587
1881,531,-0.527
1890,531,-0.461
1899,531,-0.383
1908,531,-0.28
1917,531,0
9,540,-0
18,540,0.037
27,540,0.014
36,540,0.016
45,540,0.035
54,540,0.032
63,540,0.029
72,540,0.045
81,540,0.064
90,540,0.085
99,540,0.074
108,540,0.065
117,540,0.082
126,540,0.05
135,540,0.019
144,540,0.011
153,540,0.006
162,540,0.03
171,540,0.027
180,540,0.048
189,540,0.03
198,540,0.037
207,540,0.046
216,540,0.04
225,540,0.026
234,540,0.023
243,540,0.028
252,540,0.034
261,540,0.041
270,540,0.063
279,540,0.115
288,540,0.158
297,540,0.21
306,540,0.159
315,540,0.144
324,540,0.107
333,540,0.078
342,540,0.088
351,540,0.05
360,540,0.057
369,540,0.04
378,540,0.046
387,540,0.041
396,540,0.037
405,540,0.043
414,540,0.03
423,540,0.034
432,540,0.018
441,540,0.012
450,540,0.019
459,540,0.017
468,540,0.032
477,540,0.046
486,540,0.052
495,540,0.07
504,540,0.094
513,540,0.058
522,540,0.078
531,540,0.086
540,540,0.156
549,540,0.144
558,540,0.181
567,540,0.195
576,540,0.24
585,540,0.255
594,540,0.179
603,540,0.192
612,540,0.206
621,540,0.165
630,540,0.131
639,540,0.141
648,540,0.13
657,540,0.14
666,540,0.094
675,540,0.086
684,540,0.054
693,540,0.06
702,540,0.054
711,540,0.06
720,540,0.078
729,540,0.085
738,540,0.092
747,540,0.1
756,540,0.126
765,540,0.099
774,540,0.125
783,540,0.134
792,540,0.124
801,540,0.133
810,540,0.123
819,540,0.132
828,540,0.122
837,540,0.113
846,540,0.213
855,540,0.256
864,540,0.24
873,540,0.254
882,540,0.303
891,540,0.399
900,540,0.514
909,540,0.44
918,540,0.374
927,540,0.484
936,540,0.458
945,540,0.433
954,540,0.41
963,540,0.526
972,540,-0.499
981,540,-0.427
990,540,-0.448
999,540,-0.47
1008,540,-0.401
1017,540,-0.302
1026,540,-0.398
1035,540,-0.464
1044,540,-0.439
1053,540,-0.415
1062,540,-0.436
1071,540,-0.37
1080,540,-0.389
1089,540,-0.409
1098,540,-0.43
1107,540,-0.5
1116,540,-0.524
1125,540,-0.449
1134,540,-0.34
1143,540,-0.359
1152,540,-0.378
1161,540,-0.317
1170,540,-0.263
1179,540,-0.246
1188,540,-0.295
1197,540,-0.351
1206,540,-0.461
1215,540,-0.39
1224,540,-0.509
1233,540,-0.59
1242,540,-0.681
1251,540,-0.532
1260,540,-0.559
1269,540,-0.53
1278,540,-0.678
1287,540,-0.646
1296,540,-0.744
1305,540,-0.779
1314,540,-0.744
1323,540,-0.709
1332,540,-0.675
1341,540,-0.581
1350,540,-0.442
1359,540,-0.521
1368,540,-0.493
1377,540,-0.414
1386,540,-0.609
1395,540,-0.518
1404,540,-0.746
1413,540,-0.711
1422,540,-0.676
1431,540,-0.642
1440,540,-0.609
1449,540,-0.576
1458,540,-0.485
1467,540,-0.514
1476,540,-0.755
1485,540,-0.88
1494,540,-0.928
1503,540,-1.177
1512,540,-0.935
1521,540,-1.086
1530,540,-1.041
1539,540,-0.812
1548,540,-0.691
1557,540,-0.513
1566,540,-0.42
1575,540,-0.513
1584,540,-0.48
1593,540,-0.513
1602,540,-0.418
1611,540,-0.333
1620,540,-0.359
1629,540,-0.448
1638,540,-0.356
1647,540,-0.327
1656,540,-0.251
1665,540,-0.187
1674,540,-0.135
1683,540,-0.118
1692,540,-0.161
1701,540,-0.175
1710,540,-0.154
1719,540,-0.314
1728,540,-0.412
1737,540,-0.451
1746,540,-0.806
1755,540,-0.645
1764,540,-0.598
1773,540,-0.661
1782,540,-0.414
1791,540,-0.372
1800,540,-0.259
1809,540,-0.167
1818,540,-0.251
1827,540,-0.212
1836,540,-0.174
1845,540,-0.094
1854,540,-0.157
1863,540,-0.265
1872,540,-0.451
1881,540,-0.382
1890,540,-0.306
1899,540,-0.22
1908,540,-0.291
1917,540,0
9,549,-0
18,549,0.034
27,549,0.012
36,549,0.014
45,549,0.03
54,549,0.027
63,549,0.024
72,549,0.038
81,549,0.054
90,549,0.072
99,549,0.062
108,549,0.053
117,549,0.068
126,549,0.04
135,549,0.014
144,549,0.008
153,549,0.004
162,549,0.023
171,549,0.02
180,549,0.036
189,549,0.022
198,549,0.028
207,549,0.034
216,549,0.03
225,549,0.018
234,549,0.016
243,549,0.02
252,549,0.024
261,549,0.039
270,549,0.059
279,549,0.108
288,549,0.148
297,549,0.196
306,549,0.146
315,549,0.132
324,549,0.119
333,549,0.086
342,549,0.096
351,549,0.055
360,549,0.062
369,549,0.044
378,549,0.049
387,549,0.044
396,549,0.049
405,549,0.055
414,549,0.039
423,549,0.044
432,549,0.024
441,549,0.016
450,549,0.024
459,549,0.022
468,549,0.04
477,549,0.055
486,549,0.061
495,549,0.081
504,549,0.106
513,549,0.066
522,549,0.087
531,549,0.095
540,549,0.169
549,549,0.155
558,549,0.192
567,549,0.205
576,549,0.25
585,549,0.301
594,549,0.214
603,549,0.227
612,549,0.24
621,549,0.194
630,549,0.154
639,549,0.165
648,549,0.151
657,549,0.162
666,549,0.109
675,549,0.117
684,549,0.076
693,549,0.082
702,549,0.075
711,549,0.081
720,549,0.103
729,549,0.111
738,549,0.118
747,549,0.127
756,549,0.157
765,549,0.124
774,549,0.154
783,549,0.163
792,549,0.151
801,549,0.16
810,549,0.148
819,549,0.157
828,549,0.145
837,549,0.133
846,549,0.243
855,549,0.289
864,549,0.27
873,549,0.284
882,549,0.334
891,549,0.434
900,549,0.553
909,549,0.473
918,549,0.402
927,549,0.515
936,549,0.486
945,549,0.458
954,549,0.432
963,549,0.55
972,549,-0.52
981,549,-0.444
990,549,-0.464
999,549,-0.484
1008,549,-0.412
1017,549,-0.31
1026,549,-0.405
1035,549,-0.518
1044,549,-0.49
1053,549,-0.462
1062,549,-0.483
1071,549,-0.41
1080,549,-0.429
1089,549,-0.448
1098,549,-0.469
1107,549,-0.54
1116,549,-0.563
1125,549,-0.533
1134,549,-0.409
1143,549,-0.428
1152,549,-0.448
1161,549,-0.378
1170,549,-0.316
1179,549,-0.295
1188,549,-0.349
1197,549,-0.409
1206,549,-0.528
1215,549,-0.449
1224,549,-0.576
1233,549,-0.661
1242,549,-0.755
1251,549,-0.594
1260,549,-0.62
1269,549,-0.587
1278,549,-0.742
1287,549,-0.705
1296,549,-0.805
1305,549,-0.839
1314,549,-0.8
1323,549,-0.761
1332,549,-0.723
1341,549,-0.622
1350,549,-0.475
1359,549,-0.555
1368,549,-0.523
1377,549,-0.44
1386,549,-0.639
1395,549,-0.543
1404,549,-0.773
1413,549,-0.734
1422,549,-0.696
1431,549,-0.659
1440,549,-0.623
1449,549,-0.587
1458,549,-0.493
1467,549,-0.52
1476,549,-0.757
1485,549,-0.879
1494,549,-0.922
1503,549,-1.165
1512,549,-0.922
1521,549,-1.066
1530,549,-1.017
1539,549,-0.789
1548,549,-0.668
1557,549,-0.492
1566,549,-0.4
1575,549,-0.486
1584,549,-0.452
1593,549,-0.481
1602,549,-0.387
1611,549,-0.305
1620,549,-0.326
1629,549,-0.406
1638,549,-0.319
1647,549,-0.29
1656,549,-0.219
1665,549,-0.159
1674,549,-0.112
1683,549,-0.096
1692,549,-0.131
1701,549,-0.142
1710,549,-0.122
1719,549,-0.255
1728,549,-0.336
1737,549,-0.365
1746,549,-0.667
1755,549,-0.52
1764,549,-0.473
1773,549,-0.519
1782,549,-0.308
1791,549,-0.269
1800,549,-0.176
1809,549,-0.105
1818,549,-0.16
1827,549,-0.178
1836,549,-0.141
1845,549,-0.071
1854,549,-0.119
1863,549,-0.29
1872,549,-0.483
1881,549,-0.408
1890,549,-0.326
1899,549,-0.232
1908,549,-0.302
1917,549,0
9,558,-0
18,558,0.031
27,558,0.011
36,558,0.012
45,558,0.026
54,558,0.023
63,558,0.02
72,558,0.032
81,558,0.046
90,558,0.061
99,558,0.052
108,558,0.044
117,558,0.056
126,558,0.032
135,558,0.011
144,558,0.006
153,558,0.003
162,558,0.017
171,558,0.015
180,558,0.027
189,558,0.016
198,558,0.02
207,558,0.025
216,558,0.021
225,558,0.013
234,558,0.011
243,558,0.014
252,558,0.017
261,558,0.027
270,558,0.043
279,558,0.081
288,558,0.112
297,558,0.151
306,558,0.11
315,558,0.097
324,558,0.087
333,558,0.061
342,558,0.085
351,558,0.06
360,558,0.067
369,558,0.047
378,558,0.052
387,558,0.046
396,558,0.052
405,558,0.057
414,558,0.04
423,558,0.045
432,558,0.024
441,558,0.016
450,558,0.024
459,558,0.021
468,558,0.048
477,558,0.065
486,558,0.071
495,558,0.093
504,558,0.119
513,558,0.09
522,558,0.116
531,558,0.124
540,558,0.21
549,558,0.192
558,558,0.234
567,558,0.247
576,558,0.296
585,558,0.351
594,558,0.252
603,558,0.265
612,558,0.279
621,558,0.226
630,558,0.207
639,558,0.219
648,558,0.201
657,558,0.212
666,558,0.146
675,558,0.155
684,558,0.104
693,558,0.111
702,558,0.101
711,558,0.126
720,558,0.155
729,558,0.164
738,558,0.173
747,558,0.182
756,558,0.22
765,558,0.177
774,558,0.213
783,558,0.224
792,558,0.207
801,558,0.217
810,558,0.201
819,558,0.211
828,558,0.194
837,558,0.179
846,558,0.31
855,558,0.362
864,558,0.338
873,558,0.353
882,558,0.409
891,558,0.52
900,558,0.65
909,558,0.559
918,558,0.478
927,558,0.6
936,558,0.566
945,558,0.534
954,558,0.503
963,558,0.629
972,558,-0.594
981,558,-0.51
990,558,-0.529
999,558,-0.549
1008,558,-0.468
1017,558,-0.355
1026,558,-0.457
1035,558,-0.577
1044,558,-0.544
1053,558,-0.513
1062,558,-0.532
1071,558,-0.453
1080,558,-0.471
1089,558,-0.49
1098,558,-0.509
1107,558,-0.582
1116,558,-0.604
1125,558,-0.57
1134,558,-0.439
1143,558,-0.457
1152,558,-0.476
1161,558,-0.401
1170,558,-0.335
1179,558,-0.312
1188,558,-0.366
1197,558,-0.426
1206,558,-0.544
1215,558,-0.462
1224,558,-0.588
1233,558,-0.672
1242,558,-0.764
1251,558,-0.6
1260,558,-0.623
1269,558,-0.648
1278,558,-0.808
1287,558,-0.767
1296,558,-0.87
1305,558,-0.902
1314,558,-0.858
1323,558,-0.814
1332,558,-0.772
1341,558,-0.665
1350,558,-0.51
1359,558,-0.591
1368,558,-0.555
1377,558,-0.467
1386,558,-0.669
1395,558,-0.569
1404,558,-0.801
1413,558,-0.758
1422,558,-0.717
1431,558,-0.676
1440,558,-0.637
1449,558,-0.598
1458,558,-0.501
1467,558,-0.525
1476,558,-0.76
1485,558,-0.877
1494,558,-0.917
1503,558,-1.153
1512,558,-0.909
1521,558,-1.046
1530,558,-0.995
1539,558,-0.767
1548,558,-0.645
1557,558,-0.471
1566,558,-0.381
1575,558,-0.461
1584,558,-0.425
1593,558,-0.514
1602,558,-0.414
1611,558,-0.327
1620,558,-0.347
1629,558,-0.427
1638,558,-0.335
1647,558,-0.303
1656,558,-0.228
1665,558,-0.166
1674,558,-0.116
1683,558,-0.099
1692,558,-0.133
1701,558,-0.143
1710,558,-0.122
1719,558,-0.251
1728,558,-0.329
1737,558,-0.354
1746,558,-0.644
1755,558,-0.497
1764,558,-0.448
1773,558,-0.487
1782,558,-0.283
1791,558,-0.243
1800,558,-0.205
1809,558,-0.125
1818,558,-0.185
1827,558,-0.203
1836,558,-0.162
1845,558,-0.083
1854,558,-0.135
1863,558,-0.317
1872,558,-0.518
1881,558,-0.435
1890,558,-0.346
1899,558,-0.246
1908,558,-0.313
1917,558,0
9,567,-0
18,567,0.029
27,567,0.01
36,567,0.01
45,567,0.023
54,567,0.02
63,567,0.017
72,567,0.027
81,567,0.038
90,567,0.051
99,567,0.043
108,567,0.036
117,567,0.067
126,567,0.038
135,567,0.013
144,567,0.007
153,567,0.003
162,567,0.019
171,567,0.016
180,567,0.029
189,567,0.017
198,567,0.021
207,567,0.025
216,567,0.022
225,567,0.018
234,567,0.016
243,567,0.019
252,567,0.022
261,567,0.035
270,567,0.053
279,567,0.095
288,567,0.129
297,567,0.204
306,567,0.151
315,567,0.134
324,567,0.119
333,567,0.085
342,567,0.114
351,567,0.082
360,567,0.089
369,567,0.064
378,567,0.07
387,567,0.061
396,567,0.067
405,567,0.073
414,567,0.052
423,567,0.057
432,567,0.04
441,567,0.027
450,567,0.038
459,567,0.034
468,567,0.07
477,567,0.092
486,567,0.098
495,567,0.125
504,567,0.157
513,567,0.12
522,567,0.15
531,567,0.159
540,567,0.258
549,567,0.236
558,567,0.282
567,567,0.294
576,567,0.347
585,567,0.406
594,567,0.334
603,567,0.347
612,567,0.361
621,567,0.295
630,567,0.272
639,567,0.284
648,567,0.261
657,567,0.273
666,567,0.192
675,567,0.202
684,567,0.138
693,567,0.146
702,567,0.132
711,567,0.161
720,567,0.195
729,567,0.204
738,567,0.213
747,567,0.223
756,567,0.264
765,567,0.214
774,567,0.254
783,567,0.265
792,567,0.244
801,567,0.254
810,567,0.234
819,567,0.245
828,567,0.225
837,567,0.207
846,567,0.348
855,567,0.402
864,567,0.375
873,567,0.388
882,567,0.446
891,567,0.561
900,567,0.694
909,567,0.597
918,567,0.51
927,567,0.635
936,567,0.598
945,567,0.562
954,567,0.528
963,567,0.655
972,567,-0.617
981,567,-0.528
990,567,-0.546
999,567,-0.618
1008,567,-0.529
1017,567,-0.405
1026,567,-0.513
1035,567,-0.639
1044,567,-0.602
1053,567,-0.566
1062,567,-0.585
1071,567,-0.499
1080,567,-0.516
1089,567,-0.533
1098,567,-0.551
1107,567,-0.626
1116,567,-0.646
1125,567,-0.608
1134,567,-0.47
1143,567,-0.487
1152,567,-0.504
1161,567,-0.425
1170,567,-0.355
1179,567,-0.329
1188,567,-0.383
1197,567,-0.442
1206,567,-0.561
1215,567,-0.476
1224,567,-0.601
1233,567,-0.683
1242,567,-0.772
1251,567,-0.605
1260,567,-0.627
1269,567,-0.649
1278,567,-0.805
1287,567,-0.761
1296,567,-0.86
1305,567,-0.888
1314,567,-0.841
1323,567,-0.796
1332,567,-0.752
1341,567,-0.644
1350,567,-0.49
1359,567,-0.566
1368,567,-0.53
1377,567,-0.442
1386,567,-0.7
1395,567,-0.594
1404,567,-0.829
1413,567,-0.783
1422,567,-0.737
1431,567,-0.693
1440,567,-0.651
1449,567,-0.609
1458,567,-0.509
1467,567,-0.531
1476,567,-0.842
1485,567,-0.964
1494,567,-1.002
1503,567,-1.246
1512,567,-0.987
1521,567,-1.128
1530,567,-1.07
1539,567,-0.83
1548,567,-0.699
1557,567,-0.514
1566,567,-0.416
1575,567,-0.498
1584,567,-0.458
1593,567,-0.548
1602,567,-0.442
1611,567,-0.349
1620,567,-0.368
1629,567,-0.449
1638,567,-0.352
1647,567,-0.317
1656,567,-0.238
1665,567,-0.173
1674,567,-0.12
1683,567,-0.102
1692,567,-0.135
1701,567,-0.144
1710,567,-0.121
1719,567,-0.248
1728,567,-0.322
1737,567,-0.344
1746,567,-0.622
1755,567,-0.475
1764,567,-0.424
1773,567,-0.457
1782,567,-0.261
1791,567,-0.22
1800,567,-0.182
1809,567,-0.107
1818,567,-0.158
1827,567,-0.17
1836,567,-0.131
1845,567,-0.063
1854,567,-0.102
1863,567,-0.243
1872,567,-0.395
1881,567,-0.464
1890,567,-0.367
1899,567,-0.259
1908,567,-0.324
1917,567,0
9,576,-0
18,576,0.026
27,576,0.008
36,576,0.009
45,576,0.02
54,576,0.017
63,576,0.014
72,576,0.023
81,576,0.032
90,576,0.043
99,576,0.035
108,576,0.029
117,576,0.055
126,576,0.03
135,576,0.01
144,576,0.005
153,576,0.002
162,576,0.014
171,576,0.012
180,576,0.022
189,576,0.012
198,576,0.015
207,576,0.018
216,576,0.015
225,576,0.013
234,576,0.011
243,576,0.013
252,576,0.021
261,576,0.033
270,576,0.049
279,576,0.089
288,576,0.121
297,576,0.19
306,576,0.168
315,576,0.149
324,576,0.131
333,576,0.094
342,576,0.124
351,576,0.089
360,576,0.096
369,576,0.068
378,576,0.074
387,576,0.064
396,576,0.07
405,576,0.075
414,576,0.053
423,576,0.058
432,576,0.04
441,576,0.027
450,576,0.038
459,576,0.033
468,576,0.068
477,576,0.088
486,576,0.094
495,576,0.119
504,576,0.148
513,576,0.112
522,576,0.14
531,576,0.147
540,576,0.24
549,576,0.218
558,576,0.26
567,576,0.27
576,576,0.319
585,576,0.372
594,576,0.303
603,576,0.314
612,576,0.325
621,576,0.263
630,576,0.241
639,576,0.25
648,576,0.228
657,576,0.238
666,576,0.164
675,576,0.172
684,576,0.115
693,576,0.121
702,576,0.109
711,576,0.133
720,576,0.161
729,576,0.168
738,576,0.201
747,576,0.209
756,576,0.247
765,576,0.198
774,576,0.235
783,576,0.244
792,576,0.223
801,576,0.232
810,576,0.212
819,576,0.22
828,576,0.201
837,576,0.183
846,576,0.312
855,576,0.36
864,576,0.333
873,576,0.344
882,576,0.396
891,576,0.5
900,576,0.62
909,576,0.529
918,576,0.447
927,576,0.559
936,576,0.523
945,576,0.488
954,576,0.455
963,576,0.568
972,576,-0.532
981,576,-0.45
990,576,-0.464
999,576,-0.526
1008,576,-0.445
1017,576,-0.334
1026,576,-0.427
1035,576,-0.536
1044,576,-0.501
1053,576,-0.468
1062,576,-0.482
1071,576,-0.449
1080,576,-0.463
1089,576,-0.477
1098,576,-0.492
1107,576,-0.558
1116,576,-0.574
1125,576,-0.537
1134,576,-0.409
1143,576,-0.422
1152,576,-0.436
1161,576,-0.405
1170,576,-0.335
1179,576,-0.309
1188,576,-0.359
1197,576,-0.46
1206,576,-0.579
1215,576,-0.489
1224,576,-0.614
1233,576,-0.694
1242,576,-0.781
1251,576,-0.611
1260,576,-0.63
1269,576,-0.649
1278,576,-0.802
1287,576,-0.756
1296,576,-0.85
1305,576,-0.875
1314,576,-0.826
1323,576,-0.778
1332,576,-0.732
1341,576,-0.623
1350,576,-0.472
1359,576,-0.543
1368,576,-0.505
1377,576,-0.419
1386,576,-0.664
1395,576,-0.56
1404,576,-0.781
1413,576,-0.733
1422,576,-0.758
1431,576,-0.711
1440,576,-0.665
1449,576,-0.621
1458,576,-0.517
1467,576,-0.536
1476,576,-0.845
1485,576,-0.962
1494,576,-0.996
1503,576,-1.233
1512,576,-0.973
1521,576,-1.108
1530,576,-1.047
1539,576,-0.807
1548,576,-0.676
1557,576,-0.493
1566,576,-0.396
1575,576,-0.472
1584,576,-0.431
1593,576,-0.514
1602,576,-0.411
1611,576,-0.32
1620,576,-0.335
1629,576,-0.408
1638,576,-0.315
1647,576,-0.281
1656,576,-0.207
1665,576,-0.147
1674,576,-0.1
1683,576,-0.082
1692,576,-0.138
1701,576,-0.145
1710,576,-0.121
1719,576,-0.245
1728,576,-0.315
1737,576,-0.402
1746,576,-0.704
1755,576,-0.542
1764,576,-0.484
1773,576,-0.518
1782,576,-0.301
1791,576,-0.255
1800,576,-0.212
1809,576,-0.127
1818,576,-0.182
1827,576,-0.195
1836,576,-0.15
1845,576,-0.073
1854,576,-0.116
1863,576,-0.267
1872,576,-0.425
1881,576,-0.493
1890,576,-0.389
1899,576,-0.274
1908,576,-0.336
1917,576,0
9,585,-0
18,585,0.024
27,585,0.007
36,585,0.008
45,585,0.017
54,585,0.014
63,585,0.012
72,585,0.019
81,585,0.027
90,585,0.036
99,585,0.029
108,585,0.023
117,585,0.045
126,585,0.024
135,585,0.008
144,585,0.004
153,585,0.002
162,585,0.016
171,585,0.013
180,585,0.024
189,585,0.013
198,585,0.016
207,585,0.019
216,585,0.016
225,585,0.013
234,585,0.01
243,585,0.012
252,585,0.02
261,585,0.031
270,585,0.047
279,585,0.084
288,585,0.112
297,585,0.178
306,585,0.156
315,585,0.136
324,585,0.119
333,585,0.084
342,585,0.11
351,585,0.078
360,585,0.084
369,585,0.058
378,585,0.063
387,585,0.054
396,585,0.058
405,585,0.063
414,585,0.043
423,585,0.047
432,585,0.032
441,585,0.021
450,585,0.03
459,585,0.025
468,585,0.054
477,585,0.07
486,585,0.074
495,585,0.095
504,585,0.119
513,585,0.088
522,585,0.111
531,585,0.116
540,585,0.193
549,585,0.174
558,585,0.209
567,585,0.217
576,585,0.257
585,585,0.301
594,585,0.241
603,585,0.249
612,585,0.258
621,585,0.205
630,585,0.185
639,585,0.192
648,585,0.173
657,585,0.18
666,585,0.12
675,585,0.146
684,585,0.095
693,585,0.1
702,585,0.089
711,585,0.109
720,585,0.132
729,585,0.138
738,585,0.165
747,585,0.171
756,585,0.203
765,585,0.16
774,585,0.19
783,585,0.197
792,585,0.178
801,585,0.185
810,585,0.167
819,585,0.173
828,585,0.156
837,585,0.141
846,585,0.247
855,585,0.287
864,585,0.263
873,585,0.271
882,585,0.313
891,585,0.4
900,585,0.552
909,585,0.466
918,585,0.39
927,585,0.49
936,585,0.455
945,585,0.467
954,585,0.433
963,585,0.54
972,585,-0.503
981,585,-0.467
990,585,-0.479
999,585,-0.541
1008,585,-0.456
1017,585,-0.381
1026,585,-0.48
1035,585,-0.595
1044,585,-0.556
1053,585,-0.569
1062,585,-0.583
1071,585,-0.544
1080,585,-0.557
1089,585,-0.571
1098,585,-0.585
1107,585,-0.657
1116,585,-0.673
1125,585,-0.63
1134,585,-0.485
1143,585,-0.498
1152,585,-0.511
1161,585,-0.475
1170,585,-0.396
1179,585,-0.365
1188,585,-0.418
1197,585,-0.527
1206,585,-0.654
1215,585,-0.556
1224,585,-0.688
1233,585,-0.771
1242,585,-0.86
1251,585,-0.677
1260,585,-0.695
1269,585,-0.713
1278,585,-0.871
1287,585,-0.82
1296,585,-0.915
1305,585,-1.019
1314,585,-0.962
1323,585,-0.907
1332,585,-0.854
1341,585,-0.732
1350,585,-0.561
1359,585,-0.638
1368,585,-0.594
1377,585,-0.496
1386,585,-0.765
1395,585,-0.648
1404,585,-0.886
1413,585,-0.832
1422,585,-0.856
1431,585,-0.803
1440,585,-0.751
1449,585,-0.7
1458,585,-0.586
1467,585,-0.605
1476,585,-0.931
1485,585,-1.052
1494,585,-1.085
1503,585,-1.33
1512,585,-1.054
1521,585,-1.191
1530,585,-1.124
1539,585,-0.871
1548,585,-0.731
1557,585,-0.536
1566,585,-0.431
1575,585,-0.509
1584,585,-0.464
1593,585,-0.549
1602,585,-0.438
1611,585,-0.342
1620,585,-0.356
1629,585,-0.429
1638,585,-0.331
1647,585,-0.294
1656,585,-0.216
1665,585,-0.153
1674,585,-0.103
1683,585,-0.085
1692,585,-0.14
1701,585,-0.146
1710,585,-0.121
1719,585,-0.242
1728,585,-0.308
1737,585,-0.39
1746,585,-0.681
1755,585,-0.519
1764,585,-0.459
1773,585,-0.487
1782,585,-0.278
1791,585,-0.231
1800,585,-0.188
1809,585,-0.109
1818,585,-0.155
1827,585,-0.163
1836,585,-0.122
1845,585,-0.055
1854,585,-0.086
1863,585,-0.203
1872,585,-0.321
1881,585,-0.523
1890,585,-0.412
1899,585,-0.288
1908,585,-0.348
1917,585,0
9,594,-0
18,594,0.022
27,594,0.007
36,594,0.007
45,594,0.015
54,594,0.012
63,594,0.01
72,594,0.016
81,594,0.022
90,594,0.029
99,594,0.023
108,594,0.018
117,594,0.036
126,594,0.019
135,594,0.009
144,594,0.004
153,594,0.002
162,594,0.018
171,594,0.014
180,594,0.025
189,594,0.014
198,594,0.024
207,594,0.027
216,594,0.022
225,594,0.018
234,594,0.015
243,594,0.017
252,594,0.027
261,594,0.04
270,594,0.057
279,594,0.098
288,594,0.129
297,594,0.199
306,594,0.173
315,594,0.151
324,594,0.131
333,594,0.093
342,594,0.12
351,594,0.085
360,594,0.09
369,594,0.062
378,594,0.066
387,594,0.057
396,594,0.061
405,594,0.079
414,594,0.055
423,594,0.059
432,594,0.041
441,594,0.027
450,594,0.037
459,594,0.031
468,594,0.064
477,594,0.082
486,594,0.086
495,594,0.107
504,594,0.133
513,594,0.099
522,594,0.122
531,594,0.127
540,594,0.207
549,594,0.185
558,594,0.22
567,594,0.227
576,594,0.267
585,594,0.311
594,594,0.248
603,594,0.255
612,594,0.262
621,594,0.207
630,594,0.186
639,594,0.192
648,594,0.172
657,594,0.178
666,594,0.138
675,594,0.165
684,594,0.109
693,594,0.113
702,594,0.1
711,594,0.121
720,594,0.145
729,594,0.173
738,594,0.203
747,594,0.209
756,594,0.244
765,594,0.194
774,594,0.227
783,594,0.234
792,594,0.212
801,594,0.217
810,594,0.197
819,594,0.202
828,594,0.182
837,594,0.164
846,594,0.28
855,594,0.321
864,594,0.294
873,594,0.301
882,594,0.345
891,594,0.435
900,594,0.592
909,594,0.5
918,594,0.419
927,594,0.521
936,594,0.482
945,594,0.492
954,594,0.456
963,594,0.563
972,594,-0.523
981,594,-0.485
990,594,-0.495
999,594,-0.556
1008,594,-0.468
1017,594,-0.39
1026,594,-0.488
1035,594,-0.601
1044,594,-0.559
1053,594,-0.571
1062,594,-0.582
1071,594,-0.541
1080,594,-0.553
1089,594,-0.564
1098,594,-0.576
1107,594,-0.644
1116,594,-0.657
1125,594,-0.612
1134,594,-0.469
1143,594,-0.479
1152,594,-0.49
1161,594,-0.453
1170,594,-0.375
1179,594,-0.344
1188,594,-0.393
1197,594,-0.495
1206,594,-0.614
1215,594,-0.517
1224,594,-0.64
1233,594,-0.716
1242,594,-0.798
1251,594,-0.623
1260,594,-0.636
1269,594,-0.651
1278,594,-0.796
1287,594,-0.745
1296,594,-0.831
1305,594,-0.925
1314,594,-0.868
1323,594,-0.887
1332,594,-0.832
1341,594,-0.778
1350,594,-0.599
1359,594,-0.676
1368,594,-0.628
1377,594,-0.524
1386,594,-0.798
1395,594,-0.676
1404,594,-0.916
1413,594,-0.857
1422,594,-0.879
1431,594,-0.821
1440,594,-0.766
1449,594,-0.712
1458,594,-0.594
1467,594,-0.678
1476,594,-1.023
1485,594,-1.147
1494,594,-1.178
1503,594,-1.43
1512,594,-1.139
1521,594,-1.278
1530,594,-1.204
1539,594,-0.937
1548,594,-0.788
1557,594,-0.581
1566,594,-0.468
1575,594,-0.548
1584,594,-0.499
1593,594,-0.584
1602,594,-0.467
1611,594,-0.365
1620,594,-0.377
1629,594,-0.45
1638,594,-0.347
1647,594,-0.307
1656,594,-0.225
1665,594,-0.159
1674,594,-0.107
1683,594,-0.088
1692,594,-0.142
1701,594,-0.147
1710,594,-0.121
1719,594,-0.239
1728,594,-0.302
1737,594,-0.379
1746,594,-0.658
1755,594,-0.497
1764,594,-0.435
1773,594,-0.457
1782,594,-0.255
1791,594,-0.209
1800,594,-0.166
1809,594,-0.093
1818,594,-0.132
1827,594,-0.136
1836,594,-0.097
1845,594,-0.041
1854,594,-0.063
1863,594,-0.152
1872,594,-0.237
1881,594,-0.383
1890,594,-0.435
1899,594,-0.303
1908,594,-0.36
1917,594,0
9,603,-0
18,603,0.02
27,603,0.006
36,603,0.006
45,603,0.013
54,603,0.01
63,603,0.008
72,603,0.013
81,603,0.018
90,603,0.024
99,603,0.019
108,603,0.024
117,603,0.044
126,603,0.035
135,603,0.018
144,603,0.009
153,603,0.004
162,603,0.03
171,603,0.024
180,603,0.038
189,603,0.022
198,603,0.035
207,603,0.039
216,603,0.031
225,603,0.025
234,603,0.021
243,603,0.023
252,603,0.035
261,603,0.05
270,603,0.069
279,603,0.115
288,603,0.148
297,603,0.221
306,603,0.192
315,603,0.167
324,603,0.144
333,603,0.102
342,603,0.13
351,603,0.092
360,603,0.096
369,603,0.067
378,603,0.07
387,603,0.06
396,603,0.063
405,603,0.081
414,603,0.057
423,603,0.06
432,603,0.041
441,603,0.027
450,603,0.036
459,603,0.031
468,603,0.062
477,603,0.079
486,603,0.082
495,603,0.102
504,603,0.147
513,603,0.11
522,603,0.134
531,603,0.138
540,603,0.221
549,603,0.197
558,603,0.232
567,603,0.238
576,603,0.277
585,603,0.361
594,603,0.289
603,603,0.333
612,603,0.34
621,603,0.272
630,603,0.245
639,603,0.251
648,603,0.225
657,603,0.231
666,603,0.181
675,603,0.212
684,603,0.165
693,603,0.17
702,603,0.151
711,603,0.178
720,603,0.209
729,603,0.242
738,603,0.28
747,603,0.285
756,603,0.327
765,603,0.264
774,603,0.303
783,603,0.309
792,603,0.28
801,603,0.286
810,603,0.259
819,603,0.264
828,603,0.239
837,603,0.216
846,603,0.352
855,603,0.398
864,603,0.364
873,603,0.371
882,603,0.419
891,603,0.519
900,603,0.691
909,603,0.642
918,603,0.544
927,603,0.661
936,603,0.614
945,603,0.624
954,603,0.578
963,603,0.701
972,603,-0.652
981,603,-0.606
990,603,-0.615
999,603,-0.682
1008,603,-0.58
1017,603,-0.488
1026,603,-0.598
1035,603,-0.724
1044,603,-0.674
1053,603,-0.685
1062,603,-0.695
1071,603,-0.647
1080,603,-0.657
1089,603,-0.668
1098,603,-0.678
1107,603,-0.751
1116,603,-0.762
1125,603,-0.711
1134,603,-0.551
1143,603,-0.56
1152,603,-0.57
1161,603,-0.527
1170,603,-0.439
1179,603,-0.403
1188,603,-0.456
1197,603,-0.565
1206,603,-0.691
1215,603,-0.585
1224,603,-0.715
1233,603,-0.794
1242,603,-0.878
1251,603,-0.689
1260,603,-0.701
1269,603,-0.78
1278,603,-0.94
1287,603,-0.88
1296,603,-0.973
1305,603,-1.072
1314,603,-1.008
1323,603,-1.026
1332,603,-0.962
1341,603,-0.901
1350,603,-0.701
1359,603,-0.784
1368,603,-0.729
1377,603,-0.613
1386,603,-0.909
1395,603,-0.848
1404,603,-1.12
1413,603,-1.051
1422,603,-1.073
1431,603,-1.005
1440,603,-0.94
1449,603,-0.877
1458,603,-0.74
1467,603,-0.834
1476,603,-1.218
1485,603,-1.353
1494,603,-1.384
1503,603,-1.657
1512,603,-1.335
1521,603,-1.484
1530,603,-1.401
1539,603,-1.104
1548,603,-0.936
1557,603,-0.702
1566,603,-0.573
1575,603,-0.661
1584,603,-0.604
1593,603,-0.698
1602,603,-0.564
1611,603,-0.447
1620,603,-0.459
1629,603,-0.541
1638,603,-0.422
1647,603,-0.374
1656,603,-0.279
1665,603,-0.201
1674,603,-0.138
1683,603,-0.114
1692,603,-0.178
1701,603,-0.183
1710,603,-0.151
1719,603,-0.286
1728,603,-0.356
1737,603,-0.44
1746,603,-0.742
1755,603,-0.565
1764,603,-0.496
1773,603,-0.518
1782,603,-0.295
1791,603,-0.242
1800,603,-0.194
1809,603,-0.11
1818,603,-0.153
1827,603,-0.156
1836,603,-0.112
1845,603,-0.049
1854,603,-0.073
1863,603,-0.168
1872,603,-0.258
1881,603,-0.408
1890,603,-0.459
1899,603,-0.319
1908,603,-0.372
1917,603,0
9,612,-0
18,612,0.019
27,612,0.005
36,612,0.005
45,612,0.011
54,612,0.009
63,612,0.007
72,612,0.011
81,612,0.015
90,612,0.02
99,612,0.015
108,612,0.019
117,612,0.036
126,612,0.028
135,612,0.014
144,612,0.007
153,612,0.003
162,612,0.022
171,612,0.018
180,612,0.041
189,612,0.023
198,612,0.036
207,612,0.039
216,612,0.032
225,612,0.025
234,612,0.02
243,612,0.022
252,612,0.033
261,612,0.047
270,612,0.065
279,612,0.108
288,612,0.138
297,612,0.207
306,612,0.178
315,612,0.153
324,612,0.131
333,612,0.091
342,612,0.116
351,612,0.081
360,612,0.084
369,612,0.057
378,612,0.06
387,612,0.05
396,612,0.053
405,612,0.068
414,612,0.046
423,612,0.049
432,612,0.032
441,612,0.021
450,612,0.028
459,612,0.024
468,612,0.049
477,612,0.062
486,612,0.078
495,612,0.097
504,612,0.139
513,612,0.103
522,612,0.125
531,612,0.128
540,612,0.206
549,612,0.182
558,612,0.214
567,612,0.249
576,612,0.288
585,612,0.371
594,612,0.297
603,612,0.34
612,612,0.345
621,612,0.275
630,612,0.247
639,612,0.251
648,612,0.225
657,612,0.228
666,612,0.178
675,612,0.208
684,612,0.161
693,612,0.164
702,612,0.145
711,612,0.171
720,612,0.199
729,612,0.23
738,612,0.265
747,612,0.269
756,612,0.307
765,612,0.246
774,612,0.281
783,612,0.285
792,612,0.257
801,612,0.261
810,612,0.235
819,612,0.239
828,612,0.215
837,612,0.192
846,612,0.316
855,612,0.357
864,612,0.325
873,612,0.329
882,612,0.372
891,612,0.462
900,612,0.619
909,612,0.572
918,612,0.479
927,612,0.585
936,612,0.539
945,612,0.546
954,612,0.503
963,612,0.612
972,612,-0.565
981,612,-0.521
990,612,-0.527
999,612,-0.585
1008,612,-0.54
1017,612,-0.451
1026,612,-0.554
1035,612,-0.67
1044,612,-0.621
1053,612,-0.628
1062,612,-0.636
1071,612,-0.588
1080,612,-0.595
1089,612,-0.603
1098,612,-0.61
1107,612,-0.675
1116,612,-0.684
1125,612,-0.633
1134,612,-0.484
1143,612,-0.49
1152,612,-0.547
1161,612,-0.503
1170,612,-0.417
1179,612,-0.38
1188,612,-0.429
1197,612,-0.531
1206,612,-0.65
1215,612,-0.546
1224,612,-0.667
1233,612,-0.739
1242,612,-0.816
1251,612,-0.634
1260,612,-0.643
1269,612,-0.714
1278,612,-0.862
1287,612,-0.802
1296,612,-0.886
1305,612,-0.976
1314,612,-0.912
1323,612,-0.925
1332,612,-0.862
1341,612,-0.802
1350,612,-0.615
1359,612,-0.688
1368,612,-0.634
1377,612,-0.526
1386,612,-0.791
1395,612,-0.733
1404,612,-0.976
1413,612,-0.909
1422,612,-1.009
1431,612,-0.94
1440,612,-0.874
1449,612,-0.81
1458,612,-0.678
1467,612,-0.762
1476,612,-1.121
1485,612,-1.243
1494,612,-1.267
1503,612,-1.519
1512,612,-1.211
1521,612,-1.345
1530,612,-1.261
1539,612,-1.077
1548,612,-0.908
1557,612,-0.755
1566,612,-0.617
1575,612,-0.706
1584,612,-0.644
1593,612,-0.739
1602,612,-0.598
1611,612,-0.473
1620,612,-0.484
1629,612,-0.565
1638,612,-0.441
1647,612,-0.39
1656,612,-0.29
1665,612,-0.208
1674,612,-0.143
1683,612,-0.117
1692,612,-0.181
1701,612,-0.184
1710,612,-0.151
1719,612,-0.283
1728,612,-0.348
1737,612,-0.428
1746,612,-0.718
1755,612,-0.541
1764,612,-0.47
1773,612,-0.487
1782,612,-0.272
1791,612,-0.22
1800,612,-0.172
1809,612,-0.095
1818,612,-0.13
1827,612,-0.13
1836,612,-0.09
1845,612,-0.036
1854,612,-0.053
1863,612,-0.124
1872,612,-0.188
1881,612,-0.293
1890,612,-0.31
1899,612,-0.182
1908,612,-0.164
1917,612,0
9,621,-0
18,621,0.017
27,621,0.004
36,621,0.004
45,621,0.009
54,621,0.007
63,621,0.005
72,621,0.009
81,621,0.012
90,621,0.016
99,621,0.012
108,621,0.015
117,621,0.029
126,621,0.022
135,621,0.01
144,621,0.005
153,621,0.002
162,621,0.017
171,621,0.013
180,621,0.031
189,621,0.017
198,621,0.027
207,621,0.029
216,621,0.023
225,621,0.018
234,621,0.027
243,621,0.03
252,621,0.042
261,621,0.058
270,621,0.078
279,621,0.125
288,621,0.157
297,621,0.23
306,621,0.197
315,621,0.169
324,621,0.144
333,621,0.1
342,621,0.125
351,621,0.087
360,621,0.09
369,621,0.061
378,621,0.063
387,621,0.053
396,621,0.055
405,621,0.07
414,621,0.048
423,621,0.049
432,621,0.033
441,621,0.021
450,621,0.028
459,621,0.023
468,621,0.047
477,621,0.06
486,621,0.075
495,621,0.092
504,621,0.132
513,621,0.096
522,621,0.116
531,621,0.119
540,621,0.191
549,621,0.168
558,621,0.196
567,621,0.228
576,621,0.263
585,621,0.34
594,621,0.269
603,621,0.308
612,621,0.311
621,621,0.245
630,621,0.218
639,621,0.221
648,621,0.196
657,621,0.198
666,621,0.152
675,621,0.178
684,621,0.136
693,621,0.138
702,621,0.12
711,621,0.142
720,621,0.165
729,621,0.192
738,621,0.221
747,621,0.223
756,621,0.256
765,621,0.201
774,621,0.231
783,621,0.234
792,621,0.208
801,621,0.211
810,621,0.187
819,621,0.19
828,621,0.168
837,621,0.148
846,621,0.251
855,621,0.285
864,621,0.257
873,621,0.259
882,621,0.294
891,621,0.41
900,621,0.552
909,621,0.507
918,621,0.42
927,621,0.515
936,621,0.472
945,621,0.475
954,621,0.479
963,621,0.582
972,621,-0.535
981,621,-0.491
990,621,-0.495
999,621,-0.548
1008,621,-0.503
1017,621,-0.417
1026,621,-0.512
1035,621,-0.62
1044,621,-0.571
1053,621,-0.576
1062,621,-0.581
1071,621,-0.534
1080,621,-0.538
1089,621,-0.543
1098,621,-0.548
1107,621,-0.605
1116,621,-0.611
1125,621,-0.562
1134,621,-0.423
1143,621,-0.427
1152,621,-0.476
1161,621,-0.435
1170,621,-0.355
1179,621,-0.321
1188,621,-0.362
1197,621,-0.451
1206,621,-0.555
1215,621,-0.46
1224,621,-0.566
1233,621,-0.628
1242,621,-0.694
1251,621,-0.529
1260,621,-0.534
1269,621,-0.595
1278,621,-0.722
1287,621,-0.666
1296,621,-0.737
1305,621,-0.814
1314,621,-0.753
1323,621,-0.761
1332,621,-0.703
1341,621,-0.647
1350,621,-0.537
1359,621,-0.6
1368,621,-0.549
1377,621,-0.449
1386,621,-0.685
1395,621,-0.629
1404,621,-0.845
1413,621,-0.781
1422,621,-0.867
1431,621,-0.801
1440,621,-0.738
1449,621,-0.678
1458,621,-0.557
1467,621,-0.628
1476,621,-0.941
1485,621,-1.045
1494,621,-1.061
1503,621,-1.28
1512,621,-1
1521,621,-1.113
1530,621,-1.033
1539,621,-0.867
1548,621,-0.716
1557,621,-0.582
1566,621,-0.463
1575,621,-0.532
1584,621,-0.477
1593,621,-0.621
1602,621,-0.492
1611,621,-0.381
1620,621,-0.445
1629,621,-0.518
1638,621,-0.399
1647,621,-0.348
1656,621,-0.301
1665,621,-0.216
1674,621,-0.148
1683,621,-0.12
1692,621,-0.183
1701,621,-0.184
1710,621,-0.15
1719,621,-0.279
1728,621,-0.341
1737,621,-0.416
1746,621,-0.695
1755,621,-0.519
1764,621,-0.446
1773,621,-0.458
1782,621,-0.25
1791,621,-0.198
1800,621,-0.152
1809,621,-0.081
1818,621,-0.11
1827,621,-0.107
1836,621,-0.104
1845,621,-0.043
1854,621,-0.061
1863,621,-0.139
1872,621,-0.205
1881,621,-0.314
1890,621,-0.329
1899,621,-0.193
1908,621,-0.172
1917,621,0
9,630,-0
18,630,0.015
27,630,0.013
36,630,0.01
45,630,0.018
54,630,0.013
63,630,0.019
72,630,0.024
81,630,0.03
90,630,0.036
99,630,0.026
108,630,0.031
117,630,0.052
126,630,0.039
135,630,0.02
144,630,0.009
153,630,0.004
162,630,0.028
171,630,0.021
180,630,0.046
189,630,0.026
198,630,0.038
207,630,0.041
216,630,0.032
225,630,0.025
234,630,0.036
243,630,0.038
252,630,0.053
261,630,0.071
270,630,0.093
279,630,0.144
288,630,0.178
297,630,0.254
306,630,0.217
315,630,0.185
324,630,0.188
333,630,0.133
342,630,0.162
351,630,0.114
360,630,0.117
369,630,0.08
378,630,0.082
387,630,0.069
396,630,0.07
405,630,0.088
414,630,0.06
423,630,0.062
432,630,0.041
441,630,0.027
450,630,0.035
459,630,0.029
468,630,0.056
477,630,0.07
486,630,0.086
495,630,0.104
504,630,0.146
513,630,0.107
522,630,0.128
531,630,0.129
540,630,0.204
549,630,0.179
558,630,0.207
567,630,0.239
576,630,0.274
585,630,0.35
594,630,0.277
603,630,0.314
612,630,0.315
621,630,0.248
630,630,0.22
639,630,0.221
648,630,0.195
657,630,0.224
666,630,0.173
675,630,0.199
684,630,0.153
693,630,0.154
702,630,0.134
711,630,0.156
720,630,0.18
729,630,0.207
738,630,0.237
747,630,0.238
756,630,0.27
765,630,0.212
774,630,0.242
783,630,0.243
792,630,0.216
801,630,0.217
810,630,0.193
819,630,0.194
828,630,0.171
837,630,0.15
846,630,0.252
855,630,0.285
864,630,0.255
873,630,0.256
882,630,0.289
891,630,0.402
900,630,0.54
909,630,0.493
918,630,0.407
927,630,0.497
936,630,0.453
945,630,0.455
954,630,0.503
963,630,0.607
972,630,-0.556
981,630,-0.509
990,630,-0.511
999,630,-0.563
1008,630,-0.515
1017,630,-0.426
1026,630,-0.52
1035,630,-0.626
1044,630,-0.575
1053,630,-0.577
1062,630,-0.58
1071,630,-0.531
1080,630,-0.534
1089,630,-0.536
1098,630,-0.539
1107,630,-0.593
1116,630,-0.596
1125,630,-0.546
1134,630,-0.409
1143,630,-0.411
1152,630,-0.457
1161,630,-0.415
1170,630,-0.336
1179,630,-0.302
1188,630,-0.34
1197,630,-0.423
1206,630,-0.52
1215,630,-0.427
1224,630,-0.526
1233,630,-0.582
1242,630,-0.642
1251,630,-0.535
1260,630,-0.538
1269,630,-0.596
1278,630,-0.72
1287,630,-0.662
1296,630,-0.797
1305,630,-0.874
1314,630,-0.808
1323,630,-0.814
1332,630,-0.75
1341,630,-0.69
1350,630,-0.573
1359,630,-0.636
1368,630,-0.581
1377,630,-0.475
1386,630,-0.716
1395,630,-0.656
1404,630,-0.874
1413,630,-0.805
1422,630,-0.89
1431,630,-0.82
1440,630,-0.753
1449,630,-0.689
1458,630,-0.565
1467,630,-0.634
1476,630,-0.944
1485,630,-1.044
1494,630,-1.056
1503,630,-1.269
1512,630,-1.081
1521,630,-1.195
1530,630,-1.109
1539,630,-0.932
1548,630,-0.772
1557,630,-0.628
1566,630,-0.501
1575,630,-0.572
1584,630,-0.511
1593,630,-0.658
1602,630,-0.523
1611,630,-0.405
1620,630,-0.469
1629,630,-0.541
1638,630,-0.416
1647,630,-0.363
1656,630,-0.313
1665,630,-0.223
1674,630,-0.152
1683,630,-0.123
1692,630,-0.225
1701,630,-0.226
1710,630,-0.185
1719,630,-0.331
1728,630,-0.399
1737,630,-0.48
1746,630,-0.781
1755,630,-0.588
1764,630,-0.507
1773,630,-0.518
1782,630,-0.289
1791,630,-0.23
1800,630,-0.178
1809,630,-0.096
1818,630,-0.128
1827,630,-0.124
1836,630,-0.12
1845,630,-0.05
1854,630,-0.071
1863,630,-0.154
1872,630,-0.224
1881,630,-0.337
1890,630,-0.349
1899,630,-0.204
1908,630,-0.179
1917,630,0
9,639,-0
18,639,0.014
27,639,0.012
36,639,0.009
45,639,0.016
54,639,0.011
63,639,0.016
72,639,0.02
81,639,0.025
90,639,0.047
99,639,0.034
108,639,0.038
117,639,0.062
126,639,0.046
135,639,0.023
144,639,0.011
153,639,0.005
162,639,0.043
171,639,0.033
180,639,0.065
189,639,0.037
198,639,0.053
207,639,0.073
216,639,0.058
225,639,0.046
234,639,0.062
243,639,0.064
252,639,0.084
261,639,0.107
270,639,0.135
279,639,0.199
288,639,0.28
297,639,0.378
306,639,0.326
315,639,0.281
324,639,0.281
333,639,0.205
342,639,0.241
351,639,0.175
360,639,0.176
369,639,0.125
378,639,0.126
387,639,0.106
396,639,0.107
405,639,0.129
414,639,0.091
423,639,0.092
432,639,0.063
441,639,0.042
450,639,0.053
459,639,0.044
468,639,0.08
477,639,0.097
486,639,0.116
495,639,0.138
504,639,0.188
513,639,0.139
522,639,0.163
531,639,0.164
540,639,0.249
549,639,0.218
558,639,0.25
567,639,0.284
576,639,0.321
585,639,0.403
594,639,0.32
603,639,0.36
612,639,0.359
621,639,0.284
630,639,0.251
639,639,0.251
648,639,0.222
657,639,0.252
666,639,0.195
675,639,0.222
684,639,0.195
693,639,0.196
702,639,0.171
711,639,0.196
720,639,0.223
729,639,0.253
738,639,0.285
747,639,0.285
756,639,0.319
765,639,0.253
774,639,0.285
783,639,0.285
792,639,0.253
801,639,0.285
810,639,0.253
819,639,0.253
828,639,0.225
837,639,0.198
846,639,0.318
855,639,0.355
864,639,0.318
873,639,0.318
882,639,0.355
891,639,0.48
900,639,0.632
909,639,0.578
918,639,0.48
927,639,0.578
936,639,0.527
945,639,0.527
954,639,0.578
963,639,0.688
972,639,-0.631
981,639,-0.578
990,639,-0.578
999,639,-0.632
1008,639,-0.578
1017,639,-0.48
1026,639,-0.578
1035,639,-0.69
1044,639,-0.633
1053,639,-0.633
1062,639,-0.634
1071,639,-0.58
1080,639,-0.58
1089,639,-0.581
1098,639,-0.581
1107,639,-0.636
1116,639,-0.637
1125,639,-0.583
1134,639,-0.437
1143,639,-0.437
1152,639,-0.484
1161,639,-0.438
1170,639,-0.355
1179,639,-0.318
1188,639,-0.356
1197,639,-0.439
1206,639,-0.536
1215,639,-0.44
1224,639,-0.538
1233,639,-0.592
1242,639,-0.651
1251,639,-0.54
1260,639,-0.541
1269,639,-0.597
1278,639,-0.718
1287,639,-0.658
1296,639,-0.789
1305,639,-0.862
1314,639,-0.794
1323,639,-0.796
1332,639,-0.731
1341,639,-0.669
1350,639,-0.553
1359,639,-0.612
1368,639,-0.555
1377,639,-0.451
1386,639,-0.681
1395,639,-0.62
1404,639,-0.903
1413,639,-0.83
1422,639,-0.913
1431,639,-0.839
1440,639,-0.768
1449,639,-0.701
1458,639,-0.574
1467,639,-0.64
1476,639,-0.947
1485,639,-1.042
1494,639,-1.05
1503,639,-1.257
1512,639,-1.068
1521,639,-1.176
1530,639,-1.086
1539,639,-0.909
1548,639,-0.748
1557,639,-0.605
1566,639,-0.479
1575,639,-0.544
1584,639,-0.483
1593,639,-0.621
1602,639,-0.488
1611,639,-0.373
1620,639,-0.431
1629,639,-0.496
1638,639,-0.376
1647,639,-0.324
1656,639,-0.275
1665,639,-0.193
1674,639,-0.128
1683,639,-0.101
1692,639,-0.188
1701,639,-0.186
1710,639,-0.149
1719,639,-0.272
1728,639,-0.327
1737,639,-0.393
1746,639,-0.651
1755,639,-0.564
1764,639,-0.573
1773,639,-0.582
1782,639,-0.332
1791,639,-0.265
1800,639,-0.206
1809,639,-0.113
1818,639,-0.148
1827,639,-0.143
1836,639,-0.137
1845,639,-0.059
1854,639,-0.081
1863,639,-0.171
1872,639,-0.244
1881,639,-0.36
1890,639,-0.369
1899,639,-0.216
1908,639,-0.187
1917,639,0
9,648,0.011
18,648,0.043
27,648,0.029
36,648,0.02
45,648,0.028
54,648,0.019
63,648,0.025
72,648,0.03
81,648,0.035
90,648,0.06
99,648,0.043
108,648,0.047
117,648,0.073
126,648,0.054
135,648,0.027
144,648,0.013
153,648,0.006
162,648,0.047
171,648,0.036
180,648,0.069
189,648,0.039
198,648,0.055
207,648,0.074
216,648,0.076
225,648,0.06
234,648,0.078
243,648,0.08
252,648,0.102
261,648,0.127
270,648,0.156
279,648,0.225
288,648,0.31
297,648,0.412
306,648,0.354
315,648,0.304
324,648,0.302
333,648,0.22
342,648,0.257
351,648,0.186
360,648,0.186
369,648,0.132
378,648,0.132
387,648,0.11
396,648,0.11
405,648,0.132
414,648,0.092
423,648,0.093
432,648,0.063
441,648,0.042
450,648,0.064
459,648,0.052
468,648,0.094
477,648,0.111
486,648,0.131
495,648,0.154
504,648,0.206
513,648,0.153
522,648,0.177
531,648,0.177
540,648,0.265
549,648,0.231
558,648,0.262
567,648,0.296
576,648,0.332
585,648,0.414
594,648,0.328
603,648,0.366
612,648,0.364
621,648,0.287
630,648,0.253
639,648,0.252
648,648,0.221
657,648,0.249
666,648,0.192
675,648,0.218
684,648,0.19
693,648,0.189
702,648,0.165
711,648,0.188
720,648,0.213
729,648,0.24
738,648,0.27
747,648,0.268
756,648,0.3
765,648,0.236
774,648,0.264
783,648,0.263
792,648,0.232
801,648,0.261
810,648,0.23
819,648,0.229
828,648,0.201
837,648,0.176
846,648,0.286
855,648,0.318
864,648,0.283
873,648,0.282
882,648,0.313
891,648,0.427
900,648,0.566
909,648,0.514
918,648,0.422
927,648,0.509
936,648,0.461
945,648,0.459
954,648,0.503
963,648,0.602
972,648,-0.548
981,648,-0.497
990,648,-0.495
999,648,-0.542
1008,648,-0.491
1017,648,-0.402
1026,648,-0.488
1035,648,-0.585
1044,648,-0.532
1053,648,-0.53
1062,648,-0.528
1071,648,-0.479
1080,648,-0.477
1089,648,-0.475
1098,648,-0.474
1107,648,-0.52
1116,648,-0.518
1125,648,-0.469
1134,648,-0.343
1143,648,-0.341
1152,648,-0.378
1161,648,-0.418
1170,648,-0.337
1179,648,-0.299
1188,648,-0.334
1197,648,-0.412
1206,648,-0.502
1215,648,-0.409
1224,648,-0.499
1233,648,-0.549
1242,648,-0.601
1251,648,-0.546
1260,648,-0.599
1269,648,-0.656
1278,648,-0.782
1287,648,-0.716
1296,648,-0.85
1305,648,-0.924
1314,648,-0.85
1323,648,-0.85
1332,648,-0.779
1341,648,-0.712
1350,648,-0.589
1359,648,-0.648
1368,648,-0.587
1377,648,-0.477
1386,648,-0.711
1395,648,-0.646
1404,648,-0.932
1413,648,-0.855
1422,648,-0.936
1431,648,-0.858
1440,648,-0.784
1449,648,-0.785
1458,648,-0.646
1467,648,-0.714
1476,648,-1.037
1485,648,-1.135
1494,648,-1.14
1503,648,-1.353
1512,648,-1.151
1521,648,-1.261
1530,648,-1.164
1539,648,-0.976
1548,648,-0.805
1557,648,-0.653
1566,648,-0.518
1575,648,-0.584
1584,648,-0.518
1593,648,-0.659
1602,648,-0.518
1611,648,-0.397
1620,648,-0.454
1629,648,-0.519
1638,648,-0.394
1647,648,-0.392
1656,648,-0.336
1665,648,-0.239
1674,648,-0.162
1683,648,-0.129
1692,648,-0.231
1701,648,-0.228
1710,648,-0.184
1719,648,-0.323
1728,648,-0.383
1737,648,-0.454
1746,648,-0.733
1755,648,-0.637
1764,648,-0.643
1773,648,-0.651
1782,648,-0.378
1791,648,-0.304
1800,648,-0.237
1809,648,-0.133
1818,648,-0.171
1827,648,-0.164
1836,648,-0.156
1845,648,-0.068
1854,648,-0.093
1863,648,-0.189
1872,648,-0.265
1881,648,-0.384
1890,648,-0.39
1899,648,-0.228
1908,648,-0.195
1917,648,0
9,657,0.01
18,657,0.039
27,657,0.026
36,657,0.017
45,657,0.025
54,657,0.016
63,657,0.021
72,657,0.025
81,657,0.029
90,657,0.051
99,657,0.036
108,657,0.039
117,657,0.06
126,657,0.044
135,657,0.021
144,657,0.01
153,657,0.004
162,657,0.037
171,657,0.027
180,657,0.072
189,657,0.055
198,657,0.074
207,657,0.097
216,657,0.097
225,657,0.076
234,657,0.098
243,657,0.098
252,657,0.15
261,657,0.181
270,657,0.215
279,657,0.297
288,657,0.395
297,657,0.509
306,657,0.44
315,657,0.378
324,657,0.373
333,657,0.276
342,657,0.315
351,657,0.231
360,657,0.229
369,657,0.165
378,657,0.163
387,657,0.137
396,657,0.136
405,657,0.159
414,657,0.112
423,657,0.112
432,657,0.077
441,657,0.051
450,657,0.076
459,657,0.063
468,657,0.108
477,657,0.127
486,657,0.148
495,657,0.171
504,657,0.225
513,657,0.168
522,657,0.192
531,657,0.19
540,657,0.281
549,657,0.245
558,657,0.275
567,657,0.308
576,657,0.343
585,657,0.425
594,657,0.336
603,657,0.373
612,657,0.369
621,657,0.29
630,657,0.254
639,657,0.252
648,657,0.22
657,657,0.247
666,657,0.189
675,657,0.213
684,657,0.185
693,657,0.183
702,657,0.159
711,657,0.18
720,657,0.203
729,657,0.228
738,657,0.255
747,657,0.253
756,657,0.281
765,657,0.219
774,657,0.245
783,657,0.243
792,657,0.213
801,657,0.238
810,657,0.209
819,657,0.206
828,657,0.18
837,657,0.156
846,657,0.255
855,657,0.284
864,657,0.25
873,657,0.248
882,657,0.276
891,657,0.378
900,657,0.504
909,657,0.455
918,657,0.368
927,657,0.447
936,657,0.401
945,657,0.398
954,657,0.436
963,657,0.523
972,657,-0.519
981,657,-0.469
990,657,-0.465
999,657,-0.507
1008,657,-0.503
1017,657,-0.411
1026,657,-0.496
1035,657,-0.591
1044,657,-0.536
1053,657,-0.532
1062,657,-0.528
1071,657,-0.477
1080,657,-0.52
1089,657,-0.517
1098,657,-0.563
1107,657,-0.612
1116,657,-0.608
1125,657,-0.551
1134,657,-0.409
1143,657,-0.405
1152,657,-0.445
1161,657,-0.487
1170,657,-0.395
1179,657,-0.352
1188,657,-0.389
1197,657,-0.473
1206,657,-0.569
1215,657,-0.514
1224,657,-0.675
1233,657,-0.733
1242,657,-0.794
1251,657,-0.725
1260,657,-0.787
1269,657,-0.852
1278,657,-0.997
1287,657,-0.917
1296,657,-1.071
1305,657,-1.153
1314,657,-1.066
1323,657,-1.063
1332,657,-0.98
1341,657,-0.9
1350,657,-0.754
1359,657,-0.821
1368,657,-0.748
1377,657,-0.617
1386,657,-0.887
1395,657,-0.81
1404,657,-1.134
1413,657,-1.045
1422,657,-1.133
1431,657,-1.043
1440,657,-0.956
1449,657,-0.955
1458,657,-0.795
1467,657,-0.871
1476,657,-1.23
1485,657,-1.336
1494,657,-1.338
1503,657,-1.569
1512,657,-1.345
1521,657,-1.462
1530,657,-1.353
1539,657,-1.143
1548,657,-0.953
1557,657,-0.78
1566,657,-0.627
1575,657,-0.699
1584,657,-0.623
1593,657,-0.779
1602,657,-0.62
1611,657,-0.481
1620,657,-0.545
1629,657,-0.615
1638,657,-0.473
1647,657,-0.47
1656,657,-0.404
1665,657,-0.293
1674,657,-0.202
1683,657,-0.162
1692,657,-0.279
1701,657,-0.275
1710,657,-0.224
1719,657,-0.379
1728,657,-0.445
1737,657,-0.521
1746,657,-0.82
1755,657,-0.714
1764,657,-0.719
1773,657,-0.725
1782,657,-0.429
1791,657,-0.346
1800,657,-0.271
1809,657,-0.155
1818,657,-0.196
1827,657,-0.187
1836,657,-0.177
1845,657,-0.079
1854,657,-0.105
1863,657,-0.209
1872,657,-0.287
1881,657,-0.409
1890,657,-0.412
1899,657,-0.24
1908,657,-0.203
1917,657,0
9,666,0.009
18,666,0.036
27,666,0.023
36,666,0.015
45,666,0.022
54,666,0.014
63,666,0.018
72,666,0.021
81,666,0.024
90,666,0.043
99,666,0.03
108,666,0.032
117,666,0.05
126,666,0.035
135,666,0.017
144,666,0.007
153,666,0.003
162,666,0.029
171,666,0.021
180,666,0.057
189,666,0.043
198,666,0.058
207,666,0.076
216,666,0.097
225,666,0.076
234,666,0.096
243,666,0.095
252,666,0.145
261,666,0.174
270,666,0.206
279,666,0.283
288,666,0.375
297,666,0.483
306,666,0.414
315,666,0.353
324,666,0.346
333,666,0.253
342,666,0.289
351,666,0.209
360,666,0.206
369,666,0.146
378,666,0.143
387,666,0.119
396,666,0.117
405,666,0.137
414,666,0.095
423,666,0.094
432,666,0.063
441,666,0.041
450,666,0.062
459,666,0.05
468,666,0.088
477,666,0.103
486,666,0.121
495,666,0.14
504,666,0.186
513,666,0.136
522,666,0.156
531,666,0.153
540,666,0.231
549,666,0.227
558,666,0.255
567,666,0.284
576,666,0.316
585,666,0.391
594,666,0.307
603,666,0.339
612,666,0.334
621,666,0.26
630,666,0.225
639,666,0.222
648,666,0.192
657,666,0.215
666,666,0.162
675,666,0.183
684,666,0.157
693,666,0.155
702,666,0.132
711,666,0.15
720,666,0.17
729,666,0.191
738,666,0.213
747,666,0.21
756,666,0.234
765,666,0.179
774,666,0.201
783,666,0.198
792,666,0.171
801,666,0.192
810,666,0.189
819,666,0.186
828,666,0.16
837,666,0.138
846,666,0.228
855,666,0.283
864,666,0.249
873,666,0.245
882,666,0.271
891,666,0.371
900,666,0.493
909,666,0.442
918,666,0.357
927,666,0.431
936,666,0.385
945,666,0.38
954,666,0.415
963,666,0.498
972,666,-0.492
981,666,-0.441
990,666,-0.436
999,666,-0.474
1008,666,-0.469
1017,666,-0.38
1026,666,-0.458
1035,666,-0.546
1044,666,-0.492
1053,666,-0.486
1062,666,-0.481
1071,666,-0.431
1080,666,-0.469
1089,666,-0.464
1098,666,-0.505
1107,666,-0.548
1116,666,-0.594
1125,666,-0.536
1134,666,-0.395
1143,666,-0.39
1152,666,-0.426
1161,666,-0.466
1170,666,-0.375
1179,666,-0.332
1188,666,-0.365
1197,666,-0.444
1206,666,-0.534
1215,666,-0.479
1224,666,-0.688
1233,666,-0.809
1242,666,-0.872
1251,666,-0.796
1260,666,-0.859
1269,666,-0.924
1278,666,-1.073
1287,666,-0.987
1296,666,-1.144
1305,666,-1.225
1314,666,-1.132
1323,666,-1.126
1332,666,-1.036
1341,666,-0.951
1350,666,-0.798
1359,666,-0.864
1368,666,-0.786
1377,666,-0.649
1386,666,-0.923
1395,666,-0.841
1404,666,-1.261
1413,666,-1.163
1422,666,-1.253
1431,666,-1.154
1440,666,-1.059
1449,666,-1.055
1458,666,-0.882
1467,666,-0.96
1476,666,-1.335
1485,666,-1.442
1494,666,-1.441
1503,666,-1.676
1512,666,-1.44
1521,666,-1.557
1530,666,-1.44
1539,666,-1.219
1548,666,-1.017
1557,666,-0.835
1566,666,-0.673
1575,666,-0.745
1584,666,-0.663
1593,666,-0.821
1602,666,-0.654
1611,666,-0.508
1620,666,-0.571
1629,666,-0.641
1638,666,-0.492
1647,666,-0.487
1656,666,-0.418
1665,666,-0.302
1674,666,-0.208
1683,666,-0.166
1692,666,-0.282
1701,666,-0.276
1710,666,-0.223
1719,666,-0.375
1728,666,-0.436
1737,666,-0.508
1746,666,-0.796
1755,666,-0.687
1764,666,-0.687
1773,666,-0.687
1782,666,-0.399
1791,666,-0.317
1800,666,-0.243
1809,666,-0.134
1818,666,-0.168
1827,666,-0.157
1836,666,-0.145
1845,666,-0.06
1854,666,-0.078
1863,666,-0.157
1872,666,-0.212
1881,666,-0.296
1890,666,-0.435
1899,666,-0.253
1908,666,-0.211
1917,666,0
9,675,0.009
18,675,0.034
27,675,0.021
36,675,0.013
45,675,0.019
54,675,0.012
63,675,0.015
72,675,0.018
81,675,0.02
90,675,0.036
99,675,0.024
108,675,0.026
117,675,0.041
126,675,0.028
135,675,0.013
144,675,0.005
153,675,0.002
162,675,0.022
171,675,0.015
180,675,0.044
189,675,0.033
198,675,0.045
207,675,0.059
216,675,0.076
225,675,0.058
234,675,0.074
243,675,0.073
252,675,0.114
261,675,0.137
270,675,0.163
279,675,0.228
288,675,0.307
297,675,0.4
306,675,0.338
315,675,0.284
324,675,0.277
333,675,0.198
342,675,0.227
351,675,0.16
360,675,0.156
369,675,0.107
378,675,0.105
387,675,0.085
396,675,0.083
405,675,0.098
414,675,0.066
423,675,0.064
432,675,0.042
441,675,0.026
450,675,0.04
459,675,0.032
468,675,0.058
477,675,0.069
486,675,0.082
495,675,0.095
504,675,0.13
513,675,0.092
522,675,0.106
531,675,0.104
540,675,0.162
549,675,0.159
558,675,0.179
567,675,0.202
576,675,0.226
585,675,0.285
594,675,0.216
603,675,0.241
612,675,0.236
621,675,0.178
630,675,0.151
639,675,0.17
648,675,0.145
657,675,0.163
666,675,0.12
675,675,0.136
684,675,0.115
693,675,0.112
702,675,0.094
711,675,0.107
720,675,0.122
729,675,0.137
738,675,0.155
747,675,0.151
756,675,0.17
765,675,0.126
774,675,0.142
783,675,0.139
792,675,0.118
801,675,0.133
810,675,0.13
819,675,0.127
828,675,0.107
837,675,0.09
846,675,0.156
855,675,0.198
864,675,0.171
873,675,0.167
882,675,0.186
891,675,0.262
900,675,0.358
909,675,0.316
918,675,0.247
927,675,0.304
936,675,0.267
945,675,0.262
954,675,0.287
963,675,0.351
972,675,-0.344
981,675,-0.304
990,675,-0.298
999,675,-0.326
1008,675,-0.32
1017,675,-0.251
1026,675,-0.309
1035,675,-0.375
1044,675,-0.332
1053,675,-0.326
1062,675,-0.356
1071,675,-0.314
1080,675,-0.343
1089,675,-0.337
1098,675,-0.368
1107,675,-0.401
1116,675,-0.437
1125,675,-0.388
1134,675,-0.275
1143,675,-0.269
1152,675,-0.296
1161,675,-0.362
1170,675,-0.285
1179,675,-0.248
1188,675,-0.274
1197,675,-0.337
1206,675,-0.41
1215,675,-0.403
1224,675,-0.587
1233,675,-0.693
1242,675,-0.747
1251,675,-0.676
1260,675,-0.729
1269,675,-0.785
1278,675,-0.915
1287,675,-0.834
1296,675,-0.971
1305,675,-1.123
1314,675,-1.031
1323,675,-1.022
1332,675,-0.934
1341,675,-0.851
1350,675,-0.706
1359,675,-0.764
1368,675,-0.689
1377,675,-0.561
1386,675,-0.808
1395,675,-0.73
1404,675,-1.11
1413,675,-1.015
1422,675,-1.093
1431,675,-0.999
1440,675,-0.908
1449,675,-0.9
1458,675,-0.814
1467,675,-0.884
1476,675,-1.236
1485,675,-1.331
1494,675,-1.325
1503,675,-1.542
1512,675,-1.313
1521,675,-1.418
1530,675,-1.303
1539,675,-1.091
1548,675,-0.899
1557,675,-0.728
1566,675,-0.576
1575,675,-0.638
1584,675,-0.56
1593,675,-0.697
1602,675,-0.614
1611,675,-0.472
1620,675,-0.529
1629,675,-0.591
1638,675,-0.448
1647,675,-0.439
1656,675,-0.372
1665,675,-0.263
1674,675,-0.177
1683,675,-0.139
1692,675,-0.239
1701,675,-0.23
1710,675,-0.182
1719,675,-0.311
1728,675,-0.361
1737,675,-0.419
1746,675,-0.667
1755,675,-0.564
1764,675,-0.655
1773,675,-0.65
1782,675,-0.45
1791,675,-0.36
1800,675,-0.278
1809,675,-0.156
1818,675,-0.193
1827,675,-0.179
1836,675,-0.165
1845,675,-0.07
1854,675,-0.089
1863,675,-0.174
1872,675,-0.231
1881,675,-0.317
1890,675,-0.458
1899,675,-0.266
1908,675,-0.219
1917,675,0
9,684,0.008
18,684,0.031
27,684,0.019
36,684,0.012
45,684,0.033
54,684,0.02
63,684,0.023
72,684,0.026
81,684,0.028
90,684,0.047
99,684,0.031
108,684,0.032
117,684,0.049
126,684,0.034
135,684,0.015
144,684,0.006
153,684,0.003
162,684,0.024
171,684,0.017
180,684,0.047
189,684,0.034
198,684,0.046
207,684,0.06
216,684,0.076
225,684,0.058
234,684,0.073
243,684,0.071
252,684,0.11
261,684,0.131
270,684,0.155
279,684,0.216
288,684,0.291
297,684,0.378
306,684,0.317
315,684,0.264
324,684,0.256
333,684,0.18
342,684,0.206
351,684,0.143
360,684,0.139
369,684,0.093
378,684,0.091
387,684,0.073
396,684,0.071
405,684,0.084
414,684,0.055
423,684,0.053
432,684,0.033
441,684,0.02
450,684,0.032
459,684,0.025
468,684,0.046
477,684,0.055
486,684,0.065
495,684,0.076
504,684,0.105
513,684,0.072
522,684,0.099
531,684,0.096
540,684,0.15
549,684,0.146
558,684,0.164
567,684,0.184
576,684,0.206
585,684,0.26
594,684,0.195
603,684,0.217
612,684,0.211
621,684,0.157
630,684,0.132
639,684,0.148
648,684,0.125
657,684,0.14
666,684,0.101
675,684,0.115
684,684,0.095
693,684,0.108
702,684,0.09
711,684,0.102
720,684,0.115
729,684,0.13
738,684,0.145
747,684,0.141
756,684,0.158
765,684,0.116
774,684,0.13
783,684,0.126
792,684,0.106
801,684,0.119
810,684,0.116
819,684,0.113
828,684,0.094
837,684,0.078
846,684,0.137
855,684,0.174
864,684,0.149
873,684,0.145
882,684,0.161
891,684,0.228
900,684,0.314
909,684,0.274
918,684,0.212
927,684,0.261
936,684,0.227
945,684,0.221
954,684,0.243
963,684,0.298
972,684,-0.291
981,684,-0.253
990,684,-0.277
999,684,-0.303
1008,684,-0.296
1017,684,-0.229
1026,684,-0.282
1035,684,-0.343
1044,684,-0.301
1053,684,-0.294
1062,684,-0.32
1071,684,-0.28
1080,684,-0.341
1089,684,-0.333
1098,684,-0.362
1107,684,-0.393
1116,684,-0.426
1125,684,-0.377
1134,684,-0.265
1143,684,-0.258
1152,684,-0.283
1161,684,-0.345
1170,684,-0.269
1179,684,-0.233
1188,684,-0.256
1197,684,-0.315
1206,684,-0.382
1215,684,-0.374
1224,684,-0.547
1233,684,-0.645
1242,684,-0.693
1251,684,-0.624
1260,684,-0.671
1269,684,-0.721
1278,684,-0.841
1287,684,-0.762
1296,684,-0.888
1305,684,-1.027
1314,684,-0.937
1323,684,-0.925
1332,684,-0.84
1341,684,-0.759
1350,684,-0.622
1359,684,-0.672
1368,684,-0.601
1377,684,-0.482
1386,684,-0.703
1395,684,-0.629
1404,684,-0.972
1413,684,-0.881
1422,684,-0.948
1431,684,-0.858
1440,684,-0.847
1449,684,-0.835
1458,684,-0.75
1467,684,-0.813
1476,684,-1.141
1485,684,-1.227
1494,684,-1.217
1503,684,-1.417
1512,684,-1.195
1521,684,-1.397
1530,684,-1.278
1539,684,-1.066
1548,684,-0.962
1557,684,-0.78
1566,684,-0.619
1575,684,-0.681
1584,684,-0.598
1593,684,-0.737
1602,684,-0.648
1611,684,-0.565
1620,684,-0.627
1629,684,-0.694
1638,684,-0.533
1647,684,-0.522
1656,684,-0.445
1665,684,-0.32
1674,684,-0.219
1683,684,-0.173
1692,684,-0.288
1701,684,-0.277
1710,684,-0.221
1719,684,-0.366
1728,684,-0.42
1737,684,-0.482
1746,684,-0.748
1755,684,-0.636
1764,684,-0.731
1773,684,-0.723
1782,684,-0.506
1791,684,-0.406
1800,684,-0.315
1809,684,-0.18
1818,684,-0.219
1827,684,-0.203
1836,684,-0.187
1845,684,-0.081
1854,684,-0.102
1863,684,-0.192
1872,684,-0.251
1881,684,-0.339
1890,684,-0.483
1899,684,-0.28
1908,684,-0.228
1917,684,0
9,693,0.008
18,693,0.029
27,693,0.017
36,693,0.01
45,693,0.029
54,693,0.017
63,693,0.02
72,693,0.022
81,693,0.023
90,693,0.039
99,693,0.025
108,693,0.026
117,693,0.04
126,693,0.04
135,693,0.018
144,693,0.008
153,693,0.003
162,693,0.027
171,693,0.018
180,693,0.05
189,693,0.036
198,693,0.047
207,693,0.061
216,693,0.076
225,693,0.057
234,693,0.071
243,693,0.069
252,693,0.106
261,693,0.126
270,693,0.148
279,693,0.205
288,693,0.275
297,693,0.357
306,693,0.344
315,693,0.286
324,693,0.276
333,693,0.194
342,693,0.22
351,693,0.152
360,693,0.147
369,693,0.099
378,693,0.095
387,693,0.076
396,693,0.073
405,693,0.085
414,693,0.055
423,693,0.054
432,693,0.034
441,693,0.02
450,693,0.031
459,693,0.024
468,693,0.045
477,693,0.053
486,693,0.062
495,693,0.086
504,693,0.116
513,693,0.08
522,693,0.109
531,693,0.105
540,693,0.161
549,693,0.156
558,693,0.174
567,693,0.193
576,693,0.214
585,693,0.268
594,693,0.201
603,693,0.222
612,693,0.215
621,693,0.159
630,693,0.133
639,693,0.149
648,693,0.124
657,693,0.139
666,693,0.1
675,693,0.112
684,693,0.093
693,693,0.104
702,693,0.086
711,693,0.097
720,693,0.109
729,693,0.122
738,693,0.136
747,693,0.132
756,693,0.147
765,693,0.106
774,693,0.119
783,693,0.115
792,693,0.096
801,693,0.107
810,693,0.103
819,693,0.1
828,693,0.082
837,693,0.068
846,693,0.12
855,693,0.153
864,693,0.129
873,693,0.125
882,693,0.138
891,693,0.198
900,693,0.274
909,693,0.237
918,693,0.18
927,693,0.223
936,693,0.192
945,693,0.186
954,693,0.204
963,693,0.251
972,693,-0.243
981,693,-0.21
990,693,-0.229
999,693,-0.25
1008,693,-0.243
1017,693,-0.185
1026,693,-0.229
1035,693,-0.28
1044,693,-0.242
1053,693,-0.235
1062,693,-0.256
1071,693,-0.221
1080,693,-0.338
1089,693,-0.329
1098,693,-0.356
1107,693,-0.385
1116,693,-0.415
1125,693,-0.366
1134,693,-0.255
1143,693,-0.247
1152,693,-0.27
1161,693,-0.328
1170,693,-0.254
1179,693,-0.218
1188,693,-0.239
1197,693,-0.293
1206,693,-0.356
1215,693,-0.346
1224,693,-0.509
1233,693,-0.6
1242,693,-0.643
1251,693,-0.575
1260,693,-0.617
1269,693,-0.661
1278,693,-0.772
1287,693,-0.694
1296,693,-0.81
1305,693,-0.938
1314,693,-0.849
1323,693,-0.835
1332,693,-0.752
1341,693,-0.674
1350,693,-0.545
1359,693,-0.588
1368,693,-0.521
1377,693,-0.411
1386,693,-0.608
1395,693,-0.538
1404,693,-0.846
1413,693,-0.76
1422,693,-0.817
1431,693,-0.732
1440,693,-0.718
1449,693,-0.704
1458,693,-0.625
1467,693,-0.676
1476,693,-0.965
1485,693,-1.037
1494,693,-1.023
1503,693,-1.196
1512,693,-0.993
1521,693,-1.167
1530,693,-1.056
1539,693,-0.863
1548,693,-0.768
1557,693,-0.608
1566,693,-0.469
1575,693,-0.516
1584,693,-0.444
1593,693,-0.554
1602,693,-0.477
1611,693,-0.406
1620,693,-0.45
1629,693,-0.5
1638,693,-0.368
1647,693,-0.411
1656,693,-0.342
1665,693,-0.237
1674,693,-0.155
1683,693,-0.118
1692,693,-0.203
1701,693,-0.191
1710,693,-0.146
1719,693,-0.252
1728,693,-0.289
1737,693,-0.397
1746,693,-0.626
1755,693,-0.52
1764,693,-0.596
1773,693,-0.582
1782,693,-0.39
1791,693,-0.302
1800,693,-0.224
1809,693,-0.117
1818,693,-0.142
1827,693,-0.126
1836,693,-0.153
1845,693,-0.062
1854,693,-0.076
1863,693,-0.144
1872,693,-0.184
1881,693,-0.242
1890,693,-0.332
1899,693,-0.159
1908,693,-0.237
1917,693,0
9,702,0.007
18,702,0.026
27,702,0.015
36,702,0.009
45,702,0.025
54,702,0.015
63,702,0.03
72,702,0.031
81,702,0.032
90,702,0.05
99,702,0.033
108,702,0.033
117,702,0.047
126,702,0.046
135,702,0.021
144,702,0.009
153,702,0.004
162,702,0.029
171,702,0.02
180,702,0.052
189,702,0.037
198,702,0.048
207,702,0.061
216,702,0.076
225,702,0.057
234,702,0.089
243,702,0.085
252,702,0.126
261,702,0.147
270,702,0.17
279,702,0.231
288,702,0.304
297,702,0.389
306,702,0.372
315,702,0.309
324,702,0.296
333,702,0.208
342,702,0.234
351,702,0.162
360,702,0.155
369,702,0.104
378,702,0.1
387,702,0.079
396,702,0.075
405,702,0.087
414,702,0.056
423,702,0.054
432,702,0.034
441,702,0.02
450,702,0.031
459,702,0.023
468,702,0.043
477,702,0.051
486,702,0.059
495,702,0.082
504,702,0.11
513,702,0.075
522,702,0.101
531,702,0.097
540,702,0.149
549,702,0.143
558,702,0.159
567,702,0.177
576,702,0.195
585,702,0.244
594,702,0.181
603,702,0.199
612,702,0.219
621,702,0.185
630,702,0.155
639,702,0.171
648,702,0.143
657,702,0.159
666,702,0.114
675,702,0.127
684,702,0.105
693,702,0.117
702,702,0.097
711,702,0.108
720,702,0.12
729,702,0.133
738,702,0.147
747,702,0.142
756,702,0.156
765,702,0.113
774,702,0.126
783,702,0.121
792,702,0.1
801,702,0.111
810,702,0.107
819,702,0.102
828,702,0.098
837,702,0.081
846,702,0.139
855,702,0.174
864,702,0.147
873,702,0.141
882,702,0.156
891,702,0.219
900,702,0.299
909,702,0.258
918,702,0.196
927,702,0.241
936,702,0.207
945,702,0.199
954,702,0.217
963,702,0.265
972,702,-0.287
981,702,-0.248
990,702,-0.268
999,702,-0.29
1008,702,-0.281
1017,702,-0.215
1026,702,-0.263
1035,702,-0.317
1044,702,-0.275
1053,702,-0.297
1062,702,-0.321
1071,702,-0.278
1080,702,-0.412
1089,702,-0.4
1098,702,-0.43
1107,702,-0.46
1116,702,-0.493
1125,702,-0.435
1134,702,-0.309
1143,702,-0.299
1152,702,-0.323
1161,702,-0.387
1170,702,-0.302
1179,702,-0.261
1188,702,-0.283
1197,702,-0.342
1206,702,-0.409
1215,702,-0.397
1224,702,-0.572
1233,702,-0.668
1242,702,-0.711
1251,702,-0.636
1260,702,-0.679
1269,702,-0.723
1278,702,-0.837
1287,702,-0.753
1296,702,-0.871
1305,702,-1.002
1314,702,-0.907
1323,702,-0.889
1332,702,-0.8
1341,702,-0.717
1350,702,-0.581
1359,702,-0.623
1368,702,-0.551
1377,702,-0.436
1386,702,-0.636
1395,702,-0.562
1404,702,-0.874
1413,702,-0.784
1422,702,-0.839
1431,702,-0.749
1440,702,-0.733
1449,702,-0.716
1458,702,-0.633
1467,702,-0.683
1476,702,-0.969
1485,702,-1.037
1494,702,-1.018
1503,702,-1.187
1512,702,-0.982
1521,702,-1.149
1530,702,-1.035
1539,702,-0.842
1548,702,-0.745
1557,702,-0.586
1566,702,-0.507
1575,702,-0.554
1584,702,-0.476
1593,702,-0.588
1602,702,-0.506
1611,702,-0.43
1620,702,-0.474
1629,702,-0.522
1638,702,-0.384
1647,702,-0.426
1656,702,-0.354
1665,702,-0.244
1674,702,-0.159
1683,702,-0.12
1692,702,-0.205
1701,702,-0.192
1710,702,-0.146
1719,702,-0.249
1728,702,-0.284
1737,702,-0.386
1746,702,-0.606
1755,702,-0.499
1764,702,-0.569
1773,702,-0.55
1782,702,-0.363
1791,702,-0.275
1800,702,-0.2
1809,702,-0.101
1818,702,-0.12
1827,702,-0.104
1836,702,-0.125
1845,702,-0.046
1854,702,-0.056
1863,702,-0.106
1872,702,-0.131
1881,702,-0.167
1890,702,-0.219
1899,702,-0.083
1908,702,-0.097
1917,702,0
9,711,0.007
18,711,0.024
27,711,0.014
36,711,0.008
45,711,0.022
54,711,0.013
63,711,0.026
72,711,0.027
81,711,0.027
90,711,0.042
99,711,0.027
108,711,0.026
117,711,0.039
126,711,0.037
135,711,0.016
144,711,0.007
153,711,0.003
162,711,0.022
171,711,0.015
180,711,0.041
189,711,0.028
198,711,0.037
207,711,0.047
216,711,0.059
225,711,0.043
234,711,0.069
243,711,0.065
252,711,0.098
261,711,0.115
270,711,0.134
279,711,0.184
288,711,0.246
297,711,0.318
306,711,0.303
315,711,0.247
324,711,0.235
333,711,0.161
342,711,0.181
351,711,0.122
360,711,0.115
369,711,0.075
378,711,0.071
387,711,0.055
396,711,0.052
405,711,0.061
414,711,0.037
423,711,0.035
432,711,0.021
441,711,0.012
450,711,0.019
459,711,0.014
468,711,0.027
477,711,0.032
486,711,0.046
495,711,0.064
504,711,0.088
513,711,0.058
522,711,0.079
531,711,0.075
540,711,0.118
549,711,0.113
558,711,0.126
567,711,0.139
576,711,0.154
585,711,0.195
594,711,0.141
603,711,0.155
612,711,0.171
621,711,0.142
630,711,0.117
639,711,0.129
648,711,0.106
657,711,0.118
666,711,0.082
675,711,0.092
684,711,0.074
693,711,0.083
702,711,0.067
711,711,0.075
720,711,0.084
729,711,0.093
738,711,0.104
747,711,0.099
756,711,0.109
765,711,0.077
774,711,0.085
783,711,0.081
792,711,0.066
801,711,0.073
810,711,0.069
819,711,0.066
828,711,0.074
837,711,0.059
846,711,0.105
855,711,0.134
864,711,0.111
873,711,0.106
882,711,0.116
891,711,0.167
900,711,0.232
909,711,0.197
918,711,0.146
927,711,0.181
936,711,0.153
945,711,0.146
954,711,0.159
963,711,0.197
972,711,-0.213
981,711,-0.181
990,711,-0.196
999,711,-0.213
1008,711,-0.204
1017,711,-0.173
1026,711,-0.212
1035,711,-0.258
1044,711,-0.221
1053,711,-0.239
1062,711,-0.258
1071,711,-0.22
1080,711,-0.333
1089,711,-0.321
1098,711,-0.345
1107,711,-0.369
1116,711,-0.395
1125,711,-0.344
1134,711,-0.237
1143,711,-0.227
1152,711,-0.246
1161,711,-0.297
1170,711,-0.226
1179,711,-0.191
1188,711,-0.208
1197,711,-0.254
1206,711,-0.308
1215,711,-0.296
1224,711,-0.438
1233,711,-0.516
1242,711,-0.551
1251,711,-0.485
1260,711,-0.518
1269,711,-0.607
1278,711,-0.705
1287,711,-0.628
1296,711,-0.73
1305,711,-0.842
1314,711,-0.755
1323,711,-0.735
1332,711,-0.654
1341,711,-0.579
1350,711,-0.459
1359,711,-0.492
1368,711,-0.429
1377,711,-0.33
1386,711,-0.495
1395,711,-0.43
1404,711,-0.691
1413,711,-0.61
1422,711,-0.653
1431,711,-0.575
1440,711,-0.557
1449,711,-0.54
1458,711,-0.468
1467,711,-0.505
1476,711,-0.738
1485,711,-0.791
1494,711,-0.771
1503,711,-0.907
1512,711,-0.73
1521,711,-0.864
1530,711,-0.764
1539,711,-0.603
1548,711,-0.521
1557,711,-0.503
1566,711,-0.429
1575,711,-0.467
1584,711,-0.395
1593,711,-0.491
1602,711,-0.415
1611,711,-0.346
1620,711,-0.381
1629,711,-0.419
1638,711,-0.299
1647,711,-0.331
1656,711,-0.268
1665,711,-0.177
1674,711,-0.109
1683,711,-0.079
1692,711,-0.14
1701,711,-0.128
1710,711,-0.092
1719,711,-0.202
1728,711,-0.278
1737,711,-0.376
1746,711,-0.587
1755,711,-0.479
1764,711,-0.542
1773,711,-0.519
1782,711,-0.411
1791,711,-0.314
1800,711,-0.23
1809,711,-0.119
1818,711,-0.139
1827,711,-0.12
1836,711,-0.143
1845,711,-0.054
1854,711,-0.064
1863,711,-0.118
1872,711,-0.145
1881,711,-0.181
1890,711,-0.234
1899,711,-0.089
1908,711,-0.101
1917,711,0
9,720,0.006
18,720,0.022
27,720,0.012
36,720,0.007
45,720,0.019
54,720,0.011
63,720,0.022
72,720,0.038
81,720,0.037
90,720,0.054
99,720,0.034
108,720,0.033
117,720,0.046
126,720,0.044
135,720,0.019
144,720,0.012
153,720,0.005
162,720,0.035
171,720,0.023
180,720,0.058
189,720,0.04
198,720,0.051
207,720,0.063
216,720,0.076
225,720,0.055
234,720,0.086
243,720,0.08
252,720,0.117
261,720,0.135
270,720,0.154
279,720,0.208
288,720,0.273
297,720,0.348
306,720,0.329
315,720,0.268
324,720,0.253
333,720,0.174
342,720,0.193
351,720,0.13
360,720,0.122
369,720,0.079
378,720,0.074
387,720,0.057
396,720,0.054
405,720,0.062
414,720,0.038
423,720,0.036
432,720,0.021
441,720,0.012
450,720,0.018
459,720,0.013
468,720,0.026
477,720,0.03
486,720,0.044
495,720,0.061
504,720,0.083
513,720,0.054
522,720,0.087
531,720,0.083
540,720,0.127
549,720,0.121
558,720,0.133
567,720,0.147
576,720,0.161
585,720,0.202
594,720,0.145
603,720,0.159
612,720,0.174
621,720,0.144
630,720,0.118
639,720,0.13
648,720,0.106
657,720,0.117
666,720,0.081
675,720,0.09
684,720,0.072
693,720,0.08
702,720,0.076
711,720,0.084
720,720,0.093
729,720,0.102
738,720,0.113
747,720,0.107
756,720,0.117
765,720,0.082
774,720,0.091
783,720,0.1
792,720,0.081
801,720,0.089
810,720,0.084
819,720,0.08
828,720,0.088
837,720,0.071
846,720,0.122
855,720,0.153
864,720,0.127
873,720,0.12
882,720,0.131
891,720,0.185
900,720,0.254
909,720,0.216
918,720,0.16
927,720,0.197
936,720,0.166
945,720,0.158
954,720,0.171
963,720,0.209
972,720,-0.225
981,720,-0.19
990,720,-0.205
999,720,-0.221
1008,720,-0.211
1017,720,-0.178
1026,720,-0.217
1035,720,-0.262
1044,720,-0.223
1053,720,-0.24
1062,720,-0.258
1071,720,-0.219
1080,720,-0.33
1089,720,-0.317
1098,720,-0.339
1107,720,-0.362
1116,720,-0.386
1125,720,-0.334
1134,720,-0.228
1143,720,-0.217
1152,720,-0.234
1161,720,-0.283
1170,720,-0.213
1179,720,-0.203
1188,720,-0.219
1197,720,-0.266
1206,720,-0.319
1215,720,-0.342
1224,720,-0.495
1233,720,-0.578
1242,720,-0.612
1251,720,-0.54
1260,720,-0.573
1269,720,-0.665
1278,720,-0.767
1287,720,-0.683
1296,720,-0.787
1305,720,-0.903
1314,720,-0.809
1323,720,-0.786
1332,720,-0.699
1341,720,-0.618
1350,720,-0.491
1359,720,-0.524
1368,720,-0.455
1377,720,-0.351
1386,720,-0.52
1395,720,-0.451
1404,720,-0.717
1413,720,-0.632
1422,720,-0.673
1431,720,-0.59
1440,720,-0.57
1449,720,-0.55
1458,720,-0.476
1467,720,-0.511
1476,720,-0.742
1485,720,-0.792
1494,720,-0.768
1503,720,-0.9
1512,720,-0.722
1521,720,-0.851
1530,720,-0.749
1539,720,-0.587
1548,720,-0.504
1557,720,-0.484
1566,720,-0.41
1575,720,-0.445
1584,720,-0.373
1593,720,-0.462
1602,720,-0.387
1611,720,-0.319
1620,720,-0.402
1629,720,-0.439
1638,720,-0.313
1647,720,-0.344
1656,720,-0.278
1665,720,-0.183
1674,720,-0.113
1683,720,-0.081
1692,720,-0.142
1701,720,-0.129
1710,720,-0.092
1719,720,-0.2
1728,720,-0.272
1737,720,-0.365
1746,720,-0.569
1755,720,-0.459
1764,720,-0.516
1773,720,-0.49
1782,720,-0.382
1791,720,-0.287
1800,720,-0.206
1809,720,-0.102
1818,720,-0.118
1827,720,-0.099
1836,720,-0.116
1845,720,-0.04
1854,720,-0.046
1863,720,-0.086
1872,720,-0.101
1881,720,-0.121
1890,720,-0.249
1899,720,-0.095
1908,720,-0.106
1917,720,0
9,729,0.006
18,729,0.021
27,729,0.011
36,729,0.006
45,729,0.017
54,729,0.009
63,729,0.019
72,729,0.032
81,729,0.031
90,729,0.046
99,729,0.028
108,729,0.027
117,729,0.038
126,729,0.035
135,729,0.015
144,729,0.009
153,729,0.003
162,729,0.038
171,729,0.025
180,729,0.061
189,729,0.042
198,729,0.052
207,729,0.064
216,729,0.077
225,729,0.055
234,729,0.084
243,729,0.078
252,729,0.113
261,729,0.13
270,729,0.147
279,729,0.198
288,729,0.258
297,729,0.328
306,729,0.308
315,729,0.249
324,729,0.234
333,729,0.158
342,729,0.175
351,729,0.116
360,729,0.108
369,729,0.069
378,729,0.064
387,729,0.048
396,729,0.045
405,729,0.052
414,729,0.031
423,729,0.029
432,729,0.021
441,729,0.012
450,729,0.018
459,729,0.013
468,729,0.025
477,729,0.029
486,729,0.041
495,729,0.057
504,729,0.078
513,729,0.05
522,729,0.081
531,729,0.076
540,729,0.118
549,729,0.111
558,729,0.122
567,729,0.133
576,729,0.146
585,729,0.209
594,729,0.15
603,729,0.163
612,729,0.177
621,729,0.146
630,729,0.119
639,729,0.13
648,729,0.105
657,729,0.115
666,729,0.093
675,729,0.102
684,729,0.082
693,729,0.091
702,729,0.085
711,729,0.093
720,729,0.102
729,729,0.112
738,729,0.122
747,729,0.115
756,729,0.125
765,729,0.102
774,729,0.111
783,729,0.121
792,729,0.099
801,729,0.108
810,729,0.101
819,729,0.095
828,729,0.104
837,729,0.084
846,729,0.141
855,729,0.174
864,729,0.145
873,729,0.137
882,729,0.148
891,729,0.205
900,729,0.277
909,729,0.236
918,729,0.176
927,729,0.213
936,729,0.179
945,729,0.17
954,729,0.183
963,729,0.221
972,729,-0.237
981,729,-0.225
990,729,-0.241
999,729,-0.258
1008,729,-0.275
1017,729,-0.234
1026,729,-0.28
1035,729,-0.332
1044,729,-0.284
1053,729,-0.303
1062,729,-0.322
1071,729,-0.276
1080,729,-0.403
1089,729,-0.386
1098,729,-0.409
1107,729,-0.433
1116,729,-0.459
1125,729,-0.399
1134,729,-0.277
1143,729,-0.264
1152,729,-0.282
1161,729,-0.335
1170,729,-0.256
1179,729,-0.243
1188,729,-0.26
1197,729,-0.311
1206,729,-0.369
1215,729,-0.392
1224,729,-0.557
1233,729,-0.643
1242,729,-0.678
1251,729,-0.598
1260,729,-0.632
1269,729,-0.727
1278,729,-0.832
1287,729,-0.741
1296,729,-0.848
1305,729,-0.965
1314,729,-0.864
1323,729,-0.838
1332,729,-0.745
1341,729,-0.658
1350,729,-0.524
1359,729,-0.556
1368,729,-0.483
1377,729,-0.373
1386,729,-0.546
1395,729,-0.473
1404,729,-0.743
1413,729,-0.653
1422,729,-0.693
1431,729,-0.606
1440,729,-0.583
1449,729,-0.561
1458,729,-0.484
1467,729,-0.517
1476,729,-0.746
1485,729,-0.792
1494,729,-0.766
1503,729,-0.894
1512,729,-0.713
1521,729,-0.838
1530,729,-0.734
1539,729,-0.637
1548,729,-0.548
1557,729,-0.525
1566,729,-0.444
1575,729,-0.479
1584,729,-0.402
1593,729,-0.493
1602,729,-0.412
1611,729,-0.34
1620,729,-0.424
1629,729,-0.46
1638,729,-0.328
1647,729,-0.358
1656,729,-0.288
1665,729,-0.19
1674,729,-0.116
1683,729,-0.083
1692,729,-0.144
1701,729,-0.129
1710,729,-0.116
1719,729,-0.24
1728,729,-0.32
1737,729,-0.422
1746,729,-0.642
1755,729,-0.521
1764,729,-0.581
1773,729,-0.55
1782,729,-0.432
1791,729,-0.327
1800,729,-0.236
1809,729,-0.12
1818,729,-0.137
1827,729,-0.115
1836,729,-0.132
1845,729,-0.047
1854,729,-0.054
1863,729,-0.096
1872,729,-0.112
1881,729,-0.132
1890,729,-0.265
1899,729,-0.101
1908,729,-0.111
1917,729,0
9,738,0.005
18,738,0.019
27,738,0.01
36,738,0.005
45,738,0.014
54,738,0.008
63,738,0.016
72,738,0.027
81,738,0.026
90,738,0.039
99,738,0.023
108,738,0.022
117,738,0.031
126,738,0.028
135,738,0.011
144,738,0.007
153,738,0.002
162,738,0.03
171,738,0.019
180,738,0.048
189,738,0.032
198,738,0.04
207,738,0.049
216,738,0.059
225,738,0.042
234,738,0.065
243,738,0.076
252,738,0.109
261,738,0.124
270,738,0.14
279,738,0.187
288,738,0.244
297,738,0.31
306,738,0.289
315,738,0.231
324,738,0.215
333,738,0.143
342,738,0.158
351,738,0.103
360,738,0.095
369,738,0.059
378,738,0.055
387,738,0.041
396,738,0.037
405,738,0.043
414,738,0.025
423,738,0.023
432,738,0.017
441,738,0.009
450,738,0.014
459,738,0.01
468,738,0.019
477,738,0.022
486,738,0.032
495,738,0.045
504,738,0.061
513,738,0.038
522,738,0.063
531,738,0.058
540,738,0.092
549,738,0.086
558,738,0.094
567,738,0.103
576,738,0.113
585,738,0.165
594,738,0.115
603,738,0.126
612,738,0.136
621,738,0.11
630,738,0.088
639,738,0.096
648,738,0.076
657,738,0.084
666,738,0.066
675,738,0.073
684,738,0.057
693,738,0.063
702,738,0.058
711,738,0.064
720,738,0.071
729,738,0.077
738,738,0.085
747,738,0.079
756,738,0.086
765,738,0.068
774,738,0.075
783,738,0.082
792,738,0.065
801,738,0.071
810,738,0.066
819,738,0.061
828,738,0.067
837,738,0.053
846,738,0.093
855,738,0.116
864,738,0.094
873,738,0.088
882,738,0.095
891,738,0.137
900,738,0.19
909,738,0.179
918,738,0.13
927,738,0.159
936,738,0.131
945,738,0.123
954,738,0.132
963,738,0.162
972,738,-0.174
981,738,-0.164
990,738,-0.175
999,738,-0.187
1008,738,-0.2
1017,738,-0.166
1026,738,-0.202
1035,738,-0.242
1044,738,-0.203
1053,738,-0.217
1062,738,-0.231
1071,738,-0.193
1080,738,-0.325
1089,738,-0.344
1098,738,-0.364
1107,738,-0.385
1116,738,-0.406
1125,738,-0.35
1134,738,-0.238
1143,738,-0.225
1152,738,-0.24
1161,738,-0.286
1170,738,-0.214
1179,738,-0.202
1188,738,-0.215
1197,738,-0.259
1206,738,-0.308
1215,738,-0.327
1224,738,-0.471
1233,738,-0.546
1242,738,-0.575
1251,738,-0.502
1260,738,-0.529
1269,738,-0.611
1278,738,-0.702
1287,738,-0.618
1296,738,-0.71
1305,738,-0.811
1314,738,-0.718
1323,738,-0.692
1332,738,-0.607
1341,738,-0.529
1350,738,-0.411
1359,738,-0.436
1368,738,-0.372
1377,738,-0.279
1386,738,-0.42
1395,738,-0.357
1404,738,-0.58
1413,738,-0.501
1422,738,-0.532
1431,738,-0.456
1440,738,-0.435
1449,738,-0.413
1458,738,-0.349
1467,738,-0.372
1476,738,-0.555
1485,738,-0.589
1494,738,-0.564
1503,738,-0.664
1512,738,-0.573
1521,738,-0.677
1530,738,-0.649
1539,738,-0.557
1548,738,-0.473
1557,738,-0.448
1566,738,-0.374
1575,738,-0.402
1584,738,-0.331
1593,738,-0.408
1602,738,-0.335
1611,738,-0.27
1620,738,-0.339
1629,738,-0.422
1638,738,-0.296
1647,738,-0.321
1656,738,-0.254
1665,738,-0.163
1674,738,-0.097
1683,738,-0.067
1692,738,-0.118
1701,738,-0.104
1710,738,-0.091
1719,738,-0.195
1728,738,-0.261
1737,738,-0.411
1746,738,-0.622
1755,738,-0.588
1764,738,-0.65
1773,738,-0.615
1782,738,-0.486
1791,738,-0.37
1800,738,-0.269
1809,738,-0.139
1818,738,-0.158
1827,738,-0.132
1836,738,-0.15
1845,738,-0.055
1854,738,-0.062
1863,738,-0.108
1872,738,-0.124
1881,738,-0.144
1890,738,-0.282
1899,738,-0.108
1908,738,-0.117
1917,738,0
9,747,0.005
18,747,0.05
27,747,0.023
36,747,0.011
45,747,0.026
54,747,0.013
63,747,0.024
72,747,0.038
81,747,0.035
90,747,0.05
99,747,0.03
108,747,0.027
117,747,0.037
126,747,0.034
135,747,0.014
144,747,0.008
153,747,0.003
162,747,0.033
171,747,0.021
180,747,0.05
189,747,0.034
198,747,0.041
207,747,0.05
216,747,0.059
225,747,0.041
234,747,0.063
243,747,0.074
252,747,0.105
261,747,0.119
270,747,0.133
279,747,0.178
288,747,0.23
297,747,0.292
306,747,0.271
315,747,0.214
324,747,0.198
333,747,0.13
342,747,0.143
351,747,0.091
360,747,0.084
369,747,0.051
378,747,0.047
387,747,0.034
396,747,0.031
405,747,0.035
414,747,0.02
423,747,0.018
432,747,0.013
441,747,0.007
450,747,0.01
459,747,0.007
468,747,0.014
477,747,0.017
486,747,0.024
495,747,0.034
504,747,0.047
513,747,0.028
522,747,0.048
531,747,0.044
540,747,0.071
549,747,0.065
558,747,0.072
567,747,0.079
576,747,0.086
585,747,0.128
594,747,0.087
603,747,0.095
612,747,0.103
621,747,0.082
630,747,0.064
639,747,0.07
648,747,0.054
657,747,0.059
666,747,0.046
675,747,0.05
684,747,0.039
693,747,0.043
702,747,0.039
711,747,0.043
720,747,0.047
729,747,0.052
738,747,0.057
747,747,0.052
756,747,0.067
765,747,0.053
774,747,0.057
783,747,0.063
792,747,0.049
801,747,0.053
810,747,0.049
819,747,0.045
828,747,0.049
837,747,0.038
846,747,0.069
855,747,0.087
864,747,0.069
873,747,0.063
882,747,0.069
891,747,0.101
900,747,0.143
909,747,0.133
918,747,0.094
927,747,0.116
936,747,0.093
945,747,0.087
954,747,0.093
963,747,0.116
972,747,-0.124
981,747,-0.115
990,747,-0.124
999,747,-0.132
1008,747,-0.141
1017,747,-0.115
1026,747,-0.141
1035,747,-0.171
1044,747,-0.14
1053,747,-0.15
1062,747,-0.16
1071,747,-0.149
1080,747,-0.259
1089,747,-0.274
1098,747,-0.289
1107,747,-0.305
1116,747,-0.322
1125,747,-0.305
1134,747,-0.203
1143,747,-0.19
1152,747,-0.202
1161,747,-0.242
1170,747,-0.178
1179,747,-0.166
1188,747,-0.177
1197,747,-0.213
1206,747,-0.255
1215,747,-0.27
1224,747,-0.395
1233,747,-0.46
1242,747,-0.483
1251,747,-0.416
1260,747,-0.438
1269,747,-0.508
1278,747,-0.586
1287,747,-0.509
1296,747,-0.588
1305,747,-0.675
1314,747,-0.59
1323,747,-0.564
1332,747,-0.487
1341,747,-0.418
1350,747,-0.317
1359,747,-0.335
1368,747,-0.316
1377,747,-0.232
1386,747,-0.355
1395,747,-0.297
1404,747,-0.493
1413,747,-0.469
1422,747,-0.549
1431,747,-0.47
1440,747,-0.446
1449,747,-0.422
1458,747,-0.355
1467,747,-0.377
1476,747,-0.558
1485,747,-0.59
1494,747,-0.562
1503,747,-0.66
1512,747,-0.566
1521,747,-0.666
1530,747,-0.636
1539,747,-0.542
1548,747,-0.457
1557,747,-0.431
1566,747,-0.357
1575,747,-0.381
1584,747,-0.311
1593,747,-0.383
1602,747,-0.311
1611,747,-0.248
1620,747,-0.31
1629,747,-0.385
1638,747,-0.265
1647,747,-0.287
1656,747,-0.223
1665,747,-0.139
1674,747,-0.08
1683,747,-0.054
1692,747,-0.096
1701,747,-0.105
1710,747,-0.091
1719,747,-0.192
1728,747,-0.256
1737,747,-0.472
1746,747,-0.699
1755,747,-0.66
1764,747,-0.725
1773,747,-0.684
1782,747,-0.543
1791,747,-0.416
1800,747,-0.305
1809,747,-0.161
1818,747,-0.18
1827,747,-0.151
1836,747,-0.17
1845,747,-0.064
1854,747,-0.07
1863,747,-0.12
1872,747,-0.136
1881,747,-0.157
1890,747,-0.299
1899,747,-0.115
1908,747,-0.122
1917,747,0
9,756,0.005
18,756,0.046
27,756,0.021
36,756,0.01
45,756,0.022
54,756,0.011
63,756,0.021
72,756,0.033
81,756,0.03
90,756,0.042
99,756,0.024
108,756,0.022
117,756,0.03
126,756,0.027
135,756,0.01
144,756,0.006
153,756,0.003
162,756,0.036
171,756,0.023
180,756,0.053
189,756,0.035
198,756,0.042
207,756,0.051
216,756,0.059
225,756,0.041
234,756,0.062
243,756,0.071
252,756,0.101
261,756,0.114
270,756,0.153
279,756,0.201
288,756,0.256
297,756,0.319
306,756,0.294
315,756,0.233
324,756,0.214
333,756,0.141
342,756,0.153
351,756,0.098
360,756,0.089
369,756,0.054
378,756,0.049
387,756,0.036
396,756,0.032
405,756,0.036
414,756,0.021
423,756,0.019
432,756,0.013
441,756,0.007
450,756,0.01
459,756,0.009
468,756,0.018
477,756,0.02
486,756,0.029
495,756,0.04
504,756,0.053
513,756,0.033
522,756,0.054
531,756,0.049
540,756,0.077
549,756,0.071
558,756,0.077
567,756,0.084
576,756,0.091
585,756,0.134
594,756,0.091
603,756,0.098
612,756,0.106
621,756,0.083
630,756,0.064
639,756,0.07
648,756,0.054
657,756,0.059
666,756,0.045
675,756,0.049
684,756,0.037
693,756,0.041
702,756,0.037
711,756,0.041
720,756,0.044
729,756,0.048
738,756,0.053
747,756,0.048
756,756,0.062
765,756,0.048
774,756,0.052
783,756,0.056
792,756,0.043
801,756,0.047
810,756,0.051
819,756,0.046
828,756,0.05
837,756,0.038
846,756,0.069
855,756,0.087
864,756,0.068
873,756,0.063
882,756,0.068
891,756,0.098
900,756,0.139
909,756,0.129
918,756,0.09
927,756,0.111
936,756,0.088
945,756,0.081
954,756,0.087
963,756,0.108
972,756,-0.115
981,756,-0.106
990,756,-0.113
999,756,-0.12
1008,756,-0.128
1017,756,-0.103
1026,756,-0.126
1035,756,-0.153
1044,756,-0.124
1053,756,-0.132
1062,756,-0.14
1071,756,-0.13
1080,756,-0.229
1089,756,-0.241
1098,756,-0.254
1107,756,-0.267
1116,756,-0.281
1125,756,-0.264
1134,756,-0.172
1143,756,-0.16
1152,756,-0.169
1161,756,-0.203
1170,756,-0.146
1179,756,-0.135
1188,756,-0.143
1197,756,-0.174
1206,756,-0.209
1215,756,-0.22
1224,756,-0.328
1233,756,-0.383
1242,756,-0.402
1251,756,-0.341
1260,756,-0.359
1269,756,-0.418
1278,756,-0.484
1287,756,-0.415
1296,756,-0.481
1305,756,-0.609
1314,756,-0.527
1323,756,-0.501
1332,756,-0.428
1341,756,-0.363
1350,756,-0.27
1359,756,-0.285
1368,756,-0.266
1377,756,-0.191
1386,756,-0.297
1395,756,-0.245
1404,756,-0.463
1413,756,-0.437
1422,756,-0.512
1431,756,-0.435
1440,756,-0.409
1449,756,-0.385
1458,756,-0.32
1467,756,-0.339
1476,756,-0.505
1485,756,-0.532
1494,756,-0.503
1503,756,-0.591
1512,756,-0.56
1521,756,-0.656
1530,756,-0.623
1539,756,-0.528
1548,756,-0.443
1557,756,-0.415
1566,756,-0.34
1575,756,-0.362
1584,756,-0.293
1593,756,-0.359
1602,756,-0.288
1611,756,-0.227
1620,756,-0.284
1629,756,-0.404
1638,756,-0.279
1647,756,-0.299
1656,756,-0.232
1665,756,-0.145
1674,756,-0.083
1683,756,-0.056
1692,756,-0.097
1701,756,-0.105
1710,756,-0.091
1719,756,-0.19
1728,756,-0.25
1737,756,-0.46
1746,756,-0.679
1755,756,-0.636
1764,756,-0.694
1773,756,-0.649
1782,756,-0.509
1791,756,-0.384
1800,756,-0.275
1809,756,-0.141
1818,756,-0.155
1827,756,-0.126
1836,756,-0.14
1845,756,-0.048
1854,756,-0.051
1863,756,-0.134
1872,756,-0.15
1881,756,-0.17
1890,756,-0.317
1899,756,-0.123
1908,756,-0.128
1917,756,0
9,765,0.004
18,765,0.043
27,765,0.019
36,765,0.008
45,765,0.02
54,765,0.009
63,765,0.017
72,765,0.028
81,765,0.025
90,765,0.035
99,765,0.02
108,765,0.018
117,765,0.024
126,765,0.021
135,765,0.008
144,765,0.004
153,765,0.002
162,765,0.028
171,765,0.017
180,765,0.041
189,765,0.027
198,765,0.032
207,765,0.039
216,765,0.045
225,765,0.03
234,765,0.061
243,765,0.069
252,765,0.098
261,765,0.161
270,765,0.21
279,765,0.265
288,765,0.329
297,765,0.4
306,765,0.368
315,765,0.293
324,765,0.269
333,765,0.211
342,765,0.226
351,765,0.15
360,765,0.136
369,765,0.086
378,765,0.078
387,765,0.057
396,765,0.052
405,765,0.057
414,765,0.034
423,765,0.03
432,765,0.021
441,765,0.011
450,765,0.017
459,765,0.015
468,765,0.027
477,765,0.03
486,765,0.041
495,765,0.055
504,765,0.073
513,765,0.045
522,765,0.072
531,765,0.065
540,765,0.099
549,765,0.09
558,765,0.097
567,765,0.104
576,765,0.112
585,765,0.16
594,765,0.11
603,765,0.117
612,765,0.125
621,765,0.099
630,765,0.077
639,765,0.083
648,765,0.064
657,765,0.069
666,765,0.053
675,765,0.057
684,765,0.043
693,765,0.047
702,765,0.042
711,765,0.046
720,765,0.05
729,765,0.054
738,765,0.058
747,765,0.053
756,765,0.067
765,765,0.051
774,765,0.055
783,765,0.06
792,765,0.046
801,765,0.049
810,765,0.053
819,765,0.048
828,765,0.051
837,765,0.039
846,765,0.07
855,765,0.087
864,765,0.068
873,765,0.073
882,765,0.078
891,765,0.111
900,765,0.154
909,765,0.143
918,765,0.115
927,765,0.139
936,765,0.112
945,765,0.103
954,765,0.109
963,765,0.133
972,765,-0.14
981,765,-0.129
990,765,-0.137
999,765,-0.144
1008,765,-0.152
1017,765,-0.123
1026,765,-0.148
1035,765,-0.178
1044,765,-0.145
1053,765,-0.153
1062,765,-0.161
1071,765,-0.149
1080,765,-0.255
1089,765,-0.267
1098,765,-0.28
1107,765,-0.292
1116,765,-0.306
1125,765,-0.287
1134,765,-0.188
1143,765,-0.174
1152,765,-0.183
1161,765,-0.218
1170,765,-0.156
1179,765,-0.144
1188,765,-0.152
1197,765,-0.183
1206,765,-0.218
1215,765,-0.229
1224,765,-0.337
1233,765,-0.392
1242,765,-0.409
1251,765,-0.346
1260,765,-0.362
1269,765,-0.419
1278,765,-0.484
1287,765,-0.413
1296,765,-0.476
1305,765,-0.601
1314,765,-0.518
1323,765,-0.49
1332,765,-0.417
1341,765,-0.351
1350,765,-0.259
1359,765,-0.272
1368,765,-0.253
1377,765,-0.179
1386,765,-0.279
1395,765,-0.228
1404,765,-0.434
1413,765,-0.408
1422,765,-0.476
1431,765,-0.401
1440,765,-0.375
1449,765,-0.35
1458,765,-0.288
1467,765,-0.303
1476,765,-0.456
1485,765,-0.478
1494,765,-0.449
1503,765,-0.527
1512,765,-0.495
1521,765,-0.645
1530,765,-0.61
1539,765,-0.514
1548,765,-0.428
1557,765,-0.399
1566,765,-0.325
1575,765,-0.343
1584,765,-0.275
1593,765,-0.336
1602,765,-0.267
1611,765,-0.207
1620,765,-0.259
1629,765,-0.369
1638,765,-0.25
1647,765,-0.266
1656,765,-0.203
1665,765,-0.123
1674,765,-0.068
1683,765,-0.044
1692,765,-0.099
1701,765,-0.106
1710,765,-0.09
1719,765,-0.187
1728,765,-0.245
1737,765,-0.448
1746,765,-0.658
1755,765,-0.612
1764,765,-0.663
1773,765,-0.616
1782,765,-0.476
1791,765,-0.353
1800,765,-0.248
1809,765,-0.122
1818,765,-0.132
1827,765,-0.144
1836,765,-0.158
1845,765,-0.056
1854,765,-0.059
1863,765,-0.148
1872,765,-0.164
1881,765,-0.184
1890,765,-0.335
1899,765,-0.13
1908,765,-0.133
1917,765,0
9,774,0.004
18,774,0.04
27,774,0.017
36,774,0.007
45,774,0.017
54,774,0.008
63,774,0.015
72,774,0.023
81,774,0.021
90,774,0.029
99,774,0.016
108,774,0.014
117,774,0.019
126,774,0.017
135,774,0.006
144,774,0.003
153,774,0.002
162,774,0.021
171,774,0.013
180,774,0.032
189,774,0.02
198,774,0.024
207,774,0.029
216,774,0.034
225,774,0.022
234,774,0.046
243,774,0.052
252,774,0.075
261,774,0.128
270,774,0.167
279,774,0.214
288,774,0.268
297,774,0.329
306,774,0.3
315,774,0.235
324,774,0.213
333,774,0.164
342,774,0.175
351,774,0.112
360,774,0.101
369,774,0.061
378,774,0.055
387,774,0.039
396,774,0.035
405,774,0.039
414,774,0.021
423,774,0.019
432,774,0.013
441,774,0.007
450,774,0.01
459,774,0.009
468,774,0.016
477,774,0.018
486,774,0.026
495,774,0.035
504,774,0.047
513,774,0.028
522,774,0.046
531,774,0.041
540,774,0.064
549,774,0.058
558,774,0.063
567,774,0.067
576,774,0.072
585,774,0.107
594,774,0.07
603,774,0.075
612,774,0.08
621,774,0.061
630,774,0.046
639,774,0.05
648,774,0.037
657,774,0.04
666,774,0.03
675,774,0.032
684,774,0.029
693,774,0.031
702,774,0.028
711,774,0.036
720,774,0.047
729,774,0.05
738,774,0.054
747,774,0.048
756,774,0.061
765,774,0.047
774,774,0.05
783,774,0.053
792,774,0.04
801,774,0.043
810,774,0.046
819,774,0.041
828,774,0.044
837,774,0.033
846,774,0.06
855,774,0.075
864,774,0.058
873,774,0.061
882,774,0.065
891,774,0.094
900,774,0.15
909,774,0.138
918,774,0.11
927,774,0.133
936,774,0.106
945,774,0.097
954,774,0.102
963,774,0.124
972,774,-0.13
981,774,-0.119
990,774,-0.125
999,774,-0.132
1008,774,-0.138
1017,774,-0.11
1026,774,-0.133
1035,774,-0.159
1044,774,-0.128
1053,774,-0.135
1062,774,-0.141
1071,774,-0.13
1080,774,-0.226
1089,774,-0.235
1098,774,-0.245
1107,774,-0.256
1116,774,-0.267
1125,774,-0.248
1134,774,-0.158
1143,774,-0.146
1152,774,-0.153
1161,774,-0.182
1170,774,-0.128
1179,774,-0.117
1188,774,-0.123
1197,774,-0.148
1206,774,-0.177
1215,774,-0.185
1224,774,-0.278
1233,774,-0.324
1242,774,-0.337
1251,774,-0.281
1260,774,-0.293
1269,774,-0.341
1278,774,-0.395
1287,774,-0.331
1296,774,-0.385
1305,774,-0.49
1314,774,-0.416
1323,774,-0.39
1332,774,-0.326
1341,774,-0.269
1350,774,-0.192
1359,774,-0.201
1368,774,-0.184
1377,774,-0.126
1386,774,-0.203
1395,774,-0.161
1404,774,-0.324
1413,774,-0.3
1422,774,-0.353
1431,774,-0.29
1440,774,-0.304
1449,774,-0.281
1458,774,-0.226
1467,774,-0.237
1476,774,-0.364
1485,774,-0.381
1494,774,-0.399
1503,774,-0.468
1512,774,-0.437
1521,774,-0.571
1530,774,-0.536
1539,774,-0.446
1548,774,-0.365
1557,774,-0.337
1566,774,-0.309
1575,774,-0.325
1584,774,-0.258
1593,774,-0.314
1602,774,-0.287
1611,774,-0.223
1620,774,-0.275
1629,774,-0.388
1638,774,-0.263
1647,774,-0.278
1656,774,-0.212
1665,774,-0.128
1674,774,-0.071
1683,774,-0.059
1692,774,-0.125
1701,774,-0.133
1710,774,-0.113
1719,774,-0.225
1728,774,-0.29
1737,774,-0.512
1746,774,-0.738
1755,774,-0.686
1764,774,-0.738
1773,774,-0.685
1782,774,-0.532
1791,774,-0.398
1800,774,-0.282
1809,774,-0.142
1818,774,-0.152
1827,774,-0.165
1836,774,-0.178
1845,774,-0.065
1854,774,-0.068
1863,774,-0.164
1872,774,-0.179
1881,774,-0.199
1890,774,-0.355
1899,774,-0.139
1908,774,-0.139
1917,774,0
9,783,0.004
18,783,0.037
27,783,0.015
36,783,0.006
45,783,0.015
54,783,0.007
63,783,0.012
72,783,0.02
81,783,0.017
90,783,0.024
99,783,0.013
108,783,0.011
117,783,0.015
126,783,0.013
135,783,0.004
144,783,0.002
153,783,0.001
162,783,0.016
171,783,0.009
180,783,0.024
189,783,0.015
198,783,0.018
207,783,0.022
216,783,0.025
225,783,0.016
234,783,0.034
243,783,0.039
252,783,0.057
261,783,0.099
270,783,0.132
279,783,0.171
288,783,0.216
297,783,0.267
306,783,0.241
315,783,0.185
324,783,0.166
333,783,0.125
342,783,0.134
351,783,0.082
360,783,0.073
369,783,0.042
378,783,0.037
387,783,0.026
396,783,0.023
405,783,0.025
414,783,0.013
423,783,0.011
432,783,0.008
441,783,0.004
450,783,0.006
459,783,0.005
468,783,0.009
477,783,0.011
486,783,0.015
495,783,0.021
504,783,0.029
513,783,0.02
522,783,0.034
531,783,0.03
540,783,0.059
549,783,0.052
558,783,0.056
567,783,0.06
576,783,0.064
585,783,0.095
594,783,0.073
603,783,0.078
612,783,0.082
621,783,0.063
630,783,0.047
639,783,0.05
648,783,0.037
657,783,0.04
666,783,0.029
675,783,0.031
684,783,0.028
693,783,0.03
702,783,0.026
711,783,0.034
720,783,0.044
729,783,0.047
738,783,0.05
747,783,0.044
756,783,0.056
765,783,0.042
774,783,0.053
783,783,0.057
792,783,0.051
801,783,0.063
810,783,0.067
819,783,0.06
828,783,0.064
837,783,0.048
846,783,0.083
855,783,0.101
864,783,0.079
873,783,0.083
882,783,0.087
891,783,0.122
900,783,0.188
909,783,0.173
918,783,0.159
927,783,0.187
936,783,0.152
945,783,0.139
954,783,0.145
963,783,0.172
972,783,-0.179
981,783,-0.164
990,783,-0.171
999,783,-0.178
1008,783,-0.185
1017,783,-0.15
1026,783,-0.177
1035,783,-0.208
1044,783,-0.169
1053,783,-0.176
1062,783,-0.184
1071,783,-0.168
1080,783,-0.281
1089,783,-0.291
1098,783,-0.302
1107,783,-0.312
1116,783,-0.323
1125,783,-0.301
1134,783,-0.196
1143,783,-0.18
1152,783,-0.188
1161,783,-0.22
1170,783,-0.157
1179,783,-0.143
1188,783,-0.149
1197,783,-0.178
1206,783,-0.21
1215,783,-0.218
1224,783,-0.32
1233,783,-0.409
1242,783,-0.423
1251,783,-0.355
1260,783,-0.368
1269,783,-0.423
1278,783,-0.483
1287,783,-0.409
1296,783,-0.468
1305,783,-0.586
1314,783,-0.5
1323,783,-0.469
1332,783,-0.395
1341,783,-0.328
1350,783,-0.238
1359,783,-0.248
1368,783,-0.227
1377,783,-0.158
1386,783,-0.246
1395,783,-0.197
1404,783,-0.381
1413,783,-0.353
1422,783,-0.411
1431,783,-0.339
1440,783,-0.353
1449,783,-0.326
1458,783,-0.264
1467,783,-0.275
1476,783,-0.413
1485,783,-0.429
1494,783,-0.447
1503,783,-0.52
1512,783,-0.484
1521,783,-0.625
1530,783,-0.65
1539,783,-0.546
1548,783,-0.452
1557,783,-0.418
1566,783,-0.385
1575,783,-0.402
1584,783,-0.323
1593,783,-0.386
1602,783,-0.354
1611,783,-0.278
1620,783,-0.338
1629,783,-0.465
1638,783,-0.321
1647,783,-0.338
1656,783,-0.26
1665,783,-0.162
1674,783,-0.092
1683,783,-0.077
1692,783,-0.155
1701,783,-0.164
1710,783,-0.14
1719,783,-0.268
1728,783,-0.339
1737,783,-0.582
1746,783,-0.823
1755,783,-0.765
1764,783,-0.818
1773,783,-0.758
1782,783,-0.593
1791,783,-0.446
1800,783,-0.319
1809,783,-0.164
1818,783,-0.174
1827,783,-0.187
1836,783,-0.201
1845,783,-0.075
1854,783,-0.077
1863,783,-0.181
1872,783,-0.196
1881,783,-0.214
1890,783,-0.374
1899,783,-0.147
1908,783,-0.145
1917,783,0
9,792,0.004
18,792,0.034
27,792,0.013
36,792,0.006
45,792,0.013
54,792,0.006
63,792,0.01
72,792,0.016
81,792,0.014
90,792,0.02
99,792,0.01
108,792,0.009
117,792,0.012
126,792,0.01
135,792,0.003
144,792,0.003
153,792,0.001
162,792,0.018
171,792,0.01
180,792,0.026
189,792,0.015
198,792,0.019
207,792,0.022
216,792,0.025
225,792,0.016
234,792,0.033
243,792,0.038
252,792,0.055
261,792,0.117
270,792,0.152
279,792,0.193
288,792,0.24
297,792,0.293
306,792,0.263
315,792,0.202
324,792,0.18
333,792,0.135
342,792,0.143
351,792,0.088
360,792,0.078
369,792,0.045
378,792,0.039
387,792,0.027
396,792,0.023
405,792,0.026
414,792,0.014
423,792,0.012
432,792,0.008
441,792,0.004
450,792,0.005
459,792,0.005
468,792,0.009
477,792,0.01
486,792,0.014
495,792,0.02
504,792,0.027
513,792,0.019
522,792,0.031
531,792,0.027
540,792,0.053
549,792,0.047
558,792,0.05
567,792,0.054
576,792,0.057
585,792,0.085
594,792,0.064
603,792,0.068
612,792,0.071
621,792,0.053
630,792,0.039
639,792,0.05
648,792,0.037
657,792,0.039
666,792,0.028
675,792,0.03
684,792,0.027
693,792,0.028
702,792,0.03
711,792,0.039
720,792,0.058
729,792,0.062
738,792,0.065
747,792,0.058
756,792,0.072
765,792,0.054
774,792,0.067
783,792,0.07
792,792,0.063
801,792,0.077
810,792,0.081
819,792,0.073
828,792,0.076
837,792,0.058
846,792,0.097
855,792,0.116
864,792,0.091
873,792,0.095
882,792,0.099
891,792,0.136
900,792,0.207
909,792,0.189
918,792,0.173
927,792,0.203
936,792,0.164
945,792,0.15
954,792,0.155
963,792,0.182
972,792,-0.189
981,792,-0.173
990,792,-0.179
999,792,-0.185
1008,792,-0.192
1017,792,-0.154
1026,792,-0.181
1035,792,-0.212
1044,792,-0.172
1053,792,-0.178
1062,792,-0.184
1071,792,-0.168
1080,792,-0.279
1089,792,-0.288
1098,792,-0.297
1107,792,-0.306
1116,792,-0.315
1125,792,-0.292
1134,792,-0.189
1143,792,-0.172
1152,792,-0.178
1161,792,-0.209
1170,792,-0.147
1179,792,-0.153
1188,792,-0.158
1197,792,-0.187
1206,792,-0.219
1215,792,-0.226
1224,792,-0.329
1233,792,-0.417
1242,792,-0.43
1251,792,-0.36
1260,792,-0.371
1269,792,-0.424
1278,792,-0.482
1287,792,-0.407
1296,792,-0.464
1305,792,-0.578
1314,792,-0.492
1323,792,-0.459
1332,792,-0.384
1341,792,-0.317
1350,792,-0.229
1359,792,-0.237
1368,792,-0.215
1377,792,-0.148
1386,792,-0.231
1395,792,-0.21
1404,792,-0.399
1413,792,-0.368
1422,792,-0.425
1431,792,-0.351
1440,792,-0.363
1449,792,-0.334
1458,792,-0.269
1467,792,-0.279
1476,792,-0.416
1485,792,-0.431
1494,792,-0.446
1503,792,-0.516
1512,792,-0.478
1521,792,-0.615
1530,792,-0.637
1539,792,-0.532
1548,792,-0.438
1557,792,-0.402
1566,792,-0.368
1575,792,-0.382
1584,792,-0.304
1593,792,-0.362
1602,792,-0.329
1611,792,-0.256
1620,792,-0.309
1629,792,-0.427
1638,792,-0.29
1647,792,-0.302
1656,792,-0.229
1665,792,-0.138
1674,792,-0.076
1683,792,-0.062
1692,792,-0.128
1701,792,-0.134
1710,792,-0.112
1719,792,-0.219
1728,792,-0.278
1737,792,-0.488
1746,792,-0.696
1755,792,-0.637
1764,792,-0.677
1773,792,-0.616
1782,792,-0.557
1791,792,-0.498
1800,792,-0.359
1809,792,-0.188
1818,792,-0.199
1827,792,-0.211
1836,792,-0.224
1845,792,-0.086
1854,792,-0.088
1863,792,-0.199
1872,792,-0.213
1881,792,-0.23
1890,792,-0.395
1899,792,-0.156
1908,792,-0.151
1917,792,0
9,801,0.003
18,801,0.032
27,801,0.012
36,801,0.005
45,801,0.011
54,801,0.005
63,801,0.009
72,801,0.014
81,801,0.011
90,801,0.016
99,801,0.008
108,801,0.007
117,801,0.009
126,801,0.008
135,801,0.002
144,801,0.002
153,801,0.001
162,801,0.013
171,801,0.007
180,801,0.019
189,801,0.011
198,801,0.014
207,801,0.016
216,801,0.019
225,801,0.011
234,801,0.024
243,801,0.028
252,801,0.041
261,801,0.091
270,801,0.119
279,801,0.153
288,801,0.192
297,801,0.236
306,801,0.21
315,801,0.157
324,801,0.139
333,801,0.122
342,801,0.129
351,801,0.078
360,801,0.068
369,801,0.038
378,801,0.033
387,801,0.022
396,801,0.019
405,801,0.021
414,801,0.014
423,801,0.012
432,801,0.008
441,801,0.005
450,801,0.007
459,801,0.006
468,801,0.011
477,801,0.012
486,801,0.017
495,801,0.023
504,801,0.031
513,801,0.022
522,801,0.035
531,801,0.031
540,801,0.058
549,801,0.051
558,801,0.054
567,801,0.057
576,801,0.072
585,801,0.104
594,801,0.079
603,801,0.082
612,801,0.101
621,801,0.077
630,801,0.057
639,801,0.071
648,801,0.053
657,801,0.056
666,801,0.041
675,801,0.043
684,801,0.038
693,801,0.04
702,801,0.042
711,801,0.052
720,801,0.076
729,801,0.08
738,801,0.083
747,801,0.074
756,801,0.09
765,801,0.068
774,801,0.083
783,801,0.087
792,801,0.09
801,801,0.108
810,801,0.112
819,801,0.101
828,801,0.105
837,801,0.081
846,801,0.148
855,801,0.173
864,801,0.138
873,801,0.143
882,801,0.147
891,801,0.195
900,801,0.284
909,801,0.261
918,801,0.239
927,801,0.275
936,801,0.253
945,801,0.232
954,801,0.238
963,801,0.274
972,801,-0.281
981,801,-0.258
990,801,-0.265
999,801,-0.272
1008,801,-0.28
1017,801,-0.229
1026,801,-0.264
1035,801,-0.302
1044,801,-0.249
1053,801,-0.256
1062,801,-0.263
1071,801,-0.241
1080,801,-0.379
1089,801,-0.389
1098,801,-0.398
1107,801,-0.408
1116,801,-0.417
1125,801,-0.387
1134,801,-0.26
1143,801,-0.238
1152,801,-0.244
1161,801,-0.281
1170,801,-0.204
1179,801,-0.209
1188,801,-0.215
1197,801,-0.249
1206,801,-0.287
1215,801,-0.295
1224,801,-0.415
1233,801,-0.517
1242,801,-0.529
1251,801,-0.448
1260,801,-0.459
1269,801,-0.518
1278,801,-0.582
1287,801,-0.494
1296,801,-0.557
1305,801,-0.745
1314,801,-0.641
1323,801,-0.6
1332,801,-0.509
1341,801,-0.426
1350,801,-0.315
1359,801,-0.324
1368,801,-0.297
1377,801,-0.21
1386,801,-0.314
1395,801,-0.287
1404,801,-0.514
1413,801,-0.476
1422,801,-0.543
1431,801,-0.453
1440,801,-0.466
1449,801,-0.43
1458,801,-0.352
1467,801,-0.362
1476,801,-0.522
1485,801,-0.538
1494,801,-0.554
1503,801,-0.633
1512,801,-0.588
1521,801,-0.742
1530,801,-0.764
1539,801,-0.644
1548,801,-0.535
1557,801,-0.493
1566,801,-0.452
1575,801,-0.467
1584,801,-0.375
1593,801,-0.442
1602,801,-0.402
1611,801,-0.316
1620,801,-0.377
1629,801,-0.508
1638,801,-0.352
1647,801,-0.365
1656,801,-0.28
1665,801,-0.174
1674,801,-0.099
1683,801,-0.081
1692,801,-0.159
1701,801,-0.165
1710,801,-0.139
1719,801,-0.261
1728,801,-0.326
1737,801,-0.555
1746,801,-0.778
1755,801,-0.712
1764,801,-0.752
1773,801,-0.685
1782,801,-0.619
1791,801,-0.554
1800,801,-0.402
1809,801,-0.214
1818,801,-0.225
1827,801,-0.237
1836,801,-0.25
1845,801,-0.098
1854,801,-0.099
1863,801,-0.218
1872,801,-0.231
1881,801,-0.248
1890,801,-0.416
1899,801,-0.165
1908,801,-0.158
1917,801,0
9,810,0.003
18,810,0.029
27,810,0.011
36,810,0.004
45,810,0.009
54,810,0.004
63,810,0.007
72,810,0.011
81,810,0.009
90,810,0.013
99,810,0.006
108,810,0.005
117,810,0.007
126,810,0.006
135,810,0.002
144,810,0.001
153,810,0.001
162,810,0.01
171,810,0.005
180,810,0.014
189,810,0.008
198,810,0.01
207,810,0.011
216,810,0.013
225,810,0.008
234,810,0.018
243,810,0.02
252,810,0.03
261,810,0.069
270,810,0.092
279,810,0.119
288,810,0.151
297,810,0.188
306,810,0.165
315,810,0.121
324,810,0.105
333,810,0.091
342,810,0.096
351,810,0.056
360,810,0.048
369,810,0.026
378,810,0.022
387,810,0.014
396,810,0.012
405,810,0.013
414,810,0.011
423,810,0.009
432,810,0.006
441,810,0.003
450,810,0.005
459,810,0.004
468,810,0.008
477,810,0.009
486,810,0.013
495,810,0.017
504,810,0.023
513,810,0.016
522,810,0.026
531,810,0.022
540,810,0.044
549,810,0.038
558,810,0.04
567,810,0.042
576,810,0.053
585,810,0.079
594,810,0.058
603,810,0.061
612,810,0.075
621,810,0.055
630,810,0.04
639,810,0.051
648,810,0.037
657,810,0.038
666,810,0.027
675,810,0.029
684,810,0.025
693,810,0.038
702,810,0.04
711,810,0.05
720,810,0.072
729,810,0.087
738,810,0.09
747,810,0.08
756,810,0.096
765,810,0.073
774,810,0.088
783,810,0.091
792,810,0.094
801,810,0.112
810,810,0.116
819,810,0.103
828,810,0.107
837,810,0.082
846,810,0.148
855,810,0.173
864,810,0.137
873,810,0.141
882,810,0.165
891,810,0.216
900,810,0.308
909,810,0.283
918,810,0.259
927,810,0.295
936,810,0.27
945,810,0.247
954,810,0.253
963,810,0.288
972,810,-0.295
981,810,-0.27
990,810,-0.276
999,810,-0.282
1008,810,-0.288
1017,810,-0.235
1026,810,-0.269
1035,810,-0.307
1044,810,-0.252
1053,810,-0.257
1062,810,-0.263
1071,810,-0.24
1080,810,-0.376
1089,810,-0.384
1098,810,-0.392
1107,810,-0.4
1116,810,-0.408
1125,810,-0.377
1134,810,-0.25
1143,810,-0.228
1152,810,-0.233
1161,810,-0.267
1170,810,-0.192
1179,810,-0.196
1188,810,-0.201
1197,810,-0.232
1206,810,-0.267
1215,810,-0.273
1224,810,-0.385
1233,810,-0.479
1242,810,-0.489
1251,810,-0.41
1260,810,-0.419
1269,810,-0.472
1278,810,-0.53
1287,810,-0.492
1296,810,-0.552
1305,810,-0.736
1314,810,-0.631
1323,810,-0.588
1332,810,-0.496
1341,810,-0.413
1350,810,-0.303
1359,810,-0.31
1368,810,-0.282
1377,810,-0.198
1386,810,-0.296
1395,810,-0.268
1404,810,-0.483
1413,810,-0.495
1422,810,-0.56
1431,810,-0.467
1440,810,-0.478
1449,810,-0.439
1458,810,-0.358
1467,810,-0.367
1476,810,-0.526
1485,810,-0.539
1494,810,-0.553
1503,810,-0.628
1512,810,-0.581
1521,810,-0.731
1530,810,-0.75
1539,810,-0.629
1548,810,-0.519
1557,810,-0.475
1566,810,-0.488
1575,810,-0.502
1584,810,-0.404
1593,810,-0.471
1602,810,-0.428
1611,810,-0.336
1620,810,-0.398
1629,810,-0.531
1638,810,-0.368
1647,810,-0.379
1656,810,-0.338
1665,810,-0.215
1674,810,-0.125
1683,810,-0.104
1692,810,-0.196
1701,810,-0.201
1710,810,-0.171
1719,810,-0.309
1728,810,-0.379
1737,810,-0.628
1746,810,-0.865
1755,810,-0.792
1764,810,-0.833
1773,810,-0.759
1782,810,-0.686
1791,810,-0.614
1800,810,-0.449
1809,810,-0.244
1818,810,-0.254
1827,810,-0.265
1836,810,-0.278
1845,810,-0.112
1854,810,-0.112
1863,810,-0.238
1872,810,-0.25
1881,810,-0.266
1890,810,-0.438
1899,810,-0.175
1908,810,-0.164
1917,810,0
9,819,0.003
18,819,0.027
27,819,0.009
36,819,0.004
45,819,0.008
54,819,0.003
63,819,0.006
72,819,0.009
81,819,0.008
90,819,0.011
99,819,0.005
108,819,0.004
117,819,0.006
126,819,0.004
135,819,0.001
144,819,0.001
153,819,0
162,819,0.007
171,819,0.004
180,819,0.011
189,819,0.006
198,819,0.007
207,819,0.008
216,819,0.013
225,819,0.008
234,819,0.017
243,819,0.019
252,819,0.028
261,819,0.066
270,819,0.087
279,819,0.112
288,819,0.142
297,819,0.176
306,819,0.153
315,819,0.111
324,819,0.095
333,819,0.082
342,819,0.086
351,819,0.049
360,819,0.041
369,819,0.022
378,819,0.023
387,819,0.015
396,819,0.012
405,819,0.013
414,819,0.011
423,819,0.009
432,819,0.006
441,819,0.003
450,819,0.005
459,819,0.004
468,819,0.008
477,819,0.009
486,819,0.012
495,819,0.016
504,819,0.021
513,819,0.014
522,819,0.024
531,819,0.02
540,819,0.04
549,819,0.034
558,819,0.036
567,819,0.037
576,819,0.047
585,819,0.069
594,819,0.061
603,819,0.063
612,819,0.077
621,819,0.056
630,819,0.041
639,819,0.051
648,819,0.044
657,819,0.046
666,819,0.033
675,819,0.034
684,819,0.029
693,819,0.044
702,819,0.045
711,819,0.056
720,819,0.08
729,819,0.095
738,819,0.098
747,819,0.087
756,819,0.103
765,819,0.078
774,819,0.094
783,819,0.096
792,819,0.099
801,819,0.116
810,819,0.119
819,819,0.106
828,819,0.109
837,819,0.083
846,819,0.149
855,819,0.173
864,819,0.136
873,819,0.139
882,819,0.162
891,819,0.211
900,819,0.301
909,819,0.275
918,819,0.25
927,819,0.284
936,819,0.259
945,819,0.235
954,819,0.24
963,819,0.273
972,819,-0.277
981,819,-0.252
990,819,-0.257
999,819,-0.261
1008,819,-0.266
1017,819,-0.215
1026,819,-0.246
1035,819,-0.28
1044,819,-0.227
1053,819,-0.231
1062,819,-0.263
1071,819,-0.239
1080,819,-0.374
1089,819,-0.38
1098,819,-0.386
1107,819,-0.392
1116,819,-0.439
1125,819,-0.404
1134,819,-0.27
1143,819,-0.245
1152,819,-0.25
1161,819,-0.284
1170,819,-0.204
1179,819,-0.208
1188,819,-0.212
1197,819,-0.243
1206,819,-0.277
1215,819,-0.282
1224,819,-0.395
1233,819,-0.489
1242,819,-0.497
1251,819,-0.415
1260,819,-0.422
1269,819,-0.474
1278,819,-0.53
1287,819,-0.49
1296,819,-0.548
1305,819,-0.727
1314,819,-0.62
1323,819,-0.576
1332,819,-0.483
1341,819,-0.4
1350,819,-0.292
1359,819,-0.297
1368,819,-0.302
1377,819,-0.212
1386,819,-0.314
1395,819,-0.284
1404,819,-0.504
1413,819,-0.513
1422,819,-0.578
1431,819,-0.48
1440,819,-0.49
1449,819,-0.448
1458,819,-0.365
1467,819,-0.417
1476,819,-0.587
1485,819,-0.599
1494,819,-0.611
1503,819,-0.69
1512,819,-0.638
1521,819,-0.793
1530,819,-0.811
1539,819,-0.68
1548,819,-0.563
1557,819,-0.514
1566,819,-0.526
1575,819,-0.538
1584,819,-0.49
1593,819,-0.565
1602,819,-0.514
1611,819,-0.409
1620,819,-0.477
1629,819,-0.625
1638,819,-0.44
1647,819,-0.452
1656,819,-0.404
1665,819,-0.262
1674,819,-0.157
1683,819,-0.131
1692,819,-0.237
1701,819,-0.243
1710,819,-0.207
1719,819,-0.361
1728,819,-0.438
1737,819,-0.707
1746,819,-0.958
1755,819,-0.878
1764,819,-0.918
1773,819,-0.837
1782,819,-0.756
1791,819,-0.677
1800,819,-0.499
1809,819,-0.275
1818,819,-0.285
1827,819,-0.296
1836,819,-0.308
1845,819,-0.126
1854,819,-0.125
1863,819,-0.26
1872,819,-0.271
1881,819,-0.284
1890,819,-0.461
1899,819,-0.184
1908,819,-0.171
1917,819,0
9,828,0.021
18,828,0.064
27,828,0.022
36,828,0.008
45,828,0.015
54,828,0.006
63,828,0.01
72,828,0.014
81,828,0.011
90,828,0.015
99,828,0.007
108,828,0.005
117,828,0.007
126,828,0.006
135,828,0.002
144,828,0.001
153,828,0.001
162,828,0.008
171,828,0.004
180,828,0.011
189,828,0.006
198,828,0.007
207,828,0.008
216,828,0.013
225,828,0.008
234,828,0.017
243,828,0.018
252,828,0.027
261,828,0.063
270,828,0.082
279,828,0.106
288,828,0.133
297,828,0.195
306,828,0.169
315,828,0.122
324,828,0.105
333,828,0.09
342,828,0.093
351,828,0.053
360,828,0.044
369,828,0.023
378,828,0.025
387,828,0.016
396,828,0.013
405,828,0.014
414,828,0.011
423,828,0.009
432,828,0.006
441,828,0.003
450,828,0.005
459,828,0.004
468,828,0.008
477,828,0.008
486,828,0.011
495,828,0.015
504,828,0.02
513,828,0.013
522,828,0.022
531,828,0.018
540,828,0.036
549,828,0.03
558,828,0.032
567,828,0.033
576,828,0.041
585,828,0.073
594,828,0.063
603,828,0.065
612,828,0.078
621,828,0.068
630,828,0.05
639,828,0.061
648,828,0.052
657,828,0.054
666,828,0.039
675,828,0.04
684,828,0.034
693,828,0.05
702,828,0.052
711,828,0.063
720,828,0.088
729,828,0.12
738,828,0.123
747,828,0.108
756,828,0.127
765,828,0.097
774,828,0.114
783,828,0.116
792,828,0.119
801,828,0.158
810,828,0.16
819,828,0.143
828,828,0.145
837,828,0.112
846,828,0.193
855,828,0.22
864,828,0.175
873,828,0.178
882,828,0.204
891,828,0.26
900,828,0.361
909,828,0.33
918,828,0.301
927,828,0.338
936,828,0.308
945,828,0.28
954,828,0.284
963,828,0.319
972,828,-0.323
981,828,-0.294
990,828,-0.298
999,828,-0.301
1008,828,-0.305
1017,828,-0.248
1026,828,-0.281
1035,828,-0.316
1044,828,-0.257
1053,828,-0.261
1062,828,-0.294
1071,828,-0.267
1080,828,-0.409
1089,828,-0.414
1098,828,-0.419
1107,828,-0.424
1116,828,-0.471
1125,828,-0.433
1134,828,-0.291
1143,828,-0.264
1152,828,-0.267
1161,828,-0.302
1170,828,-0.217
1179,828,-0.22
1188,828,-0.223
1197,828,-0.254
1206,828,-0.288
1215,828,-0.291
1224,828,-0.405
1233,828,-0.498
1242,828,-0.504
1251,828,-0.42
1260,828,-0.425
1269,828,-0.475
1278,828,-0.529
1287,828,-0.487
1296,828,-0.543
1305,828,-0.719
1314,828,-0.611
1323,828,-0.564
1332,828,-0.471
1341,828,-0.388
1350,828,-0.28
1359,828,-0.284
1368,828,-0.288
1377,828,-0.2
1386,828,-0.295
1395,828,-0.265
1404,828,-0.474
1413,828,-0.481
1422,828,-0.54
1431,828,-0.445
1440,828,-0.451
1449,828,-0.41
1458,828,-0.33
1467,828,-0.377
1476,828,-0.533
1485,828,-0.541
1494,828,-0.55
1503,828,-0.62
1512,828,-0.568
1521,828,-0.709
1530,828,-0.722
1539,828,-0.598
1548,828,-0.487
1557,828,-0.441
1566,828,-0.448
1575,828,-0.456
1584,828,-0.41
1593,828,-0.473
1602,828,-0.425
1611,828,-0.33
1620,828,-0.386
1629,828,-0.511
1638,828,-0.348
1647,828,-0.355
1656,828,-0.311
1665,828,-0.192
1674,828,-0.108
1683,828,-0.087
1692,828,-0.2
1701,828,-0.203
1710,828,-0.169
1719,828,-0.301
1728,828,-0.365
1737,828,-0.599
1746,828,-0.819
1755,828,-0.739
1764,828,-0.882
1773,828,-0.797
1782,828,-0.714
1791,828,-0.632
1800,828,-0.457
1809,828,-0.245
1818,828,-0.25
1827,828,-0.255
1836,828,-0.261
1845,828,-0.099
1854,828,-0.14
1863,828,-0.282
1872,828,-0.292
1881,828,-0.304
1890,828,-0.485
1899,828,-0.195
1908,828,-0.178
1917,828,0
9,837,0.02
18,837,0.06
27,837,0.02
36,837,0.007
45,837,0.013
54,837,0.005
63,837,0.008
72,837,0.011
81,837,0.009
90,837,0.012
99,837,0.005
108,837,0.004
117,837,0.005
126,837,0.004
135,837,0.001
144,837,0.001
153,837,0
162,837,0.006
171,837,0.003
180,837,0.008
189,837,0.004
198,837,0.005
207,837,0.006
216,837,0.01
225,837,0.005
234,837,0.012
243,837,0.013
252,837,0.019
261,837,0.047
270,837,0.062
279,837,0.081
288,837,0.103
297,837,0.154
306,837,0.131
315,837,0.092
324,837,0.078
333,837,0.065
342,837,0.068
351,837,0.036
360,837,0.03
369,837,0.015
378,837,0.016
387,837,0.01
396,837,0.008
405,837,0.008
414,837,0.007
423,837,0.005
432,837,0.003
441,837,0.002
450,837,0.003
459,837,0.002
468,837,0.004
477,837,0.006
486,837,0.008
495,837,0.011
504,837,0.015
513,837,0.009
522,837,0.016
531,837,0.013
540,837,0.026
549,837,0.022
558,837,0.023
567,837,0.023
576,837,0.03
585,837,0.054
594,837,0.046
603,837,0.056
612,837,0.068
621,837,0.058
630,837,0.042
639,837,0.051
648,837,0.044
657,837,0.044
666,837,0.031
675,837,0.032
684,837,0.027
693,837,0.04
702,837,0.041
711,837,0.05
720,837,0.071
729,837,0.098
738,837,0.099
747,837,0.087
756,837,0.102
765,837,0.076
774,837,0.09
783,837,0.091
792,837,0.093
801,837,0.125
810,837,0.144
819,837,0.128
828,837,0.129
837,837,0.099
846,837,0.171
855,837,0.195
864,837,0.153
873,837,0.155
882,837,0.178
891,837,0.228
900,837,0.319
909,837,0.289
918,837,0.261
927,837,0.293
936,837,0.295
945,837,0.267
954,837,0.269
963,837,0.302
972,837,-0.304
981,837,-0.276
990,837,-0.278
999,837,-0.28
1008,837,-0.282
1017,837,-0.227
1026,837,-0.256
1035,837,-0.288
1044,837,-0.233
1053,837,-0.234
1062,837,-0.264
1071,837,-0.238
1080,837,-0.368
1089,837,-0.371
1098,837,-0.374
1107,837,-0.376
1116,837,-0.418
1125,837,-0.382
1134,837,-0.251
1143,837,-0.226
1152,837,-0.227
1161,837,-0.257
1170,837,-0.181
1179,837,-0.182
1188,837,-0.184
1197,837,-0.209
1206,837,-0.238
1215,837,-0.24
1224,837,-0.338
1233,837,-0.419
1242,837,-0.422
1251,837,-0.346
1260,837,-0.349
1269,837,-0.391
1278,837,-0.436
1287,837,-0.397
1296,837,-0.443
1305,837,-0.595
1314,837,-0.498
1323,837,-0.455
1332,837,-0.373
1341,837,-0.3
1350,837,-0.21
1359,837,-0.211
1368,837,-0.213
1377,837,-0.142
1386,837,-0.216
1395,837,-0.19
1404,837,-0.358
1413,837,-0.361
1422,837,-0.407
1431,837,-0.367
1440,837,-0.371
1449,837,-0.333
1458,837,-0.262
1467,837,-0.3
1476,837,-0.432
1485,837,-0.437
1494,837,-0.441
1503,837,-0.499
1512,837,-0.451
1521,837,-0.569
1530,837,-0.576
1539,837,-0.523
1548,837,-0.419
1557,837,-0.375
1566,837,-0.379
1575,837,-0.435
1584,837,-0.388
1593,837,-0.446
1602,837,-0.397
1611,837,-0.305
1620,837,-0.355
1629,837,-0.471
1638,837,-0.315
1647,837,-0.318
1656,837,-0.276
1665,837,-0.166
1674,837,-0.09
1683,837,-0.09
1692,837,-0.202
1701,837,-0.203
1710,837,-0.168
1719,837,-0.298
1728,837,-0.358
1737,837,-0.586
1746,837,-0.797
1755,837,-0.714
1764,837,-0.848
1773,837,-0.759
1782,837,-0.673
1791,837,-0.589
1800,837,-0.418
1809,837,-0.217
1818,837,-0.218
1827,837,-0.218
1836,837,-0.219
1845,837,-0.077
1854,837,-0.107
1863,837,-0.307
1872,837,-0.315
1881,837,-0.325
1890,837,-0.509
1899,837,-0.205
1908,837,-0.185
1917,837,0
9,846,0.019
18,846,0.056
27,846,0.018
36,846,0.006
45,846,0.011
54,846,0.004
63,846,0.007
72,846,0.009
81,846,0.007
90,846,0.009
99,846,0.004
108,846,0.003
117,846,0.004
126,846,0.003
135,846,0.001
144,846,0.001
153,846,0
162,846,0.004
171,846,0.002
180,846,0.006
189,846,0.003
198,846,0.003
207,846,0.004
216,846,0.007
225,846,0.003
234,846,0.008
243,846,0.009
252,846,0.013
261,846,0.034
270,846,0.046
279,846,0.061
288,846,0.078
297,846,0.119
306,846,0.1
315,846,0.068
324,846,0.057
333,846,0.047
342,846,0.048
351,846,0.025
360,846,0.02
369,846,0.009
378,846,0.01
387,846,0.006
396,846,0.005
405,846,0.005
414,846,0.004
423,846,0.003
432,846,0.002
441,846,0.001
450,846,0.001
459,846,0.001
468,846,0.002
477,846,0.003
486,846,0.004
495,846,0.008
504,846,0.01
513,846,0.006
522,846,0.011
531,846,0.009
540,846,0.019
549,846,0.015
558,846,0.016
567,846,0.016
576,846,0.021
585,846,0.039
594,846,0.033
603,846,0.04
612,846,0.049
621,846,0.05
630,846,0.035
639,846,0.043
648,846,0.036
657,846,0.037
666,846,0.025
675,846,0.031
684,846,0.026
693,846,0.039
702,846,0.039
711,846,0.047
720,846,0.067
729,846,0.092
738,846,0.093
747,846,0.08
756,846,0.094
765,846,0.082
774,846,0.096
783,846,0.096
792,846,0.097
801,846,0.129
810,846,0.148
819,846,0.13
828,846,0.131
837,846,0.1
846,846,0.172
855,846,0.195
864,846,0.152
873,846,0.153
882,846,0.175
891,846,0.223
900,846,0.311
909,846,0.281
918,846,0.252
927,846,0.282
936,846,0.283
945,846,0.255
954,846,0.255
963,846,0.286
972,846,-0.287
981,846,-0.258
990,846,-0.259
999,846,-0.259
1008,846,-0.26
1017,846,-0.208
1026,846,-0.234
1035,846,-0.263
1044,846,-0.209
1053,846,-0.21
1062,846,-0.237
1071,846,-0.211
1080,846,-0.33
1089,846,-0.331
1098,846,-0.332
1107,846,-0.333
1116,846,-0.37
1125,846,-0.335
1134,846,-0.215
1143,846,-0.191
1152,846,-0.192
1161,846,-0.217
1170,846,-0.149
1179,846,-0.15
1188,846,-0.15
1197,846,-0.171
1206,846,-0.195
1215,846,-0.221
1224,846,-0.312
1233,846,-0.387
1242,846,-0.388
1251,846,-0.315
1260,846,-0.316
1269,846,-0.353
1278,846,-0.394
1287,846,-0.395
1296,846,-0.485
1305,846,-0.644
1314,846,-0.539
1323,846,-0.492
1332,846,-0.403
1341,846,-0.326
1350,846,-0.228
1359,846,-0.229
1368,846,-0.229
1377,846,-0.153
1386,846,-0.23
1395,846,-0.203
1404,846,-0.374
1413,846,-0.376
1422,846,-0.422
1431,846,-0.379
1440,846,-0.381
1449,846,-0.341
1458,846,-0.267
1467,846,-0.304
1476,846,-0.435
1485,846,-0.438
1494,846,-0.44
1503,846,-0.495
1512,846,-0.446
1521,846,-0.56
1530,846,-0.565
1539,846,-0.51
1548,846,-0.406
1557,846,-0.408
1566,846,-0.411
1575,846,-0.468
1584,846,-0.417
1593,846,-0.475
1602,846,-0.422
1611,846,-0.325
1620,846,-0.375
1629,846,-0.492
1638,846,-0.33
1647,846,-0.331
1656,846,-0.286
1665,846,-0.206
1674,846,-0.115
1683,846,-0.114
1692,846,-0.245
1701,846,-0.245
1710,846,-0.204
1719,846,-0.349
1728,846,-0.414
1737,846,-0.661
1746,846,-0.885
1755,846,-0.794
1764,846,-0.934
1773,846,-0.837
1782,846,-0.743
1791,846,-0.651
1800,846,-0.466
1809,846,-0.246
1818,846,-0.246
1827,846,-0.245
1836,846,-0.244
1845,846,-0.088
1854,846,-0.121
1863,846,-0.332
1872,846,-0.338
1881,846,-0.346
1890,846,-0.534
1899,846,-0.216
1908,846,-0.192
1917,846,0
9,855,0.018
18,855,0.052
27,855,0.016
36,855,0.005
45,855,0.009
54,855,0.003
63,855,0.005
72,855,0.008
81,855,0.006
90,855,0.008
99,855,0.003
108,855,0.002
117,855,0.003
126,855,0.002
135,855,0.001
144,855,0
153,855,0
162,855,0.003
171,855,0.001
180,855,0.004
189,855,0.002
198,855,0.002
207,855,0.003
216,855,0.005
225,855,0.002
234,855,0.006
243,855,0.006
252,855,0.009
261,855,0.025
270,855,0.033
279,855,0.045
288,855,0.058
297,855,0.091
306,855,0.075
315,855,0.049
324,855,0.04
333,855,0.033
342,855,0.033
351,855,0.016
360,855,0.013
369,855,0.006
378,855,0.008
387,855,0.005
396,855,0.004
405,855,0.004
414,855,0.003
423,855,0.002
432,855,0.001
441,855,0.001
450,855,0.001
459,855,0.001
468,855,0.001
477,855,0.002
486,855,0.003
495,855,0.006
504,855,0.007
513,855,0.004
522,855,0.008
531,855,0.006
540,855,0.013
549,855,0.011
558,855,0.011
567,855,0.011
576,855,0.014
585,855,0.028
594,855,0.023
603,855,0.028
612,855,0.035
621,855,0.035
630,855,0.024
639,855,0.029
648,855,0.024
657,855,0.024
666,855,0.02
675,855,0.025
684,855,0.02
693,855,0.031
702,855,0.031
711,855,0.037
720,855,0.053
729,855,0.074
738,855,0.074
747,855,0.074
756,855,0.087
765,855,0.075
774,855,0.087
783,855,0.087
792,855,0.087
801,855,0.116
810,855,0.133
819,855,0.116
828,855,0.116
837,855,0.087
846,855,0.152
855,855,0.172
864,855,0.133
873,855,0.133
882,855,0.151
891,855,0.194
900,855,0.273
909,855,0.244
918,855,0.217
927,855,0.272
936,855,0.271
945,855,0.242
954,855,0.242
963,855,0.27
972,855,-0.27
981,855,-0.241
990,855,-0.241
999,855,-0.24
1008,855,-0.24
1017,855,-0.189
1026,855,-0.213
1035,855,-0.238
1044,855,-0.188
1053,855,-0.188
1062,855,-0.211
1071,855,-0.187
1080,855,-0.295
1089,855,-0.294
1098,855,-0.294
1107,855,-0.294
1116,855,-0.326
1125,855,-0.293
1134,855,-0.184
1143,855,-0.161
1152,855,-0.161
1161,855,-0.182
1170,855,-0.122
1179,855,-0.121
1188,855,-0.139
1197,855,-0.158
1206,855,-0.179
1215,855,-0.203
1224,855,-0.287
1233,855,-0.356
1242,855,-0.356
1251,855,-0.319
1260,855,-0.319
1269,855,-0.355
1278,855,-0.394
1287,855,-0.393
1296,855,-0.481
1305,855,-0.636
1314,855,-0.53
1323,855,-0.53
1332,855,-0.435
1341,855,-0.352
1350,855,-0.248
1359,855,-0.247
1368,855,-0.247
1377,855,-0.166
1386,855,-0.245
1395,855,-0.215
1404,855,-0.392
1413,855,-0.392
1422,855,-0.437
1431,855,-0.391
1440,855,-0.391
1449,855,-0.349
1458,855,-0.273
1467,855,-0.308
1476,855,-0.439
1485,855,-0.439
1494,855,-0.44
1503,855,-0.492
1512,855,-0.441
1521,855,-0.551
1530,855,-0.553
1539,855,-0.497
1548,855,-0.393
1557,855,-0.393
1566,855,-0.393
1575,855,-0.446
1584,855,-0.394
1593,855,-0.448
1602,855,-0.395
1611,855,-0.3
1620,855,-0.345
1629,855,-0.453
1638,855,-0.397
1647,855,-0.397
1656,855,-0.345
1665,855,-0.251
1674,855,-0.145
1683,855,-0.143
1692,855,-0.293
1701,855,-0.292
1710,855,-0.244
1719,855,-0.405
1728,855,-0.476
1737,855,-0.742
1746,855,-0.979
1755,855,-0.879
1764,855,-1.025
1773,855,-0.92
1782,855,-0.817
1791,855,-0.716
1800,855,-0.517
1809,855,-0.278
1818,855,-0.276
1827,855,-0.274
1836,855,-0.271
1845,855,-0.1
1854,855,-0.135
1863,855,-0.359
1872,855,-0.363
1881,855,-0.369
1890,855,-0.56
1899,855,-0.228
1908,855,-0.2
1917,855,0
9,864,0.017
18,864,0.048
27,864,0.014
36,864,0.004
45,864,0.008
54,864,0.003
63,864,0.004
72,864,0.006
81,864,0.005
90,864,0.006
99,864,0.002
108,864,0.002
117,864,0.002
126,864,0.002
135,864,0.001
144,864,0.001
153,864,0
162,864,0.005
171,864,0.003
180,864,0.007
189,864,0.003
198,864,0.004
207,864,0.004
216,864,0.007
225,864,0.003
234,864,0.008
243,864,0.008
252,864,0.012
261,864,0.03
270,864,0.041
279,864,0.053
288,864,0.067
297,864,0.102
306,864,0.084
315,864,0.069
324,864,0.056
333,864,0.046
342,864,0.046
351,864,0.023
360,864,0.018
369,864,0.008
378,864,0.011
387,864,0.007
396,864,0.007
405,864,0.007
414,864,0.005
423,864,0.004
432,864,0.002
441,864,0.001
450,864,0.002
459,864,0.002
468,864,0.004
477,864,0.005
486,864,0.007
495,864,0.011
504,864,0.014
513,864,0.009
522,864,0.015
531,864,0.012
540,864,0.023
549,864,0.019
558,864,0.019
567,864,0.019
576,864,0.024
585,864,0.043
594,864,0.036
603,864,0.043
612,864,0.052
621,864,0.052
630,864,0.036
639,864,0.043
648,864,0.036
657,864,0.036
666,864,0.029
675,864,0.035
684,864,0.029
693,864,0.042
702,864,0.042
711,864,0.05
720,864,0.07
729,864,0.095
738,864,0.094
747,864,0.094
756,864,0.108
765,864,0.093
774,864,0.107
783,864,0.106
792,864,0.105
801,864,0.138
810,864,0.156
819,864,0.136
828,864,0.135
837,864,0.102
846,864,0.173
855,864,0.195
864,864,0.151
873,864,0.15
882,864,0.169
891,864,0.214
900,864,0.297
909,864,0.265
918,864,0.263
927,864,0.324
936,864,0.322
945,864,0.288
954,864,0.286
963,864,0.316
972,864,-0.314
981,864,-0.281
990,864,-0.279
999,864,-0.278
1008,864,-0.276
1017,864,-0.219
1026,864,-0.244
1035,864,-0.271
1044,864,-0.215
1053,864,-0.213
1062,864,-0.238
1071,864,-0.21
1080,864,-0.325
1089,864,-0.323
1098,864,-0.322
1107,864,-0.32
1116,864,-0.353
1125,864,-0.316
1134,864,-0.2
1143,864,-0.175
1152,864,-0.173
1161,864,-0.195
1170,864,-0.131
1179,864,-0.13
1188,864,-0.147
1197,864,-0.166
1206,864,-0.187
1215,864,-0.21
1224,864,-0.296
1233,864,-0.364
1242,864,-0.362
1251,864,-0.324
1260,864,-0.358
1269,864,-0.396
1278,864,-0.436
1287,864,-0.434
1296,864,-0.525
1305,864,-0.686
1314,864,-0.572
1323,864,-0.571
1332,864,-0.469
1341,864,-0.38
1350,864,-0.269
1359,864,-0.267
1368,864,-0.265
1377,864,-0.178
1386,864,-0.261
1395,864,-0.228
1404,864,-0.409
1413,864,-0.408
1422,864,-0.452
1431,864,-0.404
1440,864,-0.402
1449,864,-0.357
1458,864,-0.278
1467,864,-0.313
1476,864,-0.442
1485,864,-0.44
1494,864,-0.439
1503,864,-0.489
1512,864,-0.436
1521,864,-0.543
1530,864,-0.603
1539,864,-0.541
1548,864,-0.429
1557,864,-0.428
1566,864,-0.426
1575,864,-0.479
1584,864,-0.423
1593,864,-0.477
1602,864,-0.42
1611,864,-0.319
1620,864,-0.364
1629,864,-0.473
1638,864,-0.414
1647,864,-0.412
1656,864,-0.356
1665,864,-0.259
1674,864,-0.149
1683,864,-0.146
1692,864,-0.296
1701,864,-0.293
1710,864,-0.243
1719,864,-0.401
1728,864,-0.468
1737,864,-0.726
1746,864,-0.954
1755,864,-0.851
1764,864,-0.987
1773,864,-1.007
1782,864,-0.895
1791,864,-0.786
1800,864,-0.571
1809,864,-0.312
1818,864,-0.309
1827,864,-0.305
1836,864,-0.3
1845,864,-0.114
1854,864,-0.151
1863,864,-0.387
1872,864,-0.389
1881,864,-0.392
1890,864,-0.586
1899,864,-0.24
1908,864,-0.208
1917,864,0
9,873,0.016
18,873,0.045
27,873,0.013
36,873,0.004
45,873,0.007
54,873,0.002
63,873,0.004
72,873,0.005
81,873,0.004
90,873,0.005
99,873,0.003
108,873,0.002
117,873,0.003
126,873,0.002
135,873,0.001
144,873,0.001
153,873,0
162,873,0.006
171,873,0.003
180,873,0.007
189,873,0.003
198,873,0.004
207,873,0.004
216,873,0.007
225,873,0.003
234,873,0.007
243,873,0.008
252,873,0.011
261,873,0.029
270,873,0.038
279,873,0.049
288,873,0.062
297,873,0.095
306,873,0.077
315,873,0.077
324,873,0.062
333,873,0.05
342,873,0.05
351,873,0.025
360,873,0.02
369,873,0.009
378,873,0.012
387,873,0.007
396,873,0.007
405,873,0.007
414,873,0.006
423,873,0.004
432,873,0.002
441,873,0.001
450,873,0.002
459,873,0.002
468,873,0.003
477,873,0.005
486,873,0.006
495,873,0.01
504,873,0.013
513,873,0.008
522,873,0.013
531,873,0.01
540,873,0.021
549,873,0.017
558,873,0.017
567,873,0.017
576,873,0.021
585,873,0.038
594,873,0.031
603,873,0.037
612,873,0.044
621,873,0.044
630,873,0.03
639,873,0.036
648,873,0.029
657,873,0.029
666,873,0.024
675,873,0.028
684,873,0.023
693,873,0.034
702,873,0.033
711,873,0.04
720,873,0.056
729,873,0.076
738,873,0.075
747,873,0.074
756,873,0.086
765,873,0.073
774,873,0.084
783,873,0.083
792,873,0.082
801,873,0.108
810,873,0.123
819,873,0.106
828,873,0.104
837,873,0.077
846,873,0.134
855,873,0.151
864,873,0.114
873,873,0.113
882,873,0.128
891,873,0.164
900,873,0.232
909,873,0.204
918,873,0.202
927,873,0.252
936,873,0.249
945,873,0.22
954,873,0.217
963,873,0.241
972,873,-0.238
981,873,-0.21
990,873,-0.207
999,873,-0.205
1008,873,-0.202
1017,873,-0.156
1026,873,-0.175
1035,873,-0.195
1044,873,-0.15
1053,873,-0.148
1062,873,-0.166
1071,873,-0.144
1080,873,-0.233
1089,873,-0.23
1098,873,-0.227
1107,873,-0.224
1116,873,-0.249
1125,873,-0.219
1134,873,-0.13
1143,873,-0.112
1152,873,-0.11
1161,873,-0.124
1170,873,-0.079
1179,873,-0.077
1188,873,-0.089
1197,873,-0.101
1206,873,-0.115
1215,873,-0.149
1224,873,-0.215
1233,873,-0.269
1242,873,-0.266
1251,873,-0.233
1260,873,-0.259
1269,873,-0.288
1278,873,-0.318
1287,873,-0.315
1296,873,-0.386
1305,873,-0.516
1314,873,-0.465
1323,873,-0.461
1332,873,-0.372
1341,873,-0.294
1350,873,-0.228
1359,873,-0.225
1368,873,-0.222
1377,873,-0.145
1386,873,-0.216
1395,873,-0.213
1404,873,-0.384
1413,873,-0.38
1422,873,-0.42
1431,873,-0.373
1440,873,-0.369
1449,873,-0.325
1458,873,-0.284
1467,873,-0.317
1476,873,-0.445
1485,873,-0.442
1494,873,-0.438
1503,873,-0.486
1512,873,-0.431
1521,873,-0.534
1530,873,-0.591
1539,873,-0.528
1548,873,-0.416
1557,873,-0.412
1566,873,-0.408
1575,873,-0.457
1584,873,-0.4
1593,873,-0.45
1602,873,-0.392
1611,873,-0.294
1620,873,-0.335
1629,873,-0.435
1638,873,-0.376
1647,873,-0.372
1656,873,-0.368
1665,873,-0.267
1674,873,-0.154
1683,873,-0.149
1692,873,-0.299
1701,873,-0.294
1710,873,-0.242
1719,873,-0.396
1728,873,-0.46
1737,873,-0.71
1746,873,-0.93
1755,873,-0.823
1764,873,-1.082
1773,873,-1.1
1782,873,-0.978
1791,873,-0.86
1800,873,-0.629
1809,873,-0.35
1818,873,-0.344
1827,873,-0.338
1836,873,-0.332
1845,873,-0.128
1854,873,-0.167
1863,873,-0.417
1872,873,-0.416
1881,873,-0.417
1890,873,-0.613
1899,873,-0.252
1908,873,-0.216
1917,873,0
9,882,0.015
18,882,0.042
27,882,0.011
36,882,0.003
45,882,0.006
54,882,0.002
63,882,0.003
72,882,0.004
81,882,0.005
90,882,0.007
99,882,0.005
108,882,0.003
117,882,0.004
126,882,0.003
135,882,0.001
144,882,0.001
153,882,0
162,882,0.007
171,882,0.003
180,882,0.008
189,882,0.004
198,882,0.004
207,882,0.006
216,882,0.01
225,882,0.005
234,882,0.01
243,882,0.011
252,882,0.015
261,882,0.035
270,882,0.046
279,882,0.058
288,882,0.072
297,882,0.107
306,882,0.087
315,882,0.086
324,882,0.069
333,882,0.056
342,882,0.055
351,882,0.028
360,882,0.022
369,882,0.01
378,882,0.013
387,882,0.007
396,882,0.007
405,882,0.007
414,882,0.006
423,882,0.004
432,882,0.002
441,882,0.001
450,882,0.002
459,882,0.002
468,882,0.003
477,882,0.004
486,882,0.006
495,882,0.01
504,882,0.012
513,882,0.007
522,882,0.012
531,882,0.009
540,882,0.019
549,882,0.015
558,882,0.014
567,882,0.014
576,882,0.018
585,882,0.033
594,882,0.026
603,882,0.032
612,882,0.038
621,882,0.037
630,882,0.025
639,882,0.03
648,882,0.024
657,882,0.023
666,882,0.019
675,882,0.023
684,882,0.022
693,882,0.032
702,882,0.032
711,882,0.037
720,882,0.052
729,882,0.097
738,882,0.095
747,882,0.094
756,882,0.106
765,882,0.09
774,882,0.103
783,882,0.101
792,882,0.099
801,882,0.129
810,882,0.145
819,882,0.124
828,882,0.122
837,882,0.09
846,882,0.154
855,882,0.172
864,882,0.13
873,882,0.146
882,882,0.163
891,882,0.205
900,882,0.283
909,882,0.25
918,882,0.246
927,882,0.301
936,882,0.296
945,882,0.262
954,882,0.258
963,882,0.283
972,882,-0.279
981,882,-0.275
990,882,-0.271
999,882,-0.266
1008,882,-0.262
1017,882,-0.205
1026,882,-0.227
1035,882,-0.25
1044,882,-0.195
1053,882,-0.192
1062,882,-0.212
1071,882,-0.185
1080,882,-0.288
1089,882,-0.284
1098,882,-0.28
1107,882,-0.275
1116,882,-0.336
1125,882,-0.298
1134,882,-0.184
1143,882,-0.159
1152,882,-0.156
1161,882,-0.174
1170,882,-0.114
1179,882,-0.112
1188,882,-0.126
1197,882,-0.141
1206,882,-0.158
1215,882,-0.2
1224,882,-0.28
1233,882,-0.343
1242,882,-0.338
1251,882,-0.298
1260,882,-0.328
1269,882,-0.36
1278,882,-0.393
1287,882,-0.388
1296,882,-0.469
1305,882,-0.614
1314,882,-0.554
1323,882,-0.548
1332,882,-0.446
1341,882,-0.356
1350,882,-0.28
1359,882,-0.275
1368,882,-0.27
1377,882,-0.18
1386,882,-0.261
1395,882,-0.256
1404,882,-0.446
1413,882,-0.441
1422,882,-0.483
1431,882,-0.429
1440,882,-0.424
1449,882,-0.374
1458,882,-0.327
1467,882,-0.362
1476,882,-0.5
1485,882,-0.494
1494,882,-0.488
1503,882,-0.538
1512,882,-0.477
1521,882,-0.586
1530,882,-0.644
1539,882,-0.574
1548,882,-0.453
1557,882,-0.447
1566,882,-0.442
1575,882,-0.491
1584,882,-0.43
1593,882,-0.479
1602,882,-0.418
1611,882,-0.313
1620,882,-0.354
1629,882,-0.456
1638,882,-0.393
1647,882,-0.387
1656,882,-0.38
1665,882,-0.275
1674,882,-0.158
1683,882,-0.152
1692,882,-0.302
1701,882,-0.295
1710,882,-0.241
1719,882,-0.392
1728,882,-0.452
1737,882,-0.795
1746,882,-1.027
1755,882,-0.91
1764,882,-1.181
1773,882,-1.197
1782,882,-1.066
1791,882,-0.938
1800,882,-0.691
1809,882,-0.39
1818,882,-0.382
1827,882,-0.374
1836,882,-0.365
1845,882,-0.145
1854,882,-0.186
1863,882,-0.448
1872,882,-0.445
1881,882,-0.442
1890,882,-0.641
1899,882,-0.265
1908,882,-0.224
1917,882,0
9,891,0.014
18,891,0.039
27,891,0.01
36,891,0.003
45,891,0.005
54,891,0.002
63,891,0.002
72,891,0.003
81,891,0.004
90,891,0.005
99,891,0.004
108,891,0.002
117,891,0.003
126,891,0.002
135,891,0.001
144,891,0.001
153,891,0
162,891,0.005
171,891,0.002
180,891,0.006
189,891,0.003
198,891,0.003
207,891,0.004
216,891,0.007
225,891,0.003
234,891,0.007
243,891,0.007
252,891,0.01
261,891,0.026
270,891,0.033
279,891,0.042
288,891,0.066
297,891,0.099
306,891,0.079
315,891,0.078
324,891,0.062
333,891,0.049
342,891,0.048
351,891,0.024
360,891,0.018
369,891,0.008
378,891,0.01
387,891,0.006
396,891,0.006
405,891,0.006
414,891,0.004
423,891,0.003
432,891,0.002
441,891,0.001
450,891,0.002
459,891,0.001
468,891,0.002
477,891,0.003
486,891,0.004
495,891,0.007
504,891,0.009
513,891,0.005
522,891,0.008
531,891,0.006
540,891,0.013
549,891,0.01
558,891,0.01
567,891,0.01
576,891,0.012
585,891,0.023
594,891,0.018
603,891,0.022
612,891,0.026
621,891,0.026
630,891,0.016
639,891,0.02
648,891,0.019
657,891,0.019
666,891,0.015
675,891,0.018
684,891,0.017
693,891,0.025
702,891,0.025
711,891,0.029
720,891,0.049
729,891,0.091
738,891,0.089
747,891,0.087
756,891,0.098
765,891,0.083
774,891,0.094
783,891,0.091
792,891,0.089
801,891,0.116
810,891,0.149
819,891,0.127
828,891,0.124
837,891,0.091
846,891,0.154
855,891,0.171
864,891,0.129
873,891,0.144
882,891,0.16
891,891,0.2
900,891,0.276
909,891,0.242
918,891,0.237
927,891,0.29
936,891,0.284
945,891,0.25
954,891,0.245
963,891,0.268
972,891,-0.262
981,891,-0.257
990,891,-0.252
999,891,-0.247
1008,891,-0.27
1017,891,-0.211
1026,891,-0.232
1035,891,-0.254
1044,891,-0.198
1053,891,-0.193
1062,891,-0.213
1071,891,-0.185
1080,891,-0.286
1089,891,-0.281
1098,891,-0.275
1107,891,-0.269
1116,891,-0.327
1125,891,-0.289
1134,891,-0.177
1143,891,-0.152
1152,891,-0.148
1161,891,-0.165
1170,891,-0.107
1179,891,-0.104
1188,891,-0.116
1197,891,-0.13
1206,891,-0.145
1215,891,-0.183
1224,891,-0.257
1233,891,-0.315
1242,891,-0.309
1251,891,-0.27
1260,891,-0.296
1269,891,-0.324
1278,891,-0.354
1287,891,-0.348
1296,891,-0.421
1305,891,-0.554
1314,891,-0.496
1323,891,-0.488
1332,891,-0.392
1341,891,-0.308
1350,891,-0.238
1359,891,-0.232
1368,891,-0.227
1377,891,-0.147
1386,891,-0.215
1395,891,-0.21
1404,891,-0.376
1413,891,-0.369
1422,891,-0.404
1431,891,-0.354
1440,891,-0.347
1449,891,-0.302
1458,891,-0.26
1467,891,-0.288
1476,891,-0.404
1485,891,-0.397
1494,891,-0.389
1503,891,-0.429
1512,891,-0.374
1521,891,-0.463
1530,891,-0.51
1539,891,-0.447
1548,891,-0.343
1557,891,-0.335
1566,891,-0.328
1575,891,-0.415
1584,891,-0.357
1593,891,-0.398
1602,891,-0.341
1611,891,-0.249
1620,891,-0.281
1629,891,-0.365
1638,891,-0.309
1647,891,-0.348
1656,891,-0.34
1665,891,-0.241
1674,891,-0.134
1683,891,-0.127
1692,891,-0.258
1701,891,-0.249
1710,891,-0.199
1719,891,-0.329
1728,891,-0.378
1737,891,-0.68
1746,891,-0.883
1755,891,-0.769
1764,891,-1.005
1773,891,-1.008
1782,891,-0.881
1791,891,-0.757
1800,891,-0.536
1809,891,-0.28
1818,891,-0.339
1827,891,-0.326
1836,891,-0.312
1845,891,-0.162
1854,891,-0.205
1863,891,-0.481
1872,891,-0.474
1881,891,-0.468
1890,891,-0.67
1899,891,-0.278
1908,891,-0.232
1917,891,0
9,900,0.013
18,900,0.036
27,900,0.009
36,900,0.002
45,900,0.004
54,900,0.001
63,900,0.002
72,900,0.003
81,900,0.003
90,900,0.004
99,900,0.003
108,900,0.002
117,900,0.002
126,900,0.001
135,900,0.001
144,900,0.001
153,900,0
162,900,0.004
171,900,0.001
180,900,0.004
189,900,0.002
198,900,0.003
207,900,0.004
216,900,0.007
225,900,0.003
234,900,0.007
243,900,0.007
252,900,0.01
261,900,0.024
270,900,0.031
279,900,0.039
288,900,0.062
297,900,0.092
306,900,0.073
315,900,0.071
324,900,0.056
333,900,0.043
342,900,0.042
351,900,0.02
360,900,0.015
369,900,0.006
378,900,0.008
387,900,0.005
396,900,0.005
405,900,0.004
414,900,0.003
423,900,0.002
432,900,0.001
441,900,0.001
450,900,0.002
459,900,0.001
468,900,0.002
477,900,0.003
486,900,0.004
495,900,0.006
504,900,0.008
513,900,0.006
522,900,0.01
531,900,0.007
540,900,0.015
549,900,0.011
558,900,0.011
567,900,0.011
576,900,0.013
585,900,0.024
594,900,0.019
603,900,0.023
612,900,0.027
621,900,0.026
630,900,0.017
639,900,0.02
648,900,0.019
657,900,0.018
666,900,0.014
675,900,0.017
684,900,0.017
693,900,0.024
702,900,0.023
711,900,0.027
720,900,0.046
729,900,0.086
738,900,0.083
747,900,0.08
756,900,0.091
765,900,0.088
774,900,0.099
783,900,0.096
792,900,0.093
801,900,0.12
810,900,0.153
819,900,0.148
828,900,0.144
837,900,0.107
846,900,0.176
855,900,0.193
864,900,0.147
873,900,0.162
882,900,0.178
891,900,0.221
900,900,0.3
909,900,0.263
918,900,0.256
927,900,0.344
936,900,0.336
945,900,0.296
954,900,0.289
963,900,0.313
972,900,-0.306
981,900,-0.299
990,900,-0.292
999,900,-0.285
1008,900,-0.309
1017,900,-0.243
1026,900,-0.265
1035,900,-0.288
1044,900,-0.225
1053,900,-0.219
1062,900,-0.239
1071,900,-0.208
1080,900,-0.316
1089,900,-0.308
1098,900,-0.301
1107,900,-0.294
1116,900,-0.354
1125,900,-0.312
1134,900,-0.193
1143,900,-0.165
1152,900,-0.16
1161,900,-0.177
1170,900,-0.115
1179,900,-0.111
1188,900,-0.123
1197,900,-0.137
1206,900,-0.152
1215,900,-0.19
1224,900,-0.265
1233,900,-0.322
1242,900,-0.314
1251,900,-0.274
1260,900,-0.299
1269,900,-0.326
1278,900,-0.354
1287,900,-0.346
1296,900,-0.417
1305,900,-0.547
1314,900,-0.488
1323,900,-0.478
1332,900,-0.381
1341,900,-0.298
1350,900,-0.228
1359,900,-0.221
1368,900,-0.215
1377,900,-0.138
1386,900,-0.202
1395,900,-0.195
1404,900,-0.352
1413,900,-0.343
1422,900,-0.375
1431,900,-0.326
1440,900,-0.317
1449,900,-0.273
1458,900,-0.233
1467,900,-0.257
1476,900,-0.363
1485,900,-0.354
1494,900,-0.345
1503,900,-0.379
1512,900,-0.326
1521,900,-0.406
1530,900,-0.446
1539,900,-0.386
1548,900,-0.29
1557,900,-0.282
1566,900,-0.273
1575,900,-0.347
1584,900,-0.294
1593,900,-0.327
1602,900,-0.275
1611,900,-0.195
1620,900,-0.22
1629,900,-0.288
1638,900,-0.278
1647,900,-0.313
1656,900,-0.302
1665,900,-0.21
1674,900,-0.112
1683,900,-0.105
1692,900,-0.218
1701,900,-0.208
1710,900,-0.162
1719,900,-0.273
1728,900,-0.313
1737,900,-0.577
1746,900,-0.753
1755,900,-0.744
1764,900,-0.968
1773,900,-0.965
1782,900,-0.834
1791,900,-0.71
1800,900,-0.493
1809,900,-0.249
1818,900,-0.299
1827,900,-0.282
1836,900,-0.265
1845,900,-0.129
1854,900,-0.161
1863,900,-0.389
1872,900,-0.37
1881,900,-0.349
1890,900,-0.487
1899,900,-0.16
1908,900,-0.095
1917,900,0
9,909,0.012
18,909,0.033
27,909,0.008
36,909,0.002
45,909,0.004
54,909,0.001
63,909,0.002
72,909,0.004
81,909,0.005
90,909,0.006
99,909,0.004
108,909,0.002
117,909,0.003
126,909,0.002
135,909,0.001
144,909,0.001
153,909,0
162,909,0.004
171,909,0.002
180,909,0.004
189,909,0.002
198,909,0.003
207,909,0.005
216,909,0.007
225,909,0.003
234,909,0.007
243,909,0.007
252,909,0.009
261,909,0.023
270,909,0.029
279,909,0.036
288,909,0.057
297,909,0.085
306,909,0.066
315,909,0.064
324,909,0.05
333,909,0.038
342,909,0.037
351,909,0.017
360,909,0.013
369,909,0.005
378,909,0.007
387,909,0.004
396,909,0.003
405,909,0.003
414,909,0.002
423,909,0.002
432,909,0.001
441,909,0.001
450,909,0.001
459,909,0.001
468,909,0.001
477,909,0.002
486,909,0.003
495,909,0.004
504,909,0.006
513,909,0.004
522,909,0.007
531,909,0.005
540,909,0.01
549,909,0.008
558,909,0.007
567,909,0.007
576,909,0.009
585,909,0.017
594,909,0.013
603,909,0.015
612,909,0.018
621,909,0.017
630,909,0.011
639,909,0.013
648,909,0.012
657,909,0.018
666,909,0.014
675,909,0.017
684,909,0.016
693,909,0.023
702,909,0.027
711,909,0.038
720,909,0.061
729,909,0.108
738,909,0.12
747,909,0.116
756,909,0.129
765,909,0.125
774,909,0.138
783,909,0.133
792,909,0.129
801,909,0.162
810,909,0.201
819,909,0.194
828,909,0.188
837,909,0.141
846,909,0.224
855,909,0.244
864,909,0.187
873,909,0.204
882,909,0.223
891,909,0.271
900,909,0.36
909,909,0.316
918,909,0.308
927,909,0.404
936,909,0.394
945,909,0.348
954,909,0.338
963,909,0.364
972,909,-0.355
981,909,-0.345
990,909,-0.336
999,909,-0.327
1008,909,-0.352
1017,909,-0.278
1026,909,-0.301
1035,909,-0.325
1044,909,-0.255
1053,909,-0.247
1062,909,-0.268
1071,909,-0.232
1080,909,-0.348
1089,909,-0.338
1098,909,-0.329
1107,909,-0.32
1116,909,-0.382
1125,909,-0.336
1134,909,-0.209
1143,909,-0.202
1152,909,-0.196
1161,909,-0.214
1170,909,-0.141
1179,909,-0.136
1188,909,-0.15
1197,909,-0.164
1206,909,-0.18
1215,909,-0.223
1224,909,-0.304
1233,909,-0.366
1242,909,-0.356
1251,909,-0.311
1260,909,-0.337
1269,909,-0.364
1278,909,-0.393
1287,909,-0.383
1296,909,-0.457
1305,909,-0.592
1314,909,-0.528
1323,909,-0.516
1332,909,-0.412
1341,909,-0.323
1350,909,-0.248
1359,909,-0.239
1368,909,-0.231
1377,909,-0.149
1386,909,-0.215
1395,909,-0.207
1404,909,-0.368
1413,909,-0.358
1422,909,-0.389
1431,909,-0.337
1440,909,-0.327
1449,909,-0.28
1458,909,-0.237
1467,909,-0.261
1476,909,-0.366
1485,909,-0.355
1494,909,-0.344
1503,909,-0.376
1512,909,-0.322
1521,909,-0.399
1530,909,-0.436
1539,909,-0.376
1548,909,-0.28
1557,909,-0.27
1566,909,-0.259
1575,909,-0.329
1584,909,-0.276
1593,909,-0.306
1602,909,-0.255
1611,909,-0.177
1620,909,-0.199
1629,909,-0.261
1638,909,-0.25
1647,909,-0.28
1656,909,-0.268
1665,909,-0.182
1674,909,-0.094
1683,909,-0.086
1692,909,-0.183
1701,909,-0.173
1710,909,-0.131
1719,909,-0.225
1728,909,-0.256
1737,909,-0.485
1746,909,-0.636
1755,909,-0.621
1764,909,-0.814
1773,909,-0.802
1782,909,-0.678
1791,909,-0.561
1800,909,-0.452
1809,909,-0.221
1818,909,-0.263
1827,909,-0.314
1836,909,-0.293
1845,909,-0.146
1854,909,-0.179
1863,909,-0.419
1872,909,-0.397
1881,909,-0.372
1890,909,-0.512
1899,909,-0.169
1908,909,-0.1
1917,909,0
9,918,0.011
18,918,0.031
27,918,0.007
36,918,0.002
45,918,0.003
54,918,0.001
63,918,0.001
72,918,0.003
81,918,0.004
90,918,0.005
99,918,0.003
108,918,0.003
117,918,0.004
126,918,0.002
135,918,0.001
144,918,0.001
153,918,0
162,918,0.004
171,918,0.002
180,918,0.005
189,918,0.002
198,918,0.003
207,918,0.005
216,918,0.007
225,918,0.003
234,918,0.006
243,918,0.006
252,918,0.009
261,918,0.021
270,918,0.027
279,918,0.034
288,918,0.053
297,918,0.078
306,918,0.06
315,918,0.058
324,918,0.044
333,918,0.034
342,918,0.032
351,918,0.014
360,918,0.01
369,918,0.004
378,918,0.005
387,918,0.003
396,918,0.003
405,918,0.003
414,918,0.002
423,918,0.001
432,918,0.001
441,918,0
450,918,0.001
459,918,0.001
468,918,0.001
477,918,0.001
486,918,0.002
495,918,0.003
504,918,0.004
513,918,0.003
522,918,0.005
531,918,0.003
540,918,0.007
549,918,0.005
558,918,0.005
567,918,0.005
576,918,0.006
585,918,0.011
594,918,0.008
603,918,0.01
612,918,0.012
621,918,0.014
630,918,0.009
639,918,0.01
648,918,0.01
657,918,0.014
666,918,0.011
675,918,0.013
684,918,0.012
693,918,0.018
702,918,0.021
711,918,0.029
720,918,0.048
729,918,0.088
738,918,0.098
747,918,0.094
756,918,0.104
765,918,0.099
774,918,0.11
783,918,0.106
792,918,0.101
801,918,0.128
810,918,0.161
819,918,0.154
828,918,0.149
837,918,0.109
846,918,0.177
855,918,0.193
864,918,0.144
873,918,0.158
882,918,0.172
891,918,0.211
900,918,0.286
909,918,0.248
918,918,0.239
927,918,0.32
936,918,0.31
945,918,0.269
954,918,0.26
963,918,0.281
972,918,-0.272
981,918,-0.325
990,918,-0.314
999,918,-0.304
1008,918,-0.327
1017,918,-0.256
1026,918,-0.276
1035,918,-0.297
1044,918,-0.23
1053,918,-0.222
1062,918,-0.24
1071,918,-0.206
1080,918,-0.311
1089,918,-0.301
1098,918,-0.291
1107,918,-0.282
1116,918,-0.337
1125,918,-0.294
1134,918,-0.178
1143,918,-0.218
1152,918,-0.21
1161,918,-0.228
1170,918,-0.151
1179,918,-0.145
1188,918,-0.158
1197,918,-0.173
1206,918,-0.188
1215,918,-0.231
1224,918,-0.313
1233,918,-0.374
1242,918,-0.363
1251,918,-0.315
1260,918,-0.34
1269,918,-0.366
1278,918,-0.393
1287,918,-0.381
1296,918,-0.453
1305,918,-0.585
1314,918,-0.52
1323,918,-0.505
1332,918,-0.402
1341,918,-0.313
1350,918,-0.238
1359,918,-0.228
1368,918,-0.219
1377,918,-0.139
1386,918,-0.201
1395,918,-0.193
1404,918,-0.344
1413,918,-0.333
1422,918,-0.36
1431,918,-0.309
1440,918,-0.298
1449,918,-0.253
1458,918,-0.212
1467,918,-0.232
1476,918,-0.327
1485,918,-0.315
1494,918,-0.303
1503,918,-0.331
1512,918,-0.28
1521,918,-0.348
1530,918,-0.379
1539,918,-0.322
1548,918,-0.235
1557,918,-0.224
1566,918,-0.213
1575,918,-0.272
1584,918,-0.224
1593,918,-0.248
1602,918,-0.202
1611,918,-0.135
1620,918,-0.151
1629,918,-0.201
1638,918,-0.189
1647,918,-0.212
1656,918,-0.2
1665,918,-0.129
1674,918,-0.061
1683,918,-0.055
1692,918,-0.125
1701,918,-0.115
1710,918,-0.083
1719,918,-0.149
1728,918,-0.169
1737,918,-0.34
1746,918,-0.454
1755,918,-0.436
1764,918,-0.58
1773,918,-0.561
1782,918,-0.542
1791,918,-0.434
1800,918,-0.337
1809,918,-0.149
1818,918,-0.176
1827,918,-0.208
1836,918,-0.186
1845,918,-0.079
1854,918,-0.095
1863,918,-0.243
1872,918,-0.305
1881,918,-0.271
1890,918,-0.361
1899,918,-0.179
1908,918,-0.104
1917,918,0
9,927,0.011
18,927,0.028
27,927,0.006
36,927,0.001
45,927,0.003
54,927,0.001
63,927,0.001
72,927,0.003
81,927,0.003
90,927,0.006
99,927,0.004
108,927,0.004
117,927,0.004
126,927,0.003
135,927,0.001
144,927,0.001
153,927,0
162,927,0.005
171,927,0.002
180,927,0.005
189,927,0.002
198,927,0.003
207,927,0.005
216,927,0.007
225,927,0.003
234,927,0.009
243,927,0.009
252,927,0.011
261,927,0.026
270,927,0.033
279,927,0.04
288,927,0.061
297,927,0.088
306,927,0.068
315,927,0.065
324,927,0.049
333,927,0.037
342,927,0.035
351,927,0.021
360,927,0.015
369,927,0.006
378,927,0.008
387,927,0.004
396,927,0.004
405,927,0.004
414,927,0.003
423,927,0.002
432,927,0.001
441,927,0.001
450,927,0.001
459,927,0.001
468,927,0.002
477,927,0.002
486,927,0.003
495,927,0.005
504,927,0.006
513,927,0.004
522,927,0.007
531,927,0.005
540,927,0.01
549,927,0.009
558,927,0.009
567,927,0.008
576,927,0.01
585,927,0.019
594,927,0.014
603,927,0.017
612,927,0.019
621,927,0.022
630,927,0.014
639,927,0.016
648,927,0.015
657,927,0.022
666,927,0.017
675,927,0.019
684,927,0.018
693,927,0.025
702,927,0.029
711,927,0.04
720,927,0.063
729,927,0.111
738,927,0.122
747,927,0.116
756,927,0.127
765,927,0.122
774,927,0.133
783,927,0.127
792,927,0.121
801,927,0.151
810,927,0.187
819,927,0.179
828,927,0.171
837,927,0.126
846,927,0.201
855,927,0.217
864,927,0.163
873,927,0.177
882,927,0.192
891,927,0.232
900,927,0.31
909,927,0.269
918,927,0.258
927,927,0.342
936,927,0.33
945,927,0.286
954,927,0.276
963,927,0.295
972,927,-0.285
981,927,-0.338
990,927,-0.326
999,927,-0.314
1008,927,-0.336
1017,927,-0.262
1026,927,-0.281
1035,927,-0.301
1044,927,-0.233
1053,927,-0.223
1062,927,-0.241
1071,927,-0.206
1080,927,-0.309
1089,927,-0.298
1098,927,-0.287
1107,927,-0.276
1116,927,-0.329
1125,927,-0.285
1134,927,-0.171
1143,927,-0.209
1152,927,-0.2
1161,927,-0.216
1170,927,-0.142
1179,927,-0.135
1188,927,-0.147
1197,927,-0.16
1206,927,-0.173
1215,927,-0.212
1224,927,-0.288
1233,927,-0.345
1242,927,-0.332
1251,927,-0.286
1260,927,-0.343
1269,927,-0.407
1278,927,-0.435
1287,927,-0.42
1296,927,-0.495
1305,927,-0.633
1314,927,-0.562
1323,927,-0.545
1332,927,-0.434
1341,927,-0.338
1350,927,-0.258
1359,927,-0.247
1368,927,-0.267
1377,927,-0.173
1386,927,-0.244
1395,927,-0.233
1404,927,-0.403
1413,927,-0.388
1422,927,-0.417
1431,927,-0.36
1440,927,-0.346
1449,927,-0.294
1458,927,-0.247
1467,927,-0.269
1476,927,-0.372
1485,927,-0.357
1494,927,-0.343
1503,927,-0.371
1512,927,-0.314
1521,927,-0.386
1530,927,-0.469
1539,927,-0.402
1548,927,-0.298
1557,927,-0.284
1566,927,-0.271
1575,927,-0.339
1584,927,-0.282
1593,927,-0.308
1602,927,-0.253
1611,927,-0.174
1620,927,-0.192
1629,927,-0.25
1638,927,-0.235
1647,927,-0.26
1656,927,-0.245
1665,927,-0.162
1674,927,-0.08
1683,927,-0.072
1692,927,-0.155
1701,927,-0.142
1710,927,-0.104
1719,927,-0.18
1728,927,-0.203
1737,927,-0.393
1746,927,-0.516
1755,927,-0.494
1764,927,-0.648
1773,927,-0.625
1782,927,-0.602
1791,927,-0.485
1800,927,-0.378
1809,927,-0.171
1818,927,-0.199
1827,927,-0.234
1836,927,-0.208
1845,927,-0.09
1854,927,-0.107
1863,927,-0.265
1872,927,-0.329
1881,927,-0.29
1890,927,-0.381
1899,927,-0.189
1908,927,-0.109
1917,927,0
9,936,0.01
18,936,0.026
27,936,0.006
36,936,0.001
45,936,0.002
54,936,0.001
63,936,0.001
72,936,0.002
81,936,0.003
90,936,0.005
99,936,0.003
108,936,0.003
117,936,0.003
126,936,0.002
135,936,0.001
144,936,0.001
153,936,0
162,936,0.004
171,936,0.001
180,936,0.003
189,936,0.001
198,936,0.002
207,936,0.003
216,936,0.005
225,936,0.002
234,936,0.006
243,936,0.008
252,936,0.011
261,936,0.025
270,936,0.031
279,936,0.048
288,936,0.07
297,936,0.1
306,936,0.077
315,936,0.072
324,936,0.055
333,936,0.041
342,936,0.039
351,936,0.022
360,936,0.016
369,936,0.007
378,936,0.008
387,936,0.004
396,936,0.004
405,936,0.004
414,936,0.003
423,936,0.002
432,936,0.001
441,936,0.001
450,936,0.001
459,936,0.001
468,936,0.002
477,936,0.002
486,936,0.003
495,936,0.004
504,936,0.005
513,936,0.004
522,936,0.006
531,936,0.004
540,936,0.011
549,936,0.011
558,936,0.01
567,936,0.009
576,936,0.011
585,936,0.02
594,936,0.015
603,936,0.017
612,936,0.02
621,936,0.028
630,936,0.017
639,936,0.02
648,936,0.019
657,936,0.026
666,936,0.024
675,936,0.028
684,936,0.026
693,936,0.036
702,936,0.04
711,936,0.053
720,936,0.082
729,936,0.138
738,936,0.15
747,936,0.142
756,936,0.155
765,936,0.147
774,936,0.159
783,936,0.152
792,936,0.144
801,936,0.177
810,936,0.215
819,936,0.206
828,936,0.196
837,936,0.146
846,936,0.227
855,936,0.243
864,936,0.183
873,936,0.197
882,936,0.212
891,936,0.255
900,936,0.336
909,936,0.291
918,936,0.279
927,936,0.365
936,936,0.351
945,936,0.304
954,936,0.292
963,936,0.311
972,936,-0.298
981,936,-0.352
990,936,-0.338
999,936,-0.325
1008,936,-0.345
1017,936,-0.269
1026,936,-0.287
1035,936,-0.306
1044,936,-0.235
1053,936,-0.225
1062,936,-0.241
1071,936,-0.258
1080,936,-0.376
1089,936,-0.362
1098,936,-0.348
1107,936,-0.334
1116,936,-0.393
1125,936,-0.341
1134,936,-0.21
1143,936,-0.253
1152,936,-0.242
1161,936,-0.259
1170,936,-0.172
1179,936,-0.164
1188,936,-0.177
1197,936,-0.19
1206,936,-0.205
1215,936,-0.248
1224,936,-0.33
1233,936,-0.391
1242,936,-0.375
1251,936,-0.324
1260,936,-0.384
1269,936,-0.452
1278,936,-0.48
1287,936,-0.462
1296,936,-0.54
1305,936,-0.683
1314,936,-0.606
1323,936,-0.586
1332,936,-0.467
1341,936,-0.365
1350,936,-0.279
1359,936,-0.266
1368,936,-0.286
1377,936,-0.212
1386,936,-0.293
1395,936,-0.279
1404,936,-0.468
1413,936,-0.45
1422,936,-0.48
1431,936,-0.415
1440,936,-0.444
1449,936,-0.381
1458,936,-0.324
1467,936,-0.349
1476,936,-0.47
1485,936,-0.451
1494,936,-0.433
1503,936,-0.465
1512,936,-0.397
1521,936,-0.479
1530,936,-0.573
1539,936,-0.494
1548,936,-0.373
1557,936,-0.356
1566,936,-0.338
1575,936,-0.416
1584,936,-0.349
1593,936,-0.379
1602,936,-0.314
1611,936,-0.22
1620,936,-0.241
1629,936,-0.306
1638,936,-0.289
1647,936,-0.316
1656,936,-0.298
1665,936,-0.2
1674,936,-0.103
1683,936,-0.092
1692,936,-0.19
1701,936,-0.174
1710,936,-0.129
1719,936,-0.216
1728,936,-0.241
1737,936,-0.45
1746,936,-0.583
1755,936,-0.557
1764,936,-0.721
1773,936,-0.694
1782,936,-0.667
1791,936,-0.539
1800,936,-0.422
1809,936,-0.196
1818,936,-0.225
1827,936,-0.261
1836,936,-0.232
1845,936,-0.103
1854,936,-0.12
1863,936,-0.288
1872,936,-0.353
1881,936,-0.31
1890,936,-0.402
1899,936,-0.199
1908,936,-0.114
1917,936,0
9,945,0.044
18,945,0.061
27,945,0.013
36,945,0.003
45,945,0.004
54,945,0.002
63,945,0.003
72,945,0.007
81,945,0.007
90,945,0.012
99,945,0.007
108,945,0.007
117,945,0.007
126,945,0.004
135,945,0.002
144,945,0.002
153,945,0.001
162,945,0.006
171,945,0.002
180,945,0.006
189,945,0.002
198,945,0.003
207,945,0.005
216,945,0.007
225,945,0.003
234,945,0.008
243,945,0.011
252,945,0.014
261,945,0.031
270,945,0.037
279,945,0.056
288,945,0.081
297,945,0.112
306,945,0.105
315,945,0.098
324,945,0.075
333,945,0.057
342,945,0.053
351,945,0.031
360,945,0.023
369,945,0.01
378,945,0.012
387,945,0.006
396,945,0.006
405,945,0.005
414,945,0.004
423,945,0.002
432,945,0.002
441,945,0.001
450,945,0.002
459,945,0.001
468,945,0.002
477,945,0.003
486,945,0.003
495,945,0.005
504,945,0.006
513,945,0.005
522,945,0.007
531,945,0.005
540,945,0.013
549,945,0.012
558,945,0.011
567,945,0.01
576,945,0.012
585,945,0.021
594,945,0.016
603,945,0.018
612,945,0.02
621,945,0.029
630,945,0.017
639,945,0.02
648,945,0.018
657,945,0.026
666,945,0.024
675,945,0.027
684,945,0.025
693,945,0.034
702,945,0.038
711,945,0.05
720,945,0.077
729,945,0.13
738,945,0.141
747,945,0.133
756,945,0.144
765,945,0.136
774,945,0.147
783,945,0.139
792,945,0.131
801,945,0.161
810,945,0.196
819,945,0.186
828,945,0.176
837,945,0.129
846,945,0.202
855,945,0.216
864,945,0.161
873,945,0.173
882,945,0.185
891,945,0.223
900,945,0.296
909,945,0.253
918,945,0.241
927,945,0.318
936,945,0.304
945,945,0.261
954,945,0.248
963,945,0.264
972,945,-0.252
981,945,-0.298
990,945,-0.285
999,945,-0.272
1008,945,-0.288
1017,945,-0.22
1026,945,-0.235
1035,945,-0.25
1044,945,-0.188
1053,945,-0.178
1062,945,-0.215
1071,945,-0.23
1080,945,-0.338
1089,945,-0.323
1098,945,-0.309
1107,945,-0.295
1116,945,-0.347
1125,945,-0.299
1134,945,-0.179
1143,945,-0.216
1152,945,-0.205
1161,945,-0.219
1170,945,-0.142
1179,945,-0.134
1188,945,-0.144
1197,945,-0.155
1206,945,-0.166
1215,945,-0.202
1224,945,-0.273
1233,945,-0.324
1242,945,-0.309
1251,945,-0.263
1260,945,-0.314
1269,945,-0.371
1278,945,-0.393
1287,945,-0.376
1296,945,-0.442
1305,945,-0.565
1314,945,-0.495
1323,945,-0.475
1332,945,-0.371
1341,945,-0.282
1350,945,-0.209
1359,945,-0.197
1368,945,-0.212
1377,945,-0.152
1386,945,-0.215
1395,945,-0.202
1404,945,-0.353
1413,945,-0.337
1422,945,-0.359
1431,945,-0.304
1440,945,-0.325
1449,945,-0.273
1458,945,-0.226
1467,945,-0.243
1476,945,-0.336
1485,945,-0.319
1494,945,-0.302
1503,945,-0.324
1512,945,-0.269
1521,945,-0.33
1530,945,-0.4
1539,945,-0.336
1548,945,-0.241
1557,945,-0.226
1566,945,-0.211
1575,945,-0.265
1584,945,-0.214
1593,945,-0.269
1602,945,-0.216
1611,945,-0.143
1620,945,-0.186
1629,945,-0.238
1638,945,-0.221
1647,945,-0.242
1656,945,-0.264
1665,945,-0.173
1674,945,-0.085
1683,945,-0.075
1692,945,-0.158
1701,945,-0.143
1710,945,-0.103
1719,945,-0.175
1728,945,-0.194
1737,945,-0.373
1746,945,-0.485
1755,945,-0.457
1764,945,-0.595
1773,945,-0.564
1782,945,-0.533
1791,945,-0.416
1800,945,-0.313
1809,945,-0.13
1818,945,-0.148
1827,945,-0.169
1836,945,-0.142
1845,945,-0.08
1854,945,-0.091
1863,945,-0.225
1872,945,-0.269
1881,945,-0.222
1890,945,-0.276
1899,945,-0.21
1908,945,-0.119
1917,945,0
9,954,0.042
18,954,0.056
27,954,0.012
36,954,0.003
45,954,0.004
54,954,0.004
63,954,0.005
72,954,0.01
81,954,0.01
90,954,0.016
99,954,0.009
108,954,0.009
117,954,0.014
126,954,0.008
135,954,0.003
144,954,0.003
153,954,0.001
162,954,0.01
171,954,0.006
180,954,0.013
189,954,0.006
198,954,0.008
207,954,0.01
216,954,0.013
225,954,0.006
234,954,0.016
243,954,0.019
252,954,0.024
261,954,0.048
270,954,0.057
279,954,0.081
288,954,0.113
297,954,0.151
306,954,0.14
315,954,0.13
324,954,0.1
333,954,0.093
342,954,0.086
351,954,0.053
360,954,0.039
369,954,0.018
378,954,0.021
387,954,0.011
396,954,0.01
405,954,0.01
414,954,0.007
423,954,0.004
432,954,0.003
441,954,0.002
450,954,0.003
459,954,0.002
468,954,0.004
477,954,0.005
486,954,0.005
495,954,0.008
504,954,0.01
513,954,0.007
522,954,0.011
531,954,0.007
540,954,0.018
549,954,0.016
558,954,0.015
567,954,0.014
576,954,0.016
585,954,0.027
594,954,0.02
603,954,0.023
612,954,0.026
621,954,0.035
630,954,0.022
639,954,0.025
648,954,0.028
657,954,0.037
666,954,0.034
675,954,0.038
684,954,0.035
693,954,0.047
702,954,0.051
711,954,0.066
720,954,0.099
729,954,0.161
738,954,0.172
747,954,0.162
756,954,0.174
765,954,0.163
774,954,0.175
783,954,0.165
792,954,0.155
801,954,0.188
810,954,0.226
819,954,0.213
828,954,0.202
837,954,0.148
846,954,0.228
855,954,0.242
864,954,0.181
873,954,0.193
882,954,0.205
891,954,0.245
900,954,0.321
909,954,0.274
918,954,0.26
927,954,0.34
936,954,0.324
945,954,0.277
954,954,0.263
963,954,0.278
972,954,-0.264
981,954,-0.311
990,954,-0.295
999,954,-0.281
1008,954,-0.297
1017,954,-0.226
1026,954,-0.24
1035,954,-0.254
1044,954,-0.191
1053,954,-0.18
1062,954,-0.215
1071,954,-0.229
1080,954,-0.335
1089,954,-0.319
1098,954,-0.304
1107,954,-0.288
1116,954,-0.338
1125,954,-0.29
1134,954,-0.172
1143,954,-0.207
1152,954,-0.22
1161,954,-0.233
1170,954,-0.152
1179,954,-0.142
1188,954,-0.152
1197,954,-0.163
1206,954,-0.174
1215,954,-0.209
1224,954,-0.281
1233,954,-0.332
1242,954,-0.315
1251,954,-0.267
1260,954,-0.317
1269,954,-0.372
1278,954,-0.393
1287,954,-0.375
1296,954,-0.438
1305,954,-0.559
1314,954,-0.487
1323,954,-0.465
1332,954,-0.361
1341,954,-0.273
1350,954,-0.2
1359,954,-0.214
1368,954,-0.228
1377,954,-0.164
1386,954,-0.229
1395,954,-0.215
1404,954,-0.37
1413,954,-0.351
1422,954,-0.373
1431,954,-0.314
1440,954,-0.334
1449,954,-0.28
1458,954,-0.231
1467,954,-0.247
1476,954,-0.339
1485,954,-0.32
1494,954,-0.301
1503,954,-0.322
1512,954,-0.266
1521,954,-0.324
1530,954,-0.392
1539,954,-0.326
1548,954,-0.232
1557,954,-0.216
1566,954,-0.2
1575,954,-0.25
1584,954,-0.2
1593,954,-0.251
1602,954,-0.233
1611,954,-0.155
1620,954,-0.198
1629,954,-0.252
1638,954,-0.233
1647,954,-0.252
1656,954,-0.274
1665,954,-0.179
1674,954,-0.088
1683,954,-0.097
1692,954,-0.194
1701,954,-0.175
1710,954,-0.128
1719,954,-0.21
1728,954,-0.231
1737,954,-0.429
1746,954,-0.55
1755,954,-0.517
1764,954,-0.663
1773,954,-0.628
1782,954,-0.593
1791,954,-0.466
1800,954,-0.352
1809,954,-0.15
1818,954,-0.169
1827,954,-0.191
1836,954,-0.161
1845,954,-0.091
1854,954,-0.102
1863,954,-0.245
1872,954,-0.29
1881,954,-0.238
1890,954,-0.293
1899,954,-0.221
1908,954,-0.124
1917,954,0
9,963,0.04
18,963,0.053
27,963,0.011
36,963,0.002
45,963,0.003
54,963,0.004
63,963,0.004
72,963,0.008
81,963,0.008
90,963,0.013
99,963,0.008
108,963,0.007
117,963,0.011
126,963,0.006
135,963,0.002
144,963,0.002
153,963,0.001
162,963,0.011
171,963,0.007
180,963,0.014
189,963,0.006
198,963,0.008
207,963,0.01
216,963,0.013
225,963,0.006
234,963,0.015
243,963,0.019
252,963,0.023
261,963,0.046
270,963,0.053
279,963,0.094
288,963,0.127
297,963,0.168
306,963,0.155
315,963,0.169
324,963,0.131
333,963,0.121
342,963,0.111
351,963,0.07
360,963,0.052
369,963,0.024
378,963,0.028
387,963,0.016
396,963,0.014
405,963,0.013
414,963,0.009
423,963,0.006
432,963,0.004
441,963,0.003
450,963,0.004
459,963,0.003
468,963,0.005
477,963,0.006
486,963,0.007
495,963,0.01
504,963,0.012
513,963,0.008
522,963,0.012
531,963,0.008
540,963,0.02
549,963,0.018
558,963,0.016
567,963,0.015
576,963,0.017
585,963,0.029
594,963,0.021
603,963,0.024
612,963,0.026
621,963,0.036
630,963,0.022
639,963,0.025
648,963,0.027
657,963,0.037
666,963,0.033
675,963,0.037
684,963,0.034
693,963,0.045
702,963,0.049
711,963,0.063
720,963,0.093
729,963,0.152
738,963,0.162
747,963,0.152
756,963,0.162
765,963,0.151
774,963,0.161
783,963,0.151
792,963,0.141
801,963,0.171
810,963,0.205
819,963,0.193
828,963,0.181
837,963,0.131
846,963,0.204
855,963,0.215
864,963,0.159
873,963,0.169
882,963,0.179
891,963,0.214
900,963,0.282
909,963,0.239
918,963,0.225
927,963,0.295
936,963,0.28
945,963,0.236
954,963,0.223
963,963,0.235
972,963,-0.222
981,963,-0.262
990,963,-0.247
999,963,-0.233
1008,963,-0.246
1017,963,-0.206
1026,963,-0.218
1035,963,-0.231
1044,963,-0.171
1053,963,-0.16
1062,963,-0.192
1071,963,-0.203
1080,963,-0.3
1089,963,-0.284
1098,963,-0.268
1107,963,-0.253
1116,963,-0.297
1125,963,-0.251
1134,963,-0.145
1143,963,-0.175
1152,963,-0.185
1161,963,-0.196
1170,963,-0.124
1179,963,-0.115
1188,963,-0.123
1197,963,-0.131
1206,963,-0.139
1215,963,-0.169
1224,963,-0.23
1233,963,-0.272
1242,963,-0.257
1251,963,-0.214
1260,963,-0.255
1269,963,-0.337
1278,963,-0.354
1287,963,-0.335
1296,963,-0.392
1305,963,-0.503
1314,963,-0.434
1323,963,-0.412
1332,963,-0.314
1341,963,-0.233
1350,963,-0.168
1359,963,-0.178
1368,963,-0.19
1377,963,-0.133
1386,963,-0.188
1395,963,-0.174
1404,963,-0.308
1413,963,-0.29
1422,963,-0.307
1431,963,-0.254
1440,963,-0.305
1449,963,-0.252
1458,963,-0.206
1467,963,-0.219
1476,963,-0.302
1485,963,-0.283
1494,963,-0.264
1503,963,-0.281
1512,963,-0.262
1521,963,-0.318
1530,963,-0.383
1539,963,-0.317
1548,963,-0.224
1557,963,-0.206
1566,963,-0.19
1575,963,-0.236
1584,963,-0.186
1593,963,-0.234
1602,963,-0.215
1611,963,-0.14
1620,963,-0.179
1629,963,-0.228
1638,963,-0.208
1647,963,-0.224
1656,963,-0.242
1665,963,-0.154
1674,963,-0.073
1683,963,-0.079
1692,963,-0.162
1701,963,-0.144
1710,963,-0.102
1719,963,-0.17
1728,963,-0.186
1737,963,-0.418
1746,963,-0.533
1755,963,-0.497
1764,963,-0.636
1773,963,-0.597
1782,963,-0.558
1791,963,-0.431
1800,963,-0.394
1809,963,-0.173
1818,963,-0.192
1827,963,-0.215
1836,963,-0.181
1845,963,-0.103
1854,963,-0.115
1863,963,-0.267
1872,963,-0.312
1881,963,-0.255
1890,963,-0.31
1899,963,-0.233
1908,963,-0.13
1917,963,0
9,972,-0.037
18,972,-0.049
27,972,-0.009
36,972,-0.002
45,972,-0.002
54,972,-0.003
63,972,-0.003
72,972,-0.007
81,972,-0.006
90,972,-0.011
99,972,-0.006
108,972,-0.006
117,972,-0.008
126,972,-0.005
135,972,-0.002
144,972,-0.002
153,972,-0.001
162,972,-0.008
171,972,-0.005
180,972,-0.01
189,972,-0.006
198,972,-0.008
207,972,-0.01
216,972,-0.018
225,972,-0.008
234,972,-0.02
243,972,-0.024
252,972,-0.029
261,972,-0.055
270,972,-0.063
279,972,-0.108
288,972,-0.143
297,972,-0.186
306,972,-0.17
315,972,-0.184
324,972,-0.143
333,972,-0.131
342,972,-0.119
351,972,-0.075
360,972,-0.056
369,972,-0.026
378,972,-0.029
387,972,-0.016
396,972,-0.015
405,972,-0.013
414,972,-0.009
423,972,-0.006
432,972,-0.004
441,972,-0.003
450,972,-0.004
459,972,-0.003
468,972,-0.004
477,972,-0.005
486,972,-0.006
495,972,-0.009
504,972,-0.011
513,972,-0.007
522,972,-0.011
531,972,-0.007
540,972,-0.017
549,972,-0.016
558,972,-0.014
567,972,-0.013
576,972,-0.014
585,972,-0.025
594,972,-0.018
603,972,-0.02
612,972,-0.022
621,972,-0.03
630,972,-0.018
639,972,-0.02
648,972,-0.022
657,972,-0.03
666,972,-0.027
675,972,-0.03
684,972,-0.027
693,972,-0.036
702,972,-0.039
711,972,-0.05
720,972,-0.075
729,972,-0.126
738,972,-0.134
747,972,-0.124
756,972,-0.132
765,972,-0.122
774,972,-0.13
783,972,-0.121
792,972,-0.112
801,972,-0.136
810,972,-0.164
819,972,-0.153
828,972,-0.142
837,972,-0.1
846,972,-0.16
855,972,-0.169
864,972,-0.121
873,972,-0.128
882,972,-0.136
891,972,-0.164
900,972,-0.22
909,972,-0.183
918,972,-0.171
927,972,-0.228
936,972,-0.214
945,972,-0.177
954,972,-0.165
963,972,-0.175
972,972,0.163
981,972,0.194
990,972,0.181
999,972,0.169
1008,972,0.178
1017,972,0.147
1026,972,0.155
1035,972,0.164
1044,972,0.117
1053,972,0.108
1062,972,0.131
1071,972,0.139
1080,972,0.213
1089,972,0.199
1098,972,0.186
1107,972,0.173
1116,972,0.232
1125,972,0.192
1134,972,0.105
1143,972,0.128
1152,972,0.136
1161,972,0.144
1170,972,0.087
1179,972,0.079
1188,972,0.084
1197,972,0.09
1206,972,0.096
1215,972,0.117
1224,972,0.163
1233,972,0.196
1242,972,0.182
1251,972,0.148
1260,972,0.178
1269,972,0.271
1278,972,0.285
1287,972,0.267
1296,972,0.314
1305,972,0.407
1314,972,0.346
1323,972,0.325
1332,972,0.241
1341,972,0.173
1350,972,0.12
1359,972,0.127
1368,972,0.135
1377,972,0.091
1386,972,0.132
1395,972,0.12
1404,972,0.224
1413,972,0.207
1422,972,0.219
1431,972,0.177
1440,972,0.215
1449,972,0.172
1458,972,0.136
1467,972,0.168
1476,972,0.236
1485,972,0.218
1494,972,0.2
1503,972,0.213
1512,972,0.195
1521,972,0.274
1530,972,0.331
1539,972,0.269
1548,972,0.215
1557,972,0.197
1566,972,0.179
1575,972,0.223
1584,972,0.174
1593,972,0.217
1602,972,0.198
1611,972,0.126
1620,972,0.162
1629,972,0.205
1638,972,0.185
1647,972,0.198
1656,972,0.212
1665,972,0.132
1674,972,0.059
1683,972,0.064
1692,972,0.134
1701,972,0.117
1710,972,0.08
1719,972,0.136
1728,972,0.147
1737,972,0.345
1746,972,0.441
1755,972,0.405
1764,972,0.52
1773,972,0.567
1782,972,0.524
1791,972,0.399
1800,972,0.359
1809,972,0.151
1818,972,0.166
1827,972,0.183
1836,972,0.149
1845,972,0.117
1854,972,0.129
1863,972,0.29
1872,972,0.336
1881,972,0.274
1890,972,0.328
1899,972,0.245
1908,972,0.135
1917,972,-0
9,981,-0.035
18,981,-0.045
27,981,-0.008
36,981,-0.004
45,981,-0.005
54,981,-0.005
63,981,-0.005
72,981,-0.01
81,981,-0.009
90,981,-0.014
99,981,-0.008
108,981,-0.007
117,981,-0.01
126,981,-0.006
135,981,-0.003
144,981,-0.003
153,981,-0.002
162,981,-0.013
171,981,-0.008
180,981,-0.015
189,981,-0.009
198,981,-0.012
207,981,-0.015
216,981,-0.025
225,981,-0.012
234,981,-0.026
243,981,-0.031
252,981,-0.036
261,981,-0.066
270,981,-0.074
279,981,-0.123
288,981,-0.161
297,981,-0.205
306,981,-0.187
315,981,-0.2
324,981,-0.155
333,981,-0.141
342,981,-0.128
351,981,-0.08
360,981,-0.059
369,981,-0.027
378,981,-0.031
387,981,-0.017
396,981,-0.015
405,981,-0.013
414,981,-0.009
423,981,-0.006
432,981,-0.004
441,981,-0.003
450,981,-0.004
459,981,-0.003
468,981,-0.004
477,981,-0.005
486,981,-0.006
495,981,-0.008
504,981,-0.01
513,981,-0.007
522,981,-0.01
531,981,-0.007
540,981,-0.015
549,981,-0.014
558,981,-0.012
567,981,-0.011
576,981,-0.012
585,981,-0.021
594,981,-0.015
603,981,-0.017
612,981,-0.018
621,981,-0.025
630,981,-0.015
639,981,-0.016
648,981,-0.018
657,981,-0.024
666,981,-0.021
675,981,-0.024
684,981,-0.021
693,981,-0.028
702,981,-0.03
711,981,-0.04
720,981,-0.06
729,981,-0.118
738,981,-0.164
747,981,-0.151
756,981,-0.16
765,981,-0.148
774,981,-0.156
783,981,-0.144
792,981,-0.133
801,981,-0.16
810,981,-0.191
819,981,-0.177
828,981,-0.164
837,981,-0.117
846,981,-0.182
855,981,-0.191
864,981,-0.137
873,981,-0.145
882,981,-0.152
891,981,-0.181
900,981,-0.24
909,981,-0.2
918,981,-0.186
927,981,-0.245
936,981,-0.229
945,981,-0.19
954,981,-0.176
963,981,-0.185
972,981,0.172
981,981,0.203
990,981,0.189
999,981,0.176
1008,981,0.184
1017,981,0.151
1026,981,0.159
1035,981,0.167
1044,981,0.118
1053,981,0.109
1062,981,0.131
1071,981,0.138
1080,981,0.211
1089,981,0.196
1098,981,0.182
1107,981,0.191
1116,981,0.253
1125,981,0.21
1134,981,0.116
1143,981,0.14
1152,981,0.147
1161,981,0.155
1170,981,0.093
1179,981,0.085
1188,981,0.09
1197,981,0.095
1206,981,0.1
1215,981,0.122
1224,981,0.169
1233,981,0.201
1242,981,0.186
1251,981,0.15
1260,981,0.18
1269,981,0.272
1278,981,0.285
1287,981,0.265
1296,981,0.311
1305,981,0.402
1314,981,0.339
1323,981,0.318
1332,981,0.234
1341,981,0.166
1350,981,0.114
1359,981,0.12
1368,981,0.127
1377,981,0.084
1386,981,0.122
1395,981,0.11
1404,981,0.207
1413,981,0.19
1422,981,0.229
1431,981,0.184
1440,981,0.222
1449,981,0.204
1458,981,0.162
1467,981,0.197
1476,981,0.271
1485,981,0.25
1494,981,0.23
1503,981,0.242
1512,981,0.222
1521,981,0.307
1530,981,0.366
1539,981,0.299
1548,981,0.239
1557,981,0.218
1566,981,0.199
1575,981,0.244
1584,981,0.19
1593,981,0.235
1602,981,0.214
1611,981,0.137
1620,981,0.173
1629,981,0.254
1638,981,0.23
1647,981,0.245
1656,981,0.26
1665,981,0.165
1674,981,0.077
1683,981,0.082
1692,981,0.166
1701,981,0.145
1710,981,0.1
1719,981,0.166
1728,981,0.177
1737,981,0.398
1746,981,0.502
1755,981,0.46
1764,981,0.583
1773,981,0.631
1782,981,0.583
1791,981,0.447
1800,981,0.402
1809,981,0.174
1818,981,0.189
1827,981,0.206
1836,981,0.168
1845,981,0.132
1854,981,0.144
1863,981,0.314
1872,981,0.36
1881,981,0.293
1890,981,0.346
1899,981,0.257
1908,981,0.141
1917,981,-0
9,990,-0.109
18,990,-0.096
27,990,-0.019
36,990,-0.009
45,990,-0.009
54,990,-0.017
63,990,-0.016
72,990,-0.024
81,990,-0.021
90,990,-0.03
99,990,-0.017
108,990,-0.015
117,990,-0.02
126,990,-0.011
135,990,-0.006
144,990,-0.006
153,990,-0.005
162,990,-0.03
171,990,-0.018
180,990,-0.031
189,990,-0.02
198,990,-0.024
207,990,-0.028
216,990,-0.044
225,990,-0.022
234,990,-0.044
243,990,-0.05
252,990,-0.056
261,990,-0.097
270,990,-0.107
279,990,-0.168
288,990,-0.213
297,990,-0.264
306,990,-0.24
315,990,-0.253
324,990,-0.197
333,990,-0.179
342,990,-0.162
351,990,-0.103
360,990,-0.077
369,990,-0.037
378,990,-0.041
387,990,-0.023
396,990,-0.02
405,990,-0.018
414,990,-0.012
423,990,-0.008
432,990,-0.005
441,990,-0.003
450,990,-0.005
459,990,-0.005
468,990,-0.007
477,990,-0.008
486,990,-0.009
495,990,-0.013
504,990,-0.014
513,990,-0.01
522,990,-0.014
531,990,-0.01
540,990,-0.021
549,990,-0.019
558,990,-0.017
567,990,-0.015
576,990,-0.016
585,990,-0.027
594,990,-0.02
603,990,-0.021
612,990,-0.023
621,990,-0.031
630,990,-0.018
639,990,-0.02
648,990,-0.022
657,990,-0.029
666,990,-0.026
675,990,-0.028
684,990,-0.025
693,990,-0.032
702,990,-0.035
711,990,-0.045
720,990,-0.067
729,990,-0.128
738,990,-0.175
747,990,-0.161
756,990,-0.169
765,990,-0.156
774,990,-0.163
783,990,-0.15
792,990,-0.138
801,990,-0.165
810,990,-0.195
819,990,-0.181
828,990,-0.167
837,990,-0.118
846,990,-0.182
855,990,-0.19
864,990,-0.136
873,990,-0.143
882,990,-0.15
891,990,-0.177
900,990,-0.234
909,990,-0.193
918,990,-0.179
927,990,-0.236
936,990,-0.219
945,990,-0.18
954,990,-0.166
963,990,-0.174
972,990,0.16
981,990,0.213
990,990,0.197
999,990,0.183
1008,990,0.19
1017,990,0.155
1026,990,0.162
1035,990,0.169
1044,990,0.12
1053,990,0.109
1062,990,0.132
1071,990,0.138
1080,990,0.209
1089,990,0.194
1098,990,0.179
1107,990,0.187
1116,990,0.246
1125,990,0.203
1134,990,0.111
1143,990,0.133
1152,990,0.139
1161,990,0.146
1170,990,0.087
1179,990,0.078
1188,990,0.082
1197,990,0.087
1206,990,0.091
1215,990,0.111
1224,990,0.153
1233,990,0.182
1242,990,0.167
1251,990,0.153
1260,990,0.182
1269,990,0.273
1278,990,0.285
1287,990,0.264
1296,990,0.308
1305,990,0.397
1314,990,0.333
1323,990,0.31
1332,990,0.227
1341,990,0.16
1350,990,0.108
1359,990,0.114
1368,990,0.119
1377,990,0.078
1386,990,0.113
1395,990,0.101
1404,990,0.191
1413,990,0.174
1422,990,0.209
1431,990,0.166
1440,990,0.2
1449,990,0.182
1458,990,0.142
1467,990,0.173
1476,990,0.24
1485,990,0.219
1494,990,0.23
1503,990,0.241
1512,990,0.219
1521,990,0.301
1530,990,0.358
1539,990,0.29
1548,990,0.23
1557,990,0.209
1566,990,0.188
1575,990,0.23
1584,990,0.177
1593,990,0.219
1602,990,0.197
1611,990,0.123
1620,990,0.156
1629,990,0.23
1638,990,0.206
1647,990,0.217
1656,990,0.229
1665,990,0.141
1674,990,0.063
1683,990,0.067
1692,990,0.137
1701,990,0.118
1710,990,0.079
1719,990,0.132
1728,990,0.14
1737,990,0.327
1746,990,0.414
1755,990,0.373
1764,990,0.474
1773,990,0.6
1782,990,0.549
1791,990,0.414
1800,990,0.367
1809,990,0.152
1818,990,0.163
1827,990,0.175
1836,990,0.189
1845,990,0.148
1854,990,0.16
1863,990,0.34
1872,990,0.386
1881,990,0.312
1890,990,0.365
1899,990,0.27
1908,990,0.147
1917,990,-0
9,999,-0.104
18,999,-0.09
27,999,-0.017
36,999,-0.008
45,999,-0.008
54,999,-0.027
63,999,-0.023
72,999,-0.033
81,999,-0.029
90,999,-0.038
99,999,-0.021
108,999,-0.018
117,999,-0.024
126,999,-0.013
135,999,-0.007
144,999,-0.006
153,999,-0.006
162,999,-0.032
171,999,-0.02
180,999,-0.033
189,999,-0.02
198,999,-0.024
207,999,-0.028
216,999,-0.043
225,999,-0.021
234,999,-0.043
243,999,-0.048
252,999,-0.054
261,999,-0.093
270,999,-0.101
279,999,-0.159
288,999,-0.201
297,999,-0.249
306,999,-0.224
315,999,-0.236
324,999,-0.181
333,999,-0.163
342,999,-0.146
351,999,-0.092
360,999,-0.067
369,999,-0.031
378,999,-0.034
387,999,-0.024
396,999,-0.021
405,999,-0.018
414,999,-0.012
423,999,-0.008
432,999,-0.005
441,999,-0.003
450,999,-0.005
459,999,-0.004
468,999,-0.007
477,999,-0.007
486,999,-0.008
495,999,-0.012
504,999,-0.013
513,999,-0.009
522,999,-0.013
531,999,-0.009
540,999,-0.019
549,999,-0.017
558,999,-0.015
567,999,-0.016
576,999,-0.017
585,999,-0.029
594,999,-0.02
603,999,-0.022
612,999,-0.024
621,999,-0.031
630,999,-0.018
639,999,-0.02
648,999,-0.022
657,999,-0.028
666,999,-0.025
675,999,-0.027
684,999,-0.024
693,999,-0.031
702,999,-0.033
711,999,-0.042
720,999,-0.063
729,999,-0.121
738,999,-0.165
747,999,-0.151
756,999,-0.158
765,999,-0.164
774,999,-0.171
783,999,-0.157
792,999,-0.144
801,999,-0.17
810,999,-0.2
819,999,-0.208
828,999,-0.191
837,999,-0.136
846,999,-0.206
855,999,-0.214
864,999,-0.154
873,999,-0.16
882,999,-0.167
891,999,-0.196
900,999,-0.256
909,999,-0.211
918,999,-0.194
927,999,-0.254
936,999,-0.235
945,999,-0.193
954,999,-0.177
963,999,-0.184
972,999,0.169
981,999,0.223
990,999,0.206
999,999,0.189
1008,999,0.197
1017,999,0.16
1026,999,0.166
1035,999,0.195
1044,999,0.139
1053,999,0.127
1062,999,0.15
1071,999,0.156
1080,999,0.233
1089,999,0.215
1098,999,0.198
1107,999,0.205
1116,999,0.268
1125,999,0.221
1134,999,0.139
1143,999,0.165
1152,999,0.171
1161,999,0.178
1170,999,0.108
1179,999,0.098
1188,999,0.102
1197,999,0.106
1206,999,0.111
1215,999,0.133
1224,999,0.18
1233,999,0.212
1242,999,0.194
1251,999,0.177
1260,999,0.209
1269,999,0.308
1278,999,0.318
1287,999,0.295
1296,999,0.379
1305,999,0.479
1314,999,0.405
1323,999,0.377
1332,999,0.28
1341,999,0.201
1350,999,0.139
1359,999,0.144
1368,999,0.15
1377,999,0.1
1386,999,0.141
1395,999,0.127
1404,999,0.23
1413,999,0.21
1422,999,0.249
1431,999,0.199
1440,999,0.236
1449,999,0.215
1458,999,0.169
1467,999,0.203
1476,999,0.276
1485,999,0.252
1494,999,0.262
1503,999,0.273
1512,999,0.249
1521,999,0.336
1530,999,0.396
1539,999,0.321
1548,999,0.255
1557,999,0.231
1566,999,0.208
1575,999,0.252
1584,999,0.194
1593,999,0.237
1602,999,0.212
1611,999,0.134
1620,999,0.167
1629,999,0.243
1638,999,0.217
1647,999,0.227
1656,999,0.238
1665,999,0.146
1674,999,0.065
1683,999,0.068
1692,999,0.139
1701,999,0.118
1710,999,0.078
1719,999,0.13
1728,999,0.136
1737,999,0.318
1746,999,0.401
1755,999,0.357
1764,999,0.452
1773,999,0.57
1782,999,0.516
1791,999,0.382
1800,999,0.334
1809,999,0.174
1818,999,0.185
1827,999,0.198
1836,999,0.211
1845,999,0.166
1854,999,0.177
1863,999,0.367
1872,999,0.413
1881,999,0.333
1890,999,0.385
1899,999,0.283
1908,999,0.153
1917,999,-0
9,1008,-0.1
18,1008,-0.084
27,1008,-0.015
36,1008,-0.015
45,1008,-0.014
54,1008,-0.04
63,1008,-0.034
72,1008,-0.045
81,1008,-0.038
90,1008,-0.048
99,1008,-0.027
108,1008,-0.022
117,1008,-0.041
126,1008,-0.024
135,1008,-0.013
144,1008,-0.011
153,1008,-0.01
162,1008,-0.047
171,1008,-0.029
180,1008,-0.046
189,1008,-0.029
198,1008,-0.034
207,1008,-0.038
216,1008,-0.056
225,1008,-0.028
234,1008,-0.054
243,1008,-0.059
252,1008,-0.082
261,1008,-0.133
270,1008,-0.142
279,1008,-0.213
288,1008,-0.261
297,1008,-0.315
306,1008,-0.284
315,1008,-0.295
324,1008,-0.229
333,1008,-0.205
342,1008,-0.215
351,1008,-0.139
360,1008,-0.104
369,1008,-0.051
378,1008,-0.055
387,1008,-0.039
396,1008,-0.034
405,1008,-0.03
414,1008,-0.02
423,1008,-0.014
432,1008,-0.009
441,1008,-0.006
450,1008,-0.009
459,1008,-0.007
468,1008,-0.011
477,1008,-0.012
486,1008,-0.013
495,1008,-0.018
504,1008,-0.019
513,1008,-0.017
522,1008,-0.022
531,1008,-0.016
540,1008,-0.032
549,1008,-0.028
558,1008,-0.024
567,1008,-0.026
576,1008,-0.028
585,1008,-0.044
594,1008,-0.039
603,1008,-0.041
612,1008,-0.044
621,1008,-0.055
630,1008,-0.034
639,1008,-0.036
648,1008,-0.038
657,1008,-0.049
666,1008,-0.043
675,1008,-0.045
684,1008,-0.04
693,1008,-0.051
702,1008,-0.053
711,1008,-0.066
720,1008,-0.094
729,1008,-0.17
738,1008,-0.225
747,1008,-0.207
756,1008,-0.214
765,1008,-0.221
774,1008,-0.228
783,1008,-0.209
792,1008,-0.192
801,1008,-0.223
810,1008,-0.258
819,1008,-0.266
828,1008,-0.245
837,1008,-0.177
846,1008,-0.26
855,1008,-0.268
864,1008,-0.196
873,1008,-0.202
882,1008,-0.209
891,1008,-0.242
900,1008,-0.309
909,1008,-0.257
918,1008,-0.237
927,1008,-0.303
936,1008,-0.28
945,1008,-0.231
954,1008,-0.213
963,1008,-0.219
972,1008,0.201
981,1008,0.261
990,1008,0.24
999,1008,0.221
1008,1008,0.228
1017,1008,0.186
1026,1008,0.192
1035,1008,0.223
1044,1008,0.16
1053,1008,0.146
1062,1008,0.171
1071,1008,0.177
1080,1008,0.259
1089,1008,0.238
1098,1008,0.219
1107,1008,0.226
1116,1008,0.291
1125,1008,0.24
1134,1008,0.152
1143,1008,0.178
1152,1008,0.184
1161,1008,0.19
1170,1008,0.116
1179,1008,0.104
1188,1008,0.108
1197,1008,0.112
1206,1008,0.116
1215,1008,0.138
1224,1008,0.186
1233,1008,0.217
1242,1008,0.198
1251,1008,0.18
1260,1008,0.211
1269,1008,0.309
1278,1008,0.318
1287,1008,0.293
1296,1008,0.376
1305,1008,0.473
1314,1008,0.398
1323,1008,0.369
1332,1008,0.271
1341,1008,0.193
1350,1008,0.132
1359,1008,0.137
1368,1008,0.141
1377,1008,0.093
1386,1008,0.131
1395,1008,0.117
1404,1008,0.213
1413,1008,0.193
1422,1008,0.228
1431,1008,0.18
1440,1008,0.214
1449,1008,0.193
1458,1008,0.173
1467,1008,0.206
1476,1008,0.279
1485,1008,0.253
1494,1008,0.262
1503,1008,0.271
1512,1008,0.245
1521,1008,0.331
1530,1008,0.387
1539,1008,0.312
1548,1008,0.246
1557,1008,0.221
1566,1008,0.197
1575,1008,0.237
1584,1008,0.181
1593,1008,0.22
1602,1008,0.195
1611,1008,0.145
1620,1008,0.179
1629,1008,0.257
1638,1008,0.228
1647,1008,0.237
1656,1008,0.247
1665,1008,0.152
1674,1008,0.068
1683,1008,0.07
1692,1008,0.14
1701,1008,0.118
1710,1008,0.098
1719,1008,0.158
1728,1008,0.165
1737,1008,0.368
1746,1008,0.457
1755,1008,0.408
1764,1008,0.51
1773,1008,0.635
1782,1008,0.574
1791,1008,0.429
1800,1008,0.375
1809,1008,0.199
1818,1008,0.21
1827,1008,0.222
1836,1008,0.236
1845,1008,0.185
1854,1008,0.196
1863,1008,0.396
1872,1008,0.441
1881,1008,0.355
1890,1008,0.406
1899,1008,0.297
1908,1008,0.159
1917,1008,-0
9,1017,-0.095
18,1017,-0.079
27,1017,-0.013
36,1017,-0.013
45,1017,-0.012
54,1017,-0.035
63,1017,-0.029
72,1017,-0.039
81,1017,-0.032
90,1017,-0.04
99,1017,-0.022
108,1017,-0.018
117,1017,-0.033
126,1017,-0.028
135,1017,-0.016
144,1017,-0.013
153,1017,-0.011
162,1017,-0.051
171,1017,-0.031
180,1017,-0.048
189,1017,-0.03
198,1017,-0.034
207,1017,-0.039
216,1017,-0.056
225,1017,-0.027
234,1017,-0.052
243,1017,-0.057
252,1017,-0.078
261,1017,-0.127
270,1017,-0.134
279,1017,-0.202
288,1017,-0.247
297,1017,-0.298
306,1017,-0.266
315,1017,-0.275
324,1017,-0.211
333,1017,-0.188
342,1017,-0.196
351,1017,-0.125
360,1017,-0.092
369,1017,-0.044
378,1017,-0.047
387,1017,-0.033
396,1017,-0.028
405,1017,-0.024
414,1017,-0.016
423,1017,-0.011
432,1017,-0.007
441,1017,-0.004
450,1017,-0.006
459,1017,-0.005
468,1017,-0.008
477,1017,-0.008
486,1017,-0.009
495,1017,-0.013
504,1017,-0.014
513,1017,-0.012
522,1017,-0.016
531,1017,-0.011
540,1017,-0.023
549,1017,-0.02
558,1017,-0.017
567,1017,-0.018
576,1017,-0.02
585,1017,-0.032
594,1017,-0.027
603,1017,-0.029
612,1017,-0.031
621,1017,-0.039
630,1017,-0.023
639,1017,-0.024
648,1017,-0.026
657,1017,-0.033
666,1017,-0.029
675,1017,-0.03
684,1017,-0.026
693,1017,-0.034
702,1017,-0.035
711,1017,-0.044
720,1017,-0.065
729,1017,-0.123
738,1017,-0.166
747,1017,-0.172
756,1017,-0.177
765,1017,-0.182
774,1017,-0.187
783,1017,-0.17
792,1017,-0.154
801,1017,-0.18
810,1017,-0.21
819,1017,-0.215
828,1017,-0.196
837,1017,-0.138
846,1017,-0.208
855,1017,-0.213
864,1017,-0.152
873,1017,-0.156
882,1017,-0.161
891,1017,-0.187
900,1017,-0.243
909,1017,-0.222
918,1017,-0.203
927,1017,-0.262
936,1017,-0.24
945,1017,-0.196
954,1017,-0.178
963,1017,-0.183
972,1017,0.166
981,1017,0.218
990,1017,0.223
999,1017,0.204
1008,1017,0.209
1017,1017,0.169
1026,1017,0.174
1035,1017,0.201
1044,1017,0.142
1053,1017,0.128
1062,1017,0.151
1071,1017,0.155
1080,1017,0.257
1089,1017,0.235
1098,1017,0.215
1107,1017,0.221
1116,1017,0.284
1125,1017,0.232
1134,1017,0.146
1143,1017,0.17
1152,1017,0.175
1161,1017,0.18
1170,1017,0.108
1179,1017,0.096
1188,1017,0.099
1197,1017,0.102
1206,1017,0.106
1215,1017,0.125
1224,1017,0.169
1233,1017,0.197
1242,1017,0.178
1251,1017,0.161
1260,1017,0.188
1269,1017,0.277
1278,1017,0.285
1287,1017,0.26
1296,1017,0.335
1305,1017,0.423
1314,1017,0.352
1323,1017,0.323
1332,1017,0.233
1341,1017,0.162
1350,1017,0.108
1359,1017,0.111
1368,1017,0.114
1377,1017,0.073
1386,1017,0.104
1395,1017,0.091
1404,1017,0.172
1413,1017,0.153
1422,1017,0.182
1431,1017,0.14
1440,1017,0.192
1449,1017,0.172
1458,1017,0.153
1467,1017,0.182
1476,1017,0.247
1485,1017,0.222
1494,1017,0.228
1503,1017,0.235
1512,1017,0.21
1521,1017,0.285
1530,1017,0.334
1539,1017,0.264
1548,1017,0.204
1557,1017,0.181
1566,1017,0.159
1575,1017,0.192
1584,1017,0.142
1593,1017,0.174
1602,1017,0.151
1611,1017,0.108
1620,1017,0.135
1629,1017,0.197
1638,1017,0.171
1647,1017,0.177
1656,1017,0.182
1665,1017,0.106
1674,1017,0.043
1683,1017,0.043
1692,1017,0.092
1701,1017,0.075
1710,1017,0.06
1719,1017,0.1
1728,1017,0.13
1737,1017,0.301
1746,1017,0.375
1755,1017,0.328
1764,1017,0.411
1773,1017,0.512
1782,1017,0.454
1791,1017,0.324
1800,1017,0.274
1809,1017,0.132
1818,1017,0.136
1827,1017,0.14
1836,1017,0.145
1845,1017,0.149
1854,1017,0.153
1863,1017,0.316
1872,1017,0.343
1881,1017,0.258
1890,1017,0.279
1899,1017,0.173
1908,1017,0.166
1917,1017,-0
9,1026,-0.091
18,1026,-0.073
27,1026,-0.012
36,1026,-0.011
45,1026,-0.01
54,1026,-0.03
63,1026,-0.025
72,1026,-0.033
81,1026,-0.027
90,1026,-0.034
99,1026,-0.018
108,1026,-0.014
117,1026,-0.027
126,1026,-0.022
135,1026,-0.012
144,1026,-0.01
153,1026,-0.008
162,1026,-0.04
171,1026,-0.024
180,1026,-0.038
189,1026,-0.023
198,1026,-0.026
207,1026,-0.029
216,1026,-0.043
225,1026,-0.02
234,1026,-0.039
243,1026,-0.043
252,1026,-0.06
261,1026,-0.099
270,1026,-0.105
279,1026,-0.161
288,1026,-0.199
297,1026,-0.241
306,1026,-0.249
315,1026,-0.256
324,1026,-0.194
333,1026,-0.201
342,1026,-0.208
351,1026,-0.132
360,1026,-0.097
369,1026,-0.046
378,1026,-0.049
387,1026,-0.034
396,1026,-0.029
405,1026,-0.025
414,1026,-0.016
423,1026,-0.014
432,1026,-0.009
441,1026,-0.006
450,1026,-0.008
459,1026,-0.007
468,1026,-0.009
477,1026,-0.01
486,1026,-0.011
495,1026,-0.015
504,1026,-0.016
513,1026,-0.014
522,1026,-0.018
531,1026,-0.012
540,1026,-0.026
549,1026,-0.022
558,1026,-0.019
567,1026,-0.02
576,1026,-0.021
585,1026,-0.033
594,1026,-0.028
603,1026,-0.036
612,1026,-0.046
621,1026,-0.057
630,1026,-0.034
639,1026,-0.036
648,1026,-0.038
657,1026,-0.047
666,1026,-0.041
675,1026,-0.051
684,1026,-0.044
693,1026,-0.055
702,1026,-0.067
711,1026,-0.081
720,1026,-0.113
729,1026,-0.197
738,1026,-0.255
747,1026,-0.261
756,1026,-0.266
765,1026,-0.272
774,1026,-0.277
783,1026,-0.253
792,1026,-0.231
801,1026,-0.264
810,1026,-0.3
819,1026,-0.306
828,1026,-0.281
837,1026,-0.204
846,1026,-0.292
855,1026,-0.298
864,1026,-0.217
873,1026,-0.222
882,1026,-0.227
891,1026,-0.259
900,1026,-0.328
909,1026,-0.301
918,1026,-0.276
927,1026,-0.346
936,1026,-0.319
945,1026,-0.262
954,1026,-0.24
963,1026,-0.245
972,1026,0.223
981,1026,0.284
990,1026,0.29
999,1026,0.265
1008,1026,0.271
1017,1026,0.221
1026,1026,0.225
1035,1026,0.257
1044,1026,0.186
1053,1026,0.168
1062,1026,0.194
1071,1026,0.198
1080,1026,0.316
1089,1026,0.29
1098,1026,0.265
1107,1026,0.271
1116,1026,0.342
1125,1026,0.282
1134,1026,0.18
1143,1026,0.208
1152,1026,0.213
1161,1026,0.217
1170,1026,0.134
1179,1026,0.119
1188,1026,0.122
1197,1026,0.125
1206,1026,0.146
1215,1026,0.171
1224,1026,0.224
1233,1026,0.257
1242,1026,0.233
1251,1026,0.211
1260,1026,0.243
1269,1026,0.348
1278,1026,0.355
1287,1026,0.325
1296,1026,0.41
1305,1026,0.509
1314,1026,0.426
1323,1026,0.392
1332,1026,0.288
1341,1026,0.203
1350,1026,0.138
1359,1026,0.141
1368,1026,0.144
1377,1026,0.094
1386,1026,0.131
1395,1026,0.115
1404,1026,0.208
1413,1026,0.186
1422,1026,0.218
1431,1026,0.169
1440,1026,0.228
1449,1026,0.203
1458,1026,0.181
1467,1026,0.213
1476,1026,0.284
1485,1026,0.255
1494,1026,0.261
1503,1026,0.304
1512,1026,0.273
1521,1026,0.362
1530,1026,0.418
1539,1026,0.335
1548,1026,0.263
1557,1026,0.233
1566,1026,0.206
1575,1026,0.245
1584,1026,0.185
1593,1026,0.221
1602,1026,0.194
1611,1026,0.141
1620,1026,0.172
1629,1026,0.245
1638,1026,0.214
1647,1026,0.22
1656,1026,0.225
1665,1026,0.134
1674,1026,0.057
1683,1026,0.057
1692,1026,0.116
1701,1026,0.095
1710,1026,0.076
1719,1026,0.124
1728,1026,0.157
1737,1026,0.35
1746,1026,0.429
1755,1026,0.376
1764,1026,0.465
1773,1026,0.573
1782,1026,0.508
1791,1026,0.366
1800,1026,0.31
1809,1026,0.153
1818,1026,0.156
1827,1026,0.16
1836,1026,0.163
1845,1026,0.167
1854,1026,0.17
1863,1026,0.342
1872,1026,0.368
1881,1026,0.276
1890,1026,0.296
1899,1026,0.182
1908,1026,0.172
1917,1026,-0
9,1035,-0.087
18,1035,-0.069
27,1035,-0.011
36,1035,-0.01
45,1035,-0.009
54,1035,-0.026
63,1035,-0.021
72,1035,-0.028
81,1035,-0.022
90,1035,-0.028
99,1035,-0.014
108,1035,-0.011
117,1035,-0.022
126,1035,-0.017
135,1035,-0.009
144,1035,-0.007
153,1035,-0.006
162,1035,-0.032
171,1035,-0.018
180,1035,-0.029
189,1035,-0.017
198,1035,-0.019
207,1035,-0.022
216,1035,-0.032
225,1035,-0.014
234,1035,-0.029
243,1035,-0.032
252,1035,-0.045
261,1035,-0.076
270,1035,-0.099
279,1035,-0.152
288,1035,-0.187
297,1035,-0.227
306,1035,-0.233
315,1035,-0.239
324,1035,-0.179
333,1035,-0.184
342,1035,-0.189
351,1035,-0.118
360,1035,-0.085
369,1035,-0.039
378,1035,-0.042
387,1035,-0.028
396,1035,-0.024
405,1035,-0.02
414,1035,-0.017
423,1035,-0.014
432,1035,-0.009
441,1035,-0.007
450,1035,-0.01
459,1035,-0.008
468,1035,-0.012
477,1035,-0.012
486,1035,-0.017
495,1035,-0.022
504,1035,-0.023
513,1035,-0.02
522,1035,-0.026
531,1035,-0.017
540,1035,-0.034
549,1035,-0.029
558,1035,-0.025
567,1035,-0.026
576,1035,-0.027
585,1035,-0.042
594,1035,-0.036
603,1035,-0.045
612,1035,-0.056
621,1035,-0.068
630,1035,-0.042
639,1035,-0.043
648,1035,-0.045
657,1035,-0.055
666,1035,-0.048
675,1035,-0.069
684,1035,-0.06
693,1035,-0.073
702,1035,-0.088
711,1035,-0.104
720,1035,-0.141
729,1035,-0.238
738,1035,-0.303
747,1035,-0.307
756,1035,-0.312
765,1035,-0.317
774,1035,-0.321
783,1035,-0.293
792,1035,-0.267
801,1035,-0.302
810,1035,-0.34
819,1035,-0.345
828,1035,-0.316
837,1035,-0.231
846,1035,-0.325
855,1035,-0.33
864,1035,-0.242
873,1035,-0.246
882,1035,-0.25
891,1035,-0.284
900,1035,-0.354
909,1035,-0.325
918,1035,-0.297
927,1035,-0.407
936,1035,-0.375
945,1035,-0.31
954,1035,-0.283
963,1035,-0.288
972,1035,0.262
981,1035,0.329
990,1035,0.334
999,1035,0.305
1008,1035,0.31
1017,1035,0.254
1026,1035,0.257
1035,1035,0.292
1044,1035,0.212
1053,1035,0.191
1062,1035,0.218
1071,1035,0.222
1080,1035,0.348
1089,1035,0.319
1098,1035,0.291
1107,1035,0.295
1116,1035,0.369
1125,1035,0.305
1134,1035,0.196
1143,1035,0.225
1152,1035,0.256
1161,1035,0.26
1170,1035,0.163
1179,1035,0.145
1188,1035,0.148
1197,1035,0.171
1206,1035,0.198
1215,1035,0.227
1224,1035,0.29
1233,1035,0.328
1242,1035,0.299
1251,1035,0.271
1260,1035,0.309
1269,1035,0.429
1278,1035,0.436
1287,1035,0.4
1296,1035,0.495
1305,1035,0.605
1314,1035,0.511
1323,1035,0.471
1332,1035,0.35
1341,1035,0.252
1350,1035,0.174
1359,1035,0.177
1368,1035,0.18
1377,1035,0.119
1386,1035,0.162
1395,1035,0.143
1404,1035,0.25
1413,1035,0.223
1422,1035,0.258
1431,1035,0.202
1440,1035,0.267
1449,1035,0.239
1458,1035,0.212
1467,1035,0.247
1476,1035,0.324
1485,1035,0.292
1494,1035,0.297
1503,1035,0.343
1512,1035,0.308
1521,1035,0.401
1530,1035,0.46
1539,1035,0.369
1548,1035,0.29
1557,1035,0.258
1566,1035,0.227
1575,1035,0.267
1584,1035,0.202
1593,1035,0.24
1602,1035,0.209
1611,1035,0.152
1620,1035,0.184
1629,1035,0.259
1638,1035,0.225
1647,1035,0.23
1656,1035,0.234
1665,1035,0.139
1674,1035,0.059
1683,1035,0.059
1692,1035,0.118
1701,1035,0.095
1710,1035,0.076
1719,1035,0.122
1728,1035,0.154
1737,1035,0.34
1746,1035,0.416
1755,1035,0.36
1764,1035,0.443
1773,1035,0.544
1782,1035,0.476
1791,1035,0.337
1800,1035,0.28
1809,1035,0.176
1818,1035,0.178
1827,1035,0.181
1836,1035,0.183
1845,1035,0.186
1854,1035,0.189
1863,1035,0.37
1872,1035,0.394
1881,1035,0.295
1890,1035,0.313
1899,1035,0.192
1908,1035,0.179
1917,1035,-0
9,1044,-0.083
18,1044,-0.064
27,1044,-0.023
36,1044,-0.019
45,1044,-0.015
54,1044,-0.04
63,1044,-0.03
72,1044,-0.038
81,1044,-0.03
90,1044,-0.036
99,1044,-0.018
108,1044,-0.014
117,1044,-0.026
126,1044,-0.02
135,1044,-0.011
144,1044,-0.008
153,1044,-0.007
162,1044,-0.034
171,1044,-0.019
180,1044,-0.03
189,1044,-0.018
198,1044,-0.02
207,1044,-0.022
216,1044,-0.032
225,1044,-0.014
234,1044,-0.028
243,1044,-0.03
252,1044,-0.043
261,1044,-0.072
270,1044,-0.094
279,1044,-0.144
288,1044,-0.176
297,1044,-0.249
306,1044,-0.254
315,1044,-0.258
324,1044,-0.193
333,1044,-0.197
342,1044,-0.201
351,1044,-0.126
360,1044,-0.09
369,1044,-0.052
378,1044,-0.066
387,1044,-0.045
396,1044,-0.038
405,1044,-0.032
414,1044,-0.027
423,1044,-0.022
432,1044,-0.015
441,1044,-0.012
450,1044,-0.016
459,1044,-0.013
468,1044,-0.018
477,1044,-0.019
486,1044,-0.025
495,1044,-0.039
504,1044,-0.04
513,1044,-0.034
522,1044,-0.043
531,1044,-0.03
540,1044,-0.055
549,1044,-0.047
558,1044,-0.04
567,1044,-0.041
576,1044,-0.043
585,1044,-0.063
594,1044,-0.054
603,1044,-0.066
612,1044,-0.08
621,1044,-0.095
630,1044,-0.071
639,1044,-0.072
648,1044,-0.074
657,1044,-0.088
666,1044,-0.077
675,1044,-0.107
684,1044,-0.094
693,1044,-0.111
702,1044,-0.13
711,1044,-0.151
720,1044,-0.198
729,1044,-0.317
738,1044,-0.394
747,1044,-0.397
756,1044,-0.401
765,1044,-0.405
774,1044,-0.408
783,1044,-0.373
792,1044,-0.341
801,1044,-0.381
810,1044,-0.423
819,1044,-0.427
828,1044,-0.391
837,1044,-0.29
846,1044,-0.399
855,1044,-0.403
864,1044,-0.3
873,1044,-0.303
882,1044,-0.306
891,1044,-0.343
900,1044,-0.422
909,1044,-0.386
918,1044,-0.353
927,1044,-0.475
936,1044,-0.48
945,1044,-0.401
954,1044,-0.368
963,1044,-0.371
972,1044,0.339
981,1044,0.417
990,1044,0.421
999,1044,0.386
1008,1044,0.39
1017,1044,0.322
1026,1044,0.325
1035,1044,0.364
1044,1044,0.268
1053,1044,0.243
1062,1044,0.274
1071,1044,0.277
1080,1044,0.421
1089,1044,0.386
1098,1044,0.353
1107,1044,0.357
1116,1044,0.438
1125,1044,0.364
1134,1044,0.239
1143,1044,0.271
1152,1044,0.305
1161,1044,0.308
1170,1044,0.197
1179,1044,0.176
1188,1044,0.178
1197,1044,0.204
1206,1044,0.232
1215,1044,0.264
1224,1044,0.332
1233,1044,0.373
1242,1044,0.34
1251,1044,0.308
1260,1044,0.347
1269,1044,0.475
1278,1044,0.481
1287,1044,0.441
1296,1044,0.54
1305,1044,0.655
1314,1044,0.553
1323,1044,0.509
1332,1044,0.38
1341,1044,0.274
1350,1044,0.19
1359,1044,0.192
1368,1044,0.194
1377,1044,0.129
1386,1044,0.173
1395,1044,0.152
1404,1044,0.263
1413,1044,0.266
1422,1044,0.304
1431,1044,0.24
1440,1044,0.312
1449,1044,0.279
1458,1044,0.248
1467,1044,0.286
1476,1044,0.369
1485,1044,0.332
1494,1044,0.336
1503,1044,0.384
1512,1044,0.345
1521,1044,0.444
1530,1044,0.505
1539,1044,0.406
1548,1044,0.32
1557,1044,0.284
1566,1044,0.25
1575,1044,0.291
1584,1044,0.22
1593,1044,0.259
1602,1044,0.226
1611,1044,0.164
1620,1044,0.197
1629,1044,0.273
1638,1044,0.237
1647,1044,0.24
1656,1044,0.243
1665,1044,0.144
1674,1044,0.061
1683,1044,0.06
1692,1044,0.119
1701,1044,0.096
1710,1044,0.075
1719,1044,0.12
1728,1044,0.15
1737,1044,0.331
1746,1044,0.402
1755,1044,0.345
1764,1044,0.422
1773,1044,0.516
1782,1044,0.446
1791,1044,0.31
1800,1044,0.317
1809,1044,0.201
1818,1044,0.202
1827,1044,0.204
1836,1044,0.206
1845,1044,0.207
1854,1044,0.208
1863,1044,0.399
1872,1044,0.422
1881,1044,0.315
1890,1044,0.331
1899,1044,0.203
1908,1044,0.186
1917,1044,-0
9,1053,-0.079
18,1053,-0.127
27,1053,-0.045
36,1053,-0.034
45,1053,-0.026
54,1053,-0.058
63,1053,-0.043
72,1053,-0.051
81,1053,-0.039
90,1053,-0.045
99,1053,-0.035
108,1053,-0.027
117,1053,-0.045
126,1053,-0.035
135,1053,-0.019
144,1053,-0.014
153,1053,-0.011
162,1053,-0.05
171,1053,-0.029
180,1053,-0.043
189,1053,-0.025
198,1053,-0.027
207,1053,-0.03
216,1053,-0.042
225,1053,-0.019
234,1053,-0.036
243,1053,-0.038
252,1053,-0.052
261,1053,-0.086
270,1053,-0.109
279,1053,-0.163
288,1053,-0.197
297,1053,-0.273
306,1053,-0.276
315,1053,-0.279
324,1053,-0.208
333,1053,-0.211
342,1053,-0.213
351,1053,-0.133
360,1053,-0.095
369,1053,-0.054
378,1053,-0.069
387,1053,-0.047
396,1053,-0.039
405,1053,-0.041
414,1053,-0.034
423,1053,-0.028
432,1053,-0.018
441,1053,-0.015
450,1053,-0.02
459,1053,-0.016
468,1053,-0.021
477,1053,-0.022
486,1053,-0.029
495,1053,-0.044
504,1053,-0.045
513,1053,-0.038
522,1053,-0.048
531,1053,-0.033
540,1053,-0.06
549,1053,-0.051
558,1053,-0.043
567,1053,-0.044
576,1053,-0.045
585,1053,-0.066
594,1053,-0.056
603,1053,-0.068
612,1053,-0.081
621,1053,-0.096
630,1053,-0.071
639,1053,-0.072
648,1053,-0.073
657,1053,-0.087
666,1053,-0.076
675,1053,-0.104
684,1053,-0.091
693,1053,-0.107
702,1053,-0.124
711,1053,-0.144
720,1053,-0.189
729,1053,-0.303
738,1053,-0.376
747,1053,-0.378
756,1053,-0.38
765,1053,-0.382
774,1053,-0.384
783,1053,-0.349
792,1053,-0.316
801,1053,-0.353
810,1053,-0.392
819,1053,-0.394
828,1053,-0.358
837,1053,-0.262
846,1053,-0.362
855,1053,-0.364
864,1053,-0.267
873,1053,-0.269
882,1053,-0.271
891,1053,-0.303
900,1053,-0.413
909,1053,-0.376
918,1053,-0.343
927,1053,-0.46
936,1053,-0.463
945,1053,-0.385
954,1053,-0.35
963,1053,-0.352
972,1053,0.32
981,1053,0.393
990,1053,0.396
999,1053,0.361
1008,1053,0.363
1017,1053,0.297
1026,1053,0.299
1035,1053,0.333
1044,1053,0.271
1053,1053,0.244
1062,1053,0.275
1071,1053,0.276
1080,1053,0.419
1089,1053,0.382
1098,1053,0.348
1107,1053,0.35
1116,1053,0.429
1125,1053,0.354
1134,1053,0.23
1143,1053,0.26
1152,1053,0.292
1161,1053,0.294
1170,1053,0.185
1179,1053,0.164
1188,1053,0.165
1197,1053,0.189
1206,1053,0.214
1215,1053,0.243
1224,1053,0.307
1233,1053,0.344
1242,1053,0.31
1251,1053,0.279
1260,1053,0.314
1269,1053,0.433
1278,1053,0.436
1287,1053,0.397
1296,1053,0.488
1305,1053,0.592
1314,1053,0.495
1323,1053,0.452
1332,1053,0.331
1341,1053,0.234
1350,1053,0.159
1359,1053,0.159
1368,1053,0.16
1377,1053,0.12
1386,1053,0.162
1395,1053,0.14
1404,1053,0.244
1413,1053,0.246
1422,1053,0.28
1431,1053,0.218
1440,1053,0.284
1449,1053,0.252
1458,1053,0.222
1467,1053,0.255
1476,1053,0.33
1485,1053,0.294
1494,1053,0.335
1503,1053,0.382
1512,1053,0.341
1521,1053,0.437
1530,1053,0.495
1539,1053,0.395
1548,1053,0.309
1557,1053,0.272
1566,1053,0.237
1575,1053,0.276
1584,1053,0.206
1593,1053,0.241
1602,1053,0.208
1611,1053,0.149
1620,1053,0.177
1629,1053,0.247
1638,1053,0.212
1647,1053,0.212
1656,1053,0.213
1665,1053,0.122
1674,1053,0.049
1683,1053,0.048
1692,1053,0.097
1701,1053,0.076
1710,1053,0.058
1719,1053,0.093
1728,1053,0.117
1737,1053,0.269
1746,1053,0.326
1755,1053,0.273
1764,1053,0.335
1773,1053,0.409
1782,1053,0.345
1791,1053,0.227
1800,1053,0.227
1809,1053,0.133
1818,1053,0.13
1827,1053,0.127
1836,1053,0.123
1845,1053,0.118
1854,1053,0.113
1863,1053,0.229
1872,1053,0.228
1881,1053,0.226
1890,1053,0.222
1899,1053,0.11
1908,1053,0.07
1917,1053,-0
9,1062,-0.075
18,1062,-0.12
27,1062,-0.041
36,1062,-0.03
45,1062,-0.022
54,1062,-0.051
63,1062,-0.037
72,1062,-0.044
81,1062,-0.033
90,1062,-0.057
99,1062,-0.043
108,1062,-0.033
117,1062,-0.052
126,1062,-0.04
135,1062,-0.021
144,1062,-0.016
153,1062,-0.013
162,1062,-0.053
171,1062,-0.031
180,1062,-0.045
189,1062,-0.026
198,1062,-0.028
207,1062,-0.03
216,1062,-0.042
225,1062,-0.025
234,1062,-0.046
243,1062,-0.048
252,1062,-0.063
261,1062,-0.101
270,1062,-0.125
279,1062,-0.183
288,1062,-0.219
297,1062,-0.299
306,1062,-0.3
315,1062,-0.3
324,1062,-0.26
333,1062,-0.261
342,1062,-0.262
351,1062,-0.167
360,1062,-0.12
369,1062,-0.07
378,1062,-0.086
387,1062,-0.06
396,1062,-0.05
405,1062,-0.051
414,1062,-0.042
423,1062,-0.035
432,1062,-0.023
441,1062,-0.019
450,1062,-0.024
459,1062,-0.02
468,1062,-0.026
477,1062,-0.026
486,1062,-0.033
495,1062,-0.05
504,1062,-0.051
513,1062,-0.043
522,1062,-0.053
531,1062,-0.036
540,1062,-0.065
549,1062,-0.055
558,1062,-0.046
567,1062,-0.047
576,1062,-0.047
585,1062,-0.068
594,1062,-0.058
603,1062,-0.07
612,1062,-0.083
621,1062,-0.098
630,1062,-0.084
639,1062,-0.085
648,1062,-0.085
657,1062,-0.1
666,1062,-0.087
675,1062,-0.117
684,1062,-0.102
693,1062,-0.119
702,1062,-0.137
711,1062,-0.157
720,1062,-0.204
729,1062,-0.322
738,1062,-0.397
747,1062,-0.397
756,1062,-0.397
765,1062,-0.398
774,1062,-0.398
783,1062,-0.36
792,1062,-0.325
801,1062,-0.361
810,1062,-0.4
819,1062,-0.4
828,1062,-0.363
837,1062,-0.264
846,1062,-0.363
855,1062,-0.364
864,1062,-0.266
873,1062,-0.266
882,1062,-0.267
891,1062,-0.298
900,1062,-0.404
909,1062,-0.367
918,1062,-0.332
927,1062,-0.446
936,1062,-0.446
945,1062,-0.369
954,1062,-0.334
963,1062,-0.334
972,1062,0.302
981,1062,0.371
990,1062,0.371
999,1062,0.336
1008,1062,0.337
1017,1062,0.273
1026,1062,0.273
1035,1062,0.305
1044,1062,0.245
1053,1062,0.219
1062,1062,0.246
1071,1062,0.246
1080,1062,0.377
1089,1062,0.342
1098,1062,0.308
1107,1062,0.309
1116,1062,0.38
1125,1062,0.31
1134,1062,0.197
1143,1062,0.249
1152,1062,0.279
1161,1062,0.279
1170,1062,0.174
1179,1062,0.153
1188,1062,0.153
1197,1062,0.174
1206,1062,0.198
1215,1062,0.224
1224,1062,0.282
1233,1062,0.316
1242,1062,0.283
1251,1062,0.253
1260,1062,0.284
1269,1062,0.393
1278,1062,0.394
1287,1062,0.356
1296,1062,0.439
1305,1062,0.534
1314,1062,0.441
1323,1062,0.399
1332,1062,0.287
1341,1062,0.198
1350,1062,0.131
1359,1062,0.131
1368,1062,0.13
1377,1062,0.095
1386,1062,0.13
1395,1062,0.111
1404,1062,0.198
1413,1062,0.226
1422,1062,0.257
1431,1062,0.226
1440,1062,0.292
1449,1062,0.258
1458,1062,0.226
1467,1062,0.258
1476,1062,0.333
1485,1062,0.295
1494,1062,0.335
1503,1062,0.379
1512,1062,0.337
1521,1062,0.482
1530,1062,0.542
1539,1062,0.434
1548,1062,0.34
1557,1062,0.299
1566,1062,0.26
1575,1062,0.3
1584,1062,0.225
1593,1062,0.261
1602,1062,0.224
1611,1062,0.161
1620,1062,0.19
1629,1062,0.261
1638,1062,0.223
1647,1062,0.222
1656,1062,0.261
1665,1062,0.154
1674,1062,0.065
1683,1062,0.063
1692,1062,0.122
1701,1062,0.096
1710,1062,0.074
1719,1062,0.116
1728,1062,0.143
1737,1062,0.314
1746,1062,0.376
1755,1062,0.316
1764,1062,0.383
1773,1062,0.462
1782,1062,0.39
1791,1062,0.259
1800,1062,0.259
1809,1062,0.154
1818,1062,0.15
1827,1062,0.145
1836,1062,0.14
1845,1062,0.134
1854,1062,0.126
1863,1062,0.25
1872,1062,0.247
1881,1062,0.242
1890,1062,0.236
1899,1062,0.116
1908,1062,0.073
1917,1062,-0
9,1071,-0.072
18,1071,-0.112
27,1071,-0.037
36,1071,-0.027
45,1071,-0.019
54,1071,-0.045
63,1071,-0.032
72,1071,-0.038
81,1071,-0.028
90,1071,-0.048
99,1071,-0.036
108,1071,-0.027
117,1071,-0.043
126,1071,-0.032
135,1071,-0.017
144,1071,-0.012
153,1071,-0.009
162,1071,-0.042
171,1071,-0.024
180,1071,-0.035
189,1071,-0.019
198,1071,-0.021
207,1071,-0.022
216,1071,-0.031
225,1071,-0.018
234,1071,-0.034
243,1071,-0.035
252,1071,-0.047
261,1071,-0.077
270,1071,-0.097
279,1071,-0.145
288,1071,-0.174
297,1071,-0.242
306,1071,-0.242
315,1071,-0.241
324,1071,-0.241
333,1071,-0.24
342,1071,-0.24
351,1071,-0.15
360,1071,-0.106
369,1071,-0.061
378,1071,-0.075
387,1071,-0.051
396,1071,-0.042
405,1071,-0.042
414,1071,-0.035
423,1071,-0.035
432,1071,-0.023
441,1071,-0.023
450,1071,-0.03
459,1071,-0.024
468,1071,-0.03
477,1071,-0.031
486,1071,-0.038
495,1071,-0.057
504,1071,-0.057
513,1071,-0.048
522,1071,-0.058
531,1071,-0.04
540,1071,-0.07
549,1071,-0.059
558,1071,-0.049
567,1071,-0.05
576,1071,-0.05
585,1071,-0.071
594,1071,-0.06
603,1071,-0.071
612,1071,-0.084
621,1071,-0.099
630,1071,-0.084
639,1071,-0.085
648,1071,-0.085
657,1071,-0.099
666,1071,-0.085
675,1071,-0.114
684,1071,-0.099
693,1071,-0.114
702,1071,-0.131
711,1071,-0.15
720,1071,-0.194
729,1071,-0.308
738,1071,-0.379
747,1071,-0.377
756,1071,-0.376
765,1071,-0.375
774,1071,-0.374
783,1071,-0.336
792,1071,-0.302
801,1071,-0.334
810,1071,-0.369
819,1071,-0.368
828,1071,-0.331
837,1071,-0.238
846,1071,-0.329
855,1071,-0.328
864,1071,-0.236
873,1071,-0.235
882,1071,-0.235
891,1071,-0.292
900,1071,-0.395
909,1071,-0.357
918,1071,-0.321
927,1071,-0.431
936,1071,-0.43
945,1071,-0.353
954,1071,-0.352
963,1071,-0.351
972,1071,0.316
981,1071,0.386
990,1071,0.385
999,1071,0.347
1008,1071,0.346
1017,1071,0.28
1026,1071,0.279
1035,1071,0.309
1044,1071,0.248
1053,1071,0.22
1062,1071,0.246
1071,1071,0.246
1080,1071,0.375
1089,1071,0.338
1098,1071,0.303
1107,1071,0.302
1116,1071,0.371
1125,1071,0.3
1134,1071,0.189
1143,1071,0.239
1152,1071,0.267
1161,1071,0.266
1170,1071,0.163
1179,1071,0.142
1188,1071,0.141
1197,1071,0.161
1206,1071,0.182
1215,1071,0.231
1224,1071,0.29
1233,1071,0.323
1242,1071,0.288
1251,1071,0.256
1260,1071,0.287
1269,1071,0.395
1278,1071,0.394
1287,1071,0.354
1296,1071,0.435
1305,1071,0.528
1314,1071,0.434
1323,1071,0.39
1332,1071,0.279
1341,1071,0.191
1350,1071,0.124
1359,1071,0.123
1368,1071,0.122
1377,1071,0.088
1386,1071,0.12
1395,1071,0.101
1404,1071,0.183
1413,1071,0.208
1422,1071,0.236
1431,1071,0.205
1440,1071,0.266
1449,1071,0.232
1458,1071,0.201
1467,1071,0.23
1476,1071,0.297
1485,1071,0.26
1494,1071,0.295
1503,1071,0.333
1512,1071,0.292
1521,1071,0.423
1530,1071,0.475
1539,1071,0.423
1548,1071,0.329
1557,1071,0.287
1566,1071,0.247
1575,1071,0.284
1584,1071,0.21
1593,1071,0.243
1602,1071,0.206
1611,1071,0.173
1620,1071,0.202
1629,1071,0.276
1638,1071,0.234
1647,1071,0.232
1656,1071,0.271
1665,1071,0.192
1674,1071,0.084
1683,1071,0.081
1692,1071,0.151
1701,1071,0.12
1710,1071,0.093
1719,1071,0.142
1728,1071,0.172
1737,1071,0.364
1746,1071,0.431
1755,1071,0.364
1764,1071,0.435
1773,1071,0.519
1782,1071,0.439
1791,1071,0.295
1800,1071,0.293
1809,1071,0.177
1818,1071,0.171
1827,1071,0.165
1836,1071,0.158
1845,1071,0.15
1854,1071,0.141
1863,1071,0.272
1872,1071,0.267
1881,1071,0.26
1890,1071,0.251
1899,1071,0.124
1908,1071,0.077
1917,1071,-0
9,1080,-0.068
18,1080,-0.106
27,1080,-0.033
36,1080,-0.024
45,1080,-0.017
54,1080,-0.039
63,1080,-0.027
72,1080,-0.032
81,1080,-0.023
90,1080,-0.04
99,1080,-0.029
108,1080,-0.021
117,1080,-0.035
126,1080,-0.026
135,1080,-0.013
144,1080,-0.009
153,1080,-0.007
162,1080,-0.033
171,1080,-0.018
180,1080,-0.027
189,1080,-0.014
198,1080,-0.015
207,1080,-0.016
216,1080,-0.023
225,1080,-0.013
234,1080,-0.025
243,1080,-0.026
252,1080,-0.035
261,1080,-0.058
270,1080,-0.074
279,1080,-0.113
288,1080,-0.136
297,1080,-0.193
306,1080,-0.192
315,1080,-0.191
324,1080,-0.19
333,1080,-0.189
342,1080,-0.188
351,1080,-0.113
360,1080,-0.077
369,1080,-0.042
378,1080,-0.064
387,1080,-0.052
396,1080,-0.043
405,1080,-0.043
414,1080,-0.035
423,1080,-0.035
432,1080,-0.023
441,1080,-0.023
450,1080,-0.029
459,1080,-0.023
468,1080,-0.036
477,1080,-0.044
486,1080,-0.053
495,1080,-0.077
504,1080,-0.077
513,1080,-0.064
522,1080,-0.076
531,1080,-0.053
540,1080,-0.089
549,1080,-0.075
558,1080,-0.063
567,1080,-0.063
576,1080,-0.063
585,1080,-0.087
594,1080,-0.074
603,1080,-0.086
612,1080,-0.1
621,1080,-0.116
630,1080,-0.099
639,1080,-0.099
648,1080,-0.098
657,1080,-0.113
666,1080,-0.097
675,1080,-0.129
684,1080,-0.111
693,1080,-0.127
702,1080,-0.145
711,1080,-0.164
720,1080,-0.209
729,1080,-0.328
738,1080,-0.4
747,1080,-0.397
756,1080,-0.394
765,1080,-0.391
774,1080,-0.388
783,1080,-0.348
792,1080,-0.311
801,1080,-0.343
810,1080,-0.376
819,1080,-0.374
828,1080,-0.335
837,1080,-0.24
846,1080,-0.33
855,1080,-0.328
864,1080,-0.234
873,1080,-0.233
882,1080,-0.231
891,1080,-0.286
900,1080,-0.387
909,1080,-0.348
918,1080,-0.311
927,1080,-0.417
936,1080,-0.415
945,1080,-0.338
954,1080,-0.335
963,1080,-0.333
972,1080,0.298
981,1080,0.363
990,1080,0.361
999,1080,0.323
1008,1080,0.356
1017,1080,0.287
1026,1080,0.285
1035,1080,0.314
1044,1080,0.251
1053,1080,0.249
1062,1080,0.276
1071,1080,0.274
1080,1080,0.411
1089,1080,0.37
1098,1080,0.367
1107,1080,0.365
1116,1080,0.441
1125,1080,0.36
1134,1080,0.231
1143,1080,0.287
1152,1080,0.317
1161,1080,0.315
1170,1080,0.197
1179,1080,0.172
1188,1080,0.171
1197,1080,0.192
1206,1080,0.215
1215,1080,0.269
1224,1080,0.333
1233,1080,0.407
1242,1080,0.365
1251,1080,0.326
1260,1080,0.36
1269,1080,0.484
1278,1080,0.482
1287,1080,0.434
1296,1080,0.525
1305,1080,0.628
1314,1080,0.52
1323,1080,0.469
1332,1080,0.34
1341,1080,0.237
1350,1080,0.158
1359,1080,0.156
1368,1080,0.154
1377,1080,0.113
1386,1080,0.15
1395,1080,0.147
1404,1080,0.251
1413,1080,0.282
1422,1080,0.315
1431,1080,0.277
1440,1080,0.349
1449,1080,0.307
1458,1080,0.269
1467,1080,0.302
1476,1080,0.382
1485,1080,0.336
1494,1080,0.377
1503,1080,0.421
1512,1080,0.372
1521,1080,0.523
1530,1080,0.581
1539,1080,0.519
1548,1080,0.409
1557,1080,0.359
1566,1080,0.312
1575,1080,0.353
1584,1080,0.266
1593,1080,0.303
1602,1080,0.259
1611,1080,0.219
1620,1080,0.253
1629,1080,0.337
1638,1080,0.288
1647,1080,0.284
1656,1080,0.328
1665,1080,0.235
1674,1080,0.108
1683,1080,0.104
1692,1080,0.186
1701,1080,0.149
1710,1080,0.116
1719,1080,0.173
1728,1080,0.206
1737,1080,0.419
1746,1080,0.491
1755,1080,0.416
1764,1080,0.491
1773,1080,0.581
1782,1080,0.492
1791,1080,0.335
1800,1080,0.331
1809,1080,0.202
1818,1080,0.195
1827,1080,0.187
1836,1080,0.178
1845,1080,0.168
1854,1080,0.157
1863,1080,0.296
1872,1080,0.288
1881,1080,0.278
1890,1080,0.266
1899,1080,0.131
1908,1080,0.08
1917,1080,-0
9,1089,-0.065
18,1089,-0.099
27,1089,-0.03
36,1089,-0.021
45,1089,-0.015
54,1089,-0.034
63,1089,-0.023
72,1089,-0.027
81,1089,-0.019
90,1089,-0.051
99,1089,-0.036
108,1089,-0.026
117,1089,-0.041
126,1089,-0.03
135,1089,-0.015
144,1089,-0.011
153,1089,-0.008
162,1089,-0.036
171,1089,-0.019
180,1089,-0.028
189,1089,-0.015
198,1089,-0.016
207,1089,-0.016
216,1089,-0.023
225,1089,-0.013
234,1089,-0.024
243,1089,-0.033
252,1089,-0.043
261,1089,-0.07
270,1089,-0.087
279,1089,-0.129
288,1089,-0.153
297,1089,-0.213
306,1089,-0.21
315,1089,-0.208
324,1089,-0.205
333,1089,-0.202
342,1089,-0.232
351,1089,-0.142
360,1089,-0.099
369,1089,-0.055
378,1089,-0.081
387,1089,-0.066
396,1089,-0.054
405,1089,-0.054
414,1089,-0.044
423,1089,-0.043
432,1089,-0.028
441,1089,-0.028
450,1089,-0.035
459,1089,-0.028
468,1089,-0.042
477,1089,-0.051
486,1089,-0.061
495,1089,-0.086
504,1089,-0.085
513,1089,-0.071
522,1089,-0.083
531,1089,-0.07
540,1089,-0.113
549,1089,-0.095
558,1089,-0.08
567,1089,-0.079
576,1089,-0.078
585,1089,-0.106
594,1089,-0.09
603,1089,-0.103
612,1089,-0.119
621,1089,-0.136
630,1089,-0.116
639,1089,-0.114
648,1089,-0.113
657,1089,-0.129
666,1089,-0.127
675,1089,-0.165
684,1089,-0.142
693,1089,-0.161
702,1089,-0.181
711,1089,-0.202
720,1089,-0.254
729,1089,-0.386
738,1089,-0.464
747,1089,-0.459
756,1089,-0.454
765,1089,-0.448
774,1089,-0.443
783,1089,-0.398
792,1089,-0.355
801,1089,-0.389
810,1089,-0.424
819,1089,-0.419
828,1089,-0.414
837,1089,-0.302
846,1089,-0.405
855,1089,-0.4
864,1089,-0.291
873,1089,-0.287
882,1089,-0.284
891,1089,-0.346
900,1089,-0.459
909,1089,-0.413
918,1089,-0.37
927,1089,-0.487
936,1089,-0.482
945,1089,-0.395
954,1089,-0.391
963,1089,-0.386
972,1089,0.346
981,1089,0.416
990,1089,0.412
999,1089,0.37
1008,1089,0.403
1017,1089,0.326
1026,1089,0.323
1035,1089,0.353
1044,1089,0.283
1053,1089,0.28
1062,1089,0.308
1071,1089,0.304
1080,1089,0.449
1089,1089,0.404
1098,1089,0.399
1107,1089,0.395
1116,1089,0.474
1125,1089,0.387
1134,1089,0.249
1143,1089,0.307
1152,1089,0.338
1161,1089,0.334
1170,1089,0.21
1179,1089,0.183
1188,1089,0.18
1197,1089,0.201
1206,1089,0.223
1215,1089,0.278
1224,1089,0.342
1233,1089,0.416
1242,1089,0.372
1251,1089,0.33
1260,1089,0.363
1269,1089,0.486
1278,1089,0.482
1287,1089,0.432
1296,1089,0.521
1305,1089,0.621
1314,1089,0.512
1323,1089,0.46
1332,1089,0.331
1341,1089,0.229
1350,1089,0.151
1359,1089,0.148
1368,1089,0.145
1377,1089,0.105
1386,1089,0.139
1395,1089,0.136
1404,1089,0.233
1413,1089,0.26
1422,1089,0.291
1431,1089,0.252
1440,1089,0.319
1449,1089,0.278
1458,1089,0.241
1467,1089,0.27
1476,1089,0.342
1485,1089,0.298
1494,1089,0.333
1503,1089,0.372
1512,1089,0.324
1521,1089,0.46
1530,1089,0.511
1539,1089,0.452
1548,1089,0.349
1557,1089,0.302
1566,1089,0.297
1575,1089,0.336
1584,1089,0.249
1593,1089,0.283
1602,1089,0.24
1611,1089,0.2
1620,1089,0.23
1629,1089,0.306
1638,1089,0.258
1647,1089,0.253
1656,1089,0.291
1665,1089,0.204
1674,1089,0.089
1683,1089,0.085
1692,1089,0.155
1701,1089,0.121
1710,1089,0.092
1719,1089,0.138
1728,1089,0.164
1737,1089,0.345
1746,1089,0.404
1755,1089,0.334
1764,1089,0.394
1773,1089,0.465
1782,1089,0.383
1791,1089,0.247
1800,1089,0.238
1809,1089,0.134
1818,1089,0.125
1827,1089,0.115
1836,1089,0.146
1845,1089,0.134
1854,1089,0.121
1863,1089,0.23
1872,1089,0.31
1881,1089,0.298
1890,1089,0.283
1899,1089,0.139
1908,1089,0.084
1917,1089,-0
9,1098,-0.062
18,1098,-0.184
27,1098,-0.057
36,1098,-0.037
45,1098,-0.024
54,1098,-0.05
63,1098,-0.034
72,1098,-0.037
81,1098,-0.026
90,1098,-0.063
99,1098,-0.045
108,1098,-0.032
117,1098,-0.048
126,1098,-0.035
135,1098,-0.025
144,1098,-0.018
153,1098,-0.013
162,1098,-0.052
171,1098,-0.028
180,1098,-0.04
189,1098,-0.022
198,1098,-0.022
207,1098,-0.022
216,1098,-0.031
225,1098,-0.017
234,1098,-0.031
243,1098,-0.041
252,1098,-0.052
261,1098,-0.083
270,1098,-0.101
279,1098,-0.146
288,1098,-0.172
297,1098,-0.235
306,1098,-0.23
315,1098,-0.225
324,1098,-0.221
333,1098,-0.216
342,1098,-0.246
351,1098,-0.178
360,1098,-0.125
369,1098,-0.071
378,1098,-0.101
387,1098,-0.083
396,1098,-0.068
405,1098,-0.067
414,1098,-0.054
423,1098,-0.053
432,1098,-0.035
441,1098,-0.034
450,1098,-0.042
459,1098,-0.033
468,1098,-0.049
477,1098,-0.059
486,1098,-0.069
495,1098,-0.096
504,1098,-0.094
513,1098,-0.078
522,1098,-0.091
531,1098,-0.076
540,1098,-0.121
549,1098,-0.101
558,1098,-0.085
567,1098,-0.083
576,1098,-0.082
585,1098,-0.11
594,1098,-0.092
603,1098,-0.106
612,1098,-0.121
621,1098,-0.137
630,1098,-0.116
639,1098,-0.114
648,1098,-0.112
657,1098,-0.127
666,1098,-0.125
675,1098,-0.161
684,1098,-0.138
693,1098,-0.155
702,1098,-0.174
711,1098,-0.194
720,1098,-0.243
729,1098,-0.37
738,1098,-0.444
747,1098,-0.437
756,1098,-0.43
765,1098,-0.424
774,1098,-0.417
783,1098,-0.372
792,1098,-0.33
801,1098,-0.36
810,1098,-0.392
819,1098,-0.425
828,1098,-0.419
837,1098,-0.304
846,1098,-0.406
855,1098,-0.4
864,1098,-0.289
873,1098,-0.284
882,1098,-0.28
891,1098,-0.34
900,1098,-0.449
909,1098,-0.402
918,1098,-0.359
927,1098,-0.472
936,1098,-0.465
945,1098,-0.378
954,1098,-0.373
963,1098,-0.405
972,1098,0.361
981,1098,0.433
990,1098,0.426
999,1098,0.381
1008,1098,0.414
1017,1098,0.37
1026,1098,0.364
1035,1098,0.396
1044,1098,0.318
1053,1098,0.313
1062,1098,0.342
1071,1098,0.337
1080,1098,0.49
1089,1098,0.44
1098,1098,0.434
1107,1098,0.428
1116,1098,0.508
1125,1098,0.415
1134,1098,0.269
1143,1098,0.329
1152,1098,0.359
1161,1098,0.392
1170,1098,0.251
1179,1098,0.219
1188,1098,0.214
1197,1098,0.237
1206,1098,0.261
1215,1098,0.321
1224,1098,0.39
1233,1098,0.469
1242,1098,0.419
1251,1098,0.372
1260,1098,0.407
1269,1098,0.537
1278,1098,0.53
1287,1098,0.476
1296,1098,0.568
1305,1098,0.672
1314,1098,0.554
1323,1098,0.497
1332,1098,0.359
1341,1098,0.249
1350,1098,0.165
1359,1098,0.161
1368,1098,0.157
1377,1098,0.113
1386,1098,0.149
1395,1098,0.145
1404,1098,0.245
1413,1098,0.272
1422,1098,0.302
1431,1098,0.262
1440,1098,0.329
1449,1098,0.285
1458,1098,0.246
1467,1098,0.311
1476,1098,0.389
1485,1098,0.339
1494,1098,0.376
1503,1098,0.416
1512,1098,0.363
1521,1098,0.507
1530,1098,0.559
1539,1098,0.494
1548,1098,0.384
1557,1098,0.331
1566,1098,0.325
1575,1098,0.364
1584,1098,0.27
1593,1098,0.305
1602,1098,0.258
1611,1098,0.215
1620,1098,0.245
1629,1098,0.323
1638,1098,0.271
1647,1098,0.264
1656,1098,0.302
1665,1098,0.211
1674,1098,0.092
1683,1098,0.087
1692,1098,0.156
1701,1098,0.121
1710,1098,0.091
1719,1098,0.136
1728,1098,0.16
1737,1098,0.336
1746,1098,0.391
1755,1098,0.319
1764,1098,0.375
1773,1098,0.44
1782,1098,0.357
1791,1098,0.224
1800,1098,0.214
1809,1098,0.116
1818,1098,0.105
1827,1098,0.094
1836,1098,0.119
1845,1098,0.105
1854,1098,0.091
1863,1098,0.176
1872,1098,0.233
1881,1098,0.318
1890,1098,0.3
1899,1098,0.147
1908,1098,0.088
1917,1098,-0
9,1107,-0.059
18,1107,-0.175
27,1107,-0.052
36,1107,-0.033
45,1107,-0.021
54,1107,-0.044
63,1107,-0.029
72,1107,-0.032
81,1107,-0.021
90,1107,-0.054
99,1107,-0.037
108,1107,-0.038
117,1107,-0.056
126,1107,-0.04
135,1107,-0.029
144,1107,-0.02
153,1107,-0.014
162,1107,-0.056
171,1107,-0.03
180,1107,-0.041
189,1107,-0.031
198,1107,-0.031
207,1107,-0.031
216,1107,-0.04
225,1107,-0.023
234,1107,-0.04
243,1107,-0.051
252,1107,-0.064
261,1107,-0.097
270,1107,-0.117
279,1107,-0.166
288,1107,-0.192
297,1107,-0.258
306,1107,-0.251
315,1107,-0.244
324,1107,-0.237
333,1107,-0.231
342,1107,-0.261
351,1107,-0.188
360,1107,-0.132
369,1107,-0.074
378,1107,-0.105
387,1107,-0.086
396,1107,-0.069
405,1107,-0.068
414,1107,-0.054
423,1107,-0.053
432,1107,-0.034
441,1107,-0.034
450,1107,-0.04
459,1107,-0.032
468,1107,-0.047
477,1107,-0.056
486,1107,-0.066
495,1107,-0.091
504,1107,-0.089
513,1107,-0.073
522,1107,-0.084
531,1107,-0.069
540,1107,-0.111
549,1107,-0.092
558,1107,-0.076
567,1107,-0.074
576,1107,-0.072
585,1107,-0.098
594,1107,-0.095
603,1107,-0.109
612,1107,-0.123
621,1107,-0.138
630,1107,-0.117
639,1107,-0.114
648,1107,-0.111
657,1107,-0.125
666,1107,-0.122
675,1107,-0.157
684,1107,-0.134
693,1107,-0.171
702,1107,-0.19
711,1107,-0.21
720,1107,-0.261
729,1107,-0.392
738,1107,-0.468
747,1107,-0.459
756,1107,-0.45
765,1107,-0.441
774,1107,-0.432
783,1107,-0.384
792,1107,-0.34
801,1107,-0.369
810,1107,-0.4
819,1107,-0.432
828,1107,-0.424
837,1107,-0.306
846,1107,-0.407
855,1107,-0.4
864,1107,-0.287
873,1107,-0.281
882,1107,-0.275
891,1107,-0.334
900,1107,-0.44
909,1107,-0.392
918,1107,-0.348
927,1107,-0.457
936,1107,-0.449
945,1107,-0.362
954,1107,-0.355
963,1107,-0.385
972,1107,0.341
981,1107,0.408
990,1107,0.401
999,1107,0.356
1008,1107,0.386
1017,1107,0.342
1026,1107,0.335
1035,1107,0.364
1044,1107,0.289
1053,1107,0.283
1062,1107,0.309
1071,1107,0.336
1080,1107,0.487
1089,1107,0.435
1098,1107,0.428
1107,1107,0.42
1116,1107,0.498
1125,1107,0.404
1134,1107,0.26
1143,1107,0.316
1152,1107,0.344
1161,1107,0.374
1170,1107,0.237
1179,1107,0.205
1188,1107,0.2
1197,1107,0.22
1206,1107,0.242
1215,1107,0.297
1224,1107,0.361
1233,1107,0.434
1242,1107,0.385
1251,1107,0.378
1260,1107,0.41
1269,1107,0.54
1278,1107,0.531
1287,1107,0.474
1296,1107,0.564
1305,1107,0.665
1314,1107,0.546
1323,1107,0.487
1332,1107,0.35
1341,1107,0.24
1350,1107,0.157
1359,1107,0.152
1368,1107,0.148
1377,1107,0.105
1386,1107,0.138
1395,1107,0.134
1404,1107,0.227
1413,1107,0.252
1422,1107,0.278
1431,1107,0.238
1440,1107,0.3
1449,1107,0.257
1458,1107,0.219
1467,1107,0.278
1476,1107,0.348
1485,1107,0.3
1494,1107,0.332
1503,1107,0.367
1512,1107,0.317
1521,1107,0.446
1530,1107,0.549
1539,1107,0.482
1548,1107,0.371
1557,1107,0.318
1566,1107,0.31
1575,1107,0.345
1584,1107,0.254
1593,1107,0.285
1602,1107,0.277
1611,1107,0.23
1620,1107,0.302
1629,1107,0.391
1638,1107,0.331
1647,1107,0.321
1656,1107,0.363
1665,1107,0.258
1674,1107,0.117
1683,1107,0.11
1692,1107,0.192
1701,1107,0.15
1710,1107,0.114
1719,1107,0.165
1728,1107,0.193
1737,1107,0.389
1746,1107,0.448
1755,1107,0.367
1764,1107,0.426
1773,1107,0.495
1782,1107,0.404
1791,1107,0.257
1800,1107,0.244
1809,1107,0.134
1818,1107,0.122
1827,1107,0.108
1836,1107,0.135
1845,1107,0.119
1854,1107,0.102
1863,1107,0.193
1872,1107,0.252
1881,1107,0.34
1890,1107,0.317
1899,1107,0.156
1908,1107,0.092
1917,1107,-0
9,1116,-0.056
18,1116,-0.165
27,1116,-0.048
36,1116,-0.029
45,1116,-0.018
54,1116,-0.038
63,1116,-0.025
72,1116,-0.027
81,1116,-0.018
90,1116,-0.067
99,1116,-0.046
108,1116,-0.046
117,1116,-0.065
126,1116,-0.046
135,1116,-0.032
144,1116,-0.023
153,1116,-0.016
162,1116,-0.06
171,1116,-0.032
180,1116,-0.043
189,1116,-0.031
198,1116,-0.031
207,1116,-0.031
216,1116,-0.04
225,1116,-0.022
234,1116,-0.038
243,1116,-0.049
252,1116,-0.061
261,1116,-0.093
270,1116,-0.11
279,1116,-0.157
288,1116,-0.181
297,1116,-0.243
306,1116,-0.234
315,1116,-0.226
324,1116,-0.219
333,1116,-0.212
342,1116,-0.238
351,1116,-0.169
360,1116,-0.117
369,1116,-0.078
378,1116,-0.109
387,1116,-0.088
396,1116,-0.071
405,1116,-0.069
414,1116,-0.055
423,1116,-0.053
432,1116,-0.042
441,1116,-0.041
450,1116,-0.048
459,1116,-0.038
468,1116,-0.055
477,1116,-0.064
486,1116,-0.075
495,1116,-0.102
504,1116,-0.098
513,1116,-0.081
522,1116,-0.092
531,1116,-0.076
540,1116,-0.119
549,1116,-0.099
558,1116,-0.081
567,1116,-0.079
576,1116,-0.076
585,1116,-0.102
594,1116,-0.115
603,1116,-0.129
612,1116,-0.144
621,1116,-0.161
630,1116,-0.136
639,1116,-0.132
648,1116,-0.128
657,1116,-0.142
666,1116,-0.138
675,1116,-0.176
684,1116,-0.149
693,1116,-0.188
702,1116,-0.207
711,1116,-0.228
720,1116,-0.28
729,1116,-0.416
738,1116,-0.492
747,1116,-0.481
756,1116,-0.47
765,1116,-0.459
774,1116,-0.448
783,1116,-0.397
792,1116,-0.35
801,1116,-0.378
810,1116,-0.408
819,1116,-0.439
828,1116,-0.428
837,1116,-0.308
846,1116,-0.409
855,1116,-0.399
864,1116,-0.286
873,1116,-0.278
882,1116,-0.271
891,1116,-0.327
900,1116,-0.431
909,1116,-0.382
918,1116,-0.337
927,1116,-0.442
936,1116,-0.432
945,1116,-0.383
954,1116,-0.374
963,1116,-0.404
972,1116,0.357
981,1116,0.424
990,1116,0.415
999,1116,0.367
1008,1116,0.396
1017,1116,0.35
1026,1116,0.342
1035,1116,0.369
1044,1116,0.292
1053,1116,0.285
1062,1116,0.309
1071,1116,0.335
1080,1116,0.484
1089,1116,0.431
1098,1116,0.421
1107,1116,0.412
1116,1116,0.487
1125,1116,0.393
1134,1116,0.25
1143,1116,0.304
1152,1116,0.33
1161,1116,0.357
1170,1116,0.223
1179,1116,0.192
1188,1116,0.186
1197,1116,0.204
1206,1116,0.224
1215,1116,0.275
1224,1116,0.334
1233,1116,0.401
1242,1116,0.353
1251,1116,0.344
1260,1116,0.374
1269,1116,0.493
1278,1116,0.483
1287,1116,0.428
1296,1116,0.509
1305,1116,0.602
1314,1116,0.488
1323,1116,0.432
1332,1116,0.304
1341,1116,0.232
1350,1116,0.15
1359,1116,0.144
1368,1116,0.16
1377,1116,0.133
1386,1116,0.171
1395,1116,0.19
1404,1116,0.307
1413,1116,0.336
1422,1116,0.367
1431,1116,0.318
1440,1116,0.391
1449,1116,0.339
1458,1116,0.291
1467,1116,0.361
1476,1116,0.443
1485,1116,0.385
1494,1116,0.422
1503,1116,0.461
1512,1116,0.401
1521,1116,0.55
1530,1116,0.665
1539,1116,0.587
1548,1116,0.459
1557,1116,0.396
1566,1116,0.385
1575,1116,0.425
1584,1116,0.317
1593,1116,0.353
1602,1116,0.342
1611,1116,0.286
1620,1116,0.369
1629,1116,0.468
1638,1116,0.399
1647,1116,0.387
1656,1116,0.432
1665,1116,0.312
1674,1116,0.147
1683,1116,0.139
1692,1116,0.233
1701,1116,0.183
1710,1116,0.14
1719,1116,0.199
1728,1116,0.23
1737,1116,0.447
1746,1116,0.51
1755,1116,0.42
1764,1116,0.483
1773,1116,0.555
1782,1116,0.454
1791,1116,0.293
1800,1116,0.277
1809,1116,0.155
1818,1116,0.14
1827,1116,0.125
1836,1116,0.153
1845,1116,0.134
1854,1116,0.115
1863,1116,0.212
1872,1116,0.273
1881,1116,0.362
1890,1116,0.336
1899,1116,0.165
1908,1116,0.096
1917,1116,-0
9,1125,-0.053
18,1125,-0.156
27,1125,-0.043
36,1125,-0.026
45,1125,-0.016
54,1125,-0.033
63,1125,-0.021
72,1125,-0.023
81,1125,-0.014
90,1125,-0.057
99,1125,-0.038
108,1125,-0.038
117,1125,-0.054
126,1125,-0.037
135,1125,-0.037
144,1125,-0.026
153,1125,-0.018
162,1125,-0.064
171,1125,-0.034
180,1125,-0.045
189,1125,-0.044
198,1125,-0.042
207,1125,-0.041
216,1125,-0.067
225,1125,-0.039
234,1125,-0.062
243,1125,-0.076
252,1125,-0.092
261,1125,-0.133
270,1125,-0.154
279,1125,-0.21
288,1125,-0.237
297,1125,-0.309
306,1125,-0.297
315,1125,-0.285
324,1125,-0.274
333,1125,-0.263
342,1125,-0.292
351,1125,-0.209
360,1125,-0.146
369,1125,-0.099
378,1125,-0.135
387,1125,-0.109
396,1125,-0.088
405,1125,-0.084
414,1125,-0.067
423,1125,-0.065
432,1125,-0.051
441,1125,-0.049
450,1125,-0.057
459,1125,-0.045
468,1125,-0.064
477,1125,-0.074
486,1125,-0.084
495,1125,-0.113
504,1125,-0.109
513,1125,-0.089
522,1125,-0.101
531,1125,-0.082
540,1125,-0.127
549,1125,-0.105
558,1125,-0.086
567,1125,-0.083
576,1125,-0.08
585,1125,-0.105
594,1125,-0.118
603,1125,-0.132
612,1125,-0.147
621,1125,-0.162
630,1125,-0.136
639,1125,-0.131
648,1125,-0.127
657,1125,-0.141
666,1125,-0.136
675,1125,-0.172
684,1125,-0.145
693,1125,-0.182
702,1125,-0.2
711,1125,-0.219
720,1125,-0.268
729,1125,-0.399
738,1125,-0.472
747,1125,-0.459
756,1125,-0.446
765,1125,-0.434
774,1125,-0.422
783,1125,-0.371
792,1125,-0.325
801,1125,-0.35
810,1125,-0.377
819,1125,-0.404
828,1125,-0.393
837,1125,-0.279
846,1125,-0.371
855,1125,-0.361
864,1125,-0.254
873,1125,-0.246
882,1125,-0.238
891,1125,-0.289
900,1125,-0.383
909,1125,-0.336
918,1125,-0.294
927,1125,-0.388
936,1125,-0.378
945,1125,-0.332
954,1125,-0.357
963,1125,-0.384
972,1125,0.337
981,1125,0.401
990,1125,0.39
999,1125,0.343
1008,1125,0.369
1017,1125,0.323
1026,1125,0.314
1035,1125,0.338
1044,1125,0.265
1053,1125,0.257
1062,1125,0.278
1071,1125,0.334
1080,1125,0.481
1089,1125,0.427
1098,1125,0.415
1107,1125,0.404
1116,1125,0.477
1125,1125,0.382
1134,1125,0.241
1143,1125,0.292
1152,1125,0.316
1161,1125,0.341
1170,1125,0.21
1179,1125,0.179
1188,1125,0.172
1197,1125,0.189
1206,1125,0.206
1215,1125,0.253
1224,1125,0.343
1233,1125,0.41
1242,1125,0.399
1251,1125,0.388
1260,1125,0.418
1269,1125,0.545
1278,1125,0.532
1287,1125,0.471
1296,1125,0.556
1305,1125,0.652
1314,1125,0.529
1323,1125,0.468
1332,1125,0.331
1341,1125,0.253
1350,1125,0.164
1359,1125,0.157
1368,1125,0.173
1377,1125,0.144
1386,1125,0.183
1395,1125,0.202
1404,1125,0.322
1413,1125,0.351
1422,1125,0.381
1431,1125,0.329
1440,1125,0.402
1449,1125,0.347
1458,1125,0.297
1467,1125,0.366
1476,1125,0.447
1485,1125,0.387
1494,1125,0.421
1503,1125,0.459
1512,1125,0.396
1521,1125,0.542
1530,1125,0.653
1539,1125,0.574
1548,1125,0.445
1557,1125,0.381
1566,1125,0.368
1575,1125,0.405
1584,1125,0.299
1593,1125,0.33
1602,1125,0.318
1611,1125,0.263
1620,1125,0.339
1629,1125,0.43
1638,1125,0.362
1647,1125,0.402
1656,1125,0.446
1665,1125,0.321
1674,1125,0.183
1683,1125,0.172
1692,1125,0.28
1701,1125,0.222
1710,1125,0.172
1719,1125,0.239
1728,1125,0.272
1737,1125,0.511
1746,1125,0.577
1755,1125,0.478
1764,1125,0.544
1773,1125,0.62
1782,1125,0.509
1791,1125,0.332
1800,1125,0.314
1809,1125,0.178
1818,1125,0.16
1827,1125,0.142
1836,1125,0.172
1845,1125,0.151
1854,1125,0.129
1863,1125,0.231
1872,1125,0.294
1881,1125,0.385
1890,1125,0.355
1899,1125,0.175
1908,1125,0.101
1917,1125,-0
9,1134,-0.05
18,1134,-0.147
27,1134,-0.039
36,1134,-0.023
45,1134,-0.026
54,1134,-0.049
63,1134,-0.03
72,1134,-0.031
81,1134,-0.02
90,1134,-0.07
99,1134,-0.047
108,1134,-0.046
117,1134,-0.086
126,1134,-0.06
135,1134,-0.058
144,1134,-0.04
153,1134,-0.028
162,1134,-0.09
171,1134,-0.049
180,1134,-0.081
189,1134,-0.077
198,1134,-0.074
207,1134,-0.07
216,1134,-0.107
225,1134,-0.081
234,1134,-0.12
243,1134,-0.14
252,1134,-0.162
261,1134,-0.22
270,1134,-0.247
279,1134,-0.321
288,1134,-0.354
297,1134,-0.444
306,1134,-0.423
315,1134,-0.404
324,1134,-0.386
333,1134,-0.369
342,1134,-0.402
351,1134,-0.295
360,1134,-0.211
369,1134,-0.146
378,1134,-0.192
387,1134,-0.184
396,1134,-0.15
405,1134,-0.143
414,1134,-0.116
423,1134,-0.111
432,1134,-0.089
441,1134,-0.085
450,1134,-0.097
459,1134,-0.077
468,1134,-0.104
477,1134,-0.117
486,1134,-0.131
495,1134,-0.169
504,1134,-0.162
513,1134,-0.134
522,1134,-0.149
531,1134,-0.123
540,1134,-0.182
549,1134,-0.151
558,1134,-0.125
567,1134,-0.12
576,1134,-0.114
585,1134,-0.147
594,1134,-0.162
603,1134,-0.203
612,1134,-0.222
621,1134,-0.242
630,1134,-0.205
639,1134,-0.197
648,1134,-0.189
657,1134,-0.207
666,1134,-0.199
675,1134,-0.244
684,1134,-0.208
693,1134,-0.255
702,1134,-0.276
711,1134,-0.298
720,1134,-0.357
729,1134,-0.512
738,1134,-0.595
747,1134,-0.578
756,1134,-0.561
765,1134,-0.544
774,1134,-0.528
783,1134,-0.466
792,1134,-0.41
801,1134,-0.438
810,1134,-0.467
819,1134,-0.497
828,1134,-0.482
837,1134,-0.348
846,1134,-0.453
855,1134,-0.439
864,1134,-0.314
873,1134,-0.303
882,1134,-0.293
891,1134,-0.35
900,1134,-0.454
909,1134,-0.4
918,1134,-0.351
927,1134,-0.455
936,1134,-0.442
945,1134,-0.389
954,1134,-0.415
963,1134,-0.443
972,1134,0.39
981,1134,0.458
990,1134,0.488
999,1134,0.431
1008,1134,0.459
1017,1134,0.405
1026,1134,0.392
1035,1134,0.419
1044,1134,0.332
1053,1134,0.321
1062,1134,0.344
1071,1134,0.408
1080,1134,0.573
1089,1134,0.51
1098,1134,0.495
1107,1134,0.481
1116,1134,0.56
1125,1134,0.453
1134,1134,0.291
1143,1134,0.348
1152,1134,0.373
1161,1134,0.4
1170,1134,0.251
1179,1134,0.215
1188,1134,0.206
1197,1134,0.224
1206,1134,0.242
1215,1134,0.294
1224,1134,0.391
1233,1134,0.463
1242,1134,0.449
1251,1134,0.435
1260,1134,0.513
1269,1134,0.656
1278,1134,0.639
1287,1134,0.568
1296,1134,0.662
1305,1134,0.767
1314,1134,0.628
1323,1134,0.557
1332,1134,0.4
1341,1134,0.31
1350,1134,0.205
1359,1134,0.196
1368,1134,0.214
1377,1134,0.179
1386,1134,0.224
1395,1134,0.244
1404,1134,0.379
1413,1134,0.409
1422,1134,0.441
1431,1134,0.382
1440,1134,0.461
1449,1134,0.399
1458,1134,0.342
1467,1134,0.417
1476,1134,0.503
1485,1134,0.436
1494,1134,0.472
1503,1134,0.51
1512,1134,0.494
1521,1134,0.66
1530,1134,0.784
1539,1134,0.692
1548,1134,0.544
1557,1134,0.469
1566,1134,0.453
1575,1134,0.493
1584,1134,0.37
1593,1134,0.405
1602,1134,0.389
1611,1134,0.325
1620,1134,0.411
1629,1134,0.513
1638,1134,0.434
1647,1134,0.478
1656,1134,0.526
1665,1134,0.384
1674,1134,0.225
1683,1134,0.211
1692,1134,0.333
1701,1134,0.267
1710,1134,0.208
1719,1134,0.283
1728,1134,0.319
1737,1134,0.581
1746,1134,0.651
1755,1134,0.541
1764,1134,0.61
1773,1134,0.69
1782,1134,0.569
1791,1134,0.375
1800,1134,0.353
1809,1134,0.204
1818,1134,0.183
1827,1134,0.162
1836,1134,0.193
1845,1134,0.169
1854,1134,0.144
1863,1134,0.253
1872,1134,0.317
1881,1134,0.41
1890,1134,0.375
1899,1134,0.184
1908,1134,0.105
1917,1134,-0
9,1143,-0.047
18,1143,-0.139
27,1143,-0.036
36,1143,-0.02
45,1143,-0.023
54,1143,-0.043
63,1143,-0.026
72,1143,-0.026
81,1143,-0.016
90,1143,-0.06
99,1143,-0.039
108,1143,-0.037
117,1143,-0.099
126,1143,-0.068
135,1143,-0.064
144,1143,-0.044
153,1143,-0.03
162,1143,-0.095
171,1143,-0.052
180,1143,-0.084
189,1143,-0.079
198,1143,-0.075
207,1143,-0.07
216,1143,-0.107
225,1143,-0.08
234,1143,-0.118
243,1143,-0.136
252,1143,-0.156
261,1143,-0.212
270,1143,-0.237
279,1143,-0.307
288,1143,-0.337
297,1143,-0.421
306,1143,-0.4
315,1143,-0.38
324,1143,-0.36
333,1143,-0.342
342,1143,-0.372
351,1143,-0.269
360,1143,-0.189
369,1143,-0.129
378,1143,-0.17
387,1143,-0.162
396,1143,-0.13
405,1143,-0.123
414,1143,-0.098
423,1143,-0.111
432,1143,-0.088
441,1143,-0.084
450,1143,-0.094
459,1143,-0.075
468,1143,-0.101
477,1143,-0.113
486,1143,-0.125
495,1143,-0.161
504,1143,-0.154
513,1143,-0.126
522,1143,-0.139
531,1143,-0.113
540,1143,-0.168
549,1143,-0.139
558,1143,-0.114
567,1143,-0.108
576,1143,-0.102
585,1143,-0.132
594,1143,-0.145
603,1143,-0.182
612,1143,-0.198
621,1143,-0.215
630,1143,-0.181
639,1143,-0.173
648,1143,-0.165
657,1143,-0.18
666,1143,-0.171
675,1143,-0.212
684,1143,-0.178
693,1143,-0.219
702,1143,-0.237
711,1143,-0.256
720,1143,-0.308
729,1143,-0.448
738,1143,-0.522
747,1143,-0.504
756,1143,-0.487
765,1143,-0.47
774,1143,-0.453
783,1143,-0.396
792,1143,-0.382
801,1143,-0.407
810,1143,-0.432
819,1143,-0.459
828,1143,-0.443
837,1143,-0.316
846,1143,-0.413
855,1143,-0.398
864,1143,-0.28
873,1143,-0.269
882,1143,-0.258
891,1143,-0.309
900,1143,-0.404
909,1143,-0.353
918,1143,-0.306
927,1143,-0.4
936,1143,-0.386
945,1143,-0.372
954,1143,-0.437
963,1143,-0.464
972,1143,0.407
981,1143,0.475
990,1143,0.504
999,1143,0.444
1008,1143,0.471
1017,1143,0.414
1026,1143,0.4
1035,1143,0.425
1044,1143,0.335
1053,1143,0.323
1062,1143,0.345
1071,1143,0.407
1080,1143,0.57
1089,1143,0.505
1098,1143,0.488
1107,1143,0.472
1116,1143,0.549
1125,1143,0.441
1134,1143,0.281
1143,1143,0.335
1152,1143,0.358
1161,1143,0.382
1170,1143,0.237
1179,1143,0.201
1188,1143,0.192
1197,1143,0.207
1206,1143,0.224
1215,1143,0.271
1224,1143,0.362
1233,1143,0.429
1242,1143,0.413
1251,1143,0.399
1260,1143,0.47
1269,1143,0.603
1278,1143,0.585
1287,1143,0.515
1296,1143,0.602
1305,1143,0.698
1314,1143,0.565
1323,1143,0.496
1332,1143,0.35
1341,1143,0.266
1350,1143,0.196
1359,1143,0.186
1368,1143,0.203
1377,1143,0.168
1386,1143,0.209
1395,1143,0.227
1404,1143,0.355
1413,1143,0.382
1422,1143,0.41
1431,1143,0.352
1440,1143,0.424
1449,1143,0.364
1458,1143,0.348
1467,1143,0.422
1476,1143,0.507
1485,1143,0.437
1494,1143,0.471
1503,1143,0.507
1512,1143,0.489
1521,1143,0.651
1530,1143,0.771
1539,1143,0.677
1548,1143,0.528
1557,1143,0.452
1566,1143,0.434
1575,1143,0.471
1584,1143,0.349
1593,1143,0.381
1602,1143,0.363
1611,1143,0.3
1620,1143,0.379
1629,1143,0.473
1638,1143,0.395
1647,1143,0.433
1656,1143,0.475
1665,1143,0.34
1674,1143,0.193
1683,1143,0.178
1692,1143,0.285
1701,1143,0.223
1710,1143,0.17
1719,1143,0.232
1728,1143,0.261
1737,1143,0.488
1746,1143,0.545
1755,1143,0.442
1764,1143,0.497
1773,1143,0.56
1782,1143,0.447
1791,1143,0.279
1800,1143,0.256
1809,1143,0.135
1818,1143,0.116
1827,1143,0.097
1836,1143,0.114
1845,1143,0.092
1854,1143,0.072
1863,1143,0.131
1872,1143,0.159
1881,1143,0.197
1890,1143,0.253
1899,1143,0.195
1908,1143,0.11
1917,1143,-0
9,1152,-0.045
18,1152,-0.13
27,1152,-0.032
36,1152,-0.018
45,1152,-0.02
54,1152,-0.037
63,1152,-0.022
72,1152,-0.022
81,1152,-0.013
90,1152,-0.05
99,1152,-0.048
108,1152,-0.045
117,1152,-0.113
126,1152,-0.077
135,1152,-0.072
144,1152,-0.049
153,1152,-0.033
162,1152,-0.101
171,1152,-0.054
180,1152,-0.087
189,1152,-0.081
198,1152,-0.076
207,1152,-0.071
216,1152,-0.106
225,1152,-0.078
234,1152,-0.115
243,1152,-0.132
252,1152,-0.15
261,1152,-0.203
270,1152,-0.226
279,1152,-0.293
288,1152,-0.32
297,1152,-0.4
306,1152,-0.377
315,1152,-0.356
324,1152,-0.336
333,1152,-0.317
342,1152,-0.343
351,1152,-0.245
360,1152,-0.169
369,1152,-0.113
378,1152,-0.15
387,1152,-0.141
396,1152,-0.112
405,1152,-0.105
414,1152,-0.083
423,1152,-0.093
432,1152,-0.073
441,1152,-0.068
450,1152,-0.077
459,1152,-0.073
468,1152,-0.097
477,1152,-0.108
486,1152,-0.12
495,1152,-0.154
504,1152,-0.145
513,1152,-0.118
522,1152,-0.13
531,1152,-0.105
540,1152,-0.156
549,1152,-0.127
558,1152,-0.103
567,1152,-0.097
576,1152,-0.091
585,1152,-0.118
594,1152,-0.129
603,1152,-0.186
612,1152,-0.201
621,1152,-0.218
630,1152,-0.182
639,1152,-0.172
648,1152,-0.164
657,1152,-0.177
666,1152,-0.168
675,1152,-0.207
684,1152,-0.197
693,1152,-0.24
702,1152,-0.258
711,1152,-0.276
720,1152,-0.329
729,1152,-0.474
738,1152,-0.549
747,1152,-0.528
756,1152,-0.508
765,1152,-0.489
774,1152,-0.516
783,1152,-0.452
792,1152,-0.434
801,1152,-0.459
810,1152,-0.485
819,1152,-0.512
828,1152,-0.493
837,1152,-0.353
846,1152,-0.456
855,1152,-0.438
864,1152,-0.31
873,1152,-0.297
882,1152,-0.284
891,1152,-0.337
900,1152,-0.436
909,1152,-0.38
918,1152,-0.329
927,1152,-0.427
936,1152,-0.41
945,1152,-0.394
954,1152,-0.459
963,1152,-0.485
972,1152,0.425
981,1152,0.493
990,1152,0.521
999,1152,0.457
1008,1152,0.483
1017,1152,0.423
1026,1152,0.407
1035,1152,0.431
1044,1152,0.339
1053,1152,0.325
1062,1152,0.346
1071,1152,0.406
1080,1152,0.567
1089,1152,0.5
1098,1152,0.482
1107,1152,0.464
1116,1152,0.538
1125,1152,0.43
1134,1152,0.271
1143,1152,0.322
1152,1152,0.343
1161,1152,0.365
1170,1152,0.223
1179,1152,0.188
1188,1152,0.178
1197,1152,0.192
1206,1152,0.206
1215,1152,0.25
1224,1152,0.335
1233,1152,0.396
1242,1152,0.38
1251,1152,0.364
1260,1152,0.43
1269,1152,0.553
1278,1152,0.533
1287,1152,0.466
1296,1152,0.545
1305,1152,0.632
1314,1152,0.506
1323,1152,0.44
1332,1152,0.303
1341,1152,0.226
1350,1152,0.163
1359,1152,0.154
1368,1152,0.167
1377,1152,0.135
1386,1152,0.17
1395,1152,0.184
1404,1152,0.294
1413,1152,0.316
1422,1152,0.339
1431,1152,0.285
1440,1152,0.347
1449,1152,0.292
1458,1152,0.277
1467,1152,0.338
1476,1152,0.409
1485,1152,0.347
1494,1152,0.373
1503,1152,0.401
1512,1152,0.383
1521,1152,0.519
1530,1152,0.619
1539,1152,0.534
1548,1152,0.404
1557,1152,0.338
1566,1152,0.32
1575,1152,0.347
1584,1152,0.247
1593,1152,0.269
1602,1152,0.252
1611,1152,0.201
1620,1152,0.259
1629,1152,0.329
1638,1152,0.265
1647,1152,0.291
1656,1152,0.319
1665,1152,0.214
1674,1152,0.109
1683,1152,0.098
1692,1152,0.166
1701,1152,0.122
1710,1152,0.086
1719,1152,0.122
1728,1152,0.171
1737,1152,0.341
1746,1152,0.451
1755,1152,0.355
1764,1152,0.398
1773,1152,0.446
1782,1152,0.344
1791,1152,0.201
1800,1152,0.178
1809,1152,0.084
1818,1152,0.068
1827,1152,0.053
1836,1152,0.061
1845,1152,0.045
1854,1152,0.031
1863,1152,0.059
1872,1152,0.111
1881,1152,0.133
1890,1152,0.162
1899,1152,0.102
1908,1152,0.032
1917,1152,-0
9,1161,-0.042
18,1161,-0.123
27,1161,-0.029
36,1161,-0.016
45,1161,-0.017
54,1161,-0.032
63,1161,-0.018
72,1161,-0.018
81,1161,-0.011
90,1161,-0.042
99,1161,-0.04
108,1161,-0.054
117,1161,-0.128
126,1161,-0.087
135,1161,-0.08
144,1161,-0.054
153,1161,-0.036
162,1161,-0.107
171,1161,-0.057
180,1161,-0.091
189,1161,-0.083
198,1161,-0.077
207,1161,-0.071
216,1161,-0.105
225,1161,-0.077
234,1161,-0.112
243,1161,-0.128
252,1161,-0.145
261,1161,-0.195
270,1161,-0.216
279,1161,-0.279
288,1161,-0.303
297,1161,-0.379
306,1161,-0.355
315,1161,-0.333
324,1161,-0.312
333,1161,-0.293
342,1161,-0.316
351,1161,-0.222
360,1161,-0.151
369,1161,-0.099
378,1161,-0.132
387,1161,-0.123
396,1161,-0.096
405,1161,-0.09
414,1161,-0.069
423,1161,-0.078
432,1161,-0.06
441,1161,-0.056
450,1161,-0.063
459,1161,-0.058
468,1161,-0.079
477,1161,-0.087
486,1161,-0.097
495,1161,-0.125
504,1161,-0.117
513,1161,-0.093
522,1161,-0.103
531,1161,-0.082
540,1161,-0.124
549,1161,-0.116
558,1161,-0.093
567,1161,-0.087
576,1161,-0.081
585,1161,-0.105
594,1161,-0.115
603,1161,-0.166
612,1161,-0.179
621,1161,-0.193
630,1161,-0.16
639,1161,-0.15
648,1161,-0.141
657,1161,-0.153
666,1161,-0.144
675,1161,-0.178
684,1161,-0.168
693,1161,-0.206
702,1161,-0.22
711,1161,-0.236
720,1161,-0.283
729,1161,-0.412
738,1161,-0.479
747,1161,-0.459
756,1161,-0.439
765,1161,-0.419
774,1161,-0.442
783,1161,-0.383
792,1161,-0.366
801,1161,-0.386
810,1161,-0.408
819,1161,-0.43
828,1161,-0.412
837,1161,-0.288
846,1161,-0.376
855,1161,-0.359
864,1161,-0.247
873,1161,-0.235
882,1161,-0.223
891,1161,-0.266
900,1161,-0.35
909,1161,-0.3
918,1161,-0.256
927,1161,-0.337
936,1161,-0.322
945,1161,-0.307
954,1161,-0.399
963,1161,-0.42
972,1161,0.364
981,1161,0.425
990,1161,0.448
999,1161,0.389
1008,1161,0.41
1017,1161,0.355
1026,1161,0.339
1035,1161,0.397
1044,1161,0.308
1053,1161,0.294
1062,1161,0.312
1071,1161,0.366
1080,1161,0.516
1089,1161,0.451
1098,1161,0.432
1107,1161,0.414
1116,1161,0.48
1125,1161,0.378
1134,1161,0.232
1143,1161,0.278
1152,1161,0.295
1161,1161,0.313
1170,1161,0.186
1179,1161,0.153
1188,1161,0.144
1197,1161,0.155
1206,1161,0.166
1215,1161,0.203
1224,1161,0.275
1233,1161,0.328
1242,1161,0.312
1251,1161,0.331
1260,1161,0.391
1269,1161,0.506
1278,1161,0.485
1287,1161,0.42
1296,1161,0.491
1305,1161,0.571
1314,1161,0.45
1323,1161,0.388
1332,1161,0.261
1341,1161,0.191
1350,1161,0.134
1359,1161,0.125
1368,1161,0.135
1377,1161,0.126
1386,1161,0.158
1395,1161,0.17
1404,1161,0.273
1413,1161,0.292
1422,1161,0.312
1431,1161,0.26
1440,1161,0.316
1449,1161,0.263
1458,1161,0.248
1467,1161,0.303
1476,1161,0.367
1485,1161,0.348
1494,1161,0.373
1503,1161,0.399
1512,1161,0.378
1521,1161,0.512
1530,1161,0.608
1539,1161,0.522
1548,1161,0.391
1557,1161,0.324
1566,1161,0.305
1575,1161,0.329
1584,1161,0.231
1593,1161,0.25
1602,1161,0.233
1611,1161,0.183
1620,1161,0.235
1629,1161,0.299
1638,1161,0.237
1647,1161,0.259
1656,1161,0.282
1665,1161,0.185
1674,1161,0.09
1683,1161,0.079
1692,1161,0.137
1701,1161,0.097
1710,1161,0.066
1719,1161,0.095
1728,1161,0.133
1737,1161,0.276
1746,1161,0.368
1755,1161,0.281
1764,1161,0.313
1773,1161,0.349
1782,1161,0.258
1791,1161,0.14
1800,1161,0.119
1809,1161,0.05
1818,1161,0.037
1827,1161,0.027
1836,1161,0.03
1845,1161,0.019
1854,1161,0.011
1863,1161,0.022
1872,1161,0.075
1881,1161,0.085
1890,1161,0.096
1899,1161,0.046
1908,1161,0.005
1917,1161,-0
9,1170,-0.04
18,1170,-0.115
27,1170,-0.026
36,1170,-0.014
45,1170,-0.015
54,1170,-0.028
63,1170,-0.016
72,1170,-0.015
81,1170,-0.009
90,1170,-0.035
99,1170,-0.033
108,1170,-0.044
117,1170,-0.109
126,1170,-0.072
135,1170,-0.066
144,1170,-0.06
153,1170,-0.04
162,1170,-0.114
171,1170,-0.06
180,1170,-0.094
189,1170,-0.086
198,1170,-0.078
207,1170,-0.071
216,1170,-0.105
225,1170,-0.076
234,1170,-0.11
243,1170,-0.124
252,1170,-0.139
261,1170,-0.187
270,1170,-0.206
279,1170,-0.265
288,1170,-0.288
297,1170,-0.359
306,1170,-0.384
315,1170,-0.358
324,1170,-0.334
333,1170,-0.311
342,1170,-0.334
351,1170,-0.234
360,1170,-0.159
369,1170,-0.104
378,1170,-0.136
387,1170,-0.126
396,1170,-0.098
405,1170,-0.091
414,1170,-0.07
423,1170,-0.078
432,1170,-0.059
441,1170,-0.055
450,1170,-0.061
459,1170,-0.056
468,1170,-0.076
477,1170,-0.084
486,1170,-0.092
495,1170,-0.119
504,1170,-0.11
513,1170,-0.087
522,1170,-0.095
531,1170,-0.075
540,1170,-0.114
549,1170,-0.106
558,1170,-0.084
567,1170,-0.077
576,1170,-0.072
585,1170,-0.093
594,1170,-0.101
603,1170,-0.148
612,1170,-0.159
621,1170,-0.171
630,1170,-0.139
639,1170,-0.13
648,1170,-0.122
657,1170,-0.131
666,1170,-0.123
675,1170,-0.152
684,1170,-0.142
693,1170,-0.175
702,1170,-0.187
711,1170,-0.2
720,1170,-0.241
729,1170,-0.356
738,1170,-0.416
747,1170,-0.395
756,1170,-0.376
765,1170,-0.357
774,1170,-0.416
783,1170,-0.357
792,1170,-0.339
801,1170,-0.358
810,1170,-0.377
819,1170,-0.396
828,1170,-0.377
837,1170,-0.29
846,1170,-0.377
855,1170,-0.359
864,1170,-0.245
873,1170,-0.232
882,1170,-0.219
891,1170,-0.261
900,1170,-0.342
909,1170,-0.292
918,1170,-0.247
927,1170,-0.325
936,1170,-0.309
945,1170,-0.293
954,1170,-0.38
963,1170,-0.441
972,1170,0.381
981,1170,0.485
990,1170,0.508
999,1170,0.442
1008,1170,0.464
1017,1170,0.402
1026,1170,0.383
1035,1170,0.444
1044,1170,0.346
1053,1170,0.329
1062,1170,0.347
1071,1170,0.404
1080,1170,0.562
1089,1170,0.491
1098,1170,0.469
1107,1170,0.448
1116,1170,0.516
1125,1170,0.407
1134,1170,0.281
1143,1170,0.332
1152,1170,0.35
1161,1170,0.369
1170,1170,0.224
1179,1170,0.186
1188,1170,0.174
1197,1170,0.185
1206,1170,0.198
1215,1170,0.238
1224,1170,0.317
1233,1170,0.373
1242,1170,0.354
1251,1170,0.374
1260,1170,0.438
1269,1170,0.559
1278,1170,0.534
1287,1170,0.463
1296,1170,0.537
1305,1170,0.62
1314,1170,0.49
1323,1170,0.422
1332,1170,0.286
1341,1170,0.209
1350,1170,0.195
1359,1170,0.182
1368,1170,0.195
1377,1170,0.182
1386,1170,0.222
1395,1170,0.237
1404,1170,0.364
1413,1170,0.386
1422,1170,0.41
1431,1170,0.346
1440,1170,0.412
1449,1170,0.347
1458,1170,0.327
1467,1170,0.392
1476,1170,0.467
1485,1170,0.443
1494,1170,0.47
1503,1170,0.499
1512,1170,0.474
1521,1170,0.626
1530,1170,0.734
1539,1170,0.634
1548,1170,0.483
1557,1170,0.404
1566,1170,0.381
1575,1170,0.407
1584,1170,0.291
1593,1170,0.313
1602,1170,0.291
1611,1170,0.232
1620,1170,0.292
1629,1170,0.364
1638,1170,0.292
1647,1170,0.316
1656,1170,0.342
1665,1170,0.228
1674,1170,0.115
1683,1170,0.102
1692,1170,0.17
1701,1170,0.122
1710,1170,0.084
1719,1170,0.118
1728,1170,0.162
1737,1170,0.323
1746,1170,0.423
1755,1170,0.325
1764,1170,0.359
1773,1170,0.397
1782,1170,0.296
1791,1170,0.163
1800,1170,0.139
1809,1170,0.059
1818,1170,0.045
1827,1170,0.032
1836,1170,0.035
1845,1170,0.023
1854,1170,0.013
1863,1170,0.025
1872,1170,0.083
1881,1170,0.093
1890,1170,0.104
1899,1170,0.05
1908,1170,0.005
1917,1170,-0
9,1179,-0.038
18,1179,-0.108
27,1179,-0.023
36,1179,-0.012
45,1179,-0.013
54,1179,-0.024
63,1179,-0.013
72,1179,-0.013
81,1179,-0.007
90,1179,-0.029
99,1179,-0.027
108,1179,-0.036
117,1179,-0.092
126,1179,-0.06
135,1179,-0.054
144,1179,-0.048
153,1179,-0.043
162,1179,-0.12
171,1179,-0.064
180,1179,-0.097
189,1179,-0.088
198,1179,-0.079
207,1179,-0.071
216,1179,-0.104
225,1179,-0.075
234,1179,-0.107
243,1179,-0.12
252,1179,-0.134
261,1179,-0.179
270,1179,-0.196
279,1179,-0.252
288,1179,-0.272
297,1179,-0.339
306,1179,-0.362
315,1179,-0.335
324,1179,-0.31
333,1179,-0.287
342,1179,-0.307
351,1179,-0.212
360,1179,-0.141
369,1179,-0.09
378,1179,-0.119
387,1179,-0.109
396,1179,-0.084
405,1179,-0.077
414,1179,-0.058
423,1179,-0.064
432,1179,-0.048
441,1179,-0.044
450,1179,-0.06
459,1179,-0.054
468,1179,-0.073
477,1179,-0.08
486,1179,-0.087
495,1179,-0.112
504,1179,-0.104
513,1179,-0.081
522,1179,-0.088
531,1179,-0.068
540,1179,-0.104
549,1179,-0.096
558,1179,-0.075
567,1179,-0.069
576,1179,-0.063
585,1179,-0.082
594,1179,-0.089
603,1179,-0.131
612,1179,-0.14
621,1179,-0.15
630,1179,-0.121
639,1179,-0.112
648,1179,-0.104
657,1179,-0.112
666,1179,-0.103
675,1179,-0.129
684,1179,-0.12
693,1179,-0.148
702,1179,-0.158
711,1179,-0.168
720,1179,-0.203
729,1179,-0.306
738,1179,-0.358
747,1179,-0.338
756,1179,-0.319
765,1179,-0.301
774,1179,-0.352
783,1179,-0.299
792,1179,-0.281
801,1179,-0.296
810,1179,-0.312
819,1179,-0.328
828,1179,-0.309
837,1179,-0.233
846,1179,-0.307
855,1179,-0.29
864,1179,-0.192
873,1179,-0.18
882,1179,-0.168
891,1179,-0.202
900,1179,-0.269
909,1179,-0.225
918,1179,-0.187
927,1179,-0.251
936,1179,-0.236
945,1179,-0.222
954,1179,-0.294
963,1179,-0.343
972,1179,0.291
981,1179,0.417
990,1179,0.436
999,1179,0.375
1008,1179,0.393
1017,1179,0.336
1026,1179,0.317
1035,1179,0.37
1044,1179,0.282
1053,1179,0.297
1062,1179,0.313
1071,1179,0.365
1080,1179,0.51
1089,1179,0.442
1098,1179,0.42
1107,1179,0.398
1116,1179,0.46
1125,1179,0.357
1134,1179,0.242
1143,1179,0.286
1152,1179,0.301
1161,1179,0.317
1170,1179,0.186
1179,1179,0.151
1188,1179,0.14
1197,1179,0.149
1206,1179,0.159
1215,1179,0.192
1224,1179,0.26
1233,1179,0.307
1242,1179,0.289
1251,1179,0.305
1260,1179,0.359
1269,1179,0.463
1278,1179,0.44
1287,1179,0.375
1296,1179,0.438
1305,1179,0.508
1314,1179,0.392
1323,1179,0.332
1332,1179,0.245
1341,1179,0.175
1350,1179,0.162
1359,1179,0.15
1368,1179,0.16
1377,1179,0.147
1386,1179,0.181
1395,1179,0.193
1404,1179,0.302
1413,1179,0.32
1422,1179,0.338
1431,1179,0.28
1440,1179,0.336
1449,1179,0.277
1458,1179,0.258
1467,1179,0.312
1476,1179,0.374
1485,1179,0.351
1494,1179,0.372
1503,1179,0.394
1512,1179,0.37
1521,1179,0.497
1530,1179,0.587
1539,1179,0.497
1548,1179,0.366
1557,1179,0.298
1566,1179,0.276
1575,1179,0.295
1584,1179,0.201
1593,1179,0.215
1602,1179,0.197
1611,1179,0.15
1620,1179,0.192
1629,1179,0.244
1638,1179,0.223
1647,1179,0.24
1656,1179,0.258
1665,1179,0.164
1674,1179,0.076
1683,1179,0.065
1692,1179,0.113
1701,1179,0.077
1710,1179,0.049
1719,1179,0.07
1728,1179,0.126
1737,1179,0.26
1746,1179,0.343
1755,1179,0.311
1764,1179,0.341
1773,1179,0.374
1782,1179,0.274
1791,1179,0.146
1800,1179,0.122
1809,1179,0.049
1818,1179,0.054
1827,1179,0.039
1836,1179,0.042
1845,1179,0.027
1854,1179,0.016
1863,1179,0.029
1872,1179,0.092
1881,1179,0.102
1890,1179,0.112
1899,1179,0.054
1908,1179,0.005
1917,1179,-0
9,1188,-0.035
18,1188,-0.2
27,1188,-0.046
36,1188,-0.022
45,1188,-0.022
54,1188,-0.061
63,1188,-0.033
72,1188,-0.03
81,1188,-0.016
90,1188,-0.056
99,1188,-0.071
108,1188,-0.088
117,1188,-0.183
126,1188,-0.123
135,1188,-0.109
144,1188,-0.096
153,1188,-0.085
162,1188,-0.202
171,1188,-0.113
180,1188,-0.161
189,1188,-0.144
198,1188,-0.129
207,1188,-0.116
216,1188,-0.16
225,1188,-0.116
234,1188,-0.158
243,1188,-0.174
252,1188,-0.19
261,1188,-0.245
270,1188,-0.263
279,1188,-0.328
288,1188,-0.349
297,1188,-0.424
306,1188,-0.447
315,1188,-0.412
324,1188,-0.381
333,1188,-0.351
342,1188,-0.371
351,1188,-0.259
360,1188,-0.175
369,1188,-0.135
378,1188,-0.172
387,1188,-0.158
396,1188,-0.122
405,1188,-0.112
414,1188,-0.085
423,1188,-0.093
432,1188,-0.07
441,1188,-0.064
450,1188,-0.084
459,1188,-0.077
468,1188,-0.099
477,1188,-0.108
486,1188,-0.116
495,1188,-0.146
504,1188,-0.134
513,1188,-0.105
522,1188,-0.113
531,1188,-0.088
540,1188,-0.131
549,1188,-0.12
558,1188,-0.094
567,1188,-0.086
576,1188,-0.079
585,1188,-0.1
594,1188,-0.107
603,1188,-0.154
612,1188,-0.164
621,1188,-0.174
630,1188,-0.14
639,1188,-0.13
648,1188,-0.119
657,1188,-0.128
666,1188,-0.118
675,1188,-0.145
684,1188,-0.134
693,1188,-0.163
702,1188,-0.173
711,1188,-0.208
720,1188,-0.247
729,1188,-0.363
738,1188,-0.419
747,1188,-0.395
756,1188,-0.372
765,1188,-0.35
774,1188,-0.406
783,1188,-0.345
792,1188,-0.324
801,1188,-0.339
810,1188,-0.354
819,1188,-0.37
828,1188,-0.348
837,1188,-0.263
846,1188,-0.343
855,1188,-0.322
864,1188,-0.215
873,1188,-0.201
882,1188,-0.187
891,1188,-0.222
900,1188,-0.293
909,1188,-0.245
918,1188,-0.23
927,1188,-0.302
936,1188,-0.283
945,1188,-0.266
954,1188,-0.345
963,1188,-0.399
972,1188,0.34
981,1188,0.476
990,1188,0.495
999,1188,0.47
1008,1188,0.489
1017,1188,0.421
1026,1188,0.397
1035,1188,0.456
1044,1188,0.354
1053,1188,0.369
1062,1188,0.386
1071,1188,0.444
1080,1188,0.607
1089,1188,0.528
1098,1188,0.501
1107,1188,0.475
1116,1188,0.593
1125,1188,0.469
1134,1188,0.327
1143,1188,0.379
1152,1188,0.396
1161,1188,0.414
1170,1188,0.252
1179,1188,0.208
1188,1188,0.193
1197,1188,0.204
1206,1188,0.215
1215,1188,0.255
1224,1188,0.335
1233,1188,0.391
1242,1188,0.368
1251,1188,0.385
1260,1188,0.446
1269,1188,0.565
1278,1188,0.536
1287,1188,0.46
1296,1188,0.53
1305,1188,0.607
1314,1188,0.475
1323,1188,0.404
1332,1188,0.303
1341,1188,0.22
1350,1188,0.204
1359,1188,0.188
1368,1188,0.199
1377,1188,0.183
1386,1188,0.222
1395,1188,0.234
1404,1188,0.357
1413,1188,0.375
1422,1188,0.394
1431,1188,0.328
1440,1188,0.389
1449,1188,0.322
1458,1188,0.3
1467,1188,0.358
1476,1188,0.424
1485,1188,0.397
1494,1188,0.419
1503,1188,0.441
1512,1188,0.465
1521,1188,0.61
1530,1188,0.71
1539,1188,0.606
1548,1188,0.454
1557,1188,0.374
1566,1188,0.347
1575,1188,0.368
1584,1188,0.256
1593,1188,0.272
1602,1188,0.249
1611,1188,0.192
1620,1188,0.242
1629,1188,0.301
1638,1188,0.275
1647,1188,0.294
1656,1188,0.314
1665,1188,0.204
1674,1188,0.098
1683,1188,0.084
1692,1188,0.141
1701,1188,0.097
1710,1188,0.064
1719,1188,0.089
1728,1188,0.154
1737,1188,0.306
1746,1188,0.396
1755,1188,0.359
1764,1188,0.39
1773,1188,0.425
1782,1188,0.314
1791,1188,0.171
1800,1188,0.143
1809,1188,0.059
1818,1188,0.064
1827,1188,0.046
1836,1188,0.049
1845,1188,0.032
1854,1188,0.019
1863,1188,0.033
1872,1188,0.102
1881,1188,0.111
1890,1188,0.121
1899,1188,0.058
1908,1188,0.006
1917,1188,-0
9,1197,-0.106
18,1197,-0.34
27,1197,-0.082
36,1197,-0.039
45,1197,-0.035
54,1197,-0.086
63,1197,-0.046
72,1197,-0.04
81,1197,-0.022
90,1197,-0.069
99,1197,-0.118
108,1197,-0.138
117,1197,-0.262
126,1197,-0.179
135,1197,-0.156
144,1197,-0.136
153,1197,-0.119
162,1197,-0.262
171,1197,-0.15
180,1197,-0.206
189,1197,-0.183
198,1197,-0.163
207,1197,-0.178
216,1197,-0.234
225,1197,-0.173
234,1197,-0.227
243,1197,-0.243
252,1197,-0.26
261,1197,-0.325
270,1197,-0.344
279,1197,-0.419
288,1197,-0.439
297,1197,-0.523
306,1197,-0.545
315,1197,-0.502
324,1197,-0.523
333,1197,-0.482
342,1197,-0.503
351,1197,-0.36
360,1197,-0.249
369,1197,-0.196
378,1197,-0.242
387,1197,-0.221
396,1197,-0.174
405,1197,-0.158
414,1197,-0.144
423,1197,-0.154
432,1197,-0.119
441,1197,-0.108
450,1197,-0.137
459,1197,-0.125
468,1197,-0.156
477,1197,-0.166
486,1197,-0.176
495,1197,-0.214
504,1197,-0.197
513,1197,-0.157
522,1197,-0.166
531,1197,-0.131
540,1197,-0.186
549,1197,-0.171
558,1197,-0.136
567,1197,-0.124
576,1197,-0.114
585,1197,-0.141
594,1197,-0.149
603,1197,-0.207
612,1197,-0.218
621,1197,-0.229
630,1197,-0.186
639,1197,-0.171
648,1197,-0.158
657,1197,-0.167
666,1197,-0.153
675,1197,-0.185
684,1197,-0.171
693,1197,-0.205
702,1197,-0.215
711,1197,-0.254
720,1197,-0.298
729,1197,-0.427
738,1197,-0.488
747,1197,-0.459
756,1197,-0.432
765,1197,-0.405
774,1197,-0.464
783,1197,-0.395
792,1197,-0.371
801,1197,-0.386
810,1197,-0.401
819,1197,-0.416
828,1197,-0.391
837,1197,-0.296
846,1197,-0.381
855,1197,-0.358
864,1197,-0.24
873,1197,-0.223
882,1197,-0.207
891,1197,-0.244
900,1197,-0.319
909,1197,-0.267
918,1197,-0.249
927,1197,-0.323
936,1197,-0.303
945,1197,-0.283
954,1197,-0.364
963,1197,-0.418
972,1197,0.355
981,1197,0.495
990,1197,0.512
999,1197,0.484
1008,1197,0.501
1017,1197,0.43
1026,1197,0.405
1035,1197,0.463
1044,1197,0.357
1053,1197,0.372
1062,1197,0.427
1071,1197,0.487
1080,1197,0.658
1089,1197,0.625
1098,1197,0.593
1107,1197,0.562
1116,1197,0.691
1125,1197,0.551
1134,1197,0.389
1143,1197,0.447
1152,1197,0.464
1161,1197,0.482
1170,1197,0.299
1179,1197,0.248
1188,1197,0.231
1197,1197,0.241
1206,1197,0.252
1215,1197,0.296
1224,1197,0.384
1233,1197,0.442
1242,1197,0.416
1251,1197,0.433
1260,1197,0.497
1269,1197,0.622
1278,1197,0.589
1287,1197,0.506
1296,1197,0.579
1305,1197,0.658
1314,1197,0.516
1323,1197,0.439
1332,1197,0.33
1341,1197,0.241
1350,1197,0.222
1359,1197,0.204
1368,1197,0.215
1377,1197,0.197
1386,1197,0.236
1395,1197,0.248
1404,1197,0.374
1413,1197,0.392
1422,1197,0.409
1431,1197,0.34
1440,1197,0.4
1449,1197,0.33
1458,1197,0.306
1467,1197,0.363
1476,1197,0.428
1485,1197,0.448
1494,1197,0.47
1503,1197,0.492
1512,1197,0.515
1521,1197,0.668
1530,1197,0.772
1539,1197,0.659
1548,1197,0.496
1557,1197,0.409
1566,1197,0.379
1575,1197,0.399
1584,1197,0.278
1593,1197,0.294
1602,1197,0.268
1611,1197,0.207
1620,1197,0.257
1629,1197,0.318
1638,1197,0.289
1647,1197,0.307
1656,1197,0.326
1665,1197,0.21
1674,1197,0.101
1683,1197,0.086
1692,1197,0.142
1701,1197,0.097
1710,1197,0.063
1719,1197,0.087
1728,1197,0.15
1737,1197,0.297
1746,1197,0.383
1755,1197,0.343
1764,1197,0.37
1773,1197,0.4
1782,1197,0.29
1791,1197,0.153
1800,1197,0.125
1809,1197,0.071
1818,1197,0.075
1827,1197,0.054
1836,1197,0.057
1845,1197,0.038
1854,1197,0.022
1863,1197,0.038
1872,1197,0.113
1881,1197,0.121
1890,1197,0.13
1899,1197,0.062
1908,1197,0.006
1917,1197,-0
9,1206,-0.101
18,1206,-0.324
27,1206,-0.075
36,1206,-0.064
45,1206,-0.054
54,1206,-0.118
63,1206,-0.098
72,1206,-0.082
81,1206,-0.046
90,1206,-0.12
99,1206,-0.187
108,1206,-0.208
117,1206,-0.364
126,1206,-0.251
135,1206,-0.217
144,1206,-0.188
153,1206,-0.164
162,1206,-0.335
171,1206,-0.242
180,1206,-0.314
189,1206,-0.278
198,1206,-0.246
207,1206,-0.263
216,1206,-0.332
225,1206,-0.249
234,1206,-0.314
243,1206,-0.331
252,1206,-0.349
261,1206,-0.424
270,1206,-0.442
279,1206,-0.526
288,1206,-0.545
297,1206,-0.637
306,1206,-0.658
315,1206,-0.604
324,1206,-0.624
333,1206,-0.574
342,1206,-0.593
351,1206,-0.429
360,1206,-0.301
369,1206,-0.237
378,1206,-0.288
387,1206,-0.262
396,1206,-0.207
405,1206,-0.188
414,1206,-0.17
423,1206,-0.209
432,1206,-0.163
441,1206,-0.148
450,1206,-0.183
459,1206,-0.166
468,1206,-0.203
477,1206,-0.213
486,1206,-0.224
495,1206,-0.268
504,1206,-0.246
513,1206,-0.197
522,1206,-0.207
531,1206,-0.164
540,1206,-0.227
549,1206,-0.208
558,1206,-0.166
567,1206,-0.151
576,1206,-0.138
585,1206,-0.168
594,1206,-0.202
603,1206,-0.271
612,1206,-0.283
621,1206,-0.294
630,1206,-0.241
639,1206,-0.252
648,1206,-0.232
657,1206,-0.242
666,1206,-0.223
675,1206,-0.263
684,1206,-0.274
693,1206,-0.319
702,1206,-0.331
711,1206,-0.382
720,1206,-0.438
729,1206,-0.599
738,1206,-0.673
747,1206,-0.634
756,1206,-0.598
765,1206,-0.562
774,1206,-0.633
783,1206,-0.545
792,1206,-0.512
801,1206,-0.528
810,1206,-0.544
819,1206,-0.561
828,1206,-0.528
837,1206,-0.409
846,1206,-0.512
855,1206,-0.481
864,1206,-0.333
873,1206,-0.311
882,1206,-0.289
891,1206,-0.334
900,1206,-0.423
909,1206,-0.358
918,1206,-0.334
927,1206,-0.424
936,1206,-0.397
945,1206,-0.371
954,1206,-0.467
963,1206,-0.529
972,1206,0.453
981,1206,0.613
990,1206,0.631
999,1206,0.597
1008,1206,0.615
1017,1206,0.531
1026,1206,0.5
1035,1206,0.564
1044,1206,0.441
1053,1206,0.456
1062,1206,0.517
1071,1206,0.584
1080,1206,0.773
1089,1206,0.733
1098,1206,0.695
1107,1206,0.658
1116,1206,0.799
1125,1206,0.642
1134,1206,0.506
1143,1206,0.573
1152,1206,0.591
1161,1206,0.609
1170,1206,0.391
1179,1206,0.329
1188,1206,0.305
1197,1206,0.317
1206,1206,0.329
1215,1206,0.38
1224,1206,0.482
1233,1206,0.548
1242,1206,0.516
1251,1206,0.534
1260,1206,0.605
1269,1206,0.745
1278,1206,0.706
1287,1206,0.61
1296,1206,0.69
1305,1206,0.777
1314,1206,0.615
1323,1206,0.527
1332,1206,0.401
1341,1206,0.297
1350,1206,0.274
1359,1206,0.252
1368,1206,0.263
1377,1206,0.241
1386,1206,0.286
1395,1206,0.298
1404,1206,0.439
1413,1206,0.456
1422,1206,0.474
1431,1206,0.395
1440,1206,0.46
1449,1206,0.382
1458,1206,0.353
1467,1206,0.414
1476,1206,0.484
1485,1206,0.504
1494,1206,0.525
1503,1206,0.547
1512,1206,0.569
1521,1206,0.73
1530,1206,0.837
1539,1206,0.715
1548,1206,0.54
1557,1206,0.446
1566,1206,0.412
1575,1206,0.431
1584,1206,0.302
1593,1206,0.317
1602,1206,0.288
1611,1206,0.222
1620,1206,0.274
1629,1206,0.335
1638,1206,0.303
1647,1206,0.32
1656,1206,0.337
1665,1206,0.217
1674,1206,0.104
1683,1206,0.087
1692,1206,0.144
1701,1206,0.098
1710,1206,0.081
1719,1206,0.109
1728,1206,0.182
1737,1206,0.347
1746,1206,0.44
1755,1206,0.395
1764,1206,0.423
1773,1206,0.454
1782,1206,0.332
1791,1206,0.179
1800,1206,0.146
1809,1206,0.084
1818,1206,0.088
1827,1206,0.064
1836,1206,0.067
1845,1206,0.044
1854,1206,0.026
1863,1206,0.044
1872,1206,0.125
1881,1206,0.132
1890,1206,0.14
1899,1206,0.067
1908,1206,0.007
1917,1206,-0
9,1215,-0.097
18,1215,-0.309
27,1215,-0.069
36,1215,-0.058
45,1215,-0.048
54,1215,-0.106
63,1215,-0.086
72,1215,-0.071
81,1215,-0.039
90,1215,-0.104
99,1215,-0.163
108,1215,-0.182
117,1215,-0.323
126,1215,-0.218
135,1215,-0.186
144,1215,-0.16
153,1215,-0.137
162,1215,-0.289
171,1215,-0.204
180,1215,-0.267
189,1215,-0.234
198,1215,-0.205
207,1215,-0.219
216,1215,-0.279
225,1215,-0.205
234,1215,-0.261
243,1215,-0.275
252,1215,-0.289
261,1215,-0.354
270,1215,-0.369
279,1215,-0.442
288,1215,-0.458
297,1215,-0.539
306,1215,-0.555
315,1215,-0.506
324,1215,-0.522
333,1215,-0.476
342,1215,-0.491
351,1215,-0.346
360,1215,-0.235
369,1215,-0.212
378,1215,-0.258
387,1215,-0.233
396,1215,-0.181
405,1215,-0.163
414,1215,-0.146
423,1215,-0.18
432,1215,-0.139
441,1215,-0.146
450,1215,-0.179
459,1215,-0.162
468,1215,-0.197
477,1215,-0.206
486,1215,-0.215
495,1215,-0.256
504,1215,-0.234
513,1215,-0.186
522,1215,-0.194
531,1215,-0.152
540,1215,-0.211
549,1215,-0.192
558,1215,-0.152
567,1215,-0.137
576,1215,-0.124
585,1215,-0.151
594,1215,-0.181
603,1215,-0.245
612,1215,-0.254
621,1215,-0.264
630,1215,-0.214
639,1215,-0.222
648,1215,-0.203
657,1215,-0.211
666,1215,-0.193
675,1215,-0.228
684,1215,-0.237
693,1215,-0.277
702,1215,-0.286
711,1215,-0.331
720,1215,-0.38
729,1215,-0.527
738,1215,-0.593
747,1215,-0.555
756,1215,-0.52
765,1215,-0.486
774,1215,-0.548
783,1215,-0.466
792,1215,-0.435
801,1215,-0.448
810,1215,-0.506
819,1215,-0.52
828,1215,-0.487
837,1215,-0.372
846,1215,-0.468
855,1215,-0.437
864,1215,-0.297
873,1215,-0.275
882,1215,-0.254
891,1215,-0.294
900,1215,-0.375
909,1215,-0.313
918,1215,-0.29
927,1215,-0.37
936,1215,-0.344
945,1215,-0.32
954,1215,-0.405
963,1215,-0.46
972,1215,0.389
981,1215,0.533
990,1215,0.598
999,1215,0.562
1008,1215,0.577
1017,1215,0.495
1026,1215,0.463
1035,1215,0.523
1044,1215,0.404
1053,1215,0.416
1062,1215,0.472
1071,1215,0.533
1080,1215,0.71
1089,1215,0.67
1098,1215,0.632
1107,1215,0.594
1116,1215,0.724
1125,1215,0.574
1134,1215,0.446
1143,1215,0.506
1152,1215,0.52
1161,1215,0.535
1170,1215,0.335
1179,1215,0.277
1188,1215,0.255
1197,1215,0.264
1206,1215,0.273
1215,1215,0.316
1224,1215,0.405
1233,1215,0.462
1242,1215,0.477
1251,1215,0.491
1260,1215,0.557
1269,1215,0.688
1278,1215,0.648
1287,1215,0.554
1296,1215,0.627
1305,1215,0.706
1314,1215,0.552
1323,1215,0.467
1332,1215,0.35
1341,1215,0.253
1350,1215,0.231
1359,1215,0.211
1368,1215,0.249
1377,1215,0.227
1386,1215,0.268
1395,1215,0.278
1404,1215,0.411
1413,1215,0.426
1422,1215,0.441
1431,1215,0.364
1440,1215,0.423
1449,1215,0.347
1458,1215,0.318
1467,1215,0.374
1476,1215,0.436
1485,1215,0.452
1494,1215,0.525
1503,1215,0.544
1512,1215,0.564
1521,1215,0.721
1530,1215,0.824
1539,1215,0.701
1548,1215,0.525
1557,1215,0.43
1566,1215,0.394
1575,1215,0.411
1584,1215,0.283
1593,1215,0.296
1602,1215,0.266
1611,1215,0.202
1620,1215,0.249
1629,1215,0.304
1638,1215,0.318
1647,1215,0.333
1656,1215,0.349
1665,1215,0.224
1674,1215,0.107
1683,1215,0.089
1692,1215,0.145
1701,1215,0.097
1710,1215,0.08
1719,1215,0.107
1728,1215,0.177
1737,1215,0.337
1746,1215,0.426
1755,1215,0.379
1764,1215,0.402
1773,1215,0.428
1782,1215,0.308
1791,1215,0.16
1800,1215,0.128
1809,1215,0.07
1818,1215,0.073
1827,1215,0.05
1836,1215,0.051
1845,1215,0.031
1854,1215,0.017
1863,1215,0.028
1872,1215,0.084
1881,1215,0.083
1890,1215,0.08
1899,1215,0.026
1908,1215,-0
1917,1215,-0
9,1224,-0.092
18,1224,-0.294
27,1224,-0.063
36,1224,-0.092
45,1224,-0.073
54,1224,-0.144
63,1224,-0.115
72,1224,-0.093
81,1224,-0.05
90,1224,-0.126
99,1224,-0.19
108,1224,-0.207
117,1224,-0.356
126,1224,-0.24
135,1224,-0.203
144,1224,-0.172
153,1224,-0.147
162,1224,-0.303
171,1224,-0.213
180,1224,-0.275
189,1224,-0.239
198,1224,-0.208
207,1224,-0.22
216,1224,-0.278
225,1224,-0.203
234,1224,-0.256
243,1224,-0.268
252,1224,-0.28
261,1224,-0.342
270,1224,-0.355
279,1224,-0.424
288,1224,-0.437
297,1224,-0.513
306,1224,-0.527
315,1224,-0.477
324,1224,-0.49
333,1224,-0.444
342,1224,-0.456
351,1224,-0.317
360,1224,-0.212
369,1224,-0.189
378,1224,-0.23
387,1224,-0.206
396,1224,-0.157
405,1224,-0.14
414,1224,-0.147
423,1224,-0.18
432,1224,-0.138
441,1224,-0.144
450,1224,-0.176
459,1224,-0.158
468,1224,-0.191
477,1224,-0.199
486,1224,-0.207
495,1224,-0.246
504,1224,-0.223
513,1224,-0.175
522,1224,-0.182
531,1224,-0.141
540,1224,-0.196
549,1224,-0.177
558,1224,-0.138
567,1224,-0.124
576,1224,-0.111
585,1224,-0.135
594,1224,-0.162
603,1224,-0.22
612,1224,-0.228
621,1224,-0.236
630,1224,-0.188
639,1224,-0.195
648,1224,-0.177
657,1224,-0.183
666,1224,-0.166
675,1224,-0.196
684,1224,-0.203
693,1224,-0.238
702,1224,-0.246
711,1224,-0.285
720,1224,-0.328
729,1224,-0.46
738,1224,-0.519
747,1224,-0.482
756,1224,-0.448
765,1224,-0.416
774,1224,-0.517
783,1224,-0.437
792,1224,-0.405
801,1224,-0.415
810,1224,-0.47
819,1224,-0.481
828,1224,-0.447
837,1224,-0.338
846,1224,-0.426
855,1224,-0.395
864,1224,-0.264
873,1224,-0.242
882,1224,-0.222
891,1224,-0.257
900,1224,-0.33
909,1224,-0.272
918,1224,-0.25
927,1224,-0.357
936,1224,-0.33
945,1224,-0.305
954,1224,-0.386
963,1224,-0.438
972,1224,0.368
981,1224,0.505
990,1224,0.618
999,1224,0.579
1008,1224,0.592
1017,1224,0.506
1026,1224,0.472
1035,1224,0.531
1044,1224,0.408
1053,1224,0.419
1062,1224,0.473
1071,1224,0.532
1080,1224,0.707
1089,1224,0.665
1098,1224,0.624
1107,1224,0.585
1116,1224,0.711
1125,1224,0.613
1134,1224,0.477
1143,1224,0.537
1152,1224,0.55
1161,1224,0.564
1170,1224,0.353
1179,1224,0.292
1188,1224,0.268
1197,1224,0.276
1206,1224,0.284
1215,1224,0.327
1224,1224,0.416
1233,1224,0.473
1242,1224,0.485
1251,1224,0.498
1260,1224,0.562
1269,1224,0.691
1278,1224,0.649
1287,1224,0.553
1296,1224,0.623
1305,1224,0.763
1314,1224,0.598
1323,1224,0.506
1332,1224,0.38
1341,1224,0.276
1350,1224,0.252
1359,1224,0.228
1368,1224,0.268
1377,1224,0.243
1386,1224,0.285
1395,1224,0.294
1404,1224,0.431
1413,1224,0.444
1422,1224,0.509
1431,1224,0.422
1440,1224,0.486
1449,1224,0.4
1458,1224,0.367
1467,1224,0.426
1476,1224,0.492
1485,1224,0.508
1494,1224,0.584
1503,1224,0.603
1512,1224,0.622
1521,1224,0.786
1530,1224,0.893
1539,1224,0.76
1548,1224,0.571
1557,1224,0.468
1566,1224,0.428
1575,1224,0.444
1584,1224,0.308
1593,1224,0.319
1602,1224,0.286
1611,1224,0.217
1620,1224,0.265
1629,1224,0.321
1638,1224,0.334
1647,1224,0.347
1656,1224,0.361
1665,1224,0.231
1674,1224,0.11
1683,1224,0.091
1692,1224,0.147
1701,1224,0.123
1710,1224,0.101
1719,1224,0.133
1728,1224,0.213
1737,1224,0.392
1746,1224,0.487
1755,1224,0.434
1764,1224,0.458
1773,1224,0.485
1782,1224,0.351
1791,1224,0.187
1800,1224,0.15
1809,1224,0.083
1818,1224,0.086
1827,1224,0.06
1836,1224,0.06
1845,1224,0.037
1854,1224,0.02
1863,1224,0.033
1872,1224,0.093
1881,1224,0.092
1890,1224,0.087
1899,1224,0.029
1908,1224,-0
1917,1224,-0
9,1233,-0.088
18,1233,-0.28
27,1233,-0.11
36,1233,-0.141
45,1233,-0.107
54,1233,-0.192
63,1233,-0.15
72,1233,-0.119
81,1233,-0.065
90,1233,-0.151
99,1233,-0.219
108,1233,-0.235
117,1233,-0.392
126,1233,-0.264
135,1233,-0.221
144,1233,-0.186
153,1233,-0.157
162,1233,-0.317
171,1233,-0.221
180,1233,-0.284
189,1233,-0.244
198,1233,-0.21
207,1233,-0.221
216,1233,-0.277
225,1233,-0.2
234,1233,-0.252
243,1233,-0.262
252,1233,-0.272
261,1233,-0.33
270,1233,-0.341
279,1233,-0.406
288,1233,-0.417
297,1233,-0.488
306,1233,-0.499
315,1233,-0.448
324,1233,-0.459
333,1233,-0.413
342,1233,-0.423
351,1233,-0.289
360,1233,-0.19
369,1233,-0.168
378,1233,-0.204
387,1233,-0.181
396,1233,-0.136
405,1233,-0.12
414,1233,-0.125
423,1233,-0.154
432,1233,-0.116
441,1233,-0.121
450,1233,-0.148
459,1233,-0.131
468,1233,-0.16
477,1233,-0.165
486,1233,-0.171
495,1233,-0.205
504,1233,-0.184
513,1233,-0.141
522,1233,-0.147
531,1233,-0.112
540,1233,-0.157
549,1233,-0.141
558,1233,-0.107
567,1233,-0.095
576,1233,-0.084
585,1233,-0.103
594,1233,-0.124
603,1233,-0.172
612,1233,-0.178
621,1233,-0.183
630,1233,-0.143
639,1233,-0.148
648,1233,-0.132
657,1233,-0.137
666,1233,-0.142
675,1233,-0.168
684,1233,-0.198
693,1233,-0.231
702,1233,-0.237
711,1233,-0.274
720,1233,-0.315
729,1233,-0.442
738,1233,-0.497
747,1233,-0.506
756,1233,-0.469
765,1233,-0.434
774,1233,-0.536
783,1233,-0.451
792,1233,-0.461
801,1233,-0.47
810,1233,-0.527
819,1233,-0.537
828,1233,-0.498
837,1233,-0.378
846,1233,-0.471
855,1233,-0.436
864,1233,-0.294
873,1233,-0.269
882,1233,-0.245
891,1233,-0.282
900,1233,-0.358
909,1233,-0.296
918,1233,-0.271
927,1233,-0.382
936,1233,-0.391
945,1233,-0.36
954,1233,-0.45
963,1233,-0.504
972,1233,0.425
981,1233,0.574
990,1233,0.694
999,1233,0.65
1008,1233,0.662
1017,1233,0.567
1026,1233,0.528
1035,1233,0.589
1044,1233,0.455
1053,1233,0.465
1062,1233,0.521
1071,1233,0.582
1080,1233,0.765
1089,1233,0.718
1098,1233,0.731
1107,1233,0.685
1116,1233,0.822
1125,1233,0.712
1134,1233,0.559
1143,1233,0.623
1152,1233,0.636
1161,1233,0.649
1170,1233,0.414
1179,1233,0.343
1188,1233,0.351
1197,1233,0.359
1206,1233,0.368
1215,1233,0.418
1224,1233,0.521
1233,1233,0.584
1242,1233,0.597
1251,1233,0.61
1260,1233,0.681
1269,1233,0.824
1278,1233,0.774
1287,1233,0.664
1296,1233,0.741
1305,1233,0.894
1314,1233,0.709
1323,1233,0.662
1332,1233,0.508
1341,1233,0.379
1350,1233,0.347
1359,1233,0.317
1368,1233,0.365
1377,1233,0.333
1386,1233,0.384
1395,1233,0.394
1404,1233,0.556
1413,1233,0.57
1422,1233,0.645
1431,1233,0.541
1440,1233,0.614
1449,1233,0.512
1458,1233,0.471
1467,1233,0.54
1476,1233,0.615
1485,1233,0.632
1494,1233,0.717
1503,1233,0.736
1512,1233,0.757
1521,1233,0.939
1530,1233,1.056
1539,1233,0.905
1548,1233,0.691
1557,1233,0.572
1566,1233,0.525
1575,1233,0.541
1584,1233,0.382
1593,1233,0.394
1602,1233,0.355
1611,1233,0.273
1620,1233,0.327
1629,1233,0.391
1638,1233,0.404
1647,1233,0.418
1656,1233,0.433
1665,1233,0.283
1674,1233,0.139
1683,1233,0.116
1692,1233,0.182
1701,1233,0.153
1710,1233,0.126
1719,1233,0.163
1728,1233,0.254
1737,1233,0.452
1746,1233,0.555
1755,1233,0.495
1764,1233,0.519
1773,1233,0.546
1782,1233,0.399
1791,1233,0.216
1800,1233,0.174
1809,1233,0.098
1818,1233,0.1
1827,1233,0.07
1836,1233,0.07
1845,1233,0.043
1854,1233,0.023
1863,1233,0.037
1872,1233,0.104
1881,1233,0.101
1890,1233,0.094
1899,1233,0.031
1908,1233,-0
1917,1233,-0
9,1242,-0.083
18,1242,-0.266
27,1242,-0.179
36,1242,-0.208
45,1242,-0.153
54,1242,-0.251
63,1242,-0.192
72,1242,-0.15
81,1242,-0.082
90,1242,-0.179
99,1242,-0.253
108,1242,-0.266
117,1242,-0.431
126,1242,-0.289
135,1242,-0.241
144,1242,-0.201
153,1242,-0.167
162,1242,-0.332
171,1242,-0.231
180,1242,-0.292
189,1242,-0.249
198,1242,-0.213
207,1242,-0.222
216,1242,-0.277
225,1242,-0.198
234,1242,-0.247
243,1242,-0.255
252,1242,-0.263
261,1242,-0.319
270,1242,-0.327
279,1242,-0.389
288,1242,-0.397
297,1242,-0.464
306,1242,-0.537
315,1242,-0.48
324,1242,-0.488
333,1242,-0.437
342,1242,-0.445
351,1242,-0.304
360,1242,-0.199
369,1242,-0.175
378,1242,-0.211
387,1242,-0.186
396,1242,-0.139
405,1242,-0.122
414,1242,-0.126
423,1242,-0.154
432,1242,-0.115
441,1242,-0.119
450,1242,-0.145
459,1242,-0.128
468,1242,-0.154
477,1242,-0.159
486,1242,-0.164
495,1242,-0.195
504,1242,-0.174
513,1242,-0.132
522,1242,-0.137
531,1242,-0.103
540,1242,-0.145
549,1242,-0.128
558,1242,-0.132
567,1242,-0.117
576,1242,-0.103
585,1242,-0.124
594,1242,-0.149
603,1242,-0.201
612,1242,-0.206
621,1242,-0.211
630,1242,-0.165
639,1242,-0.17
648,1242,-0.152
657,1242,-0.156
666,1242,-0.16
675,1242,-0.187
684,1242,-0.218
693,1242,-0.252
702,1242,-0.258
711,1242,-0.296
720,1242,-0.375
729,1242,-0.516
738,1242,-0.575
747,1242,-0.583
756,1242,-0.539
765,1242,-0.498
774,1242,-0.608
783,1242,-0.513
792,1242,-0.521
801,1242,-0.529
810,1242,-0.588
819,1242,-0.597
828,1242,-0.553
837,1242,-0.422
846,1242,-0.52
855,1242,-0.481
864,1242,-0.326
873,1242,-0.297
882,1242,-0.271
891,1242,-0.309
900,1242,-0.388
909,1242,-0.356
918,1242,-0.326
927,1242,-0.451
936,1242,-0.458
945,1242,-0.422
954,1242,-0.52
963,1242,-0.578
972,1242,0.489
981,1242,0.649
990,1242,0.777
999,1242,0.727
1008,1242,0.737
1017,1242,0.632
1026,1242,0.588
1035,1242,0.651
1044,1242,0.506
1053,1242,0.514
1062,1242,0.573
1071,1242,0.635
1080,1242,0.826
1089,1242,0.774
1098,1242,0.785
1107,1242,0.735
1116,1242,0.875
1125,1242,0.757
1134,1242,0.595
1143,1242,0.66
1152,1242,0.671
1161,1242,0.682
1170,1242,0.436
1179,1242,0.361
1188,1242,0.368
1197,1242,0.375
1206,1242,0.382
1215,1242,0.431
1224,1242,0.534
1233,1242,0.597
1242,1242,0.607
1251,1242,0.618
1260,1242,0.688
1269,1242,0.829
1278,1242,0.776
1287,1242,0.663
1296,1242,0.737
1305,1242,0.888
1314,1242,0.7
1323,1242,0.651
1332,1242,0.496
1341,1242,0.367
1350,1242,0.334
1359,1242,0.303
1368,1242,0.348
1377,1242,0.315
1386,1242,0.362
1395,1242,0.37
1404,1242,0.524
1413,1242,0.535
1422,1242,0.605
1431,1242,0.502
1440,1242,0.57
1449,1242,0.524
1458,1242,0.48
1467,1242,0.547
1476,1242,0.621
1485,1242,0.635
1494,1242,0.718
1503,1242,0.734
1512,1242,0.751
1521,1242,0.93
1530,1242,1.042
1539,1242,0.888
1548,1242,0.673
1557,1242,0.553
1566,1242,0.504
1575,1242,0.517
1584,1242,0.361
1593,1242,0.37
1602,1242,0.33
1611,1242,0.292
1620,1242,0.347
1629,1242,0.411
1638,1242,0.423
1647,1242,0.435
1656,1242,0.447
1665,1242,0.292
1674,1242,0.143
1683,1242,0.118
1692,1242,0.183
1701,1242,0.153
1710,1242,0.125
1719,1242,0.16
1728,1242,0.248
1737,1242,0.441
1746,1242,0.539
1755,1242,0.476
1764,1242,0.496
1773,1242,0.517
1782,1242,0.371
1791,1242,0.249
1800,1242,0.201
1809,1242,0.116
1818,1242,0.117
1827,1242,0.082
1836,1242,0.081
1845,1242,0.051
1854,1242,0.027
1863,1242,0.043
1872,1242,0.114
1881,1242,0.11
1890,1242,0.102
1899,1242,0.034
1908,1242,-0
1917,1242,-0
9,1251,-0.079
18,1251,-0.253
27,1251,-0.167
36,1251,-0.192
45,1251,-0.139
54,1251,-0.323
63,1251,-0.244
72,1251,-0.187
81,1251,-0.103
90,1251,-0.212
99,1251,-0.29
108,1251,-0.299
117,1251,-0.473
126,1251,-0.317
135,1251,-0.261
144,1251,-0.216
153,1251,-0.178
162,1251,-0.348
171,1251,-0.24
180,1251,-0.361
189,1251,-0.308
198,1251,-0.262
207,1251,-0.269
216,1251,-0.328
225,1251,-0.236
234,1251,-0.289
243,1251,-0.295
252,1251,-0.302
261,1251,-0.36
270,1251,-0.366
279,1251,-0.429
288,1251,-0.435
297,1251,-0.503
306,1251,-0.576
315,1251,-0.514
324,1251,-0.586
333,1251,-0.524
342,1251,-0.53
351,1251,-0.366
360,1251,-0.243
369,1251,-0.213
378,1251,-0.254
387,1251,-0.223
396,1251,-0.168
405,1251,-0.146
414,1251,-0.15
423,1251,-0.18
432,1251,-0.135
441,1251,-0.138
450,1251,-0.166
459,1251,-0.146
468,1251,-0.174
477,1251,-0.178
486,1251,-0.182
495,1251,-0.215
504,1251,-0.19
513,1251,-0.145
522,1251,-0.148
531,1251,-0.111
540,1251,-0.155
549,1251,-0.137
558,1251,-0.14
567,1251,-0.123
576,1251,-0.108
585,1251,-0.129
594,1251,-0.153
603,1251,-0.206
612,1251,-0.21
621,1251,-0.213
630,1251,-0.166
639,1251,-0.169
648,1251,-0.15
657,1251,-0.153
666,1251,-0.157
675,1251,-0.183
684,1251,-0.212
693,1251,-0.245
702,1251,-0.248
711,1251,-0.284
720,1251,-0.361
729,1251,-0.496
738,1251,-0.551
747,1251,-0.557
756,1251,-0.513
765,1251,-0.471
774,1251,-0.575
783,1251,-0.482
792,1251,-0.488
801,1251,-0.493
810,1251,-0.548
819,1251,-0.554
828,1251,-0.51
837,1251,-0.384
846,1251,-0.475
855,1251,-0.436
864,1251,-0.29
873,1251,-0.263
882,1251,-0.237
891,1251,-0.27
900,1251,-0.342
909,1251,-0.311
918,1251,-0.282
927,1251,-0.395
936,1251,-0.441
945,1251,-0.405
954,1251,-0.498
963,1251,-0.552
972,1251,0.464
981,1251,0.617
990,1251,0.739
999,1251,0.688
1008,1251,0.695
1017,1251,0.592
1026,1251,0.547
1035,1251,0.606
1044,1251,0.465
1053,1251,0.471
1062,1251,0.524
1071,1251,0.581
1080,1251,0.76
1089,1251,0.708
1098,1251,0.716
1107,1251,0.666
1116,1251,0.795
1125,1251,0.682
1134,1251,0.528
1143,1251,0.586
1152,1251,0.594
1161,1251,0.601
1170,1251,0.374
1179,1251,0.305
1188,1251,0.309
1197,1251,0.314
1206,1251,0.319
1215,1251,0.361
1224,1251,0.498
1233,1251,0.556
1242,1251,0.563
1251,1251,0.571
1260,1251,0.635
1269,1251,0.767
1278,1251,0.713
1287,1251,0.604
1296,1251,0.671
1305,1251,0.811
1314,1251,0.63
1323,1251,0.582
1332,1251,0.436
1341,1251,0.316
1350,1251,0.284
1359,1251,0.255
1368,1251,0.293
1377,1251,0.263
1386,1251,0.303
1395,1251,0.307
1404,1251,0.443
1413,1251,0.45
1422,1251,0.51
1431,1251,0.416
1440,1251,0.473
1449,1251,0.43
1458,1251,0.389
1467,1251,0.445
1476,1251,0.506
1485,1251,0.515
1494,1251,0.585
1503,1251,0.596
1512,1251,0.607
1521,1251,0.76
1530,1251,0.854
1539,1251,0.714
1548,1251,0.587
1557,1251,0.474
1566,1251,0.427
1575,1251,0.435
1584,1251,0.34
1593,1251,0.346
1602,1251,0.305
1611,1251,0.267
1620,1251,0.317
1629,1251,0.375
1638,1251,0.383
1647,1251,0.392
1656,1251,0.401
1665,1251,0.254
1674,1251,0.119
1683,1251,0.096
1692,1251,0.151
1701,1251,0.123
1710,1251,0.098
1719,1251,0.125
1728,1251,0.198
1737,1251,0.362
1746,1251,0.443
1755,1251,0.383
1764,1251,0.394
1773,1251,0.407
1782,1251,0.278
1791,1251,0.226
1800,1251,0.178
1809,1251,0.098
1818,1251,0.097
1827,1251,0.065
1836,1251,0.062
1845,1251,0.036
1854,1251,0.018
1863,1251,0.027
1872,1251,0.076
1881,1251,0.067
1890,1251,0.055
1899,1251,0.011
1908,1251,-0
1917,1251,-0
9,1260,-0.075
18,1260,-0.24
27,1260,-0.155
36,1260,-0.177
45,1260,-0.194
54,1260,-0.409
63,1260,-0.305
72,1260,-0.231
81,1260,-0.127
90,1260,-0.249
99,1260,-0.331
108,1260,-0.336
117,1260,-0.518
126,1260,-0.346
135,1260,-0.283
144,1260,-0.232
153,1260,-0.19
162,1260,-0.364
171,1260,-0.25
180,1260,-0.372
189,1260,-0.314
198,1260,-0.265
207,1260,-0.27
216,1260,-0.328
225,1260,-0.233
234,1260,-0.284
243,1260,-0.288
252,1260,-0.293
261,1260,-0.348
270,1260,-0.352
279,1260,-0.411
288,1260,-0.415
297,1260,-0.478
306,1260,-0.547
315,1260,-0.484
324,1260,-0.551
333,1260,-0.49
342,1260,-0.556
351,1260,-0.384
360,1260,-0.255
369,1260,-0.258
378,1260,-0.302
387,1260,-0.265
396,1260,-0.2
405,1260,-0.174
414,1260,-0.177
423,1260,-0.21
432,1260,-0.157
441,1260,-0.16
450,1260,-0.19
459,1260,-0.166
468,1260,-0.196
477,1260,-0.199
486,1260,-0.202
495,1260,-0.235
504,1260,-0.208
513,1260,-0.158
522,1260,-0.16
531,1260,-0.12
540,1260,-0.166
549,1260,-0.145
558,1260,-0.148
567,1260,-0.129
576,1260,-0.112
585,1260,-0.134
594,1260,-0.157
603,1260,-0.21
612,1260,-0.213
621,1260,-0.216
630,1260,-0.167
639,1260,-0.169
648,1260,-0.149
657,1260,-0.151
666,1260,-0.153
675,1260,-0.179
684,1260,-0.206
693,1260,-0.267
702,1260,-0.27
711,1260,-0.307
720,1260,-0.386
729,1260,-0.525
738,1260,-0.581
747,1260,-0.584
756,1260,-0.536
765,1260,-0.491
774,1260,-0.596
783,1260,-0.498
792,1260,-0.502
801,1260,-0.505
810,1260,-0.559
819,1260,-0.563
828,1260,-0.517
837,1260,-0.388
846,1260,-0.477
855,1260,-0.436
864,1260,-0.288
873,1260,-0.259
882,1260,-0.233
891,1260,-0.265
900,1260,-0.334
909,1260,-0.302
918,1260,-0.273
927,1260,-0.381
936,1260,-0.425
945,1260,-0.388
954,1260,-0.476
963,1260,-0.527
972,1260,0.44
981,1260,0.587
990,1260,0.702
999,1260,0.65
1008,1260,0.713
1017,1260,0.605
1026,1260,0.558
1035,1260,0.615
1044,1260,0.47
1053,1260,0.474
1062,1260,0.526
1071,1260,0.581
1080,1260,0.758
1089,1260,0.703
1098,1260,0.708
1107,1260,0.656
1116,1260,0.782
1125,1260,0.667
1134,1260,0.513
1143,1260,0.568
1152,1260,0.573
1161,1260,0.578
1170,1260,0.355
1179,1260,0.321
1188,1260,0.325
1197,1260,0.328
1206,1260,0.331
1215,1260,0.373
1224,1260,0.511
1233,1260,0.568
1242,1260,0.573
1251,1260,0.579
1260,1260,0.641
1269,1260,0.839
1278,1260,0.78
1287,1260,0.661
1296,1260,0.73
1305,1260,0.874
1314,1260,0.682
1323,1260,0.628
1332,1260,0.472
1341,1260,0.343
1350,1260,0.308
1359,1260,0.275
1368,1260,0.315
1377,1260,0.281
1386,1260,0.322
1395,1260,0.325
1404,1260,0.464
1413,1260,0.469
1422,1260,0.528
1431,1260,0.43
1440,1260,0.486
1449,1260,0.44
1458,1260,0.396
1467,1260,0.451
1476,1260,0.511
1485,1260,0.518
1494,1260,0.585
1503,1260,0.593
1512,1260,0.602
1521,1260,0.751
1530,1260,0.842
1539,1260,0.775
1548,1260,0.638
1557,1260,0.516
1566,1260,0.464
1575,1260,0.471
1584,1260,0.367
1593,1260,0.373
1602,1260,0.328
1611,1260,0.286
1620,1260,0.337
1629,1260,0.395
1638,1260,0.401
1647,1260,0.408
1656,1260,0.415
1665,1260,0.262
1674,1260,0.122
1683,1260,0.098
1692,1260,0.152
1701,1260,0.123
1710,1260,0.123
1719,1260,0.154
1728,1260,0.237
1737,1260,0.42
1746,1260,0.508
1755,1260,0.439
1764,1260,0.45
1773,1260,0.462
1782,1260,0.319
1791,1260,0.26
1800,1260,0.206
1809,1260,0.115
1818,1260,0.113
1827,1260,0.076
1836,1260,0.073
1845,1260,0.043
1854,1260,0.021
1863,1260,0.031
1872,1260,0.085
1881,1260,0.074
1890,1260,0.06
1899,1260,0.012
1908,1260,-0
1917,1260,-0
9,1269,-0.071
18,1269,-0.228
27,1269,-0.144
36,1269,-0.163
45,1269,-0.178
54,1269,-0.378
63,1269,-0.278
72,1269,-0.207
81,1269,-0.111
90,1269,-0.221
99,1269,-0.295
108,1269,-0.298
117,1269,-0.465
126,1269,-0.304
135,1269,-0.245
144,1269,-0.198
153,1269,-0.16
162,1269,-0.314
171,1269,-0.211
180,1269,-0.319
189,1269,-0.266
198,1269,-0.221
207,1269,-0.225
216,1269,-0.274
225,1269,-0.19
234,1269,-0.234
243,1269,-0.236
252,1269,-0.239
261,1269,-0.286
270,1269,-0.288
279,1269,-0.339
288,1269,-0.341
297,1269,-0.396
306,1269,-0.455
315,1269,-0.398
324,1269,-0.456
333,1269,-0.4
342,1269,-0.457
351,1269,-0.306
360,1269,-0.196
369,1269,-0.198
378,1269,-0.233
387,1269,-0.202
396,1269,-0.148
405,1269,-0.127
414,1269,-0.129
423,1269,-0.154
432,1269,-0.112
441,1269,-0.113
450,1269,-0.136
459,1269,-0.117
468,1269,-0.14
477,1269,-0.141
486,1269,-0.143
495,1269,-0.169
504,1269,-0.17
513,1269,-0.127
522,1269,-0.128
531,1269,-0.093
540,1269,-0.131
549,1269,-0.113
558,1269,-0.115
567,1269,-0.099
576,1269,-0.1
585,1269,-0.119
594,1269,-0.14
603,1269,-0.188
612,1269,-0.189
621,1269,-0.218
630,1269,-0.167
639,1269,-0.169
648,1269,-0.148
657,1269,-0.149
666,1269,-0.15
675,1269,-0.174
684,1269,-0.2
693,1269,-0.259
702,1269,-0.261
711,1269,-0.295
720,1269,-0.37
729,1269,-0.505
738,1269,-0.557
747,1269,-0.559
756,1269,-0.51
765,1269,-0.464
774,1269,-0.563
783,1269,-0.467
792,1269,-0.469
801,1269,-0.47
810,1269,-0.52
819,1269,-0.521
828,1269,-0.475
837,1269,-0.352
846,1269,-0.434
855,1269,-0.394
864,1269,-0.255
873,1269,-0.228
882,1269,-0.202
891,1269,-0.23
900,1269,-0.292
909,1269,-0.262
918,1269,-0.234
927,1269,-0.33
936,1269,-0.369
945,1269,-0.371
954,1269,-0.455
963,1269,-0.503
972,1269,0.416
981,1269,0.556
990,1269,0.666
999,1269,0.613
1008,1269,0.672
1017,1269,0.566
1026,1269,0.518
1035,1269,0.57
1044,1269,0.431
1053,1269,0.433
1062,1269,0.48
1071,1269,0.53
1080,1269,0.695
1089,1269,0.64
1098,1269,0.643
1107,1269,0.591
1116,1269,0.708
1125,1269,0.597
1134,1269,0.452
1143,1269,0.55
1152,1269,0.553
1161,1269,0.556
1170,1269,0.375
1179,1269,0.339
1188,1269,0.34
1197,1269,0.342
1206,1269,0.344
1215,1269,0.385
1224,1269,0.525
1233,1269,0.58
1242,1269,0.584
1251,1269,0.587
1260,1269,0.708
1269,1269,0.916
1278,1269,0.85
1287,1269,0.722
1296,1269,0.792
1305,1269,0.941
1314,1269,0.736
1323,1269,0.677
1332,1269,0.511
1341,1269,0.372
1350,1269,0.334
1359,1269,0.297
1368,1269,0.337
1377,1269,0.301
1386,1269,0.341
1395,1269,0.343
1404,1269,0.486
1413,1269,0.489
1422,1269,0.548
1431,1269,0.444
1440,1269,0.5
1449,1269,0.451
1458,1269,0.404
1467,1269,0.457
1476,1269,0.516
1485,1269,0.52
1494,1269,0.585
1503,1269,0.657
1512,1269,0.663
1521,1269,0.82
1530,1269,0.913
1539,1269,0.839
1548,1269,0.692
1557,1269,0.56
1566,1269,0.503
1575,1269,0.508
1584,1269,0.397
1593,1269,0.4
1602,1269,0.351
1611,1269,0.306
1620,1269,0.357
1629,1269,0.416
1638,1269,0.42
1647,1269,0.424
1656,1269,0.429
1665,1269,0.27
1674,1269,0.126
1683,1269,0.1
1692,1269,0.154
1701,1269,0.123
1710,1269,0.122
1719,1269,0.152
1728,1269,0.232
1737,1269,0.409
1746,1269,0.492
1755,1269,0.422
1764,1269,0.429
1773,1269,0.436
1782,1269,0.295
1791,1269,0.298
1800,1269,0.236
1809,1269,0.135
1818,1269,0.131
1827,1269,0.089
1836,1269,0.084
1845,1269,0.05
1854,1269,0.025
1863,1269,0.036
1872,1269,0.094
1881,1269,0.082
1890,1269,0.065
1899,1269,0.013
1908,1269,-0
1917,1269,-0
9,1278,-0.068
18,1278,-0.385
27,1278,-0.229
36,1278,-0.238
45,1278,-0.244
54,1278,-0.475
63,1278,-0.461
72,1278,-0.449
81,1278,-0.258
90,1278,-0.432
99,1278,-0.53
108,1278,-0.519
117,1278,-0.741
126,1278,-0.501
135,1278,-0.407
144,1278,-0.331
153,1278,-0.268
162,1278,-0.476
171,1278,-0.329
180,1278,-0.467
189,1278,-0.391
198,1278,-0.327
207,1278,-0.326
216,1278,-0.386
225,1278,-0.326
234,1278,-0.382
243,1278,-0.381
252,1278,-0.38
261,1278,-0.439
270,1278,-0.437
279,1278,-0.499
288,1278,-0.496
297,1278,-0.561
306,1278,-0.63
315,1278,-0.554
324,1278,-0.621
333,1278,-0.617
342,1278,-0.687
351,1278,-0.479
360,1278,-0.321
369,1278,-0.321
378,1278,-0.367
387,1278,-0.321
396,1278,-0.242
405,1278,-0.209
414,1278,-0.21
423,1278,-0.243
432,1278,-0.181
441,1278,-0.182
450,1278,-0.212
459,1278,-0.183
468,1278,-0.213
477,1278,-0.214
486,1278,-0.214
495,1278,-0.246
504,1278,-0.247
513,1278,-0.187
522,1278,-0.188
531,1278,-0.14
540,1278,-0.189
549,1278,-0.164
558,1278,-0.164
567,1278,-0.142
576,1278,-0.143
585,1278,-0.166
594,1278,-0.191
603,1278,-0.249
612,1278,-0.25
621,1278,-0.283
630,1278,-0.22
639,1278,-0.22
648,1278,-0.193
657,1278,-0.194
666,1278,-0.194
675,1278,-0.221
684,1278,-0.251
693,1278,-0.318
702,1278,-0.318
711,1278,-0.356
720,1278,-0.439
729,1278,-0.588
738,1278,-0.642
747,1278,-0.642
756,1278,-0.585
765,1278,-0.532
774,1278,-0.639
783,1278,-0.531
792,1278,-0.531
801,1278,-0.531
810,1278,-0.582
819,1278,-0.581
828,1278,-0.529
837,1278,-0.394
846,1278,-0.481
855,1278,-0.436
864,1278,-0.318
873,1278,-0.318
882,1278,-0.284
891,1278,-0.318
900,1278,-0.393
909,1278,-0.354
918,1278,-0.318
927,1278,-0.435
936,1278,-0.48
945,1278,-0.48
954,1278,-0.578
963,1278,-0.631
972,1278,0.578
981,1278,0.748
990,1278,0.878
999,1278,0.812
1008,1278,0.879
1017,1278,0.749
1026,1278,0.689
1035,1278,0.75
1044,1278,0.579
1053,1278,0.58
1062,1278,0.634
1071,1278,0.692
1080,1278,0.884
1089,1278,0.818
1098,1278,0.818
1107,1278,0.755
1116,1278,0.888
1125,1278,0.757
1134,1278,0.584
1143,1278,0.698
1152,1278,0.699
1161,1278,0.7
1170,1278,0.485
1179,1278,0.44
1188,1278,0.44
1197,1278,0.44
1206,1278,0.441
1215,1278,0.488
1224,1278,0.649
1233,1278,0.71
1242,1278,0.712
1251,1278,0.713
1260,1278,0.848
1269,1278,1.078
1278,1278,1.002
1287,1278,0.856
1296,1278,0.932
1305,1278,1.094
1314,1278,0.864
1323,1278,0.796
1332,1278,0.608
1341,1278,0.45
1350,1278,0.404
1359,1278,0.361
1368,1278,0.405
1377,1278,0.362
1386,1278,0.406
1395,1278,0.407
1404,1278,0.564
1413,1278,0.566
1422,1278,0.628
1431,1278,0.512
1440,1278,0.572
1449,1278,0.516
1458,1278,0.463
1467,1278,0.519
1476,1278,0.581
1485,1278,0.583
1494,1278,0.651
1503,1278,0.725
1512,1278,0.729
1521,1278,0.893
1530,1278,0.988
1539,1278,0.907
1548,1278,0.749
1557,1278,0.608
1566,1278,0.544
1575,1278,0.547
1584,1278,0.428
1593,1278,0.43
1602,1278,0.376
1611,1278,0.326
1620,1278,0.378
1629,1278,0.437
1638,1278,0.439
1647,1278,0.441
1656,1278,0.444
1665,1278,0.279
1674,1278,0.129
1683,1278,0.102
1692,1278,0.155
1701,1278,0.123
1710,1278,0.121
1719,1278,0.149
1728,1278,0.226
1737,1278,0.399
1746,1278,0.477
1755,1278,0.482
1764,1278,0.488
1773,1278,0.494
1782,1278,0.338
1791,1278,0.34
1800,1278,0.271
1809,1278,0.156
1818,1278,0.152
1827,1278,0.104
1836,1278,0.097
1845,1278,0.058
1854,1278,0.029
1863,1278,0.042
1872,1278,0.104
1881,1278,0.09
1890,1278,0.071
1899,1278,0.014
1908,1278,-0
1917,1278,-0
9,1287,-0.064
18,1287,-0.368
27,1287,-0.215
36,1287,-0.221
45,1287,-0.224
54,1287,-0.441
63,1287,-0.424
72,1287,-0.411
81,1287,-0.23
90,1287,-0.391
99,1287,-0.48
108,1287,-0.468
117,1287,-0.673
126,1287,-0.447
135,1287,-0.358
144,1287,-0.287
153,1287,-0.229
162,1287,-0.416
171,1287,-0.281
180,1287,-0.404
189,1287,-0.334
198,1287,-0.276
207,1287,-0.274
216,1287,-0.325
225,1287,-0.271
234,1287,-0.32
243,1287,-0.317
252,1287,-0.315
261,1287,-0.366
270,1287,-0.363
279,1287,-0.416
288,1287,-0.412
297,1287,-0.469
306,1287,-0.529
315,1287,-0.523
324,1287,-0.585
333,1287,-0.578
342,1287,-0.643
351,1287,-0.442
360,1287,-0.291
369,1287,-0.29
378,1287,-0.331
387,1287,-0.287
396,1287,-0.213
405,1287,-0.181
414,1287,-0.181
423,1287,-0.21
432,1287,-0.154
441,1287,-0.154
450,1287,-0.179
459,1287,-0.153
468,1287,-0.178
477,1287,-0.178
486,1287,-0.177
495,1287,-0.205
504,1287,-0.204
513,1287,-0.151
522,1287,-0.151
531,1287,-0.11
540,1287,-0.15
549,1287,-0.129
558,1287,-0.128
567,1287,-0.109
576,1287,-0.109
585,1287,-0.127
594,1287,-0.148
603,1287,-0.196
612,1287,-0.195
621,1287,-0.222
630,1287,-0.169
639,1287,-0.168
648,1287,-0.145
657,1287,-0.145
666,1287,-0.144
675,1287,-0.165
684,1287,-0.189
693,1287,-0.243
702,1287,-0.242
711,1287,-0.272
720,1287,-0.341
729,1287,-0.466
738,1287,-0.512
747,1287,-0.509
756,1287,-0.459
765,1287,-0.413
774,1287,-0.502
783,1287,-0.409
792,1287,-0.407
801,1287,-0.405
810,1287,-0.446
819,1287,-0.444
828,1287,-0.399
837,1287,-0.286
846,1287,-0.356
855,1287,-0.318
864,1287,-0.223
873,1287,-0.25
882,1287,-0.221
891,1287,-0.248
900,1287,-0.31
909,1287,-0.276
918,1287,-0.244
927,1287,-0.341
936,1287,-0.378
945,1287,-0.376
954,1287,-0.459
963,1287,-0.503
972,1287,0.455
981,1287,0.6
990,1287,0.711
999,1287,0.651
1008,1287,0.706
1017,1287,0.592
1026,1287,0.538
1035,1287,0.588
1044,1287,0.441
1053,1287,0.439
1062,1287,0.531
1071,1287,0.58
1080,1287,0.751
1089,1287,0.688
1098,1287,0.686
1107,1287,0.684
1116,1287,0.807
1125,1287,0.742
1134,1287,0.568
1143,1287,0.678
1152,1287,0.676
1161,1287,0.675
1170,1287,0.463
1179,1287,0.417
1188,1287,0.415
1197,1287,0.414
1206,1287,0.412
1215,1287,0.456
1224,1287,0.608
1233,1287,0.664
1242,1287,0.663
1251,1287,0.662
1260,1287,0.788
1269,1287,1.005
1278,1287,0.928
1287,1287,0.786
1296,1287,0.855
1305,1287,1.006
1314,1287,0.785
1323,1287,0.718
1332,1287,0.539
1341,1287,0.391
1350,1287,0.347
1359,1287,0.306
1368,1287,0.344
1377,1287,0.303
1386,1287,0.341
1395,1287,0.34
1404,1287,0.478
1413,1287,0.477
1422,1287,0.53
1431,1287,0.424
1440,1287,0.474
1449,1287,0.421
1458,1287,0.373
1467,1287,0.419
1476,1287,0.47
1485,1287,0.469
1494,1287,0.525
1503,1287,0.586
1512,1287,0.586
1521,1287,0.725
1530,1287,0.804
1539,1287,0.807
1548,1287,0.657
1557,1287,0.523
1566,1287,0.463
1575,1287,0.462
1584,1287,0.353
1593,1287,0.351
1602,1287,0.302
1611,1287,0.256
1620,1287,0.298
1629,1287,0.345
1638,1287,0.344
1647,1287,0.342
1656,1287,0.34
1665,1287,0.202
1674,1287,0.084
1683,1287,0.063
1692,1287,0.1
1701,1287,0.075
1710,1287,0.072
1719,1287,0.09
1728,1287,0.142
1737,1287,0.267
1746,1287,0.388
1755,1287,0.464
1764,1287,0.465
1773,1287,0.467
1782,1287,0.313
1791,1287,0.311
1800,1287,0.242
1809,1287,0.181
1818,1287,0.174
1827,1287,0.12
1836,1287,0.112
1845,1287,0.067
1854,1287,0.034
1863,1287,0.048
1872,1287,0.116
1881,1287,0.099
1890,1287,0.078
1899,1287,0.015
1908,1287,-0
1917,1287,-0
9,1296,-0.061
18,1296,-0.351
27,1296,-0.2
36,1296,-0.204
45,1296,-0.205
54,1296,-0.408
63,1296,-0.39
72,1296,-0.375
81,1296,-0.275
90,1296,-0.449
99,1296,-0.54
108,1296,-0.52
117,1296,-0.732
126,1296,-0.485
135,1296,-0.387
144,1296,-0.307
153,1296,-0.302
162,1296,-0.519
171,1296,-0.354
180,1296,-0.493
189,1296,-0.407
198,1296,-0.335
207,1296,-0.33
216,1296,-0.384
225,1296,-0.319
234,1296,-0.371
243,1296,-0.365
252,1296,-0.359
261,1296,-0.412
270,1296,-0.405
279,1296,-0.46
288,1296,-0.452
297,1296,-0.509
306,1296,-0.569
315,1296,-0.559
324,1296,-0.621
333,1296,-0.61
342,1296,-0.674
351,1296,-0.463
360,1296,-0.305
369,1296,-0.301
378,1296,-0.342
387,1296,-0.294
396,1296,-0.217
405,1296,-0.184
414,1296,-0.182
423,1296,-0.211
432,1296,-0.153
441,1296,-0.151
450,1296,-0.176
459,1296,-0.149
468,1296,-0.173
477,1296,-0.171
486,1296,-0.227
495,1296,-0.258
504,1296,-0.255
513,1296,-0.191
522,1296,-0.19
531,1296,-0.139
540,1296,-0.186
549,1296,-0.159
558,1296,-0.158
567,1296,-0.134
576,1296,-0.133
585,1296,-0.154
594,1296,-0.176
603,1296,-0.229
612,1296,-0.226
621,1296,-0.255
630,1296,-0.194
639,1296,-0.192
648,1296,-0.166
657,1296,-0.164
666,1296,-0.163
675,1296,-0.185
684,1296,-0.209
693,1296,-0.266
702,1296,-0.264
711,1296,-0.294
720,1296,-0.366
729,1296,-0.494
738,1296,-0.54
747,1296,-0.535
756,1296,-0.481
765,1296,-0.431
774,1296,-0.52
783,1296,-0.423
792,1296,-0.419
801,1296,-0.415
810,1296,-0.455
819,1296,-0.451
828,1296,-0.404
837,1296,-0.289
846,1296,-0.357
855,1296,-0.317
864,1296,-0.221
873,1296,-0.247
882,1296,-0.216
891,1296,-0.242
900,1296,-0.303
909,1296,-0.267
918,1296,-0.235
927,1296,-0.329
936,1296,-0.403
945,1296,-0.399
954,1296,-0.483
963,1296,-0.527
972,1296,0.475
981,1296,0.623
990,1296,0.734
999,1296,0.67
1008,1296,0.725
1017,1296,0.605
1026,1296,0.548
1035,1296,0.596
1044,1296,0.446
1053,1296,0.442
1062,1296,0.532
1071,1296,0.58
1080,1296,0.748
1089,1296,0.683
1098,1296,0.679
1107,1296,0.735
1116,1296,0.861
1125,1296,0.79
1134,1296,0.606
1143,1296,0.718
1152,1296,0.714
1161,1296,0.71
1170,1296,0.488
1179,1296,0.438
1188,1296,0.434
1197,1296,0.431
1206,1296,0.428
1215,1296,0.47
1224,1296,0.623
1233,1296,0.679
1242,1296,0.675
1251,1296,0.671
1260,1296,0.796
1269,1296,1.012
1278,1296,1.009
1287,1296,0.855
1296,1296,0.925
1305,1296,1.081
1314,1296,0.845
1323,1296,0.772
1332,1296,0.581
1341,1296,0.423
1350,1296,0.375
1359,1296,0.372
1368,1296,0.413
1377,1296,0.365
1386,1296,0.407
1395,1296,0.403
1404,1296,0.556
1413,1296,0.552
1422,1296,0.609
1431,1296,0.49
1440,1296,0.543
1449,1296,0.484
1458,1296,0.429
1467,1296,0.478
1476,1296,0.531
1485,1296,0.528
1494,1296,0.587
1503,1296,0.65
1512,1296,0.648
1521,1296,0.793
1530,1296,0.874
1539,1296,0.874
1548,1296,0.712
1557,1296,0.569
1566,1296,0.502
1575,1296,0.499
1584,1296,0.382
1593,1296,0.378
1602,1296,0.324
1611,1296,0.275
1620,1296,0.317
1629,1296,0.364
1638,1296,0.36
1647,1296,0.357
1656,1296,0.353
1665,1296,0.208
1674,1296,0.087
1683,1296,0.064
1692,1296,0.101
1701,1296,0.075
1710,1296,0.071
1719,1296,0.088
1728,1296,0.138
1737,1296,0.259
1746,1296,0.375
1755,1296,0.445
1764,1296,0.443
1773,1296,0.44
1782,1296,0.289
1791,1296,0.354
1800,1296,0.277
1809,1296,0.208
1818,1296,0.2
1827,1296,0.138
1836,1296,0.128
1845,1296,0.077
1854,1296,0.04
1863,1296,0.054
1872,1296,0.128
1881,1296,0.109
1890,1296,0.085
1899,1296,0.017
1908,1296,-0
1917,1296,-0
9,1305,-0.057
18,1305,-0.335
27,1305,-0.187
36,1305,-0.188
45,1305,-0.188
54,1305,-0.377
63,1305,-0.357
72,1305,-0.341
81,1305,-0.246
90,1305,-0.406
99,1305,-0.489
108,1305,-0.468
117,1305,-0.665
126,1305,-0.432
135,1305,-0.339
144,1305,-0.265
153,1305,-0.259
162,1305,-0.455
171,1305,-0.304
180,1305,-0.428
189,1305,-0.348
198,1305,-0.283
207,1305,-0.276
216,1305,-0.324
225,1305,-0.265
234,1305,-0.309
243,1305,-0.303
252,1305,-0.296
261,1305,-0.341
270,1305,-0.334
279,1305,-0.381
288,1305,-0.373
297,1305,-0.422
306,1305,-0.539
315,1305,-0.527
324,1305,-0.584
333,1305,-0.572
342,1305,-0.63
351,1305,-0.426
360,1305,-0.275
369,1305,-0.313
378,1305,-0.352
387,1305,-0.302
396,1305,-0.221
405,1305,-0.186
414,1305,-0.183
423,1305,-0.211
432,1305,-0.178
441,1305,-0.204
450,1305,-0.232
459,1305,-0.198
468,1305,-0.225
477,1305,-0.222
486,1305,-0.287
495,1305,-0.321
504,1305,-0.316
513,1305,-0.239
522,1305,-0.235
531,1305,-0.174
540,1305,-0.228
549,1305,-0.195
558,1305,-0.192
567,1305,-0.164
576,1305,-0.161
585,1305,-0.183
594,1305,-0.208
603,1305,-0.265
612,1305,-0.296
621,1305,-0.328
630,1305,-0.254
639,1305,-0.25
648,1305,-0.216
657,1305,-0.213
666,1305,-0.21
675,1305,-0.235
684,1305,-0.262
693,1305,-0.327
702,1305,-0.323
711,1305,-0.356
720,1305,-0.435
729,1305,-0.577
738,1305,-0.625
747,1305,-0.675
756,1305,-0.609
765,1305,-0.547
774,1305,-0.649
783,1305,-0.533
792,1305,-0.526
801,1305,-0.519
810,1305,-0.564
819,1305,-0.557
828,1305,-0.5
837,1305,-0.363
846,1305,-0.441
855,1305,-0.393
864,1305,-0.279
873,1305,-0.308
882,1305,-0.271
891,1305,-0.299
900,1305,-0.367
909,1305,-0.325
918,1305,-0.287
927,1305,-0.392
936,1305,-0.473
945,1305,-0.468
954,1305,-0.559
963,1305,-0.605
972,1305,0.546
981,1305,0.705
990,1305,0.823
999,1305,0.751
1008,1305,0.807
1017,1305,0.676
1026,1305,0.612
1035,1305,0.662
1044,1305,0.497
1053,1305,0.491
1062,1305,0.586
1071,1305,0.634
1080,1305,0.81
1089,1305,0.739
1098,1305,0.732
1107,1305,0.788
1116,1305,0.917
1125,1305,0.84
1134,1305,0.645
1143,1305,0.76
1152,1305,0.753
1161,1305,0.746
1170,1305,0.513
1179,1305,0.46
1188,1305,0.454
1197,1305,0.496
1206,1305,0.491
1215,1305,0.535
1224,1305,0.7
1233,1305,0.757
1242,1305,0.75
1251,1305,0.744
1260,1305,0.874
1269,1305,1.1
1278,1305,1.094
1287,1305,0.928
1296,1305,0.999
1305,1305,1.16
1314,1305,0.909
1323,1305,0.83
1332,1305,0.627
1341,1305,0.457
1350,1305,0.405
1359,1305,0.399
1368,1305,0.441
1377,1305,0.389
1386,1305,0.43
1395,1305,0.425
1404,1305,0.581
1413,1305,0.575
1422,1305,0.631
1431,1305,0.507
1440,1305,0.558
1449,1305,0.496
1458,1305,0.437
1467,1305,0.485
1476,1305,0.536
1485,1305,0.531
1494,1305,0.587
1503,1305,0.648
1512,1305,0.643
1521,1305,0.785
1530,1305,0.862
1539,1305,0.858
1548,1305,0.694
1557,1305,0.617
1566,1305,0.544
1575,1305,0.539
1584,1305,0.413
1593,1305,0.407
1602,1305,0.348
1611,1305,0.294
1620,1305,0.336
1629,1305,0.384
1638,1305,0.378
1647,1305,0.372
1656,1305,0.366
1665,1305,0.258
1674,1305,0.113
1683,1305,0.085
1692,1305,0.129
1701,1305,0.097
1710,1305,0.091
1719,1305,0.111
1728,1305,0.169
1737,1305,0.306
1746,1305,0.433
1755,1305,0.509
1764,1305,0.504
1773,1305,0.499
1782,1305,0.332
1791,1305,0.401
1800,1305,0.316
1809,1305,0.238
1818,1305,0.228
1827,1305,0.159
1836,1305,0.146
1845,1305,0.089
1854,1305,0.046
1863,1305,0.062
1872,1305,0.141
1881,1305,0.119
1890,1305,0.092
1899,1305,0.019
1908,1305,-0
1917,1305,-0
9,1314,-0.054
18,1314,-0.319
27,1314,-0.174
36,1314,-0.173
45,1314,-0.171
54,1314,-0.347
63,1314,-0.326
72,1314,-0.309
81,1314,-0.219
90,1314,-0.366
99,1314,-0.442
108,1314,-0.419
117,1314,-0.601
126,1314,-0.382
135,1314,-0.295
144,1314,-0.227
153,1314,-0.221
162,1314,-0.396
171,1314,-0.258
180,1314,-0.368
189,1314,-0.295
198,1314,-0.236
207,1314,-0.229
216,1314,-0.27
225,1314,-0.217
234,1314,-0.255
243,1314,-0.248
252,1314,-0.241
261,1314,-0.279
270,1314,-0.272
279,1314,-0.312
288,1314,-0.303
297,1314,-0.344
306,1314,-0.447
315,1314,-0.435
324,1314,-0.483
333,1314,-0.471
342,1314,-0.521
351,1314,-0.341
360,1314,-0.212
369,1314,-0.242
378,1314,-0.275
387,1314,-0.231
396,1314,-0.164
405,1314,-0.136
414,1314,-0.133
423,1314,-0.154
432,1314,-0.127
441,1314,-0.147
450,1314,-0.169
459,1314,-0.141
468,1314,-0.162
477,1314,-0.184
486,1314,-0.241
495,1314,-0.27
504,1314,-0.264
513,1314,-0.196
522,1314,-0.192
531,1314,-0.139
540,1314,-0.183
549,1314,-0.155
558,1314,-0.151
567,1314,-0.127
576,1314,-0.124
585,1314,-0.164
594,1314,-0.186
603,1314,-0.238
612,1314,-0.265
621,1314,-0.294
630,1314,-0.224
639,1314,-0.219
648,1314,-0.188
657,1314,-0.184
666,1314,-0.18
675,1314,-0.201
684,1314,-0.225
693,1314,-0.283
702,1314,-0.277
711,1314,-0.306
720,1314,-0.376
729,1314,-0.504
738,1314,-0.546
747,1314,-0.59
756,1314,-0.527
765,1314,-0.469
774,1314,-0.56
783,1314,-0.5
792,1314,-0.492
801,1314,-0.483
810,1314,-0.524
819,1314,-0.515
828,1314,-0.459
837,1314,-0.328
846,1314,-0.4
855,1314,-0.393
864,1314,-0.277
873,1314,-0.304
882,1314,-0.266
891,1314,-0.293
900,1314,-0.359
909,1314,-0.316
918,1314,-0.276
927,1314,-0.378
936,1314,-0.456
945,1314,-0.495
954,1314,-0.587
963,1314,-0.633
972,1314,0.57
981,1314,0.731
990,1314,0.849
999,1314,0.773
1008,1314,0.827
1017,1314,0.752
1026,1314,0.681
1035,1314,0.732
1044,1314,0.553
1053,1314,0.544
1062,1314,0.644
1071,1314,0.693
1080,1314,0.876
1089,1314,0.798
1098,1314,0.788
1107,1314,0.844
1116,1314,0.976
1125,1314,0.893
1134,1314,0.687
1143,1314,0.804
1152,1314,0.794
1161,1314,0.784
1170,1314,0.594
1179,1314,0.532
1188,1314,0.524
1197,1314,0.568
1206,1314,0.56
1215,1314,0.607
1224,1314,0.783
1233,1314,0.841
1242,1314,0.832
1251,1314,0.822
1260,1314,0.958
1269,1314,1.194
1278,1314,1.184
1287,1314,1.006
1296,1314,1.078
1305,1314,1.243
1314,1314,1.058
1323,1314,0.967
1332,1314,0.739
1341,1314,0.547
1350,1314,0.486
1359,1314,0.478
1368,1314,0.523
1377,1314,0.463
1386,1314,0.508
1395,1314,0.5
1404,1314,0.67
1413,1314,0.662
1422,1314,0.721
1431,1314,0.582
1440,1314,0.637
1449,1314,0.566
1458,1314,0.5
1467,1314,0.55
1476,1314,0.604
1485,1314,0.596
1494,1314,0.654
1503,1314,0.717
1512,1314,0.709
1521,1314,0.857
1530,1314,0.935
1539,1314,0.928
1548,1314,0.752
1557,1314,0.668
1566,1314,0.589
1575,1314,0.581
1584,1314,0.445
1593,1314,0.437
1602,1314,0.373
1611,1314,0.315
1620,1314,0.357
1629,1314,0.404
1638,1314,0.396
1647,1314,0.387
1656,1314,0.379
1665,1314,0.266
1674,1314,0.116
1683,1314,0.086
1692,1314,0.13
1701,1314,0.096
1710,1314,0.09
1719,1314,0.108
1728,1314,0.165
1737,1314,0.297
1746,1314,0.419
1755,1314,0.49
1764,1314,0.481
1773,1314,0.472
1782,1314,0.307
1791,1314,0.369
1800,1314,0.284
1809,1314,0.271
1818,1314,0.258
1827,1314,0.181
1836,1314,0.166
1845,1314,0.102
1854,1314,0.053
1863,1314,0.07
1872,1314,0.155
1881,1314,0.13
1890,1314,0.1
1899,1314,0.02
1908,1314,-0
1917,1314,-0
9,1323,-0.051
18,1323,-0.303
27,1323,-0.435
36,1323,-0.383
45,1323,-0.346
54,1323,-0.592
63,1323,-0.535
72,1323,-0.49
81,1323,-0.35
90,1323,-0.535
99,1323,-0.617
108,1323,-0.577
117,1323,-0.787
126,1323,-0.51
135,1323,-0.395
144,1323,-0.305
153,1323,-0.292
162,1323,-0.497
171,1323,-0.328
180,1323,-0.452
189,1323,-0.363
198,1323,-0.29
207,1323,-0.279
216,1323,-0.322
225,1323,-0.259
234,1323,-0.299
243,1323,-0.341
252,1323,-0.329
261,1323,-0.372
270,1323,-0.36
279,1323,-0.404
288,1323,-0.39
297,1323,-0.435
306,1323,-0.55
315,1323,-0.532
324,1323,-0.584
333,1323,-0.566
342,1323,-0.618
351,1323,-0.411
360,1323,-0.26
369,1323,-0.292
378,1323,-0.327
387,1323,-0.275
396,1323,-0.197
405,1323,-0.163
414,1323,-0.158
423,1323,-0.181
432,1323,-0.149
441,1323,-0.17
450,1323,-0.193
459,1323,-0.161
468,1323,-0.183
477,1323,-0.206
486,1323,-0.266
495,1323,-0.295
504,1323,-0.287
513,1323,-0.213
522,1323,-0.207
531,1323,-0.149
540,1323,-0.196
549,1323,-0.164
558,1323,-0.185
567,1323,-0.155
576,1323,-0.151
585,1323,-0.196
594,1323,-0.219
603,1323,-0.277
612,1323,-0.305
621,1323,-0.335
630,1323,-0.256
639,1323,-0.249
648,1323,-0.213
657,1323,-0.207
666,1323,-0.202
675,1323,-0.224
684,1323,-0.248
693,1323,-0.309
702,1323,-0.301
711,1323,-0.33
720,1323,-0.402
729,1323,-0.534
738,1323,-0.576
747,1323,-0.619
756,1323,-0.552
765,1323,-0.49
774,1323,-0.581
783,1323,-0.517
792,1323,-0.506
801,1323,-0.496
810,1323,-0.535
819,1323,-0.524
828,1323,-0.465
837,1323,-0.331
846,1323,-0.402
855,1323,-0.393
864,1323,-0.275
873,1323,-0.301
882,1323,-0.261
891,1323,-0.287
900,1323,-0.351
909,1323,-0.307
918,1323,-0.266
927,1323,-0.365
936,1323,-0.439
945,1323,-0.475
954,1323,-0.563
963,1323,-0.606
972,1323,0.542
981,1323,0.696
990,1323,0.809
999,1323,0.795
1008,1323,0.848
1017,1323,0.769
1026,1323,0.694
1035,1323,0.807
1044,1323,0.613
1053,1323,0.602
1062,1323,0.705
1071,1323,0.755
1080,1323,0.946
1089,1323,0.861
1098,1323,0.847
1107,1323,0.904
1116,1323,1.038
1125,1323,0.948
1134,1323,0.73
1143,1323,0.849
1152,1323,0.836
1161,1323,0.823
1170,1323,0.624
1179,1323,0.613
1188,1323,0.602
1197,1323,0.648
1206,1323,0.637
1215,1323,0.685
1224,1323,0.872
1233,1323,0.932
1242,1323,0.919
1251,1323,0.906
1260,1323,1.048
1269,1323,1.294
1278,1323,1.279
1287,1323,1.089
1296,1323,1.161
1305,1323,1.33
1314,1323,1.133
1323,1323,1.035
1332,1323,0.793
1341,1323,0.589
1350,1323,0.522
1359,1323,0.512
1368,1323,0.616
1377,1323,0.546
1386,1323,0.594
1395,1323,0.583
1404,1323,0.769
1413,1323,0.757
1422,1323,0.819
1431,1323,0.665
1440,1323,0.723
1449,1323,0.643
1458,1323,0.569
1467,1323,0.621
1476,1323,0.677
1485,1323,0.666
1494,1323,0.726
1503,1323,0.791
1512,1323,0.779
1521,1323,0.934
1530,1323,1.014
1539,1323,1.002
1548,1323,0.814
1557,1323,0.723
1566,1323,0.636
1575,1323,0.625
1584,1323,0.48
1593,1323,0.469
1602,1323,0.4
1611,1323,0.336
1620,1323,0.379
1629,1323,0.426
1638,1323,0.415
1647,1323,0.404
1656,1323,0.393
1665,1323,0.275
1674,1323,0.119
1683,1323,0.088
1692,1323,0.131
1701,1323,0.096
1710,1323,0.089
1719,1323,0.135
1728,1323,0.2
1737,1323,0.349
1746,1323,0.483
1755,1323,0.558
1764,1323,0.546
1773,1323,0.534
1782,1323,0.352
1791,1323,0.418
1800,1323,0.323
1809,1323,0.308
1818,1323,0.292
1827,1323,0.206
1836,1323,0.188
1845,1323,0.116
1854,1323,0.061
1863,1323,0.08
1872,1323,0.171
1881,1323,0.142
1890,1323,0.108
1899,1323,0.022
1908,1323,-0
1917,1323,-0
9,1332,-0.048
18,1332,-0.502
27,1332,-0.627
36,1332,-0.523
45,1332,-0.456
54,1332,-0.728
63,1332,-0.645
72,1332,-0.581
81,1332,-0.412
90,1332,-0.609
99,1332,-0.69
108,1332,-0.638
117,1332,-0.854
126,1332,-0.553
135,1332,-0.426
144,1332,-0.327
153,1332,-0.31
162,1332,-0.519
171,1332,-0.341
180,1332,-0.465
189,1332,-0.371
198,1332,-0.294
207,1332,-0.28
216,1332,-0.321
225,1332,-0.256
234,1332,-0.294
243,1332,-0.334
252,1332,-0.319
261,1332,-0.36
270,1332,-0.345
279,1332,-0.386
288,1332,-0.371
297,1332,-0.412
306,1332,-0.521
315,1332,-0.501
324,1332,-0.549
333,1332,-0.528
342,1332,-0.576
351,1332,-0.377
360,1332,-0.233
369,1332,-0.262
378,1332,-0.293
387,1332,-0.283
396,1332,-0.201
405,1332,-0.165
414,1332,-0.159
423,1332,-0.181
432,1332,-0.148
441,1332,-0.168
450,1332,-0.19
459,1332,-0.156
468,1332,-0.177
477,1332,-0.198
486,1332,-0.255
495,1332,-0.283
504,1332,-0.274
513,1332,-0.2
522,1332,-0.193
531,1332,-0.138
540,1332,-0.181
549,1332,-0.15
558,1332,-0.169
567,1332,-0.14
576,1332,-0.135
585,1332,-0.176
594,1332,-0.196
603,1332,-0.249
612,1332,-0.31
621,1332,-0.339
630,1332,-0.257
639,1332,-0.249
648,1332,-0.212
657,1332,-0.205
666,1332,-0.198
675,1332,-0.219
684,1332,-0.242
693,1332,-0.3
702,1332,-0.291
711,1332,-0.318
720,1332,-0.386
729,1332,-0.514
738,1332,-0.552
747,1332,-0.592
756,1332,-0.524
765,1332,-0.462
774,1332,-0.549
783,1332,-0.485
792,1332,-0.473
801,1332,-0.46
810,1332,-0.496
819,1332,-0.483
828,1332,-0.425
837,1332,-0.298
846,1332,-0.362
855,1332,-0.353
864,1332,-0.242
873,1332,-0.265
882,1332,-0.227
891,1332,-0.249
900,1332,-0.306
909,1332,-0.265
918,1332,-0.227
927,1332,-0.314
936,1332,-0.381
945,1332,-0.412
954,1332,-0.491
963,1332,-0.527
972,1332,0.467
981,1332,0.606
990,1332,0.707
999,1332,0.692
1008,1332,0.738
1017,1332,0.662
1026,1332,0.592
1035,1332,0.692
1044,1332,0.514
1053,1332,0.502
1062,1332,0.593
1071,1332,0.635
1080,1332,0.805
1089,1332,0.725
1098,1332,0.773
1107,1332,0.824
1116,1332,0.948
1125,1332,0.86
1134,1332,0.652
1143,1332,0.761
1152,1332,0.746
1161,1332,0.731
1170,1332,0.543
1179,1332,0.531
1188,1332,0.571
1197,1332,0.614
1206,1332,0.6
1215,1332,0.645
1224,1332,0.823
1233,1332,0.878
1242,1332,0.862
1251,1332,0.846
1260,1332,0.979
1269,1332,1.213
1278,1332,1.195
1287,1332,1.008
1296,1332,1.073
1305,1332,1.231
1314,1332,1.124
1323,1332,1.022
1332,1332,0.778
1341,1332,0.573
1350,1332,0.56
1359,1332,0.547
1368,1332,0.654
1377,1332,0.579
1386,1332,0.626
1395,1332,0.612
1404,1332,0.801
1413,1332,0.786
1422,1332,0.847
1431,1332,0.686
1440,1332,0.742
1449,1332,0.658
1458,1332,0.58
1467,1332,0.63
1476,1332,0.684
1485,1332,0.67
1494,1332,0.727
1503,1332,0.789
1512,1332,0.774
1521,1332,0.925
1530,1332,1.001
1539,1332,0.985
1548,1332,0.795
1557,1332,0.701
1566,1332,0.613
1575,1332,0.599
1584,1332,0.454
1593,1332,0.441
1602,1332,0.428
1611,1332,0.359
1620,1332,0.401
1629,1332,0.448
1638,1332,0.434
1647,1332,0.421
1656,1332,0.407
1665,1332,0.283
1674,1332,0.152
1683,1332,0.113
1692,1332,0.164
1701,1332,0.122
1710,1332,0.113
1719,1332,0.167
1728,1332,0.241
1737,1332,0.407
1746,1332,0.553
1755,1332,0.633
1764,1332,0.618
1773,1332,0.602
1782,1332,0.402
1791,1332,0.472
1800,1332,0.367
1809,1332,0.348
1818,1332,0.329
1827,1332,0.233
1836,1332,0.213
1845,1332,0.132
1854,1332,0.07
1863,1332,0.09
1872,1332,0.187
1881,1332,0.155
1890,1332,0.117
1899,1332,0.024
1908,1332,-0
1917,1332,-0
9,1341,-0.045
18,1341,-0.481
27,1341,-0.597
36,1341,-0.493
45,1341,-0.425
54,1341,-0.682
63,1341,-0.599
72,1341,-0.535
81,1341,-0.373
90,1341,-0.556
99,1341,-0.63
108,1341,-0.578
117,1341,-0.779
126,1341,-0.494
135,1341,-0.459
144,1341,-0.35
153,1341,-0.328
162,1341,-0.542
171,1341,-0.427
180,1341,-0.565
189,1341,-0.451
198,1341,-0.358
207,1341,-0.338
216,1341,-0.381
225,1341,-0.304
234,1341,-0.343
243,1341,-0.384
252,1341,-0.365
261,1341,-0.406
270,1341,-0.387
279,1341,-0.428
288,1341,-0.408
297,1341,-0.45
306,1341,-0.562
315,1341,-0.538
324,1341,-0.584
333,1341,-0.559
342,1341,-0.606
351,1341,-0.452
360,1341,-0.285
369,1341,-0.316
378,1341,-0.348
387,1341,-0.334
396,1341,-0.24
405,1341,-0.197
414,1341,-0.188
423,1341,-0.211
432,1341,-0.173
441,1341,-0.194
450,1341,-0.216
459,1341,-0.208
468,1341,-0.231
477,1341,-0.255
486,1341,-0.321
495,1341,-0.351
504,1341,-0.338
513,1341,-0.25
522,1341,-0.241
531,1341,-0.201
540,1341,-0.255
549,1341,-0.214
558,1341,-0.236
567,1341,-0.197
576,1341,-0.19
585,1341,-0.24
594,1341,-0.264
603,1341,-0.326
612,1341,-0.398
621,1341,-0.43
630,1341,-0.33
639,1341,-0.319
648,1341,-0.272
657,1341,-0.262
666,1341,-0.253
675,1341,-0.276
684,1341,-0.301
693,1341,-0.367
702,1341,-0.355
711,1341,-0.383
720,1341,-0.46
729,1341,-0.6
738,1341,-0.64
747,1341,-0.681
756,1341,-0.604
765,1341,-0.533
774,1341,-0.626
783,1341,-0.553
792,1341,-0.537
801,1341,-0.522
810,1341,-0.558
819,1341,-0.542
828,1341,-0.477
837,1341,-0.337
846,1341,-0.405
855,1341,-0.392
864,1341,-0.271
873,1341,-0.294
882,1341,-0.252
891,1341,-0.275
900,1341,-0.334
909,1341,-0.288
918,1341,-0.247
927,1341,-0.338
936,1341,-0.406
945,1341,-0.437
954,1341,-0.517
963,1341,-0.553
972,1341,0.488
981,1341,0.63
990,1341,0.731
999,1341,0.713
1008,1341,0.757
1017,1341,0.678
1026,1341,0.604
1035,1341,0.703
1044,1341,0.52
1053,1341,0.506
1062,1341,0.595
1071,1341,0.635
1080,1341,0.803
1089,1341,0.72
1098,1341,0.766
1107,1341,0.813
1116,1341,0.935
1125,1341,0.843
1134,1341,0.695
1143,1341,0.805
1152,1341,0.787
1161,1341,0.769
1170,1341,0.572
1179,1341,0.557
1188,1341,0.596
1197,1341,0.638
1206,1341,0.621
1215,1341,0.664
1224,1341,0.843
1233,1341,0.897
1242,1341,0.877
1251,1341,0.858
1260,1341,0.99
1269,1341,1.222
1278,1341,1.2
1287,1341,1.009
1296,1341,1.07
1305,1341,1.225
1314,1341,1.114
1323,1341,1.009
1332,1341,0.763
1341,1341,0.558
1350,1341,0.542
1359,1341,0.527
1368,1341,0.629
1377,1341,0.553
1386,1341,0.596
1395,1341,0.58
1404,1341,0.761
1413,1341,0.743
1422,1341,0.798
1431,1341,0.641
1440,1341,0.691
1449,1341,0.607
1458,1341,0.591
1467,1341,0.64
1476,1341,0.691
1485,1341,0.674
1494,1341,0.729
1503,1341,0.787
1512,1341,0.769
1521,1341,0.917
1530,1341,0.988
1539,1341,0.969
1548,1341,0.86
1557,1341,0.758
1566,1341,0.662
1575,1341,0.644
1584,1341,0.49
1593,1341,0.474
1602,1341,0.522
1611,1341,0.441
1620,1341,0.488
1629,1341,0.54
1638,1341,0.522
1647,1341,0.505
1656,1341,0.488
1665,1341,0.346
1674,1341,0.191
1683,1341,0.144
1692,1341,0.204
1701,1341,0.154
1710,1341,0.142
1719,1341,0.204
1728,1341,0.288
1737,1341,0.472
1746,1341,0.63
1755,1341,0.714
1764,1341,0.695
1773,1341,0.676
1782,1341,0.456
1791,1341,0.53
1800,1341,0.414
1809,1341,0.392
1818,1341,0.369
1827,1341,0.263
1836,1341,0.239
1845,1341,0.15
1854,1341,0.081
1863,1341,0.101
1872,1341,0.205
1881,1341,0.168
1890,1341,0.127
1899,1341,0.026
1908,1341,-0
1917,1341,-0
9,1350,-0.042
18,1350,-0.461
27,1350,-0.568
36,1350,-0.464
45,1350,-0.395
54,1350,-0.638
63,1350,-0.555
72,1350,-0.491
81,1350,-0.336
90,1350,-0.506
99,1350,-0.573
108,1350,-0.521
117,1350,-0.707
126,1350,-0.438
135,1350,-0.404
144,1350,-0.303
153,1350,-0.282
162,1350,-0.475
171,1350,-0.368
180,1350,-0.492
189,1350,-0.387
198,1350,-0.302
207,1350,-0.283
216,1350,-0.32
225,1350,-0.25
234,1350,-0.283
243,1350,-0.318
252,1350,-0.355
261,1350,-0.393
270,1350,-0.371
279,1350,-0.409
288,1350,-0.449
297,1350,-0.49
306,1350,-0.605
315,1350,-0.576
324,1350,-0.621
333,1350,-0.592
342,1350,-0.715
351,1350,-0.538
360,1350,-0.345
369,1350,-0.377
378,1350,-0.411
387,1350,-0.392
396,1350,-0.284
405,1350,-0.233
414,1350,-0.222
423,1350,-0.245
432,1350,-0.201
441,1350,-0.223
450,1350,-0.246
459,1350,-0.235
468,1350,-0.258
477,1350,-0.283
486,1350,-0.352
495,1350,-0.382
504,1350,-0.366
513,1350,-0.271
522,1350,-0.259
531,1350,-0.215
540,1350,-0.271
549,1350,-0.226
558,1350,-0.248
567,1350,-0.207
576,1350,-0.197
585,1350,-0.248
594,1350,-0.271
603,1350,-0.333
612,1350,-0.404
621,1350,-0.434
630,1350,-0.332
639,1350,-0.319
648,1350,-0.271
657,1350,-0.294
666,1350,-0.282
675,1350,-0.306
684,1350,-0.331
693,1350,-0.399
702,1350,-0.384
711,1350,-0.413
720,1350,-0.491
729,1350,-0.635
738,1350,-0.674
747,1350,-0.714
756,1350,-0.631
765,1350,-0.556
774,1350,-0.649
783,1350,-0.572
792,1350,-0.608
801,1350,-0.589
810,1350,-0.626
819,1350,-0.606
828,1350,-0.533
837,1350,-0.379
846,1350,-0.451
855,1350,-0.436
864,1350,-0.303
873,1350,-0.326
882,1350,-0.28
891,1350,-0.302
900,1350,-0.364
909,1350,-0.314
918,1350,-0.268
927,1350,-0.363
936,1350,-0.433
945,1350,-0.463
954,1350,-0.545
963,1350,-0.58
972,1350,0.511
981,1350,0.654
990,1350,0.756
999,1350,0.735
1008,1350,0.844
1017,1350,0.756
1026,1350,0.674
1035,1350,0.778
1044,1350,0.579
1053,1350,0.561
1062,1350,0.654
1071,1350,0.694
1080,1350,0.87
1089,1350,0.78
1098,1350,0.825
1107,1350,0.872
1116,1350,0.996
1125,1350,0.898
1134,1350,0.74
1143,1350,0.852
1152,1350,0.83
1161,1350,0.878
1170,1350,0.66
1179,1350,0.641
1188,1350,0.682
1197,1350,0.724
1206,1350,0.704
1215,1350,0.748
1224,1350,0.939
1233,1350,0.993
1242,1350,0.969
1251,1350,0.946
1260,1350,1.083
1269,1350,1.325
1278,1350,1.395
1287,1350,1.18
1296,1350,1.245
1305,1350,1.411
1314,1350,1.286
1323,1350,1.168
1332,1350,0.894
1341,1350,0.662
1350,1350,0.643
1359,1350,0.624
1368,1350,0.735
1377,1350,0.648
1386,1350,0.694
1395,1350,0.674
1404,1350,0.87
1413,1350,0.848
1422,1350,0.905
1431,1350,0.73
1440,1350,0.783
1449,1350,0.689
1458,1350,0.669
1467,1350,0.719
1476,1350,0.773
1485,1350,0.751
1494,1350,0.808
1503,1350,0.867
1512,1350,0.845
1521,1350,0.998
1530,1350,1.07
1539,1350,1.046
1548,1350,0.929
1557,1350,0.818
1566,1350,0.714
1575,1350,0.774
1584,1350,0.597
1593,1350,0.576
1602,1350,0.629
1611,1350,0.536
1620,1350,0.587
1629,1350,0.643
1638,1350,0.622
1647,1350,0.6
1656,1350,0.579
1665,1350,0.417
1674,1350,0.237
1683,1350,0.182
1692,1350,0.251
1701,1350,0.191
1710,1350,0.176
1719,1350,0.247
1728,1350,0.341
1737,1350,0.544
1746,1350,0.714
1755,1350,0.803
1764,1350,0.78
1773,1350,0.756
1782,1350,0.516
1791,1350,0.594
1800,1350,0.466
1809,1350,0.44
1818,1350,0.413
1827,1350,0.296
1836,1350,0.268
1845,1350,0.169
1854,1350,0.092
1863,1350,0.114
1872,1350,0.224
1881,1350,0.183
1890,1350,0.137
1899,1350,0.029
1908,1350,-0
1917,1350,-0
9,1359,-0.04
18,1359,-0.441
27,1359,-0.54
36,1359,-0.435
45,1359,-0.367
54,1359,-0.595
63,1359,-0.513
72,1359,-0.449
81,1359,-0.302
90,1359,-0.458
99,1359,-0.519
108,1359,-0.468
117,1359,-0.64
126,1359,-0.387
135,1359,-0.354
144,1359,-0.261
153,1359,-0.24
162,1359,-0.413
171,1359,-0.315
180,1359,-0.426
189,1359,-0.329
198,1359,-0.251
207,1359,-0.234
216,1359,-0.319
225,1359,-0.298
234,1359,-0.332
243,1359,-0.367
252,1359,-0.404
261,1359,-0.512
270,1359,-0.482
279,1359,-0.523
288,1359,-0.565
297,1359,-0.607
306,1359,-0.736
315,1359,-0.697
324,1359,-0.743
333,1359,-0.705
342,1359,-0.838
351,1359,-0.636
360,1359,-0.413
369,1359,-0.447
378,1359,-0.482
387,1359,-0.458
396,1359,-0.382
405,1359,-0.316
414,1359,-0.3
423,1359,-0.326
432,1359,-0.269
441,1359,-0.294
450,1359,-0.32
459,1359,-0.304
468,1359,-0.33
477,1359,-0.357
486,1359,-0.435
495,1359,-0.467
504,1359,-0.446
513,1359,-0.377
522,1359,-0.36
531,1359,-0.302
540,1359,-0.37
549,1359,-0.312
558,1359,-0.337
567,1359,-0.283
576,1359,-0.269
585,1359,-0.331
594,1359,-0.356
603,1359,-0.429
612,1359,-0.51
621,1359,-0.543
630,1359,-0.42
639,1359,-0.403
648,1359,-0.343
657,1359,-0.369
666,1359,-0.353
675,1359,-0.378
684,1359,-0.405
693,1359,-0.481
702,1359,-0.462
711,1359,-0.492
720,1359,-0.578
729,1359,-0.735
738,1359,-0.775
747,1359,-0.816
756,1359,-0.722
765,1359,-0.637
774,1359,-0.736
783,1359,-0.71
792,1359,-0.749
801,1359,-0.724
810,1359,-0.763
819,1359,-0.737
828,1359,-0.652
837,1359,-0.521
846,1359,-0.607
855,1359,-0.585
864,1359,-0.419
873,1359,-0.446
882,1359,-0.386
891,1359,-0.412
900,1359,-0.486
909,1359,-0.423
918,1359,-0.365
927,1359,-0.479
936,1359,-0.561
945,1359,-0.594
954,1359,-0.688
963,1359,-0.726
972,1359,0.643
981,1359,0.807
990,1359,0.92
999,1359,0.893
1008,1359,1.014
1017,1359,0.911
1026,1359,0.815
1035,1359,0.929
1044,1359,0.702
1053,1359,0.68
1062,1359,0.782
1071,1359,0.825
1080,1359,1.017
1089,1359,0.914
1098,1359,0.961
1107,1359,1.01
1116,1359,1.143
1125,1359,1.032
1134,1359,0.855
1143,1359,0.976
1152,1359,0.949
1161,1359,0.998
1170,1359,0.757
1179,1359,0.733
1188,1359,0.776
1197,1359,0.82
1206,1359,0.795
1215,1359,0.84
1224,1359,1.042
1233,1359,1.097
1242,1359,1.068
1251,1359,1.04
1260,1359,1.182
1269,1359,1.434
1278,1359,1.503
1287,1359,1.274
1296,1359,1.339
1305,1359,1.508
1314,1359,1.374
1323,1359,1.247
1332,1359,0.956
1341,1359,0.71
1350,1359,0.687
1359,1359,0.665
1368,1359,0.778
1377,1359,0.685
1386,1359,0.73
1395,1359,0.707
1404,1359,0.906
1413,1359,0.88
1422,1359,0.935
1431,1359,0.754
1440,1359,0.804
1449,1359,0.706
1458,1359,0.754
1467,1359,0.806
1476,1359,0.861
1485,1359,0.835
1494,1359,0.892
1503,1359,0.953
1512,1359,0.926
1521,1359,1.085
1530,1359,1.157
1539,1359,1.129
1548,1359,1.002
1557,1359,0.882
1566,1359,0.769
1575,1359,0.829
1584,1359,0.64
1593,1359,0.616
1602,1359,0.668
1611,1359,0.568
1620,1359,0.619
1629,1359,0.674
1638,1359,0.649
1647,1359,0.624
1656,1359,0.598
1665,1359,0.429
1674,1359,0.243
1683,1359,0.185
1692,1359,0.253
1701,1359,0.191
1710,1359,0.174
1719,1359,0.244
1728,1359,0.334
1737,1359,0.532
1746,1359,0.696
1755,1359,0.778
1764,1359,0.749
1773,1359,0.721
1782,1359,0.483
1791,1359,0.552
1800,1359,0.424
1809,1359,0.394
1818,1359,0.46
1827,1359,0.332
1836,1359,0.3
1845,1359,0.191
1854,1359,0.104
1863,1359,0.127
1872,1359,0.244
1881,1359,0.199
1890,1359,0.148
1899,1359,0.031
1908,1359,-0
1917,1359,-0
9,1368,-0.037
18,1368,-0.421
27,1368,-0.513
36,1368,-0.408
45,1368,-0.339
54,1368,-0.554
63,1368,-0.473
72,1368,-0.41
81,1368,-0.27
90,1368,-0.414
99,1368,-0.468
108,1368,-0.418
117,1368,-0.576
126,1368,-0.34
135,1368,-0.308
144,1368,-0.222
153,1368,-0.203
162,1368,-0.357
171,1368,-0.267
180,1368,-0.365
189,1368,-0.276
198,1368,-0.207
207,1368,-0.191
216,1368,-0.264
225,1368,-0.244
234,1368,-0.273
243,1368,-0.303
252,1368,-0.393
261,1368,-0.497
270,1368,-0.464
279,1368,-0.502
288,1368,-0.54
297,1368,-0.579
306,1368,-0.701
315,1368,-0.66
324,1368,-0.702
333,1368,-0.662
342,1368,-0.788
351,1368,-0.59
360,1368,-0.376
369,1368,-0.407
378,1368,-0.438
387,1368,-0.413
396,1368,-0.34
405,1368,-0.278
414,1368,-0.261
423,1368,-0.285
432,1368,-0.231
441,1368,-0.252
450,1368,-0.274
459,1368,-0.259
468,1368,-0.281
477,1368,-0.304
486,1368,-0.373
495,1368,-0.4
504,1368,-0.379
513,1368,-0.316
522,1368,-0.299
531,1368,-0.248
540,1368,-0.306
549,1368,-0.253
558,1368,-0.274
567,1368,-0.226
576,1368,-0.214
585,1368,-0.265
594,1368,-0.286
603,1368,-0.347
612,1368,-0.417
621,1368,-0.444
630,1368,-0.336
639,1368,-0.319
648,1368,-0.267
657,1368,-0.288
666,1368,-0.273
675,1368,-0.293
684,1368,-0.315
693,1368,-0.378
702,1368,-0.36
711,1368,-0.384
720,1368,-0.505
729,1368,-0.648
738,1368,-0.683
747,1368,-0.718
756,1368,-0.63
765,1368,-0.549
774,1368,-0.637
783,1368,-0.612
792,1368,-0.645
801,1368,-0.679
810,1368,-0.714
819,1368,-0.687
828,1368,-0.661
837,1368,-0.525
846,1368,-0.61
855,1368,-0.586
864,1368,-0.417
873,1368,-0.443
882,1368,-0.381
891,1368,-0.405
900,1368,-0.477
909,1368,-0.412
918,1368,-0.353
927,1368,-0.464
936,1368,-0.542
945,1368,-0.572
954,1368,-0.662
963,1368,-0.696
972,1368,0.613
981,1368,0.77
990,1368,0.877
999,1368,0.848
1008,1368,0.963
1017,1368,0.86
1026,1368,0.764
1035,1368,0.871
1044,1368,0.65
1053,1368,0.626
1062,1368,0.722
1071,1368,0.826
1080,1368,1.016
1089,1368,0.91
1098,1368,0.954
1107,1368,0.999
1116,1368,1.128
1125,1368,1.015
1134,1368,0.836
1143,1368,0.953
1152,1368,0.922
1161,1368,0.968
1170,1368,0.728
1179,1368,0.702
1188,1368,0.74
1197,1368,0.85
1206,1368,0.822
1215,1368,0.94
1224,1368,1.153
1233,1368,1.208
1242,1368,1.174
1251,1368,1.14
1260,1368,1.288
1269,1368,1.55
1278,1368,1.618
1287,1368,1.374
1296,1368,1.437
1305,1368,1.611
1314,1368,1.466
1323,1368,1.329
1332,1368,1.022
1341,1368,0.834
1350,1368,0.806
1359,1368,0.778
1368,1368,0.901
1377,1368,0.796
1386,1368,0.843
1395,1368,0.814
1404,1368,1.029
1413,1368,0.998
1422,1368,1.055
1431,1368,0.855
1440,1368,0.906
1449,1368,0.797
1458,1368,0.847
1467,1368,0.9
1476,1368,0.956
1485,1368,0.925
1494,1368,0.983
1503,1368,1.044
1512,1368,1.013
1521,1368,1.178
1530,1368,1.25
1539,1368,1.216
1548,1368,1.079
1557,1368,0.949
1566,1368,0.828
1575,1368,0.887
1584,1368,0.686
1593,1368,0.658
1602,1368,0.71
1611,1368,0.602
1620,1368,0.652
1629,1368,0.706
1638,1368,0.677
1647,1368,0.648
1656,1368,0.619
1665,1368,0.442
1674,1368,0.25
1683,1368,0.188
1692,1368,0.256
1701,1368,0.235
1710,1368,0.214
1719,1368,0.293
1728,1368,0.393
1737,1368,0.61
1746,1368,0.787
1755,1368,0.872
1764,1368,0.839
1773,1368,0.805
1782,1368,0.545
1791,1368,0.618
1800,1368,0.477
1809,1368,0.443
1818,1368,0.511
1827,1368,0.371
1836,1368,0.334
1845,1368,0.214
1854,1368,0.118
1863,1368,0.142
1872,1368,0.266
1881,1368,0.215
1890,1368,0.159
1899,1368,0.034
1908,1368,-0
1917,1368,-0
9,1377,-0.035
18,1377,-0.402
27,1377,-0.487
36,1377,-0.382
45,1377,-0.313
54,1377,-0.515
63,1377,-0.434
72,1377,-0.372
81,1377,-0.24
90,1377,-0.372
99,1377,-0.42
108,1377,-0.372
117,1377,-0.516
126,1377,-0.296
135,1377,-0.266
144,1377,-0.188
153,1377,-0.17
162,1377,-0.306
171,1377,-0.224
180,1377,-0.31
189,1377,-0.23
198,1377,-0.169
207,1377,-0.154
216,1377,-0.216
225,1377,-0.198
234,1377,-0.222
243,1377,-0.247
252,1377,-0.324
261,1377,-0.414
270,1377,-0.384
279,1377,-0.415
288,1377,-0.448
297,1377,-0.481
306,1377,-0.587
315,1377,-0.549
324,1377,-0.584
333,1377,-0.547
342,1377,-0.657
351,1377,-0.481
360,1377,-0.295
369,1377,-0.319
378,1377,-0.344
387,1377,-0.322
396,1377,-0.26
405,1377,-0.208
414,1377,-0.193
423,1377,-0.211
432,1377,-0.168
441,1377,-0.184
450,1377,-0.201
459,1377,-0.187
468,1377,-0.204
477,1377,-0.222
486,1377,-0.276
495,1377,-0.297
504,1377,-0.279
513,1377,-0.228
522,1377,-0.213
531,1377,-0.172
540,1377,-0.216
549,1377,-0.175
558,1377,-0.19
567,1377,-0.153
576,1377,-0.143
585,1377,-0.181
594,1377,-0.196
603,1377,-0.242
612,1377,-0.296
621,1377,-0.316
630,1377,-0.231
639,1377,-0.217
648,1377,-0.204
657,1377,-0.219
666,1377,-0.206
675,1377,-0.222
684,1377,-0.238
693,1377,-0.29
702,1377,-0.274
711,1377,-0.292
720,1377,-0.393
729,1377,-0.514
738,1377,-0.541
747,1377,-0.57
756,1377,-0.492
765,1377,-0.422
774,1377,-0.495
783,1377,-0.522
792,1377,-0.549
801,1377,-0.578
810,1377,-0.608
819,1377,-0.581
828,1377,-0.555
837,1377,-0.433
846,1377,-0.506
855,1377,-0.483
864,1377,-0.333
873,1377,-0.354
882,1377,-0.299
891,1377,-0.318
900,1377,-0.378
909,1377,-0.359
918,1377,-0.304
927,1377,-0.404
936,1377,-0.473
945,1377,-0.499
954,1377,-0.579
963,1377,-0.609
972,1377,0.53
981,1377,0.672
990,1377,0.768
999,1377,0.738
1008,1377,0.841
1017,1377,0.744
1026,1377,0.653
1035,1377,0.749
1044,1377,0.546
1053,1377,0.522
1062,1377,0.605
1071,1377,0.697
1080,1377,0.866
1089,1377,0.766
1098,1377,0.803
1107,1377,0.913
1116,1377,1.032
1125,1377,0.921
1134,1377,0.75
1143,1377,0.856
1152,1377,0.825
1161,1377,0.864
1170,1377,0.638
1179,1377,0.611
1188,1377,0.644
1197,1377,0.742
1206,1377,0.713
1215,1377,0.818
1224,1377,1.012
1233,1377,1.059
1242,1377,1.024
1251,1377,0.989
1260,1377,1.121
1269,1377,1.359
1278,1377,1.418
1287,1377,1.187
1296,1377,1.241
1305,1377,1.396
1314,1377,1.258
1323,1377,1.128
1332,1377,0.847
1341,1377,0.676
1350,1377,0.648
1359,1377,0.621
1368,1377,0.724
1377,1377,0.629
1386,1377,0.666
1395,1377,0.638
1404,1377,0.82
1413,1377,0.789
1422,1377,0.834
1431,1377,0.657
1440,1377,0.697
1449,1377,0.601
1458,1377,0.639
1467,1377,0.679
1476,1377,0.722
1485,1377,0.691
1494,1377,0.735
1503,1377,0.782
1512,1377,0.75
1521,1377,0.973
1530,1377,1.032
1539,1377,0.995
1548,1377,0.96
1557,1377,0.834
1566,1377,0.717
1575,1377,0.767
1584,1377,0.654
1593,1377,0.623
1602,1377,0.67
1611,1377,0.638
1620,1377,0.687
1629,1377,0.739
1638,1377,0.706
1647,1377,0.672
1656,1377,0.639
1665,1377,0.456
1674,1377,0.256
1683,1377,0.192
1692,1377,0.258
1701,1377,0.235
1710,1377,0.212
1719,1377,0.289
1728,1377,0.386
1737,1377,0.598
1746,1377,0.767
1755,1377,0.846
1764,1377,0.807
1773,1377,0.768
1782,1377,0.511
1791,1377,0.575
1800,1377,0.435
1809,1377,0.495
1818,1377,0.566
1827,1377,0.414
1836,1377,0.371
1845,1377,0.24
1854,1377,0.134
1863,1377,0.158
1872,1377,0.289
1881,1377,0.233
1890,1377,0.171
1899,1377,0.037
1908,1377,-0
1917,1377,-0
9,1386,-0.033
18,1386,-0.383
27,1386,-0.461
36,1386,-0.356
45,1386,-0.289
54,1386,-0.477
63,1386,-0.398
72,1386,-0.337
81,1386,-0.213
90,1386,-0.332
99,1386,-0.375
108,1386,-0.329
117,1386,-0.46
126,1386,-0.256
135,1386,-0.228
144,1386,-0.157
153,1386,-0.14
162,1386,-0.259
171,1386,-0.186
180,1386,-0.261
189,1386,-0.189
198,1386,-0.135
207,1386,-0.122
216,1386,-0.174
225,1386,-0.158
234,1386,-0.177
243,1386,-0.198
252,1386,-0.263
261,1386,-0.341
270,1386,-0.313
279,1386,-0.339
288,1386,-0.366
297,1386,-0.393
306,1386,-0.486
315,1386,-0.45
324,1386,-0.48
333,1386,-0.446
342,1386,-0.541
351,1386,-0.385
360,1386,-0.226
369,1386,-0.245
378,1386,-0.265
387,1386,-0.246
396,1386,-0.194
405,1386,-0.151
414,1386,-0.139
423,1386,-0.152
432,1386,-0.14
441,1386,-0.154
450,1386,-0.168
459,1386,-0.155
468,1386,-0.169
477,1386,-0.183
486,1386,-0.23
495,1386,-0.247
504,1386,-0.23
513,1386,-0.185
522,1386,-0.171
531,1386,-0.135
540,1386,-0.172
549,1386,-0.136
558,1386,-0.148
567,1386,-0.116
576,1386,-0.107
585,1386,-0.138
594,1386,-0.149
603,1386,-0.187
612,1386,-0.231
621,1386,-0.248
630,1386,-0.175
639,1386,-0.163
648,1386,-0.151
657,1386,-0.163
666,1386,-0.176
675,1386,-0.189
684,1386,-0.202
693,1386,-0.247
702,1386,-0.232
711,1386,-0.247
720,1386,-0.336
729,1386,-0.444
738,1386,-0.467
747,1386,-0.491
756,1386,-0.419
765,1386,-0.354
774,1386,-0.418
783,1386,-0.44
792,1386,-0.463
801,1386,-0.487
810,1386,-0.512
819,1386,-0.486
828,1386,-0.461
837,1386,-0.351
846,1386,-0.414
855,1386,-0.392
864,1386,-0.261
873,1386,-0.277
882,1386,-0.23
891,1386,-0.245
900,1386,-0.294
909,1386,-0.276
918,1386,-0.229
927,1386,-0.311
936,1386,-0.368
945,1386,-0.388
954,1386,-0.503
963,1386,-0.528
972,1386,0.503
981,1386,0.638
990,1386,0.729
999,1386,0.698
1008,1386,0.795
1017,1386,0.697
1026,1386,0.608
1035,1386,0.697
1044,1386,0.553
1053,1386,0.526
1062,1386,0.608
1071,1386,0.697
1080,1386,0.865
1089,1386,0.762
1098,1386,0.796
1107,1386,0.903
1116,1386,1.019
1125,1386,0.904
1134,1386,0.732
1143,1386,0.834
1152,1386,0.8
1161,1386,0.836
1170,1386,0.611
1179,1386,0.582
1188,1386,0.612
1197,1386,0.704
1206,1386,0.673
1215,1386,0.773
1224,1386,0.958
1233,1386,0.999
1242,1386,0.962
1251,1386,0.925
1260,1386,1.048
1269,1386,1.275
1278,1386,1.327
1287,1386,1.1
1296,1386,1.148
1305,1386,1.292
1314,1386,1.156
1323,1386,1.028
1332,1386,0.759
1341,1386,0.596
1350,1386,0.629
1359,1386,0.599
1368,1386,0.698
1377,1386,0.666
1386,1386,0.702
1395,1386,0.67
1404,1386,0.856
1413,1386,0.82
1422,1386,0.863
1431,1386,0.679
1440,1386,0.717
1449,1386,0.616
1458,1386,0.652
1467,1386,0.69
1476,1386,0.73
1485,1386,0.696
1494,1386,0.737
1503,1386,0.78
1512,1386,0.745
1521,1386,0.964
1530,1386,1.019
1539,1386,0.979
1548,1386,0.939
1557,1386,0.811
1566,1386,0.692
1575,1386,0.737
1584,1386,0.623
1593,1386,0.589
1602,1386,0.631
1611,1386,0.596
1620,1386,0.64
1629,1386,0.686
1638,1386,0.65
1647,1386,0.614
1656,1386,0.578
1665,1386,0.469
1674,1386,0.263
1683,1386,0.195
1692,1386,0.261
1701,1386,0.235
1710,1386,0.211
1719,1386,0.285
1728,1386,0.379
1737,1386,0.585
1746,1386,0.748
1755,1386,0.821
1764,1386,0.777
1773,1386,0.732
1782,1386,0.477
1791,1386,0.533
1800,1386,0.395
1809,1386,0.446
1818,1386,0.506
1827,1386,0.358
1836,1386,0.313
1845,1386,0.191
1854,1386,0.097
1863,1386,0.112
1872,1386,0.208
1881,1386,0.153
1890,1386,0.096
1899,1386,0.04
1908,1386,-0
1917,1386,-0
9,1395,-0.031
18,1395,-0.365
27,1395,-0.436
36,1395,-0.332
45,1395,-0.265
54,1395,-0.441
63,1395,-0.363
72,1395,-0.304
81,1395,-0.188
90,1395,-0.296
99,1395,-0.333
108,1395,-0.289
117,1395,-0.408
126,1395,-0.22
135,1395,-0.193
144,1395,-0.13
153,1395,-0.115
162,1395,-0.218
171,1395,-0.152
180,1395,-0.217
189,1395,-0.154
198,1395,-0.107
207,1395,-0.095
216,1395,-0.138
225,1395,-0.124
234,1395,-0.14
243,1395,-0.156
252,1395,-0.211
261,1395,-0.277
270,1395,-0.251
279,1395,-0.273
288,1395,-0.295
297,1395,-0.317
306,1395,-0.396
315,1395,-0.364
324,1395,-0.388
333,1395,-0.357
342,1395,-0.438
351,1395,-0.302
360,1395,-0.169
369,1395,-0.184
378,1395,-0.199
387,1395,-0.183
396,1395,-0.14
405,1395,-0.106
414,1395,-0.096
423,1395,-0.106
432,1395,-0.116
441,1395,-0.127
450,1395,-0.138
459,1395,-0.127
468,1395,-0.138
477,1395,-0.149
486,1395,-0.189
495,1395,-0.203
504,1395,-0.218
513,1395,-0.173
522,1395,-0.186
531,1395,-0.146
540,1395,-0.184
549,1395,-0.17
558,1395,-0.182
567,1395,-0.144
576,1395,-0.132
585,1395,-0.167
594,1395,-0.179
603,1395,-0.221
612,1395,-0.269
621,1395,-0.285
630,1395,-0.202
639,1395,-0.188
648,1395,-0.174
657,1395,-0.186
666,1395,-0.198
675,1395,-0.211
684,1395,-0.225
693,1395,-0.272
702,1395,-0.254
711,1395,-0.269
720,1395,-0.361
729,1395,-0.473
738,1395,-0.495
747,1395,-0.518
756,1395,-0.44
765,1395,-0.371
774,1395,-0.435
783,1395,-0.456
792,1395,-0.529
801,1395,-0.553
810,1395,-0.577
819,1395,-0.547
828,1395,-0.517
837,1395,-0.396
846,1395,-0.462
855,1395,-0.436
864,1395,-0.293
873,1395,-0.309
882,1395,-0.256
891,1395,-0.305
900,1395,-0.36
909,1395,-0.339
918,1395,-0.283
927,1395,-0.375
936,1395,-0.438
945,1395,-0.459
954,1395,-0.585
963,1395,-0.611
972,1395,0.58
981,1395,0.726
990,1395,0.823
999,1395,0.785
1008,1395,0.887
1017,1395,0.848
1026,1395,0.744
1035,1395,0.842
1044,1395,0.675
1053,1395,0.642
1062,1395,0.733
1071,1395,0.831
1080,1395,1.015
1089,1395,0.898
1098,1395,0.932
1107,1395,1.047
1116,1395,1.171
1125,1395,1.043
1134,1395,0.849
1143,1395,0.959
1152,1395,0.919
1161,1395,0.955
1170,1395,0.705
1179,1395,0.672
1188,1395,0.701
1197,1395,0.8
1206,1395,0.764
1215,1395,0.868
1224,1395,1.065
1233,1395,1.106
1242,1395,1.063
1251,1395,1.02
1260,1395,1.148
1269,1395,1.384
1278,1395,1.435
1287,1395,1.192
1296,1395,1.239
1305,1395,1.387
1314,1395,1.24
1323,1395,1.103
1332,1395,0.817
1341,1395,0.643
1350,1395,0.674
1359,1395,0.64
1368,1395,0.741
1377,1395,0.705
1386,1395,0.74
1395,1395,0.704
1404,1395,0.893
1413,1395,0.853
1422,1395,0.894
1431,1395,0.702
1440,1395,0.738
1449,1395,0.631
1458,1395,0.665
1467,1395,0.701
1476,1395,0.738
1485,1395,0.777
1494,1395,0.819
1503,1395,0.862
1512,1395,0.821
1521,1395,1.051
1530,1395,1.106
1539,1395,1.06
1548,1395,1.014
1557,1395,0.876
1566,1395,0.747
1575,1395,0.792
1584,1395,0.669
1593,1395,0.631
1602,1395,0.671
1611,1395,0.632
1620,1395,0.674
1629,1395,0.719
1638,1395,0.678
1647,1395,0.638
1656,1395,0.598
1665,1395,0.483
1674,1395,0.27
1683,1395,0.199
1692,1395,0.264
1701,1395,0.236
1710,1395,0.209
1719,1395,0.281
1728,1395,0.371
1737,1395,0.572
1746,1395,0.729
1755,1395,0.796
1764,1395,0.746
1773,1395,0.697
1782,1395,0.444
1791,1395,0.599
1800,1395,0.446
1809,1395,0.499
1818,1395,0.562
1827,1395,0.399
1836,1395,0.349
1845,1395,0.214
1854,1395,0.111
1863,1395,0.126
1872,1395,0.228
1881,1395,0.167
1890,1395,0.104
1899,1395,0.043
1908,1395,-0
1917,1395,-0
9,1404,-0.028
18,1404,-0.348
27,1404,-0.412
36,1404,-0.309
45,1404,-0.243
54,1404,-0.407
63,1404,-0.331
72,1404,-0.273
81,1404,-0.164
90,1404,-0.262
99,1404,-0.295
108,1404,-0.252
117,1404,-0.36
126,1404,-0.188
135,1404,-0.163
144,1404,-0.106
153,1404,-0.093
162,1404,-0.181
171,1404,-0.123
180,1404,-0.178
189,1404,-0.123
198,1404,-0.083
207,1404,-0.073
216,1404,-0.108
225,1404,-0.096
234,1404,-0.108
243,1404,-0.121
252,1404,-0.166
261,1404,-0.221
270,1404,-0.198
279,1404,-0.215
288,1404,-0.233
297,1404,-0.251
306,1404,-0.318
315,1404,-0.289
324,1404,-0.308
333,1404,-0.281
342,1404,-0.349
351,1404,-0.233
360,1404,-0.123
369,1404,-0.134
378,1404,-0.146
387,1404,-0.132
396,1404,-0.098
405,1404,-0.072
414,1404,-0.097
423,1404,-0.106
432,1404,-0.115
441,1404,-0.125
450,1404,-0.135
459,1404,-0.146
468,1404,-0.157
477,1404,-0.169
486,1404,-0.211
495,1404,-0.224
504,1404,-0.239
513,1404,-0.189
522,1404,-0.201
531,1404,-0.185
540,1404,-0.228
549,1404,-0.21
558,1404,-0.223
567,1404,-0.177
576,1404,-0.162
585,1404,-0.2
594,1404,-0.213
603,1404,-0.259
612,1404,-0.311
621,1404,-0.327
630,1404,-0.234
639,1404,-0.216
648,1404,-0.199
657,1404,-0.211
666,1404,-0.223
675,1404,-0.236
684,1404,-0.249
693,1404,-0.298
702,1404,-0.277
711,1404,-0.33
720,1404,-0.434
729,1404,-0.558
738,1404,-0.58
747,1404,-0.603
756,1404,-0.514
765,1404,-0.434
774,1404,-0.503
783,1404,-0.524
792,1404,-0.602
801,1404,-0.625
810,1404,-0.649
819,1404,-0.613
828,1404,-0.579
837,1404,-0.445
846,1404,-0.515
855,1404,-0.484
864,1404,-0.327
873,1404,-0.343
882,1404,-0.284
891,1404,-0.336
900,1404,-0.393
909,1404,-0.368
918,1404,-0.307
927,1404,-0.403
936,1404,-0.468
945,1404,-0.488
954,1404,-0.617
963,1404,-0.641
972,1404,0.606
981,1404,0.755
990,1404,0.851
999,1404,0.81
1008,1404,0.911
1017,1404,0.868
1026,1404,0.759
1035,1404,0.856
1044,1404,0.684
1053,1404,0.648
1062,1404,0.737
1071,1404,0.833
1080,1404,1.015
1089,1404,0.894
1098,1404,0.925
1107,1404,1.037
1116,1404,1.157
1125,1404,1.025
1134,1404,0.83
1143,1404,0.936
1152,1404,0.892
1161,1404,0.925
1170,1404,0.677
1179,1404,0.641
1188,1404,0.667
1197,1404,0.761
1206,1404,0.722
1215,1404,0.821
1224,1404,1.008
1233,1404,1.045
1242,1404,0.999
1251,1404,0.954
1260,1404,1.074
1269,1404,1.298
1278,1404,1.343
1287,1404,1.105
1296,1404,1.146
1305,1404,1.283
1314,1404,1.138
1323,1404,1.003
1332,1404,0.73
1341,1404,0.565
1350,1404,0.591
1359,1404,0.557
1368,1404,0.646
1377,1404,0.61
1386,1404,0.639
1395,1404,0.603
1404,1404,0.772
1413,1404,0.732
1422,1404,0.765
1431,1404,0.654
1440,1404,0.685
1449,1404,0.58
1458,1404,0.609
1467,1404,0.64
1476,1404,0.672
1485,1404,0.706
1494,1404,0.741
1503,1404,0.778
1512,1404,0.736
1521,1404,0.948
1530,1404,0.994
1539,1404,0.946
1548,1404,0.898
1557,1404,0.765
1566,1404,0.642
1575,1404,0.679
1584,1404,0.563
1593,1404,0.524
1602,1404,0.557
1611,1404,0.518
1620,1404,0.551
1629,1404,0.585
1638,1404,0.545
1647,1404,0.58
1656,1404,0.539
1665,1404,0.428
1674,1404,0.229
1683,1404,0.164
1692,1404,0.219
1701,1404,0.192
1710,1404,0.208
1719,1404,0.277
1728,1404,0.364
1737,1404,0.56
1746,1404,0.711
1755,1404,0.771
1764,1404,0.717
1773,1404,0.663
1782,1404,0.413
1791,1404,0.556
1800,1404,0.502
1809,1404,0.557
1818,1404,0.621
1827,1404,0.444
1836,1404,0.388
1845,1404,0.24
1854,1404,0.126
1863,1404,0.141
1872,1404,0.249
1881,1404,0.182
1890,1404,0.113
1899,1404,0.047
1908,1404,-0
1917,1404,-0
9,1413,-0.027
18,1413,-0.33
27,1413,-0.388
36,1413,-0.286
45,1413,-0.222
54,1413,-0.374
63,1413,-0.3
72,1413,-0.245
81,1413,-0.143
90,1413,-0.231
99,1413,-0.259
108,1413,-0.219
117,1413,-0.316
126,1413,-0.159
135,1413,-0.136
144,1413,-0.086
153,1413,-0.074
162,1413,-0.149
171,1413,-0.167
180,1413,-0.231
189,1413,-0.161
198,1413,-0.11
207,1413,-0.095
216,1413,-0.136
225,1413,-0.119
234,1413,-0.132
243,1413,-0.145
252,1413,-0.195
261,1413,-0.255
270,1413,-0.227
279,1413,-0.244
288,1413,-0.261
297,1413,-0.278
306,1413,-0.347
315,1413,-0.314
324,1413,-0.332
333,1413,-0.301
342,1413,-0.37
351,1413,-0.246
360,1413,-0.13
369,1413,-0.14
378,1413,-0.151
387,1413,-0.136
396,1413,-0.1
405,1413,-0.089
414,1413,-0.118
423,1413,-0.127
432,1413,-0.136
441,1413,-0.173
450,1413,-0.185
459,1413,-0.197
468,1413,-0.209
477,1413,-0.221
486,1413,-0.271
495,1413,-0.285
504,1413,-0.3
513,1413,-0.239
522,1413,-0.252
531,1413,-0.23
540,1413,-0.279
549,1413,-0.256
558,1413,-0.269
567,1413,-0.215
576,1413,-0.196
585,1413,-0.239
594,1413,-0.251
603,1413,-0.301
612,1413,-0.357
621,1413,-0.373
630,1413,-0.305
639,1413,-0.281
648,1413,-0.259
657,1413,-0.272
666,1413,-0.285
675,1413,-0.299
684,1413,-0.313
693,1413,-0.368
702,1413,-0.384
711,1413,-0.447
720,1413,-0.572
729,1413,-0.717
738,1413,-0.741
747,1413,-0.764
756,1413,-0.656
765,1413,-0.617
774,1413,-0.701
783,1413,-0.724
792,1413,-0.816
801,1413,-0.841
810,1413,-0.867
819,1413,-0.82
828,1413,-0.775
837,1413,-0.608
846,1413,-0.69
855,1413,-0.651
864,1413,-0.454
873,1413,-0.471
882,1413,-0.396
891,1413,-0.458
900,1413,-0.527
909,1413,-0.494
918,1413,-0.416
927,1413,-0.532
936,1413,-0.607
945,1413,-0.628
954,1413,-0.778
963,1413,-0.803
972,1413,0.76
981,1413,0.928
990,1413,1.035
999,1413,0.985
1008,1413,1.096
1017,1413,1.044
1026,1413,0.917
1035,1413,1.024
1044,1413,0.826
1053,1413,0.783
1062,1413,0.88
1071,1413,0.985
1080,1413,1.183
1089,1413,1.046
1098,1413,1.078
1107,1413,1.197
1116,1413,1.325
1125,1413,1.177
1134,1413,0.96
1143,1413,1.072
1152,1413,1.105
1161,1413,1.139
1170,1413,0.85
1179,1413,0.806
1188,1413,0.834
1197,1413,0.939
1206,1413,0.892
1215,1413,1.002
1224,1413,1.21
1233,1413,1.248
1242,1413,1.193
1251,1413,1.14
1260,1413,1.27
1269,1413,1.515
1278,1413,1.561
1287,1413,1.294
1296,1413,1.336
1305,1413,1.483
1314,1413,1.321
1323,1413,1.168
1332,1413,0.942
1341,1413,0.743
1350,1413,0.772
1359,1413,0.73
1368,1413,0.834
1377,1413,0.789
1386,1413,0.82
1395,1413,0.775
1404,1413,0.971
1413,1413,0.922
1422,1413,0.958
1431,1413,0.827
1440,1413,0.861
1449,1413,0.736
1458,1413,0.768
1467,1413,0.801
1476,1413,0.836
1485,1413,0.872
1494,1413,0.91
1503,1413,0.95
1512,1413,0.899
1521,1413,1.136
1530,1413,1.185
1539,1413,1.128
1548,1413,1.072
1557,1413,0.92
1566,1413,0.779
1575,1413,0.818
1584,1413,0.684
1593,1413,0.639
1602,1413,0.673
1611,1413,0.627
1620,1413,0.662
1629,1413,0.699
1638,1413,0.651
1647,1413,0.689
1656,1413,0.64
1665,1413,0.513
1674,1413,0.284
1683,1413,0.206
1692,1413,0.269
1701,1413,0.237
1710,1413,0.254
1719,1413,0.332
1728,1413,0.429
1737,1413,0.643
1746,1413,0.805
1755,1413,0.867
1764,1413,0.806
1773,1413,0.745
1782,1413,0.471
1791,1413,0.624
1800,1413,0.564
1809,1413,0.62
1818,1413,0.686
1827,1413,0.493
1836,1413,0.43
1845,1413,0.269
1854,1413,0.142
1863,1413,0.157
1872,1413,0.272
1881,1413,0.198
1890,1413,0.123
1899,1413,0.05
1908,1413,-0
1917,1413,-0
9,1422,-0.025
18,1422,-0.314
27,1422,-0.578
36,1422,-0.408
45,1422,-0.306
54,1422,-0.479
63,1422,-0.377
72,1422,-0.303
81,1422,-0.177
90,1422,-0.273
99,1422,-0.3
108,1422,-0.251
117,1422,-0.352
126,1422,-0.177
135,1422,-0.15
144,1422,-0.094
153,1422,-0.08
162,1422,-0.158
171,1422,-0.174
180,1422,-0.239
189,1422,-0.165
198,1422,-0.111
207,1422,-0.095
216,1422,-0.135
225,1422,-0.117
234,1422,-0.128
243,1422,-0.14
252,1422,-0.188
261,1422,-0.244
270,1422,-0.216
279,1422,-0.23
288,1422,-0.245
297,1422,-0.26
306,1422,-0.324
315,1422,-0.291
324,1422,-0.306
333,1422,-0.275
342,1422,-0.338
351,1422,-0.22
360,1422,-0.137
369,1422,-0.147
378,1422,-0.157
387,1422,-0.14
396,1422,-0.102
405,1422,-0.09
414,1422,-0.118
423,1422,-0.126
432,1422,-0.135
441,1422,-0.171
450,1422,-0.181
459,1422,-0.191
468,1422,-0.202
477,1422,-0.213
486,1422,-0.26
495,1422,-0.272
504,1422,-0.285
513,1422,-0.259
522,1422,-0.272
531,1422,-0.247
540,1422,-0.297
549,1422,-0.271
558,1422,-0.284
567,1422,-0.225
576,1422,-0.204
585,1422,-0.247
594,1422,-0.258
603,1422,-0.308
612,1422,-0.363
621,1422,-0.377
630,1422,-0.307
639,1422,-0.281
648,1422,-0.257
657,1422,-0.269
666,1422,-0.281
675,1422,-0.292
684,1422,-0.305
693,1422,-0.358
702,1422,-0.372
711,1422,-0.432
720,1422,-0.552
729,1422,-0.693
738,1422,-0.713
747,1422,-0.733
756,1422,-0.625
765,1422,-0.644
774,1422,-0.728
783,1422,-0.749
792,1422,-0.84
801,1422,-0.863
810,1422,-0.886
819,1422,-0.835
828,1422,-0.786
837,1422,-0.614
846,1422,-0.695
855,1422,-0.652
864,1422,-0.452
873,1422,-0.468
882,1422,-0.39
891,1422,-0.45
900,1422,-0.516
909,1422,-0.482
918,1422,-0.403
927,1422,-0.515
936,1422,-0.587
945,1422,-0.665
954,1422,-0.817
963,1422,-0.84
972,1422,0.793
981,1422,0.963
990,1422,1.07
999,1422,1.015
1008,1422,1.125
1017,1422,1.069
1026,1422,0.936
1035,1422,1.041
1044,1422,0.837
1053,1422,0.79
1062,1422,0.886
1071,1422,0.988
1080,1422,1.185
1089,1422,1.043
1098,1422,1.071
1107,1422,1.187
1116,1422,1.311
1125,1422,1.16
1134,1422,0.94
1143,1422,1.048
1152,1422,1.077
1161,1422,1.107
1170,1422,0.892
1179,1422,0.844
1188,1422,0.869
1197,1422,0.974
1206,1422,0.923
1215,1422,1.032
1224,1422,1.242
1233,1422,1.276
1242,1422,1.217
1251,1422,1.158
1260,1422,1.287
1269,1422,1.53
1278,1422,1.572
1287,1422,1.299
1296,1422,1.336
1305,1422,1.48
1314,1422,1.312
1323,1422,1.156
1332,1422,0.926
1341,1422,0.726
1350,1422,0.751
1359,1422,0.706
1368,1422,0.805
1377,1422,0.758
1386,1422,0.785
1395,1422,0.738
1404,1422,0.925
1413,1422,0.874
1422,1422,0.905
1431,1422,0.774
1440,1422,0.803
1449,1422,0.68
1458,1422,0.784
1467,1422,0.814
1476,1422,0.846
1485,1422,0.879
1494,1422,0.914
1503,1422,0.95
1512,1422,0.895
1521,1422,1.128
1530,1422,1.173
1539,1422,1.111
1548,1422,1.051
1557,1422,0.895
1566,1422,0.752
1575,1422,0.787
1584,1422,0.652
1593,1422,0.683
1602,1422,0.716
1611,1422,0.665
1620,1422,0.698
1629,1422,0.733
1638,1422,0.68
1647,1422,0.716
1656,1422,0.662
1665,1422,0.529
1674,1422,0.291
1683,1422,0.21
1692,1422,0.272
1701,1422,0.237
1710,1422,0.252
1719,1422,0.328
1728,1422,0.421
1737,1422,0.63
1746,1422,0.786
1755,1422,0.842
1764,1422,0.775
1773,1422,0.709
1782,1422,0.439
1791,1422,0.58
1800,1422,0.516
1809,1422,0.563
1818,1422,0.617
1827,1422,0.43
1836,1422,0.364
1845,1422,0.299
1854,1422,0.16
1863,1422,0.175
1872,1422,0.296
1881,1422,0.215
1890,1422,0.133
1899,1422,0.055
1908,1422,-0
1917,1422,-0
9,1431,-0.023
18,1431,-0.297
27,1431,-0.548
36,1431,-0.381
45,1431,-0.281
54,1431,-0.442
63,1431,-0.343
72,1431,-0.271
81,1431,-0.217
90,1431,-0.322
99,1431,-0.346
108,1431,-0.37
117,1431,-0.492
126,1431,-0.257
135,1431,-0.216
144,1431,-0.138
153,1431,-0.116
162,1431,-0.214
171,1431,-0.23
180,1431,-0.305
189,1431,-0.212
198,1431,-0.144
207,1431,-0.123
216,1431,-0.169
225,1431,-0.145
234,1431,-0.157
243,1431,-0.168
252,1431,-0.22
261,1431,-0.281
270,1431,-0.247
279,1431,-0.261
288,1431,-0.325
297,1431,-0.34
306,1431,-0.414
315,1431,-0.37
324,1431,-0.385
333,1431,-0.345
342,1431,-0.416
351,1431,-0.275
360,1431,-0.174
369,1431,-0.184
378,1431,-0.229
387,1431,-0.204
396,1431,-0.152
405,1431,-0.134
414,1431,-0.17
423,1431,-0.179
432,1431,-0.189
441,1431,-0.232
450,1431,-0.243
459,1431,-0.254
468,1431,-0.265
477,1431,-0.276
486,1431,-0.33
495,1431,-0.343
504,1431,-0.355
513,1431,-0.323
522,1431,-0.335
531,1431,-0.304
540,1431,-0.36
549,1431,-0.328
558,1431,-0.34
567,1431,-0.271
576,1431,-0.245
585,1431,-0.292
594,1431,-0.303
603,1431,-0.357
612,1431,-0.416
621,1431,-0.429
630,1431,-0.35
639,1431,-0.32
648,1431,-0.292
657,1431,-0.302
666,1431,-0.354
675,1431,-0.366
684,1431,-0.379
693,1431,-0.438
702,1431,-0.452
711,1431,-0.518
720,1431,-0.651
729,1431,-0.805
738,1431,-0.823
747,1431,-0.843
756,1431,-0.789
765,1431,-0.808
774,1431,-0.902
783,1431,-0.922
792,1431,-1.023
801,1431,-1.045
810,1431,-1.067
819,1431,-1.005
828,1431,-0.947
837,1431,-0.748
846,1431,-0.837
855,1431,-0.785
864,1431,-0.554
873,1431,-0.569
882,1431,-0.478
891,1431,-0.544
900,1431,-0.617
909,1431,-0.575
918,1431,-0.484
927,1431,-0.607
936,1431,-0.685
945,1431,-0.769
954,1431,-0.934
963,1431,-0.956
972,1431,0.901
981,1431,1.082
990,1431,1.194
999,1431,1.131
1008,1431,1.245
1017,1431,1.181
1026,1431,1.035
1035,1431,1.144
1044,1431,1.001
1053,1431,0.945
1062,1431,1.049
1071,1431,1.16
1080,1431,1.373
1089,1431,1.213
1098,1431,1.24
1107,1431,1.364
1116,1431,1.495
1125,1431,1.326
1134,1431,1.082
1143,1431,1.197
1152,1431,1.225
1161,1431,1.254
1170,1431,1.017
1179,1431,0.961
1188,1431,0.985
1197,1431,1.096
1206,1431,1.037
1215,1431,1.151
1224,1431,1.372
1233,1431,1.405
1242,1431,1.338
1251,1431,1.272
1260,1431,1.404
1269,1431,1.657
1278,1431,1.697
1287,1431,1.405
1296,1431,1.44
1305,1431,1.587
1314,1431,1.407
1323,1431,1.239
1332,1431,0.994
1341,1431,0.78
1350,1431,0.804
1359,1431,0.754
1368,1431,0.855
1377,1431,0.802
1386,1431,0.827
1395,1431,0.775
1404,1431,0.966
1413,1431,0.909
1422,1431,0.938
1431,1431,0.8
1440,1431,0.827
1449,1431,0.697
1458,1431,0.8
1467,1431,0.828
1476,1431,0.856
1485,1431,0.886
1494,1431,0.918
1503,1431,1.046
1512,1431,0.984
1521,1431,1.228
1530,1431,1.271
1539,1431,1.202
1548,1431,1.135
1557,1431,0.967
1566,1431,0.813
1575,1431,0.846
1584,1431,0.787
1593,1431,0.82
1602,1431,0.855
1611,1431,0.795
1620,1431,0.83
1629,1431,0.866
1638,1431,0.805
1647,1431,0.842
1656,1431,0.78
1665,1431,0.628
1674,1431,0.356
1683,1431,0.261
1692,1431,0.331
1701,1431,0.29
1710,1431,0.306
1719,1431,0.39
1728,1431,0.493
1737,1431,0.722
1746,1431,0.888
1755,1431,0.945
1764,1431,0.87
1773,1431,0.796
1782,1431,0.5
1791,1431,0.65
1800,1431,0.579
1809,1431,0.627
1818,1431,0.682
1827,1431,0.478
1836,1431,0.405
1845,1431,0.333
1854,1431,0.18
1863,1431,0.195
1872,1431,0.322
1881,1431,0.234
1890,1431,0.144
1899,1431,0.059
1908,1431,-0
1917,1431,-0
9,1440,-0.021
18,1440,-0.281
27,1440,-0.52
36,1440,-0.355
45,1440,-0.257
54,1440,-0.407
63,1440,-0.311
72,1440,-0.242
81,1440,-0.191
90,1440,-0.286
99,1440,-0.306
108,1440,-0.325
117,1440,-0.436
126,1440,-0.22
135,1440,-0.237
144,1440,-0.151
153,1440,-0.125
162,1440,-0.226
171,1440,-0.241
180,1440,-0.315
189,1440,-0.217
198,1440,-0.146
207,1440,-0.123
216,1440,-0.208
225,1440,-0.178
234,1440,-0.189
243,1440,-0.201
252,1440,-0.257
261,1440,-0.322
270,1440,-0.282
279,1440,-0.294
288,1440,-0.361
297,1440,-0.375
306,1440,-0.451
315,1440,-0.401
324,1440,-0.414
333,1440,-0.369
342,1440,-0.441
351,1440,-0.291
360,1440,-0.218
369,1440,-0.228
378,1440,-0.279
387,1440,-0.248
396,1440,-0.185
405,1440,-0.163
414,1440,-0.203
423,1440,-0.211
432,1440,-0.22
441,1440,-0.267
450,1440,-0.277
459,1440,-0.287
468,1440,-0.297
477,1440,-0.352
486,1440,-0.414
495,1440,-0.426
504,1440,-0.438
513,1440,-0.397
522,1440,-0.462
531,1440,-0.42
540,1440,-0.487
549,1440,-0.444
558,1440,-0.456
567,1440,-0.368
576,1440,-0.334
585,1440,-0.39
594,1440,-0.401
603,1440,-0.463
612,1440,-0.53
621,1440,-0.543
630,1440,-0.446
639,1440,-0.408
648,1440,-0.372
657,1440,-0.383
666,1440,-0.494
675,1440,-0.506
684,1440,-0.519
693,1440,-0.589
702,1440,-0.603
711,1440,-0.68
720,1440,-0.835
729,1440,-1.011
738,1440,-1.116
747,1440,-1.134
756,1440,-1.065
765,1440,-1.083
774,1440,-1.192
783,1440,-1.211
792,1440,-1.327
801,1440,-1.348
810,1440,-1.369
819,1440,-1.292
828,1440,-1.219
837,1440,-0.979
846,1440,-1.081
855,1440,-1.016
864,1440,-0.736
873,1440,-0.751
882,1440,-0.638
891,1440,-0.716
900,1440,-0.799
909,1440,-0.747
918,1440,-0.634
927,1440,-0.779
936,1440,-0.867
945,1440,-0.961
954,1440,-1.147
963,1440,-1.168
972,1440,1.102
981,1440,1.304
990,1440,1.425
999,1440,1.351
1008,1440,1.475
1017,1440,1.399
1026,1440,1.232
1035,1440,1.35
1044,1440,1.187
1053,1440,1.12
1062,1440,1.232
1071,1440,1.351
1080,1440,1.581
1089,1440,1.402
1098,1440,1.428
1107,1440,1.558
1116,1440,1.697
1125,1440,1.509
1134,1440,1.239
1143,1440,1.36
1152,1440,1.387
1161,1440,1.414
1170,1440,1.153
1179,1440,1.089
1188,1440,1.112
1197,1440,1.228
1206,1440,1.161
1215,1440,1.281
1224,1440,1.513
1233,1440,1.544
1242,1440,1.467
1251,1440,1.393
1260,1440,1.53
1269,1440,1.792
1278,1440,1.829
1287,1440,1.517
1296,1440,1.55
1305,1440,1.7
1314,1440,1.507
1323,1440,1.326
1332,1440,1.066
1341,1440,0.838
1350,1440,0.86
1359,1440,0.804
1368,1440,0.906
1377,1440,0.848
1386,1440,0.871
1395,1440,0.814
1404,1440,1.008
1413,1440,0.946
1422,1440,0.972
1431,1440,0.827
1440,1440,0.851
1449,1440,0.715
1458,1440,0.902
1467,1440,0.928
1476,1440,0.956
1485,1440,0.985
1494,1440,1.015
1503,1440,1.148
1512,1440,1.079
1521,1440,1.333
1530,1440,1.375
1539,1440,1.298
1548,1440,1.223
1557,1440,1.043
1566,1440,0.877
1575,1440,0.908
1584,1440,0.843
1593,1440,0.874
1602,1440,0.907
1611,1440,0.84
1620,1440,0.873
1629,1440,0.907
1638,1440,0.839
1647,1440,0.874
1656,1440,0.806
1665,1440,0.647
1674,1440,0.366
1683,1440,0.266
1692,1440,0.335
1701,1440,0.291
1710,1440,0.305
1719,1440,0.386
1728,1440,0.485
1737,1440,0.708
1746,1440,0.868
1755,1440,0.918
1764,1440,0.838
1773,1440,0.759
1782,1440,0.466
1791,1440,0.605
1800,1440,0.53
1809,1440,0.568
1818,1440,0.613
1827,1440,0.415
1836,1440,0.341
1845,1440,0.27
1854,1440,0.133
1863,1440,0.139
1872,1440,0.232
1881,1440,0.151
1890,1440,0.076
1899,1440,0.018
1908,1440,-0
1917,1440,-0
9,1449,-0.02
18,1449,-0.266
27,1449,-0.492
36,1449,-0.33
45,1449,-0.235
54,1449,-0.374
63,1449,-0.281
72,1449,-0.215
81,1449,-0.166
90,1449,-0.252
99,1449,-0.268
108,1449,-0.369
117,1449,-0.484
126,1449,-0.245
135,1449,-0.259
144,1449,-0.213
153,1449,-0.226
162,1449,-0.371
171,1449,-0.384
180,1449,-0.479
189,1449,-0.338
198,1449,-0.233
207,1449,-0.197
216,1449,-0.311
225,1449,-0.266
234,1449,-0.277
243,1449,-0.288
252,1449,-0.357
261,1449,-0.433
270,1449,-0.379
279,1449,-0.39
288,1449,-0.468
297,1449,-0.479
306,1449,-0.564
315,1449,-0.502
324,1449,-0.513
333,1449,-0.456
342,1449,-0.535
351,1449,-0.359
360,1449,-0.317
369,1449,-0.327
378,1449,-0.389
387,1449,-0.346
396,1449,-0.263
405,1449,-0.232
414,1449,-0.28
423,1449,-0.289
432,1449,-0.297
441,1449,-0.353
450,1449,-0.362
459,1449,-0.371
468,1449,-0.381
477,1449,-0.444
486,1449,-0.512
495,1449,-0.523
504,1449,-0.533
513,1449,-0.484
522,1449,-0.555
531,1449,-0.505
540,1449,-0.576
549,1449,-0.525
558,1449,-0.536
567,1449,-0.434
576,1449,-0.393
585,1449,-0.453
594,1449,-0.463
603,1449,-0.529
612,1449,-0.601
621,1449,-0.612
630,1449,-0.503
639,1449,-0.459
648,1449,-0.418
657,1449,-0.427
666,1449,-0.544
675,1449,-0.555
684,1449,-0.566
693,1449,-0.638
702,1449,-0.649
711,1449,-0.728
720,1449,-0.888
729,1449,-1.067
738,1449,-1.172
747,1449,-1.188
756,1449,-1.112
765,1449,-1.127
774,1449,-1.235
783,1449,-1.251
792,1449,-1.365
801,1449,-1.382
810,1449,-1.399
819,1449,-1.317
828,1449,-1.238
837,1449,-0.991
846,1449,-1.09
855,1449,-1.021
864,1449,-0.735
873,1449,-0.748
882,1449,-0.632
891,1449,-0.707
900,1449,-0.788
909,1449,-0.733
918,1449,-0.618
927,1449,-0.759
936,1449,-0.843
945,1449,-0.933
954,1449,-1.113
963,1449,-1.13
972,1449,1.062
981,1449,1.257
990,1449,1.372
999,1449,1.294
1008,1449,1.412
1017,1449,1.333
1026,1449,1.258
1035,1449,1.374
1044,1449,1.204
1053,1449,1.133
1062,1449,1.242
1071,1449,1.358
1080,1449,1.586
1089,1449,1.401
1098,1449,1.423
1107,1449,1.55
1116,1449,1.683
1125,1449,1.491
1134,1449,1.217
1143,1449,1.334
1152,1449,1.356
1161,1449,1.379
1170,1449,1.117
1179,1449,1.05
1188,1449,1.069
1197,1449,1.179
1206,1449,1.109
1215,1449,1.222
1224,1449,1.445
1233,1449,1.47
1242,1449,1.391
1251,1449,1.315
1260,1449,1.443
1269,1449,1.693
1278,1449,1.723
1287,1449,1.416
1296,1449,1.443
1305,1449,1.582
1314,1449,1.391
1323,1449,1.214
1332,1449,0.962
1341,1449,0.744
1350,1449,0.761
1359,1449,0.706
1368,1449,0.797
1377,1449,0.74
1386,1449,0.757
1395,1449,0.701
1404,1449,0.875
1413,1449,0.814
1422,1449,0.834
1431,1449,0.773
1440,1449,0.793
1449,1449,0.659
1458,1449,0.834
1467,1449,0.856
1476,1449,0.878
1485,1449,0.901
1494,1449,0.926
1503,1449,1.047
1512,1449,0.976
1521,1449,1.213
1530,1449,1.246
1539,1449,1.168
1548,1449,1.091
1557,1449,0.917
1566,1449,0.759
1575,1449,0.875
1584,1449,0.807
1593,1449,0.833
1602,1449,0.86
1611,1449,0.791
1620,1449,0.818
1629,1449,0.846
1638,1449,0.776
1647,1449,0.907
1656,1449,0.833
1665,1449,0.666
1674,1449,0.375
1683,1449,0.326
1692,1449,0.405
1701,1449,0.352
1710,1449,0.367
1719,1449,0.457
1728,1449,0.565
1737,1449,0.808
1746,1449,0.978
1755,1449,1.029
1764,1449,0.94
1773,1449,0.851
1782,1449,0.53
1791,1449,0.679
1800,1449,0.595
1809,1449,0.634
1818,1449,0.678
1827,1449,0.463
1836,1449,0.381
1845,1449,0.301
1854,1449,0.151
1863,1449,0.156
1872,1449,0.255
1881,1449,0.165
1890,1449,0.083
1899,1449,0.019
1908,1449,-0
1917,1449,-0
9,1458,-0.018
18,1458,-0.251
27,1458,-0.465
36,1458,-0.306
45,1458,-0.214
54,1458,-0.342
63,1458,-0.253
72,1458,-0.19
81,1458,-0.144
90,1458,-0.22
99,1458,-0.234
108,1458,-0.324
117,1458,-0.428
126,1458,-0.208
135,1458,-0.22
144,1458,-0.231
153,1458,-0.242
162,1458,-0.39
171,1458,-0.4
180,1458,-0.494
189,1458,-0.419
198,1458,-0.291
207,1458,-0.245
216,1458,-0.374
225,1458,-0.319
234,1458,-0.328
243,1458,-0.337
252,1458,-0.41
261,1458,-0.491
270,1458,-0.427
279,1458,-0.436
288,1458,-0.516
297,1458,-0.525
306,1458,-0.612
315,1458,-0.541
324,1458,-0.55
333,1458,-0.486
342,1458,-0.566
351,1458,-0.378
360,1458,-0.333
369,1458,-0.34
378,1458,-0.402
387,1458,-0.41
396,1458,-0.313
405,1458,-0.276
414,1458,-0.328
423,1458,-0.335
432,1458,-0.342
441,1458,-0.401
450,1458,-0.408
459,1458,-0.416
468,1458,-0.424
477,1458,-0.489
486,1458,-0.559
495,1458,-0.568
504,1458,-0.576
513,1458,-0.521
522,1458,-0.592
531,1458,-0.537
540,1458,-0.609
549,1458,-0.553
558,1458,-0.561
567,1458,-0.509
576,1458,-0.461
585,1458,-0.525
594,1458,-0.533
603,1458,-0.603
612,1458,-0.678
621,1458,-0.687
630,1458,-0.565
639,1458,-0.515
648,1458,-0.468
657,1458,-0.531
666,1458,-0.663
675,1458,-0.672
684,1458,-0.681
693,1458,-0.76
702,1458,-0.769
711,1458,-0.853
720,1458,-1.027
729,1458,-1.22
738,1458,-1.33
747,1458,-1.342
756,1458,-1.255
765,1458,-1.267
774,1458,-1.379
783,1458,-1.391
792,1458,-1.509
801,1458,-1.523
810,1458,-1.536
819,1458,-1.444
828,1458,-1.356
837,1458,-1.088
846,1458,-1.284
855,1458,-1.203
864,1458,-0.879
873,1458,-0.89
882,1458,-0.756
891,1458,-0.837
900,1458,-0.924
909,1458,-0.859
918,1458,-0.728
927,1458,-0.882
936,1458,-0.971
945,1458,-1.066
954,1458,-1.259
963,1458,-1.274
972,1458,1.195
981,1458,1.402
990,1458,1.521
999,1458,1.434
1008,1458,1.555
1017,1458,1.467
1026,1458,1.382
1035,1458,1.608
1044,1458,1.415
1053,1458,1.432
1062,1458,1.554
1071,1458,1.683
1080,1458,1.938
1089,1458,1.723
1098,1458,1.743
1107,1458,1.882
1116,1458,2.028
1125,1458,1.807
1134,1458,1.492
1143,1458,1.62
1152,1458,1.755
1161,1458,1.778
1170,1458,1.466
1179,1458,1.382
1188,1458,1.401
1197,1458,1.527
1206,1458,1.441
1215,1458,1.57
1224,1458,1.825
1233,1458,1.85
1242,1458,1.755
1251,1458,1.663
1260,1458,1.806
1269,1458,2.088
1278,1458,2.118
1287,1458,1.764
1296,1458,1.791
1305,1458,1.945
1314,1458,1.724
1323,1458,1.517
1332,1458,1.223
1341,1458,0.964
1350,1458,0.982
1359,1458,0.913
1368,1458,1.018
1377,1458,0.948
1386,1458,0.966
1395,1458,0.898
1404,1458,1.098
1413,1458,1.024
1422,1458,1.044
1431,1458,0.972
1440,1458,0.992
1449,1458,0.834
1458,1458,1.034
1467,1458,1.056
1476,1458,1.078
1485,1458,1.102
1494,1458,1.127
1503,1458,1.261
1512,1458,1.178
1521,1458,1.44
1530,1458,1.473
1539,1458,1.383
1548,1458,1.295
1557,1458,1.097
1566,1458,0.916
1575,1458,1.044
1584,1458,0.965
1593,1458,0.991
1602,1458,1.018
1611,1458,0.939
1620,1458,0.966
1629,1458,0.994
1638,1458,0.914
1647,1458,1.057
1656,1458,0.972
1665,1458,0.784
1674,1458,0.454
1683,1458,0.397
1692,1458,0.484
1701,1458,0.423
1710,1458,0.437
1719,1458,0.537
1728,1458,0.655
1737,1458,0.917
1746,1458,1.098
1755,1458,1.149
1764,1458,1.049
1773,1458,0.951
1782,1458,0.601
1791,1458,0.759
1800,1458,0.666
1809,1458,0.704
1818,1458,0.748
1827,1458,0.515
1836,1458,0.424
1845,1458,0.336
1854,1458,0.17
1863,1458,0.174
1872,1458,0.278
1881,1458,0.18
1890,1458,0.091
1899,1458,0.021
1908,1458,-0
1917,1458,-0
9,1467,-0.017
18,1467,-0.237
27,1467,-0.439
36,1467,-0.283
45,1467,-0.194
54,1467,-0.311
63,1467,-0.226
72,1467,-0.167
81,1467,-0.124
90,1467,-0.192
99,1467,-0.203
108,1467,-0.283
117,1467,-0.376
126,1467,-0.176
135,1467,-0.185
144,1467,-0.193
153,1467,-0.202
162,1467,-0.333
171,1467,-0.34
180,1467,-0.423
189,1467,-0.354
198,1467,-0.239
207,1467,-0.198
216,1467,-0.309
225,1467,-0.26
234,1467,-0.266
243,1467,-0.273
252,1467,-0.335
261,1467,-0.404
270,1467,-0.347
279,1467,-0.353
288,1467,-0.422
297,1467,-0.428
306,1467,-0.502
315,1467,-0.439
324,1467,-0.444
333,1467,-0.388
342,1467,-0.456
351,1467,-0.293
360,1467,-0.254
369,1467,-0.259
378,1467,-0.309
387,1467,-0.315
396,1467,-0.234
405,1467,-0.202
414,1467,-0.243
423,1467,-0.248
432,1467,-0.253
441,1467,-0.3
450,1467,-0.305
459,1467,-0.31
468,1467,-0.315
477,1467,-0.367
486,1467,-0.424
495,1467,-0.43
504,1467,-0.435
513,1467,-0.388
522,1467,-0.446
531,1467,-0.398
540,1467,-0.514
549,1467,-0.462
558,1467,-0.467
567,1467,-0.419
576,1467,-0.375
585,1467,-0.43
594,1467,-0.435
603,1467,-0.494
612,1467,-0.559
621,1467,-0.565
630,1467,-0.456
639,1467,-0.41
648,1467,-0.368
657,1467,-0.421
666,1467,-0.533
675,1467,-0.539
684,1467,-0.545
693,1467,-0.611
702,1467,-0.617
711,1467,-0.689
720,1467,-0.839
729,1467,-1.008
738,1467,-1.104
747,1467,-1.111
756,1467,-1.03
765,1467,-1.038
774,1467,-1.134
783,1467,-1.142
792,1467,-1.244
801,1467,-1.253
810,1467,-1.261
819,1467,-1.175
828,1467,-1.094
837,1467,-0.857
846,1467,-1.024
855,1467,-0.95
864,1467,-0.669
873,1467,-0.676
882,1467,-0.561
891,1467,-0.627
900,1467,-0.697
909,1467,-0.64
918,1467,-0.53
927,1467,-0.654
936,1467,-0.726
945,1467,-0.803
954,1467,-0.964
963,1467,-0.973
972,1467,0.982
981,1467,1.163
990,1467,1.266
999,1467,1.184
1008,1467,1.289
1017,1467,1.206
1026,1467,1.126
1035,1467,1.324
1044,1467,1.148
1053,1467,1.159
1062,1467,1.264
1071,1467,1.374
1080,1467,1.597
1089,1467,1.4
1098,1467,1.414
1107,1467,1.532
1116,1467,1.658
1125,1467,1.562
1134,1467,1.269
1143,1467,1.382
1152,1467,1.5
1161,1467,1.516
1170,1467,1.324
1179,1467,1.24
1188,1467,1.254
1197,1467,1.368
1206,1467,1.283
1215,1467,1.4
1224,1467,1.635
1233,1467,1.653
1242,1467,1.558
1251,1467,1.466
1260,1467,1.595
1269,1467,1.854
1278,1467,1.876
1287,1467,1.654
1296,1467,1.675
1305,1467,1.818
1314,1467,1.599
1323,1467,1.505
1332,1467,1.206
1341,1467,0.945
1350,1467,0.958
1359,1467,0.887
1368,1467,0.987
1377,1467,0.914
1386,1467,0.928
1395,1467,0.857
1404,1467,1.049
1413,1467,1.065
1422,1467,1.082
1431,1467,1.004
1440,1467,1.021
1449,1467,0.856
1458,1467,1.056
1467,1467,1.074
1476,1467,1.093
1485,1467,1.113
1494,1467,1.133
1503,1467,1.264
1512,1467,1.176
1521,1467,1.433
1530,1467,1.462
1539,1467,1.366
1548,1467,1.272
1557,1467,1.071
1566,1467,0.887
1575,1467,1.008
1584,1467,0.926
1593,1467,0.947
1602,1467,0.969
1611,1467,0.992
1620,1467,1.016
1629,1467,1.041
1638,1467,0.953
1647,1467,1.096
1656,1467,1.004
1665,1467,0.807
1674,1467,0.466
1683,1467,0.404
1692,1467,0.49
1701,1467,0.425
1710,1467,0.436
1719,1467,0.533
1728,1467,0.646
1737,1467,0.903
1746,1467,1.077
1755,1467,1.279
1764,1467,1.168
1773,1467,1.059
1782,1467,0.679
1791,1467,0.846
1800,1467,0.742
1809,1467,0.78
1818,1467,0.824
1827,1467,0.571
1836,1467,0.47
1845,1467,0.373
1854,1467,0.192
1863,1467,0.194
1872,1467,0.304
1881,1467,0.197
1890,1467,0.099
1899,1467,0.023
1908,1467,-0
1917,1467,-0
9,1476,-0.015
18,1476,-0.223
27,1476,-0.413
36,1476,-0.261
45,1476,-0.175
54,1476,-0.283
63,1476,-0.201
72,1476,-0.146
81,1476,-0.106
90,1476,-0.165
99,1476,-0.174
108,1476,-0.245
117,1476,-0.328
126,1476,-0.147
135,1476,-0.154
144,1476,-0.21
153,1476,-0.216
162,1476,-0.35
171,1476,-0.354
180,1476,-0.437
189,1476,-0.362
198,1476,-0.242
207,1476,-0.199
216,1476,-0.308
225,1476,-0.256
234,1476,-0.261
243,1476,-0.265
252,1476,-0.324
261,1476,-0.39
270,1476,-0.332
279,1476,-0.335
288,1476,-0.4
297,1476,-0.403
306,1476,-0.473
315,1476,-0.475
324,1476,-0.478
333,1476,-0.415
342,1476,-0.483
351,1476,-0.421
360,1476,-0.366
369,1476,-0.369
378,1476,-0.43
387,1476,-0.433
396,1476,-0.327
405,1476,-0.284
414,1476,-0.334
423,1476,-0.337
432,1476,-0.34
441,1476,-0.395
450,1476,-0.398
459,1476,-0.401
468,1476,-0.404
477,1476,-0.463
486,1476,-0.527
495,1476,-0.53
504,1476,-0.533
513,1476,-0.475
522,1476,-0.539
531,1476,-0.481
540,1476,-0.61
549,1476,-0.547
558,1476,-0.55
567,1476,-0.493
576,1476,-0.441
585,1476,-0.5
594,1476,-0.503
603,1476,-0.566
612,1476,-0.633
621,1476,-0.636
630,1476,-0.515
639,1476,-0.463
648,1476,-0.414
657,1476,-0.469
666,1476,-0.588
675,1476,-0.591
684,1476,-0.595
693,1476,-0.663
702,1476,-0.666
711,1476,-0.738
720,1476,-0.893
729,1476,-1.066
738,1476,-1.161
747,1476,-1.165
756,1476,-1.077
765,1476,-1.081
774,1476,-1.177
783,1476,-1.181
792,1476,-1.282
801,1476,-1.286
810,1476,-1.29
819,1476,-1.295
828,1476,-1.204
837,1476,-0.946
846,1476,-1.121
855,1476,-1.039
864,1476,-0.736
873,1476,-0.74
882,1476,-0.614
891,1476,-0.682
900,1476,-0.753
909,1476,-0.69
918,1476,-0.571
927,1476,-0.699
936,1476,-0.772
945,1476,-0.85
954,1476,-1.013
963,1476,-1.019
972,1476,1.025
981,1476,1.208
990,1476,1.311
999,1476,1.222
1008,1476,1.325
1017,1476,1.236
1026,1476,1.151
1035,1476,1.349
1044,1476,1.166
1053,1476,1.173
1062,1476,1.275
1071,1476,1.382
1080,1476,1.603
1089,1476,1.504
1098,1476,1.514
1107,1476,1.749
1116,1476,1.88
1125,1476,1.772
1134,1476,1.448
1143,1476,1.567
1152,1476,1.691
1161,1476,1.703
1170,1476,1.601
1179,1476,1.503
1188,1476,1.514
1197,1476,1.638
1206,1476,1.539
1215,1476,1.665
1224,1476,1.921
1233,1476,1.937
1242,1476,1.828
1251,1476,1.721
1260,1476,1.859
1269,1476,2.138
1278,1476,2.158
1287,1476,1.91
1296,1476,1.928
1305,1476,2.08
1314,1476,1.837
1323,1476,1.73
1332,1476,1.398
1341,1476,1.105
1350,1476,1.117
1359,1476,1.035
1368,1476,1.142
1377,1476,1.058
1386,1476,1.07
1395,1476,0.989
1404,1476,1.196
1413,1476,1.21
1422,1476,1.225
1431,1476,1.136
1440,1476,1.151
1449,1476,0.969
1458,1476,1.181
1467,1476,1.197
1476,1476,1.214
1485,1476,1.231
1494,1476,1.249
1503,1476,1.384
1512,1476,1.287
1521,1476,1.555
1530,1476,1.716
1539,1476,1.606
1548,1476,1.499
1557,1476,1.272
1566,1476,1.063
1575,1476,1.196
1584,1476,1.101
1593,1476,1.121
1602,1476,1.142
1611,1476,1.164
1620,1476,1.188
1629,1476,1.213
1638,1476,1.113
1647,1476,1.266
1656,1476,1.163
1665,1476,0.942
1674,1476,0.559
1683,1476,0.487
1692,1476,0.582
1701,1476,0.506
1710,1476,0.517
1719,1476,0.622
1728,1476,0.745
1737,1476,1.022
1746,1476,1.206
1755,1476,1.419
1764,1476,1.296
1773,1476,1.175
1782,1476,0.763
1791,1476,0.94
1800,1476,0.825
1809,1476,0.862
1818,1476,0.905
1827,1476,0.632
1836,1476,0.521
1845,1476,0.413
1854,1476,0.215
1863,1476,0.215
1872,1476,0.331
1881,1476,0.215
1890,1476,0.108
1899,1476,0.025
1908,1476,-0
1917,1476,-0
9,1485,-0.014
18,1485,-0.209
27,1485,-0.388
36,1485,-0.24
45,1485,-0.157
54,1485,-0.256
63,1485,-0.178
72,1485,-0.126
81,1485,-0.09
90,1485,-0.142
99,1485,-0.148
108,1485,-0.211
117,1485,-0.284
126,1485,-0.121
135,1485,-0.126
144,1485,-0.174
153,1485,-0.179
162,1485,-0.296
171,1485,-0.298
180,1485,-0.37
189,1485,-0.302
198,1485,-0.196
207,1485,-0.158
216,1485,-0.251
225,1485,-0.205
234,1485,-0.255
243,1485,-0.257
252,1485,-0.314
261,1485,-0.376
270,1485,-0.316
279,1485,-0.318
288,1485,-0.378
297,1485,-0.379
306,1485,-0.444
315,1485,-0.444
324,1485,-0.444
333,1485,-0.444
342,1485,-0.512
351,1485,-0.444
360,1485,-0.384
369,1485,-0.385
378,1485,-0.445
387,1485,-0.446
396,1485,-0.334
405,1485,-0.288
414,1485,-0.337
423,1485,-0.338
432,1485,-0.339
441,1485,-0.392
450,1485,-0.392
459,1485,-0.393
468,1485,-0.394
477,1485,-0.45
486,1485,-0.511
495,1485,-0.511
504,1485,-0.512
513,1485,-0.453
522,1485,-0.513
531,1485,-0.513
540,1485,-0.645
549,1485,-0.577
558,1485,-0.577
567,1485,-0.515
576,1485,-0.458
585,1485,-0.516
594,1485,-0.517
603,1485,-0.645
612,1485,-0.715
621,1485,-0.715
630,1485,-0.58
639,1485,-0.581
648,1485,-0.521
657,1485,-0.582
666,1485,-0.716
675,1485,-0.717
684,1485,-0.717
693,1485,-0.791
702,1485,-0.791
711,1485,-0.868
720,1485,-1.036
729,1485,-1.223
738,1485,-1.322
747,1485,-1.322
756,1485,-1.221
765,1485,-1.221
774,1485,-1.32
783,1485,-1.32
792,1485,-1.424
801,1485,-1.424
810,1485,-1.424
819,1485,-1.424
828,1485,-1.322
837,1485,-1.043
846,1485,-1.226
855,1485,-1.134
864,1485,-0.807
873,1485,-0.808
882,1485,-0.672
891,1485,-0.74
900,1485,-0.813
909,1485,-0.744
918,1485,-0.615
927,1485,-0.747
936,1485,-0.82
945,1485,-0.898
954,1485,-1.065
963,1485,-1.156
972,1485,1.159
981,1485,1.353
990,1485,1.459
999,1485,1.36
1008,1485,1.574
1017,1485,1.47
1026,1485,1.37
1035,1485,1.586
1044,1485,1.378
1053,1485,1.382
1062,1485,1.491
1071,1485,1.605
1080,1485,1.843
1089,1485,1.73
1098,1485,1.736
1107,1485,1.986
1116,1485,2.123
1125,1485,2.001
1134,1485,1.645
1143,1485,1.769
1152,1485,1.898
1161,1485,1.907
1170,1485,1.792
1179,1485,1.681
1188,1485,1.689
1197,1485,1.817
1206,1485,1.706
1215,1485,1.836
1224,1485,2.104
1233,1485,2.253
1242,1485,2.127
1251,1485,2.005
1260,1485,2.152
1269,1485,2.451
1278,1485,2.467
1287,1485,2.193
1296,1485,2.207
1305,1485,2.367
1314,1485,2.097
1323,1485,1.976
1332,1485,1.61
1341,1485,1.285
1350,1485,1.294
1359,1485,1.2
1368,1485,1.314
1377,1485,1.218
1386,1485,1.228
1395,1485,1.135
1404,1485,1.357
1413,1485,1.368
1422,1485,1.381
1431,1485,1.281
1440,1485,1.293
1449,1485,1.092
1458,1485,1.318
1467,1485,1.331
1476,1485,1.344
1485,1485,1.359
1494,1485,1.373
1503,1485,1.513
1512,1485,1.405
1521,1485,1.684
1530,1485,1.848
1539,1485,1.728
1548,1485,1.61
1557,1485,1.367
1566,1485,1.143
1575,1485,1.278
1584,1485,1.174
1593,1485,1.191
1602,1485,1.209
1611,1485,1.227
1620,1485,1.247
1629,1485,1.267
1638,1485,1.159
1647,1485,1.312
1656,1485,1.201
1665,1485,0.97
1674,1485,0.573
1683,1485,0.497
1692,1485,0.589
1701,1485,0.509
1710,1485,0.516
1719,1485,0.618
1728,1485,0.737
1737,1485,1.008
1746,1485,1.184
1755,1485,1.388
1764,1485,1.258
1773,1485,1.13
1782,1485,0.72
1791,1485,0.883
1800,1485,0.764
1809,1485,0.791
1818,1485,0.822
1827,1485,0.555
1836,1485,0.575
1845,1485,0.457
1854,1485,0.241
1863,1485,0.239
1872,1485,0.36
1881,1485,0.234
1890,1485,0.118
1899,1485,0.028
1908,1485,-0
1917,1485,-0
9,1494,-0.013
18,1494,-0.196
27,1494,-0.365
36,1494,-0.22
45,1494,-0.141
54,1494,-0.231
63,1494,-0.157
72,1494,-0.109
81,1494,-0.076
90,1494,-0.12
99,1494,-0.125
108,1494,-0.18
117,1494,-0.244
126,1494,-0.099
135,1494,-0.103
144,1494,-0.143
153,1494,-0.146
162,1494,-0.248
171,1494,-0.248
180,1494,-0.31
189,1494,-0.309
198,1494,-0.199
207,1494,-0.158
216,1494,-0.25
225,1494,-0.202
234,1494,-0.25
243,1494,-0.25
252,1494,-0.303
261,1494,-0.362
270,1494,-0.302
279,1494,-0.301
288,1494,-0.357
297,1494,-0.355
306,1494,-0.416
315,1494,-0.413
324,1494,-0.411
333,1494,-0.409
342,1494,-0.472
351,1494,-0.405
360,1494,-0.346
369,1494,-0.345
378,1494,-0.399
387,1494,-0.398
396,1494,-0.293
405,1494,-0.249
414,1494,-0.292
423,1494,-0.291
432,1494,-0.291
441,1494,-0.337
450,1494,-0.336
459,1494,-0.335
468,1494,-0.334
477,1494,-0.383
486,1494,-0.436
495,1494,-0.434
504,1494,-0.433
513,1494,-0.378
522,1494,-0.43
531,1494,-0.428
540,1494,-0.544
549,1494,-0.481
558,1494,-0.48
567,1494,-0.423
576,1494,-0.371
585,1494,-0.42
594,1494,-0.419
603,1494,-0.529
612,1494,-0.59
621,1494,-0.588
630,1494,-0.467
639,1494,-0.465
648,1494,-0.412
657,1494,-0.463
666,1494,-0.577
675,1494,-0.576
684,1494,-0.574
693,1494,-0.636
702,1494,-0.633
711,1494,-0.771
720,1494,-0.925
729,1494,-1.097
738,1494,-1.187
747,1494,-1.183
756,1494,-1.085
765,1494,-1.081
774,1494,-1.17
783,1494,-1.167
792,1494,-1.26
801,1494,-1.256
810,1494,-1.252
819,1494,-1.249
828,1494,-1.15
837,1494,-0.89
846,1494,-1.054
855,1494,-0.967
864,1494,-0.669
873,1494,-0.667
882,1494,-0.544
891,1494,-0.602
900,1494,-0.664
909,1494,-0.6
918,1494,-0.485
927,1494,-0.598
936,1494,-0.659
945,1494,-0.725
954,1494,-0.869
963,1494,-1.03
972,1494,1.029
981,1494,1.208
990,1494,1.303
999,1494,1.206
1008,1494,1.403
1017,1494,1.301
1026,1494,1.204
1035,1494,1.401
1044,1494,1.203
1053,1494,1.202
1062,1494,1.299
1071,1494,1.4
1080,1494,1.617
1089,1494,1.507
1098,1494,1.508
1107,1494,1.735
1116,1494,1.857
1125,1494,1.738
1134,1494,1.405
1143,1494,1.514
1152,1494,1.628
1161,1494,1.63
1170,1494,1.519
1179,1494,1.414
1188,1494,1.416
1197,1494,1.527
1206,1494,1.53
1215,1494,1.647
1224,1494,1.895
1233,1494,2.03
1242,1494,1.906
1251,1494,1.785
1260,1494,1.917
1269,1494,2.193
1278,1494,2.201
1287,1494,1.936
1296,1494,1.943
1305,1494,2.086
1314,1494,1.828
1323,1494,1.709
1332,1494,1.366
1341,1494,1.066
1350,1494,1.069
1359,1494,0.98
1368,1494,1.077
1377,1494,0.987
1386,1494,0.99
1395,1494,0.904
1404,1494,1.094
1413,1494,1.099
1422,1494,1.104
1431,1494,1.011
1440,1494,1.015
1449,1494,0.926
1458,1494,1.127
1467,1494,1.133
1476,1494,1.249
1485,1494,1.257
1494,1494,1.266
1503,1494,1.394
1512,1494,1.284
1521,1494,1.545
1530,1494,1.695
1539,1494,1.573
1548,1494,1.454
1557,1494,1.217
1566,1494,1.002
1575,1494,1.121
1584,1494,1.018
1593,1494,1.028
1602,1494,1.037
1611,1494,1.048
1620,1494,1.058
1629,1494,1.07
1638,1494,0.965
1647,1494,1.095
1656,1494,0.987
1665,1494,0.774
1674,1494,0.427
1683,1494,0.359
1692,1494,0.43
1701,1494,0.359
1710,1494,0.36
1719,1494,0.435
1728,1494,0.524
1737,1494,0.739
1746,1494,0.876
1755,1494,1.035
1764,1494,0.911
1773,1494,0.792
1782,1494,0.455
1791,1494,0.568
1800,1494,0.464
1809,1494,0.47
1818,1494,0.601
1827,1494,0.371
1836,1494,0.493
1845,1494,0.377
1854,1494,0.269
1863,1494,0.265
1872,1494,0.392
1881,1494,0.254
1890,1494,0.128
1899,1494,0.03
1908,1494,-0
1917,1494,-0
9,1503,-0.012
18,1503,-0.184
27,1503,-0.341
36,1503,-0.201
45,1503,-0.125
54,1503,-0.207
63,1503,-0.208
72,1503,-0.142
81,1503,-0.098
90,1503,-0.148
99,1503,-0.15
108,1503,-0.209
117,1503,-0.276
126,1503,-0.112
135,1503,-0.114
144,1503,-0.156
153,1503,-0.157
162,1503,-0.262
171,1503,-0.26
180,1503,-0.321
189,1503,-0.317
198,1503,-0.253
207,1503,-0.2
216,1503,-0.306
225,1503,-0.246
234,1503,-0.299
243,1503,-0.296
252,1503,-0.352
261,1503,-0.414
270,1503,-0.344
279,1503,-0.34
288,1503,-0.398
297,1503,-0.393
306,1503,-0.455
315,1503,-0.449
324,1503,-0.443
333,1503,-0.507
342,1503,-0.576
351,1503,-0.495
360,1503,-0.423
369,1503,-0.418
378,1503,-0.477
387,1503,-0.472
396,1503,-0.349
405,1503,-0.297
414,1503,-0.343
423,1503,-0.34
432,1503,-0.337
441,1503,-0.442
450,1503,-0.438
459,1503,-0.434
468,1503,-0.429
477,1503,-0.484
486,1503,-0.543
495,1503,-0.538
504,1503,-0.533
513,1503,-0.466
522,1503,-0.523
531,1503,-0.518
540,1503,-0.646
549,1503,-0.572
558,1503,-0.566
567,1503,-0.499
576,1503,-0.495
585,1503,-0.551
594,1503,-0.547
603,1503,-0.675
612,1503,-0.743
621,1503,-0.736
630,1503,-0.591
639,1503,-0.586
648,1503,-0.52
657,1503,-0.577
666,1503,-0.706
675,1503,-0.701
684,1503,-0.695
693,1503,-0.762
702,1503,-0.756
711,1503,-0.907
720,1503,-1.075
729,1503,-1.259
738,1503,-1.353
747,1503,-1.451
756,1503,-1.334
765,1503,-1.325
774,1503,-1.422
783,1503,-1.412
792,1503,-1.512
801,1503,-1.503
810,1503,-1.493
819,1503,-1.484
828,1503,-1.369
837,1503,-1.072
846,1503,-1.252
855,1503,-1.15
864,1503,-0.809
873,1503,-0.804
882,1503,-0.66
891,1503,-0.723
900,1503,-0.79
909,1503,-0.715
918,1503,-0.583
927,1503,-0.707
936,1503,-0.773
945,1503,-0.843
954,1503,-0.999
963,1503,-1.172
972,1503,1.166
981,1503,1.356
990,1503,1.455
999,1503,1.345
1008,1503,1.552
1017,1503,1.438
1026,1503,1.33
1035,1503,1.536
1044,1503,1.321
1053,1503,1.316
1062,1503,1.414
1071,1503,1.517
1080,1503,1.741
1089,1503,1.62
1098,1503,1.616
1107,1503,1.85
1116,1503,1.972
1125,1503,1.843
1134,1503,1.491
1143,1503,1.599
1152,1503,1.713
1161,1503,1.71
1170,1503,1.591
1179,1503,1.477
1188,1503,1.586
1197,1503,1.701
1206,1503,1.7
1215,1503,1.821
1224,1503,2.08
1233,1503,2.218
1242,1503,2.08
1251,1503,1.947
1260,1503,2.081
1269,1503,2.367
1278,1503,2.369
1287,1503,2.085
1296,1503,2.088
1305,1503,2.232
1314,1503,1.956
1323,1503,1.826
1332,1503,1.462
1341,1503,1.142
1350,1503,1.142
1359,1503,1.045
1368,1503,1.142
1377,1503,1.044
1386,1503,1.044
1395,1503,0.95
1404,1503,1.144
1413,1503,1.145
1422,1503,1.146
1431,1503,1.046
1440,1503,1.046
1449,1503,0.951
1458,1503,1.152
1467,1503,1.154
1476,1503,1.267
1485,1503,1.271
1494,1503,1.275
1503,1503,1.399
1512,1503,1.283
1521,1503,1.54
1530,1503,1.685
1539,1503,1.556
1548,1503,1.432
1557,1503,1.19
1566,1503,0.971
1575,1503,1.085
1584,1503,0.978
1593,1503,0.982
1602,1503,0.986
1611,1503,0.991
1620,1503,0.996
1629,1503,1.002
1638,1503,0.894
1647,1503,1.014
1656,1503,0.904
1665,1503,0.697
1674,1503,0.369
1683,1503,0.303
1692,1503,0.364
1701,1503,0.297
1710,1503,0.293
1719,1503,0.356
1728,1503,0.429
1737,1503,0.615
1746,1503,0.731
1755,1503,0.866
1764,1503,0.745
1773,1503,0.63
1782,1503,0.334
1791,1503,0.524
1800,1503,0.419
1809,1503,0.419
1818,1503,0.534
1827,1503,0.315
1836,1503,0.418
1845,1503,0.418
1854,1503,0.299
1863,1503,0.293
1872,1503,0.425
1881,1503,0.276
1890,1503,0.14
1899,1503,0.033
1908,1503,-0
1917,1503,-0
9,1512,-0.011
18,1512,-0.172
27,1512,-0.319
36,1512,-0.183
45,1512,-0.111
54,1512,-0.185
63,1512,-0.184
72,1512,-0.123
81,1512,-0.124
90,1512,-0.181
99,1512,-0.179
108,1512,-0.241
117,1512,-0.312
126,1512,-0.127
135,1512,-0.127
144,1512,-0.17
153,1512,-0.169
162,1512,-0.277
171,1512,-0.271
180,1512,-0.332
189,1512,-0.325
198,1512,-0.256
207,1512,-0.252
216,1512,-0.371
225,1512,-0.299
234,1512,-0.355
243,1512,-0.348
252,1512,-0.408
261,1512,-0.473
270,1512,-0.391
279,1512,-0.384
288,1512,-0.443
297,1512,-0.435
306,1512,-0.497
315,1512,-0.488
324,1512,-0.478
333,1512,-0.542
342,1512,-0.611
351,1512,-0.522
360,1512,-0.444
369,1512,-0.436
378,1512,-0.494
387,1512,-0.485
396,1512,-0.357
405,1512,-0.301
414,1512,-0.346
423,1512,-0.341
432,1512,-0.335
441,1512,-0.439
450,1512,-0.432
459,1512,-0.426
468,1512,-0.419
477,1512,-0.471
486,1512,-0.527
495,1512,-0.519
504,1512,-0.511
513,1512,-0.444
522,1512,-0.496
531,1512,-0.489
540,1512,-0.612
549,1512,-0.537
558,1512,-0.529
567,1512,-0.462
576,1512,-0.456
585,1512,-0.508
594,1512,-0.501
603,1512,-0.621
612,1512,-0.682
621,1512,-0.673
630,1512,-0.533
639,1512,-0.526
648,1512,-0.462
657,1512,-0.574
666,1512,-0.701
675,1512,-0.693
684,1512,-0.684
693,1512,-0.748
702,1512,-0.739
711,1512,-0.886
720,1512,-1.048
729,1512,-1.228
738,1512,-1.317
747,1512,-1.409
756,1512,-1.29
765,1512,-1.276
774,1512,-1.367
783,1512,-1.354
792,1512,-1.447
801,1512,-1.434
810,1512,-1.42
819,1512,-1.407
828,1512,-1.29
837,1512,-0.998
846,1512,-1.169
855,1512,-1.066
864,1512,-0.737
873,1512,-0.73
882,1512,-0.591
891,1512,-0.648
900,1512,-0.708
909,1512,-0.635
918,1512,-0.509
927,1512,-0.622
936,1512,-0.681
945,1512,-0.742
954,1512,-0.885
963,1512,-1.043
972,1512,1.035
981,1512,1.209
990,1512,1.297
999,1512,1.19
1008,1512,1.38
1017,1512,1.37
1026,1512,1.26
1035,1512,1.457
1044,1512,1.243
1053,1512,1.234
1062,1512,1.325
1071,1512,1.42
1080,1512,1.633
1089,1512,1.511
1098,1512,1.502
1107,1512,1.723
1116,1512,1.836
1125,1512,1.706
1134,1512,1.469
1143,1512,1.573
1152,1512,1.681
1161,1512,1.673
1170,1512,1.55
1179,1512,1.432
1188,1512,1.536
1197,1512,1.644
1206,1512,1.638
1215,1512,1.752
1224,1512,2.002
1233,1512,2.131
1242,1512,1.99
1251,1512,1.853
1260,1512,1.979
1269,1512,2.252
1278,1512,2.248
1287,1512,1.965
1296,1512,1.961
1305,1512,2.094
1314,1512,1.821
1323,1512,1.69
1332,1512,1.335
1341,1512,1.026
1350,1512,1.022
1359,1512,0.926
1368,1512,1.013
1377,1512,0.917
1386,1512,1.004
1395,1512,0.908
1404,1512,1.093
1413,1512,1.089
1422,1512,1.086
1431,1512,0.984
1440,1512,0.98
1449,1512,0.883
1458,1512,1.073
1467,1512,1.07
1476,1512,1.174
1485,1512,1.172
1494,1512,1.17
1503,1512,1.283
1512,1512,1.167
1521,1512,1.406
1530,1512,1.538
1539,1512,1.408
1548,1512,1.283
1557,1512,1.05
1566,1512,0.841
1575,1512,0.94
1584,1512,0.836
1593,1512,0.834
1602,1512,0.937
1611,1512,0.936
1620,1512,0.935
1629,1512,0.935
1638,1512,0.826
1647,1512,0.936
1656,1512,0.824
1665,1512,0.623
1674,1512,0.315
1683,1512,0.253
1692,1512,0.303
1701,1512,0.241
1710,1512,0.234
1719,1512,0.285
1728,1512,0.345
1737,1512,0.504
1746,1512,0.6
1755,1512,0.713
1764,1512,0.597
1773,1512,0.489
1782,1512,0.235
1791,1512,0.383
1800,1512,0.29
1809,1512,0.282
1818,1512,0.364
1827,1512,0.264
1836,1512,0.349
1845,1512,0.463
1854,1512,0.333
1863,1512,0.323
1872,1512,0.461
1881,1512,0.299
1890,1512,0.152
1899,1512,0.036
1908,1512,-0
1917,1512,-0
9,1521,-0.01
18,1521,-0.16
27,1521,-0.298
36,1521,-0.166
45,1521,-0.098
54,1521,-0.164
63,1521,-0.162
72,1521,-0.105
81,1521,-0.106
90,1521,-0.155
99,1521,-0.152
108,1521,-0.206
117,1521,-0.268
126,1521,-0.104
135,1521,-0.103
144,1521,-0.139
153,1521,-0.137
162,1521,-0.23
171,1521,-0.223
180,1521,-0.275
189,1521,-0.267
198,1521,-0.207
207,1521,-0.202
216,1521,-0.304
225,1521,-0.24
234,1521,-0.287
243,1521,-0.28
252,1521,-0.33
261,1521,-0.385
270,1521,-0.313
279,1521,-0.305
288,1521,-0.355
297,1521,-0.346
306,1521,-0.398
315,1521,-0.388
324,1521,-0.378
333,1521,-0.432
342,1521,-0.489
351,1521,-0.411
360,1521,-0.343
369,1521,-0.335
378,1521,-0.383
387,1521,-0.374
396,1521,-0.313
405,1521,-0.26
414,1521,-0.299
423,1521,-0.293
432,1521,-0.287
441,1521,-0.379
450,1521,-0.371
459,1521,-0.363
468,1521,-0.355
477,1521,-0.401
486,1521,-0.449
495,1521,-0.44
504,1521,-0.431
513,1521,-0.369
522,1521,-0.414
531,1521,-0.405
540,1521,-0.513
549,1521,-0.444
558,1521,-0.435
567,1521,-0.374
576,1521,-0.367
585,1521,-0.41
594,1521,-0.403
603,1521,-0.506
612,1521,-0.558
621,1521,-0.548
630,1521,-0.424
639,1521,-0.416
648,1521,-0.359
657,1521,-0.453
666,1521,-0.561
675,1521,-0.552
684,1521,-0.542
693,1521,-0.595
702,1521,-0.585
711,1521,-0.71
720,1521,-0.851
729,1521,-1.007
738,1521,-1.083
747,1521,-1.163
756,1521,-1.052
765,1521,-1.037
774,1521,-1.115
783,1521,-1.099
792,1521,-1.179
801,1521,-1.163
810,1521,-1.147
819,1521,-1.132
828,1521,-1.026
837,1521,-0.77
846,1521,-0.915
855,1521,-0.823
864,1521,-0.543
873,1521,-0.534
882,1521,-0.42
891,1521,-0.463
900,1521,-0.51
909,1521,-0.449
918,1521,-0.348
927,1521,-0.434
936,1521,-0.479
945,1521,-0.526
954,1521,-0.64
963,1521,-0.768
972,1521,0.757
981,1521,0.899
990,1521,0.971
999,1521,0.877
1008,1521,1.033
1017,1521,1.021
1026,1521,0.925
1035,1521,1.086
1044,1521,0.903
1053,1521,0.893
1062,1521,0.964
1071,1521,1.04
1080,1521,1.214
1089,1521,1.107
1098,1521,1.095
1107,1521,1.276
1116,1521,1.366
1125,1521,1.252
1134,1521,1.051
1143,1521,1.132
1152,1521,1.217
1161,1521,1.206
1170,1521,1.099
1179,1521,0.998
1188,1521,1.078
1197,1521,1.162
1206,1521,1.151
1215,1521,1.239
1224,1521,1.44
1233,1521,1.542
1242,1521,1.418
1251,1521,1.3
1260,1521,1.397
1269,1521,1.617
1278,1521,1.607
1287,1521,1.367
1296,1521,1.357
1305,1521,1.459
1314,1521,1.231
1323,1521,1.222
1332,1521,0.925
1341,1521,0.676
1350,1521,0.668
1359,1521,0.59
1368,1521,0.652
1377,1521,0.575
1386,1521,0.636
1395,1521,0.559
1404,1521,0.694
1413,1521,0.686
1422,1521,0.678
1431,1521,0.597
1440,1521,0.589
1449,1521,0.514
1458,1521,0.647
1467,1521,0.639
1476,1521,0.71
1485,1521,0.702
1494,1521,0.695
1503,1521,0.772
1512,1521,0.68
1521,1521,0.848
1530,1521,0.938
1539,1521,0.834
1548,1521,0.735
1557,1521,0.563
1566,1521,0.417
1575,1521,0.548
1584,1521,0.468
1593,1521,0.46
1602,1521,0.525
1611,1521,0.518
1620,1521,0.51
1629,1521,0.502
1638,1521,0.422
1647,1521,0.487
1656,1521,0.406
1665,1521,0.274
1674,1521,0.105
1683,1521,0.074
1692,1521,0.093
1701,1521,0.087
1710,1521,0.081
1719,1521,0.102
1728,1521,0.127
1737,1521,0.206
1746,1521,0.253
1755,1521,0.386
1764,1521,0.377
1773,1521,0.289
1782,1521,0.157
1791,1521,0.267
1800,1521,0.189
1809,1521,0.177
1818,1521,0.231
1827,1521,0.151
1836,1521,0.287
1845,1521,0.381
1854,1521,0.257
1863,1521,0.239
1872,1521,0.341
1881,1521,0.195
1890,1521,0.165
1899,1521,0.04
1908,1521,-0
1917,1521,-0
9,1530,-0.009
18,1530,-0.149
27,1530,-0.277
36,1530,-0.15
45,1530,-0.086
54,1530,-0.145
63,1530,-0.142
72,1530,-0.138
81,1530,-0.135
90,1530,-0.189
99,1530,-0.251
108,1530,-0.32
117,1530,-0.395
126,1530,-0.163
135,1530,-0.157
144,1530,-0.202
153,1530,-0.195
162,1530,-0.31
171,1530,-0.297
180,1530,-0.355
189,1530,-0.341
198,1530,-0.264
207,1530,-0.254
216,1530,-0.37
225,1530,-0.292
234,1530,-0.414
243,1530,-0.398
252,1530,-0.458
261,1530,-0.521
270,1530,-0.502
279,1530,-0.485
288,1530,-0.547
297,1530,-0.529
306,1530,-0.593
315,1530,-0.573
324,1530,-0.555
333,1530,-0.619
342,1530,-0.686
351,1530,-0.581
360,1530,-0.489
369,1530,-0.474
378,1530,-0.53
387,1530,-0.515
396,1530,-0.434
405,1530,-0.363
414,1530,-0.409
423,1530,-0.398
432,1530,-0.387
441,1530,-0.497
450,1530,-0.551
459,1530,-0.536
468,1530,-0.522
477,1530,-0.576
486,1530,-0.634
495,1530,-0.618
504,1530,-0.602
513,1530,-0.52
522,1530,-0.573
531,1530,-0.558
540,1530,-0.687
549,1530,-0.598
558,1530,-0.584
567,1530,-0.506
576,1530,-0.494
585,1530,-0.544
594,1530,-0.531
603,1530,-0.652
612,1530,-0.71
621,1530,-0.694
630,1530,-0.543
639,1530,-0.531
648,1530,-0.461
657,1530,-0.569
666,1530,-0.692
675,1530,-0.677
684,1530,-0.663
693,1530,-0.72
702,1530,-0.705
711,1530,-0.843
720,1530,-0.997
729,1530,-1.166
738,1530,-1.245
747,1530,-1.327
756,1530,-1.202
765,1530,-1.181
774,1530,-1.26
783,1530,-1.239
792,1530,-1.321
801,1530,-1.299
810,1530,-1.277
819,1530,-1.257
828,1530,-1.138
837,1530,-0.858
846,1530,-1.01
855,1530,-0.908
864,1530,-0.603
873,1530,-0.591
882,1530,-0.465
891,1530,-0.51
900,1530,-0.557
909,1530,-0.489
918,1530,-0.379
927,1530,-0.469
936,1530,-0.514
945,1530,-0.562
954,1530,-0.678
963,1530,-0.809
972,1530,0.795
981,1530,0.939
990,1530,1.009
999,1530,0.909
1008,1530,1.066
1017,1530,1.05
1026,1530,0.948
1035,1530,1.109
1044,1530,0.919
1053,1530,0.904
1062,1530,0.973
1071,1530,1.046
1080,1530,1.218
1089,1530,1.202
1098,1530,1.185
1107,1530,1.372
1116,1530,1.462
1125,1530,1.338
1134,1530,1.123
1143,1530,1.204
1152,1530,1.288
1161,1530,1.272
1170,1530,1.157
1179,1530,1.049
1188,1530,1.127
1197,1530,1.21
1206,1530,1.195
1215,1530,1.282
1224,1530,1.483
1233,1530,1.583
1242,1530,1.452
1251,1530,1.326
1260,1530,1.421
1269,1530,1.639
1278,1530,1.623
1287,1530,1.376
1296,1530,1.361
1305,1530,1.459
1314,1530,1.225
1323,1530,1.211
1332,1530,1.001
1341,1530,0.733
1350,1530,0.721
1359,1530,0.636
1368,1530,0.699
1377,1530,0.614
1386,1530,0.676
1395,1530,0.593
1404,1530,0.731
1413,1530,0.719
1422,1530,0.708
1431,1530,0.621
1440,1530,0.61
1449,1530,0.529
1458,1530,0.663
1467,1530,0.652
1476,1530,0.72
1485,1530,0.709
1494,1530,0.783
1503,1530,0.863
1512,1530,0.761
1521,1530,0.938
1530,1530,1.032
1539,1530,0.916
1548,1530,0.807
1557,1530,0.62
1566,1530,0.461
1575,1530,0.598
1584,1530,0.51
1593,1530,0.499
1602,1530,0.565
1611,1530,0.554
1620,1530,0.543
1629,1530,0.532
1638,1530,0.445
1647,1530,0.51
1656,1530,0.423
1665,1530,0.284
1674,1530,0.108
1683,1530,0.075
1692,1530,0.093
1701,1530,0.086
1710,1530,0.079
1719,1530,0.098
1728,1530,0.122
1737,1530,0.197
1746,1530,0.305
1755,1530,0.454
1764,1530,0.442
1773,1530,0.341
1782,1530,0.19
1791,1530,0.313
1800,1530,0.224
1809,1530,0.209
1818,1530,0.267
1827,1530,0.177
1836,1530,0.325
1845,1530,0.424
1854,1530,0.287
1863,1530,0.266
1872,1530,0.372
1881,1530,0.213
1890,1530,0.179
1899,1530,0.043
1908,1530,-0
1917,1530,-0
9,1539,-0.008
18,1539,-0.138
27,1539,-0.257
36,1539,-0.135
45,1539,-0.075
54,1539,-0.127
63,1539,-0.123
72,1539,-0.119
81,1539,-0.114
90,1539,-0.161
99,1539,-0.216
108,1539,-0.276
117,1539,-0.343
126,1539,-0.134
135,1539,-0.128
144,1539,-0.166
153,1539,-0.159
162,1539,-0.258
171,1539,-0.245
180,1539,-0.295
189,1539,-0.281
198,1539,-0.212
207,1539,-0.203
216,1539,-0.302
225,1539,-0.288
234,1539,-0.407
243,1539,-0.389
252,1539,-0.445
261,1539,-0.504
270,1539,-0.483
279,1539,-0.462
288,1539,-0.521
297,1539,-0.582
306,1539,-0.647
315,1539,-0.621
324,1539,-0.687
333,1539,-0.756
342,1539,-0.827
351,1539,-0.701
360,1539,-0.676
369,1539,-0.652
378,1539,-0.716
387,1539,-0.691
396,1539,-0.586
405,1539,-0.494
414,1539,-0.547
423,1539,-0.528
432,1539,-0.511
441,1539,-0.64
450,1539,-0.699
459,1539,-0.677
468,1539,-0.656
477,1539,-0.716
486,1539,-0.778
495,1539,-0.755
504,1539,-0.733
513,1539,-0.633
522,1539,-0.69
531,1539,-0.67
540,1539,-0.812
549,1539,-0.708
558,1539,-0.688
567,1539,-0.669
576,1539,-0.65
585,1539,-0.706
594,1539,-0.687
603,1539,-0.826
612,1539,-0.98
621,1539,-0.956
630,1539,-0.763
639,1539,-0.743
648,1539,-0.65
657,1539,-0.782
666,1539,-0.929
675,1539,-0.906
684,1539,-0.884
693,1539,-0.949
702,1539,-0.927
711,1539,-1.087
720,1539,-1.263
729,1539,-1.454
738,1539,-1.54
747,1539,-1.628
756,1539,-1.479
765,1539,-1.449
774,1539,-1.535
783,1539,-1.505
792,1539,-1.592
801,1539,-1.562
810,1539,-1.532
819,1539,-1.503
828,1539,-1.365
837,1539,-1.043
846,1539,-1.211
855,1539,-1.091
864,1539,-0.815
873,1539,-0.797
882,1539,-0.638
891,1539,-0.69
900,1539,-0.745
909,1539,-0.659
918,1539,-0.52
927,1539,-0.629
936,1539,-0.681
945,1539,-0.735
954,1539,-0.87
963,1539,-1.02
972,1539,1
981,1539,1.163
990,1539,1.239
999,1539,1.121
1008,1539,1.296
1017,1539,1.273
1026,1539,1.153
1035,1539,1.331
1044,1539,1.112
1053,1539,1.092
1062,1539,1.166
1071,1539,1.244
1080,1539,1.432
1089,1539,1.409
1098,1539,1.387
1107,1539,1.588
1116,1539,1.683
1125,1539,1.541
1134,1539,1.3
1143,1539,1.385
1152,1539,1.473
1161,1539,1.452
1170,1539,1.322
1179,1539,1.199
1188,1539,1.281
1197,1539,1.367
1206,1539,1.346
1215,1539,1.435
1224,1539,1.648
1233,1539,1.75
1242,1539,1.604
1251,1539,1.465
1260,1539,1.562
1269,1539,1.789
1278,1539,1.767
1287,1539,1.5
1296,1539,1.48
1305,1539,1.579
1314,1539,1.327
1323,1539,1.308
1332,1539,1.081
1341,1539,0.794
1350,1539,0.779
1359,1539,0.686
1368,1539,0.748
1377,1539,0.657
1386,1539,0.718
1395,1539,0.628
1404,1539,0.769
1413,1539,0.754
1422,1539,0.738
1431,1539,0.645
1440,1539,0.631
1449,1539,0.545
1458,1539,0.679
1467,1539,0.664
1476,1539,0.731
1485,1539,0.716
1494,1539,0.788
1503,1539,0.865
1512,1539,0.757
1521,1539,0.932
1530,1539,1.021
1539,1539,0.9
1548,1539,0.885
1557,1539,0.682
1566,1539,0.508
1575,1539,0.652
1584,1539,0.556
1593,1539,0.541
1602,1539,0.608
1611,1539,0.593
1620,1539,0.578
1629,1539,0.564
1638,1539,0.469
1647,1539,0.534
1656,1539,0.441
1665,1539,0.294
1674,1539,0.111
1683,1539,0.076
1692,1539,0.093
1701,1539,0.085
1710,1539,0.077
1719,1539,0.095
1728,1539,0.117
1737,1539,0.189
1746,1539,0.292
1755,1539,0.434
1764,1539,0.417
1773,1539,0.316
1782,1539,0.169
1791,1539,0.281
1800,1539,0.194
1809,1539,0.177
1818,1539,0.225
1827,1539,0.141
1836,1539,0.265
1845,1539,0.344
1854,1539,0.218
1863,1539,0.191
1872,1539,0.266
1881,1539,0.129
1890,1539,0.091
1899,1539,0.047
1908,1539,-0
1917,1539,-0
9,1548,-0.007
18,1548,-0.128
27,1548,-0.238
36,1548,-0.214
45,1548,-0.116
54,1548,-0.18
63,1548,-0.167
72,1548,-0.156
81,1548,-0.146
90,1548,-0.197
99,1548,-0.255
108,1548,-0.319
117,1548,-0.387
126,1548,-0.152
135,1548,-0.143
144,1548,-0.182
153,1548,-0.171
162,1548,-0.273
171,1548,-0.257
180,1548,-0.305
189,1548,-0.288
198,1548,-0.215
207,1548,-0.203
216,1548,-0.301
225,1548,-0.285
234,1548,-0.401
243,1548,-0.38
252,1548,-0.432
261,1548,-0.488
270,1548,-0.463
279,1548,-0.441
288,1548,-0.494
297,1548,-0.551
306,1548,-0.611
315,1548,-0.583
324,1548,-0.643
333,1548,-0.706
342,1548,-0.772
351,1548,-0.647
360,1548,-0.62
369,1548,-0.594
378,1548,-0.652
387,1548,-0.625
396,1548,-0.524
405,1548,-0.436
414,1548,-0.483
423,1548,-0.463
432,1548,-0.445
441,1548,-0.561
450,1548,-0.614
459,1548,-0.591
468,1548,-0.569
477,1548,-0.621
486,1548,-0.676
495,1548,-0.652
504,1548,-0.629
513,1548,-0.537
522,1548,-0.586
531,1548,-0.565
540,1548,-0.691
549,1548,-0.594
558,1548,-0.574
567,1548,-0.554
576,1548,-0.535
585,1548,-0.583
594,1548,-0.563
603,1548,-0.685
612,1548,-0.821
621,1548,-0.796
630,1548,-0.621
639,1548,-0.602
648,1548,-0.518
657,1548,-0.631
666,1548,-0.758
675,1548,-0.735
684,1548,-0.713
693,1548,-0.768
702,1548,-0.745
711,1548,-0.884
720,1548,-1.037
729,1548,-1.205
738,1548,-1.278
747,1548,-1.354
756,1548,-1.216
765,1548,-1.185
774,1548,-1.258
783,1548,-1.228
792,1548,-1.301
801,1548,-1.271
810,1548,-1.241
819,1548,-1.315
828,1548,-1.183
837,1548,-0.884
846,1548,-1.033
855,1548,-0.921
864,1548,-0.669
873,1548,-0.651
882,1548,-0.509
891,1548,-0.552
900,1548,-0.597
909,1548,-0.52
918,1548,-0.399
927,1548,-0.489
936,1548,-0.592
945,1548,-0.64
954,1548,-0.762
963,1548,-0.898
972,1548,0.876
981,1548,1.024
990,1548,1.091
999,1548,0.977
1008,1548,1.136
1017,1548,1.111
1026,1548,0.996
1035,1548,1.157
1044,1548,1.039
1053,1548,1.016
1062,1548,1.084
1071,1548,1.154
1080,1548,1.331
1089,1548,1.305
1098,1548,1.279
1107,1548,1.468
1116,1548,1.554
1125,1548,1.413
1134,1548,1.178
1143,1548,1.255
1152,1548,1.334
1161,1548,1.308
1170,1548,1.181
1179,1548,1.061
1188,1548,1.134
1197,1548,1.209
1206,1548,1.186
1215,1548,1.264
1224,1548,1.458
1233,1548,1.549
1242,1548,1.407
1251,1548,1.273
1260,1548,1.357
1269,1548,1.563
1278,1548,1.537
1287,1548,1.284
1296,1548,1.26
1305,1548,1.346
1314,1548,1.11
1323,1548,1.088
1332,1548,0.88
1341,1548,0.624
1350,1548,0.607
1359,1548,0.524
1368,1548,0.573
1377,1548,0.492
1386,1548,0.541
1395,1548,0.462
1404,1548,0.576
1413,1548,0.559
1422,1548,0.542
1431,1548,0.462
1440,1548,0.579
1449,1548,0.494
1458,1548,0.618
1467,1548,0.6
1476,1548,0.66
1485,1548,0.642
1494,1548,0.705
1503,1548,0.773
1512,1548,0.668
1521,1548,0.827
1530,1548,0.905
1539,1548,0.788
1548,1548,0.768
1557,1548,0.66
1566,1548,0.485
1575,1548,0.623
1584,1548,0.524
1593,1548,0.507
1602,1548,0.568
1611,1548,0.55
1620,1548,0.531
1629,1548,0.513
1638,1548,0.42
1647,1548,0.477
1656,1548,0.386
1665,1548,0.249
1674,1548,0.114
1683,1548,0.077
1692,1548,0.094
1701,1548,0.084
1710,1548,0.075
1719,1548,0.092
1728,1548,0.112
1737,1548,0.18
1746,1548,0.278
1755,1548,0.414
1764,1548,0.393
1773,1548,0.291
1782,1548,0.15
1791,1548,0.25
1800,1548,0.167
1809,1548,0.148
1818,1548,0.187
1827,1548,0.109
1836,1548,0.212
1845,1548,0.274
1854,1548,0.159
1863,1548,0.131
1872,1548,0.18
1881,1548,0.143
1890,1548,0.1
1899,1548,0.051
1908,1548,-0
1917,1548,-0
9,1557,-0.006
18,1557,-0.118
27,1557,-0.22
36,1557,-0.194
45,1557,-0.175
54,1557,-0.249
63,1557,-0.223
72,1557,-0.202
81,1557,-0.184
90,1557,-0.24
99,1557,-0.301
108,1557,-0.366
117,1557,-0.435
126,1557,-0.171
135,1557,-0.159
144,1557,-0.198
153,1557,-0.184
162,1557,-0.289
171,1557,-0.269
180,1557,-0.316
189,1557,-0.295
198,1557,-0.218
207,1557,-0.204
216,1557,-0.3
225,1557,-0.281
234,1557,-0.394
243,1557,-0.37
252,1557,-0.419
261,1557,-0.557
270,1557,-0.525
279,1557,-0.496
288,1557,-0.551
297,1557,-0.608
306,1557,-0.667
315,1557,-0.633
324,1557,-0.692
333,1557,-0.754
342,1557,-0.818
351,1557,-0.683
360,1557,-0.651
369,1557,-0.62
378,1557,-0.676
387,1557,-0.645
396,1557,-0.537
405,1557,-0.444
414,1557,-0.489
423,1557,-0.466
432,1557,-0.445
441,1557,-0.559
450,1557,-0.609
459,1557,-0.583
468,1557,-0.558
477,1557,-0.607
486,1557,-0.658
495,1557,-0.631
504,1557,-0.605
513,1557,-0.512
522,1557,-0.557
531,1557,-0.534
540,1557,-0.654
549,1557,-0.557
558,1557,-0.535
567,1557,-0.514
576,1557,-0.558
585,1557,-0.604
594,1557,-0.581
603,1557,-0.702
612,1557,-0.839
621,1557,-0.897
630,1557,-0.702
639,1557,-0.677
648,1557,-0.583
657,1557,-0.702
666,1557,-0.835
675,1557,-0.807
684,1557,-0.78
693,1557,-0.835
702,1557,-0.807
711,1557,-0.95
720,1557,-1.107
729,1557,-1.279
738,1557,-1.351
747,1557,-1.425
756,1557,-1.276
765,1557,-1.24
774,1557,-1.311
783,1557,-1.275
792,1557,-1.346
801,1557,-1.31
810,1557,-1.275
819,1557,-1.346
828,1557,-1.206
837,1557,-0.897
846,1557,-1.046
855,1557,-0.928
864,1557,-0.67
873,1557,-0.648
882,1557,-0.503
891,1557,-0.544
900,1557,-0.586
909,1557,-0.567
918,1557,-0.435
927,1557,-0.529
936,1557,-0.635
945,1557,-0.683
954,1557,-0.808
963,1557,-0.946
972,1557,0.92
981,1557,1.07
990,1557,1.136
999,1557,1.014
1008,1557,1.174
1017,1557,1.144
1026,1557,1.022
1035,1557,1.183
1044,1557,1.058
1053,1557,1.124
1062,1557,1.193
1071,1557,1.264
1080,1557,1.448
1089,1557,1.415
1098,1557,1.383
1107,1557,1.578
1116,1557,1.663
1125,1557,1.51
1134,1557,1.259
1143,1557,1.335
1152,1557,1.414
1161,1557,1.382
1170,1557,1.245
1179,1557,1.116
1188,1557,1.187
1197,1557,1.262
1206,1557,1.232
1215,1557,1.309
1224,1557,1.504
1233,1557,1.717
1242,1557,1.56
1251,1557,1.411
1260,1557,1.497
1269,1557,1.712
1278,1557,1.679
1287,1557,1.405
1296,1557,1.375
1305,1557,1.462
1314,1557,1.207
1323,1557,1.18
1332,1557,0.955
1341,1557,0.68
1350,1557,0.658
1359,1557,0.567
1368,1557,0.617
1377,1557,0.529
1386,1557,0.577
1395,1557,0.492
1404,1557,0.608
1413,1557,0.588
1422,1557,0.568
1431,1557,0.482
1440,1557,0.599
1449,1557,0.509
1458,1557,0.633
1467,1557,0.612
1476,1557,0.67
1485,1557,0.648
1494,1557,0.709
1503,1557,0.774
1512,1557,0.664
1521,1557,0.82
1530,1557,0.894
1539,1557,0.772
1548,1557,0.749
1557,1557,0.637
1566,1557,0.462
1575,1557,0.593
1584,1557,0.494
1593,1557,0.474
1602,1557,0.529
1611,1557,0.507
1620,1557,0.486
1629,1557,0.465
1638,1557,0.374
1647,1557,0.424
1656,1557,0.335
1665,1557,0.208
1674,1557,0.088
1683,1557,0.057
1692,1557,0.069
1701,1557,0.061
1710,1557,0.052
1719,1557,0.089
1728,1557,0.107
1737,1557,0.172
1746,1557,0.265
1755,1557,0.394
1764,1557,0.37
1773,1557,0.268
1782,1557,0.182
1791,1557,0.295
1800,1557,0.199
1809,1557,0.176
1818,1557,0.219
1827,1557,0.13
1836,1557,0.243
1845,1557,0.309
1854,1557,0.181
1863,1557,0.148
1872,1557,0.201
1881,1557,0.158
1890,1557,0.11
1899,1557,0.056
1908,1557,-0
1917,1557,-0
9,1566,-0.006
18,1566,-0.109
27,1566,-0.202
36,1566,-0.176
45,1566,-0.156
54,1566,-0.222
63,1566,-0.196
72,1566,-0.175
81,1566,-0.158
90,1566,-0.207
99,1566,-0.26
108,1566,-0.317
117,1566,-0.378
126,1566,-0.141
135,1566,-0.129
144,1566,-0.162
153,1566,-0.148
162,1566,-0.238
171,1566,-0.219
180,1566,-0.259
189,1566,-0.239
198,1566,-0.172
207,1566,-0.159
216,1566,-0.239
225,1566,-0.222
234,1566,-0.318
243,1566,-0.296
252,1566,-0.337
261,1566,-0.455
270,1566,-0.425
279,1566,-0.398
288,1566,-0.444
297,1566,-0.491
306,1566,-0.541
315,1566,-0.594
324,1566,-0.648
333,1566,-0.704
342,1566,-0.762
351,1566,-0.629
360,1566,-0.595
369,1566,-0.563
378,1566,-0.613
387,1566,-0.581
396,1566,-0.477
405,1566,-0.389
414,1566,-0.428
423,1566,-0.405
432,1566,-0.383
441,1566,-0.486
450,1566,-0.529
459,1566,-0.503
468,1566,-0.478
477,1566,-0.52
486,1566,-0.564
495,1566,-0.537
504,1566,-0.512
513,1566,-0.426
522,1566,-0.464
531,1566,-0.442
540,1566,-0.546
549,1566,-0.458
558,1566,-0.436
567,1566,-0.416
576,1566,-0.452
585,1566,-0.491
594,1566,-0.468
603,1566,-0.573
612,1566,-0.691
621,1566,-0.74
630,1566,-0.566
639,1566,-0.541
648,1566,-0.458
657,1566,-0.559
666,1566,-0.673
675,1566,-0.646
684,1566,-0.619
693,1566,-0.664
702,1566,-0.638
711,1566,-0.76
720,1566,-0.895
729,1566,-1.044
738,1566,-1.104
747,1566,-1.167
756,1566,-1.031
765,1566,-0.996
774,1566,-1.055
783,1566,-1.02
792,1566,-1.079
801,1566,-1.141
810,1566,-1.104
819,1566,-1.167
828,1566,-1.034
837,1566,-0.75
846,1566,-0.881
855,1566,-0.771
864,1566,-0.539
873,1566,-0.518
882,1566,-0.442
891,1566,-0.477
900,1566,-0.514
909,1566,-0.494
918,1566,-0.371
927,1566,-0.454
936,1566,-0.549
945,1566,-0.657
954,1566,-0.777
963,1566,-0.91
972,1566,0.881
981,1566,1.025
990,1566,1.085
999,1566,0.962
1008,1566,1.114
1017,1566,1.081
1026,1566,1.049
1035,1566,1.209
1044,1566,1.175
1053,1566,1.241
1062,1566,1.311
1071,1566,1.382
1080,1566,1.573
1089,1566,1.533
1098,1566,1.494
1107,1566,1.695
1116,1566,1.78
1125,1566,1.614
1134,1566,1.346
1143,1566,1.42
1152,1566,1.498
1161,1566,1.46
1170,1566,1.313
1179,1566,1.174
1188,1566,1.244
1197,1566,1.316
1206,1566,1.282
1215,1566,1.356
1224,1566,1.552
1233,1566,1.765
1242,1566,1.599
1251,1566,1.442
1260,1566,1.524
1269,1566,1.738
1278,1566,1.699
1287,1566,1.416
1296,1566,1.381
1305,1566,1.463
1314,1566,1.202
1323,1566,1.17
1332,1566,1.036
1341,1566,0.74
1350,1566,0.714
1359,1566,0.614
1368,1566,0.664
1377,1566,0.568
1386,1566,0.616
1395,1566,0.523
1404,1566,0.642
1413,1566,0.618
1422,1566,0.594
1431,1566,0.502
1440,1566,0.621
1449,1566,0.597
1458,1566,0.732
1467,1566,0.706
1476,1566,0.766
1485,1566,0.739
1494,1566,0.802
1503,1566,0.87
1512,1566,0.747
1521,1566,0.912
1530,1566,0.988
1539,1566,0.854
1548,1566,0.825
1557,1566,0.702
1566,1566,0.511
1575,1566,0.649
1584,1566,0.54
1593,1566,0.515
1602,1566,0.571
1611,1566,0.545
1620,1566,0.52
1629,1566,0.495
1638,1566,0.396
1647,1566,0.445
1656,1566,0.351
1665,1566,0.216
1674,1566,0.12
1683,1566,0.08
1692,1566,0.094
1701,1566,0.083
1710,1566,0.071
1719,1566,0.117
1728,1566,0.138
1737,1566,0.215
1746,1566,0.321
1755,1566,0.465
1764,1566,0.436
1773,1566,0.319
1782,1566,0.22
1791,1566,0.346
1800,1566,0.236
1809,1566,0.208
1818,1566,0.254
1827,1566,0.153
1836,1566,0.278
1845,1566,0.348
1854,1566,0.206
1863,1566,0.168
1872,1566,0.223
1881,1566,0.174
1890,1566,0.121
1899,1566,0.061
1908,1566,-0
1917,1566,-0
9,1575,-0.005
18,1575,-0.1
27,1575,-0.185
36,1575,-0.274
45,1575,-0.23
54,1575,-0.305
63,1575,-0.261
72,1575,-0.227
81,1575,-0.199
90,1575,-0.251
99,1575,-0.307
108,1575,-0.366
117,1575,-0.427
126,1575,-0.159
135,1575,-0.144
144,1575,-0.177
153,1575,-0.214
162,1575,-0.325
171,1575,-0.295
180,1575,-0.34
189,1575,-0.31
198,1575,-0.224
207,1575,-0.205
216,1575,-0.298
225,1575,-0.274
234,1575,-0.381
243,1575,-0.352
252,1575,-0.394
261,1575,-0.522
270,1575,-0.485
279,1575,-0.451
288,1575,-0.496
297,1575,-0.544
306,1575,-0.594
315,1575,-0.645
324,1575,-0.699
333,1575,-0.753
342,1575,-0.81
351,1575,-0.666
360,1575,-0.626
369,1575,-0.588
378,1575,-0.636
387,1575,-0.599
396,1575,-0.565
405,1575,-0.46
414,1575,-0.501
423,1575,-0.472
432,1575,-0.444
441,1575,-0.555
450,1575,-0.599
459,1575,-0.566
468,1575,-0.535
477,1575,-0.578
486,1575,-0.622
495,1575,-0.589
504,1575,-0.559
513,1575,-0.463
522,1575,-0.501
531,1575,-0.475
540,1575,-0.582
549,1575,-0.486
558,1575,-0.461
567,1575,-0.436
576,1575,-0.472
585,1575,-0.509
594,1575,-0.483
603,1575,-0.588
612,1575,-0.706
621,1575,-0.753
630,1575,-0.572
639,1575,-0.544
648,1575,-0.457
657,1575,-0.556
666,1575,-0.668
675,1575,-0.638
684,1575,-0.609
693,1575,-0.65
702,1575,-0.621
711,1575,-0.739
720,1575,-0.87
729,1575,-1.014
738,1575,-1.07
747,1575,-1.128
756,1575,-0.99
765,1575,-0.952
774,1575,-1.005
783,1575,-0.967
792,1575,-1.022
801,1575,-1.078
810,1575,-1.038
819,1575,-1.095
828,1575,-0.962
837,1575,-0.686
846,1575,-0.808
855,1575,-0.7
864,1575,-0.479
873,1575,-0.457
882,1575,-0.384
891,1575,-0.415
900,1575,-0.447
909,1575,-0.426
918,1575,-0.312
927,1575,-0.386
936,1575,-0.47
945,1575,-0.566
954,1575,-0.673
963,1575,-0.793
972,1575,0.763
981,1575,0.892
990,1575,1.035
999,1575,0.911
1008,1575,1.056
1017,1575,1.019
1026,1575,0.984
1035,1575,1.136
1044,1575,1.099
1053,1575,1.159
1062,1575,1.222
1071,1575,1.286
1080,1575,1.466
1089,1575,1.423
1098,1575,1.38
1107,1575,1.569
1116,1575,1.772
1125,1575,1.725
1134,1575,1.438
1143,1575,1.511
1152,1575,1.587
1161,1575,1.543
1170,1575,1.384
1179,1575,1.235
1188,1575,1.303
1197,1575,1.374
1206,1575,1.333
1215,1575,1.406
1224,1575,1.603
1233,1575,1.816
1242,1575,1.64
1251,1575,1.474
1260,1575,1.553
1269,1575,1.766
1278,1575,1.721
1287,1575,1.549
1296,1575,1.507
1305,1575,1.589
1314,1575,1.307
1323,1575,1.269
1332,1575,1.123
1341,1575,0.804
1350,1575,0.774
1359,1575,0.664
1368,1575,0.714
1377,1575,0.609
1386,1575,0.657
1395,1575,0.557
1404,1575,0.679
1413,1575,0.65
1422,1575,0.622
1431,1575,0.524
1440,1575,0.644
1449,1575,0.616
1458,1575,0.751
1467,1575,0.721
1476,1575,0.778
1485,1575,0.747
1494,1575,0.808
1503,1575,0.872
1512,1575,0.744
1521,1575,0.906
1530,1575,0.978
1539,1575,0.839
1548,1575,0.806
1557,1575,0.679
1566,1575,0.488
1575,1575,0.619
1584,1575,0.508
1593,1575,0.481
1602,1575,0.531
1611,1575,0.502
1620,1575,0.474
1629,1575,0.447
1638,1575,0.419
1647,1575,0.468
1656,1575,0.439
1665,1575,0.278
1674,1575,0.16
1683,1575,0.109
1692,1575,0.126
1701,1575,0.111
1710,1575,0.096
1719,1575,0.151
1728,1575,0.176
1737,1575,0.265
1746,1575,0.386
1755,1575,0.546
1764,1575,0.511
1773,1575,0.377
1782,1575,0.263
1791,1575,0.404
1800,1575,0.278
1809,1575,0.245
1818,1575,0.295
1827,1575,0.18
1836,1575,0.317
1845,1575,0.39
1854,1575,0.233
1863,1575,0.189
1872,1575,0.247
1881,1575,0.192
1890,1575,0.133
1899,1575,0.066
1908,1575,-0
1917,1575,-0
9,1584,-0.094
18,1584,-0.43
27,1584,-0.547
36,1584,-0.65
45,1584,-0.507
54,1584,-0.596
63,1584,-0.491
72,1584,-0.413
81,1584,-0.353
90,1584,-0.417
99,1584,-0.482
108,1584,-0.548
117,1584,-0.616
126,1584,-0.246
135,1584,-0.289
144,1584,-0.336
153,1584,-0.384
162,1584,-0.54
171,1584,-0.487
180,1584,-0.541
189,1584,-0.49
198,1584,-0.36
207,1584,-0.327
216,1584,-0.45
225,1584,-0.41
234,1584,-0.546
243,1584,-0.596
252,1584,-0.648
261,1584,-0.818
270,1584,-0.757
279,1584,-0.701
288,1584,-0.755
297,1584,-0.81
306,1584,-0.866
315,1584,-0.924
324,1584,-0.983
333,1584,-1.043
342,1584,-1.105
351,1584,-0.916
360,1584,-0.859
369,1584,-0.806
378,1584,-0.859
387,1584,-0.806
396,1584,-0.859
405,1584,-0.711
414,1584,-0.76
423,1584,-0.809
432,1584,-0.762
441,1584,-0.913
450,1584,-0.967
459,1584,-0.914
468,1584,-0.865
477,1584,-0.916
486,1584,-0.969
495,1584,-0.919
504,1584,-0.87
513,1584,-0.735
522,1584,-0.781
531,1584,-0.739
540,1584,-0.878
549,1584,-0.744
558,1584,-0.705
567,1584,-0.668
576,1584,-0.711
585,1584,-0.755
594,1584,-0.716
603,1584,-0.848
612,1584,-0.993
621,1584,-1.046
630,1584,-0.812
639,1584,-0.773
648,1584,-0.657
657,1584,-0.779
666,1584,-0.914
675,1584,-0.872
684,1584,-0.831
693,1584,-0.878
702,1584,-0.838
711,1584,-0.977
720,1584,-1.129
729,1584,-1.294
738,1584,-1.354
747,1584,-1.416
756,1584,-1.25
765,1584,-1.2
774,1584,-1.257
783,1584,-1.208
792,1584,-1.266
801,1584,-1.325
810,1584,-1.275
819,1584,-1.334
828,1584,-1.178
837,1584,-0.855
846,1584,-0.992
855,1584,-0.864
864,1584,-0.603
873,1584,-0.574
882,1584,-0.485
891,1584,-0.519
900,1584,-0.619
909,1584,-0.59
918,1584,-0.443
927,1584,-0.534
936,1584,-0.636
945,1584,-0.75
954,1584,-0.876
963,1584,-1.014
972,1584,0.974
981,1584,1.122
990,1584,1.283
999,1584,1.135
1008,1584,1.298
1017,1584,1.252
1026,1584,1.207
1035,1584,1.376
1044,1584,1.441
1053,1584,1.508
1062,1584,1.577
1071,1584,1.648
1080,1584,1.852
1089,1584,1.797
1098,1584,1.742
1107,1584,1.955
1116,1584,2.182
1125,1584,2.122
1134,1584,1.788
1143,1584,1.867
1152,1584,1.949
1161,1584,1.893
1170,1584,1.706
1179,1584,1.531
1188,1584,1.604
1197,1584,1.68
1206,1584,1.629
1215,1584,1.707
1224,1584,1.924
1233,1584,2.158
1242,1584,1.956
1251,1584,1.764
1260,1584,1.848
1269,1584,2.08
1278,1584,2.024
1287,1584,1.828
1296,1584,1.776
1305,1584,2.006
1314,1584,1.674
1323,1584,1.625
1332,1584,1.45
1341,1584,1.068
1350,1584,1.028
1359,1584,0.893
1368,1584,0.95
1377,1584,0.82
1386,1584,0.875
1395,1584,0.751
1404,1584,0.896
1413,1584,0.859
1422,1584,0.823
1431,1584,0.701
1440,1584,0.843
1449,1584,0.807
1458,1584,0.965
1467,1584,0.926
1476,1584,0.991
1485,1584,0.951
1494,1584,1.018
1503,1584,1.09
1512,1584,0.939
1521,1584,1.123
1530,1584,1.201
1539,1584,1.039
1548,1584,0.998
1557,1584,0.849
1566,1584,0.623
1575,1584,0.773
1584,1584,0.642
1593,1584,0.608
1602,1584,0.664
1611,1584,0.628
1620,1584,0.593
1629,1584,0.559
1638,1584,0.525
1647,1584,0.579
1656,1584,0.544
1665,1584,0.354
1674,1584,0.21
1683,1584,0.145
1692,1584,0.167
1701,1584,0.146
1710,1584,0.127
1719,1584,0.193
1728,1584,0.222
1737,1584,0.325
1746,1584,0.461
1755,1584,0.637
1764,1584,0.595
1773,1584,0.444
1782,1584,0.313
1791,1584,0.468
1800,1584,0.325
1809,1584,0.286
1818,1584,0.34
1827,1584,0.21
1836,1584,0.359
1845,1584,0.437
1854,1584,0.263
1863,1584,0.213
1872,1584,0.273
1881,1584,0.212
1890,1584,0.145
1899,1584,0.072
1908,1584,-0
1917,1584,-0
9,1593,-0.088
18,1593,-0.407
27,1593,-0.514
36,1593,-0.608
45,1593,-0.467
54,1593,-0.548
63,1593,-0.445
72,1593,-0.369
81,1593,-0.31
90,1593,-0.367
99,1593,-0.424
108,1593,-0.483
117,1593,-0.542
126,1593,-0.204
135,1593,-0.242
144,1593,-0.281
153,1593,-0.322
162,1593,-0.46
171,1593,-0.41
180,1593,-0.456
189,1593,-0.408
198,1593,-0.293
207,1593,-0.262
216,1593,-0.367
225,1593,-0.331
234,1593,-0.448
243,1593,-0.491
252,1593,-0.534
261,1593,-0.683
270,1593,-0.733
279,1593,-0.674
288,1593,-0.723
297,1593,-0.772
306,1593,-0.944
315,1593,-1
324,1593,-1.056
333,1593,-1.113
342,1593,-1.172
351,1593,-0.968
360,1593,-0.903
369,1593,-0.842
378,1593,-0.892
387,1593,-0.833
396,1593,-0.882
405,1593,-0.727
414,1593,-0.772
423,1593,-0.818
432,1593,-0.766
441,1593,-0.915
450,1593,-0.965
459,1593,-0.908
468,1593,-0.853
477,1593,-0.901
486,1593,-0.95
495,1593,-0.895
504,1593,-0.843
513,1593,-0.705
522,1593,-0.747
531,1593,-0.703
540,1593,-0.835
549,1593,-0.702
558,1593,-0.66
567,1593,-0.7
576,1593,-0.741
585,1593,-0.783
594,1593,-0.827
603,1593,-0.968
612,1593,-1.122
621,1593,-1.174
630,1593,-0.915
639,1593,-0.868
648,1593,-0.737
657,1593,-0.866
666,1593,-1.007
675,1593,-0.958
684,1593,-0.91
693,1593,-0.956
702,1593,-0.909
711,1593,-1.052
720,1593,-1.209
729,1593,-1.377
738,1593,-1.435
747,1593,-1.621
756,1593,-1.432
765,1593,-1.372
774,1593,-1.43
783,1593,-1.371
792,1593,-1.429
801,1593,-1.488
810,1593,-1.549
819,1593,-1.611
828,1593,-1.427
837,1593,-1.052
846,1593,-1.205
855,1593,-1.054
864,1593,-0.749
873,1593,-0.712
882,1593,-0.605
891,1593,-0.641
900,1593,-0.754
909,1593,-0.717
918,1593,-0.545
927,1593,-0.646
936,1593,-0.759
945,1593,-0.884
954,1593,-1.021
963,1593,-1.171
972,1593,1.122
981,1593,1.281
990,1593,1.452
999,1593,1.286
1008,1593,1.458
1017,1593,1.403
1026,1593,1.349
1035,1593,1.527
1044,1593,1.592
1053,1593,1.658
1062,1593,1.727
1071,1593,1.797
1080,1593,2.008
1089,1593,1.943
1098,1593,1.88
1107,1593,2.098
1116,1593,2.331
1125,1593,2.262
1134,1593,1.905
1143,1593,1.982
1152,1593,2.062
1161,1593,1.998
1170,1593,1.797
1179,1593,1.609
1188,1593,1.68
1197,1593,1.753
1206,1593,1.695
1215,1593,1.77
1224,1593,1.988
1233,1593,2.222
1242,1593,2.008
1251,1593,1.806
1260,1593,1.886
1269,1593,2.116
1278,1593,2.053
1287,1593,1.848
1296,1593,1.789
1305,1593,2.016
1314,1593,1.674
1323,1593,1.618
1332,1593,1.437
1341,1593,1.049
1350,1593,1.005
1359,1593,0.866
1368,1593,0.919
1377,1593,0.786
1386,1593,0.837
1395,1593,0.711
1404,1593,0.848
1413,1593,0.808
1422,1593,0.769
1431,1593,0.647
1440,1593,0.78
1449,1593,0.741
1458,1593,0.888
1467,1593,0.846
1476,1593,0.903
1485,1593,0.964
1494,1593,1.028
1503,1593,1.095
1512,1593,0.938
1521,1593,1.118
1530,1593,1.192
1539,1593,1.024
1548,1593,1.095
1557,1593,0.932
1566,1593,0.686
1575,1593,0.843
1584,1593,0.7
1593,1593,0.66
1602,1593,0.715
1611,1593,0.674
1620,1593,0.634
1629,1593,0.594
1638,1593,0.555
1647,1593,0.608
1656,1593,0.568
1665,1593,0.367
1674,1593,0.216
1683,1593,0.148
1692,1593,0.168
1701,1593,0.146
1710,1593,0.125
1719,1593,0.189
1728,1593,0.215
1737,1593,0.313
1746,1593,0.444
1755,1593,0.613
1764,1593,0.566
1773,1593,0.413
1782,1593,0.283
1791,1593,0.425
1800,1593,0.286
1809,1593,0.245
1818,1593,0.289
1827,1593,0.167
1836,1593,0.292
1845,1593,0.352
1854,1593,0.193
1863,1593,0.145
1872,1593,0.181
1881,1593,0.123
1890,1593,0.065
1899,1593,0.078
1908,1593,-0
1917,1593,-0
9,1602,-0.082
18,1602,-0.385
27,1602,-0.483
36,1602,-0.568
45,1602,-0.428
54,1602,-0.501
63,1602,-0.401
72,1602,-0.327
81,1602,-0.271
90,1602,-0.32
99,1602,-0.371
108,1602,-0.422
117,1602,-0.474
126,1602,-0.168
135,1602,-0.199
144,1602,-0.306
153,1602,-0.346
162,1602,-0.488
171,1602,-0.43
180,1602,-0.474
189,1602,-0.42
198,1602,-0.297
207,1602,-0.263
216,1602,-0.367
225,1602,-0.327
234,1602,-0.441
243,1602,-0.48
252,1602,-0.52
261,1602,-0.664
270,1602,-0.709
279,1602,-0.647
288,1602,-0.691
297,1602,-0.736
306,1602,-0.9
315,1602,-0.949
324,1602,-1
333,1602,-1.051
342,1602,-1.103
351,1602,-0.901
360,1602,-0.834
369,1602,-0.772
378,1602,-0.816
387,1602,-0.757
396,1602,-0.8
405,1602,-0.649
414,1602,-0.689
423,1602,-0.729
432,1602,-0.678
441,1602,-0.813
450,1602,-0.857
459,1602,-0.799
468,1602,-0.746
477,1602,-0.787
486,1602,-0.829
495,1602,-0.775
504,1602,-0.724
513,1602,-0.596
522,1602,-0.631
531,1602,-0.589
540,1602,-0.705
549,1602,-0.582
558,1602,-0.543
567,1602,-0.576
576,1602,-0.61
585,1602,-0.645
594,1602,-0.681
603,1602,-0.804
612,1602,-0.94
621,1602,-0.984
630,1602,-0.748
639,1602,-0.787
648,1602,-0.74
657,1602,-0.867
666,1602,-1.006
675,1602,-0.952
684,1602,-0.9
693,1602,-0.942
702,1602,-0.891
711,1602,-1.03
720,1602,-1.182
729,1602,-1.346
738,1602,-1.399
747,1602,-1.578
756,1602,-1.386
765,1602,-1.321
774,1602,-1.374
783,1602,-1.311
792,1602,-1.363
801,1602,-1.416
810,1602,-1.471
819,1602,-1.527
828,1602,-1.343
837,1602,-0.975
846,1602,-1.118
855,1602,-0.969
864,1602,-0.675
873,1602,-0.637
882,1602,-0.534
891,1602,-0.565
900,1602,-0.667
909,1602,-0.63
918,1602,-0.468
927,1602,-0.559
936,1602,-0.66
945,1602,-0.773
954,1602,-0.897
963,1602,-1.033
972,1602,0.983
981,1602,1.127
990,1602,1.283
999,1602,1.123
1008,1602,1.279
1017,1602,1.224
1026,1602,1.276
1035,1602,1.445
1044,1602,1.503
1053,1602,1.563
1062,1602,1.624
1071,1602,1.687
1080,1602,1.887
1089,1602,1.818
1098,1602,1.751
1107,1602,1.957
1116,1602,2.176
1125,1602,2.103
1134,1602,1.752
1143,1602,1.82
1152,1602,1.891
1161,1602,1.823
1170,1602,1.626
1179,1602,1.441
1188,1602,1.503
1197,1602,1.567
1206,1602,1.506
1215,1602,1.57
1224,1602,1.77
1233,1602,1.985
1242,1602,1.777
1251,1602,1.581
1260,1602,1.649
1269,1602,1.858
1278,1602,1.793
1287,1602,1.728
1296,1602,1.665
1305,1602,1.879
1314,1602,1.542
1323,1602,1.482
1332,1602,1.303
1341,1602,0.93
1350,1602,0.884
1359,1602,0.751
1368,1602,0.795
1377,1602,0.67
1386,1602,0.711
1395,1602,0.593
1404,1602,0.714
1413,1602,0.673
1422,1602,0.633
1431,1602,0.521
1440,1602,0.635
1449,1602,0.596
1458,1602,0.722
1467,1602,0.681
1476,1602,0.726
1485,1602,0.774
1494,1602,0.825
1503,1602,0.879
1512,1602,0.735
1521,1602,0.888
1530,1602,0.946
1539,1602,0.793
1548,1602,0.848
1557,1602,0.702
1566,1602,0.491
1575,1602,0.616
1584,1602,0.574
1593,1602,0.533
1602,1602,0.578
1611,1602,0.536
1620,1602,0.496
1629,1602,0.457
1638,1602,0.419
1647,1602,0.458
1656,1602,0.419
1665,1602,0.252
1674,1602,0.134
1683,1602,0.084
1692,1602,0.095
1701,1602,0.078
1710,1602,0.063
1719,1602,0.102
1728,1602,0.116
1737,1602,0.178
1746,1602,0.265
1755,1602,0.382
1764,1602,0.338
1773,1602,0.296
1782,1602,0.187
1791,1602,0.292
1800,1602,0.248
1809,1602,0.207
1818,1602,0.241
1827,1602,0.13
1836,1602,0.232
1845,1602,0.276
1854,1602,0.136
1863,1602,0.092
1872,1602,0.111
1881,1602,0.062
1890,1602,0.022
1899,1602,0.017
1908,1602,-0
1917,1602,-0
9,1611,-0.247
18,1611,-0.717
27,1611,-0.77
36,1611,-0.826
45,1611,-0.599
54,1611,-0.664
63,1611,-0.519
72,1611,-0.415
81,1611,-0.337
90,1611,-0.387
99,1611,-0.579
108,1611,-0.808
117,1611,-0.863
126,1611,-0.348
135,1611,-0.389
144,1611,-0.548
153,1611,-0.594
162,1611,-0.784
171,1611,-0.688
180,1611,-0.736
189,1611,-0.65
198,1611,-0.47
207,1611,-0.415
216,1611,-0.549
225,1611,-0.488
234,1611,-0.631
243,1611,-0.673
252,1611,-0.715
261,1611,-0.885
270,1611,-1.074
279,1611,-0.978
288,1611,-1.026
297,1611,-1.074
306,1611,-1.273
315,1611,-1.324
324,1611,-1.376
333,1611,-1.428
342,1611,-1.48
351,1611,-1.221
360,1611,-1.129
369,1611,-1.044
378,1611,-1.09
387,1611,-1.009
396,1611,-1.054
405,1611,-0.863
414,1611,-0.905
423,1611,-0.947
432,1611,-0.878
441,1611,-1.034
450,1611,-1.078
459,1611,-1.004
468,1611,-0.935
477,1611,-0.977
486,1611,-1.02
495,1611,-0.952
504,1611,-0.888
513,1611,-0.734
522,1611,-0.77
531,1611,-0.717
540,1611,-0.845
549,1611,-0.701
558,1611,-0.652
567,1611,-0.685
576,1611,-0.719
585,1611,-0.755
594,1611,-0.791
603,1611,-0.923
612,1611,-1.067
621,1611,-1.111
630,1611,-0.848
639,1611,-0.886
648,1611,-0.831
657,1611,-0.964
666,1611,-1.11
675,1611,-1.046
684,1611,-0.986
693,1611,-1.027
702,1611,-0.968
711,1611,-1.112
720,1611,-1.267
729,1611,-1.435
738,1611,-1.485
747,1611,-1.668
756,1611,-1.461
765,1611,-1.388
774,1611,-1.437
783,1611,-1.366
792,1611,-1.415
801,1611,-1.466
810,1611,-1.517
819,1611,-1.569
828,1611,-1.374
837,1611,-0.993
846,1611,-1.135
855,1611,-0.978
864,1611,-0.676
873,1611,-0.634
882,1611,-0.529
891,1611,-0.557
900,1611,-0.656
909,1611,-0.616
918,1611,-0.453
927,1611,-0.54
936,1611,-0.637
945,1611,-0.745
954,1611,-0.864
963,1611,-0.995
972,1611,0.942
981,1611,1.08
990,1611,1.229
999,1611,1.169
1008,1611,1.326
1017,1611,1.264
1026,1611,1.313
1035,1611,1.482
1044,1611,1.536
1053,1611,1.592
1062,1611,1.65
1071,1611,1.708
1080,1611,1.906
1089,1611,1.831
1098,1611,1.757
1107,1611,1.959
1116,1611,2.175
1125,1611,2.094
1134,1611,1.872
1143,1611,1.937
1152,1611,2.005
1161,1611,1.928
1170,1611,1.853
1179,1611,1.646
1188,1611,1.708
1197,1611,1.772
1206,1611,1.701
1215,1611,1.766
1224,1611,1.976
1233,1611,2.201
1242,1611,1.971
1251,1611,1.755
1260,1611,1.823
1269,1611,2.041
1278,1611,1.965
1287,1611,1.89
1296,1611,1.817
1305,1611,2.039
1314,1611,1.676
1323,1611,1.607
1332,1611,1.411
1341,1611,1.011
1350,1611,0.958
1359,1611,0.813
1368,1611,0.856
1377,1611,0.72
1386,1611,0.76
1395,1611,0.632
1404,1611,0.756
1413,1611,0.71
1422,1611,0.665
1431,1611,0.545
1440,1611,0.66
1449,1611,0.617
1458,1611,0.743
1467,1611,0.696
1476,1611,0.739
1485,1611,0.784
1494,1611,0.832
1503,1611,0.883
1512,1611,0.733
1521,1611,0.882
1530,1611,0.936
1539,1611,0.778
1548,1611,0.828
1557,1611,0.679
1566,1611,0.467
1575,1611,0.585
1584,1611,0.54
1593,1611,0.497
1602,1611,0.536
1611,1611,0.578
1620,1611,0.532
1629,1611,0.487
1638,1611,0.444
1647,1611,0.483
1656,1611,0.439
1665,1611,0.262
1674,1611,0.138
1683,1611,0.085
1692,1611,0.095
1701,1611,0.107
1710,1611,0.087
1719,1611,0.134
1728,1611,0.151
1737,1611,0.224
1746,1611,0.324
1755,1611,0.456
1764,1611,0.404
1773,1611,0.354
1782,1611,0.228
1791,1611,0.345
1800,1611,0.294
1809,1611,0.245
1818,1611,0.282
1827,1611,0.154
1836,1611,0.267
1845,1611,0.314
1854,1611,0.157
1863,1611,0.106
1872,1611,0.126
1881,1611,0.07
1890,1611,0.024
1899,1611,0.019
1908,1611,-0
1917,1611,-0
9,1620,-0.235
18,1620,-0.685
27,1620,-0.729
36,1620,-0.776
45,1620,-0.824
54,1620,-0.872
63,1620,-0.666
72,1620,-0.522
81,1620,-0.417
90,1620,-0.465
99,1620,-0.674
108,1620,-0.918
117,1620,-0.966
126,1620,-0.391
135,1620,-0.43
144,1620,-0.594
153,1620,-0.637
162,1620,-0.831
171,1620,-0.722
180,1620,-0.765
189,1620,-0.809
198,1620,-0.587
207,1620,-0.515
216,1620,-0.665
225,1620,-0.588
234,1620,-0.744
243,1620,-0.784
252,1620,-0.824
261,1620,-1.005
270,1620,-1.204
279,1620,-1.091
288,1620,-1.135
297,1620,-1.179
306,1620,-1.385
315,1620,-1.431
324,1620,-1.478
333,1620,-1.524
342,1620,-1.571
351,1620,-1.291
360,1620,-1.188
369,1620,-1.092
378,1620,-1.134
387,1620,-1.045
396,1620,-1.085
405,1620,-0.884
414,1620,-0.922
423,1620,-0.96
432,1620,-0.885
441,1620,-1.038
450,1620,-1.078
459,1620,-0.999
468,1620,-0.925
477,1620,-0.962
486,1620,-1
495,1620,-0.928
504,1620,-0.86
513,1620,-0.704
522,1620,-0.737
531,1620,-0.681
540,1620,-0.803
549,1620,-0.658
558,1620,-0.607
567,1620,-0.637
576,1620,-0.667
585,1620,-0.697
594,1620,-0.729
603,1620,-0.852
612,1620,-0.988
621,1620,-1.025
630,1620,-0.77
639,1620,-0.802
648,1620,-0.747
657,1620,-0.87
666,1620,-1.004
675,1620,-0.94
684,1620,-0.88
693,1620,-0.915
702,1620,-0.856
711,1620,-0.987
720,1620,-1.129
729,1620,-1.283
738,1620,-1.326
747,1620,-1.494
756,1620,-1.294
765,1620,-1.221
774,1620,-1.263
783,1620,-1.193
792,1620,-1.234
801,1620,-1.276
810,1620,-1.319
819,1620,-1.363
828,1620,-1.179
837,1620,-0.827
846,1620,-0.952
855,1620,-0.807
864,1620,-0.537
873,1620,-0.498
882,1620,-0.405
891,1620,-0.427
900,1620,-0.509
909,1620,-0.472
918,1620,-0.334
927,1620,-0.404
936,1620,-0.483
945,1620,-0.572
954,1620,-0.671
963,1620,-0.781
972,1620,0.732
981,1620,0.848
990,1620,0.975
999,1620,1.013
1008,1620,1.154
1017,1620,1.092
1026,1620,1.133
1035,1620,1.284
1044,1620,1.33
1053,1620,1.377
1062,1620,1.425
1071,1620,1.474
1080,1620,1.653
1089,1620,1.577
1098,1620,1.503
1107,1620,1.684
1116,1620,1.878
1125,1620,1.797
1134,1620,1.586
1143,1620,1.641
1152,1620,1.697
1161,1620,1.62
1170,1620,1.546
1179,1620,1.352
1188,1620,1.403
1197,1620,1.455
1206,1620,1.385
1215,1620,1.437
1224,1620,1.62
1233,1620,1.817
1242,1620,1.603
1251,1620,1.403
1260,1620,1.457
1269,1620,1.645
1278,1620,1.571
1287,1620,1.498
1296,1620,1.427
1305,1620,1.616
1314,1620,1.413
1323,1620,1.344
1332,1620,1.161
1341,1620,0.799
1350,1620,0.749
1359,1620,0.619
1368,1620,0.652
1377,1620,0.533
1386,1620,0.563
1395,1620,0.453
1404,1620,0.551
1413,1620,0.509
1422,1620,0.468
1431,1620,0.369
1440,1620,0.456
1449,1620,0.418
1458,1620,0.514
1467,1620,0.473
1476,1620,0.503
1485,1620,0.534
1494,1620,0.567
1503,1620,0.602
1512,1620,0.479
1521,1620,0.59
1530,1620,0.627
1539,1620,0.498
1548,1620,0.531
1557,1620,0.413
1566,1620,0.258
1575,1620,0.336
1584,1620,0.3
1593,1620,0.266
1602,1620,0.288
1611,1620,0.311
1620,1620,0.276
1629,1620,0.299
1638,1620,0.263
1647,1620,0.286
1656,1620,0.25
1665,1620,0.169
1674,1620,0.078
1683,1620,0.043
1692,1620,0.048
1701,1620,0.053
1710,1620,0.04
1719,1620,0.066
1728,1620,0.073
1737,1620,0.116
1746,1620,0.178
1755,1620,0.263
1764,1620,0.22
1773,1620,0.246
1782,1620,0.143
1791,1620,0.227
1800,1620,0.182
1809,1620,0.141
1818,1620,0.16
1827,1620,0.118
1836,1620,0.209
1845,1620,0.242
1854,1620,0.106
1863,1620,0.063
1872,1620,0.071
1881,1620,0.08
1890,1620,0.028
1899,1620,0.021
1908,1620,-0
1917,1620,-0
9,1629,-0.223
18,1629,-0.654
27,1629,-0.689
36,1629,-1.124
45,1629,-1.122
54,1629,-1.134
63,1629,-0.848
72,1629,-0.653
81,1629,-0.513
90,1629,-0.557
99,1629,-0.782
108,1629,-1.042
117,1629,-1.08
126,1629,-0.438
135,1629,-0.474
144,1629,-0.644
153,1629,-0.683
162,1629,-0.88
171,1629,-0.759
180,1629,-0.797
189,1629,-0.835
198,1629,-0.6
207,1629,-0.635
216,1629,-0.8
225,1629,-0.704
234,1629,-0.874
243,1629,-0.91
252,1629,-0.947
261,1629,-1.139
270,1629,-1.348
279,1629,-1.216
288,1629,-1.255
297,1629,-1.294
306,1629,-1.507
315,1629,-1.547
324,1629,-1.588
333,1629,-1.629
342,1629,-1.67
351,1629,-1.366
360,1629,-1.251
369,1629,-1.144
378,1629,-1.182
387,1629,-1.219
396,1629,-1.257
405,1629,-1.026
414,1629,-1.061
423,1629,-1.097
432,1629,-1.008
441,1629,-1.17
450,1629,-1.207
459,1629,-1.115
468,1629,-1.028
477,1629,-1.063
486,1629,-1.098
495,1629,-1.015
504,1629,-0.937
513,1629,-0.766
522,1629,-0.796
531,1629,-0.826
540,1629,-0.961
549,1629,-0.791
558,1629,-0.821
567,1629,-0.852
576,1629,-0.883
585,1629,-0.915
594,1629,-0.947
603,1629,-1.089
612,1629,-1.242
621,1629,-1.28
630,1629,-0.975
639,1629,-1.008
648,1629,-0.938
657,1629,-1.076
666,1629,-1.225
675,1629,-1.146
684,1629,-1.072
693,1629,-1.106
702,1629,-1.034
711,1629,-1.178
720,1629,-1.333
729,1629,-1.499
738,1629,-1.54
747,1629,-1.72
756,1629,-1.493
765,1629,-1.407
774,1629,-1.447
783,1629,-1.364
792,1629,-1.404
801,1629,-1.445
810,1629,-1.486
819,1629,-1.528
828,1629,-1.322
837,1629,-1.031
846,1629,-1.172
855,1629,-0.999
864,1629,-0.679
873,1629,-0.63
882,1629,-0.517
891,1629,-0.54
900,1629,-0.634
909,1629,-0.587
918,1629,-0.422
927,1629,-0.502
936,1629,-0.591
945,1629,-0.69
954,1629,-0.8
963,1629,-0.92
972,1629,0.861
981,1629,0.986
990,1629,1.123
999,1629,1.16
1008,1629,1.31
1017,1629,1.238
1026,1629,1.278
1035,1629,1.438
1044,1629,1.482
1053,1629,1.527
1062,1629,1.574
1071,1629,1.621
1080,1629,1.806
1089,1629,1.719
1098,1629,1.635
1107,1629,1.822
1116,1629,2.022
1125,1629,1.93
1134,1629,1.701
1143,1629,1.753
1152,1629,1.806
1161,1629,1.72
1170,1629,1.636
1179,1629,1.429
1188,1629,1.476
1197,1629,1.525
1206,1629,1.447
1215,1629,1.496
1224,1629,1.68
1233,1629,1.877
1242,1629,1.65
1251,1629,1.44
1260,1629,1.49
1269,1629,1.677
1278,1629,1.595
1287,1629,1.515
1296,1629,1.568
1305,1629,1.764
1314,1629,1.542
1323,1629,1.464
1332,1629,1.264
1341,1629,0.874
1350,1629,0.816
1359,1629,0.674
1368,1629,0.706
1377,1629,0.576
1386,1629,0.605
1395,1629,0.485
1404,1629,0.585
1413,1629,0.538
1422,1629,0.493
1431,1629,0.387
1440,1629,0.475
1449,1629,0.502
1458,1629,0.608
1467,1629,0.558
1476,1629,0.589
1485,1629,0.621
1494,1629,0.655
1503,1629,0.69
1512,1629,0.551
1521,1629,0.671
1530,1629,0.708
1539,1629,0.564
1548,1629,0.597
1557,1629,0.465
1566,1629,0.292
1575,1629,0.376
1584,1629,0.334
1593,1629,0.295
1602,1629,0.317
1611,1629,0.339
1620,1629,0.299
1629,1629,0.321
1638,1629,0.281
1647,1629,0.302
1656,1629,0.262
1665,1629,0.176
1674,1629,0.08
1683,1629,0.062
1692,1629,0.068
1701,1629,0.075
1710,1629,0.057
1719,1629,0.09
1728,1629,0.099
1737,1629,0.151
1746,1629,0.224
1755,1629,0.322
1764,1629,0.27
1773,1629,0.298
1782,1629,0.178
1791,1629,0.273
1800,1629,0.219
1809,1629,0.17
1818,1629,0.191
1827,1629,0.141
1836,1629,0.243
1845,1629,0.277
1854,1629,0.123
1863,1629,0.073
1872,1629,0.081
1881,1629,0.09
1890,1629,0.031
1899,1629,0.023
1908,1629,-0
1917,1629,-0
9,1638,-0.211
18,1638,-0.623
27,1638,-0.65
36,1638,-1.064
45,1638,-1.055
54,1638,-1.06
63,1638,-0.779
72,1638,-0.59
81,1638,-0.456
90,1638,-0.493
99,1638,-0.7
108,1638,-0.939
117,1638,-0.971
126,1638,-0.373
135,1638,-0.403
144,1638,-0.555
153,1638,-0.587
162,1638,-0.765
171,1638,-0.651
180,1638,-0.682
189,1638,-0.714
198,1638,-0.5
207,1638,-0.528
216,1638,-0.674
225,1638,-0.585
234,1638,-0.734
243,1638,-0.764
252,1638,-0.794
261,1638,-0.964
270,1638,-1.151
279,1638,-1.027
288,1638,-1.059
297,1638,-1.091
306,1638,-1.281
315,1638,-1.314
324,1638,-1.347
333,1638,-1.38
342,1638,-1.414
351,1638,-1.136
360,1638,-1.029
369,1638,-0.931
378,1638,-0.961
387,1638,-0.991
396,1638,-1.154
405,1638,-0.929
414,1638,-0.958
423,1638,-1.115
432,1638,-1.018
441,1638,-1.178
450,1638,-1.21
459,1638,-1.111
468,1638,-1.018
477,1638,-1.049
486,1638,-1.079
495,1638,-0.991
504,1638,-0.909
513,1638,-0.735
522,1638,-0.761
531,1638,-0.787
540,1638,-0.916
549,1638,-0.745
558,1638,-0.771
567,1638,-0.797
576,1638,-0.824
585,1638,-0.851
594,1638,-0.878
603,1638,-1.011
612,1638,-1.155
621,1638,-1.187
630,1638,-0.889
639,1638,-0.917
648,1638,-0.847
657,1638,-0.974
666,1638,-1.112
675,1638,-1.033
684,1638,-0.958
693,1638,-0.987
702,1638,-0.915
711,1638,-1.046
720,1638,-1.188
729,1638,-1.341
738,1638,-1.375
747,1638,-1.54
756,1638,-1.321
765,1638,-1.236
774,1638,-1.269
783,1638,-1.187
792,1638,-1.22
801,1638,-1.253
810,1638,-1.287
819,1638,-1.321
828,1638,-1.127
837,1638,-0.952
846,1638,-1.083
855,1638,-0.914
864,1638,-0.606
873,1638,-0.557
882,1638,-0.45
891,1638,-0.468
900,1638,-0.552
909,1638,-0.507
918,1638,-0.353
927,1638,-0.423
936,1638,-0.502
945,1638,-0.59
954,1638,-0.687
963,1638,-0.794
972,1638,0.736
981,1638,0.848
990,1638,0.97
999,1638,1.001
1008,1638,1.136
1017,1638,1.064
1026,1638,1.097
1035,1638,1.24
1044,1638,1.276
1053,1638,1.313
1062,1638,1.351
1071,1638,1.389
1080,1638,1.555
1089,1638,1.469
1098,1638,1.386
1107,1638,1.553
1116,1638,1.731
1125,1638,1.64
1134,1638,1.425
1143,1638,1.466
1152,1638,1.509
1161,1638,1.425
1170,1638,1.344
1179,1638,1.152
1188,1638,1.189
1197,1638,1.227
1206,1638,1.153
1215,1638,1.191
1224,1638,1.348
1233,1638,1.518
1242,1638,1.31
1251,1638,1.12
1260,1638,1.158
1269,1638,1.315
1278,1638,1.237
1287,1638,1.162
1296,1638,1.202
1305,1638,1.366
1314,1638,1.168
1323,1638,1.094
1332,1638,0.92
1341,1638,0.676
1350,1638,0.622
1359,1638,0.498
1368,1638,0.521
1377,1638,0.41
1386,1638,0.43
1395,1638,0.331
1404,1638,0.408
1413,1638,0.428
1422,1638,0.386
1431,1638,0.292
1440,1638,0.364
1449,1638,0.383
1458,1638,0.471
1467,1638,0.425
1476,1638,0.447
1485,1638,0.47
1494,1638,0.494
1503,1638,0.52
1512,1638,0.399
1521,1638,0.495
1530,1638,0.521
1539,1638,0.398
1548,1638,0.42
1557,1638,0.311
1566,1638,0.178
1575,1638,0.236
1584,1638,0.203
1593,1638,0.172
1602,1638,0.184
1611,1638,0.197
1620,1638,0.165
1629,1638,0.177
1638,1638,0.147
1647,1638,0.158
1656,1638,0.13
1665,1638,0.076
1674,1638,0.04
1683,1638,0.043
1692,1638,0.047
1701,1638,0.074
1710,1638,0.055
1719,1638,0.086
1728,1638,0.131
1737,1638,0.194
1746,1638,0.279
1755,1638,0.391
1764,1638,0.329
1773,1638,0.359
1782,1638,0.218
1791,1638,0.326
1800,1638,0.263
1809,1638,0.205
1818,1638,0.227
1827,1638,0.168
1836,1638,0.281
1845,1638,0.317
1854,1638,0.143
1863,1638,0.086
1872,1638,0.093
1881,1638,0.101
1890,1638,0.036
1899,1638,0.026
1908,1638,-0
1917,1638,-0
9,1647,-0.2
18,1647,-0.592
27,1647,-0.612
36,1647,-1.006
45,1647,-0.989
54,1647,-0.987
63,1647,-0.713
72,1647,-0.53
81,1647,-0.402
90,1647,-0.433
99,1647,-0.622
108,1647,-0.841
117,1647,-0.867
126,1647,-0.314
135,1647,-0.339
144,1647,-0.473
153,1647,-0.5
162,1647,-0.658
171,1647,-0.552
180,1647,-0.577
189,1647,-0.603
198,1647,-0.51
207,1647,-0.535
216,1647,-0.679
225,1647,-0.583
234,1647,-0.729
243,1647,-0.754
252,1647,-0.78
261,1647,-0.944
270,1647,-1.125
279,1647,-0.996
288,1647,-1.022
297,1647,-1.048
306,1647,-1.23
315,1647,-1.256
324,1647,-1.283
333,1647,-1.31
342,1647,-1.337
351,1647,-1.06
360,1647,-0.952
369,1647,-0.854
378,1647,-0.878
387,1647,-0.903
396,1647,-1.055
405,1647,-0.836
414,1647,-0.86
423,1647,-1.004
432,1647,-0.909
441,1647,-1.055
450,1647,-1.081
459,1647,-0.983
468,1647,-0.893
477,1647,-1.034
486,1647,-1.06
495,1647,-0.967
504,1647,-0.881
513,1647,-0.705
522,1647,-0.727
531,1647,-0.749
540,1647,-0.871
549,1647,-0.7
558,1647,-0.722
567,1647,-0.744
576,1647,-0.766
585,1647,-0.788
594,1647,-0.811
603,1647,-0.935
612,1647,-1.07
621,1647,-1.096
630,1647,-0.807
639,1647,-0.83
648,1647,-0.76
657,1647,-0.877
666,1647,-1.004
675,1647,-0.925
684,1647,-0.85
693,1647,-0.874
702,1647,-0.803
711,1647,-0.922
720,1647,-1.051
729,1647,-1.19
738,1647,-1.218
747,1647,-1.369
756,1647,-1.275
765,1647,-1.186
774,1647,-1.214
783,1647,-1.128
792,1647,-1.156
801,1647,-1.184
810,1647,-1.212
819,1647,-1.241
828,1647,-1.048
837,1647,-0.875
846,1647,-0.997
855,1647,-0.924
864,1647,-0.684
873,1647,-0.627
882,1647,-0.506
891,1647,-0.523
900,1647,-0.611
909,1647,-0.559
918,1647,-0.447
927,1647,-0.527
936,1647,-0.616
945,1647,-0.714
954,1647,-0.822
963,1647,-0.939
972,1647,0.87
981,1647,0.991
990,1647,1.123
999,1647,1.152
1008,1647,1.296
1017,1647,1.212
1026,1647,1.243
1035,1647,1.394
1044,1647,1.429
1053,1647,1.463
1062,1647,1.499
1071,1647,1.535
1080,1647,1.708
1089,1647,1.61
1098,1647,1.515
1107,1647,1.687
1116,1647,1.871
1125,1647,1.914
1134,1647,1.669
1143,1647,1.71
1152,1647,1.751
1161,1647,1.653
1170,1647,1.557
1179,1647,1.34
1188,1647,1.376
1197,1647,1.414
1206,1647,1.327
1215,1647,1.363
1224,1647,1.53
1233,1647,1.71
1242,1647,1.479
1251,1647,1.266
1260,1647,1.303
1269,1647,1.469
1278,1647,1.379
1287,1647,1.293
1296,1647,1.332
1305,1647,1.502
1314,1647,1.285
1323,1647,1.201
1332,1647,1.01
1341,1647,0.744
1350,1647,0.682
1359,1647,0.624
1368,1647,0.648
1377,1647,0.515
1386,1647,0.536
1395,1647,0.417
1404,1647,0.505
1413,1647,0.526
1422,1647,0.474
1431,1647,0.363
1440,1647,0.444
1449,1647,0.464
1458,1647,0.561
1467,1647,0.506
1476,1647,0.529
1485,1647,0.552
1494,1647,0.576
1503,1647,0.602
1512,1647,0.465
1521,1647,0.568
1530,1647,0.594
1539,1647,0.455
1548,1647,0.477
1557,1647,0.355
1566,1647,0.205
1575,1647,0.267
1584,1647,0.228
1593,1647,0.193
1602,1647,0.204
1611,1647,0.216
1620,1647,0.181
1629,1647,0.192
1638,1647,0.204
1647,1647,0.216
1656,1647,0.179
1665,1647,0.108
1674,1647,0.06
1683,1647,0.063
1692,1647,0.068
1701,1647,0.102
1710,1647,0.077
1719,1647,0.117
1728,1647,0.172
1737,1647,0.246
1746,1647,0.344
1755,1647,0.471
1764,1647,0.398
1773,1647,0.429
1782,1647,0.266
1791,1647,0.387
1800,1647,0.313
1809,1647,0.245
1818,1647,0.268
1827,1647,0.2
1836,1647,0.324
1845,1647,0.361
1854,1647,0.166
1863,1647,0.1
1872,1647,0.107
1881,1647,0.114
1890,1647,0.04
1899,1647,0.029
1908,1647,-0
1917,1647,-0
9,1656,-0.189
18,1656,-0.562
27,1656,-0.574
36,1656,-0.948
45,1656,-0.925
54,1656,-0.917
63,1656,-0.65
72,1656,-0.474
81,1656,-0.352
90,1656,-0.377
99,1656,-0.548
108,1656,-0.749
117,1656,-0.768
126,1656,-0.261
135,1656,-0.281
144,1656,-0.399
153,1656,-0.42
162,1656,-0.56
171,1656,-0.461
180,1656,-0.482
189,1656,-0.502
198,1656,-0.418
207,1656,-0.437
216,1656,-0.562
225,1656,-0.475
234,1656,-0.601
243,1656,-0.621
252,1656,-0.641
261,1656,-0.785
270,1656,-0.944
279,1656,-0.825
288,1656,-0.845
297,1656,-0.865
306,1656,-1.025
315,1656,-1.045
324,1656,-1.066
333,1656,-1.086
342,1656,-1.107
351,1656,-0.858
360,1656,-0.76
369,1656,-0.672
378,1656,-0.69
387,1656,-0.709
396,1656,-0.838
405,1656,-0.747
414,1656,-0.766
423,1656,-0.898
432,1656,-0.804
441,1656,-0.938
450,1656,-0.958
459,1656,-0.863
468,1656,-0.776
477,1656,-0.903
486,1656,-0.923
495,1656,-0.833
504,1656,-0.751
513,1656,-0.588
522,1656,-0.605
531,1656,-0.622
540,1656,-0.729
549,1656,-0.573
558,1656,-0.589
567,1656,-0.606
576,1656,-0.623
585,1656,-0.64
594,1656,-0.657
603,1656,-0.764
612,1656,-0.881
621,1656,-0.901
630,1656,-0.642
639,1656,-0.659
648,1656,-0.595
657,1656,-0.694
666,1656,-0.802
675,1656,-0.73
684,1656,-0.662
693,1656,-0.68
702,1656,-0.697
711,1656,-0.804
720,1656,-0.92
729,1656,-1.046
738,1656,-1.068
747,1656,-1.205
756,1656,-1.113
765,1656,-1.026
774,1656,-1.048
783,1656,-0.965
792,1656,-0.987
801,1656,-1.008
810,1656,-1.03
819,1656,-1.053
828,1656,-0.873
837,1656,-0.714
846,1656,-0.82
855,1656,-0.751
864,1656,-0.537
873,1656,-0.485
882,1656,-0.38
891,1656,-0.393
900,1656,-0.465
909,1656,-0.418
918,1656,-0.324
927,1656,-0.387
936,1656,-0.458
945,1656,-0.538
954,1656,-0.626
963,1656,-0.723
972,1656,0.661
981,1656,0.761
990,1656,0.871
999,1656,0.892
1008,1656,1.013
1017,1656,0.936
1026,1656,0.959
1035,1656,1.085
1044,1656,1.111
1053,1656,1.136
1062,1656,1.162
1071,1656,1.189
1080,1656,1.334
1089,1656,1.243
1098,1656,1.156
1107,1656,1.3
1116,1656,1.454
1125,1656,1.486
1134,1656,1.268
1143,1656,1.297
1152,1656,1.327
1161,1656,1.237
1170,1656,1.151
1179,1656,0.963
1188,1656,0.988
1197,1656,1.014
1206,1656,0.937
1215,1656,0.962
1224,1656,1.095
1233,1656,1.239
1242,1656,1.041
1251,1656,0.863
1260,1656,0.887
1269,1656,1.016
1278,1656,1.044
1287,1656,0.964
1296,1656,0.991
1305,1656,1.131
1314,1656,0.941
1323,1656,0.866
1332,1656,0.703
1341,1656,0.639
1350,1656,0.579
1359,1656,0.522
1368,1656,0.54
1377,1656,0.418
1386,1656,0.433
1395,1656,0.327
1404,1656,0.399
1413,1656,0.415
1422,1656,0.367
1431,1656,0.27
1440,1656,0.335
1449,1656,0.349
1458,1656,0.427
1467,1656,0.444
1476,1656,0.462
1485,1656,0.559
1494,1656,0.58
1503,1656,0.602
1512,1656,0.46
1521,1656,0.56
1530,1656,0.583
1539,1656,0.441
1548,1656,0.459
1557,1656,0.335
1566,1656,0.188
1575,1656,0.246
1584,1656,0.206
1593,1656,0.171
1602,1656,0.179
1611,1656,0.188
1620,1656,0.154
1629,1656,0.162
1638,1656,0.17
1647,1656,0.179
1656,1656,0.144
1665,1656,0.082
1674,1656,0.042
1683,1656,0.044
1692,1656,0.046
1701,1656,0.071
1710,1656,0.074
1719,1656,0.112
1728,1656,0.164
1737,1656,0.235
1746,1656,0.328
1755,1656,0.447
1764,1656,0.371
1773,1656,0.397
1782,1656,0.236
1791,1656,0.345
1800,1656,0.271
1809,1656,0.204
1818,1656,0.219
1827,1656,0.154
1836,1656,0.256
1845,1656,0.279
1854,1656,0.192
1863,1656,0.116
1872,1656,0.122
1881,1656,0.129
1890,1656,0.045
1899,1656,0.032
1908,1656,-0
1917,1656,-0
9,1665,-0.178
18,1665,-0.533
27,1665,-0.537
36,1665,-0.892
45,1665,-0.863
54,1665,-0.848
63,1665,-0.589
72,1665,-0.42
81,1665,-0.305
90,1665,-0.326
99,1665,-0.479
108,1665,-0.661
117,1665,-0.676
126,1665,-0.214
135,1665,-0.23
144,1665,-0.331
153,1665,-0.347
162,1665,-0.47
171,1665,-0.38
180,1665,-0.395
189,1665,-0.411
198,1665,-0.335
207,1665,-0.35
216,1665,-0.457
225,1665,-0.379
234,1665,-0.487
243,1665,-0.502
252,1665,-0.517
261,1665,-0.641
270,1665,-0.78
279,1665,-0.671
288,1665,-0.686
297,1665,-0.7
306,1665,-0.839
315,1665,-0.854
324,1665,-0.869
333,1665,-0.884
342,1665,-1.036
351,1665,-1.051
360,1665,-0.93
369,1665,-0.82
378,1665,-0.835
387,1665,-0.851
396,1665,-0.991
405,1665,-0.881
414,1665,-0.896
423,1665,-1.038
432,1665,-0.927
441,1665,-1.069
450,1665,-1.085
459,1665,-0.974
468,1665,-0.873
477,1665,-1.006
486,1665,-1.022
495,1665,-0.919
504,1665,-0.935
513,1665,-0.738
522,1665,-0.753
531,1665,-0.768
540,1665,-0.887
549,1665,-0.701
558,1665,-0.813
567,1665,-0.828
576,1665,-0.844
585,1665,-0.859
594,1665,-0.875
603,1665,-0.999
612,1665,-1.134
621,1665,-1.151
630,1665,-0.836
639,1665,-0.851
648,1665,-0.77
657,1665,-0.883
666,1665,-1.005
675,1665,-0.915
684,1665,-0.831
693,1665,-0.847
702,1665,-0.863
711,1665,-0.982
720,1665,-1.11
729,1665,-1.248
738,1665,-1.267
747,1665,-1.415
756,1665,-1.306
765,1665,-1.203
774,1665,-1.222
783,1665,-1.124
792,1665,-1.142
801,1665,-1.161
810,1665,-1.18
819,1665,-1.2
828,1665,-0.996
837,1665,-0.817
846,1665,-0.929
855,1665,-0.849
864,1665,-0.689
873,1665,-0.624
882,1665,-0.563
891,1665,-0.576
900,1665,-0.666
909,1665,-0.603
918,1665,-0.476
927,1665,-0.556
936,1665,-0.644
945,1665,-0.741
954,1665,-0.846
963,1665,-0.961
972,1665,0.881
981,1665,0.998
990,1665,1.125
999,1665,1.145
1008,1665,1.283
1017,1665,1.188
1026,1665,1.209
1035,1665,1.352
1044,1665,1.376
1053,1665,1.4
1062,1665,1.425
1071,1665,1.45
1080,1665,1.61
1089,1665,1.501
1098,1665,1.397
1107,1665,1.555
1116,1665,1.723
1125,1665,1.752
1134,1665,1.502
1143,1665,1.53
1152,1665,1.558
1161,1665,1.452
1170,1665,1.35
1179,1665,1.136
1188,1665,1.159
1197,1665,1.183
1206,1665,1.093
1215,1665,1.117
1224,1665,1.259
1233,1665,1.412
1242,1665,1.19
1251,1665,0.989
1260,1665,1.012
1269,1665,1.149
1278,1665,1.174
1287,1665,1.083
1296,1665,1.108
1305,1665,1.255
1314,1665,1.044
1323,1665,0.959
1332,1665,0.779
1341,1665,0.707
1350,1665,0.638
1359,1665,0.573
1368,1665,0.59
1377,1665,0.456
1386,1665,0.469
1395,1665,0.415
1404,1665,0.498
1413,1665,0.513
1422,1665,0.455
1431,1665,0.339
1440,1665,0.413
1449,1665,0.427
1458,1665,0.515
1467,1665,0.531
1476,1665,0.548
1485,1665,0.654
1494,1665,0.675
1503,1665,0.697
1512,1665,0.535
1521,1665,0.643
1530,1665,0.664
1539,1665,0.504
1548,1665,0.522
1557,1665,0.383
1566,1665,0.216
1575,1665,0.278
1584,1665,0.233
1593,1665,0.192
1602,1665,0.2
1611,1665,0.208
1620,1665,0.169
1629,1665,0.176
1638,1665,0.183
1647,1665,0.19
1656,1665,0.151
1665,1665,0.085
1674,1665,0.062
1683,1665,0.064
1692,1665,0.067
1701,1665,0.099
1710,1665,0.103
1719,1665,0.15
1728,1665,0.213
1737,1665,0.296
1746,1665,0.403
1755,1665,0.537
1764,1665,0.448
1773,1665,0.474
1782,1665,0.288
1791,1665,0.41
1800,1665,0.324
1809,1665,0.245
1818,1665,0.26
1827,1665,0.185
1836,1665,0.297
1845,1665,0.32
1854,1665,0.221
1863,1665,0.134
1872,1665,0.14
1881,1665,0.145
1890,1665,0.051
1899,1665,0.035
1908,1665,-0
1917,1665,-0
9,1674,-0.167
18,1674,-0.504
27,1674,-0.501
36,1674,-0.837
45,1674,-0.802
54,1674,-0.782
63,1674,-0.531
72,1674,-0.37
81,1674,-0.262
90,1674,-0.279
99,1674,-0.415
108,1674,-0.579
117,1674,-0.589
126,1674,-0.172
135,1674,-0.184
144,1674,-0.27
153,1674,-0.283
162,1674,-0.389
171,1674,-0.307
180,1674,-0.319
189,1674,-0.331
198,1674,-0.264
207,1674,-0.274
216,1674,-0.364
225,1674,-0.296
234,1674,-0.386
243,1674,-0.397
252,1674,-0.408
261,1674,-0.513
270,1674,-0.631
279,1674,-0.534
288,1674,-0.544
297,1674,-0.555
306,1674,-0.673
315,1674,-0.683
324,1674,-0.694
333,1674,-0.824
342,1674,-0.966
351,1674,-0.976
360,1674,-0.854
369,1674,-0.745
378,1674,-0.756
387,1674,-0.766
396,1674,-0.896
405,1674,-0.787
414,1674,-0.798
423,1674,-0.927
432,1674,-0.819
441,1674,-0.948
450,1674,-0.959
459,1674,-0.852
468,1674,-0.862
477,1674,-0.992
486,1674,-1.003
495,1674,-0.896
504,1674,-1.026
513,1674,-0.808
522,1674,-0.819
531,1674,-0.83
540,1674,-0.952
549,1674,-0.75
558,1674,-0.864
567,1674,-0.875
576,1674,-0.887
585,1674,-0.898
594,1674,-0.91
603,1674,-1.035
612,1674,-1.169
621,1674,-1.182
630,1674,-0.958
639,1674,-0.97
648,1674,-0.875
657,1674,-0.994
666,1674,-1.123
675,1674,-1.019
684,1674,-1.032
693,1674,-1.045
702,1674,-1.058
711,1674,-1.189
720,1674,-1.33
729,1674,-1.48
738,1674,-1.495
747,1674,-1.654
756,1674,-1.525
765,1674,-1.404
774,1674,-1.419
783,1674,-1.304
792,1674,-1.319
801,1674,-1.334
810,1674,-1.349
819,1674,-1.365
828,1674,-1.135
837,1674,-0.933
846,1674,-1.052
855,1674,-0.959
864,1674,-0.779
873,1674,-0.703
882,1674,-0.633
891,1674,-0.644
900,1674,-0.738
909,1674,-0.666
918,1674,-0.599
927,1674,-0.689
936,1674,-0.787
945,1674,-0.894
954,1674,-1.01
963,1674,-1.135
972,1674,1.04
981,1674,1.167
990,1674,1.303
999,1674,1.321
1008,1674,1.468
1017,1674,1.357
1026,1674,1.376
1035,1674,1.526
1044,1674,1.547
1053,1674,1.567
1062,1674,1.588
1071,1674,1.609
1080,1674,1.776
1089,1674,1.799
1098,1674,1.676
1107,1674,1.847
1116,1674,2.029
1125,1674,2.055
1134,1674,1.77
1143,1674,1.794
1152,1674,1.819
1161,1674,1.696
1170,1674,1.577
1179,1674,1.332
1188,1674,1.354
1197,1674,1.375
1206,1674,1.27
1215,1674,1.291
1224,1674,1.443
1233,1674,1.606
1242,1674,1.357
1251,1674,1.252
1260,1674,1.274
1269,1674,1.427
1278,1674,1.452
1287,1674,1.343
1296,1674,1.367
1305,1674,1.53
1314,1674,1.284
1323,1674,1.181
1332,1674,0.969
1341,1674,0.881
1350,1674,0.798
1359,1674,0.719
1368,1674,0.734
1377,1674,0.574
1386,1674,0.674
1395,1674,0.601
1404,1674,0.705
1413,1674,0.721
1422,1674,0.645
1431,1674,0.493
1440,1674,0.587
1449,1674,0.601
1458,1674,0.709
1467,1674,0.727
1476,1674,0.745
1485,1674,0.871
1494,1674,0.893
1503,1674,0.915
1512,1674,0.717
1521,1674,0.845
1530,1674,0.867
1539,1674,0.672
1548,1674,0.69
1557,1674,0.518
1566,1674,0.306
1575,1674,0.384
1584,1674,0.325
1593,1674,0.271
1602,1674,0.279
1611,1674,0.288
1620,1674,0.237
1629,1674,0.244
1638,1674,0.252
1647,1674,0.26
1656,1674,0.209
1665,1674,0.122
1674,1674,0.091
1683,1674,0.093
1692,1674,0.095
1701,1674,0.137
1710,1674,0.141
1719,1674,0.198
1728,1674,0.273
1737,1674,0.37
1746,1674,0.491
1755,1674,0.641
1764,1674,0.537
1773,1674,0.563
1782,1674,0.349
1791,1674,0.485
1800,1674,0.385
1809,1674,0.293
1818,1674,0.308
1827,1674,0.22
1836,1674,0.344
1845,1674,0.366
1854,1674,0.254
1863,1674,0.155
1872,1674,0.159
1881,1674,0.162
1890,1674,0.058
1899,1674,0.039
1908,1674,-0
1917,1674,-0
9,1683,-0.156
18,1683,-0.475
27,1683,-0.467
36,1683,-0.782
45,1683,-0.742
54,1683,-0.717
63,1683,-0.701
72,1683,-0.481
81,1683,-0.486
90,1683,-0.491
99,1683,-0.676
108,1683,-0.886
117,1683,-0.876
126,1683,-0.279
135,1683,-0.289
144,1683,-0.4
153,1683,-0.408
162,1683,-0.537
171,1683,-0.424
180,1683,-0.431
189,1683,-0.438
198,1683,-0.349
207,1683,-0.356
216,1683,-0.46
225,1683,-0.372
234,1683,-0.473
243,1683,-0.48
252,1683,-0.487
261,1683,-0.601
270,1683,-0.729
279,1683,-0.734
288,1683,-0.739
297,1683,-0.744
306,1683,-0.881
315,1683,-0.885
324,1683,-0.889
333,1683,-1.036
342,1683,-1.195
351,1683,-1.197
360,1683,-1.047
369,1683,-0.912
378,1683,-1.054
387,1683,-1.059
396,1683,-1.211
405,1683,-1.067
414,1683,-1.072
423,1683,-1.222
432,1683,-1.082
441,1683,-1.23
450,1683,-1.389
459,1683,-1.239
468,1683,-1.244
477,1683,-1.401
486,1683,-1.405
495,1683,-1.26
504,1683,-1.415
513,1683,-1.132
522,1683,-1.138
531,1683,-1.145
540,1683,-1.288
549,1683,-1.03
558,1683,-1.164
567,1683,-1.171
576,1683,-1.178
585,1683,-1.185
594,1683,-1.192
603,1683,-1.335
612,1683,-1.487
621,1683,-1.495
630,1683,-1.222
639,1683,-1.23
648,1683,-1.111
657,1683,-1.246
666,1683,-1.389
675,1683,-1.262
684,1683,-1.27
693,1683,-1.279
702,1683,-1.287
711,1683,-1.432
720,1683,-1.585
729,1683,-1.747
738,1683,-1.918
747,1683,-2.097
756,1683,-1.937
765,1683,-1.786
774,1683,-1.796
783,1683,-1.653
792,1683,-1.664
801,1683,-1.674
810,1683,-1.685
819,1683,-1.696
828,1683,-1.423
837,1683,-1.179
846,1683,-1.313
855,1683,-1.199
864,1683,-0.982
873,1683,-0.992
882,1683,-0.898
891,1683,-0.907
900,1683,-1.021
909,1683,-0.926
918,1683,-0.837
927,1683,-0.945
936,1683,-1.063
945,1683,-1.188
954,1683,-1.322
963,1683,-1.465
972,1683,1.347
981,1683,1.492
990,1683,1.646
999,1683,1.66
1008,1683,1.824
1017,1683,1.69
1026,1683,1.705
1035,1683,1.872
1044,1683,1.889
1053,1683,1.906
1062,1683,1.923
1071,1683,1.941
1080,1683,2.122
1089,1683,2.142
1098,1683,1.996
1107,1683,2.181
1116,1683,2.377
1125,1683,2.399
1134,1683,2.074
1143,1683,2.095
1152,1683,2.116
1161,1683,1.972
1170,1683,1.833
1179,1683,1.556
1188,1683,1.574
1197,1683,1.592
1206,1683,1.47
1215,1683,1.488
1224,1683,1.65
1233,1683,1.822
1242,1683,1.544
1251,1683,1.423
1260,1683,1.442
1269,1683,1.603
1278,1683,1.624
1287,1683,1.5
1296,1683,1.52
1305,1683,1.69
1314,1683,1.562
1323,1683,1.44
1332,1683,1.192
1341,1683,1.086
1350,1683,0.986
1359,1683,0.89
1368,1683,0.905
1377,1683,0.715
1386,1683,0.827
1395,1683,0.74
1404,1683,0.856
1413,1683,0.87
1422,1683,0.78
1431,1683,0.602
1440,1683,0.707
1449,1683,0.72
1458,1683,0.838
1467,1683,0.854
1476,1683,0.87
1485,1683,1.006
1494,1683,1.026
1503,1683,1.046
1512,1683,0.823
1521,1683,0.96
1530,1683,0.98
1539,1683,0.761
1548,1683,0.778
1557,1683,0.585
1566,1683,0.349
1575,1683,0.432
1584,1683,0.365
1593,1683,0.303
1602,1683,0.31
1611,1683,0.317
1620,1683,0.259
1629,1683,0.264
1638,1683,0.27
1647,1683,0.276
1656,1683,0.22
1665,1683,0.127
1674,1683,0.093
1683,1683,0.131
1692,1683,0.133
1701,1683,0.185
1710,1683,0.189
1719,1683,0.258
1728,1683,0.346
1737,1683,0.456
1746,1683,0.593
1755,1683,0.759
1764,1683,0.639
1773,1683,0.665
1782,1683,0.42
1791,1683,0.571
1800,1683,0.455
1809,1683,0.348
1818,1683,0.362
1827,1683,0.261
1836,1683,0.397
1845,1683,0.418
1854,1683,0.292
1863,1683,0.179
1872,1683,0.181
1881,1683,0.182
1890,1683,0.065
1899,1683,0.043
1908,1683,-0
1917,1683,-0
9,1692,-0.146
18,1692,-0.447
27,1692,-0.433
36,1692,-0.73
45,1692,-0.684
54,1692,-0.655
63,1692,-0.635
72,1692,-0.424
81,1692,-0.426
90,1692,-0.427
99,1692,-0.594
108,1692,-0.785
117,1692,-0.771
126,1692,-0.227
135,1692,-0.234
144,1692,-0.329
153,1692,-0.334
162,1692,-0.446
171,1692,-0.343
180,1692,-0.347
189,1692,-0.352
198,1692,-0.273
207,1692,-0.278
216,1692,-0.364
225,1692,-0.287
234,1692,-0.372
243,1692,-0.375
252,1692,-0.379
261,1692,-0.475
270,1692,-0.583
279,1692,-0.585
288,1692,-0.586
297,1692,-0.588
306,1692,-0.705
315,1692,-0.705
324,1692,-0.706
333,1692,-0.832
342,1692,-0.968
351,1692,-0.967
360,1692,-0.831
369,1692,-0.712
378,1692,-0.832
387,1692,-0.832
396,1692,-0.962
405,1692,-0.961
414,1692,-0.961
423,1692,-1.099
432,1692,-0.961
441,1692,-1.097
450,1692,-1.242
459,1692,-1.096
468,1692,-1.096
477,1692,-1.238
486,1692,-1.237
495,1692,-1.097
504,1692,-1.237
513,1692,-0.97
522,1692,-0.971
531,1692,-0.973
540,1692,-1.101
549,1692,-0.861
558,1692,-0.979
567,1692,-0.981
576,1692,-0.983
585,1692,-0.986
594,1692,-0.988
603,1692,-1.113
612,1692,-1.247
621,1692,-1.249
630,1692,-0.999
639,1692,-1.002
648,1692,-0.893
657,1692,-1.008
666,1692,-1.132
675,1692,-1.015
684,1692,-1.018
693,1692,-1.021
702,1692,-1.025
711,1692,-1.148
720,1692,-1.28
729,1692,-1.42
738,1692,-1.568
747,1692,-1.725
756,1692,-1.576
765,1692,-1.435
774,1692,-1.439
783,1692,-1.308
792,1692,-1.313
801,1692,-1.317
810,1692,-1.322
819,1692,-1.327
828,1692,-1.085
837,1692,-0.873
846,1692,-0.983
855,1692,-0.883
864,1692,-0.699
873,1692,-0.704
882,1692,-0.708
891,1692,-0.713
900,1692,-0.809
909,1692,-0.722
918,1692,-0.642
927,1692,-0.732
936,1692,-0.83
945,1692,-0.935
954,1692,-1.049
963,1692,-1.171
972,1692,1.061
981,1692,1.184
990,1692,1.315
999,1692,1.323
1008,1692,1.463
1017,1692,1.338
1026,1692,1.346
1035,1692,1.489
1044,1692,1.497
1053,1692,1.506
1062,1692,1.516
1071,1692,1.525
1080,1692,1.679
1089,1692,1.69
1098,1692,1.555
1107,1692,1.711
1116,1692,1.878
1125,1692,2.054
1134,1692,1.746
1143,1692,1.758
1152,1692,1.929
1161,1692,1.783
1170,1692,1.644
1179,1692,1.374
1188,1692,1.385
1197,1692,1.396
1206,1692,1.276
1215,1692,1.286
1224,1692,1.431
1233,1692,1.587
1242,1692,1.456
1251,1692,1.332
1260,1692,1.344
1269,1692,1.496
1278,1692,1.51
1287,1692,1.524
1296,1692,1.538
1305,1692,1.706
1314,1692,1.569
1323,1692,1.438
1332,1692,1.313
1341,1692,1.327
1350,1692,1.207
1359,1692,1.22
1368,1692,1.233
1377,1692,0.996
1386,1692,1.13
1395,1692,1.019
1404,1692,1.157
1413,1692,1.171
1422,1692,1.057
1431,1692,0.835
1440,1692,0.96
1449,1692,0.972
1458,1692,1.112
1467,1692,1.127
1476,1692,1.143
1485,1692,1.301
1494,1692,1.32
1503,1692,1.339
1512,1692,1.072
1521,1692,1.23
1530,1692,1.249
1539,1692,0.987
1548,1692,1.003
1557,1692,0.77
1566,1692,0.479
1575,1692,0.579
1584,1692,0.493
1593,1692,0.415
1602,1692,0.421
1611,1692,0.427
1620,1692,0.353
1629,1692,0.358
1638,1692,0.364
1647,1692,0.369
1656,1692,0.298
1665,1692,0.179
1674,1692,0.133
1683,1692,0.181
1692,1692,0.183
1701,1692,0.246
1710,1692,0.249
1719,1692,0.331
1728,1692,0.433
1737,1692,0.559
1746,1692,0.711
1755,1692,0.894
1764,1692,0.755
1773,1692,0.781
1782,1692,0.502
1791,1692,0.668
1800,1692,0.535
1809,1692,0.412
1818,1692,0.425
1827,1692,0.307
1836,1692,0.456
1845,1692,0.476
1854,1692,0.333
1863,1692,0.206
1872,1692,0.205
1881,1692,0.204
1890,1692,0.074
1899,1692,0.048
1908,1692,-0
1917,1692,-0
9,1701,-0.136
18,1701,-0.419
27,1701,-0.4
36,1701,-0.678
45,1701,-0.629
54,1701,-0.595
63,1701,-0.571
72,1701,-0.371
81,1701,-0.369
90,1701,-0.368
99,1701,-0.517
108,1701,-0.689
117,1701,-0.673
126,1701,-0.182
135,1701,-0.186
144,1701,-0.266
153,1701,-0.268
162,1701,-0.363
171,1701,-0.272
180,1701,-0.274
189,1701,-0.276
198,1701,-0.208
207,1701,-0.21
216,1701,-0.281
225,1701,-0.215
234,1701,-0.284
243,1701,-0.285
252,1701,-0.286
261,1701,-0.365
270,1701,-0.455
279,1701,-0.454
288,1701,-0.453
297,1701,-0.452
306,1701,-0.549
315,1701,-0.547
324,1701,-0.545
333,1701,-0.65
342,1701,-0.766
351,1701,-0.761
360,1701,-0.642
369,1701,-0.538
378,1701,-0.637
387,1701,-0.635
396,1701,-0.742
405,1701,-0.739
414,1701,-0.736
423,1701,-0.851
432,1701,-0.73
441,1701,-0.843
450,1701,-0.964
459,1701,-0.836
468,1701,-0.833
477,1701,-0.951
486,1701,-0.947
495,1701,-0.824
504,1701,-0.94
513,1701,-0.712
522,1701,-0.71
531,1701,-0.709
540,1701,-0.812
549,1701,-0.612
558,1701,-0.705
567,1701,-0.704
576,1701,-0.703
585,1701,-0.702
594,1701,-0.702
603,1701,-0.801
612,1701,-0.909
621,1701,-0.907
630,1701,-0.798
639,1701,-0.797
648,1701,-0.698
657,1701,-0.795
666,1701,-0.9
675,1701,-0.794
684,1701,-0.793
693,1701,-0.793
702,1701,-0.792
711,1701,-0.896
720,1701,-1.007
729,1701,-1.125
738,1701,-1.252
747,1701,-1.386
756,1701,-1.249
765,1701,-1.121
774,1701,-1.12
783,1701,-1.12
792,1701,-1.119
801,1701,-1.119
810,1701,-1.119
819,1701,-1.119
828,1701,-0.894
837,1701,-0.701
846,1701,-0.795
855,1701,-0.795
864,1701,-0.618
873,1701,-0.619
882,1701,-0.62
891,1701,-0.621
900,1701,-0.707
909,1701,-0.623
918,1701,-0.545
927,1701,-0.625
936,1701,-0.711
945,1701,-0.805
954,1701,-0.906
963,1701,-1.015
972,1701,0.909
981,1701,1.018
990,1701,1.135
999,1701,1.137
1008,1701,1.263
1017,1701,1.142
1026,1701,1.144
1035,1701,1.27
1044,1701,1.273
1053,1701,1.276
1062,1701,1.278
1071,1701,1.282
1080,1701,1.417
1089,1701,1.421
1098,1701,1.292
1107,1701,1.429
1116,1701,1.575
1125,1701,1.73
1134,1701,1.442
1143,1701,1.447
1152,1701,1.595
1161,1701,1.457
1170,1701,1.325
1179,1701,1.08
1188,1701,1.084
1197,1701,1.088
1206,1701,0.977
1215,1701,0.981
1224,1701,1.102
1233,1701,1.231
1242,1701,1.111
1251,1701,0.998
1260,1701,1.003
1269,1701,1.127
1278,1701,1.133
1287,1701,1.139
1296,1701,1.145
1305,1701,1.281
1314,1701,1.157
1323,1701,1.04
1332,1701,0.929
1341,1701,0.935
1350,1701,0.83
1359,1701,0.946
1368,1701,0.952
1377,1701,0.741
1386,1701,0.85
1395,1701,0.75
1404,1701,0.861
1413,1701,0.867
1422,1701,0.764
1431,1701,0.576
1440,1701,0.673
1449,1701,0.677
1458,1701,0.786
1467,1701,0.792
1476,1701,0.798
1485,1701,0.921
1494,1701,0.929
1503,1701,0.937
1512,1701,0.713
1521,1701,0.832
1530,1701,0.839
1539,1701,0.626
1548,1701,0.631
1557,1701,0.449
1566,1701,0.303
1575,1701,0.375
1584,1701,0.305
1593,1701,0.244
1602,1701,0.307
1611,1701,0.309
1620,1701,0.244
1629,1701,0.245
1638,1701,0.312
1647,1701,0.313
1656,1701,0.245
1665,1701,0.138
1674,1701,0.098
1683,1701,0.135
1692,1701,0.134
1701,1701,0.183
1710,1701,0.182
1719,1701,0.247
1728,1701,0.328
1737,1701,0.429
1746,1701,0.553
1755,1701,0.705
1764,1701,0.573
1773,1701,0.584
1782,1701,0.458
1791,1701,0.61
1800,1701,0.475
1809,1701,0.352
1818,1701,0.356
1827,1701,0.243
1836,1701,0.366
1845,1701,0.373
1854,1701,0.239
1863,1701,0.127
1872,1701,0.116
1881,1701,0.102
1890,1701,0.083
1899,1701,0.053
1908,1701,-0
1917,1701,-0
9,1710,-0.127
18,1710,-0.392
27,1710,-0.368
36,1710,-0.627
45,1710,-0.574
54,1710,-0.83
63,1710,-0.766
72,1710,-0.717
81,1710,-0.679
90,1710,-0.647
99,1710,-0.846
108,1710,-1.065
117,1710,-1.013
126,1710,-0.3
135,1710,-0.297
144,1710,-0.402
153,1710,-0.396
162,1710,-0.514
171,1710,-0.385
180,1710,-0.38
189,1710,-0.376
198,1710,-0.283
207,1710,-0.281
216,1710,-0.364
225,1710,-0.278
234,1710,-0.356
243,1710,-0.353
252,1710,-0.35
261,1710,-0.437
270,1710,-0.535
279,1710,-0.528
288,1710,-0.521
297,1710,-0.515
306,1710,-0.618
315,1710,-0.61
324,1710,-0.602
333,1710,-0.711
342,1710,-0.83
351,1710,-0.819
360,1710,-0.685
369,1710,-0.57
378,1710,-0.67
387,1710,-0.663
396,1710,-0.77
405,1710,-0.762
414,1710,-0.753
423,1710,-0.867
432,1710,-0.738
441,1710,-0.848
450,1710,-0.967
459,1710,-0.831
468,1710,-0.823
477,1710,-0.938
486,1710,-0.928
495,1710,-0.8
504,1710,-0.911
513,1710,-0.68
522,1710,-0.675
531,1710,-0.669
540,1710,-0.767
549,1710,-0.567
558,1710,-0.654
567,1710,-0.649
576,1710,-0.645
585,1710,-0.64
594,1710,-0.733
603,1710,-0.832
612,1710,-0.94
621,1710,-0.933
630,1710,-0.815
639,1710,-0.81
648,1710,-0.704
657,1710,-0.799
666,1710,-0.902
675,1710,-0.789
684,1710,-0.784
693,1710,-0.779
702,1710,-0.775
711,1710,-0.874
720,1710,-0.981
729,1710,-1.095
738,1710,-1.216
747,1710,-1.345
756,1710,-1.338
765,1710,-1.196
774,1710,-1.19
783,1710,-1.183
792,1710,-1.177
801,1710,-1.172
810,1710,-1.166
819,1710,-1.16
828,1710,-0.922
837,1710,-0.718
846,1710,-0.81
855,1710,-0.909
864,1710,-0.708
873,1710,-0.705
882,1710,-0.702
891,1710,-0.699
900,1710,-0.79
909,1710,-0.694
918,1710,-0.606
927,1710,-0.688
936,1710,-0.778
945,1710,-0.875
954,1710,-0.979
963,1710,-1.09
972,1710,0.972
981,1710,1.083
990,1710,1.202
999,1710,1.199
1008,1710,1.325
1017,1710,1.192
1026,1710,1.19
1035,1710,1.315
1044,1710,1.313
1053,1710,1.31
1062,1710,1.307
1071,1710,1.305
1080,1710,1.439
1089,1710,1.437
1098,1710,1.298
1107,1710,1.433
1116,1710,1.576
1125,1710,1.727
1134,1710,1.428
1143,1710,1.427
1152,1710,1.571
1161,1710,1.425
1170,1710,1.287
1179,1710,1.037
1188,1710,1.036
1197,1710,1.035
1206,1710,0.921
1215,1710,0.92
1224,1710,1.033
1233,1710,1.154
1242,1710,1.032
1251,1710,0.917
1260,1710,0.917
1269,1710,1.031
1278,1710,1.031
1287,1710,1.032
1296,1710,1.032
1305,1710,1.157
1314,1710,1.033
1323,1710,0.916
1332,1710,0.807
1341,1710,0.807
1350,1710,0.706
1359,1710,0.807
1368,1710,0.808
1377,1710,0.611
1386,1710,0.705
1395,1710,0.61
1404,1710,0.705
1413,1710,0.81
1422,1710,0.705
1431,1710,0.52
1440,1710,0.608
1449,1710,0.608
1458,1710,0.707
1467,1710,0.707
1476,1710,0.708
1485,1710,0.82
1494,1710,0.943
1503,1710,0.946
1512,1710,0.712
1521,1710,0.828
1530,1710,0.83
1539,1710,0.61
1548,1710,0.611
1557,1710,0.427
1566,1710,0.348
1575,1710,0.425
1584,1710,0.345
1593,1710,0.275
1602,1710,0.342
1611,1710,0.341
1620,1710,0.268
1629,1710,0.266
1638,1710,0.336
1647,1710,0.334
1656,1710,0.259
1665,1710,0.144
1674,1710,0.1
1683,1710,0.138
1692,1710,0.134
1701,1710,0.182
1710,1710,0.179
1719,1710,0.241
1728,1710,0.318
1737,1710,0.415
1746,1710,0.533
1755,1710,0.678
1764,1710,0.54
1773,1710,0.544
1782,1710,0.416
1791,1710,0.554
1800,1710,0.417
1809,1710,0.296
1818,1710,0.293
1827,1710,0.186
1836,1710,0.285
1845,1710,0.281
1854,1710,0.16
1863,1710,0.069
1872,1710,0.135
1881,1710,0.117
1890,1710,0.093
1899,1710,0.059
1908,1710,-0
1917,1710,-0
9,1719,-0.117
18,1719,-0.366
27,1719,-0.337
36,1719,-0.578
45,1719,-0.522
54,1719,-0.759
63,1719,-0.692
72,1719,-0.641
81,1719,-0.601
90,1719,-0.567
99,1719,-0.747
108,1719,-0.947
117,1719,-0.894
126,1719,-0.243
135,1719,-0.238
144,1719,-0.327
153,1719,-0.32
162,1719,-0.42
171,1719,-0.306
180,1719,-0.3
189,1719,-0.294
198,1719,-0.214
207,1719,-0.211
216,1719,-0.278
225,1719,-0.205
234,1719,-0.268
243,1719,-0.264
252,1719,-0.259
261,1719,-0.329
270,1719,-0.409
279,1719,-0.5
288,1719,-0.489
297,1719,-0.48
306,1719,-0.575
315,1719,-0.564
324,1719,-0.552
333,1719,-0.653
342,1719,-0.763
351,1719,-0.748
360,1719,-0.616
369,1719,-0.605
378,1719,-0.706
387,1719,-0.693
396,1719,-0.801
405,1719,-0.786
414,1719,-0.772
423,1719,-0.885
432,1719,-0.746
441,1719,-0.854
450,1719,-0.971
459,1719,-0.827
468,1719,-0.813
477,1719,-0.924
486,1719,-0.91
495,1719,-0.776
504,1719,-0.882
513,1719,-0.648
522,1719,-0.639
531,1719,-0.63
540,1719,-0.721
549,1719,-0.523
558,1719,-0.604
567,1719,-0.596
576,1719,-0.588
585,1719,-0.58
594,1719,-0.665
603,1719,-0.756
612,1719,-0.855
621,1719,-0.844
630,1719,-0.728
639,1719,-0.719
648,1719,-0.616
657,1719,-0.701
666,1719,-0.794
675,1719,-0.685
684,1719,-0.677
693,1719,-0.669
702,1719,-0.661
711,1719,-0.749
720,1719,-0.843
729,1719,-0.945
738,1719,-1.053
747,1719,-1.168
756,1719,-1.156
765,1719,-1.145
774,1719,-1.133
783,1719,-1.122
792,1719,-1.111
801,1719,-1.1
810,1719,-1.217
819,1719,-1.205
828,1719,-0.951
837,1719,-0.735
846,1719,-0.826
855,1719,-0.925
864,1719,-0.713
873,1719,-0.706
882,1719,-0.699
891,1719,-0.693
900,1719,-0.78
909,1719,-0.679
918,1719,-0.588
927,1719,-0.667
936,1719,-0.752
945,1719,-0.845
954,1719,-0.944
963,1719,-1.05
972,1719,0.928
981,1719,1.033
990,1719,1.146
999,1719,1.137
1008,1719,1.256
1017,1719,1.121
1026,1719,1.112
1035,1719,1.23
1044,1719,1.222
1053,1719,1.214
1062,1719,1.206
1071,1719,1.198
1080,1719,1.322
1089,1719,1.314
1098,1719,1.175
1107,1719,1.299
1116,1719,1.43
1125,1719,1.569
1134,1719,1.277
1143,1719,1.27
1152,1719,1.4
1161,1719,1.256
1170,1719,1.12
1179,1719,0.882
1188,1719,0.876
1197,1719,0.871
1206,1719,0.762
1215,1719,0.757
1224,1719,0.854
1233,1719,0.959
1242,1719,0.843
1251,1719,0.736
1260,1719,0.731
1269,1719,0.828
1278,1719,0.823
1287,1719,0.818
1296,1719,0.923
1305,1719,1.037
1314,1719,0.913
1323,1719,0.798
1332,1719,0.692
1341,1719,0.687
1350,1719,0.59
1359,1719,0.678
1368,1719,0.674
1377,1719,0.492
1386,1719,0.572
1395,1719,0.483
1404,1719,0.563
1413,1719,0.652
1422,1719,0.554
1431,1719,0.466
1440,1719,0.546
1449,1719,0.541
1458,1719,0.631
1467,1719,0.626
1476,1719,0.726
1485,1719,0.837
1494,1719,0.958
1503,1719,0.956
1512,1719,0.712
1521,1719,0.824
1530,1719,0.822
1539,1719,0.595
1548,1719,0.591
1557,1719,0.49
1566,1719,0.4
1575,1719,0.482
1584,1719,0.39
1593,1719,0.31
1602,1719,0.381
1611,1719,0.376
1620,1719,0.295
1629,1719,0.29
1638,1719,0.362
1647,1719,0.357
1656,1719,0.274
1665,1719,0.15
1674,1719,0.103
1683,1719,0.14
1692,1719,0.134
1701,1719,0.181
1710,1719,0.175
1719,1719,0.234
1728,1719,0.309
1737,1719,0.401
1746,1719,0.513
1755,1719,0.651
1764,1719,0.508
1773,1719,0.505
1782,1719,0.374
1791,1719,0.5
1800,1719,0.497
1809,1719,0.356
1818,1719,0.35
1827,1719,0.225
1836,1719,0.335
1845,1719,0.327
1854,1719,0.189
1863,1719,0.083
1872,1719,0.155
1881,1719,0.133
1890,1719,0.105
1899,1719,0.065
1908,1719,-0
1917,1719,-0
9,1728,-0.108
18,1728,-0.34
27,1728,-0.307
36,1728,-0.531
45,1728,-0.472
54,1728,-0.691
63,1728,-0.622
72,1728,-0.569
81,1728,-0.527
90,1728,-0.492
99,1728,-0.654
108,1728,-0.835
117,1728,-0.78
126,1728,-0.192
135,1728,-0.187
144,1728,-0.261
153,1728,-0.252
162,1728,-0.337
171,1728,-0.237
180,1728,-0.23
189,1728,-0.223
198,1728,-0.156
207,1728,-0.153
216,1728,-0.205
225,1728,-0.146
234,1728,-0.195
243,1728,-0.19
252,1728,-0.185
261,1728,-0.239
270,1728,-0.303
279,1728,-0.376
288,1728,-0.365
297,1728,-0.355
306,1728,-0.432
315,1728,-0.42
324,1728,-0.408
333,1728,-0.49
342,1728,-0.58
351,1728,-0.564
360,1728,-0.452
369,1728,-0.535
378,1728,-0.626
387,1728,-0.61
396,1728,-0.708
405,1728,-0.69
414,1728,-0.793
423,1728,-0.904
432,1728,-0.755
441,1728,-0.861
450,1728,-0.975
459,1728,-0.822
468,1728,-0.804
477,1728,-0.911
486,1728,-1.026
495,1728,-0.872
504,1728,-0.982
513,1728,-0.72
522,1728,-0.705
531,1728,-0.69
540,1728,-0.785
549,1728,-0.566
558,1728,-0.649
567,1728,-0.636
576,1728,-0.724
585,1728,-0.71
594,1728,-0.803
603,1728,-0.903
612,1728,-1.009
621,1728,-0.991
630,1728,-0.854
639,1728,-0.838
648,1728,-0.717
657,1728,-0.808
666,1728,-0.906
675,1728,-0.78
684,1728,-0.766
693,1728,-0.753
702,1728,-0.74
711,1728,-0.831
720,1728,-0.929
729,1728,-1.034
738,1728,-1.145
747,1728,-1.263
756,1728,-1.244
765,1728,-1.226
774,1728,-1.208
783,1728,-1.19
792,1728,-1.172
801,1728,-1.291
810,1728,-1.416
819,1728,-1.397
828,1728,-1.106
837,1728,-0.857
846,1728,-0.955
855,1728,-1.059
864,1728,-0.819
873,1728,-0.914
882,1728,-0.901
891,1728,-0.888
900,1728,-0.987
909,1728,-0.862
918,1728,-0.748
927,1728,-0.838
936,1728,-0.934
945,1728,-1.037
954,1728,-1.146
963,1728,-1.262
972,1728,1.117
981,1728,1.232
990,1728,1.353
999,1728,1.338
1008,1728,1.466
1017,1728,1.307
1026,1728,1.292
1035,1728,1.418
1044,1728,1.403
1053,1728,1.388
1062,1728,1.373
1071,1728,1.358
1080,1728,1.489
1089,1728,1.474
1098,1728,1.316
1107,1728,1.444
1116,1728,1.581
1125,1728,1.724
1134,1728,1.551
1143,1728,1.537
1152,1728,1.679
1161,1728,1.509
1170,1728,1.349
1179,1728,1.071
1188,1728,1.059
1197,1728,1.048
1206,1728,0.919
1215,1728,0.908
1224,1728,1.014
1233,1728,1.128
1242,1728,0.993
1251,1728,0.867
1260,1728,0.857
1269,1728,0.961
1278,1728,0.951
1287,1728,0.94
1296,1728,1.052
1305,1728,1.172
1314,1728,1.032
1323,1728,0.901
1332,1728,0.78
1341,1728,0.77
1350,1728,0.66
1359,1728,0.752
1368,1728,0.743
1377,1728,0.542
1386,1728,0.625
1395,1728,0.526
1404,1728,0.608
1413,1728,0.698
1422,1728,0.591
1431,1728,0.493
1440,1728,0.574
1449,1728,0.565
1458,1728,0.655
1467,1728,0.646
1476,1728,0.745
1485,1728,0.855
1494,1728,0.975
1503,1728,0.967
1512,1728,0.711
1521,1728,0.821
1530,1728,0.813
1539,1728,0.579
1548,1728,0.57
1557,1728,0.562
1566,1728,0.458
1575,1728,0.545
1584,1728,0.441
1593,1728,0.349
1602,1728,0.424
1611,1728,0.416
1620,1728,0.324
1629,1728,0.316
1638,1728,0.39
1647,1728,0.382
1656,1728,0.291
1665,1728,0.157
1674,1728,0.105
1683,1728,0.142
1692,1728,0.135
1701,1728,0.18
1710,1728,0.171
1719,1728,0.228
1728,1728,0.299
1737,1728,0.386
1746,1728,0.493
1755,1728,0.623
1764,1728,0.616
1773,1728,0.609
1782,1728,0.456
1791,1728,0.596
1800,1728,0.589
1809,1728,0.426
1818,1728,0.416
1827,1728,0.271
1836,1728,0.393
1845,1728,0.38
1854,1728,0.222
1863,1728,0.099
1872,1728,0.179
1881,1728,0.152
1890,1728,0.118
1899,1728,0.072
1908,1728,-0
1917,1728,-0
9,1737,-0.099
18,1737,-0.314
27,1737,-0.278
36,1737,-0.484
45,1737,-0.424
54,1737,-0.624
63,1737,-0.554
72,1737,-0.5
81,1737,-0.458
90,1737,-0.422
99,1737,-0.566
108,1737,-0.729
117,1737,-0.674
126,1737,-0.149
135,1737,-0.143
144,1737,-0.203
153,1737,-0.194
162,1737,-0.264
171,1737,-0.178
180,1737,-0.171
189,1737,-0.23
198,1737,-0.158
207,1737,-0.152
216,1737,-0.202
225,1737,-0.14
234,1737,-0.187
243,1737,-0.18
252,1737,-0.173
261,1737,-0.223
270,1737,-0.282
279,1737,-0.35
288,1737,-0.336
297,1737,-0.324
306,1737,-0.394
315,1737,-0.38
324,1737,-0.366
333,1737,-0.44
342,1737,-0.521
351,1737,-0.503
360,1737,-0.395
369,1737,-0.469
378,1737,-0.55
387,1737,-0.532
396,1737,-0.619
405,1737,-0.599
414,1737,-0.691
423,1737,-0.79
432,1737,-0.648
441,1737,-0.742
450,1737,-0.843
459,1737,-0.818
468,1737,-0.794
477,1737,-0.898
486,1737,-1.009
495,1737,-0.848
504,1737,-0.954
513,1737,-0.687
522,1737,-0.668
531,1737,-0.649
540,1737,-0.738
549,1737,-0.521
558,1737,-0.597
567,1737,-0.581
576,1737,-0.662
585,1737,-0.644
594,1737,-0.73
603,1737,-0.821
612,1737,-0.92
621,1737,-0.897
630,1737,-0.762
639,1737,-0.743
648,1737,-0.625
657,1737,-0.707
666,1737,-0.795
675,1737,-0.673
684,1737,-0.656
693,1737,-0.64
702,1737,-0.624
711,1737,-0.705
720,1737,-0.791
729,1737,-0.883
738,1737,-0.982
747,1737,-1.087
756,1737,-1.064
765,1737,-1.042
774,1737,-1.02
783,1737,-0.999
792,1737,-1.104
801,1737,-1.216
810,1737,-1.333
819,1737,-1.308
828,1737,-1.019
837,1737,-0.774
846,1737,-0.864
855,1737,-0.959
864,1737,-0.726
873,1737,-0.811
882,1737,-0.795
891,1737,-0.885
900,1737,-0.982
909,1737,-0.85
918,1737,-0.73
927,1737,-0.816
936,1737,-0.908
945,1737,-1.006
954,1737,-1.111
963,1737,-1.222
972,1737,1.072
981,1737,1.18
990,1737,1.295
999,1737,1.274
1008,1737,1.395
1017,1737,1.232
1026,1737,1.212
1035,1737,1.33
1044,1737,1.308
1053,1737,1.288
1062,1737,1.267
1071,1737,1.247
1080,1737,1.368
1089,1737,1.347
1098,1737,1.189
1107,1737,1.306
1116,1737,1.431
1125,1737,1.563
1134,1737,1.39
1143,1737,1.37
1152,1737,1.5
1161,1737,1.33
1170,1737,1.173
1179,1737,0.908
1188,1737,0.893
1197,1737,0.877
1206,1737,0.755
1215,1737,0.741
1224,1737,0.831
1233,1737,0.929
1242,1737,0.802
1251,1737,0.685
1260,1737,0.672
1269,1737,0.758
1278,1737,0.744
1287,1737,0.73
1296,1737,0.823
1305,1737,0.924
1314,1737,0.794
1323,1737,0.676
1332,1737,0.569
1341,1737,0.556
1350,1737,0.461
1359,1737,0.532
1368,1737,0.52
1377,1737,0.356
1386,1737,0.416
1395,1737,0.406
1404,1737,0.473
1413,1737,0.547
1422,1737,0.535
1431,1737,0.438
1440,1737,0.511
1449,1737,0.499
1458,1737,0.579
1467,1737,0.566
1476,1737,0.654
1485,1737,0.752
1494,1737,0.86
1503,1737,0.846
1512,1737,0.711
1521,1737,0.818
1530,1737,0.804
1539,1737,0.671
1548,1737,0.657
1557,1737,0.644
1566,1737,0.524
1575,1737,0.617
1584,1737,0.499
1593,1737,0.394
1602,1737,0.473
1611,1737,0.46
1620,1737,0.357
1629,1737,0.345
1638,1737,0.422
1647,1737,0.409
1656,1737,0.308
1665,1737,0.164
1674,1737,0.108
1683,1737,0.144
1692,1737,0.135
1701,1737,0.179
1710,1737,0.168
1719,1737,0.221
1728,1737,0.289
1737,1737,0.372
1746,1737,0.473
1755,1737,0.596
1764,1737,0.582
1773,1737,0.567
1782,1737,0.412
1791,1737,0.538
1800,1737,0.523
1809,1737,0.361
1818,1737,0.343
1827,1737,0.324
1836,1737,0.458
1845,1737,0.44
1854,1737,0.259
1863,1737,0.118
1872,1737,0.206
1881,1737,0.173
1890,1737,0.132
1899,1737,0.08
1908,1737,-0
1917,1737,-0
9,1746,-0.091
18,1746,-0.29
27,1746,-0.25
36,1746,-0.44
45,1746,-0.378
54,1746,-0.561
63,1746,-0.49
72,1746,-0.436
81,1746,-0.393
90,1746,-0.358
99,1746,-0.484
108,1746,-0.629
117,1746,-0.575
126,1746,-0.112
135,1746,-0.106
144,1746,-0.154
153,1746,-0.145
162,1746,-0.201
171,1746,-0.189
180,1746,-0.178
189,1746,-0.237
198,1746,-0.159
207,1746,-0.15
216,1746,-0.199
225,1746,-0.135
234,1746,-0.179
243,1746,-0.169
252,1746,-0.161
261,1746,-0.207
270,1746,-0.262
279,1746,-0.324
288,1746,-0.308
297,1746,-0.293
306,1746,-0.358
315,1746,-0.341
324,1746,-0.325
333,1746,-0.391
342,1746,-0.465
351,1746,-0.444
360,1746,-0.34
369,1746,-0.406
378,1746,-0.478
387,1746,-0.458
396,1746,-0.535
405,1746,-0.513
414,1746,-0.594
423,1746,-0.682
432,1746,-0.547
441,1746,-0.63
450,1746,-0.719
459,1746,-0.692
468,1746,-0.666
477,1746,-0.757
486,1746,-0.854
495,1746,-0.703
504,1746,-0.795
513,1746,-0.553
522,1746,-0.532
531,1746,-0.513
540,1746,-0.587
549,1746,-0.397
558,1746,-0.459
567,1746,-0.443
576,1746,-0.509
585,1746,-0.491
594,1746,-0.561
603,1746,-0.637
612,1746,-0.718
621,1746,-0.695
630,1746,-0.576
639,1746,-0.556
648,1746,-0.455
657,1746,-0.52
666,1746,-0.591
675,1746,-0.572
684,1746,-0.553
693,1746,-0.535
702,1746,-0.518
711,1746,-0.587
720,1746,-0.662
729,1746,-0.742
738,1746,-0.828
747,1746,-0.92
756,1746,-0.895
765,1746,-0.87
774,1746,-0.846
783,1746,-0.823
792,1746,-0.913
801,1746,-1.01
810,1746,-1.112
819,1746,-1.084
828,1746,-0.819
837,1746,-0.6
846,1746,-0.674
855,1746,-0.754
864,1746,-0.548
873,1746,-0.618
882,1746,-0.6
891,1746,-0.673
900,1746,-0.753
909,1746,-0.636
918,1746,-0.532
927,1746,-0.6
936,1746,-0.674
945,1746,-0.753
954,1746,-0.838
963,1746,-0.929
972,1746,0.796
981,1746,0.884
990,1746,0.978
999,1746,0.954
1008,1746,1.053
1017,1746,1.029
1026,1746,1.132
1035,1746,1.242
1044,1746,1.215
1053,1746,1.189
1062,1746,1.164
1071,1746,1.138
1080,1746,1.249
1089,1746,1.223
1098,1746,1.197
1107,1746,1.312
1116,1746,1.434
1125,1746,1.562
1134,1746,1.379
1143,1746,1.352
1152,1746,1.477
1161,1746,1.299
1170,1746,1.135
1179,1746,0.866
1188,1746,0.845
1197,1746,0.94
1206,1746,0.805
1215,1746,0.785
1224,1746,0.877
1233,1746,0.975
1242,1746,0.836
1251,1746,0.709
1260,1746,0.691
1269,1746,0.777
1278,1746,0.758
1287,1746,0.739
1296,1746,0.83
1305,1746,0.928
1314,1746,0.79
1323,1746,0.665
1332,1746,0.553
1341,1746,0.537
1350,1746,0.438
1359,1746,0.505
1368,1746,0.489
1377,1746,0.395
1386,1746,0.459
1395,1746,0.444
1404,1746,0.513
1413,1746,0.589
1422,1746,0.572
1431,1746,0.465
1440,1746,0.539
1449,1746,0.522
1458,1746,0.602
1467,1746,0.585
1476,1746,0.673
1485,1746,0.769
1494,1746,0.876
1503,1746,0.855
1512,1746,0.712
1521,1746,0.816
1530,1746,0.796
1539,1746,0.655
1548,1746,0.637
1557,1746,0.618
1566,1746,0.495
1575,1746,0.582
1584,1746,0.461
1593,1746,0.355
1602,1746,0.427
1611,1746,0.41
1620,1746,0.309
1629,1746,0.294
1638,1746,0.36
1647,1746,0.344
1656,1746,0.249
1665,1746,0.121
1674,1746,0.074
1683,1746,0.101
1692,1746,0.134
1701,1746,0.177
1710,1746,0.163
1719,1746,0.215
1728,1746,0.278
1737,1746,0.357
1746,1746,0.453
1755,1746,0.568
1764,1746,0.547
1773,1746,0.525
1782,1746,0.368
1791,1746,0.481
1800,1746,0.458
1809,1746,0.3
1818,1746,0.276
1827,1746,0.251
1836,1746,0.36
1845,1746,0.509
1854,1746,0.303
1863,1746,0.14
1872,1746,0.236
1881,1746,0.196
1890,1746,0.149
1899,1746,0.089
1908,1746,-0
1917,1746,-0
9,1755,-0.082
18,1755,-0.266
27,1755,-0.224
36,1755,-0.396
45,1755,-0.334
54,1755,-0.499
63,1755,-0.429
72,1755,-0.375
81,1755,-0.333
90,1755,-0.298
99,1755,-0.409
108,1755,-0.535
117,1755,-0.483
126,1755,-0.081
135,1755,-0.076
144,1755,-0.113
153,1755,-0.104
162,1755,-0.148
171,1755,-0.137
180,1755,-0.127
189,1755,-0.173
198,1755,-0.11
207,1755,-0.102
216,1755,-0.139
225,1755,-0.089
234,1755,-0.121
243,1755,-0.113
252,1755,-0.105
261,1755,-0.139
270,1755,-0.179
279,1755,-0.227
288,1755,-0.212
297,1755,-0.199
306,1755,-0.248
315,1755,-0.233
324,1755,-0.219
333,1755,-0.269
342,1755,-0.325
351,1755,-0.306
360,1755,-0.225
369,1755,-0.273
378,1755,-0.328
387,1755,-0.31
396,1755,-0.368
405,1755,-0.348
414,1755,-0.41
423,1755,-0.478
432,1755,-0.454
441,1755,-0.525
450,1755,-0.603
459,1755,-0.575
468,1755,-0.548
477,1755,-0.626
486,1755,-0.71
495,1755,-0.679
504,1755,-0.766
513,1755,-0.521
522,1755,-0.497
531,1755,-0.568
540,1755,-0.645
549,1755,-0.433
558,1755,-0.497
567,1755,-0.475
576,1755,-0.542
585,1755,-0.519
594,1755,-0.589
603,1755,-0.665
612,1755,-0.746
621,1755,-0.717
630,1755,-0.588
639,1755,-0.564
648,1755,-0.456
657,1755,-0.519
666,1755,-0.587
675,1755,-0.564
684,1755,-0.542
693,1755,-0.52
702,1755,-0.499
711,1755,-0.565
720,1755,-0.635
729,1755,-0.711
738,1755,-0.793
747,1755,-0.88
756,1755,-0.85
765,1755,-0.82
774,1755,-0.792
783,1755,-0.765
792,1755,-0.849
801,1755,-0.938
810,1755,-1.033
819,1755,-1.001
828,1755,-0.849
837,1755,-0.616
846,1755,-0.689
855,1755,-0.767
864,1755,-0.55
873,1755,-0.618
882,1755,-0.596
891,1755,-0.667
900,1755,-0.744
909,1755,-0.621
918,1755,-0.513
927,1755,-0.578
936,1755,-0.648
945,1755,-0.723
954,1755,-0.803
963,1755,-0.889
972,1755,0.752
981,1755,0.834
990,1755,0.922
999,1755,0.894
1008,1755,0.986
1017,1755,1.084
1026,1755,1.187
1035,1755,1.297
1044,1755,1.263
1053,1755,1.229
1062,1755,1.196
1071,1755,1.164
1080,1755,1.273
1089,1755,1.24
1098,1755,1.208
1107,1755,1.32
1116,1755,1.438
1125,1755,1.563
1134,1755,1.369
1143,1755,1.335
1152,1755,1.455
1161,1755,1.269
1170,1755,1.097
1179,1755,0.823
1188,1755,0.798
1197,1755,0.887
1206,1755,0.86
1215,1755,0.835
1224,1755,0.927
1233,1755,1.026
1242,1755,0.874
1251,1755,0.736
1260,1755,0.712
1269,1755,0.797
1278,1755,0.773
1287,1755,0.748
1296,1755,0.837
1305,1755,0.933
1314,1755,0.787
1323,1755,0.655
1332,1755,0.537
1341,1755,0.517
1350,1755,0.415
1359,1755,0.478
1368,1755,0.459
1377,1755,0.44
1386,1755,0.506
1395,1755,0.486
1404,1755,0.557
1413,1755,0.636
1422,1755,0.613
1431,1755,0.495
1440,1755,0.569
1449,1755,0.651
1458,1755,0.741
1467,1755,0.716
1476,1755,0.813
1485,1755,0.919
1494,1755,1.035
1503,1755,1.007
1512,1755,0.979
1521,1755,1.103
1530,1755,1.074
1539,1755,0.897
1548,1755,0.87
1557,1755,0.844
1566,1755,0.687
1575,1755,0.791
1584,1755,0.637
1593,1755,0.501
1602,1755,0.589
1611,1755,0.565
1620,1755,0.434
1629,1755,0.412
1638,1755,0.494
1647,1755,0.471
1656,1755,0.348
1665,1755,0.18
1674,1755,0.114
1683,1755,0.149
1692,1755,0.193
1701,1755,0.247
1710,1755,0.227
1719,1755,0.29
1728,1755,0.366
1737,1755,0.458
1746,1755,0.568
1755,1755,0.698
1764,1755,0.67
1773,1755,0.641
1782,1755,0.455
1791,1755,0.582
1800,1755,0.552
1809,1755,0.366
1818,1755,0.336
1827,1755,0.304
1836,1755,0.425
1845,1755,0.587
1854,1755,0.353
1863,1755,0.165
1872,1755,0.271
1881,1755,0.223
1890,1755,0.167
1899,1755,0.098
1908,1755,-0
1917,1755,-0
9,1764,-0.074
18,1764,-0.242
27,1764,-0.199
36,1764,-0.355
45,1764,-0.292
54,1764,-0.441
63,1764,-0.371
72,1764,-0.319
81,1764,-0.278
90,1764,-0.244
99,1764,-0.339
108,1764,-0.449
117,1764,-0.573
126,1764,-0.155
135,1764,-0.14
144,1764,-0.194
153,1764,-0.176
162,1764,-0.235
171,1764,-0.213
180,1764,-0.194
189,1764,-0.252
198,1764,-0.162
207,1764,-0.148
216,1764,-0.193
225,1764,-0.124
234,1764,-0.162
243,1764,-0.208
252,1764,-0.191
261,1764,-0.24
270,1764,-0.297
279,1764,-0.36
288,1764,-0.334
297,1764,-0.31
306,1764,-0.372
315,1764,-0.346
324,1764,-0.322
333,1764,-0.384
342,1764,-0.453
351,1764,-0.423
360,1764,-0.312
369,1764,-0.37
378,1764,-0.434
387,1764,-0.407
396,1764,-0.474
405,1764,-0.445
414,1764,-0.515
423,1764,-0.591
432,1764,-0.557
441,1764,-0.635
450,1764,-0.719
459,1764,-0.681
468,1764,-0.644
477,1764,-0.728
486,1764,-0.817
495,1764,-0.776
504,1764,-0.867
513,1764,-0.588
522,1764,-0.557
531,1764,-0.63
540,1764,-0.709
549,1764,-0.473
558,1764,-0.539
567,1764,-0.511
576,1764,-0.579
585,1764,-0.55
594,1764,-0.62
603,1764,-0.696
612,1764,-0.777
621,1764,-0.742
630,1764,-0.602
639,1764,-0.573
648,1764,-0.457
657,1764,-0.518
666,1764,-0.584
675,1764,-0.557
684,1764,-0.53
693,1764,-0.505
702,1764,-0.48
711,1764,-0.542
720,1764,-0.609
729,1764,-0.68
738,1764,-0.757
747,1764,-0.839
756,1764,-0.926
765,1764,-0.889
774,1764,-0.853
783,1764,-0.818
792,1764,-0.903
801,1764,-0.993
810,1764,-1.088
819,1764,-1.048
828,1764,-0.882
837,1764,-0.633
846,1764,-0.705
855,1764,-0.782
864,1764,-0.553
873,1764,-0.619
882,1764,-0.69
891,1764,-0.766
900,1764,-0.846
909,1764,-0.705
918,1764,-0.58
927,1764,-0.648
936,1764,-0.721
945,1764,-0.798
954,1764,-0.881
963,1764,-0.969
972,1764,0.934
981,1764,1.025
990,1764,1.122
999,1764,1.084
1008,1764,1.184
1017,1764,1.289
1026,1764,1.401
1035,1764,1.518
1044,1764,1.472
1053,1764,1.428
1062,1764,1.384
1071,1764,1.342
1080,1764,1.457
1089,1764,1.413
1098,1764,1.371
1107,1764,1.488
1116,1764,1.611
1125,1764,1.74
1134,1764,1.52
1143,1764,1.477
1152,1764,1.6
1161,1764,1.391
1170,1764,1.199
1179,1764,0.897
1188,1764,0.865
1197,1764,0.955
1206,1764,0.922
1215,1764,0.889
1224,1764,0.982
1233,1764,1.081
1242,1764,0.915
1251,1764,0.765
1260,1764,0.735
1269,1764,0.819
1278,1764,0.789
1287,1764,0.759
1296,1764,0.845
1305,1764,0.939
1314,1764,0.784
1323,1764,0.645
1332,1764,0.521
1341,1764,0.497
1350,1764,0.474
1359,1764,0.54
1368,1764,0.515
1377,1764,0.491
1386,1764,0.559
1395,1764,0.534
1404,1764,0.607
1413,1764,0.687
1422,1764,0.659
1431,1764,0.528
1440,1764,0.603
1449,1764,0.685
1458,1764,0.775
1467,1764,0.744
1476,1764,0.84
1485,1764,0.945
1494,1764,1.059
1503,1764,1.023
1512,1764,0.988
1521,1764,1.109
1530,1764,1.072
1539,1764,0.885
1548,1764,0.852
1557,1764,0.818
1566,1764,0.655
1575,1764,0.753
1584,1764,0.595
1593,1764,0.457
1602,1764,0.537
1611,1764,0.508
1620,1764,0.379
1629,1764,0.354
1638,1764,0.425
1647,1764,0.398
1656,1764,0.282
1665,1764,0.132
1674,1764,0.077
1683,1764,0.102
1692,1764,0.134
1701,1764,0.174
1710,1764,0.154
1719,1764,0.2
1728,1764,0.257
1737,1764,0.327
1746,1764,0.411
1755,1764,0.512
1764,1764,0.477
1773,1764,0.443
1782,1764,0.284
1791,1764,0.373
1800,1764,0.337
1809,1764,0.191
1818,1764,0.161
1827,1764,0.131
1836,1764,0.194
1845,1764,0.284
1854,1764,0.122
1863,1764,0.027
1872,1764,0.052
1881,1764,0.099
1890,1764,0.048
1899,1764,0.109
1908,1764,-0
1917,1764,-0
9,1773,-0.067
18,1773,-0.22
27,1773,-0.175
36,1773,-0.315
45,1773,-0.253
54,1773,-0.385
63,1773,-0.318
72,1773,-0.267
81,1773,-0.227
90,1773,-0.196
99,1773,-0.276
108,1773,-0.37
117,1773,-0.477
126,1773,-0.184
135,1773,-0.162
144,1773,-0.219
153,1773,-0.194
162,1773,-0.255
171,1773,-0.228
180,1773,-0.203
189,1773,-0.261
198,1773,-0.163
207,1773,-0.146
216,1773,-0.19
225,1773,-0.118
234,1773,-0.154
243,1773,-0.196
252,1773,-0.177
261,1773,-0.223
270,1773,-0.274
279,1773,-0.333
288,1773,-0.304
297,1773,-0.278
306,1773,-0.334
315,1773,-0.306
324,1773,-0.281
333,1773,-0.336
342,1773,-0.396
351,1773,-0.366
360,1773,-0.261
369,1773,-0.311
378,1773,-0.367
387,1773,-0.339
396,1773,-0.397
405,1773,-0.368
414,1773,-0.427
423,1773,-0.492
432,1773,-0.458
441,1773,-0.525
450,1773,-0.598
459,1773,-0.559
468,1773,-0.523
477,1773,-0.594
486,1773,-0.67
495,1773,-0.629
504,1773,-0.707
513,1773,-0.554
522,1773,-0.52
531,1773,-0.588
540,1773,-0.661
549,1773,-0.428
558,1773,-0.487
567,1773,-0.457
576,1773,-0.518
585,1773,-0.487
594,1773,-0.55
603,1773,-0.618
612,1773,-0.691
621,1773,-0.768
630,1773,-0.617
639,1773,-0.582
648,1773,-0.459
657,1773,-0.518
666,1773,-0.582
675,1773,-0.549
684,1773,-0.518
693,1773,-0.489
702,1773,-0.461
711,1773,-0.519
720,1773,-0.582
729,1773,-0.649
738,1773,-0.721
747,1773,-0.798
756,1773,-0.879
765,1773,-0.837
774,1773,-0.797
783,1773,-0.758
792,1773,-0.837
801,1773,-0.92
810,1773,-1.008
819,1773,-0.963
828,1773,-0.797
837,1773,-0.555
846,1773,-0.619
855,1773,-0.688
864,1773,-0.47
873,1773,-0.528
882,1773,-0.589
891,1773,-0.656
900,1773,-0.726
909,1773,-0.691
918,1773,-0.561
927,1773,-0.625
936,1773,-0.694
945,1773,-0.767
954,1773,-0.845
963,1773,-0.928
972,1773,0.888
981,1773,0.973
990,1773,1.064
999,1773,1.16
1008,1773,1.26
1017,1773,1.366
1026,1773,1.478
1035,1773,1.594
1044,1773,1.539
1053,1773,1.485
1062,1773,1.432
1071,1773,1.381
1080,1773,1.494
1089,1773,1.441
1098,1773,1.39
1107,1773,1.504
1116,1773,1.624
1125,1773,1.75
1134,1773,1.516
1143,1773,1.464
1152,1773,1.583
1161,1773,1.53
1170,1773,1.314
1179,1773,0.98
1188,1773,0.939
1197,1773,1.032
1206,1773,0.99
1215,1773,0.95
1224,1773,1.043
1233,1773,1.143
1242,1773,0.961
1251,1773,0.797
1260,1773,0.761
1269,1773,0.844
1278,1773,0.807
1287,1773,0.771
1296,1773,0.855
1305,1773,0.946
1314,1773,0.781
1323,1773,0.634
1332,1773,0.505
1341,1773,0.477
1350,1773,0.541
1359,1773,0.61
1368,1773,0.579
1377,1773,0.548
1386,1773,0.619
1395,1773,0.587
1404,1773,0.663
1413,1773,0.745
1422,1773,0.709
1431,1773,0.564
1440,1773,0.64
1449,1773,0.723
1458,1773,0.812
1467,1773,0.774
1476,1773,0.87
1485,1773,0.974
1494,1773,1.086
1503,1773,1.042
1512,1773,0.999
1521,1773,1.116
1530,1773,1.072
1539,1773,0.873
1548,1773,0.833
1557,1773,0.793
1566,1773,0.623
1575,1773,0.715
1584,1773,0.553
1593,1773,0.413
1602,1773,0.485
1611,1773,0.453
1620,1773,0.326
1629,1773,0.298
1638,1773,0.359
1647,1773,0.33
1656,1773,0.221
1665,1773,0.138
1674,1773,0.078
1683,1773,0.103
1692,1773,0.134
1701,1773,0.172
1710,1773,0.149
1719,1773,0.193
1728,1773,0.246
1737,1773,0.311
1746,1773,0.389
1755,1773,0.484
1764,1773,0.443
1773,1773,0.402
1782,1773,0.244
1791,1773,0.321
1800,1773,0.281
1809,1773,0.144
1818,1773,0.114
1827,1773,0.166
1836,1773,0.238
1845,1773,0.338
1854,1773,0.149
1863,1773,0.035
1872,1773,0.063
1881,1773,0.115
1890,1773,0.055
1899,1773,0.121
1908,1773,-0
1917,1773,-0
9,1782,-0.059
18,1782,-0.198
27,1782,-0.152
36,1782,-0.277
45,1782,-0.216
54,1782,-0.333
63,1782,-0.268
72,1782,-0.22
81,1782,-0.183
90,1782,-0.153
99,1782,-0.219
108,1782,-0.298
117,1782,-0.389
126,1782,-0.136
135,1782,-0.117
144,1782,-0.162
153,1782,-0.14
162,1782,-0.188
171,1782,-0.163
180,1782,-0.143
189,1782,-0.187
198,1782,-0.109
207,1782,-0.096
216,1782,-0.127
225,1782,-0.073
234,1782,-0.098
243,1782,-0.128
252,1782,-0.113
261,1782,-0.145
270,1782,-0.183
279,1782,-0.226
288,1782,-0.202
297,1782,-0.181
306,1782,-0.222
315,1782,-0.199
324,1782,-0.179
333,1782,-0.218
342,1782,-0.262
351,1782,-0.237
360,1782,-0.159
369,1782,-0.193
378,1782,-0.232
387,1782,-0.211
396,1782,-0.251
405,1782,-0.228
414,1782,-0.27
423,1782,-0.317
432,1782,-0.29
441,1782,-0.338
450,1782,-0.39
459,1782,-0.359
468,1782,-0.33
477,1782,-0.38
486,1782,-0.436
495,1782,-0.402
504,1782,-0.459
513,1782,-0.342
522,1782,-0.315
531,1782,-0.362
540,1782,-0.414
549,1782,-0.244
558,1782,-0.283
567,1782,-0.261
576,1782,-0.301
585,1782,-0.278
594,1782,-0.32
603,1782,-0.366
612,1782,-0.416
621,1782,-0.471
630,1782,-0.438
639,1782,-0.407
648,1782,-0.307
657,1782,-0.351
666,1782,-0.399
675,1782,-0.37
684,1782,-0.344
693,1782,-0.318
702,1782,-0.295
711,1782,-0.337
720,1782,-0.382
729,1782,-0.432
738,1782,-0.486
747,1782,-0.543
756,1782,-0.605
765,1782,-0.568
774,1782,-0.532
783,1782,-0.499
792,1782,-0.557
801,1782,-0.619
810,1782,-0.686
819,1782,-0.646
828,1782,-0.512
837,1782,-0.399
846,1782,-0.449
855,1782,-0.503
864,1782,-0.392
873,1782,-0.441
882,1782,-0.494
891,1782,-0.551
900,1782,-0.612
909,1782,-0.576
918,1782,-0.455
927,1782,-0.509
936,1782,-0.567
945,1782,-0.629
954,1782,-0.696
963,1782,-0.766
972,1782,0.725
981,1782,0.798
990,1782,0.875
999,1782,0.957
1008,1782,1.043
1017,1782,1.135
1026,1782,1.231
1035,1782,1.332
1044,1782,1.274
1053,1782,1.218
1062,1782,1.164
1071,1782,1.111
1080,1782,1.206
1089,1782,1.152
1098,1782,1.1
1107,1782,1.196
1116,1782,1.297
1125,1782,1.403
1134,1782,1.186
1143,1782,1.133
1152,1782,1.232
1161,1782,1.336
1170,1782,1.125
1179,1782,0.809
1188,1782,0.767
1197,1782,0.845
1206,1782,0.802
1215,1782,0.76
1224,1782,0.838
1233,1782,0.922
1242,1782,0.753
1251,1782,0.605
1260,1782,0.569
1269,1782,0.635
1278,1782,0.707
1287,1782,0.667
1296,1782,0.742
1305,1782,0.822
1314,1782,0.662
1323,1782,0.624
1332,1782,0.489
1341,1782,0.456
1350,1782,0.516
1359,1782,0.581
1368,1782,0.545
1377,1782,0.511
1386,1782,0.576
1395,1782,0.54
1404,1782,0.609
1413,1782,0.684
1422,1782,0.644
1431,1782,0.5
1440,1782,0.567
1449,1782,0.641
1458,1782,0.721
1467,1782,0.679
1476,1782,0.763
1485,1782,0.855
1494,1782,0.955
1503,1782,0.906
1512,1782,0.858
1521,1782,0.961
1530,1782,0.911
1539,1782,0.72
1548,1782,0.676
1557,1782,0.633
1566,1782,0.476
1575,1782,0.55
1584,1782,0.404
1593,1782,0.283
1602,1782,0.337
1611,1782,0.398
1620,1782,0.275
1629,1782,0.246
1638,1782,0.297
1647,1782,0.266
1656,1782,0.167
1665,1782,0.096
1674,1782,0.048
1683,1782,0.064
1692,1782,0.085
1701,1782,0.111
1710,1782,0.091
1719,1782,0.12
1728,1782,0.157
1737,1782,0.202
1746,1782,0.257
1755,1782,0.325
1764,1782,0.408
1773,1782,0.361
1782,1782,0.206
1791,1782,0.271
1800,1782,0.228
1809,1782,0.104
1818,1782,0.075
1827,1782,0.111
1836,1782,0.162
1845,1782,0.235
1854,1782,0.079
1863,1782,0.044
1872,1782,0.077
1881,1782,0.134
1890,1782,0.064
1899,1782,0.135
1908,1782,-0
1917,1782,-0
9,1791,-0.053
18,1791,-0.176
27,1791,-0.131
36,1791,-0.241
45,1791,-0.182
54,1791,-0.284
63,1791,-0.222
72,1791,-0.177
81,1791,-0.143
90,1791,-0.207
99,1791,-0.283
108,1791,-0.372
117,1791,-0.471
126,1791,-0.162
135,1791,-0.136
144,1791,-0.184
153,1791,-0.155
162,1791,-0.204
171,1791,-0.174
180,1791,-0.149
189,1791,-0.192
198,1791,-0.109
207,1791,-0.093
216,1791,-0.122
225,1791,-0.068
234,1791,-0.09
243,1791,-0.118
252,1791,-0.102
261,1791,-0.13
270,1791,-0.163
279,1791,-0.202
288,1791,-0.177
297,1791,-0.155
306,1791,-0.191
315,1791,-0.168
324,1791,-0.148
333,1791,-0.181
342,1791,-0.218
351,1791,-0.193
360,1791,-0.124
369,1791,-0.152
378,1791,-0.183
387,1791,-0.163
396,1791,-0.195
405,1791,-0.174
414,1791,-0.208
423,1791,-0.245
432,1791,-0.22
441,1791,-0.258
450,1791,-0.301
459,1791,-0.272
468,1791,-0.245
477,1791,-0.285
486,1791,-0.329
495,1791,-0.298
504,1791,-0.343
513,1791,-0.244
522,1791,-0.22
531,1791,-0.256
540,1791,-0.296
549,1791,-0.16
558,1791,-0.188
567,1791,-0.169
576,1791,-0.199
585,1791,-0.231
594,1791,-0.267
603,1791,-0.307
612,1791,-0.35
621,1791,-0.396
630,1791,-0.447
639,1791,-0.411
648,1791,-0.304
657,1791,-0.346
666,1791,-0.392
675,1791,-0.36
684,1791,-0.33
693,1791,-0.302
702,1791,-0.275
711,1791,-0.314
720,1791,-0.356
729,1791,-0.402
738,1791,-0.451
747,1791,-0.504
756,1791,-0.561
765,1791,-0.621
774,1791,-0.578
783,1791,-0.537
792,1791,-0.596
801,1791,-0.658
810,1791,-0.725
819,1791,-0.677
828,1791,-0.531
837,1791,-0.408
846,1791,-0.457
855,1791,-0.51
864,1791,-0.391
873,1791,-0.438
882,1791,-0.489
891,1791,-0.543
900,1791,-0.602
909,1791,-0.561
918,1791,-0.522
927,1791,-0.579
936,1791,-0.639
945,1791,-0.704
954,1791,-0.773
963,1791,-0.846
972,1791,0.795
981,1791,0.869
990,1791,0.948
999,1791,1.03
1008,1791,1.118
1017,1791,1.209
1026,1791,1.305
1035,1791,1.406
1044,1791,1.337
1053,1791,1.271
1062,1791,1.206
1071,1791,1.144
1080,1791,1.238
1089,1791,1.175
1098,1791,1.114
1107,1791,1.206
1116,1791,1.304
1125,1791,1.407
1134,1791,1.176
1143,1791,1.273
1152,1791,1.375
1161,1791,1.482
1170,1791,1.244
1179,1791,1.03
1188,1791,0.974
1197,1791,1.061
1206,1791,1.004
1215,1791,0.949
1224,1791,1.036
1233,1791,1.128
1242,1791,0.925
1251,1791,0.745
1260,1791,0.699
1269,1791,0.772
1278,1791,0.85
1287,1791,0.799
1296,1791,0.88
1305,1791,0.965
1314,1791,0.778
1323,1791,0.729
1332,1791,0.571
1341,1791,0.53
1350,1791,0.594
1359,1791,0.663
1368,1791,0.618
1377,1791,0.575
1386,1791,0.643
1395,1791,0.599
1404,1791,0.67
1413,1791,0.746
1422,1791,0.698
1431,1791,0.537
1440,1791,0.605
1449,1791,0.679
1458,1791,0.759
1467,1791,0.709
1476,1791,0.793
1485,1791,0.883
1494,1791,0.981
1503,1791,0.923
1512,1791,0.867
1521,1791,0.966
1530,1791,0.908
1539,1791,0.706
1548,1791,0.655
1557,1791,0.606
1566,1791,0.558
1575,1791,0.638
1584,1791,0.468
1593,1791,0.327
1602,1791,0.385
1611,1791,0.449
1620,1791,0.308
1629,1791,0.273
1638,1791,0.326
1647,1791,0.288
1656,1791,0.178
1665,1791,0.099
1674,1791,0.048
1683,1791,0.063
1692,1791,0.083
1701,1791,0.108
1710,1791,0.086
1719,1791,0.112
1728,1791,0.145
1737,1791,0.186
1746,1791,0.237
1755,1791,0.298
1764,1791,0.373
1773,1791,0.321
1782,1791,0.169
1791,1791,0.224
1800,1791,0.179
1809,1791,0.069
1818,1791,0.044
1827,1791,0.067
1836,1791,0.101
1845,1791,0.149
1854,1791,0.032
1863,1791,0.011
1872,1791,0.02
1881,1791,0.038
1890,1791,0.074
1899,1791,0.15
1908,1791,-0
1917,1791,-0
9,1800,-0.046
18,1800,-0.156
27,1800,-0.111
36,1800,-0.207
45,1800,-0.151
54,1800,-0.238
63,1800,-0.18
72,1800,-0.139
81,1800,-0.109
90,1800,-0.16
99,1800,-0.222
108,1800,-0.295
117,1800,-0.378
126,1800,-0.194
135,1800,-0.159
144,1800,-0.209
153,1800,-0.173
162,1800,-0.223
171,1800,-0.186
180,1800,-0.155
189,1800,-0.198
198,1800,-0.108
207,1800,-0.14
216,1800,-0.177
225,1800,-0.15
234,1800,-0.188
243,1800,-0.231
252,1800,-0.198
261,1800,-0.241
270,1800,-0.289
279,1800,-0.343
288,1800,-0.299
297,1800,-0.26
306,1800,-0.308
315,1800,-0.269
324,1800,-0.235
333,1800,-0.278
342,1800,-0.326
351,1800,-0.287
360,1800,-0.185
369,1800,-0.221
378,1800,-0.26
387,1800,-0.229
396,1800,-0.268
405,1800,-0.312
414,1800,-0.36
423,1800,-0.412
432,1800,-0.368
441,1800,-0.42
450,1800,-0.476
459,1800,-0.428
468,1800,-0.384
477,1800,-0.436
486,1800,-0.492
495,1800,-0.444
504,1800,-0.5
513,1800,-0.36
522,1800,-0.323
531,1800,-0.368
540,1800,-0.416
549,1800,-0.297
558,1800,-0.339
567,1800,-0.304
576,1800,-0.346
585,1800,-0.392
594,1800,-0.441
603,1800,-0.493
612,1800,-0.549
621,1800,-0.609
630,1800,-0.673
639,1800,-0.618
648,1800,-0.465
657,1800,-0.518
666,1800,-0.575
675,1800,-0.527
684,1800,-0.482
693,1800,-0.44
702,1800,-0.4
711,1800,-0.448
720,1800,-0.499
729,1800,-0.553
738,1800,-0.611
747,1800,-0.673
756,1800,-0.738
765,1800,-0.807
774,1800,-0.748
783,1800,-0.692
792,1800,-0.758
801,1800,-0.828
810,1800,-0.902
819,1800,-0.839
828,1800,-0.66
837,1800,-0.508
846,1800,-0.562
855,1800,-0.619
864,1800,-0.475
873,1800,-0.526
882,1800,-0.581
891,1800,-0.64
900,1800,-0.702
909,1800,-0.65
918,1800,-0.601
927,1800,-0.661
936,1800,-0.724
945,1800,-0.791
954,1800,-0.862
963,1800,-0.937
972,1800,0.876
981,1800,0.951
990,1800,1.031
999,1800,1.114
1008,1800,1.202
1017,1800,1.294
1026,1800,1.39
1035,1800,1.491
1044,1800,1.41
1053,1800,1.331
1062,1800,1.255
1071,1800,1.182
1080,1800,1.274
1089,1800,1.201
1098,1800,1.13
1107,1800,1.22
1116,1800,1.314
1125,1800,1.413
1134,1800,1.168
1143,1800,1.261
1152,1800,1.358
1161,1800,1.46
1170,1800,1.209
1179,1800,0.986
1188,1800,0.923
1197,1800,1.005
1206,1800,0.941
1215,1800,0.88
1224,1800,0.96
1233,1800,1.045
1242,1800,0.839
1251,1800,0.659
1260,1800,0.727
1269,1800,0.799
1278,1800,0.875
1287,1800,0.816
1296,1800,0.895
1305,1800,0.978
1314,1800,0.777
1323,1800,0.722
1332,1800,0.555
1341,1800,0.509
1350,1800,0.569
1359,1800,0.633
1368,1800,0.583
1377,1800,0.535
1386,1800,0.598
1395,1800,0.549
1404,1800,0.613
1413,1800,0.683
1422,1800,0.63
1431,1800,0.47
1440,1800,0.53
1449,1800,0.595
1458,1800,0.666
1467,1800,0.612
1476,1800,0.685
1485,1800,0.764
1494,1800,0.85
1503,1800,0.788
1512,1800,0.728
1521,1800,0.813
1530,1800,0.751
1539,1800,0.56
1548,1800,0.508
1557,1800,0.459
1566,1800,0.412
1575,1800,0.474
1584,1800,0.325
1593,1800,0.209
1602,1800,0.248
1611,1800,0.294
1620,1800,0.256
1629,1800,0.303
1638,1800,0.358
1647,1800,0.313
1656,1800,0.19
1665,1800,0.103
1674,1800,0.081
1683,1800,0.103
1692,1800,0.131
1701,1800,0.164
1710,1800,0.132
1719,1800,0.167
1728,1800,0.21
1737,1800,0.261
1746,1800,0.323
1755,1800,0.397
1764,1800,0.484
1773,1800,0.418
1782,1800,0.228
1791,1800,0.293
1800,1800,0.235
1809,1800,0.095
1818,1800,0.062
1827,1800,0.09
1836,1800,0.13
1845,1800,0.186
1854,1800,0.042
1863,1800,0.014
1872,1800,0.025
1881,1800,0.046
1890,1800,0.086
1899,1800,0.168
1908,1800,-0
1917,1800,-0
9,1809,-0.04
18,1809,-0.136
27,1809,-0.093
36,1809,-0.175
45,1809,-0.122
54,1809,-0.195
63,1809,-0.142
72,1809,-0.106
81,1809,-0.08
90,1809,-0.119
99,1809,-0.169
108,1809,-0.227
117,1809,-0.295
126,1809,-0.14
135,1809,-0.11
144,1809,-0.148
153,1809,-0.118
162,1809,-0.155
171,1809,-0.125
180,1809,-0.101
189,1809,-0.131
198,1809,-0.065
207,1809,-0.086
216,1809,-0.112
225,1809,-0.091
234,1809,-0.117
243,1809,-0.147
252,1809,-0.122
261,1809,-0.151
270,1809,-0.185
279,1809,-0.223
288,1809,-0.189
297,1809,-0.227
306,1809,-0.268
315,1809,-0.229
324,1809,-0.195
333,1809,-0.232
342,1809,-0.273
351,1809,-0.235
360,1809,-0.144
369,1809,-0.172
378,1809,-0.204
387,1809,-0.175
396,1809,-0.206
405,1809,-0.241
414,1809,-0.28
423,1809,-0.322
432,1809,-0.281
441,1809,-0.323
450,1809,-0.368
459,1809,-0.324
468,1809,-0.285
477,1809,-0.325
486,1809,-0.37
495,1809,-0.326
504,1809,-0.37
513,1809,-0.252
522,1809,-0.221
531,1809,-0.254
540,1809,-0.29
549,1809,-0.194
558,1809,-0.224
567,1809,-0.196
576,1809,-0.226
585,1809,-0.259
594,1809,-0.294
603,1809,-0.333
612,1809,-0.375
621,1809,-0.42
630,1809,-0.468
639,1809,-0.42
648,1809,-0.298
657,1809,-0.336
666,1809,-0.377
675,1809,-0.337
684,1809,-0.301
693,1809,-0.267
702,1809,-0.236
711,1809,-0.268
720,1809,-0.303
729,1809,-0.341
738,1809,-0.381
747,1809,-0.425
756,1809,-0.471
765,1809,-0.521
774,1809,-0.472
783,1809,-0.427
792,1809,-0.473
801,1809,-0.523
810,1809,-0.575
819,1809,-0.523
828,1809,-0.386
837,1809,-0.277
846,1809,-0.311
855,1809,-0.348
864,1809,-0.247
873,1809,-0.279
882,1809,-0.313
891,1809,-0.351
900,1809,-0.391
909,1809,-0.434
918,1809,-0.392
927,1809,-0.436
936,1809,-0.482
945,1809,-0.532
954,1809,-0.585
963,1809,-0.641
972,1809,0.586
981,1809,0.643
990,1809,0.702
999,1809,0.766
1008,1809,0.832
1017,1809,0.903
1026,1809,0.977
1035,1809,1.055
1044,1809,0.98
1053,1809,1.058
1062,1809,0.984
1071,1809,0.913
1080,1809,0.988
1089,1809,0.917
1098,1809,0.992
1107,1809,1.072
1116,1809,1.155
1125,1809,1.243
1134,1809,1.002
1143,1809,1.083
1152,1809,1.168
1161,1809,1.257
1170,1809,1.014
1179,1809,0.801
1188,1809,0.738
1197,1809,0.806
1206,1809,0.743
1215,1809,0.683
1224,1809,0.748
1233,1809,0.817
1242,1809,0.63
1251,1809,0.472
1260,1809,0.524
1269,1809,0.579
1278,1809,0.639
1287,1809,0.583
1296,1809,0.644
1305,1809,0.709
1314,1809,0.535
1323,1809,0.484
1332,1809,0.348
1341,1809,0.392
1350,1809,0.44
1359,1809,0.491
1368,1809,0.443
1377,1809,0.397
1386,1809,0.446
1395,1809,0.399
1404,1809,0.449
1413,1809,0.504
1422,1809,0.453
1431,1809,0.317
1440,1809,0.36
1449,1809,0.408
1458,1809,0.461
1467,1809,0.411
1476,1809,0.465
1485,1809,0.524
1494,1809,0.588
1503,1809,0.53
1512,1809,0.475
1521,1809,0.536
1530,1809,0.604
1539,1809,0.427
1548,1809,0.376
1557,1809,0.329
1566,1809,0.285
1575,1809,0.331
1584,1809,0.207
1593,1809,0.118
1602,1809,0.143
1611,1809,0.172
1620,1809,0.141
1629,1809,0.17
1638,1809,0.205
1647,1809,0.168
1656,1809,0.136
1665,1809,0.064
1674,1809,0.047
1683,1809,0.061
1692,1809,0.078
1701,1809,0.099
1710,1809,0.126
1719,1809,0.158
1728,1809,0.197
1737,1809,0.244
1746,1809,0.3
1755,1809,0.366
1764,1809,0.445
1773,1809,0.539
1782,1809,0.304
1791,1809,0.38
1800,1809,0.307
1809,1809,0.13
1818,1809,0.085
1827,1809,0.119
1836,1809,0.167
1845,1809,0.231
1854,1809,0.055
1863,1809,0.019
1872,1809,0.032
1881,1809,0.056
1890,1809,0.101
1899,1809,0.187
1908,1809,-0
1917,1809,-0
9,1818,-0.034
18,1818,-0.118
27,1818,-0.076
36,1818,-0.145
45,1818,-0.097
54,1818,-0.157
63,1818,-0.109
72,1818,-0.078
81,1818,-0.056
90,1818,-0.086
99,1818,-0.123
108,1818,-0.169
117,1818,-0.222
126,1818,-0.096
135,1818,-0.072
144,1818,-0.099
153,1818,-0.132
162,1818,-0.17
171,1818,-0.133
180,1818,-0.104
189,1818,-0.134
198,1818,-0.063
207,1818,-0.083
216,1818,-0.106
225,1818,-0.084
234,1818,-0.107
243,1818,-0.134
252,1818,-0.108
261,1818,-0.134
270,1818,-0.163
279,1818,-0.197
288,1818,-0.162
297,1818,-0.194
306,1818,-0.23
315,1818,-0.191
324,1818,-0.159
333,1818,-0.189
342,1818,-0.223
351,1818,-0.186
360,1818,-0.107
369,1818,-0.129
378,1818,-0.154
387,1818,-0.128
396,1818,-0.152
405,1818,-0.179
414,1818,-0.209
423,1818,-0.242
432,1818,-0.206
441,1818,-0.238
450,1818,-0.273
459,1818,-0.234
468,1818,-0.2
477,1818,-0.23
486,1818,-0.264
495,1818,-0.226
504,1818,-0.259
513,1818,-0.165
522,1818,-0.139
531,1818,-0.162
540,1818,-0.188
549,1818,-0.116
558,1818,-0.136
567,1818,-0.114
576,1818,-0.134
585,1818,-0.155
594,1818,-0.179
603,1818,-0.206
612,1818,-0.234
621,1818,-0.266
630,1818,-0.3
639,1818,-0.261
648,1818,-0.171
657,1818,-0.196
666,1818,-0.223
675,1818,-0.193
684,1818,-0.166
693,1818,-0.142
702,1818,-0.12
711,1818,-0.139
720,1818,-0.16
729,1818,-0.183
738,1818,-0.209
747,1818,-0.237
756,1818,-0.267
765,1818,-0.299
774,1818,-0.262
783,1818,-0.229
792,1818,-0.258
801,1818,-0.29
810,1818,-0.324
819,1818,-0.285
828,1818,-0.192
837,1818,-0.123
846,1818,-0.142
855,1818,-0.163
864,1818,-0.102
873,1818,-0.119
882,1818,-0.137
891,1818,-0.157
900,1818,-0.179
909,1818,-0.203
918,1818,-0.176
927,1818,-0.199
936,1818,-0.225
945,1818,-0.254
954,1818,-0.285
963,1818,-0.318
972,1818,0.28
981,1818,0.313
990,1818,0.349
999,1818,0.387
1008,1818,0.428
1017,1818,0.472
1026,1818,0.519
1035,1818,0.568
1044,1818,0.512
1053,1818,0.561
1062,1818,0.505
1071,1818,0.555
1080,1818,0.607
1089,1818,0.662
1098,1818,0.721
1107,1818,0.784
1116,1818,0.849
1125,1818,0.919
1134,1818,0.707
1143,1818,0.769
1152,1818,0.834
1161,1818,0.903
1170,1818,0.693
1179,1818,0.516
1188,1818,0.463
1197,1818,0.51
1206,1818,0.457
1215,1818,0.407
1224,1818,0.451
1233,1818,0.499
1242,1818,0.355
1251,1818,0.242
1260,1818,0.273
1269,1818,0.307
1278,1818,0.345
1287,1818,0.385
1296,1818,0.429
1305,1818,0.476
1314,1818,0.334
1323,1818,0.292
1332,1818,0.19
1341,1818,0.218
1350,1818,0.248
1359,1818,0.281
1368,1818,0.318
1377,1818,0.276
1386,1818,0.313
1395,1818,0.271
1404,1818,0.307
1413,1818,0.347
1422,1818,0.391
1431,1818,0.26
1440,1818,0.296
1449,1818,0.336
1458,1818,0.38
1467,1818,0.331
1476,1818,0.375
1485,1818,0.423
1494,1818,0.476
1503,1818,0.418
1512,1818,0.364
1521,1818,0.413
1530,1818,0.467
1539,1818,0.307
1548,1818,0.261
1557,1818,0.219
1566,1818,0.18
1575,1818,0.212
1584,1818,0.174
1593,1818,0.091
1602,1818,0.11
1611,1818,0.133
1620,1818,0.104
1629,1818,0.126
1638,1818,0.152
1647,1818,0.119
1656,1818,0.09
1665,1818,0.035
1674,1818,0.023
1683,1818,0.03
1692,1818,0.04
1701,1818,0.052
1710,1818,0.067
1719,1818,0.086
1728,1818,0.109
1737,1818,0.138
1746,1818,0.172
1755,1818,0.215
1764,1818,0.266
1773,1818,0.328
1782,1818,0.148
1791,1818,0.19
1800,1818,0.133
1809,1818,0.033
1818,1818,0.047
1827,1818,0.068
1836,1818,0.096
1845,1818,0.136
1854,1818,0.015
1863,1818,-0
1872,1818,-0
1881,1818,-0
1890,1818,-0
1899,1818,-0
1908,1818,-0
1917,1818,-0
9,1827,-0.028
18,1827,-0.1
27,1827,-0.061
36,1827,-0.118
45,1827,-0.074
54,1827,-0.123
63,1827,-0.081
72,1827,-0.055
81,1827,-0.037
90,1827,-0.058
99,1827,-0.086
108,1827,-0.119
117,1827,-0.16
126,1827,-0.061
135,1827,-0.044
144,1827,-0.062
153,1827,-0.084
162,1827,-0.11
171,1827,-0.082
180,1827,-0.061
189,1827,-0.08
198,1827,-0.033
207,1827,-0.045
216,1827,-0.059
225,1827,-0.044
234,1827,-0.058
243,1827,-0.074
252,1827,-0.057
261,1827,-0.072
270,1827,-0.09
279,1827,-0.112
288,1827,-0.136
297,1827,-0.163
306,1827,-0.193
315,1827,-0.156
324,1827,-0.125
333,1827,-0.149
342,1827,-0.176
351,1827,-0.207
360,1827,-0.115
369,1827,-0.137
378,1827,-0.161
387,1827,-0.131
396,1827,-0.155
405,1827,-0.181
414,1827,-0.209
423,1827,-0.241
432,1827,-0.2
441,1827,-0.23
450,1827,-0.263
459,1827,-0.22
468,1827,-0.183
477,1827,-0.211
486,1827,-0.241
495,1827,-0.202
504,1827,-0.231
513,1827,-0.139
522,1827,-0.114
531,1827,-0.133
540,1827,-0.154
549,1827,-0.128
558,1827,-0.148
567,1827,-0.122
576,1827,-0.142
585,1827,-0.163
594,1827,-0.186
603,1827,-0.212
612,1827,-0.24
621,1827,-0.27
630,1827,-0.303
639,1827,-0.26
648,1827,-0.164
657,1827,-0.187
666,1827,-0.212
675,1827,-0.179
684,1827,-0.151
693,1827,-0.126
702,1827,-0.144
711,1827,-0.165
720,1827,-0.187
729,1827,-0.212
738,1827,-0.238
747,1827,-0.267
756,1827,-0.298
765,1827,-0.331
774,1827,-0.287
783,1827,-0.247
792,1827,-0.276
801,1827,-0.307
810,1827,-0.341
819,1827,-0.296
828,1827,-0.194
837,1827,-0.12
846,1827,-0.138
855,1827,-0.157
864,1827,-0.095
873,1827,-0.109
882,1827,-0.126
891,1827,-0.143
900,1827,-0.163
909,1827,-0.185
918,1827,-0.156
927,1827,-0.177
936,1827,-0.199
945,1827,-0.224
954,1827,-0.251
963,1827,-0.28
972,1827,0.241
981,1827,0.269
990,1827,0.3
999,1827,0.333
1008,1827,0.368
1017,1827,0.406
1026,1827,0.446
1035,1827,0.489
1044,1827,0.431
1053,1827,0.473
1062,1827,0.417
1071,1827,0.458
1080,1827,0.502
1089,1827,0.549
1098,1827,0.598
1107,1827,0.651
1116,1827,0.706
1125,1827,0.765
1134,1827,0.565
1143,1827,0.616
1152,1827,0.67
1161,1827,0.727
1170,1827,0.652
1179,1827,0.471
1188,1827,0.414
1197,1827,0.456
1206,1827,0.4
1215,1827,0.349
1224,1827,0.386
1233,1827,0.427
1242,1827,0.29
1251,1827,0.186
1260,1827,0.21
1269,1827,0.237
1278,1827,0.267
1287,1827,0.299
1296,1827,0.334
1305,1827,0.372
1314,1827,0.244
1323,1827,0.206
1332,1827,0.123
1341,1827,0.141
1350,1827,0.162
1359,1827,0.186
1368,1827,0.212
1377,1827,0.176
1386,1827,0.201
1395,1827,0.229
1404,1827,0.26
1413,1827,0.293
1422,1827,0.33
1431,1827,0.206
1440,1827,0.236
1449,1827,0.268
1458,1827,0.304
1467,1827,0.255
1476,1827,0.29
1485,1827,0.329
1494,1827,0.371
1503,1827,0.315
1512,1827,0.357
1521,1827,0.403
1530,1827,0.453
1539,1827,0.287
1548,1827,0.237
1557,1827,0.192
1566,1827,0.223
1575,1827,0.258
1584,1827,0.21
1593,1827,0.167
1602,1827,0.196
1611,1827,0.23
1620,1827,0.182
1629,1827,0.215
1638,1827,0.252
1647,1827,0.2
1656,1827,0.154
1665,1827,0.066
1674,1827,0.044
1683,1827,0.056
1692,1827,0.071
1701,1827,0.089
1710,1827,0.111
1719,1827,0.137
1728,1827,0.169
1737,1827,0.206
1746,1827,0.251
1755,1827,0.304
1764,1827,0.367
1773,1827,0.44
1782,1827,0.208
1791,1827,0.26
1800,1827,0.184
1809,1827,0.049
1818,1827,0.068
1827,1827,0.093
1836,1827,0.128
1845,1827,0.175
1854,1827,0.02
1863,1827,-0
1872,1827,-0
1881,1827,-0
1890,1827,-0
1899,1827,-0
1908,1827,-0
1917,1827,-0
9,1836,-0.023
18,1836,-0.083
27,1836,-0.047
36,1836,-0.093
45,1836,-0.055
54,1836,-0.092
63,1836,-0.057
72,1836,-0.089
81,1836,-0.057
90,1836,-0.084
99,1836,-0.118
108,1836,-0.157
117,1836,-0.203
126,1836,-0.075
135,1836,-0.051
144,1836,-0.07
153,1836,-0.093
162,1836,-0.12
171,1836,-0.086
180,1836,-0.061
189,1836,-0.08
198,1836,-0.03
207,1836,-0.041
216,1836,-0.053
225,1836,-0.038
234,1836,-0.05
243,1836,-0.064
252,1836,-0.046
261,1836,-0.059
270,1836,-0.074
279,1836,-0.091
288,1836,-0.111
297,1836,-0.133
306,1836,-0.158
315,1836,-0.122
324,1836,-0.094
333,1836,-0.113
342,1836,-0.134
351,1836,-0.158
360,1836,-0.08
369,1836,-0.096
378,1836,-0.114
387,1836,-0.089
396,1836,-0.106
405,1836,-0.124
414,1836,-0.145
423,1836,-0.168
432,1836,-0.134
441,1836,-0.156
450,1836,-0.18
459,1836,-0.144
468,1836,-0.166
477,1836,-0.191
486,1836,-0.217
495,1836,-0.177
504,1836,-0.202
513,1836,-0.115
522,1836,-0.091
531,1836,-0.106
540,1836,-0.123
549,1836,-0.098
558,1836,-0.114
567,1836,-0.091
576,1836,-0.105
585,1836,-0.122
594,1836,-0.139
603,1836,-0.159
612,1836,-0.181
621,1836,-0.204
630,1836,-0.23
639,1836,-0.19
648,1836,-0.111
657,1836,-0.127
666,1836,-0.145
675,1836,-0.118
684,1836,-0.135
693,1836,-0.109
702,1836,-0.125
711,1836,-0.143
720,1836,-0.162
729,1836,-0.183
738,1836,-0.205
747,1836,-0.23
756,1836,-0.256
765,1836,-0.285
774,1836,-0.24
783,1836,-0.201
792,1836,-0.224
801,1836,-0.25
810,1836,-0.278
819,1836,-0.308
828,1836,-0.261
837,1836,-0.162
846,1836,-0.182
855,1836,-0.205
864,1836,-0.123
873,1836,-0.14
882,1836,-0.158
891,1836,-0.178
900,1836,-0.199
909,1836,-0.223
918,1836,-0.186
927,1836,-0.208
936,1836,-0.232
945,1836,-0.258
954,1836,-0.286
963,1836,-0.316
972,1836,0.269
981,1836,0.297
990,1836,0.328
999,1836,0.361
1008,1836,0.396
1017,1836,0.434
1026,1836,0.474
1035,1836,0.516
1044,1836,0.449
1053,1836,0.49
1062,1836,0.425
1071,1836,0.465
1080,1836,0.506
1089,1836,0.551
1098,1836,0.598
1107,1836,0.647
1116,1836,0.7
1125,1836,0.755
1134,1836,0.542
1143,1836,0.589
1152,1836,0.639
1161,1836,0.691
1170,1836,0.609
1179,1836,0.424
1188,1836,0.464
1197,1836,0.507
1206,1836,0.44
1215,1836,0.379
1224,1836,0.416
1233,1836,0.457
1242,1836,0.303
1251,1836,0.188
1260,1836,0.212
1269,1836,0.237
1278,1836,0.265
1287,1836,0.295
1296,1836,0.328
1305,1836,0.364
1314,1836,0.23
1323,1836,0.188
1332,1836,0.152
1341,1836,0.173
1350,1836,0.196
1359,1836,0.222
1368,1836,0.249
1377,1836,0.205
1386,1836,0.231
1395,1836,0.26
1404,1836,0.292
1413,1836,0.326
1422,1836,0.364
1431,1836,0.305
1440,1836,0.341
1449,1836,0.381
1458,1836,0.424
1467,1836,0.357
1476,1836,0.398
1485,1836,0.444
1494,1836,0.493
1503,1836,0.418
1512,1836,0.466
1521,1836,0.518
1530,1836,0.574
1539,1836,0.367
1548,1836,0.301
1557,1836,0.243
1566,1836,0.278
1575,1836,0.317
1584,1836,0.255
1593,1836,0.2
1602,1836,0.232
1611,1836,0.267
1620,1836,0.209
1629,1836,0.243
1638,1836,0.281
1647,1836,0.219
1656,1836,0.165
1665,1836,0.067
1674,1836,0.043
1683,1836,0.054
1692,1836,0.067
1701,1836,0.083
1710,1836,0.102
1719,1836,0.125
1728,1836,0.153
1737,1836,0.186
1746,1836,0.225
1755,1836,0.271
1764,1836,0.326
1773,1836,0.39
1782,1836,0.162
1791,1836,0.203
1800,1836,0.13
1809,1836,0.022
1818,1836,0.031
1827,1836,0.044
1836,1836,0.062
1845,1836,0.087
1854,1836,-0
1863,1836,-0
1872,1836,-0
1881,1836,-0
1890,1836,-0
1899,1836,-0
1908,1836,-0
1917,1836,-0
9,1845,-0.019
18,1845,-0.068
27,1845,-0.035
36,1845,-0.071
45,1845,-0.039
54,1845,-0.066
63,1845,-0.038
72,1845,-0.061
81,1845,-0.036
90,1845,-0.055
99,1845,-0.078
108,1845,-0.106
117,1845,-0.139
126,1845,-0.044
135,1845,-0.06
144,1845,-0.08
153,1845,-0.103
162,1845,-0.13
171,1845,-0.09
180,1845,-0.061
189,1845,-0.078
198,1845,-0.027
207,1845,-0.036
216,1845,-0.047
225,1845,-0.06
234,1845,-0.075
243,1845,-0.093
252,1845,-0.066
261,1845,-0.081
270,1845,-0.099
279,1845,-0.119
288,1845,-0.141
297,1845,-0.166
306,1845,-0.193
315,1845,-0.146
324,1845,-0.11
333,1845,-0.129
342,1845,-0.151
351,1845,-0.175
360,1845,-0.085
369,1845,-0.101
378,1845,-0.119
387,1845,-0.089
396,1845,-0.105
405,1845,-0.123
414,1845,-0.142
423,1845,-0.163
432,1845,-0.126
441,1845,-0.146
450,1845,-0.167
459,1845,-0.13
468,1845,-0.149
477,1845,-0.17
486,1845,-0.193
495,1845,-0.152
504,1845,-0.173
513,1845,-0.091
522,1845,-0.069
531,1845,-0.081
540,1845,-0.094
549,1845,-0.071
558,1845,-0.083
567,1845,-0.063
576,1845,-0.073
585,1845,-0.085
594,1845,-0.098
603,1845,-0.113
612,1845,-0.128
621,1845,-0.146
630,1845,-0.165
639,1845,-0.131
648,1845,-0.068
657,1845,-0.079
666,1845,-0.091
675,1845,-0.07
684,1845,-0.081
693,1845,-0.093
702,1845,-0.106
711,1845,-0.12
720,1845,-0.136
729,1845,-0.154
738,1845,-0.172
747,1845,-0.193
756,1845,-0.215
765,1845,-0.238
774,1845,-0.194
783,1845,-0.157
792,1845,-0.176
801,1845,-0.196
810,1845,-0.218
819,1845,-0.242
828,1845,-0.197
837,1845,-0.113
846,1845,-0.127
855,1845,-0.143
864,1845,-0.078
873,1845,-0.089
882,1845,-0.101
891,1845,-0.115
900,1845,-0.129
909,1845,-0.146
918,1845,-0.116
927,1845,-0.13
936,1845,-0.147
945,1845,-0.164
954,1845,-0.183
963,1845,-0.204
972,1845,0.165
981,1845,0.184
990,1845,0.205
999,1845,0.227
1008,1845,0.251
1017,1845,0.277
1026,1845,0.305
1035,1845,0.334
1044,1845,0.366
1053,1845,0.399
1062,1845,0.336
1071,1845,0.368
1080,1845,0.401
1089,1845,0.437
1098,1845,0.475
1107,1845,0.515
1116,1845,0.558
1125,1845,0.602
1134,1845,0.406
1143,1845,0.443
1152,1845,0.481
1161,1845,0.522
1170,1845,0.446
1179,1845,0.286
1188,1845,0.315
1197,1845,0.346
1206,1845,0.287
1215,1845,0.235
1224,1845,0.261
1233,1845,0.289
1242,1845,0.236
1251,1845,0.191
1260,1845,0.213
1269,1845,0.237
1278,1845,0.263
1287,1845,0.292
1296,1845,0.322
1305,1845,0.355
1314,1845,0.214
1323,1845,0.17
1332,1845,0.132
1341,1845,0.15
1350,1845,0.169
1359,1845,0.191
1368,1845,0.214
1377,1845,0.24
1386,1845,0.268
1395,1845,0.298
1404,1845,0.331
1413,1845,0.366
1422,1845,0.404
1431,1845,0.333
1440,1845,0.369
1449,1845,0.409
1458,1845,0.451
1467,1845,0.373
1476,1845,0.413
1485,1845,0.457
1494,1845,0.504
1503,1845,0.418
1512,1845,0.463
1521,1845,0.512
1530,1845,0.565
1539,1845,0.344
1548,1845,0.274
1557,1845,0.309
1566,1845,0.348
1575,1845,0.39
1584,1845,0.312
1593,1845,0.242
1602,1845,0.276
1611,1845,0.314
1620,1845,0.242
1629,1845,0.277
1638,1845,0.317
1647,1845,0.242
1656,1845,0.178
1665,1845,0.068
1674,1845,0.04
1683,1845,0.05
1692,1845,0.062
1701,1845,0.076
1710,1845,0.093
1719,1845,0.113
1728,1845,0.137
1737,1845,0.165
1746,1845,0.198
1755,1845,0.238
1764,1845,0.284
1773,1845,0.338
1782,1845,0.119
1791,1845,0.149
1800,1845,0.082
1809,1845,0.006
1818,1845,0.009
1827,1845,0.013
1836,1845,0.019
1845,1845,0.027
1854,1845,-0
1863,1845,-0
1872,1845,-0
1881,1845,-0
1890,1845,-0
1899,1845,-0
1908,1845,-0
1917,1845,-0
9,1854,-0.015
18,1854,-0.054
27,1854,-0.109
36,1854,-0.176
45,1854,-0.087
54,1854,-0.131
63,1854,-0.07
72,1854,-0.102
81,1854,-0.057
90,1854,-0.081
99,1854,-0.109
108,1854,-0.142
117,1854,-0.18
126,1854,-0.113
135,1854,-0.143
144,1854,-0.177
153,1854,-0.214
162,1854,-0.255
171,1854,-0.299
180,1854,-0.207
189,1854,-0.244
198,1854,-0.095
207,1854,-0.116
216,1854,-0.139
225,1854,-0.165
234,1854,-0.194
243,1854,-0.225
252,1854,-0.161
261,1854,-0.188
270,1854,-0.217
279,1854,-0.249
288,1854,-0.283
297,1854,-0.32
306,1854,-0.359
315,1854,-0.272
324,1854,-0.203
333,1854,-0.231
342,1854,-0.261
351,1854,-0.294
360,1854,-0.145
369,1854,-0.167
378,1854,-0.19
387,1854,-0.142
396,1854,-0.162
405,1854,-0.184
414,1854,-0.208
423,1854,-0.234
432,1854,-0.178
441,1854,-0.201
450,1854,-0.226
459,1854,-0.253
468,1854,-0.281
477,1854,-0.311
486,1854,-0.343
495,1854,-0.377
504,1854,-0.413
513,1854,-0.236
522,1854,-0.182
531,1854,-0.204
540,1854,-0.228
549,1854,-0.177
558,1854,-0.198
567,1854,-0.152
576,1854,-0.171
585,1854,-0.191
594,1854,-0.213
603,1854,-0.236
612,1854,-0.261
621,1854,-0.287
630,1854,-0.315
639,1854,-0.345
648,1854,-0.199
657,1854,-0.221
666,1854,-0.244
675,1854,-0.192
684,1854,-0.213
693,1854,-0.236
702,1854,-0.26
711,1854,-0.285
720,1854,-0.312
729,1854,-0.341
738,1854,-0.372
747,1854,-0.404
756,1854,-0.437
765,1854,-0.473
774,1854,-0.391
783,1854,-0.32
792,1854,-0.349
801,1854,-0.379
810,1854,-0.411
819,1854,-0.445
828,1854,-0.367
837,1854,-0.22
846,1854,-0.242
855,1854,-0.265
864,1854,-0.151
873,1854,-0.167
882,1854,-0.186
891,1854,-0.205
900,1854,-0.226
909,1854,-0.248
918,1854,-0.198
927,1854,-0.218
936,1854,-0.24
945,1854,-0.263
954,1854,-0.288
963,1854,-0.314
972,1854,0.342
981,1854,0.372
990,1854,0.403
999,1854,0.437
1008,1854,0.471
1017,1854,0.508
1026,1854,0.547
1035,1854,0.587
1044,1854,0.63
1053,1854,0.674
1062,1854,0.573
1071,1854,0.615
1080,1854,0.659
1089,1854,0.705
1098,1854,0.753
1107,1854,0.804
1116,1854,0.856
1125,1854,0.911
1134,1854,0.63
1143,1854,0.675
1152,1854,0.723
1161,1854,0.773
1170,1854,0.661
1179,1854,0.434
1188,1854,0.47
1197,1854,0.508
1206,1854,0.422
1215,1854,0.347
1224,1854,0.378
1233,1854,0.411
1242,1854,0.336
1251,1854,0.271
1260,1854,0.297
1269,1854,0.326
1278,1854,0.356
1287,1854,0.389
1296,1854,0.423
1305,1854,0.46
1314,1854,0.277
1323,1854,0.218
1332,1854,0.168
1341,1854,0.187
1350,1854,0.209
1359,1854,0.232
1368,1854,0.257
1377,1854,0.284
1386,1854,0.313
1395,1854,0.344
1404,1854,0.378
1413,1854,0.414
1422,1854,0.453
1431,1854,0.367
1440,1854,0.403
1449,1854,0.442
1458,1854,0.484
1467,1854,0.392
1476,1854,0.431
1485,1854,0.473
1494,1854,0.518
1503,1854,0.419
1512,1854,0.462
1521,1854,0.507
1530,1854,0.556
1539,1854,0.321
1548,1854,0.245
1557,1854,0.275
1566,1854,0.309
1575,1854,0.345
1584,1854,0.263
1593,1854,0.193
1602,1854,0.22
1611,1854,0.25
1620,1854,0.18
1629,1854,0.206
1638,1854,0.236
1647,1854,0.166
1656,1854,0.11
1665,1854,0.067
1674,1854,0.037
1683,1854,0.046
1692,1854,0.056
1701,1854,0.068
1710,1854,0.082
1719,1854,0.099
1728,1854,0.119
1737,1854,0.142
1746,1854,0.17
1755,1854,0.202
1764,1854,0.24
1773,1854,0.285
1782,1854,0.079
1791,1854,0.099
1800,1854,0.124
1809,1854,0.011
1818,1854,0.015
1827,1854,0.02
1836,1854,0.028
1845,1854,0.039
1854,1854,-0
1863,1854,-0
1872,1854,-0
1881,1854,-0
1890,1854,-0
1899,1854,-0
1908,1854,-0
1917,1854,-0
9,1863,-0.011
18,1863,-0.041
27,1863,-0.084
36,1863,-0.136
45,1863,-0.197
54,1863,-0.263
63,1863,-0.131
72,1863,-0.175
81,1863,-0.092
90,1863,-0.123
99,1863,-0.157
108,1863,-0.195
117,1863,-0.238
126,1863,-0.142
135,1863,-0.174
144,1863,-0.209
153,1863,-0.248
162,1863,-0.289
171,1863,-0.333
180,1863,-0.22
189,1863,-0.255
198,1863,-0.168
207,1863,-0.197
216,1863,-0.228
225,1863,-0.261
234,1863,-0.297
243,1863,-0.335
252,1863,-0.234
261,1863,-0.266
270,1863,-0.3
279,1863,-0.336
288,1863,-0.374
297,1863,-0.414
306,1863,-0.457
315,1863,-0.501
324,1863,-0.373
333,1863,-0.412
342,1863,-0.452
351,1863,-0.494
360,1863,-0.249
369,1863,-0.277
378,1863,-0.307
387,1863,-0.339
396,1863,-0.373
405,1863,-0.408
414,1863,-0.446
423,1863,-0.485
432,1863,-0.373
441,1863,-0.408
450,1863,-0.444
459,1863,-0.482
468,1863,-0.521
477,1863,-0.563
486,1863,-0.606
495,1863,-0.651
504,1863,-0.697
513,1863,-0.407
522,1863,-0.441
531,1863,-0.477
540,1863,-0.515
549,1863,-0.407
558,1863,-0.441
567,1863,-0.346
576,1863,-0.376
585,1863,-0.408
594,1863,-0.441
603,1863,-0.475
612,1863,-0.512
621,1863,-0.549
630,1863,-0.589
639,1863,-0.63
648,1863,-0.378
657,1863,-0.409
666,1863,-0.441
675,1863,-0.35
684,1863,-0.379
693,1863,-0.41
702,1863,-0.442
711,1863,-0.475
720,1863,-0.51
729,1863,-0.547
738,1863,-0.585
747,1863,-0.624
756,1863,-0.665
765,1863,-0.708
774,1863,-0.584
783,1863,-0.624
792,1863,-0.665
801,1863,-0.707
810,1863,-0.751
819,1863,-0.797
828,1863,-0.665
837,1863,-0.415
846,1863,-0.447
855,1863,-0.479
864,1863,-0.284
873,1863,-0.309
882,1863,-0.334
891,1863,-0.361
900,1863,-0.389
909,1863,-0.419
918,1863,-0.336
927,1863,-0.363
936,1863,-0.391
945,1863,-0.421
954,1863,-0.453
963,1863,-0.486
972,1863,0.52
981,1863,0.556
990,1863,0.594
999,1863,0.633
1008,1863,0.674
1017,1863,0.717
1026,1863,0.761
1035,1863,0.808
1044,1863,0.856
1053,1863,0.906
1062,1863,0.766
1071,1863,0.813
1080,1863,0.861
1089,1863,0.912
1098,1863,0.964
1107,1863,1.018
1116,1863,1.074
1125,1863,1.133
1134,1863,0.778
1143,1863,0.826
1152,1863,0.876
1161,1863,0.928
1170,1863,0.786
1179,1863,0.507
1188,1863,0.544
1197,1863,0.582
1206,1863,0.623
1215,1863,0.512
1224,1863,0.55
1233,1863,0.589
1242,1863,0.482
1251,1863,0.387
1260,1863,0.419
1269,1863,0.452
1278,1863,0.487
1287,1863,0.524
1296,1863,0.563
1305,1863,0.604
1314,1863,0.364
1323,1863,0.284
1332,1863,0.216
1341,1863,0.237
1350,1863,0.26
1359,1863,0.285
1368,1863,0.312
1377,1863,0.341
1386,1863,0.371
1395,1863,0.404
1404,1863,0.439
1413,1863,0.476
1422,1863,0.515
1431,1863,0.409
1440,1863,0.445
1449,1863,0.483
1458,1863,0.524
1467,1863,0.415
1476,1863,0.452
1485,1863,0.492
1494,1863,0.535
1503,1863,0.422
1512,1863,0.461
1521,1863,0.502
1530,1863,0.547
1539,1863,0.429
1548,1863,0.47
1557,1863,0.514
1566,1863,0.561
1575,1863,0.612
1584,1863,0.481
1593,1863,0.366
1602,1863,0.405
1611,1863,0.448
1620,1863,0.334
1629,1863,0.373
1638,1863,0.414
1647,1863,0.302
1656,1863,0.209
1665,1863,0.134
1674,1863,0.078
1683,1863,0.092
1692,1863,0.109
1701,1863,0.127
1710,1863,0.149
1719,1863,0.173
1728,1863,0.202
1737,1863,0.234
1746,1863,0.271
1755,1863,0.313
1764,1863,0.362
1773,1863,0.417
1782,1863,0.127
1791,1863,0.154
1800,1863,0.186
1809,1863,0.019
1818,1863,0.024
1827,1863,0.032
1836,1863,0.043
1845,1863,0.057
1854,1863,-0
1863,1863,-0
1872,1863,-0
1881,1863,-0
1890,1863,-0
1899,1863,-0
1908,1863,-0
1917,1863,-0
9,1872,-0.008
18,1872,-0.029
27,1872,-0.061
36,1872,-0.1
45,1872,-0.146
54,1872,-0.197
63,1872,-0.087
72,1872,-0.118
81,1872,-0.055
90,1872,-0.074
99,1872,-0.097
108,1872,-0.122
117,1872,-0.151
126,1872,-0.081
135,1872,-0.1
144,1872,-0.123
153,1872,-0.147
162,1872,-0.174
171,1872,-0.203
180,1872,-0.121
189,1872,-0.142
198,1872,-0.084
207,1872,-0.1
216,1872,-0.118
225,1872,-0.137
234,1872,-0.159
243,1872,-0.182
252,1872,-0.114
261,1872,-0.132
270,1872,-0.151
279,1872,-0.172
288,1872,-0.195
297,1872,-0.219
306,1872,-0.245
315,1872,-0.272
324,1872,-0.184
333,1872,-0.206
342,1872,-0.23
351,1872,-0.255
360,1872,-0.175
369,1872,-0.195
378,1872,-0.217
387,1872,-0.24
396,1872,-0.264
405,1872,-0.29
414,1872,-0.317
423,1872,-0.346
432,1872,-0.376
441,1872,-0.408
450,1872,-0.441
459,1872,-0.475
468,1872,-0.511
477,1872,-0.548
486,1872,-0.586
495,1872,-0.626
504,1872,-0.667
513,1872,-0.71
522,1872,-0.754
531,1872,-0.8
540,1872,-0.846
549,1872,-0.667
558,1872,-0.708
567,1872,-0.751
576,1872,-0.796
585,1872,-0.841
594,1872,-0.889
603,1872,-0.937
612,1872,-0.987
621,1872,-1.038
630,1872,-1.091
639,1872,-1.145
648,1872,-0.71
657,1872,-0.752
666,1872,-0.795
675,1872,-0.635
684,1872,-0.674
693,1872,-0.713
702,1872,-0.755
711,1872,-0.797
720,1872,-0.841
729,1872,-0.886
738,1872,-0.933
747,1872,-0.981
756,1872,-1.03
765,1872,-1.081
774,1872,-0.89
783,1872,-0.936
792,1872,-0.984
801,1872,-1.033
810,1872,-1.083
819,1872,-1.135
828,1872,-0.941
837,1872,-0.588
846,1872,-0.624
855,1872,-0.661
864,1872,-0.529
873,1872,-0.562
882,1872,-0.596
891,1872,-0.632
900,1872,-0.669
909,1872,-0.708
918,1872,-0.571
927,1872,-0.606
936,1872,-0.642
945,1872,-0.679
954,1872,-0.718
963,1872,-0.758
972,1872,0.8
981,1872,0.843
990,1872,0.888
999,1872,0.934
1008,1872,0.982
1017,1872,1.031
1026,1872,1.081
1035,1872,1.134
1044,1872,1.187
1053,1872,1.243
1062,1872,1.3
1071,1872,1.359
1080,1872,1.419
1089,1872,1.482
1098,1872,1.546
1107,1872,1.611
1116,1872,1.679
1125,1872,1.748
1134,1872,1.228
1143,1872,1.286
1152,1872,1.346
1161,1872,1.408
1170,1872,1.196
1179,1872,1.006
1188,1872,1.058
1197,1872,1.111
1206,1872,1.167
1215,1872,0.978
1224,1872,1.03
1233,1872,1.084
1242,1872,0.903
1251,1872,0.742
1260,1872,0.786
1269,1872,0.832
1278,1872,0.879
1287,1872,0.929
1296,1872,0.981
1305,1872,1.034
1314,1872,0.857
1323,1872,0.698
1332,1872,0.558
1341,1872,0.596
1350,1872,0.635
1359,1872,0.677
1368,1872,0.721
1377,1872,0.767
1386,1872,0.815
1395,1872,0.865
1404,1872,0.918
1413,1872,0.973
1422,1872,1.03
1431,1872,0.847
1440,1872,0.9
1449,1872,0.956
1458,1872,1.014
1467,1872,0.829
1476,1872,0.883
1485,1872,0.94
1494,1872,1
1503,1872,0.813
1512,1872,0.868
1521,1872,0.927
1530,1872,0.988
1539,1872,0.798
1548,1872,0.855
1557,1872,0.915
1566,1872,0.979
1575,1872,1.046
1584,1872,0.844
1593,1872,0.663
1602,1872,0.716
1611,1872,0.774
1620,1872,0.596
1629,1872,0.648
1638,1872,0.704
1647,1872,0.531
1656,1872,0.382
1665,1872,0.257
1674,1872,0.159
1683,1872,0.181
1692,1872,0.205
1701,1872,0.233
1710,1872,0.264
1719,1872,0.298
1728,1872,0.336
1737,1872,0.379
1746,1872,0.427
1755,1872,0.481
1764,1872,0.542
1773,1872,0.609
1782,1872,0.204
1791,1872,0.239
1800,1872,0.279
1809,1872,0.032
1818,1872,0.041
1827,1872,0.052
1836,1872,0.066
1845,1872,0.084
1854,1872,-0
1863,1872,-0
1872,1872,-0
1881,1872,-0
1890,1872,-0
1899,1872,-0
1908,1872,-0
1917,1872,-0
9,1881,-0.005
18,1881,-0.019
27,1881,-0.041
36,1881,-0.068
45,1881,-0.1
54,1881,-0.136
63,1881,-0.052
72,1881,-0.071
81,1881,-0.028
90,1881,-0.039
99,1881,-0.051
108,1881,-0.066
117,1881,-0.083
126,1881,-0.038
135,1881,-0.048
144,1881,-0.06
153,1881,-0.073
162,1881,-0.088
171,1881,-0.104
180,1881,-0.122
189,1881,-0.142
198,1881,-0.076
207,1881,-0.089
216,1881,-0.104
225,1881,-0.12
234,1881,-0.137
243,1881,-0.156
252,1881,-0.089
261,1881,-0.102
270,1881,-0.117
279,1881,-0.132
288,1881,-0.149
297,1881,-0.167
306,1881,-0.186
315,1881,-0.206
324,1881,-0.127
333,1881,-0.142
342,1881,-0.158
351,1881,-0.176
360,1881,-0.194
369,1881,-0.214
378,1881,-0.234
387,1881,-0.256
396,1881,-0.279
405,1881,-0.303
414,1881,-0.328
423,1881,-0.354
432,1881,-0.381
441,1881,-0.409
450,1881,-0.438
459,1881,-0.469
468,1881,-0.5
477,1881,-0.533
486,1881,-0.567
495,1881,-0.601
504,1881,-0.637
513,1881,-0.674
522,1881,-0.712
531,1881,-0.751
540,1881,-0.791
549,1881,-0.593
558,1881,-0.628
567,1881,-0.663
576,1881,-0.7
585,1881,-0.738
594,1881,-0.776
603,1881,-0.816
612,1881,-0.857
621,1881,-0.899
630,1881,-0.942
639,1881,-0.986
648,1881,-0.552
657,1881,-0.583
666,1881,-0.616
675,1881,-0.462
684,1881,-0.49
693,1881,-0.52
702,1881,-0.55
711,1881,-0.581
720,1881,-0.613
729,1881,-0.646
738,1881,-0.68
747,1881,-0.716
756,1881,-0.752
765,1881,-0.789
774,1881,-0.828
783,1881,-0.867
792,1881,-0.908
801,1881,-0.949
810,1881,-0.992
819,1881,-1.036
828,1881,-0.824
837,1881,-0.644
846,1881,-0.678
855,1881,-0.712
864,1881,-0.551
873,1881,-0.581
882,1881,-0.613
891,1881,-0.645
900,1881,-0.679
909,1881,-0.713
918,1881,-0.553
927,1881,-0.584
936,1881,-0.615
945,1881,-0.648
954,1881,-0.681
963,1881,-0.716
972,1881,0.752
981,1881,0.789
990,1881,0.827
999,1881,0.866
1008,1881,0.907
1017,1881,0.949
1026,1881,0.991
1035,1881,1.036
1044,1881,1.081
1053,1881,1.128
1062,1881,1.176
1071,1881,1.225
1080,1881,1.276
1089,1881,1.328
1098,1881,1.382
1107,1881,1.437
1116,1881,1.493
1125,1881,1.551
1134,1881,1.01
1143,1881,1.056
1152,1881,1.103
1161,1881,1.152
1170,1881,1.202
1179,1881,0.979
1188,1881,1.024
1197,1881,1.071
1206,1881,1.12
1215,1881,0.906
1224,1881,0.95
1233,1881,0.996
1242,1881,0.796
1251,1881,0.837
1260,1881,0.88
1269,1881,0.924
1278,1881,0.969
1287,1881,1.017
1296,1881,1.066
1305,1881,1.116
1314,1881,0.9
1323,1881,0.71
1332,1881,0.545
1341,1881,0.579
1350,1881,0.614
1359,1881,0.65
1368,1881,0.688
1377,1881,0.728
1386,1881,0.769
1395,1881,0.813
1404,1881,0.858
1413,1881,0.905
1422,1881,0.954
1431,1881,0.75
1440,1881,0.794
1449,1881,0.84
1458,1881,0.888
1467,1881,0.689
1476,1881,0.732
1485,1881,0.777
1494,1881,0.824
1503,1881,0.63
1512,1881,0.672
1521,1881,0.716
1530,1881,0.762
1539,1881,0.811
1548,1881,0.862
1557,1881,0.916
1566,1881,0.973
1575,1881,1.034
1584,1881,0.8
1593,1881,0.596
1602,1881,0.641
1611,1881,0.688
1620,1881,0.496
1629,1881,0.537
1638,1881,0.581
1647,1881,0.401
1656,1881,0.255
1665,1881,0.145
1674,1881,0.068
1683,1881,0.078
1692,1881,0.09
1701,1881,0.102
1710,1881,0.117
1719,1881,0.133
1728,1881,0.152
1737,1881,0.173
1746,1881,0.196
1755,1881,0.223
1764,1881,0.253
1773,1881,0.288
1782,1881,0.134
1791,1881,0.157
1800,1881,0.183
1809,1881,-0
1818,1881,-0
1827,1881,-0
1836,1881,-0
1845,1881,-0
1854,1881,-0
1863,1881,-0
1872,1881,-0
1881,1881,-0
1890,1881,-0
1899,1881,-0
1908,1881,-0
1917,1881,-0
9,1890,-0.003
18,1890,-0.011
27,1890,-0.024
36,1890,-0.041
45,1890,-0.061
54,1890,-0.084
63,1890,-0.025
72,1890,-0.035
81,1890,-0.047
90,1890,-0.061
99,1890,-0.076
108,1890,-0.093
117,1890,-0.111
126,1890,-0.044
135,1890,-0.054
144,1890,-0.065
153,1890,-0.078
162,1890,-0.091
171,1890,-0.106
180,1890,-0.121
189,1890,-0.138
198,1890,-0.065
207,1890,-0.075
216,1890,-0.086
225,1890,-0.099
234,1890,-0.112
243,1890,-0.126
252,1890,-0.141
261,1890,-0.156
270,1890,-0.173
279,1890,-0.191
288,1890,-0.209
297,1890,-0.229
306,1890,-0.249
315,1890,-0.27
324,1890,-0.154
333,1890,-0.17
342,1890,-0.185
351,1890,-0.202
360,1890,-0.22
369,1890,-0.238
378,1890,-0.257
387,1890,-0.277
396,1890,-0.298
405,1890,-0.319
414,1890,-0.341
423,1890,-0.365
432,1890,-0.388
441,1890,-0.413
450,1890,-0.439
459,1890,-0.465
468,1890,-0.492
477,1890,-0.52
486,1890,-0.548
495,1890,-0.578
504,1890,-0.608
513,1890,-0.639
522,1890,-0.67
531,1890,-0.703
540,1890,-0.736
549,1890,-0.513
558,1890,-0.54
567,1890,-0.568
576,1890,-0.597
585,1890,-0.627
594,1890,-0.657
603,1890,-0.688
612,1890,-0.72
621,1890,-0.752
630,1890,-0.785
639,1890,-0.819
648,1890,-0.39
657,1890,-0.412
666,1890,-0.435
675,1890,-0.458
684,1890,-0.483
693,1890,-0.507
702,1890,-0.533
711,1890,-0.559
720,1890,-0.586
729,1890,-0.614
738,1890,-0.643
747,1890,-0.672
756,1890,-0.702
765,1890,-0.733
774,1890,-0.765
783,1890,-0.797
792,1890,-0.831
801,1890,-0.865
810,1890,-0.9
819,1890,-0.935
828,1890,-0.972
837,1890,-0.73
846,1890,-0.761
855,1890,-0.794
864,1890,-0.586
873,1890,-0.613
882,1890,-0.641
891,1890,-0.67
900,1890,-0.7
909,1890,-0.73
918,1890,-0.762
927,1890,-0.794
936,1890,-0.827
945,1890,-0.861
954,1890,-0.895
963,1890,-0.931
972,1890,0.967
981,1890,1.005
990,1890,1.043
999,1890,1.082
1008,1890,1.122
1017,1890,1.163
1026,1890,1.205
1035,1890,1.248
1044,1890,1.292
1053,1890,1.337
1062,1890,1.383
1071,1890,1.43
1080,1890,1.478
1089,1890,1.527
1098,1890,1.578
1107,1890,1.629
1116,1890,1.681
1125,1890,1.735
1134,1890,1.063
1143,1890,1.104
1152,1890,1.146
1161,1890,1.189
1170,1890,1.233
1179,1890,1.278
1188,1890,1.325
1197,1890,1.373
1206,1890,1.422
1215,1890,1.125
1224,1890,1.169
1233,1890,1.214
1242,1890,0.945
1251,1890,0.984
1260,1890,1.025
1269,1890,1.067
1278,1890,1.11
1287,1890,1.155
1296,1890,1.201
1305,1890,1.248
1314,1890,0.972
1323,1890,0.735
1332,1890,0.535
1341,1890,0.564
1350,1890,0.593
1359,1890,0.624
1368,1890,0.656
1377,1890,0.69
1386,1890,0.724
1395,1890,0.761
1404,1890,0.798
1413,1890,0.837
1422,1890,0.877
1431,1890,0.647
1440,1890,0.681
1449,1890,0.717
1458,1890,0.755
1467,1890,0.54
1476,1890,0.572
1485,1890,0.605
1494,1890,0.64
1503,1890,0.442
1512,1890,0.47
1521,1890,0.5
1530,1890,0.531
1539,1890,0.564
1548,1890,0.599
1557,1890,0.636
1566,1890,0.675
1575,1890,0.715
1584,1890,0.49
1593,1890,0.524
1602,1890,0.559
1611,1890,0.597
1620,1890,0.637
1629,1890,0.679
1638,1890,0.724
1647,1890,0.483
1656,1890,0.291
1665,1890,0.149
1674,1890,0.164
1683,1890,0.181
1692,1890,0.2
1701,1890,0.221
1710,1890,0.243
1719,1890,0.268
1728,1890,0.295
1737,1890,0.325
1746,1890,0.358
1755,1890,0.395
1764,1890,0.435
1773,1890,0.48
1782,1890,0.238
1791,1890,0.268
1800,1890,0.303
1809,1890,-0
1818,1890,-0
1827,1890,-0
1836,1890,-0
1845,1890,-0
1854,1890,-0
1863,1890,-0
1872,1890,-0
1881,1890,-0
1890,1890,-0
1899,1890,-0
1908,1890,-0
1917,1890,-0
9,1899,-0.001
18,1899,-0.005
27,1899,-0.011
36,1899,-0.019
45,1899,-0.029
54,1899,-0.041
63,1899,-0.054
72,1899,-0.068
81,1899,-0.083
90,1899,-0.1
99,1899,-0.118
108,1899,-0.136
117,1899,-0.156
126,1899,-0.051
135,1899,-0.06
144,1899,-0.07
153,1899,-0.08
162,1899,-0.092
171,1899,-0.104
180,1899,-0.116
189,1899,-0.13
198,1899,-0.049
207,1899,-0.056
216,1899,-0.063
225,1899,-0.071
234,1899,-0.08
243,1899,-0.089
252,1899,-0.099
261,1899,-0.109
270,1899,-0.12
279,1899,-0.131
288,1899,-0.143
297,1899,-0.155
306,1899,-0.168
315,1899,-0.181
324,1899,-0.195
333,1899,-0.21
342,1899,-0.225
351,1899,-0.24
360,1899,-0.256
369,1899,-0.273
378,1899,-0.29
387,1899,-0.308
396,1899,-0.326
405,1899,-0.344
414,1899,-0.363
423,1899,-0.383
432,1899,-0.403
441,1899,-0.424
450,1899,-0.445
459,1899,-0.466
468,1899,-0.488
477,1899,-0.511
486,1899,-0.534
495,1899,-0.557
504,1899,-0.581
513,1899,-0.605
522,1899,-0.63
531,1899,-0.656
540,1899,-0.682
549,1899,-0.708
558,1899,-0.735
567,1899,-0.762
576,1899,-0.79
585,1899,-0.818
594,1899,-0.847
603,1899,-0.876
612,1899,-0.906
621,1899,-0.936
630,1899,-0.966
639,1899,-0.997
648,1899,-0.403
657,1899,-0.422
666,1899,-0.44
675,1899,-0.459
684,1899,-0.479
693,1899,-0.499
702,1899,-0.52
711,1899,-0.541
720,1899,-0.563
729,1899,-0.585
738,1899,-0.607
747,1899,-0.63
756,1899,-0.654
765,1899,-0.678
774,1899,-0.702
783,1899,-0.728
792,1899,-0.753
801,1899,-0.779
810,1899,-0.806
819,1899,-0.833
828,1899,-0.861
837,1899,-0.889
846,1899,-0.918
855,1899,-0.947
864,1899,-0.977
873,1899,-1.007
882,1899,-1.038
891,1899,-1.07
900,1899,-1.102
909,1899,-1.134
918,1899,-1.168
927,1899,-1.201
936,1899,-1.236
945,1899,-1.271
954,1899,-1.307
963,1899,-1.343
972,1899,1.38
981,1899,1.417
990,1899,1.456
999,1899,1.494
1008,1899,1.534
1017,1899,1.574
1026,1899,1.615
1035,1899,1.657
1044,1899,1.699
1053,1899,1.742
1062,1899,1.786
1071,1899,1.83
1080,1899,1.875
1089,1899,1.921
1098,1899,1.968
1107,1899,2.016
1116,1899,2.064
1125,1899,2.113
1134,1899,1.181
1143,1899,1.217
1152,1899,1.253
1161,1899,1.29
1170,1899,1.328
1179,1899,1.367
1188,1899,1.407
1197,1899,1.447
1206,1899,1.488
1215,1899,1.531
1224,1899,1.574
1233,1899,1.618
1242,1899,1.214
1251,1899,1.251
1260,1899,1.29
1269,1899,1.33
1278,1899,1.371
1287,1899,1.412
1296,1899,1.455
1305,1899,1.499
1314,1899,1.112
1323,1899,1.15
1332,1899,0.821
1341,1899,0.852
1350,1899,0.884
1359,1899,0.917
1368,1899,0.951
1377,1899,0.986
1386,1899,1.022
1395,1899,1.059
1404,1899,1.097
1413,1899,1.136
1422,1899,1.177
1431,1899,0.835
1440,1899,0.869
1449,1899,0.904
1458,1899,0.94
1467,1899,0.637
1476,1899,0.665
1485,1899,0.696
1494,1899,0.727
1503,1899,0.462
1512,1899,0.486
1521,1899,0.511
1530,1899,0.537
1539,1899,0.565
1548,1899,0.593
1557,1899,0.623
1566,1899,0.655
1575,1899,0.687
1584,1899,0.722
1593,1899,0.758
1602,1899,0.796
1611,1899,0.835
1620,1899,0.877
1629,1899,0.92
1638,1899,0.966
1647,1899,1.014
1656,1899,0.654
1665,1899,0.368
1674,1899,0.393
1683,1899,0.42
1692,1899,0.449
1701,1899,0.48
1710,1899,0.513
1719,1899,0.549
1728,1899,0.587
1737,1899,0.628
1746,1899,0.673
1755,1899,0.721
1764,1899,0.773
1773,1899,0.83
1782,1899,0.437
1791,1899,0.477
1800,1899,0.521
1809,1899,-0
1818,1899,-0
1827,1899,-0
1836,1899,-0
1845,1899,-0
1854,1899,-0
1863,1899,-0
1872,1899,-0
1881,1899,-0
1890,1899,-0
1899,1899,-0
1908,1899,-0
1917,1899,-0
9,1908,-0
18,1908,-0.001
27,1908,-0.003
36,1908,-0.005
45,1908,-0.008
54,1908,-0.011
63,1908,-0.015
72,1908,-0.019
81,1908,-0.023
90,1908,-0.028
99,1908,-0.034
108,1908,-0.04
117,1908,-0.046
126,1908,-0.008
135,1908,-0.009
144,1908,-0.011
153,1908,-0.013
162,1908,-0.015
171,1908,-0.017
180,1908,-0.02
189,1908,-0.023
198,1908,-0.004
207,1908,-0.005
216,1908,-0.005
225,1908,-0.006
234,1908,-0.007
243,1908,-0.008
252,1908,-0.009
261,1908,-0.011
270,1908,-0.012
279,1908,-0.013
288,1908,-0.015
297,1908,-0.017
306,1908,-0.018
315,1908,-0.02
324,1908,-0.022
333,1908,-0.024
342,1908,-0.027
351,1908,-0.029
360,1908,-0.031
369,1908,-0.034
378,1908,-0.037
387,1908,-0.04
396,1908,-0.043
405,1908,-0.046
414,1908,-0.049
423,1908,-0.053
432,1908,-0.057
441,1908,-0.06
450,1908,-0.064
459,1908,-0.069
468,1908,-0.073
477,1908,-0.077
486,1908,-0.082
495,1908,-0.087
504,1908,-0.092
513,1908,-0.097
522,1908,-0.102
531,1908,-0.107
540,1908,-0.113
549,1908,-0.119
558,1908,-0.125
567,1908,-0.131
576,1908,-0.137
585,1908,-0.144
594,1908,-0.151
603,1908,-0.157
612,1908,-0.164
621,1908,-0.172
630,1908,-0.179
639,1908,-0.187
648,1908,-0.195
657,1908,-0.203
666,1908,-0.211
675,1908,-0.219
684,1908,-0.228
693,1908,-0.237
702,1908,-0.246
711,1908,-0.255
720,1908,-0.264
729,1908,-0.274
738,1908,-0.284
747,1908,-0.294
756,1908,-0.304
765,1908,-0.314
774,1908,-0.325
783,1908,-0.336
792,1908,-0.347
801,1908,-0.358
810,1908,-0.37
819,1908,-0.382
828,1908,-0.394
837,1908,-0.406
846,1908,-0.419
855,1908,-0.431
864,1908,-0.444
873,1908,-0.458
882,1908,-0.471
891,1908,-0.485
900,1908,-0.499
909,1908,-0.513
918,1908,-0.528
927,1908,-0.542
936,1908,-0.557
945,1908,-0.573
954,1908,-0.588
963,1908,-0.604
972,1908,0.62
981,1908,0.637
990,1908,0.653
999,1908,0.67
1008,1908,0.688
1017,1908,0.705
1026,1908,0.723
1035,1908,0.742
1044,1908,0.76
1053,1908,0.779
1062,1908,0.798
1071,1908,0.818
1080,1908,0.838
1089,1908,0.858
1098,1908,0.878
1107,1908,0.899
1116,1908,0.921
1125,1908,0.942
1134,1908,0.269
1143,1908,0.278
1152,1908,0.288
1161,1908,0.298
1170,1908,0.309
1179,1908,0.319
1188,1908,0.33
1197,1908,0.341
1206,1908,0.353
1215,1908,0.365
1224,1908,0.377
1233,1908,0.389
1242,1908,0.175
1251,1908,0.182
1260,1908,0.19
1269,1908,0.197
1278,1908,0.205
1287,1908,0.214
1296,1908,0.222
1305,1908,0.231
1314,1908,0.24
1323,1908,0.249
1332,1908,0.259
1341,1908,0.269
1350,1908,0.279
1359,1908,0.29
1368,1908,0.3
1377,1908,0.312
1386,1908,0.324
1395,1908,0.336
1404,1908,0.348
1413,1908,0.361
1422,1908,0.374
1431,1908,0.15
1440,1908,0.156
1449,1908,0.164
1458,1908,0.171
1467,1908,0.179
1476,1908,0.187
1485,1908,0.196
1494,1908,0.205
1503,1908,0.214
1512,1908,0.224
1521,1908,0.234
1530,1908,0.244
1539,1908,0.255
1548,1908,0.267
1557,1908,0.279
1566,1908,0.291
1575,1908,0.304
1584,1908,0.318
1593,1908,0.332
1602,1908,0.347
1611,1908,0.363
1620,1908,0.379
1629,1908,0.396
1638,1908,0.414
1647,1908,0.433
1656,1908,0.453
1665,1908,0.143
1674,1908,0.151
1683,1908,0.161
1692,1908,0.17
1701,1908,0.181
1710,1908,0.192
1719,1908,0.203
1728,1908,0.216
1737,1908,0.23
1746,1908,0.245
1755,1908,0.26
1764,1908,0.278
1773,1908,0.296
1782,1908,0.317
1791,1908,0.339
1800,1908,0.363
1809,1908,-0
1818,1908,-0
1827,1908,-0
1836,1908,-0
1845,1908,-0
1854,1908,-0
1863,1908,-0
1872,1908,-0
1881,1908,-0
1890,1908,-0
1899,1908,-0
1908,1908,-0
1917,1908,-0
9,1917,0
18,1917,0
27,1917,0
36,1917,0
45,1917,0
54,1917,0
63,1917,0
72,1917,0
81,1917,0
90,1917,0
99,1917,0
108,1917,0
117,1917,0
126,1917,0
135,1917,0
144,1917,0
153,1917,0
162,1917,0
171,1917,0
180,1917,0
189,1917,0
198,1917,0
207,1917,0
216,1917,0
225,1917,0
234,1917,0
243,1917,0
252,1917,0
261,1917,0
270,1917,0
279,1917,0
288,1917,0
297,1917,0
306,1917,0
315,1917,0
324,1917,0
333,1917,0
342,1917,0
351,1917,0
360,1917,0
369,1917,0
378,1917,0
387,1917,0
396,1917,0
405,1917,0
414,1917,0
423,1917,0
432,1917,0
441,1917,0
450,1917,0
459,1917,0
468,1917,0
477,1917,0
486,1917,0
495,1917,0
504,1917,0
513,1917,0
522,1917,0
531,1917,0
540,1917,0
549,1917,0
558,1917,0
567,1917,0
576,1917,0
585,1917,0
594,1917,0
603,1917,0
612,1917,0
621,1917,0
630,1917,0
639,1917,0
648,1917,0
657,1917,0
666,1917,0
675,1917,0
684,1917,0
693,1917,0
702,1917,0
711,1917,0
720,1917,0
729,1917,0
738,1917,0
747,1917,0
756,1917,0
765,1917,0
774,1917,0
783,1917,0
792,1917,0
801,1917,0
810,1917,0
819,1917,0
828,1917,0
837,1917,0
846,1917,0
855,1917,0
864,1917,0
873,1917,0
882,1917,0
891,1917,0
900,1917,0
909,1917,0
918,1917,0
927,1917,0
936,1917,0
945,1917,0
954,1917,0
963,1917,0
972,1917,-0
981,1917,-0
990,1917,-0
999,1917,-0
1008,1917,-0
1017,1917,-0
1026,1917,-0
1035,1917,-0
1044,1917,-0
1053,1917,-0
1062,1917,-0
1071,1917,-0
1080,1917,-0
1089,1917,-0
1098,1917,-0
1107,1917,-0
1116,1917,-0
1125,1917,-0
1134,1917,-0
1143,1917,-0
1152,1917,-0
1161,1917,-0
1170,1917,-0
1179,1917,-0
1188,1917,-0
1197,1917,-0
1206,1917,-0
1215,1917,-0
1224,1917,-0
1233,1917,-0
1242,1917,-0
1251,1917,-0
1260,1917,-0
1269,1917,-0
1278,1917,-0
1287,1917,-0
1296,1917,-0
1305,1917,-0
1314,1917,-0
1323,1917,-0
1332,1917,-0
1341,1917,-0
1350,1917,-0
1359,1917,-0
1368,1917,-0
1377,1917,-0
1386,1917,-0
1395,1917,-0
1404,1917,-0
1413,1917,-0
1422,1917,-0
1431,1917,-0
1440,1917,-0
1449,1917,-0
1458,1917,-0
1467,1917,-0
1476,1917,-0
1485,1917,-0
1494,1917,-0
1503,1917,-0
1512,1917,-0
1521,1917,-0
1530,1917,-0
1539,1917,-0
1548,1917,-0
1557,1917,-0
1566,1917,-0
1575,1917,-0
1584,1917,-0
1593,1917,-0
1602,1917,-0
1611,1917,-0
1620,1917,-0
1629,1917,-0
1638,1917,-0
1647,1917,-0
1656,1917,-0
1665,1917,-0
1674,1917,-0
1683,1917,-0
1692,1917,-0
1701,1917,-0
1710,1917,-0
1719,1917,-0
1728,1917,-0
1737,1917,-0
1746,1917,-0
1755,1917,-0
1764,1917,-0
1773,1917,-0
1782,1917,-0
1791,1917,-0
1800,1917,-0
1809,1917,-0
1818,1917,-0
1827,1917,-0
1836,1917,-0
1845,1917,-0
1854,1917,-0
1863,1917,-0
1872,1917,-0
1881,1917,-0
1890,1917,-0
1899,1917,-0
1908,1917,-0
1917,1917,-0
