method,nrmse,pss,nrmse_high,nrmse_low,nrmse_mid
bpca,0.15894988012757688,48.50062321071164,0.17149183567603296,0.4956438331346006,0.512029040875196
mix_bpca_QRILC,0.16083527037532042,53.18795806181297,0.1707866424009809,0.5015525641554913,0.5232046038852923
RF,0.1829846861170759,41.44050321709474,0.22494704247369945,0.5309441555149522,0.5779290158402722
mix_RF_QRILC,0.1838248868011164,40.797415935461686,0.21893714039856027,0.5301890516533815,0.5989366842012839
mix_knn_QRILC,0.20471385301033507,53.166469085055724,0.2663655682791836,0.5772802754233257,0.6227386300915451
