contrast,feature,gene,logFC,t,p,bh
Training_All,A0A0B4J2D5,GATD3B,0.07628798701463779,0.7467124849620629,0.45929857071898805,0.8803351820729671
Training_All,A0FGR8,ESYT2,-0.34790906486495565,-1.7291115779696695,0.09778451111535907,0.626412971410905
Training_All,A1L0T0,ILVBL,0.06901503217428662,0.15643649763050643,0.877771986013767,0.9714493029173589
Training_All,A5A3E0,POTEF,-0.5926536454280154,-1.363254507073472,0.18042276278250594,0.7160222432931638
Training_All,A5D6W6,FITM1,0.4659394778781394,1.585283257257165,0.12304436408913239,0.669270028256696
Training_All,A5YM72,CARNS1,0.3729448371728328,2.218028160337526,0.03214868249932835,0.4975912747427498
Training_All,A6NCE7,MAP1LC3B2,-0.4597555331180079,-3.108814550335841,0.0033657236840661233,0.4113179315290408
Training_All,A6NDG6,PGP,0.02267820635091411,0.2109335786606655,0.8339350533761236,0.957988921912975
Training_All,A6NNS2,DHRS7C,-0.3804183833710546,-2.219217096616308,0.03179582143798133,0.4975912747427498
Training_All,A8MU46,SMTNL1,-0.11892640413910804,-0.6794873273266283,0.50046889036453,0.8906088164064927
Training_All,A8MXV4,NUDT19,-0.08587963084953287,-0.22915787347056174,0.8223060401975181,0.9568083416436597
Training_All,E9PAV3,NACA,0.17575726401470426,1.6336628987597743,0.10962769700853797,0.6482770836592677
Training_All,L0R6Q1,SLC35A4,0.261475261843124,1.033798178604231,0.30976866346124626,0.8160620401706609
Training_All,O00151,PDLIM1,-0.04367823940719617,-0.19648620129604635,0.8451548715055709,0.9631556476633009
Training_All,O00159,MYO1C,0.1792108472852707,1.1030985107688789,0.27626171470804467,0.7928795695825686
Training_All,O00168,FXYD1,0.0864843706845555,0.24305215393312685,0.8105666652234196,0.9568083416436597
Training_All,O00186,STXBP3,0.08132704299329419,0.5478018067845065,0.5867965706696772,0.9169154217509196
Training_All,O00217,NDUFS8,0.2008186109168406,1.3952901860674818,0.17008957984123863,0.7142240298926285
Training_All,O00231,PSMD11,-0.015133359385659517,-0.177761826589649,0.8597443788671302,0.9665473949033128
Training_All,O00232,PSMD12,-0.1885786145612407,-1.9769287888916012,0.05448125407565909,0.5623574098665551
Training_All,O00233,PSMD9,-0.27378390985383483,-1.7628977731448183,0.08502025261402522,0.6137808236789436
Training_All,O00264,PGRMC1,0.2116807713962885,1.0097192029265811,0.3184087734570543,0.8189040060335305
Training_All,O00299,CLIC1,0.169036113801333,0.7662079740925909,0.4480483849668472,0.8803351820729671
Training_All,O00303,EIF3F,0.2539055336963898,2.0780142404874664,0.04385383023344395,0.531235031159426
Training_All,O00330,PDHX,0.3068229206891946,2.552531081249412,0.014325741687314998,0.4557528330015297
Training_All,O00410,IPO5,-0.19719049208906014,-1.7195987631275136,0.09269311865365841,0.6209905438690795
Training_All,O00423,EML1,-0.2629647442093983,-1.5621211223872062,0.12558626741007853,0.6753402755494013
Training_All,O00429,DNM1L,-0.07250853721371264,-0.5072181934514038,0.6145919873543512,0.9262473403672596
Training_All,O00442,RTCA,-0.1808072989468279,-0.987498949071367,0.3289195689290225,0.8231760411730338
Training_All,O00483,NDUFA4,-0.10840474514223608,-0.6446864577243262,0.5225533450565493,0.8966651452270425
Training_All,O00487,PSMD14,-0.0565833590238487,-0.5105013828270282,0.6123098059053447,0.9246222893679259
Training_All,O00499,BIN1,-0.15732937302962569,-1.5611807847106234,0.12580789523252028,0.6753402755494013
Training_All,O00505,KPNA3,-0.1611275427953789,-1.0617866205045856,0.29425678732918337,0.8051311804910746
Training_All,O00571,DDX3X,0.08224551910147859,0.4283270705042097,0.6705498800337514,0.931729205874169
Training_All,O00629,KPNA4,-0.13885346570046764,-1.0601777293755739,0.2949796217496864,0.8059341339507444
Training_All,O00748,CES2,-0.20677678326806515,-1.0166404192549827,0.31610453702552177,0.818798204388053
Training_All,O00757,FBP2,0.05099916614072164,0.340273588441942,0.7353064172033317,0.9401456325061941
Training_All,O00763,ACACB,NA,NA,NA,NA
Training_All,O00764,PDXK,-0.05684534201798108,-0.35050919968732347,0.7277075909992256,0.9401456325061941
Training_All,O14521,SDHD,0.015079858808354274,0.06766414079763748,0.9463664922277639,0.9830429611890766
Training_All,O14556,GAPDHS,0.20196465234255534,0.5925726073856828,0.5569752644477324,0.9078039003380718
Training_All,O14558,HSPB6,0.12353282648241759,0.741685572953624,0.46230772556748023,0.8803351820729671
Training_All,O14561,NDUFAB1,-0.11367319193016101,-0.7102912714223942,0.4813562481930287,0.8813317208894812
Training_All,O14618,CCS,-0.37132607791620664,-1.1492115407996457,0.2617828474762014,0.7797930995694469
Training_All,O14653,GOSR2,-0.44767416751952815,-1.039308451163061,0.3078719895032027,0.8160620401706609
Training_All,O14732,IMPA2,-0.3279227564036411,-1.7639744616063537,0.08483643933538267,0.6137808236789436
Training_All,O14737,PDCD5,0.36199350611169656,2.3374112165542695,0.024139533809468545,0.467112422271881
Training_All,O14744,PRMT5,0.1290032707072406,1.0983434704953967,0.2787854854721299,0.7964693397734974
Training_All,O14818,PSMA7,0.023403175900542195,0.22516141902435835,0.822919820067166,0.9568083416436597
Training_All,O14841,OPLAH,0.10293344244214175,0.5988528403981419,0.5525638676812755,0.9070982482101263
Training_All,O14874,BCKDK,-1.1268476767558617,-2.5724770172227727,0.01736308719315579,0.4561368122221056
Training_All,O14880,MGST3,-0.11102825341471778,-0.5076671351765644,0.6142796942099089,0.9262473403672596
Training_All,O14949,UQCRQ,0.03579922958662429,0.2278579340813394,0.8208361638153936,0.9568083416436597
Training_All,O14950,MYL12B,0.003481235113804715,0.019994155621899656,0.9841404786746931,0.9917094133294724
Training_All,O14957,UQCR11,-0.1925480142771221,-0.6125564360261035,0.5433941223121501,0.9050551908117838
Training_All,O14958,CASQ2,-0.14793802091801744,-0.7980083686423042,0.4292486199152764,0.8803351820729671
Training_All,O14979,HNRNPDL,0.34036807656265644,1.8390984750916053,0.07297369415181502,0.6046506577057489
Training_All,O14980,XPO1,-0.16877906447614954,-0.8216545912745484,0.4159110898014712,0.8803351820729671
Training_All,O14983,ATP2A1,-0.21590970819666389,-1.8957407877761372,0.0647244989693081,0.5785137360256729
Training_All,O15061,SYNM,-0.46034075227566973,-1.7504107539210478,0.08717650341124639,0.6209905438690795
Training_All,O15143,ARPC1B,0.047399510168297354,0.1560036803621641,0.8777642893205142,0.9714493029173589
Training_All,O15144,ARPC2,0.11352924933087571,0.40430454367176316,0.6887627948805389,0.9385035103487251
Training_All,O15145,ARPC3,-0.13265712308577804,-0.4635928051730346,0.6453900118969498,0.9280324726320343
Training_All,O15173,PGRMC2,-0.09632817789288772,-0.8035632019489415,0.4260669517359844,0.8803351820729671
Training_All,O15212,PFDN6,0.08771072052362072,0.6272475746433378,0.5338119450754841,0.9043005603850937
Training_All,O15273,TCAP,-0.2430452151224607,-0.9805873191089768,0.33227866698126673,0.824338479098892
Training_All,O15305,PMM2,-0.28449900839375,-1.5813000386594016,0.12231626505128844,0.669270028256696
Training_All,O15371,EIF3D,0.0863239256414019,0.42888567499258945,0.6701971708050833,0.931729205874169
Training_All,O15382,BCAT2,0.3289990224472561,1.7966867416008239,0.07957577435451249,0.6137808236789436
Training_All,O15400,STX7,0.06828818528506986,0.41568430187662747,0.6798614774548195,0.9357771074649516
Training_All,O15498,YKT6,-0.06445266171886566,-0.3708052354152098,0.7132244183961525,0.9401456325061941
Training_All,O43169,CYB5B,-0.22696411410644934,-1.6961777590045448,0.0970779286716077,0.626412971410905
Training_All,O43181,NDUFS4,0.08666343888427264,0.4759932193689976,0.6364875692816978,0.9280324726320343
Training_All,O43237,DYNC1LI2,0.08355737725676526,0.48590452561178143,0.6299776547112164,0.9280324726320343
Training_All,O43242,PSMD3,-0.09926349828581849,-1.144800898556927,0.2586206943740471,0.7785488680720988
Training_All,O43374,RASA4,-0.3105322515459559,-1.2213896331922167,0.2328891337846977,0.7480036008047727
Training_All,O43390,HNRNPR,0.05017836283527721,0.3720158630724697,0.7117072278796557,0.9401456325061941
Training_All,O43396,TXNL1,-0.14339210147859127,-1.4584402017546234,0.1519816766152215,0.6986081980893437
Training_All,O43399,TPD52L2,0.31224921406373873,2.107564855877171,0.0415451140028453,0.528769205245364
Training_All,O43414,ERI3,-0.33327279841864765,-2.279486637578142,0.027657018271216346,0.47859070889526006
Training_All,O43464,HTRA2,0.032499811598949435,0.1313067469171617,0.8967248593948454,0.9725638614789661
Training_All,O43488,AKR7A2,0.1423850074387616,0.7320784009851494,0.4680902294599939,0.8803351820729671
Training_All,O43491,EPB41L2,0.38252728778521927,1.4508224029118277,0.16312084985950626,0.7088335412373273
Training_All,O43583,DENR,0.15729135601313793,0.7771087088047156,0.44144751574392027,0.8803351820729671
Training_All,O43598,DNPH1,-0.09339257541856583,-0.3844764995153878,0.7029501005432248,0.9401456325061941
Training_All,O43615,TIMM44,-0.24124042431854065,-1.0375912998997678,0.30525716903555533,0.8160620401706609
Training_All,O43617,TRAPPC3,-0.046443191074621026,-0.23182640837334242,0.8181479680841652,0.9568083416436597
Training_All,O43633,CHMP2A,-0.0920605356102282,-0.6176748267571266,0.5406752050331911,0.9050551908117838
Training_All,O43674,NDUFB5,0.31652203148771463,1.5224760926301775,0.13713138568864497,0.6862326130742955
Training_All,O43676,NDUFB3,0.13908578530784865,0.9769409217511238,0.3340600531705388,0.8261274305679859
Training_All,O43678,NDUFA2,0.1669628047888967,1.2178633061341932,0.22991330937043733,0.7479155661842476
Training_All,O43681,ASNA1,0.1387341431173219,1.1030494723948334,0.2761377650638387,0.7928795695825686
Training_All,O43707,ACTN4,-0.3380003656979813,-0.7125126565023058,0.47999403330214907,0.8813317208894812
Training_All,O43708,GSTZ1,0.05328117451010783,0.2283118650174037,0.8205380919669243,0.9568083416436597
Training_All,O43741,PRKAB2,-0.05081420900648226,-0.2828063412678884,0.7787474702349331,0.9516334646034956
Training_All,O43747,AP1G1,0.030074162267672122,0.12163546451597976,0.9040558052011324,0.9730315578435726
Training_All,O43760,SYNGR2,-0.4858674493706001,-3.140744741031031,0.0030450184968090553,0.4113179315290408
Training_All,O43765,SGTA,0.12576259767216946,0.8831242036298211,0.38207748074300074,0.8630077392955624
Training_All,O43768,ENSA,-0.1517291034109327,-0.5777359385234309,0.5680562070377648,0.9133857413219694
Training_All,O43772,SLC25A20,-0.025851877942683288,-0.17331376427897735,0.863217684311958,0.9665473949033128
Training_All,O43776,NARS1,0.0370856518251248,0.3123761724925839,0.7562637516798609,0.9434314274966117
Training_All,O43813,LANCL1,-0.11453457543261969,-0.7535465349310655,0.45522591812807234,0.8803351820729671
Training_All,O43826,SLC37A4,-0.31414344437483877,-1.5559366901907323,0.12722327798101585,0.6753402755494013
Training_All,O43837,IDH3B,0.2676227201423611,2.435597882665535,0.019084696032170178,0.4596640989779956
Training_All,O43852,CALU,0.07165040566969338,0.6575314969472141,0.5143420122454119,0.8906088164064927
Training_All,O43865,AHCYL1,-0.02756605856800043,-0.19560382260736972,0.8458412057610831,0.9631556476633009
Training_All,O43920,NDUFS5,0.30237176416197364,1.8030823272523562,0.0783820992715198,0.6137808236789436
Training_All,O60220,TIMM8A,0.557523984279845,2.8861312432941912,0.00682484818947425,0.4113179315290408
Training_All,O60237,PPP1R12B,-0.48442538688042447,-1.0218365891338212,0.31626462343171996,0.818798204388053
Training_All,O60256,PRPSAP2,-0.7552616344960725,-2.4504686234600173,0.019563493630222063,0.4596640989779956
Training_All,O60313,OPA1,-0.019168106077328773,-0.10757583827224104,0.9148322882187181,0.9766049989621426
Training_All,O60493,SNX3,0.11917034694462814,0.7486845484020183,0.45821765702361195,0.8803351820729671
Training_All,O60506,SYNCRIP,-0.3759021847551818,-2.9588940797257792,0.0050536116564854515,0.4113179315290408
Training_All,O60610,DIAPH1,-0.6989292639904274,-1.2420119011506194,0.23210596219658938,0.7480036008047727
Training_All,O60662,KLHL41,0.01208980342454069,0.07505136709162566,0.9405217457085682,0.9830429611890766
Training_All,O60664,PLIN3,0.1774751056787771,1.49107066653484,0.14323930707992474,0.6862326130742955
Training_All,O60684,KPNA6,0.21661513321831904,1.3802962105585745,0.17479452151151287,0.7160222432931638
Training_All,O60749,SNX2,-0.02427801274208008,-0.1888018003794759,0.851157059448141,0.9635837156719909
Training_All,O60763,USO1,0.04434228720478117,0.3739522761250365,0.7102765121335963,0.9401456325061941
Training_All,O60784,TOM1,-0.20995757279210103,-1.6585121851523021,0.10448857607697205,0.6367696665470018
Training_All,O60825,PFKFB2,0.727848971284633,2.383269946764167,0.02212350028786068,0.46248705669049817
Training_All,O60826,CCDC22,0.0957057954206082,0.2777176204747686,0.7838196892585991,0.9518874603278461
Training_All,O60841,EIF5B,0.15391273976104358,0.6546723349508038,0.5194585480902252,0.893413777134658
Training_All,O60884,DNAJA2,0.07400994103350023,0.6083235076314097,0.5461713785022453,0.9050551908117838
Training_All,O60936,NOL3,-0.13361910735407,-1.0330698316685964,0.3073437842661308,0.8160620401706609
Training_All,O75027,ABCB7,-0.3873191275755774,-1.6656191702246035,0.10693165370463839,0.643303570524379
Training_All,O75083,WDR1,0.040275720999174425,0.34656745856523,0.7306056959776293,0.9401456325061941
Training_All,O75112,LDB3,0.03925671327534275,0.2867225216111196,0.7757011477305713,0.9512761281736578
Training_All,O75122,CLASP2,0.6166200881249946,2.749717538960392,0.013170044110719476,0.4543600662851612
Training_All,O75128,COBL,0.3847469658302227,1.9729035306147824,0.05527095852683056,0.5623574098665551
Training_All,O75131,CPNE3,-0.03901732009456005,-0.3675955677986679,0.7149770887845566,0.9401456325061941
Training_All,O75153,CLUH,0.15669505139596396,0.9581783783220522,0.3443600831482362,0.8346807149407411
Training_All,O75155,CAND2,0.13171914171872068,0.8540288618478743,0.397819501864507,0.8733417602335434
Training_All,O75208,COQ9,0.016496208128829792,0.16604241179566703,0.8689014462142123,0.9684845692066962
Training_All,O75223,GGCT,-0.1742583856662563,-1.1987651450025871,0.2371808163583559,0.7539407686233263
Training_All,O75251,NDUFS7,0.2571317601907275,1.0658419445991887,0.29244028954127055,0.8013290853561531
Training_All,O75298,RTN2,0.13126352739409697,0.6593308572182067,0.5131973207822219,0.8906088164064927
Training_All,O75306,NDUFS2,-0.054806842739560935,-0.4416795813746474,0.6609332321899201,0.931729205874169
Training_All,O75323,NIPSNAP2,0.08920884887578318,0.7134164409068026,0.47944043101431966,0.8813317208894812
Training_All,O75340,PDCD6,0.1829904456664586,1.2276765008896462,0.22824815496256798,0.7467179197018357
Training_All,O75347,TBCA,-0.14446812613980597,-1.0673328883791062,0.29177441630839285,0.8013256058681569
Training_All,O75348,ATP6V1G1,0.15626270714597545,0.9235817282102571,0.364189491516835,0.8509951091843132
Training_All,O75351,VPS4B,0.16441653444324267,1.3617152188154944,0.18037638624479133,0.7160222432931638
Training_All,O75352,MPDU1,NA,NA,NA,NA
Training_All,O75368,SH3BGRL,0.1561877058056922,0.42160975476691265,0.6773968778298429,0.9357771074649516
Training_All,O75369,FLNB,-0.19736731506920613,-1.5149353417411355,0.13710200155071572,0.6862326130742955
Training_All,O75380,NDUFS6,-0.05252890287686185,-0.2651485766491588,0.7921613527490841,0.9528105772667944
Training_All,O75390,CS,0.22012632709633628,2.5676173049584268,0.013797828331515284,0.4543600662851612
Training_All,O75396,SEC22B,-0.0807201091806391,-0.47495592750078236,0.6372777132961498,0.9280324726320343
Training_All,O75431,MTX2,-0.1611906721416858,-0.5207419784261633,0.6054890432617368,0.9205652449396506
Training_All,O75436,VPS26A,0.2842855711855954,1.9005461484084256,0.06407534391757409,0.5785137360256729
Training_All,O75438,NDUFB1,0.04391683673527602,0.2724749240557951,0.7865604123747308,0.9518874603278461
Training_All,O75439,PMPCB,0.38899351417163963,1.4102964934938185,0.16945658709607997,0.7142240298926285
Training_All,O75489,NDUFS3,0.12490912194297366,0.8975976411709887,0.3743959505958564,0.8528412612480856
Training_All,O75521,ECI2,0.20336356262171762,1.4979450707192001,0.14144943244450867,0.6862326130742955
Training_All,O75531,BANF1,-0.3877911254442239,-2.386623205277366,0.02147237476675701,0.4614260119262532
Training_All,O75534,CSDE1,-0.0569724996516765,-0.3803318748805547,0.7055704531155527,0.9401456325061941
Training_All,O75569,PRKRA,-0.16595288341382552,-0.5316923177821331,0.5998221018244535,0.9191055861004201
Training_All,O75608,LYPLA1,0.020815975101395878,0.17667828956824963,0.8605902115073331,0.9665473949033128
Training_All,O75663,TIPRL,-0.28940888407088217,-0.9923796635626974,0.3266925369127288,0.8230897876311303
Training_All,O75688,PPM1B,-0.3360099930968641,-1.5159107517741774,0.14376552513991897,0.6862326130742955
Training_All,O75746,SLC25A12,0.05140492690456888,0.49427882585285565,0.6236237820248798,0.9280324726320343
Training_All,O75821,EIF3G,0.032810914215282594,0.16733821703548254,0.8678880378467029,0.9679297962200006
Training_All,O75822,EIF3J,-0.12834964774497415,-1.132017312085783,0.2638974093065119,0.7797930995694469
Training_All,O75832,PSMD10,-0.2813947115792832,-1.7142867084996107,0.09367292417602219,0.6209905438690795
Training_All,O75874,IDH1,-0.0883193394318269,-0.5170017163811724,0.607802835796502,0.9205652449396506
Training_All,O75891,ALDH1L1,0.10468132105341788,0.8136008599281628,0.4203538847642958,0.8803351820729671
Training_All,O75915,ARL6IP5,-0.22872856267820296,-1.5488367423450975,0.1287465981208006,0.678656325440266
Training_All,O75923,DYSF,0.015221086674701567,0.17348643041688597,0.8630828050234586,0.9665473949033128
Training_All,O75935,DCTN3,-0.08059511932220431,-0.3537229641807407,0.726018589289886,0.9401456325061941
Training_All,O75947,ATP5PD,0.07444365669752351,0.7623836781547727,0.4499908840979615,0.8803351820729671
Training_All,O75955,FLOT1,-0.20168014823650005,-0.807374196166355,0.42505978796395716,0.8803351820729671
Training_All,O75964,ATP5MG,0.25021194123632107,1.4246363099384731,0.16147641226727918,0.7048633158736816
Training_All,O76003,GLRX3,0.024760824986584495,0.14439124991734445,0.8858658147289191,0.9724265173157302
Training_All,O94760,DDAH1,0.18755140925204827,1.2457531790076475,0.21959679470079674,0.7355982431782018
Training_All,O94811,TPPP,-0.6766722698585976,-2.1754153469546487,0.037887272897697784,0.5041101163904038
Training_All,O94826,TOMM70,-0.008023245350518238,-0.04223442277753652,0.9665072287963788,0.9864785581570434
Training_All,O94874,UFL1,0.3772686214408463,1.7835100843267264,0.08461651048034707,0.6137808236789436
Training_All,O94903,PLPBP,-0.006992433296728606,-0.05501402713876635,0.9563819804543848,0.9840929073844938
Training_All,O94905,ERLIN2,-0.005058035161962238,-0.032574238306344726,0.9741647718210451,0.9889168613889138
Training_All,O94919,ENDOD1,-0.035028731743924624,-0.22377934240809966,0.8239882832051653,0.9568083416436597
Training_All,O94979,SEC31A,-0.06427333265246382,-0.43144312537632196,0.6684614512615459,0.931729205874169
Training_All,O95139,NDUFB6,0.16661240574511105,0.6859425369153632,0.496429472895043,0.8867807526574262
Training_All,O95140,MFN2,0.07564470822359759,0.3929305348449234,0.6965092121659862,0.9401456325061941
Training_All,O95167,NDUFA3,0.3590823555092779,1.7476202759695407,0.090114337206760875,0.6209905438690795
Training_All,O95168,NDUFB4,0.3282121699742593,1.4353729893333855,0.15841171070797408,0.7029285602810104
Training_All,O95169,NDUFB8,0.3525216962433628,1.5376250666314129,0.13146333573393054,0.678656325440266
Training_All,O95182,NDUFA7,0.4503112891704113,1.8976182546959228,0.06447020681642064,0.5785137360256729
Training_All,O95197,RTN3,-0.28774732370302836,-1.2843966472167112,0.20821787385133578,0.7276501499170719
Training_All,O95202,LETM1,0.41789080916291255,2.635207578450494,0.011644161491359098,0.4203094446015582
Training_All,O95210,STBD1,0.06792740312688039,0.46088296885409924,0.6472040423057548,0.9280324726320343
Training_All,O95278,EPM2A,0.08230676852448582,0.36924498186258137,0.7140486830730559,0.9401456325061941
Training_All,O95292,VAPB,-0.03918991317458875,-0.21774912015536366,0.8286540858196031,0.9568083416436597
Training_All,O95298,NDUFC2,0.13755017689714677,0.7342161449050483,0.4667999568354876,0.8803351820729671
Training_All,O95299,NDUFA10,0.07578556638865486,0.5068238289802655,0.6148663751185964,0.9262473403672596
Training_All,O95336,PGLS,-0.0011373085498380675,-0.007367134821290724,0.9941559864696692,0.9957474848471554
Training_All,O95359,TACC2,0.3435086032168311,1.7850994104071176,0.08470168416479396,0.6137808236789436
Training_All,O95372,LYPLA2,0.21349025309663716,1.7677060486855938,0.08454782507615745,0.6137808236789436
Training_All,O95373,IPO7,-0.1453556367907165,-0.7322257537833596,0.46819385210486186,0.8803351820729671
Training_All,O95376,ARIH2,-0.20112664730339525,-0.6997385961535516,0.48884775600716746,0.8865447506276097
Training_All,O95433,AHSA1,-0.4619511677860366,-2.0332597711816622,0.048374086402751204,0.5404652391545477
Training_All,O95479,H6PD,0.27311888031618636,1.471734198505042,0.15149851413570925,0.6986081980893437
Training_All,O95563,MPC2,-0.059519867280384275,-0.38499153438585704,0.7021404875919277,0.9401456325061941
Training_All,O95571,ETHE1,0.07798051023923769,0.5193009443443909,0.6065608306712206,0.9205652449396506
Training_All,O95573,ACSL3,0.03223222533760861,0.3127993471808804,0.7559444140974569,0.9434314274966117
Training_All,O95747,OXSR1,-0.05236353192285392,-0.3337578366710622,0.7401836888025124,0.9401456325061941
Training_All,O95782,AP2A1,0.4175936894253365,2.703051228728543,0.010033883208207642,0.4113179315290408
Training_All,O95810,CAVIN2,-0.05150237924489609,-0.32508938663461423,0.7466890986096015,0.9406925428657849
Training_All,O95817,BAG3,0.13371928733642768,0.718228343276583,0.47649903828944273,0.8813317208894812
Training_All,O95822,MLYCD,-0.5348059885706409,-3.2929981993427044,0.0024225972767827446,0.4113179315290408
Training_All,O95831,AIFM1,0.19577653151620567,2.5043333883195205,0.016138215905137764,0.4561368122221056
Training_All,O95834,EML2,-0.009247068880531728,-0.06036632803493292,0.9521885752556887,0.9830429611890766
Training_All,O95861,BPNT1,-0.2290362505298429,-1.3157789669509266,0.19759091665801984,0.7160222432931638
Training_All,O95865,DDAH2,0.18287697841483563,0.911498716405462,0.3688437733937019,0.8509951091843132
Training_All,O95870,ABHD16A,-0.28057010207289235,-0.9283849096699277,0.3700973040178288,0.8509951091843132
Training_All,O95881,TXNDC12,0.032920077500067535,0.17871958302666408,0.8590825736437265,0.9665473949033128
Training_All,O95989,NUDT3,-0.19416742099733852,-1.1922275690746686,0.24002329165018393,0.7560544020436518
Training_All,O96000,NDUFB10,0.4189953165068445,2.209800516127621,0.03248991310869701,0.4975912747427498
Training_All,O96007,MOCS2,-0.20928554987895076,-0.5408705845861553,0.5960371329831804,0.9191055861004201
Training_All,O96008,TOMM40,0.6885552471916618,2.8637689143419225,0.006777919357517515,0.4113179315290408
Training_All,P00156,MT-CYB,-0.13776498941925652,-0.5298805233094671,0.6000919900323438,0.9191055861004201
Training_All,P00167,CYB5A,-0.016828055222212868,-0.07221592129201213,0.9429822799330663,0.9830429611890766
Training_All,P00325,ADH1B,-0.09846179805910893,-0.38520916526061577,0.7019804426981763,0.9401456325061941
Training_All,P00338,LDHA,0.018723336337933105,0.12032302084670224,0.9047874438857308,0.9732298178644796
Training_All,P00352,ALDH1A1,-0.02768866827826777,-0.15205691919652342,0.8798528981566683,0.9724265173157302
Training_All,P00367,GLUD1,0.28081577706735494,2.5552350998030917,0.01422978381346606,0.4557528330015297
Training_All,P00387,CYB5R3,0.09337750523378396,0.7602490207998405,0.4512521887354509,0.8803351820729671
Training_All,P00390,GSR,0.03855111160132019,0.3399378522224047,0.7355574599213442,0.9401456325061941
Training_All,P00395,MT-CO1,-0.5302339294572498,-1.7971530087898764,0.07986025308852843,0.6137808236789436
Training_All,P00403,MT-CO2,0.17551816397969944,0.9840783862607096,0.3305791276177791,0.8235094289983336
Training_All,P00441,SOD1,-0.017485013466904675,-0.11601910618246813,0.9081772715390742,0.974106241877086
Training_All,P00492,HPRT1,-0.07942729560511452,-0.35216804745094127,0.7264723234751691,0.9401456325061941
Training_All,P00505,GOT2,0.2080816386485047,1.912306215236582,0.06251011177561594,0.5719998961435014
Training_All,P00558,PGK1,0.0345587461178436,0.403645472200943,0.6884727800721029,0.9385035103487251
Training_All,P00568,AK1,-0.1280976536053906,-1.3785577654744974,0.17515779732964093,0.7160222432931638
Training_All,P00846,MT-ATP6,0.33970927431195896,1.001568783909929,0.3221521685942376,0.8193451938038548
Training_All,P00966,ASS1,-0.08127696685060926,-0.2789414858209134,0.7828924531880086,0.9518874603278461
Training_All,P01116,KRAS,-0.07538611547019336,-0.41651926605198764,0.6796462373540673,0.9357771074649516
Training_All,P01889,HLA-B,-0.19250267210857075,-0.7789787697360604,0.44428291617896465,0.8803351820729671
Training_All,P01903,HLA-DRA,0.28644317150206433,0.7223919928064712,0.48114913315190255,0.8813317208894812
Training_All,P02144,MB,-0.010074789266024453,-0.08303199614592648,0.9342112352728423,0.9830429611890766
Training_All,P02511,CRYAB,-0.12174864721312062,-0.9902303114470004,0.32759841120080746,0.8231622728566474
Training_All,P02545,LMNA,-0.1783223532280811,-0.6398307284115828,0.5256754898648925,0.8978097310977282
Training_All,P02585,TNNC2,-0.41225266584865494,-1.886902493668026,0.06593313309329747,0.5837570321515064
Training_All,P02786,TFRC,-0.07931125068450129,-0.2735937336884074,0.7865567459093763,0.9518874603278461
Training_All,P02792,FTL,0.14056148140922886,0.35830262795371054,0.7218690518813669,0.9401456325061941
Training_All,P02794,FTH1,0.04083466420322779,0.16196557115584198,0.8720912611166767,0.9691624020817063
Training_All,P03886,MT-ND1,-0.022877342199628004,-0.10028507650799677,0.9205838899676767,0.977492888724166
Training_All,P03891,MT-ND2,-0.21284247559972513,-0.9480461139962938,0.34840110986394635,0.8376732145336128
Training_All,P03897,MT-ND3,0.15573520892761294,0.5317435023220124,0.5976388932464971,0.9191055861004201
Training_All,P03905,MT-ND4,0.06789574782243157,0.34292144289209303,0.7333671477215337,0.9401456325061941
Training_All,P03915,MT-ND5,0.11873456981536279,0.5555823890458705,0.581374193026337,0.9169154217509196
Training_All,P03928,MT-ATP8,0.019291997071032796,0.07916954768014617,0.9373359478967599,0.9830429611890766
Training_All,P04075,ALDOA,-0.006375680749753698,-0.07857612194464404,0.9377341206022534,0.9830429611890766
Training_All,P04080,CSTB,-0.1954320188869687,-1.4936956818542162,0.14255372558523532,0.6862326130742955
Training_All,P04179,SOD2,-0.025609020253135384,-0.1712178826306216,0.8648552239665083,0.9665473949033128
Training_All,P04216,THY1,0.22049036814800438,0.3528353341063255,0.7274218924289033,0.9401456325061941
Training_All,P04406,GAPDH,-0.026550091791618158,-0.2967229474742454,0.7681058838180603,0.9486704606918532
Training_All,P04439,HLA-A,0.1413526462547665,0.5916815684465387,0.5571604119283211,0.9078039003380718
Training_All,P04632,CAPNS1,-0.17876802275989156,-1.3080834022259975,0.19779127907501198,0.7160222432931638
Training_All,P04792,HSPB1,0.19034228533161546,1.5550831108894094,0.12725271723938464,0.6753402755494013
Training_All,P04843,RPN1,-0.0531089611307376,-0.39339647043511494,0.6959695267202596,0.9401456325061941
Training_All,P04844,RPN2,-0.055390937965144715,-0.37487656697759864,0.7095939734208753,0.9401456325061941
Training_All,P04899,GNAI2,0.209940507687854,1.2502499740169648,0.21796612051599074,0.7355982431782018
Training_All,P04921,GYPC,-0.2284363890236989,-0.6078336992080942,0.5475847649296315,0.9050551908117838
Training_All,P05023,ATP1A1,0.17997893143530597,1.5546704389966204,0.12735097925104508,0.6753402755494013
Training_All,P05026,ATP1B1,0.11098501321332677,0.8335083580381513,0.4091619529536745,0.8797216330974194
Training_All,P05091,ALDH2,-0.04323257795559954,-0.18331458332595252,0.8554124109264601,0.9660704544578613
Training_All,P05141,SLC25A5,-0.2281875969146565,-1.04170733207552,0.3033661361098753,0.8134546249689084
Training_All,P05164,MPO,NA,NA,NA,NA
Training_All,P05165,PCCA,0.21844999210970428,1.1555137053128803,0.2549065527912875,0.772955734392967
Training_All,P05166,PCCB,0.1722255787736966,1.3656296438343298,0.17915297635902808,0.7160222432931638
Training_All,P05198,EIF2S1,-0.01953729249215641,-0.17878958441379963,0.8589422425937763,0.9665473949033128
Training_All,P05386,RPLP1,-0.23140586985283207,-0.9731994618943023,0.33589449533541427,0.8274734755105418
Training_All,P05387,RPLP2,0.09711976733118455,0.5744468341231441,0.5686571988101301,0.9133857413219694
Training_All,P05388,RPLP0,0.1334032680541899,0.7600930904343133,0.4513444043773174,0.8803351820729671
Training_All,P05413,FABP3,-0.12767130848084207,-0.9547446488573956,0.3450409282171717,0.8346807149407411
Training_All,P05455,SSB,-0.28500353796011346,-0.7481122427797456,0.46110070961035676,0.8803351820729671
Training_All,P05556,ITGB1,0.06446628994495107,0.4802793007032329,0.6334619491681681,0.9280324726320343
Training_All,P05976,MYL1,-0.2753462586982369,-0.9277168466263266,0.3587301936427164,0.8459002179238425
Training_All,P06132,UROD,-0.20161215646139397,-0.5444132880725336,0.5918856642647757,0.9169154217509196
Training_All,P06576,ATP5F1B,0.18128580854705056,2.4650078287705184,0.017768968643704638,0.4561368122221056
Training_All,P06703,S100A6,0.02777341523126431,0.06283101563257663,0.9501920814604855,0.9830429611890766
Training_All,P06730,EIF4E,-0.08022003678633283,-0.6603081904125032,0.5125761508918584,0.8906088164064927
Training_All,P06732,CKM,0.17364288013545526,1.9830347689642103,0.05377081214808639,0.5609760381397065
Training_All,P06733,ENO1,-0.06354155594831212,-0.73093716051406,0.4687798814246128,0.8803351820729671
Training_All,P06737,PYGL,0.26518460600393823,0.6279576599844117,0.5333510455724234,0.9043005603850937
Training_All,P06744,GPI,-0.06922783802454013,-0.7813866884582692,0.4388540986725973,0.8803351820729671
Training_All,P06748,NPM1,-0.22143898360879533,-1.3223937990674652,0.19302440680268695,0.7160222432931638
Training_All,P06753,TPM3,-0.1940582000317832,-0.5802879642318239,0.5647476258857616,0.9126176460550086
Training_All,P07099,EPHX1,0.16669525645832017,0.9607722135267082,0.342035671444858,0.8326860639455232
Training_All,P07108,DBI,-0.07584612660054368,-0.33265877199882904,0.7410074509866816,0.9401456325061941
Training_All,P07195,LDHB,0.030812685130921835,0.1770975976133208,0.8602628708043414,0.9665473949033128
Training_All,P07203,GPX1,-0.04139199282033701,-0.32183473140326346,0.749136481641268,0.9411841874435476
Training_All,P07205,PGK2,-0.3517367186693452,-1.307803173058216,0.19922523203892745,0.7160222432931638
Training_All,P07237,P4HB,-0.056038823287131834,-0.5508670764266307,0.584574290714261,0.9169154217509196
Training_All,P07305,H1-0,-0.10980549988877186,-0.26235098990859496,0.794396574583798,0.9528105772667944
Training_All,P07355,ANXA2,-0.009327695754482335,-0.04740129142722386,0.9624127630305052,0.9851896770012591
Training_All,P07384,CAPN1,-0.0049891408586901775,-0.06013535484979785,0.9523263144186448,0.9830429611890766
Training_All,P07437,TUBB,0.12270036228095904,0.8372802455605792,0.4070622706994689,0.8792357676673224
Training_All,P07451,CA3,-0.039816680553180106,-0.22842533895358916,0.8203978837261452,0.9568083416436597
Training_All,P07585,DCN,0.003244982834724297,0.01803390908382276,0.9856951797856356,0.9917094133294724
Training_All,P07602,PSAP,-0.08165634132373434,-0.4957995880476839,0.6225591965503434,0.9280324726320343
Training_All,P07737,PFN1,0.03636835810511663,0.2965512853716455,0.7682360683279792,0.9486704606918532
Training_All,P07741,APRT,-0.01949326166389298,-0.11270590053434855,0.9107879850372749,0.975032631511447
Training_All,P07814,EPRS1,0.13978756393946945,1.585513555531732,0.12017358958065429,0.669270028256696
Training_All,P07900,HSP90AA1,0.13309718006341065,1.204610473494808,0.23493883333512466,0.7486930223599814
Training_All,P07910,HNRNPC,-0.2755354352952146,-0.6067676084472118,0.5487228594266436,0.9050551908117838
Training_All,P07919,UQCRH,0.34743913703640494,2.043468714048522,0.047308709596108195,0.5400453102273056
Training_All,P07951,TPM2,-0.1428587975103639,-0.451930918006844,0.653589101733089,0.9302666636327549
Training_All,P07954,FH,0.09805568009491594,1.3541994965497852,0.18274333490780179,0.7160222432931638
Training_All,P08123,COL1A2,-0.7353534533963622,-0.8693638015094068,0.39607928350871746,0.8722570635038145
Training_All,P08133,ANXA6,0.03703910952490652,0.4584183798803814,0.6489592597729239,0.9280324726320343
Training_All,P08237,PFKM,0.019288654267230143,0.23922128770984058,0.8120699935028256,0.9568083416436597
Training_All,P08238,HSP90AB1,0.08469112093145093,0.8793141777767163,0.3841161117001781,0.8644372257784086
Training_All,P08311,CTSG,NA,NA,NA,NA
Training_All,P08473,MME,-0.093750209359313,-0.2819571952472903,0.7804954436705279,0.9518874603278461
Training_All,P08559,PDHA1,0.19895427396381926,1.8233820888505723,0.07519820439219438,0.6046506577057489
Training_All,P08572,COL4A2,0.031059862738210597,0.07517841856918366,0.940606900214662,0.9830429611890766
Training_All,P08574,CYC1,-0.04977699609624331,-0.3455933207186261,0.7313325737398986,0.9401456325061941
Training_All,P08590,MYL3,-0.12315524863507576,-0.37291800371721623,0.7110405515562075,0.9401456325061941
Training_All,P08670,VIM,-0.021578361192807094,-0.07678145563835796,0.939153373004876,0.9830429611890766
Training_All,P08708,RPS17,-0.18266002239213996,-0.7246721821641123,0.47266907234286737,0.8810326204444509
Training_All,P08758,ANXA5,0.019267294837300497,0.13806337870712376,0.8908345154955254,0.9724265173157302
Training_All,P08865,RPSA,0.1372941986003653,0.7015065330591026,0.48676457575799226,0.8861853624614466
Training_All,P08962,CD63,0.015751470454308247,0.04731927264698549,0.9626200679916406,0.9851896770012591
Training_All,P09104,ENO2,0.005675036591744842,0.01967150176782421,0.9843963761918757,0.9917094133294724
Training_All,P09110,ACAA1,-0.043291925534685305,-0.2280437108923942,0.8208030152128476,0.9568083416436597
Training_All,P09211,GSTP1,-0.10772737885628736,-1.1834411964466853,0.24313253010720637,0.7564433149048576
Training_All,P09417,QDPR,-0.08685350020994598,-0.8691468568063416,0.38958998689319313,0.868004127156954
Training_All,P09429,HMGB1,-0.14378749882615338,-0.9013683201214143,0.3724110684754611,0.8509951091843132
Training_All,P09467,FBP1,0.21900143675498107,0.6191119545593569,0.5391847657988518,0.9050551908117838
Training_All,P09488,GSTM1,-0.35858822395868195,-0.6121858939879166,0.5438773977789266,0.9050551908117838
Training_All,P09493,TPM1,-0.4412504703054818,-1.583224024718462,0.12069486871991818,0.669270028256696
Training_All,P09497,CLTB,-0.15975380362730363,-0.6122835810728203,0.5449600817099494,0.9050551908117838
Training_All,P09525,ANXA4,-0.05367852549387919,-0.3196972160219865,0.7507452417972607,0.9421250489833154
Training_All,P09622,DLD,-0.03837639312270902,-0.4423250826305548,0.6604697824063421,0.931729205874169
Training_All,P09651,HNRNPA1,0.004992315102564149,0.02402372711577113,0.9809474024168756,0.9917094133294724
Training_All,P09669,COX6C,0.1618648487243597,0.8501265106467553,0.399961246291346,0.8739549002198561
Training_All,P09874,PARP1,0.11717242336637668,0.4047996612114754,0.6901406652019846,0.9385035103487251
Training_All,P09936,UCHL1,-0.02028293654906932,-0.0709460961432131,0.9437694327323243,0.9830429611890766
Training_All,P09960,LTA4H,-0.020494356637499322,-0.20172383352736828,0.8410834434234328,0.96205178667668
Training_All,P09972,ALDOC,0.07071918328976423,0.40024637929657353,0.6910025846041226,0.9385035103487251
Training_All,P0CG29,GSTT2,-0.3937889516401114,-1.0794792298148714,0.29109393760202584,0.8013256058681569
Training_All,P0CG38,POTEI,-0.45698572825058825,-1.1924568045084945,0.24047121897712315,0.7560544020436518
Training_All,P0CW19,LIMS3,0.7261052574579239,2.5346995612240857,0.01670306497717687,0.4561368122221056
Training_All,P0DMV8,HSPA1A,0.021131093841605164,0.2351980810398345,0.8151709402170348,0.9568083416436597
Training_All,P0DP23,CALM1,-0.10394232044734508,-0.774056658928526,0.4431303511178848,0.8803351820729671
Training_All,P0DPH7,TUBA3C,-0.09947124292266629,-0.5436205446126594,0.5899614024872067,0.9169154217509196
Training_All,P10155,RO60,-0.19634865510184163,-0.32667837459414384,0.7467404842141818,0.9406925428657849
Training_All,P10253,GAA,0.1852160145045456,0.7311078717802848,0.46886896950114676,0.8803351820729671
Training_All,P10301,RRAS,-0.033958746492155356,-0.19225308968568208,0.848448580957257,0.9631556476633009
Training_All,P10321,HLA-C,-0.4727295808597116,-1.3571508366520533,0.19779124487457275,0.7160222432931638
Training_All,P10412,H1-4,-0.29535125189756783,-0.9373856234413139,0.35379296597711696,0.8400533922250765
Training_All,P10515,DLAT,0.23334449686554137,2.40980441230838,0.020310517748125707,0.4596640989779956
Training_All,P10599,TXN,-0.08320193580475177,-0.5595359818652048,0.5786975984341229,0.9169154217509196
Training_All,P10606,COX5B,0.29033965189994326,1.5735098269252883,0.12292699742304247,0.669270028256696
Training_All,P10636,MAPT,-0.099249293508203,-0.6716594175503074,0.5053913991533892,0.8906088164064927
Training_All,P10644,PRKAR1A,-0.03511553755797969,-0.329504204033042,0.743373542117537,0.9401456325061941
Training_All,P10768,ESD,-0.27399867468824723,-2.284089849439869,0.027361603455756913,0.47859070889526006
Training_All,P10809,HSPD1,0.16428483219860546,1.686283769469832,0.09898115702400784,0.626412971410905
Training_All,P10916,MYL2,-0.2857050078710657,-0.856629814801806,0.39639599103290024,0.8722570635038145
Training_All,P11021,HSPA5,0.040690093608013456,0.3650208411277059,0.7168842156844222,0.9401456325061941
Training_All,P11047,LAMC1,-0.5016963861114725,-1.7994931235254072,0.08081540499779993,0.6137808236789436
Training_All,P11055,MYH3,-0.9924789899649369,-2.7249361986169176,0.010473394582999809,0.4113179315290408
Training_All,P11142,HSPA8,0.04326656186021971,0.5171941035602234,0.6076696788142986,0.9205652449396506
Training_All,P11177,PDHB,0.16691173167667905,1.9220691073588758,0.06123567370435631,0.5719998961435014
Training_All,P11182,DBT,-0.14324013406235458,-0.7911962058857763,0.43338042081413364,0.8803351820729671
Training_All,P11216,PYGB,0.16694699424746418,1.2946175167822926,0.20235776168789232,0.7218675936157259
Training_All,P11217,PYGM,0.10532362597321132,1.297337266516789,0.2014291002299177,0.7201569926315343
Training_All,P11233,RALA,0.06842673703510371,0.5545005659929643,0.5821756875483437,0.9169154217509196
Training_All,P11279,LAMP1,-0.9407950410910679,-1.7033903140649074,0.1032351121315458,0.6332428283363121
Training_All,P11310,ACADM,0.06134761042684289,0.5164976391612783,0.6081517867475582,0.9205652449396506
Training_All,P11532,DMD,-0.004383943807319213,-0.04053385025770309,0.9678550465885534,0.9873173491558231
Training_All,P11586,MTHFD1,-0.053135404420931565,-0.5528142860322202,0.5832517680551517,0.9169154217509196
Training_All,P11766,ADH5,0.07030027996651356,0.5954353956032004,0.5546719685288866,0.9070982482101263
Training_All,P11940,PABPC1,0.03667063205839938,0.2722654319147775,0.786720410511536,0.9518874603278461
Training_All,P12081,HARS1,0.05119542264822741,0.47976734433542645,0.6339410397061402,0.9280324726320343
Training_All,P12109,COL6A1,-0.17554627951424173,-0.4561854686304904,0.6511554429709052,0.9280324726320343
Training_All,P12110,COL6A2,-1.2027878713884554,-2.9433098037395315,0.007093490727207956,0.4113179315290408
Training_All,P12111,COL6A3,-0.0971001898065662,-0.34169819248941125,0.734241512529833,0.9401456325061941
Training_All,P12235,SLC25A4,0.24361456475843468,2.1103172795745118,0.04068352061548651,0.5266411599673667
Training_All,P12236,SLC25A6,0.24629402040505255,1.966949724107834,0.055659783736811845,0.5623574098665551
Training_All,P12268,IMPDH2,-0.1565299569652545,-1.2835220079011702,0.2061798127604045,0.7276501499170719
Training_All,P12277,CKB,0.2931263288223924,2.3931244004771415,0.021140630240843894,0.4614065460705115
Training_All,P12429,ANXA3,-0.190913542705756,-0.8691190960974405,0.3898388274871136,0.868004127156954
Training_All,P12532,CKMT1A,0.27649023834862163,1.6656475412240215,0.10305003855670034,0.6332428283363121
Training_All,P12694,BCKDHA,0.2909176296926388,1.3751896480540309,0.1786181914330502,0.7160222432931638
Training_All,P12814,ACTN1,-0.2267068703924071,-0.38024841202182413,0.7056319467053641,0.9401456325061941
Training_All,P12829,MYL4,-0.4110826077386509,-1.2083141503276846,0.2336823863765482,0.7481604394945669
Training_All,P12882,MYH1,-0.3661496853628776,-0.8854712042946467,0.3808250960346189,0.861806717922229
Training_All,P12883,MYH7,-0.07917045659845812,-0.22098488620458193,0.826149666191469,0.9568083416436597
Training_All,P12955,PEPD,-0.012710144574883842,-0.0707219661745759,0.9439712553236019,0.9830429611890766
Training_All,P12956,XRCC6,0.03915093709056805,0.2352908748495496,0.815279640461061,0.9568083416436597
Training_All,P13010,XRCC5,0.02409777925964285,0.11869261531955452,0.9060713679020014,0.9736064598380503
Training_All,P13073,COX4I1,0.10008042905257497,0.6405160597652221,0.525234236566463,0.8978097310977282
Training_All,P13164,IFITM1,0.5701378651341589,0.9476146712924685,0.3552096410529689,0.841828909414675
Training_All,P13473,LAMP2,0.07947102356150815,0.385895833901814,0.7015679423537533,0.9401456325061941
Training_All,P13489,RNH1,-0.12514103037309532,-1.3492510742477013,0.18431472135080343,0.7160222432931638
Training_All,P13533,MYH6,-0.9307478401356732,-2.4767326197210866,0.023398317962167937,0.467112422271881
Training_All,P13535,MYH8,-0.6412877909714405,-1.401693820023068,0.17006423927730147,0.7142240298926285
Training_All,P13637,ATP1A3,0.27692332093513095,1.2719658957964526,0.2111101183636301,0.7284941887453982
Training_All,P13639,EEF2,-0.07765903489258719,-0.8627256823663363,0.3930721939879469,0.8700430520228495
Training_All,P13667,PDIA4,0.31681715144543343,1.0921918618993005,0.2826533255604845,0.8013256058681569
Training_All,P13693,TPT1,0.0830524801040653,0.6952879883014568,0.4906134829629868,0.8865447506276097
Training_All,P13797,PLS3,0.2781107782630219,1.2726590799623896,0.2108665373415858,0.7284941887453982
Training_All,P13798,APEH,-0.07225913263182271,-0.8395129582485134,0.4058225351950685,0.8775678554851883
Training_All,P13804,ETFA,0.16691851130680746,1.960324603034655,0.05645429895609722,0.5623574098665551
Training_All,P13805,TNNT1,-0.13438854639534448,-0.38861311944565236,0.6994789727110212,0.9401456325061941
Training_All,P13807,GYS1,0.18291017365640094,1.8640656526946406,0.06914551336790473,0.6000091999590342
Training_All,P13861,PRKAR2A,-0.19167356600703833,-2.019061437282897,0.049739962092956065,0.5491876991086972
Training_All,P13929,ENO3,-0.124808363060529,-1.0932513173437102,0.2803673328051019,0.7985576383538335
Training_All,P13987,CD59,-0.28662208846079196,-1.326954390047231,0.19168928869472182,0.7160222432931638
Training_All,P14314,PRKCSH,-0.008497065665334702,-0.06850735580559575,0.945699186328153,0.9830429611890766
Training_All,P14324,FDPS,-0.05814056959437863,-0.5579775528957012,0.5797519438650418,0.9169154217509196
Training_All,P14406,COX7A2,0.23705147660789372,1.4584566475829974,0.15197716677912293,0.6986081980893437
Training_All,P14543,NID1,0.3035567630049183,0.6617569980945127,0.5164997781808103,0.8917974083237864
Training_All,P14550,AKR1A1,0.020540174321464377,0.1376620832829425,0.8911497681066782,0.9724265173157302
Training_All,P14618,PKM,0.06720309324918894,0.719126186335529,0.4759513447479773,0.8813317208894812
Training_All,P14621,ACYP2,-0.0493444601930868,-0.3500804131965061,0.7279864991993767,0.9401456325061941
Training_All,P14625,HSP90B1,-0.03787369246132144,-0.26390655910183153,0.7931119770703974,0.9528105772667944
Training_All,P14649,MYL6B,-0.18509918161065642,-0.589149780946538,0.558841927682331,0.9089655964122489
Training_All,P14678,SNRPB,-0.024054733512290483,-0.1118865324584545,0.9116581077797493,0.975032631511447
Training_All,P14735,IDE,-0.005315755759891516,-0.05246292772386137,0.9584026823115901,0.9840929073844938
Training_All,P14854,COX6B1,0.3715798784567159,1.9872807674591144,0.05328151391019066,0.5609760381397065
Training_All,P14866,HNRNPL,-0.5170199131066067,-1.3182049433087222,0.19986706175394997,0.7160222432931638
Training_All,P14868,DARS1,0.1776660433624322,1.1190021337459877,0.2693482325705712,0.7836065599371286
Training_All,P14923,JUP,0.43215061193227733,1.7226568715275812,0.09430521706395137,0.6209905438690795
Training_All,P14927,UQCRB,0.038253199374953084,0.3555521251452555,0.7239134405163827,0.9401456325061941
Training_All,P15090,FABP4,-0.14807570778858548,-1.1845499857688506,0.24269826965739122,0.7564433149048576
Training_All,P15104,GLUL,0.3916896226553277,2.5017768659075608,0.017038099418934673,0.4561368122221056
Training_All,P15121,AKR1B1,-0.1393014403170607,-0.7824401802852091,0.43824152722034826,0.8803351820729671
Training_All,P15170,GSPT1,0.09098582737206584,0.6681755985332245,0.5076751786619327,0.8906088164064927
Training_All,P15259,PGAM2,0.043962519147616064,0.4463547704654226,0.6575796449984619,0.9302666636327549
Training_All,P15311,EZR,0.3250972726933181,0.6998678493884262,0.49073253750124457,0.8865447506276097
Training_All,P15374,UCHL3,-0.018391670017798845,-0.17024106351061755,0.8656186312373302,0.9665473949033128
Training_All,P15531,NME1,0.16357467966885686,0.7292422200184955,0.46980520784315005,0.8803351820729671
Training_All,P15880,RPS2,-0.03409910991507026,-0.22431464815203514,0.8235744060064725,0.9568083416436597
Training_All,P15927,RPA2,-0.2903307658994594,-1.5515263251899956,0.13161347031334372,0.678656325440266
Training_All,P15954,COX7C,0.023425861974464723,0.1460735179512323,0.8845456556169835,0.9724265173157302
Training_All,P16083,NQO2,0.21012990957198951,0.3953387376934489,0.6952143626382885,0.9401456325061941
Training_All,P16118,PFKFB1,0.18209715452298347,1.2629790476878682,0.21518421263161727,0.7330322452078868
Training_All,P16152,CBR1,0.15611098512422572,1.13052697708647,0.2645175474596099,0.7797930995694469
Training_All,P16219,ACADS,-0.05863343817724598,-0.2781529746845108,0.7822274163331884,0.9518874603278461
Training_All,P16298,PPP3CB,-0.09314788122221884,-0.7293798984617951,0.4697218736831882,0.8803351820729671
Training_All,P16401,H1-5,NA,NA,NA,NA
Training_All,P16615,ATP2A2,-0.09201569258270759,-0.7909221980518086,0.4333280831719615,0.8803351820729671
Training_All,P16671,CD36,-0.22751579972844027,-1.0046496369174522,0.3208158274539272,0.8193451938038548
Training_All,P16930,FAH,-0.10646126528889077,-0.7654654516864152,0.44827256992137876,0.8803351820729671
Training_All,P16989,YBX3,0.01654222545938744,0.1383322599472622,0.8906232957845895,0.9724265173157302
Training_All,P17152,TMEM11,0.1601577861086092,1.011168612604638,0.3175891281847008,0.8188390022014883
Training_All,P17174,GOT1,-0.08536483299991104,-1.023982018995524,0.3115672351899949,0.816239843909572
Training_All,P17540,CKMT2,0.3093150387793564,2.383504313065111,0.021633185428614962,0.4614260119262532
Training_All,P17568,NDUFB7,0.23983533257461076,1.3044750656816484,0.1990071977173352,0.7160222432931638
Training_All,P17612,PRKACA,-0.19084399135258856,-1.522088290178041,0.13530392560662763,0.6859831494142767
Training_All,P17655,CAPN2,0.23356948973794012,1.4410089581437198,0.1568213117182554,0.7025145634729484
Training_All,P17661,DES,-0.22999550251451417,-0.6238044358181896,0.5360497544264771,0.9050551908117838
Training_All,P17812,CTPS1,-0.04832998356488183,-0.08764763312391516,0.9309488693043668,0.9830429611890766
Training_All,P17858,PFKL,0.05435903285325594,0.27240075285117765,0.7866170590397651,0.9518874603278461
Training_All,P17980,PSMC3,-0.16439570861160746,-1.5015263601572573,0.14052405198408685,0.6862326130742955
Training_All,P17987,TCP1,0.06793836444949797,0.5181421878204172,0.6070136778994597,0.9205652449396506
Training_All,P18031,PTPN1,-0.5158488070464848,-1.4319996744458967,0.16926003495612352,0.7142240298926285
Training_All,P18085,ARF4,0.21321223844483406,1.497708284388309,0.14151078683503615,0.6862326130742955
Training_All,P18124,RPL7,-0.00394780262372052,-0.020627920745146112,0.9836378430341725,0.9917094133294724
Training_All,P18206,VCL,-0.06787424900052841,-0.7521771746927317,0.4560402784390394,0.8803351820729671
Training_All,P18621,RPL17,-0.038630053124084185,-0.1346537120673927,0.8936791381830765,0.9724265173157302
Training_All,P18669,PGAM1,-0.12788822018810286,-1.3331929080854619,0.1894853850261309,0.7160222432931638
Training_All,P18859,ATP5PF,-0.12347671088782342,-1.0420731101347747,0.3031984770747628,0.8134546249689084
Training_All,P19237,TNNI1,-0.42090281733179147,-1.2899628694194873,0.2039545836382438,0.7250430937291357
Training_All,P19338,NCL,-0.24497161242321752,-1.6855780080746843,0.09911808871019648,0.626412971410905
Training_All,P19367,HK1,0.20030803487303395,2.2237063663908203,0.03146957544623592,0.4975912747427498
Training_All,P19404,NDUFV2,0.10469052937476953,0.8030872264130599,0.4263390193734393,0.8803351820729671
Training_All,P19623,SRM,0.10092508981376191,0.3303543186353397,0.7429945119990766,0.9401456325061941
Training_All,P19971,TYMP,-0.23472318316166962,-0.5207798835874157,0.6092285610310779,0.9209347013763677
Training_All,P20042,EIF2S2,0.23176365874269145,1.0239830430557075,0.3115667570490436,0.816239843909572
Training_All,P20073,ANXA7,-0.16902138698394964,-2.0743149115977406,0.04406781483480896,0.531235031159426
Training_All,P20340,RAB6A,0.0800557336240697,0.47141315603829675,0.6397276668756677,0.9280324726320343
Training_All,P20472,PVALB,-0.06468755343290589,-0.10759639253080855,0.9152094795814645,0.9766049989621426
Training_All,P20618,PSMB1,-0.017220787764330225,-0.17686181334775836,0.8604469371661538,0.9665473949033128
Training_All,P20674,COX5A,0.3788374725289536,2.7427331447233594,0.008845643299656336,0.4113179315290408
Training_All,P20774,OGN,-0.23457421140255086,-0.9035963246308721,0.3714853437652358,0.8509951091843132
Training_All,P20807,CAPN3,0.02792821090131703,0.12725564667609943,0.899331005672182,0.972607805458062
Training_All,P20810,CAST,-0.1218624471462082,-0.790390949576957,0.43363485224058773,0.8803351820729671
Training_All,P20929,NEB,-0.3457308618092405,-0.8477999380214454,0.4012415577478622,0.8757330277822528
Training_All,P20962,PTMS,NA,NA,NA,NA
Training_All,P21266,GSTM3,-0.21505659548334854,-1.1195448912927715,0.26911933621149614,0.7836065599371286
Training_All,P21281,ATP6V1B2,0.024799419543199974,0.1972346629039456,0.8445948296178332,0.9631556476633009
Training_All,P21291,CSRP1,0.35806388515575804,0.9165044486890117,0.3651791790661447,0.8509951091843132
Training_All,P21333,FLNA,-0.23511245499428668,-1.508247942370712,0.13880025771346508,0.6862326130742955
Training_All,P21397,MAOA,0.12719060595935616,0.6899948409381828,0.4939906978576767,0.8867807526574262
Training_All,P21399,ACO1,-0.11484860891185278,-0.7887111171819436,0.4346057252466057,0.8803351820729671
Training_All,P21695,GPD1,-0.16559764865358595,-1.346289485977859,0.18526012346955006,0.7160222432931638
Training_All,P21796,VDAC1,0.1043660282925778,1.0268511243124623,0.310229594377563,0.8160620401706609
Training_All,P21817,RYR1,0.003609049071659598,0.03643196695619602,0.9711064477347952,0.9879392186139303
Training_All,P21912,SDHB,0.07231747168200187,0.7666830151255402,0.4474568229556244,0.8803351820729671
Training_All,P21926,CD9,0.3392508272613366,0.5935752316719783,0.5583445711977233,0.9089442845950794
Training_All,P21953,BCKDHB,0.0762603706447127,0.20528199088828022,0.8385751380345081,0.9608258227927527
Training_All,P21964,COMT,0.1762845562160411,1.3056587507712252,0.19860770385293472,0.7160222432931638
Training_All,P21980,TGM2,-0.150414935295629,-0.8179661429139101,0.41788392515699435,0.8803351820729671
Training_All,P22033,MMUT,0.14648661284460474,1.2097714620780327,0.23312845310111455,0.7480036008047727
Training_All,P22059,OSBP,0.206578108699496,1.2570434864672013,0.21568004922247277,0.7333903123017779
Training_All,P22061,PCMT1,-0.08935375770714948,-1.1166885369773365,0.27032549355337065,0.7842364009268573
Training_All,P22102,GART,-0.5390638651670479,-3.0683592253631504,0.004137097713262449,0.4113179315290408
Training_All,P22234,PAICS,0.08942551510644314,0.8084872906849183,0.42325850106237106,0.8803351820729671
Training_All,P22307,SCP2,0.1169241443496265,0.49191176194556663,0.6257662118158169,0.9280324726320343
Training_All,P22314,UBA1,-0.15388793792755706,-1.4431915649998164,0.1562087841008121,0.7025145634729484
Training_All,P22392,NME2,0.0435186281593829,0.3501469325607561,0.7279369351349902,0.9401456325061941
Training_All,P22570,FDXR,0.40992600355456865,1.502871754837604,0.14331914357590267,0.6862326130742955
Training_All,P22626,HNRNPA2B1,-0.026338416601680237,-0.11204599025113676,0.9113080959462403,0.975032631511447
Training_All,P22695,UQCRC2,0.22215108850120302,2.168859737296328,0.03566618215723788,0.5033490519483872
Training_All,P22830,FECH,-0.054580400160546105,-0.33916274311935013,0.7361371500634011,0.9401456325061941
Training_All,P23109,AMPD1,-0.26026171860608116,-1.207075590101503,0.23399800530296821,0.7481604394945669
Training_All,P23142,FBLN1,-0.12219639340910504,-0.4816316341084358,0.6332442499464348,0.9280324726320343
Training_All,P23246,SFPQ,-0.36213115996729606,-1.0018898690395983,0.326382791349797,0.8230897876311303
Training_All,P23297,S100A1,-0.04279884741248807,-0.13215555679034233,0.8954774031085551,0.9725638614789661
Training_All,P23327,HRC,-0.43429479517119596,-3.0810305046201614,0.003589966035772147,0.4113179315290408
Training_All,P23368,ME2,0.3515791440492073,1.5757417385028103,0.12258486889009224,0.669270028256696
Training_All,P23381,WARS1,-0.0843745014472983,-0.6820264766717702,0.4988778403889662,0.8901080859411498
Training_All,P23396,RPS3,0.0953912683283189,0.7725455281603258,0.4440149827314247,0.8803351820729671
Training_All,P23434,GCSH,0.0974335432625395,0.6224631374114943,0.536922829960206,0.9050551908117838
Training_All,P23526,AHCY,-0.09762069221449643,-0.9408208211806001,0.35204958192419744,0.8400533922250765
Training_All,P23528,CFL1,-0.21613264949172084,-1.7960910957074891,0.07950460589183114,0.6137808236789436
Training_All,P23634,ATP2B4,-0.37617490208890647,-1.8278772019843375,0.07752190619548129,0.6137808236789436
Training_All,P23786,CPT2,0.05740396134539161,0.40190919499962,0.6897405980018179,0.9385035103487251
Training_All,P24043,LAMA2,-0.031277149681134375,-0.13145807462757012,0.8961444399549774,0.9725638614789661
Training_All,P24298,GPT,-0.09290585274593433,-0.679075527221825,0.5007271896613527,0.8906088164064927
Training_All,P24310,COX7A1,0.060187058714760155,0.33014300186747747,0.742894206808042,0.9401456325061941
Training_All,P24534,EEF1B2,-0.0232405454311575,-0.15750516401978096,0.8755836537077734,0.9713182730552545
Training_All,P24539,ATP5PB,0.03503601282567992,0.4711948094920076,0.6398823113483743,0.9280324726320343
Training_All,P24666,ACP1,-0.17062465297477125,-1.2375487525416837,0.22259529271258582,0.7395469605561165
Training_All,P24752,ACAT1,0.04405570306387929,0.4079135016763068,0.6853601487079861,0.9376246349306778
Training_All,P25325,MPST,-0.26165763682674914,-2.09628214741152,0.04197475310685095,0.528769205245364
Training_All,P25398,RPS12,0.3606942106843469,2.6810264671474404,0.01036463626215423,0.4113179315290408
Training_All,P25685,DNAJB1,-0.32276529436604307,-0.9725848765785992,0.33938593480306833,0.831628459040939
Training_All,P25705,ATP5F1A,0.20496351761193665,2.524485701730765,0.015356396451912393,0.4561368122221056
Training_All,P25786,PSMA1,-0.025955853526250294,-0.259940543015789,0.7961496396552572,0.9530439245107895
Training_All,P25787,PSMA2,-0.3191306473397635,-1.9195928332755845,0.0615567978663248,0.5719998961435014
Training_All,P25788,PSMA3,0.08115504329249923,0.7089536707425317,0.48217755160661213,0.8813317208894812
Training_All,P25789,PSMA4,-0.16568458216574733,-1.5119799446183688,0.13785046405068319,0.6862326130742955
Training_All,P26038,MSN,0.04031394962452772,0.2956388007763694,0.7689281887427574,0.9489008614530937
Training_All,P26196,DDX6,-0.4069314921471161,-1.8512109757415685,0.0725869611775208,0.6046506577057489
Training_All,P26373,RPL13,-0.010218436402489317,-0.0429913063746803,0.965933445659866,0.9864785581570434
Training_All,P26440,IVD,0.06241763960865576,0.3515724986002658,0.7268750188920228,0.9401456325061941
Training_All,P26599,PTBP1,-0.5334260131553172,-1.4591683816224783,0.1564856296788803,0.7025145634729484
Training_All,P26639,TARS1,0.4586068558395926,1.853343677047642,0.0727861372065835,0.6046506577057489
Training_All,P26640,VARS1,0.08195963487327873,0.4732682528430675,0.638530646948048,0.9280324726320343
Training_All,P26641,EEF1G,-0.04307752467063608,-0.41185213434813117,0.682492638356666,0.9357771074649516
Training_All,P26678,PLN,0.5283412198291746,1.7661710210257333,0.08463136737635421,0.6137808236789436
Training_All,P26885,FKBP2,0.32010980168666947,1.2828824547381248,0.20656416855908333,0.7276501499170719
Training_All,P27338,MAOB,0.14254574995737457,0.8509765189086077,0.3994941221516124,0.8739549002198561
Training_All,P27348,YWHAQ,0.2152548478337586,1.2692032157049877,0.21208301072007796,0.7284941887453982
Training_All,P27635,RPL10,0.08303825141867271,0.31883175801617,0.7522185536338716,0.9431624750639793
Training_All,P27695,APEX1,0.13489743659183695,0.7039651178957099,0.4852475299327591,0.8851405380794838
Training_All,P27797,CALR,0.22692303288667404,1.507879583325198,0.13889428722232738,0.6862326130742955
Training_All,P27816,MAP4,0.034434621420366796,0.2898100297295056,0.7733537938453752,0.9508050139729914
Training_All,P27824,CANX,-0.02148264034099512,-0.21898599803916466,0.8276965521234934,0.9568083416436597
Training_All,P28066,PSMA5,-0.10498056726359373,-1.3043778379477997,0.19904003908941006,0.7160222432931638
Training_All,P28070,PSMB4,-0.06543153864432938,-0.5199941148423968,0.6057332331481375,0.9205652449396506
Training_All,P28072,PSMB6,-0.1718432267501253,-0.9291675066943773,0.35798658743431,0.8459002179238425
Training_All,P28074,PSMB5,-0.13294350635134577,-1.3996333936058452,0.1687928062968171,0.7142240298926285
Training_All,P28161,GSTM2,-0.2476407735560624,-1.798344240416614,0.07914137433692575,0.6137808236789436
Training_All,P28289,TMOD1,-0.2536501711803538,-0.8118177618452707,0.4223798647386816,0.8803351820729671
Training_All,P28331,NDUFS1,0.070371246242253,0.6144674301628117,0.542142693044094,0.9050551908117838
Training_All,P28482,MAPK1,-0.1411903028655903,-0.8602410884442413,0.3944248135689793,0.870982794198793
Training_All,P28838,LAP3,0.19354740173798213,1.1495515190502157,0.25667918613763296,0.7758242067316217
Training_All,P29144,TPP2,0.2200294604062627,1.4735085824362697,0.1482466237205719,0.6930798340681842
Training_All,P29218,IMPA1,-0.08842205771567357,-0.6131625384791604,0.5429970502988133,0.9050551908117838
Training_All,P29401,TKT,0.0974063821822373,0.23977572721327103,0.8118267540565778,0.9568083416436597
Training_All,P29692,EEF1D,0.02277939690099906,0.2699265849012005,0.7885073198220176,0.9528105772667944
Training_All,P29966,MARCKS,0.35129223075525395,0.6422058900211757,0.5280249525363829,0.9001842288018082
Training_All,P29972,AQP1,-0.14293917343654527,-0.6370325797933568,0.5278235077926527,0.9001842288018082
Training_All,P29992,GNA11,0.28698085654521677,1.3390981175276557,0.1899672849852366,0.7160222432931638
Training_All,P30038,ALDH4A1,0.1898853094488544,1.8495695882621108,0.07125292023763047,0.6046506577057489
Training_All,P30040,ERP29,0.3040486171313308,1.9213354938133,0.06148961302259726,0.5719998961435014
Training_All,P30041,PRDX6,-0.047461992114040896,-0.469038970955422,0.641410057798991,0.9280324726320343
Training_All,P30044,PRDX5,-0.02835157759753848,-0.29023586603806756,0.7730302091114448,0.9508050139729914
Training_All,P30046,DDT,-0.27075477080156674,-1.1196637438515542,0.2692161176986631,0.7836065599371286
Training_All,P30048,PRDX3,0.08697575781476807,0.7891372906774752,0.4343592918082312,0.8803351820729671
Training_All,P30049,ATP5F1D,-0.02932210591480633,-0.13680920227430052,0.891819839739348,0.9724265173157302
Training_All,P30050,RPL12,0.1377015547820406,0.629266743701401,0.5325807379327634,0.903846333724952
Training_All,P30084,ECHS1,0.05713451233173572,0.58509749950776,0.561538596572401,0.9114327942866146
Training_All,P30085,CMPK1,-0.383131461289123,-1.3209747747533565,0.193658296071919,0.7160222432931638
Training_All,P30086,PEBP1,0.014328013750045443,0.1502801062643076,0.8812459973465098,0.9724265173157302
Training_All,P30101,PDIA3,0.018302476529408196,0.11680517908867963,0.9075580176087797,0.974106241877086
Training_All,P30153,PPP2R1A,-0.12233028056059503,-0.8420306694497306,0.40442735534890506,0.8773841547882316
Training_All,P30405,PPIF,0.16384392255609903,1.506014049418966,0.13937127447564088,0.6862326130742955
Training_All,P30419,NMT1,-0.6526455765076751,-2.4769327859096943,0.018226031388736238,0.4561368122221056
Training_All,P30520,ADSS2,0.0890338617577342,0.35482934171269875,0.7244510088109624,0.9401456325061941
Training_All,P30533,LRPAP1,0.2059867373911466,0.7875359786493569,0.4361197200785647,0.8803351820729671
Training_All,P30536,TSPO,-0.11961849948319703,-0.4402578848183938,0.6619544405200325,0.931729205874169
Training_All,P30566,ADSL,-0.25618124672843656,-1.8774008677510847,0.06725389873959126,0.589885831468284
Training_All,P30613,PKLR,-0.38818121661345195,-1.1364543633764963,0.2650636858423879,0.7797930995694469
Training_All,P30622,CLIP1,-0.05246752281833622,-0.4699806772380836,0.6407425187592182,0.9280324726320343
Training_All,P30626,SRI,-0.004896899493246565,-0.017807817088534263,0.9858877956535166,0.9917094133294724
Training_All,P30711,GSTT1,-0.19923913856569797,-0.6621579412489149,0.5134780685230259,0.8906088164064927
Training_All,P30837,ALDH1B1,0.3961859581374263,1.731173617294976,0.09058762254714545,0.6209905438690795
Training_All,P31040,SDHA,0.13869619233021346,1.709591738572973,0.09454605281301307,0.6209905438690795
Training_All,P31146,CORO1A,NA,NA,NA,NA
Training_All,P31150,GDI1,-0.03748930344828061,-0.42786371809342705,0.6708846094536544,0.931729205874169
Training_All,P31153,MAT2A,0.19304914777774762,1.3772051456468042,0.17557254716395468,0.7160222432931638
Training_All,P31415,CASQ1,-0.09528213399930863,-0.9261394942037467,0.3595398821973794,0.846002217012827
Training_All,P31749,AKT1,-0.06469639155588958,-0.18644379415997148,0.8536001104216194,0.9657669724300059
Training_All,P31751,AKT2,0.3303044662033674,1.637853166993536,0.11155753757162679,0.6482770836592677
Training_All,P31930,UQCRC1,0.13771600601278955,1.632055509404222,0.1099671256369038,0.6482770836592677
Training_All,P31937,HIBADH,0.22069403521730102,2.1568388956048525,0.03664945083514441,0.5041101163904038
Training_All,P31939,ATIC,-0.15142216488648153,-1.144302520104634,0.2588249833121948,0.7785488680720988
Training_All,P31942,HNRNPH3,-0.11112889941457027,-0.4515564238530902,0.6543726089836317,0.9302666636327549
Training_All,P31943,HNRNPH1,-0.0431186725344066,-0.30995492405595776,0.758091709942929,0.9434314274966117
Training_All,P31946,YWHAB,-0.12189496621915019,-0.9078636987439753,0.3690077692953756,0.8509951091843132
Training_All,P31948,STIP1,0.033759791048558085,0.3700555633818647,0.7131566633639985,0.9401456325061941
Training_All,P31949,S100A11,-0.2256813659382857,-0.5488498584746826,0.5864036322063433,0.9169154217509196
Training_All,P32969,RPL9,-0.37775881268186495,-1.7203909927526686,0.09472106864727685,0.6209905438690795
Training_All,P33121,ACSL1,0.1298201421842009,1.3590015383618839,0.18122828022007437,0.7160222432931638
Training_All,P33176,KIF5B,0.1752813054856066,1.4372263598603432,0.15788732381329298,0.7029285602810104
Training_All,P34896,SHMT1,0.1312270345824853,0.7494800799590092,0.45806263052013707,0.8803351820729671
Training_All,P34897,SHMT2,0.14221083337422336,0.5488793970443356,0.5867806845902186,0.9169154217509196
Training_All,P34913,EPHX2,-0.08745032918944773,-0.3445797916175727,0.7331796904790396,0.9401456325061941
Training_All,P34932,HSPA4,0.1081365350920116,0.9828842436122,0.3311598099461813,0.8235094289983336
Training_All,P34949,MPI,0.020151904947347532,0.2201673150047963,0.826782278563509,0.9568083416436597
Training_All,P35052,GPC1,-1.1274187147862795,-2.967109555522686,0.01089012214962434,0.4113179315290408
Training_All,P35080,PFN2,-0.0368048852815015,-0.23514821186633333,0.8152093965520726,0.9568083416436597
Training_All,P35232,PHB,0.11378677802941617,1.2116861757619952,0.23224576898622495,0.7480036008047727
Training_All,P35237,SERPINB6,0.002301375156450902,0.012470312434962043,0.9901094057385176,0.9937442910602358
Training_All,P35241,RDX,-0.10834603545056432,-1.2516310730062978,0.21746710505345304,0.7355982431782018
Training_All,P35244,RPA3,-0.3952839349152537,-1.638704092118415,0.11106483356020495,0.6482770836592677
Training_All,P35268,RPL22,0.12115670569165005,0.6986241558931153,0.48854649186521004,0.8865447506276097
Training_All,P35270,SPR,-0.10741615764360368,-0.46558523755391307,0.6438608416242135,0.9280324726320343
Training_All,P35573,AGL,0.03470857892166279,0.3395463965129946,0.7358502031380474,0.9401456325061941
Training_All,P35579,MYH9,0.05751149247182674,0.34027666687405117,0.7353041154781303,0.9401456325061941
Training_All,P35606,COPB2,0.29823483615895974,1.3877562247861144,0.17479293794976306,0.7160222432931638
Training_All,P35609,ACTN2,-0.4592297861464196,-0.7962803664229575,0.4302412839827926,0.8803351820729671
Training_All,P35611,ADD1,-0.9595966159099909,-2.0675587273649634,0.05256008497411923,0.5602090091056284
Training_All,P35613,BSG,0.19742242040954494,2.0898529744244105,0.042578130925286686,0.531235031159426
Training_All,P35637,FUS,0.09553473671966728,0.9117847220372414,0.36696304463405804,0.8509951091843132
Training_All,P35749,MYH11,0.15884408185381993,0.436625170613259,0.6647298336688503,0.931729205874169
Training_All,P35754,GLRX,-0.16658040318469247,-0.9039299759893005,0.37106647300197015,0.8509951091843132
Training_All,P35813,PPM1A,0.03520161642825492,0.25111314924697775,0.8031535949658666,0.9564371887587155
Training_All,P35914,HMGCL,0.45714506410156197,2.8134607029896985,0.007716090587060286,0.4113179315290408
Training_All,P35998,PSMC2,-0.07199142301940498,-0.5030073734427554,0.6175246357989443,0.9265905772898916
Training_All,P36405,ARL3,0.04515287252265665,0.19545690823915648,0.8462702464356524,0.9631556476633009
Training_All,P36507,MAP2K2,0.16807509660519848,1.0864702524288405,0.28591766177739997,0.8013256058681569
Training_All,P36542,ATP5F1C,0.04317188402319516,0.4392566847095944,0.6626739961042221,0.931729205874169
Training_All,P36543,ATP6V1E1,-0.22872678762618825,-0.9416553564300317,0.3518817204167255,0.8400533922250765
Training_All,P36578,RPL4,0.30204701007230916,1.0762646431425562,0.2880980517369558,0.8013256058681569
Training_All,P36776,LONP1,0.4047574161009937,3.275463093011833,0.0020885935008578102,0.4113179315290408
Training_All,P36871,PGM1,-0.09421128141962853,-1.0154865621352123,0.3155510646310823,0.818798204388053
Training_All,P36873,PPP1CC,0.1261442123012788,0.4622006219052286,0.6486853718161145,0.9280324726320343
Training_All,P36957,DLST,0.1222060520947057,1.445410516911508,0.15558798400205537,0.7020159758938893
Training_All,P36959,GMPR,0.10287221981296568,0.5301872321057841,0.5987727203513084,0.9191055861004201
Training_All,P36969,GPX4,-0.18663241074233916,-1.3538581934293812,0.18285138564422146,0.7160222432931638
Training_All,P37108,SRP14,0.06746161009078833,0.2910622937474693,0.7726281506199353,0.9508050139729914
Training_All,P37235,HPCAL1,-0.18375437836287922,-1.0887404282533997,0.2839207200080214,0.8013256058681569
Training_All,P37802,TAGLN2,0.16229803243830077,1.0011191771479864,0.3223669584697124,0.8193451938038548
Training_All,P38117,ETFB,0.18306600114947358,1.6884783157246632,0.09855636983115813,0.626412971410905
Training_All,P38159,RBMX,-0.5335111407881818,-1.1689128843477414,0.25440015051582243,0.772955734392967
Training_All,P38606,ATP6V1A,-0.012157328181814364,-0.07062873366782658,0.944036445158617,0.9830429611890766
Training_All,P38646,HSPA9,0.08051715471200005,0.9134495763691775,0.36609707605430786,0.8509951091843132
Training_All,P39019,RPS19,0.13470588262597794,0.8182657731769978,0.4177147138502083,0.8803351820729671
Training_All,P39059,COL15A1,0.22474805278657506,0.7802350141696821,0.44156996860394204,0.8803351820729671
Training_All,P39060,COL18A1,0.012022144432408233,0.055042832992125666,0.9566241136459533,0.9840929073844938
Training_All,P39656,DDOST,-0.12076871257141164,-0.8423469929067359,0.40425227620946325,0.8773841547882316
Training_All,P39687,ANP32A,0.13881683281839763,0.7935825722866706,0.4317938076770469,0.8803351820729671
Training_All,P40123,CAP2,-0.1441975588427482,-0.8014133410577692,0.4272966450240394,0.8803351820729671
Training_All,P40227,CCT6A,-0.10960769014013749,-0.8280928216643082,0.41218823864815624,0.8803351820729671
Training_All,P40261,NNMT,NA,NA,NA,NA
Training_All,P40429,RPL13A,-0.06803522105718507,-0.24480795982835774,0.80788793394288,0.9568083416436597
Training_All,P40616,ARL1,-0.8596206600420224,-2.813301422998657,0.010407458233522342,0.4113179315290408
Training_All,P40763,STAT3,-0.013685228049784115,-0.06731781154994697,0.9468858711476643,0.9830429611890766
Training_All,P40925,MDH1,0.0041801023650940294,0.04285251567762967,0.9660173730456162,0.9864785581570434
Training_All,P40926,MDH2,0.1815487512245042,2.141272994225092,0.037958161851299854,0.5041101163904038
Training_All,P40939,HADHA,-0.004719884382163642,-0.058693312913877214,0.9534681672630589,0.9830429611890766
Training_All,P41091,EIF2S3,-0.0018129018555121945,-0.01574997068013256,0.9875066763103171,0.9922644707893281
Training_All,P41236,PPP1R2,0.17743546540501143,0.7621352504275355,0.4521290911372494,0.8803351820729671
Training_All,P41250,GARS1,-0.31798871995708566,-1.7848934659528364,0.08133065857796866,0.6137808236789436
Training_All,P41252,IARS1,0.31542594227587095,2.0422743621201858,0.04792325105961291,0.5400453102273056
Training_All,P41567,EIF1,0.17587447971799897,1.165419099874851,0.2502703350926309,0.770094129457161
Training_All,P42025,ACTR1B,0.06540947687757992,0.4017262651680608,0.6905541691086132,0.9385035103487251
Training_All,P42126,ECI1,-0.014977869803932009,-0.1726223109433161,0.8637578589479309,0.9665473949033128
Training_All,P42330,AKR1C3,0.10320631503676836,0.33916688135399625,0.7361731861982124,0.9401456325061941
Training_All,P42677,RPS27,0.03708135945035096,0.1461465384818075,0.8847512697258292,0.9724265173157302
Training_All,P42704,LRPPRC,0.1957446666577809,2.3550489151349607,0.02315120274176169,0.467112422271881
Training_All,P42765,ACAA2,0.06111178260449002,0.6735619008090119,0.5041926168852134,0.8906088164064927
Training_All,P42766,RPL35,-0.06750049515158452,-0.10206952118066523,0.9198942442855884,0.977492888724166
Training_All,P43007,SLC1A4,-0.16723028470882184,-0.5232922667283141,0.6055649628216722,0.9205652449396506
Training_All,P43034,PAFAH1B1,-0.08712072718044794,-0.8782616985812484,0.38468047429384766,0.8644372257784086
Training_All,P43155,CRAT,0.20253067497838195,1.8783414945069699,0.06712215013706517,0.589885831468284
Training_All,P43304,GPD2,-0.10581497351777891,-0.9123264751809407,0.36668110853296487,0.8509951091843132
Training_All,P43487,RANBP1,0.15060455197416722,0.6057697183642111,0.5482670402357703,0.9050551908117838
Training_All,P43490,NAMPT,0.46917104518838215,2.598255741534783,0.012780027430842519,0.452605877126253
Training_All,P43686,PSMC4,0.04779769737245587,0.4668852654977896,0.6429378637885136,0.9280324726320343
Training_All,P43897,TSFM,0.33114118532973613,2.3184409896194764,0.025244641135893735,0.47201629515007276
Training_All,P45378,TNNT3,-0.4704728866494019,-1.6303400517696582,0.11033032250529559,0.6482770836592677
Training_All,P45381,ASPA,0.37464301072562733,1.3180302159068895,0.19498798586455923,0.7160222432931638
Training_All,P45877,PPIC,0.19943138320470055,0.8935742620782132,0.37890016095100676,0.8601431927210051
Training_All,P45880,VDAC2,0.2850513093874323,2.5095110379817087,0.015933961987236154,0.4561368122221056
Training_All,P45954,ACADSB,0.10752831264251306,0.6940575926072919,0.49137702648549597,0.8865447506276097
Training_All,P45974,USP5,-0.17962760379023202,-1.3979113750366001,0.1693060365105917,0.7142240298926285
Training_All,P45984,MAPK9,0.039096971401248126,0.13872287878679623,0.8904637555388804,0.9724265173157302
Training_All,P45985,MAP2K4,-0.13043943440049688,-0.6331818165750064,0.5300459968900073,0.9003586752602205
Training_All,P46019,PHKA2,-0.027524097815987858,-0.12121550924610212,0.9040847292909913,0.9730315578435726
Training_All,P46020,PHKA1,0.09909215590987763,0.6590776106834585,0.5133583444783865,0.8906088164064927
Training_All,P46109,CRKL,0.19928444502145837,1.0999700833252826,0.2774621640524981,0.7938970761075288
Training_All,P46199,MTIF2,0.1310447868521729,0.618196057468449,0.5420327879548987,0.9050551908117838
Training_All,P46459,NSF,0.022796484567319197,0.14841141580792708,0.8827115429629867,0.9724265173157302
Training_All,P46734,MAP2K3,-0.15083034337851053,-1.3019993209586767,0.19984472689751667,0.7160222432931638
Training_All,P46776,RPL27A,0.34941342295953604,0.9952418460198796,0.32644563442837204,0.8230897876311303
Training_All,P46777,RPL5,0.1008407910318816,0.33366507743321816,0.7404187405426148,0.9401456325061941
Training_All,P46781,RPS9,0.3763276349877902,1.5043707236100172,0.1397925271626002,0.6862326130742955
Training_All,P46782,RPS5,-0.24001980870099082,-0.708883933377012,0.48222039283617324,0.8813317208894812
Training_All,P46783,RPS10,-0.28204691364977563,-0.8251670362273004,0.4139366743693146,0.8803351820729671
Training_All,P46926,GNPDA1,-0.02105901500792129,-0.21893343362691456,0.8277372396795565,0.9568083416436597
Training_All,P46939,UTRN,0.004610857394309775,0.020149741145296045,0.9840292924091695,0.9917094133294724
Training_All,P46940,IQGAP1,0.16480001748420214,0.7533246930642814,0.45577615198416677,0.8803351820729671
Training_All,P46976,GYG1,0.08436610662284849,0.6253816933258505,0.535024036218301,0.9047208252087846
Training_All,P46977,STT3A,0.24015343284827573,0.9138709172511681,0.371659151614846,0.8509951091843132
Training_All,P47755,CAPZA2,0.01863054887123816,0.10186073973764675,0.9193404914118025,0.977492888724166
Training_All,P47756,CAPZB,-0.08376378891144398,-0.49752199282414045,0.6213544403923792,0.9280324726320343
Training_All,P47813,EIF1AX,-0.35209089756240175,-1.7437848761289994,0.08907094381968542,0.6209905438690795
Training_All,P47897,QARS1,0.006640310872084498,0.05984249156386708,0.9525582043929401,0.9830429611890766
Training_All,P47985,UQCRFS1,0.11866248151635794,1.0704191911848067,0.2903993901609528,0.8013256058681569
Training_All,P48047,ATP5PO,0.2516359156582908,2.8727039843154514,0.006295959903144568,0.4113179315290408
Training_All,P48059,LIMS1,0.1821172102767914,1.1196892140615653,0.26969090981320465,0.7836065599371286
Training_All,P48147,PREP,-0.32554819640345833,-3.9060037474193603,3.2659724621740766e-4,0.20434101038335806
Training_All,P48163,ME1,-0.05058668035712799,-0.33189860203005345,0.7415773874314766,0.9401456325061941
Training_All,P48444,ARCN1,0.5617590342036287,3.6742831084170238,9.981348022054801e-4,0.3182788508267315
Training_All,P48449,LSS,-0.03491679212084087,-0.12512978685246276,0.9015560594102581,0.972607805458062
Training_All,P48506,GCLC,-0.3757758735880099,-1.1070619152431702,0.2767778372862495,0.7931480924981532
Training_All,P48507,GCLM,-0.2163956008468677,-1.1547779103259592,0.254706068289868,0.772955734392967
Training_All,P48556,PSMD8,-0.00333058286294019,-0.027496773238052233,0.9781936849563317,0.9913982433385716
Training_All,P48637,GSS,-0.07168419321996744,-0.49178624866406173,0.6254296972472335,0.9280324726320343
Training_All,P48643,CCT5,0.04154473064026121,0.3837648464439684,0.7030428446829227,0.9401456325061941
Training_All,P48729,CSNK1A1,-0.5724591921231195,-1.9001790907743856,0.0705815729609849,0.6046506577057489
Training_All,P48735,IDH2,0.27051809711158903,3.03063093158175,0.004120076002342329,0.4113179315290408
Training_All,P48788,TNNI2,-0.030239048910601696,-0.10010181784260426,0.9207285174556875,0.977492888724166
Training_All,P49023,PXN,-0.325241224664639,-0.9362678967798255,0.3574280672307205,0.8459002179238425
Training_All,P49137,MAPKAPK2,-0.12718357402829916,-0.8771774980859568,0.38713299398184164,0.8660889507794003
Training_All,P49189,ALDH9A1,-0.1838950220993567,-1.9154038342179962,0.062103314219023584,0.5719998961435014
Training_All,P49247,RPIA,0.05588606534420215,0.2842627915516666,0.777792914136686,0.9512761281736578
Training_All,P49257,LMAN1,-0.18755852996151923,-1.5590972868776194,0.1268468707597508,0.6753402755494013
Training_All,P49354,FNTA,0.06361142865935143,0.3602983173506243,0.7205670198404894,0.9401456325061941
Training_All,P49368,CCT3,0.17115871755807532,1.3468889382545897,0.18506846640743577,0.7160222432931638
Training_All,P49411,TUFM,0.12053648260490846,1.2730627505051815,0.2098321518157548,0.7284941887453982
Training_All,P49419,ALDH7A1,0.3034934526439592,1.7265270006171232,0.09142802159609338,0.6209905438690795
Training_All,P49441,INPP1,-0.15042871963533955,-0.38947758879576727,0.699423443231878,0.9401456325061941
Training_All,P49458,SRP9,0.07478682368671663,0.4880579034125583,0.6281074572664229,0.9280324726320343
Training_All,P49588,AARS1,0.07631698153927502,0.4796908984917922,0.6344294367386631,0.9280324726320343
Training_All,P49589,CARS1,0.11568935469031416,0.6743299269615014,0.5047952673961391,0.8906088164064927
Training_All,P49591,SARS1,-0.21978489912799581,-0.8803855993814222,0.38501306379901423,0.8644372257784086
Training_All,P49720,PSMB3,-0.14313579964762546,-0.8130514746738746,0.4206653650349975,0.8803351820729671
Training_All,P49721,PSMB2,-0.004811307401574538,-0.04541537549110682,0.9639863794083706,0.9860503728335213
Training_All,P49748,ACADVL,0.02818970425382794,0.3448056394832044,0.7319205047975644,0.9401456325061941
Training_All,P49753,ACOT2,0.01934015841005099,0.19253961296399183,0.8482255550948663,0.9631556476633009
Training_All,P49755,TMED10,-0.16050797573225495,-0.962938199150462,0.340959987855621,0.8326860639455232
Training_All,P49773,HINT1,-0.21042436556862576,-1.437455685337867,0.15782253390663106,0.7029285602810104
Training_All,P49821,NDUFV1,0.15924360616410027,1.1555010535828318,0.2542625030580237,0.772955734392967
Training_All,P49840,GSK3A,-0.06504408928690708,-0.2393803280609143,0.8132441100742396,0.9568083416436597
Training_All,P49841,GSK3B,-0.18816422513051645,-0.981374791956182,0.33277800809279046,0.824338479098892
Training_All,P49902,NT5C2,0.07450338118881383,0.3103162030191355,0.758464583959716,0.9434314274966117
Training_All,P50213,IDH3A,0.25841907619479976,2.6402853033473446,0.011495532508661994,0.4203094446015582
Training_All,P50238,CRIP1,-0.17857704071023228,-0.4228712139296184,0.6766835440211518,0.9357771074649516
Training_All,P50395,GDI2,-0.18689119837383217,-2.1756152595956433,0.03512388441119266,0.5032635957237299
Training_All,P50416,CPT1A,0.13926933187837065,0.5980578268692166,0.5531708807166172,0.9070982482101263
Training_All,P50461,CSRP3,-0.015746880943071417,-0.09065953880425057,0.928183911721039,0.9824319199882194
Training_All,P50502,ST13,-0.09542506211217194,-1.0722534061087399,0.2895843425132199,0.8013256058681569
Training_All,P50570,DNM2,0.1071813212321473,0.8143747943551064,0.4200215088886369,0.8803351820729671
Training_All,P50579,METAP2,-0.30300771498040646,-1.5388964896449375,0.131508374097069,0.678656325440266
Training_All,P50583,NUDT2,-0.3043422550223269,-1.148227332194853,0.26675578933068045,0.7823447133963862
Training_All,P50895,BCAM,0.1775528906413566,0.7922817872198038,0.43353053406281894,0.8803351820729671
Training_All,P50914,RPL14,0.03537954792241571,0.15917496008329118,0.8743520395112632,0.9710998687352905
Training_All,P50990,CCT8,0.05760811365135865,0.5550264587470677,0.5817510397518677,0.9169154217509196
Training_All,P50991,CCT4,-0.08293518377332632,-0.8058387859436449,0.42476767753929234,0.8803351820729671
Training_All,P50993,ATP1A2,0.1335492965743974,1.327144384250723,0.1914614265275005,0.7160222432931638
Training_All,P50995,ANXA11,-0.02413991409548899,-0.3233655803005544,0.7479850110680358,0.940997229071517
Training_All,P51114,FXR1,-0.15399021433728777,-0.7845951145759927,0.43828359716533527,0.8803351820729671
Training_All,P51148,RAB5C,-0.21782130182526416,-0.9492957561607765,0.3477726244130084,0.8376732145336128
Training_All,P51149,RAB7A,0.17246213626324192,1.9102851335218451,0.06277676004558407,0.5719998961435014
Training_All,P51151,RAB9A,-0.06728544193761543,-0.39532353877947335,0.6950018882825353,0.9401456325061941
Training_All,P51452,DUSP3,-0.01747682834702502,-0.19114398625826629,0.8493120103838585,0.9631556476633009
Training_All,P51553,IDH3G,0.14578408633642326,1.2766770248926094,0.20856461409450436,0.7276501499170719
Training_All,P51570,GALK1,-0.3214642317076546,-1.1022750972673023,0.2828021763779409,0.8013256058681569
Training_All,P51572,BCAP31,-0.1490917336539166,-0.5538144323284776,0.5833277297827434,0.9169154217509196
Training_All,P51636,CAV2,-0.2779181695455968,-0.7624100781231271,0.4547040068325089,0.8803351820729671
Training_All,P51648,ALDH3A2,-0.10512247146127862,-0.5742448171201473,0.5687926516411353,0.9133857413219694
Training_All,P51649,ALDH5A1,0.12502590974419192,1.04891067439993,0.3000761267539233,0.8085177708444357
Training_All,P51659,HSD17B4,0.013589473019823828,0.07168747601327938,0.9432167917536884,0.9830429611890766
Training_All,P51665,PSMD7,0.04266514096678087,0.23057979125641984,0.8187601764323595,0.9568083416436597
Training_All,P51668,UBE2D1,-0.5018717785659597,-2.706364617798105,0.01095679093044861,0.4113179315290408
Training_All,P51692,STAT5B,-0.028329263228760837,-0.12606725608610295,0.9005788708365485,0.972607805458062
Training_All,P51812,RPS6KA3,0.06184836355498469,0.6758080625371242,0.50277927904994,0.8906088164064927
Training_All,P51858,HDGF,0.1640935444927507,1.2246802629878435,0.22735932323821298,0.7460724645421779
Training_All,P51884,LUM,0.007655718507448839,0.03970151448831971,0.9685147634151132,0.9874536724226874
Training_All,P51888,PRELP,0.23572170477055643,0.7161490419360462,0.47795654717039115,0.8813317208894812
Training_All,P51970,NDUFA8,0.06300046334045284,0.4020829818367338,0.6896136593366862,0.9385035103487251
Training_All,P51991,HNRNPA3,-0.38018439494624623,-1.360782337568013,0.18203616410400225,0.7160222432931638
Training_All,P52179,MYOM1,-0.023606054421977163,-0.08916190387246346,0.9293670254569251,0.9827729052296611
Training_All,P52294,KPNA1,-0.04795033096602275,-0.2628644098000817,0.7941527619439199,0.9528105772667944
Training_All,P52564,MAP2K6,-0.16236077162747087,-1.191795863229807,0.23987429646419697,0.7560544020436518
Training_All,P52565,ARHGDIA,-0.03660426723615906,-0.3333732744520968,0.740471887785261,0.9401456325061941
Training_All,P52566,ARHGDIB,-0.34881615160347934,-0.6529083227122988,0.5197697627229869,0.893413777134658
Training_All,P52758,RIDA,-0.12672271247915212,-1.3253933558676867,0.19203640358921673,0.7160222432931638
Training_All,P52788,SMS,-0.09831138418272367,-0.4475280769106784,0.6567391291010766,0.9302666636327549
Training_All,P52815,MRPL12,0.39906572557324793,2.323462237098663,0.025065483405815808,0.47201629515007276
Training_All,P52888,THOP1,0.09499445613807911,0.3405463857053681,0.7360784968989094,0.9401456325061941
Training_All,P52895,AKR1C2,-0.4749439271955733,-1.2546779200948814,0.2240447825480001,0.7398896796488857
Training_All,P52907,CAPZA1,0.2531241035272931,0.7270032472542258,0.47116160232315907,0.8808469398013641
Training_All,P52943,CRIP2,0.29515431382098534,0.904385271078317,0.37254519586308976,0.8509951091843132
Training_All,P53004,BLVRA,-0.048447050909013356,-0.45698792671301935,0.6499789192630544,0.9280324726320343
Training_All,P53041,PPP5C,-0.07414097629964012,-0.7206012156900055,0.47505233765044697,0.8813317208894812
Training_All,P53384,NUBP1,-0.03326416133869792,-0.1383081279804624,0.8910224437975103,0.9724265173157302
Training_All,P53597,SUCLG1,0.2193038566118073,2.057172948353022,0.04576391305857845,0.5335333218071537
Training_All,P53618,COPB1,0.015969252308680737,0.07358515556650522,0.9417366299015253,0.9830429611890766
Training_All,P53621,COPA,0.31828393888973316,0.7123670200038638,0.48212729238710883,0.8813317208894812
Training_All,P53701,HCCS,0.33321347955797975,1.881481132122109,0.06778747930143127,0.5918004588315651
Training_All,P53778,MAPK12,-0.07364685571445229,-0.4436510181376292,0.6595182249434921,0.9314640392918997
Training_All,P53814,SMTN,-0.07799550269142763,-0.470600927205573,0.6403593719472381,0.9280324726320343
Training_All,P53985,SLC16A1,0.1833820699226898,0.8505450812504062,0.39984263784714347,0.8739549002198561
Training_All,P53990,IST1,-0.21038592712097248,-0.8717840095385105,0.38943699725353487,0.868004127156954
Training_All,P53992,SEC24C,-0.012025905426829908,-0.06250684728531347,0.9505477485258165,0.9830429611890766
Training_All,P53999,SUB1,-0.08795162218064156,-0.6890469116123665,0.4944933036929261,0.8867807526574262
Training_All,P54136,RARS1,0.045742528016353035,0.3515161206771756,0.7269170049874866,0.9401456325061941
Training_All,P54284,CACNB3,-0.309964534224056,-2.6653496719751004,0.010787088542661055,0.4113179315290408
Training_All,P54289,CACNA2D1,-0.18168801497967735,-1.6937401734965045,0.09754399366423817,0.626412971410905
Training_All,P54296,MYOM2,-0.2004320076555004,-1.0551976245301098,0.29722485881136435,0.8062009537412297
Training_All,P54577,YARS1,0.1273652782365602,0.4365095312808392,0.6663653926358502,0.931729205874169
Training_All,P54578,USP14,-0.027900933603175915,-0.29395473602421934,0.7702060537558811,0.9498533264781792
Training_All,P54619,PRKAG1,0.029500858935966434,0.21653493134642246,0.8295943111131098,0.9568083416436597
Training_All,P54646,PRKAA2,0.0902460201482036,0.8233365922915583,0.414857393937915,0.8803351820729671
Training_All,P54652,HSPA2,-0.27397590266100025,-1.62657365382416,0.11113118577791974,0.6482770836592677
Training_All,P54707,ATP12A,-0.2779729936549966,-0.9380024828862591,0.3540129106286817,0.8400533922250765
Training_All,P54725,RAD23A,-0.17446865242798282,-1.1824754886252073,0.24351121266677594,0.7564433149048576
Training_All,P54727,RAD23B,0.014244951006396889,0.1248275766533796,0.9012415119747339,0.972607805458062
Training_All,P54819,AK2,0.16623768984949905,1.8466114638140645,0.07168959682472777,0.6046506577057489
Training_All,P54920,NAPA,-0.11460897182007912,-1.1517781578384187,0.2557728059651963,0.7743315432204411
Training_All,P54922,ADPRH,0.12073746051033929,0.4325025178805971,0.6676414974761733,0.931729205874169
Training_All,P55010,EIF5,-0.22246200449963105,-1.3932382501558433,0.1707049191059138,0.7152078865218755
Training_All,P55036,PSMD4,-0.0569902918477343,-0.5414596461158621,0.5909839630100171,0.9169154217509196
Training_All,P55042,RRAD,0.17543100668992828,0.4451355047470339,0.6588137350130387,0.9311697143218928
Training_All,P55060,CSE1L,-0.14953382834916162,-1.4796954869482333,0.14624049233611258,0.6914191539417717
Training_All,P55072,VCP,-0.12836672104258362,-1.259918192781975,0.2144906733949126,0.7320828163235699
Training_All,P55083,MFAP4,-0.23173874837874386,-0.7368810704073114,0.4669145642504917,0.8803351820729671
Training_All,P55084,HADHB,-0.0036562339479786488,-0.04860525590918891,0.9614588291566089,0.9851896770012591
Training_All,P55209,NAP1L1,0.3027430782364391,1.8661041880305083,0.06936707319718191,0.6000091999590342
Training_All,P55263,ADK,0.2292066359104048,1.3195239578154787,0.194493008988368,0.7160222432931638
Training_All,P55290,CDH13,0.07490606275028888,0.43466042601322324,0.6659814241232036,0.931729205874169
Training_All,P55786,NPEPPS,-0.16991715366251903,-2.209533992378451,0.0325097524565717,0.4975912747427498
Training_All,P55809,OXCT1,-0.059185525962075936,-0.21223784351599695,0.8339658489109224,0.957988921912975
Training_All,P55822,SH3BGR,-0.3189673242116573,-2.2773913109692216,0.02779242795396023,0.47859070889526006
Training_All,P55884,EIF3B,0.35635646701876844,2.236814753344568,0.031240829029706787,0.4975912747427498
Training_All,P56134,ATP5MF,-0.23700618103544357,-1.2875753741954072,0.2047773112669475,0.7265917074632523
Training_All,P56181,NDUFV3,-0.13941956258252475,-0.5712471173170958,0.5708749328554314,0.9133857413219694
Training_All,P56211,ARPP19,-0.38177758199452505,-1.8912832327861804,0.06566206289747085,0.5837570321515064
Training_All,P56381,ATP5F1E,0.11497308169527187,0.4622429992304279,0.6462915548428417,0.9280324726320343
Training_All,P56385,ATP5ME,0.020718584745136326,0.20441273288641726,0.8389949512825369,0.9608258227927527
Training_All,P56537,EIF6,-0.12698478329578045,-0.826300033322997,0.4145645033925244,0.8803351820729671
Training_All,P56556,NDUFA6,0.36123254344279054,1.3241264080577557,0.19245324419855067,0.7160222432931638
Training_All,P57105,SYNJ2BP,0.14610412451443366,1.366735819012273,0.1788084136734725,0.7160222432931638
Training_All,P58511,SMIM11A,-1.1011266178949697,-1.9542638847788032,0.06109096659396114,0.5719998961435014
Training_All,P58546,MTPN,-0.002921595845462477,-0.01777871282676509,0.9858975840558315,0.9917094133294724
Training_All,P59998,ARPC4,0.2135219454361934,1.0832010415364604,0.2847528470852569,0.8013256058681569
Training_All,P60033,CD81,0.5396104125379484,2.1752317510347536,0.03557850988551738,0.5033490519483872
Training_All,P60174,TPI1,-0.05295435472154608,-0.7043377825784521,0.4850178123206368,0.8851405380794838
Training_All,P60228,EIF3E,0.05476508425988591,0.41415611819259357,0.6810275279476699,0.9357771074649516
Training_All,P60520,GABARAPL2,0.07879285770913036,0.31713351807507234,0.75333728374861475,0.9432002024183634
Training_All,P60602,ROMO1,-0.16287120961321477,-0.665385849753897,0.510720955426495,0.8906088164064927
Training_All,P60660,MYL6,-0.0957664106182019,-0.4126847180342576,0.6818870834262074,0.9357771074649516
Training_All,P60709,ACTB,-0.27396702068478085,-1.1643096455987405,0.2507146441085672,0.770198669380983
Training_All,P60842,EIF4A1,-0.15365044263472072,-1.4800072962260993,0.14615756682123643,0.6914191539417717
Training_All,P60866,RPS20,0.2210247921480306,1.2541859893722611,0.2165462112821612,0.7350040480589811
Training_All,P60891,PRPS1,0.12030279957823531,0.7356831494928057,0.46591570366294033,0.8803351820729671
Training_All,P60900,PSMA6,-0.038767969031264116,-0.38918413926054407,0.6990596759248937,0.9401456325061941
Training_All,P60903,S100A10,0.11807311804204446,0.5207504437428773,0.6052739491245003,0.9205652449396506
Training_All,P60953,CDC42,-0.0814165677935712,-0.4389942013188508,0.6628626944694196,0.931729205874169
Training_All,P60981,DSTN,0.1367786285587851,0.7123611642614595,0.4800868633536486,0.8813317208894812
Training_All,P60983,GMFB,0.15607440253545768,0.554849069691916,0.5839242123535502,0.9169154217509196
Training_All,P61006,RAB8A,0.05658363051508353,0.17436403446726167,0.8631724039780792,0.9665473949033128
Training_All,P61019,RAB2A,0.12044726643181569,1.0568211978402058,0.29649158899459876,0.8062009537412297
Training_All,P61020,RAB5B,-0.38256655854653765,-1.4772888852755852,0.1480552180587398,0.6930798340681842
Training_All,P61026,RAB10,-0.4304921438295679,-1.9565505193141282,0.05691125874117026,0.5623574098665551
Training_All,P61077,UBE2D3,0.3830615130551216,2.3647423758859114,0.02262365223295556,0.46664390375008336
Training_All,P61081,UBE2M,-0.06702594902556847,-0.6554366789375351,0.5156763931567603,0.8914066214767226
Training_All,P61086,UBE2K,-0.19076671661449396,-0.9731334963511041,0.33592689842250023,0.8274734755105418
Training_All,P61088,UBE2N,-0.13198432909752178,-1.6007579077823324,0.11674912722405444,0.6640548842410611
Training_All,P61106,RAB14,0.027707801622272044,0.15389851583132852,0.8784829262294918,0.9716632012567803
Training_All,P61158,ACTR3,0.17502945579783713,1.0808762802179868,0.28591648162484457,0.8013256058681569
Training_All,P61160,ACTR2,0.29333184374124954,1.6799789806556285,0.10020996455651653,0.6290772691390686
Training_All,P61163,ACTR1A,0.011273671988474732,0.10987128620508789,0.9130223747791739,0.9759356477565543
Training_All,P61201,COPS2,0.08191805442575273,0.6669152832223242,0.5083875031686877,0.8906088164064927
Training_All,P61221,ABCE1,-0.20119317485727528,-1.22483215475362,0.22730265605380223,0.7460724645421779
Training_All,P61224,RAP1B,-0.028582343470256788,-0.17998568575736332,0.8580089087041161,0.9665473949033128
Training_All,P61225,RAP2B,-0.7880387472887129,-1.332551095346393,0.19764707410127486,0.7160222432931638
Training_All,P61247,RPS3A,-0.08846713244758675,-0.5634830652696607,0.5760314040874174,0.9169154217509196
Training_All,P61289,PSME3,-0.12639552691473277,-0.8207768780240259,0.4167594701562447,0.8803351820729671
Training_All,P61313,RPL15,0.1614694611948302,0.6628577890134336,0.5121650941316724,0.8906088164064927
Training_All,P61353,RPL27,-0.24521491813765017,-1.0238361921251524,0.31273944727212866,0.8175653795679464
Training_All,P61457,PCBD1,-0.11461964038016426,-0.9515236327366491,0.34665400578691374,0.8365265479926033
Training_All,P61513,RPL37A,0.1703884558906701,0.5399376591241792,0.5966655509436287,0.9191055861004201
Training_All,P61586,RHOA,0.040538824218742775,0.36291598145220866,0.7184446666737366,0.9401456325061941
Training_All,P61604,HSPE1,0.27881285544750334,2.8094013548993555,0.0074376340357732796,0.4113179315290408
Training_All,P61758,VBP1,0.08385331641891547,0.48240117689743656,0.6320243944473467,0.9280324726320343
Training_All,P61803,DAD1,0.19716689097228546,0.9740276761603638,0.337124303383025,0.8293346231322909
Training_All,P61923,COPZ1,-0.11495177786957811,-0.477493972569081,0.6381815798539212,0.9280324726320343
Training_All,P61925,PKIA,-0.18914586048492055,-0.9827061578334955,0.3312464671783387,0.8235094289983336
Training_All,P61956,SUMO2,0.22001312505237536,1.308549665655585,0.1987524715976789,0.7160222432931638
Training_All,P61960,UFM1,-0.047490349531051024,-0.2877077852868085,0.7749846089000366,0.9512761281736578
Training_All,P61970,NUTF2,0.0240720129346208,0.20977337674774585,0.8348348066275045,0.9584005700549394
Training_All,P61978,HNRNPK,-0.07739637068674377,-0.5952507495831294,0.5547942402478556,0.9070982482101263
Training_All,P61981,YWHAG,-0.222815513952634,-1.6260119860965656,0.11125102127722356,0.6482770836592677
Training_All,P62070,RRAS2,0.16316880823975666,0.6367117860168988,0.5287020210599545,0.9003586752602205
Training_All,P62072,TIMM10,0.1777485697594301,0.7613318014985211,0.4515552371617425,0.8803351820729671
Training_All,P62081,RPS7,-0.48091913114415874,-1.57374720005433,0.12287205867206187,0.669270028256696
Training_All,P62136,PPP1CA,-0.010917429144214452,-0.11544909419197201,0.9086263527700102,0.974106241877086
Training_All,P62140,PPP1CB,-0.13472755531980063,-1.0015787592476457,0.3221474041895469,0.8193451938038548
Training_All,P62191,PSMC1,-0.17268564285704002,-1.6901448573412075,0.09823479331491,0.626412971410905
Training_All,P62195,PSMC5,0.0814555442801641,1.002354147140832,0.32177721031830747,0.8193451938038548
Training_All,P62241,RPS8,0.4091267034493864,1.9505325034394554,0.05764649852770723,0.5623574098665551
Training_All,P62244,RPS15A,0.08590786663275551,0.6744150579129401,0.5036555349429108,0.8906088164064927
Training_All,P62249,RPS16,-0.05638425133119718,-0.44929857207288626,0.6554716589861758,0.9302666636327549
Training_All,P62253,UBE2G1,-0.4640718305229292,-1.8482133615110392,0.07515119404033282,0.6046506577057489
Training_All,P62258,YWHAE,-0.16592231639563515,-1.3244338716632291,0.19235202187444167,0.7160222432931638
Training_All,P62263,RPS14,0.1355754003819296,0.5486391813692689,0.5863786863602028,0.9169154217509196
Training_All,P62269,RPS18,0.19191080555659568,1.2364294685473758,0.22300670201106124,0.7395469605561165
Training_All,P62277,RPS13,-0.08828084023379645,-0.23637535979722132,0.8148017779924845,0.9568083416436597
Training_All,P62280,RPS11,0.13281703603790085,0.47707113069226104,0.6360422605110956,0.9280324726320343
Training_All,P62308,SNRPG,0.022957477148864314,0.09232431945165304,0.9274057722419236,0.9824319199882194
Training_All,P62318,SNRPD3,0.30081299053119714,1.4810223297092442,0.14606039761418388,0.6914191539417717
Training_All,P62330,ARF6,0.36963862969544614,1.4351744088608904,0.16010853213848467,0.7030934472730465
Training_All,P62333,PSMC6,-0.1692624685332209,-1.72420313652241,0.09185074897990614,0.6209905438690795
Training_All,P62424,RPL7A,-0.07960992458147409,-0.3483570011624698,0.7292710360532457,0.9401456325061941
Training_All,P62495,ETF1,0.021163278635400573,0.15071423639796333,0.8809398168669309,0.9724265173157302
Training_All,P62633,CNBP,-0.07264913668556261,-0.6080280009554547,0.5466040835253947,0.9050551908117838
Training_All,P62701,RPS4X,0.23805825520192414,1.6505333445695454,0.10611667269128801,0.6404533589760373
Training_All,P62714,PPP2CB,0.06440266015898644,0.26328095130297796,0.7951648093028524,0.9528105772667944
Training_All,P62750,RPL23A,0.06918298594851002,0.35805872606549377,0.7220502560133721,0.9401456325061941
Training_All,P62753,RPS6,0.3497927430083916,2.1438573686093902,0.03773807083794387,0.5041101163904038
Training_All,P62805,H4C1,-0.2359178233093182,-0.6652948616146742,0.5094130669565994,0.8906088164064927
Training_All,P62807,H2BC4,-0.5551074776806146,-1.7677325464708313,0.08419746099008546,0.6137808236789436
Training_All,P62820,RAB1A,-0.5290951773741099,-2.2463875082152125,0.03274440120891138,0.4975912747427498
Training_All,P62826,RAN,-0.003006652368215512,-0.030817728344444125,0.9755574281370268,0.9892605578677469
Training_All,P62829,RPL23,0.2758146863245816,1.402849798128456,0.16837201535889607,0.7142240298926285
Training_All,P62834,RAP1A,0.6142582560606389,2.4276776894824406,0.02017633656143191,0.4596640989779956
Training_All,P62841,RPS15,-1.2565692383178568,-2.15219692507505,0.04804878359507728,0.5400453102273056
Training_All,P62847,RPS24,-0.04149978331980542,-0.1730877123429045,0.8633942725057149,0.9665473949033128
Training_All,P62851,RPS25,0.257687616315442,1.612032403954676,0.11426781924020084,0.6536449125560209
Training_All,P62854,RPS26,0.0767870877949246,0.35005903890762485,0.7283330004595248,0.9401456325061941
Training_All,P62857,RPS28,-0.3298676398626217,-1.265666745540328,0.21260498617450457,0.7284941887453982
Training_All,P62873,GNB1,0.044917594197315225,0.3514289299921404,0.7269819398143458,0.9401456325061941
Training_All,P62879,GNB2,0.09697500879433818,0.7554374715894913,0.4541027701201469,0.8803351820729671
Training_All,P62888,RPL30,0.16217370895002325,0.6864397023651078,0.4961191143005953,0.8867807526574262
Training_All,P62899,RPL31,0.16707600724379468,0.4667414476455038,0.6438449535701891,0.9280324726320343
Training_All,P62906,RPL10A,0.07185117773969552,0.2634036709504543,0.7934969718492277,0.9528105772667944
Training_All,P62910,RPL32,-0.9482212683455664,-2.4149315006518264,0.027272785918779793,0.47859070889526006
Training_All,P62913,RPL11,0.04528727647041997,0.18158647881842,0.8568978201289905,0.9665473949033128
Training_All,P62937,PPIA,0.20965701379120638,1.3354040992725777,0.18876688900037736,0.7160222432931638
Training_All,P62942,FKBP1A,-0.15699199910600292,-1.50239435997148,0.14030049392378816,0.6862326130742955
Training_All,P62979,RPS27A,-0.03378431205782739,-0.14781384481633664,0.8831802840221668,0.9724265173157302
Training_All,P62993,GRB2,-0.13317573410389905,-1.2936855348473009,0.20267672980047288,0.7218675936157259
Training_All,P63000,RAC1,0.022240665175553787,0.17256258106500114,0.8638045240015204,0.9665473949033128
Training_All,P63010,AP2B1,-0.0130205989856087,-0.07465505339456466,0.9408520433591574,0.9830429611890766
Training_All,P63027,VAMP2,-0.0139054440880102,-0.07649244238256925,0.9394284183581374,0.9830429611890766
Training_All,P63098,PPP3R1,-0.17857373331463933,-1.3133881861386294,0.19601392831608058,0.7160222432931638
Training_All,P63104,YWHAZ,-0.30549395533921064,-1.1328649705800928,0.2635451564890861,0.7797930995694469
Training_All,P63146,UBE2B,0.04532514440139224,0.1358552174184954,0.8928426014229549,0.9724265173157302
Training_All,P63151,PPP2R2A,-0.0442456910390856,-0.47924127139139716,0.6341941328158764,0.9280324726320343
Training_All,P63167,DYNLL1,-0.3088709464237098,-1.4626748469417925,0.15222735909352242,0.6986081980893437
Training_All,P63172,DYNLT1,0.5414236306550322,1.984246310686123,0.056756270613045876,0.5623574098665551
Training_All,P63173,RPL38,0.07764534749411567,0.36442966394812293,0.7173223654121659,0.9401456325061941
Training_All,P63208,SKP1,-0.1865555598481805,-1.3975093956614209,0.16942601663531742,0.7142240298926285
Training_All,P63220,RPS21,0.08840180312562218,0.517268163043029,0.6076184235987755,0.9205652449396506
Training_All,P63241,EIF5A,-0.07408044291805815,-0.7282288309237595,0.4704188532867267,0.8803351820729671
Training_All,P63244,RACK1,0.21005956351693733,1.4039976496972248,0.1674974961246478,0.7142240298926285
Training_All,P63279,UBE2I,0.05808961829021975,0.33697280670648094,0.7377758035773125,0.9401456325061941
Training_All,P63302,SELENOW,0.30301123507089756,0.8762192285574202,0.38863389765225065,0.868004127156954
Training_All,P63316,TNNC1,-0.2021151204167584,-0.7376854739471036,0.46471033630895175,0.8803351820729671
Training_All,P67775,PPP2CA,-0.12525445802227608,-1.304520690103624,0.19899178821278665,0.7160222432931638
Training_All,P67809,YBX1,0.245260067098501,1.6670456030749714,0.10277009802205124,0.6332428283363121
Training_All,P67870,CSNK2B,-0.02479201072787518,-0.08864930705868006,0.9302413432547896,0.9830429611890766
Training_All,P67936,TPM4,-0.017432276145658676,-0.06022630284533276,0.9522678561113214,0.9830429611890766
Training_All,P68036,UBE2L3,-0.3534567002832709,-1.0733805699553027,0.2890842702748617,0.8013256058681569
Training_All,P68104,EEF1A1,-0.035248198365406935,-0.23099110485392368,0.8184167379958607,0.9568083416436597
Training_All,P68133,ACTA1,-0.37910145040924625,-1.4323815460009361,0.15926097868737005,0.7030934472730465
Training_All,P68363,TUBA1B,0.002989942912918764,0.021622458207557177,0.9828490944650632,0.9917094133294724
Training_All,P68366,TUBA4A,-0.14070426638689248,-0.8093521048233647,0.42276641537896453,0.8803351820729671
Training_All,P68371,TUBB4B,0.05746670546289501,0.5459411437100837,0.5879263593460157,0.9169154217509196
Training_All,P68400,CSNK2A1,0.3089095481738582,2.0839371035855945,0.04431964877989623,0.531235031159426
Training_All,P68402,PAFAH1B2,0.0721618033187248,0.4279912472450944,0.6708961774744461,0.931729205874169
Training_All,P78344,EIF4G2,0.0765443430944881,0.2839522542069845,0.7779482454696669,0.9512761281736578
Training_All,P78356,PIP4K2B,-0.10607025067824871,-0.6235409052108154,0.5381573837660836,0.9050551908117838
Training_All,P78371,CCT2,-0.08598871635492245,-0.6445876697216302,0.5226167655185853,0.8966651452270425
Training_All,P78417,GSTO1,-0.128946888667393,-0.9546696289856792,0.34507844155248546,0.8346807149407411
Training_All,P78560,CRADD,-0.34951060921790855,-1.0805619998420715,0.2891045136252552,0.8013256058681569
Training_All,P82650,MRPS22,0.2988362910211739,1.4944659856105524,0.14401031015268007,0.6862326130742955
Training_All,P82909,MRPS36,-0.04196672079763353,-0.21703624930749357,0.8292304131887682,0.9568083416436597
Training_All,P83111,LACTB,0.06519093034973089,0.30756005031821776,0.7599011345884527,0.9445923374983614
Training_All,P83731,RPL24,0.10230952214235778,0.4266470703892716,0.6724051100128615,0.931729205874169
Training_All,P84077,ARF1,-0.006753057180254984,-0.047654565567542204,0.9622120823520628,0.9851896770012591
Training_All,P84085,ARF5,-0.41342807991184305,-1.7315719145577702,0.09361545928218808,0.6209905438690795
Training_All,P84098,RPL19,0.07799553944745163,0.29917370090230166,0.7664367567575466,0.9481630992029324
Training_All,P84103,SRSF3,0.14880664971514257,0.6626025267644717,0.5134117037057646,0.8906088164064927
Training_All,P84157,MXRA7,0.18215487268548536,0.6635035383004318,0.5142192231686258,0.8906088164064927
Training_All,P84243,H3-3A,-0.31325733565234337,-0.8962824180637494,0.3752079081308859,0.8536548406808157
Training_All,P98095,FBLN2,-0.1253820166253128,-0.44948885056854143,0.6576792022592785,0.9302666636327549
Training_All,P98160,HSPG2,-0.010769491569076806,-0.04892203724878196,0.9612132151272466,0.9851896770012591
Training_All,P99999,CYCS,0.16060014936646816,1.133186502963233,0.26341162843363447,0.7797930995694469
Training_All,Q00013,MPP1,0.00458368628226502,0.016334258460162634,0.9870690768333967,0.9922644707893281
Training_All,Q00059,TFAM,0.3546027943780512,1.696473667676111,0.09702147674569607,0.626412971410905
Training_All,Q00169,PITPNA,-0.790534091762952,-3.221801892460133,0.003059811961053566,0.4113179315290408
Training_All,Q00325,SLC25A3,0.13399052951575996,1.0288209207270478,0.3093135069038522,0.8160620401706609
Training_All,Q00577,PURA,-0.7765190989911712,-2.7762881847474263,0.009108711130969872,0.4113179315290408
Training_All,Q00610,CLTC,0.1285302805588895,1.0234889039629267,0.311797532276592,0.816239843909572
Training_All,Q00688,FKBP3,-0.060054783962049996,-0.5705216732412711,0.5712918808268471,0.9133857413219694
Training_All,Q00765,REEP5,-0.12085950584789451,-0.714195830757361,0.47896331488377275,0.8813317208894812
Training_All,Q00796,SORD,0.15050655089512155,0.7479343979811092,0.4593550776824543,0.8803351820729671
Training_All,Q00839,HNRNPU,0.40056508989704476,1.6301463621450532,0.11091694298475697,0.6482770836592677
Training_All,Q00872,MYBPC1,-0.37599489988281043,-1.553088674020304,0.12772818210976958,0.6753402755494013
Training_All,Q00G26,PLIN5,-0.13532710685251992,-0.5433673007839167,0.5901339597734171,0.9169154217509196
Training_All,Q01082,SPTBN1,-0.050389285135223005,-0.21489102721758388,0.8311739095291844,0.9577123561610063
Training_All,Q01105,SET,-0.00449847042521867,-0.020830625702655058,0.9835100267684239,0.9917094133294724
Training_All,Q01130,SRSF2,0.13690058419922124,0.6536073935086877,0.5174040371148659,0.8917974083237864
Training_All,Q01432,AMPD3,-0.2769288347451102,-1.344086804947665,0.18596567057001778,0.7160222432931638
Training_All,Q01469,FABP5,0.3469943951253054,1.917261299347517,0.06186046995016717,0.5719998961435014
Training_All,Q01484,ANK2,0.3340961969194929,2.6764044205745887,0.010733368877980265,0.4113179315290408
Training_All,Q01518,CAP1,0.007906542918350468,0.0346103890150554,0.9725505034881727,0.9883472090131566
Training_All,Q01995,TAGLN,0.3261962804673111,0.6531455827417387,0.5171379281425432,0.8917974083237864
Training_All,Q02127,DHODH,NA,NA,NA,NA
Training_All,Q02218,OGDH,0.07516213277559025,1.0349762986213553,0.30646277855123677,0.8160620401706609
Training_All,Q02252,ALDH6A1,-0.06009019990365161,-0.3429159154827636,0.7333712760287774,0.9401456325061941
Training_All,Q02338,BDH1,0.11778504196561634,0.5743889193480779,0.5686960291584064,0.9133857413219694
Training_All,Q02543,RPL18A,-0.24202872377608742,-0.8790519947683864,0.38437222581505814,0.8644372257784086
Training_All,Q02641,CACNB1,0.12056851120059875,0.8283175785601833,0.4120623683454785,0.8803351820729671
Training_All,Q02750,MAP2K1,-0.33871874927436885,-1.7778705724819657,0.08266211682996688,0.6137808236789436
Training_All,Q02790,FKBP4,0.23262859939418945,1.5292193072569378,0.13388539153838278,0.6828882606455012
Training_All,Q02878,RPL6,-0.4853359948524272,-2.107239087554597,0.04174821757212431,0.528769205245364
Training_All,Q02952,AKAP12,-0.6155883995378328,-1.612061472573325,0.12186151097248109,0.669270028256696
Training_All,Q02978,SLC25A11,0.046839645066764746,0.3099717868613128,0.7580789742555023,0.9434314274966117
Training_All,Q03013,GSTM4,-0.08417867584664585,-0.10248210262926172,0.9191307584727147,0.977492888724166
Training_All,Q03135,CAV1,-0.2295152535387146,-1.0277717428563393,0.30993706643856206,0.8160620401706609
Training_All,Q03154,ACY1,0.10222564336424433,0.7937612270056861,0.4316908918560566,0.8803351820729671
Training_All,Q03252,LMNB2,0.40300417414535517,0.847742037169462,0.4083441761608302,0.8797216330974194
Training_All,Q04323,UBXN1,-3.9811120710808723e-4,-0.002779013832836476,0.9977958217541818,0.998516737746561
Training_All,Q04446,GBE1,0.18926745089101793,1.035474601722517,0.3062327913752266,0.8160620401706609
Training_All,Q04637,EIF4G1,-0.11629721784282943,-0.9154447039464748,0.365061056887949,0.8509951091843132
Training_All,Q04759,PRKCQ,0.1294830972912493,0.7449024909324979,0.4605772156489717,0.8803351820729671
Training_All,Q04760,GLO1,-0.07766205982543717,-0.7029285030479128,0.4858868397131274,0.8854462117879031
Training_All,Q04828,AKR1C1,0.01750186902604156,0.06778862249451074,0.946283239949522,0.9830429611890766
Training_All,Q04837,SSBP1,0.029377024853236122,0.2291966048519455,0.8198022285385207,0.9568083416436597
Training_All,Q04917,YWHAH,-0.00806164660161457,-0.061871503486737874,0.9509517135317984,0.9830429611890766
Training_All,Q05086,UBE3A,-0.0535959368473673,-0.2566876780810568,0.7992308739927912,0.9553162389213824
Training_All,Q05639,EEF1A2,-0.4375638919419558,-2.0409777902287947,0.047418343301150544,0.5400453102273056
Training_All,Q05682,CALD1,-0.15436730399425613,-0.44961009418374914,0.6567144486372423,0.9302666636327549
Training_All,Q06055,ATP5MC2,0.06768975523887732,0.1417313338157432,0.8882086634938497,0.9724265173157302
Training_All,Q06124,PTPN11,0.16188218532646914,0.8515936515763148,0.40360548112816963,0.8773841547882316
Training_All,Q06323,PSME1,0.06770695434616414,0.4468231111113828,0.657244088231793,0.9302666636327549
Training_All,Q06432,CACNG1,0.07404290968998417,0.40552450234648574,0.688171724375245,0.9385035103487251
Training_All,Q06830,PRDX1,-0.11404329977380812,-1.0947364277024734,0.27972334218198247,0.7979342147045305
Training_All,Q07020,RPL18,0.0973203452089706,0.5398813443119818,0.5920625951849305,0.9169154217509196
Training_All,Q07699,SCN1B,-0.2550213495953191,-1.0250081460111282,0.31516717848045184,0.818798204388053
Training_All,Q07960,ARHGAP1,-0.020832683546577968,-0.09101116940160851,0.9280335564078062,0.9824319199882194
Training_All,Q08043,ACTN3,-0.7138649510313595,-1.0265967847404645,0.31339106225092156,0.8181293794784141
Training_All,Q08209,PPP3CA,-0.18063232166517373,-1.7127849920693161,0.09395146895992708,0.6209905438690795
Training_All,Q08257,CRYZ,0.15490599400095917,0.8151198294838423,0.4194934177024957,0.8803351820729671
Training_All,Q08623,PUDP,-0.08182479713582858,-0.36041229351799775,0.7203441965527827,0.9401456325061941
Training_All,Q08752,PPID,-0.43615836688113774,-2.3875551323511957,0.023692333823857856,0.467112422271881
Training_All,Q09028,RBBP4,0.14478402715462657,0.7966390163323649,0.4307399747177012,0.8803351820729671
Training_All,Q09666,AHNAK,0.29776815125701894,1.7172577170522205,0.09312386876654001,0.6209905438690795
Training_All,Q0VAK6,LMOD3,0.027567962093034026,0.13505014330028942,0.8933920726073681,0.9724265173157302
Training_All,Q0VDG4,SCRN3,-0.17790182552838907,-0.9174379616274799,0.36454898412374104,0.8509951091843132
Training_All,Q0ZGT2,NEXN,0.4478903741941611,1.5777266943930723,0.12337103344529399,0.669270028256696
Training_All,Q10567,AP1B1,-0.25267345360210314,-0.54325693822561,0.5912486776022345,0.9169154217509196
Training_All,Q10713,PMPCA,-0.3026235408917284,-1.3313039628902554,0.19169052890684501,0.7160222432931638
Training_All,Q12797,ASPH,-0.27361560864350487,-0.9658671428539285,0.3402142353776674,0.8325712122606018
Training_All,Q12849,GRSF1,-0.14192988936333606,-0.8178451876051621,0.41882267502196113,0.8803351820729671
Training_All,Q12904,AIMP1,0.015297220300574565,0.12202085132370515,0.9034506974296732,0.9730315578435726
Training_All,Q12905,ILF2,0.3167136231682761,0.8302092043180503,0.41427178032714107,0.8803351820729671
Training_All,Q12906,ILF3,-0.028062689406195496,-0.09069279662563637,0.9285211646558877,0.9824319199882194
Training_All,Q12907,LMAN2,0.5611669098139132,2.549673533153511,0.016538444920239866,0.4561368122221056
Training_All,Q12931,TRAP1,0.41384210015233336,4.063640368485453,2.013053075536503e-4,0.1889250311391008
Training_All,Q12955,ANK3,0.15311150756683123,0.8190234121926804,0.420211038268377,0.8803351820729671
Training_All,Q12988,HSPB3,-0.09060854801022167,-0.6967849004895295,0.48986730510116505,0.8865447506276097
Training_All,Q13011,ECH1,0.18671362900467692,2.022446839970846,0.049375021202283716,0.5483841112229972
Training_All,Q13057,COASY,-0.09207740924858498,-0.37279242249349737,0.7116851585027518,0.9401456325061941
Training_All,Q13085,ACACA,0.49624912168468427,1.8345444583666368,0.07349450314780807,0.6046506577057489
Training_All,Q13098,GPS1,0.04109583590060417,0.34333142024124935,0.7330213105321899,0.9401456325061941
Training_All,Q13126,MTAP,-0.07317088053538434,-0.39071342580427465,0.6979829187652173,0.9401456325061941
Training_All,Q13131,PRKAA1,-0.03330833770395536,-0.24806579247628988,0.8052637431751439,0.9568083416436597
Training_All,Q13148,TARDBP,-0.22793290758236928,-0.7636336308063764,0.45195414272568535,0.8803351820729671
Training_All,Q13151,HNRNPA0,-0.18517284872062056,-0.530585455376747,0.6005773293390397,0.9191055861004201
Training_All,Q13153,PAK1,-0.3106701550069406,-1.4664878545174906,0.15143790432563045,0.6986081980893437
Training_All,Q13155,AIMP2,0.3721921294723618,2.4027344286907875,0.020767167985926545,0.4614065460705115
Training_All,Q13162,PRDX4,0.022040097522809887,0.15837884185786788,0.8748993849166664,0.9711331433995168
Training_All,Q13177,PAK2,0.19160154467735957,1.7439689049492133,0.08830662358244402,0.6209905438690795
Training_All,Q13200,PSMD2,0.09089022158307714,0.7857973307058431,0.43629285080676306,0.8803351820729671
Training_All,Q13203,MYBPH,-0.5172094559131608,-1.584568768536451,0.12038847663657379,0.669270028256696
Training_All,Q13228,SELENBP1,-0.038223785627250706,-0.25239138130527633,0.8019405233296896,0.9564371887587155
Training_All,Q13310,PABPC4,0.07375812343592614,0.5695559951191811,0.5719409925272196,0.9136453131690139
Training_All,Q13326,SGCG,0.11529600990464495,0.5632579437034624,0.5764015576695221,0.9169154217509196
Training_All,Q13347,EIF3I,0.2758722425287061,1.8616969953562774,0.06982085896360042,0.6011640012599908
Training_All,Q13363,CTBP1,-0.06603486736135444,-0.2734017005150543,0.7861973572988143,0.9518874603278461
Training_All,Q13404,UBE2V1,-0.01765433013023099,-0.1467681279200572,0.8840006572988176,0.9724265173157302
Training_All,Q13405,MRPL49,0.4728656344106721,1.8236398036044563,0.0788901613272879,0.6137808236789436
Training_All,Q13409,DYNC1I2,0.021195121929807215,0.16811735545957956,0.8672788063389465,0.9678253980369813
Training_All,Q13418,ILK,0.25397626393899664,1.5347836680134435,0.1323325599952783,0.678656325440266
Training_All,Q13423,NNT,0.22805089800318257,2.1505405925396053,0.03717411511926768,0.5041101163904038
Training_All,Q13424,SNTA1,-0.1880371392099356,-1.389737524713796,0.1717587073863619,0.7153019600139002
Training_All,Q13425,SNTB2,0.011354256769442017,0.07067220746198845,0.9439861416054813,0.9830429611890766
Training_All,Q13442,PDAP1,0.10411265852995477,0.4851211686814682,0.6300516090840138,0.9280324726320343
Training_All,Q13445,TMED1,0.08450366992208558,0.3626598612632975,0.7189782750187648,0.9401456325061941
Training_All,Q13496,MTM1,-0.4589927889856984,-1.0353133806639967,0.31042530457211076,0.8160620401706609
Training_All,Q13505,MTX1,0.8465770624569204,4.527947878086247,6.961453954073342e-5,0.13066649071795663
Training_All,Q13508,ART3,-0.49381071215064587,-2.66711199966888,0.01081757767442206,0.4113179315290408
Training_All,Q13510,ASAH1,0.16195045938480312,0.8349916359886383,0.40893854588048084,0.8797216330974194
Training_All,Q13522,PPP1R1A,-0.003280944324632884,-0.012821814594978439,0.989842716233472,0.9937442910602358
Training_All,Q13526,PIN1,-0.08309609225309877,-0.685904282133785,0.49654052799305004,0.8867807526574262
Training_All,Q13541,EIF4EBP1,0.5621283409677673,1.2362683772254683,0.23140721469167896,0.7480036008047727
Training_All,Q13554,CAMK2B,0.2888286826651463,2.7856263334775537,0.007914004675083755,0.4113179315290408
Training_All,Q13555,CAMK2G,-0.25815565467556745,-1.3880823794603734,0.17225869058757148,0.7153019600139002
Training_All,Q13557,CAMK2D,0.03952051920611588,0.34911975314389604,0.728702425244488,0.9401456325061941
Training_All,Q13561,DCTN2,0.09833591439776512,0.9110750911635884,0.36733255825859257,0.8509951091843132
Training_All,Q13564,NAE1,-0.101799993156245,-0.6646350360992085,0.5100031309212791,0.8906088164064927
Training_All,Q13586,STIM1,0.11132863740765053,0.6093261031314796,0.5460297619211115,0.9050551908117838
Training_All,Q13616,CUL1,-0.054607287389231374,-0.36789013005101934,0.7148017975654632,0.9401456325061941
Training_All,Q13617,CUL2,-0.06117727992190325,-0.5563204742043635,0.5810139941441013,0.9169154217509196
Training_All,Q13618,CUL3,-0.06597293911779722,-0.43751831827220466,0.6639760061720564,0.931729205874169
Training_All,Q13619,CUL4A,-0.19347176894747697,-0.8108046299333506,0.4220463513624987,0.8803351820729671
Training_All,Q13620,CUL4B,-0.3219919392486794,-1.1637627285960634,0.251771282772259,0.7719377585879859
Training_All,Q13642,FHL1,-0.16928937921762888,-1.6745828309751414,0.10127165107835069,0.6315179039005456
Training_All,Q13643,FHL3,-0.1263177132519271,-0.6134494784793578,0.5428091213286916,0.9050551908117838
Training_All,Q13683,ITGA7,0.053971244497144966,0.31950598377245176,0.7508892239099839,0.9421250489833154
Training_All,Q13698,CACNA1S,-0.15629205026553628,-1.2434701215000006,0.22042816185727973,0.7361986829290286
Training_All,Q13724,MOGS,-0.15274024060566127,-0.4317893468017852,0.6688808290668019,0.931729205874169
Training_All,Q13813,SPTAN1,0.17502469109872187,0.78397190221646,0.43767204577997654,0.8803351820729671
Training_All,Q13825,AUH,0.11310449739382022,0.7660966370894972,0.44822845130090894,0.8803351820729671
Training_All,Q13838,DDX39B,0.06953335285091633,0.3701744703322235,0.7131569453097341,0.9401456325061941
Training_All,Q13867,BLMH,0.09689430613416405,0.8312009315047114,0.41055834442094064,0.8803351820729671
Training_All,Q13884,SNTB1,0.16730691023611755,0.757087057610571,0.45322201623805836,0.8803351820729671
Training_All,Q13885,TUBB2A,0.05246151451749803,0.24632745170319234,0.8066002883807747,0.9568083416436597
Training_All,Q13907,IDI1,0.09492288015704631,0.6231138785679347,0.5365771014922593,0.9050551908117838
Training_All,Q13976,PRKG1,-0.2560089781827166,-0.9878372559648351,0.3287557364467709,0.8231760411730338
Training_All,Q14011,CIRBP,-0.46406917947499693,-2.883544471920669,0.006175256862276516,0.4113179315290408
Training_All,Q14061,COX17,0.09306953021464004,0.4857528558796074,0.6296072832052156,0.9280324726320343
Training_All,Q14103,HNRNPD,-0.14167311096365687,-1.3301460152115074,0.19047884621270628,0.7160222432931638
Training_All,Q14108,SCARB2,0.04706925841313314,0.18450049684896797,0.8549496095491228,0.9660704544578613
Training_All,Q14116,IL18,-0.16074373951293985,-0.4109153991025193,0.6843750761239438,0.9369598963418252
Training_All,Q14118,DAG1,0.18493834720545443,0.9894885004914016,0.32808774410034425,0.8231760411730338
Training_All,Q14141,SEPTIN6,-0.1911944376185808,-0.3304545343055431,0.7430829789803088,0.9401456325061941
Training_All,Q14152,EIF3A,0.1250717182402088,1.0006584536957452,0.3225871594145172,0.8193451938038548
Training_All,Q14157,UBAP2L,0.24746094192409807,0.4956411933421506,0.625289311223995,0.9280324726320343
Training_All,Q14165,MLEC,0.20894708971783693,1.2730252064956,0.20984534885158837,0.7284941887453982
Training_All,Q14195,DPYSL3,-0.02929965613212282,-0.1359325905201701,0.8925086389265057,0.9724265173157302
Training_All,Q14203,DCTN1,0.1677662037187222,1.4016739288341653,0.16818621065566713,0.7142240298926285
Training_All,Q14204,DYNC1H1,0.13986210146652844,1.4173863319488136,0.16357194187865765,0.7090635910074835
Training_All,Q14240,EIF4A2,-0.17898097710466843,-1.6939205504809849,0.09750944237979246,0.626412971410905
Training_All,Q14249,ENDOG,0.4615904595593392,2.012174377875668,0.050489607544146255,0.5509825195369914
Training_All,Q14254,FLOT2,-0.21656397584830067,-1.0560216644869318,0.2988607191541061,0.8085177708444357
Training_All,Q14257,RCN2,0.1790604425107336,1.1036599705723815,0.2760207986705064,0.7928795695825686
Training_All,Q14315,FLNC,-0.1427159880172919,-1.3562642880050544,0.18209070173638808,0.7160222432931638
Training_All,Q14324,MYBPC2,-0.2822156391365809,-0.7711376080443509,0.4448401322564951,0.8803351820729671
Training_All,Q14353,GAMT,-0.041247890375228025,-0.33792379640113174,0.7370640588849122,0.9401456325061941
Training_All,Q14558,PRPSAP1,-0.4544345445547222,-1.034132647331801,0.3147524766380296,0.818798204388053
Training_All,Q14697,GANAB,0.1004202552699347,0.5600135864878936,0.5783746648050888,0.9169154217509196
Training_All,Q14738,PPP2R5D,-0.06205609486897057,-0.16557861080784403,0.8696773950419522,0.9687741664651301
Training_All,Q14847,LASP1,0.04687986563738633,0.19556932411775313,0.8462226403540979,0.9631556476633009
Training_All,Q14914,PTGR1,0.0877752409400614,0.46809620770211835,0.6420786468256746,0.9280324726320343
Training_All,Q14974,KPNB1,-0.25445919434839936,-1.1185298608796088,0.26954751602713767,0.7836065599371286
Training_All,Q14BN4,SLMAP,-0.17156635525197395,-1.128242094703457,0.26547031999194276,0.7797930995694469
Training_All,Q14CB8,ARHGAP19,-0.42382774156631164,-1.3207229253901085,0.19809185194934184,0.7160222432931638
Training_All,Q15008,PSMD6,-0.24689892840658878,-1.5380508601037417,0.13153281677642412,0.678656325440266
Training_All,Q15019,SEPTIN2,0.04610469087607605,0.22227784148601704,0.8251744036836516,0.9568083416436597
Training_All,Q15046,KARS1,-0.10718389148539664,-0.9408417967587189,0.35203895401174523,0.8400533922250765
Training_All,Q15056,EIF4H,-0.19353886841015644,-1.7765578153466428,0.08271275935409168,0.6137808236789436
Training_All,Q15075,EEA1,-0.06994985665704512,-0.3845047673245688,0.7029293426235432,0.9401456325061941
Training_All,Q15084,PDIA6,-0.062363950870143015,-0.42091256883228295,0.6759142577706221,0.935612877459777
Training_All,Q15102,PAFAH1B3,0.32181480618765335,1.1125855510883873,0.2723640264033959,0.7865035039371909
Training_All,Q15119,PDK2,0.2812907872312316,1.4314261773621744,0.1606963712733814,0.7030934472730465
Training_All,Q15121,PEA15,-1.083232141009404,-2.194860425937112,0.036945510661154916,0.5041101163904038
Training_All,Q15124,PGM5,0.1482647353789659,0.7623307937526291,0.4500221068907112,0.8803351820729671
Training_All,Q15149,PLEC,-0.11886571202990481,-0.633163709873199,0.529978294223214,0.9003586752602205
Training_All,Q15172,PPP2R5A,0.2674531757455689,1.0089973116684148,0.3190375261156139,0.8191975875773014
Training_All,Q15181,PPA1,0.11847333158032036,1.0885381980379614,0.2824179908920246,0.8013256058681569
Training_All,Q15185,PTGES3,0.20930594128135382,1.1543246748528793,0.2547390402107861,0.772955734392967
Training_All,Q15208,STK38,-0.18963480731515858,-0.943674506446714,0.35312623078155914,0.8400533922250765
Training_All,Q15233,NONO,-0.06771827433516009,-0.16526509911620146,0.8705750196311675,0.9691624020817063
Training_All,Q15257,PTPA,0.5851994369524309,2.4105522917330817,0.02027399692717526,0.4596640989779956
Training_All,Q15293,RCN1,0.037604251473648986,0.19163501786007403,0.8490478622056594,0.9631556476633009
Training_All,Q15363,TMED2,-0.5801026257349005,-1.9670828715726396,0.05564391541041721,0.5623574098665551
Training_All,Q15365,PCBP1,0.18439394338051152,1.54574743755365,0.12949063230095184,0.678656325440266
Training_All,Q15366,PCBP2,0.17044917493330303,1.7507558256529572,0.08711630850960667,0.6209905438690795
Training_All,Q15369,ELOC,-0.018381508263180635,-0.12659753322003411,0.899862768902465,0.972607805458062
Training_All,Q15370,ELOB,-0.002975850420110504,-0.02437248487855166,0.980668193892921,0.9917094133294724
Training_All,Q15386,UBE3C,-0.4370704249973709,-2.8213961503509664,0.008691021346240899,0.4113179315290408
Training_All,Q15392,DHCR24,-1.1429752932193438,-3.505957355516985,0.002519343576765096,0.4113179315290408
Training_All,Q15404,RSU1,0.17606066086562144,1.5209508957930287,0.13558857135465993,0.6859831494142767
Training_All,Q15435,PPP1R7,0.023957205807819903,0.23428594716521503,0.8158743999623832,0.9568083416436597
Training_All,Q15436,SEC23A,0.37242199186927927,1.6681627922043498,0.10309004791934155,0.6332428283363121
Training_All,Q15526,SURF1,0.15646980144708245,0.8341507937676748,0.408912933405676,0.8797216330974194
Training_All,Q15555,MAPRE2,-0.18636373388671323,-1.1598297317263397,0.2525145358407157,0.7719377585879859
Training_All,Q15631,TSN,-0.16655536350269706,-0.9176334424162597,0.3639266831089131,0.8509951091843132
Training_All,Q15642,TRIP10,-0.1207687521062688,-0.8863844946004787,0.38033846065353993,0.861806717922229
Training_All,Q15691,MAPRE1,-0.13047433368418027,-0.8799911731725927,0.384117743022903,0.8644372257784086
Training_All,Q15746,MYLK,-0.08454178620161201,-0.25547366704696556,0.7995747529810824,0.9553162389213824
Training_All,Q15772,SPEG,-0.30352011268355206,-1.3276052769195554,0.19541575360430746,0.7160222432931638
Training_All,Q15819,UBE2V2,-0.09163040299376846,-0.8318962740378086,0.410061376917393,0.8803351820729671
Training_All,Q15836,VAMP3,0.2231606309675378,1.1978720889851462,0.23819226201045948,0.7539407686233263
Training_All,Q15843,NEDD8,-0.032366319306397884,-0.2065006802757678,0.8373740323012282,0.9601411476050125
Training_All,Q15847,ADIRF,0.7494549730751423,1.7978767808435414,0.08995699189454867,0.6209905438690795
Training_All,Q15907,RAB11B,-0.06858524236937846,-0.4875757017460729,0.6283845652500675,0.9280324726320343
Training_All,Q15942,ZYX,0.2509357939198864,1.437352074602421,0.15820246924913742,0.7029285602810104
Training_All,Q16082,HSPB2,-0.04104324254023162,-0.353045454756698,0.7257783716354851,0.9401456325061941
Training_All,Q16134,ETFDH,0.09386861754297016,0.777261578338533,0.4412576129415485,0.8803351820729671
Training_All,Q16181,SEPTIN7,0.10989345855319144,0.6728220629273581,0.5046586148694743,0.8906088164064927
Training_All,Q16531,DDB1,-0.04167755358756153,-0.42718535802949054,0.6713747840442739,0.931729205874169
Training_All,Q16543,CDC37,0.12823971753872776,0.6055196939913087,0.5480903676477404,0.9050551908117838
Training_All,Q16555,DPYSL2,0.1064654463838739,0.6937130820093023,0.4915909368632022,0.8865447506276097
Training_All,Q16563,SYPL1,-0.24293359514290813,-1.516296476981612,0.13675838328707327,0.6862326130742955
Training_All,Q16576,RBBP7,0.2074185639912418,0.7637668919703243,0.4531119309865671,0.8803351820729671
Training_All,Q16585,SGCB,0.07013036663528105,0.5343030680105485,0.5959475324233261,0.9191055861004201
Training_All,Q16586,SGCA,0.18130516036917754,1.218666935136438,0.22961113443635878,0.7479155661842476
Training_All,Q16595,FXN,0.30881275526231633,1.7726374014302984,0.0835381499524198,0.6137808236789436
Training_All,Q16654,PDK4,NA,NA,NA,NA
Training_All,Q16658,FSCN1,0.08975938385091808,0.2871498386377097,0.7761880973990718,0.9512761281736578
Training_All,Q16698,DECR1,0.16018429437098902,1.8253484395925652,0.07489568236156163,0.6046506577057489
Training_All,Q16718,NDUFA5,0.04734741463829906,0.28921377941400883,0.7738069413923843,0.9508050139729914
Training_All,Q16740,CLPP,-0.27720743181345675,-0.8970524557060522,0.3789762495366389,0.8601431927210051
Training_All,Q16762,TST,-0.06469357123104302,-0.2986234239799959,0.7668118964237134,0.9481630992029324
Training_All,Q16773,KYAT1,-0.2554865752265325,-1.086124698207004,0.28484329927655005,0.8013256058681569
Training_All,Q16775,HAGH,-0.08537244420143963,-0.9513663482965485,0.3467329005531409,0.8365265479926033
Training_All,Q16778,HIST2H2BE,-0.6881218368610345,-1.96059580422271,0.0567406922508114,0.5623574098665551
Training_All,Q16795,NDUFA9,-0.08990496347145793,-0.6132072118301487,0.5429677896537535,0.9050551908117838
Training_All,Q16816,PHKG1,0.1622289199601994,0.7883087046955445,0.43483849566478894,0.8803351820729671
Training_All,Q16821,PPP1R3A,0.7861833976829224,2.7533363787354683,0.010236708618064715,0.4113179315290408
Training_All,Q16836,HADH,-0.027022177245351386,-0.2124270244320048,0.8327771961856095,0.957988921912975
Training_All,Q16851,UGP2,-0.01394996194395759,-0.1496525219493985,0.8817381421017922,0.9724265173157302
Training_All,Q16853,AOC3,-0.36699462453584353,-1.131089179936706,0.26529159261513,0.7797930995694469
Training_All,Q16881,TXNRD1,-0.1069039280621098,-1.0092724975624687,0.31848690698160753,0.8189040060335305
Training_All,Q16890,TPD52L1,0.06017012853039283,0.22883369771935758,0.8202923952579866,0.9568083416436597
Training_All,Q16891,IMMT,0.1011107915468088,0.9573493853819018,0.3437401114779677,0.8346703612472772
Training_All,Q1KMD3,HNRNPUL2,-0.23670521548630408,-0.6779018625053632,0.5035977616022331,0.8906088164064927
Training_All,Q2TAA2,IAH1,-0.31338237630897936,-1.6147123893156614,0.11368436796892126,0.6525552253139608
Training_All,Q2TBA0,KLHL40,0.10189453928860992,0.41714631456244516,0.6786456951679114,0.9357771074649516
Training_All,Q30154,HLA-DRB5,0.29761123560350455,0.8002283524694531,0.4379342849271598,0.8803351820729671
Training_All,Q3LXA3,TKFC,0.5354048064516324,2.7341889301627713,0.009636467591392823,0.4113179315290408
Training_All,Q3SXM5,HSDL1,0.38498275300967677,2.1290902316531195,0.03978290205578915,0.5221853647462674
Training_All,Q3ZCQ8,TIMM50,0.339308786593687,1.5915416644544198,0.11955743104137982,0.669270028256696
Training_All,Q49AH0,CDNF,0.0166100178938553,0.07096089560617488,0.9437913165531692,0.9830429611890766
Training_All,Q49B96,COX19,0.28538716268171704,1.5194902758601085,0.13595480986994887,0.6859870379728334
Training_All,Q4G0W2,DUSP28,0.34731332665718995,1.6006422253462236,0.11819115044685227,0.6682071969540413
Training_All,Q4VC31,CCDC58,0.15205501517176145,0.9672933740405676,0.33893179188314926,0.831628459040939
Training_All,Q52LJ0,FAM98B,0.33308439185600935,1.503396487223803,0.1534674161048611,0.6988946584399636
Training_All,Q53EU6,GPAT3,-0.11269195324939041,-0.52361894502795,0.6043877084191589,0.9205652449396506
Training_All,Q53FT3,HIKESHI,0.27219658559950055,1.1415688022528405,0.26265719634143,0.7797930995694469
Training_All,Q53GG5,PDLIM3,-0.19288501705843153,-1.2664983883947158,0.21214904410945554,0.7284941887453982
Training_All,Q53GQ0,HSD17B12,0.1075168504541395,0.6655793100158076,0.5093171287394721,0.8906088164064927
Training_All,Q53H82,LACTB2,0.10606183672316583,0.5153429284843843,0.6093771439048741,0.9209347013763677
Training_All,Q562R1,ACTBL2,-0.6419427137536253,-1.3841003629279338,0.17725307174031685,0.7160222432931638
Training_All,Q58WW2,DCAF6,-0.062349344384255545,-0.46330266376081114,0.6457886077169878,0.9280324726320343
Training_All,Q5BKX8,CAVIN4,0.08956009034368329,0.5479875939654903,0.5865326447282742,0.9169154217509196
Training_All,Q5HYK3,COQ5,0.37173517565422465,2.2394849630945908,0.03034636467659164,0.49538696649996233
Training_All,Q5JRX3,PITRM1,0.03696997386265011,0.20125211046154054,0.8416031080037872,0.96205178667668
Training_All,Q5JTJ3,COA6,0.16261582248423245,1.0142010756383921,0.3161568800481812,0.818798204388053
Training_All,Q5JWF2,GNAS,-0.26057038215939876,-1.7742108736735807,0.08327393538566369,0.6137808236789436
Training_All,Q5R3I4,TTC38,NA,NA,NA,NA
Training_All,Q5RI15,COX20,0.5392320576720078,2.483385113211052,0.01719243783400181,0.4561368122221056
Training_All,Q5SQH8,C6orf136,0.6443062688181751,2.177379383843305,0.03803016499965159,0.5041101163904038
Training_All,Q5T440,IBA57,0.4493416344212715,1.643964235415547,0.11269129003499337,0.6495531687728425
Training_All,Q5TAQ9,DCAF8,-3.2635959042594207,-2.708135865093258,0.020326116257418026,0.4596640989779956
Training_All,Q5TC12,ATPAF1,0.13905795765954743,0.9201141545441095,0.36346986997334296,0.8509951091843132
Training_All,Q5TDH0,DDI2,-0.7200331676634821,-1.5508282309799888,0.13458206581005422,0.6845814025080535
Training_All,Q5TEU4,NDUFAF5,-0.37768695585425327,-1.583499713553272,0.13069801352966937,0.678656325440266
Training_All,Q5U5X0,LYRM7,0.3577238300746828,1.6854638104002604,0.1000905638564199,0.6290772691390686
Training_All,Q5VST9,OBSCN,-0.0318169730656539,-0.162544320936684,0.8716383013852871,0.9691624020817063
Training_All,Q5VTT5,MYOM3,-0.30516544757391983,-1.050178621348199,0.29949957072739913,0.8085177708444357
Training_All,Q5VVW2,GARNL3,-0.06306411361496878,-0.2384289058158899,0.8128996344373174,0.9568083416436597
Training_All,Q5VW32,BROX,-0.2728249029061267,-1.624213007270877,0.11281530794882613,0.6495531687728425
Training_All,Q5VWP3,MLIP,-0.0778269443791384,-0.2997628391352576,0.7661300404358309,0.9481630992029324
Training_All,Q5VXT5,SYPL2,-0.10828715498108465,-0.7336480563531158,0.4671426371829448,0.8803351820729671
Training_All,Q5VYK3,ECPAS,-0.030724889424062596,-0.2785999749544924,0.7818865993263102,0.9518874603278461
Training_All,Q5XKP0,MICOS13,-0.09858317038830755,-0.4603652791678452,0.6475725596650386,0.9280324726320343
Training_All,Q5XPI4,RNF123,0.06370247236152338,0.527951365246882,0.6002457944229863,0.9191055861004201
Training_All,Q69YU5,C12orf73,0.2565895875220434,1.0765240770679512,0.2890530168270957,0.8013256058681569
Training_All,Q6DKJ4,NXN,-0.2487204722496532,-1.1173538220819244,0.27104193040743113,0.784254282997053
Training_All,Q6FI13,HIST2H2AA3,-0.1716202324132876,-0.5579481682488312,0.5797718328210669,0.9169154217509196
Training_All,Q6GMV3,PTRHD1,-0.2425592606933975,-1.3229656597260788,0.19335618506863203,0.7160222432931638
Training_All,Q6IAA8,LAMTOR1,-0.13707418947842687,-0.5373601747079216,0.59558460031368,0.9191055861004201
Training_All,Q6IAN0,DHRS7B,-0.3683416246427633,-2.0427378738798905,0.0472360535730433,0.5400453102273056
Training_All,Q6IBS0,TWF2,-0.33253010862507537,-2.0844933059601582,0.043086924549656305,0.531235031159426
Training_All,Q6IPR1,ETFRF1,0.2248856824639507,0.6798049164003576,0.5010970595254518,0.8906088164064927
Training_All,Q6IQ22,RAB12,-0.10483403289405047,-0.566704193475225,0.5743350902627862,0.9166895955980013
Training_All,Q6JBY9,RCSD1,-0.11029116424537655,-0.7685599492144225,0.44635318261801726,0.8803351820729671
Training_All,Q6JQN1,ACAD10,0.4229523423584727,2.520731501923916,0.020302496998536375,0.4596640989779956
Training_All,Q6NUJ1,PSAPL1,0.08610744782422941,0.3765608963300537,0.7088382943366465,0.9401456325061941
Training_All,Q6NUK1,SLC25A24,0.18205950817760552,1.061962409622203,0.29595791415648987,0.8062009537412297
Training_All,Q6NVY1,HIBCH,0.27386238561282816,1.4962049637077526,0.141900810515416,0.6862326130742955
Training_All,Q6NZI2,CAVIN1,0.01848448850246065,0.13158119908826055,0.895928984499958,0.9725638614789661
Training_All,Q6P1A2,LPCAT3,NA,NA,NA,NA
Training_All,Q6P1N9,TATDN1,-0.0919099811160553,-0.4626397261943213,0.645954162509069,0.9280324726320343
Training_All,Q6P587,FAHD1,-0.14141886446627439,-0.7948941844911199,0.4310385831119742,0.8803351820729671
Training_All,Q6PI48,DARS2,-0.11671506695798328,-0.4898412206571527,0.6269889620145448,0.9280324726320343
Training_All,Q6QEF8,CORO6,-0.4189505552626063,-1.34422086057336,0.19143497911337795,0.7160222432931638
Training_All,Q6UW68,TMEM205,-0.10595347375241992,-0.6333909559566717,0.5298313282396351,0.9003586752602205
Training_All,Q6UW78,UQCC3,-0.46013137472972865,-1.069356313150079,0.30433112399439116,0.8148780595399033
Training_All,Q6UWP2,DHRS11,-0.156494275849127,-0.5510054334104485,0.5903020649354991,0.9169154217509196
Training_All,Q6UXV4,APOOL,0.027443927966121606,0.21616659932886176,0.8298795845476175,0.9568083416436597
Training_All,Q6XQN6,NAPRT,0.010403663859644752,0.05302892640670331,0.9580018610699481,0.9840929073844938
Training_All,Q6YN16,HSDL2,0.13871935930373702,1.3984468625619257,0.1691463102372686,0.7142240298926285
Training_All,Q6YP21,KYAT3,-0.013127246091441336,-0.036947848770054505,0.9711872800039658,0.9879392186139303
Training_All,Q6ZMU5,TRIM72,-0.024349170147935695,-0.2388133225440277,0.8123843006812417,0.9568083416436597
Training_All,Q6ZVM7,TOM1L2,-0.059588829910289576,-0.3290064757437443,0.7441102354599209,0.9401456325061941
Training_All,Q702N8,XIRP1,0.014032149876614497,0.06626576450963294,0.9474732288819119,0.9830429611890766
Training_All,Q709C8,VPS13C,-0.18311028223237358,-1.1490556849827105,0.26286053785161156,0.7797930995694469
Training_All,Q70IA6,MOB2,-0.04945485089738533,-0.21804996555416073,0.8289161257097473,0.9568083416436597
Training_All,Q712K3,UBE2R2,-0.41130753154651867,-2.0490013223589534,0.053796316923360246,0.5609760381397065
Training_All,Q7KZF4,SND1,-0.5570487350624074,-1.3938030558658367,0.1766866195780379,0.7160222432931638
Training_All,Q7L0Y3,TRMT10C,0.1427628417353599,0.7528767658232307,0.460740713906831,0.8803351820729671
Training_All,Q7L1Q6,BZW1,0.10047114702596716,0.3558536157649681,0.7237737351054998,0.9401456325061941
Training_All,Q7L2H7,EIF3M,-0.544632014251512,-2.346885653128342,0.025492656678659388,0.47201629515007276
Training_All,Q7L5N1,COPS6,-0.10930422400893391,-1.0485665061347866,0.3002327577403152,0.8085177708444357
Training_All,Q7LBR1,CHMP1B,0.033958602259865245,0.12457114111477728,0.9016183172600042,0.972607805458062
Training_All,Q7Z3D6,DGLUCY,-0.24311697725939396,-0.930189846318229,0.3586405854553635,0.8459002179238425
Training_All,Q7Z406,MYH14,0.06291941320711025,0.5220996893848876,0.6042789360563932,0.9205652449396506
Training_All,Q7Z434,MAVS,-0.07533013514404452,-0.5047258567002656,0.6175624998346587,0.9265905772898916
Training_All,Q7Z4H3,HDDC2,0.239632195163356,0.8036045980254537,0.4302145729649858,0.8803351820729671
Training_All,Q7Z4W1,DCXR,-0.05300344586664529,-0.3760056856384466,0.7087605077696746,0.9401456325061941
Training_All,Q7Z6Z7,HUWE1,0.03924924976634081,0.19174667394103193,0.8489101934478939,0.9631556476633009
Training_All,Q7Z7F7,MRPL55,0.14080046458535733,0.5860370668401835,0.5617186468033656,0.9114327942866146
Training_All,Q86SX6,GLRX5,0.00935552906175019,0.07472018471437558,0.9407919236819482,0.9830429611890766
Training_All,Q86TC9,MYPN,0.15055576507536372,0.6992532279038117,0.48854113607540617,0.8865447506276097
Training_All,Q86TD4,SRL,0.02411544230926843,0.1716273148554143,0.8645352817737839,0.9665473949033128
Training_All,Q86TP1,PRUNE1,-0.30791054554418373,-1.5442672219631712,0.13205402566922622,0.678656325440266
Training_All,Q86TX2,ACOT1,-0.09142551273398958,-0.30408801624410425,0.7630912763592407,0.946677016342561
Training_All,Q86U28,ISCA2,-0.06713304067933912,-0.36626329382411343,0.7160062576986863,0.9401456325061941
Training_All,Q86UT6,NLRX1,0.1725924353984425,1.0879330461071721,0.2832987462149059,0.8013256058681569
Training_All,Q86UX7,FERMT3,NA,NA,NA,NA
Training_All,Q86V88,MDP1,-0.0889781861647716,-0.4510473888489677,0.6545173950594086,0.9302666636327549
Training_All,Q86VF7,NRAP,-0.010507321305247785,-0.05409262327066489,0.957111783023085,0.9840929073844938
Training_All,Q86VP6,CAND1,0.0062776836713922535,0.03578074296254772,0.9716226944919102,0.9879392186139303
Training_All,Q86VS8,HOOK3,-1.3330607630045748,-1.4855572703730537,0.16314123058845253,0.7088335412373273
Training_All,Q86VU5,COMTD1,-0.8964814259987133,-2.184195636670252,0.04521332075152299,0.5318871460302511
Training_All,Q86WU2,LDHD,-0.017694062165826807,-0.10177730095237303,0.9194175476788325,0.977492888724166
Training_All,Q86X55,CARM1,-0.06119872821714978,-0.300099985466009,0.7658259538005292,0.9481630992029324
Training_All,Q86X76,NIT1,-0.11832098535367841,-0.8114645427560455,0.42167163141188346,0.8803351820729671
Training_All,Q86Y39,NDUFA11,0.02968783700869082,0.1296693571351383,0.897432396420655,0.9725638614789661
Training_All,Q86YB7,ECHDC2,-0.0977913743346317,-0.42185952731338333,0.6778568737079984,0.9357771074649516
Training_All,Q8IUZ5,PHYKPL,0.1471586132775684,0.7795433408631728,0.4404852350027374,0.8803351820729671
Training_All,Q8IVN3,MUSTN1,-0.43559672955613493,-1.6548262014850597,0.10523813825026175,0.6387269950095036
Training_All,Q8IW45,NAXD,-0.037259219467776106,-0.26431525898234814,0.7927991282040188,0.9528105772667944
Training_All,Q8IWA5,SLC44A2,-0.11835204372919605,-0.5888142503164795,0.5629134994921812,0.9116381695831096
Training_All,Q8IWW8,ADHFE1,0.4106796692200554,1.4721236042485948,0.14843798257613747,0.6930798340681842
Training_All,Q8IWX7,UNC45B,0.1840260232662967,1.245039354077167,0.21985648077941994,0.7355982431782018
Training_All,Q8IXJ6,SIRT2,0.39840857638034066,1.3592872534956575,0.18529234868160926,0.7160222432931638
Training_All,Q8IXM3,MRPL41,-0.449583060439533,-1.0005335460883829,0.3328974785066383,0.824338479098892
Training_All,Q8IYS1,PM20D2,-0.2349886343004517,-0.7830456237241288,0.44016837084043725,0.8803351820729671
Training_All,Q8IYU8,MICU2,-0.1838970415843102,-0.8323071596066721,0.4155630728415346,0.8803351820729671
Training_All,Q8IZ83,ALDH16A1,-0.006711794847579,-0.01195685604146446,0.9905676976950992,0.9937442910602358
Training_All,Q8N0U8,VKORC1L1,-0.2761311311280359,-1.2164401848243875,0.2329919795608831,0.7480036008047727
Training_All,Q8N0X4,CLYBL,-0.4033894030776519,-1.2568298235117503,0.22260133503815116,0.7395469605561165
Training_All,Q8N142,ADSS1,0.007716126066943829,0.06011609733377122,0.9523415624459257,0.9830429611890766
Training_All,Q8N1G4,LRRC47,0.11651227657760366,1.0725328983748272,0.2894602880920369,0.8013256058681569
Training_All,Q8N335,GPD1L,0.0667717720967893,0.5271144914311626,0.6008218189372485,0.9191055861004201
Training_All,Q8N3D4,EHBP1L1,-0.12864020818318167,-0.7104851023469723,0.48162831494575753,0.8813317208894812
Training_All,Q8N3L3,TXLNB,-0.16662199070329287,-1.1908329623008442,0.24024818550528182,0.7560544020436518
Training_All,Q8N3V7,SYNPO,0.20801636535442114,0.8584145265630294,0.3960429332097294,0.8722570635038145
Training_All,Q8N4Q0,ZADH2,0.1907256802086401,1.1349324469418982,0.26299175314951034,0.7797930995694469
Training_All,Q8N4T8,CBR4,0.03476981938857193,0.22425357328607,0.823700929174219,0.9568083416436597
Training_All,Q8N5K1,CISD2,0.22206369320469754,0.8558036336175551,0.398668470586637,0.8739549002198561
Training_All,Q8N5M1,ATPAF2,0.37201732663274534,1.7862427619227845,0.08163761780666505,0.6137808236789436
Training_All,Q8N5M9,JAGN1,-0.0931550345217449,-0.5568292500047204,0.5808238942028023,0.9169154217509196
Training_All,Q8N6M3,FITM2,-0.027145865831933236,-0.11867428254775604,0.9061750055072316,0.9736064598380503
Training_All,Q8N766,EMC1,-0.21323827744113366,-0.7206979333056348,0.4794261922931331,0.8813317208894812
Training_All,Q8N8N7,PTGR2,-0.15951898809466059,-1.3018623754359093,0.19989113238445275,0.7160222432931638
Training_All,Q8NB12,SMYD1,-0.048297730747714596,-0.36375748824323684,0.7178206640193481,0.9401456325061941
Training_All,Q8NBF2,NHLRC2,0.2058701278395727,1.1396158876414044,0.2609008167512784,0.7797930995694469
Training_All,Q8NBN7,RDH13,-0.04158113021628651,-0.17145793317655453,0.8651900708965244,0.9665473949033128
Training_All,Q8NBU5,ATAD1,0.10335475311183373,0.6415693931788659,0.5245564264045911,0.8978097310977282
Training_All,Q8NBX0,SCCPDH,-0.025826397789067812,-0.21212758006897203,0.833009323122096,0.957988921912975
Training_All,Q8NC51,SERBP1,-0.23410780150848431,-0.9856666735380518,0.32980783993373775,0.8232038770686513
Training_All,Q8NCA5,FAM98A,0.052999482118549324,0.22298072227876023,0.8247136358615499,0.9568083416436597
Training_All,Q8NCN5,PDPR,0.25716795821987937,1.2798356515896119,0.2083571418564296,0.7276501499170719
Training_All,Q8NCW5,NAXE,0.021474987763934195,0.22183940459971105,0.825488590026146,0.9568083416436597
Training_All,Q8NDH3,NPEPL1,0.09799666966151577,0.5995737756787259,0.5520096599200739,0.9070982482101263
Training_All,Q8NDY3,ADPRHL1,-0.17889987977107857,-0.9996676116947776,0.3230610724212931,0.8194400445064421
Training_All,Q8NE62,CHDH,NA,NA,NA,NA
Training_All,Q8NE71,ABCF1,0.21734333742791812,0.93988125684393,0.352780173201537,0.8400533922250765
Training_All,Q8NE86,MCU,-0.13002062539578496,-0.7397918073544798,0.4638540210329589,0.8803351820729671
Training_All,Q8NFV4,ABHD11,0.6537684089560916,2.8226593533566837,0.0075359780669508915,0.4113179315290408
Training_All,Q8NHH9,ATL2,-0.21444180661959145,-0.884980706960858,0.38108661474451255,0.861806717922229
Training_All,Q8NI37,PPTC7,0.41956750991652036,2.1409855637796014,0.04111544945628392,0.5285869769140062
Training_All,Q8NI60,COQ8A,0.09147775380957412,0.9203570203715273,0.36251830386771133,0.8509951091843132
Training_All,Q8TAT6,NPLOC4,-0.3786026957099935,-3.073968875063004,0.0036601661877186126,0.4113179315290408
Training_All,Q8TB37,NUBPL,0.18756337507156928,0.901382520910635,0.3737219989044003,0.8523404519362809
Training_All,Q8TB45,DEPTOR,0.09201746668732014,0.6123256067286118,0.5435453833631474,0.9050551908117838
Training_All,Q8TBC4,UBA3,0.03338887270373725,0.2496429027224937,0.8040798528829265,0.9564371887587155
Training_All,Q8TBQ9,TMEM167A,-0.42521787147368073,-1.6452245276444093,0.11725207502023964,0.6649007396162835
Training_All,Q8TC12,RDH11,0.504298780405402,2.4032915455505894,0.023669767556301003,0.467112422271881
Training_All,Q8TCA0,LRRC20,-0.06116245766966344,-0.38425738189275976,0.702680481296841,0.9401456325061941
Training_All,Q8TCD5,NT5C,-0.4178107399279387,-1.4118561337090643,0.16535477198484358,0.7142240298926285
Training_All,Q8TCJ2,STT3B,-0.17672928560251222,-1.0054752186883829,0.32468944580747594,0.8224589605676549
Training_All,Q8TCS8,PNPT1,0.5676307349802414,3.022401159035511,0.004532481046933331,0.4113179315290408
Training_All,Q8TCT8,SPPL2A,-0.34383612201955316,-1.2939874199707684,0.21200741833870818,0.7284941887453982
Training_All,Q8TDC0,MYOZ3,-0.23774881004650794,-0.5775974917398251,0.5681484099936559,0.9133857413219694
Training_All,Q8TDX7,NEK7,-0.02749056444156217,-0.13684282090667138,0.8917934255201525,0.9724265173157302
Training_All,Q8TEA8,DTD1,-0.25864496168531126,-1.3347344480625045,0.18932438646537483,0.7160222432931638
Training_All,Q8WTS6,SETD7,-0.17110464030454864,-1.2209627333939388,0.22874949591292248,0.7467179197018357
Training_All,Q8WUD1,RAB2B,-0.030609463517471625,-0.10580686209548623,0.9166934730014009,0.9770775972876943
Training_All,Q8WUM4,PDCD6IP,0.022618779957399582,0.20134222825392095,0.8413799338527763,0.96205178667668
Training_All,Q8WVI0,SMIM4,0.180107541658316,0.7263469368014659,0.47219366168516075,0.8810326204444509
Training_All,Q8WVM8,SCFD1,0.13588977211837516,0.5597744496148274,0.5791962557000072,0.9169154217509196
Training_All,Q8WW22,DNAJA4,0.394436168941926,2.2953514374871897,0.026650728808377853,0.47859070889526006
Training_All,Q8WW59,SPRYD4,0.11094023798826314,0.7747311846664116,0.44273581361431635,0.8803351820729671
Training_All,Q8WWV3,RTN4IP1,0.38777055913144487,1.3184181723376212,0.19546239569840565,0.7160222432931638
Training_All,Q8WXH0,SYNE2,-1.5773764589724948,-2.6866888293132005,0.013467793580781475,0.4543600662851612
Training_All,Q8WY91,THAP4,0.12612255377892012,0.5422290746528654,0.5915348284068223,0.9169154217509196
Training_All,Q8WYQ3,CHCHD10,0.4649072211503533,1.7358915549150595,0.09068158487227143,0.6209905438690795
Training_All,Q8WZ42,TTN,-0.3505158864562681,-0.905310605779808,0.3703430849826578,0.8509951091843132
Training_All,Q8WZA0,LZIC,0.05651553508121587,0.28490476592723984,0.7772632389467686,0.9512761281736578
Training_All,Q8WZA9,IRGQ,-0.274047172008439,-1.4871915557125397,0.14674562606425995,0.6920641711623515
Training_All,Q92499,DDX1,-0.07307537563120547,-0.49899631398785455,0.6203240430693364,0.9280324726320343
Training_All,Q92506,HSD17B8,0.1490361712526873,0.74291331372686,0.46157173952853947,0.8803351820729671
Training_All,Q92523,CPT1B,0.004662136381703874,0.03157833317669167,0.9749543696676475,0.9891834334411754
Training_All,Q92530,PSMF1,0.1355047822570139,0.6921828122802182,0.4926298214728806,0.8865447506276097
Training_All,Q92552,MRPS27,0.01947650018500191,0.051496943074858796,0.9593937996599127,0.9845719857636173
Training_All,Q92598,HSPH1,0.11630355738718556,0.3743658937413557,0.7110539044129445,0.9401456325061941
Training_All,Q92614,MYO18A,-0.1665581866869097,-0.7557963710259799,0.45408956438878156,0.8803351820729671
Training_All,Q92616,GCN1,-0.6538943863586297,-0.9171207591909448,0.37267873188572476,0.8509951091843132
Training_All,Q92629,SGCD,0.08032941799484483,0.7806752901833268,0.4392680416877789,0.8803351820729671
Training_All,Q92696,RABGGTA,0.2906365582587025,1.8128870071323644,0.07717133951853675,0.613773746933447
Training_All,Q92734,TFG,0.2790082448808455,1.9597844638795079,0.05877304403849656,0.5640796377450228
Training_All,Q92736,RYR2,-0.2385264563005638,-2.2637289862949674,0.028689946061605257,0.48514440322191954
Training_All,Q92841,DDX17,0.05629400868912349,0.2587750701016192,0.797072184036898,0.9535401462315216
Training_All,Q92882,OSTF1,NA,NA,NA,NA
Training_All,Q92890,UFD1,-0.09086601836704666,-0.606602078133024,0.5473784423384849,0.9050551908117838
Training_All,Q92905,COPS5,-0.2123190698961892,-1.9333700862339338,0.059788328863816194,0.5696583415095584
Training_All,Q92947,GCDH,0.25538955838701405,1.7289344593330291,0.0921529334216314,0.6209905438690795
Training_All,Q92973,TNPO1,-0.1908937994955977,-0.7960753945757556,0.43532587782142684,0.8803351820729671
Training_All,Q93008,USP9X,-0.01564401309719088,-0.058454189387860435,0.9536639429757815,0.9830429611890766
Training_All,Q93034,CUL5,-0.1642902477671413,-1.4455826278300914,0.15553991334128728,0.7020159758938893
Training_All,Q93052,LPP,-0.2442807026835876,-0.7641851154938601,0.4507216993551284,0.8803351820729671
Training_All,Q93084,ATP2A3,-0.04440569248808934,-0.2889373137142977,0.7740170811671448,0.9508050139729914
Training_All,Q93100,PHKB,0.09579262656872878,0.5722834612266136,0.5701085739482177,0.9133857413219694
Training_All,Q969Q5,RAB24,0.4973880494236447,2.0478872447258682,0.05268025992416373,0.5602090091056284
Training_All,Q969X5,ERGIC1,0.10169563055028163,0.59230284146308,0.5571540001810159,0.9078039003380718
Training_All,Q969Z3,MTARC2,-0.12778933505071777,-0.4617330673467212,0.6497974796963286,0.9280324726320343
Training_All,Q96A26,FAM162A,0.06034690948741428,0.5044772616723248,0.6165002035351008,0.9264778879386584
Training_All,Q96A32,MYLPF,-0.27770685065359046,-0.7748760751402539,0.4426510927240229,0.8803351820729671
Training_All,Q96AB3,ISOC2,0.05073303272515162,0.3370807180768119,0.7376950282631571,0.9401456325061941
Training_All,Q96AC1,FERMT2,-0.06663892068855404,-0.3492751891743338,0.7285865708590431,0.9401456325061941
Training_All,Q96AE4,FUBP1,0.026344315238745253,0.12781686149323035,0.8992765670320608,0.972607805458062
Training_All,Q96AG3,SLC25A46,0.20775793973436052,1.3909549274755337,0.1730138997582902,0.7153019600139002
Training_All,Q96AN5,TMEM143,0.40816332831748703,1.8232783334579088,0.07537999675180887,0.6046506577057489
Training_All,Q96AQ6,PBXIP1,-0.10004762302049741,-0.7491382479130606,0.4578505589146038,0.8803351820729671
Training_All,Q96BM9,ARL8A,-0.24324245250790177,-1.3429668832035686,0.18704227549365063,0.7160222432931638
Training_All,Q96C00,ZBTB9,-0.16495257583704692,-0.7446166433940623,0.4606476475800818,0.8803351820729671
Training_All,Q96C01,FAM136A,-0.09240328137314258,-0.4285468034741886,0.6726121864461903,0.931729205874169
Training_All,Q96C11,FGGY,-0.16650334420181956,-0.6074760441781656,0.5494806681856981,0.90550940665896
Training_All,Q96C23,GALM,-0.3758473581604953,-1.3401505796422204,0.18775553256949165,0.7160222432931638
Training_All,Q96C90,PPP1R14B,-0.10458578533693874,-0.3365034634926949,0.7388321110220146,0.9401456325061941
Training_All,Q96CM8,ACSF2,0.34322429784619324,1.9503914418981054,0.05766383004570108,0.5623574098665551
Training_All,Q96CN7,ISOC1,-0.08036527653557535,-0.42652810370540456,0.6718498459592753,0.931729205874169
Training_All,Q96CT7,CCDC124,NA,NA,NA,NA
Training_All,Q96CV9,OPTN,-0.5191636913095898,-1.6762109683988415,0.10260314137369647,0.6332428283363121
Training_All,Q96CW1,AP2M1,0.26740724905838675,1.7227296277451012,0.09306313850535555,0.6209905438690795
Training_All,Q96CX2,KCTD12,0.4024139497771557,1.4977431327670627,0.14315968693228948,0.6862326130742955
Training_All,Q96DA6,DNAJC19,0.33568522095886344,1.4658264114745052,0.15344721637788974,0.6988946584399636
Training_All,Q96DB5,RMDN1,0.2285307670288752,1.182379949239543,0.24354869978822924,0.7564433149048576
Training_All,Q96DC8,ECHDC3,-0.03468481682565461,-0.1384695493433996,0.8907364628669051,0.9724265173157302
Training_All,Q96DE0,NUDT16,-0.06063342595454202,-0.39294313378229595,0.6967431849421148,0.9401456325061941
Training_All,Q96DG6,CMBL,-0.28282826018313045,-2.2667012885419235,0.028492516742295703,0.48514440322191954
Training_All,Q96DH6,MSI2,0.0869526162272205,0.6161361213157523,0.5411280826705145,0.9050551908117838
Training_All,Q96DV4,MRPL38,0.12915625941530884,0.41573248103190696,0.6825140437504096,0.9357771074649516
Training_All,Q96EY1,DNAJA3,-0.07871709543096372,-0.2536146045065681,0.8012352882291052,0.9564371887587155
Training_All,Q96EY7,PTCD3,-0.27041098419324605,-0.7468341969934655,0.4611715727782396,0.8803351820729671
Training_All,Q96EY8,MMAB,0.489474238117209,2.28474040292179,0.029323498878766847,0.49143042317361946
Training_All,Q96FJ2,DYNLL2,-0.014687447865563641,-0.13000981889857421,0.8971646400185918,0.9725638614789661
Training_All,Q96FQ6,S100A16,0.26265460733061907,0.6925641283429801,0.49551032935882977,0.8867807526574262
Training_All,Q96FV2,SCRN2,-0.2750476612327102,-1.2469573624114494,0.21915923518053224,0.7355982431782018
Training_All,Q96FW1,OTUB1,-0.12347530247239291,-1.0682785630807636,0.29135261378497956,0.8013256058681569
Training_All,Q96FZ7,CHMP6,-0.3263448276911367,-1.4235002903172338,0.16694170340562056,0.7142240298926285
Training_All,Q96GG9,DCUN1D1,-1.0781455191400635,-3.2447800419456394,0.002638219674991479,0.4113179315290408
Training_All,Q96GK7,FAHD2A,0.07873183961131325,0.4281917440393222,0.6711334486970784,0.931729205874169
Training_All,Q96GX9,APIP,-0.048278233197825315,-0.13804229358453163,0.8912305267103761,0.9724265173157302
Training_All,Q96HC4,PDLIM5,-0.35844294728880755,-1.9490924280231774,0.05782364416848436,0.5623574098665551
Training_All,Q96HE7,ERO1A,-0.19629218668503512,-0.7133184321643354,0.47978774100292787,0.8813317208894812
Training_All,Q96HN2,AHCYL2,-0.012199088184630114,-0.07674730004988434,0.9392492720514416,0.9830429611890766
Training_All,Q96HY7,DHTKD1,NA,NA,NA,NA
Training_All,Q96I23,PYURF,-0.2065926310752868,-0.43688162456250357,0.6644883549950515,0.931729205874169
Training_All,Q96I99,SUCLG2,0.18189992035487101,1.0755290824758588,0.28813274012416423,0.8013256058681569
Training_All,Q96IU4,ABHD14B,0.013038073208939238,0.107352977350098,0.9150080339743549,0.9766049989621426
Training_All,Q96IV0,NGLY1,-0.3013020064864662,-0.8354808122380537,0.4157327488303001,0.8803351820729671
Training_All,Q96IX5,ATP5MD,0.04131130290993745,0.30535455308623377,0.7615686818463054,0.9454129734295736
Training_All,Q96JJ7,TMX3,0.29070505169247696,1.6236468679341631,0.11457068525888699,0.6536449125560209
Training_All,Q96K17,BTF3L4,0.09054177467468882,0.5831957856174415,0.562806371002096,0.9116381695831096
Training_All,Q96K76,USP47,0.18470859223185165,1.3608042842080734,0.18180252947044823,0.7160222432931638
Training_All,Q96KP4,CNDP2,-0.2230023352080579,-1.2812638658740527,0.20696427629067857,0.7276501499170719
Training_All,Q96L96,ALPK3,0.06461685470191547,0.200065318416266,0.8430466040907721,0.9625294865440264
Training_All,Q96MF2,STAC3,-0.03594246075051544,-0.19971394367340667,0.842768598993669,0.9625294865440264
Training_All,Q96MF6,COQ10A,-0.15341942925688734,-0.7188544229166199,0.4762091346163201,0.8813317208894812
Training_All,Q96MG2,JSRP1,-0.08174168892617395,-0.46814699263339976,0.6420426234977714,0.9280324726320343
Training_All,Q96MW1,CCDC43,-0.4822578080574411,-1.7597938369325072,0.093714039720585507,0.6209905438690795
Training_All,Q96NY7,CLIC6,-0.059135149816713195,-0.23309007218498595,0.8169098364878035,0.9568083416436597
Training_All,Q96PE7,MCEE,-0.15430993164537732,-0.7954723045448036,0.4318539239979764,0.8803351820729671
Training_All,Q96PU8,QKI,-0.07730097245829093,-0.4965381549933883,0.6223734597899346,0.9280324726320343
Training_All,Q96Q06,PLIN4,-0.045779878021580345,-0.33021975409461446,0.742836621108828,0.9401456325061941
Training_All,Q96QK1,VPS35,0.16711415367385563,1.5645258785130252,0.1250209236088326,0.6753402755494013
Training_All,Q96RP9,GFM1,0.1778169454925571,0.8638999911563735,0.3929221523823586,0.8700430520228495
Training_All,Q96RQ3,MCCC1,-0.6386574170211752,-3.1262266885825776,0.0034379804614821656,0.4113179315290408
Training_All,Q96S19,METTL26,-0.014772926842098855,-0.07467788134344854,0.9408959403803938,0.9830429611890766
Training_All,Q96S66,CLCC1,-0.27381988136625246,-1.1976348941218418,0.24438911848670886,0.7569610155108127
Training_All,Q99426,TBCB,0.05322349933357984,0.32719921821119996,0.7454649678258009,0.9406925428657849
Training_All,Q99436,PSMB7,-0.2383255931755297,-1.6297138578621406,0.11046314446697979,0.6482770836592677
Training_All,Q99447,PCYT2,-0.05309887264823843,-0.21496993971610495,0.8320786983627795,0.957988921912975
Training_All,Q99460,PSMD1,-0.13444781291814678,-1.1720303604451676,0.24763448886595701,0.7652606798279789
Training_All,Q99471,PFDN5,-0.10795758546396428,-0.6579755912412875,0.5142294985777351,0.8906088164064927
Training_All,Q99497,PARK7,-0.16093999671808312,-1.3870549247680912,0.1725696286910862,0.7153019600139002
Training_All,Q99504,EYA3,-0.33786407330272716,-1.462070683624334,0.1537791656556766,0.6988946584399636
Training_All,Q99536,VAT1,0.37475003136905727,1.3693314170453277,0.17853120255274194,0.7160222432931638
Training_All,Q99541,PLIN2,0.07184886461800666,0.26187003799767733,0.7948351363745936,0.9528105772667944
Training_All,Q99584,S100A13,0.583098953252577,1.8380009181472454,0.07297361753473791,0.6046506577057489
Training_All,Q99613,EIF3C,0.21550505301305378,1.912193994812048,0.06268455930087276,0.5719998961435014
Training_All,Q99623,PHB2,0.07634145727999986,0.8660745738422182,0.3912536583372732,0.8690924457977063
Training_All,Q99627,COPS8,0.09291925114796307,0.6408827761370719,0.5249982053893458,0.8978097310977282
Training_All,Q99643,SDHC,0.1290242160249715,0.5971677983433261,0.5535254444590882,0.9070982482101263
Training_All,Q99653,CHP1,-0.18422462380043214,-1.0797738670998678,0.2878384012585494,0.8013256058681569
Training_All,Q99685,MGLL,0.2792150145064891,1.5062512593943622,0.14404669661761982,0.6862326130742955
Training_All,Q99714,HSD17B10,0.19440241259338187,1.8989956897425646,0.0642841843522695,0.5785137360256729
Training_All,Q99733,NAP1L4,-0.3021352382926299,-1.529866807022115,0.1333700534718534,0.6821133252497789
Training_All,Q99735,MGST2,-0.47775557188421125,-2.1800049612493906,0.03490939180245593,0.5032635957237299
Training_All,Q99757,TXN2,-0.06290805214004536,-0.32581663582997794,0.7461425937809364,0.9406925428657849
Training_All,Q99766,DMAC2L,0.17665854672662462,0.9041659740895758,0.37118683776282,0.8509951091843132
Training_All,Q99798,ACO2,0.1213158603020652,1.2502225772313966,0.2179760280698191,0.7355982431782018
Training_All,Q99807,COQ7,0.040928913989287,0.3736826465539935,0.7104756643259915,0.9401456325061941
Training_All,Q99816,TSG101,-0.2549375450318383,-1.4679086809046804,0.15035349091280567,0.6985482733745947
Training_All,Q99829,CPNE1,-0.2480045262092503,-1.1841858328883628,0.24350261142697305,0.7564433149048576
Training_All,Q99832,CCT7,-0.1184197711941195,-0.9949879938980973,0.3253056492199742,0.8229093040241126
Training_All,Q99873,PRMT1,-0.018998114694324997,-0.1217038448599709,0.9037002635423664,0.9730315578435726
Training_All,Q9BPX5,ARPC5L,0.45841835608078263,2.5797666683400737,0.013767287562184038,0.4543600662851612
Training_All,Q9BQ69,MACROD1,-0.13189868397646975,-1.17140205468197,0.24788412005083174,0.7652606798279789
Training_All,Q9BQA1,WDR77,0.16234893966871766,0.7182279832146269,0.4766876316338563,0.8813317208894812
Training_All,Q9BQS8,FYCO1,-0.058949805975977654,-0.33651576872264227,0.7381974266335749,0.9401456325061941
Training_All,Q9BR39,JPH2,-0.19241963907160908,-0.6554468648509026,0.5157525790749711,0.8914066214767226
Training_All,Q9BRA2,TXNDC17,0.09833019711563651,0.8617517567819684,0.39360205463189113,0.8701897014653236
Training_All,Q9BRC7,PLCD4,-0.15608553301990646,-1.1964064343540666,0.23808992091998005,0.7539407686233263
Training_All,Q9BRF8,CPPED1,-0.09683732566128,-0.5313024375681578,0.5979418289800051,0.9191055861004201
Training_All,Q9BRT3,MIEN1,0.129836909212397,0.5750246870565558,0.5691721205159911,0.9133857413219694
Training_All,Q9BRX8,PRXL2A,0.07916163067762483,0.40677635611674134,0.6861889202836388,0.9380747293316751
Training_All,Q9BS26,ERP44,-0.15934964255106365,-1.1406403725462344,0.26032967475109087,0.7797930995694469
Training_All,Q9BS40,LXN,-0.6778617765856172,-1.2915069312817562,0.2074664658544148,0.7276501499170719
Training_All,Q9BS92,NIPSNAP3B,0.02401460103116726,0.1280807447621346,0.8986819211083341,0.972607805458062
Training_All,Q9BSD7,NTPCR,-0.10850758433623753,-0.5970933783945543,0.553808232149626,0.9070982482101263
Training_All,Q9BSE5,AGMAT,0.06266048619875342,0.26861163880718386,0.7905219603009013,0.9528105772667944
Training_All,Q9BSH4,TACO1,0.1498982620294136,1.032607178773048,0.3075578442794067,0.8160620401706609
Training_All,Q9BSJ8,ESYT1,-0.08262758989638286,-0.3671788998429073,0.7154694144321294,0.9401456325061941
Training_All,Q9BSL1,UBAC1,-0.048806106671825944,-0.4295786512856828,0.6696460667313856,0.931729205874169
Training_All,Q9BT78,COPS4,0.07803436964324639,0.795313428557381,0.43079735029197175,0.8803351820729671
Training_All,Q9BTE6,AARSD1,0.02312316194286268,0.1138456317340161,0.9099023581975241,0.9748211908314799
Training_All,Q9BTT0,ANP32E,-0.5493181007376737,-0.980222355222741,0.3392797651988577,0.831628459040939
Training_All,Q9BTV4,TMEM43,0.1194530088057082,0.5813862886034049,0.5640858941575049,0.9126176460550086
Training_All,Q9BTZ2,DHRS4,0.13276753846191092,0.6119010378494846,0.5443430543329273,0.9050551908117838
Training_All,Q9BU02,THTPA,-0.16566380855240936,-1.138021862539836,0.2635546181312971,0.7797930995694469
Training_All,Q9BU61,NDUFAF3,0.04497044366954128,0.27911081554055056,0.7816723800255483,0.9518874603278461
Training_All,Q9BUF5,TUBB6,0.10752815525759196,0.5457764061919259,0.5882490413649126,0.9169154217509196
Training_All,Q9BUJ2,HNRNPUL1,0.17791533174944263,0.7615271456624245,0.4544207790446554,0.8803351820729671
Training_All,Q9BUK0,CHCHD7,0.0951680343903174,0.5439184742224453,0.589371986438201,0.9169154217509196
Training_All,Q9BUR5,APOO,0.20597616391054707,1.1600316166713098,0.2524332246023786,0.7719377585879859
Training_All,Q9BUT1,BDH2,0.37913217821153733,2.219854032409953,0.03813725973757983,0.5041101163904038
Training_All,Q9BV68,RNF126,0.07219916093803125,0.4888198704335664,0.6281055985933571,0.9280324726320343
Training_All,Q9BV79,MECR,0.08940778238654801,0.4691524725468757,0.6413857477145416,0.9280324726320343
Training_All,Q9BV86,NTMT1,-0.1697796789570507,-0.7141835577250139,0.4814713892667968,0.8813317208894812
Training_All,Q9BVC6,TMEM109,-0.03573979302469965,-0.1705536856862689,0.8653742954445013,0.9665473949033128
Training_All,Q9BVG4,PBDC1,-0.43141911098301744,-2.217997750849534,0.03354535627725201,0.4975912747427498
Training_All,Q9BVK6,TMED9,NA,NA,NA,NA
Training_All,Q9BVV7,TIMM21,0.01693410937392059,0.09738697706870582,0.9230077914257453,0.9788054375740812
Training_All,Q9BW30,TPPP3,-0.11911719679963007,-0.24366389754560955,0.8098532474330454,0.9568083416436597
Training_All,Q9BWH2,FUNDC2,-0.20760927804936813,-1.108826703555671,0.273665119096113,0.7890467412341077
Training_All,Q9BX68,HINT2,0.15142993612816014,0.9734678779219438,0.33576266755580964,0.8274734755105418
Training_All,Q9BXB4,OSBPL11,-0.19537873483046653,-0.8476413195485354,0.4033450294979485,0.8773841547882316
Training_All,Q9BXI3,NT5C1A,-0.2362237705060064,-1.379388401607524,0.17490347712192558,0.7160222432931638
Training_All,Q9BXK5,BCL2L13,-0.008656548142727871,-0.07808285378063654,0.9381241851837128,0.9830429611890766
Training_All,Q9BXN1,ASPN,0.12919707176748219,0.3140407051203921,0.7553016806670285,0.9434314274966117
Training_All,Q9BXT2,CACNG6,-0.9806418552098233,-1.7725555334550074,0.09320594225122872,0.6209905438690795
Training_All,Q9BXW6,OSBPL1A,-0.3298970683112561,-1.1936251907998041,0.2438189693753004,0.7564433149048576
Training_All,Q9BXW7,HDHD5,0.18302181651062277,0.9044761238609593,0.371155561288935,0.8509951091843132
Training_All,Q9BY44,EIF2A,-0.3676564270548104,-1.897959063239956,0.07479337641455344,0.6046506577057489
Training_All,Q9BYD1,MRPL13,NA,NA,NA,NA
Training_All,Q9BYD2,MRPL9,-0.522255229546996,-1.2087322971389205,0.2376348696254665,0.7539407686233263
Training_All,Q9BYD6,MRPL1,-0.2890674330115335,-0.6998223105660224,0.4917106700765007,0.8865447506276097
Training_All,Q9BYT8,NLN,NA,NA,NA,NA
Training_All,Q9BYV2,TRIM54,-0.43063992135805407,-1.941943485411267,0.05886728790024218,0.5640796377450228
Training_All,Q9BZE1,MRPL37,0.13172293947634195,0.5864516349743427,0.5618155263663362,0.9114327942866146
Training_All,Q9BZL1,UBL5,-0.267911737434698,-1.056717212250849,0.2969777193017413,0.8062009537412297
Training_All,Q9BZQ8,NIBAN1,0.2156520723776154,1.1305193076568607,0.26452074144668414,0.7797930995694469
Training_All,Q9BZV1,UBXN6,-0.008390463792656178,-0.022570004977474637,0.9822719726646642,0.9917094133294724
Training_All,Q9BZZ5,API5,-0.3807298947411901,-1.0708310774466987,0.29698461002692533,0.8062009537412297
Training_All,Q9C0C9,UBE2O,0.4538456496252383,1.1419469743746575,0.26928590892641596,0.7836065599371286
Training_All,Q9C0E8,LNPK,0.08120988923453965,0.4596655018916998,0.6482436535429599,0.9280324726320343
Training_All,Q9GZP4,PITHD1,-0.48640987999640295,-1.8504831443222576,0.07410701332221431,0.6046506577057489
Training_All,Q9GZS3,WDR61,-0.6464155876266933,-2.81337657544828,0.008707299421866018,0.4113179315290408
Training_All,Q9GZT3,SLIRP,0.36525102597748393,2.4582229238775817,0.01816701478342802,0.4561368122221056
Training_All,Q9GZT8,NIF3L1,0.0960196483721596,0.4750993968660613,0.6371763024594914,0.9280324726320343
Training_All,Q9GZV1,ANKRD2,-0.3642712207654668,-2.040112501127511,0.0475081845101333,0.5400453102273056
Training_All,Q9GZZ1,NAA50,0.07941830433959396,0.42619762874262995,0.6723670759162632,0.931729205874169
Training_All,Q9H061,TMEM126A,-0.3515798343850651,-1.0342707852022945,0.3083057216490534,0.8160620401706609
Training_All,Q9H074,PAIP1,0.05412906265396167,0.2722576931419139,0.7870694397596256,0.9518874603278461
Training_All,Q9H0E2,TOLLIP,0.17604670069169792,1.2373617768792433,0.22282265393788808,0.7395469605561165
Training_All,Q9H0N5,PCBD2,-0.18261781588359582,-1.7585910868710024,0.08575883091596183,0.6167407112232197
Training_All,Q9H0P0,NT5C3A,-0.05063529589254756,-0.4555638404518644,0.6509947147294319,0.9280324726320343
Training_All,Q9H0R4,HDHD2,-0.12865134133448208,-0.7323083487686187,0.4680453866175145,0.8803351820729671
Training_All,Q9H0U4,RAB1B,-0.08698016249604557,-0.5927619897522076,0.5564436150328609,0.9078039003380718
Training_All,Q9H0W9,C11orf54,-0.09083255905867027,-0.6164823951022905,0.5408247911942416,0.9050551908117838
Training_All,Q9H0Z9,RBM38,0.009874071318403566,0.056599834795374206,0.9551856549559048,0.9840194700067142
Training_All,Q9H1C7,CYSTM1,0.06644810440971849,0.20807416214590302,0.8371737305485328,0.9601411476050125
Training_All,Q9H1E5,TMX4,-0.21502666392454195,-1.545403994930607,0.1295735607410207,0.678656325440266
Training_All,Q9H1K1,ISCU,0.20221875167341707,0.8021769051764748,0.4303154251079194,0.8803351820729671
Training_All,Q9H1R3,MYLK2,-0.4582190988299022,-2.37313374239869,0.022175724614888034,0.46248705669049817
Training_All,Q9H223,EHD4,-0.006136603684678832,-0.024344999184620388,0.9809465292022013,0.9917094133294724
Training_All,Q9H299,SH3BGRL3,0.2588237135879723,0.7725309727353464,0.4448394611068479,0.8803351820729671
Training_All,Q9H2G2,SLK,0.03106528115771745,0.10177224582827932,0.9201266981243033,0.977492888724166
Training_All,Q9H2H8,PPIL3,-0.3380376124781126,-1.2904002985991925,0.20644723349698832,0.7276501499170719
Training_All,Q9H2J4,PDCL3,-0.01872591767753118,-0.06963260404336942,0.9448937643940569,0.9830429611890766
Training_All,Q9H2U2,PPA2,0.025089105597411177,0.16205664316096913,0.8720199805379292,0.9691624020817063
Training_All,Q9H2W6,MRPL46,0.12920024427132581,0.4410616387076537,0.6624367597911728,0.931729205874169
Training_All,Q9H3H3,C11orf68,-0.13661169115098915,-1.2113687990775655,0.2325224042612444,0.7480036008047727
Training_All,Q9H3K2,GHITM,0.5126977136562267,1.7598987685714105,0.09538772261529922,0.6216762338504049
Training_All,Q9H3K6,BOLA2,-0.26833699598918415,-1.4429835288587431,0.16051804703856132,0.7030934472730465
Training_All,Q9H3N1,TMX1,0.023164642857778972,0.13010956797574433,0.8971481458763308,0.9725638614789661
Training_All,Q9H444,CHMP4B,-0.05577657744018438,-0.3159476303309651,0.7535700037515181,0.9432002024183634
Training_All,Q9H446,RWDD1,0.18661984812418986,0.744224418956418,0.4649791006527708,0.8803351820729671
Training_All,Q9H477,RBKS,-0.09280024903851469,-0.22184983941698314,0.8264751680478448,0.9568083416436597
Training_All,Q9H479,FN3K,-0.11387871816542194,-0.7247355123772485,0.47253769801575596,0.8810326204444509
Training_All,Q9H488,POFUT1,0.08755358792079981,0.223354468989299,0.8277464819913608,0.9568083416436597
Training_All,Q9H4A4,RNPEP,0.18892787111231613,1.54253723753091,0.1302674408067299,0.678656325440266
Training_All,Q9H4M9,EHD1,0.14141264646215745,1.20609187220867,0.2343731158352719,0.7481604394945669
Training_All,Q9H6F2,TMEM38A,-0.5933793090721817,-2.178117717290967,0.035059037007666716,0.5032635957237299
Training_All,Q9H6K4,OPA3,-0.23384313638185894,-0.8686340871581772,0.39193852452253286,0.8695846460151232
Training_All,Q9H7C4,SYNC,-0.25251326806020735,-1.2043742163342681,0.2424896058958116,0.7564433149048576
Training_All,Q9H7C9,AAMDC,-0.2631915859244547,-1.3463372729976664,0.1852448394169196,0.7160222432931638
Training_All,Q9H7Z7,PTGES2,0.0159024907399683,0.106219834080842,0.9159016850676007,0.9767883311772082
Training_All,Q9H845,ACAD9,-0.26502868246057254,-1.262917023405408,0.21451547628021495,0.7320828163235699
Training_All,Q9H8H3,METTL7A,-0.03951334306248633,-0.24371800157890497,0.8086076937978278,0.9568083416436597
Training_All,Q9H8M1,COQ10B,-0.40279354691992353,-1.2260743586595244,0.2307485752977223,0.7480036008047727
Training_All,Q9H8Y8,GORASP2,0.11982691535637979,0.5004841198197049,0.6250857870554776,0.9280324726320343
Training_All,Q9H910,JPT2,-0.10337849235175955,-0.5383304777232575,0.5938537222895854,0.9181741653521844
Training_All,Q9H987,SYNPO2L,-0.6995557981992828,-1.664160881539081,0.10807812429133912,0.648123448226337
Training_All,Q9H993,ARMT1,-0.21550096023838528,-1.4297070844387727,0.1603733483994863,0.7030934472730465
Training_All,Q9H9B4,SFXN1,0.01612085878687175,0.0770292494945456,0.9391678008673917,0.9830429611890766
Training_All,Q9H9J2,MRPL44,-1.6986084216142352,-3.3700089933655737,0.00623529974685287,0.4113179315290408
Training_All,Q9H9P8,L2HGDH,0.007336598935586025,0.044002157394924864,0.96510628558342,0.9864785581570434
Training_All,Q9H9S4,CAB39L,-1.1409051240031651,-1.9136522787402304,0.07263363026370867,0.6046506577057489
Training_All,Q9HA65,TBC1D17,-0.06766687641621161,-0.2631558185793498,0.793686738719964,0.9528105772667944
Training_All,Q9HA77,CARS2,0.22671106828535947,0.4049134529871106,0.6908958439854355,0.9385035103487251
Training_All,Q9HAB8,PPCS,0.3441881413194743,1.4005709699334263,0.17412764141633919,0.7160222432931638
Training_All,Q9HB71,CACYBP,0.07823103958090627,0.5052521569216446,0.6161529688276344,0.9264778879386584
Training_All,Q9HB90,RRAGC,0.12615922100300203,0.6036285716272443,0.5504793056129496,0.9063593479258827
Training_All,Q9HBH5,RDH14,-0.517981159205366,-2.2255702418108276,0.033445857821318266,0.4975912747427498
Training_All,Q9HBI1,PARVB,-0.2675431435532065,-0.9869021799673181,0.32947608403759865,0.8232038770686513
Training_All,Q9HBL0,TNS1,0.0021505876805925084,0.010422873797370167,0.9917398649662582,0.9943887428107193
Training_All,Q9HBL7,PLGRKT,-0.0978952069308523,-0.45687608165149396,0.6500586736027876,0.9280324726320343
Training_All,Q9HC38,GLOD4,-0.05545383435669571,-0.4827748377996253,0.6317032198231204,0.9280324726320343
Training_All,Q9HCC0,MCCC2,0.04920894516028085,0.23767226956789791,0.8134457356552474,0.9568083416436597
Training_All,Q9HCP6,HHATL,-0.32845379907065464,-1.4949914097704593,0.14257034059035387,0.6862326130742955
Training_All,Q9HCU5,PREB,-0.13111629664434687,-0.41492707583712646,0.6823992771847613,0.9357771074649516
Training_All,Q9HD33,MRPL47,-0.023543089332854095,-0.11592652448276462,0.9087160519588586,0.974106241877086
Training_All,Q9HDC5,JPH1,-0.2844060559773869,-1.3710441603103707,0.17747127020618572,0.7160222432931638
Training_All,Q9HDC9,APMAP,-0.19650971829891084,-0.876956225117869,0.38587756026522424,0.8653431070702818
Training_All,Q9NNW7,TXNRD2,-0.26868666949962794,-0.8070529869669295,0.4254109438083896,0.8803351820729671
Training_All,Q9NP72,RAB18,0.0973383647670012,0.5802229518067292,0.5650169673079481,0.9126176460550086
Training_All,Q9NP74,PALMD,0.05335492271958486,0.23710001329194222,0.8143675488505435,0.9568083416436597
Training_All,Q9NP79,VTA1,0.3224454148595868,2.818528613938975,0.007325506542556444,0.4113179315290408
Training_All,Q9NP81,SARS2,0.3976040459876051,1.2788387940126769,0.21268770134921589,0.7284941887453982
Training_All,Q9NP97,DYNLRB1,-0.051126453237653635,-0.4259308403287285,0.6723320125455677,0.931729205874169
Training_All,Q9NP98,MYOZ1,-0.7439324886647363,-1.3540585662320093,0.18278794509855217,0.7160222432931638
Training_All,Q9NPH2,ISYNA1,-0.40417869621309244,-1.265041130854833,0.21851201321935304,0.7355982431782018
Training_All,Q9NPJ3,ACOT13,0.08005854702226856,0.5710623169422813,0.570928628238776,0.9133857413219694
Training_All,Q9NPL8,TIMMDC1,0.09664964260435305,0.2514885386114279,0.8039996027710431,0.9564371887587155
Training_All,Q9NPQ8,RIC8A,-0.7659156215062488,-1.5827818961751468,0.12772794021171371,0.6753402755494013
Training_All,Q9NQ50,MRPL40,-0.7793699607806346,-1.7821450120660436,0.08451692745683817,0.6137808236789436
Training_All,Q9NQ88,TIGAR,-1.2083663055647085,-1.620627570924016,0.12246247833135533,0.669270028256696
Training_All,Q9NQC3,RTN4,-0.3134219910350442,-2.070558860793681,0.04443468294727219,0.531235031159426
Training_All,Q9NQE9,HINT3,0.019763297394016277,0.14695806396885774,0.8838516413505864,0.9724265173157302
Training_All,Q9NQP4,PFDN4,-0.33396967419002443,-2.313638467807655,0.025650326108315087,0.47201629515007276
Training_All,Q9NQR4,NIT2,0.00916630218813097,0.06400973763353647,0.9492589682839544,0.9830429611890766
Training_All,Q9NQW7,XPNPEP1,-0.26916731737459365,-1.572438912641216,0.12334875452078098,0.669270028256696
Training_All,Q9NQX3,GPHN,-0.21418680780708144,-0.6691437631485601,0.5100590248558716,0.8906088164064927
Training_All,Q9NQY0,BIN3,-0.0948083501033885,-0.32928784623213386,0.7443028289313822,0.9401456325061941
Training_All,Q9NR12,PDLIM7,-0.2370643300141424,-0.6602358911624765,0.5127929015846981,0.8906088164064927
Training_All,Q9NR19,ACSS2,-0.18087904891445827,-0.8441354212207206,0.40527014501939096,0.8773841547882316
Training_All,Q9NR28,DIABLO,0.06009414680060665,0.4159748947471309,0.6794961492953459,0.9357771074649516
Training_All,Q9NR31,SAR1A,0.10354264074805286,0.4856832641760782,0.6296562268931623,0.9280324726320343
Training_All,Q9NR45,NANS,-0.25231773553209,-0.7536396069120551,0.46029312483478857,0.8803351820729671
Training_All,Q9NR56,MBNL1,-0.12424253489267834,-0.9420643416096584,0.35181177559765386,0.8400533922250765
Training_All,Q9NRG4,SMYD2,-0.4974013970290905,-1.3600857264562152,0.1905746974575273,0.7160222432931638
Training_All,Q9NRG7,SDR39U1,0.07795382391083372,0.2516774693064468,0.8024887467643943,0.9564371887587155
Training_All,Q9NRP0,OSTC,0.5330388379053161,2.5424342007149354,0.015322772145059544,0.4561368122221056
Training_All,Q9NRV9,HEBP1,NA,NA,NA,NA
Training_All,Q9NRX4,PHPT1,-0.012499281701865428,-0.06969763588240409,0.944764947546153,0.9830429611890766
Training_All,Q9NRY5,FAM114A2,0.052943661528096264,0.28508715090820475,0.7774720861141986,0.9512761281736578
Training_All,Q9NS69,TOMM22,0.1203593504374183,0.49285080691530536,0.6277589962312976,0.9280324726320343
Training_All,Q9NS86,LANCL2,-0.02749277015149687,-0.1901044913282781,0.8502658008407509,0.9631556476633009
Training_All,Q9NSD9,FARSB,0.2856032774932604,1.2356024594985249,0.22363576135691993,0.7398896796488857
Training_All,Q9NSE4,IARS2,0.15068252620670997,1.3977117865956936,0.1693656000908819,0.7142240298926285
Training_All,Q9NSK7,C19orf12,0.48862660039619055,1.8288831066048252,0.10059289114517841,0.6293761889316662
Training_All,Q9NT62,ATG3,0.16812933669283048,0.35000755843960635,0.730891702470644,0.9401456325061941
Training_All,Q9NTG7,SIRT3,-0.33721049964976224,-0.9648327545639431,0.3418589544274382,0.8326860639455232
Training_All,Q9NTJ4,MAN2C1,0.1286681429277019,0.7182151576493778,0.47783246090100484,0.8813317208894812
Training_All,Q9NTK5,OLA1,-0.04924652537803986,-0.47125433542199274,0.6398401503574058,0.9280324726320343
Training_All,Q9NTM9,CUTC,-0.0625731831091283,-0.523795080556004,0.6031091286355158,0.9205652449396506
Training_All,Q9NTX5,ECHDC1,-0.06322480038729594,-0.2621871773159635,0.794592448820749,0.9528105772667944
Training_All,Q9NUJ1,ABHD10,-0.04504654143387832,-0.28956266886894816,0.7735417772855906,0.9508050139729914
Training_All,Q9NUQ8,ABCF3,0.16174358378778209,0.7644560120005963,0.4520400937052321,0.8803351820729671
Training_All,Q9NUQ9,FAM49B,-0.09792301510007206,-0.730256465939648,0.4691915023316625,0.8803351820729671
Training_All,Q9NUU7,DDX19A,0.11599797453951055,0.9258767099641798,0.3596748903442919,0.846002217012827
Training_All,Q9NVA2,SEPTIN11,0.06363812820561066,0.2511651804964539,0.8035865710260052,0.9564371887587155
Training_All,Q9NVD7,PARVA,0.5013028847147769,2.230032808226139,0.031278056008143235,0.4975912747427498
Training_All,Q9NVE7,PANK4,0.08362192836966109,0.6402650425582195,0.525395832212644,0.8978097310977282
Training_All,Q9NVH6,TMLHE,0.23355806006306068,1.3748748903901626,0.17766245092923852,0.7160222432931638
Training_All,Q9NVI7,ATAD3A,0.02868744529373224,0.1559672787299804,0.8769543724462876,0.9714493029173589
Training_All,Q9NVJ2,ARL8B,-9.886641990064504e-5,-8.08794542273422e-4,0.9993584141480598,0.9993584141480598
Training_All,Q9NVS9,PNPO,-0.21116391985603933,-1.5022791712550256,0.1405031296700988,0.6862326130742955
Training_All,Q9NWU1,OXSM,0.7372286620237691,3.71452280082492,6.359624791386717e-4,0.2984253933358217
Training_All,Q9NWU5,MRPL22,0.037856928628695385,0.18585445344393217,0.8544288981360946,0.9660704544578613
Training_All,Q9NWV4,CZIB,7.065095512146513e-4,0.0025404462299838393,0.9979847629262378,0.998516737746561
Training_All,Q9NX14,NDUFB11,0.06740617824969952,0.38993692045741635,0.6985070579247992,0.9401456325061941
Training_All,Q9NX40,OCIAD1,0.1375007121610281,0.6954406260037118,0.49051880702464756,0.8865447506276097
Training_All,Q9NX46,ADPRHL2,-0.2691453186296009,-0.9454111107402392,0.35092641599935737,0.8400533922250765
Training_All,Q9NX63,CHCHD3,0.007421925860789713,0.05348082023118127,0.9575963852978193,0.9840929073844938
Training_All,Q9NXA8,SIRT5,0.08005895291879206,0.5723843049738604,0.570040878749748,0.9133857413219694
Training_All,Q9NXJ5,PGPEP1,-0.29031653806146984,-1.4707522728293143,0.14937650834437552,0.6957312807999823
Training_All,Q9NY33,DPP3,-0.28350808913338277,-2.239413660780363,0.030351359162224652,0.49538696649996233
Training_All,Q9NY65,TUBA8,0.32143027485607156,2.2864702868907134,0.027209944976855728,0.47859070889526006
Training_All,Q9NYL2,MAP3K20,-0.1460334762976121,-1.362742487367464,0.1800547048618969,0.7160222432931638
Training_All,Q9NYU2,UGGT1,-0.09301808194859618,-0.5329866168914676,0.5975074447099828,0.9191055861004201
Training_All,Q9NZ01,TECR,0.07234225088589952,0.31141580362717114,0.7574421376109357,0.9434314274966117
Training_All,Q9NZ08,ERAP1,-0.2802809076035615,-1.2506336749562752,0.2191310124967249,0.7355982431782018
Training_All,Q9NZ45,CISD1,0.05599175175828108,0.5546108498765626,0.5820328444189371,0.9169154217509196
Training_All,Q9NZA1,CLIC5,0.1892015845289663,1.1859775675268984,0.24213998497869826,0.7564433149048576
Training_All,Q9NZJ6,COQ3,0.43298123386808207,2.521803713327357,0.015458416622284208,0.4561368122221056
Training_All,Q9NZL4,HSPBP1,0.283777463478458,1.6630445532014764,0.10549034014541615,0.6387269950095036
Training_All,Q9NZL9,MAT2B,-0.001317904037669848,-0.00740984616430314,0.9941237707514865,0.9957474848471554
Training_All,Q9NZM1,MYOF,0.04039182734349467,0.2984257188889198,0.7668149092115351,0.9481630992029324
Training_All,Q9NZN4,EHD2,-0.05343771506923112,-0.3729241943694423,0.711035977492338,0.9401456325061941
Training_All,Q9NZQ9,TMOD4,-0.701955868011126,-2.3385677620743452,0.024073584729224374,0.467112422271881
Training_All,Q9NZU5,LMCD1,-0.11238883173086833,-0.8666302373988658,0.39095243073006525,0.8690924457977063
Training_All,Q9P003,CNIH4,-0.08589955080035772,-0.4480307475984736,0.656547038705943,0.9302666636327549
Training_All,Q9P032,NDUFAF4,0.15396233229387413,0.6719750174784839,0.5058869238314592,0.8906088164064927
Training_All,Q9P0J0,NDUFA13,0.05199544773303444,0.3715068046201153,0.7120835196753827,0.9401456325061941
Training_All,Q9P0J1,PDP1,-0.14884452509686064,-0.6170712536780492,0.5453540421273588,0.9050551908117838
Training_All,Q9P0L0,VAPA,0.1777189940742705,0.8543286601802764,0.39765525871611107,0.8733417602335434
Training_All,Q9P0P8,MTRES1,0.34670480327355335,2.0158436834000675,0.05201264046437186,0.5602090091056284
Training_All,Q9P0S9,TMEM14C,-0.6121490266358602,-1.7191380861722603,0.09495167079937443,0.6209905438690795
Training_All,Q9P0U1,TOMM7,-0.8112242563544161,-1.7584273496158436,0.09043224186664482,0.6209905438690795
Training_All,Q9P2J5,LARS1,0.11027382652942741,0.8746451185006832,0.38673870471121563,0.8660889507794003
Training_All,Q9P2R7,SUCLA2,0.19678573367603924,2.1883675927961552,0.03412001956386051,0.5003380993856732
Training_All,Q9UBB4,ATXN10,0.02288222126629691,0.07649246720656737,0.9395032353862812,0.9830429611890766
Training_All,Q9UBC2,EPS15L1,-0.07816346672374408,-0.3060395658099928,0.76116088491724,0.9454129734295736
Training_All,Q9UBF6,RNF7,0.10484832383277798,0.6803605778009334,0.4999213910132193,0.8906088164064927
Training_All,Q9UBF9,MYOT,0.019953225368283256,0.05838283150806092,0.9537140289426257,0.9830429611890766
Training_All,Q9UBG0,MRC2,0.15200602675405683,0.37008535547430266,0.7161654805575577,0.9401456325061941
Training_All,Q9UBI6,GNG12,-0.1090057240298421,-0.48189143416800706,0.6323834566033812,0.9280324726320343
Training_All,Q9UBQ0,VPS29,0.10182250212239374,0.3168470957418476,0.7543437586326873,0.9433066188897763
Training_All,Q9UBQ5,EIF3K,0.2331333875340924,1.940404715745292,0.05890229568355059,0.5640796377450228
Training_All,Q9UBQ7,GRHPR,-0.0032746546177229163,-0.0378352481079113,0.969994063333516,0.9878886906549156
Training_All,Q9UBT2,UBA2,0.23646969325716327,1.3538184580737849,0.18422795247118168,0.7160222432931638
Training_All,Q9UBW8,COPS7A,0.007857070067133876,0.09843494913161735,0.9220441319715618,0.9783362553480054
Training_All,Q9UBX5,FBLN5,0.29801687347603867,0.9528262941727861,0.3485470327920893,0.8376732145336128
Training_All,Q9UBY9,HSPB7,-0.06931231472334609,-0.47389038646694576,0.6379742985200676,0.9280324726320343
Training_All,Q9UDT6,CLIP2,-0.0060633300456043315,-0.03900372769843335,0.9690721329925206,0.9874855557149627
Training_All,Q9UDW1,UQCR10,0.11836827759101709,0.5052932276182078,0.6159318528971114,0.9264778879386584
Training_All,Q9UDX5,MTFP1,-0.34562266549659526,-0.8534603881114988,0.4052543551009782,0.8773841547882316
Training_All,Q9UDY4,DNAJB4,-0.47134105199028653,-1.9876163615538887,0.05519883669990071,0.5623574098665551
Training_All,Q9UFN0,NIPSNAP3A,0.08321460823879079,0.41232435263976597,0.6821977071998915,0.9357771074649516
Training_All,Q9UG63,ABCF2,-0.13416057693169847,-0.5613534580133943,0.5782357812448324,0.9169154217509196
Training_All,Q9UHA4,LAMTOR3,-0.1594156572774832,-1.230777272263296,0.22577350965801476,0.7434682063650766
Training_All,Q9UHD1,CHORDC1,-0.12265698029989203,-0.24607234653477228,0.8080129228614062,0.9568083416436597
Training_All,Q9UHD8,SEPTIN9,0.7631507582698944,2.5822590530041922,0.017368723036593613,0.4561368122221056
Training_All,Q9UHG3,PCYOX1,-0.04797879161721674,-0.4969148211498219,0.6217790140385377,0.9280324726320343
Training_All,Q9UHP9,SMPX,0.255574705333931,0.7692630051774382,0.4459401978780564,0.8803351820729671
Training_All,Q9UHQ4,BCAP29,-0.1477391308639895,-0.6303267566304613,0.534688051518543,0.9047208252087846
Training_All,Q9UHQ9,CYB5R1,0.02603894756612135,0.22128767868299376,0.8259154039619117,0.9568083416436597
Training_All,Q9UHV9,PFDN2,-0.10347292080862935,-0.6713870533465013,0.5055631468511452,0.8906088164064927
Training_All,Q9UHY7,ENOPH1,-0.2781015090632337,-1.9912518803381554,0.05282738125290156,0.5602090091056284
Training_All,Q9UI09,NDUFA12,0.17327504073317357,1.072447714408778,0.28949809361166,0.8013256058681569
Training_All,Q9UI12,ATP6V1H,-0.07223004514437648,-0.3122411044462258,0.7567630326673485,0.9434314274966117
Training_All,Q9UI30,TRMT112,-0.6558714614381653,-2.416110913554203,0.02442430011975268,0.4678001155589365
Training_All,Q9UIA9,XPO7,0.6370069664737459,2.1279157567328038,0.045339341164006494,0.5318871460302511
Training_All,Q9UIC8,LCMT1,0.21102942529265434,1.3253216753401544,0.1929735332693211,0.7160222432931638
Training_All,Q9UIJ7,AK3,0.11870742119523392,0.8131427062160601,0.42061363055432577,0.8803351820729671
Training_All,Q9UIQ6,LNPEP,NA,NA,NA,NA
Training_All,Q9UJ70,NAGK,-0.37398776785075327,-1.7953778635498008,0.08014719594731773,0.6137808236789436
Training_All,Q9UJS0,SLC25A13,0.13631642442200054,0.9587150855027712,0.34305937196493397,0.8340964263966076
Training_All,Q9UJW0,DCTN4,-0.2525600832666264,-1.0919967767521928,0.29098344832301737,0.8013256058681569
Training_All,Q9UJY1,HSPB8,-0.1053318441981137,-0.6774700875672394,0.5017348908061693,0.8906088164064927
Training_All,Q9UJZ1,STOML2,0.2234029348294122,1.620938271515696,0.11233832216878877,0.6495531687728425
Training_All,Q9UKG1,APPL1,0.1752341846033456,1.0063697618926466,0.32095035572300734,0.8193451938038548
Training_All,Q9UKS6,PACSIN3,0.008453323575320582,0.06558999119729748,0.9480081034224417,0.9830429611890766
Training_All,Q9UKU7,ACAD8,0.20903076993499248,1.2218957793150607,0.22839999528414967,0.7467179197018357
Training_All,Q9UKV8,AGO2,-0.06843748451688647,-0.23209231981749534,0.8180951346593315,0.9568083416436597
Training_All,Q9UKX2,MYH2,-0.09222279081107843,-0.2647725605979428,0.7924491169325524,0.9528105772667944
Training_All,Q9UKX3,MYH13,-0.42974805826621143,-1.3457764934807392,0.18634498365261196,0.7160222432931638
Training_All,Q9UKY7,CDV3,-0.12442725777186858,-0.580409758929328,0.5654631445721764,0.9126176460550086
Training_All,Q9UL25,RAB21,-0.2751227618351848,-0.9916751586663395,0.3271696632601653,0.8231622728566474
Training_All,Q9UL41,PNMA3,0.47862633386179,0.9505507121518532,0.3531666702338131,0.8400533922250765
Training_All,Q9UL46,PSME2,0.04494521961846054,0.19047776000224548,0.8498520058814112,0.9631556476633009
Training_All,Q9ULA0,DNPEP,-0.09994383722947653,-0.9106887411638659,0.3675338363734306,0.8509951091843132
Training_All,Q9ULC4,MCTS1,-0.0919883953063465,-0.6074470456042866,0.546747340689465,0.9050551908117838
Training_All,Q9ULT8,HECTD1,-0.516455906189071,-2.1251781222035953,0.04503142480076926,0.5318871460302511
Training_All,Q9ULX7,CA14,1.1211781072959734,2.399801437142632,0.026803197220387848,0.47859070889526006
Training_All,Q9UM00,TMCO1,0.23529409683439084,0.6908873437318868,0.4944646432943609,0.8867807526574262
Training_All,Q9UM22,EPDR1,0.3811671754556798,2.081727763716837,0.043495910323776886,0.531235031159426
Training_All,Q9UM54,MYO6,0.13531793769885425,0.8447883957135324,0.40301320914160377,0.8773841547882316
Training_All,Q9UMR2,DDX19B,-0.12044389168164216,-0.26421732848640916,0.7934178376210739,0.9528105772667944
Training_All,Q9UMS0,NFU1,0.4156255903847921,2.1683208586595284,0.03663304757867687,0.5041101163904038
Training_All,Q9UMS6,SYNPO2,-0.3267893995434257,-1.0507602948346502,0.29937407218796663,0.8085177708444357
Training_All,Q9UMX0,UBQLN1,0.25159426110070626,1.5881077337776082,0.11975877747360808,0.669270028256696
Training_All,Q9UN36,NDRG2,-0.23673895776822285,-2.077229291348026,0.04378498208509606,0.531235031159426
Training_All,Q9UN37,VPS4A,0.012797134333469629,0.08567472255960716,0.9321417948032347,0.9830429611890766
Training_All,Q9UNE7,STUB1,-0.2406708247733924,-1.4562158007937682,0.1533324558529858,0.6988946584399636
Training_All,Q9UNM6,PSMD13,-0.021483047135978595,-0.15608440642566632,0.8766966034639858,0.9714493029173589
Training_All,Q9UNS2,COPS3,0.34453519123995413,1.8369909813144456,0.07612928549917694,0.6080624207742771
Training_All,Q9UNZ2,NSFL1C,-0.10694308405049213,-1.2329408473692811,0.22429260933415876,0.7398896796488857
Training_All,Q9UPR0,PLCL2,-0.35511064695730976,-0.9796674520616555,0.341812426542615,0.8326860639455232
Training_All,Q9UPY8,MAPRE3,-0.003895928403540694,-0.025468389969300127,0.9798019240132134,0.9917094133294724
Training_All,Q9UQ13,SHOC2,-0.07450419796837959,-0.2742154560019902,0.786170198391212,0.9518874603278461
Training_All,Q9UQ80,PA2G4,-0.2236772513548253,-1.7811727932043222,0.08194515309471853,0.6137808236789436
Training_All,Q9UQ90,SPG7,0.07611489936515525,0.2790719705971555,0.7823143731037798,0.9518874603278461
Training_All,Q9UQM7,CAMK2A,-0.144991117376696,-0.7288274632976549,0.47005630335955895,0.8803351820729671
Training_All,Q9Y224,RTRAF,0.10763946096603583,0.45679243064833136,0.650419290143079,0.9280324726320343
Training_All,Q9Y230,RUVBL2,0.056638602528636284,0.2732758717521538,0.7860464555489306,0.9518874603278461
Training_All,Q9Y235,APOBEC2,0.1776964392312692,1.1147003644235918,0.27116730403041417,0.784254282997053
Training_All,Q9Y237,PIN4,-0.5023040330023552,-2.776320822509465,0.008108039964238652,0.4113179315290408
Training_All,Q9Y241,HIGD1A,-0.2418334987987052,-0.7790666841203818,0.44296814339617097,0.8803351820729671
Training_All,Q9Y262,EIF3L,-0.04966187739638528,-0.3158520126853265,0.7537561553689638,0.9432002024183634
Training_All,Q9Y263,PLAA,-0.046671725559574995,-0.3236159118711195,0.7477967724881927,0.940997229071517
Training_All,Q9Y265,RUVBL1,0.0872304828002406,0.5972924360469704,0.5538528095089308,0.9070982482101263
Training_All,Q9Y266,NUDC,0.20869881081814157,1.3921287576312162,0.17157134943653804,0.7153019600139002
Training_All,Q9Y276,BCS1L,0.22896096744518424,0.39558498910102563,0.6960531835536038,0.9401456325061941
Training_All,Q9Y277,VDAC3,0.12412323933683744,1.0772397093934098,0.28737670503815715,0.8013256058681569
Training_All,Q9Y281,CFL2,-0.18484680302532297,-2.1117366094671137,0.040554902645827444,0.5266411599673667
Training_All,Q9Y285,FARSA,-0.4332103964351468,-1.6274516976851776,0.11129900446578177,0.6482770836592677
Training_All,Q9Y295,DRG1,-0.6851101464567435,-1.4507853080119595,0.15878834794950358,0.7029380403330618
Training_All,Q9Y2B0,CNPY2,0.031031322207768497,0.14187290065989688,0.8879934043642821,0.9724265173157302
Training_All,Q9Y2H1,STK38L,-0.33992233183500886,-1.7262442653841836,0.09287242564883957,0.6209905438690795
Training_All,Q9Y2J8,PADI2,-0.054376592520075206,-0.36037999538369053,0.7203263511080954,0.9401456325061941
Training_All,Q9Y2Q3,GSTK1,0.44968439531381144,3.5255913584919605,0.001017407088417895,0.3182788508267315
Training_All,Q9Y2Q5,LAMTOR2,0.47289977768115143,2.2690886098933647,0.03294704449689485,0.4975912747427498
Training_All,Q9Y2Q9,MRPS28,0.26093538010972317,1.1510120186369015,0.258522022104986,0.7785488680720988
Training_All,Q9Y2R0,COA3,0.10766332816164059,0.4907863764510325,0.6261928221379542,0.9280324726320343
Training_All,Q9Y2R5,MRPS17,0.016983037153883274,0.07868501349540077,0.9376852851250246,0.9830429611890766
Training_All,Q9Y2S7,POLDIP2,0.30895611650089183,1.0171612818857874,0.3172042127643844,0.8188390022014883
Training_All,Q9Y2Z0,SUGT1,-0.2809015262002319,-0.5512991895155906,0.5875288767513525,0.9169154217509196
Training_All,Q9Y2Z9,COQ6,-0.08972203559181402,-0.6506741302121647,0.5187170021692211,0.8932401954785578
Training_All,Q9Y305,ACOT9,-0.005933045412183091,-0.03307478010332199,0.9737679298861224,0.9889168613889138
Training_All,Q9Y316,MEMO1,-0.043263411333508195,-0.1364113714150122,0.8926819427399486,0.9724265173157302
Training_All,Q9Y333,LSM2,-0.69607835708866,-2.0127976066877715,0.05145150925595759,0.5582340050487422
Training_All,Q9Y371,SH3GLB1,-0.10858182324618681,-0.6926310119331903,0.4923513070019325,0.8865447506276097
Training_All,Q9Y376,CAB39,-0.275701254208073,-2.250377834212581,0.029591887369791747,0.49153958046990365
Training_All,Q9Y394,DHRS7,0.03560934765588186,0.26085743769119096,0.7954470828860238,0.9528105772667944
Training_All,Q9Y3A3,MOB4,-0.09688950271156394,-0.49714823494663746,0.6222822073932486,0.9280324726320343
Training_All,Q9Y3A5,SBDS,-0.12941616704850567,-1.0048969199459614,0.3205652306890932,0.8193451938038548
Training_All,Q9Y3A6,TMED5,0.7280947826089399,2.5901491593969808,0.016698042957256364,0.4561368122221056
Training_All,Q9Y3C4,TPRKB,0.28616011388640317,0.83740677992771,0.41548855452416356,0.8803351820729671
Training_All,Q9Y3C6,PPIL1,-0.1251013187636314,-0.7569942974320837,0.4531792869885174,0.8803351820729671
Training_All,Q9Y3D2,MSRB2,-0.11210422943250897,-0.5427424968516625,0.5907446545613003,0.9169154217509196
Training_All,Q9Y3D3,MRPS16,-0.12002883817339338,-0.3439019642392017,0.7345053548971434,0.9401456325061941
Training_All,Q9Y3D6,FIS1,-0.15856746932228738,-0.7386720067396952,0.4641171202462323,0.8803351820729671
Training_All,Q9Y3D9,MRPS23,0.46174066075367826,2.4270910362902423,0.019937692836028174,0.4596640989779956
Training_All,Q9Y3F4,STRAP,0.054910811214057276,0.45610869674957355,0.6506059913694306,0.9280324726320343
Training_All,Q9Y3I0,RTCB,-0.07653976156744413,-0.6876740813633981,0.4953490091275624,0.8867807526574262
Training_All,Q9Y3I1,FBXO7,NA,NA,NA,NA
Training_All,Q9Y3U8,RPL36,0.30176634672271874,1.0493155537244827,0.3071825545376152,0.8160620401706609
Training_All,Q9Y450,HBS1L,0.3092907866322463,2.4658633978527082,0.01783309588790524,0.4561368122221056
Training_All,Q9Y490,TLN1,0.05048493555988287,0.3220618610091845,0.7489656031368142,0.9411841874435476
Training_All,Q9Y4E8,USP15,0.2968949777609531,1.7496067338365335,0.08785128711064324,0.6209905438690795
Training_All,Q9Y4G6,TLN2,-0.03808694218655795,-0.19196865826186948,0.8490178381216182,0.9631556476633009
Training_All,Q9Y4J8,DTNA,0.3441189376293714,2.1996641917096245,0.033667603565439116,0.4975912747427498
Training_All,Q9Y4L1,HYOU1,-0.06492600663905357,-0.3581196519872978,0.7229374815306469,0.9401456325061941
Training_All,Q9Y4W6,AFG3L2,0.2170010148274013,2.015823833349477,0.05009115842359852,0.549831019655523
Training_All,Q9Y4Z0,LSM4,0.3297198787590254,1.0755227312929796,0.2920121014458281,0.8013256058681569
Training_All,Q9Y508,RNF114,0.1964137522251299,0.7915436974958695,0.43341206850169456,0.8803351820729671
Training_All,Q9Y512,SAMM50,0.2666227810633721,1.8363821319953118,0.07321717672217191,0.6046506577057489
Training_All,Q9Y570,PPME1,0.15897941093878742,0.6650520310183736,0.5097391164240861,0.8906088164064927
Training_All,Q9Y5J7,TIMM9,0.0628123067454407,0.2758180990693232,0.784221561903129,0.9518874603278461
Training_All,Q9Y5K5,UCHL5,0.027593370018179186,0.13561292184000576,0.8932572993648935,0.9724265173157302
Training_All,Q9Y5L0,TNPO3,-0.32120249216807295,-1.0184112171496729,0.3168977197283106,0.8188390022014883
Training_All,Q9Y5L4,TIMM13,0.7759382466063798,2.8798255987930035,0.006178274951105405,0.4113179315290408
Training_All,Q9Y5M8,SRPRB,0.052924407069573576,0.34639149486022414,0.7307770194103346,0.9401456325061941
Training_All,Q9Y5P6,GMPPB,0.3537900386465882,1.4000185640780476,0.1728849896338003,0.7153019600139002
Training_All,Q9Y5U8,MPC1,-0.32345674574222194,-0.5019502927699481,0.6221330268780492,0.9280324726320343
Training_All,Q9Y5X3,SNX5,0.4064158366980237,2.790162073651305,0.008571676327792247,0.4113179315290408
Training_All,Q9Y5Y2,NUBP2,-0.735292615996304,-2.0504140665074844,0.05705449926603624,0.5623574098665551
Training_All,Q9Y5Z4,HEBP2,-0.16532253057084922,-1.4483236472548195,0.15477591710686134,0.7017255951922192
Training_All,Q9Y613,FHOD1,0.13476109134697367,1.270678868758639,0.21067134093846607,0.7284941887453982
Training_All,Q9Y623,MYH4,-1.2020898697915232,-2.4140559455146784,0.021139600075467137,0.4614065460705115
Training_All,Q9Y676,MRPS18B,-0.24801856552375057,-0.8125743829356039,0.42265437145555906,0.8803351820729671
Training_All,Q9Y696,CLIC4,0.2521519726025474,1.1687832470905906,0.2489265578273383,0.7672169935006798
Training_All,Q9Y6A9,SPCS1,0.30754135994806386,1.2875049178405982,0.20714632990676762,0.7276501499170719
Training_All,Q9Y6B6,SAR1B,-0.25145729276480644,-1.0428366366834103,0.3028487104334881,0.8134546249689084
Training_All,Q9Y6C9,MTCH2,0.24020928803179586,1.6607334725756984,0.10403898978392269,0.6360950613173384
Training_All,Q9Y6E2,BZW2,0.051143384592611696,0.3738523866587628,0.710350289510471,0.9401456325061941
Training_All,Q9Y6G9,DYNC1LI1,-0.08874756842019238,-0.5381824788708146,0.593761145449421,0.9181741653521844
Training_All,Q9Y6H1,CHCHD2,0.09238197546685889,0.40945027537906914,0.6843394245898831,0.9369598963418252
Training_All,Q9Y6M9,NDUFB9,0.2523813624369211,1.4720875990491116,0.1482753754653899,0.6930798340681842
Training_All,Q9Y6N5,SQOR,0.08961292502890039,0.4812653438407205,0.6335017645255993,0.9280324726320343
Training_All,Q9Y6P5,SESN1,0.4781684482978399,2.946592484305653,0.005948322405003585,0.4113179315290408
Acute_All,A0A0B4J2D5,GATD3B,0.02407063661460107,0.23722339296420794,0.8136095227454434,0.9472775472510494
Acute_All,A0FGR8,ESYT2,0.3675707120168852,1.9897032885851593,0.059183343772744465,0.44344987511109735
Acute_All,A1L0T0,ILVBL,0.09028234788567069,0.22501151937410305,0.8250025304676778,0.9511733980388104
Acute_All,A5A3E0,POTEF,-0.0585019240971274,-0.13487380505603025,0.8933876872317609,0.9720637755627155
Acute_All,A5D6W6,FITM1,-0.381162752202842,-1.3025583882904646,0.202312940747309,0.7011662847670667
Acute_All,A5YM72,CARNS1,-0.29899847289876824,-1.7900760525839161,0.08082472588066157,0.5208853047261406
Acute_All,A6NCE7,MAP1LC3B2,0.4603288126374636,3.200665341719513,0.002611214339557188,0.17513787606029996
Acute_All,A6NDG6,PGP,-0.0820197336311459,-0.7681181940666292,0.44661279093213446,0.8230732983138985
Acute_All,A6NNS2,DHRS7C,-0.08946231658834769,-0.5254738556955324,0.6019518264426278,0.8781265482722924
Acute_All,A8MU46,SMTNL1,-0.1959874012467573,-1.1274671766876685,0.26579400781404644,0.7409596387036235
Acute_All,A8MXV4,NUDT19,-0.5415733600858958,-1.5307109478632952,0.14976580457112432,0.6450921582214941
Acute_All,E9PAV3,NACA,-0.010054652854844193,-0.09409984823499375,0.9254667350233554,0.9843432061306954
Acute_All,L0R6Q1,SLC35A4,0.06430917774799383,0.2869823864109752,0.7761648346437149,0.9317567846346099
Acute_All,O00151,PDLIM1,0.207663948874524,0.9405907849639282,0.3521661505447725,0.7816470837151482
Acute_All,O00159,MYO1C,-0.39682939640067616,-2.4600355895929193,0.01808728497418898,0.33603227957313997
Acute_All,O00168,FXYD1,0.3172292747884127,0.8804360389773577,0.38961161382402876,0.808425162233119
Acute_All,O00186,STXBP3,-0.09783325494918493,-0.6770526193842554,0.5021729997313747,0.8347508305336617
Acute_All,O00217,NDUFS8,-0.22150769710439988,-1.5496088295658812,0.12856118519670853,0.606332389246391
Acute_All,O00231,PSMD11,-0.03258070229536969,-0.3853330671666246,0.7018893318326054,0.9141391788906422
Acute_All,O00232,PSMD12,0.0496465938389985,0.5240355164078416,0.6029433150924584,0.8781265482722924
Acute_All,O00233,PSMD9,0.49350937137057826,3.1995381385143267,0.002585469359194933,0.17513787606029996
Acute_All,O00264,PGRMC1,-0.22134658596703893,-1.0412525864545046,0.30371221971891393,0.7610345597697253
Acute_All,O00299,CLIC1,0.49202448719653447,2.3240207744188255,0.025285992950574623,0.35946971588171567
Acute_All,O00303,EIF3F,0.023751400558152724,0.1956806688815584,0.8458032817216677,0.9566895959780743
Acute_All,O00330,PDHX,-0.12806667674014882,-1.0727340321511702,0.28937103651356705,0.7524866670756926
Acute_All,O00410,IPO5,0.0912930353200192,0.8015885028217892,0.42719637468438165,0.8198911290192875
Acute_All,O00423,EML1,-0.23299838698017616,-1.393614872168319,0.1705918476721729,0.6688340082011288
Acute_All,O00429,DNM1L,-0.1336557969188128,-0.941382581549755,0.35176502160465106,0.7816470837151482
Acute_All,O00442,RTCA,-0.12907865285455955,-0.70981927334418,0.4816459708413654,0.8312140327403084
Acute_All,O00483,NDUFA4,-0.01727940183391219,-0.10346694793966651,0.9180731991213136,0.9843233876008831
Acute_All,O00487,PSMD14,0.21672746029115508,1.9687692547364968,0.05544327202446606,0.4284875097199476
Acute_All,O00499,BIN1,0.06743830165522446,0.673787095975931,0.5040508209931696,0.8347508305336617
Acute_All,O00505,KPNA3,0.01911754192907722,0.12684466189568822,0.8996543434254319,0.9744608255550633
Acute_All,O00571,DDX3X,0.09266597120437403,0.48591044886720935,0.629496454636709,0.8868674732241106
Acute_All,O00629,KPNA4,0.11675218612688987,0.8975520717518947,0.3744199796439748,0.7990462747402098
Acute_All,O00748,CES2,-0.15906460816421664,-0.8154241898177104,0.42018866564301305,0.8198911290192875
Acute_All,O00757,FBP2,-0.34835294966897656,-2.3402235074959115,0.02397945146610556,0.35946971588171567
Acute_All,O00763,ACACB,0.20184153316488285,0.8165630888578861,0.4288638495725081,0.8198911290192875
Acute_All,O00764,PDXK,0.21570829093586852,1.3676520863046517,0.17869138393672707,0.6793911661916952
Acute_All,O14521,SDHD,0.07356656151895002,0.332364349190289,0.7412281766697456,0.9185445934039375
Acute_All,O14556,GAPDHS,-0.25954486090871853,-0.7522503132730632,0.45653251254426075,0.8242079215924278
Acute_All,O14558,HSPB6,-0.136676528592794,-0.8262359208325754,0.41322905900000484,0.8138100548556165
Acute_All,O14561,NDUFAB1,-0.13179826568184083,-0.8292028718525317,0.41156680829654146,0.8126253554574526
Acute_All,O14618,CCS,0.5667525956860899,1.9189088336109856,0.06695325677884277,0.47922073862494197
Acute_All,O14653,GOSR2,0.3077743850721628,0.5471360747133268,0.5887758321664962,0.872001451447844
Acute_All,O14732,IMPA2,-0.12003013905732551,-0.6501053290194598,0.5190807884784534,0.846209827050812
Acute_All,O14737,PDCD5,0.09204128058372696,0.598397369760263,0.5527124297828288,0.8602281224226745
Acute_All,O14744,PRMT5,-0.12476497382936458,-1.0905179675095422,0.28217332702914777,0.7474210270250204
Acute_All,O14818,PSMA7,0.07941348101101298,0.7692829249559258,0.44592850000931095,0.8230732983138985
Acute_All,O14841,OPLAH,-0.3083642790307888,-1.8059677115682495,0.07826449914935446,0.5175377795862242
Acute_All,O14874,BCKDK,0.163220081269408,0.408296439776591,0.6869988293831896,0.9114287773973834
Acute_All,O14880,MGST3,0.011254552057456735,0.051813918203407666,0.9589168013382885,0.9929382481042752
Acute_All,O14949,UQCRQ,-0.06801213501951153,-0.4358625573018797,0.6651157277973518,0.9006947813310426
Acute_All,O14950,MYL12B,0.3965175612007439,2.293004032157657,0.02679752940545271,0.35946971588171567
Acute_All,O14957,UQCR11,0.00515017001802498,0.016496860760018897,0.9869142756508992,0.9965162247358512
Acute_All,O14958,CASQ2,0.2022555086358011,1.0985015640097988,0.278095326889085,0.7435468041750835
Acute_All,O14979,HNRNPDL,0.47332967302143203,2.574555403171218,0.013649871289509284,0.32722206561912764
Acute_All,O14980,XPO1,-0.1160683208637927,-0.5690782158455073,0.5723324147845339,0.8626063856650513
Acute_All,O14983,ATP2A1,0.0067616866207256265,0.059777053216330506,0.9526100192298265,0.9907638185192745
Acute_All,O15061,SYNM,-0.0537766244945459,-0.2058859770231777,0.8378511659311381,0.9536074620419864
Acute_All,O15143,ARPC1B,-0.08035587049540283,-0.28702358396639166,0.7773682138058714,0.9317567846346099
Acute_All,O15144,ARPC2,0.5733616948618732,2.492064183187675,0.01825138211882366,0.33603227957313997
Acute_All,O15145,ARPC3,0.21080932154452725,0.7569084688197476,0.4534302928980911,0.8242079215924278
Acute_All,O15173,PGRMC2,-0.02541278645003331,-0.21344778953949964,0.8319860205660665,0.9530687638987452
Acute_All,O15212,PFDN6,-0.1034571761876979,-0.7449371136270788,0.46036002484199934,0.8242079215924278
Acute_All,O15273,TCAP,1.0186826423344275,4.13819339103921,1.5974844984408993e-4,0.04285822697245727
Acute_All,O15305,PMM2,0.0970981097265593,0.5635984169728545,0.5764256086719712,0.8626063856650513
Acute_All,O15371,EIF3D,0.12042163987489118,0.6152040033156906,0.5417375310793329,0.8545062238241012
Acute_All,O15382,BCAT2,-0.24140302504072153,-1.3069138726249159,0.19834893759553918,0.6939081638239839
Acute_All,O15400,STX7,0.03517936468558425,0.2112375567886402,0.8337738629018244,0.9530687638987452
Acute_All,O15498,YKT6,0.08030821821375334,0.476269362571162,0.6371161869924747,0.8876143910770532
Acute_All,O43169,CYB5B,-9.616763215802848e-4,-0.007236286804842036,0.9942597803890597,0.9973074177830864
Acute_All,O43181,NDUFS4,-0.20860593631940283,-1.1536237551173165,0.2550232800594003,0.735689277959376
Acute_All,O43237,DYNC1LI2,-0.051749093859831063,-0.29753734404965965,0.7677655478259188,0.9303666592988977
Acute_All,O43242,PSMD3,0.14992009506767623,1.7408963441287533,0.08884994683122806,0.5374042651839216
Acute_All,O43374,RASA4,0.07179246739526945,0.2718998745112604,0.7878446851268592,0.9361057201536302
Acute_All,O43390,HNRNPR,0.6946215349129119,5.185204558912133,5.500701350261659e-6,0.006096300675923247
Acute_All,O43396,TXNL1,0.030821619311083737,0.3156396324152471,0.7538021873514774,0.9243863701861336
Acute_All,O43399,TPD52L2,0.06940930263621325,0.4787042790374613,0.6348205191552256,0.8871419885738066
Acute_All,O43414,ERI3,-0.24443003581511924,-1.6833112787066862,0.0995589378274241,0.5597954647901271
Acute_All,O43464,HTRA2,-0.1003193416934387,-0.47491634272117766,0.6395227032306315,0.8890100179741764
Acute_All,O43488,AKR7A2,0.10888491045816906,0.5636814061447112,0.5758975863931647,0.8626063856650513
Acute_All,O43491,EPB41L2,0.3547289124828872,1.0706476991103835,0.2977252957663137,0.7592217116275717
Acute_All,O43583,DENR,-0.4084886060067312,-2.0007064452097447,0.051911812236441424,0.425699853897522
Acute_All,O43598,DNPH1,-0.18196119621928375,-0.7226805435169874,0.4746748262162569,0.8277059643770942
Acute_All,O43615,TIMM44,0.09690636799012431,0.41966353447847804,0.6768196201066601,0.9098548651111723
Acute_All,O43617,TRAPPC3,0.28185276316625085,1.4124117480487388,0.16747424099467265,0.6649400096997785
Acute_All,O43633,CHMP2A,0.28888214324072514,1.9535452073026383,0.058555323069347694,0.4428975265126892
Acute_All,O43674,NDUFB5,-0.30074005599317744,-1.3972440023119426,0.1713868832330845,0.6705511806494432
Acute_All,O43676,NDUFB3,-0.07673757823403804,-0.5427081245105478,0.5901313997264844,0.872001451447844
Acute_All,O43678,NDUFA2,0.02625489186809027,0.19282428386748554,0.8480039835528161,0.9576376915888086
Acute_All,O43681,ASNA1,0.07895124322916658,0.6320381419469988,0.5307065444246202,0.8518520431020826
Acute_All,O43707,ACTN4,0.40220755768004146,0.8536863147688294,0.3980072165177472,0.808425162233119
Acute_All,O43708,GSTZ1,0.19532116025217583,0.8429424911013393,0.40414886743729794,0.808425162233119
Acute_All,O43741,PRKAB2,-0.19447745923268833,-1.1294391989205261,0.2652739484913993,0.7409596387036235
Acute_All,O43747,AP1G1,0.4260905208030348,1.887025938767329,0.06955652619690503,0.49107953457814907
Acute_All,O43760,SYNGR2,0.2437709318750887,1.5866072470812378,0.11992522325946005,0.5977001426290726
Acute_All,O43765,SGTA,-0.2556998186357671,-1.807895766003991,0.07761704233722082,0.5175377795862242
Acute_All,O43768,ENSA,0.16262950656249586,0.5241759759932216,0.6042780314218814,0.8781265482722924
Acute_All,O43772,SLC25A20,-0.05585706874030194,-0.37704377828797764,0.7079945518418744,0.9182415527341438
Acute_All,O43776,NARS1,0.14810623892116936,1.25608206740677,0.21586466940514806,0.7091264598382789
Acute_All,O43813,LANCL1,-0.05389582248668212,-0.357027155822043,0.7228168278196607,0.9185445934039375
Acute_All,O43826,SLC37A4,-0.21087195692975058,-1.0513930360368104,0.29908689442016284,0.7592217116275717
Acute_All,O43837,IDH3B,-0.2313873696795845,-2.1202883928392575,0.039787476008989235,0.405901755169938
Acute_All,O43852,CALU,-0.3733477496527424,-3.449722211081722,0.0012686256287635863,0.14014581945988325
Acute_All,O43865,AHCYL1,0.08584179423468008,0.6133016444709454,0.5429059397951985,0.8545062238241012
Acute_All,O43920,NDUFS5,-0.38223211975795834,-2.2949550372312015,0.02667546808716779,0.35946971588171567
Acute_All,O60220,TIMM8A,-0.28827627768244746,-1.2027617927475265,0.23762170433254137,0.7285655433813577
Acute_All,O60237,PPP1R12B,0.5346882936954245,1.1033578482831379,0.2799712423115203,0.7457957348383477
Acute_All,O60256,PRPSAP2,0.28424540611770155,0.9492922752954704,0.3491669389697546,0.7803040763123968
Acute_All,O60313,OPA1,-0.09328165720542891,-0.527113898207743,0.600822227347635,0.8781265482722924
Acute_All,O60493,SNX3,0.03858932003918092,0.2478713399358546,0.8054411920262501,0.9442890295457194
Acute_All,O60506,SYNCRIP,0.4970126194786886,4.022779626266412,2.3450788188832648e-4,0.048933978020697454
Acute_All,O60610,DIAPH1,0.6273279659756881,1.2671786368994968,0.22320111297256406,0.7152847119203923
Acute_All,O60662,KLHL41,0.24818408051254082,1.5512649079883492,0.12816421067414413,0.606332389246391
Acute_All,O60664,PLIN3,-0.0642190529800839,-0.543247028371364,0.5897635733193028,0.872001451447844
Acute_All,O60684,KPNA6,-0.08579126106058155,-0.5621222943412107,0.5770190453232331,0.8627721075772546
Acute_All,O60749,SNX2,0.04274650103123001,0.34182027963931083,0.7341897412761231,0.9185445934039375
Acute_All,O60763,USO1,-0.029379842583885818,-0.24947109561815012,0.8041836883480302,0.9442890295457194
Acute_All,O60784,TOM1,-0.03671276622048936,-0.2919960062001254,0.7716931466907471,0.9317567846346099
Acute_All,O60825,PFKFB2,-0.047992301353964706,-0.15819514717488375,0.8751188620157109,0.9627845476657909
Acute_All,O60826,CCDC22,0.4590157029453241,1.4981924499950774,0.14828147764110577,0.6416419700691166
Acute_All,O60841,EIF5B,0.013678532136708554,0.07621685111020254,0.9399347650102058,0.98767010080062545
Acute_All,O60884,DNAJA2,0.002819945238110577,0.023337691531794862,0.9814888170733311,0.9959749905213346
Acute_All,O60936,NOL3,-0.13567858374537067,-1.0561974001839631,0.29677317231522066,0.7592217116275717
Acute_All,O75027,ABCB7,0.34177235017485774,1.6609877576837127,0.10786580721475177,0.5706253125332502
Acute_All,O75083,WDR1,0.059217897577191536,0.5130623213689227,0.6105323666454274,0.8806343641659434
Acute_All,O75112,LDB3,0.08724038418733926,0.6415612433009702,0.5245616689935155,0.8494344856611633
Acute_All,O75122,CLASP2,NA,NA,NA,NA
Acute_All,O75128,COBL,-0.4011630695190824,-2.114068952040832,0.04063340254097356,0.405901755169938
Acute_All,O75131,CPNE3,0.23173419010156948,2.1982426189341955,0.033360179355102264,0.3820147367614759
Acute_All,O75153,CLUH,-0.027052065848826246,-0.16470104927514806,0.870100062290034,0.9627845476657909
Acute_All,O75155,CAND2,0.024958730746847735,0.16293666805942408,0.87133125485845,0.9627845476657909
Acute_All,O75208,COQ9,-0.21728296069015585,-2.202080825470767,0.033068913908742364,0.3820147367614759
Acute_All,O75223,GGCT,-0.13310080352466436,-0.9219211478765179,0.3617110830927186,0.7888360724305516
Acute_All,O75251,NDUFS7,-0.24117135971779113,-1.0065503305612413,0.3197788130857046,0.7628536200006566
Acute_All,O75298,RTN2,0.12247051849437263,0.619389111940715,0.5389265571800292,0.8545062238241012
Acute_All,O75306,NDUFS2,0.022811239833707475,0.1850947532094982,0.8540245638498297,0.9609695212162854
Acute_All,O75323,NIPSNAP2,-0.14846867450935264,-1.1954810294053895,0.2384472892841474,0.7290752417115534
Acute_All,O75340,PDCD6,-0.0769195905151232,-0.5398984210655544,0.5928896619453974,0.8746636175439562
Acute_All,O75347,TBCA,0.1632673411327339,1.2145065229942749,0.23117866903660403,0.7272253608890157
Acute_All,O75348,ATP6V1G1,0.1011605256235022,0.6022281693598338,0.552234259343491,0.8602281224226745
Acute_All,O75351,VPS4B,0.08343808841327238,0.6957894292621435,0.4903024944817652,0.8347508305336617
Acute_All,O75352,MPDU1,-0.052459988743701835,-0.2205797678419102,0.8276533571152955,0.9530687638987452
Acute_All,O75368,SH3BGRL,0.07112435400324557,0.2057785057970035,0.838854339631009,0.9536074620419864
Acute_All,O75369,FLNB,0.0013791858023051162,0.010658947456708926,0.991544826541602,0.9966102694077483
Acute_All,O75380,NDUFS6,-0.13288215700506,-0.6753521993377072,0.5030659434704826,0.8347508305336617
Acute_All,O75390,CS,-0.13630702872340628,-1.600844827801626,0.11672983149436018,0.590427405769141
Acute_All,O75396,SEC22B,0.3685484580309204,2.2298231856825135,0.031158256278560937,0.3777127088295252
Acute_All,O75431,MTX2,-0.15668529505258277,-0.48975519843007614,0.6270492878212368,0.8854976741522349
Acute_All,O75436,VPS26A,0.11550816731936564,0.7775153546337312,0.4411095240239652,0.8210145551209184
Acute_All,O75438,NDUFB1,-0.05351949137111589,-0.3343336934260985,0.7397522002869381,0.9185445934039375
Acute_All,O75439,PMPCB,-0.601737981346572,-2.364212363991625,0.02523249201519698,0.35946971588171567
Acute_All,O75489,NDUFS3,-0.05558234274767848,-0.4021583353301564,0.6895586218915293,0.9114287773973834
Acute_All,O75521,ECI2,-0.33692812438465225,-2.498806865351132,0.016358857995255854,0.33034339048484407
Acute_All,O75531,BANF1,0.28521975777034037,1.7674139521294803,0.08425147398377036,0.5208853047261406
Acute_All,O75534,CSDE1,0.43865627549758557,2.948454811905613,0.005144699891882271,0.23081549791700073
Acute_All,O75569,PRKRA,-0.12323742461468434,-0.4382925588199824,0.6650904898727549,0.9006947813310426
Acute_All,O75608,LYPLA1,-0.07663002851301037,-0.654874519804949,0.5160347999015724,0.8441753956577988
Acute_All,O75663,TIPRL,-0.1472555325237348,-0.5085400558265205,0.6137342662342415,0.8806343641659434
Acute_All,O75688,PPM1B,-0.22578210512035568,-1.1337474938406762,0.2690922813026066,0.7409596387036235
Acute_All,O75746,SLC25A12,-0.12097001836690424,-1.171163924821961,0.2479787786799678,0.7314031557020961
Acute_All,O75821,EIF3G,0.03228738289457311,0.1657991613248172,0.869091709638047,0.9627845476657909
Acute_All,O75822,EIF3J,0.018520143954997792,0.16446573302604475,0.8701348174716848,0.9627845476657909
Acute_All,O75832,PSMD10,-0.05136853885520587,-0.31509203043514356,0.7542150528818363,0.9243863701861336
Acute_All,O75874,IDH1,-0.2302086018341214,-1.3568455021373869,0.1819073164216733,0.6793911661916952
Acute_All,O75891,ALDH1L1,-0.17216639916614973,-1.3472968054013994,0.18493814982577342,0.6826796810319032
Acute_All,O75915,ARL6IP5,0.10919929476166779,0.7445223762126417,0.46060819143302134,0.8242079215924278
Acute_All,O75923,DYSF,0.02120505978560061,0.24335038233879538,0.8088906021724014,0.9452996582948163
Acute_All,O75935,DCTN3,-0.25360169393325727,-1.199977739305853,0.23953203234436243,0.7290752417115534
Acute_All,O75947,ATP5PD,-0.15949905674690434,-1.644662123405772,0.10732795715311659,0.5695457810669547
Acute_All,O75955,FLOT1,0.5230293176112522,2.145261063968973,0.03915598532068862,0.405901755169938
Acute_All,O75964,ATP5MG,-0.051811817998689946,-0.2970280659917489,0.7678745058111243,0.9303666592988977
Acute_All,O76003,GLRX3,-0.10198658793687088,-0.5988133955965789,0.552437483392062,0.8602281224226745
Acute_All,O94760,DDAH1,-0.07180079721233135,-0.48019055998042115,0.6335245287532969,0.8871419885738066
Acute_All,O94811,TPPP,0.5562519506639774,1.799948777096137,0.08227294831533553,0.5208853047261406
Acute_All,O94826,TOMM70,0.0044518031186644436,0.023595279093131975,0.9812845402268724,0.9959749905213346
Acute_All,O94874,UFL1,0.1667026056258365,0.8736615755404658,0.38923761475291674,0.808425162233119
Acute_All,O94903,PLPBP,-0.18255019747426005,-1.446105878933523,0.1553938407239969,0.6539186253054711
Acute_All,O94905,ERLIN2,0.16221081429310935,1.0518284391599388,0.2987505177382709,0.7592217116275717
Acute_All,O94919,ENDOD1,0.010622159878458604,0.06832522855669342,0.9458433153875394,0.9890276983840752
Acute_All,O94979,SEC31A,0.04095970135674598,0.2729266689209543,0.7863129696882744,0.9360171979035082
Acute_All,O95139,NDUFB6,-0.163988204391309,-0.6797757848802439,0.5002880005592452,0.8347508305336617
Acute_All,O95140,MFN2,-0.2547568075963067,-1.3585451981645098,0.18209292108945566,0.6793911661916952
Acute_All,O95167,NDUFA3,-0.20290295140011594,-0.9601979384969669,0.34415019941776426,0.7794363688027048
Acute_All,O95168,NDUFB4,-0.09269588117489924,-0.40817199644685553,0.6851718078141289,0.9114287773973834
Acute_All,O95169,NDUFB8,-0.1552554212496453,-0.6818424759875973,0.49899304300220104,0.8347508305336617
Acute_All,O95182,NDUFA7,-0.10900889706024053,-0.462520130743601,0.6460392182990128,0.8907941644387269
Acute_All,O95197,RTN3,0.11788137494464479,0.5566417718183482,0.581641888477959,0.8658747059514976
Acute_All,O95202,LETM1,-0.0887632796121558,-0.5635831896728205,0.5759638497145418,0.8626063856650513
Acute_All,O95210,STBD1,-0.0580938610464905,-0.3968702722130626,0.6934250825062835,0.9131184125541093
Acute_All,O95278,EPM2A,-0.6487578649265053,-2.972979383189566,0.005162007940635799,0.23081549791700073
Acute_All,O95292,VAPB,0.00462642493821086,0.025882147465009667,0.9794710229253205,0.9959749905213346
Acute_All,O95298,NDUFC2,-0.25655107528918997,-1.3788254647147893,0.17507580327814884,0.6793230548685196
Acute_All,O95299,NDUFA10,-0.08575689840446898,-0.57744718655493,0.5666473369685241,0.8622254980644056
Acute_All,O95336,PGLS,0.12101418461308988,0.789276681209349,0.4342787078246263,0.8209815627708666
Acute_All,O95359,TACC2,-0.15858917571515008,-0.8421915491515396,0.40656769336798837,0.808425162233119
Acute_All,O95372,LYPLA2,-0.16570915196771097,-1.4096975077500014,0.16616582111027522,0.6625465223887407
Acute_All,O95373,IPO7,0.1081007070444695,0.5682393005048357,0.5729700612027159,0.8626063856650513
Acute_All,O95376,ARIH2,0.2598810616286773,0.8886873469133872,0.38041153797007665,0.8045189958421216
Acute_All,O95433,AHSA1,0.23026930260342304,1.0202701750864334,0.3134385048372225,0.7610345597697253
Acute_All,O95479,H6PD,-0.5230967426751452,-2.7469203473214034,0.01007157910771089,0.2865822055194098
Acute_All,O95563,MPC2,-0.027610431542886005,-0.1798188019127979,0.8581391181008936,0.9627845476657909
Acute_All,O95571,ETHE1,0.14661688709108844,0.9841439126270555,0.3312661049072919,0.7753938909396001
Acute_All,O95573,ACSL3,0.019873819051211328,0.194191205676983,0.8469402233416643,0.9570118769167543
Acute_All,O95747,OXSR1,0.18482285961430556,1.186126215215158,0.2420819070994307,0.7309161117889563
Acute_All,O95782,AP2A1,0.060256653187154896,0.4064353521563827,0.6865879844977321,0.9114287773973834
Acute_All,O95810,CAVIN2,-0.1500679084029759,-0.9537531987225442,0.34553691552514887,0.7794363688027048
Acute_All,O95817,BAG3,0.04580610817891362,0.24772198997851008,0.8055280334717869,0.9442890295457194
Acute_All,O95822,MLYCD,0.015323770179222151,0.11565767882185507,0.9086461061920768,0.9795851822208497
Acute_All,O95831,AIFM1,-0.16099989193319608,-2.0736228867226214,0.044135208058616975,0.4144296036704134
Acute_All,O95834,EML2,-0.15332948881902908,-1.0268414570877384,0.31115771105515017,0.7610345597697253
Acute_All,O95861,BPNT1,-0.2576645467685399,-1.5163561509080674,0.13924002476281022,0.6211229608184267
Acute_All,O95865,DDAH2,-0.014992370591015103,-0.08277900570767198,0.9345425590690806,0.9875582436222815
Acute_All,O95870,ABHD16A,-0.17389826918622386,-0.801815769149899,0.4370474322510185,0.8209815627708666
Acute_All,O95881,TXNDC12,0.1834075967480544,1.0308478062330746,0.30895939302680414,0.7610345597697253
Acute_All,O95989,NUDT3,0.03095317556038779,0.19526996583041278,0.8461455904790105,0.9566895959780743
Acute_All,O96000,NDUFB10,-0.1364978899546152,-0.7248406138957146,0.47247387023913767,0.8254008635433493
Acute_All,O96007,MOCS2,0.11118646674253974,0.34401503334173905,0.7353084327636372,0.9185445934039375
Acute_All,O96008,TOMM40,0.2008825704165833,0.8185346246810252,0.41815270170492924,0.8197189705656129
Acute_All,P00156,MT-CYB,-0.11097935240490564,-0.47894597732977245,0.6354471536662392,0.8872637580559086
Acute_All,P00167,CYB5A,-0.020903382057657183,-0.09046603130017175,0.9286096498657612,0.9854423171357561
Acute_All,P00325,ADH1B,-0.1908049299531438,-0.7516075265233001,0.45637929861588655,0.8242079215924278
Acute_All,P00338,LDHA,-0.16954309631343634,-1.0970294278445436,0.27873107036169265,0.7435468041750835
Acute_All,P00352,ALDH1A1,-0.04118510000597553,-0.2277282574859134,0.8209363379392387,0.9508980924162227
Acute_All,P00367,GLUD1,-0.17030878809528183,-1.5603394840327771,0.1260064482879783,0.606332389246391
Acute_All,P00387,CYB5R3,0.17236628117685626,1.4129883916353903,0.16485342268784073,0.6615271961704378
Acute_All,P00390,GSR,0.14712337691288369,1.3062219727584992,0.19841782959184204,0.6939081638239839
Acute_All,P00395,MT-CO1,0.13291299405969603,0.45361632094893023,0.6525551985377105,0.8932205997476824
Acute_All,P00403,MT-CO2,0.020029061589491803,0.11306831169678198,0.9105023660591456,0.9807808987976954
Acute_All,P00441,SOD1,0.10615447931511568,0.7092095059323891,0.48202040465050533,0.8312140327403084
Acute_All,P00492,HPRT1,0.669499474979764,2.9896335815527895,0.004653313577111672,0.23081549791700073
Acute_All,P00505,GOT2,-0.16524168504497716,-1.5290298776030364,0.133577059643353,0.6148473480642572
Acute_All,P00558,PGK1,-0.06891772711289335,-0.8104864042181418,0.42212151667892284,0.8198911290192875
Acute_All,P00568,AK1,0.03611211776958356,0.3912996250317574,0.6975071149283819,0.9135636282749295
Acute_All,P00846,MT-ATP6,0.05383954704976546,0.1598260085682429,0.8737661700741428,0.9627845476657909
Acute_All,P00966,ASS1,-0.010419519414790912,-0.03601095409637931,0.9715980577131862,0.9949079347793695
Acute_All,P01116,KRAS,-0.040219067457302415,-0.21349572677333367,0.8322145872424707,0.9530687638987452
Acute_All,P01889,HLA-B,0.6961968705466992,2.363681766263614,0.02733457509093945,0.36150938042805836
Acute_All,P01903,HLA-DRA,0.1448359558643233,0.4823654124474413,0.6364995572128485,0.8874136365595616
Acute_All,P02144,MB,-0.03783575140525386,-0.31396739579754046,0.7550632012063518,0.9243863701861336
Acute_All,P02511,CRYAB,0.12745310796632836,1.0437468589719925,0.302432106437869,0.7610345597697253
Acute_All,P02545,LMNA,0.22945189676078215,0.8289410340055965,0.41171333895962225,0.8126253554574526
Acute_All,P02585,TNNC2,0.18847591023002686,0.8685893789177858,0.3898915354357855,0.808425162233119
Acute_All,P02786,TFRC,0.48155085637963246,1.7517559126837803,0.09159509836141833,0.5405274340780274
Acute_All,P02792,FTL,0.5693098291588736,1.4611844078717786,0.1512306086810096,0.6484271303720001
Acute_All,P02794,FTH1,0.0564868698097456,0.2255869159150091,0.8225909429813949,0.9511733980388104
Acute_All,P03886,MT-ND1,-0.06867745743389264,-0.30312211992516486,0.7632577631076044,0.93027677210426
Acute_All,P03891,MT-ND2,0.1653190268466318,0.7414240687096492,0.4624645753978974,0.8242079215924278
Acute_All,P03897,MT-ND3,-0.0031584721263016036,-0.010858381842963684,0.9913866322032302,0.9966102694077483
Acute_All,P03905,MT-ND4,0.06525459748102413,0.3317764289798684,0.7417072044049327,0.9185445934039375
Acute_All,P03915,MT-ND5,-0.20731478335517117,-0.9767293529163722,0.33416360690073976,0.776499590142609
Acute_All,P03928,MT-ATP8,-0.11422373410947806,-0.4558749312974954,0.6512163847924113,0.8926893216351448
Acute_All,P04075,ALDOA,-0.04872575371488708,-0.6046377709071611,0.5485955359325474,0.8599853226054457
Acute_All,P04080,CSTB,0.04389193527405055,0.33777213310094123,0.7371775518997818,0.9185445934039375
Acute_All,P04179,SOD2,0.04803616910467312,0.3233681208469906,0.7479831006081814,0.9205191762399506
Acute_All,P04216,THY1,-0.43188811087633283,-0.848197333868514,0.4050609526831884,0.808425162233119
Acute_All,P04406,GAPDH,-0.0073805645048672375,-0.08305147828461092,0.9341958352583368,0.9875582436222815
Acute_All,P04439,HLA-A,0.08655625974148862,0.3648003600734028,0.7170476134865424,0.9185445934039375
Acute_All,P04632,CAPNS1,0.053220327660536526,0.3920990786835151,0.6969207343410577,0.9135636282749295
Acute_All,P04792,HSPB1,-0.12445338617549595,-1.0237589755320964,0.31167138769649455,0.7610345597697253
Acute_All,P04843,RPN1,0.154816320566745,1.1546545569885804,0.25460534401602597,0.7356420434576049
Acute_All,P04844,RPN2,0.02736933150398002,0.1865032671173942,0.8529267963852211,0.9609695212162854
Acute_All,P04899,GNAI2,0.26344940021723495,1.5796850377927736,0.12150422577812013,0.5977001426290726
Acute_All,P04921,GYPC,0.3919803457615849,1.0776585721951868,0.28923777432066844,0.7524866670756926
Acute_All,P05023,ATP1A1,-0.045262112542214794,-0.39366261347975906,0.6957744599724951,0.9135636282749295
Acute_All,P05026,ATP1B1,-0.06453163425941177,-0.4879675746217552,0.6280505568999435,0.8854976741522349
Acute_All,P05091,ALDH2,0.3302464193676986,1.4099271701254632,0.16575001670042971,0.662294747581717
Acute_All,P05141,SLC25A5,0.161739436778781,0.743433782538315,0.4612599419351818,0.8242079215924278
Acute_All,P05164,MPO,NA,NA,NA,NA
Acute_All,P05165,PCCA,-0.41528705103014296,-2.2119489653464948,0.03289308869199935,0.3820147367614759
Acute_All,P05166,PCCB,-0.19839308452485227,-1.583924555425812,0.12053517812702604,0.5977001426290726
Acute_All,P05198,EIF2S1,-0.018470132883146917,-0.17018470881875988,0.8656626777312552,0.9627845476657909
Acute_All,P05386,RPLP1,0.560948351482752,2.375325026481479,0.022060076809724553,0.3481413802408631
Acute_All,P05387,RPLP2,0.45283965269583604,2.696865795100522,0.0099533247323834,0.2865822055194098
Acute_All,P05388,RPLP0,0.3756248614474256,2.154901008172777,0.036810181997455255,0.3927813738137555
Acute_All,P05413,FABP3,-0.14450001584520145,-1.0880140349966418,0.28264670082115045,0.7476204283691839
Acute_All,P05455,SSB,-0.048731584414811735,-0.13012497034310647,0.897468246626503,0.9744608255550633
Acute_All,P05556,ITGB1,-0.05009950873541413,-0.37580914075977706,0.7089055626291743,0.9184140948096391
Acute_All,P05976,MYL1,0.42724852571599214,1.4494042001872431,0.15447554978324068,0.6539186253054711
Acute_All,P06132,UROD,0.2801697919596027,1.055010943889357,0.3033952628564675,0.7610345597697253
Acute_All,P06576,ATP5F1B,-0.09277654016141312,-1.2701802251963579,0.2108471940134258,0.7070911256378816
Acute_All,P06703,S100A6,0.4540810765316152,1.0343103619127845,0.3067703203907742,0.7610345597697253
Acute_All,P06730,EIF4E,0.0822054519029276,0.6812980218775392,0.49933401077999284,0.8347508305336617
Acute_All,P06732,CKM,-0.09735699505030126,-1.1194718784388384,0.2691501197689697,0.7409596387036235
Acute_All,P06733,ENO1,0.1047581373360913,1.2133403593101006,0.2316194579934182,0.7273935486816712
Acute_All,P06737,PYGL,-0.2839810616295235,-0.6770864312293554,0.501975868339784,0.8347508305336617
Acute_All,P06744,GPI,-0.05588809334105882,-0.6351513310891473,0.5286935744223119,0.8500740862714913
Acute_All,P06748,NPM1,0.6435234458762604,3.8694013473833087,3.6506090701545445e-4,0.06855843833750234
Acute_All,P06753,TPM3,0.3906005935990038,1.1760265933740448,0.24605101511557492,0.7314031557020961
Acute_All,P07099,EPHX1,-0.003802711903738043,-0.022068016316957168,0.9824957364636904,0.9959749905213346
Acute_All,P07108,DBI,-0.08077106110170895,-0.356692552045941,0.7230655376775875,0.9185445934039375
Acute_All,P07195,LDHB,0.0960608785273731,0.5559072749026834,0.5811540184034357,0.8658747059514976
Acute_All,P07203,GPX1,-0.014309972839289031,-0.11202838180234032,0.9113219746549407,0.9807808987976954
Acute_All,P07205,PGK2,-0.06388112843941052,-0.22414910737521818,0.8239078023609285,0.9511733980388104
Acute_All,P07237,P4HB,0.15638403737687412,1.5478287529758885,0.1289889854024622,0.606332389246391
Acute_All,P07305,H1-0,0.31488066949739846,0.783907741837129,0.4377092634525718,0.8209815627708666
Acute_All,P07355,ANXA2,0.04771782019581394,0.24415694247254652,0.80826993241614975,0.9451624738963444
Acute_All,P07384,CAPN1,-0.03549869793213922,-0.4308134123794736,0.6687548845896635,0.903540772129056
Acute_All,P07437,TUBB,0.15426797689559102,1.0599209181707017,0.295095114457493,0.7581239739414115
Acute_All,P07451,CA3,0.10666678292073861,0.6161424108219943,0.5410470439934713,0.8545062238241012
Acute_All,P07585,DCN,-0.3085925372757181,-1.7267742778880482,0.0913831355373795,0.5405274340780274
Acute_All,P07602,PSAP,0.11589552358812938,0.708525663989184,0.4824405195351098,0.8312140327403084
Acute_All,P07737,PFN1,0.3100722957660125,2.5457265986159734,0.014569832463033637,0.32722206561912764
Acute_All,P07741,APRT,0.12534364150582,0.7296878721792849,0.4695354936333046,0.8242079215924278
Acute_All,P07814,EPRS1,-0.17374841080886405,-1.9842433948302562,0.053631139348188285,0.425699853897522
Acute_All,P07900,HSP90AA1,0.16246010159294144,1.4804617137534952,0.14603678141934312,0.6363273213585299
Acute_All,P07910,HNRNPC,0.9504147096878217,2.5690786688212026,0.015601854703536137,0.32722206561912764
Acute_All,P07919,UQCRH,-0.37673910948903355,-2.23160595036715,0.031030923100198914,0.3777127088295252
Acute_All,P07951,TPM2,0.2680593030249394,0.8538245286760366,0.397931469110832,0.808425162233119
Acute_All,P07954,FH,-0.050666247139410814,-0.7045329486143856,0.484897532588756,0.8325524801551523
Acute_All,P08123,COL1A2,-0.5510773544969325,-0.6099129836865966,0.5495331884308023,0.8602281224226745
Acute_All,P08133,ANXA6,-0.021707260980125653,-0.27050742606341893,0.7880634417267782,0.9361057201536302
Acute_All,P08237,PFKM,-0.03707917652953263,-0.4630209642103454,0.6456830595952394,0.8907941644387269
Acute_All,P08238,HSP90AB1,0.19510960646895192,2.039658816565734,0.047555348822112764,0.425699853897522
Acute_All,P08311,CTSG,2.08503423862631,1.7290692044760998,0.10573972475885249,0.5695457810669547
Acute_All,P08473,MME,-0.20904833535509137,-0.735404152173225,0.46951971910720636,0.8242079215924278
Acute_All,P08559,PDHA1,-0.1600577855850247,-1.4769775521911124,0.1469649047104209,0.6374136051874607
Acute_All,P08572,COL4A2,-0.5347937199280093,-1.2780435438485478,0.21171989203053082,0.7074910271055816
Acute_All,P08574,CYC1,-0.04301994019162514,-0.3007316501903769,0.765067710593678,0.9303666592988977
Acute_All,P08590,MYL3,0.519542143233803,1.5839952918228672,0.12051906281871742,0.5977001426290726
Acute_All,P08670,VIM,0.34584017014246626,1.2390419161303228,0.22204733443255834,0.7140494761375763
Acute_All,P08708,RPS17,0.14568254681264392,0.5943056595979531,0.5554940488687552,0.8607407786926752
Acute_All,P08758,ANXA5,0.051480506120086034,0.37142680405036216,0.7121426620372232,0.9185445934039375
Acute_All,P08865,RPSA,0.2823596330010538,1.4526293732840756,0.15358175603855675,0.6539186253054711
Acute_All,P08962,CD63,0.5786244680959385,2.0395075245623446,0.05167392176728647,0.425699853897522
Acute_All,P09104,ENO2,-0.2135821074958244,-0.7454291932927872,0.46006567939123955,0.8242079215924278
Acute_All,P09110,ACAA1,-0.14751748362125916,-0.7974283648886246,0.43002809482641013,0.8198911290192875
Acute_All,P09211,GSTP1,0.04451183095973121,0.492344089551675,0.6249793405482824,0.8842103413614135
Acute_All,P09417,QDPR,-0.043909767652749565,-0.442424997512366,0.6603980586758789,0.899367334440392
Acute_All,P09429,HMGB1,0.18065882308812498,1.1402839643309093,0.2604764485344419,0.7409596387036235
Acute_All,P09467,FBP1,-0.17098156857424662,-0.47668949569918123,0.6360528181498911,0.8874136365595616
Acute_All,P09488,GSTM1,0.04668960060879712,0.08185406970292514,0.9351707582680222,0.9875582436222815
Acute_All,P09493,TPM1,0.26739778577750073,0.9660234663916978,0.33943164195396247,0.77785474134214
Acute_All,P09497,CLTB,0.0115156954112976,0.04075174665575773,0.9677636174243314,0.9939134961127642
Acute_All,P09525,ANXA4,0.13978205899784513,0.838228435689152,0.40653549345804163,0.808425162233119
Acute_All,P09622,DLD,-0.06164389126904091,-0.7153855080007828,0.4782355524282704,0.8300613377636709
Acute_All,P09651,HNRNPA1,0.6116531662651177,2.9643615653677164,0.004980132540286907,0.23081549791700073
Acute_All,P09669,COX6C,-0.14525169842489838,-0.7681126412241865,0.44661605476304,0.8230732983138985
Acute_All,P09874,PARP1,0.3194818828818171,1.3172727413081322,0.2033950938209068,0.7011662847670667
Acute_All,P09936,UCHL1,0.16710022559980153,0.5885012460082537,0.5592730698013266,0.8621085411304745
Acute_All,P09960,LTA4H,0.07761970435224974,0.7692501454595493,0.4459477498298249,0.8230732983138985
Acute_All,P09972,ALDOC,0.013251647105757769,0.07396463125165934,0.9413894996981468,0.98767010080062545
Acute_All,P0CG29,GSTT2,0.5233273313769224,1.504638472716477,0.1454528686058101,0.6363273213585299
Acute_All,P0CG38,POTEI,-0.1361281502249465,-0.3532327655977398,0.7258649319932894,0.9185445934039375
Acute_All,P0CW19,LIMS3,-0.128350550850584,-0.7322811334839721,0.46967560986561463,0.8242079215924278
Acute_All,P0DMV8,HSPA1A,-0.06635070732093595,-0.7435839921505834,0.4611699784219896,0.8242079215924278
Acute_All,P0DP23,CALM1,0.24466775517764994,1.8345508748162067,0.07349353328572977,0.505570899306229
Acute_All,P0DPH7,TUBA3C,-0.10522695794342951,-0.5678749413524706,0.5735480229124441,0.8626063856650513
Acute_All,P10155,RO60,0.9503477445851374,1.6262091964199112,0.11695367143030906,0.590427405769141
Acute_All,P10253,GAA,0.184346765717061,0.7476285695117522,0.4589487246906918,0.8242079215924278
Acute_All,P10301,RRAS,-0.11032643615089555,-0.6288889240853716,0.5327469000021486,0.8536678141672654
Acute_All,P10321,HLA-C,-1.2871399611036276,-2.7871354757436024,0.015383709424485388,0.32722206561912764
Acute_All,P10412,H1-4,1.052533251571111,3.3634732406118006,0.0016260863933192627,0.15584203445845177
Acute_All,P10515,DLAT,-0.17053032313979521,-1.7732032825766575,0.08327449486707576,0.5208853047261406
Acute_All,P10599,TXN,0.3043179408931973,2.0606053593757276,0.045419807441235284,0.42226929888435577
Acute_All,P10606,COX5B,-0.16867156446887321,-0.9204022258631386,0.36249495767176043,0.7888360724305516
Acute_All,P10636,MAPT,0.1808485712181067,1.2322801306250266,0.22453676655003024,0.7152847119203923
Acute_All,P10644,PRKAR1A,0.03928895245821096,0.3711972652013218,0.7123123641482259,0.9185445934039375
Acute_All,P10768,ESD,-0.0510567454273243,-0.4285391744297737,0.6703966770708154,0.9044575858757121
Acute_All,P10809,HSPD1,-0.1463973926522275,-1.5130009921875036,0.1375915131514007,0.6211229608184267
Acute_All,P10916,MYL2,0.47307163449926115,1.4281536062707416,0.16046736278208631,0.6579064511414044
Acute_All,P11021,HSPA5,0.22500088680433805,2.0322909434274066,0.04832702368557878,0.425699853897522
Acute_All,P11047,LAMC1,0.025283636372163798,0.09319843128953524,0.9262925991696638,0.9843432061306954
Acute_All,P11055,MYH3,0.015891529989108477,0.043980961626228644,0.9652014618525492,0.993500110544101
Acute_All,P11142,HSPA8,0.10672983505402911,1.2845756838318425,0.2058145385227057,0.7011662847670667
Acute_All,P11177,PDHB,-0.18855231222677205,-2.186183829358081,0.034290103736136106,0.38384693038080975
Acute_All,P11182,DBT,-0.19044161529214954,-1.058921180080627,0.29583127903006057,0.7589769699705653
Acute_All,P11216,PYGB,-0.11054324163633211,-0.8631131829844618,0.392861500168737,0.808425162233119
Acute_All,P11217,PYGM,-0.21023614943056756,-2.6073970178918313,0.012489951613290801,0.32329749847652717
Acute_All,P11233,RALA,-0.12137822865121173,-0.9906141032451764,0.3275440793583124,0.7737456365219003
Acute_All,P11279,LAMP1,0.41376525257253505,1.012388692651236,0.3228635530424988,0.7665222519710513
Acute_All,P11310,ACADM,-0.15942014733526122,-1.3514082794463573,0.18362842578624172,0.6826796810319032
Acute_All,P11532,DMD,-0.08558493235034348,-0.7967514657726145,0.4299705206651695,0.8198911290192875
Acute_All,P11586,MTHFD1,0.04021141835605846,0.4212281034957356,0.6756856192019377,0.9089810837114893
Acute_All,P11766,ADH5,-0.07974271388583887,-0.6800506882041878,0.5001156439349226,0.8347508305336617
Acute_All,P11940,PABPC1,0.14249385475849685,1.0652288592341925,0.2927144070611393,0.7540708593426881
Acute_All,P12081,HARS1,-0.010314278370660901,-0.09785812517979912,0.9225215420464088,0.9843233876008831
Acute_All,P12109,COL6A1,-0.27405112028152523,-0.6793555885805629,0.5015087190002987,0.8347508305336617
Acute_All,P12110,COL6A2,-0.019260022923223374,-0.047467776509521886,0.9625328502613004,0.993500110544101
Acute_All,P12111,COL6A3,-0.05518507677879292,-0.19553159060366385,0.8458973948300954,0.9566895959780743
Acute_All,P12235,SLC25A4,-0.03658827883256066,-0.31912377817754245,0.7511770201090011,0.9237959520387561
Acute_All,P12236,SLC25A6,-0.20791952771343603,-1.671888654791877,0.10180518825028491,0.566522164498438
Acute_All,P12268,IMPDH2,0.20950669069035044,1.7297224820392836,0.09084938520472279,0.5399213462483208
Acute_All,P12277,CKB,-0.03828494234464053,-0.3147104202305196,0.754502811614752,0.9243863701861336
Acute_All,P12429,ANXA3,0.7007682576218208,3.2786065396211046,0.0021305450743109955,0.1746200955083123
Acute_All,P12532,CKMT1A,-0.38580721638715154,-2.3401642005573287,0.02398281750081241,0.35946971588171567
Acute_All,P12694,BCKDHA,-0.05165381606954966,-0.255835019339911,0.7997145424213122,0.941607467502962
Acute_All,P12814,ACTN1,0.5599434044879334,0.9456262953332822,0.34962023786853524,0.7803040763123968
Acute_All,P12829,MYL4,0.44867339590896194,1.3073972944690688,0.1981862542396271,0.6939081638239839
Acute_All,P12882,MYH1,0.2964653352629174,0.7218756233031232,0.47427638382939497,0.8277059643770942
Acute_All,P12883,MYH7,0.5608805005536013,1.5763129501547173,0.12227949555879754,0.5980231579672443
Acute_All,P12955,PEPD,0.04618798282414005,0.2588770901977823,0.7970569339077663,0.9411856127818824
Acute_All,P12956,XRCC6,-0.08629486010312881,-0.5293469318752809,0.599724799354438,0.8778512651501439
Acute_All,P13010,XRCC5,0.3941948560810218,1.9549259418500087,0.057108938426460976,0.43597799335322646
Acute_All,P13073,COX4I1,0.05491217208961885,0.3538524175615734,0.7251778171282675,0.9185445934039375
Acute_All,P13164,IFITM1,1.1819535673220969,2.53448654404962,0.020201362618285233,0.3406075523608903
Acute_All,P13473,LAMP2,-0.15383932948176593,-0.7521875030192378,0.45623282206462834,0.8242079215924278
Acute_All,P13489,RNH1,0.12942909663297186,1.4050689784512833,0.16718071050436284,0.6649400096997785
Acute_All,P13533,MYH6,0.6617566567097857,1.8043161067737339,0.08792135027960114,0.5360918695619836
Acute_All,P13535,MYH8,0.4808023064269875,1.1086151459504316,0.275371879481258,0.7429136983713296
Acute_All,P13637,ATP1A3,-0.0656955114462523,-0.3251198090143108,0.7468726804186132,0.9197553402138726
Acute_All,P13639,EEF2,0.07955273394232343,0.8898330382131876,0.3785045157474275,0.8013883659229637
Acute_All,P13667,PDIA4,0.042383639268326334,0.14489540560423383,0.8856742248421319,0.9681584367017019
Acute_All,P13693,TPT1,-0.05857223468238004,-0.4937153091171852,0.6240184699125331,0.8842103413614135
Acute_All,P13797,PLS3,-0.5211180915009734,-2.312034702518033,0.02628749621851094,0.35946971588171567
Acute_All,P13798,APEH,-0.006059042386201696,-0.07087797969317529,0.9438233280922992,0.9890276983840752
Acute_All,P13804,ETFA,-0.07616131984180718,-0.9005972755639233,0.37281639568840574,0.7988351136624631
Acute_All,P13805,TNNT1,0.10255557685789896,0.298598184540618,0.7666841898007063,0.9303666592988977
Acute_All,P13807,GYS1,-0.08171090694929362,-0.838447844432251,0.4064136585942528,0.808425162233119
Acute_All,P13861,PRKAR2A,-0.06504335439999132,-0.6898631089005954,0.4939849439081123,0.8347508305336617
Acute_All,P13929,ENO3,0.004921810187331843,0.043408408400375735,0.9655768239923581,0.993500110544101
Acute_All,P13987,CD59,-0.01953555624195147,-0.09299859298651246,0.9263466580365995,0.9843432061306954
Acute_All,P14314,PRKCSH,-0.13205512100678618,-1.072003387488441,0.2896953462703545,0.7524866670756926
Acute_All,P14324,FDPS,0.027211824626647285,0.26294673859732653,0.7938468295470049,0.9388188576128937
Acute_All,P14406,COX7A2,-0.007742976845690919,-0.04796577869677303,0.9619654973592615,0.993500110544101
Acute_All,P14543,NID1,-0.18456444580183806,-0.3610723938183762,0.7222433006250109,0.9185445934039375
Acute_All,P14550,AKR1A1,0.1972293744818625,1.330927777664497,0.19022356912034824,0.6899362603751671
Acute_All,P14618,PKM,-0.13245875049012845,-1.4271485265375383,0.16075519754229534,0.6579064511414044
Acute_All,P14621,ACYP2,0.09458481028400811,0.6756526540527684,0.5028769958762662,0.8347508305336617
Acute_All,P14625,HSP90B1,0.14337318497103446,1.0058961556275787,0.3200898043453234,0.7628536200006566
Acute_All,P14649,MYL6B,0.6796704247104923,2.178172515478786,0.03492050985044989,0.3857689264655582
Acute_All,P14678,SNRPB,0.12839082349278375,0.5806770960752393,0.5657918690894761,0.8622254980644056
Acute_All,P14735,IDE,-0.1033386768435367,-1.0268880039159152,0.3102124258716107,0.7610345597697253
Acute_All,P14854,COX6B1,-0.31844557174832566,-1.7148057640598466,0.0935768071194278,0.5444544378504056
Acute_All,P14866,HNRNPL,0.7473743903660264,2.801034210803345,0.009900304973336233,0.2865822055194098
Acute_All,P14868,DARS1,0.105266382409269,0.6675577798092496,0.5079811780054234,0.8361683090876763
Acute_All,P14923,JUP,-0.3650452544728413,-1.5564083436002312,0.12914427885972118,0.606332389246391
Acute_All,P14927,UQCRB,-0.037322178451912436,-0.3492811749235797,0.7285821095037559,0.9185445934039375
Acute_All,P15090,FABP4,-0.03562928354853234,-0.2869784882586108,0.775506461798283,0.9317567846346099
Acute_All,P15104,GLUL,0.0870961238591299,0.5956687406869823,0.5551209752902855,0.8607407786926752
Acute_All,P15121,AKR1B1,-0.12040409771697824,-0.6809410005919594,0.4995576671068057,0.8347508305336617
Acute_All,P15170,GSPT1,-0.10785619485909947,-0.7811348537074535,0.43910188605194833,0.8210145551209184
Acute_All,P15259,PGAM2,-0.26553932528029733,-2.71455807313436,0.009511719547890323,0.2844625749601231
Acute_All,P15311,EZR,0.4470542516414344,1.0138719517358468,0.32074753604528955,0.7634523101306132
Acute_All,P15374,UCHL3,-0.0240901890827665,-0.22452052322811977,0.8234152450686357,0.9511733980388104
Acute_All,P15531,NME1,0.23788980222813727,1.0678351948712899,0.29155031795814146,0.7540708593426881
Acute_All,P15880,RPS2,-0.07737932083328047,-0.5125216137182337,0.6109074516023907,0.8806343641659434
Acute_All,P15927,RPA2,0.7002854507667484,3.772884934064758,7.378422000835492e-4,0.09237784345046036
Acute_All,P15954,COX7C,-0.007366254307001441,-0.046248249153951655,0.9633264020895601,0.993500110544101
Acute_All,P16083,NQO2,-0.2662823877360907,-0.5160589662733767,0.6093585478506164,0.8806343641659434
Acute_All,P16118,PFKFB1,-0.1982460815850704,-1.1931010103466726,0.24108398567778203,0.7290752417115534
Acute_All,P16152,CBR1,0.12712908744051,0.9269687101344302,0.3591140799569338,0.7888360724305516
Acute_All,P16219,ACADS,-0.10616200509550566,-0.507084270834365,0.6146851607060202,0.8806343641659434
Acute_All,P16298,PPP3CB,-0.1741222702218188,-1.3728017043479728,0.17692801476799183,0.6793911661916952
Acute_All,P16401,H1-5,1.2208744872266966,1.705351268370546,0.10630885295179023,0.5695457810669547
Acute_All,P16615,ATP2A2,0.00234170706205461,0.020266423346841023,0.9839245438259545,0.9961241473343088
Acute_All,P16671,CD36,-0.14236885171519909,-0.6464311999104392,0.5215152752829313,0.8479702917587403
Acute_All,P16930,FAH,-0.020498285621741275,-0.14610935227506638,0.88453372715736,0.9675953966272588
Acute_All,P16989,YBX3,0.07786847186930324,0.65563762408992865,0.5155483122423783,0.8441753956577988
Acute_All,P17152,TMEM11,-0.18059827724223254,-1.1480526519096532,0.257290616653662,0.7392129879370137
Acute_All,P17174,GOT1,-0.12856210225784181,-1.5527408558431863,0.12781124668934915,0.606332389246391
Acute_All,P17540,CKMT2,-0.1796767090116944,-1.3940532722952426,0.170460302051223,0.6688340082011288
Acute_All,P17568,NDUFB7,-0.17152882223378718,-0.9393607363505693,0.3527898949152989,0.7816470837151482
Acute_All,P17612,PRKACA,-0.06590929545733815,-0.5292741734179228,0.5993358265327496,0.8778512651501439
Acute_All,P17655,CAPN2,-0.10423737106370545,-0.6475103247141807,0.5207421956837806,0.8479702917587403
Acute_All,P17661,DES,0.2510656328787615,0.685628817208737,0.4966253694949391,0.8347508305336617
Acute_All,P17812,CTPS1,-0.09533517531408986,-0.18537387035595274,0.8546325348548642,0.9610777847050509
Acute_All,P17858,PFKL,-0.07237469791749618,-0.36517078555563776,0.716773100012662,0.9185445934039375
Acute_All,P17980,PSMC3,0.09434729379666607,0.8676500805071583,0.3903999488910469,0.808425162233119
Acute_All,P17987,TCP1,0.23633988005894757,1.814861790834453,0.07652100477742267,0.5175377795862242
Acute_All,P18031,PTPN1,0.4919680530663353,1.3702059895221146,0.18745115089263517,0.6875649636257204
Acute_All,P18085,ARF4,-0.1807510874760645,-1.278405706723359,0.20796039436382116,0.7011662847670667
Acute_All,P18124,RPL7,0.41586101179695945,2.1878669511139646,0.034158946371839805,0.38384693038080975
Acute_All,P18206,VCL,-0.036450874596438254,-0.406720202951841,0.6862298558269164,0.9114287773973834
Acute_All,P18621,RPL17,0.0431824336576927,0.16814960655019326,0.867461212013229,0.9627845476657909
Acute_All,P18669,PGAM1,-0.006537099842850225,-0.06861518662948525,0.9456138536970391,0.9890276983840752
Acute_All,P18859,ATP5PF,-0.07264551743527292,-0.6172976702258162,0.5402920261810855,0.8545062238241012
Acute_All,P19237,TNNI1,0.004141499457251285,0.012779847312794456,0.9898625159578587,0.9966102694077483
Acute_All,P19338,NCL,0.44173657631945673,3.060336174437939,0.0037993584883373294,0.20386272117421442
Acute_All,P19367,HK1,-0.038339492042529955,-0.42854664868009107,0.670391278668083,0.9044575858757121
Acute_All,P19404,NDUFV2,-0.007711712656114145,-0.05956331231886436,0.9527792631766825,0.9907638185192745
Acute_All,P19623,SRM,0.5864940896202775,1.9098356390782132,0.06392549020664604,0.46567382528977364
Acute_All,P19971,TYMP,0.3273233504925628,0.8665242892397398,0.39825280965751664,0.808425162233119
Acute_All,P20042,EIF2S2,0.1297031349520239,0.5769930463078927,0.5669513276889955,0.8622254980644056
Acute_All,P20073,ANXA7,0.05040042379970977,0.6227875124048399,0.5367116205427245,0.8545062238241012
Acute_All,P20340,RAB6A,0.15334418627074875,0.9091786975235322,0.3683212111527866,0.7941529673305778
Acute_All,P20472,PVALB,-0.6435961158103289,-1.1381367301311123,0.26628771691024955,0.7409596387036235
Acute_All,P20618,PSMB1,0.01983038159290551,0.20506182109038645,0.8384909738965473,0.9536074620419864
Acute_All,P20674,COX5A,-0.13362226014949208,-0.9740519431853245,0.33547593339346815,0.776499590142609
Acute_All,P20774,OGN,-0.2857728260021535,-1.1081471190633154,0.27425338208375755,0.7429136983713296
Acute_All,P20807,CAPN3,-0.09618209453980597,-0.44126639702187437,0.6612299563470223,0.8998477232026868
Acute_All,P20810,CAST,-0.003929269240021682,-0.02565999287677899,0.9796471898335075,0.9959749905213346
Acute_All,P20929,NEB,0.34907047562683857,0.8618685411007252,0.3935384949359937,0.808425162233119
Acute_All,P20962,PTMS,NA,NA,NA,NA
Acute_All,P21266,GSTM3,-0.004463511472339476,-0.023395809744007724,0.9814427269847649,0.9959749905213346
Acute_All,P21281,ATP6V1B2,0.06479810112652906,0.5299175009169027,0.5989580884850814,0.8778512651501439
Acute_All,P21291,CSRP1,-0.4627570618595467,-1.208770934987973,0.23421450194277468,0.7285655433813577
Acute_All,P21333,FLNA,0.07237725840172615,0.4674895560064647,0.6425090310909797,0.8895957052454252
Acute_All,P21397,MAOA,-0.3370646275826896,-1.8407140747530957,0.07273165987561725,0.505570899306229
Acute_All,P21399,ACO1,-0.13940613211402564,-0.9639328485964308,0.34046677176956286,0.77785474134214
Acute_All,P21695,GPD1,-0.07780383066763719,-0.6368804938165247,0.5275772483823827,0.8497684955072559
Acute_All,P21796,VDAC1,-0.04855147760371992,-0.48097605683204436,0.6329706940308717,0.8871419885738066
Acute_All,P21817,RYR1,-0.030047850654318253,-0.3054048458313954,0.7615306433592783,0.9295496533024151
Acute_All,P21912,SDHB,-0.03713823896164925,-0.39643007411258746,0.6937473157661644,0.9131184125541093
Acute_All,P21926,CD9,0.3765436517838445,0.6166668056461432,0.5432552033955937,0.8545062238241012
Acute_All,P21953,BCKDHB,0.23397737427491627,0.6390580145078587,0.5270646475161631,0.8497684955072559
Acute_All,P21964,COMT,0.04680241539659313,0.34902486151227297,0.7287731559614262,0.9185445934039375
Acute_All,P21980,TGM2,0.22499826346969343,1.2319588798976577,0.2246555505883446,0.7152847119203923
Acute_All,P22033,MMUT,-0.2723122185484712,-2.29932863939464,0.026524120079671056,0.35946971588171567
Acute_All,P22059,OSBP,-0.3243851923169725,-2.0181597857596403,0.04998813123069929,0.425699853897522
Acute_All,P22061,PCMT1,0.02974167111283066,0.374246099874093,0.7100595130998133,0.9185445934039375
Acute_All,P22102,GART,0.18295395660839553,0.9866073259350201,0.33060268003505766,0.7753938909396001
Acute_All,P22234,PAICS,0.09373471891534813,0.8532669173788506,0.3982371201054272,0.808425162233119
Acute_All,P22307,SCP2,-0.06286620510142704,-0.2734367395045348,0.7860792261958763,0.9360171979035082
Acute_All,P22314,UBA1,0.14229443914159035,1.343630981624796,0.18611193309360957,0.6853298242152916
Acute_All,P22392,NME2,-0.02816054170427762,-0.2281333687978796,0.820623402757078,0.9508980924162227
Acute_All,P22570,FDXR,0.48204181931428636,1.9099980896248572,0.06572825238288132,0.4747602229809659
Acute_All,P22626,HNRNPA2B1,0.8745349873909198,3.7459029798468135,5.299029661071068e-4,0.07754246883417239
Acute_All,P22695,UQCRC2,-0.10510786414609719,-1.0332154971568273,0.30727640897001895,0.7610345597697253
Acute_All,P22830,FECH,-0.21250293156049516,-1.3295633308806365,0.19066928601422348,0.6899362603751671
Acute_All,P23109,AMPD1,-0.19120372208354652,-0.892880207308875,0.3768887210949794,0.7996091772492668
Acute_All,P23142,FBLN1,-0.14746879876955887,-0.5715841389281147,0.5714741498058684,0.8626063856650513
Acute_All,P23246,SFPQ,0.4522198365914001,1.407357846738535,0.17212961652995057,0.6720570059111167
Acute_All,P23297,S100A1,-0.12851306868767232,-0.39955201820314035,0.6914632358778441,0.9125565403925447
Acute_All,P23327,HRC,0.1852331067367956,1.3231304487860465,0.1927814094592168,0.6922437609262125
Acute_All,P23368,ME2,0.07087518331341869,0.32663324577603703,0.7455666561420956,0.9187494620963619
Acute_All,P23381,WARS1,0.16700570784604452,1.3592333093654254,0.18115540082181145,0.6793911661916952
Acute_All,P23396,RPS3,0.25610499867831393,2.0883639819120914,0.04271895087421263,0.41064219946587005
Acute_All,P23434,GCSH,-0.12114216639412412,-0.7792434426299512,0.44010189761240526,0.8210145551209184
Acute_All,P23526,AHCY,0.1330789212933432,1.2913589850815699,0.2034746391350922,0.7011662847670667
Acute_All,P23528,CFL1,0.153092448873009,1.2809566480291223,0.20707117479213252,0.7011662847670667
Acute_All,P23634,ATP2B4,0.1486901373359002,0.7782354902057436,0.44252078928493777,0.8220119112533265
Acute_All,P23786,CPT2,-0.17813248425217765,-1.2557462299522877,0.21598526891772926,0.7091264598382789
Acute_All,P24043,LAMA2,-0.18882695999122845,-0.7791277724176362,0.4409932107633495,0.8210145551209184
Acute_All,P24298,GPT,-0.10909349630591869,-0.8028724313148767,0.4264618306009913,0.8198911290192875
Acute_All,P24310,COX7A1,-0.05995070689307447,-0.33110517097562925,0.7421724178813887,0.9185445934039375
Acute_All,P24534,EEF1B2,0.08724810674042871,0.5953565994693567,0.5547241452865561,0.8607407786926752
Acute_All,P24539,ATP5PB,-0.09481229267375291,-1.28387620252074,0.20605697097811362,0.7011662847670667
Acute_All,P24666,ACP1,0.13831225782053203,1.010075613350746,0.3181064352326592,0.7628536200006566
Acute_All,P24752,ACAT1,-0.180330321145032,-1.6811535407489568,0.0999800924821217,0.5604854139744017
Acute_All,P25325,MPST,0.13992341214077442,1.1287022418888202,0.26527824683692797,0.7409596387036235
Acute_All,P25398,RPS12,0.0014870688920076702,0.011129244862999382,0.9911717801666646,0.9966102694077483
Acute_All,P25685,DNAJB1,0.32553130982481626,1.1746177127814919,0.25039540400888466,0.7314031557020961
Acute_All,P25705,ATP5F1A,-0.0935568103703428,-1.160230921664513,0.2523529709975229,0.7347579527648807
Acute_All,P25786,PSMA1,-0.09402588982350402,-0.9481102432915328,0.34836883899000826,0.7803040763123968
Acute_All,P25787,PSMA2,0.11233906958214313,0.6803683597567709,0.49991651346222366,0.8347508305336617
Acute_All,P25788,PSMA3,-0.09864002196224497,-0.867617256687859,0.39041772295755006,0.808425162233119
Acute_All,P25789,PSMA4,0.008542297978234359,0.07848945794724722,0.9378026512863922,0.9875582436222815
Acute_All,P26038,MSN,0.2496458256112355,1.8433299144427195,0.07217667039391297,0.5038951189582473
Acute_All,P26196,DDX6,0.5874731799556958,2.691661177908114,0.010827785935758167,0.2990379704022623
Acute_All,P26373,RPL13,0.16813607272416675,0.7321910473580046,0.4685415158204812,0.8242079215924278
Acute_All,P26440,IVD,-0.013706094274439806,-0.07773094512284814,0.9384024754732796,0.9875582436222815
Acute_All,P26599,PTBP1,0.14777198380271628,0.4563089897943704,0.6519535602834262,0.8930479841081506
Acute_All,P26639,TARS1,-0.2848722584949659,-1.336953722412986,0.19037570248621624,0.6899362603751671
Acute_All,P26640,VARS1,-0.05773498420019507,-0.3478852534966593,0.7297052045083651,0.9185445934039375
Acute_All,P26641,EEF1G,0.05253909074166607,0.5057615541591259,0.6156057536638047,0.8806343641659434
Acute_All,P26678,PLN,-0.13983633695582398,-0.46100152088282487,0.6471747186049532,0.8909958495534993
Acute_All,P26885,FKBP2,0.01911331133552352,0.07876405817766055,0.9375941727501779,0.9875582436222815
Acute_All,P27338,MAOB,-0.25113197898994066,-1.5095169776593373,0.13847670479764262,0.6211229608184267
Acute_All,P27348,YWHAQ,0.1416542656901285,0.864665466537598,0.39264506085726647,0.808425162233119
Acute_All,P27635,RPL10,-0.027934998853707427,-0.09944330167305854,0.921494317590244,0.9843233876008831
Acute_All,P27695,APEX1,0.20284149932729356,1.0658029903883708,0.29245770110603675,0.7540708593426881
Acute_All,P27797,CALR,0.1596719186579847,1.0682903486994653,0.2913473596837474,0.7540708593426881
Acute_All,P27816,MAP4,0.18652442156870208,1.5806163866940752,0.12129080390065183,0.5977001426290726
Acute_All,P27824,CANX,0.22553111962672823,2.314769997388559,0.0254636557874034,0.35946971588171567
Acute_All,P28066,PSMA5,0.04775765386090214,0.597461822204433,0.553330975445469,0.8602281224226745
Acute_All,P28070,PSMB4,0.014802525851880688,0.11844583750292013,0.9062657245870323,0.978141971709452
Acute_All,P28072,PSMB6,-0.06139619546883779,-0.3342533237640585,0.7398124160546664,0.9185445934039375
Acute_All,P28074,PSMB5,-0.054917913117114026,-0.5821486193207636,0.5635050726359607,0.8622254980644056
Acute_All,P28161,GSTM2,0.1075790939419754,0.786595102409342,0.4358305411066653,0.8209815627708666
Acute_All,P28289,TMOD1,0.6143026109208254,2.1721943996692947,0.03669637313229268,0.3927813738137555
Acute_All,P28331,NDUFS1,-0.08043581050029935,-0.7071731247879911,0.4832720516016995,0.8318835132062251
Acute_All,P28482,MAPK1,0.14574109276626857,0.8940668930653141,0.3762606611552669,0.7996091772492668
Acute_All,P28838,LAP3,-0.016039717822728505,-0.09592029312699085,0.9240292988497383,0.9843233876008831
Acute_All,P29144,TPP2,-0.10063878028710072,-0.7032776428915142,0.485855298030069,0.8332751138817074
Acute_All,P29218,IMPA1,-0.14289520891373364,-0.997712338950701,0.32399764396780584,0.7665222519710513
Acute_All,P29401,TKT,1.0430468960509849,2.787410863842394,0.008335409246196574,0.2844625749601231
Acute_All,P29692,EEF1D,0.07030491640323255,0.8388065517145279,0.40621452163520344,0.808425162233119
Acute_All,P29966,MARCKS,0.024288773264283137,0.06119070224600536,0.9518140331549532,0.9907638185192745
Acute_All,P29972,AQP1,0.3823060176581361,1.7166844368586507,0.09396605306515167,0.5444544378504056
Acute_All,P29992,GNA11,-0.009133424018923364,-0.042292687632537226,0.9665279882889264,0.9935082441196519
Acute_All,P30038,ALDH4A1,-0.02922067520938043,-0.28657759630727525,0.7758113830855691,0.9317567846346099
Acute_All,P30040,ERP29,0.034370705572982274,0.22333298871832638,0.824358498051228,0.9511733980388104
Acute_All,P30041,PRDX6,0.1523294844403864,1.5157222196093485,0.1369032704526138,0.6195285347229126
Acute_All,P30044,PRDX5,0.1451488445370721,1.4960982403268799,0.14192853144298262,0.6256849343894867
Acute_All,P30046,DDT,0.14665463661822642,0.6012205274470771,0.550922765947738,0.8602281224226745
Acute_All,P30048,PRDX3,-0.04913840431203731,-0.4488984169251742,0.6557580342045599,0.8943453799826895
Acute_All,P30049,ATP5F1D,-0.031072922921584478,-0.14597380868339274,0.8846238932099196,0.9675953966272588
Acute_All,P30050,RPL12,0.4482358917139102,2.030621919166327,0.04865273627529769,0.425699853897522
Acute_All,P30084,ECHS1,-0.11716461425553959,-1.2080888156701952,0.23361210352543715,0.7285655433813577
Acute_All,P30085,CMPK1,-0.04843889038411575,-0.16820094943914896,0.8672321443501091,0.9627845476657909
Acute_All,P30086,PEBP1,-0.0163994842108508,-0.17318822944364773,0.8633157492650756,0.9627845476657909
Acute_All,P30101,PDIA3,0.1814081446282927,1.1656863258852643,0.25016340279105514,0.7314031557020961
Acute_All,P30153,PPP2R1A,0.08915117899359615,0.6178651624665062,0.5399213425056671,0.8545062238241012
Acute_All,P30405,PPIF,-0.12853871522279015,-1.1896119570156485,0.24072290609149308,0.7290752417115534
Acute_All,P30419,NMT1,-0.08322155495607575,-0.3317757077403693,0.7420360039300071,0.9185445934039375
Acute_All,P30520,ADSS2,-0.06978984934954369,-0.28004592329135014,0.7807844279115153,0.9327691829629934
Acute_All,P30533,LRPAP1,-0.002314798175472532,-0.008299671060450268,0.9934236924307072,0.9973074177830864
Acute_All,P30536,TSPO,-0.17612579838711895,-0.6526862246031256,0.5174312286880799,0.8455718904844035
Acute_All,P30566,ADSL,-0.1389811999828563,-1.025506496536111,0.3108560003852724,0.7610345597697253
Acute_All,P30613,PKLR,-0.7488307796744955,-2.3603052830600677,0.02519446588901787,0.35946971588171567
Acute_All,P30622,CLIP1,0.13242922021264647,1.194389409444829,0.2388693493824901,0.7290752417115534
Acute_All,P30626,SRI,0.3649481126697687,1.4828107518903713,0.14658804528084757,0.6372508079570179
Acute_All,P30711,GSTT1,-0.04258415622848055,-0.14682929559171626,0.8843567482319732,0.9675953966272588
Acute_All,P30837,ALDH1B1,0.25960599045936483,1.1421652297668405,0.25970238662605544,0.7409596387036235
Acute_All,P31040,SDHA,-0.14583484871789132,-1.809930368055347,0.07729555694830041,0.5175377795862242
Acute_All,P31146,CORO1A,NA,NA,NA,NA
Acute_All,P31150,GDI1,-0.07555710997266551,-0.8682526288740327,0.3900737599777647,0.808425162233119
Acute_All,P31153,MAT2A,0.1528108845721725,1.0976344193363639,0.2784696804049423,0.7435468041750835
Acute_All,P31415,CASQ1,0.12594730601336934,1.232612283016585,0.22441400042628307,0.7152847119203923
Acute_All,P31749,AKT1,0.043104143048275034,0.18591960405683386,0.8540068050128478,0.9609695212162854
Acute_All,P31751,AKT2,-0.005996077085113072,-0.030416196363297343,0.975929973569434,0.9959749905213346
Acute_All,P31930,UQCRC1,-0.07773414836785619,-0.9275450909365032,0.35881830187155694,0.7888360724305516
Acute_All,P31937,HIBADH,-0.09139682695685991,-0.8993544942832673,0.3734703034055604,0.7988351136624631
Acute_All,P31939,ATIC,0.11609859442743442,0.8833870830595515,0.3819370755640531,0.8059301437183053
Acute_All,P31942,HNRNPH3,0.17518069997653996,0.7656451236871472,0.4490170060949731,0.8230732983138985
Acute_All,P31943,HNRNPH1,0.29370383696974756,2.12576600548215,0.03930264912776975,0.405901755169938
Acute_All,P31946,YWHAB,0.15092362656424108,1.1317872352432754,0.26399307797628213,0.7409596387036235
Acute_All,P31948,STIP1,-0.014490138311689549,-0.1599235413089218,0.8736898059371468,0.9627845476657909
Acute_All,P31949,S100A11,0.7442243853520214,1.9417700144620311,0.05980380983274342,0.4456807732773498
Acute_All,P32969,RPL9,0.403764851558023,2.0476127380563405,0.04862015613196324,0.425699853897522
Acute_All,P33121,ACSL1,-0.13417550632484598,-1.4142421934302791,0.16448729249575295,0.661471381813756
Acute_All,P33176,KIF5B,0.0992048273741819,0.8190210424669537,0.41728837329598645,0.8197189705656129
Acute_All,P34896,SHMT1,0.009816073672235248,0.052030478840133385,0.9587698522527892,0.9929382481042752
Acute_All,P34897,SHMT2,-0.4603172692245536,-2.0113809658615645,0.05250541907281865,0.425699853897522
Acute_All,P34913,EPHX2,-0.053173304771330976,-0.18709478232687568,0.8530374291379424,0.9609695212162854
Acute_All,P34932,HSPA4,0.08660521742409699,0.7925864784740856,0.43236788711356355,0.8209815627708666
Acute_All,P34949,MPI,-0.19198128904915457,-2.1118755534233977,0.04054233090456238,0.405901755169938
Acute_All,P35052,GPC1,1.4698685424878777,3.7298152005379883,0.002515685827579317,0.17513787606029996
Acute_All,P35080,PFN2,0.26011774523314557,1.6733195010132937,0.10152154503393773,0.566522164498438
Acute_All,P35232,PHB,0.052910277106128945,0.5672977594523294,0.5734603535155353,0.8626063856650513
Acute_All,P35237,SERPINB6,-0.40371167723498225,-2.1573732253133215,0.03674168329473511,0.3927813738137555
Acute_All,P35241,RDX,-0.15335790822833495,-1.7837836036047185,0.08151355352454717,0.5208853047261406
Acute_All,P35244,RPA3,-0.12321063732224857,-0.5999192136850893,0.5527820223114183,0.8602281224226745
Acute_All,P35268,RPL22,0.23529543677064346,1.3660994795461099,0.17900656476896296,0.6793911661916952
Acute_All,P35270,SPR,-0.15556696342305543,-0.6789216254402519,0.5008237424628303,0.8347508305336617
Acute_All,P35573,AGL,-0.2340304923898202,-2.3051936731045246,0.02604301733991321,0.35946971588171567
Acute_All,P35579,MYH9,0.37509443892250616,2.2345539107348644,0.03069349541856521,0.3777127088295252
Acute_All,P35606,COPB2,0.034390976272034024,0.1720165141948473,0.8645070789227848,0.9627845476657909
Acute_All,P35609,ACTN2,0.37510942741998576,0.6548873734523974,0.5160266035147214,0.8441753956577988
Acute_All,P35611,ADD1,1.3194418838866664,3.258342608571639,0.004130724147559849,0.21548610969770543
Acute_All,P35613,BSG,-0.23954313257009652,-2.553146089770987,0.014303865041551017,0.32722206561912764
Acute_All,P35637,FUS,0.25615129540049786,2.4615022420858104,0.01792136241894439,0.33603227957313997
Acute_All,P35749,MYH11,-0.4185880419344432,-1.1821380872192693,0.24412699832363782,0.7314031557020961
Acute_All,P35754,GLRX,0.0663351469131328,0.362432599911597,0.7188031966046089,0.9185445934039375
Acute_All,P35813,PPM1A,0.1532824579634422,1.0538802250366126,0.29895569163063024,0.7592217116275717
Acute_All,P35914,HMGCL,-0.40793684900810057,-2.733947729376978,0.009448595962270255,0.2844625749601231
Acute_All,P35998,PSMC2,0.11400843529683691,0.8020533513536328,0.42693034364292515,0.8198911290192875
Acute_All,P36405,ARL3,-0.10132666395078616,-0.37419486548812997,0.7107258123047437,0.9185445934039375
Acute_All,P36507,MAP2K2,-0.25099477416091354,-1.785312021201746,0.08431796200039764,0.5208853047261406
Acute_All,P36542,ATP5F1C,-0.06893969624882779,-0.7062515641725209,0.4838390819857725,0.8320968827557517
Acute_All,P36543,ATP6V1E1,-0.050468677751959845,-0.21235880016005856,0.8328788172694412,0.9530687638987452
Acute_All,P36578,RPL4,0.26140960896965026,0.9719763336112421,0.33675894126543093,0.776499590142609
Acute_All,P36776,LONP1,-0.22681473032629462,-1.848084527319479,0.07147186117681714,0.5008364003360545
Acute_All,P36871,PGM1,-0.07343191243935188,-0.7969458038562378,0.4298588551286665,0.8198911290192875
Acute_All,P36873,PPP1CC,0.08048653268841655,0.3331863220227812,0.7422938313582017,0.9185445934039375
Acute_All,P36957,DLST,-0.061446857986135583,-0.7317636900838742,0.4682803512444087,0.8242079215924278
Acute_All,P36959,GMPR,-0.340900195026288,-1.7694811961700978,0.08407025461125621,0.5208853047261406
Acute_All,P36969,GPX4,0.08033714835593742,0.5867798653059341,0.5604182432136389,0.8621085411304745
Acute_All,P37108,SRP14,-0.34834750741523557,-1.5403546188355421,0.13197866295459013,0.6126983375779059
Acute_All,P37235,HPCAL1,0.11012749054626525,0.6723190792397143,0.5059212395315917,0.8361683090876763
Acute_All,P37802,TAGLN2,0.1167606434749846,0.725173098740889,0.47227198575197515,0.8254008635433493
Acute_All,P38117,ETFB,-0.08045874285280163,-0.7471945827270425,0.459010580615405,0.8242079215924278
Acute_All,P38159,RBMX,1.1228181246289815,2.6592732559228587,0.014006180175803478,0.32722206561912764
Acute_All,P38606,ATP6V1A,0.13615053652786102,0.8084180877364963,0.4235136029222195,0.8198911290192875
Acute_All,P38646,HSPA9,0.03516077484000846,0.4016310454153199,0.6899437848846022,0.9114287773973834
Acute_All,P39019,RPS19,0.18257506369950072,1.1166625829827008,0.2703364707511204,0.7409596387036235
Acute_All,P39059,COL15A1,0.020622763943338285,0.07485834719826048,0.9408410363516228,0.98767010080062545
Acute_All,P39060,COL18A1,-0.4450491826271028,-1.8555029448398759,0.0776010012385229,0.5175377795862242
Acute_All,P39656,DDOST,0.3132436413463555,2.199842238032096,0.03323851595499078,0.3820147367614759
Acute_All,P39687,ANP32A,0.14011836987274862,0.8065248365460698,0.4243764386963005,0.8198911290192875
Acute_All,P40123,CAP2,0.06966484575636933,0.3898387617846494,0.6985791070086667,0.9139573505671833
Acute_All,P40227,CCT6A,0.13653762807788183,1.0386351780949497,0.3047768144720999,0.7610345597697253
Acute_All,P40261,NNMT,1.1249739212616916,1.161569060501618,0.26795388848781315,0.7409596387036235
Acute_All,P40429,RPL13A,0.04404146878534121,0.15957217846123992,0.8740412028027084,0.9627845476657909
Acute_All,P40616,ARL1,0.5090020938559601,1.0991112584601062,0.2841481814232384,0.7484295718272674
Acute_All,P40763,STAT3,0.20472161281329093,0.9556953153583804,0.3487457106438885,0.7803040763123968
Acute_All,P40925,MDH1,-0.1713646385854002,-1.7688185903693978,0.08401355612968062,0.5208853047261406
Acute_All,P40926,MDH2,-0.10088610169437118,-1.1980716569107892,0.2374478396702073,0.7285655433813577
Acute_All,P40939,HADHA,-0.09273302714076337,-1.161085976659392,0.25200887721593435,0.7347579527648807
Acute_All,P41091,EIF2S3,0.16496502300457294,1.4430122154987137,0.156259045867105,0.6539186253054711
Acute_All,P41236,PPP1R2,0.09533017713804526,0.4107698800710849,0.6842584628700357,0.9114287773973834
Acute_All,P41250,GARS1,0.08716137051826323,0.4926032979296968,0.6247976517942866,0.8842103413614135
Acute_All,P41252,IARS1,-0.18460945769756165,-1.2438514820081152,0.22097470007225467,0.7137380572669816
Acute_All,P41567,EIF1,0.11822288985272777,0.7887757608128496,0.43456833990042465,0.8209815627708666
Acute_All,P42025,ACTR1B,0.045791607107192434,0.2843604503162946,0.7779649725636908,0.9317567846346099
Acute_All,P42126,ECI1,-0.11568214875438976,-1.3424122342671718,0.18650343147268264,0.685427483964184
Acute_All,P42330,AKR1C3,0.34419119791150976,1.156472867026829,0.25402020013131404,0.7356420434576049
Acute_All,P42677,RPS27,-0.11223684394568245,-0.5233196646488827,0.6044702234405135,0.8781265482722924
Acute_All,P42704,LRPPRC,-8.717523924417492e-5,-0.00105602894345004,0.9991622925963624,0.9993724979457292
Acute_All,P42765,ACAA2,-0.07750817052376568,-0.8601470956706443,0.39447604064949426,0.808425162233119
Acute_All,P42766,RPL35,0.056683004479141985,0.10124415298388668,0.9205396575548446,0.9843233876008831
Acute_All,P43007,SLC1A4,-0.4215270526023609,-1.3848809918706755,0.1788171875321214,0.6793911661916952
Acute_All,P43034,PAFAH1B1,0.020746459754906965,0.21058097345077123,0.8342084800314572,0.9530687638987452
Acute_All,P43155,CRAT,-0.14455782320325739,-1.349888886366371,0.18411160276745311,0.6826796810319032
Acute_All,P43304,GPD2,-0.018789905896493764,-0.1631174542772854,0.8711897803125851,0.9627845476657909
Acute_All,P43487,RANBP1,0.13690589090394134,0.612879747852042,0.5436045818664679,0.8545062238241012
Acute_All,P43490,NAMPT,-0.025154177586017568,-0.14025989061702662,0.8891092813443529,0.9695400102720197
Acute_All,P43686,PSMC4,-0.05729774723865155,-0.5635253009789064,0.5760029069974713,0.8626063856650513
Acute_All,P43897,TSFM,-0.11462738647765747,-0.808060573466531,0.4235014341610819,0.8198911290192875
Acute_All,P45378,TNNT3,0.06869695448863666,0.23969212253353903,0.8117072888384546,0.9468639785283719
Acute_All,P45381,ASPA,-0.2960040634992964,-1.0485981706530192,0.3006543879751948,0.7609554455760321
Acute_All,P45877,PPIC,0.22437610628761462,1.2558994112812916,0.21916931363230263,0.7108807789317173
Acute_All,P45880,VDAC2,7.605448082017574e-4,0.006741608917652587,0.9946521797165713,0.9973074177830864
Acute_All,P45954,ACADSB,-0.23595733960041798,-1.5334825876071934,0.1324786778830037,0.6126983375779059
Acute_All,P45974,USP5,0.2200689819499022,1.724400245978183,0.0918148303891857,0.5405274340780274
Acute_All,P45984,MAPK9,-0.13445433663328643,-0.46629622423580014,0.6438909571879932,0.8895957052454252
Acute_All,P45985,MAP2K4,0.07158805478246144,0.3552946035494599,0.7241461255643313,0.9185445934039375
Acute_All,P46019,PHKA2,-0.28020343408161885,-1.2424852184918251,0.22078753136939855,0.7137380572669816
Acute_All,P46020,PHKA1,-0.3597126872067111,-2.408938521765409,0.020352875536016946,0.3406075523608903
Acute_All,P46109,CRKL,0.1848656926443173,1.0273926955473625,0.3099775427888717,0.7610345597697253
Acute_All,P46199,MTIF2,0.06085867502465092,0.34969588200133417,0.7294931325097247,0.9185445934039375
Acute_All,P46459,NSF,0.1113052762619251,0.7296050975549205,0.46958558315982857,0.8242079215924278
Acute_All,P46734,MAP2K3,-0.09789518280933507,-0.8508559478606802,0.399560361583581,0.808425162233119
Acute_All,P46776,RPL27A,0.2247516991328986,0.6396217900770305,0.5265807052835946,0.8497684955072559
Acute_All,P46777,RPL5,0.5351366057947047,1.7826494809320752,0.08242480878249579,0.5208853047261406
Acute_All,P46781,RPS9,0.12357012766588227,0.4973646751549948,0.6214644345484532,0.8821694694497318
Acute_All,P46782,RPS5,0.12187839832046699,0.36243277620777525,0.7188030658319166,0.9185445934039375
Acute_All,P46783,RPS10,0.13126153959997922,0.3867635707730707,0.7008829460573431,0.9141391788906422
Acute_All,P46926,GNPDA1,-0.017063119148810202,-0.17860973949899964,0.8590825956721758,0.9627845476657909
Acute_All,P46939,UTRN,-0.013742235285141291,-0.06675848975492396,0.9471237810477253,0.9892649948874461
Acute_All,P46940,IQGAP1,0.06349308387049568,0.2882546797232619,0.7746774001245568,0.9317567846346099
Acute_All,P46976,GYG1,-0.12828226293330935,-0.9574507604012619,0.34368954997273926,0.7794363688027048
Acute_All,P46977,STT3A,-0.07004428096701254,-0.3432097025208191,0.7350181676444345,0.9185445934039375
Acute_All,P47755,CAPZA2,0.09959644631250164,0.5482740589652519,0.5863376771404427,0.869094047095305
Acute_All,P47756,CAPZB,0.04848691103719638,0.2899700653569598,0.7732321810960701,0.9317567846346099
Acute_All,P47813,EIF1AX,0.33905704119543323,1.658973501264703,0.10513877009300165,0.5695457810669547
Acute_All,P47897,QARS1,-0.17408953429100826,-1.5796708294045938,0.1215074840329951,0.5977001426290726
Acute_All,P47985,UQCRFS1,-0.05416353045579214,-0.4919490254024534,0.6252563010266012,0.8842103413614135
Acute_All,P48047,ATP5PO,-0.21260447077036737,-2.443786838909344,0.01870975564569902,0.33603227957313997
Acute_All,P48059,LIMS1,-0.24566546845314718,-1.650168827362677,0.10693603630560457,0.5695457810669547
Acute_All,P48147,PREP,-0.0225352033451518,-0.27223974084718316,0.7867400325240365,0.9360171979035082
Acute_All,P48163,ME1,-0.18945465834952202,-1.2515471342748878,0.21749740930745812,0.7091321782628582
Acute_All,P48444,ARCN1,-0.40942410488966985,-2.782609533847262,0.009542674239876335,0.2844625749601231
Acute_All,P48449,LSS,-0.5475148724745331,-1.9259967743604556,0.06711131749646418,0.47922073862494197
Acute_All,P48506,GCLC,0.7167754500523635,2.460033116473091,0.0196641574285108,0.3406075523608903
Acute_All,P48507,GCLM,0.31919622430893213,1.7415514432542307,0.08890387819789627,0.5374042651839216
Acute_All,P48556,PSMD8,0.0825338699079392,0.7006448838387005,0.48738622600234516,0.8347508305336617
Acute_All,P48637,GSS,0.11762874036850768,0.8123604517345024,0.4211632287970193,0.8198911290192875
Acute_All,P48643,CCT5,0.13528523356589695,1.2582655833224154,0.21508179094989738,0.7091264598382789
Acute_All,P48729,CSNK1A1,0.8346658076064557,2.680074073826827,0.013668829485137394,0.32722206561912764
Acute_All,P48735,IDH2,-0.18544303372912907,-2.0917989010865603,0.04239470946820452,0.41064219946587005
Acute_All,P48788,TNNI2,-0.04271821991690672,-0.14238349971292447,0.8874418248592755,0.96859435552149
Acute_All,P49023,PXN,0.34730833659947713,0.977548180716663,0.3369689147478062,0.776499590142609
Acute_All,P49137,MAPKAPK2,-0.050996510356364766,-0.34902243092589524,0.7294304327357661,0.9185445934039375
Acute_All,P49189,ALDH9A1,-0.01332448573640832,-0.1397376755496013,0.8895194023954687,0.9695400102720197
Acute_All,P49247,RPIA,0.06172195423453175,0.3304831910573224,0.742897938977968,0.9185445934039375
Acute_All,P49257,LMAN1,-0.01980579822011208,-0.16577771614171774,0.8691665001821861,0.9627845476657909
Acute_All,P49354,FNTA,-0.10226599421291027,-0.5862318692632429,0.5610956600180075,0.8621085411304745
Acute_All,P49368,CCT3,0.0637284149950208,0.5049385853250954,0.6161788451845414,0.8806343641659434
Acute_All,P49411,TUFM,-0.1210585387401224,-1.2873582000598267,0.20485227296337033,0.7011662847670667
Acute_All,P49419,ALDH7A1,-0.1649409447936403,-0.9447680664285852,0.35005329443866495,0.7803040763123968
Acute_All,P49441,INPP1,-0.11515119707158661,-0.2992360092976335,0.7666352627714289,0.9303666592988977
Acute_All,P49458,SRP9,-0.026510066754527273,-0.18052888243470583,0.8576263067804384,0.9627845476657909
Acute_All,P49588,AARS1,-0.07771341751847949,-0.481558965008015,0.6331147912004775,0.8871419885738066
Acute_All,P49589,CARS1,-0.05554020410798621,-0.3285534436258093,0.7445677311716218,0.9187494620963619
Acute_All,P49591,SARS1,0.22720054607919948,0.9137197037733856,0.367487726701314,0.7937945096817197
Acute_All,P49720,PSMB3,0.11725621230525007,0.6706227988629266,0.5060452410396244,0.8361683090876763
Acute_All,P49721,PSMB2,0.05296256662168197,0.5033632517031053,0.6172765371993769,0.8806343641659434
Acute_All,P49748,ACADVL,-0.009130215295590105,-0.11244432422079176,0.9109941427259762,0.9807808987976954
Acute_All,P49753,ACOT2,-0.15421265701954567,-1.5457980919279546,0.12947840479091455,0.6063851476242831
Acute_All,P49755,TMED10,0.1371636253991877,0.8285399094938397,0.41193787986980557,0.8126253554574526
Acute_All,P49773,HINT1,-0.11024052592451028,-0.758249956958516,0.4524352508325842,0.824125510245968
Acute_All,P49821,NDUFV1,-0.14378709993703254,-1.050511826038269,0.29934818416365483,0.7592217116275717
Acute_All,P49840,GSK3A,0.43571799998630745,1.2483136484248072,0.2263170316661003,0.7179449078867168
Acute_All,P49841,GSK3B,-0.10000037232587111,-0.5155584960046529,0.6092280188626589,0.8806343641659434
Acute_All,P49902,NT5C2,-0.15466257805404826,-0.6837318689601928,0.49938816412700926,0.8347508305336617
Acute_All,P50213,IDH3A,-0.08509113125477974,-0.8753530828099817,0.38624286632680715,0.808425162233119
Acute_All,P50238,CRIP1,0.031533415083860206,0.08730011373176597,0.9312592059244065,0.9864099203192529
Acute_All,P50395,GDI2,0.1671381432808161,1.95903186527813,0.05661046429433126,0.4339365385500168
Acute_All,P50416,CPT1A,-0.02854417733796666,-0.12523271890004167,0.9009662700415539,0.9744608255550633
Acute_All,P50461,CSRP3,-0.12658490914522424,-0.7337930179577175,0.4670551802405096,0.8242079215924278
Acute_All,P50502,ST13,0.036694044658673874,0.4151482846367246,0.6800965248778612,0.9109994819690609
Acute_All,P50570,DNM2,-0.016841424717936704,-0.12887586521097744,0.8980707327817948,0.9744608255550633
Acute_All,P50579,METAP2,0.1959958980296168,1.0226959825466209,0.31244504691265435,0.7610345597697253
Acute_All,P50583,NUDT2,-0.12620002627934923,-0.49337477503813204,0.6280526634562177,0.8854976741522349
Acute_All,P50895,BCAM,-0.22981853176843892,-1.1109876035268795,0.27414305471673633,0.7429136983713296
Acute_All,P50914,RPL14,0.1200373771709966,0.5546174542868673,0.5823214875488506,0.8658747059514976
Acute_All,P50990,CCT8,0.12947030105033797,1.2559515015644802,0.21591154974355597,0.7091264598382789
Acute_All,P50991,CCT4,0.1513806433217013,1.4809908702065204,0.14589622988010015,0.6363273213585299
Acute_All,P50993,ATP1A2,-0.04704193436189463,-0.47068940198309267,0.6402403295747767,0.8893279134182179
Acute_All,P50995,ANXA11,-0.10366738294460376,-1.3982115489501403,0.16921648562828326,0.6676230252309159
Acute_All,P51114,FXR1,0.06653626789408129,0.3413427186513356,0.7350081490030215,0.9185445934039375
Acute_All,P51148,RAB5C,0.4117394522080797,1.8067428796941383,0.07779970857306007,0.5175377795862242
Acute_All,P51149,RAB7A,-0.02622899911870924,-0.2925222009843985,0.7712935672557149,0.9317567846346099
Acute_All,P51151,RAB9A,-0.3625243169079706,-2.2451362943213633,0.031174371602010868,0.3777127088295252
Acute_All,P51452,DUSP3,-0.11263447329139176,-1.2403436570588762,0.22157044056797137,0.7137380572669816
Acute_All,P51553,IDH3G,-0.22506075710374418,-1.984464701969246,0.05360559835462778,0.425699853897522
Acute_All,P51570,GALK1,NA,NA,NA,NA
Acute_All,P51572,BCAP31,-0.18228624395027815,-0.6819427499977398,0.4998917047707214,0.8347508305336617
Acute_All,P51636,CAV2,0.07006837971721147,0.18728762740612698,0.8533200061873935,0.9609695212162854
Acute_All,P51648,ALDH3A2,0.14219667442086248,0.7821024393002352,0.4384378572434269,0.8209815627708666
Acute_All,P51649,ALDH5A1,-0.186925413194043,-1.5789904760045606,0.12166358486308333,0.5977001426290726
Acute_All,P51659,HSD17B4,-0.18255256362510686,-0.9832436129921699,0.3315448852100633,0.7753938909396001
Acute_All,P51665,PSMD7,-0.3769039492859889,-2.051475305136933,0.046487521699039525,0.42569369268952106
Acute_All,P51668,UBE2D1,-0.5597731343727848,-2.3049849487342895,0.028021957378573725,0.3643271769039748
Acute_All,P51692,STAT5B,-0.17132853013659588,-0.8713681825773028,0.39095767638747736,0.808425162233119
Acute_All,P51812,RPS6KA3,-0.30600943044124485,-3.3666862520836873,0.0016112009463103442,0.15584203445845177
Acute_All,P51858,HDGF,0.04601578079328483,0.3457886209779447,0.7311868254421359,0.9185445934039375
Acute_All,P51884,LUM,-0.21052903720402938,-1.099273607978782,0.27776232766735565,0.7435468041750835
Acute_All,P51888,PRELP,-0.5877029729231644,-1.7345282709955379,0.09033378796461396,0.5385614406271271
Acute_All,P51970,NDUFA8,-0.11441637235642332,-0.7352462225981117,0.4661789654128071,0.8242079215924278
Acute_All,P51991,HNRNPA3,0.9937914505359426,3.802742219551444,5.335101341571581e-4,0.07754246883417239
Acute_All,P52179,MYOM1,0.015377679161618474,0.05848162132742267,0.9536357995079916,0.9908459430444163
Acute_All,P52294,KPNA1,-0.14382706944496526,-0.7842674446098052,0.4380103446913052,0.8209815627708666
Acute_All,P52564,MAP2K6,-0.39876897471538975,-2.947235285455064,0.005161563536248366,0.23081549791700073
Acute_All,P52565,ARHGDIA,0.17208000276958124,1.5779823717755668,0.12189518350742,0.5977001426290726
Acute_All,P52566,ARHGDIB,1.4671571079914703,3.2769855442643068,0.0030727876874855793,0.18390750331480893
Acute_All,P52758,RIDA,-0.01569361893683663,-0.1652669877068076,0.8695079876682379,0.9627845476657909
Acute_All,P52788,SMS,-0.1681403180246459,-0.7706568096837957,0.445122124348326,0.8230732983138985
Acute_All,P52815,MRPL12,-0.3571808243696051,-2.0934455589559473,0.04238322257234132,0.41064219946587005
Acute_All,P52888,THOP1,0.015304978140548542,0.060815081642542713,0.9519540507022752,0.9907638185192745
Acute_All,P52895,AKR1C2,0.5790343940161833,1.2092930940428026,0.24063672104559086,0.7290752417115534
Acute_All,P52907,CAPZA1,0.19301990416797743,0.5581843081822636,0.5796120112128579,0.864584080268266
Acute_All,P52943,CRIP2,-0.2968598648342802,-0.8954314106714655,0.3772384084360225,0.7996091772492668
Acute_All,P53004,BLVRA,0.028629561129545067,0.27190973143950536,0.7869920955748879,0.9360171979035082
Acute_All,P53041,PPP5C,-0.13091790564685724,-1.2811748903803795,0.20699523164223585,0.7011662847670667
Acute_All,P53384,NUBP1,-0.44386578262344933,-2.008915484020725,0.054633433157487823,0.4257327280902993
Acute_All,P53597,SUCLG1,-0.24019243697802395,-2.2685927694900787,0.02836751035145882,0.3643271769039748
Acute_All,P53618,COPB1,0.05554019878464089,0.2575834195237263,0.798154819786888,0.9411856127818824
Acute_All,P53621,COPA,0.42133337949603344,0.7483715895347252,0.4604715578325732,0.8242079215924278
Acute_All,P53701,HCCS,-0.25429861865255177,-1.4273870833980102,0.16184919085587268,0.6579064511414044
Acute_All,P53778,MAPK12,-0.18212896552717162,-1.1046863126674227,0.2754356039456178,0.7429136983713296
Acute_All,P53814,SMTN,-0.35536205613621163,-2.1584232877078913,0.03665482706679531,0.3927813738137555
Acute_All,P53985,SLC16A1,-0.09575534130092578,-0.4566755204952054,0.650256169028387,0.8926762320433558
Acute_All,P53990,IST1,-0.17575203075906565,-0.7411282709956679,0.46370076802162463,0.8242079215924278
Acute_All,P53992,SEC24C,0.1836501568925648,0.9784903332952787,0.3351668332517791,0.776499590142609
Acute_All,P53999,SUB1,0.2140703697515267,1.6886287343320892,0.09852730932211771,0.5590159725285108
Acute_All,P54136,RARS1,0.004054318978027993,0.031370083718175214,0.9751194823321196,0.9959749905213346
Acute_All,P54284,CACNB3,0.11052991248700827,0.9569620013569481,0.3439333672808287,0.7794363688027048
Acute_All,P54289,CACNA2D1,-0.06564826827718484,-0.6161925771085776,0.5410142465724809,0.8545062238241012
Acute_All,P54296,MYOM2,0.0014567729459962209,0.007722026276385242,0.9938744727871651,0.9973074177830864
Acute_All,P54577,YARS1,0.42465743911661313,1.4627050738461964,0.1565096266628684,0.6539186253054711
Acute_All,P54578,USP14,0.14387732723250224,1.52625383061313,0.1342655301233273,0.6165052947961092
Acute_All,P54619,PRKAG1,-0.23028141555649384,-1.7018640936188638,0.09599786623252418,0.550135660172553
Acute_All,P54646,PRKAA2,-0.2088455845838766,-1.9184360916409353,0.06170729836735233,0.45445610327014774
Acute_All,P54652,HSPA2,-0.099055738544374,-0.592125394273725,0.5568659028900482,0.8614153011424767
Acute_All,P54707,ATP12A,-0.08206946605224275,-0.27881091933479113,0.7818622196406702,0.9328699164454757
Acute_All,P54725,RAD23A,-0.031234259979312284,-0.21314671350646644,0.8322193605897202,0.9530687638987452
Acute_All,P54727,RAD23B,-0.12306898552268564,-1.085852610035222,0.2835911757560095,0.7484294026494844
Acute_All,P54819,AK2,-0.08619531993145202,-0.9640563015290884,0.3404055882809037,0.77785474134214
Acute_All,P54920,NAPA,0.09053569487672952,0.9160996993415168,0.36472134808139167,0.7927623746491361
Acute_All,P54922,ADPRH,-0.10127143553653362,-0.36536549321508993,0.7167157920525562,0.9185445934039375
Acute_All,P55010,EIF5,-0.14477246401038002,-0.9129104712191247,0.3663773452528102,0.7936576310407517
Acute_All,P55036,PSMD4,-0.15371631617551706,-1.4704757319630009,0.14870936286503503,0.6420142148518064
Acute_All,P55042,RRAD,1.5356679108344977,4.078545931244205,2.3105912008340458e-4,0.048933978020697454
Acute_All,P55060,CSE1L,0.0506063304105524,0.5042088022324115,0.6166872475769936,0.8806343641659434
Acute_All,P55072,VCP,0.26304675636734487,2.5995341640379417,0.012739092059245479,0.32329749847652717
Acute_All,P55083,MFAP4,-0.3521825837705581,-1.1837985056870985,0.24578149045222805,0.7314031557020961
Acute_All,P55084,HADHB,-0.08147272884401247,-1.090521417804772,0.28155382107046406,0.7473126646038138
Acute_All,P55209,NAP1L1,0.23702126447368954,1.4997352349922526,0.1415308565556281,0.6253998790858109
Acute_All,P55263,ADK,-0.02790792803177311,-0.17236415038762637,0.8640199393808294,0.9627845476657909
Acute_All,P55290,CDH13,-0.13996759091662092,-0.8177739995111135,0.41799245700415855,0.8197189705656129
Acute_All,P55786,NPEPPS,-0.009478102878103911,-0.12409593644093082,0.9018173135328541,0.9744608255550633
Acute_All,P55809,OXCT1,0.03886873093040233,0.10137486797523698,0.9202135796431228,0.9843233876008831
Acute_All,P55822,SH3BGR,0.16282184450188453,1.1705145428253032,0.24823704656175363,0.7314031557020961
Acute_All,P55884,EIF3B,0.20934500717218185,1.315701606984873,0.19615262159656074,0.6939081638239839
Acute_All,P56134,ATP5MF,0.18996944786069392,1.039128914117745,0.30454979621674527,0.7610345597697253
Acute_All,P56181,NDUFV3,-0.06715755039030569,-0.2829432966371362,0.7786094686735077,0.9317567846346099
Acute_All,P56211,ARPP19,0.24310149562662353,1.2302240294153912,0.2256215681414882,0.7169497546018864
Acute_All,P56381,ATP5F1E,-0.3301190769696394,-1.3089071840956004,0.19767879021191448,0.6939081638239839
Acute_All,P56385,ATP5ME,-0.1611658563428957,-1.6010082800267245,0.11669355308986247,0.590427405769141
Acute_All,P56537,EIF6,0.22128132130612777,1.3437784476846375,0.18818110647126504,0.688896916087789
Acute_All,P56556,NDUFA6,-0.05525861293580725,-0.20394602112418553,0.8393573667494162,0.9536074620419864
Acute_All,P57105,SYNJ2BP,-0.1392092828036784,-1.3111819911471092,0.19675162999992887,0.6939081638239839
Acute_All,P58511,SMIM11A,0.3413202677608247,0.6194440211964574,0.5408120787154598,0.8545062238241012
Acute_All,P58546,MTPN,0.2925185185546244,1.7922814975616128,0.08012194579417399,0.52065402837875
Acute_All,P59998,ARPC4,0.6301342721836729,3.2186394616851746,0.002450863889544148,0.17513787606029996
Acute_All,P60033,CD81,-0.9098616435886129,-3.764183987428991,5.367689535911827e-4,0.07754246883417239
Acute_All,P60174,TPI1,-0.09847638828130378,-1.3188156644791795,0.19420803425093838,0.6933891412989778
Acute_All,P60228,EIF3E,0.18026486905815986,1.3284903121673803,0.19173350688524304,0.6899929965436833
Acute_All,P60520,GABARAPL2,0.4631895842829774,1.8776831876412057,0.07017004293987109,0.49355558292538537
Acute_All,P60602,ROMO1,-0.22651924828668513,-0.8683090961689163,0.39189313310166196,0.808425162233119
Acute_All,P60660,MYL6,0.3880116958330504,1.6835370289492555,0.09951495989572713,0.5597954647901271
Acute_All,P60709,ACTB,0.45476049961562737,1.945922872316915,0.05821518585025992,0.442623963671207
Acute_All,P60842,EIF4A1,0.25895951427144404,2.5115081506075883,0.015855808291448677,0.32722206561912764
Acute_All,P60866,RPS20,0.19589611068212598,1.1192302695282057,0.2692520043518044,0.7409596387036235
Acute_All,P60891,PRPS1,0.21170644215822243,1.3035323930295595,0.19932578448391539,0.6957877755776823
Acute_All,P60900,PSMA6,0.02400798648717739,0.24266687661000952,0.8094166757174366,0.9453261921625287
Acute_All,P60903,S100A10,-0.09701300227285259,-0.439959620269029,0.662220986719751,0.9005438182908707
Acute_All,P60953,CDC42,0.014287984424017353,0.07756925867505708,0.9385303401536453,0.9875582436222815
Acute_All,P60981,DSTN,-0.13112199788204215,-0.6875910696167676,0.49540077781462133,0.8347508305336617
Acute_All,P60983,GMFB,0.16870921420129115,0.5374793264085815,0.5956847564765001,0.876034434348369
Acute_All,P61006,RAB8A,-0.33842358744654355,-1.1441161917127196,0.26485959378079194,0.7409596387036235
Acute_All,P61019,RAB2A,0.09968981313902425,0.8807000664631669,0.3833737680292978,0.8071479107163916
Acute_All,P61020,RAB5B,-0.015021525550691806,-0.057701780783353314,0.9542964940282702,0.9908459430444163
Acute_All,P61026,RAB10,0.054052450092942905,0.24735113055240876,0.8058131489482594,0.9442890295457194
Acute_All,P61077,UBE2D3,-0.08135412505400375,-0.5056704464063347,0.615669186512533,0.8806343641659434
Acute_All,P61081,UBE2M,-0.033900780349261694,-0.33378755782425074,0.7401614167187334,0.9185445934039375
Acute_All,P61086,UBE2K,0.15839147226707695,0.8135313470876256,0.42039328811573806,0.8198911290192875
Acute_All,P61088,UBE2N,0.03346312595708767,0.4086415042977577,0.6848297732913704,0.9114287773973834
Acute_All,P61106,RAB14,0.06681480459371869,0.368743187842185,0.7143123096021183,0.9185445934039375
Acute_All,P61158,ACTR3,0.37667268796204034,2.3918460999009743,0.021315219043570834,0.3421365928532139
Acute_All,P61160,ACTR2,0.34339395927801775,1.9802041508667856,0.05409915834266867,0.425699853897522
Acute_All,P61163,ACTR1A,0.010178584044059136,0.09988007510391167,0.9209035201502311,0.9843233876008831
Acute_All,P61201,COPS2,-0.017804724165625174,-0.1459482762718027,0.8846439275873288,0.9675953966272588
Acute_All,P61221,ABCE1,0.2042048387114086,1.2517051619804076,0.21744035945172271,0.7091321782628582
Acute_All,P61224,RAP1B,0.14406576739531474,0.9134265054779945,0.36610906727881176,0.7936576310407517
Acute_All,P61225,RAP2B,0.2382181672086947,0.4639085081870331,0.6477173323947447,0.8909958495534993
Acute_All,P61247,RPS3A,0.1310168395509148,0.8402310306021277,0.4054243151576068,0.808425162233119
Acute_All,P61289,PSME3,0.13740762997088574,0.8567389732241252,0.39682010169822524,0.808425162233119
Acute_All,P61313,RPL15,0.49105268516081324,2.1816424484924277,0.03658847260373849,0.3927813738137555
Acute_All,P61353,RPL27,0.400789175168919,1.7064106070871696,0.09654031970360738,0.5510720984905004
Acute_All,P61457,PCBD1,-0.11407776137052572,-0.9535296615310843,0.3456488082046345,0.7794363688027048
Acute_All,P61513,RPL37A,-0.39695533536315697,-1.1405621479233508,0.27081510111250867,0.7409596387036235
Acute_All,P61586,RHOA,-0.022348766501458783,-0.20144717547547966,0.8412983921771442,0.954081147650167
Acute_All,P61604,HSPE1,-0.02958188365223613,-0.30012315089844055,0.7655286492799932,0.9303666592988977
Acute_All,P61758,VBP1,-0.22554940176915395,-1.326655972091046,0.1917871907325893,0.6899929965436833
Acute_All,P61803,DAD1,-0.030604148132514553,-0.15471065993813019,0.8779911758100228,0.9648531365427931
Acute_All,P61923,COPZ1,0.3536801562480214,1.4788393845010814,0.1547445231354169,0.6539186253054711
Acute_All,P61925,PKIA,-0.07717956764330047,-0.40374007292755665,0.6884037292391427,0.9114287773973834
Acute_All,P61956,SUMO2,-0.12592464887638322,-0.7640884807224856,0.44965715724282196,0.8230732983138985
Acute_All,P61960,UFM1,0.1483086683796433,0.9238831372630244,0.36082210878323384,0.7888360724305516
Acute_All,P61970,NUTF2,-0.01679886900928551,-0.14739769229887761,0.8835067435190758,0.9675953966272588
Acute_All,P61978,HNRNPK,0.310240886334185,2.402431794925992,0.020673732537402848,0.3406075523608903
Acute_All,P61981,YWHAG,-0.01952494314616615,-0.14346328594887767,0.8865941746609473,0.96859435552149
Acute_All,P62070,RRAS2,-0.010418286683998801,-0.042961370343201986,0.9659910553000685,0.993500110544101
Acute_All,P62072,TIMM10,-0.23256582213674548,-1.088635344607444,0.28374959248478854,0.7484294026494844
Acute_All,P62081,RPS7,0.08943498586990017,0.2946748280292002,0.7696595700904058,0.9317567846346099
Acute_All,P62136,PPP1CA,-0.012546201542321,-0.13358419787974746,0.8943543047146416,0.9725520464702356
Acute_All,P62140,PPP1CB,-0.09323314871358868,-0.6978654655300273,0.48901612676223594,0.8347508305336617
Acute_All,P62191,PSMC1,0.09749007613878113,0.9607287464079064,0.3420572812990781,0.7794363688027048
Acute_All,P62195,PSMC5,-0.06139662966226389,-0.7607075952126674,0.45098105642438846,0.8230732983138985
Acute_All,P62241,RPS8,-0.14424312300893583,-0.6924097287470763,0.49240067110154384,0.8347508305336617
Acute_All,P62244,RPS15A,0.10991846470611932,0.8688356994502379,0.3897582786808036,0.808425162233119
Acute_All,P62249,RPS16,0.12698724560160635,1.0188494205909346,0.3139699745123383,0.7610345597697253
Acute_All,P62253,UBE2G1,-0.2511314260789099,-0.9278232096355254,0.3614226379577665,0.7888360724305516
Acute_All,P62258,YWHAE,0.05719094824901383,0.4596480835475984,0.6480832430724601,0.8909958495534993
Acute_All,P62263,RPS14,-0.11559433167767175,-0.4803933950937047,0.6336299589760126,0.8871419885738066
Acute_All,P62269,RPS18,0.1523679951581336,0.9884082267901066,0.3284793556158262,0.7740078166204788
Acute_All,P62277,RPS13,-0.6635858428455119,-1.7296054397327352,0.09432484865663536,0.5444544378504056
Acute_All,P62280,RPS11,0.16339904668178562,0.6099394935604362,0.5455301869834814,0.855894478826214
Acute_All,P62308,SNRPG,0.34467343450620547,1.3441922035990352,0.19469930655454515,0.6938240943253051
Acute_All,P62318,SNRPD3,-0.13607808137915178,-0.6747466627192739,0.5035323884163645,0.8347508305336617
Acute_All,P62330,ARF6,0.25854155478371155,1.0187780805220361,0.3152948542511482,0.7618084279196883
Acute_All,P62333,PSMC6,0.25563400458642427,2.6219177476350852,0.012041555690318,0.3230577369488172
Acute_All,P62424,RPL7A,0.6169664363339695,2.718263469762453,0.009421552196980893,0.2844625749601231
Acute_All,P62495,ETF1,0.28381971490359525,2.064734966499207,0.04530817251631352,0.42226929888435577
Acute_All,P62633,CNBP,-0.200982704997978,-1.6368418475510187,0.10950415065993264,0.576047044648049
Acute_All,P62701,RPS4X,0.16161183847736815,1.1282021070718133,0.2654870161815477,0.7409596387036235
Acute_All,P62714,PPP2CB,-0.2729309493212675,-1.448663382100537,0.16371629510549082,0.6607969081051278
Acute_All,P62750,RPL23A,0.16033575597413652,0.8355222565700371,0.40804005482361505,0.8091860854897033
Acute_All,P62753,RPS6,0.11494435896724298,0.7093252750840293,0.48194930283916526,0.8312140327403084
Acute_All,P62805,H4C1,0.6721010217821632,1.9083615235453297,0.06303145207020966,0.4623947929213037
Acute_All,P62807,H2BC4,0.8565142357269941,2.7462922121463547,0.008764642629268807,0.2844625749601231
Acute_All,P62820,RAB1A,0.05424960769877707,0.2570184355417681,0.7990423855176882,0.9414062735271133
Acute_All,P62826,RAN,0.238500207752379,2.4613810132231366,0.01792665357793604,0.33603227957313997
Acute_All,P62829,RPL23,0.024846146176303208,0.12467998367568921,0.9014010505228902,0.9744608255550633
Acute_All,P62834,RAP1A,-0.3734494190823128,-1.5665753196684047,0.1257226546648812,0.606332389246391
Acute_All,P62841,RPS15,NA,NA,NA,NA
Acute_All,P62847,RPS24,-0.17924647699880936,-0.7527377851350426,0.4557067801764697,0.8242079215924278
Acute_All,P62851,RPS25,0.2555241402582915,1.609477220749133,0.11482636990005007,0.5875856203604742
Acute_All,P62854,RPS26,-0.10607975280794335,-0.4659803247735746,0.6440350886461672,0.8895957052454252
Acute_All,P62857,RPS28,0.16110247750616935,0.6127853585646037,0.5433205714924982,0.8545062238241012
Acute_All,P62873,GNB1,0.11525018623511585,0.9078944018772881,0.36899172986403284,0.7946863172989147
Acute_All,P62879,GNB2,-0.1974839933265109,-1.548970958855093,0.12871435125440486,0.606332389246391
Acute_All,P62888,RPL30,0.5368648299141547,2.2880187478962455,0.027111695479381442,0.36110471000197414
Acute_All,P62899,RPL31,-0.18118613031536057,-0.4733674019926908,0.6391623163389137,0.8890100179741764
Acute_All,P62906,RPL10A,0.6107854146653455,2.2544949621265826,0.029311097895357845,0.37193406653704075
Acute_All,P62910,RPL32,NA,NA,NA,NA
Acute_All,P62913,RPL11,0.658139458951096,2.5413210315323065,0.015364214144538993,0.32722206561912764
Acute_All,P62937,PPIA,0.32979363298633046,2.115038394762802,0.040257078373011845,0.405901755169938
Acute_All,P62942,FKBP1A,0.0077307096425176525,0.07449008437448185,0.9409657182846787,0.98767010080062545
Acute_All,P62979,RPS27A,0.369555699346245,1.6279933164008833,0.1108287615881895,0.5813866320184913
Acute_All,P62993,GRB2,-0.0913574400295456,-0.8935528074643907,0.3765326616459904,0.7996091772492668
Acute_All,P63000,RAC1,0.12900623843668768,1.0078183177272941,0.319176601534532,0.7628536200006566
Acute_All,P63010,AP2B1,0.05030762160251179,0.30098970642591155,0.7649427047975836,0.9303666592988977
Acute_All,P63027,VAMP2,0.13172907353089158,0.760546591624845,0.4516187787858489,0.8234369578250721
Acute_All,P63098,PPP3R1,-0.02917760764948696,-0.21607169895466977,0.8299530887244579,0.9530687638987452
Acute_All,P63104,YWHAZ,0.399613187621906,1.4920659445947568,0.14297906037652347,0.6288399891969815
Acute_All,P63146,UBE2B,-0.3331467445602172,-1.0176872766659424,0.3169582028429175,0.7621606977451972
Acute_All,P63151,PPP2R2A,-0.11526002267169844,-1.2569980655665716,0.21553598887772538,0.7091264598382789
Acute_All,P63167,DYNLL1,-0.08167343928483284,-0.36495408911852756,0.7172797245235654,0.9185445934039375
Acute_All,P63172,DYNLT1,-0.2824698426902543,-1.1571145213727916,0.25666095183128246,0.7392129879370137
Acute_All,P63173,RPL38,0.3031235386141873,1.4324867850861565,0.15923104101283608,0.6579064511414044
Acute_All,P63208,SKP1,0.3268447422393077,2.4652486079283795,0.01775854482284374,0.33603227957313997
Acute_All,P63220,RPS21,0.04363309236600266,0.25706520607564814,0.7983539303309577,0.9411856127818824
Acute_All,P63241,EIF5A,0.15504386315828,1.5345871559699218,0.13220732994515877,0.6126983375779059
Acute_All,P63244,RACK1,0.1532240460498855,1.0311539925063684,0.3082308680337454,0.7610345597697253
Acute_All,P63279,UBE2I,-0.06429614219760715,-0.3755380334983005,0.7091056642566436,0.9184140948096391
Acute_All,P63302,SELENOW,-0.3278801895219754,-0.8846579446850861,0.3841454072203171,0.8078668250389199
Acute_All,P63316,TNNC1,0.2795516407058809,1.0273233325252933,0.31000981707584,0.7610345597697253
Acute_All,P67775,PPP2CA,0.08601410858013026,0.9019867370875185,0.3720861798013786,0.7988351136624631
Acute_All,P67809,YBX1,0.19469519548705705,1.3324427299710866,0.18972961842371155,0.6899362603751671
Acute_All,P67870,CSNK2B,0.3873812109874022,1.4957434734882846,0.15031707780886458,0.6459850620710473
Acute_All,P67936,TPM4,0.2431836877959963,0.8586969738607251,0.3954976460078785,0.808425162233119
Acute_All,P68036,UBE2L3,0.21068344086466517,0.6441998106167568,0.5228658050045905,0.8486966134819541
Acute_All,P68104,EEF1A1,0.15362673300093732,1.0136728315570307,0.31640605632447116,0.7618084279196883
Acute_All,P68133,ACTA1,0.21440011716496166,0.8156446068862708,0.4191963907213132,0.8198911290192875
Acute_All,P68363,TUBA1B,0.2044101742992641,1.4883921058039207,0.14394156962767105,0.6315940835531921
Acute_All,P68366,TUBA4A,0.2043315223629918,1.183418310000738,0.24314149959922823,0.7314031557020961
Acute_All,P68371,TUBB4B,0.040324073445606956,0.38571506517315934,0.7016084587588767,0.9141391788906422
Acute_All,P68400,CSNK2A1,-0.1689564535899475,-1.1327416824557752,0.2648063725855918,0.7409596387036235
Acute_All,P68402,PAFAH1B2,0.11004538305602551,0.6445735216275251,0.5227919476330294,0.8486966134819541
Acute_All,P78344,EIF4G2,0.14744085424330322,0.5765764136191109,0.5675369133326653,0.8623255042384672
Acute_All,P78356,PIP4K2B,-0.1660386491714103,-0.9263828489654897,0.3624474973090335,0.7888360724305516
Acute_All,P78371,CCT2,0.07527465625730301,0.5681486619921085,0.5728876261996975,0.8626063856650513
Acute_All,P78417,GSTO1,0.1673590834602443,1.2475679440225738,0.21893761822235094,0.7108807789317173
Acute_All,P78560,CRADD,0.39103831468455397,1.2165441073578513,0.23392568983257234,0.7285655433813577
Acute_All,P82650,MRPS22,-0.14152774733862117,-0.7311283469593441,0.46956447969300097,0.8242079215924278
Acute_All,P82909,MRPS36,-0.031207412189488082,-0.15916554338619093,0.8743009880494426,0.9627845476657909
Acute_All,P83111,LACTB,-0.269249974486895,-1.279001619974881,0.20775241184633997,0.7011662847670667
Acute_All,P83731,RPL24,-0.36407338026971203,-1.4510132957173765,0.15621021234601717,0.6539186253054711
Acute_All,P84077,ARF1,0.13022467102084967,0.9252733125662737,0.3599850167830454,0.7888360724305516
Acute_All,P84085,ARF5,0.2548522394217523,1.1366481818949716,0.26467701282503575,0.7409596387036235
Acute_All,P84098,RPL19,0.09346089732065188,0.38564226075864405,0.7019109137168829,0.9141391788906422
Acute_All,P84103,SRSF3,0.34676250664889885,1.6677419117956902,0.10735846991357934,0.5695457810669547
Acute_All,P84157,MXRA7,0.16148972032943032,0.44013167011708704,0.6643338303833046,0.9006947813310426
Acute_All,P84243,H3-3A,0.7807215325756811,2.2029459611903266,0.03313500859187795,0.3820147367614759
Acute_All,P98095,FBLN2,0.26416905027386406,0.7242825342716219,0.476876378784869,0.8284679365013727
Acute_All,P98160,HSPG2,-0.23518889766416073,-1.0923320384355022,0.2809102371768411,0.7472371464845717
Acute_All,P99999,CYCS,0.028839665351576116,0.20488885918670025,0.8386252615686521,0.9536074620419864
Acute_All,Q00013,MPP1,0.7639865718705963,2.6643211923663754,0.011978871511360822,0.3230577369488172
Acute_All,Q00059,TFAM,-0.35990600582724674,-1.7336712317888492,0.09013856172915678,0.5385614406271271
Acute_All,Q00169,PITPNA,0.7134218177991389,2.9645399836847632,0.005889160035138326,0.251360057863404
Acute_All,Q00325,SLC25A3,-0.03181674106102861,-0.24597674850470624,0.8068700019837881,0.9442890295457194
Acute_All,Q00577,PURA,0.5747993806673506,2.324523135017546,0.02659749061139414,0.35946971588171567
Acute_All,Q00610,CLTC,0.18729762002532624,1.5016980659224184,0.14047980574790658,0.6222195169683221
Acute_All,Q00688,FKBP3,-0.09246896887090195,-0.8844906217899424,0.38134802766449605,0.8055923464048634
Acute_All,Q00765,REEP5,0.12246999744856524,0.7286834142840892,0.4701435292102829,0.8242079215924278
Acute_All,Q00796,SORD,-0.05828763047684404,-0.31497948223921457,0.7545946417102767,0.9243863701861336
Acute_All,Q00839,HNRNPU,0.21865114469614433,0.9274798205310368,0.35923731595758235,0.7888360724305516
Acute_All,Q00872,MYBPC1,0.2893515210983235,1.2034075939337239,0.23539892551565353,0.7285655433813577
Acute_All,Q00G26,PLIN5,-0.0998838992627924,-0.374227417965909,0.710370029914136,0.9185445934039375
Acute_All,Q01082,SPTBN1,0.3868197806198488,1.85081395983009,0.0731590499702628,0.505570899306229
Acute_All,Q01105,SET,0.40892096636096475,2.006615073585519,0.053296778815551435,0.425699853897522
Acute_All,Q01130,SRSF2,0.3422886772643121,1.6903965647453185,0.09935641832531149,0.5597954647901271
Acute_All,Q01432,AMPD3,-0.1932418755317169,-0.9443501696379257,0.35026428984629954,0.7803040763123968
Acute_All,Q01469,FABP5,-0.13141808883881723,-0.7311166471125569,0.46867137906039,0.8242079215924278
Acute_All,Q01484,ANK2,-0.17568089687824617,-1.4178714985449004,0.1639677098919007,0.6607969081051278
Acute_All,Q01518,CAP1,0.8091067884089291,3.5661398651398972,9.034432818292142e-4,0.10604165520470402
Acute_All,Q01995,TAGLN,-0.30508308834278,-0.6150661167959167,0.5417509447981648,0.8545062238241012
Acute_All,Q02127,DHODH,NA,NA,NA,NA
Acute_All,Q02218,OGDH,-0.1716341499027667,-2.3796204478801832,0.021834954624937432,0.3475088541155296
Acute_All,Q02252,ALDH6A1,-0.1267166423165751,-0.7282914283901303,0.47047438335840397,0.8242079215924278
Acute_All,Q02338,BDH1,-0.30891496727476486,-1.516797284647132,0.1366321277371184,0.6195285347229126
Acute_All,Q02543,RPL18A,0.350569372703454,1.3092599453115241,0.19756037153915673,0.6939081638239839
Acute_All,Q02641,CACNB1,-0.39419660061876627,-2.726770168439015,0.009217526790630306,0.2844625749601231
Acute_All,Q02750,MAP2K1,-0.06387620011001438,-0.33766614975107906,0.7372958079277978,0.9185445934039375
Acute_All,Q02790,FKBP4,0.04471462113677305,0.306722639510821,0.7606060447133607,0.9295496533024151
Acute_All,Q02878,RPL6,0.22786919017030982,1.0153026074168583,0.3163791082568409,0.7618084279196883
Acute_All,Q02952,AKAP12,0.5388397467974375,1.4194082904742662,0.17043897671546054,0.6688340082011288
Acute_All,Q02978,SLC25A11,0.1454385591248908,0.9690826406929626,0.33792071932218026,0.7767626816243018
Acute_All,Q03013,GSTM4,-0.3975641302433548,-0.5228752871233943,0.6053222875665425,0.8781265482722924
Acute_All,Q03135,CAV1,-0.05269998731561465,-0.23756254920918848,0.8133748729993853,0.9472775472510494
Acute_All,Q03154,ACY1,-0.12602254140941582,-0.9852602040812718,0.33000511048790515,0.7753938909396001
Acute_All,Q03252,LMNB2,-0.3762966811673616,-0.7975410796803268,0.43612176264906155,0.8209815627708666
Acute_All,Q04323,UBXN1,-0.09458911995243824,-0.6789405485571701,0.500898011184659,0.8347508305336617
Acute_All,Q04446,GBE1,0.03820299939553706,0.2104426000705984,0.834315786927336,0.9530687638987452
Acute_All,Q04637,EIF4G1,-0.12459130613346225,-0.9874684061408918,0.3289343627041078,0.7741086881683139
Acute_All,Q04759,PRKCQ,-0.39319852222557117,-2.1977907921364674,0.03366519585587203,0.3831711382868343
Acute_All,Q04760,GLO1,0.038250635461967164,0.34858892312047973,0.7290981282292917,0.9185445934039375
Acute_All,Q04828,AKR1C1,0.34247160116550646,1.3353012174906718,0.1891404699429047,0.6898189906636071
Acute_All,Q04837,SSBP1,-0.2025585769664815,-1.5911960282002298,0.1188876894300109,0.59538954866549465
Acute_All,Q04917,YWHAH,0.03238207346864819,0.25023280644427,0.8035984320876421,0.9442890295457194
Acute_All,Q05086,UBE3A,-0.5600845127760605,-2.5631042355689075,0.015821354114707076,0.32722206561912764
Acute_All,Q05639,EEF1A2,0.42453267783537463,1.9937954784385379,0.05253826016665946,0.425699853897522
Acute_All,Q05682,CALD1,-0.09272180972822319,-0.28011522542451894,0.7816038780546235,0.9328699164454757
Acute_All,Q06055,ATP5MC2,0.18229893328005353,0.3837680438444058,0.7037681197758107,0.9146550373280086
Acute_All,Q06124,PTPN11,0.06566068233004252,0.3854295778642216,0.7036170110769129,0.9146550373280086
Acute_All,Q06323,PSME1,0.34107245235621875,2.2663223042643654,0.028517622473314325,0.3643271769039748
Acute_All,Q06432,CACNG1,-0.6794762221141735,-3.2578132114215532,0.0029386052176278853,0.18390750331480893
Acute_All,Q06830,PRDX1,0.09561979532577247,0.9241879121929526,0.3605433143154052,0.7888360724305516
Acute_All,Q07020,RPL18,0.41859128123269684,2.338070151049594,0.02410193989527322,0.35946971588171567
Acute_All,Q07699,SCN1B,0.1037351286568935,0.41195575641714577,0.6838796755638614,0.9114287773973834
Acute_All,Q07960,ARHGAP1,0.6355615027304413,2.7531646828481375,0.009517959766033217,0.2844625749601231
Acute_All,Q08043,ACTN3,-0.15456654689620208,-0.22803321195040255,0.8212762012242351,0.9508980924162227
Acute_All,Q08209,PPP3CA,-0.02394499744885259,-0.2286098082953264,0.8202554067187324,0.9508980924162227
Acute_All,Q08257,CRYZ,-0.1592717183192267,-0.8438486898549159,0.4034217555682995,0.808425162233119
Acute_All,Q08623,PUDP,-0.1759675906528635,-0.7683761057798426,0.4465606025853881,0.8230732983138985
Acute_All,Q08752,PPID,0.4311597342575002,2.2513826394129683,0.032102711417751256,0.3817048462382886
Acute_All,Q09028,RBBP4,0.19708910391737255,1.0634143484971772,0.2944814001110035,0.757583656723924
Acute_All,Q09666,AHNAK,0.19242617599699052,1.1173624205674944,0.27004058638016776,0.7409596387036235
Acute_All,Q0VAK6,LMOD3,-0.2233522041918512,-1.0835514850879497,0.28641214416389216,0.7512318529885328
Acute_All,Q0VDG4,SCRN3,-0.2728460995698807,-1.3795162516706474,0.17559037957730722,0.6793911661916952
Acute_All,Q0ZGT2,NEXN,0.10682362063272066,0.38495829349493016,0.7025319762413426,0.9143139649211651
Acute_All,Q10567,AP1B1,0.2919274914908243,0.6026692010432474,0.5515753038240148,0.8602281224226745
Acute_All,Q10713,PMPCA,-0.31299053359429685,-1.2934543816261597,0.2043204607721543,0.7011662847670667
Acute_All,Q12797,ASPH,0.028695560839731016,0.10679438778788107,0.9155136052117603,0.9830386224057667
Acute_All,Q12849,GRSF1,0.1996354443994619,1.204269048850711,0.23633908441768722,0.7285655433813577
Acute_All,Q12904,AIMP1,0.080554769766227,0.6469719765046894,0.5210872187638109,0.8479702917587403
Acute_All,Q12905,ILF2,0.6078375888501846,2.0395237317798447,0.05208983539662366,0.425699853897522
Acute_All,Q12906,ILF3,0.9275806930581538,4.834500118341415,7.017883775855974e-5,0.0329489643276438
Acute_All,Q12907,LMAN2,-0.25725123317598,-1.1769660759407925,0.24910997013104857,0.7314031557020961
Acute_All,Q12931,TRAP1,-0.20219034899293398,-1.9990041601583841,0.05195047937572895,0.425699853897522
Acute_All,Q12955,ANK3,-0.15885788541561663,-0.8813073496567221,0.38621952339422505,0.808425162233119
Acute_All,Q12988,HSPB3,0.10703695082807485,0.8411338145241289,0.40514952453642017,0.808425162233119
Acute_All,Q13011,ECH1,-0.04877579257524722,-0.5319589369675691,0.5974909528944794,0.8773166610913465
Acute_All,Q13057,COASY,0.11516364486115549,0.48084877798432835,0.6337946810097757,0.8871419885738066
Acute_All,Q13085,ACACA,0.029265889183305305,0.10893386004141369,0.913761460155547,0.9817185481533852
Acute_All,Q13098,GPS1,0.036859318488870585,0.3100528387551973,0.7580177605031083,0.9273989278337703
Acute_All,Q13126,MTAP,-0.016475385256928377,-0.08860192974180224,0.9298191934870155,0.9854423171357561
Acute_All,Q13131,PRKAA1,-0.10738134058354021,-0.80522161107278,0.4251198244904505,0.8198911290192875
Acute_All,Q13148,TARDBP,0.004510906747267285,0.014480828004126586,0.9885568299695904,0.9965162247358512
Acute_All,Q13151,HNRNPA0,0.28517175386291704,1.186500640649727,0.24702710790081345,0.7314031557020961
Acute_All,Q13153,PAK1,-0.18096052313541833,-0.8454370416043119,0.40360609499442934,0.808425162233119
Acute_All,Q13155,AIMP2,-0.21988879957671514,-1.4289730613438858,0.1604038544921086,0.6579064511414044
Acute_All,Q13162,PRDX4,-0.05770898741575792,-0.41754163215203766,0.6783587889777354,0.9106141475774645
Acute_All,Q13177,PAK2,0.054418633119899695,0.49872373751249166,0.6205144876683154,0.8821545857994674
Acute_All,Q13200,PSMD2,0.041262165027154296,0.35918490604775827,0.7212137083941667,0.9185445934039375
Acute_All,Q13203,MYBPH,0.5769428120651199,1.7797134473943428,0.0821872359999242,0.5208853047261406
Acute_All,Q13228,SELENBP1,0.21303863406600065,1.4163541912597877,0.16387198902483643,0.6607969081051278
Acute_All,Q13310,PABPC4,0.11579020351219782,0.9002664494480391,0.3729903929896694,0.7988351136624631
Acute_All,Q13326,SGCG,-0.08648768555329411,-0.41114305042507193,0.6831609429997086,0.9114287773973834
Acute_All,Q13347,EIF3I,-3.8942298892941096e-4,-0.002700038890653488,0.9978587711362985,0.9989225864573394
Acute_All,Q13363,CTBP1,0.1837462639704821,0.8602302221237322,0.39568374339685675,0.808425162233119
Acute_All,Q13404,UBE2V1,-0.003997733323265251,-0.033463164695216034,0.9734600135879199,0.9956516258735861
Acute_All,Q13405,MRPL49,-0.7227956244311784,-2.902557236397193,0.007135123769246812,0.27916171747178153
Acute_All,Q13409,DYNC1I2,0.0027283494248617757,0.021789602136010063,0.9827165375058751,0.9959749905213346
Acute_All,Q13418,ILK,-0.13258846229775934,-0.8069512919777396,0.4242384369307878,0.8198911290192875
Acute_All,Q13423,NNT,-0.08914710574862816,-0.8464392332769987,0.40199153191332715,0.808425162233119
Acute_All,Q13424,SNTA1,-0.24664799780008906,-1.835436748463998,0.07335973527986665,0.505570899306229
Acute_All,Q13425,SNTB2,-0.08796937752090273,-0.5513078086413666,0.5842748240014339,0.8667204735187148
Acute_All,Q13442,PDAP1,-0.04548325242441287,-0.21338843663474374,0.8320320190571049,0.9530687638987452
Acute_All,Q13445,TMED1,-0.18467353408576415,-0.7983543000733349,0.4298971195523227,0.8198911290192875
Acute_All,Q13496,MTM1,-0.05652825603111111,-0.18224454658446346,0.8568592599707262,0.9627845476657909
Acute_All,Q13505,MTX1,-0.5679395612995464,-3.3713796143223616,0.0018759976168244966,0.16776778687601926
Acute_All,Q13508,ART3,-0.09962993258814556,-0.5334541370563572,0.5965297392801201,0.8765906497402703
Acute_All,Q13510,ASAH1,-0.09892813979055681,-0.5207882540398425,0.6055341666612621,0.8781265482722924
Acute_All,Q13522,PPP1R1A,-0.7370684528178337,-2.885460688093043,0.006648458415243322,0.2714305413875426
Acute_All,Q13526,PIN1,-0.15152582933572667,-1.2596710013770933,0.21473957867644758,0.7091264598382789
Acute_All,Q13541,EIF4EBP1,-0.17580434071408213,-0.5169127929013396,0.611175212082727,0.8806343641659434
Acute_All,Q13554,CAMK2B,-0.17606966567688076,-1.709778134802482,0.0945112602445326,0.5444544378504056
Acute_All,Q13555,CAMK2G,-0.2965109531050718,-1.6052660438044284,0.11575176277422201,0.590427405769141
Acute_All,Q13557,CAMK2D,0.17089923818095798,1.5200734950856827,0.13580847770152776,0.6190493231152163
Acute_All,Q13561,DCTN2,-0.04837835922802469,-0.4513005128726275,0.6540397371757467,0.8940725243821261
Acute_All,Q13564,NAE1,-0.310016048427336,-2.0491707593413673,0.04687749347510244,0.42569369268952106
Acute_All,Q13586,STIM1,-0.3081886992548082,-1.6984534662389847,0.09781292149397156,0.5566444441384198
Acute_All,Q13616,CUL1,0.029225636366360774,0.20245838414329115,0.8405354342049975,0.9537918703546739
Acute_All,Q13617,CUL2,0.07207864586827384,0.6599924252590705,0.5129475388884968,0.8420589842942281
Acute_All,Q13618,CUL3,0.10578231436530317,0.6954565112299859,0.49059753729641764,0.8347508305336617
Acute_All,Q13619,CUL4A,-0.275589560270296,-1.1449535916941014,0.2587077881368493,0.7409596387036235
Acute_All,Q13620,CUL4B,-0.04489172508867867,-0.16773866083490474,0.8676779055122733,0.9627845476657909
Acute_All,Q13642,FHL1,0.001449397201172431,0.014435672460112113,0.9885491374831734,0.9965162247358512
Acute_All,Q13643,FHL3,-0.3554619119488276,-1.738122167857039,0.08934289885533153,0.537775525802284
Acute_All,Q13683,ITGA7,-0.15097667546199567,-0.8999100481556173,0.37317789974674764,0.7988351136624631
Acute_All,Q13698,CACNA1S,-0.014512249180508974,-0.11625345591125226,0.9079926490256272,0.9794429608673911
Acute_All,Q13724,MOGS,0.11800696811555422,0.34076442267553875,0.7355780009975524,0.9185445934039375
Acute_All,Q13813,SPTAN1,0.0035911121258074274,0.016281810673718918,0.9870904670117442,0.9965162247358512
Acute_All,Q13825,AUH,-0.2079665411566367,-1.507896371128958,0.13963528982581935,0.6214101286561344
Acute_All,Q13838,DDX39B,0.5179792468484994,2.833172994271522,0.007115764047888931,0.27916171747178153
Acute_All,Q13867,BLMH,-0.07173420512698492,-0.6197572317202322,0.5387638570272981,0.8545062238241012
Acute_All,Q13884,SNTB1,-0.01663950153927196,-0.0774241617958748,0.9386536021649481,0.9875582436222815
Acute_All,Q13885,TUBB2A,-0.12273036848461949,-0.5802253610646977,0.5647894562571827,0.8622254980644056
Acute_All,Q13907,IDI1,-0.3060841600519364,-1.9815335576152666,0.0540986478331417,0.425699853897522
Acute_All,Q13976,PRKG1,-0.3328651689448012,-1.2932165013283932,0.20283739851537816,0.7011662847670667
Acute_All,Q14011,CIRBP,0.045083425167312896,0.28212942240765077,0.7792291722841409,0.9317567846346099
Acute_All,Q14061,COX17,-0.14981868753932126,-0.7873113430178248,0.4354157280073734,0.8209815627708666
Acute_All,Q14103,HNRNPD,0.3550420929483007,3.3563281205677287,0.0016596595788972498,0.15584203445845177
Acute_All,Q14108,SCARB2,-0.43987352260716683,-1.6551552740320221,0.10905189437845325,0.5752793754009417
Acute_All,Q14116,IL18,0.39608917057449133,0.9820758846646506,0.33477424221669705,0.776499590142609
Acute_All,Q14118,DAG1,-0.3374408226047336,-1.8183142781423625,0.07614874556220504,0.5175377795862242
Acute_All,Q14141,SEPTIN6,1.2729475031355015,2.3376959668763044,0.025422057661335193,0.35946971588171567
Acute_All,Q14152,EIF3A,0.1594295322229229,1.2843050898830335,0.20590829792863347,0.7011662847670667
Acute_All,Q14157,UBAP2L,-0.2899197561606277,-0.7897899056110385,0.4384688538121295,0.8209815627708666
Acute_All,Q14165,MLEC,-0.3259250029340226,-1.9993601601233175,0.051910514750424866,0.425699853897522
Acute_All,Q14195,DPYSL3,-0.2509263049683934,-1.1721412257929986,0.24759046004081045,0.7314031557020961
Acute_All,Q14203,DCTN1,-0.12520266234273514,-1.053243437008137,0.29810911022032466,0.7592217116275717
Acute_All,Q14204,DYNC1H1,0.019839930136184236,0.2024421817238093,0.8405253819588557,0.9537918703546739
Acute_All,Q14240,EIF4A2,0.006316975122251378,0.06019605192581896,0.9522782548250428,0.9907638185192745
Acute_All,Q14249,ENDOG,-0.28064444286322754,-1.231793525566589,0.22471670928276438,0.7152847119203923
Acute_All,Q14254,FLOT2,0.1382847997628769,0.691568292381888,0.49419236051228366,0.8347508305336617
Acute_All,Q14257,RCN2,-0.1493717139647881,-0.9272387024889636,0.35909790449748547,0.7888360724305516
Acute_All,Q14315,FLNC,0.1069959009861563,1.0237914954064968,0.3116562007173624,0.7610345597697253
Acute_All,Q14324,MYBPC2,0.289991217004145,0.7978262682003625,0.42935316390488854,0.8198911290192875
Acute_All,Q14353,GAMT,-0.12375483320979974,-1.0208263760031968,0.3130430061301096,0.7610345597697253
Acute_All,Q14558,PRPSAP1,0.7016844380215357,1.3929162274496,0.18059105369813305,0.6793911661916952
Acute_All,Q14697,GANAB,0.07966954875337784,0.44734468244726516,0.6568704769032139,0.8952124496547429
Acute_All,Q14738,PPP2R5D,0.2403895556948772,0.6668562928345816,0.5103180273209688,0.8384752889840589
Acute_All,Q14847,LASP1,0.5286417238359942,2.384408717245524,0.0234053386914173,0.35946971588171567
Acute_All,Q14914,PTGR1,-0.2331810557209515,-1.2520712288356803,0.2173082478129382,0.7091321782628582
Acute_All,Q14974,KPNB1,0.2968332837472847,1.3137559951508566,0.195891145608387,0.6939081638239839
Acute_All,Q14BN4,SLMAP,0.31477829369100796,2.0842395383874863,0.0431111460433014,0.41064219946587005
Acute_All,Q14CB8,ARHGAP19,0.8167042116286751,2.4567007638823943,0.021005456292309158,0.3411014548205399
Acute_All,Q15008,PSMD6,0.2449404702974345,1.5367371413186792,0.1318539211001924,0.6126983375779059
Acute_All,Q15019,SEPTIN2,-0.32811677092333014,-1.6173648748019014,0.11328269010985619,0.5873523986808815
Acute_All,Q15046,KARS1,-0.11025001042020044,-0.9744025245119575,0.33530390151447675,0.776499590142609
Acute_All,Q15056,EIF4H,0.12418035791743343,1.1477220746480452,0.2574256092176821,0.7392129879370137
Acute_All,Q15075,EEA1,-0.02749645370146503,-0.15886103584921227,0.8746909280128823,0.9627845476657909
Acute_All,Q15084,PDIA6,0.05168422006711282,0.35122782964635224,0.7271317160320037,0.9185445934039375
Acute_All,Q15102,PAFAH1B3,0.22620164735717374,0.7723675144616262,0.4443240746631685,0.8230732983138985
Acute_All,Q15119,PDK2,-0.3938023219649409,-2.046304449219033,0.04787718620098146,0.425699853897522
Acute_All,Q15121,PEA15,0.1738017511048504,0.34832675404711105,0.7302939984656743,0.9185445934039375
Acute_All,Q15124,PGM5,-0.1257783215927173,-0.6511545369342676,0.5184098562697855,0.8458503128363659
Acute_All,Q15149,PLEC,0.12888267466058068,0.6912364618397188,0.49313021936704415,0.8347508305336617
Acute_All,Q15172,PPP2R5A,-0.30959285755990074,-1.1990696741707032,0.2375522218397488,0.7285655433813577
Acute_All,Q15181,PPA1,0.04080258654529878,0.377470873554038,0.7076795086189325,0.9182415527341438
Acute_All,Q15185,PTGES3,0.06453526401398868,0.3583572486139234,0.7218284742971379,0.9185445934039375
Acute_All,Q15208,STK38,0.13235149385243972,0.678217279778916,0.5030061376941215,0.8347508305336617
Acute_All,Q15233,NONO,0.5791674646731142,1.467477135040713,0.1594816891510033,0.6579064511414044
Acute_All,Q15257,PTPA,-6.717840169674361e-4,-0.0027862174235761387,0.9977898027017087,0.9989225864573394
Acute_All,Q15293,RCN1,0.09466547754822585,0.504508002805688,0.6168158771166847,0.8806343641659434
Acute_All,Q15363,TMED2,0.24874891658272702,0.8492815761227687,0.4004259189234256,0.808425162233119
Acute_All,Q15365,PCBP1,0.08694541996099758,0.7338567143161191,0.46701675449454927,0.8242079215924278
Acute_All,Q15366,PCBP2,0.03318516907305202,0.34320008825278625,0.7331194043027371,0.9185445934039375
Acute_All,Q15369,ELOC,-0.11263516389206885,-0.7931340900167747,0.43215527546660026,0.8209815627708666
Acute_All,Q15370,ELOB,-0.0019082029154482427,-0.01573569561925831,0.9875179987369702,0.9965162247358512
Acute_All,Q15386,UBE3C,0.15024581227315092,0.9181013301987777,0.36640104691817454,0.7936576310407517
Acute_All,Q15392,DHCR24,0.7039660691065581,2.180225358772336,0.042740961608771624,0.41064219946587005
Acute_All,Q15404,RSU1,-0.16368399921388566,-1.423743558254323,0.16173331434558247,0.6579064511414044
Acute_All,Q15435,PPP1R7,0.08636881409982067,0.8504322319394455,0.399793197264829,0.808425162233119
Acute_All,Q15436,SEC23A,0.014913928534795673,0.06958948796634451,0.9448669539968677,0.9890276983840752
Acute_All,Q15526,SURF1,-0.239579717631198,-1.2595869245953129,0.21476962490716806,0.7091264598382789
Acute_All,Q15555,MAPRE2,-0.07303197856058752,-0.4576343133489923,0.6495180760107109,0.8923152499986211
Acute_All,Q15631,TSN,0.39393498156982076,2.185283756118162,0.034360424617141026,0.38384693038080975
Acute_All,Q15642,TRIP10,0.013309934707457671,0.09835946912316405,0.92210371156105575,0.9843233876008831
Acute_All,Q15691,MAPRE1,0.34158776031832794,2.4013733126460872,0.021069099445784147,0.3411014548205399
Acute_All,Q15746,MYLK,-0.2787579050903801,-0.8481537644006468,0.4010466832355788,0.808425162233119
Acute_All,Q15772,SPEG,-0.11016850634404385,-0.5242666471761177,0.6043674162774364,0.8781265482722924
Acute_All,Q15819,UBE2V2,0.037940246891471574,0.3468186270285614,0.7304183208054448,0.9185445934039375
Acute_All,Q15836,VAMP3,-0.14395437454218296,-0.7673989745920925,0.4474629865583558,0.8230732983138985
Acute_All,Q15843,NEDD8,-0.06062766992454982,-0.3894679542164325,0.6988513074624468,0.9139573505671833
Acute_All,Q15847,ADIRF,-0.3615150295995786,-0.7514663246736663,0.46263610378935915,0.8242079215924278
Acute_All,Q15907,RAB11B,0.26521876620209994,1.9387413992332099,0.059268327291206305,0.44344987511109735
Acute_All,Q15942,ZYX,0.2181069071362618,1.2768602020133222,0.2088322522356315,0.7028440317177705
Acute_All,Q16082,HSPB2,0.09278052079549326,0.8035602513637442,0.4260686379675621,0.8198911290192875
Acute_All,Q16134,ETFDH,-0.2087129258663154,-1.7400783520722283,0.08899506201927562,0.5374042651839216
Acute_All,Q16181,SEPTIN7,-0.11935533375485896,-0.7357713848891371,0.4658625495275257,0.8242079215924278
Acute_All,Q16531,DDB1,0.13205931844822238,1.3628745165792036,0.18001339293088722,0.6793911661916952
Acute_All,Q16543,CDC37,-0.06945032672398455,-0.3301127968798129,0.7429548654848674,0.9185445934039375
Acute_All,Q16555,DPYSL2,-0.09295199948886967,-0.6098213441421084,0.5451878046026342,0.855894478826214
Acute_All,Q16563,SYPL1,-0.19641686270581893,-1.234377503125213,0.2237623944295234,0.7152847119203923
Acute_All,Q16576,RBBP7,-0.020106086995980377,-0.061905461696256575,0.9511965412032557,0.9907638185192745
Acute_All,Q16585,SGCB,0.007378221167996912,0.05747271980336926,0.9544410601530081,0.9908459430444163
Acute_All,Q16586,SGCA,-0.13303745032270164,-0.9003709102919627,0.3729354464047009,0.7988351136624631
Acute_All,Q16595,FXN,-0.0759731402244519,-0.43900261051925193,0.6629087399337986,0.9006947813310426
Acute_All,Q16654,PDK4,0.36668308244631476,0.9528144646563494,0.35204622714381084,0.7816470837151482
Acute_All,Q16658,FSCN1,0.39924259563116316,1.549964959174982,0.1327839315198124,0.6126983375779059
Acute_All,Q16698,DECR1,-0.10665555596877496,-1.2237198640354146,0.22771786646476816,0.7211705787872421
Acute_All,Q16718,NDUFA5,-0.10603182057458405,-0.6521261398471466,0.5177889638216528,0.8455718904844035
Acute_All,Q16740,CLPP,0.2224424080392584,0.9199247405050645,0.3671512654260335,0.7937945096817197
Acute_All,Q16762,TST,-0.18181295156746202,-0.8819040002203974,0.3832290131349151,0.8071479107163916
Acute_All,Q16773,KYAT1,-0.025063175857550135,-0.10215332544965902,0.919217634437152,0.9843233876008831
Acute_All,Q16775,HAGH,0.10384287192552932,1.1651435630146598,0.25038062763269,0.7314031557020961
Acute_All,Q16778,HIST2H2BE,0.4329940988018741,1.2873431226227243,0.20519085100731263,0.7011662847670667
Acute_All,Q16795,NDUFA9,-1.151866954050007e-4,-7.910402524716486e-4,0.9993724979457292,0.9993724979457292
Acute_All,Q16816,PHKG1,-0.43550392992536224,-2.1307515011835036,0.03886590072506307,0.405901755169938
Acute_All,Q16821,PPP1R3A,-0.7833010085848127,-2.6001085101402803,0.014707652859402807,0.32722206561912764
Acute_All,Q16836,HADH,-0.09462376210050039,-0.7489663706109636,0.4579530703441381,0.8242079215924278
Acute_All,Q16851,UGP2,0.002133688707887771,0.02304701876202693,0.9817193332712664,0.9959749905213346
Acute_All,Q16853,AOC3,-0.22753606069513488,-0.734371614357063,0.46734833267340825,0.8242079215924278
Acute_All,Q16881,TXNRD1,0.10241346297993914,0.9735191675993146,0.33573748146287663,0.776499590142609
Acute_All,Q16890,TPD52L1,0.5042852830397191,1.9802561475214226,0.05535244119861448,0.4284875097199476
Acute_All,Q16891,IMMT,-0.1260151567808041,-1.2013468556886462,0.2361886755699534,0.7285655433813577
Acute_All,Q1KMD3,HNRNPUL2,1.0318191567778632,3.2912428376592793,0.0027797335422903983,0.18001171008349545
Acute_All,Q2TAA2,IAH1,-0.029758930738719158,-0.15438695803835106,0.8780266295802095,0.9648531365427931
Acute_All,Q2TBA0,KLHL40,0.23549851199123673,0.9707297681017467,0.33710905994380236,0.776499590142609
Acute_All,Q30154,HLA-DRB5,-0.3167176891801784,-0.8572720974080111,0.4067954091109145,0.808425162233119
Acute_All,Q3LXA3,TKFC,0.1446626502149293,0.7635424876708599,0.4501121454657,0.8230732983138985
Acute_All,Q3SXM5,HSDL1,-0.1854274581875277,-0.999067405493637,0.3240780980111899,0.7665222519710513
Acute_All,Q3ZCQ8,TIMM50,-0.5305709326498071,-2.4573683445054133,0.018543854974823512,0.33603227957313997
Acute_All,Q49AH0,CDNF,-0.017263738264910344,-0.07635716019887137,0.9395251046293552,0.98767010080062545
Acute_All,Q49B96,COX19,-0.3692574112234741,-1.9795450575535407,0.05417586000080286,0.425699853897522
Acute_All,Q4G0W2,DUSP28,-0.4439495790103365,-2.0080431983086937,0.05218305445821954,0.425699853897522
Acute_All,Q4VC31,CCDC58,-0.31324718791441875,-1.9652088170556012,0.05602295859479093,0.43119309934843186
Acute_All,Q52LJ0,FAM98B,-0.5749260405523113,-2.266781041806039,0.038597776189076075,0.405901755169938
Acute_All,Q53EU6,GPAT3,0.31278935110689243,1.3579026224381843,0.18461341841934278,0.6826796810319032
Acute_All,Q53FT3,HIKESHI,-0.26173797416405975,-1.1101461925109284,0.2757489719510051,0.7429136983713296
Acute_All,Q53GG5,PDLIM3,0.2527687953932425,1.6710994100015024,0.10196192310994251,0.566522164498438
Acute_All,Q53GQ0,HSD17B12,-0.09398019280970615,-0.5982240489840088,0.5529013233646838,0.8602281224226745
Acute_All,Q53H82,LACTB2,-0.09001929602236913,-0.423657556878216,0.6742669220110951,0.9077227810299903
Acute_All,Q562R1,ACTBL2,-0.2253485326377902,-0.4575715931938569,0.6507883987184375,0.8926893216351448
Acute_All,Q58WW2,DCAF6,0.04190022430105422,0.29341288622182016,0.7708021771963359,0.9317567846346099
Acute_All,Q5BKX8,CAVIN4,0.0418071198765535,0.25756042474469,0.7979741666310818,0.9411856127818824
Acute_All,Q5HYK3,COQ5,-0.3303596093189185,-2.003891096236728,0.051404191998713496,0.425699853897522
Acute_All,Q5JRX3,PITRM1,-0.035195278087174486,-0.19544061248134506,0.8461167415036195,0.9566895959780743
Acute_All,Q5JTJ3,COA6,-0.3175474383265193,-1.9940799177821416,0.05250601430246873,0.425699853897522
Acute_All,Q5JWF2,GNAS,-0.12224438574516228,-0.8382945793098366,0.4066084403786887,0.808425162233119
Acute_All,Q5R3I4,TTC38,0.2186244119934191,0.9234630007024534,0.37392919459997453,0.7989067434115497
Acute_All,Q5RI15,COX20,-0.4331623511918732,-2.049587735696361,0.04683483977259665,0.42569369268952106
Acute_All,Q5SQH8,C6orf136,-0.6396163099308243,-2.006381572554293,0.05455370325580207,0.4257327280902993
Acute_All,Q5T440,IBA57,-0.4017332491612784,-1.0422135056631168,0.30727832097266605,0.7610345597697253
Acute_All,Q5TAQ9,DCAF8,1.8535197457179633,1.5948285090992025,0.13900160399905004,0.6211229608184267
Acute_All,Q5TC12,ATPAF1,-0.17259404084130026,-1.157250494913265,0.2545822256373934,0.7356420434576049
Acute_All,Q5TDH0,DDI2,0.7304857106515819,1.7941143239901995,0.08594008700638149,0.52571818696411865
Acute_All,Q5TEU4,NDUFAF5,0.45990094712358776,1.7559163268655549,0.09608333148913599,0.550135660172553
Acute_All,Q5U5X0,LYRM7,0.22183909410447455,1.067837523034533,0.29232701941454353,0.7540708593426881
Acute_All,Q5VST9,OBSCN,0.16220382556213586,0.8343470070233994,0.40869452954638485,0.8096290363798636
Acute_All,Q5VTT5,MYOM3,0.1246057032550123,0.43175603235109,0.6680748786807402,0.9032718662076531
Acute_All,Q5VVW2,GARNL3,0.08857657805200603,0.3282543238432658,0.7446199106693192,0.9187494620963619
Acute_All,Q5VW32,BROX,0.1325838168455391,0.7642269769012554,0.44957564242684134,0.8230732983138985
Acute_All,Q5VWP3,MLIP,0.031795230505057503,0.12441495389382377,0.9016981060963603,0.9744608255550633
Acute_All,Q5VXT5,SYPL2,0.09880485929118343,0.6740029712342093,0.5039149139042731,0.8347508305336617
Acute_All,Q5VYK3,ECPAS,-0.0944614870342253,-0.8624187736810013,0.3932391182356697,0.808425162233119
Acute_All,Q5XKP0,MICOS13,-0.1301680398613847,-0.6120357987989941,0.5437353234663477,0.8545062238241012
Acute_All,Q5XPI4,RNF123,-0.06846128966399156,-0.5712883721652685,0.5707767779649577,0.8626063856650513
Acute_All,Q69YU5,C12orf73,-0.27645040258228093,-1.1183757481647227,0.2710193305140781,0.7409596387036235
Acute_All,Q6DKJ4,NXN,0.06285097870673617,0.2843585613842548,0.777720097696476,0.9317567846346099
Acute_All,Q6FI13,HIST2H2AA3,0.4198749577145158,1.3744154322923317,0.17643034298009788,0.6793911661916952
Acute_All,Q6GMV3,PTRHD1,0.012218412310271987,0.06573899426888444,0.9479129172612792,0.9895388875023249
Acute_All,Q6IAA8,LAMTOR1,0.16028433421278976,0.7409223323297063,0.4653744969327045,0.8242079215924278
Acute_All,Q6IAN0,DHRS7B,0.09305757251652835,0.5196204571334296,0.6059914837917417,0.8781265482722924
Acute_All,Q6IBS0,TWF2,0.0662306615654682,0.4180240832912603,0.6780087100226544,0.9106141475774645
Acute_All,Q6IPR1,ETFRF1,0.006398158294652845,0.018456048170396838,0.9853797873797171,0.9965162247358512
Acute_All,Q6IQ22,RAB12,-0.03150938007634174,-0.16714997463612052,0.868161707193106,0.9627845476657909
Acute_All,Q6JBY9,RCSD1,-0.5987465565981243,-4.201000526853865,1.3132816331059094e-4,0.04285822697245727
Acute_All,Q6JQN1,ACAD10,-0.42059287052665084,-2.05913659260787,0.05272613796335441,0.425699853897522
Acute_All,Q6NUJ1,PSAPL1,-0.009104009163877436,-0.04467135578899631,0.9646304350154388,0.993500110544101
Acute_All,Q6NUK1,SLC25A24,-0.17461852999971583,-1.0289433766106126,0.3109843696325259,0.7610345597697253
Acute_All,Q6NVY1,HIBCH,-0.17776488450906847,-0.9778615249534877,0.3336097074241797,0.776499590142609
Acute_All,Q6NZI2,CAVIN1,-0.16136048239994594,-1.1565283027155475,0.2538469019878282,0.7356420434576049
Acute_All,Q6P1A2,LPCAT3,0.2865849532768667,1.2419497848693613,0.22860678664735548,0.7221325428306313
Acute_All,Q6P1N9,TATDN1,-0.06991930856939632,-0.3543643708081174,0.724796904084366,0.9185445934039375
Acute_All,Q6P587,FAHD1,0.0037066875195641558,0.02097783325895316,0.9833603322078702,0.9960899157963217
Acute_All,Q6PI48,DARS2,0.29990792181743764,1.2921681646707566,0.20389909335321157,0.7011662847670667
Acute_All,Q6QEF8,CORO6,0.34415548635941384,1.1130809084835611,0.27668832086898576,0.7433772054248288
Acute_All,Q6UW68,TMEM205,0.1192810625370555,0.7179609714082851,0.4766622069301498,0.8284679365013727
Acute_All,Q6UW78,UQCC3,0.07427540621437778,0.12583297125781046,0.9017861542382851,0.9744608255550633
Acute_All,Q6UWP2,DHRS11,-0.26293605282386956,-0.7932545298587378,0.4408465564337225,0.8210145551209184
Acute_All,Q6UXV4,APOOL,-0.17115726295540057,-1.357407773625613,0.18173004290649028,0.6793911661916952
Acute_All,Q6XQN6,NAPRT,-0.026707639190655996,-0.13124408974526755,0.8963124982311681,0.9741174025915126
Acute_All,Q6YN16,HSDL2,-0.2751311457682206,-2.792681003340638,0.007769781144891231,0.2844625749601231
Acute_All,Q6YP21,KYAT3,-0.2819633384436768,-0.8112708992860408,0.43437959802901494,0.8209815627708666
Acute_All,Q6ZMU5,TRIM72,-0.03497426666782921,-0.3453788052964597,0.7314926734602385,0.9185445934039375
Acute_All,Q6ZVM7,TOM1L2,-0.195482007704733,-1.114103998304046,0.2728223197918199,0.7429136983713296
Acute_All,Q702N8,XIRP1,0.4299438157115354,2.0443223842458296,0.047072469835676506,0.42569369268952106
Acute_All,Q709C8,VPS13C,-0.09697155716000339,-0.5304233943931852,0.601126757141567,0.8781265482722924
Acute_All,Q70IA6,MOB2,-0.03730788378797634,-0.17100728820915817,0.8654047393385663,0.9627845476657909
Acute_All,Q712K3,UBE2R2,-0.1671983120773488,-0.7850123351198468,0.4416367082567445,0.8211819189169962
Acute_All,Q7KZF4,SND1,-0.19868458621047402,-0.5808090792192738,0.5670119755641858,0.8622254980644056
Acute_All,Q7L0Y3,TRMT10C,-0.004906361304046314,-0.026856766470425623,0.9788537345942279,0.9959749905213346
Acute_All,Q7L1Q6,BZW1,-0.0626953161872521,-0.2281458434358302,0.8206662892807753,0.9508980924162227
Acute_All,Q7L2H7,EIF3M,0.5289225107315776,2.631107035677876,0.013136172845577962,0.32722206561912764
Acute_All,Q7L5N1,COPS6,-0.05180061267204472,-0.500341598340519,0.619384501684147,0.8812152228506274
Acute_All,Q7LBR1,CHMP1B,0.057041306005121584,0.20587394036716486,0.838153371310363,0.9536074620419864
Acute_All,Q7Z3D6,DGLUCY,0.06388039290971825,0.24619180893403483,0.8069709975685833,0.9442890295457194
Acute_All,Q7Z406,MYH14,-0.011599398987335974,-0.09691186197426514,0.9232464567743828,0.9843233876008831
Acute_All,Q7Z434,MAVS,-0.10735209689471503,-0.6730357081694825,0.5062489525984366,0.8361683090876763
Acute_All,Q7Z4H3,HDDC2,NA,NA,NA,NA
Acute_All,Q7Z4W1,DCXR,0.012402483065987013,0.08858733344361194,0.9298209722920978,0.9854423171357561
Acute_All,Q7Z6Z7,HUWE1,0.32636091352293306,1.5514588120040727,0.12866447187847996,0.606332389246391
Acute_All,Q7Z7F7,MRPL55,-0.09890367683726708,-0.4144534011162635,0.681143717168293,0.9114287773973834
Acute_All,Q86SX6,GLRX5,-0.0613548393618899,-0.4832617998905847,0.6314183766886132,0.8871419885738066
Acute_All,Q86TC9,MYPN,0.2140787208601065,1.0344583876031737,0.30729050047765144,0.7610345597697253
Acute_All,Q86TD4,SRL,0.009404074812440655,0.0673875909338179,0.9465853575550849,0.9892528110675846
Acute_All,Q86TP1,PRUNE1,-0.12225268435822834,-0.6576493517159476,0.5153219344916036,0.8441753956577988
Acute_All,Q86TX2,ACOT1,-0.12561135101509535,-0.45239854069622915,0.6541297382859645,0.8940725243821261
Acute_All,Q86U28,ISCA2,-0.13431694180239795,-0.7492321334676669,0.457891123134188,0.8242079215924278
Acute_All,Q86UT6,NLRX1,-0.17396525097096038,-1.104547279993749,0.2761202137716656,0.7429136983713296
Acute_All,Q86UX7,FERMT3,1.8849652277846713,2.8760239997655512,0.018251407439342407,0.33603227957313997
Acute_All,Q86V88,MDP1,-0.0811795535031532,-0.4281226006560606,0.6709773075074057,0.9045910865031642
Acute_All,Q86VF7,NRAP,0.2652338124380851,1.3748255605418156,0.17630403220477267,0.6793911661916952
Acute_All,Q86VP6,CAND1,0.3507948042992748,2.013148249545184,0.050383011821716533,0.425699853897522
Acute_All,Q86VS8,HOOK3,0.7449371579063264,0.8131537456170026,0.43193959153145256,0.8209815627708666
Acute_All,Q86VU5,COMTD1,-0.30629471337245917,-0.6213683945037547,0.5436720659031548,0.8545062238241012
Acute_All,Q86WU2,LDHD,-0.028310408075421734,-0.16059557300989166,0.8731814972252239,0.9627845476657909
Acute_All,Q86X55,CARM1,0.14301385641589626,0.6976609141814105,0.4898682455616187,0.8347508305336617
Acute_All,Q86X76,NIT1,0.002227832963999532,0.015710668062362595,0.9875395726372673,0.9965162247358512
Acute_All,Q86Y39,NDUFA11,-0.01883549508183968,-0.0828339783339578,0.934367763535859,0.9875582436222815
Acute_All,Q86YB7,ECHDC2,0.6535237198385566,2.9399312604477728,0.008399258797724476,0.2844625749601231
Acute_All,Q8IUZ5,PHYKPL,-0.24833180096490182,-1.3499044998667804,0.18502873144048923,0.6826796810319032
Acute_All,Q8IVN3,MUSTN1,0.1543479914599608,0.5903933267247974,0.5580156936577468,0.8614153011424767
Acute_All,Q8IW45,NAXD,-0.032717849286374445,-0.2336931109313434,0.8163316920477556,0.9492699180592477
Acute_All,Q8IWA5,SLC44A2,-0.02000805429465835,-0.09660839054545342,0.9240479937914574,0.9843233876008831
Acute_All,Q8IWW8,ADHFE1,-0.02871729224784758,-0.10151930120580684,0.9196211014237217,0.9843233876008831
Acute_All,Q8IWX7,UNC45B,0.16121883004158732,1.098227419199984,0.2782136391146922,0.7435468041750835
Acute_All,Q8IXJ6,SIRT2,-0.02699904158517974,-0.08433407276422038,0.933412525963438,0.9875582436222815
Acute_All,Q8IXM3,MRPL41,-0.12206216517183854,-0.3216885329797505,0.7521214114309148,0.9237959520387561
Acute_All,Q8IYS1,PM20D2,0.6201979390183148,2.147488955709509,0.04054823112199964,0.405901755169938
Acute_All,Q8IYU8,MICU2,0.2034804706901987,1.0342438028107606,0.31399271688842834,0.7610345597697253
Acute_All,Q8IZ83,ALDH16A1,0.24929325697555527,0.47489440999023386,0.6395380906725838,0.8890100179741764
Acute_All,Q8N0U8,VKORC1L1,0.30249286514669826,1.420430683218133,0.1654556562327626,0.662294747581717
Acute_All,Q8N0X4,CLYBL,-0.265766997512042,-0.7108490275214286,0.48499063540454557,0.8325524801551523
Acute_All,Q8N142,ADSS1,-0.2605129324715332,-2.0435884118060215,0.0471481832158788,0.42569369268952106
Acute_All,Q8N1G4,LRRC47,0.14232034424744633,1.3191026693949877,0.1941128916376508,0.6933891412989778
Acute_All,Q8N335,GPD1L,-0.18258400134622654,-1.451267445848447,0.1539586899517672,0.6539186253054711
Acute_All,Q8N3D4,EHBP1L1,-0.03306275025222227,-0.19540940513461363,0.8460864198644976,0.9566895959780743
Acute_All,Q8N3L3,TXLNB,-0.16951466948489724,-1.2198277113453748,0.22917518398671793,0.7221325428306313
Acute_All,Q8N3V7,SYNPO,-0.3765843775315183,-1.543425784362925,0.1310105613969751,0.6120344136903464
Acute_All,Q8N4Q0,ZADH2,-0.1293065746416886,-0.8029177484224512,0.42664997026866547,0.8198911290192875
Acute_All,Q8N4T8,CBR4,-0.03712308145106924,-0.24589506406722111,0.8070201770079231,0.9442890295457194
Acute_All,Q8N5K1,CISD2,-0.23424670077197085,-0.959259660821902,0.34484512301028447,0.7794363688027048
Acute_All,Q8N5M1,ATPAF2,-0.6199654056780144,-3.144335188825883,0.0031336741778881182,0.18390750331480893
Acute_All,Q8N5M9,JAGN1,0.09577990807147607,0.5683211247520168,0.5730731165100302,0.8626063856650513
Acute_All,Q8N6M3,FITM2,0.07994197477048637,0.3615922836152002,0.7197123269063286,0.9185445934039375
Acute_All,Q8N766,EMC1,0.23380555368290956,0.8326955655325072,0.4148390925891482,0.815777817677927
Acute_All,Q8N8N7,PTGR2,-0.10873701365174782,-0.8935168987950287,0.37655166546047114,0.7996091772492668
Acute_All,Q8NB12,SMYD1,-0.10891337149010916,-0.8259221205189334,0.41340510773815664,0.8138100548556165
Acute_All,Q8NBF2,NHLRC2,-0.00819524297684815,-0.045689304157369943,0.9637743281402837,0.993500110544101
Acute_All,Q8NBN7,RDH13,-0.2779894194538066,-1.083336462737447,0.28859542672666816,0.7524866670756926
Acute_All,Q8NBU5,ATAD1,-0.043663428574866714,-0.2729001016873659,0.7862357146613412,0.9360171979035082
Acute_All,Q8NBX0,SCCPDH,-0.09642914240919254,-0.7974698735848103,0.42955781462023035,0.8198911290192875
Acute_All,Q8NC51,SERBP1,0.3594831566890253,1.5239313815563953,0.1348436860455017,0.61674399489195
Acute_All,Q8NCA5,FAM98A,-0.2586545070715456,-1.11184122424691,0.2730097504340502,0.7429136983713296
Acute_All,Q8NCN5,PDPR,-0.1450350023883189,-0.6890117749335748,0.49499919733232567,0.8347508305336617
Acute_All,Q8NCW5,NAXE,-0.18118111652944258,-1.8844793246432885,0.06626784466151171,0.4768238018173142
Acute_All,Q8NDH3,NPEPL1,-0.24707538092160064,-1.5544080728412015,0.12758709042593339,0.606332389246391
Acute_All,Q8NDY3,ADPRHL1,-0.08915340308369402,-0.5015984405738789,0.6185073090175077,0.8806343641659434
Acute_All,Q8NE62,CHDH,NA,NA,NA,NA
Acute_All,Q8NE71,ABCF1,0.23819418689944527,1.0220436179512444,0.31274997176959657,0.7610345597697253
Acute_All,Q8NE86,MCU,0.06427921633662237,0.36820919291084436,0.7147072294521547,0.9185445934039375
Acute_All,Q8NFV4,ABHD11,-0.3378669942180643,-1.4036263355129808,0.1685451367591707,0.6676230252309159
Acute_All,Q8NHH9,ATL2,-0.08052306356967343,-0.3345933572857278,0.73955766231015585,0.9185445934039375
Acute_All,Q8NI37,PPTC7,-0.3564168672617054,-1.5794323855728332,0.12546023373459178,0.606332389246391
Acute_All,Q8NI60,COQ8A,-0.2714598825636205,-2.7499143892772544,0.008682910340017988,0.2844625749601231
Acute_All,Q8TAT6,NPLOC4,0.18433556276324836,1.5069455920948152,0.1391329309637011,0.6211229608184267
Acute_All,Q8TB37,NUBPL,-0.1834881749631041,-0.8328665353992059,0.4107287761000984,0.8126253554574526
Acute_All,Q8TB45,DEPTOR,-0.2467638679615991,-1.6533560822331113,0.10553832353964378,0.5695457810669547
Acute_All,Q8TBC4,UBA3,-0.39547030500818714,-2.9779602381024532,0.004801692450752922,0.23081549791700073
Acute_All,Q8TBQ9,TMEM167A,NA,NA,NA,NA
Acute_All,Q8TC12,RDH11,0.01670125430118574,0.0891473511618774,0.9296473927975715,0.9854423171357561
Acute_All,Q8TCA0,LRRC20,-0.4414318707791942,-2.792374452929052,0.007775997180573355,0.2844625749601231
Acute_All,Q8TCD5,NT5C,-0.1680527485391945,-0.562967041110385,0.5764488892490093,0.8626063856650513
Acute_All,Q8TCJ2,STT3B,0.08800819451732522,0.4842759284068159,0.6325761113552162,0.8871419885738066
Acute_All,Q8TCS8,PNPT1,-0.9670744946306318,-5.249899714069272,6.492332988203671e-6,0.006096300675923247
Acute_All,Q8TCT8,SPPL2A,0.19140781117414463,0.8056350479443442,0.4309554081673125,0.8208258179900739
Acute_All,Q8TDC0,MYOZ3,-0.037561566780070166,-0.09284500825534493,0.9266873207875769,0.9843432061306954
Acute_All,Q8TDX7,NEK7,0.005817067488223415,0.02915514080001164,0.976875688803803,0.9959749905213346
Acute_All,Q8TEA8,DTD1,0.0062969622988156004,0.032898828303495754,0.9739148225398178,0.9956516258735861
Acute_All,Q8WTS6,SETD7,0.09495512480685875,0.6822314079725617,0.4987495503669407,0.8347508305336617
Acute_All,Q8WUD1,RAB2B,-0.2598917257956952,-0.85433092483458,0.40212008953167,0.808425162233119
Acute_All,Q8WUM4,PDCD6IP,0.08731498605268939,0.7825771505862523,0.43816192081832706,0.8209815627708666
Acute_All,Q8WVI0,SMIM4,-0.43565976875082235,-1.8016193507496514,0.0797537318492124,0.52065402837875
Acute_All,Q8WVM8,SCFD1,-0.4297903789893107,-1.6659612916043987,0.10464237870340215,0.5695457810669547
Acute_All,Q8WW22,DNAJA4,0.13432452939956363,0.7870466310276504,0.4355690093495951,0.8209815627708666
Acute_All,Q8WW59,SPRYD4,0.030069737661316154,0.21142885752860394,0.8335510259718593,0.9530687638987452
Acute_All,Q8WWV3,RTN4IP1,-0.16511513992557525,-0.5803526216783937,0.5651927892794998,0.8622254980644056
Acute_All,Q8WXH0,SYNE2,2.557328799640933,5.069364925107507,4.44185082202038e-5,0.027805986145847582
Acute_All,Q8WY91,THAP4,-0.32976114287570724,-1.4281600410415591,0.16323681503229895,0.6607969081051278
Acute_All,Q8WYQ3,CHCHD10,-0.6868056077280826,-2.547773140805305,0.015005984891933452,0.32722206561912764
Acute_All,Q8WZ42,TTN,0.39597480454596123,1.0297460492646813,0.3088838993134279,0.7610345597697253
Acute_All,Q8WZA0,LZIC,-0.23828528825381845,-1.2597408304331998,0.2154407664294949,0.7091264598382789
Acute_All,Q8WZA9,IRGQ,-0.3660747480915907,-2.0084901763964105,0.053087116327375124,0.425699853897522
Acute_All,Q92499,DDX1,-0.12431593097448079,-0.854723701638853,0.3974389016807466,0.808425162233119
Acute_All,Q92506,HSD17B8,-0.22732468491587277,-1.1409476906067937,0.260203164537634,0.7409596387036235
Acute_All,Q92523,CPT1B,-0.1708300057124177,-1.1650406092047767,0.25042184723985506,0.7314031557020961
Acute_All,Q92530,PSMF1,0.14214669603811636,0.7309460189002494,0.46886836823682143,0.8242079215924278
Acute_All,Q92552,MRPS27,-0.35319286454729415,-1.0193061787700044,0.31912573541013123,0.7628536200006566
Acute_All,Q92598,HSPH1,0.33710722570209306,1.2798387746275683,0.21148113612536978,0.7074910271055816
Acute_All,Q92614,MYO18A,0.4539389345555236,2.0854258067363256,0.043293141290667615,0.41064219946587005
Acute_All,Q92616,GCN1,-0.47422859180683297,-0.8533064326378091,0.4060660774262659,0.808425162233119
Acute_All,Q92629,SGCD,0.023698382960041897,0.23189276857316446,0.8177208062246766,0.9502968280259546
Acute_All,Q92696,RABGGTA,-0.12025574651309512,-0.7554753386454554,0.45427998232460476,0.8242079215924278
Acute_All,Q92734,TFG,-0.1757356327997801,-1.0016045624950283,0.3240436556967997,0.7665222519710513
Acute_All,Q92736,RYR2,0.2806830326779508,2.6821108036160255,0.010335986844231036,0.2897161685591923
Acute_All,Q92841,DDX17,0.36436481135114107,1.722268840277345,0.09237462841134172,0.5421236004890618
Acute_All,Q92882,OSTF1,1.6157604412671347,3.179060129667045,0.007918463418971015,0.2844625749601231
Acute_All,Q92890,UFD1,0.1421572984912256,0.9758337046194089,0.33473127560666016,0.776499590142609
Acute_All,Q92905,COPS5,0.0346955113106695,0.3181060751339083,0.7519435128618756,0.9237959520387561
Acute_All,Q92947,GCDH,-0.38269876690837457,-2.889953956226653,0.006407964697848835,0.267425726723558
Acute_All,Q92973,TNPO1,0.17330311321738723,0.5581802586263807,0.582909885990498,0.8660638970649962
Acute_All,Q93008,USP9X,0.08053200024080098,0.30305643225598733,0.7633421223709609,0.93027677210426
Acute_All,Q93034,CUL5,-0.030241568052364443,-0.26792184256905327,0.7900398866957967,0.9366142176487453
Acute_All,Q93052,LPP,-0.2978206287542129,-0.9706424981296837,0.33948195953361404,0.77785474134214
Acute_All,Q93084,ATP2A3,0.15505898319970335,1.015861718697538,0.31537441224949603,0.7618084279196883
Acute_All,Q93100,PHKB,-0.4534709717439416,-2.7277294001782777,0.009194778299871734,0.2844625749601231
Acute_All,Q969Q5,RAB24,-0.019855763386264158,-0.08070341569857427,0.9364067712132311,0.9875582436222815
Acute_All,Q969X5,ERGIC1,-0.29311888458093627,-1.719996634108221,0.09356414315218889,0.5444544378504056
Acute_All,Q969Z3,MTARC2,-0.03694204684074798,-0.16124313252156894,0.8736957253085047,0.9627845476657909
Acute_All,Q96A26,FAM162A,0.025245157480430436,0.2124894272564212,0.8327288239021162,0.9530687638987452
Acute_All,Q96A32,MYLPF,0.4015762070260447,1.1282005612035944,0.2654876616488789,0.7409596387036235
Acute_All,Q96AB3,ISOC2,-0.22771958512819523,-1.523407710423803,0.13497432476069832,0.61674399489195
Acute_All,Q96AC1,FERMT2,-0.13758662782711717,-0.7260870448912734,0.471717292036004,0.8254008635433493
Acute_All,Q96AE4,FUBP1,0.3988847014071073,2.37353544268684,0.02528543377950095,0.35946971588171567
Acute_All,Q96AG3,SLC25A46,-0.19276955266639995,-1.28457133336691,0.2073742116555089,0.7011662847670667
Acute_All,Q96AN5,TMEM143,0.04688827778732474,0.20656052505742975,0.8373506987631688,0.9536074620419864
Acute_All,Q96AQ6,PBXIP1,0.1367112106241013,1.0306993557107125,0.308441633938083,0.7610345597697253
Acute_All,Q96BM9,ARL8A,-0.12483161924968833,-0.7316037046182232,0.46878151363790677,0.8242079215924278
Acute_All,Q96C00,ZBTB9,-0.004029507840519031,-0.018032342478986,0.98569840000686,0.9965162247358512
Acute_All,Q96C01,FAM136A,-0.4241375237186311,-2.362941156762768,0.027844661003855267,0.3643271769039748
Acute_All,Q96C11,FGGY,0.5677934283537347,1.7001453205113548,0.10257607185997718,0.5682532830473073
Acute_All,Q96C23,GALM,0.04208902938906256,0.14603489342115325,0.8846269213228063,0.9675953966272588
Acute_All,Q96C90,PPP1R14B,-0.1577801576281761,-0.5199355268279541,0.6069214516855952,0.8787960572594817
Acute_All,Q96CM8,ACSF2,-0.43339991370808306,-2.4797349169818066,0.017141515609983737,0.33603227957313997
Acute_All,Q96CN7,ISOC1,-0.10372201955803462,-0.554271887819754,0.5822627273839546,0.8658747059514976
Acute_All,Q96CT7,CCDC124,NA,NA,NA,NA
Acute_All,Q96CV9,OPTN,0.17431997120085185,0.5228852787871238,0.6043466621800067,0.8781265482722924
Acute_All,Q96CW1,AP2M1,0.025598071041141424,0.16912355055758954,0.8665960230368189,0.9627845476657909
Acute_All,Q96CX2,KCTD12,0.07250687901073327,0.28663505919638466,0.77608070379122,0.9317567846346099
Acute_All,Q96DA6,DNAJC19,-0.36614711750717177,-1.6642224993828092,0.10683002573952846,0.5695457810669547
Acute_All,Q96DB5,RMDN1,-0.08167655992422951,-0.4254832777711101,0.6726053230369609,0.9061354351961352
Acute_All,Q96DC8,ECHDC3,0.05662174213298954,0.23586411220376585,0.8150401940960847,0.9483553187809463
Acute_All,Q96DE0,NUDT16,-0.331648709150814,-2.231954591944538,0.03211361326179425,0.3817048462382886
Acute_All,Q96DG6,CMBL,-0.24064088034879738,-1.9418405981778666,0.058722834984909274,0.4428975265126892
Acute_All,Q96DH6,MSI2,0.09787803756622537,0.6985006563518193,0.48871195517170596,0.8347508305336617
Acute_All,Q96DV4,MRPL38,-0.3790703957214321,-1.459181117907186,0.1617257770405204,0.6579064511414044
Acute_All,Q96EY1,DNAJA3,0.16660687649427963,0.5835674549718302,0.5631477554128624,0.8622254980644056
Acute_All,Q96EY7,PTCD3,0.234057385940158,0.5744837030084846,0.5700671450445343,0.8626063856650513
Acute_All,Q96EY8,MMAB,-0.07794437845459967,-0.35414290754794214,0.7256276728335593,0.9185445934039375
Acute_All,Q96FJ2,DYNLL2,-0.07097580352363408,-0.6325761484135574,0.530358384949879,0.8518520431020826
Acute_All,Q96FQ6,S100A16,0.4449090867531975,1.266137142788025,0.21812636355249768,0.7099502785989439
Acute_All,Q96FV2,SCRN2,0.0048780027349515365,0.022266828604828863,0.9823380658882469,0.9959749905213346
Acute_All,Q96FW1,OTUB1,0.003925747560714399,0.03419790202946706,0.9728775156212098,0.9956516258735861
Acute_All,Q96FZ7,CHMP6,-0.23361025235142385,-1.3038848723402878,0.2041414023983376,0.7011662847670667
Acute_All,Q96GG9,DCUN1D1,0.6591916281341845,2.4407993615437458,0.020012785979049104,0.3406075523608903
Acute_All,Q96GK7,FAHD2A,-0.1189386359917215,-0.6891949411389747,0.4952417103591954,0.8347508305336617
Acute_All,Q96GX9,APIP,-0.2664573579444163,-0.7658198569822332,0.45042157598733157,0.8230732983138985
Acute_All,Q96HC4,PDLIM5,0.17387805667876322,0.9519844439937797,0.34642292836344435,0.7800746516385474
Acute_All,Q96HE7,ERO1A,-0.15319822725055054,-0.5523143519645651,0.5838045209448499,0.8667074231892713
Acute_All,Q96HN2,AHCYL2,-0.21029796957684255,-1.3319135665207762,0.1912550241688825,0.6899929965436833
Acute_All,Q96HY7,DHTKD1,-0.4181329541913268,-1.041766346492527,0.31298550462831143,0.7610345597697253
Acute_All,Q96I23,PYURF,-0.24188664674665006,-0.5049328882701999,0.6163079493598125,0.8806343641659434
Acute_All,Q96I99,SUCLG2,-0.2721036888074124,-1.6199319017377256,0.1125550154842214,0.5862536344829999
Acute_All,Q96IU4,ABHD14B,-0.058937805647328645,-0.48861559060430154,0.627595389627895,0.8854976741522349
Acute_All,Q96IV0,NGLY1,NA,NA,NA,NA
Acute_All,Q96IX5,ATP5MD,-0.07222461966985172,-0.5375185427865703,0.5936791109374973,0.8751407930460124
Acute_All,Q96JJ7,TMX3,0.10689588542683737,0.6218465634224785,0.5385864147981365,0.8545062238241012
Acute_All,Q96K17,BTF3L4,0.036951718672003864,0.23964738615559805,0.8117417494306064,0.9468639785283719
Acute_All,Q96K76,USP47,-0.13520446252765161,-1.029793792361483,0.3097879126060622,0.7610345597697253
Acute_All,Q96KP4,CNDP2,-0.03750752346203434,-0.21698026562976375,0.8292494304229261,0.9530687638987452
Acute_All,Q96L96,ALPK3,NA,NA,NA,NA
Acute_All,Q96MF2,STAC3,-0.2848972223662738,-1.6154952730804073,0.11447232960245148,0.5874528957556012
Acute_All,Q96MF6,COQ10A,-0.1554541188591756,-0.7183347543502888,0.4765260798112716,0.8284679365013727
Acute_All,Q96MG2,JSRP1,-0.17842093503000633,-1.0288619862900723,0.30929442837273546,0.7610345597697253
Acute_All,Q96MW1,CCDC43,-0.09908527773804199,-0.34375216580814283,0.7346163115917455,0.9185445934039375
Acute_All,Q96NY7,CLIC6,-0.20291071183716092,-0.8052112541728231,0.42557711123142083,0.8198911290192875
Acute_All,Q96PE7,MCEE,-0.10237231816655523,-0.5957069546276276,0.5553135393897264,0.8607407786926752
Acute_All,Q96PU8,QKI,0.2363925735743848,1.5784074463901516,0.12275666123427498,0.5987974280466711
Acute_All,Q96Q06,PLIN4,-0.5108387623083424,-3.710094245369945,5.898298286712682e-4,0.07912145844604583
Acute_All,Q96QK1,VPS35,-0.02259551056117104,-0.21299252183553663,0.832338868185872,0.9530687638987452
Acute_All,Q96RP9,GFM1,0.09138118200080037,0.43535296685538627,0.6657048628734143,0.9007159455880924
Acute_All,Q96RQ3,MCCC1,0.07617972231930992,0.36607670786404634,0.7163915067442491,0.9185445934039375
Acute_All,Q96S19,METTL26,0.07951452671062498,0.3881613509664681,0.7002461544859997,0.9141391788906422
Acute_All,Q96S66,CLCC1,-0.13474183814729734,-0.5469738216284088,0.5901564668744461,0.872001451447844
Acute_All,Q99426,TBCB,-0.2530244821287422,-1.6531245455862886,0.10724356281785279,0.5695457810669547
Acute_All,Q99436,PSMB7,-0.08253202983488706,-0.5682453385251897,0.57282257273059,0.8626063856650513
Acute_All,Q99447,PCYT2,0.19954730208699,0.5463091804945058,0.5912042571545442,0.8728628891008128
Acute_All,Q99460,PSMD1,0.01853518923642916,0.16268773910296191,0.8715260615870767,0.9627845476657909
Acute_All,Q99471,PFDN5,-0.06758345037905578,-0.4170186440871476,0.678839087650932,0.9106141475774645
Acute_All,Q99497,PARK7,0.033357172821926184,0.2894620176458313,0.7736182717517033,0.9317567846346099
Acute_All,Q99504,EYA3,0.14259933700528116,0.5770350766130535,0.5680800161431748,0.8624529266910933
Acute_All,Q99536,VAT1,0.09305210253524798,0.35430657009341276,0.7249691709380653,0.9185445934039375
Acute_All,Q99541,PLIN2,-0.13513856953289327,-0.5024804975912177,0.618227563586778,0.8806343641659434
Acute_All,Q99584,S100A13,0.3638034324744517,1.1546302568674203,0.2546151907600869,0.7356420434576049
Acute_All,Q99613,EIF3C,0.03190474178185099,0.2851131674724877,0.7769579899154202,0.9317567846346099
Acute_All,Q99623,PHB2,0.029760995939605905,0.3399499509876807,0.7355484127071734,0.9185445934039375
Acute_All,Q99627,COPS8,-0.009908301953748477,-0.0688089311073017,0.9454605343549638,0.9890276983840752
Acute_All,Q99643,SDHC,0.005174276724636329,0.024112791049167706,0.9808741371893577,0.9959749905213346
Acute_All,Q99653,CHP1,0.13498786209860292,0.8509846629223065,0.40072779631531164,0.808425162233119
Acute_All,Q99685,MGLL,0.008319934518772776,0.045335171453165,0.9641862727103723,0.993500110544101
Acute_All,Q99714,HSD17B10,-0.1379847068597293,-1.357144101087767,0.18181315731926542,0.6793911661916952
Acute_All,Q99733,NAP1L4,0.14290969971294132,0.7285957401134457,0.47019662299116816,0.8242079215924278
Acute_All,Q99735,MGST2,0.1280021486272478,0.5879648016153415,0.5597026670012386,0.8621085411304745
Acute_All,Q99757,TXN2,-0.3478776712013758,-1.814120999588299,0.07663693714342608,0.5175377795862242
Acute_All,Q99766,DMAC2L,-0.29920440528573167,-1.5116606312037233,0.1382862261606389,0.6211229608184267
Acute_All,Q99798,ACO2,-0.08772955121692583,-0.910307963848686,0.36773228084296916,0.7937945096817197
Acute_All,Q99807,COQ7,-0.28313852269755024,-2.6028212880477875,0.012634388419064325,0.32329749847652717
Acute_All,Q99816,TSG101,0.31394490299566336,1.8711546240275951,0.06903367762390168,0.4892273455761787
Acute_All,Q99829,CPNE1,0.18331317551823645,0.8542622224835479,0.39817389161294225,0.808425162233119
Acute_All,Q99832,CCT7,0.11000551248798374,0.9306379335871903,0.35723387416370433,0.7888360724305516
Acute_All,Q99873,PRMT1,0.05266523111407473,0.3396960267586487,0.7357383001191331,0.9185445934039375
Acute_All,Q9BPX5,ARPC5L,-0.11427810897395929,-0.669236128419516,0.5072853535126313,0.8361683090876763
Acute_All,Q9BQ69,MACROD1,-0.12542355270145933,-1.1215465319527995,0.2682763820852769,0.7409596387036235
Acute_All,Q9BQA1,WDR77,-0.102852378062531,-0.4676269439600396,0.6425261787478975,0.8895957052454252
Acute_All,Q9BQS8,FYCO1,-0.22449453900472172,-1.2904056991300643,0.20413610312893643,0.7011662847670667
Acute_All,Q9BR39,JPH2,-0.0013064092004100303,-0.004411576651683722,0.9965009595515983,0.9986279626669698
Acute_All,Q9BRA2,TXNDC17,-0.1327977961890987,-1.171814357848751,0.2477202879658887,0.7314031557020961
Acute_All,Q9BRC7,PLCD4,-0.4209764967352392,-3.2489768535301495,0.0022506317441395862,0.17513787606029996
Acute_All,Q9BRF8,CPPED1,0.12320816743621599,0.6806301744027348,0.499752429298579,0.8347508305336617
Acute_All,Q9BRT3,MIEN1,-0.3116384665297822,-1.3890491806665204,0.17411496122861084,0.6783981269446704
Acute_All,Q9BRX8,PRXL2A,-0.18642480112159632,-0.9645335479695673,0.34016913270560667,0.77785474134214
Acute_All,Q9BS26,ERP44,0.35596499263508896,2.5655330539714423,0.013869688738924833,0.32722206561912764
Acute_All,Q9BS40,LXN,0.9615449212516243,2.244673989190176,0.03317685351669301,0.3820147367614759
Acute_All,Q9BS92,NIPSNAP3B,-0.30153930049011457,-1.61929162924989,0.11269305753373962,0.5862536344829999
Acute_All,Q9BSD7,NTPCR,-0.11479538529694899,-0.6357621437657218,0.5285503785995355,0.8500740862714913
Acute_All,Q9BSE5,AGMAT,-0.00851744651395947,-0.03680288103725812,0.9709463081663081,0.994782960576283
Acute_All,Q9BSH4,TACO1,-0.2306823771505293,-1.6000208424802058,0.11691285559843717,0.590427405769141
Acute_All,Q9BSJ8,ESYT1,0.2437144272971672,1.0915278859142863,0.28173448697523973,0.7473126646038138
Acute_All,Q9BSL1,UBAC1,-0.11494456473300119,-1.0186609192132985,0.31405845783894415,0.7610345597697253
Acute_All,Q9BT78,COPS4,-0.21858389210481555,-2.243072045932444,0.0300960429783626,0.3777127088295252
Acute_All,Q9BTE6,AARSD1,-0.11569593153788738,-0.5857219435529258,0.5611951467578749,0.8621085411304745
Acute_All,Q9BTT0,ANP32E,0.7753829382435464,1.4569502425301688,0.16144043101901198,0.6579064511414044
Acute_All,Q9BTV4,TMEM43,-0.010367324196963068,-0.051589687044594476,0.9591000969441721,0.9929382481042752
Acute_All,Q9BTZ2,DHRS4,-0.36799168507349655,-1.775863550245849,0.08397577371009579,0.5208853047261406
Acute_All,Q9BU02,THTPA,-0.22660180665923324,-1.6606079983690596,0.10655448844087734,0.5695457810669547
Acute_All,Q9BU61,NDUFAF3,-0.17706876240723268,-1.1760790810581707,0.24687461647419606,0.7314031557020961
Acute_All,Q9BUF5,TUBB6,0.12116258811027691,0.6285497800944225,0.5332148328549853,0.8536892208880327
Acute_All,Q9BUJ2,HNRNPUL1,0.4585152140160442,2.3112886887477826,0.03055929049344954,0.3777127088295252
Acute_All,Q9BUK0,CHCHD7,-0.1517981089654885,-0.8733562223556666,0.3874325752066179,0.808425162233119
Acute_All,Q9BUR5,APOO,-0.1981083891243589,-1.1233844460834466,0.26750403336796985,0.7409596387036235
Acute_All,Q9BUT1,BDH2,-0.1501826522504972,-0.9702062242047438,0.3435190550893662,0.7794363688027048
Acute_All,Q9BV68,RNF126,-0.09059080000021158,-0.6179075837997021,0.5407507615146432,0.8545062238241012
Acute_All,Q9BV79,MECR,-0.2144581672189787,-1.1333624642157902,0.2634869790510041,0.7409596387036235
Acute_All,Q9BV86,NTMT1,-0.2997879746775496,-1.2692015792641458,0.21560411637077614,0.7091264598382789
Acute_All,Q9BVC6,TMEM109,0.09749436882315798,0.46844789021850947,0.6418292053915436,0.8895957052454252
Acute_All,Q9BVG4,PBDC1,0.2522470467418687,1.4352920501515445,0.16060868960942293,0.6579064511414044
Acute_All,Q9BVK6,TMED9,NA,NA,NA,NA
Acute_All,Q9BVV7,TIMM21,-0.06751602196048268,-0.40680677116369796,0.6867747108157908,0.9114287773973834
Acute_All,Q9BW30,TPPP3,0.9699779426052508,2.041021259524174,0.05400284584987819,0.425699853897522
Acute_All,Q9BWH2,FUNDC2,-0.11898121113587301,-0.6398349852359974,0.5256727484861274,0.8495812578803333
Acute_All,Q9BX68,HINT2,-0.34268717214387934,-2.218096381855042,0.03187773320214315,0.3817048462382886
Acute_All,Q9BXB4,OSBPL11,-0.24307105908398619,-1.1855357062320855,0.24510476930294797,0.7314031557020961
Acute_All,Q9BXI3,NT5C1A,-0.18925287332140783,-1.1127001177310043,0.2720161012220274,0.7425090669984993
Acute_All,Q9BXK5,BCL2L13,-0.0175265901537891,-0.15917726541539687,0.8742741403069656,0.9627845476657909
Acute_All,Q9BXN1,ASPN,-0.40462340627319904,-0.9475907486859383,0.3496517927971552,0.7803040763123968
Acute_All,Q9BXT2,CACNG6,0.13883442004419955,0.2683415377234675,0.7914838995785723,0.9366142176487453
Acute_All,Q9BXW6,OSBPL1A,0.4461233862407159,1.3717114381418811,0.1823286196808383,0.6793911661916952
Acute_All,Q9BXW7,HDHD5,-0.35025921451141606,-1.8037233834765283,0.07880571437915762,0.5192881810668702
Acute_All,Q9BY44,EIF2A,0.1177083358395743,0.5264203189048869,0.6053883959792158,0.8781265482722924
Acute_All,Q9BYD1,MRPL13,-0.032495385200279614,-0.13659214160616126,0.8930548039881857,0.9720637755627155
Acute_All,Q9BYD2,MRPL9,0.7903213391801884,1.6338560386789713,0.11433143893538032,0.5874528957556012
Acute_All,Q9BYD6,MRPL1,-0.014781067297278128,-0.04062182845474299,0.9679807158627507,0.9939134961127642
Acute_All,Q9BYT8,NLN,NA,NA,NA,NA
Acute_All,Q9BYV2,TRIM54,0.45883039404835735,2.0838287561815907,0.043294544991609306,0.41064219946587005
Acute_All,Q9BZE1,MRPL37,-0.5210159809691639,-2.2574780383126987,0.031162352070775893,0.3777127088295252
Acute_All,Q9BZL1,UBL5,-0.1695557423929266,-0.6372380274871532,0.5275985440689352,0.8497684955072559
Acute_All,Q9BZQ8,NIBAN1,-0.3407314151144831,-1.7984948736153092,0.0791171405177837,0.5195174471762161
Acute_All,Q9BZV1,UBXN6,-0.10411766236417108,-0.4090295472166061,0.6879334746307944,0.9114287773973834
Acute_All,Q9BZZ5,API5,0.7451280035409749,2.24559883484609,0.036176825015182955,0.3927813738137555
Acute_All,Q9C0C9,UBE2O,-0.33053561375129803,-0.9111411841335725,0.3749440176937181,0.7992563736989814
Acute_All,Q9C0E8,LNPK,0.012058224208354673,0.06908581810112609,0.9452653394387529,0.9890276983840752
Acute_All,Q9GZP4,PITHD1,0.4739568334276356,2.1032614023687963,0.04392909914020121,0.4144296036704134
Acute_All,Q9GZS3,WDR61,0.2617475311032811,1.2110455112900758,0.23564770908389604,0.7285655433813577
Acute_All,Q9GZT3,SLIRP,-0.06862454979352073,-0.465154125023512,0.6442226619455689,0.8895957052454252
Acute_All,Q9GZT8,NIF3L1,-0.24419816912648074,-1.1916009215239223,0.24010439781947018,0.7290752417115534
Acute_All,Q9GZV1,ANKRD2,0.28317852121694287,1.596843095496442,0.11762088407932536,0.5922038077774076
Acute_All,Q9GZZ1,NAA50,-0.32488234514671177,-1.9369335663659724,0.06021006995738617,0.44693482758881903
Acute_All,Q9H061,TMEM126A,-0.2765198419586401,-0.7992604187388065,0.42968439655822843,0.8198911290192875
Acute_All,Q9H074,PAIP1,-0.08701347197787879,-0.46063709676485193,0.6479899630427707,0.8909958495534993
Acute_All,Q9H0E2,TOLLIP,0.03524033663864756,0.24945740648796383,0.8042223667784947,0.9442890295457194
Acute_All,Q9H0N5,PCBD2,-0.10200814314030815,-0.9890750460923063,0.32815677642303376,0.7740078166204788
Acute_All,Q9H0P0,NT5C3A,-0.27318300857658073,-2.4746982791060423,0.017353803786242995,0.33603227957313997
Acute_All,Q9H0R4,HDHD2,-0.04696954969729816,-0.26926729773476876,0.7890417632489205,0.9366142176487453
Acute_All,Q9H0U4,RAB1B,0.34208078525511176,2.3472615913319324,0.02358299521798821,0.35946971588171567
Acute_All,Q9H0W9,C11orf54,-0.05724682009807225,-0.39120390052978055,0.6975773391620069,0.9135636282749295
Acute_All,Q9H0Z9,RBM38,-0.047387078052823384,-0.2912926252743782,0.7725458484523011,0.9317567846346099
Acute_All,Q9H1C7,CYSTM1,0.267810670677302,0.8444842450443942,0.407907088233019,0.8091860854897033
Acute_All,Q9H1E5,TMX4,0.03679867958001104,0.26628985946226164,0.7912881113793395,0.9366142176487453
Acute_All,Q9H1K1,ISCU,0.10267133740309298,0.4692019683346864,0.6431559672048183,0.8895957052454252
Acute_All,Q9H1R3,MYLK2,-0.3586242028731643,-1.8700848110639037,0.06828615883314296,0.4857629026084942
Acute_All,Q9H223,EHD4,0.02906953554025371,0.11126622836984862,0.9131019356416701,0.9815715141013487
Acute_All,Q9H299,SH3BGRL3,0.7177541125231528,2.283411684518325,0.02840795017586273,0.3643271769039748
Acute_All,Q9H2G2,SLK,-0.4628274225868241,-1.2960562897521,0.2122543509389438,0.7080171777323916
Acute_All,Q9H2H8,PPIL3,0.03296554315623901,0.126694664825758,0.8999996968060298,0.9744608255550633
Acute_All,Q9H2J4,PDCL3,-0.10804776174765429,-0.5117943282469943,0.612101135723921,0.8806343641659434
Acute_All,Q9H2U2,PPA2,-0.203005531744191,-1.3202683458724356,0.19372683190772855,0.6933891412989778
Acute_All,Q9H2W6,MRPL46,-0.06989896176023791,-0.3519122862397584,0.7274465276150047,0.9185445934039375
Acute_All,Q9H3H3,C11orf68,0.018858662895027578,0.17195058998084173,0.8643018074870998,0.9627845476657909
Acute_All,Q9H3K2,GHITM,-0.42272946654340693,-1.4610929504279624,0.16120634247489468,0.6579064511414044
Acute_All,Q9H3K6,BOLA2,0.444219180306872,2.01961108720455,0.053442406295816966,0.425699853897522
Acute_All,Q9H3N1,TMX1,0.19006255329853516,1.1423743142485328,0.2602596100013195,0.7409596387036235
Acute_All,Q9H444,CHMP4B,-0.37505827076908105,-2.1391176306387627,0.03814258068509922,0.40469924591308665
Acute_All,Q9H446,RWDD1,0.02327263401513413,0.10144751775827722,0.9201566061659749,0.9843233876008831
Acute_All,Q9H477,RBKS,0.17106786893200798,0.395456753756951,0.6963106447180387,0.9135636282749295
Acute_All,Q9H479,FN3K,-0.035884129933767994,-0.22993870039770062,0.819229203431015,0.9508980924162227
Acute_All,Q9H488,POFUT1,NA,NA,NA,NA
Acute_All,Q9H4A4,RNPEP,-0.1590027087495791,-1.3071241193289795,0.19811398290676543,0.6939081638239839
Acute_All,Q9H4M9,EHD1,-0.04024229250602396,-0.34557915130045264,0.7313431484563705,0.9185445934039375
Acute_All,Q9H6F2,TMEM38A,0.33593341825375056,1.2413221507181487,0.22137148786462324,0.7137380572669816
Acute_All,Q9H6K4,OPA3,0.04076232427303417,0.17288316381027494,0.8639035611365966,0.9627845476657909
Acute_All,Q9H7C4,SYNC,0.42204868470194157,1.8742367238212798,0.07556528595139674,0.5160422073335384
Acute_All,Q9H7C9,AAMDC,-0.31522170520385906,-1.6235686683802026,0.11177354821244366,0.5847095363313906
Acute_All,Q9H7Z7,PTGES2,-0.12963203013608293,-0.8718172728785598,0.38814755431501835,0.808425162233119
Acute_All,Q9H845,ACAD9,-0.10873384493319094,-0.5359257914684847,0.5952152827924462,0.8760300165236786
Acute_All,Q9H8H3,METTL7A,-0.18280655655131284,-1.1352938383358853,0.2625376767304797,0.7409596387036235
Acute_All,Q9H8M1,COQ10B,-0.20833640863767222,-0.694210656009456,0.4934757401074139,0.8347508305336617
Acute_All,Q9H8Y8,GORASP2,0.07017824463574573,0.31025755438347297,0.7612748087641381,0.9295496533024151
Acute_All,Q9H910,JPT2,-0.16567288056935414,-0.8690761453795892,0.39089539936234463,0.808425162233119
Acute_All,Q9H987,SYNPO2L,-0.004133803664160496,-0.010333299391494312,0.991834181854676,0.9966102694077483
Acute_All,Q9H993,ARMT1,0.005799953826407744,0.037386130801996424,0.9703584776173431,0.9947233738893944
Acute_All,Q9H9B4,SFXN1,-0.11971275335484144,-0.5879824413305199,0.5614263822164911,0.8621085411304745
Acute_All,Q9H9J2,MRPL44,NA,NA,NA,NA
Acute_All,Q9H9P8,L2HGDH,-0.07215521618462084,-0.43573214828274776,0.6652096175219149,0.9006947813310426
Acute_All,Q9H9S4,CAB39L,0.40618416315736283,0.5885139292166157,0.5639156400764312,0.8622254980644056
Acute_All,Q9HA65,TBC1D17,-0.1697650799865329,-0.6647493012381159,0.5097586039468526,0.8382895430929852
Acute_All,Q9HA77,CARS2,-0.1203079399865743,-0.2619035526884243,0.7967330783525433,0.9411856127818824
Acute_All,Q9HAB8,PPCS,0.26790892817638046,1.1815363003836552,0.2489550760761575,0.7314031557020961
Acute_All,Q9HB71,CACYBP,0.20575556603298395,1.3642435328394726,0.18011386028975396,0.6793911661916952
Acute_All,Q9HB90,RRAGC,-0.0674579255260852,-0.3513461533909608,0.7277038308793371,0.9185445934039375
Acute_All,Q9HBH5,RDH14,0.03417489233450688,0.14248251506953974,0.8876202800066477,0.96859435552149
Acute_All,Q9HBI1,PARVB,-0.07715301388245166,-0.29087511245957864,0.7726124449574846,0.9317567846346099
Acute_All,Q9HBL0,TNS1,0.04275289050333697,0.20878832557322505,0.8357580155090941,0.9535562291166942
Acute_All,Q9HBL7,PLGRKT,0.03582599638876083,0.16834799600579298,0.8670984772716627,0.9627845476657909
Acute_All,Q9HC38,GLOD4,0.045813048243445564,0.4015826251713857,0.6899791579962606,0.9114287773973834
Acute_All,Q9HCC0,MCCC2,-0.3250313026899132,-1.7395511433536845,0.09024693881880212,0.5385614406271271
Acute_All,Q9HCP6,HHATL,0.2470370476817294,1.1156760521511595,0.2710539253404629,0.7409596387036235
Acute_All,Q9HCU5,PREB,-0.4248269731750334,-1.451276930272356,0.1614630847495814,0.6579064511414044
Acute_All,Q9HD33,MRPL47,-0.027241029637924186,-0.15080023120937355,0.8814468291801181,0.9675953966272588
Acute_All,Q9HDC5,JPH1,0.2828967122042467,1.37313482943714,0.1768251908014042,0.6793911661916952
Acute_All,Q9HDC9,APMAP,0.9590447451234816,4.226240374770578,1.3830984889634865e-4,0.04285822697245727
Acute_All,Q9NNW7,TXNRD2,0.036343396127911376,0.12038839230717281,0.9049050072418573,0.9772349646924715
Acute_All,Q9NP72,RAB18,0.10686370501992393,0.6414140840493316,0.5249102230354603,0.8494344856611633
Acute_All,Q9NP74,PALMD,0.3358367352298952,1.7375884586477117,0.09366981090739053,0.5444544378504056
Acute_All,Q9NP79,VTA1,-0.2265370520180916,-1.9933696154055958,0.052739427084176047,0.425699853897522
Acute_All,Q9NP81,SARS2,-0.09233011033074057,-0.34032904439227235,0.7364494048981759,0.9185445934039375
Acute_All,Q9NP97,DYNLRB1,0.0280477729722719,0.2389022977216797,0.8123426561609856,0.9469767276662513
Acute_All,Q9NP98,MYOZ1,0.14595369907414835,0.26748024314177477,0.7903775897910159,0.9366142176487453
Acute_All,Q9NPH2,ISYNA1,-0.07592714713056381,-0.2495701873711306,0.8051330915865564,0.9442890295457194
Acute_All,Q9NPJ3,ACOT13,-0.1698847748089669,-1.2201210995531333,0.22906509335154096,0.7221325428306313
Acute_All,Q9NPL8,TIMMDC1,0.20376113547547448,0.565093247645115,0.5782879016160316,0.8639814472831403
Acute_All,Q9NPQ8,RIC8A,0.6217605958741412,1.3834620848884038,0.18038827026408358,0.6793911661916952
Acute_All,Q9NQ50,MRPL40,-0.5287359056275118,-1.3643996048490163,0.18225854642721714,0.6793911661916952
Acute_All,Q9NQ88,TIGAR,1.1489141944940728,1.3935031165480403,0.18041648660298337,0.6793911661916952
Acute_All,Q9NQC3,RTN4,-0.1025867649962997,-0.6823734644448918,0.49866063157089,0.8347508305336617
Acute_All,Q9NQE9,HINT3,-0.12317063598984923,-0.922176135973033,0.36157959852142374,0.7888360724305516
Acute_All,Q9NQP4,PFDN4,-0.06165905540128591,-0.4367308316828001,0.6645425279317116,0.9006947813310426
Acute_All,Q9NQR4,NIT2,0.08392424878663185,0.5900815263003631,0.5582228016455772,0.8614153011424767
Acute_All,Q9NQW7,XPNPEP1,-0.036114433691997405,-0.20915043397116304,0.8353414161810591,0.9535562291166942
Acute_All,Q9NQX3,GPHN,-0.18887946458040616,-0.6723978097631946,0.5080234508354838,0.8361683090876763
Acute_All,Q9NQY0,BIN3,0.335092028351351,1.1485598242074073,0.2601163554871043,0.7409596387036235
Acute_All,Q9NR12,PDLIM7,-0.01973462195360476,-0.055644240540277896,0.9558953577876796,0.991807448577493
Acute_All,Q9NR19,ACSS2,-0.3445822055870149,-1.4582877273847852,0.15514432303742245,0.6539186253054711
Acute_All,Q9NR28,DIABLO,-0.3534846554864668,-2.463645365110401,0.01782805707878456,0.33603227957313997
Acute_All,Q9NR31,SAR1A,0.010567551914732576,0.049909241664742546,0.9604257101761366,0.993500110544101
Acute_All,Q9NR45,NANS,0.9789664286772624,3.3167290707280714,0.003621708858031905,0.20004615398187992
Acute_All,Q9NR56,MBNL1,0.039183734094329736,0.3052528626735303,0.7617555465561325,0.9295496533024151
Acute_All,Q9NRG4,SMYD2,0.13467809988065405,0.531226772143975,0.6017482206119849,0.8781265482722924
Acute_All,Q9NRG7,SDR39U1,-0.06841386409336181,-0.22239433204436318,0.8250593532509171,0.9511733980388104
Acute_All,Q9NRP0,OSTC,-0.2049246158378839,-1.080633068115858,0.2868498399934728,0.751330543246502
Acute_All,Q9NRV9,HEBP1,NA,NA,NA,NA
Acute_All,Q9NRX4,PHPT1,-0.2376604863559617,-1.3346811328506993,0.18916761458560044,0.6898189906636071
Acute_All,Q9NRY5,FAM114A2,0.16672372834779114,1.0126537689688473,0.31905909342435407,0.7628536200006566
Acute_All,Q9NS69,TOMM22,0.36142644474145413,1.6921837877721415,0.10692735372885603,0.5695457810669547
Acute_All,Q9NS86,LANCL2,0.13700847461820764,0.9618158562655931,0.3423823768327465,0.7794363688027048
Acute_All,Q9NSD9,FARSB,0.3541152549550439,1.5510246664884424,0.12857733928352152,0.606332389246391
Acute_All,Q9NSE4,IARS2,-0.12017150372130203,-1.1223515480518746,0.26793789430876486,0.7409596387036235
Acute_All,Q9NSK7,C19orf12,NA,NA,NA,NA
Acute_All,Q9NT62,ATG3,-0.33005495899835147,-0.7731225010253628,0.4507061051106124,0.8230732983138985
Acute_All,Q9NTG7,SIRT3,-0.5093715127097163,-1.5283096919012926,0.13625453409205654,0.6195285347229126
Acute_All,Q9NTJ4,MAN2C1,-0.28864259258973135,-1.558407898943877,0.12896614797429623,0.606332389246391
Acute_All,Q9NTK5,OLA1,0.06402106630979887,0.6168440037605781,0.5405884540628217,0.8545062238241012
Acute_All,Q9NTM9,CUTC,-0.13141710200414636,-1.1076377083816074,0.2741727227500482,0.7429136983713296
Acute_All,Q9NTX5,ECHDC1,-0.1540697796102357,-0.6432222000742512,0.523940550909088,0.8494344856611633
Acute_All,Q9NUJ1,ABHD10,-0.07755051683785297,-0.5019246146877457,0.6182797529537569,0.8806343641659434
Acute_All,Q9NUQ8,ABCF3,0.12145217796247643,0.4035362342189224,0.6901233873584021,0.9114287773973834
Acute_All,Q9NUQ9,FAM49B,0.08234422242028039,0.6182960132002624,0.5396400005349973,0.8545062238241012
Acute_All,Q9NUU7,DDX19A,-0.22462964069783808,-1.8052713738134154,0.07803338400341334,0.5175377795862242
Acute_All,Q9NVA2,SEPTIN11,-0.040328063293593175,-0.14794509035617803,0.8834845451344359,0.9675953966272588
Acute_All,Q9NVD7,PARVA,-0.048563781418460295,-0.21315529043845746,0.8322616388558723,0.9530687638987452
Acute_All,Q9NVE7,PANK4,-0.2372281865785979,-1.82885208062394,0.07435919867330405,0.509659033242573
Acute_All,Q9NVH6,TMLHE,0.13044807442883766,0.766761392819126,0.4482196921564957,0.8230732983138985
Acute_All,Q9NVI7,ATAD3A,-0.1085833463783814,-0.6867965103949966,0.49673366837910193,0.8347508305336617
Acute_All,Q9NVJ2,ARL8B,-0.05811585186526713,-0.47869257534443244,0.6345813105354632,0.8871419885738066
Acute_All,Q9NVS9,PNPO,-0.10051894196640099,-0.7202220076897551,0.4753756186180351,0.8281590090581354
Acute_All,Q9NWU1,OXSM,-0.2216062271919501,-1.1403436762146815,0.26109406165842375,0.7409596387036235
Acute_All,Q9NWU5,MRPL22,-0.5769603882306207,-2.512218364029517,0.02067585781104446,0.3406075523608903
Acute_All,Q9NWV4,CZIB,0.10956676870199722,0.3966829214988574,0.6935622197288631,0.9131184125541093
Acute_All,Q9NX14,NDUFB11,0.07074162743121093,0.412042846838484,0.682353910607932,0.9114287773973834
Acute_All,Q9NX40,OCIAD1,-0.23644809802798328,-1.204102933297329,0.23513288311732233,0.7285655433813577
Acute_All,Q9NX46,ADPRHL2,0.09671414464908956,0.32780629415262763,0.7450098077785023,0.9187494620963619
Acute_All,Q9NX63,CHCHD3,-0.2010519763479781,-1.458688212948834,0.1519136772620671,0.6498721774445604
Acute_All,Q9NXA8,SIRT5,-0.38779199568355693,-2.791575197576474,0.007792225666774757,0.2844625749601231
Acute_All,Q9NXJ5,PGPEP1,-0.2445300276258937,-1.2825374604457922,0.20722067128996072,0.7011662847670667
Acute_All,Q9NY33,DPP3,0.06403107889059179,0.5092515590759908,0.6131781150587103,0.8806343641659434
Acute_All,Q9NY65,TUBA8,-0.29302036914007346,-2.0986947345279043,0.04175027184844158,0.41064219946587005
Acute_All,Q9NYL2,MAP3K20,0.20470083258052618,1.923329360514758,0.06107279568489084,0.4515539775441929
Acute_All,Q9NYU2,UGGT1,-0.09793475777326677,-0.5653030144053727,0.5755769455341648,0.8626063856650513
Acute_All,Q9NZ01,TECR,0.2087989328417308,0.9257280456670661,0.3613036748821816,0.7888360724305516
Acute_All,Q9NZ08,ERAP1,-0.002437844146870205,-0.01122741838288598,0.9911039566613796,0.9966102694077483
Acute_All,Q9NZ45,CISD1,-0.05851585466674969,-0.5835936240242648,0.5625410344431296,0.8622254980644056
Acute_All,Q9NZA1,CLIC5,-0.2615411406606789,-1.6506857351518416,0.10608538317571528,0.5695457810669547
Acute_All,Q9NZJ6,COQ3,-0.3239357732299055,-1.8996508956626443,0.06419585994293883,0.46567382528977364
Acute_All,Q9NZL4,HSPBP1,-0.16739136070011362,-1.0050818381110094,0.32195271548598137,0.7653508856742696
Acute_All,Q9NZL9,MAT2B,-0.2094460154334108,-1.1854406270064715,0.24266497796700745,0.7314031557020961
Acute_All,Q9NZM1,MYOF,-0.06480199661113595,-0.4820630164344165,0.6322046564842783,0.8871419885738066
Acute_All,Q9NZN4,EHD2,-0.1432392045177373,-1.0064848917606253,0.31980991312911705,0.7628536200006566
Acute_All,Q9NZQ9,TMOD4,0.27438950190789946,0.9204078634014952,0.3624920462559066,0.7888360724305516
Acute_All,Q9NZU5,LMCD1,-0.10121321487757307,-0.7858154806505881,0.43628232963965174,0.8209815627708666
Acute_All,Q9P003,CNIH4,0.06560201865474546,0.33295768329834946,0.7409041676790289,0.9185445934039375
Acute_All,Q9P032,NDUFAF4,-0.5838637883713549,-2.319531998142101,0.026149114347221555,0.35946971588171567
Acute_All,Q9P0J0,NDUFA13,-0.04199110687373597,-0.3020865940447599,0.7640416491870714,0.9303666592988977
Acute_All,Q9P0J1,PDP1,-0.19054147327690174,-0.7230426068171593,0.4794718023266963,0.8312140327403084
Acute_All,Q9P0L0,VAPA,0.3679805984488933,1.7811017497593382,0.08195692422662457,0.5208853047261406
Acute_All,Q9P0P8,MTRES1,-0.3562143149098489,-2.1360679155921347,0.04017766796264545,0.405901755169938
Acute_All,Q9P0S9,TMEM14C,0.33904221767648224,0.9734788689968318,0.3373927931610059,0.776499590142609
Acute_All,Q9P0U1,TOMM7,0.21406881571313363,0.4065552046435527,0.6876591269761734,0.9114287773973834
Acute_All,Q9P2J5,LARS1,0.1622119385373182,1.3154391646986432,0.19549477788443534,0.6939081638239839
Acute_All,Q9P2R7,SUCLA2,-0.22339326634363488,-2.5013209585662746,0.016258146899357992,0.33034339048484407
Acute_All,Q9UBB4,ATXN10,-0.2284423499436965,-0.7585011048019085,0.45369791315903607,0.8242079215924278
Acute_All,Q9UBC2,EPS15L1,0.05687570601276981,0.22542010321385428,0.8227996091052192,0.9511733980388104
Acute_All,Q9UBF6,RNF7,-0.15047772808311066,-0.9831562725237416,0.33102746892145263,0.7753938909396001
Acute_All,Q9UBF9,MYOT,0.10112596205441982,0.29792530445326465,0.7671942345090188,0.9303666592988977
Acute_All,Q9UBG0,MRC2,-0.3379844311031519,-1.0359264924467553,0.31561955728080543,0.7618084279196883
Acute_All,Q9UBI6,GNG12,-0.23624457653358988,-1.073905352325313,0.2889932211415871,0.7524866670756926
Acute_All,Q9UBQ0,VPS29,-0.3845613199037583,-1.0624027132003935,0.29956511624921756,0.7592217116275717
Acute_All,Q9UBQ5,EIF3K,-0.17200743850576927,-1.4414771256751002,0.15668976644699786,0.6539186253054711
Acute_All,Q9UBQ7,GRHPR,-0.12021888878452636,-1.3985450932956565,0.1691170224847678,0.6676230252309159
Acute_All,Q9UBT2,UBA2,-0.014072583340350775,-0.07964865428550853,0.936957547714142,0.9875582436222815
Acute_All,Q9UBW8,COPS7A,-0.2462021083002277,-3.1056545196827137,0.0033549662477066772,0.1909280791876709
Acute_All,Q9UBX5,FBLN5,-0.47154283579609846,-1.4698942206159702,0.15234898354687235,0.6502531615932415
Acute_All,Q9UBY9,HSPB7,-0.18505861309005844,-1.2739414792933907,0.20952344885495758,0.7039088317524335
Acute_All,Q9UDT6,CLIP2,0.16054214496682562,1.0396001059860986,0.30447060086913824,0.7610345597697253
Acute_All,Q9UDW1,UQCR10,0.1650284818594585,0.7093159623762975,0.4819550221961353,0.8312140327403084
Acute_All,Q9UDX5,MTFP1,-0.008692714001838908,-0.023694382414448826,0.9813719379086232,0.9959749905213346
Acute_All,Q9UDY4,DNAJB4,0.5926918521947631,2.38823460804589,0.022804284511459955,0.35688705260434833
Acute_All,Q9UFN0,NIPSNAP3A,0.21061645188435385,1.0345660189073187,0.30678894255394606,0.7610345597697253
Acute_All,Q9UG63,ABCF2,0.38979168506187456,1.7758735669630477,0.08469932580495097,0.5215256847924522
Acute_All,Q9UHA4,LAMTOR3,0.14451829750759515,1.1075848569689404,0.27482181752820256,0.7429136983713296
Acute_All,Q9UHD1,CHORDC1,-0.30715935343844514,-0.7692665995160102,0.45029253502855693,0.8230732983138985
Acute_All,Q9UHD8,SEPTIN9,-0.6058765627963449,-2.508238369572044,0.02040206057926447,0.3406075523608903
Acute_All,Q9UHG3,PCYOX1,-0.20163579344901628,-2.1026788803375602,0.041381865963128525,0.41064219946587005
Acute_All,Q9UHP9,SMPX,0.05463006228744227,0.16556226283807474,0.8692770122675487,0.9627845476657909
Acute_All,Q9UHQ4,BCAP29,-0.13691941598685275,-0.5630671198260726,0.5788322576717833,0.8641072972238545
Acute_All,Q9UHQ9,CYB5R1,-0.04616076447444328,-0.39498397672596586,0.6948062894248255,0.9131184125541093
Acute_All,Q9UHV9,PFDN2,-0.09042272465459433,-0.5907401956955437,0.5577853374681452,0.8614153011424767
Acute_All,Q9UHY7,ENOPH1,-0.07832484598313094,-0.5646704777230513,0.5752305011279798,0.8626063856650513
Acute_All,Q9UI09,NDUFA12,-0.1381233269347426,-0.8607555434227544,0.39414450384248523,0.808425162233119
Acute_All,Q9UI12,ATP6V1H,-0.3626351153574827,-1.5100421464253757,0.14026522335376826,0.6222195169683221
Acute_All,Q9UI30,TRMT112,0.031207772619740837,0.12859404733591548,0.8988460566633536,0.9744608255550633
Acute_All,Q9UIA9,XPO7,-0.44155099086179916,-1.6946023287923477,0.10491536775323523,0.5695457810669547
Acute_All,Q9UIC8,LCMT1,-0.3714385180338482,-2.3064862945755276,0.02662720546141967,0.35946971588171567
Acute_All,Q9UIJ7,AK3,-0.17357161616826744,-1.1971271683315452,0.2378118626692078,0.7285655433813577
Acute_All,Q9UIQ6,LNPEP,NA,NA,NA,NA
Acute_All,Q9UJ70,NAGK,0.4965961714999505,2.449269275730735,0.018787747260479073,0.33603227957313997
Acute_All,Q9UJS0,SLC25A13,-0.08062302877491234,-0.5709172481504565,0.5710260871973318,0.8626063856650513
Acute_All,Q9UJW0,DCTN4,-0.12794629298922722,-0.5421795165227252,0.5951559949860918,0.8760300165236786
Acute_All,Q9UJY1,HSPB8,0.10987250199052134,0.7115282212449564,0.48059744765080104,0.8312140327403084
Acute_All,Q9UJZ1,STOML2,-0.24107239689514515,-1.7611557604921917,0.0853183566323613,0.5236205024691978
Acute_All,Q9UKG1,APPL1,-0.2732595170331802,-1.6219765834379047,0.11352977674183172,0.5873523986808815
Acute_All,Q9UKS6,PACSIN3,0.12226984896817683,0.9552172015269863,0.34480469235890987,0.7794363688027048
Acute_All,Q9UKU7,ACAD8,-0.30091679203114197,-1.7710998536560343,0.08362835504618782,0.5208853047261406
Acute_All,Q9UKV8,AGO2,0.10882857048254913,0.4693086650467186,0.6423557941439296,0.8895957052454252
Acute_All,Q9UKX2,MYH2,0.41883858043621913,1.2107488726568025,0.2326012047716816,0.7285655433813577
Acute_All,Q9UKX3,MYH13,0.6777185875116469,2.0576540050353826,0.04652763317477431,0.42569369268952106
Acute_All,Q9UKY7,CDV3,0.3197127721273496,1.5782211397902053,0.12376878105579898,0.60210953700018
Acute_All,Q9UL25,RAB21,-0.029786598528211528,-0.11034080484844334,0.9126771618628795,0.9815715141013487
Acute_All,Q9UL41,PNMA3,-0.6008020166701193,-1.1410106216256468,0.2673298045727883,0.7409596387036235
Acute_All,Q9UL46,PSME2,0.25570187117185306,1.0742891237380474,0.28882323805960136,0.7524866670756926
Acute_All,Q9ULA0,DNPEP,-0.04129104881712564,-0.3788284102947913,0.7066784772835571,0.9178023377168191
Acute_All,Q9ULC4,MCTS1,-0.04283398431964436,-0.2847977369940046,0.7771655882416114,0.9317567846346099
Acute_All,Q9ULT8,HECTD1,0.1960571063385146,0.954900241599359,0.3499935189132398,0.7803040763123968
Acute_All,Q9ULX7,CA14,0.06529205171194974,0.16960491204002198,0.8671115794254438,0.9627845476657909
Acute_All,Q9UM00,TMCO1,-0.2882878288502191,-0.8525778637260014,0.40003504847704885,0.808425162233119
Acute_All,Q9UM22,EPDR1,-0.024693748126180637,-0.1386754907724778,0.8903690321873431,0.9699031568722914
Acute_All,Q9UM54,MYO6,-0.2548889565235388,-1.5693060451197829,0.1240768854201649,0.60210953700018
Acute_All,Q9UMR2,DDX19B,0.28671972381539135,0.5815730044091134,0.5651958828351431,0.8622254980644056
Acute_All,Q9UMS0,NFU1,-0.4580168031980918,-2.3136090608838487,0.026345537212899388,0.35946971588171567
Acute_All,Q9UMS6,SYNPO2,0.8196290331937739,2.6126397586510626,0.012410934029351768,0.32329749847652717
Acute_All,Q9UMX0,UBQLN1,-0.10510920479850405,-0.6678859808244683,0.5078581965288633,0.8361683090876763
Acute_All,Q9UN36,NDRG2,-0.08681834727642013,-0.7670062453831207,0.447266648637457,0.8230732983138985
Acute_All,Q9UN37,VPS4A,-0.1629525639353524,-1.0824623281789365,0.2853691625821555,0.7505928393967619
Acute_All,Q9UNE7,STUB1,0.18092845254983025,1.2016964767338685,0.23672366817285106,0.7285655433813577
Acute_All,Q9UNM6,PSMD13,-0.07237310345713688,-0.5294360521184216,0.599224513618754,0.8778512651501439
Acute_All,Q9UNS2,COPS3,-0.41644426273315105,-2.115523205097774,0.04279173223606889,0.41064219946587005
Acute_All,Q9UNZ2,NSFL1C,0.06352670686798234,0.7374261920796946,0.46486631857599303,0.8242079215924278
Acute_All,Q9UPR0,PLCL2,-0.39187371744109356,-1.0916112514869012,0.29114787305511863,0.7540708593426881
Acute_All,Q9UPY8,MAPRE3,-0.1446966410141357,-0.9726424735536696,0.3362967817753646,0.776499590142609
Acute_All,Q9UQ13,SHOC2,0.32106763595441645,1.2226616081601096,0.23284934902573098,0.7285655433813577
Acute_All,Q9UQ80,PA2G4,0.4074779651662652,3.2670895887559444,0.0021385847692711305,0.1746200955083123
Acute_All,Q9UQ90,SPG7,-0.21437663474998736,-0.9451685999390815,0.3529482039352746,0.7816470837151482
Acute_All,Q9UQM7,CAMK2A,-0.03470804754854662,-0.1756653864819563,0.8613810555204399,0.9627845476657909
Acute_All,Q9Y224,RTRAF,-0.06478415341998733,-0.2820420110835368,0.77944084593236,0.9317567846346099
Acute_All,Q9Y230,RUVBL2,0.11956560485563905,0.6189054116106297,0.5394857277682111,0.8545062238241012
Acute_All,Q9Y235,APOBEC2,-0.1270166148304952,-0.8022553671632413,0.42681476192976286,0.8198911290192875
Acute_All,Q9Y237,PIN4,-0.09079306578273894,-0.5052756223387336,0.6159441131147843,0.8806343641659434
Acute_All,Q9Y241,HIGD1A,-0.016788012298533772,-0.045453780431391526,0.9640926412843522,0.993500110544101
Acute_All,Q9Y262,EIF3L,0.11427997933642153,0.7424633687804384,0.46214228819128844,0.8242079215924278
Acute_All,Q9Y263,PLAA,-0.0893910522785859,-0.6240835543434257,0.535868164147154,0.8545062238241012
Acute_All,Q9Y265,RUVBL1,0.06752842592674213,0.4787084349687163,0.6348875573179957,0.8871419885738066
Acute_All,Q9Y266,NUDC,-0.027377600459448814,-0.19028964298093873,0.8500441037829023,0.9593646796299822
Acute_All,Q9Y276,BCS1L,0.022564616994186437,0.039875082762423006,0.968536502661031,0.9939407387964022
Acute_All,Q9Y277,VDAC3,-0.011618552414914163,-0.10152756115233541,0.9196033947490667,0.9843233876008831
Acute_All,Q9Y281,CFL2,-0.09178157619304983,-1.0557376174737443,0.2969808375038436,0.7592217116275717
Acute_All,Q9Y285,FARSA,0.43936885773569756,1.6615782918845496,0.10422206435523884,0.5695457810669547
Acute_All,Q9Y295,DRG1,0.3948560335172342,0.8598392901682121,0.39773021876229075,0.808425162233119
Acute_All,Q9Y2B0,CNPY2,-0.08357335234446772,-0.40281790863859235,0.6895306520783753,0.9114287773973834
Acute_All,Q9Y2H1,STK38L,-0.09303432829633529,-0.49708511204147304,0.6221495369764882,0.882474947463629
Acute_All,Q9Y2J8,PADI2,0.36094015211872765,2.4085549698546016,0.02037166367166885,0.3406075523608903
Acute_All,Q9Y2Q3,GSTK1,-0.25194571395882903,-1.9888581524774804,0.053100723146413675,0.425699853897522
Acute_All,Q9Y2Q5,LAMTOR2,-0.3321810286336415,-1.9439481271773085,0.06422232201813172,0.46567382528977364
Acute_All,Q9Y2Q9,MRPS28,0.16144749251686896,0.8039006601733657,0.4275718525462854,0.8198911290192875
Acute_All,Q9Y2R0,COA3,0.12870338107840773,0.590892684041724,0.5578341779071185,0.8614153011424767
Acute_All,Q9Y2R5,MRPS17,0.08490470507780046,0.40185893663312733,0.6899804592734591,0.9114287773973834
Acute_All,Q9Y2S7,POLDIP2,-0.29753145110740675,-0.9492934603509637,0.35005104734645354,0.7803040763123968
Acute_All,Q9Y2Z0,SUGT1,0.04091828445781864,0.09494518475803188,0.9253021693723718,0.9843432061306954
Acute_All,Q9Y2Z9,COQ6,-0.05410107723665014,-0.3950417660343536,0.6947639586066974,0.9131184125541093
Acute_All,Q9Y305,ACOT9,0.12651649698084277,0.7101320779618204,0.4814539536131346,0.8312140327403084
Acute_All,Q9Y316,MEMO1,0.1322195100892074,0.5138342116844625,0.6122647410298638,0.8806343641659434
Acute_All,Q9Y333,LSM2,0.7298288376529651,2.1946042650368316,0.03454213590753826,0.38384693038080975
Acute_All,Q9Y371,SH3GLB1,0.11962596477217424,0.7801871234260759,0.43965336480174533,0.8210145551209184
Acute_All,Q9Y376,CAB39,-0.04816528038996992,-0.39584345806188875,0.694176818813224,0.9131184125541093
Acute_All,Q9Y394,DHRS7,0.24235810535208024,1.7875962481231127,0.08088670682951007,0.5208853047261406
Acute_All,Q9Y3A3,MOB4,0.4378077521572461,2.542403014473542,0.015729463002362953,0.32722206561912764
Acute_All,Q9Y3A5,SBDS,-0.004853438716045488,-0.037945057183011846,0.9699070199314613,0.9947233738893944
Acute_All,Q9Y3A6,TMED5,0.12583897491122364,0.6024364784822118,0.5530369917160136,0.8602281224226745
Acute_All,Q9Y3C4,TPRKB,-0.775415281765369,-2.7333426666080753,0.015377506238829853,0.32722206561912764
Acute_All,Q9Y3C6,PPIL1,0.15648113879791303,0.9533785960287261,0.3457244383453957,0.7794363688027048
Acute_All,Q9Y3D2,MSRB2,0.06488089004417574,0.3628741150613275,0.7188798866538476,0.9185445934039375
Acute_All,Q9Y3D3,MRPS16,-0.10946375813657028,-0.35293841931646996,0.7278231097649642,0.9185445934039375
Acute_All,Q9Y3D6,FIS1,-0.08277427265133674,-0.3882447561119619,0.6997495102858893,0.9141391788906422
Acute_All,Q9Y3D9,MRPS23,-0.09146774316657158,-0.49776690694653236,0.6214419850612326,0.8821694694497318
Acute_All,Q9Y3F4,STRAP,0.08284908525111945,0.692900525176565,0.49209566714033204,0.8347508305336617
Acute_All,Q9Y3I0,RTCB,0.07082261754628938,0.6406785799063316,0.525129626119601,0.8494344856611633
Acute_All,Q9Y3I1,FBXO7,NA,NA,NA,NA
Acute_All,Q9Y3U8,RPL36,0.15910292883147292,0.5878970760122301,0.5635164452250063,0.8622254980644056
Acute_All,Q9Y450,HBS1L,-0.22587933909856694,-1.7852746732279063,0.08143585754782443,0.5208853047261406
Acute_All,Q9Y490,TLN1,0.30848072296013385,1.9814275690152339,0.053957032297299735,0.425699853897522
Acute_All,Q9Y4E8,USP15,-0.08227247819378114,-0.5051468895244169,0.6162262336035793,0.8806343641659434
Acute_All,Q9Y4G6,TLN2,0.06659054941146003,0.3377741705095409,0.7378084692988858,0.9185445934039375
Acute_All,Q9Y4J8,DTNA,-0.17328651007691498,-1.1700290156644517,0.24890980755859213,0.7314031557020961
Acute_All,Q9Y4L1,HYOU1,0.3631329533473995,2.1475797659247817,0.04054036049167836,0.405901755169938
Acute_All,Q9Y4W6,AFG3L2,-0.17035060654115242,-1.5933352869609148,0.11840649339225848,0.5945652261782391
Acute_All,Q9Y4Z0,LSM4,-0.3763385858221451,-1.201168686106285,0.24050507328931564,0.7290752417115534
Acute_All,Q9Y508,RNF114,-0.2685532917825917,-1.1257028002495628,0.26716734984994556,0.7409596387036235
Acute_All,Q9Y512,SAMM50,-0.15578402723247464,-1.0803423736274202,0.2860089784912283,0.7512235826664709
Acute_All,Q9Y570,PPME1,0.0070439763230822905,0.03074837995431045,0.9756193235696566,0.9959749905213346
Acute_All,Q9Y5J7,TIMM9,-0.08501559237648593,-0.3633746782624585,0.7183917586276847,0.9185445934039375
Acute_All,Q9Y5K5,UCHL5,-0.055357111090932776,-0.26761423159179554,0.791280641030095,0.9366142176487453
Acute_All,Q9Y5L0,TNPO3,0.14400660995704762,0.45042346096603425,0.6557520876115573,0.8943453799826895
Acute_All,Q9Y5L4,TIMM13,-0.3139136069645154,-1.1730643843091801,0.24722405912800316,0.7314031557020961
Acute_All,Q9Y5M8,SRPRB,0.2980448946153569,2.0058440418776797,0.05133899807441558,0.425699853897522
Acute_All,Q9Y5P6,GMPPB,-0.3316872354771343,-1.393185854502439,0.17491933923190764,0.6793230548685196
Acute_All,Q9Y5U8,MPC1,-0.856662392747026,-1.2065786876188838,0.2440963223531703,0.7314031557020961
Acute_All,Q9Y5X3,SNX5,-0.0073659106918313455,-0.05286450918389599,0.958149055046168,0.9929382481042752
Acute_All,Q9Y5Y2,NUBP2,1.2557690230654055,2.776098449042549,0.013476866920735416,0.32722206561912764
Acute_All,Q9Y5Z4,HEBP2,-0.04715664430696087,-0.415957682195333,0.6795086488087114,0.9108617005444397
Acute_All,Q9Y613,FHOD1,-0.2531403513444186,-2.403285389771927,0.0206313818964054,0.3406075523608903
Acute_All,Q9Y623,MYH4,0.20940292612093359,0.4506305121143126,0.6550334446682292,0.8943453799826895
Acute_All,Q9Y676,MRPS18B,-0.0191439992693212,-0.06464211404307017,0.9488737160150175,0.9899915770423348
Acute_All,Q9Y696,CLIC4,-0.07010520912711726,-0.3271858976875971,0.7451139955673322,0.9187494620963619
Acute_All,Q9Y6A9,SPCS1,-0.009578107918654766,-0.044124866272960944,0.9650788837580283,0.993500110544101
Acute_All,Q9Y6B6,SAR1B,-0.30017542445781054,-1.2534293435259345,0.21681863334448542,0.7091321782628582
Acute_All,Q9Y6C9,MTCH2,-0.04828753565114319,-0.33613819549568297,0.738400639511265,0.9185445934039375
Acute_All,Q9Y6E2,BZW2,-0.21888655440707971,-1.61102565409504,0.11448762505141111,0.5874528957556012
Acute_All,Q9Y6G9,DYNC1LI1,0.28962360557508227,1.8010370695815192,0.08007373303320961,0.52065402837875
Acute_All,Q9Y6H1,CHCHD2,-0.17886739996447965,-0.7984641000987714,0.42919975938427424,0.8198911290192875
Acute_All,Q9Y6M9,NDUFB9,-0.14718627047594524,-0.8644031763130149,0.3921606090739618,0.808425162233119
Acute_All,Q9Y6N5,SQOR,0.10484508808841397,0.6315090512754927,0.5320552961553309,0.8532876568571404
Acute_All,Q9Y6P5,SESN1,-0.5483372375187496,-2.983569554704377,0.005414920700546246,0.2364935133866477
